symbol,date,open,high,low,close,adjusted_close,volume
XLF,1998-12-22,19.052091598510742,19.052091598510742,18.8490047454834,18.937854766845703,11.124484062194824,55887
XLF,1998-12-23,18.861698150634766,19.217100143432617,18.861698150634766,19.217100143432617,11.2885160446167,78784
XLF,1998-12-24,19.217100143432617,19.34402847290039,19.153635025024414,19.34402847290039,11.363080978393555,43824
XLF,1998-12-28,19.331335067749023,19.331335067749023,19.039398193359375,19.090171813964844,11.213959693908691,51948
XLF,1998-12-29,19.115556716918945,19.293258666992188,18.887083053588867,19.293258666992188,11.333261489868164,100819
XLF,1998-12-30,19.191713333129883,19.31864356994629,19.090171813964844,19.217100143432617,11.2885160446167,154614
XLF,1998-12-31,19.217100143432617,19.24248504638672,19.039398193359375,19.039398193359375,11.184134483337402,65366
XLF,1999-01-04,18.81092643737793,19.356721878051758,18.81092643737793,19.039398193359375,11.184134483337402,250632
XLF,1999-01-05,18.963241577148438,19.24248504638672,18.963241577148438,19.217100143432617,11.2885160446167,47763
XLF,1999-01-06,19.57250213623047,19.851747512817383,19.445573806762695,19.82636070251465,11.646406173706055,129871
XLF,1999-01-07,19.623273849487305,20.130990982055664,19.57250213623047,20.130990982055664,11.825356483459473,89986
XLF,1999-01-08,20.359464645385742,20.359464645385742,20.04214096069336,20.257919311523438,11.899920463562012,173694
XLF,1999-01-11,20.283306121826172,20.283306121826172,19.762895584106445,19.953290939331055,11.72097396850586,62904
XLF,1999-01-12,19.851747512817383,19.851747512817383,19.394800186157227,19.394800186157227,11.39291000366211,117437
XLF,1999-01-13,18.455524444580078,19.394800186157227,18.455524444580078,19.140941619873047,11.243783950805664,359206
XLF,1999-01-14,19.090171813964844,19.229793548583984,18.48090934753418,18.658611297607422,10.96045207977295,59950
XLF,1999-01-15,18.9124698638916,19.191713333129883,18.823619842529297,19.191713333129883,11.273611068725586,96757
XLF,1999-01-19,19.4963436126709,19.4963436126709,18.83631134033203,19.090171813964844,11.213959693908691,54903
XLF,1999-01-20,19.293258666992188,19.534423828125,19.115556716918945,19.229793548583984,11.295974731445312,76445
XLF,1999-01-21,19.06478500366211,19.153635025024414,18.83631134033203,18.887083053588867,11.094660758972168,438482
XLF,1999-01-22,18.785539627075195,18.887083053588867,18.658611297607422,18.760154724121094,11.020096778869629,109928
XLF,1999-01-25,18.861698150634766,18.937854766845703,18.633224487304688,18.9124698638916,11.109576225280762,169632
XLF,1999-01-26,18.98862648010254,19.02670669555664,18.785539627075195,18.925161361694336,11.117024421691895,118053
XLF,1999-01-27,19.039398193359375,19.039398193359375,18.683996200561523,18.683996200561523,10.975360870361328,56872
XLF,1999-01-28,18.633224487304688,18.98862648010254,18.633224487304688,18.963241577148438,11.139398574829102,47270
XLF,1999-01-29,19.077478408813477,19.394800186157227,18.81092643737793,19.369415283203125,11.377988815307617,72998
XLF,1999-02-01,19.445573806762695,19.445573806762695,19.039398193359375,19.039398193359375,11.184134483337402,59827
XLF,1999-02-02,18.887083053588867,18.98862648010254,18.645917892456055,18.83631134033203,11.064835548400879,107220
XLF,1999-02-03,18.73476791381836,19.115556716918945,18.59514617919922,18.975933074951172,11.146848678588867,69675
XLF,1999-02-04,18.83631134033203,18.937854766845703,18.531681060791016,18.531681060791016,10.88589096069336,48625
XLF,1999-02-05,18.493602752685547,18.58245277404785,18.252437591552734,18.379365921020508,10.796420097351074,103035
XLF,1999-02-08,18.506296157836914,18.531681060791016,18.2016658782959,18.328594207763672,10.766592025756836,137749
XLF,1999-02-09,18.328594207763672,18.379365921020508,17.94780731201172,18.074735641479492,10.617469787597656,264050
XLF,1999-02-10,18.125507354736328,18.22705078125,17.922420501708984,18.22705078125,10.70694351196289,31883
XLF,1999-02-11,18.30320930480957,18.98862648010254,18.30320930480957,18.963241577148438,11.139398574829102,81000
XLF,1999-02-12,18.861698150634766,18.963241577148438,18.48090934753418,18.683996200561523,10.975360870361328,106974
XLF,1999-02-16,18.874391555786133,19.090171813964844,18.83631134033203,18.963241577148438,11.139398574829102,463102
XLF,1999-02-17,19.039398193359375,19.42018699645996,18.861698150634766,19.039398193359375,11.184134483337402,501140
XLF,1999-02-18,19.140941619873047,19.34402847290039,18.98862648010254,19.229793548583984,11.295974731445312,69428
XLF,1999-02-19,19.369415283203125,19.64866065979004,19.255178451538086,19.293258666992188,11.333261489868164,76322
XLF,1999-02-22,19.445573806762695,19.991369247436523,19.445573806762695,19.851747512817383,11.661320686340332,89617
XLF,1999-02-23,19.991369247436523,20.1817626953125,19.82636070251465,20.10560417175293,11.810444831848145,121623
XLF,1999-02-24,20.1817626953125,20.207149505615234,19.369415283203125,19.445573806762695,11.422725677490234,251986
XLF,1999-02-25,19.16632843017578,19.42018699645996,18.9124698638916,19.31864356994629,11.348169326782227,173448
XLF,1999-02-26,19.31864356994629,19.724817276000977,19.229793548583984,19.67404556274414,11.556937217712402,116822
XLF,1999-03-01,19.597888946533203,19.88982582092285,19.521730422973633,19.750202178955078,11.601677894592285,211486
XLF,1999-03-02,19.902517318725586,20.080219268798828,19.67404556274414,19.800975799560547,11.631501197814941,91463
XLF,1999-03-03,19.902517318725586,19.92790412902832,19.509037017822266,19.610580444335938,11.519657135009766,57365
XLF,1999-03-04,19.67404556274414,20.10560417175293,19.67404556274414,20.054832458496094,11.780621528625488,50348
XLF,1999-03-05,20.816408157348633,20.816408157348633,20.283306121826172,20.562551498413086,12.07886791229248,498432
XLF,1999-03-08,20.562551498413086,20.613323211669922,20.32138442993164,20.422929763793945,11.996847152709961,133564
XLF,1999-03-09,20.46100616455078,20.778331756591797,20.308692932128906,20.587936401367188,12.09377670288086,105374
XLF,1999-03-10,20.778331756591797,20.98141860961914,20.613323211669922,20.968725204467773,12.317459106445312,91217
XLF,1999-03-11,21.01949691772461,21.29874038696289,20.8671817779541,21.070268630981445,12.377105712890625,210993
XLF,1999-03-12,21.146425247192383,21.27335548400879,20.94333839416504,21.108346939086914,12.399469375610352,183911
XLF,1999-03-15,21.12104034423828,21.27335548400879,20.994110107421875,21.171812057495117,12.436760902404785,82969
XLF,1999-03-16,21.37489891052246,21.37489891052246,20.8671817779541,20.8671817779541,12.257814407348633,188466
XLF,1999-03-17,20.76563835144043,20.76563835144043,20.486392974853516,20.68947982788086,12.153426170349121,161261
XLF,1999-03-18,20.53716468811035,21.171812057495117,20.53716468811035,21.171812057495117,12.436760902404785,199422
XLF,1999-03-19,21.171812057495117,21.171812057495117,20.68947982788086,20.714866638183594,12.20064926147461,244723
XLF,1999-03-22,20.664094924926758,20.841794967651367,20.587936401367188,20.76563835144043,12.230545043945312,427280
XLF,1999-03-23,20.486392974853516,20.562551498413086,20.00406265258789,20.054832458496094,11.81190013885498,288793
XLF,1999-03-24,20.10560417175293,20.207149505615234,19.902517318725586,20.00406265258789,11.781990051269531,144396
XLF,1999-03-25,20.714866638183594,20.714866638183594,20.257919311523438,20.46100616455078,12.05112361907959,77184
XLF,1999-03-26,20.32138442993164,20.46100616455078,20.194456100463867,20.283306121826172,11.946460723876953,65120
XLF,1999-03-29,20.587936401367188,20.816408157348633,20.53716468811035,20.740251541137695,12.215587615966797,75583
XLF,1999-03-30,20.587936401367188,20.638708114624023,20.39754295349121,20.499086380004883,12.07354736328125,141565
XLF,1999-03-31,20.51177978515625,20.664094924926758,20.1817626953125,20.257919311523438,11.931503295898438,112637
XLF,1999-04-01,20.207149505615234,20.334077835083008,20.10560417175293,20.308692932128906,11.96141242980957,52933
XLF,1999-04-05,20.587936401367188,20.79102325439453,20.43562126159668,20.714866638183594,12.20064926147461,92941
XLF,1999-04-06,20.664094924926758,20.90526008605957,20.486392974853516,20.562551498413086,12.110930442810059,142427
XLF,1999-04-07,20.752944946289062,21.222583770751953,20.740251541137695,21.12104034423828,12.439866065979004,324738
XLF,1999-04-08,21.324127197265625,21.552600860595703,21.27335548400879,21.501827239990234,12.664146423339844,194498
XLF,1999-04-09,21.425670623779297,21.577985763549805,21.222583770751953,21.4510555267334,12.634244918823242,151167
XLF,1999-04-12,21.324127197265625,21.857229232788086,21.29874038696289,21.831844329833984,12.8585205078125,193759
XLF,1999-04-13,22.085702896118164,22.085702896118164,21.755685806274414,21.80645751953125,12.843560218811035,209516
XLF,1999-04-14,21.933387756347656,22.1110897064209,21.52721405029297,21.52721405029297,12.679095268249512,160646
XLF,1999-04-15,21.654142379760742,22.441104888916016,21.19719696044922,21.324127197265625,12.559480667114258,124577
XLF,1999-04-16,21.425670623779297,21.425670623779297,21.04488182067871,21.222583770751953,12.499672889709473,125070
XLF,1999-04-19,21.616064071655273,21.958772659301758,21.222583770751953,21.222583770751953,12.499672889709473,149443
XLF,1999-04-20,21.349512100219727,22.238018035888672,21.324127197265625,21.501827239990234,12.664146423339844,67213
XLF,1999-04-21,21.52721405029297,21.831844329833984,21.501827239990234,21.831844329833984,12.8585205078125,85185
XLF,1999-04-22,21.78107261657715,22.06031608581543,21.78107261657715,22.06031608581543,12.993080139160156,74476
XLF,1999-04-23,22.187246322631836,22.187246322631836,21.831844329833984,21.984159469604492,12.948226928710938,159045
XLF,1999-04-26,22.009544372558594,22.009544372558594,21.552600860595703,21.654142379760742,12.753854751586914,184404
XLF,1999-04-27,21.84453773498535,22.123781204223633,21.654142379760742,22.034931182861328,12.978128433227539,72998
XLF,1999-04-28,22.06031608581543,22.1618595123291,21.78107261657715,21.908002853393555,12.90337085723877,189328
XLF,1999-04-29,21.908002853393555,22.238018035888672,21.88261604309082,21.984159469604492,12.948226928710938,104512
XLF,1999-04-30,21.984159469604492,22.085702896118164,21.29874038696289,21.679529190063477,12.768802642822266,417801
XLF,1999-05-03,21.603370666503906,21.933387756347656,21.501827239990234,21.933387756347656,12.918327331542969,257895
XLF,1999-05-04,21.78107261657715,21.88261604309082,21.247968673706055,21.247968673706055,12.514630317687988,368685
XLF,1999-05-05,21.27335548400879,21.425670623779297,20.968725204467773,21.37489891052246,12.589387893676758,267373
XLF,1999-05-06,21.146425247192383,21.349512100219727,20.917953491210938,21.01949691772461,12.380061149597168,211486
XLF,1999-05-07,21.29874038696289,21.552600860595703,21.247968673706055,21.425670623779297,12.619285583496094,787963
XLF,1999-05-10,21.577985763549805,21.654142379760742,21.29874038696289,21.349512100219727,12.574422836303711,53918
XLF,1999-05-11,21.52721405029297,21.88261604309082,21.501827239990234,21.603370666503906,12.723952293395996,70536
XLF,1999-05-12,21.552600860595703,21.933387756347656,21.29874038696289,21.908002853393555,12.90337085723877,51087
XLF,1999-05-13,21.933387756347656,22.1618595123291,21.92069435119629,22.1110897064209,13.022981643676758,61181
XLF,1999-05-14,21.577985763549805,21.704914093017578,21.171812057495117,21.425670623779297,12.619285583496094,197083
XLF,1999-05-17,21.12104034423828,21.247968673706055,20.79102325439453,21.01949691772461,12.380061149597168,235613
XLF,1999-05-18,21.171812057495117,21.349512100219727,20.740251541137695,21.070268630981445,12.409963607788086,166062
XLF,1999-05-19,21.12104034423828,21.222583770751953,20.94333839416504,21.222583770751953,12.499672889709473,85924
XLF,1999-05-20,21.19719696044922,21.349512100219727,20.94333839416504,20.94333839416504,12.335199356079102,180465
XLF,1999-05-21,20.892566680908203,21.01949691772461,20.727558135986328,20.892566680908203,12.30530071258545,95772
XLF,1999-05-24,20.587936401367188,20.68947982788086,20.207149505615234,20.43562126159668,12.03616714477539,534870
XLF,1999-05-25,20.308692932128906,20.43562126159668,19.902517318725586,19.902517318725586,11.72218132019043,105497
XLF,1999-05-26,20.00406265258789,20.54985809326172,19.800975799560547,20.54985809326172,12.103456497192383,236106
XLF,1999-05-27,20.372156143188477,20.372156143188477,19.96598243713379,20.054832458496094,11.81190013885498,53549
XLF,1999-05-28,20.207149505615234,20.43562126159668,20.06752586364746,20.372156143188477,11.998788833618164,47394
XLF,1999-06-01,20.257919311523438,20.359464645385742,19.851747512817383,20.080219268798828,11.826841354370117,256417
XLF,1999-06-02,19.978675842285156,20.10560417175293,19.623273849487305,19.953290939331055,11.752084732055664,126178
XLF,1999-06-03,20.207149505615234,20.207149505615234,19.877132415771484,19.940597534179688,11.744609832763672,87155
XLF,1999-06-04,20.1817626953125,20.384849548339844,20.054832458496094,20.308692932128906,11.96141242980957,91340
XLF,1999-06-07,20.43562126159668,20.714866638183594,20.359464645385742,20.68947982788086,12.185687065124512,60319
XLF,1999-06-08,20.638708114624023,20.638708114624023,20.32138442993164,20.32138442993164,11.968883514404297,233767
XLF,1999-06-09,20.384849548339844,20.575244903564453,20.194456100463867,20.270612716674805,11.93897533416748,41977
XLF,1999-06-10,20.029447555541992,20.029447555541992,19.750202178955078,19.88982582092285,11.714707374572754,121623
XLF,1999-06-11,19.92790412902832,20.207149505615234,19.775588989257812,19.92790412902832,11.73713493347168,100942
XLF,1999-06-14,20.00406265258789,20.00406265258789,19.750202178955078,19.82636070251465,11.677325248718262,35207
XLF,1999-06-15,19.953290939331055,20.080219268798828,19.851747512817383,19.92790412902832,11.73713493347168,152890
XLF,1999-06-16,20.410236358642578,20.626014709472656,20.384849548339844,20.448314666748047,12.0436429977417,228966
XLF,1999-06-17,20.53716468811035,20.917953491210938,20.410236358642578,20.841794967651367,12.275394439697266,192898
XLF,1999-06-18,20.664094924926758,20.8671817779541,20.65140151977539,20.816408157348633,12.294472694396973,66351
XLF,1999-06-21,20.892566680908203,20.968725204467773,20.714866638183594,20.94333839416504,12.369431495666504,157568
XLF,1999-06-22,20.917953491210938,20.94333839416504,20.714866638183594,20.714866638183594,12.234506607055664,89001
XLF,1999-06-23,20.714866638183594,20.714866638183594,20.308692932128906,20.51177978515625,12.11455249786377,49117
XLF,1999-06-24,20.43562126159668,20.43562126159668,19.940597534179688,20.1817626953125,11.91963005065918,68444
XLF,1999-06-25,20.308692932128906,20.359464645385742,20.1817626953125,20.232534408569336,11.949623107910156,95156
XLF,1999-06-28,20.372156143188477,20.76563835144043,20.372156143188477,20.702173233032227,12.227002143859863,72014
XLF,1999-06-29,20.638708114624023,20.8671817779541,20.51177978515625,20.76563835144043,12.264485359191895,60319
XLF,1999-06-30,20.8671817779541,21.37489891052246,20.51177978515625,21.19719696044922,12.519370079040527,187481
XLF,1999-07-01,21.247968673706055,21.425670623779297,20.917953491210938,21.425670623779297,12.654305458068848,259618
XLF,1999-07-02,21.324127197265625,21.62875747680664,21.324127197265625,21.425670623779297,12.654305458068848,83708
XLF,1999-07-06,21.400283813476562,21.80645751953125,21.400283813476562,21.603370666503906,12.759262084960938,175910
XLF,1999-07-07,21.425670623779297,21.62875747680664,21.400283813476562,21.52721405029297,12.71428108215332,97988
XLF,1999-07-08,21.37489891052246,21.654142379760742,21.29874038696289,21.4510555267334,12.669306755065918,57857
XLF,1999-07-09,21.43836212158203,21.577985763549805,21.349512100219727,21.476442337036133,12.684289932250977,84324
XLF,1999-07-12,21.476442337036133,21.552600860595703,21.29874038696289,21.29874038696289,12.579333305358887,91463
XLF,1999-07-13,21.12104034423828,21.19719696044922,21.01949691772461,21.070268630981445,12.444402694702148,41731
XLF,1999-07-14,21.29874038696289,21.29874038696289,20.994110107421875,21.12104034423828,12.474387168884277,567245
XLF,1999-07-15,21.324127197265625,21.362205505371094,21.19719696044922,21.311433792114258,12.58683967590332,171971
XLF,1999-07-16,21.29874038696289,21.501827239990234,21.12104034423828,21.425670623779297,12.654305458068848,24497
XLF,1999-07-19,21.52721405029297,21.552600860595703,21.247968673706055,21.27335548400879,12.564346313476562,152767
XLF,1999-07-20,21.19719696044922,21.349512100219727,20.94333839416504,21.006803512573242,12.4069185256958,56503
XLF,1999-07-21,20.994110107421875,21.095653533935547,20.664094924926758,20.76563835144043,12.264485359191895,59457
XLF,1999-07-22,20.68947982788086,21.04488182067871,20.638708114624023,20.79102325439453,12.279475212097168,79523
XLF,1999-07-23,20.892566680908203,20.892566680908203,20.359464645385742,20.562551498413086,12.144537925720215,99219
XLF,1999-07-26,20.359464645385742,20.76563835144043,20.359464645385742,20.638708114624023,12.189513206481934,140457
XLF,1999-07-27,20.8671817779541,20.994110107421875,20.714866638183594,20.917953491210938,12.354442596435547,77184
XLF,1999-07-28,20.76563835144043,20.917953491210938,20.638708114624023,20.664094924926758,12.204513549804688,43208
XLF,1999-07-29,20.384849548339844,20.486392974853516,20.207149505615234,20.359464645385742,12.02458667755127,154367
XLF,1999-07-30,20.257919311523438,20.359464645385742,19.877132415771484,19.902517318725586,11.75471019744873,353913
XLF,1999-08-02,20.00406265258789,20.232534408569336,19.750202178955078,19.800975799560547,11.694744110107422,236721
XLF,1999-08-03,19.851747512817383,19.92790412902832,19.445573806762695,19.547115325927734,11.54480266571045,570815
XLF,1999-08-04,19.547115325927734,19.800975799560547,19.24248504638672,19.293258666992188,11.394877433776855,177756
XLF,1999-08-05,19.191713333129883,19.394800186157227,18.899776458740234,19.369415283203125,11.439854621887207,176402
XLF,1999-08-06,19.191713333129883,19.28056526184082,18.709383010864258,18.861698150634766,11.139988899230957,182804
XLF,1999-08-09,18.823619842529297,19.115556716918945,18.823619842529297,18.9124698638916,11.169974327087402,240291
XLF,1999-08-10,18.9124698638916,18.9124698638916,18.404752731323242,18.58245277404785,10.975062370300293,210501
XLF,1999-08-11,18.861698150634766,19.039398193359375,18.709383010864258,18.937854766845703,11.184965133666992,347881
XLF,1999-08-12,19.090171813964844,19.28056526184082,18.963241577148438,19.02670669555664,11.237445831298828,162123
XLF,1999-08-13,19.42018699645996,19.699430465698242,19.356721878051758,19.64866065979004,11.604777336120605,195237
XLF,1999-08-16,19.623273849487305,19.67404556274414,19.470958709716797,19.57250213623047,11.559804916381836,94664
XLF,1999-08-17,19.978675842285156,20.283306121826172,19.978675842285156,20.283306121826172,11.979613304138184,181573
XLF,1999-08-18,20.130990982055664,20.194456100463867,19.915210723876953,20.06752586364746,11.852164268493652,199668
XLF,1999-08-19,19.800975799560547,20.00406265258789,19.762895584106445,19.800975799560547,11.694744110107422,42839
XLF,1999-08-20,19.877132415771484,20.10560417175293,19.762895584106445,20.080219268798828,11.859662055969238,52441
XLF,1999-08-23,20.308692932128906,20.613323211669922,20.308692932128906,20.613323211669922,12.174519538879395,104881
XLF,1999-08-24,20.562551498413086,20.956031799316406,20.43562126159668,20.664094924926758,12.204513549804688,254694
XLF,1999-08-25,20.130990982055664,20.51177978515625,20.00406265258789,20.499086380004883,12.107050895690918,301226
XLF,1999-08-26,20.575244903564453,20.575244903564453,20.029447555541992,20.029447555541992,11.829679489135742,313782
XLF,1999-08-27,20.00406265258789,20.14368438720703,19.699430465698242,19.699430465698242,11.634764671325684,281653
XLF,1999-08-30,19.737510681152344,19.775588989257812,18.95054817199707,19.052091598510742,11.252437591552734,192898
XLF,1999-08-31,19.090171813964844,19.267871856689453,18.83631134033203,19.02670669555664,11.237445831298828,336309
XLF,1999-09-01,19.115556716918945,19.115556716918945,18.874391555786133,19.115556716918945,11.289918899536133,161507
XLF,1999-09-02,18.747461318969727,18.899776458740234,18.658611297607422,18.747461318969727,11.072519302368164,510373
XLF,1999-09-03,19.45826530456543,19.699430465698242,19.356721878051758,19.699430465698242,11.634764671325684,523298
XLF,1999-09-07,19.610580444335938,19.610580444335938,19.16632843017578,19.16632843017578,11.319905281066895,63150
XLF,1999-09-08,18.975933074951172,19.293258666992188,18.9124698638916,19.039398193359375,11.244942665100098,629903
XLF,1999-09-09,18.98862648010254,18.98862648010254,18.58245277404785,18.81092643737793,11.10999870300293,92571
XLF,1999-09-10,18.963241577148438,19.090171813964844,18.798233032226562,18.95054817199707,11.192462921142578,162369
XLF,1999-09-13,18.9124698638916,18.925161361694336,18.73476791381836,18.772846221923828,11.087509155273438,65982
XLF,1999-09-14,18.544374465942383,18.55706787109375,18.328594207763672,18.430137634277344,10.885100364685059,357236
XLF,1999-09-15,18.709383010864258,18.73476791381836,18.277822494506836,18.34128761291504,10.832625389099121,422479
XLF,1999-09-16,18.417444229125977,18.430137634277344,18.074735641479492,18.277822494506836,10.795145034790039,270205
XLF,1999-09-17,18.44283103942871,18.633224487304688,18.34128761291504,18.607839584350586,11.026817321777344,501386
XLF,1999-09-20,18.506296157836914,18.506296157836914,18.353981018066406,18.392059326171875,10.898942947387695,149813
XLF,1999-09-21,18.16358757019043,18.30320930480957,18.01127052307129,18.100122451782227,10.725946426391602,413616
XLF,1999-09-22,18.074735641479492,18.176279067993164,17.808183670043945,18.08742904663086,10.718421936035156,179849
XLF,1999-09-23,18.125507354736328,18.30320930480957,17.808183670043945,17.94780731201172,10.635686874389648,265773
XLF,1999-09-24,17.846263885498047,18.100122451782227,17.782798767089844,18.074735641479492,10.710898399353027,197822
XLF,1999-09-27,18.150894165039062,18.22705078125,17.706640243530273,17.770105361938477,10.530374526977539,713365
XLF,1999-09-28,17.770105361938477,17.87164878845215,17.46547508239746,17.744720458984375,10.515336990356445,413247
XLF,1999-09-29,17.757413864135742,17.846263885498047,17.6050968170166,17.61779022216797,10.440116882324219,140703
XLF,1999-09-30,17.592405319213867,18.08742904663086,17.592405319213867,17.97319221496582,10.650726318359375,724936
XLF,1999-10-01,17.83357048034668,17.83357048034668,17.414703369140625,17.668561935424805,10.470207214355469,98234
XLF,1999-10-04,17.884342193603516,18.34128761291504,17.87164878845215,18.34128761291504,10.868858337402344,496832
XLF,1999-10-05,18.404752731323242,18.785539627075195,18.023963928222656,18.417444229125977,10.913981437683105,588664
XLF,1999-10-06,18.607839584350586,18.83631134033203,18.607839584350586,18.73476791381836,11.10202693939209,392566
XLF,1999-10-07,18.83631134033203,18.925161361694336,18.55706787109375,18.55706787109375,10.996726036071777,86047
XLF,1999-10-08,18.353981018066406,18.963241577148438,18.34128761291504,18.887083053588867,11.192291259765625,404014
XLF,1999-10-11,18.823619842529297,18.887083053588867,18.633224487304688,18.683996200561523,11.071942329406738,191051
XLF,1999-10-12,18.658611297607422,18.658611297607422,18.328594207763672,18.328594207763672,10.861333847045898,427157
XLF,1999-10-13,18.2016658782959,18.430137634277344,17.668561935424805,17.782798767089844,10.5379056930542,170740
XLF,1999-10-14,17.64317512512207,17.85895538330078,17.351238250732422,17.757413864135742,10.522857666015625,459409
XLF,1999-10-15,17.07199478149414,17.427396774291992,16.9577579498291,16.9577579498291,10.048994064331055,466426
XLF,1999-10-18,17.084686279296875,17.50355339050293,17.059301376342773,17.50355339050293,10.372418403625488,207916
XLF,1999-10-19,17.93511390686035,18.214357376098633,17.820877075195312,17.87164878845215,10.590555191040039,313782
XLF,1999-10-20,18.150894165039062,18.22705078125,17.909727096557617,18.18897247314453,10.778593063354492,326461
XLF,1999-10-21,17.897035598754883,18.277822494506836,17.897035598754883,18.277822494506836,10.831250190734863,255679
XLF,1999-10-22,18.683996200561523,19.191713333129883,18.58245277404785,19.039398193359375,11.282552719116211,1053736
XLF,1999-10-25,18.887083053588867,18.937854766845703,18.633224487304688,18.874391555786133,11.184768676757812,1728940
XLF,1999-10-26,18.798233032226562,19.02670669555664,18.58245277404785,18.58245277404785,11.01176929473877,577955
XLF,1999-10-27,18.8490047454834,19.57250213623047,18.798233032226562,19.4963436126709,11.553329467773438,332001
XLF,1999-10-28,20.10560417175293,20.879873275756836,20.10560417175293,20.879873275756836,12.373200416564941,2517887
XLF,1999-10-29,21.070268630981445,21.247968673706055,20.664094924926758,20.76563835144043,12.305506706237793,1159356
XLF,1999-11-01,20.714866638183594,20.854488372802734,20.46100616455078,20.51177978515625,12.155068397521973,460517
XLF,1999-11-02,20.46100616455078,20.917953491210938,20.422929763793945,20.486392974853516,12.140024185180664,527484
XLF,1999-11-03,20.51177978515625,20.638708114624023,20.334077835083008,20.39754295349121,12.087373733520508,64012
XLF,1999-11-04,20.76563835144043,20.879873275756836,20.575244903564453,20.638708114624023,12.230280876159668,676065
XLF,1999-11-05,21.19719696044922,21.425670623779297,21.04488182067871,21.146425247192383,12.531150817871094,409431
XLF,1999-11-08,21.095653533935547,21.12104034423828,20.917953491210938,21.032188415527344,12.463457107543945,718042
XLF,1999-11-09,21.12104034423828,21.12104034423828,20.51177978515625,20.626014709472656,12.222766876220703,137749
XLF,1999-11-10,20.372156143188477,20.575244903564453,20.270612716674805,20.308692932128906,12.034723281860352,110913
XLF,1999-11-11,20.130990982055664,20.283306121826172,20.016754150390625,20.194456100463867,11.967029571533203,214071
XLF,1999-11-12,20.638708114624023,21.095653533935547,20.080219268798828,21.070268630981445,12.486027717590332,640859
XLF,1999-11-15,21.01949691772461,21.12104034423828,20.90526008605957,21.057575225830078,12.478504180908203,179972
XLF,1999-11-16,21.209890365600586,21.755685806274414,21.18450355529785,21.62875747680664,12.816974639892578,632611
XLF,1999-11-17,21.476442337036133,21.539907455444336,21.070268630981445,21.171812057495117,12.546195030212402,422849
XLF,1999-11-18,21.286048889160156,21.286048889160156,20.841794967651367,21.108346939086914,12.508590698242188,197576
XLF,1999-11-19,21.108346939086914,21.12104034423828,20.76563835144043,20.79102325439453,12.320545196533203,240045
XLF,1999-11-22,20.714866638183594,20.714866638183594,20.53716468811035,20.714866638183594,12.275422096252441,216656
XLF,1999-11-23,20.562551498413086,20.562551498413086,20.1563777923584,20.384849548339844,12.079856872558594,211978
XLF,1999-11-24,20.1563777923584,20.207149505615234,20.016754150390625,20.14368438720703,11.936941146850586,127778
XLF,1999-11-26,20.283306121826172,20.283306121826172,20.00406265258789,20.00406265258789,11.85419750213623,90848
XLF,1999-11-29,19.724817276000977,19.750202178955078,19.521730422973633,19.521730422973633,11.568379402160645,956733
XLF,1999-11-30,19.521730422973633,20.10560417175293,19.521730422973633,19.851747512817383,11.763940811157227,141934
XLF,1999-12-01,19.64866065979004,19.953290939331055,19.64866065979004,19.699430465698242,11.673677444458008,634950
XLF,1999-12-02,19.88982582092285,19.953290939331055,19.597888946533203,19.78828239440918,11.726330757141113,122238
XLF,1999-12-03,20.334077835083008,20.638708114624023,20.257919311523438,20.257919311523438,12.004630088806152,1471414
XLF,1999-12-06,20.1563777923584,20.1563777923584,19.623273849487305,19.71212387084961,11.681199073791504,283746
XLF,1999-12-07,19.64866065979004,19.67404556274414,19.445573806762695,19.67404556274414,11.658632278442383,1270884
XLF,1999-12-08,19.623273849487305,19.623273849487305,19.20440673828125,19.20440673828125,11.38033390045166,732322
XLF,1999-12-09,19.42018699645996,19.521730422973633,19.17902183532715,19.483652114868164,11.54581356048584,143658
XLF,1999-12-10,19.775588989257812,19.940597534179688,19.610580444335938,19.82636070251465,11.748893737792969,739462
XLF,1999-12-13,19.57250213623047,19.724817276000977,19.483652114868164,19.597888946533203,11.613510131835938,367577
XLF,1999-12-14,19.31864356994629,19.4963436126709,19.102863311767578,19.12824821472168,11.335203170776367,440575
XLF,1999-12-15,19.102863311767578,19.191713333129883,18.98862648010254,19.077478408813477,11.3051118850708,447715
XLF,1999-12-16,18.861698150634766,18.963241577148438,18.531681060791016,18.658611297607422,11.056902885437012,489323
XLF,1999-12-17,18.633224487304688,18.899776458740234,18.633224487304688,18.73476791381836,11.142778396606445,1619257
XLF,1999-12-20,18.81092643737793,18.874391555786133,18.455524444580078,18.58245277404785,11.052188873291016,1197394
XLF,1999-12-21,18.58245277404785,19.217100143432617,18.531681060791016,18.937854766845703,11.263564109802246,1573464
XLF,1999-12-22,19.014013290405273,19.06478500366211,18.81092643737793,18.937854766845703,11.263564109802246,1370842
XLF,1999-12-23,18.937854766845703,19.293258666992188,18.937854766845703,19.24248504638672,11.444750785827637,564414
XLF,1999-12-27,19.42018699645996,19.470958709716797,19.090171813964844,19.090171813964844,11.354165077209473,3410239
XLF,1999-12-28,19.090171813964844,19.115556716918945,18.963241577148438,19.014013290405273,11.308865547180176,136272
XLF,1999-12-29,18.963241577148438,19.331335067749023,18.963241577148438,19.20440673828125,11.422106742858887,125808
XLF,1999-12-30,19.293258666992188,19.4963436126709,19.16632843017578,19.293258666992188,11.474949836730957,285961
XLF,1999-12-31,19.4963436126709,19.4963436126709,19.217100143432617,19.305950164794922,11.482499122619629,687021
XLF,2000-01-03,19.267871856689453,19.267871856689453,18.455524444580078,18.58245277404785,11.052188873291016,1185699
XLF,2000-01-04,18.176279067993164,18.2016658782959,17.6050968170166,17.770105361938477,10.569025993347168,885705
XLF,2000-01-05,17.770105361938477,17.960500717163086,17.440088272094727,17.630483627319336,10.485992431640625,717181
XLF,2000-01-06,17.681255340576172,18.51898956298828,17.681255340576172,18.404752731323242,10.946499824523926,415832
XLF,2000-01-07,18.531681060791016,18.73476791381836,18.277822494506836,18.709383010864258,11.127679824829102,468149
XLF,2000-01-10,18.861698150634766,18.861698150634766,18.328594207763672,18.379365921020508,10.931400299072266,460640
XLF,2000-01-11,18.2016658782959,18.44283103942871,18.074735641479492,18.074735641479492,10.750211715698242,476151
XLF,2000-01-12,18.214357376098633,18.531681060791016,18.214357376098633,18.430137634277344,10.961592674255371,143288
XLF,2000-01-13,18.760154724121094,19.077478408813477,18.658611297607422,18.98862648010254,11.293763160705566,1104576
XLF,2000-01-14,19.217100143432617,19.5598087310791,19.20440673828125,19.432880401611328,11.557994842529297,731583
XLF,2000-01-18,19.369415283203125,19.369415283203125,18.785539627075195,18.785539627075195,11.1729736328125,466180
XLF,2000-01-19,18.798233032226562,19.16632843017578,18.683996200561523,18.722076416015625,11.135231971740723,339510
XLF,2000-01-20,18.861698150634766,18.861698150634766,18.277822494506836,18.379365921020508,10.931400299072266,588172
XLF,2000-01-21,18.48090934753418,18.48090934753418,18.04935073852539,18.150894165039062,10.795515060424805,498309
XLF,2000-01-24,18.328594207763672,18.328594207763672,17.668561935424805,17.820877075195312,10.599226951599121,346773
XLF,2000-01-25,17.820877075195312,18.150894165039062,17.795490264892578,18.01127052307129,10.712462425231934,231674
XLF,2000-01-26,18.150894165039062,18.709383010864258,18.125507354736328,18.683996200561523,11.112581253051758,630518
XLF,2000-01-27,18.772846221923828,19.001319885253906,18.58245277404785,18.887083053588867,11.233372688293457,262572
XLF,2000-01-28,18.379365921020508,18.58245277404785,18.074735641479492,18.22705078125,10.840801239013672,170986
XLF,2000-01-31,18.023963928222656,18.73476791381836,18.023963928222656,18.73476791381836,11.142778396606445,541763
XLF,2000-02-01,18.83631134033203,18.874391555786133,18.55706787109375,18.83631134033203,11.203168869018555,332001
XLF,2000-02-02,18.785539627075195,18.81092643737793,18.48090934753418,18.645917892456055,11.089929580688477,399829
XLF,2000-02-03,18.633224487304688,18.73476791381836,18.18897247314453,18.531681060791016,11.021989822387695,350220
XLF,2000-02-04,18.59514617919922,18.683996200561523,18.22705078125,18.34128761291504,10.90875244140625,216533
XLF,2000-02-07,18.2016658782959,18.30320930480957,18.023963928222656,18.150894165039062,10.795515060424805,91586
XLF,2000-02-08,18.379365921020508,18.48090934753418,18.252437591552734,18.353981018066406,10.916298866271973,608483
XLF,2000-02-09,18.353981018066406,18.353981018066406,17.795490264892578,17.922420501708984,10.659625053405762,223550
XLF,2000-02-10,17.94780731201172,17.94780731201172,17.262388229370117,17.427396774291992,10.365198135375977,641474
XLF,2000-02-11,17.668561935424805,17.87164878845215,17.313159942626953,17.46547508239746,10.387847900390625,588664
XLF,2000-02-14,17.490861892700195,17.61779022216797,17.122766494750977,17.61779022216797,10.478438377380371,1014713
XLF,2000-02-15,17.28777313232422,17.706640243530273,17.160844802856445,17.64317512512207,10.493541717529297,373485
XLF,2000-02-16,17.592405319213867,17.668561935424805,17.173538208007812,17.275081634521484,10.274606704711914,376317
XLF,2000-02-17,17.567018508911133,17.567018508911133,16.88159942626953,17.059301376342773,10.146270751953125,611807
XLF,2000-02-18,16.983144760131836,16.983144760131836,16.297725677490234,16.450040817260742,9.783905029296875,881765
XLF,2000-02-22,16.627742767333984,16.729284286499023,16.2469539642334,16.60235595703125,9.87449836730957,564537
XLF,2000-02-23,16.653127670288086,16.74197769165039,16.373882293701172,16.538890838623047,9.836747169494629,392443
XLF,2000-02-24,16.373882293701172,16.500812530517578,16.01848030090332,16.196182250976562,9.632917404174805,435774
XLF,2000-02-25,16.323110580444336,16.627742767333984,15.967708587646484,16.09463882446289,9.57252311706543,608114
XLF,2000-02-28,16.500812530517578,16.767364501953125,16.2469539642334,16.615049362182617,9.882044792175293,1225337
XLF,2000-02-29,16.81813621520996,16.843521118164062,16.450040817260742,16.729284286499023,9.94998550415039,435159
XLF,2000-03-01,16.754671096801758,17.11007308959961,16.653127670288086,16.9577579498291,10.085880279541016,1578634
XLF,2000-03-02,16.85621452331543,16.983144760131836,16.56427764892578,16.85621452331543,10.025485038757324,600359
XLF,2000-03-03,17.21161651611328,17.21161651611328,16.85621452331543,17.008529663085938,10.116073608398438,418417
XLF,2000-03-06,16.919679641723633,17.097379684448242,16.678512573242188,16.843521118164062,10.01793098449707,1878260
XLF,2000-03-07,16.653127670288086,16.805442810058594,16.145410537719727,16.335803985595703,9.715962409973145,1253281
XLF,2000-03-08,16.06925392150879,16.2469539642334,15.840780258178711,16.145410537719727,9.602720260620117,649229
XLF,2000-03-09,15.955016136169434,16.323110580444336,15.891551971435547,16.23426055908203,9.655567169189453,385180
XLF,2000-03-10,16.196182250976562,16.450040817260742,16.196182250976562,16.285032272338867,9.685761451721191,183419
XLF,2000-03-13,15.815394401550293,16.627742767333984,15.815394401550293,16.450040817260742,9.783905029296875,411646
XLF,2000-03-14,16.373882293701172,16.691205978393555,16.34849739074707,16.38657569885254,9.746156692504883,286208
XLF,2000-03-15,16.475425720214844,17.46547508239746,16.2469539642334,17.389318466186523,10.34255313873291,1206626
XLF,2000-03-16,17.87164878845215,18.887083053588867,17.770105361938477,18.887083053588867,11.233372688293457,2141694
XLF,2000-03-17,18.83631134033203,19.24248504638672,18.709383010864258,18.823619842529297,11.236703872680664,1075771
XLF,2000-03-20,18.874391555786133,18.887083053588867,18.26512908935547,18.468217849731445,11.024550437927246,422233
XLF,2000-03-21,18.26512908935547,19.16632843017578,18.252437591552734,19.140941619873047,11.426125526428223,932359
XLF,2000-03-22,19.102863311767578,19.394800186157227,18.98862648010254,19.305950164794922,11.524632453918457,830679
XLF,2000-03-23,19.267871856689453,20.10560417175293,19.102863311767578,19.978675842285156,11.926212310791016,724567
XLF,2000-03-24,20.232534408569336,20.46100616455078,19.877132415771484,20.207149505615234,12.062603950500488,660185
XLF,2000-03-27,20.194456100463867,20.194456100463867,19.394800186157227,19.547115325927734,11.668587684631348,316613
XLF,2000-03-28,19.34402847290039,19.92790412902832,19.34402847290039,19.699430465698242,11.759516716003418,371516
XLF,2000-03-29,19.902517318725586,19.902517318725586,19.356721878051758,19.547115325927734,11.668587684631348,237091
XLF,2000-03-30,19.724817276000977,19.800975799560547,19.42018699645996,19.585195541381836,11.69133472442627,511727
XLF,2000-03-31,19.42018699645996,19.851747512817383,19.293258666992188,19.71212387084961,11.767093658447266,1533826
XLF,2000-04-03,20.130990982055664,20.664094924926758,20.029447555541992,20.664094924926758,12.335375785827637,539917
XLF,2000-04-04,20.714866638183594,20.816408157348633,19.077478408813477,19.839054107666016,11.842866897583008,1568048
XLF,2000-04-05,19.750202178955078,20.054832458496094,19.610580444335938,19.686737060546875,11.75194263458252,346403
XLF,2000-04-06,19.940597534179688,19.953290939331055,19.71212387084961,19.902517318725586,11.88074779510498,343080
XLF,2000-04-07,20.029447555541992,20.029447555541992,19.445573806762695,19.4963436126709,11.638285636901855,783408
XLF,2000-04-10,19.547115325927734,20.14368438720703,19.356721878051758,20.054832458496094,11.971677780151367,179111
XLF,2000-04-11,20.130990982055664,20.308692932128906,19.775588989257812,20.308692932128906,12.123215675354004,162861
XLF,2000-04-12,20.308692932128906,20.956031799316406,20.308692932128906,20.39754295349121,12.176258087158203,1093128
XLF,2000-04-13,20.080219268798828,20.232534408569336,19.81366729736328,19.864439010620117,11.858014106750488,790425
XLF,2000-04-14,18.937854766845703,19.267871856689453,17.97319221496582,18.252437591552734,10.89574146270752,1045242
XLF,2000-04-17,18.683996200561523,18.709383010864258,18.074735641479492,18.404752731323242,10.986666679382324,498309
XLF,2000-04-18,18.328594207763672,19.293258666992188,18.328594207763672,19.140941619873047,11.426125526428223,909586
XLF,2000-04-19,19.014013290405273,19.16632843017578,18.633224487304688,18.887083053588867,11.274591445922852,218626
XLF,2000-04-20,18.899776458740234,19.24248504638672,18.785539627075195,19.24248504638672,11.486746788024902,175048
XLF,2000-04-24,19.140941619873047,19.699430465698242,19.039398193359375,19.699430465698242,11.759516716003418,196468
XLF,2000-04-25,19.699430465698242,20.384849548339844,19.699430465698242,20.308692932128906,12.123215675354004,252724
XLF,2000-04-26,20.29599952697754,20.29599952697754,19.81366729736328,19.902517318725586,11.88074779510498,938761
XLF,2000-04-27,19.293258666992188,19.67404556274414,19.153635025024414,19.4963436126709,11.638285636901855,170247
XLF,2000-04-28,19.4963436126709,19.902517318725586,18.937854766845703,19.902517318725586,11.88074779510498,436143
XLF,2000-05-01,18.98862648010254,19.724817276000977,18.963241577148438,19.45826530456543,11.615557670593262,117068
XLF,2000-05-02,19.24248504638672,19.445573806762695,19.20440673828125,19.267871856689453,11.501904487609863,179480
XLF,2000-05-03,19.31864356994629,19.483652114868164,18.760154724121094,18.925161361694336,11.297318458557129,425311
XLF,2000-05-04,18.785539627075195,18.83631134033203,18.506296157836914,18.633224487304688,11.123044967651367,180834
XLF,2000-05-05,18.430137634277344,18.81092643737793,18.404752731323242,18.760154724121094,11.198821067810059,74476
XLF,2000-05-08,18.55706787109375,19.140941619873047,18.55706787109375,19.12824821472168,11.418554306030273,49240
XLF,2000-05-09,19.24248504638672,19.470958709716797,18.861698150634766,19.077478408813477,11.388238906860352,701424
XLF,2000-05-10,19.02670669555664,19.039398193359375,18.55706787109375,18.569759368896484,11.085165023803711,348373
XLF,2000-05-11,18.81092643737793,19.229793548583984,18.81092643737793,19.12824821472168,11.418554306030273,293840
XLF,2000-05-12,19.090171813964844,19.57250213623047,19.039398193359375,19.34402847290039,11.547364234924316,611192
XLF,2000-05-15,19.445573806762695,20.232534408569336,19.445573806762695,20.207149505615234,12.062603950500488,493262
XLF,2000-05-16,20.2198429107666,20.39754295349121,19.92790412902832,20.092912673950195,11.994402885437012,217272
XLF,2000-05-17,19.71212387084961,20.029447555541992,19.699430465698242,19.750202178955078,11.789822578430176,118053
XLF,2000-05-18,19.877132415771484,20.384849548339844,19.877132415771484,20.00406265258789,11.941368103027344,283992
XLF,2000-05-19,20.029447555541992,20.029447555541992,19.4963436126709,19.64866065979004,11.729209899902344,182311
XLF,2000-05-22,19.737510681152344,19.902517318725586,19.394800186157227,19.902517318725586,11.88074779510498,179849
XLF,2000-05-23,19.800975799560547,20.10560417175293,19.724817276000977,20.029447555541992,11.956521987915039,203731
XLF,2000-05-24,19.915210723876953,20.46100616455078,19.915210723876953,20.283306121826172,12.108062744140625,332616
XLF,2000-05-25,20.245227813720703,20.334077835083008,19.57250213623047,19.775588989257812,11.80497932434082,532777
XLF,2000-05-26,19.597888946533203,19.877132415771484,19.4963436126709,19.699430465698242,11.759516716003418,644675
XLF,2000-05-30,20.06752586364746,20.1563777923584,19.851747512817383,20.10560417175293,12.001985549926758,315382
XLF,2000-05-31,20.130990982055664,20.384849548339844,20.00406265258789,20.346771240234375,12.145952224731445,152029
XLF,2000-06-01,20.448314666748047,21.057575225830078,20.410236358642578,21.01949691772461,12.547528266906738,581032
XLF,2000-06-02,22.034931182861328,22.06031608581543,21.577985763549805,21.88261604309082,13.062766075134277,1362348
XLF,2000-06-05,21.831844329833984,21.831844329833984,21.171812057495117,21.387590408325195,12.767266273498535,214194
XLF,2000-06-06,21.222583770751953,21.641450881958008,20.714866638183594,20.917953491210938,12.486908912658691,292732
XLF,2000-06-07,20.854488372802734,21.37489891052246,20.854488372802734,21.222583770751953,12.6687593460083,115960
XLF,2000-06-08,21.247968673706055,21.247968673706055,20.740251541137695,20.8671817779541,12.4566068649292,305534
XLF,2000-06-09,21.070268630981445,21.12104034423828,20.410236358642578,20.51177978515625,12.244447708129883,279437
XLF,2000-06-12,20.562551498413086,20.740251541137695,20.53716468811035,20.68947982788086,12.350525856018066,104635
XLF,2000-06-13,20.51177978515625,20.917953491210938,20.410236358642578,20.664094924926758,12.335375785827637,689237
XLF,2000-06-14,20.8671817779541,21.247968673706055,20.76563835144043,21.01949691772461,12.547528266906738,289039
XLF,2000-06-15,20.714866638183594,20.816408157348633,20.1817626953125,20.524471282958984,12.252025604248047,1172281
XLF,2000-06-16,20.1563777923584,20.232534408569336,19.34402847290039,19.4963436126709,11.678499221801758,1355947
XLF,2000-06-19,19.394800186157227,20.10560417175293,19.394800186157227,20.00406265258789,11.98262882232666,845820
XLF,2000-06-20,20.092912673950195,20.10560417175293,19.699430465698242,19.750202178955078,11.830560684204102,785132
XLF,2000-06-21,19.597888946533203,19.775588989257812,19.394800186157227,19.597888946533203,11.739335060119629,457070
XLF,2000-06-22,19.394800186157227,19.585195541381836,19.191713333129883,19.585195541381836,11.731731414794922,470488
XLF,2000-06-23,19.597888946533203,19.851747512817383,19.42018699645996,19.445573806762695,11.648089408874512,556289
XLF,2000-06-26,19.64866065979004,19.877132415771484,19.547115325927734,19.750202178955078,11.830560684204102,216041
XLF,2000-06-27,19.953290939331055,20.054832458496094,19.775588989257812,19.940597534179688,11.944610595703125,270820
XLF,2000-06-28,20.029447555541992,20.10560417175293,19.750202178955078,19.78828239440918,11.853375434875488,388873
XLF,2000-06-29,19.5598087310791,19.851747512817383,19.4963436126709,19.775588989257812,11.845768928527832,92694
XLF,2000-06-30,19.57250213623047,19.699430465698242,19.014013290405273,19.293258666992188,11.55685043334961,776022
XLF,2000-07-03,19.293258666992188,19.64866065979004,19.140941619873047,19.64866065979004,11.76973819732666,514558
XLF,2000-07-05,19.81366729736328,20.10560417175293,19.597888946533203,19.864439010620117,11.898987770080566,681605
XLF,2000-07-06,19.699430465698242,20.10560417175293,19.5598087310791,20.016754150390625,11.990230560302734,460640
XLF,2000-07-07,20.2198429107666,20.486392974853516,20.06752586364746,20.359464645385742,12.195511817932129,370039
XLF,2000-07-10,20.46100616455078,20.638708114624023,20.359464645385742,20.410236358642578,12.225931167602539,462733
XLF,2000-07-11,20.53716468811035,20.76563835144043,20.422929763793945,20.51177978515625,12.286755561828613,219118
XLF,2000-07-12,20.94333839416504,21.04488182067871,20.714866638183594,20.8037166595459,12.461631774902344,229951
XLF,2000-07-13,20.90526008605957,20.90526008605957,20.51177978515625,20.600629806518555,12.339974403381348,553704
XLF,2000-07-14,20.68947982788086,21.070268630981445,20.68947982788086,20.94333839416504,12.545260429382324,148951
XLF,2000-07-17,20.917953491210938,21.01949691772461,20.53716468811035,20.54985809326172,12.30956745147705,169386
XLF,2000-07-18,20.422929763793945,20.587936401367188,20.283306121826172,20.587936401367188,12.33237075805664,84939
XLF,2000-07-19,20.43562126159668,20.638708114624023,20.384849548339844,20.51177978515625,12.286755561828613,85924
XLF,2000-07-20,20.53716468811035,21.171812057495117,20.53716468811035,21.032188415527344,12.598489761352539,119776
XLF,2000-07-21,21.070268630981445,21.29874038696289,20.892566680908203,20.968725204467773,12.560470581054688,202253
XLF,2000-07-24,21.070268630981445,21.324127197265625,20.892566680908203,21.095653533935547,12.63650131225586,288546
XLF,2000-07-25,21.108346939086914,21.222583770751953,20.94333839416504,21.13373374938965,12.659316062927246,311689
XLF,2000-07-26,21.070268630981445,21.247968673706055,20.8671817779541,21.032188415527344,12.598489761352539,178987
XLF,2000-07-27,20.994110107421875,21.400283813476562,20.994110107421875,21.095653533935547,12.63650131225586,160769
XLF,2000-07-28,21.070268630981445,21.222583770751953,20.638708114624023,20.638708114624023,12.362785339355469,245831
XLF,2000-07-31,20.94333839416504,21.19719696044922,20.68947982788086,20.994110107421875,12.57568359375,190313
XLF,2000-08-01,21.108346939086914,21.260662078857422,21.01949691772461,21.13373374938965,12.659316062927246,87647
XLF,2000-08-02,21.247968673706055,21.400283813476562,21.04488182067871,21.108346939086914,12.6441011428833,73614
XLF,2000-08-03,21.19719696044922,21.730300903320312,21.146425247192383,21.66683578491211,12.978646278381348,162984
XLF,2000-08-04,21.933387756347656,22.504568099975586,21.869922637939453,22.504568099975586,13.48045539855957,367577
XLF,2000-08-07,22.39033317565918,22.56803321838379,22.06031608581543,22.56803321838379,13.518470764160156,691330
XLF,2000-08-08,22.56803321838379,22.56803321838379,22.288789749145508,22.56803321838379,13.518470764160156,153260
XLF,2000-08-09,22.364946365356445,22.669578552246094,21.984159469604492,22.41571807861328,13.427231788635254,437005
XLF,2000-08-10,22.56803321838379,22.618806838989258,22.1618595123291,22.288789749145508,13.351194381713867,189205
XLF,2000-08-11,22.39033317565918,22.64419174194336,22.187246322631836,22.631498336791992,13.556487083435059,168032
XLF,2000-08-14,22.555341720581055,22.936128616333008,22.339561462402344,22.92343521118164,13.731358528137207,145135
XLF,2000-08-15,22.796506881713867,22.796506881713867,22.41571807861328,22.504568099975586,13.48045539855957,66228
XLF,2000-08-16,22.669578552246094,22.720348358154297,22.06031608581543,22.238018035888672,13.32078742980957,160892
XLF,2000-08-17,22.1618595123291,22.542648315429688,22.1618595123291,22.52995491027832,13.495671272277832,355390
XLF,2000-08-18,22.49187660217285,22.49187660217285,22.263404846191406,22.364946365356445,13.396822929382324,184404
XLF,2000-08-21,22.27609634399414,22.618806838989258,22.25071144104004,22.542648315429688,13.503267288208008,94541
XLF,2000-08-22,22.46649169921875,22.92343521118164,22.46649169921875,22.7838134765625,13.647724151611328,241153
XLF,2000-08-23,22.669578552246094,22.89805030822754,22.441104888916016,22.49187660217285,13.472850799560547,432081
XLF,2000-08-24,22.46649169921875,22.64419174194336,22.288789749145508,22.453798294067383,13.450041770935059,181819
XLF,2000-08-25,22.52995491027832,22.52995491027832,22.149166107177734,22.149166107177734,13.267565727233887,105127
XLF,2000-08-28,22.326868057250977,22.720348358154297,22.238018035888672,22.56803321838379,13.518470764160156,142427
XLF,2000-08-29,22.618806838989258,22.618806838989258,22.136474609375,22.339561462402344,13.381620407104492,101927
XLF,2000-08-30,22.339561462402344,22.7838134765625,22.339561462402344,22.542648315429688,13.503267288208008,173079
XLF,2000-08-31,22.517261505126953,23.25345230102539,22.517261505126953,23.126522064208984,13.853015899658203,537824
XLF,2000-09-01,23.15190887451172,23.15190887451172,22.74573516845703,22.74573516845703,13.62491226196289,924727
XLF,2000-09-05,22.872665405273438,23.101137161254883,22.733041763305664,23.024980545043945,13.792186737060547,566137
XLF,2000-09-06,23.126522064208984,23.4057674407959,23.050365447998047,23.202680587768555,13.898633003234863,270081
XLF,2000-09-07,23.050365447998047,23.177295684814453,22.89805030822754,23.012287139892578,13.784584999084473,177510
XLF,2000-09-08,22.948822021484375,23.558082580566406,22.948822021484375,23.532697677612305,14.096309661865234,4789329
XLF,2000-09-11,23.73578453063965,24.01502799987793,23.659626007080078,24.002334594726562,14.377635955810547,1598207
XLF,2000-09-12,24.065799713134766,24.065799713134766,23.811941146850586,23.964256286621094,14.354829788208008,1631814
XLF,2000-09-13,23.811941146850586,24.0531063079834,23.608854293823242,23.811941146850586,14.263582229614258,420510
XLF,2000-09-14,23.824634552001953,23.913484573364258,23.685012817382812,23.72309112548828,14.21036434173584,272913
XLF,2000-09-15,23.73578453063965,23.73578453063965,23.177295684814453,23.266145706176758,13.978775978088379,213209
XLF,2000-09-18,22.99959373474121,23.037673950195312,22.403026580810547,22.49187660217285,13.51357364654541,529699
XLF,2000-09-19,22.52995491027832,22.986900329589844,22.52995491027832,22.97420883178711,13.803370475769043,242015
XLF,2000-09-20,22.872665405273438,22.872665405273438,22.212631225585938,22.64419174194336,13.605085372924805,220965
XLF,2000-09-21,22.542648315429688,22.542648315429688,22.034931182861328,22.39033317565918,13.452564239501953,179480
XLF,2000-09-22,22.31417465209961,22.89805030822754,22.288789749145508,22.8218936920166,13.7118558883667,112513
XLF,2000-09-25,22.948822021484375,23.342302322387695,22.89805030822754,23.189987182617188,13.933015823364258,115837
XLF,2000-09-26,23.050365447998047,23.32961082458496,22.89805030822754,23.037673950195312,13.841500282287598,71152
XLF,2000-09-27,23.050365447998047,23.07575035095215,22.7584285736084,23.050365447998047,13.849129676818848,410908
XLF,2000-09-28,22.92343521118164,23.748477935791016,22.92343521118164,23.634239196777344,14.199936866760254,440329
XLF,2000-09-29,23.532697677612305,23.888099670410156,23.50731086730957,23.558082580566406,14.15417194366455,118422
XLF,2000-10-02,23.532697677612305,23.913484573364258,23.15190887451172,23.888099670410156,14.352457046508789,381487
XLF,2000-10-03,23.811941146850586,24.065799713134766,23.773862838745117,23.862712860107422,14.337196350097656,155229
XLF,2000-10-04,23.659626007080078,23.811941146850586,23.418460845947266,23.558082580566406,14.15417194366455,518990
XLF,2000-10-05,23.608854293823242,23.95156478881836,23.608854293823242,23.786556243896484,14.2914457321167,306273
XLF,2000-10-06,23.608854293823242,23.710397720336914,22.542648315429688,22.796506881713867,13.696599960327148,2007022
XLF,2000-10-09,22.593420028686523,22.733041763305664,22.39033317565918,22.441104888916016,13.48306941986084,156214
XLF,2000-10-10,22.56803321838379,22.56803321838379,21.577985763549805,21.793764114379883,13.094133377075195,3845398
XLF,2000-10-11,21.501827239990234,21.831844329833984,21.12104034423828,21.831844329833984,13.117013931274414,4426676
XLF,2000-10-12,21.654142379760742,21.654142379760742,20.47369956970215,20.562551498413086,12.354397773742676,1122672
XLF,2000-10-13,20.740251541137695,21.730300903320312,20.740251541137695,21.62875747680664,12.995001792907715,1249711
XLF,2000-10-16,21.59067726135254,21.895309448242188,21.43836212158203,21.819150924682617,13.109386444091797,167539
XLF,2000-10-17,22.009544372558594,22.009544372558594,21.01949691772461,21.222583770751953,12.750953674316406,572661
XLF,2000-10-18,20.207149505615234,21.4891357421875,20.207149505615234,20.98141860961914,12.606058120727539,1686593
XLF,2000-10-19,21.552600860595703,22.136474609375,21.552600860595703,21.971466064453125,13.200901985168457,488707
XLF,2000-10-20,22.034931182861328,22.238018035888672,21.933387756347656,22.06031608581543,13.25428581237793,466303
XLF,2000-10-23,21.984159469604492,22.034931182861328,21.603370666503906,21.692222595214844,13.033122062683105,321291
XLF,2000-10-24,21.88261604309082,22.517261505126953,21.88261604309082,22.238018035888672,13.361053466796875,309104
XLF,2000-10-25,22.441104888916016,22.733041763305664,22.136474609375,22.364946365356445,13.437308311462402,533023
XLF,2000-10-26,22.1618595123291,22.377639770507812,21.286048889160156,21.641450881958008,13.002623558044434,869209
XLF,2000-10-27,22.034931182861328,22.441104888916016,21.84453773498535,22.35225486755371,13.429692268371582,1361240
XLF,2000-10-30,22.555341720581055,23.380382537841797,22.555341720581055,23.164602279663086,13.917760848999023,1245033
XLF,2000-10-31,23.380382537841797,23.50731086730957,22.961515426635742,23.354995727539062,14.032151222229004,227243
XLF,2000-11-01,23.15190887451172,23.354995727539062,23.050365447998047,23.25345230102539,13.971142768859863,613777
XLF,2000-11-02,23.481924057006836,23.634239196777344,23.266145706176758,23.36768913269043,14.039788246154785,71029
XLF,2000-11-03,23.4057674407959,23.50731086730957,23.202680587768555,23.304224014282227,14.001648902893066,138980
XLF,2000-11-06,23.532697677612305,23.659626007080078,23.304224014282227,23.62154769897461,14.192304611206055,137380
XLF,2000-11-07,23.608854293823242,23.73578453063965,23.418460845947266,23.54538917541504,14.146547317504883,166801
XLF,2000-11-08,23.50731086730957,23.50731086730957,22.961515426635742,23.126522064208984,13.894883155822754,626087
XLF,2000-11-09,23.050365447998047,23.50731086730957,22.847278594970703,23.29153060913086,13.994020462036133,601467
XLF,2000-11-10,23.15190887451172,23.393075942993164,22.92343521118164,23.037673950195312,13.841500282287598,519605
XLF,2000-11-13,22.872665405273438,22.948822021484375,22.149166107177734,22.49187660217285,13.51357364654541,4902950
XLF,2000-11-14,22.97420883178711,23.15190887451172,22.542648315429688,22.618806838989258,13.589839935302734,4577720
XLF,2000-11-15,22.441104888916016,22.694963455200195,22.187246322631836,22.441104888916016,13.48306941986084,1102361
XLF,2000-11-16,22.339561462402344,22.64419174194336,22.212631225585938,22.364946365356445,13.437308311462402,153013
XLF,2000-11-17,22.35225486755371,22.694963455200195,21.984159469604492,22.187246322631836,13.330544471740723,939499
XLF,2000-11-20,21.78107261657715,21.908002853393555,21.37489891052246,21.52721405029297,12.933987617492676,373362
XLF,2000-11-21,21.52721405029297,21.704914093017578,21.12104034423828,21.577985763549805,12.96449089050293,681974
XLF,2000-11-22,21.349512100219727,21.501827239990234,20.917953491210938,21.057575225830078,12.651820182800293,256910
XLF,2000-11-24,21.27335548400879,21.37489891052246,21.18450355529785,21.209890365600586,12.743331909179688,103896
XLF,2000-11-27,21.324127197265625,21.565292358398438,21.324127197265625,21.501827239990234,12.91873836517334,271066
XLF,2000-11-28,21.425670623779297,21.908002853393555,21.425670623779297,21.730300903320312,13.056002616882324,1525578
XLF,2000-11-29,21.80645751953125,22.263404846191406,21.730300903320312,22.263404846191406,13.376301765441895,1481509
XLF,2000-11-30,22.136474609375,22.504568099975586,21.62875747680664,22.1618595123291,13.31529426574707,2073004
XLF,2000-12-01,22.31417465209961,22.441104888916016,21.94607925415039,22.034931182861328,13.239032745361328,502987
XLF,2000-12-04,21.933387756347656,22.02223777770996,21.704914093017578,21.933387756347656,13.178025245666504,1992250
XLF,2000-12-05,21.984159469604492,23.050365447998047,21.908002853393555,22.847278594970703,13.727107048034668,1342652
XLF,2000-12-06,23.25345230102539,23.634239196777344,22.339561462402344,22.74573516845703,13.666102409362793,1399155
XLF,2000-12-07,22.796506881713867,23.050365447998047,22.56803321838379,22.796506881713867,13.696599960327148,1006835
XLF,2000-12-08,23.304224014282227,23.558082580566406,23.101137161254883,23.456539154052734,14.093169212341309,3373186
XLF,2000-12-11,23.50731086730957,23.837326049804688,23.380382537841797,23.64693260192871,14.207560539245605,936545
XLF,2000-12-12,23.431154251098633,23.558082580566406,23.177295684814453,23.36768913269043,14.039788246154785,348496
XLF,2000-12-13,23.76116943359375,23.76116943359375,23.215373992919922,23.380382537841797,14.047412872314453,244723
XLF,2000-12-14,22.74573516845703,22.89805030822754,22.441104888916016,22.707656860351562,13.643218040466309,642951
XLF,2000-12-15,22.39033317565918,22.720348358154297,22.199939727783203,22.52995491027832,13.586517333984375,596912
XLF,2000-12-18,22.872665405273438,23.36768913269043,22.771120071411133,23.189987182617188,13.98454475402832,1623689
XLF,2000-12-19,23.202680587768555,23.608854293823242,22.796506881713867,22.936128616333008,13.831459045410156,3551312
XLF,2000-12-20,22.64419174194336,22.936128616333008,22.52995491027832,22.720348358154297,13.70132827758789,1652002
XLF,2000-12-21,22.64419174194336,23.25345230102539,22.46649169921875,23.25345230102539,14.022814750671387,2453629
XLF,2000-12-22,23.532697677612305,23.58346939086914,23.22806739807129,23.443845748901367,14.137629508972168,792025
XLF,2000-12-26,23.608854293823242,23.862712860107422,23.4692325592041,23.862712860107422,14.39022159576416,1927131
XLF,2000-12-27,23.634239196777344,24.0531063079834,23.634239196777344,24.01502799987793,14.482078552246094,372624
XLF,2000-12-28,23.964256286621094,24.319658279418945,23.964256286621094,24.256193161010742,14.627503395080566,459040
XLF,2000-12-29,24.180036544799805,24.421201705932617,23.862712860107422,23.964256286621094,14.451460838317871,846066
XLF,2001-01-02,24.040414810180664,24.040414810180664,23.063058853149414,23.29153060913086,14.045774459838867,1551429
XLF,2001-01-03,23.456539154052734,24.87814712524414,22.948822021484375,24.548131942749023,14.803558349609375,1573834
XLF,2001-01-04,24.38312339782715,24.903533935546875,24.065799713134766,24.1165714263916,14.543314933776855,1037364
XLF,2001-01-05,23.54538917541504,24.01502799987793,22.948822021484375,23.608854293823242,14.237135887145996,10940389
XLF,2001-01-08,23.4057674407959,23.608854293823242,23.202680587768555,23.36768913269043,14.09170913696289,518374
XLF,2001-01-09,23.634239196777344,23.634239196777344,22.97420883178711,22.97420883178711,13.85442066192627,265896
XLF,2001-01-10,23.024980545043945,23.50731086730957,22.872665405273438,23.354995727539062,14.084047317504883,495478
XLF,2001-01-11,23.558082580566406,23.862712860107422,23.304224014282227,23.4057674407959,14.114669799804688,661786
XLF,2001-01-12,23.456539154052734,23.456539154052734,22.796506881713867,22.961515426635742,13.846768379211426,549026
XLF,2001-01-16,23.050365447998047,24.065799713134766,22.872665405273438,23.36768913269043,14.09170913696289,866870
XLF,2001-01-17,23.685012817382812,23.710397720336914,23.25345230102539,23.4057674407959,14.114669799804688,544348
XLF,2001-01-18,23.32961082458496,23.32961082458496,22.89805030822754,23.063058853149414,13.908003807067871,480213
XLF,2001-01-19,23.15190887451172,23.15190887451172,22.74573516845703,22.89805030822754,13.808499336242676,666833
XLF,2001-01-22,22.948822021484375,23.532697677612305,22.948822021484375,23.304224014282227,14.05343246459961,291747
XLF,2001-01-23,23.316917419433594,23.710397720336914,23.22806739807129,23.532697677612305,14.19120979309082,418663
XLF,2001-01-24,23.659626007080078,23.95156478881836,23.58346939086914,23.672319412231445,14.275411605834961,4035710
XLF,2001-01-25,23.95156478881836,23.97694969177246,23.558082580566406,23.888099670410156,14.405540466308594,1694348
XLF,2001-01-26,23.79924964904785,24.01502799987793,23.659626007080078,23.97694969177246,14.45911693572998,979630
XLF,2001-01-29,24.248577117919922,24.289196014404297,23.948009490966797,23.99675178527832,14.471052169799805,273282
XLF,2001-01-30,24.126726150512695,24.240455627441406,23.76116943359375,24.20796012878418,14.59842586517334,386165
XLF,2001-01-31,24.248577117919922,24.289196014404297,23.83428192138672,23.907392501831055,14.417168617248535,463964
XLF,2001-02-01,24.004873275756836,24.126726150512695,23.850528717041016,23.93988609313965,14.436771392822266,229458
XLF,2001-02-02,24.142972946166992,24.27294921875,23.9317626953125,24.004873275756836,14.47595500946045,223550
XLF,2001-02-05,24.167343139648438,24.20796012878418,23.899269104003906,24.167343139648438,14.573932647705078,258264
XLF,2001-02-06,24.142972946166992,24.142972946166992,23.65556526184082,23.696182250976562,14.289794921875,622024
XLF,2001-02-07,23.850528717041016,23.915515899658203,23.48497200012207,23.639318466186523,14.255500793457031,313413
XLF,2001-02-08,23.801786422729492,23.866775512695312,23.452478408813477,23.574329376220703,14.21632194519043,2847549
XLF,2001-02-09,23.395612716674805,23.785539627075195,23.36311912536621,23.671812057495117,14.27509880065918,356990
XLF,2001-02-12,23.7692928314209,24.061737060546875,23.70430564880371,24.004873275756836,14.47595500946045,2498068
XLF,2001-02-13,24.15109634399414,24.15109634399414,23.7692928314209,23.866775512695312,14.392670631408691,791533
XLF,2001-02-14,23.88302230834961,23.88302230834961,23.468725204467773,23.590576171875,14.226120948791504,138364
XLF,2001-02-15,23.517465591430664,23.66368865966797,23.306255340576172,23.590576171875,14.226120948791504,616239
XLF,2001-02-16,23.31437873840332,23.785539627075195,23.306255340576172,23.59869956970215,14.231019973754883,841881
XLF,2001-02-20,23.639318466186523,23.639318466186523,22.672624588012695,22.729488372802734,13.706838607788086,406969
XLF,2001-02-21,22.542648315429688,22.867586135864258,22.055240631103516,22.055240631103516,13.300240516662598,570445
XLF,2001-02-22,21.933387756347656,22.209585189819336,21.267261505126953,22.209585189819336,13.393320083618164,660678
XLF,2001-02-23,22.01462173461914,22.282697677612305,21.44597816467285,22.103981018066406,13.329632759094238,685052
XLF,2001-02-26,22.30706787109375,22.591388702392578,21.91714096069336,22.591388702392578,13.623562812805176,251986
XLF,2001-02-27,22.607635498046875,23.04630470275879,22.437042236328125,22.835092544555664,13.770526885986328,434543
XLF,2001-02-28,22.664499282836914,22.859464645385742,22.047115325927734,22.2989444732666,13.447209358215332,1070601
XLF,2001-03-01,22.136474609375,22.331438064575195,21.86840057373047,22.323314666748047,13.46190357208252,825878
XLF,2001-03-02,22.07961082458496,22.664499282836914,22.07961082458496,22.35580825805664,13.481500625610352,661416
XLF,2001-03-05,22.542648315429688,22.542648315429688,21.941511154174805,22.242080688476562,13.412915229797363,923989
XLF,2001-03-06,22.445167541503906,22.729488372802734,22.25832748413086,22.30706787109375,13.452107429504395,395397
XLF,2001-03-07,22.502031326293945,22.843217849731445,22.14459800720215,22.778228759765625,13.736242294311523,627810
XLF,2001-03-08,22.843217849731445,23.103168487548828,22.70511817932129,22.867586135864258,13.790119171142578,534993
XLF,2001-03-09,22.46141242980957,22.58326530456543,22.209585189819336,22.339561462402344,13.471700668334961,447345
XLF,2001-03-12,21.819658279418945,21.96588134765625,20.72298812866211,21.242891311645508,12.810355186462402,972736
XLF,2001-03-13,21.478473663330078,21.819658279418945,21.18602752685547,21.811534881591797,13.153277397155762,1514869
XLF,2001-03-14,20.804224014282227,21.307880401611328,20.552396774291992,20.804224014282227,12.545830726623535,2520719
XLF,2001-03-15,21.324127197265625,21.52721405029297,21.104793548583984,21.429731369018555,12.923033714294434,635196
XLF,2001-03-16,21.543460845947266,21.543460845947266,20.95857048034668,21.080421447753906,12.754446983337402,856161
XLF,2001-03-19,21.080421447753906,21.429731369018555,20.714866638183594,21.324127197265625,12.901904106140137,428142
XLF,2001-03-20,21.486595153808594,21.51909065246582,20.66612434387207,20.73111343383789,12.543106079101562,1914328
XLF,2001-03-21,20.552396774291992,20.89358139038086,19.983753204345703,20.129976272583008,12.179400444030762,1550937
XLF,2001-03-22,19.78066635131836,19.89439582824707,18.99268913269043,19.61007308959961,11.86483383178711,2003083
XLF,2001-03-23,19.756296157836914,20.487409591674805,19.740049362182617,20.43866729736328,12.36616325378418,623748
XLF,2001-03-26,20.77985382080078,20.966693878173828,20.536148071289062,20.763607025146484,12.562761306762695,765067
XLF,2001-03-27,20.69049644470215,21.46222686767578,20.487409591674805,21.34849739074707,12.916647911071777,463841
XLF,2001-03-28,21.12104034423828,21.34849739074707,20.942323684692383,21.23476791381836,12.84783935546875,279806
XLF,2001-03-29,21.12104034423828,21.316003799438477,20.982940673828125,21.18602752685547,12.818343162536621,141442
XLF,2001-03-30,21.161657333374023,21.559707641601562,21.161657333374023,21.559707641601562,13.044431686401367,252601
XLF,2001-04-02,21.332250595092773,22.006498336791992,21.332250595092773,21.657188415527344,13.103415489196777,3027152
XLF,2001-04-03,21.4541015625,21.584077835083008,20.8448429107666,20.926076889038086,12.66106128692627,919557
XLF,2001-04-04,20.83671760559082,20.83671760559082,20.186840057373047,20.414297103881836,12.351415634155273,3385742
XLF,2001-04-05,20.999187469482422,21.23476791381836,20.828594207763672,21.161657333374023,12.803600311279297,1272485
XLF,2001-04-06,20.820470809936523,21.194150924682617,20.463037490844727,20.69049644470215,12.518531799316406,6634228
XLF,2001-04-09,20.714866638183594,20.991064071655273,20.601137161254883,20.682371139526367,12.513611793518066,802735
XLF,2001-04-10,20.95857048034668,21.413484573364258,20.95857048034668,21.28350830078125,12.87732982635498,372008
XLF,2001-04-11,21.68968391418457,21.722177505493164,21.380990982055664,21.46222686767578,12.98544979095459,1359763
XLF,2001-04-12,21.543460845947266,21.68968391418457,21.364744186401367,21.62469482421875,13.08375072479248,5778191
XLF,2001-04-16,21.811534881591797,21.819658279418945,21.324127197265625,21.470348358154297,12.990368843078613,361175
XLF,2001-04-17,21.332250595092773,21.681560516357422,21.275386810302734,21.649066925048828,13.098502159118652,868471
XLF,2001-04-18,21.933387756347656,23.549959182739258,21.827781677246094,22.558895111083984,13.648988723754883,5579015
XLF,2001-04-19,22.550771713256836,22.826969146728516,22.502031326293945,22.68074607849121,13.722704887390137,1220413
XLF,2001-04-20,22.477659225463867,22.550771713256836,22.201461791992188,22.29081916809082,13.486783981323242,643444
XLF,2001-04-23,22.14459800720215,22.266450881958008,21.884647369384766,22.01462173461914,13.31967830657959,609222
XLF,2001-04-24,22.136474609375,22.25832748413086,21.84402847290039,21.900894165039062,13.250864028930664,118299
XLF,2001-04-25,21.84402847290039,22.160844802856445,21.754671096801758,22.136474609375,13.393401145935059,582017
XLF,2001-04-26,22.152721405029297,22.46953773498535,22.152721405029297,22.225833892822266,13.447470664978027,899738
XLF,2001-04-27,22.46953773498535,22.737611770629883,22.420795440673828,22.70511817932129,13.737452507019043,923742
XLF,2001-04-30,22.75385856628418,22.908205032348633,22.30706787109375,22.339561462402344,13.516276359558105,483044
XLF,2001-05-01,22.266450881958008,22.591388702392578,22.225833892822266,22.52640151977539,13.629326820373535,838680
XLF,2001-05-02,22.713241577148438,22.826969146728516,22.477659225463867,22.70511817932129,13.737452507019043,321291
XLF,2001-05-03,22.502031326293945,22.721364974975586,22.380178451538086,22.713241577148438,13.742366790771484,383703
XLF,2001-05-04,22.493907928466797,23.054426193237305,22.46953773498535,22.989439010620117,13.909482955932617,170001
XLF,2001-05-07,22.940698623657227,22.940698623657227,22.68074607849121,22.843217849731445,13.82101058959961,99834
XLF,2001-05-08,22.75385856628418,22.85133934020996,22.599512100219727,22.607635498046875,13.678476333618164,127778
XLF,2001-05-09,22.57514190673828,22.648252487182617,22.420795440673828,22.58326530456543,13.663722038269043,708564
XLF,2001-05-10,22.826969146728516,22.826969146728516,22.52640151977539,22.591388702392578,13.668641090393066,206685
XLF,2001-05-11,22.761981964111328,22.761981964111328,22.274574279785156,22.380178451538086,13.540853500366211,200530
XLF,2001-05-14,22.40454864501953,22.591388702392578,22.2989444732666,22.567018508911133,13.653900146484375,59334
XLF,2001-05-15,22.648252487182617,22.948822021484375,22.550771713256836,22.70511817932129,13.737452507019043,267496
XLF,2001-05-16,22.70511817932129,23.387489318847656,22.591388702392578,23.31437873840332,14.106071472167969,641351
XLF,2001-05-17,23.298131942749023,23.4281063079834,23.127538681030273,23.19252586364746,14.032349586486816,401798
XLF,2001-05-18,23.281885147094727,23.281885147094727,22.932575225830078,23.062551498413086,13.95370864868164,194744
XLF,2001-05-21,23.127538681030273,23.4281063079834,22.965068817138672,23.387489318847656,14.150313377380371,236844
XLF,2001-05-22,23.468725204467773,23.82615852355957,23.387489318847656,23.623071670532227,14.292850494384766,559982
XLF,2001-05-23,23.70430564880371,23.70430564880371,23.403736114501953,23.525588989257812,14.233872413635254,1015083
XLF,2001-05-24,23.65556526184082,23.7530460357666,23.525588989257812,23.614946365356445,14.287927627563477,184773
XLF,2001-05-25,23.590576171875,23.66368865966797,23.298131942749023,23.298131942749023,14.096244812011719,394782
XLF,2001-05-29,23.509342193603516,23.509342193603516,23.208772659301758,23.31437873840332,14.106071472167969,808767
XLF,2001-05-30,23.330625534057617,23.509342193603516,23.103168487548828,23.119415283203125,13.98811149597168,586325
XLF,2001-05-31,23.15190887451172,23.32250213623047,22.997562408447266,23.32250213623047,14.110992431640625,202007
XLF,2001-06-01,23.19252586364746,23.346872329711914,23.030057907104492,23.281885147094727,14.086416244506836,177880
XLF,2001-06-04,23.346872329711914,23.468725204467773,23.168155670166016,23.468725204467773,14.199458122253418,42346
XLF,2001-06-05,23.549959182739258,23.696182250976562,23.43623161315918,23.574329376220703,14.263360977172852,562813
XLF,2001-06-06,23.460601806640625,23.48497200012207,23.20064926147461,23.395612716674805,14.155224800109863,566260
XLF,2001-06-07,23.20064926147461,23.298131942749023,22.997562408447266,23.24126625061035,14.061840057373047,1214628
XLF,2001-06-08,23.030057907104492,23.15190887451172,22.940698623657227,23.103168487548828,13.978293418884277,726044
XLF,2001-06-11,23.038179397583008,23.168155670166016,22.85133934020996,22.883834838867188,13.845579147338867,186497
XLF,2001-06-12,22.664499282836914,22.97319221496582,22.558895111083984,22.956945419311523,13.889809608459473,757927
XLF,2001-06-13,22.826969146728516,23.119415283203125,22.69699478149414,22.770105361938477,13.776769638061523,966212
XLF,2001-06-14,22.648252487182617,22.648252487182617,22.372055053710938,22.372055053710938,13.53593921661377,1374781
XLF,2001-06-15,22.282697677612305,22.445167541503906,22.047115325927734,22.40454864501953,13.60549545288086,2495483
XLF,2001-06-18,22.46141242980957,22.542648315429688,22.168968200683594,22.46141242980957,13.640028953552246,388257
XLF,2001-06-19,22.81072235107422,22.826969146728516,22.607635498046875,22.664499282836914,13.763350486755371,1782365
XLF,2001-06-20,22.664499282836914,23.054426193237305,22.664499282836914,22.786352157592773,13.837346076965332,682836
XLF,2001-06-21,22.948822021484375,23.70430564880371,22.948822021484375,23.70430564880371,14.394789695739746,744878
XLF,2001-06-22,23.639318466186523,23.639318466186523,23.346872329711914,23.395612716674805,14.207326889038086,518251
XLF,2001-06-25,23.43623161315918,23.525588989257812,23.09504508972168,23.208772659301758,14.093865394592285,246569
XLF,2001-06-26,22.74573516845703,23.054426193237305,22.74573516845703,22.91632843017578,13.916284561157227,964489
XLF,2001-06-27,22.948822021484375,23.290008544921875,22.92445182800293,22.92445182800293,13.92121696472168,467903
XLF,2001-06-28,23.127538681030273,23.403736114501953,23.04630470275879,23.225019454956055,14.103739738464355,288300
XLF,2001-06-29,23.15190887451172,23.184402465820312,22.956945419311523,23.070674896240234,14.010002136230469,968058
XLF,2001-07-02,23.19252586364746,23.4118595123291,23.09504508972168,23.354995727539062,14.182662963867188,184527
XLF,2001-07-03,23.31437873840332,23.419984817504883,23.26563835144043,23.338748931884766,14.172795295715332,129624
XLF,2001-07-05,23.346872329711914,23.4281063079834,23.176279067993164,23.19252586364746,14.084001541137695,134179
XLF,2001-07-06,23.030057907104492,23.04630470275879,22.69699478149414,22.721364974975586,13.797886848449707,869702
XLF,2001-07-09,22.786352157592773,22.826969146728516,22.567018508911133,22.794475555419922,13.842279434204102,1078848
XLF,2001-07-10,22.81072235107422,22.81072235107422,22.242080688476562,22.242080688476562,13.50683307647705,1396816
XLF,2001-07-11,22.177091598510742,22.25832748413086,21.86840057373047,22.201461791992188,13.482159614562988,9222160
XLF,2001-07-12,22.217708587646484,22.672624588012695,22.217708587646484,22.591388702392578,13.718952178955078,475043
XLF,2001-07-13,22.518278121948242,22.867586135864258,22.518278121948242,22.859464645385742,13.88174819946289,210870
XLF,2001-07-16,22.891958236694336,23.070674896240234,22.53452491760254,22.53452491760254,13.684417724609375,610453
XLF,2001-07-17,22.550771713256836,22.997562408447266,22.493907928466797,22.997562408447266,13.965609550476074,347019
XLF,2001-07-18,22.74573516845703,22.948822021484375,22.68074607849121,22.867586135864258,13.886677742004395,757681
XLF,2001-07-19,23.054426193237305,23.070674896240234,22.623882293701172,22.713241577148438,13.792952537536621,255802
XLF,2001-07-20,22.58326530456543,22.68074607849121,22.558895111083984,22.607635498046875,13.728824615478516,404999
XLF,2001-07-23,22.558895111083984,22.737611770629883,22.420795440673828,22.48578453063965,13.654826164245605,58596
XLF,2001-07-24,22.35580825805664,22.510154724121094,22.152721405029297,22.19333839416504,13.477228164672852,155598
XLF,2001-07-25,22.095857620239258,22.380178451538086,22.071487426757812,22.36393165588379,13.580826759338379,295932
XLF,2001-07-26,22.217708587646484,22.550771713256836,22.217708587646484,22.542648315429688,13.68935489654541,260849
XLF,2001-07-27,22.420795440673828,22.737611770629883,22.420795440673828,22.672624588012695,13.76828384399414,68567
XLF,2001-07-30,22.58326530456543,22.68074607849121,22.542648315429688,22.599512100219727,13.723894119262695,243492
XLF,2001-07-31,22.70511817932129,23.005685806274414,22.648252487182617,22.85133934020996,13.876811981201172,129378
XLF,2001-08-01,22.891958236694336,23.09504508972168,22.74573516845703,22.948822021484375,13.93601131439209,99834
XLF,2001-08-02,23.135662078857422,23.135662078857422,22.91632843017578,22.91632843017578,13.916284561157227,110544
XLF,2001-08-03,22.956945419311523,23.013809204101562,22.778228759765625,23.013809204101562,13.975475311279297,123346
XLF,2001-08-06,22.867586135864258,22.98131561279297,22.63200569152832,22.68074607849121,13.77321720123291,230320
XLF,2001-08-07,22.778228759765625,22.92445182800293,22.688871383666992,22.92445182800293,13.92121696472168,260110
XLF,2001-08-08,22.74573516845703,22.859464645385742,22.46141242980957,22.46141242980957,13.640028953552246,1906696
XLF,2001-08-09,22.502031326293945,22.567018508911133,22.347684860229492,22.567018508911133,13.704158782958984,698962
XLF,2001-08-10,22.46141242980957,22.648252487182617,22.339561462402344,22.58326530456543,13.71401596069336,201884
XLF,2001-08-13,22.664499282836914,22.68074607849121,22.420795440673828,22.558895111083984,13.69922924041748,80631
XLF,2001-08-14,22.623882293701172,22.778228759765625,22.46953773498535,22.567018508911133,13.704158782958984,390104
XLF,2001-08-15,22.52640151977539,22.713241577148438,22.46953773498535,22.477659225463867,13.649892807006836,113129
XLF,2001-08-16,22.396425247192383,22.477659225463867,22.242080688476562,22.412673950195312,13.610424995422363,448084
XLF,2001-08-17,22.25832748413086,22.380178451538086,21.990251541137695,22.07961082458496,13.408166885375977,383826
XLF,2001-08-20,22.095857620239258,22.3151912689209,22.095857620239258,22.2989444732666,13.541366577148438,2265779
XLF,2001-08-21,22.25832748413086,22.607635498046875,22.02274513244629,22.02274513244629,13.373639106750488,774176
XLF,2001-08-22,22.136474609375,22.274574279785156,21.9740047454834,22.120227813720703,13.43283462524414,2077928
XLF,2001-08-23,22.136474609375,22.242080688476562,22.06336212158203,22.12835121154785,13.437765121459961,220103
XLF,2001-08-24,22.055240631103516,22.250202178955078,21.990251541137695,22.18521499633789,13.472301483154297,459409
XLF,2001-08-27,22.217708587646484,22.217708587646484,21.900894165039062,21.96588134765625,13.339098930358887,1266330
XLF,2001-08-28,21.892770767211914,21.933387756347656,21.6165714263916,21.6165714263916,13.12697982788086,962519
XLF,2001-08-29,21.754671096801758,21.779041290283203,21.380990982055664,21.421607971191406,13.008591651916504,858992
XLF,2001-08-30,21.40536117553711,21.52721405029297,21.194150924682617,21.275386810302734,12.919795989990234,705117
XLF,2001-08-31,21.40536117553711,21.608448028564453,21.267261505126953,21.340373992919922,12.959251403808594,1232477
XLF,2001-09-04,21.210397720336914,21.649066925048828,21.039804458618164,21.251014709472656,12.904997825622559,904908
XLF,2001-09-05,21.023557662963867,21.324127197265625,20.812347412109375,21.12104034423828,12.826062202453613,1492957
XLF,2001-09-06,20.8610897064209,21.01543426513672,20.576766967773438,20.633630752563477,12.530074119567871,2382477
XLF,2001-09-07,20.316816329956055,20.641754150390625,20.073110580444336,20.22745704650879,12.283419609069824,1965292
XLF,2001-09-10,19.959383010864258,20.471162796020508,19.853776931762695,20.268075942993164,12.308087348937988,835357
XLF,2001-09-17,18.074735641479492,19.455726623535156,17.87164878845215,19.374492645263672,11.765442848205566,1864226
XLF,2001-09-18,19.252639770507812,19.415109634399414,19.090171813964844,19.130788803100586,11.61745834350586,3653239
XLF,2001-09-19,19.130788803100586,19.374492645263672,18.318439483642578,18.99268913269043,11.533594131469727,1039580
XLF,2001-09-20,18.505279541015625,18.700244903564453,18.115352630615234,18.15597152709961,11.025481224060059,777377
XLF,2001-09-21,17.181154251098633,18.237205505371094,17.181154251098633,17.790414810180664,10.851556777954102,1090789
XLF,2001-09-24,18.64337921142578,18.919578552246094,18.399675369262695,18.71649169921875,11.416437149047852,972121
XLF,2001-09-25,18.692119598388672,19.171405792236328,18.692119598388672,19.017059326171875,11.599769592285156,713365
XLF,2001-09-26,19.33387565612793,19.33387565612793,18.94394874572754,19.203899383544922,11.713736534118652,358837
XLF,2001-09-27,19.21202278137207,19.593826293945312,19.082046508789062,19.520715713500977,11.906988143920898,179234
XLF,2001-09-28,19.66693687438965,20.154346466064453,19.66693687438965,20.04874038696289,12.2290620803833,433066
XLF,2001-10-01,19.975629806518555,20.129976272583008,19.861900329589844,19.99187660217285,12.19438362121582,316244
XLF,2001-10-02,20.024370193481445,20.381803512573242,19.902517318725586,20.268075942993164,12.362849235534668,431712
XLF,2001-10-03,20.203086853027344,20.796100616455078,20.203086853027344,20.593013763427734,12.561054229736328,3204785
XLF,2001-10-04,20.67424964904785,20.755483627319336,20.324939727783203,20.430543899536133,12.461955070495605,2510501
XLF,2001-10-05,20.552396774291992,20.552396774291992,19.6588134765625,19.870023727416992,12.120050430297852,4035710
XLF,2001-10-08,19.642566680908203,19.675060272216797,19.33387565612793,19.423233032226562,11.847522735595703,1600916
XLF,2001-10-09,19.455726623535156,19.72380256652832,19.341997146606445,19.585702896118164,11.946624755859375,6144290
XLF,2001-10-10,19.471973419189453,20.016246795654297,19.471973419189453,19.89439582824707,12.134913444519043,2169022
XLF,2001-10-11,20.024370193481445,20.308692932128906,19.983753204345703,20.211210250854492,12.328167915344238,973475
XLF,2001-10-12,19.6588134765625,19.94313621520996,19.536962509155273,19.89439582824707,12.134913444519043,2233403
XLF,2001-10-15,19.72380256652832,20.10560417175293,19.618196487426758,19.983753204345703,12.189419746398926,443037
XLF,2001-10-16,20.064987182617188,20.463037490844727,20.064987182617188,20.308692932128906,12.387622833251953,1147292
XLF,2001-10-17,20.714866638183594,20.714866638183594,20.10560417175293,20.10560417175293,12.263752937316895,734415
XLF,2001-10-18,20.186840057373047,20.268075942993164,19.861900329589844,20.081235885620117,12.248892784118652,1246634
XLF,2001-10-19,19.902517318725586,19.918764114379883,19.512590408325195,19.756296157836914,12.050678253173828,1555122
XLF,2001-10-22,19.740049362182617,20.3411865234375,19.740049362182617,20.235580444335938,12.343033790588379,683205
XLF,2001-10-23,20.34930992126465,20.51177978515625,20.186840057373047,20.28432273864746,12.372756958007812,549026
XLF,2001-10-24,20.22745704650879,20.373680114746094,20.10560417175293,20.211210250854492,12.328167915344238,235860
XLF,2001-10-25,19.983753204345703,20.576766967773438,19.861900329589844,20.479284286499023,12.491677284240723,158060
XLF,2001-10-26,20.471162796020508,20.755483627319336,20.471162796020508,20.714866638183594,12.635376930236816,458301
XLF,2001-10-29,20.38992691040039,20.454914093017578,19.983753204345703,19.983753204345703,12.189419746398926,378656
XLF,2001-10-30,19.8212833404541,20.10560417175293,19.536962509155273,19.94313621520996,12.16464614868164,786363
XLF,2001-10-31,20.081235885620117,20.081235885620117,19.642566680908203,19.764419555664062,12.055638313293457,658585
XLF,2001-11-01,19.813159942626953,20.11372947692871,19.415109634399414,20.089357376098633,12.253844261169434,614023
XLF,2001-11-02,19.902517318725586,20.259950637817383,19.902517318725586,20.194963455200195,12.31825065612793,1044996
XLF,2001-11-05,20.593013763427734,20.641754150390625,20.38992691040039,20.633630752563477,12.58582592010498,187728
XLF,2001-11-06,20.633630752563477,20.90170669555664,20.39805030822754,20.885459899902344,12.73943042755127,1101622
XLF,2001-11-07,20.73111343383789,21.202274322509766,20.73111343383789,20.966693878173828,12.788987159729004,522313
XLF,2001-11-08,21.202274322509766,21.340373992919922,20.917953491210938,21.031681060791016,12.828624725341797,261341
XLF,2001-11-09,20.83671760559082,21.031681060791016,20.69049644470215,20.89358139038086,12.744390487670898,324492
XLF,2001-11-12,20.633630752563477,20.95857048034668,20.308692932128906,20.796100616455078,12.684927940368652,259495
XLF,2001-11-13,21.242891311645508,21.35662078857422,21.088546752929688,21.35662078857422,13.026827812194824,452762
XLF,2001-11-14,21.56783103942871,21.56783103942871,21.18602752685547,21.316003799438477,13.002054214477539,661047
XLF,2001-11-15,21.44597816467285,21.52721405029297,21.18602752685547,21.18602752685547,12.922773361206055,269466
XLF,2001-11-16,21.364744186401367,21.364744186401367,20.917953491210938,21.080421447753906,12.85834789276123,185142
XLF,2001-11-19,21.28350830078125,21.510967254638672,21.12916374206543,21.510967254638672,13.120970726013184,273774
XLF,2001-11-20,21.202274322509766,21.437854766845703,21.202274322509766,21.389114379882812,13.046639442443848,1038349
XLF,2001-11-21,21.161657333374023,21.28350830078125,21.01543426513672,21.202274322509766,12.932682991027832,71275
XLF,2001-11-23,21.080421447753906,21.551584243774414,21.080421447753906,21.52721405029297,13.130888938903809,66228
XLF,2001-11-26,21.470348358154297,21.69780731201172,21.372867584228516,21.640941619873047,13.200260162353516,443899
XLF,2001-11-27,21.56783103942871,21.80341148376465,21.372867584228516,21.68968391418457,13.229988098144531,860346
XLF,2001-11-28,21.364744186401367,21.584077835083008,20.999187469482422,21.039804458618164,12.833580017089844,640612
XLF,2001-11-29,21.161657333374023,21.299755096435547,20.95857048034668,21.267261505126953,12.972318649291992,717796
XLF,2001-11-30,21.202274322509766,21.242891311645508,21.039804458618164,21.047929763793945,12.838531494140625,419894
XLF,2001-12-03,20.83671760559082,20.877334594726562,20.641754150390625,20.755483627319336,12.660151481628418,424449
XLF,2001-12-04,20.796100616455078,21.12104034423828,20.69049644470215,21.039804458618164,12.833580017089844,1203179
XLF,2001-12-05,21.039804458618164,21.56783103942871,21.039804458618164,21.332250595092773,13.01196002960205,937407
XLF,2001-12-06,21.340373992919922,21.649066925048828,21.324127197265625,21.608448028564453,13.180429458618164,375947
XLF,2001-12-07,21.4541015625,21.640941619873047,21.380990982055664,21.46222686767578,13.0912446975708,961042
XLF,2001-12-10,21.52721405029297,21.52721405029297,21.080421447753906,21.12104034423828,12.883130073547363,191913
XLF,2001-12-11,21.210397720336914,21.486595153808594,21.12104034423828,21.242891311645508,12.957457542419434,1120456
XLF,2001-12-12,21.12104034423828,21.307880401611328,20.991064071655273,21.161657333374023,12.907901763916016,649722
XLF,2001-12-13,21.039804458618164,21.039804458618164,20.796100616455078,20.828594207763672,12.70474910736084,2516410
XLF,2001-12-14,20.877334594726562,20.877334594726562,20.641754150390625,20.714866638183594,12.635376930236816,1099652
XLF,2001-12-17,20.714866638183594,21.047929763793945,20.714866638183594,20.999187469482422,12.808799743652344,149443
XLF,2001-12-18,21.161657333374023,21.194150924682617,20.982940673828125,21.194150924682617,12.927727699279785,226504
XLF,2001-12-19,21.039804458618164,21.608448028564453,21.039804458618164,21.608448028564453,13.180429458618164,492400
XLF,2001-12-20,21.486595153808594,21.608448028564453,21.332250595092773,21.51909065246582,13.125926971435547,1054475
XLF,2001-12-21,21.340373992919922,21.364744186401367,21.080421447753906,21.275386810302734,13.033854484558105,574508
XLF,2001-12-24,21.28350830078125,21.28350830078125,21.153533935546875,21.259138107299805,13.023900985717773,218133
XLF,2001-12-26,21.316003799438477,21.44597816467285,21.259138107299805,21.35662078857422,13.083621978759766,103158
XLF,2001-12-27,21.364744186401367,21.44597816467285,21.210397720336914,21.340373992919922,13.073673248291016,663755
XLF,2001-12-28,21.40536117553711,21.665313720703125,21.40536117553711,21.56783103942871,13.2130126953125,1563739
XLF,2001-12-31,21.608448028564453,21.649066925048828,21.364744186401367,21.364744186401367,13.088602066040039,2223802
XLF,2002-01-02,21.242891311645508,21.44597816467285,21.039804458618164,21.340373992919922,13.073673248291016,632857
XLF,2002-01-03,21.44597816467285,21.52721405029297,21.29163360595703,21.486595153808594,13.163249969482422,194129
XLF,2002-01-04,21.608448028564453,21.852153778076172,21.608448028564453,21.770917892456055,13.337431907653809,762974
XLF,2002-01-07,21.852153778076172,21.925264358520508,21.608448028564453,21.714054107666016,13.302596092224121,495108
XLF,2002-01-08,21.730300903320312,21.730300903320312,21.29163360595703,21.413484573364258,13.118460655212402,338279
XLF,2002-01-09,21.52721405029297,21.770917892456055,21.413484573364258,21.52721405029297,13.18813705444336,494493
XLF,2002-01-10,21.44597816467285,21.649066925048828,21.40536117553711,21.44597816467285,13.138367652893066,479105
XLF,2002-01-11,21.770917892456055,21.770917892456055,21.324127197265625,21.324127197265625,13.063722610473633,3818562
XLF,2002-01-14,21.202274322509766,21.324127197265625,21.161657333374023,21.161657333374023,12.964189529418945,3340565
XLF,2002-01-15,21.210397720336914,21.62469482421875,21.210397720336914,21.62469482421875,13.247861862182617,3054111
XLF,2002-01-16,21.44597816467285,21.56783103942871,21.324127197265625,21.35662078857422,13.083621978759766,2094670
XLF,2002-01-17,21.68968391418457,21.68968391418457,21.46222686767578,21.559707641601562,13.208040237426758,269466
XLF,2002-01-18,21.40536117553711,21.6328182220459,21.40536117553711,21.478473663330078,13.158275604248047,153629
XLF,2002-01-22,21.608448028564453,21.608448028564453,21.364744186401367,21.40536117553711,13.113482475280762,104143
XLF,2002-01-23,21.364744186401367,21.608448028564453,21.28350830078125,21.502843856811523,13.17320442199707,450423
XLF,2002-01-24,21.608448028564453,21.730300903320312,21.494720458984375,21.52721405029297,13.18813705444336,3763536
XLF,2002-01-25,21.40536117553711,21.714054107666016,21.40536117553711,21.665313720703125,13.272729873657227,112021
XLF,2002-01-28,21.68968391418457,21.68968391418457,21.29163360595703,21.44597816467285,13.138367652893066,731337
XLF,2002-01-29,21.502843856811523,21.559707641601562,20.39805030822754,20.51177978515625,12.566052436828613,13945630
XLF,2002-01-30,20.471162796020508,21.44597816467285,19.94313621520996,20.771730422973633,12.72530460357666,13391803
XLF,2002-01-31,20.917953491210938,21.12104034423828,20.69049644470215,21.12104034423828,12.939302444458008,13490898
XLF,2002-02-01,21.080421447753906,21.080421447753906,20.747360229492188,20.8610897064209,12.780049324035645,5223749
XLF,2002-02-04,20.67424964904785,20.67424964904785,20.10560417175293,20.10560417175293,12.317221641540527,5459485
XLF,2002-02-05,20.064987182617188,20.186840057373047,19.78066635131836,20.10560417175293,12.317221641540527,5689559
XLF,2002-02-06,20.10560417175293,20.146223068237305,19.626319885253906,19.8212833404541,12.143040657043457,6310229
XLF,2002-02-07,19.78066635131836,20.21933364868164,19.740049362182617,20.00812339782715,12.257501602172852,8296325
XLF,2002-02-08,20.1787166595459,20.552396774291992,20.146223068237305,20.536148071289062,12.58098030090332,8454877
XLF,2002-02-11,20.544273376464844,20.714866638183594,20.316816329956055,20.714866638183594,12.69047737121582,971751
XLF,2002-02-12,20.552396774291992,20.706741333007812,20.471162796020508,20.479284286499023,12.546144485473633,568476
XLF,2002-02-13,20.51177978515625,20.95044708251953,20.51177978515625,20.89358139038086,12.799955368041992,5388456
XLF,2002-02-14,20.796100616455078,21.080421447753906,20.593013763427734,20.852964401245117,12.775074005126953,1636984
XLF,2002-02-15,20.755483627319336,20.83671760559082,20.487409591674805,20.528026580810547,12.57601261138916,2236358
XLF,2002-02-19,20.268075942993164,20.38992691040039,19.967506408691406,19.967506408691406,12.232617378234863,5077013
XLF,2002-02-20,20.10560417175293,20.34930992126465,19.71567726135254,20.3411865234375,12.46154499053955,8052710
XLF,2002-02-21,20.186840057373047,20.38992691040039,19.94313621520996,20.10560417175293,12.317221641540527,5889966
XLF,2002-02-22,19.740049362182617,20.024370193481445,19.577579498291016,19.983753204345703,12.242571830749512,8525291
XLF,2002-02-25,19.94313621520996,20.5036563873291,19.94313621520996,20.49553108215332,12.556099891662598,4633361
XLF,2002-02-26,20.38992691040039,20.66612434387207,20.308692932128906,20.479284286499023,12.546144485473633,2363643
XLF,2002-02-27,20.714866638183594,21.00731086730957,20.552396774291992,20.69049644470215,12.67553997039795,11507388
XLF,2002-02-28,20.67424964904785,21.039804458618164,20.67424964904785,20.755483627319336,12.715354919433594,1264360
XLF,2002-03-01,20.917953491210938,21.072298049926758,20.755483627319336,21.039804458618164,12.889534950256348,5791116
XLF,2002-03-04,21.364744186401367,21.770917892456055,21.242891311645508,21.754671096801758,13.327481269836426,7841470
XLF,2002-03-05,21.722177505493164,22.01462173461914,21.62469482421875,21.770917892456055,13.337431907653809,5306841
XLF,2002-03-06,21.892770767211914,22.217708587646484,21.779041290283203,22.136474609375,13.561384201049805,3081316
XLF,2002-03-07,22.095857620239258,22.242080688476562,21.770917892456055,21.941511154174805,13.441946029663086,3823732
XLF,2002-03-08,22.2989444732666,22.2989444732666,21.9740047454834,22.03899383544922,13.501665115356445,795965
XLF,2002-03-11,22.055240631103516,22.25832748413086,21.9740047454834,22.168968200683594,13.581293106079102,834987
XLF,2002-03-12,21.933387756347656,22.282697677612305,21.933387756347656,22.177091598510742,13.586272239685059,6107114
XLF,2002-03-13,22.177091598510742,22.19333839416504,21.86840057373047,21.9740047454834,13.461846351623535,2468155
XLF,2002-03-14,21.933387756347656,22.168968200683594,21.933387756347656,22.030868530273438,13.496691703796387,1599315
XLF,2002-03-15,22.055240631103516,22.48578453063965,22.055240631103516,22.420795440673828,13.781303405761719,3781509
XLF,2002-03-18,22.542648315429688,22.591388702392578,22.18521499633789,22.372055053710938,13.751349449157715,1940918
XLF,2002-03-19,22.502031326293945,22.542648315429688,22.339561462402344,22.36393165588379,13.74635124206543,409061
XLF,2002-03-20,22.339561462402344,22.339561462402344,22.01462173461914,22.01462173461914,13.531636238098145,4915506
XLF,2002-03-21,22.12835121154785,22.12835121154785,21.730300903320312,22.02274513244629,13.536630630493164,3618894
XLF,2002-03-22,22.03899383544922,22.250202178955078,21.900894165039062,22.01462173461914,13.531636238098145,2647512
XLF,2002-03-25,22.01462173461914,22.08773422241211,21.665313720703125,21.665313720703125,13.316924095153809,2828838
XLF,2002-03-26,21.68968391418457,22.177091598510742,21.68968391418457,21.933387756347656,13.481703758239746,1870751
XLF,2002-03-27,21.933387756347656,22.29081916809082,21.933387756347656,22.217708587646484,13.65647029876709,7761947
XLF,2002-03-28,22.12835121154785,22.35580825805664,22.02274513244629,22.055240631103516,13.556611061096191,1696687
XLF,2002-04-01,21.852153778076172,22.030868530273438,21.730300903320312,22.01462173461914,13.531636238098145,1177944
XLF,2002-04-02,21.811534881591797,22.177091598510742,21.811534881591797,22.095857620239258,13.58156967163086,467903
XLF,2002-04-03,22.136474609375,22.136474609375,21.73842430114746,21.770917892456055,13.381841659545898,4901596
XLF,2002-04-04,21.770917892456055,22.055240631103516,21.770917892456055,21.96588134765625,13.50168228149414,1331327
XLF,2002-04-05,22.12835121154785,22.282697677612305,22.071487426757812,22.071487426757812,13.566588401794434,4185892
XLF,2002-04-08,21.925264358520508,22.225833892822266,21.925264358520508,22.136474609375,13.60653305053711,147843
XLF,2002-04-09,22.25832748413086,22.420795440673828,22.18521499633789,22.274574279785156,13.691427230834961,1243187
XLF,2002-04-10,22.323314666748047,22.46141242980957,22.266450881958008,22.35580825805664,13.74135971069336,420017
XLF,2002-04-11,22.25832748413086,22.339561462402344,21.73842430114746,21.80341148376465,13.401814460754395,1543059
XLF,2002-04-12,21.998374938964844,22.160844802856445,21.884647369384766,22.07961082458496,13.5715913772583,1347330
XLF,2002-04-15,22.25832748413086,22.25832748413086,21.67343521118164,21.7952880859375,13.396824836730957,581155
XLF,2002-04-16,21.933387756347656,22.282697677612305,21.933387756347656,22.242080688476562,13.67144775390625,447345
XLF,2002-04-17,22.2989444732666,22.412673950195312,22.120227813720703,22.2989444732666,13.706403732299805,461871
XLF,2002-04-18,22.323314666748047,22.420795440673828,21.892770767211914,22.2989444732666,13.706403732299805,886812
XLF,2002-04-19,22.339561462402344,22.339561462402344,22.19333839416504,22.25832748413086,13.681435585021973,3157392
XLF,2002-04-22,22.14459800720215,22.209585189819336,21.892770767211914,21.9577579498291,13.496686935424805,1584297
XLF,2002-04-23,21.852153778076172,22.01462173461914,21.78716468811035,21.852153778076172,13.43177318572998,1449503
XLF,2002-04-24,21.933387756347656,22.01462173461914,21.67343521118164,21.714054107666016,13.346888542175293,4603325
XLF,2002-04-25,21.584077835083008,21.649066925048828,21.332250595092773,21.510967254638672,13.222061157226562,5007708
XLF,2002-04-26,21.543460845947266,21.68968391418457,21.332250595092773,21.429731369018555,13.172123908996582,1544536
XLF,2002-04-29,21.413484573364258,21.543460845947266,21.202274322509766,21.242891311645508,13.05728530883789,1378474
XLF,2002-04-30,21.299755096435547,21.665313720703125,21.22664451599121,21.494720458984375,13.21207332611084,1882938
XLF,2002-05-01,21.608448028564453,21.68968391418457,21.251014709472656,21.640941619873047,13.30195140838623,4520724
XLF,2002-05-02,21.730300903320312,21.852153778076172,21.608448028564453,21.852153778076172,13.43177318572998,995633
XLF,2002-05-03,21.762794494628906,21.84402847290039,21.6328182220459,21.74654769897461,13.366865158081055,1014344
XLF,2002-05-06,21.68968391418457,21.852153778076172,20.49553108215332,21.242891311645508,13.05728530883789,784270
XLF,2002-05-07,21.372867584228516,21.429731369018555,21.12916374206543,21.145410537719727,12.997366905212402,1236663
XLF,2002-05-08,21.608448028564453,21.819658279418945,21.56783103942871,21.770917892456055,13.381841659545898,3540110
XLF,2002-05-09,21.68968391418457,21.730300903320312,21.307880401611328,21.510967254638672,13.222061157226562,251247
XLF,2002-05-10,21.649066925048828,21.649066925048828,21.23476791381836,21.23476791381836,13.052289962768555,1595253
XLF,2002-05-13,21.299755096435547,21.6328182220459,21.202274322509766,21.6165714263916,13.28697681427002,449807
XLF,2002-05-14,21.884647369384766,21.949634552001953,21.730300903320312,21.949634552001953,13.49168872833252,636550
XLF,2002-05-15,21.884647369384766,22.112104415893555,21.84402847290039,21.84402847290039,13.426782608032227,1316678
XLF,2002-05-16,21.852153778076172,22.112104415893555,21.852153778076172,22.103981018066406,13.58656120300293,777130
XLF,2002-05-17,22.250202178955078,22.25832748413086,22.071487426757812,22.201461791992188,13.646486282348633,251493
XLF,2002-05-20,22.160844802856445,22.160844802856445,21.770917892456055,21.819658279418945,13.411808013916016,563675
XLF,2002-05-21,21.900894165039062,22.030868530273438,21.6165714263916,21.6165714263916,13.28697681427002,1061368
XLF,2002-05-22,21.608448028564453,21.665313720703125,21.46222686767578,21.657188415527344,13.31193733215332,1506129
XLF,2002-05-23,21.68968391418457,21.91714096069336,21.649066925048828,21.892770767211914,13.456740379333496,463718
XLF,2002-05-24,21.835905075073242,21.9740047454834,21.657188415527344,21.74654769897461,13.366865158081055,676188
XLF,2002-05-28,21.811534881591797,21.811534881591797,21.40536117553711,21.51909065246582,13.227046012878418,563552
XLF,2002-05-29,21.421607971191406,21.592201232910156,21.421607971191406,21.510967254638672,13.222061157226562,662278
XLF,2002-05-30,21.28350830078125,21.551584243774414,21.218521118164062,21.421607971191406,13.167133331298828,6239077
XLF,2002-05-31,21.364744186401367,21.681560516357422,21.364744186401367,21.429731369018555,13.172123908996582,4061685
XLF,2002-06-03,21.46222686767578,21.600324630737305,20.942323684692383,21.00731086730957,12.912473678588867,2347517
XLF,2002-06-04,20.83671760559082,21.01543426513672,20.73923683166504,20.869211196899414,12.827589988708496,949347
XLF,2002-06-05,20.926076889038086,21.12104034423828,20.909828186035156,21.072298049926758,12.952433586120605,754726
XLF,2002-06-06,20.999187469482422,21.01543426513672,20.60926055908203,20.61738395690918,12.672805786132812,2155604
XLF,2002-06-07,20.406173706054688,20.804224014282227,20.406173706054688,20.682371139526367,12.712753295898438,974706
XLF,2002-06-10,20.593013763427734,20.95857048034668,20.593013763427734,20.796100616455078,12.782654762268066,392320
XLF,2002-06-11,20.917953491210938,21.00731086730957,20.430543899536133,20.430543899536133,12.557960510253906,2651943
XLF,2002-06-12,20.38992691040039,20.60926055908203,20.194963455200195,20.544273376464844,12.6278657913208,957349
XLF,2002-06-13,20.471162796020508,20.49553108215332,20.04874038696289,20.064987182617188,12.333267211914062,2007761
XLF,2002-06-14,19.926889419555664,20.365556716918945,19.634443283081055,20.251827239990234,12.448108673095703,4250643
XLF,2002-06-17,20.552396774291992,21.169780731201172,20.34930992126465,21.161657333374023,13.007353782653809,2331637
XLF,2002-06-18,21.104793548583984,21.28350830078125,20.991064071655273,21.202274322509766,13.032318115234375,1546259
XLF,2002-06-19,21.161657333374023,21.194150924682617,20.934200286865234,20.999187469482422,12.907483100891113,691822
XLF,2002-06-20,20.95857048034668,20.95857048034668,20.528026580810547,20.576766967773438,12.647839546203613,4830567
XLF,2002-06-21,20.308692932128906,20.584890365600586,20.22745704650879,20.259950637817383,12.508407592773438,2956739
XLF,2002-06-24,20.22745704650879,20.487409591674805,19.853776931762695,20.316816329956055,12.5435152053833,3754304
XLF,2002-06-25,20.38992691040039,20.649877548217773,20.12185287475586,20.12185287475586,12.4231538772583,1340313
XLF,2002-06-26,19.4963436126709,19.845653533935547,19.43135643005371,19.740049362182617,12.187423706054688,5428956
XLF,2002-06-27,19.902517318725586,20.243703842163086,19.731924057006836,20.1624698638916,12.448229789733887,8380771
XLF,2002-06-28,20.308692932128906,20.552396774291992,20.235580444335938,20.422420501708984,12.608718872070312,2207060
XLF,2002-07-01,20.292444229125977,20.49553108215332,20.0,20.0,12.347923278808594,1532964
XLF,2002-07-02,19.983753204345703,20.097482681274414,19.675060272216797,19.72380256652832,12.17739486694336,5970350
XLF,2002-07-03,19.536962509155273,19.77254295349121,19.236392974853516,19.50446891784668,12.041980743408203,3744579
XLF,2002-07-05,19.72380256652832,20.259950637817383,19.72380256652832,20.251827239990234,12.503395080566406,476397
XLF,2002-07-08,20.146223068237305,20.406173706054688,19.99187660217285,20.146223068237305,12.43819522857666,3118739
XLF,2002-07-09,20.22745704650879,20.28432273864746,19.593826293945312,19.618196487426758,12.112196922302246,1062476
XLF,2002-07-10,19.691307067871094,19.77254295349121,18.927701950073242,18.99268913269043,11.726012229919434,3818316
XLF,2002-07-11,18.683996200561523,19.26888656616211,18.074735641479492,19.252639770507812,11.88650131225586,2439719
XLF,2002-07-12,19.33387565612793,19.33387565612793,18.862712860107422,18.968318939208984,11.710962295532227,1983141
XLF,2002-07-15,18.659626007080078,18.968318939208984,18.2047119140625,18.968318939208984,11.710962295532227,4184046
XLF,2002-07-16,18.854589462280273,19.017059326171875,18.497156143188477,18.586515426635742,11.475239753723145,10964886
XLF,2002-07-17,18.960195541381836,19.057676315307617,18.285945892333984,18.47278594970703,11.405022621154785,4069194
XLF,2002-07-18,18.521526336669922,18.562145233154297,17.782291412353516,17.831031799316406,11.008809089660645,4442925
XLF,2002-07-19,17.42485809326172,17.774166107177734,17.376117706298828,17.449228286743164,10.773079872131348,5113943
XLF,2002-07-22,17.181154251098633,17.506092071533203,16.68562126159668,16.85621452331543,10.406960487365723,3343027
XLF,2002-07-23,16.815597534179688,16.872461318969727,15.775792121887207,15.89764404296875,9.81513786315918,4142561
XLF,2002-07-24,15.150283813476562,16.872461318969727,15.10966682434082,16.85621452331543,10.406960487365723,9538896
XLF,2002-07-25,16.693744659423828,17.205524444580078,16.00324821472168,16.73436164855957,10.331724166870117,6495987
XLF,2002-07-26,16.831844329833984,17.24614143371582,16.73436164855957,17.24614143371582,10.647697448730469,4010475
XLF,2002-07-29,17.87164878845215,18.399675369262695,17.76604461669922,18.399675369262695,11.359882354736328,2448213
XLF,2002-07-30,18.237205505371094,18.60276222229004,17.944759368896484,18.440292358398438,11.384963989257812,4815672
XLF,2002-07-31,18.359058380126953,18.724613189697266,18.25345230102539,18.724613189697266,11.560498237609863,3552912
XLF,2002-08-01,18.59463882446289,18.627132415771484,18.220958709716797,18.26157569885254,11.27462100982666,1904726
XLF,2002-08-02,18.074735641479492,18.229082107543945,17.562957763671875,17.798538208007812,10.988744735717773,5632317
XLF,2002-08-05,17.70918083190918,17.70918083190918,17.067424774169922,17.099918365478516,10.557422637939453,3525338
XLF,2002-08-06,17.587326049804688,18.009748458862305,17.481721878051758,17.660438537597656,10.903477668762207,3835181
XLF,2002-08-07,18.074735641479492,18.074735641479492,17.522340774536133,17.887895584106445,11.043916702270508,1521024
XLF,2002-08-08,18.19658851623535,18.887083053588867,18.188465118408203,18.82209587097168,11.620681762695312,2540907
XLF,2002-08-09,18.562145233154297,19.1389102935791,18.521526336669922,18.98456573486328,11.720995903015137,1540597
XLF,2002-08-12,18.683996200561523,18.903331756591797,18.570268630981445,18.77335548400879,11.590594291687012,2078913
XLF,2002-08-13,18.757108688354492,19.04142951965332,18.32656478881836,18.32656478881836,11.314743041992188,3275322
XLF,2002-08-14,18.318439483642578,19.130788803100586,18.123477935791016,19.057676315307617,11.766132354736328,6039532
XLF,2002-08-15,19.293258666992188,19.33387565612793,19.04142951965332,19.293258666992188,11.911577224731445,5012755
XLF,2002-08-16,19.090171813964844,19.30950355529785,18.3671817779541,19.1551570892334,11.826313018798828,3326408
XLF,2002-08-19,19.171405792236328,19.699430465698242,19.090171813964844,19.642566680908203,12.127241134643555,3075777
XLF,2002-08-20,19.577579498291016,19.577579498291016,19.21202278137207,19.374492645263672,11.961731910705566,1092882
XLF,2002-08-21,19.577579498291016,19.577579498291016,19.10641860961914,19.415109634399414,11.986809730529785,1852163
XLF,2002-08-22,19.4963436126709,19.788789749145508,19.293258666992188,19.642566680908203,12.127241134643555,1302152
XLF,2002-08-23,19.455726623535156,19.520715713500977,19.171405792236328,19.228269577026367,11.871456146240234,907616
XLF,2002-08-26,19.317628860473633,19.61007308959961,19.147035598754883,19.512590408325195,12.04699420928955,1281594
XLF,2002-08-27,19.683183670043945,19.699430465698242,19.228269577026367,19.33387565612793,11.936650276184082,2430979
XLF,2002-08-28,19.171405792236328,19.27701187133789,18.838342666625977,19.017059326171875,11.741056442260742,3550573
XLF,2002-08-29,18.64337921142578,19.22014617919922,18.64337921142578,19.033306121826172,11.751082420349121,2221463
XLF,2002-08-30,18.927701950073242,19.43947982788086,18.927701950073242,19.073923110961914,11.776163101196289,2042352
XLF,2002-09-03,18.683996200561523,18.76523208618164,18.123477935791016,18.139724731445312,11.1993989944458,1085250
XLF,2002-09-04,18.115352630615234,18.55402183532715,18.09098243713379,18.48090934753418,11.410040855407715,2305294
XLF,2002-09-05,18.147846221923828,18.440292358398438,17.92038917541504,18.2047119140625,11.239513397216797,1393738
XLF,2002-09-06,18.48090934753418,18.64337921142578,18.42404556274414,18.48090934753418,11.410040855407715,1290211
XLF,2002-09-09,18.407798767089844,18.94394874572754,18.21283531188965,18.77335548400879,11.590594291687012,1389060
XLF,2002-09-10,18.77335548400879,18.82209587097168,18.48090934753418,18.659626007080078,11.520378112792969,896537
XLF,2002-09-11,18.99268913269043,18.99268913269043,18.505279541015625,18.55402183532715,11.455171585083008,423833
XLF,2002-09-12,18.399675369262695,18.47278594970703,18.009748458862305,18.03411865234375,11.13419246673584,598020
XLF,2002-09-13,17.952884674072266,18.25345230102539,17.93663787841797,18.172218322753906,11.219452857971191,5468841
XLF,2002-09-16,18.074735641479492,18.21283531188965,17.87164878845215,18.13159942626953,11.194378852844238,1678961
XLF,2002-09-17,18.497156143188477,18.497156143188477,17.725425720214844,17.74167251586914,10.953634262084961,1236540
XLF,2002-09-18,17.31925392150879,17.822908401489258,17.31925392150879,17.59545135498047,10.863359451293945,2772828
XLF,2002-09-19,17.30300521850586,17.42485809326172,16.945573806762695,16.986190795898438,10.487205505371094,1932916
XLF,2002-09-20,16.97806739807129,17.07554817199707,16.693744659423828,16.815597534179688,10.437792778015137,3090179
XLF,2002-09-23,16.774980545043945,16.95369529724121,16.409423828125,16.823720932006836,10.442829132080078,2354411
XLF,2002-09-24,16.5718936920166,17.01868438720703,16.376928329467773,16.498781204223633,10.241129875183105,3190506
XLF,2002-09-25,16.653127670288086,16.95369529724121,16.34443473815918,16.823720932006836,10.442829132080078,3056696
XLF,2002-09-26,16.945573806762695,17.384239196777344,16.896831512451172,17.311128616333008,10.745375633239746,3039462
XLF,2002-09-27,17.262388229370117,17.392364501953125,16.774980545043945,16.774980545043945,10.412576675415039,739092
XLF,2002-09-30,16.612510681152344,16.994314193725586,16.23883056640625,16.791227340698242,10.422659873962402,2894327
XLF,2002-10-01,16.937448501586914,17.53858757019043,16.709991455078125,17.506092071533203,10.866394996643066,4009490
XLF,2002-10-02,17.229894638061523,17.51421546936035,16.693744659423828,16.80747413635254,10.432745933532715,3379587
XLF,2002-10-03,16.823720932006836,16.888708114624023,16.133224487304688,16.133224487304688,10.0142240524292,4893841
XLF,2002-10-04,16.2469539642334,16.303817749023438,15.532088279724121,15.686433792114258,9.736896514892578,6431606
XLF,2002-10-07,15.540210723876953,15.783916473388672,15.10966682434082,15.190901756286621,9.429304122924805,7620998
XLF,2002-10-08,15.434605598449707,16.035743713378906,15.272135734558105,15.775792121887207,9.792359352111816,9535818
XLF,2002-10-09,15.47522258758545,15.564581871032715,15.06092643737793,15.10966682434082,9.378885269165039,5563874
XLF,2002-10-10,15.077173233032227,16.01137351989746,15.044678688049316,15.905768394470215,9.873044967651367,3856231
XLF,2002-10-11,16.409423828125,17.043054580688477,16.328187942504883,16.74248504638672,10.392409324645996,4509892
XLF,2002-10-14,16.5881404876709,17.002437591552734,16.5881404876709,16.864337921142578,10.468046188354492,2360689
XLF,2002-10-15,18.074735641479492,18.115352630615234,17.6848087310791,18.074735641479492,11.219362258911133,8202645
XLF,2002-10-16,17.790414810180664,17.98537826538086,17.660438537597656,17.749797821044922,11.017668724060059,1558200
XLF,2002-10-17,18.399675369262695,18.415922164916992,18.147846221923828,18.277822494506836,11.345422744750977,3501087
XLF,2002-10-18,18.03411865234375,18.53777313232422,17.952884674072266,18.26157569885254,11.335336685180664,2123475
XLF,2002-10-21,18.19658851623535,18.619009017944336,17.993501663208008,18.562145233154297,11.521905899047852,2262209
XLF,2002-10-22,18.26157569885254,18.489032745361328,18.21283531188965,18.391551971435547,11.41601848602295,2486743
XLF,2002-10-23,18.294069290161133,18.440292358398438,17.81478500366211,18.399675369262695,11.421055793762207,3397806
XLF,2002-10-24,18.440292358398438,18.627132415771484,18.001625061035156,18.066612243652344,11.214319229125977,2507424
XLF,2002-10-25,17.952884674072266,18.55402183532715,17.879772186279297,18.521526336669922,11.496691703796387,1323079
XLF,2002-10-28,18.846466064453125,18.846466064453125,18.32656478881836,18.47278594970703,11.466442108154297,4720885
XLF,2002-10-29,18.359058380126953,18.440292358398438,17.928512573242188,18.269699096679688,11.340380668640137,4215190
XLF,2002-10-30,18.359058380126953,18.562145233154297,18.237205505371094,18.47278594970703,11.466442108154297,2879678
XLF,2002-10-31,18.562145233154297,18.562145233154297,18.172218322753906,18.32656478881836,11.375675201416016,1211427
XLF,2002-11-01,18.21283531188965,18.635255813598633,18.050365447998047,18.586515426635742,11.537036895751953,1628982
XLF,2002-11-04,18.903331756591797,19.179529190063477,18.683996200561523,18.740861892700195,11.632838249206543,2811112
XLF,2002-11-05,18.627132415771484,18.87895965576172,18.60276222229004,18.805849075317383,11.673178672790527,2161144
XLF,2002-11-06,18.862712860107422,19.008935928344727,18.440292358398438,18.846466064453125,11.698391914367676,3861647
XLF,2002-11-07,18.53777313232422,18.619009017944336,18.139724731445312,18.164094924926758,11.274827003479004,6600745
XLF,2002-11-08,18.180341720581055,18.456539154052734,18.009748458862305,18.066612243652344,11.214319229125977,1975016
XLF,2002-11-11,17.969131469726562,18.09098243713379,17.749797821044922,17.87164878845215,11.093299865722656,2325359
XLF,2002-11-12,17.928512573242188,18.277822494506836,17.928512573242188,18.058488845825195,11.20927619934082,3575686
XLF,2002-11-13,17.887895584106445,18.570268630981445,17.69293212890625,17.969131469726562,11.153812408447266,2941844
XLF,2002-11-14,18.25345230102539,18.513404846191406,18.25345230102539,18.513404846191406,11.491655349731445,1733371
XLF,2002-11-15,18.37530517578125,18.692119598388672,18.220958709716797,18.683996200561523,11.597545623779297,3260673
XLF,2002-11-18,18.830219268798828,18.830219268798828,18.26157569885254,18.359058380126953,11.395848274230957,2133692
XLF,2002-11-19,18.294069290161133,18.53777313232422,18.172218322753906,18.3671817779541,11.40089225769043,1736941
XLF,2002-11-20,18.359058380126953,18.862712860107422,18.359058380126953,18.830219268798828,11.688302993774414,1210565
XLF,2002-11-21,19.073923110961914,19.317628860473633,19.017059326171875,19.27701187133789,11.965641021728516,2323389
XLF,2002-11-22,19.22014617919922,19.33387565612793,19.114540100097656,19.147035598754883,11.884958267211914,2845949
XLF,2002-11-25,19.171405792236328,19.301380157470703,18.911453247070312,19.114540100097656,11.864790916442871,3030968
XLF,2002-11-26,18.805849075317383,18.968318939208984,18.505279541015625,18.59463882446289,11.542074203491211,3413440
XLF,2002-11-27,18.781478881835938,19.195775985717773,18.724613189697266,19.171405792236328,11.900087356567383,931128
XLF,2002-11-29,19.10641860961914,19.187652587890625,19.008935928344727,19.008935928344727,11.79924488067627,531423
XLF,2002-12-02,19.252639770507812,19.39073944091797,18.82209587097168,19.008935928344727,11.79924488067627,2689120
XLF,2002-12-03,18.927701950073242,18.968318939208984,18.700244903564453,18.732738494873047,11.627793312072754,1062845
XLF,2002-12-04,18.562145233154297,18.87083625793457,18.53777313232422,18.732738494873047,11.627793312072754,692930
XLF,2002-12-05,18.76523208618164,18.76523208618164,18.3671817779541,18.407798767089844,11.426097869873047,987754
XLF,2002-12-06,18.123477935791016,18.675872802734375,17.98537826538086,18.55402183532715,11.516861915588379,1546259
XLF,2002-12-09,18.359058380126953,18.489032745361328,18.15597152709961,18.19658851623535,11.294998168945312,990093
XLF,2002-12-10,18.318439483642578,18.48090934753418,18.139724731445312,18.47278594970703,11.466442108154297,556904
XLF,2002-12-11,18.48090934753418,18.635255813598633,18.399675369262695,18.489032745361328,11.476531028747559,565029
XLF,2002-12-12,18.562145233154297,18.635255813598633,18.3671817779541,18.407798767089844,11.426097869873047,1037733
XLF,2002-12-13,18.19658851623535,18.42404556274414,18.13159942626953,18.19658851623535,11.294998168945312,948486
XLF,2002-12-16,18.277822494506836,18.748985290527344,18.277822494506836,18.71649169921875,11.61771297454834,1764392
XLF,2002-12-17,18.619009017944336,18.830219268798828,18.60276222229004,18.627132415771484,11.562243461608887,1374288
XLF,2002-12-18,18.399675369262695,18.505279541015625,18.229082107543945,18.277822494506836,11.345422744750977,1388076
XLF,2002-12-19,18.237205505371094,18.5458984375,18.03411865234375,18.115352630615234,11.244574546813965,1296489
XLF,2002-12-20,18.334686279296875,18.48090934753418,18.237205505371094,18.399675369262695,11.489580154418945,1749620
XLF,2002-12-23,18.342811584472656,18.521526336669922,18.25345230102539,18.359058380126953,11.464221000671387,765559
XLF,2002-12-24,18.359058380126953,18.359058380126953,18.164094924926758,18.19658851623535,11.36276626586914,879796
XLF,2002-12-26,18.359058380126953,18.505279541015625,18.107229232788086,18.139724731445312,11.327265739440918,735030
XLF,2002-12-27,18.115352630615234,18.164094924926758,17.757919311523438,17.80666160583496,11.119284629821777,520836
XLF,2002-12-30,17.831031799316406,18.058488845825195,17.749797821044922,17.93663787841797,11.200444221496582,2008007
XLF,2002-12-31,17.993501663208008,17.993501663208008,17.676685333251953,17.87164878845215,11.159856796264648,460025
XLF,2003-01-02,17.91226577758789,18.529651641845703,17.91226577758789,18.521526336669922,11.56567096710205,882750
XLF,2003-01-03,18.440292358398438,18.60276222229004,18.42404556274414,18.505279541015625,11.555526733398438,683451
XLF,2003-01-06,18.60276222229004,19.171405792236328,18.578392028808594,19.130788803100586,11.946122169494629,1277163
XLF,2003-01-07,19.090171813964844,19.1551570892334,18.862712860107422,18.919578552246094,11.814233779907227,740200
XLF,2003-01-08,18.724613189697266,18.952070236206055,18.683996200561523,18.724613189697266,11.692488670349121,489569
XLF,2003-01-09,18.683996200561523,19.1389102935791,18.683996200561523,19.09829330444336,11.92582893371582,829202
XLF,2003-01-10,18.846466064453125,19.236392974853516,18.846466064453125,19.090171813964844,11.920760154724121,728137
XLF,2003-01-13,19.252639770507812,19.4963436126709,19.025182723999023,19.147035598754883,11.956268310546875,2054170
XLF,2003-01-14,19.04955291748047,19.293258666992188,19.000812530517578,19.293258666992188,12.047574043273926,1443348
XLF,2003-01-15,19.33387565612793,19.33387565612793,18.94394874572754,19.008935928344727,11.870038986206055,4898518
XLF,2003-01-16,19.008935928344727,19.122665405273438,18.781478881835938,18.82209587097168,11.753360748291016,803597
XLF,2003-01-17,18.70836639404297,18.911453247070312,18.65150260925293,18.76523208618164,11.717860221862793,530930
XLF,2003-01-21,18.76523208618164,18.895206451416016,18.456539154052734,18.456539154052734,11.525091171264648,2112519
XLF,2003-01-22,18.318439483642578,18.440292358398438,18.15597152709961,18.164094924926758,11.342474937438965,2385555
XLF,2003-01-23,18.277822494506836,18.456539154052734,18.123477935791016,18.440292358398438,11.514947891235352,1340313
XLF,2003-01-24,18.245328903198242,18.245328903198242,17.668561935424805,17.733549118041992,11.073623657226562,3860293
XLF,2003-01-27,17.506092071533203,17.822908401489258,17.384239196777344,17.46547508239746,10.90622615814209,2973234
XLF,2003-01-28,17.546709060668945,17.733549118041992,17.53046226501465,17.717302322387695,11.063477516174316,4353185
XLF,2003-01-29,17.42485809326172,17.822908401489258,17.3436222076416,17.749797821044922,11.08377456665039,851729
XLF,2003-01-30,17.790414810180664,17.790414810180664,17.30300521850586,17.30300521850586,10.804773330688477,1813140
XLF,2003-01-31,17.384239196777344,17.668561935424805,17.238018035888672,17.64419174194336,11.017830848693848,1938333
XLF,2003-02-03,17.587326049804688,17.81478500366211,17.587326049804688,17.6848087310791,11.043190956115723,658339
XLF,2003-02-04,17.24614143371582,17.30300521850586,17.091794967651367,17.262388229370117,10.779409408569336,2820713
XLF,2003-02-05,17.408611297607422,17.546709060668945,17.099918365478516,17.099918365478516,10.677958488464355,2097009
XLF,2003-02-06,17.059301376342773,17.099918365478516,16.84809112548828,16.896831512451172,10.551138877868652,1260175
XLF,2003-02-07,16.929325103759766,17.108041763305664,16.693744659423828,16.783103942871094,10.480121612548828,1148154
XLF,2003-02-10,16.823720932006836,16.91307830810547,16.620634078979492,16.896831512451172,10.551138877868652,931375
XLF,2003-02-11,16.896831512451172,17.07554817199707,16.596263885498047,16.661251068115234,10.404032707214355,3490747
XLF,2003-02-12,16.75873374938965,16.823720932006836,16.450040817260742,16.450040817260742,10.272146224975586,1496773
XLF,2003-02-13,16.450040817260742,16.653127670288086,16.328187942504883,16.5718936920166,10.348235130310059,1472645
XLF,2003-02-14,16.555646896362305,16.961820602416992,16.490657806396484,16.945573806762695,10.581575393676758,2091100
XLF,2003-02-18,17.173030853271484,17.327375411987305,17.116165161132812,17.213647842407227,10.74897575378418,940607
XLF,2003-02-19,17.213647842407227,17.213647842407227,17.01868438720703,17.173030853271484,10.72360897064209,1223737
XLF,2003-02-20,17.25426483154297,17.25426483154297,16.961820602416992,17.010560989379883,10.622159957885742,692191
XLF,2003-02-21,16.937448501586914,17.311128616333008,16.823720932006836,17.262388229370117,10.779409408569336,1303260
XLF,2003-02-24,17.140535354614258,17.140535354614258,16.79935073852539,16.80747413635254,10.495341300964355,992309
XLF,2003-02-25,16.5881404876709,16.986190795898438,16.51502799987793,16.969942092895508,10.59679126739502,970767
XLF,2003-02-26,16.937448501586914,16.937448501586914,16.693744659423828,16.774980545043945,10.47504997253418,534254
XLF,2003-02-27,16.774980545043945,17.108041763305664,16.774980545043945,17.01868438720703,10.627229690551758,1912728
XLF,2003-02-28,17.099918365478516,17.262388229370117,16.97806739807129,17.099918365478516,10.677958488464355,3912487
XLF,2003-03-03,17.30300521850586,17.30300521850586,16.872461318969727,16.91307830810547,10.561285972595215,990340
XLF,2003-03-04,16.896831512451172,16.969942092895508,16.669374465942383,16.669374465942383,10.409106254577637,252109
XLF,2003-03-05,16.612510681152344,16.91307830810547,16.612510681152344,16.90495491027832,10.556206703186035,566260
XLF,2003-03-06,16.839967727661133,16.896831512451172,16.661251068115234,16.669374465942383,10.409106254577637,918080
XLF,2003-03-07,16.50690460205078,16.85621452331543,16.425670623779297,16.815597534179688,10.500419616699219,689606
XLF,2003-03-10,16.709991455078125,16.709991455078125,16.17384147644043,16.206335067749023,10.119963645935059,2397373
XLF,2003-03-11,16.18196678161621,16.360681533813477,15.905768394470215,15.938261985778809,9.952564239501953,3654347
XLF,2003-03-12,15.913890838623047,15.970754623413086,15.556458473205566,15.962632179260254,9.967780113220215,5844542
XLF,2003-03-13,16.409423828125,16.645004272460938,16.149471282958984,16.645004272460938,10.393887519836426,3621356
XLF,2003-03-14,16.73436164855957,16.888708114624023,16.555646896362305,16.718114852905273,10.439542770385742,1992866
XLF,2003-03-17,16.531274795532227,17.311128616333008,16.531274795532227,17.229894638061523,10.759121894836426,2146864
XLF,2003-03-18,17.41673469543457,17.41673469543457,17.156782150268555,17.327375411987305,10.819992065429688,1622458
XLF,2003-03-19,17.30300521850586,17.587326049804688,17.29488182067871,17.579204559326172,10.977245330810547,2116705
XLF,2003-03-20,17.47359848022461,17.717302322387695,17.173030853271484,17.603574752807617,10.992462158203125,1225337
XLF,2003-03-21,17.790414810180664,18.017871856689453,17.522340774536133,17.969131469726562,11.271185874938965,1205026
XLF,2003-03-24,17.46547508239746,17.587326049804688,17.30300521850586,17.3436222076416,10.87883472442627,940853
XLF,2003-03-25,17.408611297607422,17.59545135498047,17.270511627197266,17.47359848022461,10.960355758666992,1822619
XLF,2003-03-26,17.384239196777344,17.497968673706055,17.270511627197266,17.392364501953125,10.90941047668457,1738541
XLF,2003-03-27,17.181154251098633,17.432981491088867,17.116165161132812,17.286758422851562,10.843167304992676,287562
XLF,2003-03-28,17.140535354614258,17.327375411987305,17.140535354614258,17.270511627197266,10.832978248596191,902569
XLF,2003-03-31,16.896831512451172,17.140535354614258,16.864337921142578,16.864337921142578,10.578205108642578,820215
XLF,2003-04-01,16.97806739807129,17.3436222076416,16.90495491027832,17.311128616333008,10.858450889587402,624609
XLF,2003-04-02,17.668561935424805,17.904142379760742,17.619821548461914,17.76604461669922,11.14379596710205,1872351
XLF,2003-04-03,17.952884674072266,17.952884674072266,17.619821548461914,17.6848087310791,11.092845916748047,1878875
XLF,2003-04-04,17.80666160583496,17.91226577758789,17.733549118041992,17.863525390625,11.20494556427002,1319878
XLF,2003-04-07,18.440292358398438,18.456539154052734,17.847278594970703,17.928512573242188,11.245708465576172,7264747
XLF,2003-04-08,17.993501663208008,18.017871856689453,17.80666160583496,17.928512573242188,11.245708465576172,676558
XLF,2003-04-09,17.952884674072266,18.164094924926758,17.627944946289062,17.676685333251953,11.087745666503906,1120456
XLF,2003-04-10,17.749797821044922,17.822908401489258,17.63606834411621,17.822908401489258,11.179464340209961,781193
XLF,2003-04-11,18.009748458862305,18.13159942626953,17.749797821044922,17.81478500366211,11.174370765686035,1569279
XLF,2003-04-14,17.839155197143555,18.269699096679688,17.839155197143555,18.172218322753906,11.398571968078613,1383521
XLF,2003-04-15,18.277822494506836,18.529651641845703,18.147846221923828,18.48090934753418,11.592199325561523,944546
XLF,2003-04-16,18.740861892700195,18.740861892700195,18.19658851623535,18.229082107543945,11.434239387512207,2807296
XLF,2003-04-17,18.342811584472656,18.55402183532715,18.2047119140625,18.55402183532715,11.638055801391602,1000803
XLF,2003-04-21,18.521526336669922,18.610885620117188,18.415922164916992,18.489032745361328,11.597298622131348,604298
XLF,2003-04-22,18.415922164916992,19.065799713134766,18.342811584472656,19.057676315307617,11.953980445861816,2187364
XLF,2003-04-23,19.1389102935791,19.252639770507812,18.94394874572754,19.195775985717773,12.040604591369629,5352019
XLF,2003-04-24,19.171405792236328,19.171405792236328,18.692119598388672,18.797725677490234,11.790926933288574,2339762
XLF,2003-04-25,18.846466064453125,18.846466064453125,18.5458984375,18.59463882446289,11.663535118103027,1955320
XLF,2003-04-28,18.635255813598633,19.008935928344727,18.627132415771484,18.919578552246094,11.867353439331055,543487
XLF,2003-04-29,19.04955291748047,19.114540100097656,18.748985290527344,18.94394874572754,11.88263988494873,3207001
XLF,2003-04-30,18.830219268798828,19.073923110961914,18.805849075317383,18.98456573486328,11.908121109008789,1805262
XLF,2003-05-01,18.976442337036133,19.04955291748047,18.65150260925293,18.976442337036133,11.90302562713623,1844284
XLF,2003-05-02,18.846466064453125,19.471973419189453,18.846466064453125,19.27701187133789,12.091557502746582,13992654
XLF,2003-05-05,19.43947982788086,19.43947982788086,19.1389102935791,19.195775985717773,12.040604591369629,1478923
XLF,2003-05-06,19.252639770507812,19.4800968170166,19.179529190063477,19.341997146606445,12.132322311401367,2682103
XLF,2003-05-07,19.293258666992188,19.415109634399414,19.130788803100586,19.22014617919922,12.055891036987305,1212043
XLF,2003-05-08,18.846466064453125,19.21202278137207,18.846466064453125,19.000812530517578,11.918315887451172,9815379
XLF,2003-05-09,19.082046508789062,19.1551570892334,18.862712860107422,19.122665405273438,11.994745254516602,2299139
XLF,2003-05-12,19.025182723999023,19.415109634399414,18.99268913269043,19.341997146606445,12.132322311401367,729983
XLF,2003-05-13,19.32575035095215,19.447603225708008,19.236392974853516,19.285133361816406,12.096647262573242,2092331
XLF,2003-05-14,19.447603225708008,19.447603225708008,19.187652587890625,19.27701187133789,12.091557502746582,1343513
XLF,2003-05-15,19.39073944091797,19.4800968170166,19.26888656616211,19.471973419189453,12.213849067687988,2835609
XLF,2003-05-16,19.398862838745117,19.61007308959961,19.30950355529785,19.520715713500977,12.24442195892334,3372448
XLF,2003-05-19,19.4963436126709,19.4963436126709,18.976442337036133,18.99268913269043,11.91322135925293,3054480
XLF,2003-05-20,19.130788803100586,19.130788803100586,18.81397247314453,19.008935928344727,11.92341136932373,4160534
XLF,2003-05-21,18.895206451416016,19.122665405273438,18.854589462280273,19.04955291748047,11.948884010314941,3389066
XLF,2003-05-22,19.090171813964844,19.21202278137207,19.000812530517578,19.10641860961914,11.984554290771484,5012878
XLF,2003-05-23,19.171405792236328,19.203899383544922,19.025182723999023,19.179529190063477,12.030410766601562,1982895
XLF,2003-05-27,18.968318939208984,19.577579498291016,18.968318939208984,19.528837203979492,12.249516487121582,3223620
XLF,2003-05-28,19.699430465698242,19.88627052307129,19.618196487426758,19.764419555664062,12.397285461425781,13509117
XLF,2003-05-29,19.788789749145508,19.861900329589844,19.520715713500977,19.55320930480957,12.264805793762207,1374042
XLF,2003-05-30,19.675060272216797,19.983753204345703,19.618196487426758,19.95125961303711,12.514483451843262,2552848
XLF,2003-06-02,20.146223068237305,20.430543899536133,20.064987182617188,20.129976272583008,12.626585960388184,7480418
XLF,2003-06-03,20.064987182617188,20.28432273864746,20.04874038696289,20.243703842163086,12.697917938232422,2105749
XLF,2003-06-04,20.251827239990234,20.593013763427734,20.194963455200195,20.536148071289062,12.881353378295898,2220355
XLF,2003-06-05,20.38992691040039,20.73923683166504,20.38992691040039,20.66612434387207,12.962882041931152,3676012
XLF,2003-06-06,20.909828186035156,21.088546752929688,20.593013763427734,20.649877548217773,12.952692985534668,5206884
XLF,2003-06-09,20.308692932128906,20.471162796020508,20.146223068237305,20.21933364868164,12.682628631591797,4170259
XLF,2003-06-10,20.268075942993164,20.406173706054688,20.186840057373047,20.38992691040039,12.789632797241211,4221838
XLF,2003-06-11,20.39805030822754,20.73923683166504,20.373680114746094,20.698619842529297,12.983263969421387,2837455
XLF,2003-06-12,20.877334594726562,20.89358139038086,20.479284286499023,20.658002853393555,12.957791328430176,3424642
XLF,2003-06-13,20.69049644470215,20.77985382080078,20.479284286499023,20.584890365600586,12.9119291305542,1011390
XLF,2003-06-16,20.67424964904785,21.12104034423828,20.67424964904785,21.088546752929688,13.227849960327148,1191485
XLF,2003-06-17,21.324127197265625,21.324127197265625,20.999187469482422,21.080421447753906,13.222750663757324,2484897
XLF,2003-06-18,21.031681060791016,21.031681060791016,20.755483627319336,20.877334594726562,13.095369338989258,4554823
XLF,2003-06-19,20.812347412109375,20.89358139038086,20.373680114746094,20.381803512573242,12.784539222717285,4695157
XLF,2003-06-20,20.38992691040039,20.5199031829834,20.292444229125977,20.34930992126465,12.823444366455078,4349492
XLF,2003-06-23,20.308692932128906,20.308692932128906,19.94313621520996,20.032493591308594,12.623800277709961,2499053
XLF,2003-06-24,19.983753204345703,20.203086853027344,19.926889419555664,20.146223068237305,12.695466995239258,2102179
XLF,2003-06-25,20.073110580444336,20.357433319091797,20.00812339782715,20.016246795654297,12.613564491271973,3576794
XLF,2003-06-26,20.040616989135742,20.21933364868164,19.902517318725586,20.186840057373047,12.72106647491455,2812343
XLF,2003-06-27,20.268075942993164,20.268075942993164,19.959383010864258,20.016246795654297,12.613564491271973,605406
XLF,2003-06-30,20.024370193481445,20.129976272583008,19.902517318725586,19.94313621520996,12.567490577697754,1038472
XLF,2003-07-01,19.78066635131836,20.211210250854492,19.731924057006836,20.1787166595459,12.715948104858398,2531059
XLF,2003-07-02,20.308692932128906,20.430543899536133,20.22745704650879,20.430543899536133,12.874638557434082,853575
XLF,2003-07-03,20.406173706054688,20.479284286499023,20.268075942993164,20.33306312561035,12.813206672668457,678158
XLF,2003-07-07,20.593013763427734,20.796100616455078,20.422420501708984,20.682371139526367,13.033333778381348,735030
XLF,2003-07-08,20.633630752563477,20.909828186035156,20.60926055908203,20.820470809936523,13.120356559753418,1429807
XLF,2003-07-09,20.714866638183594,20.95857048034668,20.67424964904785,20.78797721862793,13.099884033203125,851237
XLF,2003-07-10,20.78797721862793,20.78797721862793,20.373680114746094,20.487409591674805,12.910470962524414,629903
XLF,2003-07-11,20.593013763427734,20.77985382080078,20.536148071289062,20.771730422973633,13.089637756347656,2405866
XLF,2003-07-14,21.161657333374023,21.34849739074707,20.34930992126465,21.161657333374023,13.335362434387207,2325482
XLF,2003-07-15,21.202274322509766,21.29163360595703,20.982940673828125,21.047929763793945,13.263689994812012,3559437
XLF,2003-07-16,21.137287139892578,21.202274322509766,20.804224014282227,20.942323684692383,13.1971435546875,1719338
XLF,2003-07-17,20.714866638183594,20.877334594726562,20.528026580810547,20.593013763427734,12.977017402648926,3673427
XLF,2003-07-18,20.66612434387207,20.89358139038086,20.61738395690918,20.8448429107666,13.135716438293457,1803046
XLF,2003-07-21,20.828594207763672,20.8448429107666,20.552396774291992,20.601137161254883,12.982134819030762,462241
XLF,2003-07-22,20.83671760559082,20.8610897064209,20.5036563873291,20.804224014282227,13.11012077331543,2533521
XLF,2003-07-23,20.852964401245117,20.877334594726562,20.601137161254883,20.73923683166504,13.069168090820312,875241
XLF,2003-07-24,20.820470809936523,20.991064071655273,20.649877548217773,20.649877548217773,13.012857437133789,988862
XLF,2003-07-25,20.755483627319336,21.137287139892578,20.67424964904785,21.137287139892578,13.31999683380127,899738
XLF,2003-07-28,21.242891311645508,21.242891311645508,20.95857048034668,21.05605125427246,13.26880931854248,2601965
XLF,2003-07-29,21.01543426513672,21.05605125427246,20.755483627319336,20.828594207763672,13.125473022460938,5167738
XLF,2003-07-30,20.95857048034668,20.95857048034668,20.763607025146484,20.83671760559082,13.13058853149414,3980808
XLF,2003-07-31,21.080421447753906,21.145410537719727,20.796100616455078,20.812347412109375,13.115228652954102,1882691
XLF,2003-08-01,20.8610897064209,20.8610897064209,20.38992691040039,20.406173706054688,12.859282493591309,7986482
XLF,2003-08-04,20.34930992126465,20.487409591674805,20.0,20.430543899536133,12.874638557434082,8349134
XLF,2003-08-05,20.593013763427734,20.593013763427734,20.097482681274414,20.097482681274414,12.664755821228027,3523122
XLF,2003-08-06,20.211210250854492,20.544273376464844,20.11372947692871,20.373680114746094,12.838804244995117,5904368
XLF,2003-08-07,20.357433319091797,20.5036563873291,20.1787166595459,20.471162796020508,12.90023136138916,1837144
XLF,2003-08-08,20.593013763427734,20.633630752563477,20.49553108215332,20.56864356994629,12.961661338806152,2422239
XLF,2003-08-11,20.633630752563477,20.69049644470215,20.414297103881836,20.528026580810547,12.93607234954834,967689
XLF,2003-08-12,20.67424964904785,20.78797721862793,20.601137161254883,20.771730422973633,13.089637756347656,2063156
XLF,2003-08-13,20.89358139038086,20.89358139038086,20.552396774291992,20.61738395690918,12.992377281188965,2877832
XLF,2003-08-14,20.60926055908203,20.8610897064209,20.536148071289062,20.812347412109375,13.115228652954102,2603442
XLF,2003-08-15,20.796100616455078,20.828594207763672,20.698619842529297,20.796100616455078,13.104996681213379,350466
XLF,2003-08-18,20.755483627319336,20.89358139038086,20.73923683166504,20.820470809936523,13.120356559753418,886197
XLF,2003-08-19,20.8448429107666,20.89358139038086,20.658002853393555,20.796100616455078,13.104996681213379,3427104
XLF,2003-08-20,20.67424964904785,20.852964401245117,20.67424964904785,20.747360229492188,13.074285507202148,2123967
XLF,2003-08-21,20.917953491210938,20.974817276000977,20.658002853393555,20.747360229492188,13.074285507202148,2815666
XLF,2003-08-22,20.796100616455078,20.869211196899414,20.34930992126465,20.34930992126465,12.823444366455078,8035229
XLF,2003-08-25,20.308692932128906,20.43866729736328,20.22745704650879,20.422420501708984,12.86952018737793,5579138
XLF,2003-08-26,20.357433319091797,20.544273376464844,20.194963455200195,20.463037490844727,12.895112991333008,4568980
XLF,2003-08-27,20.430543899536133,20.430543899536133,20.324939727783203,20.381803512573242,12.843920707702637,1329972
XLF,2003-08-28,20.34930992126465,20.51177978515625,20.235580444335938,20.471162796020508,12.90023136138916,2550755
XLF,2003-08-29,20.430543899536133,20.60926055908203,20.381803512573242,20.56864356994629,12.961661338806152,1859056
XLF,2003-09-02,20.625507354736328,20.95044708251953,20.56864356994629,20.934200286865234,13.192021369934082,4215806
XLF,2003-09-03,20.991064071655273,21.039804458618164,20.83671760559082,20.974817276000977,13.217623710632324,5717749
XLF,2003-09-04,20.999187469482422,20.999187469482422,20.812347412109375,20.885459899902344,13.161299705505371,4942711
XLF,2003-09-05,20.796100616455078,20.999187469482422,20.73923683166504,20.78797721862793,13.099884033203125,5862884
XLF,2003-09-08,20.90170669555664,21.05605125427246,20.714866638183594,20.991064071655273,13.227858543395996,4395409
XLF,2003-09-09,20.934200286865234,20.934200286865234,20.77985382080078,20.885459899902344,13.161299705505371,3319268
XLF,2003-09-10,20.747360229492188,20.89358139038086,20.51177978515625,20.544273376464844,12.946306228637695,4416705
XLF,2003-09-11,20.552396774291992,20.771730422973633,20.552396774291992,20.633630752563477,13.002618789672852,3574332
XLF,2003-09-12,20.593013763427734,20.73111343383789,20.51177978515625,20.66612434387207,13.023091316223145,7542091
XLF,2003-09-15,20.67424964904785,20.706741333007812,20.528026580810547,20.66612434387207,13.023091316223145,2608981
XLF,2003-09-16,20.625507354736328,20.95857048034668,20.625507354736328,20.909828186035156,13.176664352416992,6236862
XLF,2003-09-17,20.95857048034668,21.023557662963867,20.877334594726562,20.942323684692383,13.1971435546875,3344750
XLF,2003-09-18,20.999187469482422,21.478473663330078,20.966693878173828,21.44597816467285,13.514528274536133,13455692
XLF,2003-09-19,21.242891311645508,21.324127197265625,21.145410537719727,21.299755096435547,13.493424415588379,4959945
XLF,2003-09-22,21.039804458618164,21.080421447753906,20.89358139038086,20.991064071655273,13.29787826538086,4510384
XLF,2003-09-23,21.031681060791016,21.17790412902832,20.95857048034668,21.137287139892578,13.390503883361816,5882703
XLF,2003-09-24,21.242891311645508,21.242891311645508,20.755483627319336,20.771730422973633,13.15892505645752,5223872
XLF,2003-09-25,20.83671760559082,20.917953491210938,20.373680114746094,20.67424964904785,13.097176551818848,3598336
XLF,2003-09-26,20.61738395690918,20.73111343383789,20.552396774291992,20.56052017211914,13.02511978149414,1632675
XLF,2003-09-29,20.69049644470215,20.804224014282227,20.584890365600586,20.77985382080078,13.16407299041748,763097
XLF,2003-09-30,20.77985382080078,20.796100616455078,20.487409591674805,20.641754150390625,13.076590538024902,2792031
XLF,2003-10-01,20.714866638183594,21.194150924682617,20.714866638183594,21.161657333374023,13.405948638916016,2844102
XLF,2003-10-02,21.12104034423828,21.267261505126953,21.096668243408203,21.202274322509766,13.43167781829834,2233773
XLF,2003-10-03,21.44597816467285,21.6165714263916,21.28350830078125,21.364744186401367,13.534600257873535,1855979
XLF,2003-10-06,21.389114379882812,21.52721405029297,21.316003799438477,21.46222686767578,13.596353530883789,1690902
XLF,2003-10-07,21.324127197265625,21.600324630737305,21.275386810302734,21.592201232910156,13.678694725036621,836834
XLF,2003-10-08,21.600324630737305,21.665313720703125,21.486595153808594,21.559707641601562,13.658110618591309,1104576
XLF,2003-10-09,21.80341148376465,21.827781677246094,21.584077835083008,21.6165714263916,13.694131851196289,2746853
XLF,2003-10-10,21.608448028564453,21.705930709838867,21.592201232910156,21.6165714263916,13.694131851196289,2756209
XLF,2003-10-13,21.811534881591797,21.9740047454834,21.74654769897461,21.9577579498291,13.9102783203125,1916790
XLF,2003-10-14,21.9740047454834,22.103981018066406,21.876522064208984,22.08773422241211,13.99261474609375,3365677
XLF,2003-10-15,22.274574279785156,22.282697677612305,21.90901756286621,22.030868530273438,13.95659065246582,2196966
XLF,2003-10-16,22.030868530273438,22.14459800720215,21.941511154174805,22.055240631103516,13.972028732299805,7777089
XLF,2003-10-17,22.02274513244629,22.055240631103516,21.73842430114746,21.860275268554688,13.84852123260498,3809330
XLF,2003-10-20,21.860275268554688,21.933387756347656,21.714054107666016,21.86840057373047,13.853665351867676,1654218
XLF,2003-10-21,21.9740047454834,21.9740047454834,21.762794494628906,21.860275268554688,13.84852123260498,3411347
XLF,2003-10-22,21.56783103942871,21.714054107666016,21.44597816467285,21.551584243774414,13.652960777282715,10436664
XLF,2003-10-23,21.40536117553711,21.819658279418945,21.40536117553711,21.69780731201172,13.745594024658203,2904791
XLF,2003-10-24,21.56783103942871,21.68968391418457,21.4541015625,21.67343521118164,13.7301607131958,1061614
XLF,2003-10-27,21.68968391418457,21.96588134765625,21.57595443725586,21.67343521118164,13.7301607131958,5143364
XLF,2003-10-28,21.892770767211914,21.949634552001953,21.665313720703125,21.949634552001953,13.905123710632324,2153511
XLF,2003-10-29,21.811534881591797,22.047115325927734,21.811534881591797,21.982128143310547,13.925712585449219,2228479
XLF,2003-10-30,22.055240631103516,22.217708587646484,21.933387756347656,22.01462173461914,13.946290969848633,2496468
XLF,2003-10-31,22.136474609375,22.14459800720215,22.03899383544922,22.071487426757812,13.982318878173828,1426729
XLF,2003-11-03,22.136474609375,22.372055053710938,22.095857620239258,22.30706787109375,14.13156509399414,2652313
XLF,2003-11-04,22.250202178955078,22.2989444732666,22.160844802856445,22.19333839416504,14.059514045715332,1506744
XLF,2003-11-05,22.168968200683594,22.201461791992188,21.949634552001953,22.14459800720215,14.028634071350098,2736759
XLF,2003-11-06,22.177091598510742,22.250202178955078,21.9740047454834,22.250202178955078,14.095536231994629,2703645
XLF,2003-11-07,22.25832748413086,22.323314666748047,22.01462173461914,22.01462173461914,13.946290969848633,3147298
XLF,2003-11-10,22.07961082458496,22.07961082458496,21.933387756347656,22.03899383544922,13.961742401123047,3741255
XLF,2003-11-11,21.892770767211914,22.047115325927734,21.892770767211914,21.96588134765625,13.915420532226562,1074048
XLF,2003-11-12,22.055240631103516,22.14459800720215,21.990251541137695,22.136474609375,14.023489952087402,1362963
XLF,2003-11-13,22.136474609375,22.136474609375,21.990251541137695,22.06336212158203,13.97717571258545,1314462
XLF,2003-11-14,22.095857620239258,22.103981018066406,21.730300903320312,21.779041290283203,13.7970609664917,2110919
XLF,2003-11-17,21.559707641601562,21.74654769897461,21.543460845947266,21.722177505493164,13.761028289794922,5482751
XLF,2003-11-18,21.7952880859375,21.819658279418945,21.470348358154297,21.470348358154297,13.601493835449219,3695093
XLF,2003-11-19,21.52721405029297,21.640941619873047,21.372867584228516,21.6328182220459,13.704424858093262,932113
XLF,2003-11-20,21.543460845947266,21.705930709838867,21.413484573364258,21.44597816467285,13.586061477661133,2341731
XLF,2003-11-21,21.52721405029297,21.600324630737305,21.46222686767578,21.56783103942871,13.663251876831055,1743219
XLF,2003-11-24,21.770917892456055,21.811534881591797,21.68968391418457,21.770917892456055,13.791905403137207,1652494
XLF,2003-11-25,21.770917892456055,21.933387756347656,21.730300903320312,21.892770767211914,13.869104385375977,3932676
XLF,2003-11-26,22.055240631103516,22.055240631103516,21.827781677246094,22.02274513244629,13.951443672180176,1163664
XLF,2003-11-28,22.06336212158203,22.095857620239258,21.96588134765625,21.990251541137695,13.93085765838623,1084757
XLF,2003-12-01,22.112104415893555,22.25832748413086,22.07961082458496,22.242080688476562,14.09039306640625,1460828
XLF,2003-12-02,22.177091598510742,22.2989444732666,22.12835121154785,22.177091598510742,14.049227714538574,4227870
XLF,2003-12-03,22.331438064575195,22.331438064575195,22.12835121154785,22.136474609375,14.023489952087402,1876413
XLF,2003-12-04,22.168968200683594,22.250202178955078,22.103981018066406,22.19333839416504,14.059514045715332,857268
XLF,2003-12-05,22.160844802856445,22.160844802856445,21.982128143310547,22.01462173461914,13.946290969848633,1217951
XLF,2003-12-08,21.949634552001953,22.250202178955078,21.949634552001953,22.217708587646484,14.074954986572266,1122549
XLF,2003-12-09,22.201461791992188,22.250202178955078,21.982128143310547,22.02274513244629,13.951443672180176,4360448
XLF,2003-12-10,22.136474609375,22.136474609375,21.827781677246094,21.900894165039062,13.874249458312988,1097313
XLF,2003-12-11,22.01462173461914,22.217708587646484,21.941511154174805,22.152721405029297,14.033782005310059,3170317
XLF,2003-12-12,22.177091598510742,22.282697677612305,22.12835121154785,22.217708587646484,14.074954986572266,4799300
XLF,2003-12-15,22.664499282836914,22.664499282836914,22.103981018066406,22.160844802856445,14.038926124572754,3039585
XLF,2003-12-16,22.095857620239258,22.35580825805664,22.095857620239258,22.35580825805664,14.162443161010742,3179673
XLF,2003-12-17,22.339561462402344,22.339561462402344,22.152721405029297,22.274574279785156,14.110980987548828,1643385
XLF,2003-12-18,22.2989444732666,22.493907928466797,22.225833892822266,22.46953773498535,14.234492301940918,3725498
XLF,2003-12-19,22.380178451538086,22.445167541503906,22.30706787109375,22.40454864501953,14.277973175048828,1824465
XLF,2003-12-22,22.25832748413086,22.542648315429688,22.25832748413086,22.52640151977539,14.355630874633789,1723031
XLF,2003-12-23,22.542648315429688,22.63200569152832,22.502031326293945,22.558895111083984,14.376338005065918,1845146
XLF,2003-12-24,22.623882293701172,22.623882293701172,22.502031326293945,22.558895111083984,14.376338005065918,977660
XLF,2003-12-26,22.599512100219727,22.607635498046875,22.550771713256836,22.550771713256836,14.371161460876465,115099
XLF,2003-12-29,22.542648315429688,22.859464645385742,22.542648315429688,22.859464645385742,14.567887306213379,2195119
XLF,2003-12-30,22.908205032348633,22.908205032348633,22.770105361938477,22.908205032348633,14.598950386047363,4976194
XLF,2003-12-31,22.908205032348633,22.989439010620117,22.81072235107422,22.85133934020996,14.562705039978027,2224417
XLF,2004-01-02,22.891958236694336,23.09504508972168,22.729488372802734,22.818845748901367,14.541998863220215,2712016
XLF,2004-01-05,22.908205032348633,23.038179397583008,22.843217849731445,23.005685806274414,14.6610689163208,2381123
XLF,2004-01-06,22.97319221496582,23.038179397583008,22.74573516845703,22.997562408447266,14.655892372131348,1532595
XLF,2004-01-07,23.030057907104492,23.038179397583008,22.883834838867188,23.013809204101562,14.666251182556152,3991764
XLF,2004-01-08,23.09504508972168,23.19252586364746,22.97319221496582,23.09504508972168,14.71800422668457,1365918
XLF,2004-01-09,22.891958236694336,23.225019454956055,22.786352157592773,23.013809204101562,14.666251182556152,7660144
XLF,2004-01-12,23.111291885375977,23.111291885375977,22.997562408447266,23.111291885375977,14.728365898132324,1009420
XLF,2004-01-13,22.989439010620117,23.15190887451172,22.826969146728516,22.997562408447266,14.655892372131348,2653051
XLF,2004-01-14,23.19252586364746,23.208772659301758,23.013809204101562,23.176279067993164,14.769771575927734,2687150
XLF,2004-01-15,23.558082580566406,23.558082580566406,23.233144760131836,23.37124252319336,14.894030570983887,10516187
XLF,2004-01-16,23.639318466186523,23.639318466186523,23.395612716674805,23.444353103637695,14.940618515014648,1943380
XLF,2004-01-20,23.793664932250977,23.801786422729492,23.354995727539062,23.4118595123291,14.919910430908203,4649118
XLF,2004-01-21,23.460601806640625,23.801786422729492,23.37124252319336,23.76116943359375,15.142522811889648,4060207
XLF,2004-01-22,23.801786422729492,23.9317626953125,23.76116943359375,23.76116943359375,15.142522811889648,2896051
XLF,2004-01-23,23.92363929748535,23.92363929748535,23.58245277404785,23.647441864013672,15.070045471191406,5280128
XLF,2004-01-26,23.66368865966797,23.99675178527832,23.59869956970215,23.972379684448242,15.277122497558594,2827607
XLF,2004-01-27,23.866775512695312,23.98862648010254,23.76116943359375,23.809911727905273,15.173585891723633,1514746
XLF,2004-01-28,23.801786422729492,23.972379684448242,23.31437873840332,23.387489318847656,14.904379844665527,4766555
XLF,2004-01-29,23.43623161315918,23.59869956970215,23.290008544921875,23.58245277404785,15.0286283493042,9104968
XLF,2004-01-30,23.549959182739258,23.71242904663086,23.452478408813477,23.59869956970215,15.038980484008789,6237969
XLF,2004-02-02,23.614946365356445,23.915515899658203,23.60682487487793,23.736799240112305,15.126988410949707,1322833
XLF,2004-02-03,23.679935455322266,23.793664932250977,23.647441864013672,23.76116943359375,15.142522811889648,2215431
XLF,2004-02-04,23.590576171875,23.728675842285156,23.549959182739258,23.566205978393555,15.018280029296875,2571682
XLF,2004-02-05,23.679935455322266,23.679935455322266,23.476848602294922,23.558082580566406,15.013101577758789,5514265
XLF,2004-02-06,23.60682487487793,23.964256286621094,23.590576171875,23.956132888793945,15.266773223876953,4890024
XLF,2004-02-09,23.88302230834961,23.98050308227539,23.858652114868164,23.858652114868164,15.204642295837402,1441870
XLF,2004-02-10,23.82615852355957,23.972379684448242,23.809911727905273,23.9317626953125,15.25123405456543,5063103
XLF,2004-02-11,23.964256286621094,24.346059799194336,23.842405319213867,24.297319412231445,15.484204292297363,8243638
XLF,2004-02-12,24.370431900024414,24.370431900024414,24.183591842651367,24.256702423095703,15.458312034606934,2115966
XLF,2004-02-13,24.370431900024414,24.394800186157227,24.167343139648438,24.20796012878418,15.42724895477295,4069317
XLF,2004-02-17,24.370431900024414,24.50040626525879,24.305442810058594,24.386676788330078,15.541143417358398,3369863
XLF,2004-02-18,24.43541717529297,24.44354248046875,24.232330322265625,24.256702423095703,15.458312034606934,2637541
XLF,2004-02-19,24.4516658782959,24.4516658782959,24.20796012878418,24.248577117919922,15.453133583068848,2057617
XLF,2004-02-20,24.248577117919922,24.305442810058594,24.061737060546875,24.183591842651367,15.411725044250488,2356134
XLF,2004-02-23,24.370431900024414,24.370431900024414,24.118602752685547,24.183591842651367,15.411725044250488,1797999
XLF,2004-02-24,24.167343139648438,24.199838638305664,23.92363929748535,24.086109161376953,15.34959888458252,3772153
XLF,2004-02-25,23.972379684448242,24.20796012878418,23.972379684448242,24.191713333129883,15.41689682006836,3568423
XLF,2004-02-26,24.167343139648438,24.22420883178711,24.045490264892578,24.216083526611328,15.43242359161377,779469
XLF,2004-02-27,24.289196014404297,24.362306594848633,24.175466537475586,24.27294921875,15.468671798706055,933344
XLF,2004-03-01,24.297319412231445,24.508529663085938,24.297319412231445,24.44354248046875,15.577390670776367,1465506
XLF,2004-03-02,24.4516658782959,24.49228286743164,24.32168960571289,24.32168960571289,15.499727249145508,2629047
XLF,2004-03-03,24.32168960571289,24.532899856567383,24.289196014404297,24.467912673950195,15.592913627624512,1877398
XLF,2004-03-04,24.50040626525879,24.573516845703125,24.467912673950195,24.532899856567383,15.634324073791504,1431530
XLF,2004-03-05,24.476036071777344,24.865962982177734,24.476036071777344,24.744110107421875,15.76893424987793,3446185
XLF,2004-03-08,24.817222595214844,24.817222595214844,24.589763641357422,24.6141357421875,15.686098098754883,1069616
XLF,2004-03-09,24.638505935668945,24.638505935668945,24.32981300354004,24.4516658782959,15.582562446594238,3392759
XLF,2004-03-10,24.4516658782959,24.4516658782959,24.029245376586914,24.061737060546875,15.334067344665527,7620629
XLF,2004-03-11,23.92363929748535,24.142972946166992,23.647441864013672,23.671812057495117,15.085577964782715,5814629
XLF,2004-03-12,23.679935455322266,24.037368774414062,23.679935455322266,24.021120071411133,15.308180809020996,3145451
XLF,2004-03-15,23.964256286621094,23.964256286621094,23.590576171875,23.671812057495117,15.085577964782715,5031220
XLF,2004-03-16,23.964256286621094,23.972379684448242,23.70430564880371,23.891145706176758,15.225351333618164,4394301
XLF,2004-03-17,24.118602752685547,24.232330322265625,23.98862648010254,24.167343139648438,15.4013671875,3327147
XLF,2004-03-18,24.167343139648438,24.240455627441406,23.972379684448242,24.175466537475586,15.406550407409668,3013734
XLF,2004-03-19,24.045490264892578,24.175466537475586,23.76116943359375,23.801786422729492,15.23702621459961,5646597
XLF,2004-03-22,23.476848602294922,23.614946365356445,23.354995727539062,23.49309539794922,15.039399147033691,5933543
XLF,2004-03-23,23.720552444458008,23.720552444458008,23.476848602294922,23.48497200012207,15.034207344055176,7117027
XLF,2004-03-24,23.395612716674805,23.509342193603516,23.225019454956055,23.306255340576172,14.91979694366455,7128475
XLF,2004-03-25,23.558082580566406,23.623071670532227,23.346872329711914,23.549959182739258,15.075804710388184,5957178
XLF,2004-03-26,23.517465591430664,23.671812057495117,23.452478408813477,23.53371238708496,15.065404891967773,1677730
XLF,2004-03-29,23.720552444458008,23.907392501831055,23.65556526184082,23.83428192138672,15.257817268371582,3786433
XLF,2004-03-30,23.88302230834961,23.99675178527832,23.82615852355957,23.99675178527832,15.361824035644531,2434056
XLF,2004-03-31,24.004873275756836,24.004873275756836,23.809911727905273,23.88302230834961,15.289012908935547,2710293
XLF,2004-04-01,24.086109161376953,24.199838638305664,23.93988609313965,24.134849548339844,15.45023250579834,3297480
XLF,2004-04-02,24.573516845703125,24.573516845703125,23.92363929748535,24.045490264892578,15.39302921295166,13601073
XLF,2004-04-05,23.98862648010254,24.15109634399414,23.964256286621094,24.1104793548584,15.434632301330566,3416517
XLF,2004-04-06,24.077985763549805,24.15921974182129,24.037368774414062,24.0942325592041,15.424225807189941,1717122
XLF,2004-04-07,24.167343139648438,24.167343139648438,23.956132888793945,24.029245376586914,15.382623672485352,2321543
XLF,2004-04-08,24.32981300354004,24.32981300354004,23.915515899658203,23.98862648010254,15.356619834899902,2650466
XLF,2004-04-12,24.077985763549805,24.20796012878418,23.98862648010254,24.134849548339844,15.45023250579834,3341303
XLF,2004-04-13,24.167343139648438,24.199838638305664,23.558082580566406,23.623071670532227,15.122607231140137,6383720
XLF,2004-04-14,23.233144760131836,23.623071670532227,23.160032272338867,23.338748931884766,14.940587043762207,13816252
XLF,2004-04-15,23.354995727539062,24.021120071411133,22.989439010620117,23.20064926147461,14.852191925048828,13422209
XLF,2004-04-16,23.24126625061035,23.54183578491211,23.24126625061035,23.452478408813477,15.013398170471191,9027908
XLF,2004-04-19,23.549959182739258,23.549959182739258,23.273761749267578,23.4118595123291,14.987394332885742,4930401
XLF,2004-04-20,23.517465591430664,23.517465591430664,22.965068817138672,22.98131561279297,14.711777687072754,8380648
XLF,2004-04-21,22.948822021484375,23.062551498413086,22.87571144104004,22.97319221496582,14.706576347351074,8799804
XLF,2004-04-22,22.908205032348633,23.444353103637695,22.908205032348633,23.37124252319336,14.961397171020508,7986728
XLF,2004-04-23,23.4118595123291,23.4118595123291,23.127538681030273,23.249391555786133,14.883395195007324,4552607
XLF,2004-04-26,23.273761749267578,23.37124252319336,23.127538681030273,23.20064926147461,14.852191925048828,1432022
XLF,2004-04-27,23.233144760131836,23.48497200012207,23.233144760131836,23.25751495361328,14.888588905334473,2971142
XLF,2004-04-28,23.20064926147461,23.20064926147461,22.867586135864258,22.92445182800293,14.675379753112793,8115860
XLF,2004-04-29,22.87571144104004,23.20064926147461,22.75385856628418,22.85133934020996,14.628572463989258,14606554
XLF,2004-04-30,22.989439010620117,23.02193260192871,22.75385856628418,22.843217849731445,14.623374938964844,5468594
XLF,2004-05-03,22.867586135864258,23.005685806274414,22.794475555419922,22.997562408447266,14.722179412841797,5359651
XLF,2004-05-04,23.15190887451172,23.281885147094727,22.91632843017578,23.070674896240234,14.768980026245117,8101334
XLF,2004-05-05,23.15190887451172,23.249391555786133,23.030057907104492,23.04630470275879,14.753387451171875,5486321
XLF,2004-05-06,22.948822021484375,22.97319221496582,22.68074607849121,22.794475555419922,14.592168807983398,5726735
XLF,2004-05-07,22.558895111083984,22.818845748901367,22.30706787109375,22.30706787109375,14.28015422821045,11324092
XLF,2004-05-10,22.055240631103516,22.168968200683594,21.78716468811035,22.120227813720703,14.16054630279541,13951292
XLF,2004-05-11,22.217708587646484,22.323314666748047,22.12835121154785,22.23395538330078,14.233348846435547,4216298
XLF,2004-05-12,22.160844802856445,22.493907928466797,21.9577579498291,22.48578453063965,14.394556045532227,9999044
XLF,2004-05-13,22.323314666748047,22.786352157592773,22.160844802856445,22.52640151977539,14.420563697814941,10664645
XLF,2004-05-14,22.502031326293945,22.6563777923584,22.380178451538086,22.542648315429688,14.430957794189453,6485647
XLF,2004-05-17,22.23395538330078,22.40454864501953,22.095857620239258,22.250202178955078,14.24374771118164,6915512
XLF,2004-05-18,22.502031326293945,22.502031326293945,22.30706787109375,22.42892074584961,14.358154296875,3620863
XLF,2004-05-19,22.786352157592773,22.835092544555664,22.380178451538086,22.445167541503906,14.36855411529541,8265426
XLF,2004-05-20,22.420795440673828,22.58326530456543,22.420795440673828,22.52640151977539,14.420563697814941,2846441
XLF,2004-05-21,22.74573516845703,22.802600860595703,22.558895111083984,22.664499282836914,14.508965492248535,3536786
XLF,2004-05-24,22.74573516845703,22.802600860595703,22.599512100219727,22.69699478149414,14.529767036437988,1587744
XLF,2004-05-25,22.63200569152832,23.054426193237305,22.502031326293945,23.02193260192871,14.737777709960938,3633543
XLF,2004-05-26,22.989439010620117,23.208772659301758,22.965068817138672,23.160032272338867,14.826183319091797,5393873
XLF,2004-05-27,23.354995727539062,23.354995727539062,23.070674896240234,23.216896057128906,14.862589836120605,6701441
XLF,2004-05-28,23.233144760131836,23.273761749267578,23.14378547668457,23.233144760131836,14.872998237609863,4512477
XLF,2004-06-01,23.111291885375977,23.208772659301758,22.97319221496582,23.14378547668457,14.815779685974121,3648807
XLF,2004-06-02,23.273761749267578,23.31437873840332,23.08692169189453,23.25751495361328,14.888588905334473,2101440
XLF,2004-06-03,23.184402465820312,23.233144760131836,23.070674896240234,23.070674896240234,14.768980026245117,2813574
XLF,2004-06-04,23.43623161315918,23.43623161315918,23.208772659301758,23.26563835144043,14.893787384033203,4605910
XLF,2004-06-07,23.476848602294922,23.631193161010742,23.403736114501953,23.59869956970215,15.107004165649414,6020575
XLF,2004-06-08,23.58245277404785,23.59869956970215,23.460601806640625,23.566205978393555,15.08620834350586,2272795
XLF,2004-06-09,23.48497200012207,23.58245277404785,23.32250213623047,23.32250213623047,14.93018627166748,4848909
XLF,2004-06-10,23.43623161315918,23.444353103637695,23.354995727539062,23.43623161315918,15.002995491027832,1010405
XLF,2004-06-14,23.249391555786133,23.43623161315918,23.09504508972168,23.111291885375977,14.794981002807617,1945719
XLF,2004-06-15,23.31437873840332,23.395612716674805,23.15190887451172,23.20064926147461,14.852191925048828,4864297
XLF,2004-06-16,23.273761749267578,23.298131942749023,23.168155670166016,23.24126625061035,14.878183364868164,2513702
XLF,2004-06-17,23.15190887451172,23.281885147094727,23.09504508972168,23.25751495361328,14.888588905334473,3297849
XLF,2004-06-18,23.15190887451172,23.354995727539062,23.09504508972168,23.168155670166016,14.907403945922852,2829084
XLF,2004-06-21,23.31437873840332,23.31437873840332,23.062551498413086,23.09504508972168,14.860357284545898,4023154
XLF,2004-06-22,23.09504508972168,23.208772659301758,22.997562408447266,23.208772659301758,14.93354320526123,2394418
XLF,2004-06-23,23.15190887451172,23.298131942749023,23.054426193237305,23.26563835144043,14.970125198364258,4756338
XLF,2004-06-24,23.233144760131836,23.4118595123291,23.233144760131836,23.31437873840332,15.001495361328125,2836224
XLF,2004-06-25,23.273761749267578,23.43623161315918,23.216896057128906,23.233144760131836,14.94922924041748,2157820
XLF,2004-06-28,23.468725204467773,23.468725204467773,23.168155670166016,23.216896057128906,14.938772201538086,3467727
XLF,2004-06-29,23.111291885375977,23.216896057128906,23.062551498413086,23.119415283203125,14.8760404586792,3497763
XLF,2004-06-30,23.127538681030273,23.31437873840332,23.054426193237305,23.216896057128906,14.938772201538086,8074129
XLF,2004-07-01,23.15190887451172,23.281885147094727,22.932575225830078,23.054426193237305,14.834223747253418,5238767
XLF,2004-07-02,23.111291885375977,23.216896057128906,23.013809204101562,23.119415283203125,14.8760404586792,5676264
XLF,2004-07-06,22.908205032348633,23.054426193237305,22.87571144104004,22.956945419311523,14.771495819091797,1824834
XLF,2004-07-07,22.826969146728516,23.030057907104492,22.826969146728516,22.908205032348633,14.740147590637207,1870258
XLF,2004-07-08,22.786352157592773,22.932575225830078,22.737611770629883,22.737611770629883,14.630370140075684,1283194
XLF,2004-07-09,22.908205032348633,22.908205032348633,22.672624588012695,22.737611770629883,14.630370140075684,2438242
XLF,2004-07-12,22.664499282836914,22.91632843017578,22.648252487182617,22.843217849731445,14.698325157165527,3093995
XLF,2004-07-13,22.900081634521484,22.900081634521484,22.778228759765625,22.867586135864258,14.71401309967041,3818070
XLF,2004-07-14,22.74573516845703,22.932575225830078,22.672624588012695,22.761981964111328,14.646060943603516,1995205
XLF,2004-07-15,22.75385856628418,22.826969146728516,22.52640151977539,22.550771713256836,14.510156631469727,6291026
XLF,2004-07-16,22.778228759765625,22.826969146728516,22.510154724121094,22.558895111083984,14.515375137329102,4974471
XLF,2004-07-19,22.502031326293945,22.68074607849121,22.502031326293945,22.591388702392578,14.536285400390625,2046291
XLF,2004-07-20,22.58326530456543,22.729488372802734,22.40454864501953,22.70511817932129,14.609465599060059,5204791
XLF,2004-07-21,22.908205032348633,22.908205032348633,22.46141242980957,22.477659225463867,14.463115692138672,4900242
XLF,2004-07-22,22.380178451538086,22.57514190673828,22.18521499633789,22.502031326293945,14.47879409790039,4180845
XLF,2004-07-23,22.46141242980957,22.502031326293945,22.323314666748047,22.388301849365234,14.40561580657959,4901842
XLF,2004-07-26,22.502031326293945,22.502031326293945,22.29081916809082,22.396425247192383,14.410837173461914,1773009
XLF,2004-07-27,22.502031326293945,22.6563777923584,22.420795440673828,22.58326530456543,14.531064987182617,3324439
XLF,2004-07-28,22.58326530456543,22.70511817932129,22.388301849365234,22.6563777923584,14.578108787536621,1931316
XLF,2004-07-29,22.74573516845703,22.818845748901367,22.6563777923584,22.75385856628418,14.640836715698242,1825081
XLF,2004-07-30,22.70511817932129,22.737611770629883,22.63200569152832,22.721364974975586,14.619924545288086,2404882
XLF,2004-08-02,22.721364974975586,22.883834838867188,22.567018508911133,22.859464645385742,14.708783149719238,4006782
XLF,2004-08-03,22.81072235107422,22.843217849731445,22.688871383666992,22.721364974975586,14.619924545288086,4295698
XLF,2004-08-04,22.648252487182617,22.85133934020996,22.558895111083984,22.778228759765625,14.656505584716797,1936486
XLF,2004-08-05,22.70511817932129,22.778228759765625,22.36393165588379,22.40454864501953,14.416069984436035,2914393
XLF,2004-08-06,22.266450881958008,22.42892074584961,22.14459800720215,22.209585189819336,14.29062271118164,3781386
XLF,2004-08-09,22.136474609375,22.282697677612305,22.136474609375,22.18521499633789,14.27493667602539,3709003
XLF,2004-08-10,22.339561462402344,22.502031326293945,22.25832748413086,22.493907928466797,14.473570823669434,4293359
XLF,2004-08-11,22.339561462402344,22.567018508911133,22.339561462402344,22.558895111083984,14.515375137329102,3563991
XLF,2004-08-12,22.380178451538086,22.53452491760254,22.323314666748047,22.323314666748047,14.363799095153809,2020194
XLF,2004-08-13,22.502031326293945,22.502031326293945,22.242080688476562,22.347684860229492,14.379484176635742,3357306
XLF,2004-08-16,22.2989444732666,22.70511817932129,22.2989444732666,22.688871383666992,14.599015235900879,4307761
XLF,2004-08-17,22.802600860595703,22.908205032348633,22.778228759765625,22.818845748901367,14.682650566101074,6881782
XLF,2004-08-18,22.786352157592773,23.09504508972168,22.74573516845703,23.09504508972168,14.860357284545898,5658415
XLF,2004-08-19,23.030057907104492,23.09504508972168,22.91632843017578,22.997562408447266,14.797636985778809,2035335
XLF,2004-08-20,23.030057907104492,23.249391555786133,23.005685806274414,23.233144760131836,14.94922924041748,3160962
XLF,2004-08-23,23.273761749267578,23.281885147094727,23.119415283203125,23.15190887451172,14.89694881439209,2005668
XLF,2004-08-24,23.19252586364746,23.281885147094727,23.119415283203125,23.19252586364746,14.923084259033203,2055155
XLF,2004-08-25,23.19252586364746,23.4281063079834,23.15190887451172,23.395612716674805,15.053763389587402,5790624
XLF,2004-08-26,23.387489318847656,23.476848602294922,23.32250213623047,23.452478408813477,15.090348243713379,1099529
XLF,2004-08-27,23.517465591430664,23.517465591430664,23.387489318847656,23.476848602294922,15.106036186218262,1822865
XLF,2004-08-30,23.476848602294922,24.54914665222168,23.338748931884766,23.338748931884766,15.017169952392578,1135844
XLF,2004-08-31,23.354995727539062,23.501218795776367,23.281885147094727,23.460601806640625,15.095571517944336,2365120
XLF,2004-09-01,23.476848602294922,23.53371238708496,23.281885147094727,23.37124252319336,15.038076400756836,2914762
XLF,2004-09-02,23.395612716674805,23.66368865966797,23.31437873840332,23.631193161010742,15.205344200134277,3807483
XLF,2004-09-03,23.48497200012207,23.7692928314209,23.48497200012207,23.623071670532227,15.200119018554688,1966153
XLF,2004-09-07,23.83428192138672,23.964256286621094,23.785539627075195,23.907392501831055,15.383065223693848,2387525
XLF,2004-09-08,23.891145706176758,23.907392501831055,23.696182250976562,23.728675842285156,15.268072128295898,5874086
XLF,2004-09-09,23.728675842285156,23.777416229248047,23.590576171875,23.70430564880371,15.25239086151123,2029673
XLF,2004-09-10,23.76116943359375,23.850528717041016,23.639318466186523,23.81803321838379,15.325568199157715,1418604
XLF,2004-09-13,23.92363929748535,23.92363929748535,23.720552444458008,23.7530460357666,15.2837553024292,3666903
XLF,2004-09-14,23.76116943359375,23.83428192138672,23.728675842285156,23.785539627075195,15.304664611816406,1549460
XLF,2004-09-15,23.801786422729492,23.801786422729492,23.66368865966797,23.696182250976562,15.247163772583008,688375
XLF,2004-09-16,23.696182250976562,23.866775512695312,23.696182250976562,23.81803321838379,15.325568199157715,2137632
XLF,2004-09-17,23.793664932250977,23.809911727905273,23.696182250976562,23.744922637939453,15.361297607421875,1670467
XLF,2004-09-20,23.53371238708496,23.623071670532227,23.444353103637695,23.501218795776367,15.203648567199707,2917962
XLF,2004-09-21,23.501218795776367,23.71242904663086,23.48497200012207,23.696182250976562,15.329771041870117,3182504
XLF,2004-09-22,23.558082580566406,23.558082580566406,23.225019454956055,23.26563835144043,15.051234245300293,3718974
XLF,2004-09-23,23.273761749267578,23.298131942749023,23.02193260192871,23.030057907104492,14.898836135864258,7266101
XLF,2004-09-24,23.030057907104492,23.19252586364746,22.956945419311523,23.119415283203125,14.956639289855957,4492288
XLF,2004-09-27,23.119415283203125,23.15190887451172,22.965068817138672,23.005685806274414,14.883068084716797,5585539
XLF,2004-09-28,23.070674896240234,23.135662078857422,22.932575225830078,23.09504508972168,14.940872192382812,4892610
XLF,2004-09-29,23.233144760131836,23.233144760131836,22.98131561279297,23.176279067993164,14.993428230285645,2366967
XLF,2004-09-30,23.233144760131836,23.233144760131836,23.030057907104492,23.119415283203125,14.956639289855957,1899556
XLF,2004-10-01,23.160032272338867,23.517465591430664,23.15190887451172,23.509342193603516,15.208903312683105,4089382
XLF,2004-10-04,23.679935455322266,23.7692928314209,23.501218795776367,23.54183578491211,15.229915618896484,3421441
XLF,2004-10-05,23.476848602294922,23.517465591430664,23.36311912536621,23.4118595123291,15.145833969116211,1900418
XLF,2004-10-06,23.387489318847656,23.590576171875,23.346872329711914,23.58245277404785,15.256194114685059,2878324
XLF,2004-10-07,23.558082580566406,23.59869956970215,23.501218795776367,23.517465591430664,15.214159965515137,2554817
XLF,2004-10-08,23.517465591430664,23.59869956970215,23.36311912536621,23.43623161315918,15.161599159240723,1988065
XLF,2004-10-11,23.43623161315918,23.558082580566406,23.395612716674805,23.501218795776367,15.203648567199707,2353549
XLF,2004-10-12,23.273761749267578,23.558082580566406,23.216896057128906,23.48497200012207,15.193140983581543,5070612
XLF,2004-10-13,23.574329376220703,23.639318466186523,23.25751495361328,23.330625534057617,15.093284606933594,1306091
XLF,2004-10-14,23.273761749267578,23.330625534057617,22.672624588012695,22.761981964111328,14.725414276123047,9264629
XLF,2004-10-15,22.721364974975586,22.932575225830078,22.550771713256836,22.794475555419922,14.74642562866211,11955718
XLF,2004-10-18,22.664499282836914,22.948822021484375,22.664499282836914,22.891958236694336,14.809492111206055,2062541
XLF,2004-10-19,22.867586135864258,22.948822021484375,22.493907928466797,22.510154724121094,14.562496185302734,12337821
XLF,2004-10-20,22.339561462402344,22.412673950195312,22.095857620239258,22.396425247192383,14.488914489746094,11745587
XLF,2004-10-21,22.25832748413086,22.52640151977539,21.933387756347656,22.380178451538086,14.478413581848145,11411616
XLF,2004-10-22,22.380178451538086,22.493907928466797,22.23395538330078,22.25832748413086,14.399579048156738,3744210
XLF,2004-10-25,22.2989444732666,22.2989444732666,22.112104415893555,22.250202178955078,14.394327163696289,2012808
XLF,2004-10-26,22.502031326293945,22.802600860595703,22.217708587646484,22.74573516845703,14.714900016784668,4685063
XLF,2004-10-27,22.70511817932129,23.08692169189453,22.615760803222656,23.08692169189453,14.935625076293945,5124530
XLF,2004-10-28,22.908205032348633,23.32250213623047,22.908205032348633,23.208772659301758,15.014453887939453,4268985
XLF,2004-10-29,23.15190887451172,23.306255340576172,23.135662078857422,23.24126625061035,15.035463333129883,2393680
XLF,2004-11-01,23.31437873840332,23.387489318847656,23.273761749267578,23.31437873840332,15.082773208618164,2198812
XLF,2004-11-02,23.395612716674805,23.59869956970215,23.31437873840332,23.4118595123291,15.145833969116211,9541850
XLF,2004-11-03,24.10235595703125,24.10235595703125,23.49309539794922,23.549959182739258,15.23518180847168,5676018
XLF,2004-11-04,23.59869956970215,23.956132888793945,23.509342193603516,23.948009490966797,15.492684364318848,5615945
XLF,2004-11-05,23.83428192138672,24.167343139648438,23.7692928314209,23.899269104003906,15.461155891418457,6225536
XLF,2004-11-08,23.866775512695312,23.948009490966797,23.82615852355957,23.866775512695312,15.440131187438965,5472411
XLF,2004-11-09,23.88302230834961,24.004873275756836,23.82615852355957,23.842405319213867,15.424365997314453,1863242
XLF,2004-11-10,23.92363929748535,24.012998580932617,23.82615852355957,23.907392501831055,15.466409683227539,1787043
XLF,2004-11-11,23.964256286621094,24.15921974182129,23.956132888793945,24.134849548339844,15.61355972290039,2934458
XLF,2004-11-12,24.20796012878418,24.28107261657715,24.012998580932617,24.232330322265625,15.676626205444336,3727837
XLF,2004-11-15,24.28107261657715,24.354183197021484,24.20796012878418,24.305442810058594,15.723920822143555,3444215
XLF,2004-11-16,24.32168960571289,24.32168960571289,24.077985763549805,24.10235595703125,15.592531204223633,4068209
XLF,2004-11-17,24.167343139648438,24.370431900024414,24.1104793548584,24.15921974182129,15.629327774047852,5505648
XLF,2004-11-18,24.20796012878418,24.232330322265625,24.077985763549805,24.10235595703125,15.592531204223633,2839178
XLF,2004-11-19,24.22420883178711,24.22420883178711,23.736799240112305,23.793664932250977,15.392836570739746,11335540
XLF,2004-11-22,23.679935455322266,23.98050308227539,23.679935455322266,23.9317626953125,15.482175827026367,1874074
XLF,2004-11-23,23.88302230834961,24.05361557006836,23.858652114868164,23.98862648010254,15.518964767456055,1855117
XLF,2004-11-24,24.15921974182129,24.15921974182129,24.05361557006836,24.086109161376953,15.58202838897705,2208537
XLF,2004-11-26,24.134849548339844,24.167343139648438,24.086109161376953,24.10235595703125,15.592531204223633,697238
XLF,2004-11-29,24.086109161376953,24.15921974182129,23.850528717041016,23.98862648010254,15.518964767456055,6650847
XLF,2004-11-30,23.98862648010254,24.004873275756836,23.850528717041016,23.964256286621094,15.503194808959961,6280316
XLF,2004-12-01,24.086109161376953,24.43541717529297,24.069862365722656,24.43541717529297,15.808004379272461,6023160
XLF,2004-12-02,24.370431900024414,24.516653060913086,24.337936401367188,24.394800186157227,15.781729698181152,5328014
XLF,2004-12-03,24.4516658782959,24.459789276123047,24.256702423095703,24.386676788330078,15.776468276977539,5131424
XLF,2004-12-06,24.20796012878418,24.427295684814453,24.20796012878418,24.370431900024414,15.765968322753906,1969846
XLF,2004-12-07,24.49228286743164,24.49228286743164,24.15109634399414,24.167343139648438,15.634576797485352,3782863
XLF,2004-12-08,24.20796012878418,24.289196014404297,24.167343139648438,24.232330322265625,15.676626205444336,4392331
XLF,2004-12-09,24.10235595703125,24.630382537841797,24.0942325592041,24.362306594848633,15.76070785522461,1574326
XLF,2004-12-10,24.167343139648438,24.476036071777344,24.167343139648438,24.402923583984375,15.78698444366455,2434795
XLF,2004-12-13,24.4516658782959,24.71973991394043,24.411048889160156,24.565393447875977,15.892086029052734,3188044
XLF,2004-12-14,24.565393447875977,24.679122924804688,24.49228286743164,24.646629333496094,15.944648742675781,1869643
XLF,2004-12-15,24.6141357421875,24.784727096557617,24.6141357421875,24.77660369873047,16.028732299804688,2497576
XLF,2004-12-16,24.695369720458984,24.703493118286133,24.524776458740234,24.60601043701172,15.91836166381836,4048020
XLF,2004-12-17,24.411048889160156,24.476036071777344,24.32981300354004,24.37855339050293,15.869189262390137,3846013
XLF,2004-12-20,24.37855339050293,24.54914665222168,24.32981300354004,24.337936401367188,15.842748641967773,3572362
XLF,2004-12-21,24.086109161376953,24.654752731323242,24.086109161376953,24.654752731323242,16.048973083496094,2867984
XLF,2004-12-22,24.695369720458984,24.849716186523438,24.597888946533203,24.792850494384766,16.138874053955078,2557279
XLF,2004-12-23,24.857839584350586,24.914703369140625,24.809097290039062,24.84159278869629,16.170602798461914,1587251
XLF,2004-12-27,24.898456573486328,24.898456573486328,24.67099952697754,24.71161651611328,16.085994720458984,969659
XLF,2004-12-28,24.752233505249023,24.857839584350586,24.71161651611328,24.82534408569336,16.160022735595703,879426
XLF,2004-12-29,24.82534408569336,24.857839584350586,24.727863311767578,24.76848030090332,16.12301254272461,2946399
XLF,2004-12-30,24.77660369873047,24.89033317565918,24.77660369873047,24.800975799560547,16.1441650390625,1163787
XLF,2004-12-31,24.857839584350586,24.94719696044922,24.77660369873047,24.800975799560547,16.1441650390625,701424
XLF,2005-01-03,24.979690551757812,25.012184143066406,24.679122924804688,24.71161651611328,16.085994720458984,5011647
XLF,2005-01-04,24.817222595214844,24.857839584350586,24.427295684814453,24.476036071777344,15.932650566101074,7426746
XLF,2005-01-05,24.4516658782959,24.638505935668945,24.427295684814453,24.43541717529297,15.906205177307129,2943321
XLF,2005-01-06,24.50040626525879,24.630382537841797,24.476036071777344,24.557270050048828,15.985527038574219,3211925
XLF,2005-01-07,24.654752731323242,24.654752731323242,24.427295684814453,24.427295684814453,15.900918006896973,1519670
XLF,2005-01-10,24.370431900024414,24.565393447875977,24.32981300354004,24.4516658782959,15.916773796081543,3742117
XLF,2005-01-11,24.370431900024414,24.467912673950195,24.297319412231445,24.346059799194336,15.848040580749512,7431178
XLF,2005-01-12,24.411048889160156,24.411048889160156,24.134849548339844,24.313566207885742,15.826889991760254,4748336
XLF,2005-01-13,24.337936401367188,24.337936401367188,24.045490264892578,24.077985763549805,15.673537254333496,8480851
XLF,2005-01-14,24.086109161376953,24.20796012878418,24.061737060546875,24.15921974182129,15.72641658782959,6409202
XLF,2005-01-18,24.061737060546875,24.557270050048828,24.061737060546875,24.54102325439453,15.974947929382324,7196426
XLF,2005-01-19,24.573516845703125,24.573516845703125,24.289196014404297,24.297319412231445,15.816315650939941,4413504
XLF,2005-01-20,24.045490264892578,24.248577117919922,24.045490264892578,24.118602752685547,15.69997501373291,4996998
XLF,2005-01-21,24.167343139648438,24.20796012878418,23.972379684448242,23.99675178527832,15.62065601348877,5053132
XLF,2005-01-24,24.15109634399414,24.199838638305664,24.004873275756836,24.004873275756836,15.625941276550293,6601238
XLF,2005-01-25,24.118602752685547,24.427295684814453,24.012998580932617,24.021120071411133,15.636516571044922,3229529
XLF,2005-01-26,24.086109161376953,24.15921974182129,24.012998580932617,24.134849548339844,15.710556030273438,2403035
XLF,2005-01-27,24.086109161376953,24.167343139648438,23.93988609313965,24.012998580932617,15.631231307983398,1782365
XLF,2005-01-28,23.964256286621094,24.086109161376953,23.866775512695312,23.98050308227539,15.610082626342773,3086609
XLF,2005-01-31,24.004873275756836,24.28107261657715,24.004873275756836,24.26482582092285,15.795160293579102,4741320
XLF,2005-02-01,24.370431900024414,24.622257232666016,24.289196014404297,24.524776458740234,15.964371681213379,4151671
XLF,2005-02-02,24.573516845703125,24.573516845703125,24.427295684814453,24.524776458740234,15.964371681213379,10027111
XLF,2005-02-03,24.49228286743164,24.49228286743164,24.346059799194336,24.411048889160156,15.890339851379395,6478630
XLF,2005-02-04,24.49228286743164,24.752233505249023,24.476036071777344,24.703493118286133,16.080713272094727,5067412
XLF,2005-02-07,24.84159278869629,24.84159278869629,24.6141357421875,24.727863311767578,16.096567153930664,3950525
XLF,2005-02-08,24.695369720458984,24.744110107421875,24.630382537841797,24.630382537841797,16.03310775756836,4563933
XLF,2005-02-09,24.695369720458984,24.727863311767578,24.54914665222168,24.565393447875977,15.990817070007324,2699214
XLF,2005-02-10,24.735986709594727,24.735986709594727,24.573516845703125,24.638505935668945,16.038402557373047,8895206
XLF,2005-02-11,24.573516845703125,24.874086380004883,24.573516845703125,24.83346939086914,16.165315628051758,2650959
XLF,2005-02-14,24.857839584350586,24.898456573486328,24.727863311767578,24.792850494384766,16.138874053955078,6321185
XLF,2005-02-15,24.83346939086914,24.898456573486328,24.76848030090332,24.849716186523438,16.175899505615234,6984202
XLF,2005-02-16,24.695369720458984,24.784727096557617,24.638505935668945,24.679122924804688,16.06485366821289,3653854
XLF,2005-02-17,24.573516845703125,24.703493118286133,24.459789276123047,24.459789276123047,15.92206859588623,2258023
XLF,2005-02-18,24.532899856567383,24.532899856567383,24.199838638305664,24.199838638305664,15.752861022949219,10973257
XLF,2005-02-22,24.045490264892578,24.175466537475586,23.82615852355957,23.842405319213867,15.520177841186523,8719296
XLF,2005-02-23,23.842405319213867,24.10235595703125,23.842405319213867,24.061737060546875,15.662961959838867,10591524
XLF,2005-02-24,24.045490264892578,24.15109634399414,23.972379684448242,24.0942325592041,15.684113502502441,19070406
XLF,2005-02-25,24.061737060546875,24.370431900024414,24.061737060546875,24.337936401367188,15.842748641967773,13521920
XLF,2005-02-28,24.289196014404297,24.289196014404297,24.05361557006836,24.10235595703125,15.6893949508667,9929738
XLF,2005-03-01,24.248577117919922,24.427295684814453,24.167343139648438,24.337936401367188,15.842748641967773,6158693
XLF,2005-03-02,24.337936401367188,24.459789276123047,24.199838638305664,24.26482582092285,15.795160293579102,7729449
XLF,2005-03-03,24.289196014404297,24.411048889160156,24.10235595703125,24.22420883178711,15.768712043762207,6592990
XLF,2005-03-04,24.37855339050293,24.589763641357422,24.362306594848633,24.532899856567383,15.969659805297852,9135497
XLF,2005-03-07,24.532899856567383,24.687246322631836,24.532899856567383,24.532899856567383,15.969659805297852,3544418
XLF,2005-03-08,24.6141357421875,24.6141357421875,24.411048889160156,24.49228286743164,15.943220138549805,14748857
XLF,2005-03-09,24.573516845703125,24.573516845703125,24.191713333129883,24.191713333129883,15.747563362121582,8946046
XLF,2005-03-10,24.232330322265625,24.394800186157227,24.183591842651367,24.32981300354004,15.8374605178833,11290117
XLF,2005-03-11,24.289196014404297,24.362306594848633,24.021120071411133,24.118602752685547,15.69997501373291,15419629
XLF,2005-03-14,24.045490264892578,24.26482582092285,24.045490264892578,24.248577117919922,15.784588813781738,10302855
XLF,2005-03-15,24.305442810058594,24.370431900024414,24.061737060546875,24.086109161376953,15.678818702697754,11003540
XLF,2005-03-16,24.045490264892578,24.077985763549805,23.809911727905273,23.842405319213867,15.520177841186523,10547824
XLF,2005-03-17,23.842405319213867,23.891145706176758,23.71242904663086,23.777416229248047,15.477885246276855,9455680
XLF,2005-03-18,23.76116943359375,23.76116943359375,23.419984817504883,23.53371238708496,15.400794982910156,14370694
XLF,2005-03-21,23.476848602294922,24.191713333129883,23.281885147094727,23.32250213623047,15.262569427490234,11070629
XLF,2005-03-22,23.43623161315918,23.452478408813477,22.891958236694336,22.891958236694336,14.980831146240234,24746424
XLF,2005-03-23,22.794475555419922,23.078798294067383,22.794475555419922,22.940698623657227,15.012716293334961,15802470
XLF,2005-03-24,22.908205032348633,23.09504508972168,22.826969146728516,22.826969146728516,14.938294410705566,5773267
XLF,2005-03-28,22.91632843017578,23.111291885375977,22.908205032348633,22.989439010620117,15.044610023498535,3886390
XLF,2005-03-29,22.956945419311523,23.19252586364746,22.883834838867188,22.908205032348633,14.991451263427734,6737263
XLF,2005-03-30,22.908205032348633,23.19252586364746,22.883834838867188,23.19252586364746,15.177515983581543,6679406
XLF,2005-03-31,23.233144760131836,23.281885147094727,23.062551498413086,23.062551498413086,15.0924711227417,9881483
XLF,2005-04-01,23.233144760131836,23.36311912536621,22.68074607849121,22.74573516845703,14.885129928588867,14815085
XLF,2005-04-04,22.74573516845703,23.005685806274414,22.510154724121094,22.908205032348633,14.991451263427734,14883898
XLF,2005-04-05,22.956945419311523,23.127538681030273,22.932575225830078,22.97319221496582,15.033981323242188,10589554
XLF,2005-04-06,23.111291885375977,23.233144760131836,23.070674896240234,23.127538681030273,15.134984970092773,8935460
XLF,2005-04-07,23.127538681030273,23.330625534057617,23.078798294067383,23.216896057128906,15.193471908569336,13217616
XLF,2005-04-08,23.225019454956055,23.290008544921875,23.005685806274414,23.005685806274414,15.055246353149414,6165340
XLF,2005-04-11,23.15190887451172,23.184402465820312,22.989439010620117,23.054426193237305,15.087150573730469,7842209
XLF,2005-04-12,23.070674896240234,23.43623161315918,22.91632843017578,23.37124252319336,15.294475555419922,14569254
XLF,2005-04-13,23.37124252319336,23.379365921020508,22.98131561279297,23.030057907104492,15.071195602416992,3904486
XLF,2005-04-14,22.989439010620117,23.030057907104492,22.75385856628418,22.770105361938477,14.901079177856445,5226087
XLF,2005-04-15,22.826969146728516,22.92445182800293,22.46953773498535,22.52640151977539,14.741597175598145,13627662
XLF,2005-04-18,22.623882293701172,22.778228759765625,22.550771713256836,22.713241577148438,14.863862991333008,10240566
XLF,2005-04-19,22.948822021484375,22.948822021484375,22.721364974975586,22.74573516845703,14.885129928588867,8712403
XLF,2005-04-20,22.826969146728516,22.826969146728516,22.42892074584961,22.46141242980957,14.699066162109375,13415930
XLF,2005-04-21,22.58326530456543,22.6563777923584,22.250202178955078,22.591388702392578,14.784126281738281,14294003
XLF,2005-04-22,22.664499282836914,22.70511817932129,22.36393165588379,22.53452491760254,14.746912002563477,15870175
XLF,2005-04-25,22.737611770629883,22.843217849731445,22.623882293701172,22.818845748901367,14.932979583740234,3569038
XLF,2005-04-26,22.786352157592773,22.92445182800293,22.664499282836914,22.688871383666992,14.847919464111328,12282179
XLF,2005-04-27,22.502031326293945,23.054426193237305,22.502031326293945,23.005685806274414,15.055246353149414,7104717
XLF,2005-04-28,22.989439010620117,23.030057907104492,22.75385856628418,22.75385856628418,14.89045524597168,9885792
XLF,2005-04-29,22.87571144104004,23.127538681030273,22.648252487182617,23.103168487548828,15.119047164916992,13999424
XLF,2005-05-02,23.306255340576172,23.31437873840332,22.989439010620117,23.160032272338867,15.156258583068848,9578534
XLF,2005-05-03,23.19252586364746,23.354995727539062,23.070674896240234,23.184402465820312,15.172205924987793,17944656
XLF,2005-05-04,23.19252586364746,23.66368865966797,23.168155670166016,23.631193161010742,15.464594841003418,15000843
XLF,2005-05-05,23.720552444458008,23.720552444458008,23.338748931884766,23.525588989257812,15.395479202270508,13850473
XLF,2005-05-06,23.720552444458008,23.720552444458008,23.346872329711914,23.354995727539062,15.283841133117676,13104241
XLF,2005-05-09,23.460601806640625,23.58245277404785,23.346872329711914,23.558082580566406,15.416751861572266,4848170
XLF,2005-05-10,23.330625534057617,23.43623161315918,23.20064926147461,23.249391555786133,15.214730262756348,14970191
XLF,2005-05-11,23.31437873840332,23.43623161315918,23.135662078857422,23.354995727539062,15.283841133117676,11012034
XLF,2005-05-12,23.476848602294922,23.517465591430664,23.119415283203125,23.135662078857422,15.140310287475586,16620716
XLF,2005-05-13,23.135662078857422,23.20064926147461,22.778228759765625,22.932575225830078,15.007407188415527,12172005
XLF,2005-05-16,22.989439010620117,23.338748931884766,22.948822021484375,23.338748931884766,15.273209571838379,10449713
XLF,2005-05-17,23.290008544921875,23.517465591430664,23.160032272338867,23.48497200012207,15.368897438049316,10526650
XLF,2005-05-18,23.696182250976562,23.81803321838379,23.59869956970215,23.76116943359375,15.549651145935059,23050967
XLF,2005-05-19,23.785539627075195,23.809911727905273,23.639318466186523,23.785539627075195,15.565595626831055,4378421
XLF,2005-05-20,23.720552444458008,23.785539627075195,23.639318466186523,23.76116943359375,15.549651145935059,5941914
XLF,2005-05-23,23.639318466186523,23.858652114868164,23.639318466186523,23.793664932250977,15.570911407470703,5491368
XLF,2005-05-24,23.842405319213867,23.842405319213867,23.59869956970215,23.71242904663086,15.517745971679688,11176865
XLF,2005-05-25,23.76116943359375,23.76116943359375,23.549959182739258,23.631193161010742,15.464594841003418,4678416
XLF,2005-05-26,23.71242904663086,23.866775512695312,23.639318466186523,23.785539627075195,15.565595626831055,7317803
XLF,2005-05-27,23.785539627075195,23.866775512695312,23.777416229248047,23.82615852355957,15.592181205749512,4881777
XLF,2005-05-31,23.87489891052246,23.87489891052246,23.728675842285156,23.785539627075195,15.565595626831055,4031279
XLF,2005-06-01,23.801786422729492,24.134849548339844,23.744922637939453,23.972379684448242,15.687870025634766,18682764
XLF,2005-06-02,23.88302230834961,23.956132888793945,23.83428192138672,23.907392501831055,15.645334243774414,4226639
XLF,2005-06-03,23.9317626953125,23.948009490966797,23.71242904663086,23.785539627075195,15.565595626831055,4204604
XLF,2005-06-06,23.736799240112305,23.858652114868164,23.671812057495117,23.842405319213867,15.602801322937012,3995580
XLF,2005-06-07,23.92363929748535,24.045490264892578,23.801786422729492,23.82615852355957,15.592181205749512,5202452
XLF,2005-06-08,23.809911727905273,23.972379684448242,23.809911727905273,23.842405319213867,15.602801322937012,6171249
XLF,2005-06-09,23.793664932250977,23.98050308227539,23.7692928314209,23.915515899658203,15.65065860748291,4126435
XLF,2005-06-10,23.87489891052246,23.956132888793945,23.744922637939453,23.842405319213867,15.602801322937012,8842765
XLF,2005-06-13,23.801786422729492,23.99675178527832,23.76116943359375,23.842405319213867,15.602801322937012,6442931
XLF,2005-06-14,23.801786422729492,23.972379684448242,23.801786422729492,23.907392501831055,15.645334243774414,3297972
XLF,2005-06-15,24.029245376586914,24.045490264892578,23.850528717041016,23.964256286621094,15.68255615234375,7133276
XLF,2005-06-16,23.88302230834961,24.10235595703125,23.88302230834961,24.086109161376953,15.762290000915527,5908677
XLF,2005-06-17,24.061737060546875,24.086109161376953,23.956132888793945,24.069862365722656,15.845183372497559,7549108
XLF,2005-06-20,24.045490264892578,24.0942325592041,23.88302230834961,24.012998580932617,15.807747840881348,2831177
XLF,2005-06-21,24.05361557006836,24.134849548339844,23.948009490966797,24.10235595703125,15.866567611694336,3163178
XLF,2005-06-22,24.191713333129883,24.22420883178711,24.061737060546875,24.069862365722656,15.845183372497559,3711465
XLF,2005-06-23,24.077985763549805,24.126726150512695,23.81803321838379,23.850528717041016,15.700797080993652,4814195
XLF,2005-06-24,23.88302230834961,23.899269104003906,23.7692928314209,23.809911727905273,15.674055099487305,4695034
XLF,2005-06-27,23.842405319213867,23.842405319213867,23.720552444458008,23.801786422729492,15.668706893920898,2754978
XLF,2005-06-28,23.858652114868164,24.012998580932617,23.83428192138672,23.98050308227539,15.786358833312988,5373931
XLF,2005-06-29,24.045490264892578,24.142972946166992,24.021120071411133,24.0942325592041,15.861227989196777,3537032
XLF,2005-06-30,24.248577117919922,24.248577117919922,23.915515899658203,23.93988609313965,15.759613037109375,4857526
XLF,2005-07-01,24.0942325592041,24.0942325592041,23.915515899658203,23.964256286621094,15.775660514831543,4179122
XLF,2005-07-05,24.004873275756836,24.183591842651367,23.891145706176758,24.15921974182129,15.904009819030762,3199123
XLF,2005-07-06,24.126726150512695,24.183591842651367,23.98050308227539,23.98050308227539,15.786358833312988,5527929
XLF,2005-07-07,23.88302230834961,24.045490264892578,23.696182250976562,24.029245376586914,15.818448066711426,7762071
XLF,2005-07-08,23.98050308227539,24.289196014404297,23.972379684448242,24.27294921875,15.978874206542969,2798679
XLF,2005-07-11,24.370431900024414,24.49228286743164,24.216083526611328,24.37855339050293,16.048391342163086,3586765
XLF,2005-07-12,24.411048889160156,24.484159469604492,24.297319412231445,24.37855339050293,16.048391342163086,6681376
XLF,2005-07-13,24.386676788330078,24.524776458740234,24.370431900024414,24.484159469604492,16.1179141998291,2753008
XLF,2005-07-14,24.654752731323242,24.695369720458984,24.54102325439453,24.60601043701172,16.198129653930664,3672319
XLF,2005-07-15,24.679122924804688,24.687246322631836,24.50040626525879,24.67099952697754,16.240907669067383,11394136
XLF,2005-07-18,24.581640243530273,24.638505935668945,24.402923583984375,24.411048889160156,16.069787979125977,6636937
XLF,2005-07-19,24.476036071777344,24.524776458740234,24.394800186157227,24.402923583984375,16.064437866210938,4621174
XLF,2005-07-20,24.370431900024414,24.565393447875977,24.313566207885742,24.49228286743164,16.123262405395508,10014308
XLF,2005-07-21,24.4516658782959,24.524776458740234,24.32168960571289,24.362306594848633,16.037700653076172,7327404
XLF,2005-07-22,24.411048889160156,24.508529663085938,24.32168960571289,24.49228286743164,16.123262405395508,5558581
XLF,2005-07-25,24.4516658782959,24.573516845703125,24.386676788330078,24.394800186157227,16.05908203125,2830438
XLF,2005-07-26,24.394800186157227,24.476036071777344,24.370431900024414,24.427295684814453,16.080476760864258,5911754
XLF,2005-07-27,24.484159469604492,24.484159469604492,24.354183197021484,24.459789276123047,16.10187339782715,5182141
XLF,2005-07-28,24.484159469604492,24.581640243530273,24.43541717529297,24.532899856567383,16.14999771118164,8298540
XLF,2005-07-29,24.49228286743164,24.573516845703125,24.305442810058594,24.313566207885742,16.0056095123291,5599327
XLF,2005-08-01,24.467912673950195,24.467912673950195,24.28107261657715,24.313566207885742,16.0056095123291,5210946
XLF,2005-08-02,24.297319412231445,24.49228286743164,24.297319412231445,24.49228286743164,16.123262405395508,2315019
XLF,2005-08-03,24.49228286743164,24.532899856567383,24.362306594848633,24.524776458740234,16.144649505615234,4249043
XLF,2005-08-04,24.370431900024414,24.44354248046875,24.32168960571289,24.354183197021484,16.0323543548584,6744526
XLF,2005-08-05,24.297319412231445,24.297319412231445,24.05361557006836,24.077985763549805,15.850529670715332,6716582
XLF,2005-08-08,24.077985763549805,24.175466537475586,23.948009490966797,23.98050308227539,15.786358833312988,6635582
XLF,2005-08-09,24.045490264892578,24.175466537475586,24.004873275756836,24.134849548339844,15.887959480285645,7031718
XLF,2005-08-10,24.15921974182129,24.386676788330078,24.037368774414062,24.1104793548584,15.871919631958008,5165522
XLF,2005-08-11,24.183591842651367,24.232330322265625,23.98862648010254,24.199838638305664,15.930745124816895,4689864
XLF,2005-08-12,24.15921974182129,24.20796012878418,24.012998580932617,24.134849548339844,15.887959480285645,3932676
XLF,2005-08-15,24.1104793548584,24.297319412231445,24.029245376586914,24.248577117919922,15.962833404541016,5816721
XLF,2005-08-16,24.248577117919922,24.354183197021484,24.086109161376953,24.086109161376953,15.855870246887207,14594121
XLF,2005-08-17,24.1104793548584,24.232330322265625,24.045490264892578,24.142972946166992,15.893310546875,11855392
XLF,2005-08-18,24.077985763549805,24.191713333129883,24.012998580932617,24.126726150512695,15.88261604309082,13065219
XLF,2005-08-19,24.134849548339844,24.248577117919922,24.134849548339844,24.167343139648438,15.909347534179688,6882644
XLF,2005-08-22,24.167343139648438,24.337936401367188,24.126726150512695,24.232330322265625,15.952136993408203,6522577
XLF,2005-08-23,24.232330322265625,24.232330322265625,24.045490264892578,24.077985763549805,15.850529670715332,8087916
XLF,2005-08-24,24.004873275756836,24.15921974182129,23.801786422729492,23.801786422729492,15.668706893920898,13036906
XLF,2005-08-25,23.801786422729492,23.964256286621094,23.76116943359375,23.92363929748535,15.748920440673828,8257302
XLF,2005-08-26,23.92363929748535,23.92363929748535,23.671812057495117,23.671812057495117,15.583139419555664,16319983
XLF,2005-08-29,23.671812057495117,23.891145706176758,23.54183578491211,23.858652114868164,15.70614242553711,11118884
XLF,2005-08-30,23.720552444458008,23.801786422729492,23.574329376220703,23.647441864013672,15.567106246948242,20823227
XLF,2005-08-31,23.31437873840332,23.915515899658203,23.31437873840332,23.915515899658203,15.743575096130371,14215465
XLF,2005-09-01,23.99675178527832,24.061737060546875,23.728675842285156,23.972379684448242,15.781004905700684,19850860
XLF,2005-09-02,24.004873275756836,24.086109161376953,23.907392501831055,23.956132888793945,15.770313262939453,7385877
XLF,2005-09-06,24.045490264892578,24.248577117919922,24.029245376586914,24.248577117919922,15.962833404541016,10429032
XLF,2005-09-07,24.27294921875,24.289196014404297,24.118602752685547,24.191713333129883,15.925387382507324,10585738
XLF,2005-09-08,24.086109161376953,24.175466537475586,24.05361557006836,24.05361557006836,15.83448600769043,7680578
XLF,2005-09-09,24.086109161376953,24.305442810058594,24.077985763549805,24.26482582092285,15.973522186279297,8127062
XLF,2005-09-12,24.32981300354004,24.337936401367188,24.248577117919922,24.337936401367188,16.021656036376953,8269119
XLF,2005-09-13,24.289196014404297,24.297319412231445,24.134849548339844,24.134849548339844,15.887959480285645,5414307
XLF,2005-09-14,24.134849548339844,24.26482582092285,24.086109161376953,24.1104793548584,15.871919631958008,8381264
XLF,2005-09-15,24.20796012878418,24.20796012878418,24.029245376586914,24.126726150512695,15.88261604309082,5711101
XLF,2005-09-16,24.134849548339844,24.337936401367188,24.045490264892578,24.32981300354004,16.10959815979004,12791813
XLF,2005-09-19,24.370431900024414,24.370431900024414,24.069862365722656,24.1104793548584,15.964371681213379,6953919
XLF,2005-09-20,24.029245376586914,24.354183197021484,23.972379684448242,23.98050308227539,15.878310203552246,23278456
XLF,2005-09-21,23.98862648010254,23.98862648010254,23.574329376220703,23.58245277404785,15.61474895477295,17675437
XLF,2005-09-22,23.574329376220703,23.76116943359375,23.395612716674805,23.76116943359375,15.733083724975586,15650934
XLF,2005-09-23,23.720552444458008,23.866775512695312,23.623071670532227,23.842405319213867,15.786870002746582,4365865
XLF,2005-09-26,23.88302230834961,24.086109161376953,23.688058853149414,23.71242904663086,15.700813293457031,7957430
XLF,2005-09-27,23.639318466186523,23.891145706176758,23.631193161010742,23.793664932250977,15.754600524902344,7322973
XLF,2005-09-28,23.793664932250977,23.858652114868164,23.59869956970215,23.59869956970215,15.625509262084961,7652019
XLF,2005-09-29,23.639318466186523,24.045490264892578,23.590576171875,24.037368774414062,15.915969848632812,8617862
XLF,2005-09-30,24.086109161376953,24.240455627441406,23.907392501831055,23.98050308227539,15.878310203552246,6617856
XLF,2005-10-03,24.086109161376953,24.386676788330078,23.842405319213867,23.92363929748535,15.840653419494629,4219006
XLF,2005-10-04,24.32981300354004,24.32981300354004,23.623071670532227,23.623071670532227,15.641646385192871,11310428
XLF,2005-10-05,23.720552444458008,23.809911727905273,23.525588989257812,23.525588989257812,15.577102661132812,12952828
XLF,2005-10-06,23.639318466186523,23.785539627075195,23.468725204467773,23.590576171875,15.620121955871582,12219645
XLF,2005-10-07,23.590576171875,23.777416229248047,23.58245277404785,23.671812057495117,15.67391300201416,6118439
XLF,2005-10-10,23.76116943359375,23.76116943359375,23.419984817504883,23.419984817504883,15.507166862487793,5314473
XLF,2005-10-11,23.525588989257812,23.590576171875,23.31437873840332,23.346872329711914,15.458763122558594,10020586
XLF,2005-10-12,23.395612716674805,23.509342193603516,23.135662078857422,23.24126625061035,15.388840675354004,12442948
XLF,2005-10-13,23.273761749267578,23.37124252319336,23.09504508972168,23.354995727539062,15.464139938354492,21803841
XLF,2005-10-14,23.4118595123291,23.623071670532227,23.4118595123291,23.614946365356445,15.636277198791504,11216133
XLF,2005-10-17,23.639318466186523,23.744922637939453,23.48497200012207,23.639318466186523,15.652396202087402,9411611
XLF,2005-10-18,23.614946365356445,23.7530460357666,23.452478408813477,23.452478408813477,15.528685569763184,6495987
XLF,2005-10-19,23.501218795776367,23.98050308227539,23.379365921020508,23.92363929748535,15.840653419494629,19473189
XLF,2005-10-20,24.004873275756836,24.05361557006836,23.614946365356445,23.71242904663086,15.700813293457031,16381902
XLF,2005-10-21,24.086109161376953,24.086109161376953,23.720552444458008,23.850528717041016,15.792248725891113,8709325
XLF,2005-10-24,23.964256286621094,24.32168960571289,23.907392501831055,24.32168960571289,16.104219436645508,9280263
XLF,2005-10-25,24.289196014404297,24.32168960571289,24.045490264892578,24.183591842651367,16.012781143188477,12154279
XLF,2005-10-26,24.20796012878418,24.43541717529297,24.10235595703125,24.346059799194336,16.120357513427734,15936157
XLF,2005-10-27,24.248577117919922,24.402923583984375,24.20796012878418,24.20796012878418,16.028915405273438,17731940
XLF,2005-10-28,24.370431900024414,24.622257232666016,24.26482582092285,24.622257232666016,16.303245544433594,20482363
XLF,2005-10-31,24.630382537841797,24.809097290039062,24.630382537841797,24.71161651611328,16.362398147583008,11654000
XLF,2005-11-01,24.71973991394043,24.71973991394043,24.532899856567383,24.622257232666016,16.303245544433594,10145533
XLF,2005-11-02,24.573516845703125,24.898456573486328,24.565393447875977,24.82534408569336,16.43770408630371,12949258
XLF,2005-11-03,25.06092643737793,25.06092643737793,24.735986709594727,24.84159278869629,16.448469161987305,10983844
XLF,2005-11-04,24.93907356262207,24.93907356262207,24.752233505249023,24.88220977783203,16.475360870361328,8035845
XLF,2005-11-07,25.020309448242188,25.10966682434082,24.930950164794922,25.093420028686523,16.615215301513672,9374188
XLF,2005-11-08,24.89033317565918,25.182777404785156,24.89033317565918,25.020309448242188,16.56679916381836,7569419
XLF,2005-11-09,25.06092643737793,25.199024200439453,24.963443756103516,25.085296630859375,16.609832763671875,10027726
XLF,2005-11-10,25.182777404785156,25.613323211669922,25.101543426513672,25.588951110839844,16.943317413330078,18624907
XLF,2005-11-11,25.613323211669922,25.73517417907715,25.5483341217041,25.67831039428711,17.00248908996582,10650120
XLF,2005-11-14,25.702680587768555,25.72705078125,25.588951110839844,25.694557189941406,17.01325035095215,6888922
XLF,2005-11-15,25.710803985595703,25.913890838623047,25.361494064331055,25.45897674560547,16.857255935668945,16973767
XLF,2005-11-16,25.45085334777832,25.580829620361328,25.255889892578125,25.320877075195312,16.765825271606445,21732197
XLF,2005-11-17,25.39398956298828,25.67018699645996,25.320877075195312,25.62144660949707,16.9648380279541,11009325
XLF,2005-11-18,25.79203987121582,26.482534408569336,25.572704315185547,25.751422882080078,17.0508975982666,9416658
XLF,2005-11-21,25.79203987121582,25.938262939453125,25.710803985595703,25.873273849487305,17.13158416748047,7275456
XLF,2005-11-22,25.913890838623047,26.149471282958984,25.767669677734375,26.100730895996094,17.282184600830078,15687372
XLF,2005-11-23,26.11697769165039,26.441917419433594,26.06011390686035,26.303817749023438,17.416662216186523,11811322
XLF,2005-11-25,26.360681533813477,26.409423828125,26.28757095336914,26.360681533813477,17.45430564880371,2176654
XLF,2005-11-28,26.441917419433594,26.441917419433594,26.190088272094727,26.23883056640625,17.373626708984375,19170609
XLF,2005-11-29,26.320064544677734,26.376928329467773,26.035743713378906,26.222583770751953,17.362873077392578,18621953
XLF,2005-11-30,26.23883056640625,26.23883056640625,25.824533462524414,25.8895206451416,17.142337799072266,25968807
XLF,2005-12-01,26.035743713378906,26.16571807861328,25.995126724243164,26.027620315551758,17.23378562927246,12589068
XLF,2005-12-02,26.092607498168945,26.108854293823242,25.987001419067383,26.084484100341797,17.27142333984375,7858335
XLF,2005-12-05,25.995126724243164,26.051990509033203,25.800161361694336,26.035743713378906,17.23915672302246,15691188
XLF,2005-12-06,26.157594680786133,26.222583770751953,25.938262939453125,25.954509735107422,17.185365676879883,8581793
XLF,2005-12-07,25.930137634277344,26.00324821472168,25.629568099975586,25.743297576904297,17.0455265045166,9688955
XLF,2005-12-08,25.751422882080078,25.89764404296875,25.629568099975586,25.72705078125,17.03475570678711,9374557
XLF,2005-12-09,26.157594680786133,26.157594680786133,25.702680587768555,25.913890838623047,17.158470153808594,9121833
XLF,2005-12-12,25.922014236450195,25.978879928588867,25.710803985595703,25.800161361694336,17.083171844482422,6234400
XLF,2005-12-13,25.79203987121582,26.206335067749023,25.759544372558594,26.133224487304688,17.303707122802734,19211602
XLF,2005-12-14,26.108854293823242,26.279447555541992,26.06011390686035,26.2307071685791,17.368249893188477,11667664
XLF,2005-12-15,26.2469539642334,26.2469539642334,26.051990509033203,26.084484100341797,17.27142333984375,11066936
XLF,2005-12-16,26.07636070251465,26.11697769165039,25.930137634277344,25.978879928588867,17.31365203857422,7611765
XLF,2005-12-19,25.930137634277344,25.995126724243164,25.73517417907715,25.751422882080078,17.162073135375977,7940196
XLF,2005-12-20,25.759544372558594,25.922014236450195,25.751422882080078,25.865150451660156,17.23785972595215,5430680
XLF,2005-12-21,25.9057674407959,26.100730895996094,25.865150451660156,25.938262939453125,17.286588668823242,7313863
XLF,2005-12-22,25.995126724243164,26.11697769165039,25.913890838623047,26.11697769165039,17.405689239501953,6719783
XLF,2005-12-23,26.141347885131836,26.18196678161621,26.07636070251465,26.149471282958984,17.42734718322754,3939692
XLF,2005-12-27,26.28757095336914,26.28757095336914,25.922014236450195,25.94638442993164,17.29199981689453,8312820
XLF,2005-12-28,25.938262939453125,26.043867111206055,25.873273849487305,25.8895206451416,17.254106521606445,5012386
XLF,2005-12-29,25.962631225585938,25.987001419067383,25.824533462524414,25.865150451660156,17.23785972595215,4117326
XLF,2005-12-30,25.72705078125,25.832656860351562,25.653940200805664,25.72705078125,17.145816802978516,6315399
XLF,2006-01-03,25.72705078125,26.206335067749023,25.645816802978516,26.157594680786133,17.432762145996094,17719999
XLF,2006-01-04,26.157594680786133,26.255077362060547,26.035743713378906,26.133224487304688,17.416528701782227,19258380
XLF,2006-01-05,26.149471282958984,26.23883056640625,26.12510108947754,26.222583770751953,17.47608184814453,6362054
XLF,2006-01-06,26.2469539642334,26.40130043029785,26.16571807861328,26.376928329467773,17.578941345214844,9402870
XLF,2006-01-09,26.385053634643555,26.490657806396484,26.34443473815918,26.450040817260742,17.627670288085938,8239329
XLF,2006-01-10,26.51502799987793,26.523151397705078,26.28757095336914,26.474411010742188,17.6439151763916,8345072
XLF,2006-01-11,26.303817749023438,26.62875747680664,26.303817749023438,26.620634078979492,17.74135398864746,9195078
XLF,2006-01-12,26.51502799987793,26.555646896362305,26.39317512512207,26.433794021606445,17.61683464050293,7183747
XLF,2006-01-13,26.75873374938965,26.75873374938965,26.34443473815918,26.41754722595215,17.606000900268555,7528550
XLF,2006-01-17,26.263200759887695,26.263200759887695,26.092607498168945,26.141347885131836,17.421932220458984,7335529
XLF,2006-01-18,25.995126724243164,26.279447555541992,25.970754623413086,26.0682373046875,17.373210906982422,10850896
XLF,2006-01-19,26.17384147644043,26.17384147644043,25.94638442993164,25.987001419067383,17.31907081604004,7725879
XLF,2006-01-20,25.978879928588867,25.978879928588867,25.426483154296875,25.442729949951172,16.956336975097656,26976750
XLF,2006-01-23,25.345247268676758,25.67831039428711,25.312753677368164,25.50771713256836,16.999649047851562,13649574
XLF,2006-01-24,25.588951110839844,25.751422882080078,25.580829620361328,25.62144660949707,17.075450897216797,16959733
XLF,2006-01-25,25.67018699645996,25.743297576904297,25.572704315185547,25.67018699645996,17.107933044433594,8817284
XLF,2006-01-26,25.9057674407959,26.198213577270508,25.832656860351562,26.108854293823242,17.40028190612793,14626496
XLF,2006-01-27,26.07636070251465,26.368806838989258,25.987001419067383,26.133224487304688,17.416528701782227,12404418
XLF,2006-01-30,26.108854293823242,26.133224487304688,26.051990509033203,26.051990509033203,17.362380981445312,7284073
XLF,2006-01-31,26.0682373046875,26.12510108947754,25.922014236450195,25.954509735107422,17.297412872314453,16142719
XLF,2006-02-01,25.913890838623047,26.06011390686035,25.816408157348633,25.938262939453125,17.286588668823242,13474526
XLF,2006-02-02,25.922014236450195,25.954509735107422,25.71892738342285,25.759544372558594,17.167478561401367,17747327
XLF,2006-02-03,25.832656860351562,25.84890365600586,25.491470336914062,25.653940200805664,17.097105026245117,15270063
XLF,2006-02-06,25.629568099975586,25.743297576904297,25.629568099975586,25.72705078125,17.145816802978516,9126634
XLF,2006-02-07,25.686433792114258,25.783916473388672,25.5483341217041,25.55645751953125,17.032136917114258,9067177
XLF,2006-02-08,25.523963928222656,25.751422882080078,25.523963928222656,25.71892738342285,17.14041519165039,11276452
XLF,2006-02-09,25.72705078125,25.970754623413086,25.71892738342285,25.783916473388672,17.183717727661133,7923701
XLF,2006-02-10,25.751422882080078,25.94638442993164,25.629568099975586,25.930137634277344,17.281177520751953,6550151
XLF,2006-02-13,25.873273849487305,25.9057674407959,25.71892738342285,25.832656860351562,17.216203689575195,18027749
XLF,2006-02-14,25.873273849487305,26.2469539642334,25.84890365600586,26.141347885131836,17.421932220458984,18669346
XLF,2006-02-15,26.17384147644043,26.320064544677734,26.07636070251465,26.29569435119629,17.524789810180664,16644351
XLF,2006-02-16,26.28757095336914,26.450040817260742,26.2469539642334,26.450040817260742,17.627670288085938,9676768
XLF,2006-02-17,26.441917419433594,26.498781204223633,26.255077362060547,26.34443473815918,17.557281494140625,9473161
XLF,2006-02-21,26.29569435119629,26.41754722595215,26.2307071685791,26.263200759887695,17.503141403198242,14553744
XLF,2006-02-22,26.555646896362305,26.791227340698242,26.328187942504883,26.75873374938965,17.83339500427246,22394968
XLF,2006-02-23,26.766855239868164,26.839967727661133,26.539398193359375,26.661251068115234,17.7684268951416,9125895
XLF,2006-02-24,26.669374465942383,26.79935073852539,26.596263885498047,26.718114852905273,17.80632972717285,9338858
XLF,2006-02-27,26.726238250732422,26.839967727661133,26.726238250732422,26.766855239868164,17.838804244995117,11734508
XLF,2006-02-28,26.68562126159668,26.709991455078125,26.433794021606445,26.50690460205078,17.66556739807129,15690203
XLF,2006-03-01,26.5881404876709,26.645004272460938,26.51502799987793,26.645004272460938,17.757596969604492,6728277
XLF,2006-03-02,26.531274795532227,26.531274795532227,26.368806838989258,26.482534408569336,17.649316787719727,17965706
XLF,2006-03-03,26.409423828125,26.5718936920166,26.33631134033203,26.41754722595215,17.606000900268555,13546047
XLF,2006-03-06,26.41754722595215,26.490657806396484,26.255077362060547,26.33631134033203,17.551864624023438,17043687
XLF,2006-03-07,26.2469539642334,26.441917419433594,26.2307071685791,26.425670623779297,17.611421585083008,26680694
XLF,2006-03-08,26.450040817260742,26.498781204223633,26.271324157714844,26.441917419433594,17.622257232666016,10367236
XLF,2006-03-09,26.441917419433594,26.523151397705078,26.263200759887695,26.279447555541992,17.51397132873535,7940196
XLF,2006-03-10,26.360681533813477,26.56376838684082,26.279447555541992,26.51502799987793,17.67097282409668,9605493
XLF,2006-03-13,26.5881404876709,26.653127670288086,26.450040817260742,26.523151397705078,17.6763973236084,12916268
XLF,2006-03-14,26.539398193359375,26.831844329833984,26.531274795532227,26.831844329833984,17.882116317749023,17439577
XLF,2006-03-15,26.783103942871094,26.91307830810547,26.68562126159668,26.864337921142578,17.903770446777344,23877830
XLF,2006-03-16,26.945573806762695,27.067424774169922,26.929325103759766,26.95369529724121,17.96332550048828,14009888
XLF,2006-03-17,26.831844329833984,26.888708114624023,26.791227340698242,26.888708114624023,18.01612091064453,8742685
XLF,2006-03-20,26.85621452331543,26.945573806762695,26.75873374938965,26.90495491027832,18.027006149291992,9054374
XLF,2006-03-21,26.880584716796875,26.896831512451172,26.604387283325195,26.63688087463379,17.847400665283203,10612574
XLF,2006-03-22,26.596263885498047,26.872461318969727,26.5881404876709,26.84809112548828,17.988906860351562,8927212
XLF,2006-03-23,26.766855239868164,26.783103942871094,26.63688087463379,26.718114852905273,17.90182876586914,10013077
XLF,2006-03-24,26.661251068115234,26.79935073852539,26.5881404876709,26.709991455078125,17.896379470825195,12086450
XLF,2006-03-27,26.693744659423828,26.74248504638672,26.612510681152344,26.693744659423828,17.885494232177734,8242530
XLF,2006-03-28,26.693744659423828,26.774980545043945,26.425670623779297,26.474411010742188,17.738534927368164,13887403
XLF,2006-03-29,26.620634078979492,26.653127670288086,26.41754722595215,26.596263885498047,17.820175170898438,6550767
XLF,2006-03-30,26.498781204223633,26.669374465942383,26.385053634643555,26.433794021606445,17.711322784423828,10008276
XLF,2006-03-31,26.450040817260742,26.56376838684082,26.40130043029785,26.441917419433594,17.71676254272461,9100291
XLF,2006-04-03,26.441917419433594,26.693744659423828,26.41754722595215,26.482534408569336,17.743976593017578,17761607
XLF,2006-04-04,26.482534408569336,26.80747413635254,26.41754722595215,26.766855239868164,17.934480667114258,5489768
XLF,2006-04-05,26.783103942871094,26.888708114624023,26.718114852905273,26.815597534179688,17.967138290405273,10001506
XLF,2006-04-06,27.010560989379883,27.010560989379883,26.612510681152344,26.718114852905273,17.90182876586914,14073654
XLF,2006-04-07,26.823720932006836,26.84809112548828,26.425670623779297,26.46628761291504,17.73308563232422,15008229
XLF,2006-04-10,26.531274795532227,26.653127670288086,26.450040817260742,26.51502799987793,17.765745162963867,8589795
XLF,2006-04-11,26.62875747680664,26.62875747680664,26.23883056640625,26.28757095336914,17.613344192504883,11979107
XLF,2006-04-12,26.29569435119629,26.425670623779297,26.279447555541992,26.34443473815918,17.651443481445312,8625986
XLF,2006-04-13,26.311941146850586,26.41754722595215,26.263200759887695,26.385053634643555,17.67865753173828,6869965
XLF,2006-04-17,26.433794021606445,26.490657806396484,26.28757095336914,26.360681533813477,17.662322998046875,7458260
XLF,2006-04-18,26.46628761291504,26.872461318969727,26.409423828125,26.84809112548828,17.988906860351562,16304226
XLF,2006-04-19,26.90495491027832,26.945573806762695,26.774980545043945,26.880584716796875,18.01067352294922,11333325
XLF,2006-04-20,26.888708114624023,27.059301376342773,26.823720932006836,26.937448501586914,18.04878044128418,5373561
XLF,2006-04-21,27.099918365478516,27.099918365478516,26.580015182495117,26.90495491027832,18.027006149291992,6024760
XLF,2006-04-24,27.164907455444336,27.164907455444336,26.596263885498047,26.91307830810547,18.032447814941406,6810631
XLF,2006-04-25,26.91307830810547,26.91307830810547,26.669374465942383,26.750608444213867,17.923593521118164,8725328
XLF,2006-04-26,26.653127670288086,26.91307830810547,26.653127670288086,26.90495491027832,18.027006149291992,6675959
XLF,2006-04-27,26.831844329833984,27.376117706298828,26.791227340698242,27.327375411987305,18.310041427612305,21775528
XLF,2006-04-28,27.213647842407227,27.69293212890625,27.213647842407227,27.587326049804688,18.484209060668945,16492446
XLF,2006-05-01,27.611698150634766,27.64419174194336,27.091794967651367,27.156782150268555,18.195735931396484,16759696
XLF,2006-05-02,27.29488182067871,27.3436222076416,27.205524444580078,27.327375411987305,18.310041427612305,4896426
XLF,2006-05-03,27.335500717163086,27.376117706298828,27.197399139404297,27.30300521850586,18.293718338012695,5726120
XLF,2006-05-04,27.311128616333008,27.46547508239746,27.311128616333008,27.35987091064453,18.331817626953125,10429278
XLF,2006-05-05,27.46547508239746,27.782291412353516,27.46547508239746,27.749797821044922,18.59307289123535,14808930
XLF,2006-05-08,27.790414810180664,27.798538208007812,27.603574752807617,27.63606834411621,18.51687240600586,10281189
XLF,2006-05-09,27.59545135498047,27.717302322387695,27.59545135498047,27.6848087310791,18.549530029296875,12726324
XLF,2006-05-10,27.660438537597656,27.749797821044922,27.506092071533203,27.7010555267334,18.560428619384766,10461900
XLF,2006-05-11,27.6848087310791,27.6848087310791,27.156782150268555,27.24614143371582,18.255613327026367,10598048
XLF,2006-05-12,26.80747413635254,27.24614143371582,26.80747413635254,26.969942092895508,18.070547103881836,10406628
XLF,2006-05-15,26.921201705932617,27.181154251098633,26.921201705932617,27.156782150268555,18.195735931396484,6753635
XLF,2006-05-16,27.181154251098633,27.25426483154297,27.010560989379883,27.12428855895996,18.173969268798828,9561546
XLF,2006-05-17,26.945573806762695,26.986190795898438,26.498781204223633,26.580015182495117,17.809288024902344,13422578
XLF,2006-05-18,26.604387283325195,26.701868057250977,26.33631134033203,26.34443473815918,17.651443481445312,8360460
XLF,2006-05-19,26.498781204223633,26.604387283325195,26.320064544677734,26.482534408569336,17.743976593017578,12222599
XLF,2006-05-22,26.425670623779297,26.539398193359375,26.198213577270508,26.41754722595215,17.700428009033203,12672653
XLF,2006-05-23,26.51502799987793,26.612510681152344,26.271324157714844,26.28757095336914,17.613344192504883,9384775
XLF,2006-05-24,26.23883056640625,26.482534408569336,26.07636070251465,26.303817749023438,17.624231338500977,13323113
XLF,2006-05-25,26.441917419433594,26.555646896362305,26.360681533813477,26.539398193359375,17.782073974609375,6981001
XLF,2006-05-26,26.67749786376953,26.766855239868164,26.5718936920166,26.75873374938965,17.929040908813477,4869713
XLF,2006-05-30,26.791227340698242,26.791227340698242,26.352558135986328,26.360681533813477,17.662322998046875,9413457
XLF,2006-05-31,26.450040817260742,26.580015182495117,26.29569435119629,26.547521591186523,17.78752326965332,6483062
XLF,2006-06-01,26.531274795532227,26.896831512451172,26.531274795532227,26.85621452331543,17.99435043334961,4518016
XLF,2006-06-02,26.726238250732422,27.067424774169922,26.726238250732422,27.010560989379883,18.097766876220703,12643847
XLF,2006-06-05,26.880584716796875,26.961820602416992,26.547521591186523,26.5718936920166,17.803857803344727,8061819
XLF,2006-06-06,26.645004272460938,26.709991455078125,26.2469539642334,26.50690460205078,17.76030731201172,23200411
XLF,2006-06-07,26.474411010742188,26.823720932006836,26.45816421508789,26.596263885498047,17.820175170898438,10925987
XLF,2006-06-08,26.523151397705078,26.726238250732422,26.271324157714844,26.645004272460938,17.852828979492188,28709259
XLF,2006-06-09,26.604387283325195,26.75873374938965,26.51502799987793,26.555646896362305,17.792957305908203,11772669
XLF,2006-06-12,26.56376838684082,26.620634078979492,26.255077362060547,26.263200759887695,17.597017288208008,9561177
XLF,2006-06-13,26.198213577270508,26.360681533813477,25.67831039428711,25.751422882080078,17.254112243652344,24357797
XLF,2006-06-14,25.79203987121582,25.881397247314453,25.32900047302246,25.597076416015625,17.150697708129883,18993099
XLF,2006-06-15,25.832656860351562,26.222583770751953,25.72705078125,26.16571807861328,17.53170394897461,15685648
XLF,2006-06-16,26.035743713378906,26.035743713378906,25.767669677734375,25.84890365600586,17.420568466186523,10174461
XLF,2006-06-19,25.84890365600586,26.01137351989746,25.613323211669922,25.67018699645996,17.300125122070312,7099054
XLF,2006-06-20,25.686433792114258,25.922014236450195,25.67831039428711,25.743297576904297,17.349395751953125,22578140
XLF,2006-06-21,25.79203987121582,26.051990509033203,25.743297576904297,25.954509735107422,17.491741180419922,15107817
XLF,2006-06-22,25.865150451660156,25.94638442993164,25.77579116821289,25.857027053833008,17.426036834716797,3410732
XLF,2006-06-23,25.751422882080078,25.84890365600586,25.62144660949707,25.686433792114258,17.311073303222656,5009308
XLF,2006-06-26,25.72705078125,25.913890838623047,25.67018699645996,25.913890838623047,17.464365005493164,5158506
XLF,2006-06-27,25.873273849487305,25.94638442993164,25.645816802978516,25.662063598632812,17.29465103149414,4800038
XLF,2006-06-28,25.79203987121582,25.808286666870117,25.629568099975586,25.800161361694336,17.387720108032227,5785946
XLF,2006-06-29,25.930137634277344,26.368806838989258,25.873273849487305,26.34443473815918,17.754518508911133,11568569
XLF,2006-06-30,26.425670623779297,26.46628761291504,26.222583770751953,26.271324157714844,17.70525550842285,7769333
XLF,2006-07-03,26.303817749023438,26.5881404876709,26.303817749023438,26.580015182495117,17.913297653198242,4077195
XLF,2006-07-05,26.360681533813477,26.41754722595215,26.222583770751953,26.328187942504883,17.743568420410156,5988692
XLF,2006-07-06,26.303817749023438,26.490657806396484,26.303817749023438,26.409423828125,17.79831314086914,4241411
XLF,2006-07-07,26.279447555541992,26.51502799987793,26.255077362060547,26.279447555541992,17.710729598999023,3649669
XLF,2006-07-10,26.33631134033203,26.498781204223633,26.33631134033203,26.45816421508789,17.831159591674805,3758735
XLF,2006-07-11,26.34443473815918,26.490657806396484,26.18196678161621,26.46628761291504,17.836645126342773,5804534
XLF,2006-07-12,26.547521591186523,26.547521591186523,26.149471282958984,26.206335067749023,17.661455154418945,6619579
XLF,2006-07-13,26.07636070251465,26.11697769165039,25.783916473388672,25.79203987121582,17.382240295410156,11400168
XLF,2006-07-14,25.767669677734375,25.865150451660156,25.580829620361328,25.686433792114258,17.311073303222656,9368033
XLF,2006-07-17,25.613323211669922,25.79203987121582,25.540210723876953,25.73517417907715,17.343917846679688,6106622
XLF,2006-07-18,25.84078025817871,25.873273849487305,25.580829620361328,25.79203987121582,17.382240295410156,8530461
XLF,2006-07-19,25.865150451660156,26.490657806396484,25.857027053833008,26.474411010742188,17.842121124267578,40039875
XLF,2006-07-20,26.482534408569336,26.56376838684082,26.34443473815918,26.368806838989258,17.77094841003418,15552085
XLF,2006-07-21,26.368806838989258,26.450040817260742,26.133224487304688,26.222583770751953,17.672401428222656,16533069
XLF,2006-07-24,26.33631134033203,26.5881404876709,26.263200759887695,26.56376838684082,17.90233612060547,11416417
XLF,2006-07-25,26.56376838684082,26.701868057250977,26.425670623779297,26.62875747680664,17.94614028930664,8844489
XLF,2006-07-26,26.62875747680664,26.701868057250977,26.498781204223633,26.596263885498047,17.92422866821289,5503678
XLF,2006-07-27,26.726238250732422,26.774980545043945,26.433794021606445,26.441917419433594,17.820220947265625,9565486
XLF,2006-07-28,26.645004272460938,27.010560989379883,26.63688087463379,26.91307830810547,18.13775062561035,14383373
XLF,2006-07-31,26.969942092895508,26.97806739807129,26.80747413635254,26.872461318969727,18.110382080078125,8948878
XLF,2006-08-01,26.766855239868164,26.864337921142578,26.63688087463379,26.791227340698242,18.055631637573242,7718493
XLF,2006-08-02,26.831844329833984,26.90495491027832,26.709991455078125,26.839967727661133,18.088478088378906,7259699
XLF,2006-08-03,26.726238250732422,27.010560989379883,26.726238250732422,26.95369529724121,18.165128707885742,7380461
XLF,2006-08-04,27.229894638061523,27.457351684570312,26.91307830810547,27.010560989379883,18.20345115661621,19989840
XLF,2006-08-07,27.010560989379883,27.02680778503418,26.872461318969727,26.95369529724121,18.165128707885742,4076580
XLF,2006-08-08,27.034931182861328,27.099918365478516,26.718114852905273,26.75873374938965,18.033733367919922,10953069
XLF,2006-08-09,26.945573806762695,27.010560989379883,26.41754722595215,26.441917419433594,17.820220947265625,10111680
XLF,2006-08-10,26.409423828125,26.62875747680664,26.328187942504883,26.5718936920166,17.90781593322754,12115379
XLF,2006-08-11,26.50690460205078,26.555646896362305,26.376928329467773,26.490657806396484,17.85306739807129,6336819
XLF,2006-08-14,26.62875747680664,26.766855239868164,26.474411010742188,26.523151397705078,17.874967575073242,6748958
XLF,2006-08-15,26.84809112548828,27.30300521850586,26.79935073852539,26.969942092895508,18.176076889038086,10760910
XLF,2006-08-16,27.132413864135742,27.164907455444336,26.994314193725586,27.116165161132812,18.274621963500977,5888119
XLF,2006-08-17,27.091794967651367,27.229894638061523,27.02680778503418,27.205524444580078,18.3348445892334,6555814
XLF,2006-08-18,27.229894638061523,27.24614143371582,27.116165161132812,27.24614143371582,18.362211227416992,7479802
XLF,2006-08-21,27.213647842407227,27.213647842407227,27.07554817199707,27.140535354614258,18.29104232788086,4727532
XLF,2006-08-22,27.132413864135742,27.205524444580078,27.034931182861328,27.132413864135742,18.28557014465332,6325617
XLF,2006-08-23,27.116165161132812,27.164907455444336,26.994314193725586,27.051177978515625,18.23082160949707,4746121
XLF,2006-08-24,27.140535354614258,27.18927764892578,27.08367156982422,27.140535354614258,18.29104232788086,4821458
XLF,2006-08-25,27.059301376342773,27.08367156982422,26.969942092895508,26.994314193725586,18.192495346069336,4463729
XLF,2006-08-28,26.969942092895508,27.24614143371582,26.961820602416992,27.18927764892578,18.323890686035156,11596882
XLF,2006-08-29,27.132413864135742,27.132413864135742,26.921201705932617,27.07554817199707,18.24724578857422,17294196
XLF,2006-08-30,27.12428855895996,27.229894638061523,27.116165161132812,27.156782150268555,18.301992416381836,4856418
XLF,2006-08-31,27.156782150268555,27.205524444580078,27.108041763305664,27.18927764892578,18.323890686035156,4162627
XLF,2006-09-01,27.286758422851562,27.286758422851562,27.140535354614258,27.229894638061523,18.35126304626465,3034169
XLF,2006-09-05,27.25426483154297,27.41673469543457,27.213647842407227,27.327375411987305,18.416963577270508,9705573
XLF,2006-09-06,27.213647842407227,27.53858757019043,27.173030853271484,27.238018035888672,18.356740951538086,6858886
XLF,2006-09-07,27.132413864135742,27.197399139404297,27.002437591552734,27.02680778503418,18.214401245117188,8959341
XLF,2006-09-08,27.034931182861328,27.205524444580078,26.896831512451172,27.181154251098633,18.318416595458984,6832419
XLF,2006-09-11,27.132413864135742,27.238018035888672,27.099918365478516,27.197399139404297,18.329368591308594,4257044
XLF,2006-09-12,27.229894638061523,27.587326049804688,27.213647842407227,27.546709060668945,18.564777374267578,7997561
XLF,2006-09-13,27.587326049804688,27.80666160583496,27.457351684570312,27.749797821044922,18.701650619506836,8542032
XLF,2006-09-14,27.652315139770508,27.81478500366211,27.627944946289062,27.81478500366211,18.745441436767578,3825456
XLF,2006-09-15,28.42404556274414,28.43216896057129,27.70918083190918,27.74167251586914,18.80270767211914,7382923
XLF,2006-09-18,27.676685333251953,27.798538208007812,27.611698150634766,27.70918083190918,18.780691146850586,9313623
XLF,2006-09-19,28.066612243652344,28.066612243652344,27.603574752807617,27.757919311523438,18.813718795776367,7713815
XLF,2006-09-20,27.85540199279785,27.993501663208008,27.81478500366211,27.944759368896484,18.940359115600586,9690678
XLF,2006-09-21,27.944759368896484,28.017871856689453,27.7010555267334,27.749797821044922,18.808216094970703,6461027
XLF,2006-09-22,27.749797821044922,27.847278594970703,27.6848087310791,27.798538208007812,18.841249465942383,7961369
XLF,2006-09-25,27.952884674072266,28.147846221923828,27.822908401489258,28.08285903930664,19.033952713012695,7118627
XLF,2006-09-26,28.099105834960938,28.237205505371094,27.98537826538086,28.237205505371094,19.13856315612793,7658913
XLF,2006-09-27,28.15597152709961,28.229082107543945,28.03411865234375,28.107229232788086,19.050479888916016,6000140
XLF,2006-09-28,28.03411865234375,28.237205505371094,28.03411865234375,28.2047119140625,19.116544723510742,3996811
XLF,2006-09-29,27.879772186279297,28.391551971435547,27.879772186279297,28.123477935791016,19.061487197875977,6330171
XLF,2006-10-02,28.08285903930664,28.164094924926758,27.952884674072266,28.058488845825195,19.01744270324707,4536481
XLF,2006-10-03,28.074735641479492,28.399675369262695,28.050365447998047,28.334686279296875,19.204635620117188,8250778
XLF,2006-10-04,28.619009017944336,28.675872802734375,28.26157569885254,28.675872802734375,19.435884475708008,14697525
XLF,2006-10-05,28.732738494873047,28.952070236206055,28.55402183532715,28.659626007080078,19.424875259399414,10687542
XLF,2006-10-06,28.570268630981445,28.60276222229004,28.489032745361328,28.562145233154297,19.35880470275879,6333126
XLF,2006-10-09,28.55402183532715,28.683996200561523,28.456539154052734,28.64337921142578,19.413867950439453,4485395
XLF,2006-10-10,28.692119598388672,28.732738494873047,28.562145233154297,28.64337921142578,19.413867950439453,6821710
XLF,2006-10-11,28.237205505371094,28.64337921142578,28.237205505371094,28.570268630981445,19.364315032958984,7388216
XLF,2006-10-12,28.627132415771484,28.77335548400879,28.627132415771484,28.724613189697266,19.46892738342285,6476045
XLF,2006-10-13,28.64337921142578,28.830219268798828,28.64337921142578,28.830219268798828,19.540502548217773,4953544
XLF,2006-10-16,28.732738494873047,28.757108688354492,28.635255813598633,28.675872802734375,19.435884475708008,6320200
XLF,2006-10-17,28.65150260925293,28.748985290527344,28.529651641845703,28.675872802734375,19.435884475708008,6891754
XLF,2006-10-18,28.797725677490234,28.911453247070312,28.586515426635742,28.757108688354492,19.490951538085938,7018177
XLF,2006-10-19,28.70836639404297,28.70836639404297,28.440292358398438,28.570268630981445,19.364315032958984,8025012
XLF,2006-10-20,28.570268630981445,28.578392028808594,28.415922164916992,28.53777313232422,19.34229278564453,8718681
XLF,2006-10-23,28.448415756225586,28.76523208618164,28.43216896057129,28.724613189697266,19.46892738342285,4841769
XLF,2006-10-24,28.667749404907227,28.724613189697266,28.578392028808594,28.71649169921875,19.46341896057129,3734362
XLF,2006-10-25,28.748985290527344,28.838342666625977,28.627132415771484,28.838342666625977,19.54601287841797,5660261
XLF,2006-10-26,28.887083053588867,29.04955291748047,28.757108688354492,29.04142951965332,19.68366241455078,11989201
XLF,2006-10-27,29.000812530517578,29.000812530517578,28.740861892700195,28.82209587097168,19.534990310668945,5312134
XLF,2006-10-30,28.781478881835938,28.919578552246094,28.732738494873047,28.830219268798828,19.540502548217773,9933801
XLF,2006-10-31,28.911453247070312,28.98456573486328,28.781478881835938,28.781478881835938,19.507469177246094,9728224
XLF,2006-11-01,28.911453247070312,28.960195541381836,28.5458984375,28.60276222229004,19.386341094970703,11319784
XLF,2006-11-02,28.578392028808594,28.627132415771484,28.43216896057129,28.521526336669922,19.331274032592773,4528357
XLF,2006-11-03,28.610885620117188,28.675872802734375,28.3834285736084,28.521526336669922,19.331274032592773,4709191
XLF,2006-11-06,28.59463882446289,28.895206451416016,28.53777313232422,28.854589462280273,19.557016372680664,9460727
XLF,2006-11-07,28.87895965576172,29.025182723999023,28.862712860107422,28.919578552246094,19.601062774658203,4722239
XLF,2006-11-08,28.797725677490234,29.090171813964844,28.797725677490234,29.04142951965332,19.68366241455078,3910518
XLF,2006-11-09,29.04142951965332,29.04142951965332,28.797725677490234,28.846466064453125,19.551513671875,4959084
XLF,2006-11-10,28.927701950073242,29.082046508789062,28.87895965576172,29.082046508789062,19.71117401123047,6402431
XLF,2006-11-13,28.952070236206055,29.171405792236328,28.952070236206055,29.04955291748047,19.689163208007812,4200541
XLF,2006-11-14,28.98456573486328,29.252639770507812,28.87083625793457,29.22014617919922,19.80478286743164,7786321
XLF,2006-11-15,29.171405792236328,29.252639770507812,29.122665405273438,29.179529190063477,19.777254104614258,4036203
XLF,2006-11-16,29.374492645263672,29.463851928710938,29.26076316833496,29.463851928710938,19.969966888427734,11170217
XLF,2006-11-17,29.398862838745117,29.398862838745117,29.244516372680664,29.244516372680664,19.821304321289062,12754637
XLF,2006-11-20,29.32575035095215,29.48822021484375,29.293258666992188,29.43135643005371,19.94793701171875,13273750
XLF,2006-11-21,29.447603225708008,29.447603225708008,29.317628860473633,29.38261604309082,19.914907455444336,4275632
XLF,2006-11-22,29.38261604309082,29.48822021484375,29.301380157470703,29.415109634399414,19.936927795410156,2484035
XLF,2006-11-24,29.244516372680664,29.366369247436523,29.203899383544922,29.26888656616211,19.837818145751953,2504100
XLF,2006-11-27,29.27701187133789,29.27701187133789,28.805849075317383,28.81397247314453,19.52949333190918,9614110
XLF,2006-11-28,28.87083625793457,28.919578552246094,28.675872802734375,28.862712860107422,19.562524795532227,8988270
XLF,2006-11-29,28.960195541381836,29.130788803100586,28.87895965576172,29.04142951965332,19.68366241455078,5148781
XLF,2006-11-30,28.952070236206055,29.130788803100586,28.846466064453125,28.98456573486328,19.645116806030273,4428276
XLF,2006-12-01,28.968318939208984,29.057676315307617,28.619009017944336,28.81397247314453,19.52949333190918,10386439
XLF,2006-12-04,28.919578552246094,29.26888656616211,28.903331756591797,29.22014617919922,19.80478286743164,8233544
XLF,2006-12-05,29.244516372680664,29.374492645263672,29.1389102935791,29.358245849609375,19.89838981628418,10037943
XLF,2006-12-06,29.341997146606445,29.43947982788086,29.32575035095215,29.398862838745117,19.925912857055664,3267566
XLF,2006-12-07,29.455726623535156,29.577579498291016,29.27701187133789,29.32575035095215,19.876358032226562,5468471
XLF,2006-12-08,29.26076316833496,29.4800968170166,29.22014617919922,29.415109634399414,19.936927795410156,6413387
XLF,2006-12-11,29.4800968170166,29.634443283081055,29.463851928710938,29.577579498291016,20.047046661376953,10900874
XLF,2006-12-12,29.48822021484375,29.65069007873535,29.447603225708008,29.60194969177246,20.06355857849121,7699043
XLF,2006-12-13,29.65069007873535,29.756296157836914,29.585702896118164,29.634443283081055,20.085588455200195,4945666
XLF,2006-12-14,29.642566680908203,29.88627052307129,29.593826293945312,29.88627052307129,20.256267547607422,7145586
XLF,2006-12-15,29.8375301361084,29.853776931762695,29.675060272216797,29.731924057006836,20.3067569732666,8292755
XLF,2006-12-18,29.8212833404541,29.94313621520996,29.78066635131836,29.87814712524414,20.40662384033203,6471367
XLF,2006-12-19,29.78066635131836,29.926889419555664,29.707555770874023,29.853776931762695,20.389986038208008,13315481
XLF,2006-12-20,29.88627052307129,29.959383010864258,29.764419555664062,29.95125961303711,20.45656967163086,5199498
XLF,2006-12-21,29.975629806518555,30.00812339782715,29.796913146972656,29.8212833404541,20.3677921295166,6326109
XLF,2006-12-22,29.813159942626953,29.8212833404541,29.593826293945312,29.675060272216797,20.26791763305664,4097137
XLF,2006-12-26,29.731924057006836,29.94313621520996,29.71567726135254,29.94313621520996,20.451019287109375,5110497
XLF,2006-12-27,30.032493591308594,30.17059326171875,30.016246795654297,30.154346466064453,20.59527015686035,5211439
XLF,2006-12-28,30.089357376098633,30.17059326171875,29.967506408691406,30.016246795654297,20.50094985961914,8430380
XLF,2006-12-29,29.983753204345703,30.05686378479004,29.82940673828125,29.845653533935547,20.384435653686523,4283265
XLF,2007-01-03,30.024370193481445,30.211210250854492,29.764419555664062,29.99187660217285,20.484298706054688,9365079
XLF,2007-01-04,29.975629806518555,29.99187660217285,29.764419555664062,29.89439582824707,20.417726516723633,6646292
XLF,2007-01-05,29.813159942626953,29.87814712524414,29.60194969177246,29.6588134765625,20.256826400756836,7977372
XLF,2007-01-08,29.66693687438965,29.813159942626953,29.471973419189453,29.788789749145508,20.34560203552246,4427415
XLF,2007-01-09,29.788789749145508,29.902517318725586,29.577579498291016,29.740049362182617,20.31231117248535,5997309
XLF,2007-01-10,29.593826293945312,29.861900329589844,29.585702896118164,29.8375301361084,20.378889083862305,3614216
XLF,2007-01-11,29.845653533935547,30.024370193481445,29.8212833404541,30.024370193481445,20.50649642944336,4623513
XLF,2007-01-12,29.910642623901367,30.089357376098633,29.910642623901367,30.05686378479004,20.5286922454834,8028582
XLF,2007-01-16,30.05686378479004,30.138099670410156,30.016246795654297,30.138099670410156,20.584177017211914,5315827
XLF,2007-01-17,30.097482681274414,30.186840057373047,29.99187660217285,30.05686378479004,20.5286922454834,4927693
XLF,2007-01-18,30.11372947692871,30.138099670410156,29.918764114379883,29.935012817382812,20.44546890258789,5029004
XLF,2007-01-19,29.975629806518555,30.04874038696289,29.910642623901367,30.024370193481445,20.50649642944336,4202880
XLF,2007-01-22,30.05686378479004,30.089357376098633,29.918764114379883,30.0,20.489852905273438,5728582
XLF,2007-01-23,29.902517318725586,30.040616989135742,29.853776931762695,29.983753204345703,20.47875213623047,7704706
XLF,2007-01-24,29.975629806518555,30.292444229125977,29.94313621520996,30.292444229125977,20.689592361450195,5148904
XLF,2007-01-25,30.300569534301758,30.316816329956055,29.813159942626953,29.853776931762695,20.389986038208008,15347739
XLF,2007-01-26,29.870023727416992,29.99187660217285,29.691307067871094,29.910642623901367,20.428829193115234,9816486
XLF,2007-01-29,29.89439582824707,29.95125961303711,29.72380256652832,29.764419555664062,20.328948974609375,13643419
XLF,2007-01-30,29.78066635131836,29.926889419555664,29.748172760009766,29.87814712524414,20.40662384033203,7687718
XLF,2007-01-31,29.87814712524414,30.194963455200195,29.788789749145508,30.12185287475586,20.57308006286621,15289143
XLF,2007-02-01,30.203086853027344,30.33306312561035,30.1787166595459,30.316816329956055,20.706239700317383,18404066
XLF,2007-02-02,30.324939727783203,30.414297103881836,30.292444229125977,30.373680114746094,20.745086669921875,7704460
XLF,2007-02-05,30.39805030822754,30.422420501708984,30.243703842163086,30.365556716918945,20.73952865600586,5309672
XLF,2007-02-06,30.39805030822754,30.528026580810547,30.357433319091797,30.5036563873291,20.83385467529297,9894778
XLF,2007-02-07,30.528026580810547,30.66612434387207,30.5036563873291,30.61738395690918,20.91152572631836,5616561
XLF,2007-02-08,30.536148071289062,30.552396774291992,30.357433319091797,30.5199031829834,20.844942092895508,6929176
XLF,2007-02-09,30.471162796020508,30.625507354736328,30.016246795654297,30.194963455200195,20.623008728027344,21979751
XLF,2007-02-12,30.243703842163086,30.27619743347168,30.040616989135742,30.12185287475586,20.57308006286621,11936268
XLF,2007-02-13,30.1624698638916,30.406173706054688,30.138099670410156,30.3411865234375,20.722883224487305,12937195
XLF,2007-02-14,30.39805030822754,30.714866638183594,30.381803512573242,30.633630752563477,20.922630310058594,12212751
XLF,2007-02-15,30.66612434387207,30.73111343383789,30.584890365600586,30.682371139526367,20.95590591430664,12006928
XLF,2007-02-16,30.593013763427734,30.682371139526367,30.552396774291992,30.67424964904785,20.950361251831055,6764837
XLF,2007-02-20,30.625507354736328,30.8610897064209,29.95125961303711,30.83671760559082,21.061330795288086,6508666
XLF,2007-02-21,30.706741333007812,30.78797721862793,30.641754150390625,30.706741333007812,20.972551345825195,5231258
XLF,2007-02-22,30.77985382080078,30.828594207763672,30.56052017211914,30.584890365600586,20.889333724975586,11642552
XLF,2007-02-23,30.601137161254883,30.61738395690918,30.21933364868164,30.300569534301758,20.695138931274414,20234563
XLF,2007-02-26,30.43866729736328,30.479284286499023,29.959383010864258,30.081235885620117,20.545345306396484,21959686
XLF,2007-02-27,29.71567726135254,29.88627052307129,28.3671817779541,28.675872802734375,19.585479736328125,37054454
XLF,2007-02-28,29.008935928344727,29.39073944091797,28.87083625793457,29.203899383544922,19.946115493774414,26681186
XLF,2007-03-01,28.838342666625977,29.285133361816406,28.59463882446289,29.171405792236328,19.923933029174805,32203945
XLF,2007-03-02,29.1389102935791,29.236392974853516,28.838342666625977,28.838342666625977,19.696453094482422,15158657
XLF,2007-03-05,28.570268630981445,28.911453247070312,28.050365447998047,28.3834285736084,19.385744094848633,21501508
XLF,2007-03-06,28.683996200561523,29.065799713134766,28.610885620117188,28.976442337036133,19.790775299072266,23815665
XLF,2007-03-07,28.952070236206055,29.065799713134766,28.77335548400879,28.805849075317383,19.674259185791016,14010257
XLF,2007-03-08,29.39073944091797,29.39073944091797,28.98456573486328,29.065799713134766,19.851806640625,24346841
XLF,2007-03-09,29.252639770507812,29.293258666992188,29.000812530517578,29.1389102935791,19.901742935180664,11761343
XLF,2007-03-12,29.04142951965332,29.244516372680664,28.93582534790039,29.1389102935791,19.901742935180664,17742649
XLF,2007-03-13,28.903331756591797,28.93582534790039,28.107229232788086,28.269699096679688,19.308073043823242,55831266
XLF,2007-03-14,28.269699096679688,28.464662551879883,27.76604461669922,28.334686279296875,19.35245132446289,49895631
XLF,2007-03-15,28.3671817779541,28.81397247314453,28.350933074951172,28.675872802734375,19.585479736328125,38821062
XLF,2007-03-16,28.64337921142578,28.683996200561523,28.25345230102539,28.448415756225586,19.511940002441406,23623136
XLF,2007-03-19,28.635255813598633,28.757108688354492,28.464662551879883,28.635255813598633,19.64008903503418,19648360
XLF,2007-03-20,28.65150260925293,28.94394874572754,28.627132415771484,28.895206451416016,19.818374633789062,17005896
XLF,2007-03-21,28.919578552246094,29.71567726135254,28.87083625793457,29.55320930480957,20.269678115844727,41179658
XLF,2007-03-22,29.618196487426758,29.65069007873535,29.317628860473633,29.374492645263672,20.147106170654297,20898072
XLF,2007-03-23,29.32575035095215,29.520715713500977,29.293258666992188,29.406986236572266,20.169391632080078,15015984
XLF,2007-03-26,29.366369247436523,29.48822021484375,29.04955291748047,29.26076316833496,20.069095611572266,20591183
XLF,2007-03-27,29.22014617919922,29.236392974853516,29.04142951965332,29.082046508789062,19.946517944335938,7700028
XLF,2007-03-28,28.919578552246094,29.065799713134766,28.619009017944336,28.71649169921875,19.695802688598633,21499784
XLF,2007-03-29,28.927701950073242,29.082046508789062,28.70836639404297,28.862712860107422,19.796091079711914,17217135
XLF,2007-03-30,28.968318939208984,29.090171813964844,28.610885620117188,28.94394874572754,19.851810455322266,14556206
XLF,2007-04-02,28.919578552246094,28.919578552246094,28.529651641845703,28.675872802734375,19.667938232421875,14561130
XLF,2007-04-03,28.927701950073242,29.122665405273438,28.87083625793457,29.033306121826172,19.913095474243164,16612222
XLF,2007-04-04,29.025182723999023,29.1389102935791,28.94394874572754,29.033306121826172,19.913095474243164,14399623
XLF,2007-04-05,29.025182723999023,29.114540100097656,28.927701950073242,29.04955291748047,19.924240112304688,6649862
XLF,2007-04-09,29.122665405273438,29.130788803100586,28.976442337036133,29.04142951965332,19.918672561645508,7637370
XLF,2007-04-10,29.04142951965332,29.179529190063477,29.04142951965332,29.171405792236328,20.007814407348633,11994372
XLF,2007-04-11,29.16328239440918,29.16328239440918,28.838342666625977,28.927701950073242,19.840667724609375,13683427
XLF,2007-04-12,28.87895965576172,28.94394874572754,28.700244903564453,28.87895965576172,19.80722999572754,12340406
XLF,2007-04-13,28.919578552246094,29.090171813964844,28.895206451416016,29.000812530517578,19.890804290771484,19034461
XLF,2007-04-16,29.26076316833496,29.71567726135254,29.26076316833496,29.707555770874023,20.375537872314453,39918991
XLF,2007-04-17,29.707555770874023,29.845653533935547,29.60194969177246,29.699430465698242,20.369972229003906,15461483
XLF,2007-04-18,29.813159942626953,30.146223068237305,29.740049362182617,30.040616989135742,20.603981018066406,31112540
XLF,2007-04-19,29.935012817382812,30.073110580444336,29.77254295349121,30.0,20.57611656188965,17748558
XLF,2007-04-20,30.1787166595459,30.251827239990234,30.040616989135742,30.154346466064453,20.681982040405273,20996552
XLF,2007-04-23,30.154346466064453,30.27619743347168,30.040616989135742,30.073110580444336,20.626264572143555,11672834
XLF,2007-04-24,30.097482681274414,30.12185287475586,29.78066635131836,29.983753204345703,20.564971923828125,15632223
XLF,2007-04-25,30.073110580444336,30.406173706054688,30.024370193481445,30.38992691040039,20.843563079833984,19044801
XLF,2007-04-26,30.3411865234375,30.406173706054688,30.17059326171875,30.3411865234375,20.81013298034668,9484363
XLF,2007-04-27,30.22745704650879,30.33306312561035,30.11372947692871,30.300569534301758,20.782270431518555,11863393
XLF,2007-04-30,30.292444229125977,30.381803512573242,30.032493591308594,30.064987182617188,20.62070083618164,18614690
XLF,2007-05-01,30.05686378479004,30.21933364868164,29.870023727416992,30.12185287475586,20.659700393676758,14056789
XLF,2007-05-02,30.1787166595459,30.357433319091797,30.064987182617188,30.251827239990234,20.74884605407715,10986183
XLF,2007-05-03,30.430543899536133,30.536148071289062,30.292444229125977,30.536148071289062,20.94384765625,12545244
XLF,2007-05-04,30.601137161254883,30.66612434387207,30.51177978515625,30.641754150390625,21.016279220581055,10915031
XLF,2007-05-07,30.66612434387207,30.755483627319336,30.601137161254883,30.682371139526367,21.04413414001465,5842449
XLF,2007-05-08,30.60926055908203,30.641754150390625,30.479284286499023,30.61738395690918,20.999570846557617,7468477
XLF,2007-05-09,30.641754150390625,30.812347412109375,30.544273376464844,30.77985382080078,21.11100196838379,14572824
XLF,2007-05-10,30.633630752563477,30.747360229492188,30.3411865234375,30.3411865234375,20.81013298034668,15886547
XLF,2007-05-11,30.471162796020508,30.66612434387207,30.471162796020508,30.66612434387207,21.032997131347656,16812136
XLF,2007-05-14,30.69049644470215,30.706741333007812,30.357433319091797,30.5199031829834,20.932703018188477,37213869
XLF,2007-05-15,30.552396774291992,30.714866638183594,30.381803512573242,30.44679069519043,20.882564544677734,20241333
XLF,2007-05-16,30.593013763427734,30.796100616455078,30.49553108215332,30.796100616455078,21.122142791748047,19635558
XLF,2007-05-17,30.69049644470215,30.714866638183594,30.576766967773438,30.641754150390625,21.016279220581055,7514024
XLF,2007-05-18,30.78797721862793,30.78797721862793,30.641754150390625,30.72298812866211,21.07200050354004,12362071
XLF,2007-05-21,30.73923683166504,30.820470809936523,30.641754150390625,30.755483627319336,21.09428596496582,16396428
XLF,2007-05-22,30.78797721862793,30.869211196899414,30.658002853393555,30.77985382080078,21.11100196838379,15239165
XLF,2007-05-23,30.73111343383789,30.95044708251953,30.714866638183594,30.755483627319336,21.09428596496582,20107400
XLF,2007-05-24,30.812347412109375,30.869211196899414,30.373680114746094,30.479284286499023,20.904842376708984,24805266
XLF,2007-05-25,30.463037490844727,30.576766967773438,30.38992691040039,30.536148071289062,20.94384765625,11255895
XLF,2007-05-29,30.601137161254883,30.682371139526367,30.5036563873291,30.66612434387207,21.032997131347656,9929985
XLF,2007-05-30,30.479284286499023,30.877334594726562,30.479284286499023,30.877334594726562,21.1778621673584,16626748
XLF,2007-05-31,30.95857048034668,30.991064071655273,30.706741333007812,30.78797721862793,21.1165771484375,13721342
XLF,2007-06-01,30.83671760559082,30.942323684692383,30.771730422973633,30.885459899902344,21.183433532714844,8891390
XLF,2007-06-04,30.78797721862793,30.8448429107666,30.747360229492188,30.8448429107666,21.15557098388672,12312831
XLF,2007-06-05,30.61738395690918,30.771730422973633,30.576766967773438,30.658002853393555,21.027421951293945,17915974
XLF,2007-06-06,30.544273376464844,30.544273376464844,30.324939727783203,30.39805030822754,20.849138259887695,18752069
XLF,2007-06-07,30.28432273864746,30.430543899536133,29.805036544799805,29.88627052307129,20.49811553955078,31728533
XLF,2007-06-08,29.918764114379883,30.243703842163086,29.82940673828125,30.235580444335938,20.73769760131836,22664803
XLF,2007-06-11,30.21933364868164,30.44679069519043,30.064987182617188,30.373680114746094,20.832427978515625,24159975
XLF,2007-06-12,30.17059326171875,30.422420501708984,29.89439582824707,29.959383010864258,20.548269271850586,25845214
XLF,2007-06-13,30.064987182617188,30.544273376464844,30.064987182617188,30.528026580810547,20.938278198242188,15413228
XLF,2007-06-14,30.44679069519043,30.641754150390625,30.422420501708984,30.479284286499023,20.904842376708984,23017607
XLF,2007-06-15,30.633630752563477,30.633630752563477,30.39805030822754,30.422420501708984,20.979917526245117,11822770
XLF,2007-06-18,30.51177978515625,30.593013763427734,30.3411865234375,30.414297103881836,20.97431755065918,9990181
XLF,2007-06-19,30.300569534301758,30.544273376464844,30.259950637817383,30.544273376464844,21.06394386291504,10070934
XLF,2007-06-20,30.536148071289062,30.60926055908203,29.89439582824707,30.00812339782715,20.694217681884766,25588058
XLF,2007-06-21,29.975629806518555,30.097482681274414,29.65069007873535,30.05686378479004,20.72782325744629,47156286
XLF,2007-06-22,29.967506408691406,29.967506408691406,29.48822021484375,29.675060272216797,20.464515686035156,47396331
XLF,2007-06-25,29.520715713500977,29.813159942626953,29.236392974853516,29.43947982788086,20.302061080932617,40562066
XLF,2007-06-26,29.463851928710938,29.60194969177246,29.16328239440918,29.16328239440918,20.111591339111328,36617449
XLF,2007-06-27,29.16328239440918,29.60194969177246,29.082046508789062,29.60194969177246,20.414104461669922,36680599
XLF,2007-06-28,29.60194969177246,29.764419555664062,29.374492645263672,29.55320930480957,20.380496978759766,32559827
XLF,2007-06-29,29.585702896118164,29.731924057006836,29.082046508789062,29.39073944091797,20.268447875976562,37310133
XLF,2007-07-02,29.805036544799805,29.82940673828125,29.398862838745117,29.642566680908203,20.44211769104004,18315064
XLF,2007-07-03,29.748172760009766,29.926889419555664,29.748172760009766,29.902517318725586,20.621383666992188,18100132
XLF,2007-07-05,29.65069007873535,29.853776931762695,29.585702896118164,29.65069007873535,20.447715759277344,24871247
XLF,2007-07-06,29.65069007873535,29.805036544799805,29.528837203979492,29.796913146972656,20.54855728149414,16083138
XLF,2007-07-09,29.77254295349121,29.813159942626953,29.618196487426758,29.675060272216797,20.464515686035156,19663255
XLF,2007-07-10,29.471973419189453,29.50446891784668,28.919578552246094,29.04955291748047,20.03316307067871,52127187
XLF,2007-07-11,28.93582534790039,29.252639770507812,28.87083625793457,29.147035598754883,20.10039520263672,55021761
XLF,2007-07-12,29.285133361816406,29.788789749145508,29.26076316833496,29.683183670043945,20.470121383666992,40793370
XLF,2007-07-13,29.77254295349121,29.89439582824707,29.634443283081055,29.796913146972656,20.54855728149414,26303516
XLF,2007-07-16,29.72380256652832,30.0,29.6588134765625,29.691307067871094,20.475725173950195,29971649
XLF,2007-07-17,29.691307067871094,29.935012817382812,29.691307067871094,29.788789749145508,20.542951583862305,34954984
XLF,2007-07-18,29.48822021484375,30.04874038696289,29.057676315307617,29.406986236572266,20.279647827148438,62410223
XLF,2007-07-19,29.4963436126709,29.65069007873535,29.187652587890625,29.30950355529785,20.212427139282227,40433180
XLF,2007-07-20,29.341997146606445,29.374492645263672,28.659626007080078,28.797725677490234,19.85948944091797,86443405
XLF,2007-07-23,28.757108688354492,29.065799713134766,28.659626007080078,28.781478881835938,19.848295211791992,44589774
XLF,2007-07-24,28.350933074951172,28.570268630981445,27.847278594970703,28.058488845825195,19.349699020385742,94807681
XLF,2007-07-25,28.220958709716797,28.415922164916992,27.822908401489258,28.188465118408203,19.439342498779297,91805026
XLF,2007-07-26,27.7010555267334,27.87164878845215,27.08367156982422,27.522340774536133,18.979969024658203,105488206
XLF,2007-07-27,27.441104888916016,27.790414810180664,27.08367156982422,27.091794967651367,18.683048248291016,95817101
XLF,2007-07-30,27.384239196777344,27.63606834411621,26.80747413635254,27.603574752807617,19.03597640991211,103138720
XLF,2007-07-31,27.85540199279785,28.001625061035156,26.726238250732422,26.726238250732422,18.430952072143555,121875278
XLF,2007-08-01,26.880584716796875,27.197399139404297,26.409423828125,27.02680778503418,18.63823890686035,123089167
XLF,2007-08-02,27.335500717163086,27.53858757019043,26.961820602416992,27.205524444580078,18.761476516723633,81025282
XLF,2007-08-03,26.969942092895508,27.221771240234375,26.01137351989746,26.043867111206055,17.96038246154785,165871095
XLF,2007-08-06,26.149471282958984,27.41673469543457,25.962631225585938,27.376117706298828,18.879119873046875,141115193
XLF,2007-08-07,27.238018035888672,27.952884674072266,27.108041763305664,27.57107925415039,19.013578414916992,122980347
XLF,2007-08-08,27.774166107177734,28.586515426635742,27.63606834411621,28.229082107543945,19.46735191345215,134714239
XLF,2007-08-09,27.41673469543457,27.97725486755371,26.921201705932617,27.213647842407227,18.767086029052734,124364360
XLF,2007-08-10,26.774980545043945,27.53858757019043,26.68562126159668,27.091794967651367,18.683048248291016,94954662
XLF,2007-08-13,27.725425720214844,27.725425720214844,26.555646896362305,26.84809112548828,18.514984130859375,70957671
XLF,2007-08-14,27.02680778503418,27.051177978515625,26.255077362060547,26.376928329467773,18.190061569213867,87599807
XLF,2007-08-15,26.157594680786133,26.896831512451172,25.962631225585938,26.141347885131836,18.02760124206543,100465603
XLF,2007-08-16,25.94638442993164,27.205524444580078,25.597076416015625,26.929325103759766,18.571012496948242,201536366
XLF,2007-08-17,28.740861892700195,28.748985290527344,27.31925392150879,28.0259952545166,19.327299118041992,217975263
XLF,2007-08-20,28.107229232788086,28.13159942626953,27.278635025024414,27.652315139770508,19.069589614868164,108917403
XLF,2007-08-21,27.481721878051758,28.08285903930664,27.481721878051758,27.847278594970703,19.204044342041016,58665521
XLF,2007-08-22,28.017871856689453,28.26157569885254,27.668561935424805,27.92038917541504,19.25446128845215,86213085
XLF,2007-08-23,28.229082107543945,28.269699096679688,27.782291412353516,27.96100616455078,19.28247833251953,63120017
XLF,2007-08-24,27.896018981933594,28.19658851623535,27.7010555267334,28.058488845825195,19.349699020385742,43523236
XLF,2007-08-27,27.993501663208008,28.017871856689453,27.69293212890625,27.733549118041992,19.1256160736084,24216232
XLF,2007-08-28,27.457351684570312,27.481721878051758,26.815597534179688,26.90495491027832,18.554203033447266,76694378
XLF,2007-08-29,27.051177978515625,27.376117706298828,26.693744659423828,27.229894638061523,18.77828598022461,61839654
XLF,2007-08-30,26.90495491027832,27.286758422851562,26.880584716796875,27.059301376342773,18.660634994506836,58436186
XLF,2007-08-31,27.611698150634766,27.619821548461914,27.156782150268555,27.41673469543457,18.907133102416992,68156531
XLF,2007-09-04,27.489845275878906,27.944759368896484,27.3436222076416,27.627944946289062,19.05278968811035,45012131
XLF,2007-09-05,27.579204559326172,27.59545135498047,27.132413864135742,27.29488182067871,18.823104858398438,55575588
XLF,2007-09-06,27.286758422851562,27.554832458496094,26.921201705932617,27.091794967651367,18.683048248291016,39227662
XLF,2007-09-07,26.80747413635254,27.08367156982422,26.653127670288086,26.815597534179688,18.49258041381836,92815307
XLF,2007-09-10,26.880584716796875,27.043054580688477,26.441917419433594,26.726238250732422,18.430952072143555,73733576
XLF,2007-09-11,26.864337921142578,27.205524444580078,26.839967727661133,27.002437591552734,18.621431350708008,62354089
XLF,2007-09-12,27.051177978515625,27.205524444580078,26.872461318969727,27.059301376342773,18.660634994506836,40071266
XLF,2007-09-13,27.229894638061523,27.53858757019043,27.205524444580078,27.506092071533203,18.968765258789062,67115967
XLF,2007-09-14,27.205524444580078,27.603574752807617,27.173030853271484,27.603574752807617,19.03597640991211,37334014
XLF,2007-09-17,27.376117706298828,27.376117706298828,27.108041763305664,27.3436222076416,18.85671043395996,50504853
XLF,2007-09-18,27.522340774536133,28.513404846191406,27.25426483154297,28.37530517578125,19.568185806274414,170892836
XLF,2007-09-19,28.692119598388672,28.976442337036133,28.47278594970703,28.55402183532715,19.691431045532227,92064397
XLF,2007-09-20,28.635255813598633,28.667749404907227,28.066612243652344,28.2047119140625,19.450532913208008,79679183
XLF,2007-09-21,28.30219268798828,28.30219268798828,27.790414810180664,28.107229232788086,19.52672004699707,66584544
XLF,2007-09-24,28.147846221923828,28.147846221923828,27.603574752807617,27.717302322387695,19.255836486816406,60979432
XLF,2007-09-25,27.57107925415039,27.676685333251953,27.35987091064453,27.660438537597656,19.21634292602539,44182190
XLF,2007-09-26,27.733549118041992,27.91226577758789,27.51421546936035,27.668561935424805,19.221975326538086,65135164
XLF,2007-09-27,27.790414810180664,28.009748458862305,27.70918083190918,27.993501663208008,19.447717666625977,44072139
XLF,2007-09-28,27.798538208007812,28.058488845825195,27.749797821044922,27.879772186279297,19.36871337890625,37877378
XLF,2007-10-01,27.725425720214844,28.47278594970703,27.7010555267334,28.407798767089844,19.735546112060547,61713354
XLF,2007-10-02,28.55402183532715,28.781478881835938,28.47278594970703,28.732738494873047,19.961286544799805,36303175
XLF,2007-10-03,28.570268630981445,28.838342666625977,28.529651641845703,28.667749404907227,19.91613006591797,52086564
XLF,2007-10-04,28.76523208618164,28.87895965576172,28.64337921142578,28.838342666625977,20.034648895263672,37413783
XLF,2007-10-05,28.919578552246094,29.22014617919922,28.87895965576172,29.1551570892334,20.25474739074707,48745754
XLF,2007-10-08,29.114540100097656,29.114540100097656,28.635255813598633,28.757108688354492,19.97821617126465,25838567
XLF,2007-10-09,28.895206451416016,29.10641860961914,28.692119598388672,29.000812530517578,20.14752197265625,39621212
XLF,2007-10-10,28.94394874572754,29.033306121826172,28.683996200561523,28.838342666625977,20.034648895263672,40195843
XLF,2007-10-11,29.16328239440918,29.16328239440918,28.60276222229004,28.683996200561523,19.927419662475586,77485418
XLF,2007-10-12,28.578392028808594,28.87895965576172,28.578392028808594,28.87083625793457,20.05722427368164,41217081
XLF,2007-10-15,28.757108688354492,28.76523208618164,27.98537826538086,28.285945892333984,19.650890350341797,94871077
XLF,2007-10-16,28.099105834960938,28.13159942626953,27.619821548461914,27.757919311523438,19.284053802490234,83487897
XLF,2007-10-17,27.98537826538086,28.09098243713379,27.238018035888672,27.74167251586914,19.272768020629883,91551809
XLF,2007-10-18,27.173030853271484,27.47359848022461,27.132413864135742,27.392364501953125,19.030092239379883,88868475
XLF,2007-10-19,27.24614143371582,27.400487899780273,26.441917419433594,26.482534408569336,18.398014068603516,110383770
XLF,2007-10-22,26.214460372924805,26.969942092895508,26.214460372924805,26.80747413635254,18.62375831604004,80609696
XLF,2007-10-23,27.108041763305664,27.108041763305664,26.653127670288086,26.95369529724121,18.72534942626953,60804137
XLF,2007-10-24,26.888708114624023,26.921201705932617,26.07636070251465,26.750608444213867,18.584253311157227,128715083
XLF,2007-10-25,26.783103942871094,26.986190795898438,26.141347885131836,26.726238250732422,18.567325592041016,96815442
XLF,2007-10-26,27.229894638061523,27.376117706298828,26.612510681152344,27.376117706298828,19.01880645751953,97460117
XLF,2007-10-29,27.384239196777344,27.457351684570312,27.12428855895996,27.457351684570312,19.07524871826172,46984685
XLF,2007-10-30,27.327375411987305,27.327375411987305,27.010560989379883,27.034931182861328,18.781782150268555,35125231
XLF,2007-10-31,27.140535354614258,27.53046226501465,26.888708114624023,27.400487899780273,19.035736083984375,104572465
XLF,2007-11-01,26.604387283325195,27.173030853271484,25.995126724243164,25.995126724243164,18.059402465820312,112372574
XLF,2007-11-02,26.051990509033203,26.108854293823242,25.17465591430664,25.865150451660156,17.96910858154297,196502191
XLF,2007-11-05,25.150283813476562,25.637693405151367,24.94719696044922,25.402111053466797,17.647422790527344,124899599
XLF,2007-11-06,25.50771713256836,25.832656860351562,25.142160415649414,25.832656860351562,17.9465389251709,101354877
XLF,2007-11-07,25.345247268676758,25.45085334777832,24.419170379638672,24.419170379638672,16.964557647705078,125349037
XLF,2007-11-08,24.77660369873047,24.792850494384766,23.793664932250977,24.67099952697754,17.139495849609375,146019004
XLF,2007-11-09,24.167343139648438,25.182777404785156,23.92363929748535,24.484159469604492,17.009702682495117,165222358
XLF,2007-11-12,24.66287612915039,25.32900047302246,24.516653060913086,24.573516845703125,17.071779251098633,134098862
XLF,2007-11-13,25.125913619995117,25.873273849487305,24.99593734741211,25.72705078125,17.87316131591797,161815812
XLF,2007-11-14,26.271324157714844,26.39317512512207,25.613323211669922,25.629568099975586,17.805448532104492,118725765
XLF,2007-11-15,25.377742767333984,25.613323211669922,24.679122924804688,24.979690551757812,17.353952407836914,134429139
XLF,2007-11-16,24.979690551757812,25.101543426513672,24.459789276123047,24.784727096557617,17.218509674072266,100659855
XLF,2007-11-19,24.459789276123047,24.532899856567383,23.83428192138672,24.118602752685547,16.755735397338867,168176266
XLF,2007-11-20,23.679935455322266,24.248577117919922,23.111291885375977,23.590576171875,16.38890266418457,179939948
XLF,2007-11-21,23.26563835144043,23.623071670532227,22.948822021484375,23.225019454956055,16.134952545166016,134808533
XLF,2007-11-23,23.43623161315918,23.93988609313965,23.43623161315918,23.777416229248047,16.51871109008789,88425684
XLF,2007-11-26,23.88302230834961,23.88302230834961,22.826969146728516,22.98131561279297,15.965631484985352,127731884
XLF,2007-11-27,23.233144760131836,23.53371238708496,22.940698623657227,23.395612716674805,16.253459930419922,122877928
XLF,2007-11-28,23.964256286621094,24.792850494384766,23.87489891052246,24.792850494384766,17.224153518676758,205239337
XLF,2007-11-29,24.6141357421875,24.77660369873047,24.191713333129883,24.573516845703125,17.071779251098633,107091214
XLF,2007-11-30,25.475223541259766,25.73517417907715,25.036556243896484,25.182777404785156,17.495046615600586,144984226
XLF,2007-12-03,25.05280303955078,25.16653060913086,24.784727096557617,24.979690551757812,17.353952407836914,72568927
XLF,2007-12-04,24.573516845703125,24.695369720458984,24.411048889160156,24.516653060913086,17.032270431518555,75393703
XLF,2007-12-05,24.898456573486328,25.101543426513672,24.60601043701172,24.88220977783203,17.28624153137207,107066841
XLF,2007-12-06,24.922826766967773,25.686433792114258,24.857839584350586,25.686433792114258,17.844953536987305,122098951
XLF,2007-12-07,25.73517417907715,25.79203987121582,25.345247268676758,25.345247268676758,17.60791778564453,100382387
XLF,2007-12-10,25.62144660949707,26.0682373046875,25.418359756469727,25.881397247314453,17.980396270751953,97746201
XLF,2007-12-11,25.930137634277344,26.108854293823242,24.565393447875977,24.573516845703125,17.071779251098633,168317584
XLF,2007-12-12,25.402111053466797,25.467100143432617,23.92363929748535,24.386676788330078,16.941978454589844,175881956
XLF,2007-12-13,24.118602752685547,24.402923583984375,23.696182250976562,24.37855339050293,16.936336517333984,167576892
XLF,2007-12-14,24.05361557006836,24.467912673950195,23.83428192138672,23.842405319213867,16.563858032226562,86534622
XLF,2007-12-17,23.720552444458008,24.045490264892578,23.574329376220703,23.590576171875,16.38890266418457,85712684
XLF,2007-12-18,23.93988609313965,23.972379684448242,23.208772659301758,23.60682487487793,16.400190353393555,103492386
XLF,2007-12-19,23.736799240112305,24.118602752685547,23.49309539794922,23.744922637939453,16.496135711669922,135631334
XLF,2007-12-20,23.956132888793945,24.10235595703125,23.233144760131836,23.574329376220703,16.377622604370117,120949197
XLF,2007-12-21,23.679935455322266,23.842405319213867,23.4281063079834,23.793664932250977,16.68058967590332,76997942
XLF,2007-12-24,23.899269104003906,24.26482582092285,23.88302230834961,24.22420883178711,16.982423782348633,53981935
XLF,2007-12-26,24.183591842651367,24.191713333129883,23.891145706176758,24.05361557006836,16.862834930419922,29007653
XLF,2007-12-27,23.98862648010254,23.98862648010254,23.549959182739258,23.566205978393555,16.521133422851562,44473322
XLF,2007-12-28,23.801786422729492,23.801786422729492,23.338748931884766,23.509342193603516,16.48126792907715,39842546
XLF,2007-12-31,23.43623161315918,23.82615852355957,23.26563835144043,23.501218795776367,16.475570678710938,61056985
XLF,2008-01-02,23.623071670532227,23.696182250976562,23.013809204101562,23.038179397583008,16.150959014892578,80446096
XLF,2008-01-03,23.135662078857422,23.25751495361328,22.87571144104004,22.891958236694336,16.048450469970703,55290488
XLF,2008-01-04,22.672624588012695,22.688871383666992,22.201461791992188,22.242080688476562,15.59285831451416,93318540
XLF,2008-01-07,22.40454864501953,22.607635498046875,21.990251541137695,22.2989444732666,15.632716178894043,112017799
XLF,2008-01-08,22.453290939331055,22.599512100219727,21.486595153808594,21.486595153808594,15.06322193145752,148535168
XLF,2008-01-09,21.608448028564453,21.982128143310547,21.047929763793945,21.892770767211914,15.347969055175781,164102394
XLF,2008-01-10,21.67343521118164,22.761981964111328,21.470348358154297,22.266450881958008,15.609938621520996,275365714
XLF,2008-01-11,22.152721405029297,22.835092544555664,21.933387756347656,22.339561462402344,15.6611909866333,224602351
XLF,2008-01-14,22.615760803222656,22.664499282836914,22.25832748413086,22.648252487182617,15.877610206604004,108263988
XLF,2008-01-15,22.225833892822266,22.25832748413086,21.714054107666016,21.714054107666016,15.222674369812012,141844191
XLF,2008-01-16,21.84402847290039,22.502031326293945,21.6328182220459,22.07961082458496,15.478950500488281,176283632
XLF,2008-01-17,22.120227813720703,22.12835121154785,20.942323684692383,20.95857048034668,14.69304370880127,208394513
XLF,2008-01-18,21.12104034423828,21.28350830078125,20.28432273864746,20.714866638183594,14.522199630737305,220297790
XLF,2008-01-22,19.66693687438965,21.657188415527344,19.585702896118164,21.161657333374023,14.83542537689209,314363301
XLF,2008-01-23,20.601137161254883,22.664499282836914,20.479284286499023,22.664499282836914,15.888992309570312,301912352
XLF,2008-01-24,22.664499282836914,22.883834838867188,22.372055053710938,22.672624588012695,15.89468002319336,197313666
XLF,2008-01-25,23.062551498413086,23.078798294067383,21.933387756347656,22.07961082458496,15.478950500488281,166188693
XLF,2008-01-28,22.201461791992188,23.549959182739258,21.876522064208984,22.867586135864258,16.031362533569336,113301609
XLF,2008-01-29,23.038179397583008,23.233144760131836,22.64012908935547,23.216896057128906,16.276254653930664,124376916
XLF,2008-01-30,22.989439010620117,23.81803321838379,22.74573516845703,22.74573516845703,15.945935249328613,263688448
XLF,2008-01-31,22.396425247192383,24.313566207885742,22.30706787109375,23.671812057495117,16.59516143798828,223878523
XLF,2008-02-01,23.558082580566406,24.1104793548584,23.468725204467773,24.1104793548584,16.902692794799805,162903277
XLF,2008-02-04,23.850528717041016,23.956132888793945,23.298131942749023,23.4118595123291,16.412933349609375,93362610
XLF,2008-02-05,22.891958236694336,23.005685806274414,22.30706787109375,22.46141242980957,15.746612548828125,154453447
XLF,2008-02-06,22.57514190673828,22.69699478149414,22.055240631103516,22.201461791992188,15.564375877380371,129122052
XLF,2008-02-07,21.990251541137695,22.69699478149414,21.933387756347656,22.40454864501953,15.70675277709961,159071913
XLF,2008-02-08,22.323314666748047,22.388301849365234,21.722177505493164,22.030868530273438,15.444781303405762,128474177
XLF,2008-02-11,21.990251541137695,21.990251541137695,21.34849739074707,21.543460845947266,15.1030912399292,134895811
XLF,2008-02-12,21.7952880859375,22.177091598510742,21.559707641601562,22.136474609375,15.518815994262695,189322753
XLF,2008-02-13,22.06336212158203,22.120227813720703,21.57595443725586,22.055240631103516,15.461869239807129,106347813
XLF,2008-02-14,21.96588134765625,22.112104415893555,21.4541015625,21.4541015625,15.040437698364258,128028801
XLF,2008-02-15,21.494720458984375,21.7952880859375,21.259138107299805,21.7952880859375,15.279631614685059,125203287
XLF,2008-02-19,22.06336212158203,22.136474609375,21.421607971191406,21.762794494628906,15.256851196289062,117432107
XLF,2008-02-20,21.34849739074707,22.01462173461914,21.275386810302734,22.01462173461914,15.433391571044922,145489059
XLF,2008-02-21,21.982128143310547,22.152721405029297,21.535337448120117,21.62469482421875,15.16003704071045,93068155
XLF,2008-02-22,21.681560516357422,22.095857620239258,21.194150924682617,22.095857620239258,15.490346908569336,137697075
XLF,2008-02-25,21.84402847290039,22.29081916809082,21.543460845947266,22.095857620239258,15.490346908569336,184562476
XLF,2008-02-26,22.006498336791992,22.623882293701172,21.941511154174805,22.29081916809082,15.62702465057373,127558805
XLF,2008-02-27,22.047115325927734,22.672624588012695,21.933387756347656,22.388301849365234,15.695361137390137,121404790
XLF,2008-02-28,22.18521499633789,22.201461791992188,21.68968391418457,21.68968391418457,15.205594062805176,109396139
XLF,2008-02-29,21.40536117553711,21.429731369018555,20.804224014282227,20.982940673828125,14.710131645202637,172356126
XLF,2008-03-03,20.852964401245117,20.885459899902344,20.406173706054688,20.698619842529297,14.510807037353516,136199687
XLF,2008-03-04,20.3411865234375,20.641754150390625,19.967506408691406,20.584890365600586,14.431078910827637,200666418
XLF,2008-03-05,20.649877548217773,20.885459899902344,20.1624698638916,20.422420501708984,14.31717586517334,225038495
XLF,2008-03-06,20.089357376098633,20.22745704650879,19.577579498291016,19.71567726135254,13.821708679199219,172225394
XLF,2008-03-07,19.39073944091797,20.186840057373047,19.33387565612793,19.756296157836914,13.850186347961426,245347286
XLF,2008-03-10,19.805036544799805,19.910642623901367,19.090171813964844,19.195775985717773,13.457233428955078,208597874
XLF,2008-03-11,20.064987182617188,20.576766967773438,19.520715713500977,20.454914093017578,14.339960098266602,280335753
XLF,2008-03-12,20.5036563873291,21.047929763793945,19.94313621520996,20.11372947692871,14.100767135620117,210871654
XLF,2008-03-13,19.585702896118164,20.926076889038086,19.04142951965332,20.064987182617188,14.066595077514648,258767525
XLF,2008-03-14,20.259950637817383,20.38992691040039,19.10641860961914,19.4963436126709,13.667953491210938,313442513
XLF,2008-03-17,18.107229232788086,19.33387565612793,18.107229232788086,19.04955291748047,13.354719161987305,261292799
XLF,2008-03-18,20.024370193481445,20.747360229492188,19.66693687438965,20.649877548217773,14.476640701293945,343693354
XLF,2008-03-19,20.917953491210938,21.202274322509766,20.10560417175293,20.10560417175293,14.095072746276855,266921300
XLF,2008-03-20,20.259950637817383,21.551584243774414,20.243703842163086,21.380990982055664,15.110067367553711,274151455
XLF,2008-03-24,21.6165714263916,22.23395538330078,21.56783103942871,21.657188415527344,15.305256843566895,182639531
XLF,2008-03-25,21.608448028564453,21.811534881591797,21.169780731201172,21.592201232910156,15.259325981140137,156227318
XLF,2008-03-26,21.267261505126953,21.34849739074707,20.73111343383789,20.812347412109375,14.70820426940918,158215752
XLF,2008-03-27,21.01543426513672,21.047929763793945,20.406173706054688,20.487409591674805,14.478569030761719,151309473
XLF,2008-03-28,20.536148071289062,20.649877548217773,19.94313621520996,20.024370193481445,14.151333808898926,109083465
XLF,2008-03-31,19.959383010864258,20.552396774291992,19.82940673828125,20.203086853027344,14.277639389038086,108253278
XLF,2008-04-01,20.926076889038086,21.705930709838867,20.869211196899414,21.62469482421875,15.282295227050781,206127626
XLF,2008-04-02,21.770917892456055,22.071487426757812,21.44597816467285,21.608448028564453,15.270812034606934,157608254
XLF,2008-04-03,21.364744186401367,21.811534881591797,21.267261505126953,21.705930709838867,15.339698791503906,121409591
XLF,2008-04-04,21.665313720703125,21.714054107666016,21.259138107299805,21.413484573364258,15.133033752441406,109628675
XLF,2008-04-07,21.73842430114746,21.91714096069336,21.46222686767578,21.543460845947266,15.22489070892334,121394696
XLF,2008-04-08,21.34849739074707,21.51909065246582,21.096668243408203,21.299755096435547,15.052659034729004,110939936
XLF,2008-04-09,21.364744186401367,21.364744186401367,20.78797721862793,20.942323684692383,14.800049781799316,120887401
XLF,2008-04-10,20.755483627319336,21.104793548583984,20.56864356994629,20.812347412109375,14.70820426940918,135427111
XLF,2008-04-11,20.406173706054688,20.877334594726562,20.357433319091797,20.414297103881836,14.426898002624512,113534638
XLF,2008-04-14,20.28432273864746,20.308692932128906,19.8212833404541,19.935012817382812,14.088176727294922,122993519
XLF,2008-04-15,20.12185287475586,20.33306312561035,19.796913146972656,20.138099670410156,14.231707572937012,115135922
XLF,2008-04-16,20.536148071289062,20.78797721862793,20.39805030822754,20.682371139526367,14.616350173950195,138142820
XLF,2008-04-17,20.528026580810547,21.153533935546875,20.49553108215332,21.039804458618164,14.868945121765137,155159918
XLF,2008-04-18,21.714054107666016,21.84402847290039,21.34849739074707,21.502843856811523,15.196179389953613,155040388
XLF,2008-04-21,21.275386810302734,21.28350830078125,20.966693878173828,21.169780731201172,14.960799217224121,80684295
XLF,2008-04-22,21.01543426513672,21.072298049926758,20.755483627319336,20.877334594726562,14.75412654876709,103538795
XLF,2008-04-23,20.926076889038086,21.06417465209961,20.593013763427734,20.73923683166504,14.656533241271973,100855461
XLF,2008-04-24,20.820470809936523,21.6328182220459,20.812347412109375,21.486595153808594,15.184700012207031,151581647
XLF,2008-04-25,21.722177505493164,21.949634552001953,21.259138107299805,21.892770767211914,15.4717435836792,102556949
XLF,2008-04-28,21.90901756286621,22.06336212158203,21.68968391418457,21.949634552001953,15.51192569732666,94327960
XLF,2008-04-29,21.852153778076172,21.9740047454834,21.608448028564453,21.681560516357422,15.322480201721191,79175827
XLF,2008-04-30,21.705930709838867,21.9740047454834,21.46222686767578,21.6165714263916,15.27655029296875,106284786
XLF,2008-05-01,21.559707641601562,22.437042236328125,21.486595153808594,22.35580825805664,15.798970222473145,125902987
XLF,2008-05-02,22.794475555419922,22.883834838867188,22.266450881958008,22.510154724121094,15.908047676086426,121243775
XLF,2008-05-05,22.339561462402344,22.396425247192383,22.03899383544922,22.120227813720703,15.632492065429688,78741654
XLF,2008-05-06,21.811534881591797,22.372055053710938,21.05605125427246,22.35580825805664,15.798970222473145,124571291
XLF,2008-05-07,22.380178451538086,22.380178451538086,21.46222686767578,21.551584243774414,15.23062515258789,118989199
XLF,2008-05-08,21.640941619873047,21.640941619873047,21.031681060791016,21.112916946411133,14.920618057250977,166583229
XLF,2008-05-09,20.982940673828125,21.46222686767578,20.934200286865234,21.112916946411133,14.920618057250977,142069218
XLF,2008-05-12,21.137287139892578,21.429731369018555,21.05605125427246,21.364744186401367,15.098581314086914,83396557
XLF,2008-05-13,21.437854766845703,21.4541015625,21.031681060791016,21.169780731201172,14.960799217224121,92714119
XLF,2008-05-14,21.275386810302734,21.421607971191406,21.161657333374023,21.316003799438477,15.064141273498535,80104494
XLF,2008-05-15,21.299755096435547,21.608448028564453,21.12104034423828,21.52721405029297,15.213396072387695,90097013
XLF,2008-05-16,21.592201232910156,21.592201232910156,21.137287139892578,21.437854766845703,15.150253295898438,64561765
XLF,2008-05-19,21.316003799438477,21.56783103942871,21.06417465209961,21.23476791381836,15.006725311279297,85711945
XLF,2008-05-20,21.01543426513672,21.023557662963867,20.61738395690918,20.73923683166504,14.656533241271973,97189420
XLF,2008-05-21,20.682371139526367,20.812347412109375,20.097482681274414,20.211210250854492,14.283378601074219,133429075
XLF,2008-05-22,20.073110580444336,20.528026580810547,20.073110580444336,20.324939727783203,14.363748550415039,81729044
XLF,2008-05-23,20.235580444335938,20.243703842163086,19.926889419555664,20.024370193481445,14.151333808898926,89026043
XLF,2008-05-27,19.926889419555664,20.22745704650879,19.918764114379883,20.129976272583008,14.225968360900879,83667623
XLF,2008-05-28,20.292444229125977,20.308692932128906,19.731924057006836,20.016246795654297,14.145594596862793,139054252
XLF,2008-05-29,19.967506408691406,20.463037490844727,19.967506408691406,20.373680114746094,14.398191452026367,96678678
XLF,2008-05-30,20.487409591674805,20.51177978515625,19.94313621520996,20.11372947692871,14.214483261108398,79018259
XLF,2008-06-02,20.064987182617188,20.064987182617188,19.618196487426758,19.813159942626953,14.002070426940918,104662574
XLF,2008-06-03,19.975629806518555,20.032493591308594,19.447603225708008,19.748172760009766,13.956141471862793,151496831
XLF,2008-06-04,19.634443283081055,19.983753204345703,19.39073944091797,19.626319885253906,13.870030403137207,169059385
XLF,2008-06-05,19.707555770874023,20.016246795654297,19.6588134765625,20.016246795654297,14.145594596862793,138013073
XLF,2008-06-06,19.764419555664062,19.77254295349121,18.94394874572754,18.952070236206055,13.393534660339355,192620233
XLF,2008-06-09,19.057676315307617,19.171405792236328,18.3671817779541,18.692119598388672,13.209820747375488,210144379
XLF,2008-06-10,18.464662551879883,18.99268913269043,18.391551971435547,18.748985290527344,13.250006675720215,217348930
XLF,2008-06-11,18.82209587097168,18.854589462280273,18.139724731445312,18.2047119140625,12.865371704101562,214532033
XLF,2008-06-12,18.350933074951172,18.830219268798828,18.26157569885254,18.700244903564453,13.215566635131836,245193165
XLF,2008-06-13,18.805849075317383,18.99268913269043,18.42404556274414,18.99268913269043,13.422236442565918,157429513
XLF,2008-06-16,18.81397247314453,19.293258666992188,18.692119598388672,19.171405792236328,13.548538208007812,152712567
XLF,2008-06-17,19.366369247436523,19.374492645263672,18.53777313232422,18.610885620117188,13.152411460876465,150943989
XLF,2008-06-18,18.269699096679688,18.76523208618164,18.09098243713379,18.30219268798828,12.934261322021484,185416667
XLF,2008-06-19,18.342811584472656,18.53777313232422,17.93663787841797,18.497156143188477,13.072043418884277,204997568
XLF,2008-06-20,18.03411865234375,18.277822494506836,17.757919311523438,18.017871856689453,12.846166610717773,222510144
XLF,2008-06-23,17.92038917541504,17.952884674072266,17.327375411987305,17.449228286743164,12.4407377243042,150520894
XLF,2008-06-24,17.408611297607422,17.847278594970703,17.173030853271484,17.652315139770508,12.585533142089844,249743926
XLF,2008-06-25,17.757919311523438,18.245328903198242,17.603574752807617,17.611698150634766,12.556578636169434,270571830
XLF,2008-06-26,17.24614143371582,17.400487899780273,16.90495491027832,16.97806739807129,12.104813575744629,177928986
XLF,2008-06-27,16.945573806762695,17.108041763305664,16.531274795532227,16.709991455078125,11.913686752319336,179566216
XLF,2008-06-30,16.726238250732422,16.75873374938965,16.29569435119629,16.45816421508789,11.73414421081543,180520980
XLF,2008-07-01,16.190088272094727,16.580015182495117,15.89764404296875,16.50690460205078,11.768896102905273,292065583
XLF,2008-07-02,16.596263885498047,16.839967727661133,16.2469539642334,16.255077362060547,11.589353561401367,180299400
XLF,2008-07-03,16.450040817260742,16.555646896362305,16.07636070251465,16.198213577270508,11.548809051513672,102694575
XLF,2008-07-07,16.360681533813477,16.531274795532227,15.499593734741211,15.662062644958496,11.166549682617188,234991745
XLF,2008-07-08,15.783916473388672,16.68562126159668,15.580828666687012,16.67749786376953,11.890523910522461,305913840
XLF,2008-07-09,16.67749786376953,16.75873374938965,15.702680587768555,15.72705078125,11.212882041931152,277344669
XLF,2008-07-10,15.580828666687012,15.954508781433105,15.393988609313965,15.613323211669922,11.131796836853027,287294227
XLF,2008-07-11,15.174654960632324,15.670186996459961,14.85783863067627,15.174654960632324,10.819046020507812,383739753
XLF,2008-07-14,15.597076416015625,15.75954532623291,14.394801139831543,14.394801139831543,10.263031959533691,291271342
XLF,2008-07-15,14.264824867248535,14.80097484588623,13.62307071685791,13.948010444641113,9.944483757019043,577518234
XLF,2008-07-16,14.419171333312988,15.775792121887207,14.216083526611328,15.775792121887207,11.247632026672363,448019742
XLF,2008-07-17,16.41754722595215,16.969942092895508,15.848902702331543,16.45816421508789,11.73414421081543,649620981
XLF,2008-07-18,16.95369529724121,17.132413864135742,16.409423828125,16.791227340698242,11.971603393554688,316816931
XLF,2008-07-21,17.213647842407227,17.449228286743164,16.74248504638672,16.85621452331543,12.017936706542969,260827481
XLF,2008-07-22,16.40130043029785,18.269699096679688,16.16571807861328,18.269699096679688,13.02570915222168,407857505
XLF,2008-07-23,17.839155197143555,18.757108688354492,17.757919311523438,18.245328903198242,13.00833511352539,438753143
XLF,2008-07-24,18.3671817779541,18.3671817779541,16.969942092895508,17.01868438720703,12.133776664733887,335380780
XLF,2008-07-25,17.08367156982422,17.408611297607422,16.63688087463379,16.95369529724121,12.087441444396973,241407348
XLF,2008-07-28,16.872461318969727,17.221771240234375,16.084484100341797,16.157594680786133,11.519845962524414,209227038
XLF,2008-07-29,16.271324157714844,17.46547508239746,16.043867111206055,17.46547508239746,12.452324867248535,307696205
XLF,2008-07-30,17.76604461669922,17.969131469726562,17.116165161132812,17.733549118041992,12.643453598022461,334457776
XLF,2008-07-31,17.384239196777344,17.87164878845215,17.311128616333008,17.57107925415039,12.527618408203125,208456555
XLF,2008-08-01,17.579204559326172,17.725425720214844,17.091794967651367,17.57107925415039,12.527618408203125,233089604
XLF,2008-08-04,17.408611297607422,17.676685333251953,17.091794967651367,17.42485809326172,12.423361778259277,173696931
XLF,2008-08-05,17.7010555267334,18.31031608581543,17.57107925415039,18.31031608581543,13.054670333862305,222832666
XLF,2008-08-06,18.017871856689453,18.25345230102539,17.798538208007812,18.123477935791016,12.921455383300781,174735772
XLF,2008-08-07,17.757919311523438,17.93663787841797,17.067424774169922,17.229894638061523,12.2843656539917,232640658
XLF,2008-08-08,17.108041763305664,17.97725486755371,17.08367156982422,17.822908401489258,12.707161903381348,217414542
XLF,2008-08-11,17.76604461669922,18.489032745361328,17.627944946289062,18.123477935791016,12.921455383300781,198637484
XLF,2008-08-12,17.863525390625,17.879772186279297,17.059301376342773,17.205524444580078,12.266985893249512,235358583
XLF,2008-08-13,17.002437591552734,17.043054580688477,16.441917419433594,16.709991455078125,11.913686752319336,282142492
XLF,2008-08-14,16.620634078979492,17.270511627197266,16.555646896362305,17.229894638061523,12.2843656539917,159833779
XLF,2008-08-15,17.286758422851562,17.579204559326172,17.132413864135742,17.351747512817383,12.371237754821777,164707308
XLF,2008-08-18,17.286758422851562,17.286758422851562,16.612510681152344,16.68562126159668,11.89631175994873,199085937
XLF,2008-08-19,16.450040817260742,16.51502799987793,16.01949691772461,16.198213577270508,11.548809051513672,214356492
XLF,2008-08-20,16.222583770751953,16.531274795532227,15.930137634277344,16.531274795532227,11.786266326904297,210530790
XLF,2008-08-21,16.133224487304688,16.41754722595215,16.06011390686035,16.2307071685791,11.571972846984863,162472673
XLF,2008-08-22,16.620634078979492,16.91307830810547,16.450040817260742,16.84809112548828,12.012151718139648,181439675
XLF,2008-08-25,16.620634078979492,16.62875747680664,16.2469539642334,16.255077362060547,11.589353561401367,118690804
XLF,2008-08-26,16.271324157714844,16.51502799987793,16.092607498168945,16.385053634643555,11.68202018737793,130458179
XLF,2008-08-27,16.39317512512207,16.726238250732422,16.263200759887695,16.701868057250977,11.9078950881958,109374842
XLF,2008-08-28,16.880584716796875,17.42485809326172,16.815597534179688,17.376117706298828,12.3886137008667,190652725
XLF,2008-08-29,17.197399139404297,17.497968673706055,17.14866065979004,17.400487899780273,12.40599250793457,171501320
XLF,2008-09-02,17.839155197143555,17.969131469726562,17.327375411987305,17.64419174194336,12.579744338989258,200156538
XLF,2008-09-03,17.562957763671875,17.93663787841797,17.384239196777344,17.92038917541504,12.776663780212402,178467795
XLF,2008-09-04,17.660438537597656,17.81478500366211,17.034931182861328,17.043054580688477,12.15115737915039,226208068
XLF,2008-09-05,16.783103942871094,17.660438537597656,16.75873374938965,17.660438537597656,12.591328620910645,294009947
XLF,2008-09-08,19.065799713134766,19.090171813964844,17.749797821044922,18.42404556274414,13.135748863220215,518173693
XLF,2008-09-09,18.050365447998047,18.440292358398438,17.18927764892578,17.24614143371582,12.295941352844238,407839902
XLF,2008-09-10,17.36799430847168,17.790414810180664,16.766855239868164,17.034931182861328,12.145356178283691,310143310
XLF,2008-09-11,16.490657806396484,17.47359848022461,16.385053634643555,17.42485809326172,12.423361778259277,411572786
XLF,2008-09-12,16.986190795898438,17.481721878051758,16.880584716796875,17.181154251098633,12.249610900878906,313952147
XLF,2008-09-15,16.035743713378906,16.84809112548828,15.50771713256836,15.50771713256836,11.056506156921387,555804994
XLF,2008-09-16,14.776603698730469,16.669374465942383,14.622258186340332,16.669374465942383,11.884729385375977,594428727
XLF,2008-09-17,15.840780258178711,15.97887897491455,14.711617469787598,15.069049835205078,10.743749618530273,625337783
XLF,2008-09-18,15.296506881713867,16.62875747680664,13.939886093139648,16.255077362060547,11.589353561401367,1050592272
XLF,2008-09-19,19.6588134765625,19.902517318725586,17.270511627197266,18.180341720581055,13.086260795593262,519107037
XLF,2008-09-22,18.066612243652344,18.08285903930664,15.800162315368652,16.693744659423828,12.016205787658691,231788560
XLF,2008-09-23,16.68562126159668,17.02680778503418,16.2469539642334,16.645004272460938,11.981118202209473,213533692
XLF,2008-09-24,16.79935073852539,16.815597534179688,16.206335067749023,16.45816421508789,11.846630096435547,168258373
XLF,2008-09-25,16.547521591186523,17.043054580688477,16.40130043029785,16.91307830810547,12.174079895019531,196826560
XLF,2008-09-26,16.12510108947754,17.376117706298828,16.01949691772461,17.376117706298828,12.507373809814453,252887038
XLF,2008-09-29,16.693744659423828,16.79935073852539,14.93907356262207,15.085296630859375,10.858439445495605,422434145
XLF,2008-09-30,15.353370666503906,16.368806838989258,15.16653060913086,16.157594680786133,11.630279541015625,212701043
XLF,2008-10-01,16.133224487304688,16.791227340698242,15.913890838623047,16.791227340698242,12.086366653442383,235842858
XLF,2008-10-02,16.645004272460938,16.815597534179688,15.913890838623047,15.954508781433105,11.484100341796875,213501932
XLF,2008-10-03,16.40130043029785,16.774980545043945,15.255889892578125,15.255889892578125,10.981231689453125,322736194
XLF,2008-10-06,14.638504981994629,15.036556243896484,13.996750831604004,14.459789276123047,10.408194541931152,420354002
XLF,2008-10-07,14.711617469787598,14.744110107421875,12.932575225830078,12.932575225830078,9.308902740478516,436457082
XLF,2008-10-08,12.3964262008667,13.54183578491211,12.258326530456543,12.412672996520996,8.934676170349121,486205977
XLF,2008-10-09,13.06255054473877,13.135662078857422,11.112915992736816,11.121040344238281,8.00495719909668,485969133
XLF,2008-10-10,10.73111343383789,12.266449928283691,10.38992691040039,12.266449928283691,8.829424858093262,648326092
XLF,2008-10-13,12.981315612792969,13.273760795593262,12.071487426757812,13.225020408630371,9.51940631866455,274509061
XLF,2008-10-14,14.159219741821289,14.516653060913086,13.493095397949219,14.077984809875488,10.133370399475098,410632918
XLF,2008-10-15,13.468725204467773,13.671812057495117,12.550771713256836,12.550771713256836,9.034079551696777,256192889
XLF,2008-10-16,12.900080680847168,13.06255054473877,11.852152824401855,12.835092544555664,9.23873233795166,383211531
XLF,2008-10-17,12.56701946258545,13.298131942749023,12.453289985656738,12.469536781311035,8.97560977935791,292251095
XLF,2008-10-20,12.794475555419922,13.086920738220215,12.388301849365234,13.086920738220215,9.419998168945312,170736746
XLF,2008-10-21,12.696993827819824,13.176279067993164,12.680747032165527,12.688871383666992,9.1334810256958,162976768
XLF,2008-10-22,12.437043190002441,12.575141906738281,11.502842903137207,11.892769813537598,8.560446739196777,218857767
XLF,2008-10-23,11.941511154174805,12.063363075256348,11.047928810119629,11.770917892456055,8.472734451293945,248715672
XLF,2008-10-24,10.722989082336426,11.616572380065918,10.69861888885498,11.00731086730957,7.923090934753418,252223775
XLF,2008-10-27,11.186027526855469,11.559707641601562,10.666125297546387,10.706742286682129,7.70674467086792,183470456
XLF,2008-10-28,11.31600284576416,12.485783576965332,10.56052017211914,12.388301849365234,8.917131423950195,241738610
XLF,2008-10-29,12.103981018066406,12.575141906738281,11.62469482421875,11.62469482421875,8.367483139038086,214718037
XLF,2008-10-30,12.18521499633789,12.298944473266602,11.779041290283203,12.030868530273438,8.659850120544434,197687644
XLF,2008-10-31,11.868399620056152,12.640130043029785,11.868399620056152,12.61575984954834,9.08085823059082,173640182
XLF,2008-11-03,12.583266258239746,12.794475555419922,12.534524917602539,12.688871383666992,9.1334810256958,82914744
XLF,2008-11-04,12.92445182800293,13.428107261657715,12.867587089538574,13.40373706817627,9.64804458618164,138595705
XLF,2008-11-05,13.184403419494629,13.273760795593262,12.144598007202148,12.177091598510742,8.765101432800293,147492634
XLF,2008-11-06,12.030868530273438,12.298944473266602,11.332249641418457,11.340373992919922,8.16283130645752,201705259
XLF,2008-11-07,11.551584243774414,11.722176551818848,11.26726245880127,11.551584243774414,8.314863204956055,140329076
XLF,2008-11-10,11.835906028747559,11.941511154174805,10.974817276000977,11.210397720336914,8.069272994995117,140162645
XLF,2008-11-11,10.991064071655273,11.17790412902832,10.641755104064941,10.820470809936523,7.788605690002441,214783280
XLF,2008-11-12,10.633630752563477,10.83671760559082,10.129976272583008,10.154346466064453,7.30912446975708,233086157
XLF,2008-11-13,10.30869197845459,10.982940673828125,9.504467964172363,10.893582344055176,7.841228008270264,322958390
XLF,2008-11-14,10.658001899719238,10.942322731018066,10.203086853027344,10.341185569763184,7.443614482879639,235483653
XLF,2008-11-17,10.162469863891602,10.25182819366455,9.626319885253906,9.683183670043945,6.969983100891113,227032345
XLF,2008-11-18,9.723801612854004,9.837530136108398,9.147034645080566,9.545084953308105,6.870579242706299,265910772
XLF,2008-11-19,9.488221168518066,9.55320930480957,8.480910301208496,8.5458984375,6.151360511779785,254938500
XLF,2008-11-20,8.399675369262695,8.59463882446289,7.5060930252075195,7.6279449462890625,5.4906158447265625,493582622
XLF,2008-11-21,7.985377788543701,8.001625061035156,7.043054103851318,7.863525867462158,5.660186767578125,442404166
XLF,2008-11-24,8.29407024383545,9.415109634399414,8.188465118408203,9.057677268981934,6.51973819732666,378163323
XLF,2008-11-25,9.626319885253906,9.764418601989746,9.114541053771973,9.585702896118164,6.899814605712891,288533475
XLF,2008-11-26,9.317627906799316,10.073110580444336,9.260764122009277,10.032493591308594,7.221413612365723,168369286
XLF,2008-11-28,10.048741340637207,10.373680114746094,9.935011863708496,10.284321784973145,7.402681827545166,67060941
XLF,2008-12-01,9.886271476745605,9.91064167022705,8.554020881652832,8.570267677307129,6.1689019203186035,205318859
XLF,2008-12-02,8.846466064453125,9.333874702453613,8.480910301208496,9.26888656616211,6.671766757965088,241340997
XLF,2008-12-03,8.895207405090332,9.86190128326416,8.846466064453125,9.74817180633545,7.0167622566223145,257054343
XLF,2008-12-04,9.512591361999512,10.194963455200195,9.415109634399414,9.642566680908203,6.940746307373047,219393375
XLF,2008-12-05,9.406986236572266,10.471161842346191,9.390739440917969,10.406173706054688,7.490392684936523,275159275
XLF,2008-12-08,10.83671760559082,11.226645469665527,10.714865684509277,11.104792594909668,7.9932637214660645,248535576
XLF,2008-12-09,10.909829139709473,11.202275276184082,10.56052017211914,10.658001899719238,7.671659469604492,237956855
XLF,2008-12-10,10.739235877990723,10.796100616455078,10.243703842163086,10.471161842346191,7.537166595458984,191223909
XLF,2008-12-11,10.30869197845459,10.38992691040039,9.618197441101074,9.666936874389648,6.95828914642334,190928716
XLF,2008-12-12,9.317627906799316,9.886271476745605,9.203899383544922,9.853776931762695,7.092774868011475,164449290
XLF,2008-12-15,9.82940673828125,9.86190128326416,9.309503555297852,9.447604179382324,6.800408840179443,136861718
XLF,2008-12-16,10.503656387329102,10.519903182983398,9.61007308959961,10.503656387329102,7.560558319091797,274174721
XLF,2008-12-17,10.30869197845459,10.706742286682129,10.194963455200195,10.406173706054688,7.490392684936523,185359425
XLF,2008-12-18,10.454915046691895,10.601137161254883,9.991876602172852,10.105605125427246,7.274044036865234,182620327
XLF,2008-12-19,9.959383010864258,10.194963455200195,9.788789749145508,9.935011863708496,7.258019924163818,162598605
XLF,2008-12-22,9.959383010864258,10.008123397827148,9.43947982788086,9.585702896118164,7.00283145904541,148061603
XLF,2008-12-23,9.634444236755371,9.723801612854004,9.333874702453613,9.358244895935059,6.8366618156433105,73468296
XLF,2008-12-24,9.431357383728027,9.5775785446167,9.341998100280762,9.561331748962402,6.985025405883789,22234938
XLF,2008-12-26,9.658814430236816,9.675061225891113,9.455726623535156,9.569456100463867,6.990963935852051,37218054
XLF,2008-12-29,9.593826293945312,9.601949691772461,9.309503555297852,9.488221168518066,6.931615352630615,47453450
XLF,2008-12-30,9.536961555480957,9.902518272399902,9.504467964172363,9.853776931762695,7.198670864105225,72357934
XLF,2008-12-31,9.878148078918457,10.259950637817383,9.805036544799805,10.17059326171875,7.430124759674072,109208165
XLF,2009-01-02,10.178715705871582,10.406173706054688,9.9187650680542,10.284321784973145,7.513204574584961,117919090
XLF,2009-01-05,10.235581398010254,10.349309921264648,10.056863784790039,10.113728523254395,7.388582229614258,127885266
XLF,2009-01-06,10.235581398010254,10.414297103881836,10.162469863891602,10.276198387145996,7.507272720336914,153337176
XLF,2009-01-07,10.040616989135742,10.113728523254395,9.723801612854004,9.740049362182617,7.115589618682861,131015946
XLF,2009-01-08,9.683183670043945,9.845653533935547,9.593826293945312,9.699431419372559,7.0859150886535645,132274643
XLF,2009-01-09,9.78066635131836,9.837530136108398,9.374491691589355,9.390739440917969,6.860397815704346,125745788
XLF,2009-01-12,9.358244895935059,9.38261604309082,8.76523208618164,8.895207405090332,6.498388767242432,179488048
XLF,2009-01-13,8.76523208618164,9.122665405273438,8.675872802734375,9.017059326171875,6.587408065795898,253377222
XLF,2009-01-14,8.716490745544434,8.73273754119873,8.432168960571289,8.497157096862793,6.207594394683838,201367472
XLF,2009-01-15,8.472785949707031,8.480910301208496,7.790413856506348,8.107230186462402,5.922733783721924,326492960
XLF,2009-01-16,8.326563835144043,8.415922164916992,7.5060930252075195,7.863525867462158,5.744694709777832,250760855
XLF,2009-01-20,7.424858093261719,7.51421594619751,6.555645942687988,6.5637688636779785,4.795156955718994,300320300
XLF,2009-01-21,6.953695774078369,7.546710014343262,6.669373989105225,7.530463218688965,5.501377582550049,389759343
XLF,2009-01-22,7.229894161224365,7.441104888916016,6.872460842132568,7.067424774169922,5.163105010986328,289483314
XLF,2009-01-23,6.750608921051025,7.38424015045166,6.726239204406738,7.303006172180176,5.335208892822266,284052758
XLF,2009-01-26,7.449227809906006,7.636067867279053,7.067424774169922,7.173029899597168,5.240253925323486,248432049
XLF,2009-01-27,7.319252967834473,7.457352161407471,7.197400093078613,7.424858093261719,5.424226760864258,166844939
XLF,2009-01-28,8.074735641479492,8.537774085998535,7.952884197235107,8.37530517578125,6.118576526641846,385065663
XLF,2009-01-29,8.058488845825195,8.131600379943848,7.676685810089111,7.7173027992248535,5.637871265411377,203495871
XLF,2009-01-30,7.8229079246521,7.896018981933594,7.37611722946167,7.5060930252075195,5.483572483062744,282654711
XLF,2009-02-02,7.311129093170166,7.579204082489014,7.238018035888672,7.5060930252075195,5.483572483062744,148428194
XLF,2009-02-03,7.6279449462890625,7.644192218780518,7.20552396774292,7.3679938316345215,5.38268518447876,226112665
XLF,2009-02-04,7.441104888916016,7.603573799133301,7.229894161224365,7.286758899688721,5.323337554931641,261722787
XLF,2009-02-05,7.197400093078613,7.587327003479004,6.937448978424072,7.400486946105957,5.406422138214111,474387516
XLF,2009-02-06,7.603573799133301,8.03411865234375,7.546710014343262,7.952884197235107,5.809977054595947,326797509
XLF,2009-02-09,8.025995254516602,8.196587562561035,7.9041428565979,8.042242050170898,5.875256538391113,208984531
XLF,2009-02-10,7.944759845733643,8.025995254516602,7.148660182952881,7.221770763397217,5.27586030960083,399645012
XLF,2009-02-11,7.343623161315918,7.587327003479004,7.311129093170166,7.571080207824707,5.5310492515563965,225005627
XLF,2009-02-12,7.327375888824463,7.51421594619751,7.026806831359863,7.473598957061768,5.459835052490234,282216229
XLF,2009-02-13,7.311129093170166,7.432981014251709,7.164906978607178,7.189277172088623,5.2521233558654785,209027739
XLF,2009-02-17,6.7343621253967285,6.823720932006836,6.4744110107421875,6.4744110107421875,4.729877471923828,274266185
XLF,2009-02-18,6.669373989105225,6.6856207847595215,6.271324157714844,6.4744110107421875,4.729877471923828,269314979
XLF,2009-02-19,6.5962629318237305,6.628756999969482,6.0926079750061035,6.133224964141846,4.480625629425049,257146298
XLF,2009-02-20,5.832655906677246,6.19821310043335,5.564581871032715,6.043867111206055,4.41534423828125,503483309
XLF,2009-02-23,6.2632012367248535,6.311942100524902,5.832655906677246,5.832655906677246,4.261044025421143,262755965
XLF,2009-02-24,5.913890838623047,6.539399147033691,5.840779781341553,6.539399147033691,4.7773542404174805,327940739
XLF,2009-02-25,6.4419169425964355,6.799349784851074,6.116978168487549,6.498781204223633,4.747681617736816,400245986
XLF,2009-02-26,6.807474136352539,6.953695774078369,6.539399147033691,6.604386806488037,4.824831008911133,388346771
XLF,2009-02-27,6.133224964141846,6.482534885406494,6.1251020431518555,6.173841953277588,4.5102972984313965,308811984
XLF,2009-03-02,5.938261985778809,6.043867111206055,5.71892786026001,5.783915996551514,4.225436210632324,230782341
XLF,2009-03-03,5.930138111114502,5.970755100250244,5.556457996368408,5.670186996459961,4.142353534698486,234076127
XLF,2009-03-04,5.873273849487305,5.881396770477295,5.4427289962768555,5.597075939178467,4.088940620422363,285063778
XLF,2009-03-05,5.4427289962768555,5.458975791931152,4.947196960449219,5.069049835205078,3.7031922340393066,346455471
XLF,2009-03-06,5.142160892486572,5.264012813568115,4.776604175567627,5.020308971405029,3.66758394241333,265816601
XLF,2009-03-09,4.914702892303467,5.239643096923828,4.8497161865234375,5.085297107696533,3.715062379837036,300571670
XLF,2009-03-10,5.41023588180542,5.873273849487305,5.361495018005371,5.840779781341553,4.266977787017822,435885036
XLF,2009-03-11,6.068236827850342,6.222582817077637,5.857027053833008,5.995125770568848,4.379737377166748,511086088
XLF,2009-03-12,5.970755100250244,6.6856207847595215,5.89764404296875,6.6125102043151855,4.8307671546936035,476439962
XLF,2009-03-13,6.7343621253967285,6.823720932006836,6.368805885314941,6.653128147125244,4.860440254211426,341559661
XLF,2009-03-16,6.815597057342529,7.051177978515625,6.498781204223633,6.523151874542236,4.7654852867126465,353656206
XLF,2009-03-17,6.51502799987793,6.969943046569824,6.393176078796387,6.945572853088379,5.0740838050842285,276164140
XLF,2009-03-18,6.864337921142578,7.676685810089111,6.791226863861084,7.644192218780518,5.584460258483887,509248328
XLF,2009-03-19,7.863525867462158,7.879773139953613,7.018683910369873,7.034931182861328,5.139366149902344,508014866
XLF,2009-03-20,6.961820125579834,6.994314193725586,6.571893215179443,6.6125102043151855,4.879221439361572,375016395
XLF,2009-03-23,7.189277172088623,7.814785003662109,7.034931182861328,7.701056003570557,5.682433128356934,457828227
XLF,2009-03-24,7.489846229553223,7.855401992797852,7.270512104034424,7.327375888824463,5.406703472137451,368470429
XLF,2009-03-25,7.497969150543213,7.7660441398620605,7.059300899505615,7.571080207824707,5.586527347564697,440502517
XLF,2009-03-26,7.709179878234863,7.757919788360596,7.408610820770264,7.6604390144348145,5.652464389801025,306281294
XLF,2009-03-27,7.457352161407471,7.709179878234863,7.408610820770264,7.424858093261719,5.478633403778076,245167807
XLF,2009-03-30,7.010560989379883,7.124289035797119,6.718114852905273,6.783102989196777,5.00509786605835,273044294
XLF,2009-03-31,6.961820125579834,7.278635025024414,6.8562140464782715,7.156783103942871,5.280826568603516,300060805
XLF,2009-04-01,6.953695774078369,7.408610820770264,6.937448978424072,7.359869956970215,5.430680274963379,214623004
XLF,2009-04-02,7.790413856506348,7.814785003662109,7.457352161407471,7.562956809997559,5.580533027648926,293319479
XLF,2009-04-03,7.489846229553223,7.896018981933594,7.449227809906006,7.871648788452148,5.808309078216553,224946170
XLF,2009-04-06,7.611698150634766,7.7660441398620605,7.5385870933532715,7.6604390144348145,5.652464389801025,222197593
XLF,2009-04-07,7.424858093261719,7.644192218780518,7.416734218597412,7.432981014251709,5.484625816345215,212819958
XLF,2009-04-08,7.546710014343262,7.6279449462890625,7.319252967834473,7.473598957061768,5.514598846435547,154755288
XLF,2009-04-09,8.147847175598145,8.675872802734375,8.03411865234375,8.635255813598633,6.371759414672852,384778225
XLF,2009-04-13,8.464662551879883,9.147034645080566,8.407798767089844,9.000811576843262,6.641493797302246,307171184
XLF,2009-04-14,8.862712860107422,9.041430473327637,8.350934028625488,8.407798767089844,6.203922271728516,393041928
XLF,2009-04-15,8.29407024383545,8.878959655761719,8.172218322753906,8.813972473144531,6.503628730773926,237804457
XLF,2009-04-16,8.976442337036133,9.057677268981934,8.602762222290039,8.911454200744629,6.575558662414551,267621000
XLF,2009-04-17,8.870837211608887,9.203899383544922,8.708367347717285,9.025182723999023,6.6594767570495605,281153137
XLF,2009-04-20,8.602762222290039,8.65150260925293,7.99350118637085,8.017871856689453,5.916206359863281,325535488
XLF,2009-04-21,7.676685810089111,8.619009017944336,7.644192218780518,8.610884666442871,6.353777885437012,356329199
XLF,2009-04-22,8.326563835144043,8.82209587097168,8.277823448181152,8.302192687988281,6.125997543334961,299510302
XLF,2009-04-23,8.424044609069824,8.748985290527344,8.302192687988281,8.692119598388672,6.413716793060303,208109536
XLF,2009-04-24,8.740860939025879,9.057677268981934,8.578392028808594,8.887084007263184,6.55757999420166,288261916
XLF,2009-04-27,8.635255813598633,8.870837211608887,8.554020881652832,8.740860939025879,6.449681282043457,157074123
XLF,2009-04-28,8.399675369262695,8.65150260925293,8.37530517578125,8.472785949707031,6.251874923706055,166197310
XLF,2009-04-29,8.586515426635742,8.919577598571777,8.570267677307129,8.838342666625977,6.521610260009766,192158977
XLF,2009-04-30,8.99268913269043,9.057677268981934,8.643379211425781,8.716490745544434,6.431701183319092,215537513
XLF,2009-05-01,8.724614143371582,8.85459041595459,8.570267677307129,8.65150260925293,6.383746147155762,137526705
XLF,2009-05-04,8.76523208618164,9.536961555480957,8.757107734680176,9.528838157653809,7.031113624572754,260737864
XLF,2009-05-05,9.350122451782227,9.561331748962402,9.293257713317871,9.390739440917969,6.929210186004639,200012388
XLF,2009-05-06,9.675061225891113,10.203086853027344,9.626319885253906,10.13809871673584,7.4806718826293945,330286040
XLF,2009-05-07,10.61738395690918,10.61738395690918,9.69130802154541,9.845653533935547,7.264881610870361,350441326
XLF,2009-05-08,10.0,10.625508308410645,9.9187650680542,10.576766967773438,7.8043532371521,368943749
XLF,2009-05-11,10.243703842163086,10.365555763244629,9.9187650680542,9.959383010864258,7.348799228668213,254006756
XLF,2009-05-12,10.032493591308594,10.056863784790039,9.43947982788086,9.74817180633545,7.1929545402526855,254245447
XLF,2009-05-13,9.47197437286377,9.545084953308105,9.203899383544922,9.252639770507812,6.827310085296631,237690343
XLF,2009-05-14,9.171404838562012,9.650690078735352,9.16328239440918,9.561331748962402,7.055087566375732,214387267
XLF,2009-05-15,9.593826293945312,9.675061225891113,9.285134315490723,9.366369247436523,6.911228656768799,188082520
XLF,2009-05-18,9.634444236755371,10.048741340637207,9.561331748962402,9.983753204345703,7.366785049438477,168822171
XLF,2009-05-19,9.983753204345703,10.146223068237305,9.764418601989746,9.78066635131836,7.216928958892822,194454423
XLF,2009-05-20,10.008123397827148,10.048741340637207,9.455726623535156,9.52071475982666,7.02511739730835,338297881
XLF,2009-05-21,9.38261604309082,9.642566680908203,9.358244895935059,9.536961555480957,7.037104606628418,267674180
XLF,2009-05-22,9.626319885253906,9.650690078735352,9.431357383728027,9.47197437286377,6.989152908325195,118089215
XLF,2009-05-26,9.358244895935059,9.821284294128418,9.350122451782227,9.78066635131836,7.216928958892822,185271163
XLF,2009-05-27,9.870023727416992,9.902518272399902,9.455726623535156,9.488221168518066,7.0011420249938965,211276284
XLF,2009-05-28,9.561331748962402,9.788789749145508,9.398862838745117,9.756296157836914,7.198948860168457,228614303
XLF,2009-05-29,9.837530136108398,10.032493591308594,9.650690078735352,9.935011863708496,7.330820560455322,231964224
XLF,2009-06-01,10.064988136291504,10.227457046508789,9.943136215209961,10.040616989135742,7.408740997314453,236336489
XLF,2009-06-02,9.902518272399902,10.032493591308594,9.821284294128418,9.878148078918457,7.288856506347656,237238566
XLF,2009-06-03,9.813159942626953,9.902518272399902,9.650690078735352,9.74817180633545,7.1929545402526855,172765434
XLF,2009-06-04,9.837530136108398,10.113728523254395,9.813159942626953,10.097481727600098,7.4506988525390625,200735723
XLF,2009-06-05,10.268074989318848,10.292445182800293,9.935011863708496,10.008123397827148,7.384766101837158,188049530
XLF,2009-06-08,9.91064167022705,10.178715705871582,9.902518272399902,10.0812349319458,7.438711166381836,114387228
XLF,2009-06-09,10.13809871673584,10.186840057373047,10.032493591308594,10.154346466064453,7.492660045623779,114763791
XLF,2009-06-10,10.211210250854492,10.21933364868164,9.878148078918457,10.0,7.3787713050842285,193137006
XLF,2009-06-11,10.0,10.227457046508789,9.983753204345703,10.0812349319458,7.438711166381836,192736070
XLF,2009-06-12,10.073110580444336,10.154346466064453,10.048741340637207,10.146223068237305,7.486665725708008,101101415
XLF,2009-06-15,10.048741340637207,10.073110580444336,9.845653533935547,9.886271476745605,7.294853210449219,117569979
XLF,2009-06-16,9.91064167022705,9.935011863708496,9.675061225891113,9.715678215026855,7.168976783752441,139644394
XLF,2009-06-17,9.650690078735352,9.666936874389648,9.350122451782227,9.431357383728027,6.9591827392578125,255798230
XLF,2009-06-18,9.463850975036621,9.707554817199707,9.455726623535156,9.658814430236816,7.12701940536499,149106352
XLF,2009-06-19,9.731925010681152,9.837530136108398,9.593826293945312,9.78066635131836,7.254146575927734,218644804
XLF,2009-06-22,9.650690078735352,9.715678215026855,9.203899383544922,9.21202278137207,6.832393646240234,163965753
XLF,2009-06-23,9.285134315490723,9.415109634399414,9.179529190063477,9.317627906799316,6.9107208251953125,172708561
XLF,2009-06-24,9.447604179382324,9.585702896118164,9.358244895935059,9.431357383728027,6.995070457458496,133115662
XLF,2009-06-25,9.398862838745117,9.634444236755371,9.341998100280762,9.634444236755371,7.14569616317749,156577784
XLF,2009-06-26,9.585702896118164,9.723801612854004,9.536961555480957,9.683183670043945,7.181847095489502,90023153
XLF,2009-06-29,9.707554817199707,9.82940673828125,9.601949691772461,9.805036544799805,7.2722249031066895,137113950
XLF,2009-06-30,9.813159942626953,9.837530136108398,9.634444236755371,9.707554817199707,7.199921607971191,124690329
XLF,2009-07-01,9.723801612854004,9.772542953491211,9.642566680908203,9.650690078735352,7.157746315002441,71842391
XLF,2009-07-02,9.55320930480957,9.561331748962402,9.293257713317871,9.317627906799316,6.9107208251953125,125072185
XLF,2009-07-06,9.228269577026367,9.341998100280762,9.138911247253418,9.325751304626465,6.916745662689209,107628053
XLF,2009-07-07,9.333874702453613,9.358244895935059,9.147034645080566,9.179529190063477,6.808292388916016,119638920
XLF,2009-07-08,9.195775985717773,9.220146179199219,8.797724723815918,9.025182723999023,6.693820476531982,248119375
XLF,2009-07-09,9.155158042907715,9.236392974853516,9.065799713134766,9.138911247253418,6.778170585632324,160788419
XLF,2009-07-10,9.07392406463623,9.098294258117676,8.952071189880371,9.017059326171875,6.687792778015137,117735302
XLF,2009-07-13,9.220146179199219,9.601949691772461,9.16328239440918,9.593826293945312,7.115570068359375,278149374
XLF,2009-07-14,9.601949691772461,9.618197441101074,9.43947982788086,9.55320930480957,7.08544397354126,195259127
XLF,2009-07-15,9.707554817199707,10.073110580444336,9.69130802154541,9.959383010864258,7.386696815490723,222874027
XLF,2009-07-16,9.870023727416992,10.024370193481445,9.764418601989746,9.926889419555664,7.362596035003662,147851963
XLF,2009-07-17,9.951258659362793,9.991876602172852,9.788789749145508,9.86190128326416,7.314395904541016,173246139
XLF,2009-07-20,9.935011863708496,10.008123397827148,9.870023727416992,9.943136215209961,7.37464714050293,135604252
XLF,2009-07-21,9.951258659362793,9.983753204345703,9.756296157836914,9.853776931762695,7.308372497558594,156874455
XLF,2009-07-22,9.675061225891113,9.943136215209961,9.658814430236816,9.86190128326416,7.314395904541016,123101477
XLF,2009-07-23,9.878148078918457,10.203086853027344,9.821284294128418,10.146223068237305,7.525270462036133,156626901
XLF,2009-07-24,10.056863784790039,10.146223068237305,9.959383010864258,10.08935832977295,7.483099460601807,89317544
XLF,2009-07-27,10.121851921081543,10.276198387145996,10.0812349319458,10.25182819366455,7.603598117828369,113482936
XLF,2009-07-28,10.162469863891602,10.268074989318848,10.129976272583008,10.227457046508789,7.585521697998047,73711911
XLF,2009-07-29,10.162469863891602,10.276198387145996,10.129976272583008,10.227457046508789,7.585521697998047,124764312
XLF,2009-07-30,10.324938774108887,10.584890365600586,10.324938774108887,10.463038444519043,7.760251045227051,161803625
XLF,2009-07-31,10.463038444519043,10.576766967773438,10.398050308227539,10.568642616271973,7.838574409484863,161635840
XLF,2009-08-03,10.763607025146484,10.852965354919434,10.690496444702148,10.83671760559082,8.037400245666504,141779933
XLF,2009-08-04,10.779853820800781,11.112915992736816,10.739235877990723,11.056052207946777,8.200077056884766,123182969
XLF,2009-08-05,11.121040344238281,11.494720458984375,11.06417465209961,11.437854766845703,8.48325252532959,205272204
XLF,2009-08-06,11.616572380065918,11.65718936920166,11.259139060974121,11.356620788574219,8.42300033569336,290627775
XLF,2009-08-07,11.519089698791504,11.860276222229004,11.4541015625,11.65718936920166,8.6459321975708,233042703
XLF,2009-08-10,11.640941619873047,11.738424301147461,11.470349311828613,11.608448028564453,8.609779357910156,117157348
XLF,2009-08-11,11.535337448120117,11.543460845947266,11.161657333374023,11.17790412902832,8.290454864501953,157646661
XLF,2009-08-12,11.14540958404541,11.494720458984375,11.137287139892578,11.40536117553711,8.459152221679688,128570318
XLF,2009-08-13,11.584077835083008,11.649065971374512,11.372867584228516,11.640941619873047,8.63387680053711,166225254
XLF,2009-08-14,11.632819175720215,11.640941619873047,11.372867584228516,11.567831039428711,8.579655647277832,133410610
XLF,2009-08-17,11.226645469665527,11.242892265319824,11.06417465209961,11.080422401428223,8.218154907226562,141513667
XLF,2009-08-18,11.186027526855469,11.356620788574219,11.169780731201172,11.307880401611328,8.386853218078613,99642556
XLF,2009-08-19,11.129162788391113,11.372867584228516,11.104792594909668,11.299756050109863,8.380829811096191,96251028
XLF,2009-08-20,11.332249641418457,11.616572380065918,11.324127197265625,11.592201232910156,8.597728729248047,111257534
XLF,2009-08-21,11.722176551818848,11.8765230178833,11.65718936920166,11.819659233093262,8.76642894744873,134382361
XLF,2009-08-24,11.990251541137695,12.071487426757812,11.697807312011719,11.730300903320312,8.700154304504395,152575803
XLF,2009-08-25,11.819659233093262,11.990251541137695,11.819659233093262,11.8765230178833,8.808608055114746,116332824
XLF,2009-08-26,11.811534881591797,11.925264358520508,11.70592975616455,11.844029426574707,8.784505844116211,113992570
XLF,2009-08-27,11.835906028747559,11.990251541137695,11.70592975616455,11.96588134765625,8.874881744384766,100287847
XLF,2009-08-28,12.079609870910645,12.103981018066406,11.844029426574707,11.982128143310547,8.886932373046875,99309571
XLF,2009-08-31,11.76279354095459,11.949633598327637,11.74654769897461,11.941511154174805,8.85680866241455,101467637
XLF,2009-09-01,11.852152824401855,11.982128143310547,11.275385856628418,11.299756050109863,8.380829811096191,234730773
XLF,2009-09-02,11.202275276184082,11.372867584228516,11.161657333374023,11.202275276184082,8.308526039123535,129933281
XLF,2009-09-03,11.324127197265625,11.462225914001465,11.242892265319824,11.421607971191406,8.471205711364746,97488183
XLF,2009-09-04,11.494720458984375,11.551584243774414,11.389115333557129,11.551584243774414,8.567605018615723,89279383
XLF,2009-09-08,11.722176551818848,11.738424301147461,11.535337448120117,11.600324630737305,8.603754997253418,99369767
XLF,2009-09-09,11.632819175720215,11.819659233093262,11.600324630737305,11.779041290283203,8.736306190490723,111341365
XLF,2009-09-10,11.738424301147461,11.900894165039062,11.600324630737305,11.8765230178833,8.808608055114746,114235569
XLF,2009-09-11,11.91714096069336,11.925264358520508,11.7952880859375,11.803412437438965,8.754380226135254,80452005
XLF,2009-09-14,11.649065971374512,11.990251541137695,11.640941619873047,11.957757949829102,8.868856430053711,88924363
XLF,2009-09-15,11.990251541137695,12.103981018066406,11.835906028747559,11.982128143310547,8.886932373046875,129108388
XLF,2009-09-16,12.0552396774292,12.3964262008667,12.022746086120605,12.3964262008667,9.194206237792969,153591131
XLF,2009-09-17,12.388301849365234,12.534524917602539,12.266449928283691,12.35580825805664,9.164081573486328,137935027
XLF,2009-09-18,12.372055053710938,12.388301849365234,12.22583293914795,12.298944473266602,9.150182723999023,112413566
XLF,2009-09-21,12.18521499633789,12.250203132629395,12.144598007202148,12.18521499633789,9.065568923950195,103587296
XLF,2009-09-22,12.363931655883789,12.477660179138184,12.290820121765137,12.461413383483887,9.271055221557617,105834240
XLF,2009-09-23,12.485783576965332,12.542648315429688,12.193339347839355,12.209586143493652,9.083701133728027,134086798
XLF,2009-09-24,12.282696723937988,12.315191268920898,11.892769813537598,11.96588134765625,8.90239143371582,163284149
XLF,2009-09-25,11.900894165039062,12.006499290466309,11.76279354095459,11.852152824401855,8.817779541015625,143733037
XLF,2009-09-28,11.91714096069336,12.266449928283691,11.900894165039062,12.250203132629395,9.113916397094727,96599401
XLF,2009-09-29,12.298944473266602,12.388301849365234,12.168968200683594,12.193339347839355,9.071615219116211,127167716
XLF,2009-09-30,12.266449928283691,12.307066917419434,11.998374938964844,12.136473655700684,9.029309272766113,180006914
XLF,2009-10-01,12.071487426757812,12.095856666564941,11.592201232910156,11.600324630737305,8.630424499511719,157511128
XLF,2009-10-02,11.40536117553711,11.74654769897461,11.34849739074707,11.608448028564453,8.636468887329102,158977372
XLF,2009-10-05,11.754671096801758,11.998374938964844,11.722176551818848,11.974004745483398,8.908437728881836,121768797
XLF,2009-10-06,12.136473655700684,12.258326530456543,11.949633598327637,12.128351211547852,9.02326488494873,157014296
XLF,2009-10-07,12.071487426757812,12.266449928283691,12.04711627960205,12.258326530456543,9.119962692260742,120700289
XLF,2009-10-08,12.347684860229492,12.420796394348145,12.233956336975098,12.274574279785156,9.132051467895508,112612372
XLF,2009-10-09,12.242079734802246,12.388301849365234,12.217708587646484,12.380179405212402,9.21062183380127,73837719
XLF,2009-10-12,12.437043190002441,12.49390697479248,12.363931655883789,12.477660179138184,9.283145904541016,91643272
XLF,2009-10-13,12.3964262008667,12.437043190002441,12.250203132629395,12.35580825805664,9.192490577697754,91537160
XLF,2009-10-14,12.623883247375488,12.802599906921387,12.534524917602539,12.778228759765625,9.506762504577637,164466893
XLF,2009-10-15,12.640130043029785,12.688871383666992,12.550771713256836,12.66450023651123,9.422151565551758,103035685
XLF,2009-10-16,12.428919792175293,12.461413383483887,12.331438064575195,12.363931655883789,9.198527336120605,138771615
XLF,2009-10-19,12.412672996520996,12.485783576965332,12.307066917419434,12.420796394348145,9.240842819213867,114214273
XLF,2009-10-20,12.3964262008667,12.469536781311035,12.250203132629395,12.32331371307373,9.168313980102539,131393863
XLF,2009-10-21,12.290820121765137,12.49390697479248,12.079609870910645,12.08773422241211,8.993047714233398,105829686
XLF,2009-10-22,12.144598007202148,12.469536781311035,12.095856666564941,12.44516658782959,9.258971214294434,148468694
XLF,2009-10-23,12.469536781311035,12.510153770446777,12.18521499633789,12.266449928283691,9.126008033752441,108821016
XLF,2009-10-26,12.258326530456543,12.298944473266602,11.884647369384766,11.949633598327637,8.890302658081055,149608600
XLF,2009-10-27,11.957757949829102,12.006499290466309,11.787164688110352,11.860276222229004,8.823819160461426,125341405
XLF,2009-10-28,11.811534881591797,11.860276222229004,11.462225914001465,11.494720458984375,8.551851272583008,145026326
XLF,2009-10-29,11.697807312011719,11.990251541137695,11.608448028564453,11.974004745483398,8.908437728881836,147296659
XLF,2009-10-30,11.868399620056152,11.868399620056152,11.34849739074707,11.413484573364258,8.49142074584961,168815032
XLF,2009-11-02,11.502842903137207,11.70592975616455,11.194150924682617,11.510967254638672,8.563943862915039,209353831
XLF,2009-11-03,11.31600284576416,11.592201232910156,11.307880401611328,11.543460845947266,8.588118553161621,135013126
XLF,2009-11-04,11.714054107666016,11.74654769897461,11.364744186401367,11.380990982055664,8.467245101928711,156933912
XLF,2009-11-05,11.478472709655762,11.689682960510254,11.397237777709961,11.673436164855957,8.684819221496582,128854925
XLF,2009-11-06,11.478472709655762,11.681559562683105,11.462225914001465,11.62469482421875,8.648550987243652,91056947
XLF,2009-11-09,11.787164688110352,12.0552396774292,11.714054107666016,12.038992881774902,8.956785202026367,123283911
XLF,2009-11-10,11.982128143310547,12.079609870910645,11.884647369384766,11.998374938964844,8.92656421661377,86729120
XLF,2009-11-11,12.120226860046387,12.290820121765137,12.079609870910645,12.160844802856445,9.047439575195312,123428800
XLF,2009-11-12,12.136473655700684,12.217708587646484,11.909016609191895,11.93338680267334,8.878215789794922,112801454
XLF,2009-11-13,11.949633598327637,11.998374938964844,11.811534881591797,11.909016609191895,8.860085487365723,92111052
XLF,2009-11-16,12.0552396774292,12.201461791992188,11.982128143310547,12.038992881774902,8.956785202026367,150075519
XLF,2009-11-17,12.01462173461914,12.095856666564941,11.96588134765625,12.071487426757812,8.980960845947266,70430557
XLF,2009-11-18,12.08773422241211,12.177091598510742,12.038992881774902,12.168968200683594,9.053483963012695,90591013
XLF,2009-11-19,12.095856666564941,12.103981018066406,11.884647369384766,11.93338680267334,8.878215789794922,95800113
XLF,2009-11-20,11.835906028747559,11.93338680267334,11.811534881591797,11.860276222229004,8.823819160461426,65219734
XLF,2009-11-23,11.990251541137695,12.112104415893555,11.96588134765625,12.030868530273438,8.95074462890625,91208237
XLF,2009-11-24,11.998374938964844,12.038992881774902,11.8765230178833,11.941511154174805,8.884261131286621,75278974
XLF,2009-11-25,12.006499290466309,12.01462173461914,11.892769813537598,11.91714096069336,8.866127014160156,54272328
XLF,2009-11-27,11.575955390930176,11.779041290283203,11.535337448120117,11.600324630737305,8.630424499511719,93325557
XLF,2009-11-30,11.65718936920166,11.93338680267334,11.649065971374512,11.909016609191895,8.860085487365723,124414954
XLF,2009-12-01,11.990251541137695,12.022746086120605,11.852152824401855,11.91714096069336,8.866127014160156,106757244
XLF,2009-12-02,11.892769813537598,11.96588134765625,11.844029426574707,11.909016609191895,8.860085487365723,76497910
XLF,2009-12-03,12.006499290466309,12.136473655700684,11.640941619873047,11.665312767028809,8.67877197265625,205411431
XLF,2009-12-04,11.884647369384766,11.93338680267334,11.681559562683105,11.884647369384766,8.841952323913574,240718603
XLF,2009-12-07,11.835906028747559,11.909016609191895,11.649065971374512,11.689682960510254,8.696906089782715,99919162
XLF,2009-12-08,11.616572380065918,11.673436164855957,11.551584243774414,11.584077835083008,8.618334770202637,133715775
XLF,2009-12-09,11.608448028564453,11.689682960510254,11.519089698791504,11.62469482421875,8.648550987243652,90631636
XLF,2009-12-10,11.65718936920166,11.714054107666016,11.551584243774414,11.608448028564453,8.636468887329102,86215178
XLF,2009-12-11,11.616572380065918,11.697807312011719,11.519089698791504,11.689682960510254,8.696906089782715,81270989
XLF,2009-12-14,11.722176551818848,11.76279354095459,11.608448028564453,11.754671096801758,8.745253562927246,72967894
XLF,2009-12-15,11.681559562683105,11.730300903320312,11.519089698791504,11.567831039428711,8.606250762939453,105373600
XLF,2009-12-16,11.640941619873047,11.714054107666016,11.592201232910156,11.640941619873047,8.660637855529785,112051283
XLF,2009-12-17,11.543460845947266,11.575955390930176,11.421607971191406,11.421607971191406,8.49746322631836,113375592
XLF,2009-12-18,11.462225914001465,11.567831039428711,11.380990982055664,11.551584243774414,8.626063346862793,116291955
XLF,2009-12-21,11.608448028564453,11.722176551818848,11.600324630737305,11.722176551818848,8.753454208374023,71633860
XLF,2009-12-22,11.714054107666016,11.754671096801758,11.689682960510254,11.74654769897461,8.77165412902832,32138456
XLF,2009-12-23,11.76279354095459,11.779041290283203,11.673436164855957,11.697807312011719,8.735252380371094,47493211
XLF,2009-12-24,11.738424301147461,11.803412437438965,11.730300903320312,11.803412437438965,8.81411361694336,22487785
XLF,2009-12-28,11.819659233093262,11.852152824401855,11.714054107666016,11.76279354095459,8.783780097961426,36303913
XLF,2009-12-29,11.7952880859375,11.803412437438965,11.714054107666016,11.714054107666016,8.747387886047363,32447806
XLF,2009-12-30,11.665312767028809,11.730300903320312,11.616572380065918,11.722176551818848,8.753454208374023,35503394
XLF,2009-12-31,11.738424301147461,11.7952880859375,11.681559562683105,11.697807312011719,8.735252380371094,40923487
XLF,2010-01-04,11.7952880859375,11.96588134765625,11.770917892456055,11.93338680267334,8.911172866821289,92942347
XLF,2010-01-05,11.91714096069336,12.152721405029297,11.900894165039062,12.152721405029297,9.074959754943848,96770018
XLF,2010-01-06,12.144598007202148,12.22583293914795,12.0552396774292,12.177091598510742,9.093154907226562,75492798
XLF,2010-01-07,12.201461791992188,12.510153770446777,12.177091598510742,12.437043190002441,9.287273406982422,117869112
XLF,2010-01-08,12.372055053710938,12.437043190002441,12.266449928283691,12.363931655883789,9.232677459716797,111866140
XLF,2010-01-11,12.485783576965332,12.49390697479248,12.298944473266602,12.372055053710938,9.238746643066406,72747299
XLF,2010-01-12,12.274574279785156,12.331438064575195,12.112104415893555,12.193339347839355,9.1052885055542,137613736
XLF,2010-01-13,12.193339347839355,12.372055053710938,12.095856666564941,12.331438064575195,9.208414077758789,100839458
XLF,2010-01-14,12.290820121765137,12.428919792175293,12.258326530456543,12.388301849365234,9.250879287719727,70844542
XLF,2010-01-15,12.315191268920898,12.32331371307373,12.120226860046387,12.136473655700684,9.062827110290527,118059301
XLF,2010-01-19,12.08773422241211,12.298944473266602,12.022746086120605,12.290820121765137,9.178082466125488,100437782
XLF,2010-01-20,12.209586143493652,12.339561462402344,12.128351211547852,12.258326530456543,9.153817176818848,99359426
XLF,2010-01-21,12.250203132629395,12.331438064575195,11.779041290283203,11.909016609191895,8.892974853515625,310007531
XLF,2010-01-22,11.868399620056152,11.925264358520508,11.4541015625,11.519089698791504,8.601797103881836,260932239
XLF,2010-01-25,11.681559562683105,11.730300903320312,11.470349311828613,11.584077835083008,8.650328636169434,179396215
XLF,2010-01-26,11.510967254638672,11.697807312011719,11.364744186401367,11.380990982055664,8.498673439025879,151799780
XLF,2010-01-27,11.413484573364258,11.681559562683105,11.364744186401367,11.65718936920166,8.704925537109375,254674696
XLF,2010-01-28,11.74654769897461,11.803412437438965,11.4541015625,11.600324630737305,8.662463188171387,275452007
XLF,2010-01-29,11.681559562683105,11.835906028747559,11.48659610748291,11.519089698791504,8.601797103881836,222839929
XLF,2010-02-01,11.592201232910156,11.74654769897461,11.592201232910156,11.714054107666016,8.747387886047363,155187738
XLF,2010-02-02,11.722176551818848,11.860276222229004,11.673436164855957,11.827781677246094,8.832310676574707,135155306
XLF,2010-02-03,11.76279354095459,11.844029426574707,11.665312767028809,11.697807312011719,8.735252380371094,131388692
XLF,2010-02-04,11.592201232910156,11.608448028564453,11.186027526855469,11.194150924682617,8.359153747558594,266891017
XLF,2010-02-05,11.259139060974121,11.356620788574219,10.974817276000977,11.324127197265625,8.456214904785156,315216015
XLF,2010-02-08,11.34849739074707,11.34849739074707,11.080422401428223,11.09666919708252,8.286357879638672,132199183
XLF,2010-02-09,11.23476791381836,11.291632652282715,11.047928810119629,11.210397720336914,8.37128734588623,190172389
XLF,2010-02-10,11.226645469665527,11.421607971191406,11.153533935546875,11.299756050109863,8.438011169433594,155220729
XLF,2010-02-11,11.299756050109863,11.380990982055664,11.031682014465332,11.324127197265625,8.456214904785156,92212240
XLF,2010-02-12,11.194150924682617,11.332249641418457,11.121040344238281,11.332249641418457,8.462278366088867,125390768
XLF,2010-02-16,11.413484573364258,11.584077835083008,11.340373992919922,11.567831039428711,8.638195037841797,134800901
XLF,2010-02-17,11.65718936920166,11.65718936920166,11.551584243774414,11.608448028564453,8.66852855682373,81067751
XLF,2010-02-18,11.559707641601562,11.714054107666016,11.551584243774414,11.681559562683105,8.723122596740723,73617370
XLF,2010-02-19,11.608448028564453,11.787164688110352,11.600324630737305,11.74654769897461,8.77165412902832,72633555
XLF,2010-02-22,11.787164688110352,11.96588134765625,11.770917892456055,11.900894165039062,8.886909484863281,86110666
XLF,2010-02-23,11.844029426574707,11.93338680267334,11.640941619873047,11.681559562683105,8.723122596740723,144519031
XLF,2010-02-24,11.689682960510254,11.900894165039062,11.689682960510254,11.884647369384766,8.874778747558594,87297473
XLF,2010-02-25,11.722176551818848,11.868399620056152,11.649065971374512,11.852152824401855,8.850513458251953,130407585
XLF,2010-02-26,11.852152824401855,11.96588134765625,11.787164688110352,11.925264358520508,8.905107498168945,129857821
XLF,2010-03-01,11.96588134765625,11.990251541137695,11.884647369384766,11.957757949829102,8.929370880126953,65465319
XLF,2010-03-02,11.990251541137695,12.112104415893555,11.982128143310547,11.998374938964844,8.95970344543457,71151554
XLF,2010-03-03,12.01462173461914,12.095856666564941,11.974004745483398,12.006499290466309,8.965764999389648,69710915
XLF,2010-03-04,12.038992881774902,12.136473655700684,12.022746086120605,12.128351211547852,9.0567626953125,65092695
XLF,2010-03-05,12.193339347839355,12.388301849365234,12.177091598510742,12.363931655883789,9.232677459716797,99635663
XLF,2010-03-08,12.388301849365234,12.437043190002441,12.363931655883789,12.388301849365234,9.250879287719727,66161942
XLF,2010-03-09,12.32331371307373,12.510153770446777,12.282696723937988,12.428919792175293,9.281208038330078,110608058
XLF,2010-03-10,12.510153770446777,12.640130043029785,12.485783576965332,12.56701946258545,9.384329795837402,123834045
XLF,2010-03-11,12.534524917602539,12.680747032165527,12.518278121948242,12.672623634338379,9.463191986083984,75285990
XLF,2010-03-12,12.778228759765625,12.778228759765625,12.56701946258545,12.623883247375488,9.426793098449707,125183468
XLF,2010-03-15,12.550771713256836,12.648253440856934,12.485783576965332,12.623883247375488,9.426793098449707,86475904
XLF,2010-03-16,12.66450023651123,12.78635311126709,12.63200569152832,12.778228759765625,9.542051315307617,92828356
XLF,2010-03-17,12.851340293884277,12.973193168640137,12.835092544555664,12.932575225830078,9.65731143951416,113668817
XLF,2010-03-18,12.908205032348633,12.92445182800293,12.778228759765625,12.859463691711426,9.602714538574219,91978843
XLF,2010-03-19,12.745735168457031,12.891958236694336,12.696993827819824,12.745735168457031,9.539484024047852,110142617
XLF,2010-03-22,12.61575984954834,12.818845748901367,12.607636451721191,12.810723304748535,9.588122367858887,78909193
XLF,2010-03-23,12.843216896057129,12.92445182800293,12.770106315612793,12.916328430175781,9.667162895202637,79992227
XLF,2010-03-24,12.835092544555664,12.989439010620117,12.835092544555664,12.92445182800293,9.67324447631836,86346279
XLF,2010-03-25,13.013810157775879,13.257513999938965,12.965068817138672,12.981315612792969,9.715801239013672,150906813
XLF,2010-03-26,13.038180351257324,13.160032272338867,12.92445182800293,12.997563362121582,9.727965354919434,218970526
XLF,2010-03-29,13.070673942565918,13.111291885375977,12.932575225830078,13.013810157775879,9.740119934082031,76076908
XLF,2010-03-30,13.021932601928711,13.06255054473877,12.900080680847168,12.932575225830078,9.679326057434082,59183033
XLF,2010-03-31,12.851340293884277,13.005685806274414,12.843216896057129,12.95694637298584,9.697563171386719,72467985
XLF,2010-04-01,13.06255054473877,13.103167533874512,12.973193168640137,13.06255054473877,9.776602745056152,59488321
XLF,2010-04-05,13.135662078857422,13.208772659301758,13.103167533874512,13.192525863647461,9.873880386352539,55300582
XLF,2010-04-06,13.184403419494629,13.363119125366211,13.160032272338867,13.330625534057617,9.977240562438965,63364125
XLF,2010-04-07,13.363119125366211,13.411860466003418,13.200650215148926,13.281885147094727,9.940755844116211,91544300
XLF,2010-04-08,13.23314380645752,13.428107261657715,13.176279067993164,13.387490272521973,10.019800186157227,86447591
XLF,2010-04-09,13.436230659484863,13.468725204467773,13.354995727539062,13.436230659484863,10.056282997131348,64967625
XLF,2010-04-12,13.476847648620605,13.549959182739258,13.460600852966309,13.493095397949219,10.098837852478027,56718325
XLF,2010-04-13,13.476847648620605,13.57433032989502,13.411860466003418,13.501218795776367,10.10491943359375,85280479
XLF,2010-04-14,13.671812057495117,13.858652114868164,13.65556526184082,13.8505277633667,10.36635971069336,155369926
XLF,2010-04-15,13.88302230834961,13.907391548156738,13.753046035766602,13.79366397857666,10.323799133300781,101626682
XLF,2010-04-16,13.736799240112305,13.753046035766602,13.054427146911621,13.290007591247559,9.94683837890625,468533372
XLF,2010-04-19,13.135662078857422,13.444354057312012,13.119415283203125,13.419983863830566,10.044116973876953,319699563
XLF,2010-04-20,13.525588989257812,13.598699569702148,13.444354057312012,13.598699569702148,10.177881240844727,151176894
XLF,2010-04-21,13.606823921203613,13.728675842285156,13.363119125366211,13.517464637756348,10.117076873779297,210131946
XLF,2010-04-22,13.37124252319336,13.631194114685059,13.31437873840332,13.590577125549316,10.171795845031738,123733596
XLF,2010-04-23,13.614947319030762,13.688057899475098,13.54183578491211,13.631194114685059,10.20219612121582,109054906
XLF,2010-04-26,13.62307071685791,13.62307071685791,13.387490272521973,13.419983863830566,10.044116973876953,128910443
XLF,2010-04-27,13.273760795593262,13.419983863830566,12.932575225830078,12.965068817138672,9.703642845153809,289883143
XLF,2010-04-28,13.143786430358887,13.241267204284668,13.030056953430176,13.151908874511719,9.84348201751709,194917032
XLF,2010-04-29,13.322502136230469,13.525588989257812,13.257513999938965,13.452478408813477,10.068440437316895,153177515
XLF,2010-04-30,13.387490272521973,13.428107261657715,13.103167533874512,13.127538681030273,9.82524299621582,206146707
XLF,2010-05-03,13.241267204284668,13.411860466003418,13.200650215148926,13.379365921020508,10.013718605041504,110817944
XLF,2010-05-04,13.184403419494629,13.225020408630371,12.932575225830078,13.013810157775879,9.740119934082031,195182313
XLF,2010-05-05,12.802599906921387,13.160032272338867,12.75385856628418,12.940698623657227,9.685402870178223,227201362
XLF,2010-05-06,12.883833885192871,13.030056953430176,11.827781677246094,12.3964262008667,9.27804183959961,385070710
XLF,2010-05-07,12.404548645019531,12.623883247375488,12.079609870910645,12.258326530456543,9.174681663513184,434082852
XLF,2010-05-10,12.891958236694336,13.013810157775879,12.729488372802734,12.940698623657227,9.685402870178223,220172844
XLF,2010-05-11,12.745735168457031,13.103167533874512,12.737611770629883,12.891958236694336,9.64892578125,149938016
XLF,2010-05-12,12.973193168640137,13.046303749084473,12.867587089538574,13.038180351257324,9.758360862731934,108045855
XLF,2010-05-13,12.997563362121582,13.030056953430176,12.802599906921387,12.802599906921387,9.582039833068848,117497842
XLF,2010-05-14,12.656376838684082,12.66450023651123,12.339561462402344,12.469536781311035,9.332765579223633,185612150
XLF,2010-05-17,12.469536781311035,12.583266258239746,12.177091598510742,12.477660179138184,9.338845252990723,215164644
XLF,2010-05-18,12.623883247375488,12.63200569152832,12.030868530273438,12.120226860046387,9.07132339477539,245298293
XLF,2010-05-19,12.006499290466309,12.258326530456543,11.892769813537598,12.136473655700684,9.083483695983887,282446426
XLF,2010-05-20,11.909016609191895,11.949633598327637,11.551584243774414,11.575955390930176,8.663969039916992,264759910
XLF,2010-05-21,11.332249641418457,12.136473655700684,11.332249641418457,11.982128143310547,8.967966079711914,256736868
XLF,2010-05-24,12.038992881774902,12.038992881774902,11.62469482421875,11.640941619873047,8.712604522705078,132667948
XLF,2010-05-25,11.31600284576416,11.754671096801758,11.242892265319824,11.74654769897461,8.791646957397461,202843441
XLF,2010-05-26,11.93338680267334,11.957757949829102,11.600324630737305,11.665312767028809,8.730846405029297,153920670
XLF,2010-05-27,11.91714096069336,12.201461791992188,11.852152824401855,12.193339347839355,9.126043319702148,150171413
XLF,2010-05-28,12.160844802856445,12.168968200683594,11.884647369384766,11.925264358520508,8.925406455993652,156946837
XLF,2010-06-01,11.7952880859375,11.96588134765625,11.65718936920166,11.673436164855957,8.736927032470703,102271849
XLF,2010-06-02,11.7952880859375,12.038992881774902,11.681559562683105,12.038992881774902,9.01052474975586,97060780
XLF,2010-06-03,12.08773422241211,12.112104415893555,11.844029426574707,11.974004745483398,8.961881637573242,126116689
XLF,2010-06-04,11.730300903320312,11.7952880859375,11.437854766845703,11.494720458984375,8.603165626525879,146914680
XLF,2010-06-07,11.543460845947266,11.600324630737305,11.226645469665527,11.26726245880127,8.432927131652832,128171597
XLF,2010-06-08,11.332249641418457,11.510967254638672,11.129162788391113,11.502842903137207,8.609246253967285,180966602
XLF,2010-06-09,11.584077835083008,11.673436164855957,11.332249641418457,11.380990982055664,8.518046379089355,153438734
XLF,2010-06-10,11.551584243774414,11.779041290283203,11.470349311828613,11.754671096801758,8.797725677490234,138725329
XLF,2010-06-11,11.640941619873047,11.827781677246094,11.608448028564453,11.787164688110352,8.822043418884277,66406172
XLF,2010-06-14,11.884647369384766,11.941511154174805,11.722176551818848,11.738424301147461,8.785565376281738,111620925
XLF,2010-06-15,11.811534881591797,12.038992881774902,11.738424301147461,12.01462173461914,8.992283821105957,124529437
XLF,2010-06-16,11.941511154174805,12.08773422241211,11.892769813537598,12.022746086120605,8.998368263244629,76874719
XLF,2010-06-17,12.0552396774292,12.071487426757812,11.8765230178833,12.006499290466309,8.98620319366455,88713985
XLF,2010-06-18,12.038992881774902,12.071487426757812,11.957757949829102,12.04711627960205,9.035554885864258,82191162
XLF,2010-06-21,12.18521499633789,12.22583293914795,11.96588134765625,12.030868530273438,9.023372650146484,105541262
XLF,2010-06-22,12.038992881774902,12.095856666564941,11.827781677246094,11.844029426574707,8.8832368850708,102404305
XLF,2010-06-23,11.852152824401855,11.909016609191895,11.714054107666016,11.787164688110352,8.84058666229248,147406957
XLF,2010-06-24,11.714054107666016,11.819659233093262,11.527214050292969,11.575955390930176,8.682178497314453,180425454
XLF,2010-06-25,11.722176551818848,11.91714096069336,11.559707641601562,11.892769813537598,8.919795989990234,174342222
XLF,2010-06-28,11.900894165039062,11.93338680267334,11.74654769897461,11.779041290283203,8.834495544433594,97958795
XLF,2010-06-29,11.616572380065918,11.632819175720215,11.26726245880127,11.356620788574219,8.517672538757324,190216582
XLF,2010-06-30,11.340373992919922,11.470349311828613,11.169780731201172,11.218522071838379,8.414094924926758,152587990
XLF,2010-07-01,11.202275276184082,11.291632652282715,10.844841957092285,11.112915992736816,8.334892272949219,164533121
XLF,2010-07-02,11.194150924682617,11.210397720336914,10.893582344055176,10.982940673828125,8.237404823303223,82338882
XLF,2010-07-06,11.226645469665527,11.283509254455566,10.92607593536377,11.047928810119629,8.286145210266113,131649787
XLF,2010-07-07,11.121040344238281,11.559707641601562,11.104792594909668,11.535337448120117,8.651713371276855,135275082
XLF,2010-07-08,11.673436164855957,11.689682960510254,11.445979118347168,11.62469482421875,8.718733787536621,99375306
XLF,2010-07-09,11.584077835083008,11.811534881591797,11.575955390930176,11.787164688110352,8.84058666229248,99814035
XLF,2010-07-12,11.770917892456055,11.827781677246094,11.65718936920166,11.803412437438965,8.852775573730469,67070912
XLF,2010-07-13,11.957757949829102,12.160844802856445,11.949633598327637,12.095856666564941,9.072113990783691,103837681
XLF,2010-07-14,12.038992881774902,12.04711627960205,11.8765230178833,12.006499290466309,9.005091667175293,95201847
XLF,2010-07-15,12.022746086120605,12.04711627960205,11.722176551818848,11.982128143310547,8.986815452575684,118284082
XLF,2010-07-16,11.835906028747559,11.860276222229004,11.445979118347168,11.478472709655762,8.609063148498535,174393677
XLF,2010-07-19,11.494720458984375,11.543460845947266,11.283509254455566,11.470349311828613,8.602971076965332,87813508
XLF,2010-07-20,11.259139060974121,11.608448028564453,11.242892265319824,11.592201232910156,8.694360733032227,113625609
XLF,2010-07-21,11.803412437438965,11.803412437438965,11.372867584228516,11.40536117553711,8.554229736328125,126180578
XLF,2010-07-22,11.551584243774414,11.787164688110352,11.551584243774414,11.738424301147461,8.804032325744629,103468874
XLF,2010-07-23,11.714054107666016,11.860276222229004,11.608448028564453,11.827781677246094,8.871050834655762,85939803
XLF,2010-07-26,11.844029426574707,12.01462173461914,11.779041290283203,11.990251541137695,8.992907524108887,97582109
XLF,2010-07-27,12.144598007202148,12.201461791992188,11.998374938964844,12.022746086120605,9.017279624938965,114958905
XLF,2010-07-28,11.990251541137695,12.063363075256348,11.8765230178833,11.91714096069336,8.93807315826416,60830850
XLF,2010-07-29,12.022746086120605,12.079609870910645,11.811534881591797,11.957757949829102,8.968535423278809,86025234
XLF,2010-07-30,11.803412437438965,12.030868530273438,11.803412437438965,11.949633598327637,8.962444305419922,72789892
XLF,2010-08-02,12.120226860046387,12.258326530456543,12.071487426757812,12.250203132629395,9.187877655029297,120011913
XLF,2010-08-03,12.18521499633789,12.217708587646484,12.095856666564941,12.112104415893555,9.084296226501465,81845251
XLF,2010-08-04,12.160844802856445,12.201461791992188,12.08773422241211,12.160844802856445,9.120850563049316,82030516
XLF,2010-08-05,12.071487426757812,12.136473655700684,12.038992881774902,12.112104415893555,9.084296226501465,50578959
XLF,2010-08-06,11.990251541137695,12.0552396774292,11.844029426574707,12.006499290466309,9.005091667175293,101926554
XLF,2010-08-09,12.063363075256348,12.103981018066406,11.949633598327637,12.071487426757812,9.053833961486816,49583449
XLF,2010-08-10,11.957757949829102,12.063363075256348,11.884647369384766,11.96588134765625,8.974629402160645,81174971
XLF,2010-08-11,11.779041290283203,11.787164688110352,11.527214050292969,11.543460845947266,8.657806396484375,117411918
XLF,2010-08-12,11.421607971191406,11.535337448120117,11.380990982055664,11.462225914001465,8.596879005432129,88825636
XLF,2010-08-13,11.4541015625,11.567831039428711,11.429732322692871,11.429732322692871,8.572508811950684,64041298
XLF,2010-08-16,11.397237777709961,11.445979118347168,11.340373992919922,11.397237777709961,8.548134803771973,68304497
XLF,2010-08-17,11.519089698791504,11.600324630737305,11.421607971191406,11.48659610748291,8.615157127380371,79810039
XLF,2010-08-18,11.478472709655762,11.616572380065918,11.437854766845703,11.535337448120117,8.651713371276855,68372325
XLF,2010-08-19,11.462225914001465,11.510967254638672,11.242892265319824,11.26726245880127,8.450651168823242,124471211
XLF,2010-08-20,11.226645469665527,11.259139060974121,11.129162788391113,11.23476791381836,8.426280975341797,81137426
XLF,2010-08-23,11.291632652282715,11.307880401611328,11.153533935546875,11.161657333374023,8.371443748474121,66239371
XLF,2010-08-24,11.023557662963867,11.080422401428223,10.942322731018066,10.974817276000977,8.231311798095703,116123431
XLF,2010-08-25,10.893582344055176,11.047928810119629,10.796100616455078,11.00731086730957,8.255684852600098,90747843
XLF,2010-08-26,11.06417465209961,11.137287139892578,10.885458946228027,10.917952537536621,8.188658714294434,88256545
XLF,2010-08-27,10.966693878173828,11.161657333374023,10.844841957092285,11.153533935546875,8.365348815917969,107590139
XLF,2010-08-30,11.104792594909668,11.129162788391113,10.909829139709473,10.917952537536621,8.188658714294434,78521797
XLF,2010-08-31,10.909829139709473,11.056052207946777,10.828595161437988,11.015435218811035,8.2617769241333,131233463
XLF,2010-09-01,11.153533935546875,11.4541015625,11.14540958404541,11.437854766845703,8.578600883483887,163002496
XLF,2010-09-02,11.429732322692871,11.551584243774414,11.421607971191406,11.551584243774414,8.663897514343262,82205072
XLF,2010-09-03,11.70592975616455,11.7952880859375,11.65718936920166,11.7952880859375,8.846680641174316,108976122
XLF,2010-09-07,11.681559562683105,11.689682960510254,11.510967254638672,11.527214050292969,8.64561939239502,69632992
XLF,2010-09-08,11.567831039428711,11.722176551818848,11.559707641601562,11.640941619873047,8.730916976928711,63465559
XLF,2010-09-09,11.819659233093262,11.884647369384766,11.714054107666016,11.787164688110352,8.84058666229248,100214233
XLF,2010-09-10,11.7952880859375,11.844029426574707,11.754671096801758,11.803412437438965,8.852775573730469,48934712
XLF,2010-09-13,11.982128143310547,12.08773422241211,11.982128143310547,12.0552396774292,9.041647911071777,93892679
XLF,2010-09-14,12.01462173461914,12.038992881774902,11.884647369384766,11.949633598327637,8.962444305419922,81324661
XLF,2010-09-15,11.860276222229004,12.006499290466309,11.819659233093262,11.990251541137695,8.992907524108887,91766372
XLF,2010-09-16,11.949633598327637,11.96588134765625,11.8765230178833,11.957757949829102,8.968535423278809,65492647
XLF,2010-09-17,11.974004745483398,11.998374938964844,11.852152824401855,11.868399620056152,8.921512603759766,80925078
XLF,2010-09-20,11.884647369384766,12.128351211547852,11.868399620056152,12.095856666564941,9.092494010925293,64263001
XLF,2010-09-21,12.128351211547852,12.160844802856445,11.941511154174805,11.982128143310547,9.007006645202637,103705472
XLF,2010-09-22,11.900894165039062,12.01462173461914,11.76279354095459,11.787164688110352,8.860450744628906,114854147
XLF,2010-09-23,11.673436164855957,11.770917892456055,11.535337448120117,11.559707641601562,8.689469337463379,127349658
XLF,2010-09-24,11.697807312011719,11.868399620056152,11.689682960510254,11.868399620056152,8.921512603759766,94600257
XLF,2010-09-27,11.868399620056152,11.868399620056152,11.714054107666016,11.738424301147461,8.823811531066895,76726384
XLF,2010-09-28,11.779041290283203,11.7952880859375,11.62469482421875,11.76279354095459,8.842131614685059,101337767
XLF,2010-09-29,11.722176551818848,11.779041290283203,11.616572380065918,11.673436164855957,8.77496337890625,82229692
XLF,2010-09-30,11.74654769897461,11.884647369384766,11.649065971374512,11.65718936920166,8.762747764587402,132373000
XLF,2010-10-01,11.770917892456055,11.819659233093262,11.649065971374512,11.779041290283203,8.854347229003906,162650799
XLF,2010-10-04,11.76279354095459,11.852152824401855,11.640941619873047,11.697807312011719,8.793279647827148,105309096
XLF,2010-10-05,11.803412437438965,12.01462173461914,11.714054107666016,11.96588134765625,8.994791984558105,163731125
XLF,2010-10-06,11.990251541137695,12.022746086120605,11.91714096069336,11.957757949829102,8.988686561584473,79712666
XLF,2010-10-07,12.01462173461914,12.0552396774292,11.844029426574707,11.909016609191895,8.95205020904541,88379153
XLF,2010-10-08,11.925264358520508,11.96588134765625,11.8765230178833,11.941511154174805,8.97647476196289,76830034
XLF,2010-10-11,11.949633598327637,11.96588134765625,11.8765230178833,11.925264358520508,8.964263916015625,50798200
XLF,2010-10-12,11.860276222229004,12.079609870910645,11.835906028747559,12.063363075256348,9.068070411682129,81038084
XLF,2010-10-13,12.136473655700684,12.18521499633789,12.038992881774902,12.071487426757812,9.074178695678711,138693077
XLF,2010-10-14,11.957757949829102,11.982128143310547,11.74654769897461,11.860276222229004,8.915409088134766,208325454
XLF,2010-10-15,11.900894165039062,11.957757949829102,11.575955390930176,11.65718936920166,8.762747764587402,163544136
XLF,2010-10-18,11.616572380065918,11.93338680267334,11.616572380065918,11.91714096069336,8.958155632019043,96393824
XLF,2010-10-19,11.827781677246094,11.998374938964844,11.70592975616455,11.754671096801758,8.83602523803711,180636325
XLF,2010-10-20,11.76279354095459,11.93338680267334,11.65718936920166,11.868399620056152,8.921512603759766,118915708
XLF,2010-10-21,11.91714096069336,12.006499290466309,11.770917892456055,11.868399620056152,8.921512603759766,90587936
XLF,2010-10-22,11.892769813537598,11.93338680267334,11.827781677246094,11.860276222229004,8.915409088134766,50796353
XLF,2010-10-25,11.96588134765625,11.982128143310547,11.803412437438965,11.819659233093262,8.884879112243652,56338931
XLF,2010-10-26,11.770917892456055,11.860276222229004,11.74654769897461,11.835906028747559,8.897088050842285,58349523
XLF,2010-10-27,11.7952880859375,11.884647369384766,11.754671096801758,11.844029426574707,8.903196334838867,77185177
XLF,2010-10-28,11.909016609191895,11.941511154174805,11.770917892456055,11.844029426574707,8.903196334838867,71284256
XLF,2010-10-29,11.811534881591797,11.852152824401855,11.76279354095459,11.827781677246094,8.890981674194336,49026545
XLF,2010-11-01,11.852152824401855,11.93338680267334,11.714054107666016,11.827781677246094,8.890981674194336,80929756
XLF,2010-11-02,11.900894165039062,11.909016609191895,11.827781677246094,11.860276222229004,8.915409088134766,67197828
XLF,2010-11-03,11.868399620056152,11.982128143310547,11.779041290283203,11.974004745483398,9.000898361206055,133181275
XLF,2010-11-04,12.095856666564941,12.3964262008667,12.08773422241211,12.372055053710938,9.300117492675781,204934664
XLF,2010-11-05,12.404548645019531,12.737611770629883,12.372055053710938,12.656376838684082,9.513839721679688,203857416
XLF,2010-11-08,12.640130043029785,12.648253440856934,12.44516658782959,12.558895111083984,9.440559387207031,110754301
XLF,2010-11-09,12.599513053894043,12.607636451721191,12.242079734802246,12.32331371307373,9.263476371765137,150410720
XLF,2010-11-10,12.32331371307373,12.469536781311035,12.217708587646484,12.461413383483887,9.367286682128906,149972115
XLF,2010-11-11,12.339561462402344,12.3964262008667,12.274574279785156,12.339561462402344,9.275688171386719,73585118
XLF,2010-11-12,12.274574279785156,12.315191268920898,12.103981018066406,12.136473655700684,9.123029708862305,109245218
XLF,2010-11-15,12.217708587646484,12.347684860229492,12.177091598510742,12.193339347839355,9.165772438049316,88027456
XLF,2010-11-16,12.128351211547852,12.144598007202148,11.892769813537598,11.990251541137695,9.013113021850586,166446464
XLF,2010-11-17,11.982128143310547,12.01462173461914,11.8765230178833,11.909016609191895,8.95205020904541,111420026
XLF,2010-11-18,12.0552396774292,12.152721405029297,12.022746086120605,12.071487426757812,9.074178695678711,105170116
XLF,2010-11-19,12.006499290466309,12.071487426757812,11.957757949829102,12.071487426757812,9.074178695678711,53682925
XLF,2010-11-22,11.990251541137695,11.998374938964844,11.811534881591797,11.892769813537598,8.939833641052246,119643844
XLF,2010-11-23,11.76279354095459,11.803412437438965,11.697807312011719,11.70592975616455,8.799385070800781,104476201
XLF,2010-11-24,11.787164688110352,11.892769813537598,11.754671096801758,11.884647369384766,8.93372917175293,72325066
XLF,2010-11-26,11.779041290283203,11.844029426574707,11.714054107666016,11.714054107666016,8.80549144744873,39044858
XLF,2010-11-29,11.689682960510254,11.860276222229004,11.665312767028809,11.811534881591797,8.878771781921387,101123080
XLF,2010-11-30,11.714054107666016,11.835906028747559,11.697807312011719,11.74654769897461,8.82991886138916,94421024
XLF,2010-12-01,11.91714096069336,11.990251541137695,11.884647369384766,11.982128143310547,9.007006645202637,102218916
XLF,2010-12-02,12.038992881774902,12.307066917419434,12.022746086120605,12.290820121765137,9.239048957824707,139900073
XLF,2010-12-03,12.209586143493652,12.35580825805664,12.144598007202148,12.331438064575195,9.269584655761719,111832288
XLF,2010-12-06,12.298944473266602,12.35580825805664,12.250203132629395,12.315191268920898,9.257368087768555,64905337
XLF,2010-12-07,12.485783576965332,12.485783576965332,12.298944473266602,12.331438064575195,9.269584655761719,131973540
XLF,2010-12-08,12.339561462402344,12.534524917602539,12.32331371307373,12.534524917602539,9.422245025634766,119732230
XLF,2010-12-09,12.61575984954834,12.713240623474121,12.550771713256836,12.688871383666992,9.53826904296875,95687230
XLF,2010-12-10,12.729488372802734,12.810723304748535,12.648253440856934,12.802599906921387,9.623754501342773,69683833
XLF,2010-12-13,12.859463691711426,12.883833885192871,12.75385856628418,12.794475555419922,9.617647171020508,62184704
XLF,2010-12-14,12.794475555419922,12.843216896057129,12.63200569152832,12.680747032165527,9.532160758972168,85879730
XLF,2010-12-15,12.623883247375488,12.729488372802734,12.550771713256836,12.575141906738281,9.452777862548828,101531526
XLF,2010-12-16,12.607636451721191,12.680747032165527,12.526400566101074,12.591388702392578,9.464988708496094,108179541
XLF,2010-12-17,12.56701946258545,12.623883247375488,12.502031326293945,12.61575984954834,9.517696380615234,76205917
XLF,2010-12-20,12.640130043029785,12.672623634338379,12.583266258239746,12.623883247375488,9.523824691772461,49879628
XLF,2010-12-21,12.672623634338379,12.851340293884277,12.672623634338379,12.843216896057129,9.689291954040527,59296901
XLF,2010-12-22,12.891958236694336,13.013810157775879,12.867587089538574,12.989439010620117,9.799610137939453,87852408
XLF,2010-12-23,12.965068817138672,12.973193168640137,12.843216896057129,12.891958236694336,9.726066589355469,36235347
XLF,2010-12-27,12.826970100402832,13.005685806274414,12.818845748901367,13.005685806274414,9.811869621276855,29735790
XLF,2010-12-28,13.005685806274414,13.046303749084473,12.973193168640137,13.005685806274414,9.811869621276855,42018708
XLF,2010-12-29,13.021932601928711,13.030056953430176,12.965068817138672,12.981315612792969,9.793481826782227,31035357
XLF,2010-12-30,12.981315612792969,12.981315612792969,12.891958236694336,12.940698623657227,9.762839317321777,45377614
XLF,2010-12-31,12.908205032348633,12.973193168640137,12.891958236694336,12.95694637298584,9.775094985961914,27080400
XLF,2011-01-03,13.135662078857422,13.273760795593262,13.103167533874512,13.241267204284668,9.989596366882324,113566767
XLF,2011-01-04,13.290007591247559,13.306255340576172,13.111291885375977,13.225020408630371,9.977340698242188,65761128
XLF,2011-01-05,13.176279067993164,13.40373706817627,13.160032272338867,13.379365921020508,10.093781471252441,119644460
XLF,2011-01-06,13.387490272521973,13.411860466003418,13.281885147094727,13.290007591247559,10.026369094848633,82408064
XLF,2011-01-07,13.338748931884766,13.354995727539062,13.013810157775879,13.176279067993164,9.940567970275879,219266212
XLF,2011-01-10,13.103167533874512,13.184403419494629,13.021932601928711,13.143786430358887,9.916053771972656,107038774
XLF,2011-01-11,13.225020408630371,13.290007591247559,13.135662078857422,13.192525863647461,9.952824592590332,61620659
XLF,2011-01-12,13.346872329711914,13.419983863830566,13.322502136230469,13.411860466003418,10.11829662322998,100785048
XLF,2011-01-13,13.436230659484863,13.452478408813477,13.322502136230469,13.37124252319336,10.087652206420898,74704466
XLF,2011-01-14,13.363119125366211,13.614947319030762,13.346872329711914,13.582452774047852,10.246996879577637,113359713
XLF,2011-01-18,13.549959182739258,13.566205978393555,13.436230659484863,13.501218795776367,10.185710906982422,75478150
XLF,2011-01-19,13.395612716674805,13.444354057312012,13.160032272338867,13.200650215148926,9.958955764770508,144544020
XLF,2011-01-20,13.200650215148926,13.31437873840332,13.151908874511719,13.26563835144043,10.007983207702637,115484911
XLF,2011-01-21,13.354995727539062,13.436230659484863,13.306255340576172,13.37124252319336,10.087652206420898,93333928
XLF,2011-01-24,13.395612716674805,13.419983863830566,13.306255340576172,13.354995727539062,10.075395584106445,54863208
XLF,2011-01-25,13.290007591247559,13.37124252319336,13.168155670166016,13.330625534057617,10.057010650634766,84937892
XLF,2011-01-26,13.37124252319336,13.40373706817627,13.306255340576172,13.322502136230469,10.050882339477539,68221281
XLF,2011-01-27,13.322502136230469,13.444354057312012,13.306255340576172,13.436230659484863,10.136686325073242,88248544
XLF,2011-01-28,13.444354057312012,13.54183578491211,13.184403419494629,13.200650215148926,9.958955764770508,139244565
XLF,2011-01-31,13.225020408630371,13.346872329711914,13.225020408630371,13.322502136230469,10.050882339477539,77839208
XLF,2011-02-01,13.40373706817627,13.639318466186523,13.395612716674805,13.598699569702148,10.259251594543457,78635911
XLF,2011-02-02,13.558082580566406,13.598699569702148,13.476847648620605,13.493095397949219,10.179581642150879,57381711
XLF,2011-02-03,13.493095397949219,13.525588989257812,13.37124252319336,13.501218795776367,10.185710906982422,63619065
XLF,2011-02-04,13.48497200012207,13.501218795776367,13.387490272521973,13.493095397949219,10.179581642150879,76650431
XLF,2011-02-07,13.54183578491211,13.720552444458008,13.533712387084961,13.688057899475098,10.326663970947266,61790537
XLF,2011-02-08,13.696182250976562,13.809910774230957,13.65556526184082,13.785539627075195,10.400211334228516,59912524
XLF,2011-02-09,13.696182250976562,13.761170387268066,13.590577125549316,13.688057899475098,10.326663970947266,68776339
XLF,2011-02-10,13.62307071685791,13.71242904663086,13.598699569702148,13.688057899475098,10.326663970947266,53665322
XLF,2011-02-11,13.639318466186523,13.915515899658203,13.606823921203613,13.874897956848145,10.467623710632324,90898394
XLF,2011-02-14,13.866774559020996,13.907391548156738,13.818034172058105,13.88302230834961,10.473755836486816,43128085
XLF,2011-02-15,13.858652114868164,13.9317626953125,13.818034172058105,13.866774559020996,10.46150016784668,60650508
XLF,2011-02-16,13.915515899658203,13.956132888793945,13.858652114868164,13.939886093139648,10.516654014587402,44080140
XLF,2011-02-17,13.891144752502441,13.956132888793945,13.858652114868164,13.923639297485352,10.504396438598633,43641043
XLF,2011-02-18,13.939886093139648,13.972379684448242,13.891144752502441,13.956132888793945,10.52891731262207,39684855
XLF,2011-02-22,13.736799240112305,13.809910774230957,13.493095397949219,13.525588989257812,10.204095840454102,125808569
XLF,2011-02-23,13.517464637756348,13.62307071685791,13.298131942749023,13.468725204467773,10.161192893981934,142391001
XLF,2011-02-24,13.436230659484863,13.493095397949219,13.273760795593262,13.436230659484863,10.136686325073242,98899648
XLF,2011-02-25,13.533712387084961,13.65556526184082,13.517464637756348,13.62307071685791,10.277643203735352,61174545
XLF,2011-02-28,13.71242904663086,13.761170387268066,13.631194114685059,13.688057899475098,10.326663970947266,68170072
XLF,2011-03-01,13.728675842285156,13.728675842285156,13.395612716674805,13.395612716674805,10.106040000915527,130762113
XLF,2011-03-02,13.379365921020508,13.436230659484863,13.26563835144043,13.31437873840332,10.044756889343262,82293212
XLF,2011-03-03,13.460600852966309,13.614947319030762,13.452478408813477,13.590577125549316,10.253125190734863,103454963
XLF,2011-03-04,13.566205978393555,13.566205978393555,13.322502136230469,13.419983863830566,10.124424934387207,129134485
XLF,2011-03-07,13.452478408813477,13.517464637756348,13.273760795593262,13.330625534057617,10.057010650634766,85241580
XLF,2011-03-08,13.387490272521973,13.647440910339355,13.387490272521973,13.62307071685791,10.277643203735352,98070200
XLF,2011-03-09,13.614947319030762,13.688057899475098,13.517464637756348,13.62307071685791,10.277643203735352,87131903
XLF,2011-03-10,13.460600852966309,13.468725204467773,13.31437873840332,13.346872329711914,10.069269180297852,114185344
XLF,2011-03-11,13.26563835144043,13.476847648620605,13.26563835144043,13.436230659484863,10.136686325073242,107898504
XLF,2011-03-14,13.330625534057617,13.37124252319336,13.200650215148926,13.31437873840332,10.044756889343262,86120391
XLF,2011-03-15,12.973193168640137,13.225020408630371,12.92445182800293,13.160032272338867,9.928306579589844,127169809
XLF,2011-03-16,13.176279067993164,13.192525863647461,12.826970100402832,12.916328430175781,9.744453430175781,214034093
XLF,2011-03-17,13.09504508972168,13.111291885375977,12.916328430175781,13.070673942565918,9.860895156860352,120224753
XLF,2011-03-18,13.208772659301758,13.322502136230469,13.160032272338867,13.216897010803223,9.99730396270752,207386693
XLF,2011-03-21,13.363119125366211,13.37124252319336,13.208772659301758,13.281885147094727,10.04646110534668,95996704
XLF,2011-03-22,13.281885147094727,13.290007591247559,13.200650215148926,13.208772659301758,9.991161346435547,56765349
XLF,2011-03-23,13.168155670166016,13.216897010803223,13.013810157775879,13.176279067993164,9.966585159301758,79906795
XLF,2011-03-24,13.208772659301758,13.249390602111816,13.086920738220215,13.241267204284668,10.015742301940918,76789780
XLF,2011-03-25,13.257513999938965,13.322502136230469,13.208772659301758,13.273760795593262,10.040318489074707,55517238
XLF,2011-03-28,13.281885147094727,13.322502136230469,13.225020408630371,13.23314380645752,10.009593963623047,39245265
XLF,2011-03-29,13.208772659301758,13.26563835144043,13.127538681030273,13.257513999938965,10.028034210205078,46897284
XLF,2011-03-30,13.322502136230469,13.411860466003418,13.281885147094727,13.363119125366211,10.10791015625,75779991
XLF,2011-03-31,13.281885147094727,13.346872329711914,13.26563835144043,13.31437873840332,10.071044921875,60843037
XLF,2011-04-01,13.40373706817627,13.48497200012207,13.37124252319336,13.428107261657715,10.157066345214844,80709407
XLF,2011-04-04,13.428107261657715,13.48497200012207,13.354995727539062,13.411860466003418,10.14477825164795,47174874
XLF,2011-04-05,13.379365921020508,13.444354057312012,13.346872329711914,13.40373706817627,10.138631820678711,47211312
XLF,2011-04-06,13.460600852966309,13.57433032989502,13.419983863830566,13.558082580566406,10.255382537841797,81798227
XLF,2011-04-07,13.549959182739258,13.606823921203613,13.452478408813477,13.493095397949219,10.206221580505371,60873442
XLF,2011-04-08,13.558082580566406,13.582452774047852,13.338748931884766,13.37124252319336,10.114055633544922,73274290
XLF,2011-04-11,13.387490272521973,13.468725204467773,13.338748931884766,13.37124252319336,10.114055633544922,49493463
XLF,2011-04-12,13.290007591247559,13.40373706817627,13.23314380645752,13.322502136230469,10.07718563079834,78789416
XLF,2011-04-13,13.428107261657715,13.428107261657715,13.176279067993164,13.225020408630371,10.003456115722656,94654914
XLF,2011-04-14,13.119415283203125,13.143786430358887,13.038180351257324,13.103167533874512,9.911280632019043,72457522
XLF,2011-04-15,13.160032272338867,13.200650215148926,13.078798294067383,13.111291885375977,9.917427062988281,64317165
XLF,2011-04-18,12.965068817138672,12.981315612792969,12.851340293884277,12.932575225830078,9.782246589660645,102992477
XLF,2011-04-19,12.997563362121582,13.005685806274414,12.883833885192871,12.973193168640137,9.812969207763672,72236188
XLF,2011-04-20,13.070673942565918,13.078798294067383,12.95694637298584,13.005685806274414,9.837549209594727,78296032
XLF,2011-04-21,13.070673942565918,13.103167533874512,12.989439010620117,13.078798294067383,9.892851829528809,54159938
XLF,2011-04-25,13.054427146911621,13.111291885375977,13.046303749084473,13.06255054473877,9.880559921264648,37023310
XLF,2011-04-26,13.111291885375977,13.168155670166016,13.070673942565918,13.143786430358887,9.94200611114502,61796200
XLF,2011-04-27,13.176279067993164,13.257513999938965,13.078798294067383,13.225020408630371,10.003456115722656,69756092
XLF,2011-04-28,13.208772659301758,13.354995727539062,13.200650215148926,13.330625534057617,10.083332061767578,53786206
XLF,2011-04-29,13.322502136230469,13.322502136230469,13.249390602111816,13.306255340576172,10.064899444580078,30507750
XLF,2011-05-02,13.354995727539062,13.37124252319336,13.23314380645752,13.249390602111816,10.021883964538574,51127862
XLF,2011-05-03,13.216897010803223,13.338748931884766,13.208772659301758,13.306255340576172,10.064899444580078,85342891
XLF,2011-05-04,13.31437873840332,13.322502136230469,13.160032272338867,13.192525863647461,9.97887134552002,112329858
XLF,2011-05-05,13.127538681030273,13.160032272338867,12.981315612792969,13.021932601928711,9.849833488464355,103157800
XLF,2011-05-06,13.160032272338867,13.216897010803223,13.046303749084473,13.086920738220215,9.898994445800781,102177678
XLF,2011-05-09,13.046303749084473,13.086920738220215,12.989439010620117,13.054427146911621,9.874412536621094,47858203
XLF,2011-05-10,13.078798294067383,13.200650215148926,13.070673942565918,13.176279067993164,9.966585159301758,69163243
XLF,2011-05-11,13.143786430358887,13.160032272338867,12.981315612792969,12.997563362121582,9.831403732299805,97156183
XLF,2011-05-12,12.965068817138672,13.013810157775879,12.851340293884277,12.997563362121582,9.831403732299805,78830655
XLF,2011-05-13,12.997563362121582,13.021932601928711,12.794475555419922,12.810723304748535,9.690070152282715,82158787
XLF,2011-05-16,12.75385856628418,12.940698623657227,12.729488372802734,12.794475555419922,9.67778491973877,89906208
XLF,2011-05-17,12.745735168457031,12.900080680847168,12.737611770629883,12.891958236694336,9.751520156860352,98470152
XLF,2011-05-18,12.883833885192871,12.95694637298584,12.835092544555664,12.948822021484375,9.794535636901855,60153554
XLF,2011-05-19,12.997563362121582,13.005685806274414,12.900080680847168,12.948822021484375,9.794535636901855,64194311
XLF,2011-05-20,12.908205032348633,12.965068817138672,12.75385856628418,12.770106315612793,9.659356117248535,89394728
XLF,2011-05-23,12.61575984954834,12.680747032165527,12.591388702392578,12.591388702392578,9.524170875549316,93564986
XLF,2011-05-24,12.63200569152832,12.648253440856934,12.502031326293945,12.575141906738281,9.511880874633789,79566054
XLF,2011-05-25,12.510153770446777,12.656376838684082,12.510153770446777,12.583266258239746,9.518026351928711,85723147
XLF,2011-05-26,12.550771713256836,12.696993827819824,12.526400566101074,12.648253440856934,9.567182540893555,84613647
XLF,2011-05-27,12.688871383666992,12.794475555419922,12.680747032165527,12.737611770629883,9.634772300720215,61971741
XLF,2011-05-31,12.875711441040039,12.908205032348633,12.778228759765625,12.867587089538574,9.733087539672852,80145486
XLF,2011-06-01,12.818845748901367,12.826970100402832,12.420796394348145,12.437043190002441,9.40742015838623,148857321
XLF,2011-06-02,12.453289985656738,12.534524917602539,12.35580825805664,12.44516658782959,9.413567543029785,165873188
XLF,2011-06-03,12.307066917419434,12.502031326293945,12.290820121765137,12.363931655883789,9.352117538452148,119706995
XLF,2011-06-06,12.307066917419434,12.331438064575195,12.095856666564941,12.128351211547852,9.173930168151855,145434772
XLF,2011-06-07,12.217708587646484,12.258326530456543,12.08773422241211,12.103981018066406,9.15549087524414,97768974
XLF,2011-06-08,12.071487426757812,12.144598007202148,11.96588134765625,11.990251541137695,9.069469451904297,102198851
XLF,2011-06-09,12.01462173461914,12.177091598510742,11.982128143310547,12.128351211547852,9.173930168151855,73352336
XLF,2011-06-10,12.071487426757812,12.152721405029297,11.8765230178833,12.04711627960205,9.112483024597168,181570161
XLF,2011-06-13,12.095856666564941,12.201461791992188,12.022746086120605,12.168968200683594,9.204652786254883,117670798
XLF,2011-06-14,12.282696723937988,12.339561462402344,12.201461791992188,12.233956336975098,9.253805160522461,104946689
XLF,2011-06-15,12.103981018066406,12.152721405029297,11.884647369384766,11.96588134765625,9.051033020019531,188730642
XLF,2011-06-16,11.957757949829102,12.112104415893555,11.900894165039062,12.030868530273438,9.100191116333008,165893253
XLF,2011-06-17,12.120226860046387,12.144598007202148,12.038992881774902,12.095856666564941,9.182209014892578,100420179
XLF,2011-06-20,12.038992881774902,12.160844802856445,11.998374938964844,12.08773422241211,9.176042556762695,66083650
XLF,2011-06-21,12.160844802856445,12.282696723937988,12.08773422241211,12.258326530456543,9.3055419921875,95554282
XLF,2011-06-22,12.209586143493652,12.339561462402344,12.168968200683594,12.18521499633789,9.250040054321289,106150238
XLF,2011-06-23,12.038992881774902,12.095856666564941,11.91714096069336,12.063363075256348,9.157538414001465,127233698
XLF,2011-06-24,12.071487426757812,12.095856666564941,11.925264358520508,11.990251541137695,9.102036476135254,91530513
XLF,2011-06-27,11.974004745483398,12.152721405029297,11.974004745483398,12.112104415893555,9.194539070129395,61283489
XLF,2011-06-28,12.168968200683594,12.168968200683594,12.08773422241211,12.168968200683594,9.237707138061523,58644594
XLF,2011-06-29,12.282696723937988,12.437043190002441,12.250203132629395,12.420796394348145,9.428877830505371,111616001
XLF,2011-06-30,12.461413383483887,12.518278121948242,12.35580825805664,12.469536781311035,9.465874671936035,92703779
XLF,2011-07-01,12.44516658782959,12.721364974975586,12.44516658782959,12.696993827819824,9.638541221618652,77715000
XLF,2011-07-05,12.66450023651123,12.672623634338379,12.526400566101074,12.583266258239746,9.552206993103027,100972036
XLF,2011-07-06,12.49390697479248,12.526400566101074,12.420796394348145,12.518278121948242,9.502873420715332,66252174
XLF,2011-07-07,12.672623634338379,12.75385856628418,12.656376838684082,12.721364974975586,9.657045364379883,55920391
XLF,2011-07-08,12.526400566101074,12.558895111083984,12.469536781311035,12.558895111083984,9.533707618713379,76580879
XLF,2011-07-11,12.388301849365234,12.3964262008667,12.160844802856445,12.217708587646484,9.274707794189453,107713485
XLF,2011-07-12,12.168968200683594,12.339561462402344,12.152721405029297,12.168968200683594,9.237707138061523,79766707
XLF,2011-07-13,12.242079734802246,12.35580825805664,12.160844802856445,12.177091598510742,9.243871688842773,105923365
XLF,2011-07-14,12.282696723937988,12.290820121765137,12.079609870910645,12.08773422241211,9.176042556762695,150775588
XLF,2011-07-15,12.18521499633789,12.18521499633789,11.96588134765625,12.063363075256348,9.157538414001465,132402790
XLF,2011-07-18,11.998374938964844,12.01462173461914,11.76279354095459,11.900894165039062,9.034205436706543,137133277
XLF,2011-07-19,11.941511154174805,12.079609870910645,11.900894165039062,12.04711627960205,9.145206451416016,134575505
XLF,2011-07-20,12.112104415893555,12.242079734802246,12.103981018066406,12.18521499633789,9.250040054321289,118538406
XLF,2011-07-21,12.315191268920898,12.518278121948242,12.307066917419434,12.477660179138184,9.47204303741455,189235844
XLF,2011-07-22,12.502031326293945,12.510153770446777,12.388301849365234,12.44516658782959,9.447376251220703,60323309
XLF,2011-07-25,12.32331371307373,12.3964262008667,12.250203132629395,12.35580825805664,9.379542350769043,78466525
XLF,2011-07-26,12.331438064575195,12.404548645019531,12.274574279785156,12.339561462402344,9.367207527160645,113040637
XLF,2011-07-27,12.282696723937988,12.282696723937988,12.030868530273438,12.04711627960205,9.145206451416016,151973351
XLF,2011-07-28,12.071487426757812,12.193339347839355,12.022746086120605,12.0552396774292,9.151371955871582,80068056
XLF,2011-07-29,11.925264358520508,12.144598007202148,11.884647369384766,12.022746086120605,9.126709938049316,98119563
XLF,2011-08-01,12.209586143493652,12.209586143493652,11.8765230178833,11.982128143310547,9.095873832702637,91890703
XLF,2011-08-02,11.900894165039062,11.941511154174805,11.649065971374512,11.65718936920166,8.849203109741211,142203889
XLF,2011-08-03,11.673436164855957,11.730300903320312,11.478472709655762,11.714054107666016,8.892373085021973,150485442
XLF,2011-08-04,11.575955390930176,11.608448028564453,11.09666919708252,11.121040344238281,8.442203521728516,228842654
XLF,2011-08-05,11.23476791381836,11.299756050109863,10.69861888885498,10.909829139709473,8.281869888305664,220311208
XLF,2011-08-08,10.552395820617676,10.796100616455078,9.78066635131836,9.878148078918457,7.498698711395264,320107763
XLF,2011-08-09,10.178715705871582,10.641755104064941,9.78066635131836,10.641755104064941,8.078367233276367,203780725
XLF,2011-08-10,10.38992691040039,10.398050308227539,9.86190128326416,9.902518272399902,7.517196178436279,333138883
XLF,2011-08-11,10.048741340637207,10.658001899719238,9.943136215209961,10.454915046691895,7.936538219451904,342125552
XLF,2011-08-12,10.666125297546387,10.820470809936523,10.30869197845459,10.381802558898926,7.881032466888428,167083138
XLF,2011-08-15,10.511778831481934,10.722989082336426,10.511778831481934,10.714865684509277,8.133868217468262,140239829
XLF,2011-08-16,10.552395820617676,10.682372093200684,10.414297103881836,10.503656387329102,7.973536014556885,128292974
XLF,2011-08-17,10.584890365600586,10.706742286682129,10.47928524017334,10.568642616271973,8.022866249084473,117996766
XLF,2011-08-18,10.203086853027344,10.211210250854492,9.943136215209961,10.056863784790039,7.634369373321533,208364107
XLF,2011-08-19,9.886271476745605,10.203086853027344,9.82940673828125,9.853776931762695,7.480199337005615,155535619
XLF,2011-08-22,10.113728523254395,10.121851921081543,9.707554817199707,9.731925010681152,7.387698650360107,127443091
XLF,2011-08-23,9.740049362182617,10.048741340637207,9.593826293945312,10.048741340637207,7.628200054168701,170500517
XLF,2011-08-24,10.048741340637207,10.341185569763184,10.0,10.316816329956055,7.831700325012207,161958977
XLF,2011-08-25,10.690496444702148,10.828595161437988,10.146223068237305,10.284321784973145,7.807033061981201,234626754
XLF,2011-08-26,10.178715705871582,10.463038444519043,10.0,10.373680114746094,7.874867916107178,121201429
XLF,2011-08-29,10.56052017211914,10.820470809936523,10.552395820617676,10.804224014282227,8.201701164245605,119732353
XLF,2011-08-30,10.73111343383789,10.820470809936523,10.576766967773438,10.73111343383789,8.14620304107666,107048376
XLF,2011-08-31,10.828595161437988,10.950447082519531,10.763607025146484,10.86921215057373,8.251039505004883,107177384
XLF,2011-09-01,10.861088752746582,10.901705741882324,10.609260559082031,10.625508308410645,8.066034317016602,123459575
XLF,2011-09-02,10.30869197845459,10.365555763244629,10.162469863891602,10.186840057373047,7.733034133911133,131594516
XLF,2011-09-06,9.82940673828125,10.032493591308594,9.821284294128418,10.008123397827148,7.597365379333496,138630665
XLF,2011-09-07,10.21933364868164,10.503656387329102,9.837530136108398,10.487408638000488,7.9612016677856445,141058813
XLF,2011-09-08,10.341185569763184,10.463038444519043,10.227457046508789,10.259950637817383,7.788534641265869,104926993
XLF,2011-09-09,10.13809871673584,10.203086853027344,9.894394874572754,9.935011863708496,7.541869640350342,158558709
XLF,2011-09-12,9.764418601989746,10.064988136291504,9.74817180633545,10.048741340637207,7.628200054168701,144663304
XLF,2011-09-13,10.113728523254395,10.227457046508789,10.0,10.113728523254395,7.6775336265563965,121317389
XLF,2011-09-14,10.21933364868164,10.357433319091797,9.983753204345703,10.235581398010254,7.770033836364746,124639242
XLF,2011-09-15,10.349309921264648,10.503656387329102,10.292445182800293,10.495532035827637,7.967364311218262,128471592
XLF,2011-09-16,10.503656387329102,10.593013763427734,10.316816329956055,10.487408638000488,7.99213171005249,97875333
XLF,2011-09-19,10.268074989318848,10.292445182800293,10.113728523254395,10.203086853027344,7.7754597663879395,127818546
XLF,2011-09-20,10.25182819366455,10.341185569763184,10.17059326171875,10.17059326171875,7.750699043273926,68153453
XLF,2011-09-21,10.194963455200195,10.21933364868164,9.666936874389648,9.666936874389648,7.366875648498535,147554800
XLF,2011-09-22,9.43947982788086,9.512591361999512,9.21202278137207,9.390739440917969,7.156393527984619,251432981
XLF,2011-09-23,9.325751304626465,9.528838157653809,9.309503555297852,9.488221168518066,7.230680465698242,146697901
XLF,2011-09-26,9.618197441101074,9.926889419555664,9.536961555480957,9.91064167022705,7.552597522735596,136811863
XLF,2011-09-27,10.13809871673584,10.235581398010254,9.870023727416992,9.959383010864258,7.5897393226623535,173008556
XLF,2011-09-28,9.975629806518555,10.032493591308594,9.658814430236816,9.675061225891113,7.373065948486328,126402158
XLF,2011-09-29,9.926889419555664,10.008123397827148,9.675061225891113,9.943136215209961,7.577357292175293,126952784
XLF,2011-09-30,9.764418601989746,9.837530136108398,9.585702896118164,9.593826293945312,7.311161041259766,118365943
XLF,2011-10-03,9.52071475982666,9.699431419372559,9.147034645080566,9.16328239440918,6.983055591583252,197426303
XLF,2011-10-04,9.041430473327637,9.561331748962402,8.895207405090332,9.528838157653809,7.26163387298584,275785977
XLF,2011-10-05,9.504467964172363,9.723801612854004,9.317627906799316,9.666936874389648,7.366875648498535,148534060
XLF,2011-10-06,9.618197441101074,9.983753204345703,9.488221168518066,9.967506408691406,7.595926761627197,171494180
XLF,2011-10-07,10.024370193481445,10.024370193481445,9.593826293945312,9.61007308959961,7.323540210723877,189703501
XLF,2011-10-10,9.845653533935547,10.105605125427246,9.837530136108398,10.105605125427246,7.701169967651367,121636587
XLF,2011-10-11,9.975629806518555,10.178715705871582,9.935011863708496,10.097481727600098,7.694980621337891,118209237
XLF,2011-10-12,10.211210250854492,10.52802562713623,10.194963455200195,10.357433319091797,7.8930816650390625,156456284
XLF,2011-10-13,10.203086853027344,10.227457046508789,9.975629806518555,10.113728523254395,7.70736026763916,143400298
XLF,2011-10-14,10.259950637817383,10.316816329956055,10.064988136291504,10.235581398010254,7.8002190589904785,149084564
XLF,2011-10-17,10.154346466064453,10.178715705871582,9.894394874572754,9.9187650680542,7.558785438537598,108158491
XLF,2011-10-18,10.0,10.519903182983398,9.926889419555664,10.38992691040039,7.917844295501709,226470024
XLF,2011-10-19,10.398050308227539,10.568642616271973,10.203086853027344,10.243703842163086,7.806410312652588,163000772
XLF,2011-10-20,10.243703842163086,10.438668251037598,10.113728523254395,10.398050308227539,7.92403507232666,152230261
XLF,2011-10-21,10.544273376464844,10.682372093200684,10.495532035827637,10.666125297546387,8.128327369689941,210757910
XLF,2011-10-24,10.69861888885498,10.92607593536377,10.682372093200684,10.901705741882324,8.307854652404785,125120194
XLF,2011-10-25,10.763607025146484,10.771730422973633,10.503656387329102,10.576766967773438,8.06022834777832,169801678
XLF,2011-10-26,10.747360229492188,10.828595161437988,10.544273376464844,10.763607025146484,8.202611923217773,167673895
XLF,2011-10-27,11.283509254455566,11.510967254638672,11.112915992736816,11.40536117553711,8.691676139831543,286446930
XLF,2011-10-28,11.340373992919922,11.4541015625,11.251014709472656,11.413484573364258,8.697869300842285,167421540
XLF,2011-10-31,11.137287139892578,11.210397720336914,10.950447082519531,10.966693878173828,8.357380867004395,135847497
XLF,2011-11-01,10.430543899536133,10.722989082336426,10.4224214553833,10.44679069519043,7.961177825927734,263955821
XLF,2011-11-02,10.706742286682129,10.78797721862793,10.568642616271973,10.75548267364502,8.19642162322998,141886414
XLF,2011-11-03,10.893582344055176,10.982940673828125,10.56052017211914,10.942322731018066,8.33880615234375,137635648
XLF,2011-11-04,10.812348365783691,10.828595161437988,10.658001899719238,10.796100616455078,8.227375984191895,114088957
XLF,2011-11-07,10.763607025146484,10.861088752746582,10.658001899719238,10.852965354919434,8.270709991455078,101449664
XLF,2011-11-08,10.958569526672363,11.088545799255371,10.812348365783691,11.056052207946777,8.425474166870117,140400105
XLF,2011-11-09,10.739235877990723,10.763607025146484,10.4224214553833,10.454915046691895,7.967368125915527,144136559
XLF,2011-11-10,10.633630752563477,10.641755104064941,10.4224214553833,10.503656387329102,8.00451374053955,175243190
XLF,2011-11-11,10.682372093200684,10.804224014282227,10.674248695373535,10.75548267364502,8.19642162322998,113960564
XLF,2011-11-14,10.666125297546387,10.682372093200684,10.463038444519043,10.536149024963379,8.029275894165039,77723247
XLF,2011-11-15,10.454915046691895,10.666125297546387,10.4224214553833,10.584890365600586,8.066417694091797,110939567
XLF,2011-11-16,10.463038444519043,10.56052017211914,10.300568580627441,10.324938774108887,7.868318557739258,112264861
XLF,2011-11-17,10.316816329956055,10.357433319091797,10.048741340637207,10.121851921081543,7.713551044464111,178507556
XLF,2011-11-18,10.17059326171875,10.211210250854492,10.08935832977295,10.154346466064453,7.73831033706665,104695565
XLF,2011-11-21,9.959383010864258,9.983753204345703,9.82940673828125,9.902518272399902,7.546400547027588,120345391
XLF,2011-11-22,9.91064167022705,9.951258659362793,9.796913146972656,9.813159942626953,7.478309631347656,81508942
XLF,2011-11-23,9.707554817199707,9.707554817199707,9.528838157653809,9.545084953308105,7.274014949798584,101619666
XLF,2011-11-25,9.545084953308105,9.723801612854004,9.528838157653809,9.569456100463867,7.2925872802734375,39104069
XLF,2011-11-28,9.943136215209961,9.951258659362793,9.74817180633545,9.853776931762695,7.5092597007751465,84348120
XLF,2011-11-29,9.845653533935547,9.9187650680542,9.772542953491211,9.805036544799805,7.4721150398254395,78328776
XLF,2011-11-30,10.162469863891602,10.454915046691895,10.113728523254395,10.406173706054688,7.9302239418029785,168795212
XLF,2011-12-01,10.349309921264648,10.38992691040039,10.227457046508789,10.349309921264648,7.886890411376953,84288047
XLF,2011-12-02,10.454915046691895,10.682372093200684,10.454915046691895,10.487408638000488,7.99213171005249,157736524
XLF,2011-12-05,10.682372093200684,10.828595161437988,10.609260559082031,10.69861888885498,8.153091430664062,124016480
XLF,2011-12-06,10.641755104064941,10.771730422973633,10.576766967773438,10.706742286682129,8.159280776977539,69770618
XLF,2011-12-07,10.61738395690918,10.86921215057373,10.544273376464844,10.83671760559082,8.258329391479492,112741751
XLF,2011-12-08,10.722989082336426,10.722989082336426,10.381802558898926,10.414297103881836,7.9364118576049805,150280849
XLF,2011-12-09,10.519903182983398,10.69861888885498,10.495532035827637,10.641755104064941,8.10975170135498,120871398
XLF,2011-12-12,10.487408638000488,10.495532035827637,10.300568580627441,10.38992691040039,7.917844295501709,120333328
XLF,2011-12-13,10.47928524017334,10.519903182983398,10.113728523254395,10.243703842163086,7.806410312652588,149126787
XLF,2011-12-14,10.129976272583008,10.324938774108887,10.113728523254395,10.203086853027344,7.7754597663879395,117957251
XLF,2011-12-15,10.357433319091797,10.373680114746094,10.194963455200195,10.211210250854492,7.781647205352783,75845726
XLF,2011-12-16,10.235581398010254,10.333063125610352,10.154346466064453,10.186840057373047,7.812800884246826,122441784
XLF,2011-12-19,10.211210250854492,10.227457046508789,9.9187650680542,9.959383010864258,7.63835334777832,81936099
XLF,2011-12-20,10.146223068237305,10.381802558898926,10.13809871673584,10.333063125610352,7.924944877624512,126622630
XLF,2011-12-21,10.333063125610352,10.414297103881836,10.243703842163086,10.38992691040039,7.968557357788086,98054074
XLF,2011-12-22,10.463038444519043,10.633630752563477,10.4224214553833,10.609260559082031,8.136778831481934,79959605
XLF,2011-12-23,10.658001899719238,10.69861888885498,10.584890365600586,10.682372093200684,8.192849159240723,37730396
XLF,2011-12-27,10.641755104064941,10.73111343383789,10.61738395690918,10.625508308410645,8.149237632751465,33277869
XLF,2011-12-28,10.633630752563477,10.633630752563477,10.44679069519043,10.454915046691895,8.018402099609375,52844368
XLF,2011-12-29,10.487408638000488,10.625508308410645,10.47928524017334,10.61738395690918,8.143006324768066,46397867
XLF,2011-12-30,10.584890365600586,10.61738395690918,10.552395820617676,10.56052017211914,8.099392890930176,34132060
XLF,2012-01-03,10.78797721862793,10.942322731018066,10.779853820800781,10.83671760559082,8.311223030090332,103362023
XLF,2012-01-04,10.75548267364502,10.844841957092285,10.682372093200684,10.804224014282227,8.286303520202637,69833891
XLF,2012-01-05,10.706742286682129,11.00731086730957,10.658001899719238,10.950447082519531,8.398451805114746,89935260
XLF,2012-01-06,10.958569526672363,10.958569526672363,10.812348365783691,10.885458946228027,8.348607063293457,83878617
XLF,2012-01-09,10.92607593536377,10.991064071655273,10.86921215057373,10.942322731018066,8.392219543457031,69189586
XLF,2012-01-10,11.112915992736816,11.17790412902832,11.06417465209961,11.137287139892578,8.54175090789795,86035082
XLF,2012-01-11,11.088545799255371,11.275385856628418,11.047928810119629,11.26726245880127,8.641432762145996,80938989
XLF,2012-01-12,11.31600284576416,11.372867584228516,11.169780731201172,11.307880401611328,8.672581672668457,94107119
XLF,2012-01-13,11.080422401428223,11.23476791381836,11.031682014465332,11.226645469665527,8.610279083251953,95008949
XLF,2012-01-17,11.23476791381836,11.34849739074707,11.09666919708252,11.137287139892578,8.54175090789795,89019642
XLF,2012-01-18,11.112915992736816,11.324127197265625,11.06417465209961,11.307880401611328,8.672581672668457,118473902
XLF,2012-01-19,11.421607971191406,11.4541015625,11.364744186401367,11.413484573364258,8.753579139709473,131377244
XLF,2012-01-20,11.372867584228516,11.502842903137207,11.340373992919922,11.48659610748291,8.809648513793945,114827311
XLF,2012-01-23,11.494720458984375,11.608448028564453,11.4541015625,11.527214050292969,8.840801239013672,99325943
XLF,2012-01-24,11.413484573364258,11.527214050292969,11.356620788574219,11.510967254638672,8.828339576721191,80650073
XLF,2012-01-25,11.445979118347168,11.567831039428711,11.40536117553711,11.535337448120117,8.84703254699707,103761975
XLF,2012-01-26,11.592201232910156,11.649065971374512,11.372867584228516,11.437854766845703,8.772269248962402,104215475
XLF,2012-01-27,11.372867584228516,11.519089698791504,11.356620788574219,11.478472709655762,8.80341625213623,103542364
XLF,2012-01-30,11.34849739074707,11.397237777709961,11.275385856628418,11.372867584228516,8.722426414489746,71714490
XLF,2012-01-31,11.445979118347168,11.462225914001465,11.340373992919922,11.421607971191406,8.759808540344238,82584343
XLF,2012-02-01,11.519089698791504,11.681559562683105,11.519089698791504,11.600324630737305,8.896872520446777,87912357
XLF,2012-02-02,11.640941619873047,11.70592975616455,11.575955390930176,11.65718936920166,8.940485000610352,65660186
XLF,2012-02-03,11.852152824401855,11.974004745483398,11.835906028747559,11.974004745483398,9.183469772338867,106830735
XLF,2012-02-06,11.900894165039062,11.925264358520508,11.844029426574707,11.91714096069336,9.13985824584961,55279655
XLF,2012-02-07,11.868399620056152,11.949633598327637,11.819659233093262,11.909016609191895,9.133624076843262,56189611
XLF,2012-02-08,11.925264358520508,11.998374938964844,11.884647369384766,11.998374938964844,9.202160835266113,66141999
XLF,2012-02-09,12.04711627960205,12.071487426757812,11.884647369384766,11.949633598327637,9.164773941040039,95860801
XLF,2012-02-10,11.819659233093262,11.852152824401855,11.770917892456055,11.835906028747559,9.07755184173584,79561623
XLF,2012-02-13,11.96588134765625,11.982128143310547,11.909016609191895,11.941511154174805,9.158544540405273,57901562
XLF,2012-02-14,11.884647369384766,11.892769813537598,11.714054107666016,11.827781677246094,9.071321487426758,99205059
XLF,2012-02-15,11.860276222229004,11.91714096069336,11.722176551818848,11.754671096801758,9.015252113342285,93529534
XLF,2012-02-16,11.730300903320312,11.941511154174805,11.689682960510254,11.941511154174805,9.158544540405273,96074380
XLF,2012-02-17,11.974004745483398,12.030868530273438,11.949633598327637,12.01462173461914,9.214617729187012,75672648
XLF,2012-02-21,12.022746086120605,12.079609870910645,11.957757949829102,12.006499290466309,9.208389282226562,78483021
XLF,2012-02-22,11.949633598327637,11.990251541137695,11.844029426574707,11.852152824401855,9.09001636505127,91890457
XLF,2012-02-23,11.852152824401855,11.957757949829102,11.811534881591797,11.957757949829102,9.171009063720703,63968915
XLF,2012-02-24,11.982128143310547,11.998374938964844,11.884647369384766,11.91714096069336,9.13985824584961,63090473
XLF,2012-02-27,11.811534881591797,12.038992881774902,11.76279354095459,12.006499290466309,9.208389282226562,76146583
XLF,2012-02-28,12.030868530273438,12.071487426757812,11.949633598327637,12.038992881774902,9.23331356048584,64479411
XLF,2012-02-29,12.04711627960205,12.152721405029297,11.957757949829102,11.990251541137695,9.195926666259766,115620690
XLF,2012-03-01,12.022746086120605,12.160844802856445,12.01462173461914,12.120226860046387,9.295613288879395,81546487
XLF,2012-03-02,12.120226860046387,12.152721405029297,12.063363075256348,12.079609870910645,9.264463424682617,58846847
XLF,2012-03-05,12.04711627960205,12.04711627960205,11.96588134765625,12.030868530273438,9.227081298828125,63542127
XLF,2012-03-06,11.844029426574707,11.8765230178833,11.697807312011719,11.738424301147461,9.002790451049805,115379168
XLF,2012-03-07,11.787164688110352,11.900894165039062,11.76279354095459,11.884647369384766,9.114936828613281,82887662
XLF,2012-03-08,11.96588134765625,12.022746086120605,11.900894165039062,11.998374938964844,9.202160835266113,84296787
XLF,2012-03-09,12.038992881774902,12.160844802856445,12.01462173461914,12.095856666564941,9.276925086975098,91179308
XLF,2012-03-12,12.095856666564941,12.103981018066406,11.974004745483398,12.063363075256348,9.251999855041504,69292990
XLF,2012-03-13,12.160844802856445,12.542648315429688,12.144598007202148,12.526400566101074,9.60712718963623,226592263
XLF,2012-03-14,12.550771713256836,12.591388702392578,12.412672996520996,12.542648315429688,9.619587898254395,160538280
XLF,2012-03-15,12.591388702392578,12.78635311126709,12.485783576965332,12.761981964111328,9.78780746459961,162857361
XLF,2012-03-16,12.778228759765625,12.802599906921387,12.696993827819824,12.770106315612793,9.82530689239502,102174477
XLF,2012-03-19,12.770106315612793,12.973193168640137,12.721364974975586,12.835092544555664,9.875308990478516,139045389
XLF,2012-03-20,12.75385856628418,12.932575225830078,12.729488372802734,12.900080680847168,9.925312042236328,108827047
XLF,2012-03-21,12.948822021484375,12.95694637298584,12.810723304748535,12.843216896057129,9.881564140319824,93343529
XLF,2012-03-22,12.721364974975586,12.761981964111328,12.61575984954834,12.672623634338379,9.750303268432617,130459287
XLF,2012-03-23,12.648253440856934,12.794475555419922,12.56701946258545,12.778228759765625,9.831555366516113,90967946
XLF,2012-03-26,12.900080680847168,12.981315612792969,12.851340293884277,12.981315612792969,9.987814903259277,95005010
XLF,2012-03-27,12.965068817138672,13.005685806274414,12.843216896057129,12.859463691711426,9.894060134887695,104557816
XLF,2012-03-28,12.859463691711426,12.92445182800293,12.745735168457031,12.891958236694336,9.919063568115234,129709978
XLF,2012-03-29,12.794475555419922,12.826970100402832,12.648253440856934,12.761981964111328,9.81905746459961,126585577
XLF,2012-03-30,12.843216896057129,12.851340293884277,12.713240623474121,12.835092544555664,9.875308990478516,73690122
XLF,2012-04-02,12.778228759765625,12.989439010620117,12.75385856628418,12.932575225830078,9.950311660766602,110200843
XLF,2012-04-03,12.900080680847168,12.92445182800293,12.745735168457031,12.859463691711426,9.894060134887695,129060871
XLF,2012-04-04,12.713240623474121,12.745735168457031,12.599513053894043,12.656376838684082,9.737805366516113,104199472
XLF,2012-04-05,12.591388702392578,12.705118179321289,12.56701946258545,12.623883247375488,9.71280574798584,71652078
XLF,2012-04-09,12.380179405212402,12.49390697479248,12.347684860229492,12.428919792175293,9.562800407409668,109181083
XLF,2012-04-10,12.412672996520996,12.469536781311035,12.144598007202148,12.160844802856445,9.35654354095459,145531651
XLF,2012-04-11,12.331438064575195,12.404548645019531,12.298944473266602,12.35580825805664,9.506547927856445,91447666
XLF,2012-04-12,12.388301849365234,12.599513053894043,12.347684860229492,12.583266258239746,9.681553840637207,107650211
XLF,2012-04-13,12.558895111083984,12.558895111083984,12.266449928283691,12.290820121765137,9.456544876098633,114048334
XLF,2012-04-16,12.404548645019531,12.461413383483887,12.274574279785156,12.380179405212402,9.525300025939941,138138881
XLF,2012-04-17,12.49390697479248,12.591388702392578,12.428919792175293,12.542648315429688,9.650300979614258,81803766
XLF,2012-04-18,12.461413383483887,12.56701946258545,12.44516658782959,12.461413383483887,9.587801933288574,65399829
XLF,2012-04-19,12.534524917602539,12.534524917602539,12.315191268920898,12.404548645019531,9.544049263000488,131280980
XLF,2012-04-20,12.461413383483887,12.461413383483887,12.331438064575195,12.339561462402344,9.494048118591309,68882944
XLF,2012-04-23,12.144598007202148,12.258326530456543,12.120226860046387,12.250203132629395,9.42529582977295,91121944
XLF,2012-04-24,12.258326530456543,12.388301849365234,12.258326530456543,12.388301849365234,9.531551361083984,76151999
XLF,2012-04-25,12.477660179138184,12.526400566101074,12.380179405212402,12.49390697479248,9.612801551818848,91385378
XLF,2012-04-26,12.453289985656738,12.63200569152832,12.44516658782959,12.599513053894043,9.694052696228027,58432862
XLF,2012-04-27,12.656376838684082,12.66450023651123,12.518278121948242,12.607636451721191,9.700304985046387,59668663
XLF,2012-04-30,12.558895111083984,12.583266258239746,12.453289985656738,12.534524917602539,9.644052505493164,71007527
XLF,2012-05-01,12.534524917602539,12.761981964111328,12.518278121948242,12.66450023651123,9.744053840637207,103766530
XLF,2012-05-02,12.575141906738281,12.599513053894043,12.469536781311035,12.56701946258545,9.669052124023438,69602094
XLF,2012-05-03,12.575141906738281,12.583266258239746,12.412672996520996,12.461413383483887,9.587801933288574,104392985
XLF,2012-05-04,12.363931655883789,12.404548645019531,12.217708587646484,12.266449928283691,9.437795639038086,95088718
XLF,2012-05-07,12.18521499633789,12.380179405212402,12.18521499633789,12.339561462402344,9.494048118591309,101873252
XLF,2012-05-08,12.250203132629395,12.315191268920898,12.144598007202148,12.258326530456543,9.43154525756836,100957018
XLF,2012-05-09,12.103981018066406,12.209586143493652,12.022746086120605,12.120226860046387,9.325297355651855,116092656
XLF,2012-05-10,12.274574279785156,12.298944473266602,12.144598007202148,12.168968200683594,9.362792015075684,79928091
XLF,2012-05-11,11.909016609191895,12.144598007202148,11.892769813537598,12.030868530273438,9.256539344787598,123047067
XLF,2012-05-14,11.860276222229004,11.91714096069336,11.779041290283203,11.787164688110352,9.069032669067383,112880977
XLF,2012-05-15,11.7952880859375,11.868399620056152,11.697807312011719,11.722176551818848,9.019038200378418,122145975
XLF,2012-05-16,11.803412437438965,11.860276222229004,11.543460845947266,11.551584243774414,8.887779235839844,143225373
XLF,2012-05-17,11.535337448120117,11.551584243774414,11.307880401611328,11.31600284576416,8.706522941589355,190024423
XLF,2012-05-18,11.356620788574219,11.356620788574219,11.14540958404541,11.186027526855469,8.606522560119629,151363760
XLF,2012-05-21,11.23476791381836,11.364744186401367,11.129162788391113,11.291632652282715,8.68777084350586,106559053
XLF,2012-05-22,11.364744186401367,11.567831039428711,11.299756050109863,11.380990982055664,8.756522178649902,121446767
XLF,2012-05-23,11.275385856628418,11.445979118347168,11.169780731201172,11.421607971191406,8.787776947021484,137010300
XLF,2012-05-24,11.478472709655762,11.494720458984375,11.307880401611328,11.429732322692871,8.794028282165527,99869922
XLF,2012-05-25,11.413484573364258,11.48659610748291,11.356620788574219,11.389115333557129,8.762775421142578,51386864
XLF,2012-05-29,11.502842903137207,11.559707641601562,11.445979118347168,11.551584243774414,8.887779235839844,90323886
XLF,2012-05-30,11.421607971191406,11.437854766845703,11.283509254455566,11.283509254455566,8.681524276733398,104857811
XLF,2012-05-31,11.307880401611328,11.478472709655762,11.194150924682617,11.380990982055664,8.756522178649902,110352133
XLF,2012-06-01,11.161657333374023,11.17790412902832,10.950447082519531,10.958569526672363,8.431509971618652,124009217
XLF,2012-06-04,11.00731086730957,11.00731086730957,10.804224014282227,10.852965354919434,8.350264549255371,97012771
XLF,2012-06-05,10.828595161437988,11.056052207946777,10.820470809936523,11.031682014465332,8.48776912689209,123895103
XLF,2012-06-06,11.14540958404541,11.364744186401367,11.09666919708252,11.356620788574219,8.737773895263672,120034933
XLF,2012-06-07,11.527214050292969,11.567831039428711,11.31600284576416,11.34849739074707,8.731520652770996,114277300
XLF,2012-06-08,11.307880401611328,11.48659610748291,11.226645469665527,11.48659610748291,8.837775230407715,74612757
XLF,2012-06-11,11.632819175720215,11.640941619873047,11.259139060974121,11.275385856628418,8.675270080566406,126832761
XLF,2012-06-12,11.299756050109863,11.4541015625,11.202275276184082,11.445979118347168,8.806525230407715,105210246
XLF,2012-06-13,11.389115333557129,11.559707641601562,11.34849739074707,11.40536117553711,8.775273323059082,118488551
XLF,2012-06-14,11.429732322692871,11.600324630737305,11.397237777709961,11.543460845947266,8.881529808044434,127557943
XLF,2012-06-15,11.551584243774414,11.65718936920166,11.470349311828613,11.649065971374512,9.005875587463379,104497005
XLF,2012-06-18,11.575955390930176,11.681559562683105,11.527214050292969,11.584077835083008,8.955632209777832,83680426
XLF,2012-06-19,11.65718936920166,11.835906028747559,11.649065971374512,11.779041290283203,9.106361389160156,79604585
XLF,2012-06-20,11.803412437438965,11.884647369384766,11.689682960510254,11.803412437438965,9.125201225280762,108411585
XLF,2012-06-21,11.827781677246094,11.884647369384766,11.519089698791504,11.543460845947266,8.92423152923584,88837454
XLF,2012-06-22,11.62469482421875,11.689682960510254,11.584077835083008,11.649065971374512,9.005875587463379,55259836
XLF,2012-06-25,11.478472709655762,11.48659610748291,11.34849739074707,11.40536117553711,8.81746768951416,62777553
XLF,2012-06-26,11.4541015625,11.527214050292969,11.364744186401367,11.462225914001465,8.861433029174805,65826371
XLF,2012-06-27,11.519089698791504,11.640941619873047,11.4541015625,11.600324630737305,8.968194007873535,69296314
XLF,2012-06-28,11.478472709655762,11.600324630737305,11.389115333557129,11.592201232910156,8.961915016174316,85956791
XLF,2012-06-29,11.8765230178833,11.900894165039062,11.787164688110352,11.892769813537598,9.194283485412598,76394260
XLF,2012-07-02,11.949633598327637,11.982128143310547,11.819659233093262,11.96588134765625,9.250808715820312,75570598
XLF,2012-07-03,11.941511154174805,12.063363075256348,11.91714096069336,12.030868530273438,9.301048278808594,39736188
XLF,2012-07-05,11.974004745483398,11.974004745483398,11.835906028747559,11.852152824401855,9.162883758544922,54074506
XLF,2012-07-06,11.697807312011719,11.7952880859375,11.689682960510254,11.754671096801758,9.087525367736816,55147815
XLF,2012-07-09,11.722176551818848,11.779041290283203,11.673436164855957,11.738424301147461,9.074959754943848,45911499
XLF,2012-07-10,11.827781677246094,11.860276222229004,11.600324630737305,11.649065971374512,9.005875587463379,79133604
XLF,2012-07-11,11.65718936920166,11.787164688110352,11.640941619873047,11.74654769897461,9.0812406539917,97988216
XLF,2012-07-12,11.640941619873047,11.697807312011719,11.575955390930176,11.62469482421875,8.987034797668457,66861519
XLF,2012-07-13,11.681559562683105,11.96588134765625,11.681559562683105,11.949633598327637,9.238247871398926,95969252
XLF,2012-07-16,11.957757949829102,11.974004745483398,11.868399620056152,11.925264358520508,9.219408988952637,61542737
XLF,2012-07-17,12.006499290466309,12.006499290466309,11.803412437438965,11.990251541137695,9.269647598266602,77759685
XLF,2012-07-18,11.949633598327637,12.006499290466309,11.892769813537598,11.93338680267334,9.225689888000488,68192230
XLF,2012-07-19,11.949633598327637,11.982128143310547,11.811534881591797,11.860276222229004,9.16916275024414,61045906
XLF,2012-07-20,11.770917892456055,11.779041290283203,11.665312767028809,11.681559562683105,9.031000137329102,69130498
XLF,2012-07-23,11.462225914001465,11.616572380065918,11.445979118347168,11.584077835083008,8.955632209777832,72823006
XLF,2012-07-24,11.616572380065918,11.616572380065918,11.445979118347168,11.551584243774414,8.930516242980957,55617072
XLF,2012-07-25,11.616572380065918,11.65718936920166,11.527214050292969,11.592201232910156,8.961915016174316,55276209
XLF,2012-07-26,11.770917892456055,11.803412437438965,11.697807312011719,11.770917892456055,9.100080490112305,69291513
XLF,2012-07-27,11.852152824401855,12.063363075256348,11.7952880859375,11.990251541137695,9.269647598266602,85430785
XLF,2012-07-30,11.96588134765625,12.038992881774902,11.93338680267334,11.96588134765625,9.250808715820312,45241343
XLF,2012-07-31,11.925264358520508,11.96588134765625,11.884647369384766,11.909016609191895,9.2068452835083,57458525
XLF,2012-08-01,11.957757949829102,11.998374938964844,11.852152824401855,11.852152824401855,9.162883758544922,99654866
XLF,2012-08-02,11.74654769897461,11.844029426574707,11.649065971374512,11.76279354095459,9.09380054473877,78094271
XLF,2012-08-03,11.941511154174805,12.103981018066406,11.925264358520508,12.038992881774902,9.307332038879395,98849054
XLF,2012-08-06,12.112104415893555,12.177091598510742,12.071487426757812,12.08773422241211,9.345013618469238,50850271
XLF,2012-08-07,12.120226860046387,12.233956336975098,12.112104415893555,12.136473655700684,9.382691383361816,43945346
XLF,2012-08-08,12.08773422241211,12.18521499633789,12.079609870910645,12.136473655700684,9.382691383361816,32388964
XLF,2012-08-09,12.120226860046387,12.193339347839355,12.095856666564941,12.128351211547852,9.376411437988281,32552810
XLF,2012-08-10,12.08773422241211,12.160844802856445,12.0552396774292,12.136473655700684,9.382691383361816,21702038
XLF,2012-08-13,12.112104415893555,12.160844802856445,12.063363075256348,12.144598007202148,9.388973236083984,20176829
XLF,2012-08-14,12.217708587646484,12.233956336975098,12.103981018066406,12.128351211547852,9.376411437988281,28338974
XLF,2012-08-15,12.136473655700684,12.209586143493652,12.112104415893555,12.168968200683594,9.407814025878906,24638834
XLF,2012-08-16,12.209586143493652,12.282696723937988,12.136473655700684,12.250203132629395,9.470616340637207,40100933
XLF,2012-08-17,12.290820121765137,12.298944473266602,12.250203132629395,12.290820121765137,9.5020170211792,29729389
XLF,2012-08-20,12.282696723937988,12.331438064575195,12.258326530456543,12.32331371307373,9.527140617370605,31691726
XLF,2012-08-21,12.372055053710938,12.49390697479248,12.315191268920898,12.363931655883789,9.558539390563965,50864181
XLF,2012-08-22,12.32331371307373,12.3964262008667,12.274574279785156,12.347684860229492,9.545976638793945,57712973
XLF,2012-08-23,12.32331371307373,12.339561462402344,12.209586143493652,12.22583293914795,9.451774597167969,50210028
XLF,2012-08-24,12.177091598510742,12.331438064575195,12.160844802856445,12.290820121765137,9.5020170211792,33998620
XLF,2012-08-27,12.331438064575195,12.339561462402344,12.250203132629395,12.282696723937988,9.49573802947998,22600791
XLF,2012-08-28,12.242079734802246,12.339561462402344,12.22583293914795,12.266449928283691,9.483177185058594,27816907
XLF,2012-08-29,12.290820121765137,12.32331371307373,12.250203132629395,12.290820121765137,9.5020170211792,22826310
XLF,2012-08-30,12.233956336975098,12.266449928283691,12.160844802856445,12.22583293914795,9.451774597167969,31546837
XLF,2012-08-31,12.298944473266602,12.347684860229492,12.22583293914795,12.315191268920898,9.520856857299805,64889457
XLF,2012-09-04,12.290820121765137,12.347684860229492,12.242079734802246,12.315191268920898,9.520856857299805,36182168
XLF,2012-09-05,12.315191268920898,12.35580825805664,12.274574279785156,12.315191268920898,9.520856857299805,32883211
XLF,2012-09-06,12.380179405212402,12.61575984954834,12.380179405212402,12.607636451721191,9.74694538116455,64472271
XLF,2012-09-07,12.648253440856934,12.761981964111328,12.648253440856934,12.737611770629883,9.847434043884277,57754827
XLF,2012-09-10,12.721364974975586,12.761981964111328,12.623883247375488,12.63200569152832,9.765788078308105,52705757
XLF,2012-09-11,12.63200569152832,12.745735168457031,12.607636451721191,12.737611770629883,9.847434043884277,70453823
XLF,2012-09-12,12.802599906921387,12.851340293884277,12.75385856628418,12.78635311126709,9.885115623474121,62693107
XLF,2012-09-13,12.778228759765625,13.160032272338867,12.737611770629883,13.119415283203125,10.142605781555176,172620053
XLF,2012-09-14,13.225020408630371,13.354995727539062,13.184403419494629,13.225020408630371,10.224245071411133,150418352
XLF,2012-09-17,13.176279067993164,13.225020408630371,13.070673942565918,13.103167533874512,10.13004207611084,60313214
XLF,2012-09-18,13.054427146911621,13.086920738220215,12.997563362121582,13.038180351257324,10.079802513122559,81750341
XLF,2012-09-19,13.070673942565918,13.119415283203125,13.005685806274414,13.030056953430176,10.073521614074707,80701652
XLF,2012-09-20,12.908205032348633,12.965068817138672,12.843216896057129,12.95694637298584,10.016999244689941,81109728
XLF,2012-09-21,13.013810157775879,13.013810157775879,12.851340293884277,12.859463691711426,9.98294448852539,42195603
XLF,2012-09-24,12.770106315612793,12.92445182800293,12.770106315612793,12.867587089538574,9.989249229431152,46410423
XLF,2012-09-25,12.900080680847168,12.940698623657227,12.66450023651123,12.672623634338379,9.837897300720215,88561833
XLF,2012-09-26,12.63200569152832,12.656376838684082,12.550771713256836,12.591388702392578,9.774834632873535,64955438
XLF,2012-09-27,12.66450023651123,12.770106315612793,12.623883247375488,12.705118179321289,9.863125801086426,57130095
XLF,2012-09-28,12.656376838684082,12.737611770629883,12.607636451721191,12.66450023651123,9.831589698791504,56713893
XLF,2012-10-01,12.75385856628418,12.875711441040039,12.688871383666992,12.721364974975586,9.875739097595215,66024193
XLF,2012-10-02,12.802599906921387,12.802599906921387,12.688871383666992,12.745735168457031,9.89465618133545,54014310
XLF,2012-10-03,12.802599906921387,12.908205032348633,12.721364974975586,12.859463691711426,9.98294448852539,68035400
XLF,2012-10-04,12.932575225830078,13.070673942565918,12.908205032348633,13.054427146911621,10.134295463562012,95948941
XLF,2012-10-05,13.143786430358887,13.184403419494629,13.005685806274414,13.046303749084473,10.127989768981934,76084786
XLF,2012-10-08,12.981315612792969,13.06255054473877,12.965068817138672,13.038180351257324,10.121685028076172,36612525
XLF,2012-10-09,13.046303749084473,13.09504508972168,12.916328430175781,12.95694637298584,10.05862045288086,90105261
XLF,2012-10-10,12.948822021484375,13.005685806274414,12.875711441040039,12.948822021484375,10.052312850952148,76931837
XLF,2012-10-11,13.078798294067383,13.103167533874512,12.997563362121582,13.021932601928711,10.109070777893066,75143933
XLF,2012-10-12,12.908205032348633,12.989439010620117,12.802599906921387,12.843216896057129,9.970333099365234,91271141
XLF,2012-10-15,12.891958236694336,13.005685806274414,12.835092544555664,12.989439010620117,10.083842277526855,68673674
XLF,2012-10-16,13.054427146911621,13.127538681030273,13.030056953430176,13.070673942565918,10.146907806396484,94636818
XLF,2012-10-17,13.119415283203125,13.249390602111816,13.103167533874512,13.241267204284668,10.279340744018555,70444591
XLF,2012-10-18,13.208772659301758,13.31437873840332,13.192525863647461,13.26563835144043,10.298261642456055,63453495
XLF,2012-10-19,13.23314380645752,13.23314380645752,13.021932601928711,13.086920738220215,10.159523010253906,75531821
XLF,2012-10-22,13.070673942565918,13.119415283203125,12.965068817138672,13.086920738220215,10.159523010253906,129434726
XLF,2012-10-23,12.916328430175781,12.92445182800293,12.818845748901367,12.867587089538574,9.989249229431152,79617756
XLF,2012-10-24,12.948822021484375,12.973193168640137,12.851340293884277,12.867587089538574,9.989249229431152,64741983
XLF,2012-10-25,12.989439010620117,13.013810157775879,12.810723304748535,12.900080680847168,10.014474868774414,65027206
XLF,2012-10-26,12.883833885192871,12.908205032348633,12.745735168457031,12.835092544555664,9.964024543762207,69489581
XLF,2012-10-31,12.883833885192871,12.92445182800293,12.826970100402832,12.916328430175781,10.02708911895752,53059793
XLF,2012-11-01,12.932575225830078,13.078798294067383,12.908205032348633,13.078798294067383,10.153214454650879,72143001
XLF,2012-11-02,13.151908874511719,13.160032272338867,12.973193168640137,12.997563362121582,10.0901517868042,65960673
XLF,2012-11-05,12.95694637298584,12.997563362121582,12.835092544555664,12.973193168640137,10.071233749389648,54580447
XLF,2012-11-06,13.013810157775879,13.160032272338867,13.005685806274414,13.119415283203125,10.1847505569458,49350790
XLF,2012-11-07,12.932575225830078,12.948822021484375,12.656376838684082,12.680747032165527,9.844206809997559,143868817
XLF,2012-11-08,12.737611770629883,12.843216896057129,12.56701946258545,12.575141906738281,9.762224197387695,114104714
XLF,2012-11-09,12.518278121948242,12.729488372802734,12.502031326293945,12.591388702392578,9.774834632873535,95030861
XLF,2012-11-12,12.648253440856934,12.648253440856934,12.56701946258545,12.61575984954834,9.793752670288086,41658271
XLF,2012-11-13,12.518278121948242,12.696993827819824,12.49390697479248,12.526400566101074,9.724383354187012,63960298
XLF,2012-11-14,12.550771713256836,12.591388702392578,12.266449928283691,12.307066917419434,9.55411148071289,84265766
XLF,2012-11-15,12.307066917419434,12.428919792175293,12.274574279785156,12.331438064575195,9.573034286499023,85757861
XLF,2012-11-16,12.363931655883789,12.428919792175293,12.233956336975098,12.412672996520996,9.636093139648438,77888940
XLF,2012-11-19,12.591388702392578,12.66450023651123,12.583266258239746,12.648253440856934,9.818979263305664,64199481
XLF,2012-11-20,12.61575984954834,12.75385856628418,12.575141906738281,12.713240623474121,9.869430541992188,49879012
XLF,2012-11-21,12.721364974975586,12.737611770629883,12.640130043029785,12.713240623474121,9.869430541992188,32286422
XLF,2012-11-23,12.810723304748535,12.875711441040039,12.778228759765625,12.867587089538574,9.989249229431152,25337304
XLF,2012-11-26,12.802599906921387,12.826970100402832,12.737611770629883,12.818845748901367,9.951410293579102,37321089
XLF,2012-11-27,12.794475555419922,12.843216896057129,12.688871383666992,12.705118179321289,9.863125801086426,61359564
XLF,2012-11-28,12.63200569152832,12.770106315612793,12.534524917602539,12.75385856628418,9.900960922241211,58569995
XLF,2012-11-29,12.818845748901367,12.867587089538574,12.75385856628418,12.818845748901367,9.951410293579102,48775790
XLF,2012-11-30,12.810723304748535,12.859463691711426,12.75385856628418,12.802599906921387,9.938800811767578,36530910
XLF,2012-12-03,12.843216896057129,12.883833885192871,12.745735168457031,12.75385856628418,9.900960922241211,62742593
XLF,2012-12-04,12.75385856628418,12.78635311126709,12.656376838684082,12.721364974975586,9.875739097595215,48549409
XLF,2012-12-05,12.761981964111328,12.940698623657227,12.729488372802734,12.875711441040039,9.99555778503418,57255164
XLF,2012-12-06,12.883833885192871,12.92445182800293,12.843216896057129,12.916328430175781,10.02708911895752,42609219
XLF,2012-12-07,12.989439010620117,13.021932601928711,12.932575225830078,13.021932601928711,10.109070777893066,44538688
XLF,2012-12-10,12.981315612792969,13.030056953430176,12.940698623657227,12.989439010620117,10.083842277526855,59304164
XLF,2012-12-11,13.046303749084473,13.111291885375977,13.005685806274414,13.054427146911621,10.134295463562012,58723378
XLF,2012-12-12,13.111291885375977,13.225020408630371,13.078798294067383,13.111291885375977,10.17844009399414,68531370
XLF,2012-12-13,13.111291885375977,13.135662078857422,13.005685806274414,13.046303749084473,10.127989768981934,50848055
XLF,2012-12-14,13.030056953430176,13.054427146911621,12.981315612792969,12.997563362121582,10.0901517868042,43026404
XLF,2012-12-17,13.078798294067383,13.273760795593262,13.070673942565918,13.26563835144043,10.298261642456055,85069486
XLF,2012-12-18,13.338748931884766,13.476847648620605,13.290007591247559,13.460600852966309,10.449614524841309,86535115
XLF,2012-12-19,13.493095397949219,13.509342193603516,13.37124252319336,13.379365921020508,10.386549949645996,90697864
XLF,2012-12-20,13.395612716674805,13.566205978393555,13.387490272521973,13.566205978393555,10.531593322753906,76288517
XLF,2012-12-21,13.249390602111816,13.379365921020508,13.23314380645752,13.322502136230469,10.407218933105469,72313987
XLF,2012-12-24,13.257513999938965,13.330625534057617,13.249390602111816,13.298131942749023,10.388178825378418,29586100
XLF,2012-12-26,13.322502136230469,13.346872329711914,13.249390602111816,13.298131942749023,10.388178825378418,36545928
XLF,2012-12-27,13.322502136230469,13.346872329711914,13.070673942565918,13.249390602111816,10.350102424621582,54714996
XLF,2012-12-28,13.160032272338867,13.249390602111816,13.127538681030273,13.143786430358887,10.267605781555176,39480386
XLF,2012-12-31,13.127538681030273,13.330625534057617,13.09504508972168,13.31437873840332,10.400871276855469,73574162
XLF,2013-01-02,13.647440910339355,13.71242904663086,13.598699569702148,13.704304695129395,10.705471992492676,86126792
XLF,2013-01-03,13.704304695129395,13.728675842285156,13.631194114685059,13.688057899475098,10.692780494689941,59026942
XLF,2013-01-04,13.71242904663086,13.874897956848145,13.679935455322266,13.8505277633667,10.819698333740234,54822954
XLF,2013-01-07,13.826157569885254,13.834280967712402,13.736799240112305,13.818034172058105,10.794315338134766,44491664
XLF,2013-01-08,13.79366397857666,13.801787376403809,13.71242904663086,13.777417182922363,10.762585639953613,51457154
XLF,2013-01-09,13.809910774230957,13.88302230834961,13.71242904663086,13.761170387268066,10.749897003173828,59736737
XLF,2013-01-10,13.874897956848145,13.948010444641113,13.809910774230957,13.9317626953125,10.883158683776855,75427432
XLF,2013-01-11,13.899269104003906,13.907391548156738,13.809910774230957,13.899269104003906,10.857773780822754,52621188
XLF,2013-01-14,13.88302230834961,13.899269104003906,13.777417182922363,13.858652114868164,10.826044082641602,47142130
XLF,2013-01-15,13.79366397857666,13.9317626953125,13.769292831420898,13.915515899658203,10.870467185974121,51769213
XLF,2013-01-16,13.907391548156738,13.948010444641113,13.842405319213867,13.923639297485352,10.876809120178223,71678176
XLF,2013-01-17,13.9317626953125,13.96425724029541,13.874897956848145,13.915515899658203,10.870467185974121,69721255
XLF,2013-01-18,13.907391548156738,13.948010444641113,13.834280967712402,13.9317626953125,10.883158683776855,70050794
XLF,2013-01-22,13.907391548156738,14.061738014221191,13.907391548156738,14.061738014221191,10.984689712524414,52164733
XLF,2013-01-23,14.053614616394043,14.069862365722656,13.980504035949707,14.053614616394043,10.978342056274414,46065374
XLF,2013-01-24,14.094231605529785,14.207961082458496,14.061738014221191,14.126726150512695,11.03546142578125,82546675
XLF,2013-01-25,14.1917142868042,14.199837684631348,14.10235595703125,14.1917142868042,11.086227416992188,56354565
XLF,2013-01-28,14.207961082458496,14.216083526611328,14.077984809875488,14.134849548339844,11.041805267333984,38270928
XLF,2013-01-29,14.10235595703125,14.207961082458496,14.086109161376953,14.1917142868042,11.086227416992188,46096888
XLF,2013-01-30,14.159219741821289,14.18359088897705,14.094231605529785,14.126726150512695,11.03546142578125,39875044
XLF,2013-01-31,14.10235595703125,14.142972946166992,14.053614616394043,14.118602752685547,11.0291109085083,43701239
XLF,2013-02-01,14.1917142868042,14.346059799194336,14.1917142868042,14.305442810058594,11.175067901611328,71294104
XLF,2013-02-04,14.207961082458496,14.24045467376709,14.110479354858398,14.142972946166992,11.048149108886719,61435148
XLF,2013-02-05,14.216083526611328,14.329813003540039,14.1917142868042,14.281071662902832,11.15602970123291,58311731
XLF,2013-02-06,14.199837684631348,14.313566207885742,14.18359088897705,14.305442810058594,11.175067901611328,36912889
XLF,2013-02-07,14.337937355041504,14.3541841506958,14.151097297668457,14.264824867248535,11.143336296081543,62169070
XLF,2013-02-08,14.289196014404297,14.313566207885742,14.256702423095703,14.297319412231445,11.168723106384277,54945808
XLF,2013-02-11,14.297319412231445,14.386676788330078,14.27294921875,14.362306594848633,11.219488143920898,34986990
XLF,2013-02-12,14.378554344177246,14.49228286743164,14.329813003540039,14.476036071777344,11.308329582214355,68228421
XLF,2013-02-13,14.508529663085938,14.516653060913086,14.386676788330078,14.443541526794434,11.282947540283203,49634536
XLF,2013-02-14,14.386676788330078,14.500406265258789,14.370430946350098,14.49228286743164,11.321016311645508,38606376
XLF,2013-02-15,14.52477741241455,14.532899856567383,14.378554344177246,14.427294731140137,11.270254135131836,78615969
XLF,2013-02-19,14.476036071777344,14.573516845703125,14.459789276123047,14.565394401550293,11.378134727478027,54735061
XLF,2013-02-20,14.557271003723145,14.565394401550293,14.337937355041504,14.346059799194336,11.206798553466797,67902699
XLF,2013-02-21,14.32168960571289,14.32168960571289,14.175466537475586,14.232331275939941,11.117955207824707,64595863
XLF,2013-02-22,14.329813003540039,14.41104793548584,14.305442810058594,14.41104793548584,11.257559776306152,53303285
XLF,2013-02-25,14.500406265258789,14.500406265258789,14.0129976272583,14.02112102508545,10.952959060668945,88097007
XLF,2013-02-26,14.10235595703125,14.134849548339844,13.939886093139648,14.094231605529785,11.010074615478516,91502446
XLF,2013-02-27,14.069862365722656,14.346059799194336,14.061738014221191,14.313566207885742,11.181411743164062,77002374
XLF,2013-02-28,14.313566207885742,14.41104793548584,14.256702423095703,14.289196014404297,11.162375450134277,76742387
XLF,2013-03-01,14.18359088897705,14.370430946350098,14.10235595703125,14.329813003540039,11.194107055664062,63689232
XLF,2013-03-04,14.289196014404297,14.459789276123047,14.27294921875,14.451664924621582,11.28929328918457,44648986
XLF,2013-03-05,14.541024208068848,14.66287612915039,14.516653060913086,14.573516845703125,11.384479522705078,81640166
XLF,2013-03-06,14.679122924804688,14.727864265441895,14.606011390686035,14.670998573303223,11.460631370544434,81642628
XLF,2013-03-07,14.703493118286133,14.792851448059082,14.703493118286133,14.776603698730469,11.543126106262207,58971794
XLF,2013-03-08,14.865962982177734,14.882209777832031,14.71973991394043,14.817221641540527,11.574853897094727,75238474
XLF,2013-03-11,14.825345039367676,14.955321311950684,14.784728050231934,14.930950164794922,11.663700103759766,60897570
XLF,2013-03-12,14.914703369140625,14.930950164794922,14.809098243713379,14.849716186523438,11.600240707397461,40250869
XLF,2013-03-13,14.865962982177734,14.906579971313477,14.817221641540527,14.89033317565918,11.631967544555664,29836732
XLF,2013-03-14,14.947196960449219,15.012185096740723,14.922826766967773,14.987814903259277,11.708118438720703,82792382
XLF,2013-03-15,14.93907356262207,15.004061698913574,14.865962982177734,14.987814903259277,11.747597694396973,61508885
XLF,2013-03-18,14.792851448059082,14.906579971313477,14.760356903076172,14.841591835021973,11.63298511505127,50767302
XLF,2013-03-19,14.906579971313477,14.922826766967773,14.670998573303223,14.760356903076172,11.569313049316406,80060793
XLF,2013-03-20,14.841591835021973,14.89033317565918,14.817221641540527,14.85783863067627,11.64571762084961,77461167
XLF,2013-03-21,14.776603698730469,14.83346939086914,14.679122924804688,14.679122924804688,11.50564193725586,70564736
XLF,2013-03-22,14.760356903076172,14.792851448059082,14.687246322631836,14.768481254577637,11.57568359375,54333878
XLF,2013-03-25,14.825345039367676,14.865962982177734,14.646629333496094,14.727864265441895,11.54384708404541,61043567
XLF,2013-03-26,14.784728050231934,14.83346939086914,14.727864265441895,14.825345039367676,11.620250701904297,59791763
XLF,2013-03-27,14.71973991394043,14.768481254577637,14.670998573303223,14.75223445892334,11.562946319580078,39216336
XLF,2013-03-28,14.744110107421875,14.80097484588623,14.711617469787598,14.792851448059082,11.594781875610352,31685325
XLF,2013-04-01,14.784728050231934,14.841591835021973,14.670998573303223,14.71973991394043,11.537477493286133,27318475
XLF,2013-04-02,14.760356903076172,14.825345039367676,14.75223445892334,14.809098243713379,11.607514381408691,49287270
XLF,2013-04-03,14.817221641540527,14.817221641540527,14.508529663085938,14.565394401550293,11.416497230529785,109156340
XLF,2013-04-04,14.573516845703125,14.703493118286133,14.573516845703125,14.695369720458984,11.518375396728516,68118247
XLF,2013-04-05,14.459789276123047,14.670998573303223,14.435418128967285,14.646629333496094,11.480173110961914,73523198
XLF,2013-04-08,14.63038158416748,14.80097484588623,14.573516845703125,14.792851448059082,11.594781875610352,51458508
XLF,2013-04-09,14.83346939086914,14.930950164794922,14.776603698730469,14.83346939086914,11.626618385314941,62398898
XLF,2013-04-10,14.89033317565918,15.052803039550781,14.89033317565918,15.036556243896484,11.785796165466309,82560708
XLF,2013-04-11,15.044678688049316,15.150283813476562,14.995938301086426,15.069049835205078,11.811267852783203,60166233
XLF,2013-04-12,14.97156810760498,15.044678688049316,14.922826766967773,15.004061698913574,11.760329246520996,56836255
XLF,2013-04-15,14.979690551757812,15.052803039550781,14.670998573303223,14.687246322631836,11.512007713317871,88256176
XLF,2013-04-16,14.83346939086914,14.930950164794922,14.735986709594727,14.914703369140625,11.690289497375488,55160987
XLF,2013-04-17,14.776603698730469,14.792851448059082,14.516653060913086,14.638504981994629,11.473803520202637,97644397
XLF,2013-04-18,14.63038158416748,14.638504981994629,14.419171333312988,14.484159469604492,11.352826118469238,75975843
XLF,2013-04-19,14.532899856567383,14.695369720458984,14.516653060913086,14.687246322631836,11.512007713317871,66982034
XLF,2013-04-22,14.71973991394043,14.727864265441895,14.557271003723145,14.703493118286133,11.52474308013916,53919154
XLF,2013-04-23,14.817221641540527,14.979690551757812,14.80097484588623,14.97156810760498,11.734861373901367,92145028
XLF,2013-04-24,14.987814903259277,15.085296630859375,14.97156810760498,15.06092643737793,11.804903030395508,46441322
XLF,2013-04-25,15.117790222167969,15.239643096923828,15.085296630859375,15.150283813476562,11.874942779541016,44356254
XLF,2013-04-26,15.125913619995117,15.158408164978027,15.020309448242188,15.085296630859375,11.824003219604492,29434318
XLF,2013-04-29,15.150283813476562,15.174654960632324,15.085296630859375,15.150283813476562,11.874942779541016,36910920
XLF,2013-04-30,15.14216136932373,15.19902515411377,15.077173233032227,15.190901756286621,11.906779289245605,50558770
XLF,2013-05-01,15.16653060913086,15.182778358459473,15.012185096740723,15.020309448242188,11.773062705993652,49923082
XLF,2013-05-02,15.069049835205078,15.174654960632324,15.044678688049316,15.150283813476562,11.874942779541016,54011356
XLF,2013-05-03,15.304630279541016,15.385865211486816,15.288382530212402,15.312753677368164,12.00228500366211,50393078
XLF,2013-05-06,15.353370666503906,15.491470336914062,15.345248222351074,15.47522258758545,12.129630088806152,29340516
XLF,2013-05-07,15.532088279724121,15.605198860168457,15.442728996276855,15.556458473205566,12.193303108215332,48645304
XLF,2013-05-08,15.556458473205566,15.702680587768555,15.50771713256836,15.686433792114258,12.295182228088379,77939657
XLF,2013-05-09,15.694557189941406,15.694557189941406,15.532088279724121,15.572705268859863,12.206039428710938,46510750
XLF,2013-05-10,15.58895206451416,15.637693405151367,15.540210723876953,15.637693405151367,12.256979942321777,65637289
XLF,2013-05-13,15.613323211669922,15.718928337097168,15.572705268859863,15.686433792114258,12.295182228088379,38763821
XLF,2013-05-14,15.718928337097168,16.051990509033203,15.702680587768555,15.954508781433105,12.505303382873535,42067209
XLF,2013-05-15,15.954508781433105,16.141347885131836,15.913890838623047,16.100730895996094,12.619909286499023,58081658
XLF,2013-05-16,16.0682373046875,16.157594680786133,15.954508781433105,15.995125770568848,12.537135124206543,46165208
XLF,2013-05-17,16.0682373046875,16.214460372924805,16.06011390686035,16.206335067749023,12.702685356140137,59018818
XLF,2013-05-20,16.190088272094727,16.320064544677734,16.17384147644043,16.23883056640625,12.728157043457031,40420254
XLF,2013-05-21,16.271324157714844,16.360681533813477,16.2307071685791,16.279447555541992,12.759992599487305,44609840
XLF,2013-05-22,16.311941146850586,16.531274795532227,16.043867111206055,16.108854293823242,12.626276016235352,118123067
XLF,2013-05-23,15.881397247314453,16.092607498168945,15.832655906677246,16.01137351989746,12.549870491027832,73706248
XLF,2013-05-24,15.930137634277344,16.035743713378906,15.857027053833008,16.027620315551758,12.562604904174805,62105304
XLF,2013-05-28,16.2469539642334,16.33631134033203,16.11697769165039,16.190088272094727,12.689952850341797,58804501
XLF,2013-05-29,16.100730895996094,16.271324157714844,16.0682373046875,16.190088272094727,12.689952850341797,59443390
XLF,2013-05-30,16.214460372924805,16.441917419433594,16.18196678161621,16.385053634643555,12.842765808105469,68429074
XLF,2013-05-31,16.34443473815918,16.409423828125,16.108854293823242,16.11697769165039,12.632646560668945,73854091
XLF,2013-06-03,16.18196678161621,16.198213577270508,15.881397247314453,16.133224487304688,12.645378112792969,123404549
XLF,2013-06-04,16.157594680786133,16.2469539642334,15.946385383605957,15.9870023727417,12.530768394470215,77242788
XLF,2013-06-05,15.954508781433105,16.01949691772461,15.670186996459961,15.72705078125,12.32701587677002,108448023
XLF,2013-06-06,15.710803985595703,15.954508781433105,15.613323211669922,15.946385383605957,12.498931884765625,87829880
XLF,2013-06-07,16.035743713378906,16.2469539642334,15.9870023727417,16.222583770751953,12.71541976928711,65529331
XLF,2013-06-10,16.303817749023438,16.320064544677734,16.17384147644043,16.2307071685791,12.721786499023438,81226304
XLF,2013-06-11,16.0682373046875,16.133224487304688,15.938261985778809,15.962632179260254,12.511669158935547,86971873
XLF,2013-06-12,16.0682373046875,16.07636070251465,15.75954532623291,15.792038917541504,12.377955436706543,79029954
XLF,2013-06-13,15.783916473388672,16.108854293823242,15.743297576904297,16.092607498168945,12.613540649414062,85934756
XLF,2013-06-14,16.0682373046875,16.108854293823242,15.857027053833008,15.881397247314453,12.447998046875,54618855
XLF,2013-06-17,16.00324821472168,16.108854293823242,15.946385383605957,16.035743713378906,12.568970680236816,56877616
XLF,2013-06-18,16.051990509033203,16.18196678161621,16.035743713378906,16.141347885131836,12.651748657226562,42143039
XLF,2013-06-19,16.149471282958984,16.16571807861328,15.905768394470215,15.922015190124512,12.479830741882324,75429279
XLF,2013-06-20,15.775792121887207,15.832655906677246,15.515840530395508,15.580828666687012,12.212406158447266,126575852
XLF,2013-06-21,15.6458158493042,15.653940200805664,15.345248222351074,15.532088279724121,12.223275184631348,105462601
XLF,2013-06-24,15.33712387084961,15.41835880279541,15.093420028686523,15.255889892578125,12.005916595458984,96897057
XLF,2013-06-25,15.410236358642578,15.613323211669922,15.36961841583252,15.540210723876953,12.22966480255127,80205190
XLF,2013-06-26,15.686433792114258,15.751421928405762,15.597076416015625,15.694557189941406,12.351134300231934,82233016
XLF,2013-06-27,15.800162315368652,15.922015190124512,15.775792121887207,15.89764404296875,12.510956764221191,52961682
XLF,2013-06-28,15.840780258178711,15.873273849487305,15.710803985595703,15.800162315368652,12.434240341186523,63374219
XLF,2013-07-01,15.913890838623047,16.2469539642334,15.840780258178711,15.848902702331543,12.472599983215332,73513720
XLF,2013-07-02,15.857027053833008,16.027620315551758,15.792038917541504,15.865150451660156,12.485386848449707,74272877
XLF,2013-07-03,15.75954532623291,15.857027053833008,15.710803985595703,15.81640911102295,12.447028160095215,30829533
XLF,2013-07-05,15.995125770568848,16.100730895996094,15.889520645141602,16.100730895996094,12.670778274536133,46578332
XLF,2013-07-08,16.206335067749023,16.279447555541992,16.16571807861328,16.222583770751953,12.76667308807373,58673522
XLF,2013-07-09,16.320064544677734,16.368806838989258,16.206335067749023,16.360681533813477,12.87535285949707,93151001
XLF,2013-07-10,16.311941146850586,16.34443473815918,16.17384147644043,16.263200759887695,12.798637390136719,71055905
XLF,2013-07-11,16.482534408569336,16.482534408569336,16.29569435119629,16.41754722595215,12.9201021194458,74407918
XLF,2013-07-12,16.45816421508789,16.539398193359375,16.41754722595215,16.531274795532227,13.009601593017578,53045513
XLF,2013-07-15,16.63688087463379,16.645004272460938,16.50690460205078,16.604387283325195,13.06714153289795,32258971
XLF,2013-07-16,16.604387283325195,16.653127670288086,16.46628761291504,16.539398193359375,13.01599407196045,44604916
XLF,2013-07-17,16.5718936920166,16.661251068115234,16.531274795532227,16.612510681152344,13.073533058166504,46074484
XLF,2013-07-18,16.661251068115234,16.839967727661133,16.653127670288086,16.831844329833984,13.246143341064453,57946248
XLF,2013-07-19,16.823720932006836,16.839967727661133,16.73436164855957,16.839967727661133,13.25253677368164,40687012
XLF,2013-07-22,16.84809112548828,16.95369529724121,16.823720932006836,16.95369529724121,13.342036247253418,32787439
XLF,2013-07-23,17.002437591552734,17.002437591552734,16.872461318969727,16.888708114624023,13.290892601013184,37173861
XLF,2013-07-24,16.95369529724121,16.95369529724121,16.73436164855957,16.766855239868164,13.194994926452637,45179670
XLF,2013-07-25,16.726238250732422,16.791227340698242,16.62875747680664,16.783103942871094,13.207786560058594,46240669
XLF,2013-07-26,16.701868057250977,16.766855239868164,16.596263885498047,16.766855239868164,13.194994926452637,37870484
XLF,2013-07-29,16.73436164855957,16.73436164855957,16.580015182495117,16.645004272460938,13.099106788635254,35602736
XLF,2013-07-30,16.693744659423828,16.74248504638672,16.5881404876709,16.63688087463379,13.092713356018066,29564312
XLF,2013-07-31,16.645004272460938,16.79935073852539,16.620634078979492,16.645004272460938,13.099106788635254,56247221
XLF,2013-08-01,16.79935073852539,16.929325103759766,16.783103942871094,16.91307830810547,13.310072898864746,41956665
XLF,2013-08-02,16.896831512451172,16.921201705932617,16.84809112548828,16.90495491027832,13.303675651550293,38756558
XLF,2013-08-05,16.888708114624023,16.929325103759766,16.839967727661133,16.872461318969727,13.278104782104492,25892854
XLF,2013-08-06,16.839967727661133,16.85621452331543,16.701868057250977,16.718114852905273,13.15664005279541,31125712
XLF,2013-08-07,16.645004272460938,16.653127670288086,16.523151397705078,16.604387283325195,13.06714153289795,47522016
XLF,2013-08-08,16.693744659423828,16.74248504638672,16.523151397705078,16.645004272460938,13.099106788635254,53167013
XLF,2013-08-09,16.604387283325195,16.68562126159668,16.555646896362305,16.5881404876709,13.05435562133789,25617110
XLF,2013-08-12,16.51502799987793,16.5718936920166,16.46628761291504,16.523151397705078,13.003212928771973,33403185
XLF,2013-08-13,16.56376838684082,16.653127670288086,16.441917419433594,16.604387283325195,13.06714153289795,37451082
XLF,2013-08-14,16.580015182495117,16.661251068115234,16.531274795532227,16.539398193359375,13.01599407196045,37419446
XLF,2013-08-15,16.41754722595215,16.41754722595215,16.23883056640625,16.29569435119629,12.824209213256836,76359915
XLF,2013-08-16,16.263200759887695,16.376928329467773,16.2307071685791,16.263200759887695,12.798637390136719,40227972
XLF,2013-08-19,16.2307071685791,16.2469539642334,16.043867111206055,16.051990509033203,12.632421493530273,47041926
XLF,2013-08-20,16.084484100341797,16.2469539642334,16.01949691772461,16.206335067749023,12.753887176513672,52458696
XLF,2013-08-21,16.133224487304688,16.271324157714844,16.01949691772461,16.092607498168945,12.664383888244629,57591843
XLF,2013-08-22,16.157594680786133,16.303817749023438,16.141347885131836,16.279447555541992,12.811424255371094,39774718
XLF,2013-08-23,16.311941146850586,16.328187942504883,16.214460372924805,16.29569435119629,12.824209213256836,31125096
XLF,2013-08-26,16.320064544677734,16.360681533813477,16.190088272094727,16.190088272094727,12.741104125976562,36845430
XLF,2013-08-27,15.995125770568848,16.051990509033203,15.767668724060059,15.800162315368652,12.434240341186523,89691891
XLF,2013-08-28,15.75954532623291,15.930137634277344,15.718928337097168,15.824533462524414,12.453417778015137,63150423
XLF,2013-08-29,15.792038917541504,15.970754623413086,15.775792121887207,15.865150451660156,12.485386848449707,33458334
XLF,2013-08-30,15.873273849487305,15.905768394470215,15.743297576904297,15.792038917541504,12.427847862243652,32457777
XLF,2013-09-03,15.97887897491455,16.0682373046875,15.832655906677246,15.922015190124512,12.530135154724121,52539203
XLF,2013-09-04,15.938261985778809,16.11697769165039,15.89764404296875,16.043867111206055,12.626029968261719,38645768
XLF,2013-09-05,16.07636070251465,16.18196678161621,16.043867111206055,16.084484100341797,12.65799331665039,37273449
XLF,2013-09-06,16.17384147644043,16.18196678161621,15.905768394470215,16.084484100341797,12.65799331665039,48118067
XLF,2013-09-09,16.149471282958984,16.271324157714844,16.108854293823242,16.271324157714844,12.805030822753906,40325837
XLF,2013-09-10,16.40130043029785,16.490657806396484,16.39317512512207,16.46628761291504,12.958465576171875,45371583
XLF,2013-09-11,16.433794021606445,16.490657806396484,16.39317512512207,16.482534408569336,12.971242904663086,39921576
XLF,2013-09-12,16.46628761291504,16.490657806396484,16.34443473815918,16.360681533813477,12.87535285949707,42265400
XLF,2013-09-13,16.385053634643555,16.433794021606445,16.33631134033203,16.409423828125,12.913712501525879,36197555
XLF,2013-09-16,16.604387283325195,16.661251068115234,16.555646896362305,16.5881404876709,13.05435562133789,48338416
XLF,2013-09-17,16.612510681152344,16.669374465942383,16.580015182495117,16.669374465942383,13.118280410766602,42906382
XLF,2013-09-18,16.63688087463379,16.91307830810547,16.5881404876709,16.815597534179688,13.233358383178711,62847843
XLF,2013-09-19,16.888708114624023,16.90495491027832,16.718114852905273,16.750608444213867,13.182211875915527,49697070
XLF,2013-09-20,16.726238250732422,16.73436164855957,16.5718936920166,16.596263885498047,13.112256050109863,54032652
XLF,2013-09-23,16.498781204223633,16.51502799987793,16.33631134033203,16.360681533813477,12.926129341125488,62269273
XLF,2013-09-24,16.34443473815918,16.40130043029785,16.23883056640625,16.255077362060547,12.842696189880371,49559198
XLF,2013-09-25,16.279447555541992,16.39317512512207,16.198213577270508,16.34443473815918,12.913291931152344,48181217
XLF,2013-09-26,16.368806838989258,16.450040817260742,16.271324157714844,16.34443473815918,12.913291931152344,35533800
XLF,2013-09-27,16.2469539642334,16.328187942504883,16.214460372924805,16.28757095336914,12.868366241455078,60591420
XLF,2013-09-30,16.092607498168945,16.255077362060547,16.07636070251465,16.17384147644043,12.778512954711914,49069260
XLF,2013-10-01,16.198213577270508,16.320064544677734,16.18196678161621,16.28757095336914,12.868366241455078,50421391
XLF,2013-10-02,16.17384147644043,16.29569435119629,16.133224487304688,16.279447555541992,12.86194896697998,46893960
XLF,2013-10-03,16.23883056640625,16.263200759887695,16.027620315551758,16.157594680786133,12.765676498413086,57469112
XLF,2013-10-04,16.16571807861328,16.29569435119629,16.149471282958984,16.28757095336914,12.868366241455078,36588767
XLF,2013-10-07,16.149471282958984,16.206335067749023,16.084484100341797,16.100730895996094,12.720747947692871,35878480
XLF,2013-10-08,16.100730895996094,16.12510108947754,15.873273849487305,15.89764404296875,12.560295104980469,90449818
XLF,2013-10-09,15.938261985778809,16.01949691772461,15.824533462524414,15.954508781433105,12.605223655700684,96983596
XLF,2013-10-10,16.16571807861328,16.41754722595215,16.157594680786133,16.409423828125,12.964639663696289,94071174
XLF,2013-10-11,16.368806838989258,16.51502799987793,16.320064544677734,16.498781204223633,13.035236358642578,47829520
XLF,2013-10-14,16.39317512512207,16.604387283325195,16.368806838989258,16.580015182495117,13.099418640136719,45458737
XLF,2013-10-15,16.580015182495117,16.62875747680664,16.425670623779297,16.45816421508789,13.00314712524414,57169733
XLF,2013-10-16,16.5718936920166,16.823720932006836,16.56376838684082,16.80747413635254,13.279128074645996,92827371
XLF,2013-10-17,16.693744659423828,16.97806739807129,16.693744659423828,16.95369529724121,13.394654273986816,65763713
XLF,2013-10-18,17.002437591552734,17.02680778503418,16.880584716796875,16.986190795898438,13.420330047607422,51511564
XLF,2013-10-21,16.994314193725586,17.02680778503418,16.937448501586914,16.95369529724121,13.394654273986816,35925381
XLF,2013-10-22,17.02680778503418,17.091794967651367,16.961820602416992,16.986190795898438,13.420330047607422,38892953
XLF,2013-10-23,16.90495491027832,16.929325103759766,16.80747413635254,16.84809112548828,13.311217308044434,44094297
XLF,2013-10-24,16.90495491027832,16.90495491027832,16.791227340698242,16.872461318969727,13.330469131469727,34263777
XLF,2013-10-25,16.888708114624023,16.945573806762695,16.84809112548828,16.945573806762695,13.388235092163086,34527334
XLF,2013-10-28,16.937448501586914,16.945573806762695,16.872461318969727,16.90495491027832,13.356142044067383,26414798
XLF,2013-10-29,16.937448501586914,16.969942092895508,16.896831512451172,16.95369529724121,13.394654273986816,27109328
XLF,2013-10-30,16.97806739807129,17.002437591552734,16.831844329833984,16.888708114624023,13.343307495117188,43636119
XLF,2013-10-31,16.864337921142578,16.880584716796875,16.701868057250977,16.709991455078125,13.202109336853027,60161063
XLF,2013-11-01,16.709991455078125,16.774980545043945,16.661251068115234,16.750608444213867,13.234199523925781,41068991
XLF,2013-11-04,16.774980545043945,16.791227340698242,16.709991455078125,16.75873374938965,13.240619659423828,23064878
XLF,2013-11-05,16.701868057250977,16.73436164855957,16.645004272460938,16.669374465942383,13.17001724243164,31916014
XLF,2013-11-06,16.750608444213867,16.791227340698242,16.709991455078125,16.750608444213867,13.234199523925781,35278244
XLF,2013-11-07,16.79935073852539,16.823720932006836,16.555646896362305,16.56376838684082,13.086583137512207,55046504
XLF,2013-11-08,16.580015182495117,16.945573806762695,16.56376838684082,16.945573806762695,13.388235092163086,78709894
XLF,2013-11-11,16.945573806762695,16.986190795898438,16.880584716796875,16.95369529724121,13.394654273986816,28828050
XLF,2013-11-12,16.91307830810547,16.929325103759766,16.74248504638672,16.791227340698242,13.266291618347168,35299294
XLF,2013-11-13,16.718114852905273,17.002437591552734,16.693744659423828,16.937448501586914,13.381816864013672,52414257
XLF,2013-11-14,16.937448501586914,17.091794967651367,16.896831512451172,17.08367156982422,13.497344970703125,43016187
XLF,2013-11-15,17.099918365478516,17.181154251098633,17.067424774169922,17.164907455444336,13.561527252197266,45884171
XLF,2013-11-18,17.229894638061523,17.278635025024414,17.116165161132812,17.156782150268555,13.555109024047852,52683107
XLF,2013-11-19,17.164907455444336,17.270511627197266,17.132413864135742,17.181154251098633,13.574362754821777,35699492
XLF,2013-11-20,17.221771240234375,17.270511627197266,17.07554817199707,17.132413864135742,13.535849571228027,39271362
XLF,2013-11-21,17.181154251098633,17.400487899780273,17.173030853271484,17.376117706298828,13.728394508361816,45735589
XLF,2013-11-22,17.392364501953125,17.46547508239746,17.35987091064453,17.457351684570312,13.79257869720459,34106702
XLF,2013-11-25,17.51421546936035,17.554832458496094,17.449228286743164,17.481721878051758,13.811832427978516,34048598
XLF,2013-11-26,17.489845275878906,17.554832458496094,17.457351684570312,17.46547508239746,13.798999786376953,34307478
XLF,2013-11-27,17.506092071533203,17.53858757019043,17.46547508239746,17.51421546936035,13.837506294250488,19686029
XLF,2013-11-29,17.579204559326172,17.579204559326172,17.441104888916016,17.449228286743164,13.786158561706543,14792804
XLF,2013-12-02,17.47359848022461,17.57107925415039,17.392364501953125,17.441104888916016,13.779739379882812,37823829
XLF,2013-12-03,17.351747512817383,17.392364501953125,17.173030853271484,17.262388229370117,13.638542175292969,34143508
XLF,2013-12-04,17.18927764892578,17.384239196777344,17.156782150268555,17.30300521850586,13.670628547668457,53872745
XLF,2013-12-05,17.229894638061523,17.270511627197266,17.12428855895996,17.140535354614258,13.542269706726074,45227309
XLF,2013-12-06,17.3436222076416,17.42485809326172,17.262388229370117,17.376117706298828,13.728394508361816,37371314
XLF,2013-12-09,17.432981491088867,17.489845275878906,17.41673469543457,17.449228286743164,13.786158561706543,27234152
XLF,2013-12-10,17.408611297607422,17.489845275878906,17.384239196777344,17.384239196777344,13.734816551208496,37960839
XLF,2013-12-11,17.392364501953125,17.400487899780273,17.116165161132812,17.14866065979004,13.548693656921387,79264090
XLF,2013-12-12,17.140535354614258,17.229894638061523,17.108041763305664,17.14866065979004,13.548693656921387,48718056
XLF,2013-12-13,17.205524444580078,17.24614143371582,17.12428855895996,17.164907455444336,13.561527252197266,89187304
XLF,2013-12-16,17.238018035888672,17.311128616333008,17.238018035888672,17.270511627197266,13.644965171813965,84071637
XLF,2013-12-17,17.270511627197266,17.270511627197266,17.140535354614258,17.156782150268555,13.555109024047852,33255096
XLF,2013-12-18,17.213647842407227,17.57107925415039,17.059301376342773,17.554832458496094,13.869596481323242,122031246
XLF,2013-12-19,17.53046226501465,17.579204559326172,17.47359848022461,17.53046226501465,13.850340843200684,56205614
XLF,2013-12-20,17.481721878051758,17.603574752807617,17.47359848022461,17.554832458496094,13.934812545776367,81181865
XLF,2013-12-23,17.63606834411621,17.676685333251953,17.611698150634766,17.63606834411621,13.999296188354492,36429968
XLF,2013-12-24,17.668561935424805,17.676685333251953,17.619821548461914,17.668561935424805,14.0250883102417,9107923
XLF,2013-12-26,17.725425720214844,17.725425720214844,17.668561935424805,17.70918083190918,14.057336807250977,18352240
XLF,2013-12-27,17.717302322387695,17.725425720214844,17.668561935424805,17.7010555267334,14.050882339477539,14700479
XLF,2013-12-30,17.7010555267334,17.733549118041992,17.64419174194336,17.668561935424805,14.0250883102417,19989840
XLF,2013-12-31,17.7010555267334,17.76604461669922,17.69293212890625,17.757919311523438,14.096022605895996,22770053
XLF,2014-01-02,17.725425720214844,17.74167251586914,17.611698150634766,17.660438537597656,14.018645286560059,43679450
XLF,2014-01-03,17.6848087310791,17.839155197143555,17.676685333251953,17.782291412353516,14.115365982055664,30349074
XLF,2014-01-06,17.87164878845215,17.92038917541504,17.76604461669922,17.798538208007812,14.128267288208008,42798546
XLF,2014-01-07,17.896018981933594,17.896018981933594,17.749797821044922,17.80666160583496,14.13471508026123,58506229
XLF,2014-01-08,17.839155197143555,17.887895584106445,17.790414810180664,17.863525390625,14.179844856262207,44270453
XLF,2014-01-09,17.92038917541504,17.952884674072266,17.81478500366211,17.928512573242188,14.23143482208252,35872817
XLF,2014-01-10,17.92038917541504,17.944759368896484,17.81478500366211,17.896018981933594,14.205647468566895,44795967
XLF,2014-01-13,17.87164878845215,17.904142379760742,17.59545135498047,17.627944946289062,13.992849349975586,52459804
XLF,2014-01-14,17.725425720214844,17.798538208007812,17.63606834411621,17.774166107177734,14.108917236328125,38581263
XLF,2014-01-15,17.85540199279785,18.001625061035156,17.847278594970703,17.98537826538086,14.276578903198242,75928326
XLF,2014-01-16,17.93663787841797,17.944759368896484,17.831031799316406,17.87164878845215,14.186298370361328,57911287
XLF,2014-01-17,17.896018981933594,17.928512573242188,17.774166107177734,17.81478500366211,14.141161918640137,70660016
XLF,2014-01-21,17.91226577758789,17.928512573242188,17.725425720214844,17.831031799316406,14.154054641723633,51099056
XLF,2014-01-22,17.863525390625,17.879772186279297,17.790414810180664,17.839155197143555,14.160504341125488,22301904
XLF,2014-01-23,17.757919311523438,17.76604461669922,17.46547508239746,17.546709060668945,13.92836856842041,64648058
XLF,2014-01-24,17.457351684570312,17.457351684570312,17.14866065979004,17.14866065979004,13.612397193908691,86803719
XLF,2014-01-27,17.173030853271484,17.25426483154297,16.945573806762695,17.043054580688477,13.528573989868164,79350014
XLF,2014-01-28,17.132413864135742,17.286758422851562,17.116165161132812,17.270511627197266,13.709123611450195,43538500
XLF,2014-01-29,17.08367156982422,17.238018035888672,17.02680778503418,17.067424774169922,13.547913551330566,79334380
XLF,2014-01-30,17.221771240234375,17.3436222076416,17.164907455444336,17.311128616333008,13.741366386413574,56607904
XLF,2014-01-31,17.051177978515625,17.270511627197266,17.01868438720703,17.108041763305664,13.580158233642578,65974214
XLF,2014-02-03,17.091794967651367,17.132413864135742,16.653127670288086,16.67749786376953,13.238395690917969,129496030
XLF,2014-02-04,16.75873374938965,16.929325103759766,16.701868057250977,16.839967727661133,13.367365837097168,67895066
XLF,2014-02-05,16.815597534179688,16.880584716796875,16.701868057250977,16.823720932006836,13.35446548461914,58062823
XLF,2014-02-06,16.85621452331543,17.091794967651367,16.84809112548828,17.08367156982422,13.560810089111328,49232368
XLF,2014-02-07,17.156782150268555,17.311128616333008,17.099918365478516,17.29488182067871,13.728466033935547,63056129
XLF,2014-02-10,17.30300521850586,17.327375411987305,17.213647842407227,17.311128616333008,13.741366386413574,53244320
XLF,2014-02-11,17.36799430847168,17.53858757019043,17.286758422851562,17.489845275878906,13.883223533630371,46243500
XLF,2014-02-12,17.51421546936035,17.57107925415039,17.42485809326172,17.489845275878906,13.883223533630371,47764154
XLF,2014-02-13,17.335500717163086,17.562957763671875,17.335500717163086,17.554832458496094,13.934812545776367,39783458
XLF,2014-02-14,17.53046226501465,17.59545135498047,17.497968673706055,17.579204559326172,13.9541597366333,37421046
XLF,2014-02-18,17.59545135498047,17.64419174194336,17.53046226501465,17.611698150634766,13.979954719543457,26168844
XLF,2014-02-19,17.554832458496094,17.660438537597656,17.35987091064453,17.36799430847168,13.786503791809082,78908823
XLF,2014-02-20,17.384239196777344,17.457351684570312,17.286758422851562,17.41673469543457,13.825193405151367,39164019
XLF,2014-02-21,17.449228286743164,17.51421546936035,17.384239196777344,17.449228286743164,13.850985527038574,53100785
XLF,2014-02-24,17.457351684570312,17.668561935424805,17.449228286743164,17.579204559326172,13.9541597366333,51914224
XLF,2014-02-25,17.57107925415039,17.579204559326172,17.432981491088867,17.47359848022461,13.870331764221191,49380703
XLF,2014-02-26,17.51421546936035,17.53046226501465,17.35987091064453,17.449228286743164,13.850985527038574,52231699
XLF,2014-02-27,17.42485809326172,17.546709060668945,17.36799430847168,17.53858757019043,13.921917915344238,47711837
XLF,2014-02-28,17.546709060668945,17.725425720214844,17.51421546936035,17.627944946289062,13.992849349975586,69264062
XLF,2014-03-03,17.46547508239746,17.51421546936035,17.376117706298828,17.489845275878906,13.883223533630371,61089483
XLF,2014-03-04,17.69293212890625,17.847278594970703,17.660438537597656,17.847278594970703,14.166949272155762,61500268
XLF,2014-03-05,17.85540199279785,18.03411865234375,17.81478500366211,18.03411865234375,14.315264701843262,58700112
XLF,2014-03-06,18.03411865234375,18.13159942626953,18.0259952545166,18.09098243713379,14.360404014587402,53457898
XLF,2014-03-07,18.2047119140625,18.269699096679688,18.099105834960938,18.172218322753906,14.424887657165527,81544764
XLF,2014-03-10,18.13159942626953,18.277822494506836,18.066612243652344,18.180341720581055,14.431336402893066,29071542
XLF,2014-03-11,18.2047119140625,18.220958709716797,18.017871856689453,18.058488845825195,14.334609985351562,55578050
XLF,2014-03-12,17.944759368896484,18.03411865234375,17.896018981933594,18.0259952545166,14.308817863464355,39319248
XLF,2014-03-13,18.08285903930664,18.107229232788086,17.782291412353516,17.822908401489258,14.147611618041992,70116160
XLF,2014-03-14,17.757919311523438,17.904142379760742,17.69293212890625,17.70918083190918,14.057336807250977,54433958
XLF,2014-03-17,17.85540199279785,17.96100616455078,17.839155197143555,17.896018981933594,14.205647468566895,46338656
XLF,2014-03-18,17.944759368896484,18.001625061035156,17.91226577758789,17.98537826538086,14.276578903198242,44158186
XLF,2014-03-19,18.001625061035156,18.107229232788086,17.847278594970703,17.97725486755371,14.270127296447754,69971394
XLF,2014-03-20,17.944759368896484,18.30219268798828,17.944759368896484,18.26157569885254,14.495816230773926,112214267
XLF,2014-03-21,18.318439483642578,18.399675369262695,18.172218322753906,18.19658851623535,14.497759819030762,82702027
XLF,2014-03-24,18.25345230102539,18.30219268798828,18.08285903930664,18.188465118408203,14.491291046142578,68496287
XLF,2014-03-25,18.245328903198242,18.277822494506836,18.08285903930664,18.172218322753906,14.478344917297363,42096507
XLF,2014-03-26,18.277822494506836,18.285945892333984,17.98537826538086,17.98537826538086,14.329483032226562,62505872
XLF,2014-03-27,17.944759368896484,18.0259952545166,17.790414810180664,17.887895584106445,14.251818656921387,81009033
XLF,2014-03-28,17.93663787841797,18.074735641479492,17.896018981933594,17.96100616455078,14.310060501098633,48922771
XLF,2014-03-31,18.09098243713379,18.2047119140625,18.074735641479492,18.147846221923828,14.458928108215332,41048557
XLF,2014-04-01,18.19658851623535,18.237205505371094,18.13159942626953,18.180341720581055,14.484820365905762,51651775
XLF,2014-04-02,18.19658851623535,18.26157569885254,18.164094924926758,18.220958709716797,14.517180442810059,44565278
XLF,2014-04-03,18.237205505371094,18.26157569885254,18.13159942626953,18.188465118408203,14.491291046142578,46626833
XLF,2014-04-04,18.285945892333984,18.32656478881836,17.993501663208008,18.009748458862305,14.34890079498291,60202301
XLF,2014-04-07,17.993501663208008,18.001625061035156,17.717302322387695,17.733549118041992,14.128846168518066,72897112
XLF,2014-04-08,17.749797821044922,17.798538208007812,17.611698150634766,17.757919311523438,14.148265838623047,56290676
XLF,2014-04-09,17.81478500366211,17.928512573242188,17.725425720214844,17.91226577758789,14.271236419677734,44907126
XLF,2014-04-10,17.928512573242188,17.928512573242188,17.489845275878906,17.497968673706055,13.94115161895752,94458692
XLF,2014-04-11,17.29488182067871,17.497968673706055,17.213647842407227,17.286758422851562,13.772875785827637,98050873
XLF,2014-04-14,17.489845275878906,17.51421546936035,17.24614143371582,17.42485809326172,13.882901191711426,69247689
XLF,2014-04-15,17.46547508239746,17.619821548461914,17.335500717163086,17.587326049804688,14.01234245300293,103855038
XLF,2014-04-16,17.668561935424805,17.733549118041992,17.562957763671875,17.725425720214844,14.122369766235352,49363100
XLF,2014-04-17,17.749797821044922,17.798538208007812,17.668561935424805,17.757919311523438,14.148265838623047,58956037
XLF,2014-04-21,17.76604461669922,17.782291412353516,17.7010555267334,17.74167251586914,14.135313987731934,37683618
XLF,2014-04-22,17.76604461669922,17.91226577758789,17.7010555267334,17.863525390625,14.232399940490723,33032777
XLF,2014-04-23,17.847278594970703,17.92038917541504,17.822908401489258,17.904142379760742,14.264759063720703,32197667
XLF,2014-04-24,17.98537826538086,17.98537826538086,17.822908401489258,17.896018981933594,14.25829029083252,36918798
XLF,2014-04-25,17.85540199279785,17.87164878845215,17.717302322387695,17.749797821044922,14.141789436340332,35205738
XLF,2014-04-28,17.749797821044922,17.798538208007812,17.47359848022461,17.64419174194336,14.057646751403809,54068967
XLF,2014-04-29,17.6848087310791,17.822908401489258,17.668561935424805,17.81478500366211,14.193567276000977,34182162
XLF,2014-04-30,17.76604461669922,17.879772186279297,17.749797821044922,17.839155197143555,14.212983131408691,46774307
XLF,2014-05-01,17.839155197143555,17.896018981933594,17.782291412353516,17.87164878845215,14.238874435424805,33615533
XLF,2014-05-02,17.879772186279297,18.0259952545166,17.822908401489258,17.863525390625,14.232399940490723,34600209
XLF,2014-05-05,17.7010555267334,17.80666160583496,17.63606834411621,17.790414810180664,14.174150466918945,23206197
XLF,2014-05-06,17.74167251586914,17.74167251586914,17.53858757019043,17.53858757019043,13.973508834838867,73906286
XLF,2014-05-07,17.627944946289062,17.790414810180664,17.579204559326172,17.774166107177734,14.161208152770996,50411420
XLF,2014-05-08,17.749797821044922,17.92038917541504,17.749797821044922,17.822908401489258,14.20003890991211,35858291
XLF,2014-05-09,17.81478500366211,17.839155197143555,17.7010555267334,17.81478500366211,14.193567276000977,29373014
XLF,2014-05-12,17.904142379760742,18.001625061035156,17.863525390625,17.993501663208008,14.335960388183594,25643084
XLF,2014-05-13,18.001625061035156,18.050365447998047,17.952884674072266,17.97725486755371,14.32301139831543,28989311
XLF,2014-05-14,17.96100616455078,17.97725486755371,17.81478500366211,17.847278594970703,14.219456672668457,31432723
XLF,2014-05-15,17.76604461669922,17.790414810180664,17.51421546936035,17.64419174194336,14.057646751403809,49008449
XLF,2014-05-16,17.652315139770508,17.668561935424805,17.53046226501465,17.668561935424805,14.077066421508789,41206002
XLF,2014-05-19,17.619821548461914,17.774166107177734,17.611698150634766,17.757919311523438,14.148265838623047,24674780
XLF,2014-05-20,17.725425720214844,17.76604461669922,17.587326049804688,17.652315139770508,14.064118385314941,24000561
XLF,2014-05-21,17.717302322387695,17.839155197143555,17.70918083190918,17.76604461669922,14.154732704162598,39055814
XLF,2014-05-22,17.790414810180664,17.879772186279297,17.74167251586914,17.847278594970703,14.219456672668457,22555244
XLF,2014-05-23,17.87164878845215,17.91226577758789,17.831031799316406,17.904142379760742,14.264759063720703,20383390
XLF,2014-05-27,17.944759368896484,18.13159942626953,17.944759368896484,18.058488845825195,14.387733459472656,28444963
XLF,2014-05-28,18.017871856689453,18.074735641479492,17.98537826538086,18.0259952545166,14.36184310913086,40448075
XLF,2014-05-29,18.066612243652344,18.08285903930664,17.98537826538086,18.066612243652344,14.394204139709473,18361350
XLF,2014-05-30,18.0259952545166,18.123477935791016,18.017871856689453,18.107229232788086,14.426569938659668,33521607
XLF,2014-06-02,18.123477935791016,18.172218322753906,18.03411865234375,18.15597152709961,14.465401649475098,24982776
XLF,2014-06-03,18.107229232788086,18.180341720581055,18.074735641479492,18.180341720581055,14.484820365905762,19306758
XLF,2014-06-04,18.123477935791016,18.245328903198242,18.123477935791016,18.229082107543945,14.523651123046875,24081684
XLF,2014-06-05,18.26157569885254,18.407798767089844,18.180341720581055,18.399675369262695,14.659567832946777,38203470
XLF,2014-06-06,18.448415756225586,18.5458984375,18.415922164916992,18.521526336669922,14.756645202636719,36753598
XLF,2014-06-09,18.529651641845703,18.627132415771484,18.513404846191406,18.60276222229004,14.821372985839844,39739634
XLF,2014-06-10,18.55402183532715,18.59463882446289,18.521526336669922,18.59463882446289,14.814902305603027,26550947
XLF,2014-06-11,18.521526336669922,18.529651641845703,18.415922164916992,18.47278594970703,14.717818260192871,25320439
XLF,2014-06-12,18.464662551879883,18.47278594970703,18.32656478881836,18.359058380126953,14.627202033996582,36993766
XLF,2014-06-13,18.407798767089844,18.448415756225586,18.31031608581543,18.3671817779541,14.633683204650879,34428485
XLF,2014-06-16,18.334686279296875,18.334686279296875,18.229082107543945,18.277822494506836,14.562480926513672,41736316
XLF,2014-06-17,18.25345230102539,18.48090934753418,18.245328903198242,18.464662551879883,14.711343765258789,30098442
XLF,2014-06-18,18.456539154052734,18.60276222229004,18.3834285736084,18.570268630981445,14.795486450195312,38125793
XLF,2014-06-19,18.578392028808594,18.59463882446289,18.48090934753418,18.5458984375,14.776066780090332,28443117
XLF,2014-06-20,18.55402183532715,18.570268630981445,18.489032745361328,18.5458984375,14.834554672241211,30669011
XLF,2014-06-23,18.5458984375,18.60276222229004,18.48090934753418,18.586515426635742,14.867035865783691,23893956
XLF,2014-06-24,18.5458984375,18.627132415771484,18.440292358398438,18.464662551879883,14.769569396972656,27761266
XLF,2014-06-25,18.37530517578125,18.505279541015625,18.359058380126953,18.48090934753418,14.782563209533691,31616881
XLF,2014-06-26,18.456539154052734,18.48090934753418,18.277822494506836,18.415922164916992,14.73058032989502,32902784
XLF,2014-06-27,18.359058380126953,18.489032745361328,18.359058380126953,18.489032745361328,14.789061546325684,22087464
XLF,2014-06-30,18.448415756225586,18.505279541015625,18.42404556274414,18.47278594970703,14.776062965393066,45984497
XLF,2014-07-01,18.513404846191406,18.667749404907227,18.513404846191406,18.586515426635742,14.867035865783691,34924332
XLF,2014-07-02,18.578392028808594,18.64337921142578,18.562145233154297,18.570268630981445,14.854034423828125,21714471
XLF,2014-07-03,18.700244903564453,18.740861892700195,18.659626007080078,18.71649169921875,14.97099781036377,27225904
XLF,2014-07-07,18.692119598388672,18.692119598388672,18.578392028808594,18.635255813598633,14.90601921081543,30418995
XLF,2014-07-08,18.60276222229004,18.619009017944336,18.43216896057129,18.47278594970703,14.776062965393066,42234379
XLF,2014-07-09,18.497156143188477,18.53777313232422,18.456539154052734,18.521526336669922,14.815053939819336,23890756
XLF,2014-07-10,18.318439483642578,18.456539154052734,18.245328903198242,18.399675369262695,14.717584609985352,31814580
XLF,2014-07-11,18.37530517578125,18.448415756225586,18.285945892333984,18.43216896057129,14.743574142456055,26102370
XLF,2014-07-14,18.610885620117188,18.619009017944336,18.521526336669922,18.5458984375,14.834554672241211,26266093
XLF,2014-07-15,18.64337921142578,18.71649169921875,18.578392028808594,18.675872802734375,14.938514709472656,36321394
XLF,2014-07-16,18.692119598388672,18.71649169921875,18.586515426635742,18.64337921142578,14.912519454956055,32831509
XLF,2014-07-17,18.55402183532715,18.635255813598633,18.3834285736084,18.399675369262695,14.717584609985352,42034342
XLF,2014-07-18,18.456539154052734,18.627132415771484,18.456539154052734,18.610885620117188,14.886534690856934,25827980
XLF,2014-07-21,18.513404846191406,18.586515426635742,18.48090934753418,18.562145233154297,14.847540855407715,18265332
XLF,2014-07-22,18.610885620117188,18.65150260925293,18.578392028808594,18.619009017944336,14.893030166625977,15999553
XLF,2014-07-23,18.627132415771484,18.692119598388672,18.59463882446289,18.659626007080078,14.925511360168457,17625827
XLF,2014-07-24,18.70836639404297,18.732738494873047,18.667749404907227,18.700244903564453,14.958006858825684,25123971
XLF,2014-07-25,18.627132415771484,18.683996200561523,18.578392028808594,18.59463882446289,14.87353515625,44700318
XLF,2014-07-28,18.578392028808594,18.65150260925293,18.48090934753418,18.60276222229004,14.880023002624512,51911024
XLF,2014-07-29,18.627132415771484,18.675872802734375,18.497156143188477,18.505279541015625,14.80205249786377,34997453
XLF,2014-07-30,18.578392028808594,18.659626007080078,18.47278594970703,18.586515426635742,14.867035865783691,49021005
XLF,2014-07-31,18.456539154052734,18.505279541015625,18.19658851623535,18.2047119140625,14.561641693115234,61818850
XLF,2014-08-01,18.15597152709961,18.229082107543945,17.969131469726562,18.050365447998047,14.438183784484863,61016238
XLF,2014-08-04,18.115352630615234,18.220958709716797,18.03411865234375,18.19658851623535,14.555142402648926,32232135
XLF,2014-08-05,18.107229232788086,18.164094924926758,17.93663787841797,18.009748458862305,14.405686378479004,49123055
XLF,2014-08-06,17.952884674072266,18.180341720581055,17.952884674072266,18.08285903930664,14.464165687561035,45635509
XLF,2014-08-07,18.164094924926758,18.2047119140625,17.952884674072266,18.001625061035156,14.399188041687012,49004387
XLF,2014-08-08,17.993501663208008,18.188465118408203,17.952884674072266,18.180341720581055,14.542147636413574,62985100
XLF,2014-08-11,18.21283531188965,18.277822494506836,18.180341720581055,18.19658851623535,14.555142402648926,28040580
XLF,2014-08-12,18.139724731445312,18.285945892333984,18.139724731445312,18.237205505371094,14.587627410888672,27079046
XLF,2014-08-13,18.277822494506836,18.359058380126953,18.26157569885254,18.318439483642578,14.652604103088379,27864301
XLF,2014-08-14,18.342811584472656,18.43216896057129,18.334686279296875,18.43216896057129,14.743574142456055,26959269
XLF,2014-08-15,18.513404846191406,18.513404846191406,18.237205505371094,18.342811584472656,14.672096252441406,48988876
XLF,2014-08-18,18.43216896057129,18.562145233154297,18.42404556274414,18.5458984375,14.834554672241211,30915826
XLF,2014-08-19,18.586515426635742,18.627132415771484,18.562145233154297,18.578392028808594,14.86053466796875,24872847
XLF,2014-08-20,18.5458984375,18.692119598388672,18.521526336669922,18.627132415771484,14.89952278137207,32671479
XLF,2014-08-21,18.667749404907227,18.87895965576172,18.635255813598633,18.846466064453125,15.074960708618164,46030414
XLF,2014-08-22,18.846466064453125,18.895206451416016,18.757108688354492,18.781478881835938,15.02298355102539,30347351
XLF,2014-08-25,18.87083625793457,19.000812530517578,18.87083625793457,18.94394874572754,15.152939796447754,33893123
XLF,2014-08-26,18.927701950073242,19.04142951965332,18.919578552246094,18.98456573486328,15.185426712036133,17016729
XLF,2014-08-27,19.033306121826172,19.033306121826172,18.911453247070312,18.94394874572754,15.152939796447754,21784145
XLF,2014-08-28,18.854589462280273,18.911453247070312,18.81397247314453,18.887083053588867,15.107458114624023,25850015
XLF,2014-08-29,18.94394874572754,19.000812530517578,18.895206451416016,18.976442337036133,15.178935050964355,28003280
XLF,2014-09-02,19.033306121826172,19.065799713134766,18.94394874572754,19.04955291748047,15.237409591674805,36352415
XLF,2014-09-03,19.122665405273438,19.1389102935791,18.976442337036133,19.017059326171875,15.211418151855469,24151728
XLF,2014-09-04,19.033306121826172,19.1551570892334,18.968318939208984,19.033306121826172,15.22441577911377,31148855
XLF,2014-09-05,19.008935928344727,19.065799713134766,18.895206451416016,19.057676315307617,15.243911743164062,30005256
XLF,2014-09-08,19.04142951965332,19.1389102935791,19.000812530517578,19.065799713134766,15.250407218933105,26755908
XLF,2014-09-09,19.025182723999023,19.025182723999023,18.838342666625977,18.87083625793457,15.094460487365723,38428619
XLF,2014-09-10,18.87895965576172,18.99268913269043,18.87895965576172,18.968318939208984,15.172438621520996,38567107
XLF,2014-09-11,18.903331756591797,19.033306121826172,18.887083053588867,19.017059326171875,15.211418151855469,36650440
XLF,2014-09-12,19.017059326171875,19.090171813964844,18.927701950073242,19.000812530517578,15.198426246643066,42971009
XLF,2014-09-15,19.000812530517578,19.04142951965332,18.93582534790039,18.99268913269043,15.191926002502441,25694294
XLF,2014-09-16,18.94394874572754,19.114540100097656,18.93582534790039,19.073923110961914,15.256902694702148,39350392
XLF,2014-09-17,19.114540100097656,19.26076316833496,19.04955291748047,19.1551570892334,15.321885108947754,54889305
XLF,2014-09-18,19.252639770507812,19.39073944091797,19.228269577026367,19.341997146606445,15.471330642700195,63655749
XLF,2014-09-19,19.366369247436523,19.398862838745117,19.16328239440918,19.21202278137207,15.430883407592773,62190612
XLF,2014-09-22,19.171405792236328,19.22014617919922,19.057676315307617,19.082046508789062,15.326480865478516,39775087
XLF,2014-09-23,19.04142951965332,19.1389102935791,18.94394874572754,18.952070236206055,15.222089767456055,39927485
XLF,2014-09-24,18.99268913269043,19.065799713134766,18.911453247070312,19.057676315307617,15.306910514831543,44279193
XLF,2014-09-25,18.99268913269043,19.025182723999023,18.740861892700195,18.740861892700195,15.052446365356445,66656804
XLF,2014-09-26,18.797725677490234,18.968318939208984,18.76523208618164,18.919578552246094,15.195993423461914,49182020
XLF,2014-09-29,18.732738494873047,18.895206451416016,18.724613189697266,18.854589462280273,15.143797874450684,47184969
XLF,2014-09-30,18.895206451416016,18.93582534790039,18.781478881835938,18.82209587097168,15.117695808410645,40730589
XLF,2014-10-01,18.781478881835938,18.82209587097168,18.562145233154297,18.59463882446289,14.93501091003418,63257889
XLF,2014-10-02,18.60276222229004,18.71649169921875,18.47278594970703,18.64337921142578,14.974153518676758,69509769
XLF,2014-10-03,18.81397247314453,18.94394874572754,18.748985290527344,18.911453247070312,15.18946361541748,62092379
XLF,2014-10-06,19.04142951965332,19.04142951965332,18.830219268798828,18.854589462280273,15.143797874450684,40801003
XLF,2014-10-07,18.805849075317383,18.805849075317383,18.529651641845703,18.53777313232422,14.88933277130127,63099706
XLF,2014-10-08,18.5458984375,18.887083053588867,18.489032745361328,18.887083053588867,15.169893264770508,72327897
XLF,2014-10-09,18.87083625793457,18.87083625793457,18.47278594970703,18.489032745361328,14.850188255310059,110277904
XLF,2014-10-10,18.448415756225586,18.659626007080078,18.334686279296875,18.342811584472656,14.732738494873047,76225243
XLF,2014-10-13,18.350933074951172,18.464662551879883,18.164094924926758,18.180341720581055,14.602248191833496,70603882
XLF,2014-10-14,18.229082107543945,18.399675369262695,18.172218322753906,18.25345230102539,14.660969734191895,78074944
XLF,2014-10-15,17.993501663208008,18.08285903930664,17.506092071533203,17.904142379760742,14.380402565002441,134405258
XLF,2014-10-16,17.59545135498047,18.0422420501709,17.579204559326172,17.904142379760742,14.380402565002441,101397347
XLF,2014-10-17,18.139724731445312,18.220958709716797,18.009748458862305,18.13159942626953,14.563097953796387,65796704
XLF,2014-10-20,18.09098243713379,18.25345230102539,18.09098243713379,18.237205505371094,14.647916793823242,60934746
XLF,2014-10-21,18.399675369262695,18.60276222229004,18.350933074951172,18.578392028808594,14.921953201293945,62988547
XLF,2014-10-22,18.610885620117188,18.627132415771484,18.407798767089844,18.407798767089844,14.784934997558594,56880817
XLF,2014-10-23,18.619009017944336,18.70836639404297,18.55402183532715,18.586515426635742,14.928478240966797,99572513
XLF,2014-10-24,18.619009017944336,18.77335548400879,18.586515426635742,18.76523208618164,15.072023391723633,32770205
XLF,2014-10-27,18.700244903564453,18.797725677490234,18.667749404907227,18.789602279663086,15.091594696044922,27325984
XLF,2014-10-28,18.838342666625977,19.000812530517578,18.838342666625977,18.99268913269043,15.254717826843262,44604546
XLF,2014-10-29,19.025182723999023,19.073923110961914,18.895206451416016,19.04142951965332,15.293863296508789,55631844
XLF,2014-10-30,19.025182723999023,19.236392974853516,18.968318939208984,19.147035598754883,15.378686904907227,41918628
XLF,2014-10-31,19.366369247436523,19.39073944091797,19.285133361816406,19.366369247436523,15.554848670959473,46879927
XLF,2014-11-03,19.415109634399414,19.48822021484375,19.358245849609375,19.43947982788086,15.613571166992188,60885014
XLF,2014-11-04,19.366369247436523,19.455726623535156,19.293258666992188,19.447603225708008,15.620097160339355,36701526
XLF,2014-11-05,19.618196487426758,19.618196487426758,19.463851928710938,19.577579498291016,15.724489212036133,30312760
XLF,2014-11-06,19.545085906982422,19.618196487426758,19.48822021484375,19.61007308959961,15.750590324401855,33192561
XLF,2014-11-07,19.618196487426758,19.66693687438965,19.520715713500977,19.618196487426758,15.757118225097656,35459694
XLF,2014-11-10,19.618196487426758,19.72380256652832,19.593826293945312,19.72380256652832,15.841934204101562,37733474
XLF,2014-11-11,19.731924057006836,19.748172760009766,19.6588134765625,19.6588134765625,15.7897310256958,47698542
XLF,2014-11-12,19.593826293945312,19.642566680908203,19.545085906982422,19.618196487426758,15.757118225097656,23048629
XLF,2014-11-13,19.634443283081055,19.675060272216797,19.528837203979492,19.61007308959961,15.750590324401855,36133543
XLF,2014-11-14,19.60194969177246,19.642566680908203,19.520715713500977,19.545085906982422,15.698390007019043,14073777
XLF,2014-11-17,19.48822021484375,19.569456100463867,19.471973419189453,19.545085906982422,15.698390007019043,19907978
XLF,2014-11-18,19.536962509155273,19.675060272216797,19.528837203979492,19.61007308959961,15.750590324401855,15630130
XLF,2014-11-19,19.577579498291016,19.60194969177246,19.48822021484375,19.569456100463867,15.717961311340332,27164231
XLF,2014-11-20,19.471973419189453,19.593826293945312,19.43947982788086,19.569456100463867,15.717961311340332,19798912
XLF,2014-11-21,19.788789749145508,19.788789749145508,19.642566680908203,19.66693687438965,15.796260833740234,25110061
XLF,2014-11-24,19.731924057006836,19.845653533935547,19.72380256652832,19.796913146972656,15.900655746459961,23038411
XLF,2014-11-25,19.8375301361084,19.8375301361084,19.71567726135254,19.78066635131836,15.887606620788574,28864242
XLF,2014-11-26,19.78066635131836,19.813159942626953,19.756296157836914,19.805036544799805,15.907180786132812,10769280
XLF,2014-11-28,19.8212833404541,19.910642623901367,19.796913146972656,19.8212833404541,15.920233726501465,9621496
XLF,2014-12-01,19.71567726135254,19.77254295349121,19.634443283081055,19.683183670043945,15.809309005737305,33654309
XLF,2014-12-02,19.66693687438965,19.88627052307129,19.66693687438965,19.870023727416992,15.959380149841309,26767603
XLF,2014-12-03,19.88627052307129,19.975629806518555,19.845653533935547,19.959383010864258,16.03115463256836,17814417
XLF,2014-12-04,19.935012817382812,20.00812339782715,19.853776931762695,19.983753204345703,16.05072593688965,20925400
XLF,2014-12-05,20.089357376098633,20.235580444335938,20.064987182617188,20.1624698638916,16.194263458251953,37209929
XLF,2014-12-08,20.138099670410156,20.365556716918945,20.129976272583008,20.259950637817383,16.272565841674805,52915889
XLF,2014-12-09,20.0,20.211210250854492,19.94313621520996,20.211210250854492,16.233413696289062,55516992
XLF,2014-12-10,20.154346466064453,20.21933364868164,19.918764114379883,19.95125961303711,16.024627685546875,63708559
XLF,2014-12-11,20.00812339782715,20.1787166595459,19.967506408691406,20.0,16.063770294189453,71819494
XLF,2014-12-12,19.845653533935547,19.967506408691406,19.585702896118164,19.61007308959961,15.750590324401855,48320689
XLF,2014-12-15,19.72380256652832,19.756296157836914,19.33387565612793,19.43135643005371,15.607048988342285,45935750
XLF,2014-12-16,19.32575035095215,19.634443283081055,19.236392974853516,19.244516372680664,15.456978797912598,45497391
XLF,2014-12-17,19.33387565612793,19.691307067871094,19.293258666992188,19.683183670043945,15.809309005737305,53873361
XLF,2014-12-18,19.983753204345703,20.154346466064453,19.87814712524414,20.138099670410156,16.17469596862793,46183796
XLF,2014-12-19,20.097482681274414,20.154346466064453,19.983753204345703,20.04874038696289,16.185184478759766,49107421
XLF,2014-12-22,20.10560417175293,20.186840057373047,20.05686378479004,20.186840057373047,16.296672821044922,19475282
XLF,2014-12-23,20.259950637817383,20.373680114746094,20.21933364868164,20.300569534301758,16.388490676879883,22928360
XLF,2014-12-24,20.365556716918945,20.365556716918945,20.259950637817383,20.268075942993164,16.362255096435547,9773278
XLF,2014-12-26,20.33306312561035,20.3411865234375,20.259950637817383,20.268075942993164,16.362255096435547,18149002
XLF,2014-12-29,20.251827239990234,20.422420501708984,20.211210250854492,20.3411865234375,16.421274185180664,22126486
XLF,2014-12-30,20.308692932128906,20.365556716918945,20.251827239990234,20.316816329956055,16.401601791381836,20298451
XLF,2014-12-31,20.38992691040039,20.406173706054688,20.064987182617188,20.089357376098633,16.217975616455078,29869969
XLF,2015-01-02,20.194963455200195,20.22745704650879,19.935012817382812,20.089357376098633,16.217975616455078,40511471
XLF,2015-01-05,19.959383010864258,20.0,19.618196487426758,19.66693687438965,15.87696361541748,50770502
XLF,2015-01-06,19.66693687438965,19.731924057006836,19.27701187133789,19.366369247436523,15.634315490722656,57454463
XLF,2015-01-07,19.528837203979492,19.618196487426758,19.415109634399414,19.569456100463867,15.798264503479004,36287049
XLF,2015-01-08,19.796913146972656,19.910642623901367,19.756296157836914,19.861900329589844,16.03434944152832,37995923
XLF,2015-01-09,19.902517318725586,19.910642623901367,19.585702896118164,19.593826293945312,15.817948341369629,36300590
XLF,2015-01-12,19.593826293945312,19.642566680908203,19.374492645263672,19.43135643005371,15.686781883239746,38356360
XLF,2015-01-13,19.56133270263672,19.691307067871094,19.228269577026367,19.366369247436523,15.634315490722656,45785445
XLF,2015-01-14,19.057676315307617,19.16328239440918,18.838342666625977,19.090171813964844,15.411345481872559,71356023
XLF,2015-01-15,19.025182723999023,19.122665405273438,18.82209587097168,18.854589462280273,15.221162796020508,58038203
XLF,2015-01-16,18.805849075317383,19.090171813964844,18.732738494873047,19.082046508789062,15.404777526855469,89499855
XLF,2015-01-20,19.1389102935791,19.21202278137207,18.93582534790039,19.000812530517578,15.339203834533691,39330942
XLF,2015-01-21,18.99268913269043,19.147035598754883,18.87083625793457,19.04955291748047,15.378551483154297,49251571
XLF,2015-01-22,19.16328239440918,19.545085906982422,19.033306121826172,19.520715713500977,15.758918762207031,97345387
XLF,2015-01-23,19.50446891784668,19.545085906982422,19.30950355529785,19.30950355529785,15.588406562805176,34069402
XLF,2015-01-26,19.27701187133789,19.415109634399414,19.228269577026367,19.406986236572266,15.66710376739502,27588310
XLF,2015-01-27,19.1389102935791,19.32575035095215,19.122665405273438,19.195775985717773,15.496602058410645,35186781
XLF,2015-01-28,19.293258666992188,19.293258666992188,18.81397247314453,18.846466064453125,15.214599609375,85405918
XLF,2015-01-29,18.82209587097168,19.04142951965332,18.748985290527344,19.000812530517578,15.339203834533691,50409450
XLF,2015-01-30,18.781478881835938,19.000812530517578,18.683996200561523,18.692119598388672,15.089996337890625,64531113
XLF,2015-02-02,18.740861892700195,19.017059326171875,18.59463882446289,18.99268913269043,15.332646369934082,62984977
XLF,2015-02-03,19.065799713134766,19.32575035095215,19.065799713134766,19.30950355529785,15.588406562805176,66155787
XLF,2015-02-04,19.26888656616211,19.423233032226562,19.228269577026367,19.26076316833496,15.549057960510254,37523958
XLF,2015-02-05,19.317628860473633,19.48822021484375,19.301380157470703,19.455726623535156,15.706450462341309,30264135
XLF,2015-02-06,19.634443283081055,19.805036544799805,19.56133270263672,19.61007308959961,15.831061363220215,83237512
XLF,2015-02-09,19.520715713500977,19.61007308959961,19.463851928710938,19.512590408325195,15.752358436584473,37354080
XLF,2015-02-10,19.6588134765625,19.707555770874023,19.520715713500977,19.66693687438965,15.87696361541748,39742220
XLF,2015-02-11,19.642566680908203,19.72380256652832,19.536962509155273,19.66693687438965,15.87696361541748,36080733
XLF,2015-02-12,19.699430465698242,19.88627052307129,19.6588134765625,19.861900329589844,16.03434944152832,40635310
XLF,2015-02-13,19.870023727416992,19.926889419555664,19.77254295349121,19.845653533935547,16.021240234375,23270085
XLF,2015-02-17,19.813159942626953,19.959383010864258,19.796913146972656,19.910642623901367,16.073705673217773,17869196
XLF,2015-02-18,19.88627052307129,19.88627052307129,19.740049362182617,19.788789749145508,15.97532844543457,36387868
XLF,2015-02-19,19.740049362182617,19.788789749145508,19.6588134765625,19.707555770874023,15.909751892089844,21550255
XLF,2015-02-20,19.675060272216797,19.88627052307129,19.55320930480957,19.853776931762695,16.027793884277344,40206183
XLF,2015-02-23,19.82940673828125,19.82940673828125,19.699430465698242,19.805036544799805,15.988450050354004,23616735
XLF,2015-02-24,19.853776931762695,19.967506408691406,19.813159942626953,19.902517318725586,16.067138671875,33958612
XLF,2015-02-25,19.88627052307129,19.983753204345703,19.87814712524414,19.902517318725586,16.067138671875,32659415
XLF,2015-02-26,19.926889419555664,19.935012817382812,19.788789749145508,19.853776931762695,16.027793884277344,33480738
XLF,2015-02-27,19.82940673828125,19.870023727416992,19.764419555664062,19.78066635131836,15.968770027160645,28937856
XLF,2015-03-02,19.788789749145508,19.94313621520996,19.748172760009766,19.926889419555664,16.086820602416992,27137641
XLF,2015-03-03,19.870023727416992,19.926889419555664,19.77254295349121,19.870023727416992,16.040908813476562,31729394
XLF,2015-03-04,19.788789749145508,19.813159942626953,19.675060272216797,19.748172760009766,15.94254207611084,47685247
XLF,2015-03-05,19.78066635131836,19.870023727416992,19.71567726135254,19.82940673828125,16.008119583129883,25112031
XLF,2015-03-06,19.902517318725586,20.032493591308594,19.65069007873535,19.683183670043945,15.890079498291016,74347599
XLF,2015-03-09,19.699430465698242,19.813159942626953,19.691307067871094,19.77254295349121,15.962212562561035,26666907
XLF,2015-03-10,19.60194969177246,19.61007308959961,19.350122451782227,19.350122451782227,15.621198654174805,49650662
XLF,2015-03-11,19.406986236572266,19.545085906982422,19.38261604309082,19.471973419189453,15.71956729888916,36531648
XLF,2015-03-12,19.634443283081055,19.910642623901367,19.61007308959961,19.89439582824707,16.060585021972656,50418806
XLF,2015-03-13,19.845653533935547,19.88627052307129,19.642566680908203,19.756296157836914,15.949102401733398,40917578
XLF,2015-03-16,19.8375301361084,20.016246795654297,19.8375301361084,20.0,16.14583969116211,39676730
XLF,2015-03-17,19.935012817382812,20.0,19.813159942626953,19.95125961303711,16.10649299621582,22247248
XLF,2015-03-18,19.902517318725586,20.129976272583008,19.82940673828125,20.064987182617188,16.198305130004883,58915168
XLF,2015-03-19,20.064987182617188,20.064987182617188,19.788789749145508,19.87814712524414,16.047466278076172,42486734
XLF,2015-03-20,19.902517318725586,20.089357376098633,19.8375301361084,20.073110580444336,16.265344619750977,47450742
XLF,2015-03-23,20.032493591308594,20.129976272583008,19.959383010864258,19.959383010864258,16.173192977905273,26417014
XLF,2015-03-24,19.94313621520996,19.94313621520996,19.788789749145508,19.796913146972656,16.041545867919922,22615686
XLF,2015-03-25,19.8212833404541,19.870023727416992,19.4800968170166,19.4800968170166,15.784832954406738,40570806
XLF,2015-03-26,19.398862838745117,19.55320930480957,19.317628860473633,19.463851928710938,15.771666526794434,40238682
XLF,2015-03-27,19.463851928710938,19.48822021484375,19.366369247436523,19.43947982788086,15.751914978027344,30154207
XLF,2015-03-30,19.585702896118164,19.77254295349121,19.577579498291016,19.72380256652832,15.982301712036133,43422048
XLF,2015-03-31,19.626319885253906,19.683183670043945,19.545085906982422,19.585702896118164,15.870401382446289,26132160
XLF,2015-04-01,19.536962509155273,19.642566680908203,19.43135643005371,19.569456100463867,15.857231140136719,32823015
XLF,2015-04-02,19.520715713500977,19.699430465698242,19.520715713500977,19.66693687438965,15.936224937438965,26472163
XLF,2015-04-06,19.50446891784668,19.748172760009766,19.463851928710938,19.699430465698242,15.962554931640625,19432443
XLF,2015-04-07,19.740049362182617,19.756296157836914,19.593826293945312,19.593826293945312,15.876984596252441,22346466
XLF,2015-04-08,19.61007308959961,19.748172760009766,19.61007308959961,19.66693687438965,15.936224937438965,22778055
XLF,2015-04-09,19.634443283081055,19.71567726135254,19.56133270263672,19.699430465698242,15.962554931640625,25595691
XLF,2015-04-10,19.707555770874023,19.740049362182617,19.6588134765625,19.691307067871094,15.955973625183105,18165005
XLF,2015-04-13,19.6588134765625,19.82940673828125,19.642566680908203,19.764419555664062,16.015214920043945,38112499
XLF,2015-04-14,19.748172760009766,19.813159942626953,19.65069007873535,19.764419555664062,16.015214920043945,32499016
XLF,2015-04-15,19.805036544799805,19.918764114379883,19.756296157836914,19.8375301361084,16.07445526123047,45762179
XLF,2015-04-16,19.82940673828125,19.935012817382812,19.72380256652832,19.870023727416992,16.100788116455078,27839065
XLF,2015-04-17,19.77254295349121,19.77254295349121,19.528837203979492,19.60194969177246,15.883560180664062,49064829
XLF,2015-04-20,19.675060272216797,19.756296157836914,19.66693687438965,19.683183670043945,15.949387550354004,19100196
XLF,2015-04-21,19.756296157836914,19.78066635131836,19.569456100463867,19.585702896118164,15.870401382446289,26714793
XLF,2015-04-22,19.60194969177246,19.77254295349121,19.536962509155273,19.72380256652832,15.982301712036133,26511555
XLF,2015-04-23,19.691307067871094,19.805036544799805,19.6588134765625,19.756296157836914,16.008634567260742,26294652
XLF,2015-04-24,19.71567726135254,19.748172760009766,19.65069007873535,19.72380256652832,15.982301712036133,23031271
XLF,2015-04-27,19.748172760009766,19.82940673828125,19.618196487426758,19.65069007873535,15.923062324523926,29486759
XLF,2015-04-28,19.618196487426758,19.764419555664062,19.536962509155273,19.764419555664062,16.015214920043945,31748721
XLF,2015-04-29,19.65069007873535,19.845653533935547,19.569456100463867,19.756296157836914,16.008634567260742,49893538
XLF,2015-04-30,19.699430465698242,19.805036544799805,19.528837203979492,19.60194969177246,15.883560180664062,42838185
XLF,2015-05-01,19.707555770874023,19.796913146972656,19.683183670043945,19.77254295349121,16.021799087524414,22565584
XLF,2015-05-04,19.853776931762695,19.975629806518555,19.8212833404541,19.967506408691406,16.179779052734375,27367961
XLF,2015-05-05,19.910642623901367,20.024370193481445,19.77254295349121,19.788789749145508,16.034957885742188,37717594
XLF,2015-05-06,19.870023727416992,19.902517318725586,19.55320930480957,19.691307067871094,15.955973625183105,36626312
XLF,2015-05-07,19.61007308959961,19.87814712524414,19.61007308959961,19.82940673828125,16.067874908447266,39290812
XLF,2015-05-08,19.935012817382812,20.11372947692871,19.935012817382812,20.11372947692871,16.29826545715332,40714217
XLF,2015-05-11,20.11372947692871,20.154346466064453,20.00812339782715,20.040616989135742,16.23902130126953,38354636
XLF,2015-05-12,19.95125961303711,20.016246795654297,19.805036544799805,19.967506408691406,16.179779052734375,48760649
XLF,2015-05-13,19.967506408691406,20.04874038696289,19.935012817382812,19.975629806518555,16.18636131286621,29430379
XLF,2015-05-14,20.073110580444336,20.1624698638916,20.032493591308594,20.154346466064453,16.331178665161133,26445450
XLF,2015-05-15,20.1624698638916,20.17059326171875,20.0,20.064987182617188,16.258771896362305,28494942
XLF,2015-05-18,20.073110580444336,20.194963455200195,20.04874038696289,20.1787166595459,16.350921630859375,19841750
XLF,2015-05-19,20.21933364868164,20.357433319091797,20.203086853027344,20.292444229125977,16.44307518005371,32513049
XLF,2015-05-20,20.33306312561035,20.3411865234375,20.203086853027344,20.235580444335938,16.397005081176758,37350263
XLF,2015-05-21,20.194963455200195,20.235580444335938,20.17059326171875,20.186840057373047,16.357498168945312,23172098
XLF,2015-05-22,20.146223068237305,20.243703842163086,20.146223068237305,20.194963455200195,16.364089965820312,16231966
XLF,2015-05-26,20.1624698638916,20.1624698638916,19.95125961303711,19.967506408691406,16.179779052734375,54832187
XLF,2015-05-27,20.024370193481445,20.211210250854492,20.0,20.186840057373047,16.357498168945312,31773341
XLF,2015-05-28,20.138099670410156,20.1787166595459,20.040616989135742,20.1624698638916,16.337757110595703,21900598
XLF,2015-05-29,20.1624698638916,20.1624698638916,19.935012817382812,19.983753204345703,16.192935943603516,31521478
XLF,2015-06-01,20.089357376098633,20.11372947692871,19.94313621520996,20.0,16.206106185913086,23062170
XLF,2015-06-02,19.983753204345703,20.10560417175293,19.902517318725586,20.032493591308594,16.232444763183594,26426862
XLF,2015-06-03,20.10560417175293,20.259950637817383,20.064987182617188,20.203086853027344,16.37067222595215,40898498
XLF,2015-06-04,20.146223068237305,20.194963455200195,19.99187660217285,20.024370193481445,16.225854873657227,37471271
XLF,2015-06-05,20.17059326171875,20.268075942993164,20.081235885620117,20.138099670410156,16.318016052246094,52402931
XLF,2015-06-08,20.17059326171875,20.194963455200195,20.00812339782715,20.016246795654297,16.21927261352539,28272131
XLF,2015-06-09,20.032493591308594,20.154346466064453,19.95125961303711,20.064987182617188,16.258771896362305,31163011
XLF,2015-06-10,20.1787166595459,20.422420501708984,20.146223068237305,20.34930992126465,16.489154815673828,53968148
XLF,2015-06-11,20.43866729736328,20.471162796020508,20.357433319091797,20.430543899536133,16.55498695373535,60034147
XLF,2015-06-12,20.381803512573242,20.422420501708984,20.27619743347168,20.3411865234375,16.482576370239258,42206558
XLF,2015-06-15,20.211210250854492,20.324939727783203,20.12185287475586,20.251827239990234,16.410167694091797,40678641
XLF,2015-06-16,20.259950637817383,20.381803512573242,20.194963455200195,20.365556716918945,16.502323150634766,36228207
XLF,2015-06-17,20.430543899536133,20.454914093017578,20.292444229125977,20.3411865234375,16.482576370239258,55448179
XLF,2015-06-18,20.430543899536133,20.56052017211914,20.3411865234375,20.528026580810547,16.633970260620117,70136594
XLF,2015-06-19,20.381803512573242,20.406173706054688,20.097482681274414,20.097482681274414,16.356298446655273,47071470
XLF,2015-06-22,20.38992691040039,20.487409591674805,20.381803512573242,20.406173706054688,16.60752296447754,40678518
XLF,2015-06-23,20.463037490844727,20.51177978515625,20.414297103881836,20.44679069519043,16.640583038330078,33542288
XLF,2015-06-24,20.414297103881836,20.44679069519043,20.27619743347168,20.27619743347168,16.501739501953125,26541099
XLF,2015-06-25,20.33306312561035,20.3411865234375,20.138099670410156,20.154346466064453,16.40258026123047,43711579
XLF,2015-06-26,20.243703842163086,20.27619743347168,20.1624698638916,20.21933364868164,16.455463409423828,30737208
XLF,2015-06-29,20.0,20.089357376098633,19.72380256652832,19.731924057006836,16.058788299560547,52912442
XLF,2015-06-30,19.926889419555664,19.975629806518555,19.740049362182617,19.805036544799805,16.1182918548584,77383245
XLF,2015-07-01,20.11372947692871,20.154346466064453,19.983753204345703,20.10560417175293,16.3629093170166,52375111
XLF,2015-07-02,20.097482681274414,20.146223068237305,19.935012817382812,20.016246795654297,16.290185928344727,24081438
XLF,2015-07-06,19.788789749145508,19.983753204345703,19.764419555664062,19.935012817382812,16.22407341003418,33223951
XLF,2015-07-07,19.902517318725586,19.99187660217285,19.60194969177246,19.975629806518555,16.25712776184082,63077548
XLF,2015-07-08,19.707555770874023,19.8375301361084,19.593826293945312,19.626319885253906,15.972844123840332,56789354
XLF,2015-07-09,19.902517318725586,19.935012817382812,19.740049362182617,19.78066635131836,16.098451614379883,31236625
XLF,2015-07-10,20.05686378479004,20.064987182617188,19.926889419555664,20.016246795654297,16.290185928344727,36120618
XLF,2015-07-13,20.186840057373047,20.259950637817383,20.146223068237305,20.259950637817383,16.488523483276367,41191230
XLF,2015-07-14,20.194963455200195,20.34930992126465,20.154346466064453,20.308692932128906,16.52818489074707,27691961
XLF,2015-07-15,20.406173706054688,20.51177978515625,20.33306312561035,20.479284286499023,16.667030334472656,62160945
XLF,2015-07-16,20.633630752563477,20.682371139526367,20.60926055908203,20.682371139526367,16.83230972290039,39781365
XLF,2015-07-17,20.66612434387207,20.69049644470215,20.536148071289062,20.625507354736328,16.786029815673828,22286763
XLF,2015-07-20,20.682371139526367,20.714866638183594,20.593013763427734,20.649877548217773,16.805870056152344,25354045
XLF,2015-07-21,20.658002853393555,20.73923683166504,20.576766967773438,20.625507354736328,16.786029815673828,24390172
XLF,2015-07-22,20.633630752563477,20.804224014282227,20.60926055908203,20.77985382080078,16.91164779663086,36459143
XLF,2015-07-23,20.796100616455078,20.812347412109375,20.56052017211914,20.601137161254883,16.766193389892578,36561685
XLF,2015-07-24,20.576766967773438,20.593013763427734,20.373680114746094,20.406173706054688,16.60752296447754,32149658
XLF,2015-07-27,20.268075942993164,20.316816329956055,20.186840057373047,20.259950637817383,16.488523483276367,34805048
XLF,2015-07-28,20.422420501708984,20.422420501708984,20.211210250854492,20.3411865234375,16.55463981628418,29677194
XLF,2015-07-29,20.406173706054688,20.552396774291992,20.357433319091797,20.544273376464844,16.719921112060547,33091373
XLF,2015-07-30,20.51177978515625,20.56052017211914,20.430543899536133,20.544273376464844,16.719921112060547,20597954
XLF,2015-07-31,20.5199031829834,20.56864356994629,20.422420501708984,20.479284286499023,16.667030334472656,24137571
XLF,2015-08-03,20.479284286499023,20.5036563873291,20.316816329956055,20.454914093017578,16.647197723388672,42025601
XLF,2015-08-04,20.471162796020508,20.528026580810547,20.38992691040039,20.422420501708984,16.620750427246094,30678613
XLF,2015-08-05,20.56052017211914,20.625507354736328,20.44679069519043,20.5036563873291,16.686857223510742,24771536
XLF,2015-08-06,20.5199031829834,20.552396774291992,20.357433319091797,20.430543899536133,16.627363204956055,23921408
XLF,2015-08-07,20.414297103881836,20.49553108215332,20.300569534301758,20.471162796020508,16.66042137145996,30673812
XLF,2015-08-10,20.60926055908203,20.67424964904785,20.552396774291992,20.66612434387207,16.819087982177734,30165778
XLF,2015-08-11,20.471162796020508,20.544273376464844,20.39805030822754,20.479284286499023,16.667030334472656,65448208
XLF,2015-08-12,20.308692932128906,20.324939727783203,19.983753204345703,20.292444229125977,16.514963150024414,77509300
XLF,2015-08-13,20.3411865234375,20.43866729736328,20.211210250854492,20.365556716918945,16.57447052001953,27547564
XLF,2015-08-14,20.3411865234375,20.51177978515625,20.33306312561035,20.51177978515625,16.693470001220703,33603346
XLF,2015-08-17,20.422420501708984,20.56052017211914,20.34930992126465,20.552396774291992,16.726530075073242,28771055
XLF,2015-08-18,20.528026580810547,20.584890365600586,20.487409591674805,20.536148071289062,16.71330451965332,20245642
XLF,2015-08-19,20.479284286499023,20.528026580810547,20.27619743347168,20.34930992126465,16.561243057250977,57382080
XLF,2015-08-20,20.138099670410156,20.1624698638916,19.918764114379883,19.918764114379883,16.21084976196289,67731590
XLF,2015-08-21,19.66693687438965,19.813159942626953,19.203899383544922,19.203899383544922,15.629056930541992,127715881
XLF,2015-08-24,18.0259952545166,19.033306121826172,15.044678688049316,18.3834285736084,14.961320877075195,143651668
XLF,2015-08-25,19.057676315307617,19.073923110961914,18.074735641479492,18.139724731445312,14.762980461120605,84936661
XLF,2015-08-26,18.562145233154297,18.82209587097168,18.220958709716797,18.82209587097168,15.318327903747559,146056427
XLF,2015-08-27,19.065799713134766,19.32575035095215,18.911453247070312,19.285133361816406,15.69516658782959,96219884
XLF,2015-08-28,19.21202278137207,19.26076316833496,19.073923110961914,19.195775985717773,15.622450828552246,40348364
XLF,2015-08-31,19.073923110961914,19.1551570892334,19.017059326171875,19.033306121826172,15.490221977233887,58845124
XLF,2015-09-01,18.627132415771484,18.724613189697266,18.277822494506836,18.415922164916992,14.987761497497559,86294454
XLF,2015-09-02,18.659626007080078,18.71649169921875,18.42404556274414,18.667749404907227,15.19271183013916,52533664
XLF,2015-09-03,18.724613189697266,18.968318939208984,18.692119598388672,18.77335548400879,15.278660774230957,60273576
XLF,2015-09-04,18.505279541015625,18.562145233154297,18.277822494506836,18.399675369262695,14.974538803100586,54210039
XLF,2015-09-08,18.757108688354492,18.887083053588867,18.627132415771484,18.87083625793457,15.357994079589844,49726245
XLF,2015-09-09,19.04142951965332,19.122665405273438,18.570268630981445,18.610885620117188,15.146435737609863,43741739
XLF,2015-09-10,18.59463882446289,18.838342666625977,18.53777313232422,18.700244903564453,15.21916389465332,43653476
XLF,2015-09-11,18.610885620117188,18.781478881835938,18.570268630981445,18.781478881835938,15.285270690917969,26809949
XLF,2015-09-14,18.740861892700195,18.797725677490234,18.667749404907227,18.740861892700195,15.252215385437012,31837353
XLF,2015-09-15,18.81397247314453,19.065799713134766,18.740861892700195,19.008935928344727,15.47038745880127,41048311
XLF,2015-09-16,19.025182723999023,19.16328239440918,18.927701950073242,19.130788803100586,15.569555282592773,28008328
XLF,2015-09-17,19.114540100097656,19.244516372680664,18.82209587097168,18.862712860107422,15.351380348205566,75221486
XLF,2015-09-18,18.513404846191406,18.60276222229004,18.37530517578125,18.407798767089844,15.054415702819824,85290820
XLF,2015-09-21,18.529651641845703,18.692119598388672,18.497156143188477,18.619009017944336,15.22714614868164,47097445
XLF,2015-09-22,18.342811584472656,18.448415756225586,18.245328903198242,18.3834285736084,15.034479141235352,65335941
XLF,2015-09-23,18.391551971435547,18.456539154052734,18.285945892333984,18.391551971435547,15.04112434387207,34891095
XLF,2015-09-24,18.180341720581055,18.294069290161133,18.099105834960938,18.26157569885254,14.934823036193848,51271027
XLF,2015-09-25,18.521526336669922,18.65150260925293,18.440292358398438,18.529651641845703,15.154068946838379,55416173
XLF,2015-09-28,18.399675369262695,18.43216896057129,18.0422420501709,18.099105834960938,14.801953315734863,58422891
XLF,2015-09-29,18.115352630615234,18.188465118408203,17.969131469726562,18.13159942626953,14.828535079956055,48264309
XLF,2015-09-30,18.37530517578125,18.407798767089844,18.188465118408203,18.407798767089844,15.054415702819824,49086741
XLF,2015-10-01,18.399675369262695,18.489032745361328,18.220958709716797,18.415922164916992,15.061057090759277,48512971
XLF,2015-10-02,18.017871856689453,18.440292358398438,17.85540199279785,18.440292358398438,15.080988883972168,75346063
XLF,2015-10-05,18.570268630981445,18.854589462280273,18.562145233154297,18.830219268798828,15.399876594543457,47975517
XLF,2015-10-06,18.789602279663086,18.854589462280273,18.70836639404297,18.740861892700195,15.326802253723145,36684908
XLF,2015-10-07,18.862712860107422,18.99268913269043,18.748985290527344,18.887083053588867,15.446383476257324,38597020
XLF,2015-10-08,18.81397247314453,19.017059326171875,18.77335548400879,19.000812530517578,15.539395332336426,37237011
XLF,2015-10-09,19.04142951965332,19.057676315307617,18.797725677490234,18.87895965576172,15.439741134643555,58339183
XLF,2015-10-12,18.87083625793457,18.927701950073242,18.82209587097168,18.895206451416016,15.453027725219727,25312191
XLF,2015-10-13,18.830219268798828,18.952070236206055,18.748985290527344,18.748985290527344,15.333442687988281,42452020
XLF,2015-10-14,18.757108688354492,18.789602279663086,18.570268630981445,18.59463882446289,15.207219123840332,44763838
XLF,2015-10-15,18.700244903564453,19.04142951965332,18.683996200561523,19.017059326171875,15.552685737609863,55652525
XLF,2015-10-16,19.073923110961914,19.16328239440918,19.033306121826172,19.130788803100586,15.645700454711914,36542235
XLF,2015-10-19,19.008935928344727,19.1551570892334,19.000812530517578,19.114540100097656,15.63240909576416,32690313
XLF,2015-10-20,19.114540100097656,19.252639770507812,19.09829330444336,19.228269577026367,15.725414276123047,23941473
XLF,2015-10-21,19.252639770507812,19.317628860473633,19.057676315307617,19.090171813964844,15.612475395202637,29215200
XLF,2015-10-22,19.130788803100586,19.471973419189453,19.122665405273438,19.398862838745117,15.864935874938965,61204335
XLF,2015-10-23,19.55320930480957,19.618196487426758,19.463851928710938,19.61007308959961,16.03766632080078,45903498
XLF,2015-10-26,19.61007308959961,19.61007308959961,19.455726623535156,19.528837203979492,15.97122573852539,24485698
XLF,2015-10-27,19.43135643005371,19.455726623535156,19.350122451782227,19.415109634399414,15.878222465515137,28664204
XLF,2015-10-28,19.455726623535156,19.902517318725586,19.455726623535156,19.870023727416992,16.25025749206543,112058299
XLF,2015-10-29,19.861900329589844,19.94313621520996,19.748172760009766,19.845653533935547,16.230331420898438,48479611
XLF,2015-10-30,19.796913146972656,19.813159942626953,19.536962509155273,19.56133270263672,15.997802734375,62867662
XLF,2015-11-02,19.61007308959961,19.910642623901367,19.60194969177246,19.82940673828125,16.217041015625,73531446
XLF,2015-11-03,19.8212833404541,19.926889419555664,19.731924057006836,19.861900329589844,16.243614196777344,42479225
XLF,2015-11-04,19.861900329589844,19.910642623901367,19.748172760009766,19.805036544799805,16.197111129760742,40100564
XLF,2015-11-05,19.805036544799805,19.918764114379883,19.77254295349121,19.88627052307129,16.2635498046875,45236788
XLF,2015-11-06,20.259950637817383,20.28432273864746,20.016246795654297,20.089357376098633,16.42963409423828,85556100
XLF,2015-11-09,20.11372947692871,20.1624698638916,19.756296157836914,19.870023727416992,16.25025749206543,59169369
XLF,2015-11-10,19.8212833404541,19.967506408691406,19.788789749145508,19.959383010864258,16.323345184326172,41119339
XLF,2015-11-11,20.04874038696289,20.04874038696289,19.87814712524414,19.89439582824707,16.27019691467285,27576370
XLF,2015-11-12,19.845653533935547,19.853776931762695,19.585702896118164,19.593826293945312,16.02437973022461,66597469
XLF,2015-11-13,19.4963436126709,19.634443283081055,19.374492645263672,19.43135643005371,15.891508102416992,53877793
XLF,2015-11-16,19.374492645263672,19.66693687438965,19.33387565612793,19.66693687438965,16.084171295166016,53560564
XLF,2015-11-17,19.748172760009766,19.805036544799805,19.585702896118164,19.626319885253906,16.050954818725586,46013180
XLF,2015-11-18,19.740049362182617,20.0,19.675060272216797,19.975629806518555,16.336627960205078,83572836
XLF,2015-11-19,19.983753204345703,20.04874038696289,19.910642623901367,20.00812339782715,16.36319923400879,35613076
XLF,2015-11-20,20.064987182617188,20.12185287475586,19.983753204345703,20.040616989135742,16.3897762298584,44189330
XLF,2015-11-23,20.032493591308594,20.097482681274414,19.935012817382812,19.959383010864258,16.323345184326172,31828859
XLF,2015-11-24,19.8375301361084,19.967506408691406,19.731924057006836,19.902517318725586,16.276832580566406,35916887
XLF,2015-11-25,19.910642623901367,19.959383010864258,19.861900329589844,19.918764114379883,16.290122985839844,24226080
XLF,2015-11-27,19.95125961303711,19.99187660217285,19.853776931762695,19.967506408691406,16.329988479614258,23191055
XLF,2015-11-30,20.032493591308594,20.032493591308594,19.918764114379883,19.95125961303711,16.31669807434082,30361138
XLF,2015-12-01,20.024370193481445,20.1787166595459,19.983753204345703,20.17059326171875,16.496078491210938,38268343
XLF,2015-12-02,20.21933364868164,20.21933364868164,19.89439582824707,19.935012817382812,16.303422927856445,43846620
XLF,2015-12-03,20.04874038696289,20.04874038696289,19.545085906982422,19.61007308959961,16.03766632080078,59308595
XLF,2015-12-04,19.731924057006836,20.1624698638916,19.683183670043945,20.129976272583008,16.462862014770508,52547451
XLF,2015-12-07,20.10560417175293,20.12185287475586,19.845653533935547,19.94313621520996,16.310054779052734,31381144
XLF,2015-12-08,19.72380256652832,19.870023727416992,19.642566680908203,19.691307067871094,16.10410499572754,35697769
XLF,2015-12-09,19.60194969177246,19.8212833404541,19.350122451782227,19.463851928710938,15.918084144592285,66624798
XLF,2015-12-10,19.455726623535156,19.66693687438965,19.39073944091797,19.4800968170166,15.931365966796875,58161303
XLF,2015-12-11,19.187652587890625,19.30950355529785,18.94394874572754,19.04955291748047,15.579255104064941,89542078
XLF,2015-12-14,19.065799713134766,19.22014617919922,18.87895965576172,19.090171813964844,15.612475395202637,71948873
XLF,2015-12-15,19.285133361816406,19.642566680908203,19.26888656616211,19.536962509155273,15.977875709533691,93332943
XLF,2015-12-16,19.71567726135254,19.918764114379883,19.528837203979492,19.853776931762695,16.23697853088379,102205375
XLF,2015-12-17,19.926889419555664,19.926889419555664,19.545085906982422,19.569456100463867,16.004453659057617,70913355
XLF,2015-12-18,19.30950355529785,19.33387565612793,18.927701950073242,18.927701950073242,15.576592445373535,113598773
XLF,2015-12-21,19.082046508789062,19.179529190063477,18.94394874572754,19.114540100097656,15.73035717010498,50728156
XLF,2015-12-22,19.228269577026367,19.33387565612793,19.057676315307617,19.293258666992188,15.877429008483887,57087748
XLF,2015-12-23,19.415109634399414,19.55320930480957,19.358245849609375,19.520715713500977,16.064620971679688,40627924
XLF,2015-12-24,19.545085906982422,19.61007308959961,19.455726623535156,19.50446891784668,16.05124855041504,13844688
XLF,2015-12-28,19.423233032226562,19.4963436126709,19.32575035095215,19.48822021484375,16.037872314453125,16747016
XLF,2015-12-29,19.65069007873535,19.71567726135254,19.585702896118164,19.691307067871094,16.205007553100586,38040239
XLF,2015-12-30,19.65069007873535,19.683183670043945,19.520715713500977,19.55320930480957,16.091360092163086,19339133
XLF,2015-12-31,19.358245849609375,19.585702896118164,19.317628860473633,19.358245849609375,15.930912017822266,59154720
XLF,2016-01-04,18.960195541381836,19.000812530517578,18.76523208618164,18.98456573486328,15.623388290405273,93387476
XLF,2016-01-05,19.017059326171875,19.114540100097656,18.887083053588867,19.057676315307617,15.683560371398926,52096536
XLF,2016-01-06,18.781478881835938,18.87895965576172,18.667749404907227,18.76523208618164,15.442891120910645,77248574
XLF,2016-01-07,18.37530517578125,18.5458984375,18.164094924926758,18.237205505371094,15.008345603942871,92006910
XLF,2016-01-08,18.399675369262695,18.415922164916992,17.91226577758789,17.952884674072266,14.774367332458496,83028242
XLF,2016-01-11,18.050365447998047,18.08285903930664,17.798538208007812,17.97725486755371,14.794422149658203,70986600
XLF,2016-01-12,18.164094924926758,18.19658851623535,17.879772186279297,18.115352630615234,14.90806770324707,80633578
XLF,2016-01-13,18.188465118408203,18.269699096679688,17.562957763671875,17.64419174194336,14.520326614379883,125524947
XLF,2016-01-14,17.6848087310791,17.944759368896484,17.51421546936035,17.798538208007812,14.647343635559082,95264013
XLF,2016-01-15,17.197399139404297,17.481721878051758,17.164907455444336,17.400487899780273,14.319771766662598,94362797
XLF,2016-01-19,17.587326049804688,17.652315139770508,17.270511627197266,17.392364501953125,14.313088417053223,83779398
XLF,2016-01-20,17.034931182861328,17.213647842407227,16.67749786376953,17.051177978515625,14.032307624816895,107682217
XLF,2016-01-21,17.067424774169922,17.286758422851562,16.921201705932617,16.97806739807129,13.972136497497559,91494814
XLF,2016-01-22,17.197399139404297,17.35987091064453,17.164907455444336,17.286758422851562,14.226178169250488,59334200
XLF,2016-01-25,17.213647842407227,17.278635025024414,16.896831512451172,16.937448501586914,13.938709259033203,78982191
XLF,2016-01-26,17.002437591552734,17.270511627197266,16.97806739807129,17.221771240234375,14.17269515991211,63973716
XLF,2016-01-27,17.164907455444336,17.457351684570312,17.034931182861328,17.156782150268555,14.119211196899414,77206350
XLF,2016-01-28,17.262388229370117,17.3436222076416,17.051177978515625,17.164907455444336,14.12590217590332,79906672
XLF,2016-01-29,17.286758422851562,17.652315139770508,17.229894638061523,17.64419174194336,14.520326614379883,100518905
XLF,2016-02-01,17.562957763671875,17.660438537597656,17.441104888916016,17.57107925415039,14.460165023803711,84561575
XLF,2016-02-02,17.31925392150879,17.3436222076416,17.043054580688477,17.08367156982422,14.059041976928711,86157444
XLF,2016-02-03,17.181154251098633,17.181154251098633,16.612510681152344,17.099918365478516,14.072419166564941,151930266
XLF,2016-02-04,16.994314193725586,17.36799430847168,16.994314193725586,17.24614143371582,14.192755699157715,97011048
XLF,2016-02-05,17.262388229370117,17.351747512817383,16.969942092895508,17.01868438720703,14.005563735961914,81506726
XLF,2016-02-08,16.774980545043945,16.831844329833984,16.360681533813477,16.5881404876709,13.651246070861816,132312804
XLF,2016-02-09,16.263200759887695,16.67749786376953,16.263200759887695,16.56376838684082,13.631190299987793,168924221
XLF,2016-02-10,16.693744659423828,16.880584716796875,16.46628761291504,16.474411010742188,13.557652473449707,80836939
XLF,2016-02-11,16.035743713378906,16.149471282958984,15.865150451660156,15.970754623413086,13.143167495727539,155436893
XLF,2016-02-12,16.352558135986328,16.645004272460938,16.279447555541992,16.645004272460938,13.69804573059082,119640644
XLF,2016-02-16,16.929325103759766,16.986190795898438,16.75873374938965,16.91307830810547,13.918654441833496,97496185
XLF,2016-02-17,17.07554817199707,17.221771240234375,17.07554817199707,17.140535354614258,14.105843544006348,79846353
XLF,2016-02-18,17.205524444580078,17.205524444580078,16.961820602416992,17.043054580688477,14.02562141418457,79491948
XLF,2016-02-19,16.90495491027832,17.116165161132812,16.880584716796875,17.043054580688477,14.02562141418457,91481888
XLF,2016-02-22,17.24614143371582,17.384239196777344,17.24614143371582,17.311128616333008,14.246232032775879,52408225
XLF,2016-02-23,17.221771240234375,17.24614143371582,16.969942092895508,17.002437591552734,13.992193222045898,71553352
XLF,2016-02-24,16.75873374938965,17.010560989379883,16.612510681152344,16.961820602416992,13.958769798278809,89023089
XLF,2016-02-25,16.961820602416992,17.213647842407227,16.961820602416992,17.197399139404297,14.152641296386719,87713797
XLF,2016-02-26,17.311128616333008,17.47359848022461,17.221771240234375,17.31925392150879,14.25291633605957,100096303
XLF,2016-02-29,17.30300521850586,17.392364501953125,17.12428855895996,17.132413864135742,14.099160194396973,70846020
XLF,2016-03-01,17.25426483154297,17.74167251586914,17.25426483154297,17.70918083190918,14.573812484741211,100224943
XLF,2016-03-02,17.725425720214844,17.91226577758789,17.7010555267334,17.904142379760742,14.734253883361816,89863616
XLF,2016-03-03,17.887895584106445,18.03411865234375,17.81478500366211,18.0259952545166,14.834535598754883,76643660
XLF,2016-03-04,18.115352630615234,18.188465118408203,17.96100616455078,18.099105834960938,14.894697189331055,70707286
XLF,2016-03-07,17.97725486755371,18.115352630615234,17.92038917541504,18.09098243713379,14.888019561767578,48251261
XLF,2016-03-08,17.928512573242188,18.001625061035156,17.774166107177734,17.798538208007812,14.647343635559082,94684581
XLF,2016-03-09,17.863525390625,17.91226577758789,17.757919311523438,17.822908401489258,14.667400360107422,59913509
XLF,2016-03-10,17.93663787841797,18.017871856689453,17.59545135498047,17.80666160583496,14.654031753540039,94740222
XLF,2016-03-11,17.98537826538086,18.294069290161133,17.98537826538086,18.269699096679688,15.035093307495117,79284278
XLF,2016-03-14,18.21283531188965,18.26157569885254,18.099105834960938,18.21283531188965,14.988293647766113,55347853
XLF,2016-03-15,18.09098243713379,18.2047119140625,18.0259952545166,18.2047119140625,14.981607437133789,75699114
XLF,2016-03-16,18.107229232788086,18.277822494506836,18.0259952545166,18.164094924926758,14.948177337646484,72379969
XLF,2016-03-17,18.164094924926758,18.440292358398438,18.03411865234375,18.3834285736084,15.128679275512695,65859485
XLF,2016-03-18,18.415922164916992,18.53777313232422,18.3671817779541,18.464662551879883,15.262977600097656,65031268
XLF,2016-03-21,18.407798767089844,18.55402183532715,18.359058380126953,18.43216896057129,15.236123085021973,47484348
XLF,2016-03-22,18.30219268798828,18.448415756225586,18.26157569885254,18.37530517578125,15.189117431640625,43482367
XLF,2016-03-23,18.342811584472656,18.37530517578125,18.229082107543945,18.237205505371094,15.074966430664062,55912266
XLF,2016-03-24,18.074735641479492,18.123477935791016,17.952884674072266,18.123477935791016,14.980955123901367,48500785
XLF,2016-03-28,18.147846221923828,18.237205505371094,18.09098243713379,18.180341720581055,15.027961730957031,36121356
XLF,2016-03-29,18.107229232788086,18.220958709716797,18.001625061035156,18.21283531188965,15.05482006072998,44438115
XLF,2016-03-30,18.31031608581543,18.456539154052734,18.294069290161133,18.318439483642578,15.142110824584961,37636102
XLF,2016-03-31,18.269699096679688,18.391551971435547,18.237205505371094,18.277822494506836,15.108542442321777,39946073
XLF,2016-04-01,18.188465118408203,18.464662551879883,18.115352630615234,18.440292358398438,15.242840766906738,45753316
XLF,2016-04-04,18.42404556274414,18.464662551879883,18.31031608581543,18.350933074951172,15.168972969055176,38544826
XLF,2016-04-05,18.180341720581055,18.21283531188965,18.058488845825195,18.09098243713379,14.954096794128418,61644172
XLF,2016-04-06,18.058488845825195,18.2047119140625,18.001625061035156,18.188465118408203,15.034672737121582,38129610
XLF,2016-04-07,18.058488845825195,18.074735641479492,17.749797821044922,17.847278594970703,14.752646446228027,51315220
XLF,2016-04-08,17.969131469726562,18.09098243713379,17.879772186279297,17.91226577758789,14.806370735168457,55956828
XLF,2016-04-11,17.993501663208008,18.139724731445312,17.969131469726562,17.98537826538086,14.866795539855957,45423161
XLF,2016-04-12,18.009748458862305,18.245328903198242,17.969131469726562,18.21283531188965,15.05482006072998,48225902
XLF,2016-04-13,18.399675369262695,18.64337921142578,18.3834285736084,18.627132415771484,15.3972806930542,69649488
XLF,2016-04-14,18.53777313232422,18.76523208618164,18.53777313232422,18.667749404907227,15.430856704711914,52055051
XLF,2016-04-15,18.71649169921875,18.740861892700195,18.570268630981445,18.60276222229004,15.377134323120117,53901797
XLF,2016-04-18,18.513404846191406,18.757108688354492,18.497156143188477,18.740861892700195,15.491293907165527,52434076
XLF,2016-04-19,18.797725677490234,18.976442337036133,18.797725677490234,18.976442337036133,15.686019897460938,57169363
XLF,2016-04-20,18.968318939208984,19.1551570892334,18.960195541381836,19.122665405273438,15.806889533996582,74743119
XLF,2016-04-21,19.114540100097656,19.195775985717773,18.903331756591797,18.952070236206055,15.665874481201172,63436754
XLF,2016-04-22,18.968318939208984,19.171405792236328,18.968318939208984,19.130788803100586,15.813597679138184,46728145
XLF,2016-04-25,19.04955291748047,19.10641860961914,18.952070236206055,19.090171813964844,15.78003215789795,38189682
XLF,2016-04-26,19.10641860961914,19.236392974853516,19.082046508789062,19.21202278137207,15.880751609802246,41664795
XLF,2016-04-27,19.195775985717773,19.30950355529785,19.130788803100586,19.244516372680664,15.907614707946777,56916147
XLF,2016-04-28,19.082046508789062,19.236392974853516,18.976442337036133,19.04142951965332,15.739740371704102,74850832
XLF,2016-04-29,18.93582534790039,19.008935928344727,18.76523208618164,18.93582534790039,15.652445793151855,60318138
XLF,2016-05-02,18.952070236206055,19.130788803100586,18.911453247070312,19.10641860961914,15.793464660644531,43564598
XLF,2016-05-03,18.887083053588867,18.903331756591797,18.700244903564453,18.862712860107422,15.59201431274414,44142060
XLF,2016-05-04,18.64337921142578,18.81397247314453,18.627132415771484,18.71649169921875,15.471142768859863,46466680
XLF,2016-05-05,18.757108688354492,18.830219268798828,18.659626007080078,18.70836639404297,15.464427947998047,47043157
XLF,2016-05-06,18.570268630981445,18.797725677490234,18.570268630981445,18.789602279663086,15.531584739685059,38964104
XLF,2016-05-09,18.757108688354492,18.846466064453125,18.667749404907227,18.740861892700195,15.491293907165527,31989258
XLF,2016-05-10,18.830219268798828,19.017059326171875,18.82209587097168,19.008935928344727,15.712876319885254,37549070
XLF,2016-05-11,18.952070236206055,19.000812530517578,18.789602279663086,18.805849075317383,15.545010566711426,31961192
XLF,2016-05-12,18.87083625793457,18.952070236206055,18.700244903564453,18.81397247314453,15.551727294921875,35254978
XLF,2016-05-13,18.77335548400879,18.903331756591797,18.55402183532715,18.586515426635742,15.3637113571167,45538875
XLF,2016-05-16,18.586515426635742,18.76523208618164,18.570268630981445,18.683996200561523,15.444284439086914,33796243
XLF,2016-05-17,18.635255813598633,18.71649169921875,18.497156143188477,18.578392028808594,15.356992721557617,45457629
XLF,2016-05-18,18.521526336669922,18.919578552246094,18.521526336669922,18.903331756591797,15.625588417053223,96899150
XLF,2016-05-19,18.81397247314453,18.903331756591797,18.610885620117188,18.724613189697266,15.477861404418945,66203303
XLF,2016-05-20,18.82209587097168,18.960195541381836,18.789602279663086,18.854589462280273,15.585295677185059,35765351
XLF,2016-05-23,18.81397247314453,18.903331756591797,18.757108688354492,18.838342666625977,15.57186508178711,38575724
XLF,2016-05-24,18.968318939208984,19.16328239440918,18.94394874572754,19.122665405273438,15.806889533996582,47386483
XLF,2016-05-25,19.203899383544922,19.423233032226562,19.195775985717773,19.32575035095215,15.974760055541992,51504178
XLF,2016-05-26,19.33387565612793,19.358245849609375,19.187652587890625,19.21202278137207,15.880751609802246,36198417
XLF,2016-05-27,19.244516372680664,19.350122451782227,19.22014617919922,19.341997146606445,15.988191604614258,37026264
XLF,2016-05-31,19.43947982788086,19.43947982788086,19.228269577026367,19.293258666992188,15.947905540466309,40884834
XLF,2016-06-01,19.1551570892334,19.358245849609375,19.073923110961914,19.33387565612793,15.981484413146973,38452378
XLF,2016-06-02,19.285133361816406,19.374492645263672,19.22014617919922,19.374492645263672,16.01505470275879,28227076
XLF,2016-06-03,19.1389102935791,19.1551570892334,18.895206451416016,19.09829330444336,15.786742210388184,86083215
XLF,2016-06-06,19.10641860961914,19.301380157470703,19.090171813964844,19.21202278137207,15.880751609802246,46925474
XLF,2016-06-07,19.228269577026367,19.285133361816406,19.1551570892334,19.171405792236328,15.847176551818848,26503799
XLF,2016-06-08,19.1389102935791,19.236392974853516,19.1389102935791,19.187652587890625,15.860611915588379,30469958
XLF,2016-06-09,19.073923110961914,19.10641860961914,18.952070236206055,19.04955291748047,15.74644947052002,39571234
XLF,2016-06-10,18.830219268798828,18.903331756591797,18.757108688354492,18.81397247314453,15.551727294921875,47349676
XLF,2016-06-13,18.70836639404297,18.927701950073242,18.675872802734375,18.683996200561523,15.444284439086914,56062079
XLF,2016-06-14,18.610885620117188,18.70836639404297,18.31031608581543,18.407798767089844,15.21597957611084,66888232
XLF,2016-06-15,18.456539154052734,18.64337921142578,18.415922164916992,18.43216896057129,15.236123085021973,58034633
XLF,2016-06-16,18.285945892333984,18.497156143188477,18.180341720581055,18.48090934753418,15.276409149169922,71488109
XLF,2016-06-17,18.407798767089844,18.456539154052734,18.285945892333984,18.3671817779541,15.263587951660156,46524537
XLF,2016-06-20,18.659626007080078,18.757108688354492,18.464662551879883,18.47278594970703,15.351347923278809,70566829
XLF,2016-06-21,18.5458984375,18.619009017944336,18.464662551879883,18.578392028808594,15.439109802246094,40308110
XLF,2016-06-22,18.578392028808594,18.71649169921875,18.521526336669922,18.562145233154297,15.42560863494873,54005201
XLF,2016-06-23,18.781478881835938,18.952070236206055,18.77335548400879,18.952070236206055,15.749641418457031,73745517
XLF,2016-06-24,17.96100616455078,18.350933074951172,17.87164878845215,17.93663787841797,14.905792236328125,165914672
XLF,2016-06-27,17.668561935424805,17.69293212890625,17.31925392150879,17.42485809326172,14.48049259185791,140642119
XLF,2016-06-28,17.74167251586914,17.87164878845215,17.587326049804688,17.87164878845215,14.851786613464355,109722231
XLF,2016-06-29,18.0259952545166,18.277822494506836,17.98537826538086,18.277822494506836,15.1893310546875,100009025
XLF,2016-06-30,18.334686279296875,18.570268630981445,18.245328903198242,18.570268630981445,15.432351112365723,72707045
XLF,2016-07-01,18.497156143188477,18.60276222229004,18.440292358398438,18.47278594970703,15.351347923278809,45095346
XLF,2016-07-05,18.294069290161133,18.342811584472656,18.107229232788086,18.19658851623535,15.121817588806152,59557011
XLF,2016-07-06,18.0422420501709,18.269699096679688,18.001625061035156,18.245328903198242,15.162322998046875,58561132
XLF,2016-07-07,18.30219268798828,18.42404556274414,18.180341720581055,18.269699096679688,15.182573318481445,65731461
XLF,2016-07-08,18.521526336669922,18.64337921142578,18.497156143188477,18.619009017944336,15.472859382629395,55327418
XLF,2016-07-11,18.71649169921875,18.781478881835938,18.659626007080078,18.724613189697266,15.560623168945312,42557517
XLF,2016-07-12,18.862712860107422,18.98456573486328,18.838342666625977,18.960195541381836,15.75639533996582,55059306
XLF,2016-07-13,18.94394874572754,19.000812530517578,18.854589462280273,18.960195541381836,15.75639533996582,57377156
XLF,2016-07-14,19.33387565612793,19.33387565612793,19.090171813964844,19.1389102935791,15.90491008758545,67039521
XLF,2016-07-15,19.21202278137207,19.228269577026367,18.98456573486328,19.10641860961914,15.877913475036621,62710956
XLF,2016-07-18,19.114540100097656,19.195775985717773,19.09829330444336,19.171405792236328,15.931910514831543,38953149
XLF,2016-07-19,19.082046508789062,19.187652587890625,19.057676315307617,19.179529190063477,15.938663482666016,30777585
XLF,2016-07-20,19.252639770507812,19.252639770507812,19.130788803100586,19.21202278137207,15.965666770935059,31817657
XLF,2016-07-21,19.187652587890625,19.22014617919922,19.090171813964844,19.114540100097656,15.884662628173828,36524509
XLF,2016-07-22,19.1389102935791,19.244516372680664,19.10641860961914,19.236392974853516,15.985922813415527,23484772
XLF,2016-07-25,19.203899383544922,19.244516372680664,19.1389102935791,19.195775985717773,15.952171325683594,37096308
XLF,2016-07-26,19.147035598754883,19.236392974853516,19.130788803100586,19.21202278137207,15.965666770935059,34484126
XLF,2016-07-27,19.179529190063477,19.26076316833496,19.1389102935791,19.203899383544922,15.9589204788208,50709937
XLF,2016-07-28,19.1551570892334,19.285133361816406,19.090171813964844,19.244516372680664,15.992677688598633,33001387
XLF,2016-07-29,19.171405792236328,19.301380157470703,19.171405792236328,19.21202278137207,15.965666770935059,54440606
XLF,2016-08-01,19.228269577026367,19.30950355529785,19.122665405273438,19.16328239440918,15.925167083740234,39409726
XLF,2016-08-02,19.10641860961914,19.179529190063477,18.952070236206055,19.000812530517578,15.79014778137207,39709475
XLF,2016-08-03,19.000812530517578,19.203899383544922,19.000812530517578,19.195775985717773,15.952171325683594,33511513
XLF,2016-08-04,19.179529190063477,19.21202278137207,19.10641860961914,19.147035598754883,15.911661148071289,31363295
XLF,2016-08-05,19.350122451782227,19.512590408325195,19.293258666992188,19.512590408325195,16.215456008911133,51542339
XLF,2016-08-08,19.569456100463867,19.593826293945312,19.4800968170166,19.536962509155273,16.23570442199707,45019886
XLF,2016-08-09,19.528837203979492,19.585702896118164,19.50446891784668,19.55320930480957,16.24920082092285,32239890
XLF,2016-08-10,19.536962509155273,19.569456100463867,19.366369247436523,19.398862838745117,16.120941162109375,33545242
XLF,2016-08-11,19.43947982788086,19.48822021484375,19.366369247436523,19.43947982788086,16.154685974121094,25139605
XLF,2016-08-12,19.30950355529785,19.415109634399414,19.301380157470703,19.38261604309082,16.107440948486328,28861534
XLF,2016-08-15,19.455726623535156,19.528837203979492,19.43947982788086,19.512590408325195,16.215456008911133,26275941
XLF,2016-08-16,19.4800968170166,19.512590408325195,19.415109634399414,19.463851928710938,16.17494773864746,27637427
XLF,2016-08-17,19.463851928710938,19.536962509155273,19.415109634399414,19.528837203979492,16.228954315185547,25676567
XLF,2016-08-18,19.4963436126709,19.55320930480957,19.455726623535156,19.512590408325195,16.215456008911133,26595016
XLF,2016-08-19,19.455726623535156,19.520715713500977,19.38261604309082,19.50446891784668,16.208694458007812,31510153
XLF,2016-08-22,19.471973419189453,19.520715713500977,19.423233032226562,19.50446891784668,16.208694458007812,32517481
XLF,2016-08-23,19.577579498291016,19.626319885253906,19.528837203979492,19.528837203979492,16.228954315185547,29855443
XLF,2016-08-24,19.536962509155273,19.585702896118164,19.471973419189453,19.520715713500977,16.222200393676758,24299201
XLF,2016-08-25,19.4963436126709,19.593826293945312,19.471973419189453,19.56133270263672,16.255952835083008,27249662
XLF,2016-08-26,19.618196487426758,19.731924057006836,19.463851928710938,19.585702896118164,16.276208877563477,64953346
XLF,2016-08-29,19.634443283081055,19.82940673828125,19.61007308959961,19.756296157836914,16.417972564697266,40451522
XLF,2016-08-30,19.788789749145508,19.935012817382812,19.764419555664062,19.935012817382812,16.56649398803711,39359132
XLF,2016-08-31,19.94313621520996,19.967506408691406,19.788789749145508,19.95125961303711,16.579992294311523,56386078
XLF,2016-09-01,20.0,20.016246795654297,19.71567726135254,19.870023727416992,16.512483596801758,62960480
XLF,2016-09-02,19.89439582824707,20.016246795654297,19.870023727416992,19.959383010864258,16.58674430847168,66918391
XLF,2016-09-06,19.95125961303711,19.983753204345703,19.77254295349121,19.926889419555664,16.55974006652832,60299920
XLF,2016-09-07,19.853776931762695,19.94313621520996,19.813159942626953,19.918764114379883,16.552989959716797,38671003
XLF,2016-09-08,19.918764114379883,19.975629806518555,19.861900329589844,19.902517318725586,16.539487838745117,72066064
XLF,2016-09-09,19.788789749145508,19.861900329589844,19.528837203979492,19.528837203979492,16.228954315185547,66476831
XLF,2016-09-12,19.43947982788086,19.8212833404541,19.350122451782227,19.748172760009766,16.411222457885742,87153077
XLF,2016-09-13,19.520715713500977,19.569456100463867,19.32575035095215,19.398862838745117,16.120941162109375,83230864
XLF,2016-09-14,19.398862838745117,19.528837203979492,19.293258666992188,19.350122451782227,16.080434799194336,82876829
XLF,2016-09-15,19.30950355529785,19.520715713500977,19.26888656616211,19.463851928710938,16.17494773864746,68626527
XLF,2016-09-16,19.293258666992188,19.301380157470703,19.130788803100586,19.187652587890625,16.021648406982422,75235766
XLF,2016-09-19,19.18000030517578,19.450000762939453,19.18000030517578,19.309999465942383,16.123802185058594,50396100
XLF,2016-09-20,19.450000762939453,19.479999542236328,19.290000915527344,19.31999969482422,16.132152557373047,39903200
XLF,2016-09-21,19.40999984741211,19.459999084472656,19.25,19.440000534057617,16.23235511779785,64029700
XLF,2016-09-22,19.540000915527344,19.559999465942383,19.440000534057617,19.479999542236328,16.265756607055664,38355700
XLF,2016-09-23,19.40999984741211,19.510000228881836,19.350000381469727,19.3799991607666,16.182252883911133,59009500
XLF,2016-09-26,19.260000228881836,19.270000457763672,19.020000457763672,19.06999969482422,15.923404693603516,54189000
XLF,2016-09-27,19.0,19.239999771118164,18.940000534057617,19.219999313354492,16.048656463623047,47620000
XLF,2016-09-28,19.299999237060547,19.34000015258789,19.1200008392334,19.309999465942383,16.123802185058594,42936400
XLF,2016-09-29,19.299999237060547,19.399999618530273,18.940000534057617,19.040000915527344,15.898358345031738,62580800
XLF,2016-09-30,19.139999389648438,19.399999618530273,19.110000610351562,19.299999237060547,16.11545181274414,47336900
XLF,2016-10-03,19.239999771118164,19.309999465942383,19.15999984741211,19.209999084472656,16.04030418395996,33170500
XLF,2016-10-04,19.260000228881836,19.43000030517578,19.190000534057617,19.290000915527344,16.10711669921875,68471600
XLF,2016-10-05,19.3700008392334,19.639999389648438,19.34000015258789,19.600000381469727,16.365957260131836,58651900
XLF,2016-10-06,19.649999618530273,19.65999984741211,19.459999084472656,19.6299991607666,16.391002655029297,53337300
XLF,2016-10-07,19.549999237060547,19.65999984741211,19.489999771118164,19.6200008392334,16.382654190063477,55532800
XLF,2016-10-10,19.719999313354492,19.809999465942383,19.700000762939453,19.719999313354492,16.466157913208008,37997400
XLF,2016-10-11,19.65999984741211,19.719999313354492,19.40999984741211,19.540000915527344,16.315860748291016,78581200
XLF,2016-10-12,19.520000457763672,19.649999618530273,19.489999771118164,19.520000457763672,16.299158096313477,51378700
XLF,2016-10-13,19.360000610351562,19.3700008392334,19.110000610351562,19.329999923706055,16.1405086517334,73171100
XLF,2016-10-14,19.559999465942383,19.6200008392334,19.360000610351562,19.420000076293945,16.215656280517578,76176500
XLF,2016-10-17,19.43000030517578,19.469999313354492,19.280000686645508,19.329999923706055,16.1405086517334,41236100
XLF,2016-10-18,19.530000686645508,19.549999237060547,19.40999984741211,19.489999771118164,16.274105072021484,45958700
XLF,2016-10-19,19.549999237060547,19.709999084472656,19.530000686645508,19.65999984741211,16.416057586669922,49835900
XLF,2016-10-20,19.639999389648438,19.780000686645508,19.579999923706055,19.65999984741211,16.416057586669922,56238200
XLF,2016-10-21,19.5,19.670000076293945,19.469999313354492,19.649999618530273,16.40770149230957,39543100
XLF,2016-10-24,19.739999771118164,19.809999465942383,19.700000762939453,19.709999084472656,16.457809448242188,33808700
XLF,2016-10-25,19.75,19.760000228881836,19.639999389648438,19.690000534057617,16.44110679626465,36177800
XLF,2016-10-26,19.600000381469727,19.84000015258789,19.579999923706055,19.809999465942383,16.541301727294922,40419200
XLF,2016-10-27,19.920000076293945,19.950000762939453,19.770000457763672,19.860000610351562,16.583059310913086,45545800
XLF,2016-10-28,19.899999618530273,19.920000076293945,19.6200008392334,19.770000457763672,16.507905960083008,55749900
XLF,2016-10-31,19.8700008392334,19.8700008392334,19.739999771118164,19.739999771118164,16.48285675048828,38579100
XLF,2016-11-01,19.809999465942383,19.860000610351562,19.5,19.65999984741211,16.416057586669922,62758900
XLF,2016-11-02,19.6200008392334,19.6299991607666,19.440000534057617,19.530000686645508,16.30750846862793,66529900
XLF,2016-11-03,19.549999237060547,19.729999542236328,19.520000457763672,19.549999237060547,16.324209213256836,53462100
XLF,2016-11-04,19.559999465942383,19.649999618530273,19.399999618530273,19.489999771118164,16.274105072021484,64891400
XLF,2016-11-07,19.81999969482422,19.989999771118164,19.799999237060547,19.979999542236328,16.683256149291992,59001800
XLF,2016-11-08,19.920000076293945,20.09000015258789,19.790000915527344,19.989999771118164,16.691606521606445,63290400
XLF,2016-11-09,20.540000915527344,20.940000534057617,20.110000610351562,20.84000015258789,17.401351928710938,268936600
XLF,2016-11-10,21.15999984741211,21.700000762939453,21.079999923706055,21.610000610351562,18.044294357299805,241635500
XLF,2016-11-11,21.469999313354492,21.700000762939453,21.399999618530273,21.670000076293945,18.09440040588379,134954500
XLF,2016-11-14,21.8799991607666,22.329999923706055,21.850000381469727,22.200000762939453,18.536954879760742,261730900
XLF,2016-11-15,22.010000228881836,22.200000762939453,21.790000915527344,22.18000030517578,18.520254135131836,122754500
XLF,2016-11-16,21.979999542236328,22.030000686645508,21.799999237060547,21.860000610351562,18.2530460357666,117887700
XLF,2016-11-17,21.860000610351562,22.18000030517578,21.809999465942383,22.15999984741211,18.50354766845703,98536400
XLF,2016-11-18,22.139999389648438,22.239999771118164,22.059999465942383,22.15999984741211,18.50354766845703,92344300
XLF,2016-11-21,22.280000686645508,22.299999237060547,22.09000015258789,22.239999771118164,18.57035255432129,71943900
XLF,2016-11-22,22.34000015258789,22.350000381469727,22.1200008392334,22.25,18.578697204589844,98286500
XLF,2016-11-23,22.34000015258789,22.40999984741211,22.170000076293945,22.3799991607666,18.687246322631836,101948400
XLF,2016-11-25,22.43000030517578,22.450000762939453,22.31999969482422,22.40999984741211,18.712295532226562,33114800
XLF,2016-11-28,22.25,22.3799991607666,22.09000015258789,22.149999618530273,18.495197296142578,99791400
XLF,2016-11-29,22.190000534057617,22.280000686645508,22.110000610351562,22.209999084472656,18.545297622680664,74645700
XLF,2016-11-30,22.520000457763672,22.56999969482422,22.43000030517578,22.510000228881836,18.795795440673828,98843700
XLF,2016-12-01,22.6299991607666,22.950000762939453,22.600000381469727,22.899999618530273,19.12144660949707,120088300
XLF,2016-12-02,22.84000015258789,22.850000381469727,22.549999237060547,22.649999618530273,18.912694931030273,82108300
XLF,2016-12-05,22.850000381469727,23.0,22.790000915527344,22.920000076293945,19.138147354125977,95145700
XLF,2016-12-06,23.06999969482422,23.139999389648438,22.84000015258789,23.1200008392334,19.30515480041504,79142600
XLF,2016-12-07,23.18000030517578,23.5,23.100000381469727,23.479999542236328,19.605741500854492,120172500
XLF,2016-12-08,23.610000610351562,23.84000015258789,23.469999313354492,23.700000762939453,19.78944969177246,116856500
XLF,2016-12-09,23.700000762939453,23.75,23.530000686645508,23.75,19.831199645996094,95677300
XLF,2016-12-12,23.68000030517578,23.780000686645508,23.459999084472656,23.520000457763672,19.639148712158203,85143200
XLF,2016-12-13,23.579999923706055,23.719999313354492,23.3799991607666,23.579999923706055,19.689247131347656,113420700
XLF,2016-12-14,23.399999618530273,23.829999923706055,23.309999465942383,23.469999313354492,19.597400665283203,142995800
XLF,2016-12-15,23.59000015258789,23.8700008392334,23.5,23.670000076293945,19.76439666748047,110426000
XLF,2016-12-16,23.68000030517578,23.690000534057617,23.329999923706055,23.360000610351562,19.5941219329834,83096500
XLF,2016-12-19,23.389999389648438,23.43000030517578,23.18000030517578,23.3700008392334,19.602516174316406,73717600
XLF,2016-12-20,23.510000228881836,23.65999984741211,23.510000228881836,23.65999984741211,19.84576416015625,60793600
XLF,2016-12-21,23.65999984741211,23.670000076293945,23.520000457763672,23.600000381469727,19.795433044433594,37738000
XLF,2016-12-22,23.59000015258789,23.59000015258789,23.459999084472656,23.540000915527344,19.74510955810547,37796100
XLF,2016-12-23,23.540000915527344,23.579999923706055,23.469999313354492,23.579999923706055,19.778657913208008,18276700
XLF,2016-12-27,23.6299991607666,23.639999389648438,23.579999923706055,23.610000610351562,19.80381965637207,38241100
XLF,2016-12-28,23.649999618530273,23.670000076293945,23.350000381469727,23.3700008392334,19.602516174316406,30834400
XLF,2016-12-29,23.389999389648438,23.43000030517578,23.100000381469727,23.200000762939453,19.45992088317871,39251800
XLF,2016-12-30,23.290000915527344,23.329999923706055,23.170000076293945,23.25,19.501853942871094,44761200
XLF,2017-01-03,23.610000610351562,23.670000076293945,23.260000228881836,23.510000228881836,19.719942092895508,71259900
XLF,2017-01-04,23.579999923706055,23.729999542236328,23.510000228881836,23.700000762939453,19.879310607910156,45092200
XLF,2017-01-05,23.6299991607666,23.65999984741211,23.239999771118164,23.459999084472656,19.678003311157227,62201100
XLF,2017-01-06,23.549999237060547,23.639999389648438,23.420000076293945,23.540000915527344,19.74510955810547,38060800
XLF,2017-01-09,23.479999542236328,23.530000686645508,23.329999923706055,23.3799991607666,19.61089515686035,34022400
XLF,2017-01-10,23.420000076293945,23.6299991607666,23.309999465942383,23.43000030517578,19.652841567993164,46212100
XLF,2017-01-11,23.459999084472656,23.579999923706055,23.299999237060547,23.579999923706055,19.778657913208008,48001200
XLF,2017-01-12,23.469999313354492,23.5,23.18000030517578,23.3799991607666,19.61089515686035,57418100
XLF,2017-01-13,23.540000915527344,23.790000915527344,23.40999984741211,23.510000228881836,19.719942092895508,72479700
XLF,2017-01-17,23.34000015258789,23.350000381469727,22.940000534057617,22.950000762939453,19.25022315979004,96657800
XLF,2017-01-18,23.06999969482422,23.170000076293945,22.850000381469727,23.139999389648438,19.40959358215332,68289100
XLF,2017-01-19,23.190000534057617,23.25,22.959999084472656,23.040000915527344,19.325712203979492,56729700
XLF,2017-01-20,23.110000610351562,23.229999542236328,23.030000686645508,23.149999618530273,19.41797637939453,74805200
XLF,2017-01-23,23.049999237060547,23.190000534057617,22.920000076293945,23.0,19.292158126831055,46651200
XLF,2017-01-24,23.110000610351562,23.3799991607666,23.010000228881836,23.290000915527344,19.535411834716797,45229500
XLF,2017-01-25,23.540000915527344,23.690000534057617,23.43000030517578,23.68000030517578,19.86253547668457,92850100
XLF,2017-01-26,23.719999313354492,23.799999237060547,23.610000610351562,23.739999771118164,19.912858963012695,70704400
XLF,2017-01-27,23.739999771118164,23.75,23.579999923706055,23.649999618530273,19.837371826171875,43944500
XLF,2017-01-30,23.5,23.510000228881836,23.25,23.459999084472656,19.678003311157227,46168800
XLF,2017-01-31,23.34000015258789,23.520000457763672,23.18000030517578,23.309999465942383,19.552183151245117,56477300
XLF,2017-02-01,23.489999771118164,23.610000610351562,23.270000457763672,23.34000015258789,19.57733726501465,72132200
XLF,2017-02-02,23.209999084472656,23.360000610351562,23.100000381469727,23.25,19.501853942871094,39396500
XLF,2017-02-03,23.649999618530273,23.739999771118164,23.440000534057617,23.719999313354492,19.896085739135742,86346600
XLF,2017-02-06,23.579999923706055,23.780000686645508,23.559999465942383,23.610000610351562,19.80381965637207,34952100
XLF,2017-02-07,23.75,23.760000228881836,23.520000457763672,23.549999237060547,19.753490447998047,50838500
XLF,2017-02-08,23.549999237060547,23.549999237060547,23.280000686645508,23.389999389648438,19.61928367614746,54341100
XLF,2017-02-09,23.389999389648438,23.739999771118164,23.329999923706055,23.709999084472656,19.887704849243164,76813700
XLF,2017-02-10,23.850000381469727,23.860000610351562,23.690000534057617,23.780000686645508,19.946414947509766,55078700
XLF,2017-02-13,23.93000030517578,24.15999984741211,23.889999389648438,24.049999237060547,20.172889709472656,76687000
XLF,2017-02-14,24.030000686645508,24.360000610351562,23.989999771118164,24.329999923706055,20.407747268676758,75954300
XLF,2017-02-15,24.450000762939453,24.56999969482422,24.270000457763672,24.520000457763672,20.56712532043457,76869400
XLF,2017-02-16,24.489999771118164,24.530000686645508,24.309999465942383,24.459999084472656,20.51679039001465,64048200
XLF,2017-02-17,24.280000686645508,24.469999313354492,24.25,24.469999313354492,20.525177001953125,54156600
XLF,2017-02-21,24.600000381469727,24.649999618530273,24.510000228881836,24.59000015258789,20.625837326049805,55216100
XLF,2017-02-22,24.489999771118164,24.68000030517578,24.450000762939453,24.610000610351562,20.64261245727539,50438900
XLF,2017-02-23,24.6200008392334,24.670000076293945,24.469999313354492,24.610000610351562,20.64261245727539,53509400
XLF,2017-02-24,24.350000381469727,24.479999542236328,24.309999465942383,24.420000076293945,20.48324203491211,61686800
XLF,2017-02-27,24.450000762939453,24.600000381469727,24.440000534057617,24.549999237060547,20.592275619506836,39655000
XLF,2017-02-28,24.459999084472656,24.549999237060547,24.3799991607666,24.540000915527344,20.58389663696289,48913000
XLF,2017-03-01,25.010000228881836,25.290000915527344,24.979999542236328,25.239999771118164,21.17104721069336,92150000
XLF,2017-03-02,25.290000915527344,25.299999237060547,24.84000015258789,24.850000381469727,20.84391975402832,69446200
XLF,2017-03-03,24.8700008392334,25.030000686645508,24.860000610351562,24.969999313354492,20.94457244873047,57652800
XLF,2017-03-06,24.81999969482422,24.860000610351562,24.670000076293945,24.780000686645508,20.785207748413086,49017200
XLF,2017-03-07,24.81999969482422,24.81999969482422,24.649999618530273,24.709999084472656,20.726486206054688,53726500
XLF,2017-03-08,24.979999542236328,25.059999465942383,24.709999084472656,24.719999313354492,20.734872817993164,104601000
XLF,2017-03-09,24.81999969482422,24.940000534057617,24.700000762939453,24.809999465942383,20.810365676879883,60804100
XLF,2017-03-10,24.93000030517578,24.950000762939453,24.6299991607666,24.790000915527344,20.793590545654297,62148600
XLF,2017-03-13,24.81999969482422,24.8799991607666,24.700000762939453,24.850000381469727,20.84391975402832,49418400
XLF,2017-03-14,24.75,24.799999237060547,24.600000381469727,24.780000686645508,20.785207748413086,49511100
XLF,2017-03-15,24.81999969482422,24.920000076293945,24.6299991607666,24.739999771118164,20.751649856567383,86455100
XLF,2017-03-16,24.84000015258789,24.969999313354492,24.770000457763672,24.780000686645508,20.785207748413086,89233700
XLF,2017-03-17,24.75,24.760000228881836,24.450000762939453,24.450000762939453,20.581491470336914,83056800
XLF,2017-03-20,24.399999618530273,24.469999313354492,24.25,24.25,20.41314125061035,78676400
XLF,2017-03-21,24.360000610351562,24.3799991607666,23.510000228881836,23.56999969482422,19.84072494506836,192257000
XLF,2017-03-22,23.399999618530273,23.6299991607666,23.229999542236328,23.520000457763672,19.798641204833984,133199500
XLF,2017-03-23,23.489999771118164,23.84000015258789,23.440000534057617,23.56999969482422,19.84072494506836,85238900
XLF,2017-03-24,23.610000610351562,23.729999542236328,23.3799991607666,23.540000915527344,19.81547737121582,97583400
XLF,2017-03-27,23.040000915527344,23.459999084472656,22.979999542236328,23.450000762939453,19.739715576171875,103963000
XLF,2017-03-28,23.3700008392334,23.860000610351562,23.3700008392334,23.770000457763672,20.00908851623535,82301100
XLF,2017-03-29,23.729999542236328,23.770000457763672,23.600000381469727,23.6200008392334,19.882822036743164,76524100
XLF,2017-03-30,23.639999389648438,23.989999771118164,23.610000610351562,23.93000030517578,20.143768310546875,92566000
XLF,2017-03-31,23.84000015258789,23.90999984741211,23.729999542236328,23.729999542236328,19.97541046142578,70540000
XLF,2017-04-03,23.770000457763672,23.829999923706055,23.399999618530273,23.68000030517578,19.93332290649414,93489100
XLF,2017-04-04,23.579999923706055,23.700000762939453,23.540000915527344,23.649999618530273,19.90806770324707,105795900
XLF,2017-04-05,23.8700008392334,23.959999084472656,23.469999313354492,23.469999313354492,19.75655174255371,104651200
XLF,2017-04-06,23.450000762939453,23.719999313354492,23.329999923706055,23.6200008392334,19.882822036743164,80802100
XLF,2017-04-07,23.440000534057617,23.68000030517578,23.399999618530273,23.520000457763672,19.798641204833984,61525700
XLF,2017-04-10,23.520000457763672,23.670000076293945,23.3799991607666,23.459999084472656,19.748132705688477,60429000
XLF,2017-04-11,23.34000015258789,23.43000030517578,23.149999618530273,23.389999389648438,19.689207077026367,83801200
XLF,2017-04-12,23.360000610351562,23.3799991607666,23.139999389648438,23.200000762939453,19.529273986816406,74023000
XLF,2017-04-13,23.110000610351562,23.3700008392334,22.899999618530273,22.899999618530273,19.2767333984375,120159300
XLF,2017-04-17,22.959999084472656,23.309999465942383,22.889999389648438,23.299999237060547,19.613449096679688,86681200
XLF,2017-04-18,23.139999389648438,23.25,22.940000534057617,23.079999923706055,19.428253173828125,74890400
XLF,2017-04-19,23.229999542236328,23.31999969482422,22.979999542236328,23.010000228881836,19.369335174560547,55583800
XLF,2017-04-20,23.18000030517578,23.450000762939453,23.09000015258789,23.399999618530273,19.69762420654297,85720400
XLF,2017-04-21,23.34000015258789,23.43000030517578,23.149999618530273,23.15999984741211,19.49559783935547,94675300
XLF,2017-04-24,23.690000534057617,23.809999465942383,23.59000015258789,23.68000030517578,19.93332290649414,98770600
XLF,2017-04-25,23.889999389648438,24.010000228881836,23.860000610351562,23.889999389648438,20.11009979248047,71026100
XLF,2017-04-26,23.860000610351562,24.09000015258789,23.81999969482422,23.8700008392334,20.093265533447266,71691200
XLF,2017-04-27,23.920000076293945,23.920000076293945,23.6200008392334,23.760000228881836,20.000667572021484,68871800
XLF,2017-04-28,23.770000457763672,23.790000915527344,23.530000686645508,23.530000686645508,19.807056427001953,64091900
XLF,2017-05-01,23.649999618530273,23.799999237060547,23.549999237060547,23.68000030517578,19.93332290649414,69086600
XLF,2017-05-02,23.68000030517578,23.709999084472656,23.520000457763672,23.649999618530273,19.90806770324707,76511500
XLF,2017-05-03,23.56999969482422,23.84000015258789,23.549999237060547,23.84000015258789,20.068004608154297,78115400
XLF,2017-05-04,23.989999771118164,24.06999969482422,23.780000686645508,23.8799991607666,20.101680755615234,64482800
XLF,2017-05-05,23.950000762939453,23.959999084472656,23.760000228881836,23.84000015258789,20.068004608154297,46881500
XLF,2017-05-08,23.8700008392334,23.90999984741211,23.780000686645508,23.81999969482422,20.05117416381836,45893000
XLF,2017-05-09,23.8799991607666,23.959999084472656,23.649999618530273,23.729999542236328,19.97541046142578,65737900
XLF,2017-05-10,23.690000534057617,23.809999465942383,23.649999618530273,23.809999465942383,20.042757034301758,51192700
XLF,2017-05-11,23.719999313354492,23.760000228881836,23.469999313354492,23.65999984741211,19.916492462158203,77266700
XLF,2017-05-12,23.549999237060547,23.56999969482422,23.43000030517578,23.559999465942383,19.832313537597656,55787200
XLF,2017-05-15,23.610000610351562,23.790000915527344,23.600000381469727,23.739999771118164,19.983827590942383,52192100
XLF,2017-05-16,23.790000915527344,23.829999923706055,23.670000076293945,23.809999465942383,20.042757034301758,51529600
XLF,2017-05-17,23.309999465942383,23.489999771118164,22.969999313354492,23.059999465942383,19.411422729492188,141192800
XLF,2017-05-18,23.030000686645508,23.290000915527344,23.0,23.149999618530273,19.487180709838867,101656900
XLF,2017-05-19,23.190000534057617,23.479999542236328,23.18000030517578,23.350000381469727,19.65553092956543,69775600
XLF,2017-05-22,23.479999542236328,23.479999542236328,23.25,23.40999984741211,19.70604133605957,79181900
XLF,2017-05-23,23.43000030517578,23.65999984741211,23.31999969482422,23.59000015258789,19.857561111450195,65577800
XLF,2017-05-24,23.6200008392334,23.639999389648438,23.479999542236328,23.579999923706055,19.849145889282227,59441200
XLF,2017-05-25,23.6299991607666,23.729999542236328,23.559999465942383,23.6200008392334,19.882822036743164,49362400
XLF,2017-05-26,23.559999465942383,23.68000030517578,23.559999465942383,23.610000610351562,19.87440299987793,42601700
XLF,2017-05-30,23.540000915527344,23.56999969482422,23.399999618530273,23.450000762939453,19.739715576171875,46584200
XLF,2017-05-31,23.450000762939453,23.459999084472656,23.100000381469727,23.25,19.57135581970215,115877900
XLF,2017-06-01,23.3799991607666,23.559999465942383,23.219999313354492,23.540000915527344,19.81547737121582,81187600
XLF,2017-06-02,23.3700008392334,23.56999969482422,23.31999969482422,23.450000762939453,19.739715576171875,83704500
XLF,2017-06-05,23.459999084472656,23.639999389648438,23.459999084472656,23.489999771118164,19.77338981628418,44055800
XLF,2017-06-06,23.309999465942383,23.450000762939453,23.260000228881836,23.389999389648438,19.689207077026367,60397300
XLF,2017-06-07,23.43000030517578,23.6299991607666,23.389999389648438,23.56999969482422,19.84072494506836,83049100
XLF,2017-06-08,23.56999969482422,24.010000228881836,23.549999237060547,23.84000015258789,20.068004608154297,77987000
XLF,2017-06-09,23.989999771118164,24.329999923706055,23.969999313354492,24.290000915527344,20.446809768676758,133216200
XLF,2017-06-12,24.34000015258789,24.510000228881836,24.200000762939453,24.34000015258789,20.488895416259766,86644400
XLF,2017-06-13,24.469999313354492,24.549999237060547,24.399999618530273,24.469999313354492,20.59832763671875,94978600
XLF,2017-06-14,24.260000228881836,24.540000915527344,24.1299991607666,24.510000228881836,20.632003784179688,117605800
XLF,2017-06-15,24.329999923706055,24.540000915527344,24.309999465942383,24.40999984741211,20.547819137573242,59547700
XLF,2017-06-16,24.309999465942383,24.3700008392334,24.219999313354492,24.290000915527344,20.525012969970703,53818800
XLF,2017-06-19,24.450000762939453,24.59000015258789,24.420000076293945,24.540000915527344,20.73625373840332,58041300
XLF,2017-06-20,24.459999084472656,24.479999542236328,24.31999969482422,24.329999923706055,20.558809280395508,45689600
XLF,2017-06-21,24.3700008392334,24.3700008392334,24.1200008392334,24.1299991607666,20.38980484008789,51938200
XLF,2017-06-22,24.040000915527344,24.110000610351562,23.950000762939453,23.979999542236328,20.263063430786133,58380200
XLF,2017-06-23,24.079999923706055,24.09000015258789,23.809999465942383,23.889999389648438,20.1870059967041,85352600
XLF,2017-06-26,23.940000534057617,24.1200008392334,23.860000610351562,24.020000457763672,20.296857833862305,60302300
XLF,2017-06-27,24.110000610351562,24.31999969482422,24.049999237060547,24.139999389648438,20.398256301879883,75943400
XLF,2017-06-28,24.299999237060547,24.559999465942383,24.280000686645508,24.520000457763672,20.719358444213867,90097600
XLF,2017-06-29,25.020000457763672,25.020000457763672,24.510000228881836,24.690000534057617,20.86300277709961,119176700
XLF,2017-06-30,24.8700008392334,24.8799991607666,24.6200008392334,24.670000076293945,20.846105575561523,72754900
XLF,2017-07-03,24.809999465942383,25.190000534057617,24.780000686645508,25.030000686645508,21.150310516357422,61454400
XLF,2017-07-05,25.100000381469727,25.1299991607666,24.920000076293945,25.06999969482422,21.184104919433594,78100200
XLF,2017-07-06,25.059999465942383,25.170000076293945,24.8799991607666,24.8799991607666,21.02355194091797,97648100
XLF,2017-07-07,25.010000228881836,25.100000381469727,24.8799991607666,25.049999237060547,21.167205810546875,59432400
XLF,2017-07-10,25.010000228881836,25.079999923706055,24.93000030517578,25.020000457763672,21.141855239868164,55022500
XLF,2017-07-11,25.0,25.010000228881836,24.729999542236328,24.799999237060547,20.955957412719727,49857200
XLF,2017-07-12,24.799999237060547,24.899999618530273,24.729999542236328,24.8799991607666,21.02355194091797,47818600
XLF,2017-07-13,24.8799991607666,25.030000686645508,24.860000610351562,25.030000686645508,21.150310516357422,48875900
XLF,2017-07-14,24.719999313354492,24.959999084472656,24.59000015258789,24.920000076293945,21.057355880737305,61742300
XLF,2017-07-17,24.850000381469727,24.899999618530273,24.739999771118164,24.84000015258789,20.98975372314453,43257000
XLF,2017-07-18,24.670000076293945,24.84000015258789,24.639999389648438,24.799999237060547,20.955957412719727,63210700
XLF,2017-07-19,24.850000381469727,24.920000076293945,24.719999313354492,24.809999465942383,20.96440315246582,48259400
XLF,2017-07-20,24.829999923706055,24.940000534057617,24.75,24.799999237060547,20.955957412719727,40163500
XLF,2017-07-21,24.729999542236328,24.8799991607666,24.729999542236328,24.799999237060547,20.955957412719727,39108400
XLF,2017-07-24,24.790000915527344,24.940000534057617,24.790000915527344,24.90999984741211,21.048904418945312,26364800
XLF,2017-07-25,25.190000534057617,25.31999969482422,25.149999618530273,25.219999313354492,21.310855865478516,75786800
XLF,2017-07-26,25.25,25.290000915527344,24.989999771118164,25.049999237060547,21.167205810546875,56086500
XLF,2017-07-27,25.100000381469727,25.110000610351562,24.799999237060547,24.90999984741211,21.048904418945312,67826200
XLF,2017-07-28,24.8700008392334,24.979999542236328,24.770000457763672,24.90999984741211,21.048904418945312,43735800
XLF,2017-07-31,25.0,25.18000030517578,24.969999313354492,25.09000015258789,21.20100975036621,43039300
XLF,2017-08-01,25.260000228881836,25.290000915527344,25.139999389648438,25.270000457763672,21.353105545043945,60987500
XLF,2017-08-02,25.299999237060547,25.329999923706055,25.18000030517578,25.309999465942383,21.386905670166016,43341500
XLF,2017-08-03,25.270000457763672,25.309999465942383,25.18000030517578,25.219999313354492,21.310855865478516,40816800
XLF,2017-08-04,25.450000762939453,25.489999771118164,25.34000015258789,25.389999389648438,21.454504013061523,50792900
XLF,2017-08-07,25.389999389648438,25.399999618530273,25.309999465942383,25.350000381469727,21.42070960998535,39486800
XLF,2017-08-08,25.309999465942383,25.59000015258789,25.270000457763672,25.280000686645508,21.361555099487305,52736500
XLF,2017-08-09,25.06999969482422,25.299999237060547,25.06999969482422,25.280000686645508,21.361555099487305,46567000
XLF,2017-08-10,25.1200008392334,25.18000030517578,24.829999923706055,24.829999923706055,20.981311798095703,71130300
XLF,2017-08-11,24.829999923706055,24.959999084472656,24.670000076293945,24.729999542236328,20.896808624267578,50477800
XLF,2017-08-14,24.93000030517578,25.139999389648438,24.920000076293945,25.06999969482422,21.184104919433594,49472900
XLF,2017-08-15,25.280000686645508,25.309999465942383,25.09000015258789,25.09000015258789,21.20100975036621,48535000
XLF,2017-08-16,25.200000762939453,25.239999771118164,25.0,25.040000915527344,21.158754348754883,35084100
XLF,2017-08-17,24.979999542236328,25.020000457763672,24.600000381469727,24.610000610351562,20.79541015625,76613100
XLF,2017-08-18,24.489999771118164,24.799999237060547,24.479999542236328,24.6200008392334,20.80385398864746,71725900
XLF,2017-08-21,24.600000381469727,24.6299991607666,24.450000762939453,24.549999237060547,20.744705200195312,45047200
XLF,2017-08-22,24.649999618530273,24.84000015258789,24.6200008392334,24.81999969482422,20.972858428955078,42644000
XLF,2017-08-23,24.639999389648438,24.8799991607666,24.6200008392334,24.739999771118164,20.90525245666504,36612700
XLF,2017-08-24,24.850000381469727,24.850000381469727,24.690000534057617,24.739999771118164,20.90525245666504,31067200
XLF,2017-08-25,24.790000915527344,24.920000076293945,24.780000686645508,24.809999465942383,20.96440315246582,37177300
XLF,2017-08-28,24.829999923706055,24.84000015258789,24.59000015258789,24.649999618530273,20.829204559326172,36486900
XLF,2017-08-29,24.3700008392334,24.610000610351562,24.350000381469727,24.56999969482422,20.761598587036133,42814200
XLF,2017-08-30,24.610000610351562,24.780000686645508,24.59000015258789,24.670000076293945,20.846105575561523,35176100
XLF,2017-08-31,24.75,24.780000686645508,24.6200008392334,24.700000762939453,20.871456146240234,44225200
XLF,2017-09-01,24.729999542236328,24.90999984741211,24.670000076293945,24.770000457763672,20.93060302734375,42132600
XLF,2017-09-05,24.579999923706055,24.6200008392334,24.170000076293945,24.239999771118164,20.482759475708008,96579200
XLF,2017-09-06,24.329999923706055,24.420000076293945,24.219999313354492,24.299999237060547,20.53346061706543,77593900
XLF,2017-09-07,24.34000015258789,24.360000610351562,23.790000915527344,23.8799991607666,20.178556442260742,87667800
XLF,2017-09-08,23.899999618530273,24.190000534057617,23.850000381469727,24.100000381469727,20.364459991455078,68639500
XLF,2017-09-11,24.3799991607666,24.59000015258789,24.329999923706055,24.520000457763672,20.719358444213867,73305700
XLF,2017-09-12,24.610000610351562,24.829999923706055,24.59000015258789,24.809999465942383,20.96440315246582,66350600
XLF,2017-09-13,24.770000457763672,24.860000610351562,24.68000030517578,24.850000381469727,20.998212814331055,51049400
XLF,2017-09-14,24.860000610351562,24.920000076293945,24.75,24.799999237060547,20.955957412719727,47163200
XLF,2017-09-15,24.65999984741211,24.790000915527344,24.6299991607666,24.770000457763672,21.017900466918945,59250200
XLF,2017-09-18,24.860000610351562,25.06999969482422,24.84000015258789,25.059999465942383,21.26397132873535,44010400
XLF,2017-09-19,25.059999465942383,25.309999465942383,25.020000457763672,25.25,21.42519187927246,58443300
XLF,2017-09-20,25.270000457763672,25.489999771118164,25.149999618530273,25.399999618530273,21.55246925354004,70595500
XLF,2017-09-21,25.34000015258789,25.520000457763672,25.31999969482422,25.459999084472656,21.603378295898438,51050100
XLF,2017-09-22,25.360000610351562,25.459999084472656,25.290000915527344,25.43000030517578,21.577932357788086,42306600
XLF,2017-09-25,25.399999618530273,25.489999771118164,25.229999542236328,25.399999618530273,21.55246925354004,39774600
XLF,2017-09-26,25.440000534057617,25.479999542236328,25.31999969482422,25.389999389648438,21.543983459472656,46811000
XLF,2017-09-27,25.709999084472656,25.829999923706055,25.600000381469727,25.700000762939453,21.807024002075195,65919100
XLF,2017-09-28,25.790000915527344,25.799999237060547,25.610000610351562,25.739999771118164,21.840967178344727,37718900
XLF,2017-09-29,25.739999771118164,25.860000610351562,25.700000762939453,25.860000610351562,21.942787170410156,42740800
XLF,2017-10-02,25.809999465942383,26.079999923706055,25.809999465942383,26.079999923706055,22.129457473754883,52774000
XLF,2017-10-03,26.059999465942383,26.170000076293945,26.010000228881836,26.170000076293945,22.205829620361328,48062900
XLF,2017-10-04,26.100000381469727,26.18000030517578,26.040000915527344,26.049999237060547,22.1040096282959,39283800
XLF,2017-10-05,26.079999923706055,26.40999984741211,26.010000228881836,26.31999969482422,22.33310890197754,61260400
XLF,2017-10-06,26.389999389648438,26.459999084472656,26.209999084472656,26.350000381469727,22.358564376831055,66077800
XLF,2017-10-09,26.420000076293945,26.420000076293945,26.190000534057617,26.25,22.27371597290039,31340200
XLF,2017-10-10,26.290000915527344,26.3700008392334,26.219999313354492,26.3700008392334,22.375539779663086,35822500
XLF,2017-10-11,26.309999465942383,26.350000381469727,26.209999084472656,26.31999969482422,22.33310890197754,33748600
XLF,2017-10-12,26.389999389648438,26.399999618530273,26.09000015258789,26.1200008392334,22.163400650024414,53834800
XLF,2017-10-13,25.989999771118164,26.219999313354492,25.889999389648438,26.1299991607666,22.171892166137695,69561400
XLF,2017-10-16,26.149999618530273,26.309999465942383,26.139999389648438,26.299999237060547,22.31613540649414,42000700
XLF,2017-10-17,26.389999389648438,26.399999618530273,26.110000610351562,26.170000076293945,22.205829620361328,37844200
XLF,2017-10-18,26.280000686645508,26.350000381469727,26.170000076293945,26.309999465942383,22.324621200561523,52201500
XLF,2017-10-19,26.1200008392334,26.34000015258789,26.079999923706055,26.329999923706055,22.341594696044922,34671600
XLF,2017-10-20,26.610000610351562,26.65999984741211,26.520000457763672,26.639999389648438,22.60463523864746,56083800
XLF,2017-10-23,26.649999618530273,26.700000762939453,26.559999465942383,26.6200008392334,22.587669372558594,43555200
XLF,2017-10-24,26.709999084472656,26.860000610351562,26.690000534057617,26.809999465942383,22.748884201049805,61259200
XLF,2017-10-25,26.889999389648438,26.920000076293945,26.5,26.649999618530273,22.61312484741211,68653500
XLF,2017-10-26,26.75,26.920000076293945,26.75,26.799999237060547,22.740398406982422,41832600
XLF,2017-10-27,26.75,26.829999923706055,26.610000610351562,26.780000686645508,22.723430633544922,56694400
XLF,2017-10-30,26.75,26.790000915527344,26.600000381469727,26.670000076293945,22.630096435546875,48157500
XLF,2017-10-31,26.670000076293945,26.770000457763672,26.56999969482422,26.600000381469727,22.570697784423828,39890800
XLF,2017-11-01,26.709999084472656,26.829999923706055,26.610000610351562,26.639999389648438,22.60463523864746,40921900
XLF,2017-11-02,26.670000076293945,26.93000030517578,26.540000915527344,26.889999389648438,22.81676483154297,51098300
XLF,2017-11-03,26.799999237060547,26.81999969482422,26.700000762939453,26.780000686645508,22.723430633544922,42387000
XLF,2017-11-06,26.709999084472656,26.799999237060547,26.65999984741211,26.75,22.69797134399414,33642100
XLF,2017-11-07,26.770000457763672,26.850000381469727,26.309999465942383,26.3799991607666,22.38401985168457,70325500
XLF,2017-11-08,26.329999923706055,26.34000015258789,26.15999984741211,26.25,22.27371597290039,55844900
XLF,2017-11-09,26.079999923706055,26.25,25.889999389648438,26.15999984741211,22.197343826293945,94577000
XLF,2017-11-10,26.18000030517578,26.229999542236328,26.059999465942383,26.079999923706055,22.129457473754883,53209600
XLF,2017-11-13,25.920000076293945,26.18000030517578,25.899999618530273,26.1200008392334,22.163400650024414,50579200
XLF,2017-11-14,26.020000457763672,26.1200008392334,25.93000030517578,26.110000610351562,22.154924392700195,54101800
XLF,2017-11-15,25.8799991607666,26.270000457763672,25.860000610351562,26.18000030517578,22.214319229125977,64952300
XLF,2017-11-16,26.299999237060547,26.360000610351562,26.170000076293945,26.190000534057617,22.222797393798828,53648100
XLF,2017-11-17,26.059999465942383,26.219999313354492,26.030000686645508,26.15999984741211,22.197343826293945,41938700
XLF,2017-11-20,26.209999084472656,26.31999969482422,26.1299991607666,26.280000686645508,22.299175262451172,35232400
XLF,2017-11-21,26.3700008392334,26.399999618530273,26.299999237060547,26.360000610351562,22.36705207824707,35972400
XLF,2017-11-22,26.360000610351562,26.43000030517578,26.229999542236328,26.229999542236328,22.256738662719727,30959400
XLF,2017-11-24,26.329999923706055,26.3799991607666,26.200000762939453,26.219999313354492,22.248252868652344,12172500
XLF,2017-11-27,26.200000762939453,26.34000015258789,26.18000030517578,26.200000762939453,22.231292724609375,42346400
XLF,2017-11-28,26.229999542236328,26.90999984741211,26.209999084472656,26.8799991607666,22.808277130126953,86507000
XLF,2017-11-29,27.139999389648438,27.520000457763672,27.06999969482422,27.34000015258789,23.1986026763916,135340600
XLF,2017-11-30,27.579999923706055,27.8799991607666,27.3799991607666,27.520000457763672,23.351337432861328,135241700
XLF,2017-12-01,27.559999465942383,27.709999084472656,26.950000762939453,27.579999923706055,23.402250289916992,148119600
XLF,2017-12-04,28.040000915527344,28.200000762939453,28.0,28.0,23.75862693786621,99820400
XLF,2017-12-05,28.1200008392334,28.149999618530273,27.780000686645508,27.850000381469727,23.631343841552734,77706200
XLF,2017-12-06,27.75,27.90999984741211,27.670000076293945,27.75,23.546499252319336,60299100
XLF,2017-12-07,27.84000015258789,27.940000534057617,27.579999923706055,27.84000015258789,23.622861862182617,59625500
XLF,2017-12-08,27.979999542236328,28.010000228881836,27.780000686645508,28.010000228881836,23.767108917236328,55001600
XLF,2017-12-11,28.010000228881836,28.049999237060547,27.860000610351562,27.940000534057617,23.707721710205078,43278400
XLF,2017-12-12,28.049999237060547,28.329999923706055,27.959999084472656,28.219999313354492,23.945302963256836,69517100
XLF,2017-12-13,28.190000534057617,28.25,27.850000381469727,27.8700008392334,23.648324966430664,97335300
XLF,2017-12-14,27.969999313354492,28.010000228881836,27.65999984741211,27.690000534057617,23.49558448791504,76970000
XLF,2017-12-15,27.729999542236328,28.0,27.6299991607666,27.809999465942383,23.707000732421875,111826100
XLF,2017-12-18,28.040000915527344,28.200000762939453,27.989999771118164,28.059999465942383,23.92011260986328,61275500
XLF,2017-12-19,28.219999313354492,28.239999771118164,27.940000534057617,27.940000534057617,23.81781578063965,57366300
XLF,2017-12-20,28.170000076293945,28.219999313354492,27.8700008392334,27.889999389648438,23.77519416809082,69680300
XLF,2017-12-21,28.040000915527344,28.209999084472656,28.010000228881836,28.1299991607666,23.979785919189453,46123500
XLF,2017-12-22,28.209999084472656,28.25,27.920000076293945,28.049999237060547,23.911588668823242,43020300
XLF,2017-12-26,28.049999237060547,28.139999389648438,27.860000610351562,27.969999313354492,23.843385696411133,33710100
XLF,2017-12-27,27.989999771118164,28.010000228881836,27.90999984741211,28.0,23.868955612182617,29421000
XLF,2017-12-28,28.06999969482422,28.1200008392334,28.0,28.110000610351562,23.96273422241211,28129700
XLF,2017-12-29,28.200000762939453,28.200000762939453,27.90999984741211,27.90999984741211,23.792245864868164,55169800
XLF,2018-01-02,28.09000015258789,28.09000015258789,27.790000915527344,27.920000076293945,23.800765991210938,55436100
XLF,2018-01-03,27.969999313354492,28.09000015258789,27.8799991607666,28.06999969482422,23.928630828857422,56906200
XLF,2018-01-04,28.229999542236328,28.540000915527344,28.18000030517578,28.329999923706055,24.150279998779297,62247000
XLF,2018-01-05,28.479999542236328,28.479999542236328,28.229999542236328,28.40999984741211,24.218469619750977,37989500
XLF,2018-01-08,28.3799991607666,28.43000030517578,28.270000457763672,28.3700008392334,24.184375762939453,44252100
XLF,2018-01-09,28.489999771118164,28.739999771118164,28.440000534057617,28.59000015258789,24.371923446655273,51418700
XLF,2018-01-10,28.68000030517578,28.950000762939453,28.6299991607666,28.829999923706055,24.576505661010742,64670900
XLF,2018-01-11,28.950000762939453,29.0,28.809999465942383,28.969999313354492,24.695850372314453,42361700
XLF,2018-01-12,29.139999389648438,29.25,28.959999084472656,29.229999542236328,24.91749382019043,44537500
XLF,2018-01-16,29.479999542236328,29.530000686645508,28.989999771118164,29.149999618530273,24.849292755126953,67563800
XLF,2018-01-17,29.229999542236328,29.450000762939453,28.989999771118164,29.3700008392334,25.036836624145508,54312000
XLF,2018-01-18,29.469999313354492,29.479999542236328,29.290000915527344,29.329999923706055,25.002737045288086,49247400
XLF,2018-01-19,29.43000030517578,29.549999237060547,29.3700008392334,29.540000915527344,25.181758880615234,60727800
XLF,2018-01-22,29.549999237060547,29.790000915527344,29.510000228881836,29.780000686645508,25.38634490966797,46868900
XLF,2018-01-23,29.709999084472656,29.860000610351562,29.56999969482422,29.809999465942383,25.411922454833984,60862000
XLF,2018-01-24,29.950000762939453,30.079999923706055,29.770000457763672,30.010000228881836,25.582414627075195,66371000
XLF,2018-01-25,30.1299991607666,30.1299991607666,29.850000381469727,29.950000762939453,25.531265258789062,45423700
XLF,2018-01-26,30.040000915527344,30.18000030517578,29.899999618530273,30.170000076293945,25.718809127807617,33871900
XLF,2018-01-29,30.190000534057617,30.329999923706055,30.030000686645508,30.049999237060547,25.61651039123535,41037700
XLF,2018-01-30,29.829999923706055,30.020000457763672,29.65999984741211,29.65999984741211,25.284055709838867,67316900
XLF,2018-01-31,29.739999771118164,29.889999389648438,29.639999389648438,29.739999771118164,25.352249145507812,49504500
XLF,2018-02-01,29.68000030517578,30.049999237060547,29.670000076293945,30.020000457763672,25.590940475463867,60824200
XLF,2018-02-02,29.959999084472656,30.040000915527344,29.34000015258789,29.360000610351562,25.02831268310547,73086000
XLF,2018-02-05,28.729999542236328,29.209999084472656,27.600000381469727,27.8799991607666,23.76666831970215,147871500
XLF,2018-02-06,27.239999771118164,28.459999084472656,27.170000076293945,28.389999389648438,24.2014217376709,159006400
XLF,2018-02-07,28.34000015258789,28.809999465942383,28.219999313354492,28.40999984741211,24.218469619750977,102699400
XLF,2018-02-08,28.459999084472656,28.510000228881836,27.139999389648438,27.15999984741211,23.152896881103516,135270500
XLF,2018-02-09,27.56999969482422,27.889999389648438,26.760000228881836,27.68000030517578,23.596174240112305,149504900
XLF,2018-02-12,27.959999084472656,28.350000381469727,27.709999084472656,28.06999969482422,23.928630828857422,83571800
XLF,2018-02-13,27.90999984741211,28.25,27.829999923706055,28.190000534057617,24.03093147277832,43365500
XLF,2018-02-14,28.170000076293945,28.8700008392334,28.06999969482422,28.860000610351562,24.602083206176758,57379700
XLF,2018-02-15,29.100000381469727,29.139999389648438,28.700000762939453,29.020000457763672,24.738473892211914,66976000
XLF,2018-02-16,28.8799991607666,29.229999542236328,28.84000015258789,28.979999542236328,24.704378128051758,47508200
XLF,2018-02-20,28.920000076293945,29.209999084472656,28.799999237060547,28.889999389648438,24.627655029296875,58236100
XLF,2018-02-21,28.899999618530273,29.399999618530273,28.8700008392334,28.93000030517578,24.66175651550293,44578800
XLF,2018-02-22,29.0,29.15999984741211,28.6200008392334,28.690000534057617,24.45716094970703,47602700
XLF,2018-02-23,28.780000686645508,29.1200008392334,28.770000457763672,29.1200008392334,24.823719024658203,41187300
XLF,2018-02-26,29.329999923706055,29.559999465942383,29.139999389648438,29.559999465942383,25.19880485534668,55124200
XLF,2018-02-27,29.579999923706055,29.770000457763672,29.260000228881836,29.280000686645508,24.960121154785156,72752100
XLF,2018-02-28,29.43000030517578,29.540000915527344,28.8700008392334,28.8700008392334,24.610607147216797,65254700
XLF,2018-03-01,28.8799991607666,29.110000610351562,28.209999084472656,28.3700008392334,24.184375762939453,82467900
XLF,2018-03-02,28.170000076293945,28.520000457763672,27.889999389648438,28.440000534057617,24.244050979614258,78991200
XLF,2018-03-05,28.219999313354492,29.0,28.209999084472656,28.84000015258789,24.585037231445312,58952100
XLF,2018-03-06,29.0,29.020000457763672,28.65999984741211,28.959999084472656,24.687326431274414,49746100
XLF,2018-03-07,28.600000381469727,28.969999313354492,28.56999969482422,28.90999984741211,24.644704818725586,41530200
XLF,2018-03-08,28.979999542236328,29.040000915527344,28.690000534057617,29.0,24.72142219543457,50803000
XLF,2018-03-09,29.309999465942383,29.719999313354492,29.190000534057617,29.700000762939453,25.318145751953125,54595700
XLF,2018-03-12,29.700000762939453,29.809999465942383,29.549999237060547,29.600000381469727,25.232908248901367,51784500
XLF,2018-03-13,29.739999771118164,29.770000457763672,29.200000762939453,29.270000457763672,24.95159339904785,47049400
XLF,2018-03-14,29.399999618530273,29.399999618530273,28.850000381469727,28.940000534057617,24.670278549194336,57278900
XLF,2018-03-15,29.049999237060547,29.110000610351562,28.860000610351562,28.950000762939453,24.678808212280273,47451600
XLF,2018-03-16,28.90999984741211,29.149999618530273,28.8700008392334,28.8700008392334,24.700191497802734,61278200
XLF,2018-03-19,28.829999923706055,28.93000030517578,28.389999389648438,28.65999984741211,24.520524978637695,52145000
XLF,2018-03-20,28.770000457763672,28.850000381469727,28.65999984741211,28.729999542236328,24.58041000366211,37146500
XLF,2018-03-21,28.780000686645508,29.100000381469727,28.6200008392334,28.719999313354492,24.571855545043945,53291400
XLF,2018-03-22,28.34000015258789,28.450000762939453,27.559999465942383,27.65999984741211,23.664947509765625,85160300
XLF,2018-03-23,27.690000534057617,27.729999542236328,26.770000457763672,26.81999969482422,22.946279525756836,89289500
XLF,2018-03-26,27.360000610351562,27.770000457763672,27.100000381469727,27.690000534057617,23.69062042236328,84145000
XLF,2018-03-27,27.780000686645508,27.899999618530273,26.93000030517578,27.149999618530273,23.228614807128906,78827400
XLF,2018-03-28,27.219999313354492,27.469999313354492,26.850000381469727,27.200000762939453,23.271398544311523,84244500
XLF,2018-03-29,27.31999969482422,27.760000228881836,27.200000762939453,27.56999969482422,23.58795738220215,58290000
XLF,2018-04-02,27.56999969482422,27.600000381469727,26.549999237060547,26.959999084472656,23.066059112548828,74363900
XLF,2018-04-03,27.1299991607666,27.389999389648438,26.889999389648438,27.329999923706055,23.38262176513672,75160400
XLF,2018-04-04,26.84000015258789,27.700000762939453,26.81999969482422,27.6200008392334,23.6307373046875,70327000
XLF,2018-04-05,27.8700008392334,28.040000915527344,27.75,27.84000015258789,23.818954467773438,45378300
XLF,2018-04-06,27.520000457763672,27.700000762939453,26.920000076293945,27.170000076293945,23.245731353759766,88521000
XLF,2018-04-09,27.31999969482422,27.8700008392334,27.270000457763672,27.31999969482422,23.374059677124023,54633200
XLF,2018-04-10,27.760000228881836,27.889999389648438,27.549999237060547,27.729999542236328,23.7248477935791,67801500
XLF,2018-04-11,27.479999542236328,27.610000610351562,27.329999923706055,27.399999618530273,23.442506790161133,52480800
XLF,2018-04-12,27.610000610351562,28.059999465942383,27.59000015258789,27.8799991607666,23.85318374633789,63289100
XLF,2018-04-13,28.219999313354492,28.239999771118164,27.309999465942383,27.459999084472656,23.49384117126465,70103900
XLF,2018-04-16,27.6200008392334,27.780000686645508,27.5,27.579999923706055,23.59650993347168,44633600
XLF,2018-04-17,27.81999969482422,27.850000381469727,27.479999542236328,27.579999923706055,23.59650993347168,50750100
XLF,2018-04-18,27.649999618530273,27.760000228881836,27.389999389648438,27.450000762939453,23.485286712646484,66795500
XLF,2018-04-19,27.5,27.93000030517578,27.479999542236328,27.8700008392334,23.84463119506836,76142000
XLF,2018-04-20,27.920000076293945,28.040000915527344,27.760000228881836,27.8799991607666,23.85318374633789,49800400
XLF,2018-04-23,27.959999084472656,27.989999771118164,27.760000228881836,27.850000381469727,23.827512741088867,45689200
XLF,2018-04-24,28.0,28.170000076293945,27.479999542236328,27.670000076293945,23.673511505126953,69592900
XLF,2018-04-25,27.639999389648438,27.790000915527344,27.3700008392334,27.649999618530273,23.656400680541992,51819000
XLF,2018-04-26,27.6299991607666,27.809999465942383,27.520000457763672,27.65999984741211,23.664947509765625,33456200
XLF,2018-04-27,27.610000610351562,27.770000457763672,27.56999969482422,27.700000762939453,23.699180603027344,47185200
XLF,2018-04-30,27.770000457763672,27.920000076293945,27.440000534057617,27.450000762939453,23.485286712646484,41731400
XLF,2018-05-01,27.389999389648438,27.479999542236328,27.170000076293945,27.459999084472656,23.49384117126465,46372400
XLF,2018-05-02,27.360000610351562,27.469999313354492,27.110000610351562,27.149999618530273,23.228614807128906,45430300
XLF,2018-05-03,27.020000457763672,27.059999465942383,26.459999084472656,26.920000076293945,23.031837463378906,68947900
XLF,2018-05-04,26.760000228881836,27.420000076293945,26.670000076293945,27.270000457763672,23.33128547668457,40575600
XLF,2018-05-07,27.3700008392334,27.559999465942383,27.260000228881836,27.450000762939453,23.485286712646484,36873600
XLF,2018-05-08,27.469999313354492,27.829999923706055,27.459999084472656,27.639999389648438,23.647844314575195,47718500
XLF,2018-05-09,27.770000457763672,28.1200008392334,27.670000076293945,28.049999237060547,23.99863052368164,43817000
XLF,2018-05-10,28.0,28.34000015258789,27.959999084472656,28.280000686645508,24.195411682128906,41445500
XLF,2018-05-11,28.299999237060547,28.450000762939453,28.200000762939453,28.260000228881836,24.178298950195312,25894000
XLF,2018-05-14,28.34000015258789,28.389999389648438,28.190000534057617,28.239999771118164,24.161178588867188,31292900
XLF,2018-05-15,28.200000762939453,28.34000015258789,28.079999923706055,28.190000534057617,24.118410110473633,54655800
XLF,2018-05-16,28.15999984741211,28.31999969482422,28.100000381469727,28.239999771118164,24.161178588867188,31984900
XLF,2018-05-17,28.209999084472656,28.280000686645508,28.0,28.18000030517578,24.109853744506836,45070400
XLF,2018-05-18,28.18000030517578,28.190000534057617,27.940000534057617,27.950000762939453,23.91307258605957,33266100
XLF,2018-05-21,28.110000610351562,28.260000228881836,28.100000381469727,28.149999618530273,24.084182739257812,29647900
XLF,2018-05-22,28.170000076293945,28.5,28.170000076293945,28.34000015258789,24.24673843383789,52841400
XLF,2018-05-23,28.149999618530273,28.239999771118164,27.860000610351562,28.15999984741211,24.092737197875977,44968500
XLF,2018-05-24,28.06999969482422,28.09000015258789,27.65999984741211,27.940000534057617,23.904521942138672,43245200
XLF,2018-05-25,27.809999465942383,27.899999618530273,27.719999313354492,27.850000381469727,23.827512741088867,39312500
XLF,2018-05-29,27.459999084472656,27.5,26.719999313354492,26.920000076293945,23.031837463378906,126469700
XLF,2018-05-30,27.18000030517578,27.520000457763672,27.110000610351562,27.40999984741211,23.451066970825195,65843700
XLF,2018-05-31,27.350000381469727,27.389999389648438,27.100000381469727,27.18000030517578,23.254289627075195,66686900
XLF,2018-06-01,27.510000228881836,27.6299991607666,27.399999618530273,27.479999542236328,23.510955810546875,62934300
XLF,2018-06-04,27.610000610351562,27.670000076293945,27.520000457763672,27.56999969482422,23.58795738220215,44196900
XLF,2018-06-05,27.479999542236328,27.520000457763672,27.309999465942383,27.450000762939453,23.485286712646484,44996800
XLF,2018-06-06,27.610000610351562,27.969999313354492,27.579999923706055,27.950000762939453,23.91307258605957,61960000
XLF,2018-06-07,28.06999969482422,28.18000030517578,27.850000381469727,28.040000915527344,23.99007225036621,65166100
XLF,2018-06-08,28.010000228881836,28.110000610351562,27.860000610351562,28.079999923706055,24.02429962158203,47713400
XLF,2018-06-11,28.170000076293945,28.270000457763672,28.020000457763672,28.020000457763672,23.972963333129883,47319600
XLF,2018-06-12,28.100000381469727,28.170000076293945,27.809999465942383,27.950000762939453,23.91307258605957,55517200
XLF,2018-06-13,27.959999084472656,28.18000030517578,27.81999969482422,27.850000381469727,23.827512741088867,61095800
XLF,2018-06-14,27.899999618530273,27.950000762939453,27.510000228881836,27.59000015258789,23.60506820678711,70635500
XLF,2018-06-15,27.299999237060547,27.559999465942383,27.110000610351562,27.469999313354492,23.604209899902344,63387600
XLF,2018-06-18,27.229999542236328,27.459999084472656,27.139999389648438,27.420000076293945,23.561246871948242,49824600
XLF,2018-06-19,27.139999389648438,27.420000076293945,27.1299991607666,27.350000381469727,23.5010929107666,50214700
XLF,2018-06-20,27.600000381469727,27.600000381469727,27.25,27.280000686645508,23.440948486328125,42833600
XLF,2018-06-21,27.190000534057617,27.360000610351562,27.010000228881836,27.200000762939453,23.37220573425293,75190900
XLF,2018-06-22,27.389999389648438,27.420000076293945,27.049999237060547,27.06999969482422,23.260494232177734,61389400
XLF,2018-06-25,26.950000762939453,27.0,26.600000381469727,26.780000686645508,23.011310577392578,80746100
XLF,2018-06-26,26.799999237060547,26.829999923706055,26.520000457763672,26.690000534057617,22.933975219726562,56387800
XLF,2018-06-27,26.68000030517578,26.8799991607666,26.350000381469727,26.360000610351562,22.650413513183594,78099200
XLF,2018-06-28,26.360000610351562,26.700000762939453,26.309999465942383,26.59000015258789,22.848045349121094,78544800
XLF,2018-06-29,26.920000076293945,27.06999969482422,26.549999237060547,26.59000015258789,22.848045349121094,77149900
XLF,2018-07-02,26.3700008392334,26.729999542236328,26.350000381469727,26.719999313354492,22.959753036499023,66202800
XLF,2018-07-03,26.790000915527344,26.8700008392334,26.420000076293945,26.479999542236328,22.75352668762207,30717800
XLF,2018-07-05,26.6200008392334,26.68000030517578,26.450000762939453,26.540000915527344,22.805082321166992,40668500
XLF,2018-07-06,26.469999313354492,26.780000686645508,26.3700008392334,26.670000076293945,22.916791915893555,41285000
XLF,2018-07-09,26.809999465942383,27.309999465942383,26.780000686645508,27.280000686645508,23.440948486328125,73447400
XLF,2018-07-10,27.299999237060547,27.389999389648438,27.100000381469727,27.18000030517578,23.355022430419922,51260600
XLF,2018-07-11,27.030000686645508,27.190000534057617,26.989999771118164,27.049999237060547,23.24331283569336,46023700
XLF,2018-07-12,27.219999313354492,27.239999771118164,26.940000534057617,27.100000381469727,23.286277770996094,64876800
XLF,2018-07-13,26.989999771118164,27.06999969482422,26.700000762939453,26.979999542236328,23.183164596557617,64146900
XLF,2018-07-16,27.059999465942383,27.479999542236328,27.040000915527344,27.459999084472656,23.595619201660156,55812000
XLF,2018-07-17,27.489999771118164,27.600000381469727,27.34000015258789,27.489999771118164,23.621395111083984,55502200
XLF,2018-07-18,27.600000381469727,27.979999542236328,27.559999465942383,27.93000030517578,23.999475479125977,59109200
XLF,2018-07-19,27.790000915527344,27.799999237060547,27.469999313354492,27.510000228881836,23.638580322265625,61765100
XLF,2018-07-20,27.459999084472656,27.639999389648438,27.360000610351562,27.559999465942383,23.681549072265625,51562300
XLF,2018-07-23,27.559999465942383,27.979999542236328,27.549999237060547,27.940000534057617,24.008068084716797,81516200
XLF,2018-07-24,28.049999237060547,28.190000534057617,27.950000762939453,28.020000457763672,24.076812744140625,63133700
XLF,2018-07-25,28.0,28.1299991607666,27.850000381469727,28.079999923706055,24.12836456298828,44197200
XLF,2018-07-26,28.149999618530273,28.260000228881836,28.040000915527344,28.06999969482422,24.11977195739746,40056800
XLF,2018-07-27,28.059999465942383,28.270000457763672,27.969999313354492,28.1299991607666,24.171329498291016,63149400
XLF,2018-07-30,28.149999618530273,28.360000610351562,28.110000610351562,28.149999618530273,24.188512802124023,56474100
XLF,2018-07-31,28.229999542236328,28.239999771118164,27.889999389648438,27.950000762939453,24.01665687561035,84500100
XLF,2018-08-01,28.1299991607666,28.270000457763672,27.8799991607666,27.950000762939453,24.01665687561035,64046900
XLF,2018-08-02,27.770000457763672,28.010000228881836,27.68000030517578,27.959999084472656,24.02525520324707,38330700
XLF,2018-08-03,27.920000076293945,28.1200008392334,27.920000076293945,28.1200008392334,24.162734985351562,34894300
XLF,2018-08-06,28.15999984741211,28.34000015258789,28.100000381469727,28.270000457763672,24.291635513305664,38230100
XLF,2018-08-07,28.350000381469727,28.559999465942383,28.329999923706055,28.399999618530273,24.403335571289062,44608600
XLF,2018-08-08,28.360000610351562,28.520000457763672,28.34000015258789,28.469999313354492,24.463481903076172,47522000
XLF,2018-08-09,28.399999618530273,28.469999313354492,28.299999237060547,28.299999237060547,24.31740379333496,29357800
XLF,2018-08-10,27.93000030517578,28.06999969482422,27.829999923706055,27.969999313354492,24.033843994140625,83301400
XLF,2018-08-13,27.969999313354492,28.040000915527344,27.690000534057617,27.700000762939453,23.801841735839844,74413500
XLF,2018-08-14,27.799999237060547,28.010000228881836,27.719999313354492,27.959999084472656,24.02525520324707,43659000
XLF,2018-08-15,27.729999542236328,27.8799991607666,27.610000610351562,27.739999771118164,23.836214065551758,55681100
XLF,2018-08-16,27.8700008392334,28.190000534057617,27.8700008392334,28.110000610351562,24.154144287109375,49534200
XLF,2018-08-17,28.030000686645508,28.209999084472656,28.030000686645508,28.170000076293945,24.205699920654297,43193100
XLF,2018-08-20,28.170000076293945,28.309999465942383,28.1299991607666,28.260000228881836,24.283035278320312,30053700
XLF,2018-08-21,28.280000686645508,28.510000228881836,28.219999313354492,28.3700008392334,24.377553939819336,47940000
XLF,2018-08-22,28.25,28.3799991607666,28.229999542236328,28.270000457763672,24.291635513305664,27323300
XLF,2018-08-23,28.260000228881836,28.290000915527344,28.100000381469727,28.139999389648438,24.179920196533203,31767800
XLF,2018-08-24,28.25,28.299999237060547,28.190000534057617,28.239999771118164,24.26584815979004,22064500
XLF,2018-08-27,28.350000381469727,28.719999313354492,28.34000015258789,28.6200008392334,24.592369079589844,52254500
XLF,2018-08-28,28.700000762939453,28.719999313354492,28.540000915527344,28.59000015258789,24.566598892211914,28896800
XLF,2018-08-29,28.59000015258789,28.65999984741211,28.440000534057617,28.579999923706055,24.558002471923828,34015300
XLF,2018-08-30,28.450000762939453,28.559999465942383,28.309999465942383,28.360000610351562,24.36896514892578,43264100
XLF,2018-08-31,28.260000228881836,28.350000381469727,28.170000076293945,28.329999923706055,24.343177795410156,34107800
XLF,2018-09-04,28.270000457763672,28.5,28.200000762939453,28.469999313354492,24.463481903076172,43145600
XLF,2018-09-05,28.450000762939453,28.639999389648438,28.43000030517578,28.489999771118164,24.48067283630371,32727700
XLF,2018-09-06,28.450000762939453,28.530000686645508,28.270000457763672,28.360000610351562,24.36896514892578,38328900
XLF,2018-09-07,28.420000076293945,28.440000534057617,28.209999084472656,28.329999923706055,24.343177795410156,43644300
XLF,2018-09-10,28.399999618530273,28.440000534057617,28.270000457763672,28.299999237060547,24.31740379333496,29927200
XLF,2018-09-11,28.219999313354492,28.40999984741211,28.1200008392334,28.329999923706055,24.343177795410156,32065200
XLF,2018-09-12,28.329999923706055,28.389999389648438,28.049999237060547,28.06999969482422,24.11977195739746,47963400
XLF,2018-09-13,28.139999389648438,28.280000686645508,27.969999313354492,28.030000686645508,24.085407257080078,44977100
XLF,2018-09-14,28.06999969482422,28.260000228881836,28.059999465942383,28.229999542236328,24.257259368896484,34151000
XLF,2018-09-17,28.229999542236328,28.309999465942383,28.079999923706055,28.110000610351562,24.154144287109375,26907900
XLF,2018-09-18,28.18000030517578,28.280000686645508,28.059999465942383,28.25,24.27444076538086,36405600
XLF,2018-09-19,28.229999542236328,28.81999969482422,28.229999542236328,28.729999542236328,24.686893463134766,75551800
XLF,2018-09-20,28.940000534057617,29.06999969482422,28.8700008392334,28.979999542236328,24.901710510253906,78555500
XLF,2018-09-21,28.950000762939453,29.0,28.700000762939453,28.739999771118164,24.805042266845703,64710000
XLF,2018-09-24,28.709999084472656,28.75,28.399999618530273,28.420000076293945,24.528860092163086,47985100
XLF,2018-09-25,28.530000686645508,28.549999237060547,28.299999237060547,28.309999465942383,24.433917999267578,32964400
XLF,2018-09-26,28.350000381469727,28.389999389648438,27.899999618530273,27.969999313354492,24.14046859741211,60288100
XLF,2018-09-27,28.0,28.100000381469727,27.84000015258789,27.8700008392334,24.054161071777344,57492200
XLF,2018-09-28,27.760000228881836,27.770000457763672,27.540000915527344,27.579999923706055,23.803869247436523,66454900
XLF,2018-10-01,27.739999771118164,27.889999389648438,27.600000381469727,27.690000534057617,23.898805618286133,49855000
XLF,2018-10-02,27.649999618530273,27.739999771118164,27.469999313354492,27.690000534057617,23.898805618286133,47629500
XLF,2018-10-03,27.8700008392334,28.06999969482422,27.790000915527344,27.950000762939453,24.123207092285156,79591400
XLF,2018-10-04,27.940000534057617,28.350000381469727,27.920000076293945,28.139999389648438,24.287189483642578,94700800
XLF,2018-10-05,28.209999084472656,28.309999465942383,27.93000030517578,28.0,24.166357040405273,58148700
XLF,2018-10-08,27.920000076293945,28.280000686645508,27.899999618530273,28.190000534057617,24.33034896850586,56594900
XLF,2018-10-09,28.059999465942383,28.200000762939453,27.8799991607666,28.079999923706055,24.235410690307617,47963500
XLF,2018-10-10,28.06999969482422,28.139999389648438,27.209999084472656,27.209999084472656,23.484525680541992,101604400
XLF,2018-10-11,27.049999237060547,27.219999313354492,26.31999969482422,26.399999618530273,22.78542137145996,178628200
XLF,2018-10-12,26.8799991607666,26.920000076293945,26.030000686645508,26.43000030517578,22.811315536499023,137933000
XLF,2018-10-15,26.440000534057617,26.6299991607666,26.309999465942383,26.309999465942383,22.70775032043457,82196400
XLF,2018-10-16,26.489999771118164,26.770000457763672,26.309999465942383,26.75,23.087509155273438,75137300
XLF,2018-10-17,26.690000534057617,27.190000534057617,26.559999465942383,27.020000457763672,23.32053565979004,79472100
XLF,2018-10-18,26.8700008392334,27.06999969482422,26.489999771118164,26.56999969482422,22.932151794433594,81706000
XLF,2018-10-19,26.549999237060547,26.8799991607666,26.420000076293945,26.670000076293945,23.018461227416992,73614300
XLF,2018-10-22,26.700000762939453,26.760000228881836,26.100000381469727,26.100000381469727,22.526506423950195,58645800
XLF,2018-10-23,25.56999969482422,26.040000915527344,25.420000076293945,25.889999389648438,22.34525489807129,93698200
XLF,2018-10-24,25.850000381469727,25.850000381469727,25.139999389648438,25.239999771118164,21.784250259399414,98050700
XLF,2018-10-25,25.360000610351562,25.84000015258789,25.329999923706055,25.6299991607666,22.120851516723633,72439400
XLF,2018-10-26,25.31999969482422,25.520000457763672,25.020000457763672,25.260000228881836,21.801511764526367,115308900
XLF,2018-10-29,25.56999969482422,25.93000030517578,25.209999084472656,25.479999542236328,21.99138832092285,97946100
XLF,2018-10-30,25.6200008392334,25.940000534057617,25.440000534057617,25.920000076293945,22.371143341064453,82719100
XLF,2018-10-31,26.170000076293945,26.610000610351562,26.1299991607666,26.280000686645508,22.68185806274414,93781100
XLF,2018-11-01,26.350000381469727,26.510000228881836,26.219999313354492,26.399999618530273,22.78542137145996,62346600
XLF,2018-11-02,26.65999984741211,26.809999465942383,26.18000030517578,26.3799991607666,22.768163681030273,73034200
XLF,2018-11-05,26.489999771118164,26.8799991607666,26.489999771118164,26.799999237060547,23.13065528869629,58705800
XLF,2018-11-06,26.780000686645508,26.940000534057617,26.649999618530273,26.940000534057617,23.251493453979492,51010900
XLF,2018-11-07,27.09000015258789,27.31999969482422,26.81999969482422,27.290000915527344,23.553571701049805,59990800
XLF,2018-11-08,27.1299991607666,27.520000457763672,27.040000915527344,27.3700008392334,23.62261962890625,46730100
XLF,2018-11-09,27.299999237060547,27.3799991607666,26.979999542236328,27.1200008392334,23.406848907470703,47051200
XLF,2018-11-12,27.059999465942383,27.18000030517578,26.530000686645508,26.579999923706055,22.940784454345703,47135500
XLF,2018-11-13,26.6200008392334,26.989999771118164,26.600000381469727,26.729999542236328,23.07024574279785,69820600
XLF,2018-11-14,26.940000534057617,26.979999542236328,26.079999923706055,26.3700008392334,22.75953483581543,104274200
XLF,2018-11-15,26.190000534057617,26.780000686645508,26.030000686645508,26.760000228881836,23.096145629882812,93998000
XLF,2018-11-16,26.6200008392334,26.90999984741211,26.469999313354492,26.790000915527344,23.12203025817871,80518300
XLF,2018-11-19,26.770000457763672,26.899999618530273,26.540000915527344,26.780000686645508,23.1133975982666,65491300
XLF,2018-11-20,26.469999313354492,26.579999923706055,26.110000610351562,26.190000534057617,22.60417366027832,103778300
XLF,2018-11-21,26.34000015258789,26.59000015258789,26.1299991607666,26.209999084472656,22.621444702148438,48618000
XLF,2018-11-23,26.06999969482422,26.219999313354492,25.93000030517578,26.0,22.440195083618164,24252300
XLF,2018-11-26,26.270000457763672,26.6299991607666,26.260000228881836,26.530000686645508,22.897632598876953,50168800
XLF,2018-11-27,26.479999542236328,26.6299991607666,26.420000076293945,26.549999237060547,22.91489028930664,47174300
XLF,2018-11-28,26.6299991607666,27.059999465942383,26.399999618530273,27.059999465942383,23.355066299438477,61375300
XLF,2018-11-29,26.860000610351562,27.010000228881836,26.719999313354492,26.829999923706055,23.156553268432617,43664100
XLF,2018-11-30,26.75,27.079999923706055,26.709999084472656,26.969999313354492,23.277385711669922,45435200
XLF,2018-12-03,27.360000610351562,27.469999313354492,26.950000762939453,27.139999389648438,23.424110412597656,65332700
XLF,2018-12-04,27.0,27.010000228881836,25.829999923706055,25.959999084472656,22.405664443969727,110918600
XLF,2018-12-06,25.3799991607666,25.610000610351562,24.93000030517578,25.600000381469727,22.094961166381836,134687100
XLF,2018-12-07,25.540000915527344,25.899999618530273,24.989999771118164,25.110000610351562,21.67204475402832,86740000
XLF,2018-12-10,25.010000228881836,25.079999923706055,24.299999237060547,24.760000228881836,21.369972229003906,101121800
XLF,2018-12-11,25.06999969482422,25.219999313354492,24.43000030517578,24.520000457763672,21.162830352783203,92308200
XLF,2018-12-12,24.860000610351562,25.020000457763672,24.540000915527344,24.65999984741211,21.28365707397461,86748900
XLF,2018-12-13,24.649999618530273,24.780000686645508,24.389999389648438,24.479999542236328,21.128299713134766,67232900
XLF,2018-12-14,24.239999771118164,24.579999923706055,24.190000534057617,24.239999771118164,20.921165466308594,66817000
XLF,2018-12-17,24.100000381469727,24.469999313354492,23.889999389648438,24.0,20.714025497436523,101180400
XLF,2018-12-18,24.139999389648438,24.399999618530273,23.760000228881836,23.90999984741211,20.6363468170166,90844000
XLF,2018-12-19,23.860000610351562,24.389999389648438,23.420000076293945,23.610000610351562,20.377424240112305,129331700
XLF,2018-12-20,23.3799991607666,23.75,23.270000457763672,23.399999618530273,20.196176528930664,107016900
XLF,2018-12-21,23.229999542236328,23.670000076293945,22.739999771118164,22.790000915527344,19.79233741760254,118502300
XLF,2018-12-24,22.489999771118164,22.75,22.280000686645508,22.309999465942383,19.375471115112305,71752700
XLF,2018-12-26,22.3700008392334,23.329999923706055,22.049999237060547,23.31999969482422,20.252628326416016,108133500
XLF,2018-12-27,22.93000030517578,23.600000381469727,22.709999084472656,23.600000381469727,20.495792388916016,98005000
XLF,2018-12-28,23.709999084472656,23.899999618530273,23.489999771118164,23.59000015258789,20.487112045288086,76348400
XLF,2018-12-31,23.719999313354492,23.920000076293945,23.520000457763672,23.81999969482422,20.68685531616211,56435400
XLF,2019-01-02,23.469999313354492,24.06999969482422,23.399999618530273,24.020000457763672,20.860549926757812,62945000
XLF,2019-01-03,23.84000015258789,23.899999618530273,23.420000076293945,23.479999542236328,20.391578674316406,65729700
XLF,2019-01-04,23.8799991607666,24.309999465942383,23.81999969482422,24.260000228881836,21.068981170654297,64638400
XLF,2019-01-07,24.209999084472656,24.510000228881836,24.059999465942383,24.290000915527344,21.09503936767578,48167000
XLF,2019-01-08,24.510000228881836,24.549999237060547,24.030000686645508,24.309999465942383,21.112403869628906,90114700
XLF,2019-01-09,24.3700008392334,24.520000457763672,24.200000762939453,24.43000030517578,21.21662139892578,61037100
XLF,2019-01-10,24.290000915527344,24.520000457763672,24.209999084472656,24.440000534057617,21.225309371948242,48630500
XLF,2019-01-11,24.31999969482422,24.549999237060547,24.18000030517578,24.5,21.277408599853516,44961600
XLF,2019-01-14,24.260000228881836,24.75,24.229999542236328,24.670000076293945,21.425052642822266,50610600
XLF,2019-01-15,24.56999969482422,24.93000030517578,24.5,24.889999389648438,21.61611557006836,59156500
XLF,2019-01-16,25.18000030517578,25.56999969482422,25.110000610351562,25.420000076293945,22.076398849487305,72982400
XLF,2019-01-17,25.31999969482422,25.649999618530273,25.170000076293945,25.559999465942383,22.19798469543457,55771300
XLF,2019-01-18,25.739999771118164,26.030000686645508,25.530000686645508,26.0,22.580114364624023,58400200
XLF,2019-01-22,25.780000686645508,25.90999984741211,25.56999969482422,25.700000762939453,22.319576263427734,79651700
XLF,2019-01-23,25.799999237060547,25.829999923706055,25.440000534057617,25.729999542236328,22.345630645751953,44072000
XLF,2019-01-24,25.639999389648438,25.860000610351562,25.559999465942383,25.790000915527344,22.397733688354492,25496900
XLF,2019-01-25,25.969999313354492,26.170000076293945,25.899999618530273,26.0,22.580114364624023,63140000
XLF,2019-01-28,25.75,25.950000762939453,25.709999084472656,25.920000076293945,22.510631561279297,66894900
XLF,2019-01-29,25.90999984741211,26.010000228881836,25.81999969482422,25.829999923706055,22.43247413635254,29442100
XLF,2019-01-30,25.90999984741211,26.139999389648438,25.729999542236328,25.979999542236328,22.562740325927734,62076800
XLF,2019-01-31,25.760000228881836,25.979999542236328,25.719999313354492,25.940000534057617,22.52800750732422,64021500
XLF,2019-02-01,25.979999542236328,26.170000076293945,25.950000762939453,26.049999237060547,22.623537063598633,42920300
XLF,2019-02-04,26.059999465942383,26.170000076293945,25.920000076293945,26.15999984741211,22.719064712524414,30362500
XLF,2019-02-05,26.209999084472656,26.229999542236328,25.989999771118164,26.09000015258789,22.658273696899414,39094900
XLF,2019-02-06,26.010000228881836,26.200000762939453,25.969999313354492,26.059999465942383,22.632217407226562,51542800
XLF,2019-02-07,25.979999542236328,26.049999237060547,25.59000015258789,25.799999237060547,22.406415939331055,80395700
XLF,2019-02-08,25.65999984741211,25.780000686645508,25.34000015258789,25.670000076293945,22.29351043701172,54911100
XLF,2019-02-11,25.75,25.799999237060547,25.6200008392334,25.75,22.362998962402344,53115700
XLF,2019-02-12,25.940000534057617,26.229999542236328,25.93000030517578,26.1299991607666,22.693017959594727,37671300
XLF,2019-02-13,26.25,26.43000030517578,26.190000534057617,26.200000762939453,22.753803253173828,42969600
XLF,2019-02-14,26.0,26.079999923706055,25.729999542236328,25.8799991607666,22.475902557373047,47630100
XLF,2019-02-15,26.09000015258789,26.43000030517578,25.8799991607666,26.43000030517578,22.953550338745117,46880800
XLF,2019-02-19,26.299999237060547,26.549999237060547,26.219999313354492,26.469999313354492,22.988292694091797,23868300
XLF,2019-02-20,26.459999084472656,26.649999618530273,26.399999618530273,26.639999389648438,23.13592529296875,27509100
XLF,2019-02-21,26.59000015258789,26.68000030517578,26.40999984741211,26.5,23.014347076416016,46619900
XLF,2019-02-22,26.5,26.579999923706055,26.360000610351562,26.459999084472656,22.979602813720703,26343700
XLF,2019-02-25,26.579999923706055,26.81999969482422,26.540000915527344,26.56999969482422,23.075138092041016,33835900
XLF,2019-02-26,26.3799991607666,26.690000534057617,26.360000610351562,26.489999771118164,23.005661010742188,35659700
XLF,2019-02-27,26.440000534057617,26.639999389648438,26.40999984741211,26.59000015258789,23.092500686645508,42542400
XLF,2019-02-28,26.600000381469727,26.649999618530273,26.510000228881836,26.520000457763672,23.031715393066406,39835900
XLF,2019-03-01,26.75,26.940000534057617,26.610000610351562,26.690000534057617,23.179353713989258,82657300
XLF,2019-03-04,26.760000228881836,26.940000534057617,26.299999237060547,26.520000457763672,23.031715393066406,76611900
XLF,2019-03-05,26.56999969482422,26.579999923706055,26.219999313354492,26.420000076293945,22.94486427307129,39868100
XLF,2019-03-06,26.420000076293945,26.510000228881836,26.229999542236328,26.25,22.797229766845703,43158900
XLF,2019-03-07,26.149999618530273,26.149999618530273,25.829999923706055,25.979999542236328,22.562740325927734,62622100
XLF,2019-03-08,25.690000534057617,25.989999771118164,25.68000030517578,25.969999313354492,22.554061889648438,55826400
XLF,2019-03-11,26.100000381469727,26.31999969482422,25.979999542236328,26.239999771118164,22.788545608520508,63343500
XLF,2019-03-12,26.280000686645508,26.389999389648438,26.239999771118164,26.299999237060547,22.840646743774414,32521100
XLF,2019-03-13,26.399999618530273,26.579999923706055,26.31999969482422,26.479999542236328,22.996976852416992,42817500
XLF,2019-03-14,26.440000534057617,26.68000030517578,26.43000030517578,26.579999923706055,23.083826065063477,37665700
XLF,2019-03-15,26.450000762939453,26.709999084472656,26.43000030517578,26.6299991607666,23.24530792236328,70020400
XLF,2019-03-18,26.68000030517578,26.979999542236328,26.68000030517578,26.899999618530273,23.480995178222656,43980700
XLF,2019-03-19,27.049999237060547,27.100000381469727,26.6200008392334,26.690000534057617,23.297685623168945,45029300
XLF,2019-03-20,26.6299991607666,26.639999389648438,26.110000610351562,26.139999389648438,22.817588806152344,65860300
XLF,2019-03-21,25.959999084472656,26.170000076293945,25.780000686645508,26.059999465942383,22.747751235961914,104914100
XLF,2019-03-22,25.75,25.889999389648438,25.229999542236328,25.34000015258789,22.1192684173584,121855900
XLF,2019-03-25,25.309999465942383,25.530000686645508,25.079999923706055,25.229999542236328,22.023244857788086,72835600
XLF,2019-03-26,25.43000030517578,25.59000015258789,25.280000686645508,25.530000686645508,22.28512191772461,51171500
XLF,2019-03-27,25.469999313354492,25.600000381469727,25.299999237060547,25.420000076293945,22.189104080200195,73148100
XLF,2019-03-28,25.469999313354492,25.649999618530273,25.350000381469727,25.639999389648438,22.381139755249023,52089300
XLF,2019-03-29,25.860000610351562,25.8799991607666,25.610000610351562,25.709999084472656,22.442237854003906,50234400
XLF,2019-04-01,25.920000076293945,26.360000610351562,25.90999984741211,26.34000015258789,22.992168426513672,62485300
XLF,2019-04-02,26.270000457763672,26.459999084472656,26.229999542236328,26.31999969482422,22.97471046447754,41002400
XLF,2019-04-03,26.5,26.6200008392334,26.290000915527344,26.399999618530273,23.044536590576172,52030900
XLF,2019-04-04,26.399999618530273,26.670000076293945,26.399999618530273,26.559999465942383,23.184207916259766,54378900
XLF,2019-04-05,26.610000610351562,26.700000762939453,26.520000457763672,26.600000381469727,23.21912384033203,37088800
XLF,2019-04-08,26.530000686645508,26.639999389648438,26.469999313354492,26.6299991607666,23.24530792236328,34998000
XLF,2019-04-09,26.510000228881836,26.510000228881836,26.290000915527344,26.40999984741211,23.053272247314453,65954800
XLF,2019-04-10,26.40999984741211,26.530000686645508,26.280000686645508,26.489999771118164,23.123104095458984,48232700
XLF,2019-04-11,26.59000015258789,26.75,26.510000228881836,26.649999618530273,23.262767791748047,62205000
XLF,2019-04-12,27.040000915527344,27.329999923706055,26.899999618530273,27.139999389648438,23.690488815307617,84627600
XLF,2019-04-15,27.149999618530273,27.15999984741211,26.90999984741211,26.969999313354492,23.542095184326172,40030400
XLF,2019-04-16,27.030000686645508,27.3799991607666,27.010000228881836,27.350000381469727,23.87379264831543,56093400
XLF,2019-04-17,27.450000762939453,27.459999084472656,27.200000762939453,27.420000076293945,23.93489646911621,58834000
XLF,2019-04-18,27.3700008392334,27.450000762939453,27.299999237060547,27.34000015258789,23.86506462097168,52495700
XLF,2019-04-22,27.260000228881836,27.34000015258789,27.170000076293945,27.260000228881836,23.79523277282715,39324100
XLF,2019-04-23,27.25,27.459999084472656,27.139999389648438,27.43000030517578,23.94363021850586,54250300
XLF,2019-04-24,27.34000015258789,27.520000457763672,27.280000686645508,27.399999618530273,23.91744041442871,39505200
XLF,2019-04-25,27.270000457763672,27.559999465942383,27.200000762939453,27.450000762939453,23.961084365844727,44532300
XLF,2019-04-26,27.450000762939453,27.719999313354492,27.40999984741211,27.700000762939453,24.17931365966797,41527900
XLF,2019-04-29,27.799999237060547,28.1299991607666,27.729999542236328,27.979999542236328,24.423723220825195,61643200
XLF,2019-04-30,28.020000457763672,28.059999465942383,27.780000686645508,28.020000457763672,24.458641052246094,38800300
XLF,2019-05-01,28.049999237060547,28.139999389648438,27.770000457763672,27.790000915527344,24.257871627807617,67969500
XLF,2019-05-02,27.770000457763672,27.950000762939453,27.6200008392334,27.81999969482422,24.284055709838867,50972900
XLF,2019-05-03,27.940000534057617,28.1200008392334,27.889999389648438,28.06999969482422,24.50227928161621,34598900
XLF,2019-05-06,27.579999923706055,27.979999542236328,27.530000686645508,27.8799991607666,24.3364315032959,42517000
XLF,2019-05-07,27.6200008392334,27.889999389648438,27.229999542236328,27.420000076293945,23.93489646911621,60090800
XLF,2019-05-08,27.309999465942383,27.59000015258789,27.239999771118164,27.360000610351562,23.882526397705078,44254200
XLF,2019-05-09,27.030000686645508,27.360000610351562,26.899999618530273,27.299999237060547,23.83015251159668,56468300
XLF,2019-05-10,27.149999618530273,27.530000686645508,26.90999984741211,27.479999542236328,23.98727798461914,63453600
XLF,2019-05-13,26.93000030517578,26.989999771118164,26.59000015258789,26.68000030517578,23.288955688476562,54962500
XLF,2019-05-14,26.739999771118164,27.1200008392334,26.709999084472656,26.889999389648438,23.47226333618164,52398400
XLF,2019-05-15,26.6200008392334,26.920000076293945,26.520000457763672,26.790000915527344,23.384977340698242,49061700
XLF,2019-05-16,26.8799991607666,27.209999084472656,26.860000610351562,27.059999465942383,23.62065887451172,44872600
XLF,2019-05-17,26.790000915527344,27.139999389648438,26.75,26.8799991607666,23.46353530883789,62711500
XLF,2019-05-20,26.780000686645508,27.030000686645508,26.780000686645508,26.90999984741211,23.489723205566406,44357300
XLF,2019-05-21,27.020000457763672,27.190000534057617,27.020000457763672,27.190000534057617,23.734128952026367,36851400
XLF,2019-05-22,27.049999237060547,27.110000610351562,26.950000762939453,27.030000686645508,23.594470977783203,25867600
XLF,2019-05-23,26.770000457763672,26.780000686645508,26.420000076293945,26.649999618530273,23.262767791748047,51832900
XLF,2019-05-24,26.75,26.8700008392334,26.670000076293945,26.860000610351562,23.446077346801758,30582000
XLF,2019-05-28,26.780000686645508,26.860000610351562,26.549999237060547,26.549999237060547,23.175479888916016,35177700
XLF,2019-05-29,26.34000015258789,26.549999237060547,26.219999313354492,26.5,23.1318359375,39700600
XLF,2019-05-30,26.559999465942383,26.709999084472656,26.280000686645508,26.40999984741211,23.053272247314453,40641200
XLF,2019-05-31,26.06999969482422,26.200000762939453,25.989999771118164,26.010000228881836,22.7041072845459,49259200
XLF,2019-06-03,25.969999313354492,26.290000915527344,25.920000076293945,26.18000030517578,22.85250473022461,63329300
XLF,2019-06-04,26.5,26.920000076293945,26.43000030517578,26.889999389648438,23.47226333618164,45454400
XLF,2019-06-05,26.940000534057617,27.079999923706055,26.709999084472656,27.059999465942383,23.62065887451172,46599700
XLF,2019-06-06,27.06999969482422,27.270000457763672,26.920000076293945,27.15999984741211,23.707942962646484,37297600
XLF,2019-06-07,27.15999984741211,27.25,27.079999923706055,27.1200008392334,23.67302894592285,33054800
XLF,2019-06-10,27.280000686645508,27.549999237060547,27.280000686645508,27.350000381469727,23.87379264831543,37081400
XLF,2019-06-11,27.5,27.610000610351562,27.280000686645508,27.360000610351562,23.882526397705078,34273400
XLF,2019-06-12,27.329999923706055,27.3799991607666,27.030000686645508,27.09000015258789,23.6468448638916,36866000
XLF,2019-06-13,27.139999389648438,27.270000457763672,27.06999969482422,27.18000030517578,23.725406646728516,31020000
XLF,2019-06-14,27.209999084472656,27.329999923706055,27.0,27.239999771118164,23.777782440185547,29724100
XLF,2019-06-17,27.229999542236328,27.309999465942383,26.959999084472656,26.989999771118164,23.559551239013672,40981600
XLF,2019-06-18,26.93000030517578,27.459999084472656,26.93000030517578,27.350000381469727,23.87379264831543,46237400
XLF,2019-06-19,27.399999618530273,27.59000015258789,27.270000457763672,27.299999237060547,23.83015251159668,58118500
XLF,2019-06-20,27.450000762939453,27.530000686645508,27.1200008392334,27.420000076293945,23.93489646911621,50583800
XLF,2019-06-21,27.299999237060547,27.479999542236328,27.18000030517578,27.219999313354492,23.88138198852539,65322300
XLF,2019-06-24,27.170000076293945,27.360000610351562,27.079999923706055,27.110000610351562,23.784875869750977,48377800
XLF,2019-06-25,27.110000610351562,27.149999618530273,26.889999389648438,27.020000457763672,23.70591163635254,47748500
XLF,2019-06-26,27.079999923706055,27.209999084472656,26.959999084472656,26.969999313354492,23.662046432495117,31448000
XLF,2019-06-27,27.06999969482422,27.290000915527344,27.06999969482422,27.209999084472656,23.87260627746582,59459800
XLF,2019-06-28,27.530000686645508,27.700000762939453,27.239999771118164,27.600000381469727,24.214773178100586,76728100
XLF,2019-07-01,27.920000076293945,28.049999237060547,27.780000686645508,27.93000030517578,24.504297256469727,48971100
XLF,2019-07-02,27.889999389648438,27.979999542236328,27.709999084472656,27.860000610351562,24.442886352539062,56626800
XLF,2019-07-03,27.950000762939453,28.09000015258789,27.8700008392334,28.079999923706055,24.635908126831055,23706800
XLF,2019-07-05,28.170000076293945,28.270000457763672,28.030000686645508,28.15999984741211,24.706085205078125,40683100
XLF,2019-07-08,28.010000228881836,28.1299991607666,27.940000534057617,28.020000457763672,24.58325958251953,26286700
XLF,2019-07-09,27.829999923706055,28.1200008392334,27.809999465942383,28.06999969482422,24.62712287902832,25895800
XLF,2019-07-10,28.079999923706055,28.229999542236328,27.93000030517578,27.969999313354492,24.539392471313477,36566700
XLF,2019-07-11,28.010000228881836,28.170000076293945,27.959999084472656,28.1299991607666,24.679773330688477,40907500
XLF,2019-07-12,28.170000076293945,28.31999969482422,28.100000381469727,28.31999969482422,24.846464157104492,31109900
XLF,2019-07-15,28.329999923706055,28.350000381469727,28.079999923706055,28.15999984741211,24.706085205078125,28346100
XLF,2019-07-16,28.209999084472656,28.260000228881836,28.030000686645508,28.09000015258789,24.644672393798828,47287700
XLF,2019-07-17,27.989999771118164,28.079999923706055,27.809999465942383,27.850000381469727,24.434114456176758,35062600
XLF,2019-07-18,27.809999465942383,28.110000610351562,27.780000686645508,28.059999465942383,24.61835479736328,46369800
XLF,2019-07-19,28.1299991607666,28.18000030517578,27.920000076293945,27.940000534057617,24.513072967529297,29338500
XLF,2019-07-22,27.8799991607666,28.049999237060547,27.829999923706055,28.0,24.56570816040039,26683300
XLF,2019-07-23,28.06999969482422,28.329999923706055,28.059999465942383,28.290000915527344,24.820148468017578,45307600
XLF,2019-07-24,28.229999542236328,28.579999923706055,28.209999084472656,28.579999923706055,25.074573516845703,36374200
XLF,2019-07-25,28.56999969482422,28.610000610351562,28.31999969482422,28.3799991607666,24.899106979370117,34180400
XLF,2019-07-26,28.440000534057617,28.709999084472656,28.3799991607666,28.690000534057617,25.171085357666016,33642800
XLF,2019-07-29,28.639999389648438,28.719999313354492,28.440000534057617,28.469999313354492,24.978065490722656,35955100
XLF,2019-07-30,28.25,28.420000076293945,28.190000534057617,28.389999389648438,24.907875061035156,30726100
XLF,2019-07-31,28.389999389648438,28.530000686645508,28.200000762939453,28.25,24.78504753112793,64485400
XLF,2019-08-01,28.229999542236328,28.420000076293945,27.56999969482422,27.610000610351562,24.223546981811523,107976300
XLF,2019-08-02,27.559999465942383,27.739999771118164,27.229999542236328,27.600000381469727,24.214773178100586,66036400
XLF,2019-08-05,26.989999771118164,27.1200008392334,26.479999542236328,26.68000030517578,23.407615661621094,85527900
XLF,2019-08-06,26.850000381469727,27.1299991607666,26.59000015258789,27.110000610351562,23.784875869750977,53445000
XLF,2019-08-07,26.600000381469727,26.8700008392334,26.239999771118164,26.75,23.469030380249023,82354600
XLF,2019-08-08,27.010000228881836,27.270000457763672,26.8799991607666,27.260000228881836,23.916473388671875,66653200
XLF,2019-08-09,27.110000610351562,27.309999465942383,26.899999618530273,27.170000076293945,23.837514877319336,53782700
XLF,2019-08-12,26.850000381469727,26.950000762939453,26.56999969482422,26.649999618530273,23.381296157836914,56837600
XLF,2019-08-13,26.600000381469727,27.170000076293945,26.5,26.979999542236328,23.670814514160156,72255900
XLF,2019-08-14,26.3799991607666,26.520000457763672,25.959999084472656,25.979999542236328,22.793466567993164,92067300
XLF,2019-08-15,26.110000610351562,26.280000686645508,25.920000076293945,26.110000610351562,22.90752410888672,59504500
XLF,2019-08-16,26.239999771118164,26.639999389648438,26.239999771118164,26.56999969482422,23.311107635498047,48451800
XLF,2019-08-19,26.979999542236328,27.030000686645508,26.790000915527344,26.84000015258789,23.547996520996094,38297700
XLF,2019-08-20,26.690000534057617,26.739999771118164,26.450000762939453,26.479999542236328,23.232147216796875,40579300
XLF,2019-08-21,26.649999618530273,26.690000534057617,26.530000686645508,26.600000381469727,23.33742904663086,44913500
XLF,2019-08-22,26.739999771118164,26.850000381469727,26.56999969482422,26.780000686645508,23.495349884033203,43896700
XLF,2019-08-23,26.59000015258789,26.790000915527344,25.920000076293945,26.100000381469727,22.89875030517578,86245300
XLF,2019-08-26,26.270000457763672,26.3700008392334,26.110000610351562,26.350000381469727,23.118091583251953,34175500
XLF,2019-08-27,26.450000762939453,26.530000686645508,26.030000686645508,26.190000534057617,22.977712631225586,54240800
XLF,2019-08-28,26.049999237060547,26.469999313354492,26.030000686645508,26.43000030517578,23.188276290893555,51870400
XLF,2019-08-29,26.670000076293945,26.920000076293945,26.6200008392334,26.829999923706055,23.539215087890625,49818300
XLF,2019-08-30,26.979999542236328,27.059999465942383,26.81999969482422,26.920000076293945,23.618179321289062,40561000
XLF,2019-09-03,26.700000762939453,26.729999542236328,26.40999984741211,26.639999389648438,23.372516632080078,59997200
XLF,2019-09-04,26.84000015258789,26.950000762939453,26.780000686645508,26.899999618530273,23.60063362121582,43945700
XLF,2019-09-05,27.280000686645508,27.68000030517578,27.270000457763672,27.450000762939453,24.083171844482422,68639200
XLF,2019-09-06,27.479999542236328,27.559999465942383,27.34000015258789,27.440000534057617,24.074399948120117,35660800
XLF,2019-09-09,27.6299991607666,27.969999313354492,27.56999969482422,27.860000610351562,24.442886352539062,67797700
XLF,2019-09-10,27.950000762939453,28.079999923706055,27.700000762939453,27.959999084472656,24.530620574951172,77540100
XLF,2019-09-11,27.979999542236328,28.149999618530273,27.729999542236328,28.1200008392334,24.670991897583008,53285900
XLF,2019-09-12,28.040000915527344,28.3799991607666,27.950000762939453,28.270000457763672,24.80260467529297,72872200
XLF,2019-09-13,28.489999771118164,28.600000381469727,28.360000610351562,28.489999771118164,24.995620727539062,56248700
XLF,2019-09-16,28.25,28.43000030517578,28.209999084472656,28.389999389648438,24.907875061035156,36693600
XLF,2019-09-17,28.290000915527344,28.420000076293945,28.190000534057617,28.420000076293945,24.934200286865234,40868800
XLF,2019-09-18,28.309999465942383,28.59000015258789,28.229999542236328,28.520000457763672,25.021928787231445,57268900
XLF,2019-09-19,28.5,28.670000076293945,28.3799991607666,28.389999389648438,24.907875061035156,42335000
XLF,2019-09-20,28.290000915527344,28.399999618530273,28.059999465942383,28.079999923706055,24.761499404907227,82921100
XLF,2019-09-23,27.940000534057617,28.209999084472656,27.889999389648438,28.1299991607666,24.805587768554688,35827300
XLF,2019-09-24,28.209999084472656,28.270000457763672,27.780000686645508,27.860000610351562,24.567501068115234,61659700
XLF,2019-09-25,27.920000076293945,28.139999389648438,27.809999465942383,28.09000015258789,24.770313262939453,53544400
XLF,2019-09-26,28.049999237060547,28.079999923706055,27.920000076293945,27.959999084472656,24.655672073364258,53107500
XLF,2019-09-27,28.190000534057617,28.290000915527344,27.920000076293945,28.06999969482422,24.75267219543457,73386900
XLF,2019-09-30,28.139999389648438,28.170000076293945,27.979999542236328,28.0,24.69094467163086,30608000
XLF,2019-10-01,28.1299991607666,28.149999618530273,27.40999984741211,27.40999984741211,24.170677185058594,54786200
XLF,2019-10-02,27.239999771118164,27.25,26.790000915527344,26.850000381469727,23.67685890197754,78141700
XLF,2019-10-03,26.809999465942383,26.959999084472656,26.450000762939453,26.959999084472656,23.773860931396484,81128700
XLF,2019-10-04,26.989999771118164,27.479999542236328,26.969999313354492,27.459999084472656,24.214765548706055,40697200
XLF,2019-10-07,27.350000381469727,27.56999969482422,27.290000915527344,27.31999969482422,24.09131622314453,36922900
XLF,2019-10-08,27.049999237060547,27.059999465942383,26.760000228881836,26.780000686645508,23.615129470825195,60008900
XLF,2019-10-09,26.950000762939453,27.15999984741211,26.93000030517578,27.030000686645508,23.83558464050293,45131000
XLF,2019-10-10,27.100000381469727,27.510000228881836,27.100000381469727,27.309999465942383,24.082496643066406,54305400
XLF,2019-10-11,27.739999771118164,27.989999771118164,27.639999389648438,27.649999618530273,24.382312774658203,78702500
XLF,2019-10-14,27.559999465942383,27.75,27.530000686645508,27.690000534057617,24.417583465576172,35821000
XLF,2019-10-15,27.850000381469727,28.260000228881836,27.739999771118164,28.09000015258789,24.770313262939453,65130200
XLF,2019-10-16,28.09000015258789,28.15999984741211,27.950000762939453,28.020000457763672,24.708587646484375,44595200
XLF,2019-10-17,28.170000076293945,28.25,27.969999313354492,28.040000915527344,24.726226806640625,32013600
XLF,2019-10-18,27.959999084472656,28.219999313354492,27.959999084472656,28.110000610351562,24.787952423095703,40523700
XLF,2019-10-21,28.350000381469727,28.540000915527344,28.34000015258789,28.5,25.131858825683594,44145400
XLF,2019-10-22,28.450000762939453,28.610000610351562,28.329999923706055,28.420000076293945,25.061311721801758,50423000
XLF,2019-10-23,28.360000610351562,28.540000915527344,28.350000381469727,28.540000915527344,25.16713523864746,30615400
XLF,2019-10-24,28.56999969482422,28.6200008392334,28.389999389648438,28.5,25.131858825683594,33469600
XLF,2019-10-25,28.469999313354492,28.729999542236328,28.229999542236328,28.639999389648438,25.255313873291016,28330200
XLF,2019-10-28,28.75,28.920000076293945,28.739999771118164,28.790000915527344,25.387588500976562,50104600
XLF,2019-10-29,28.729999542236328,29.0,28.700000762939453,28.860000610351562,25.44931983947754,48458100
XLF,2019-10-30,28.860000610351562,28.920000076293945,28.639999389648438,28.84000015258789,25.431682586669922,51106700
XLF,2019-10-31,28.739999771118164,28.75,28.469999313354492,28.700000762939453,25.308225631713867,56795500
XLF,2019-11-01,28.920000076293945,29.149999618530273,28.860000610351562,29.1200008392334,25.678590774536133,42302300
XLF,2019-11-04,29.3700008392334,29.420000076293945,29.290000915527344,29.3700008392334,25.8990421295166,37319100
XLF,2019-11-05,29.459999084472656,29.6200008392334,29.40999984741211,29.479999542236328,25.99604034423828,39516100
XLF,2019-11-06,29.459999084472656,29.6299991607666,29.420000076293945,29.6299991607666,26.128318786621094,40179900
XLF,2019-11-07,29.809999465942383,30.030000686645508,29.739999771118164,29.850000381469727,26.322317123413086,61738600
XLF,2019-11-08,29.81999969482422,29.850000381469727,29.639999389648438,29.84000015258789,26.313499450683594,53808800
XLF,2019-11-11,29.65999984741211,29.81999969482422,29.6200008392334,29.760000228881836,26.242952346801758,19702400
XLF,2019-11-12,29.770000457763672,29.889999389648438,29.690000534057617,29.799999237060547,26.27822494506836,44640600
XLF,2019-11-13,29.56999969482422,29.709999084472656,29.450000762939453,29.610000610351562,26.11068344116211,43495400
XLF,2019-11-14,29.530000686645508,29.670000076293945,29.469999313354492,29.670000076293945,26.163589477539062,46158400
XLF,2019-11-15,29.770000457763672,29.799999237060547,29.65999984741211,29.75,26.2341365814209,30097000
XLF,2019-11-18,29.75,29.81999969482422,29.65999984741211,29.809999465942383,26.287046432495117,25440500
XLF,2019-11-19,29.8799991607666,29.969999313354492,29.790000915527344,29.8700008392334,26.339954376220703,30770900
XLF,2019-11-20,29.75,29.809999465942383,29.520000457763672,29.729999542236328,26.21649932861328,46719500
XLF,2019-11-21,29.790000915527344,29.84000015258789,29.600000381469727,29.700000762939453,26.19004249572754,37192700
XLF,2019-11-22,29.739999771118164,29.950000762939453,29.739999771118164,29.920000076293945,26.384044647216797,35195000
XLF,2019-11-25,29.959999084472656,30.149999618530273,29.950000762939453,30.110000610351562,26.551591873168945,50094100
XLF,2019-11-26,30.110000610351562,30.110000610351562,29.93000030517578,30.079999923706055,26.525129318237305,33516200
XLF,2019-11-27,30.15999984741211,30.209999084472656,30.059999465942383,30.200000762939453,26.630950927734375,31012300
XLF,2019-11-29,30.139999389648438,30.239999771118164,30.09000015258789,30.149999618530273,26.586862564086914,19444200
XLF,2019-12-02,30.200000762939453,30.260000228881836,29.93000030517578,29.959999084472656,26.41931915283203,52427800
XLF,2019-12-03,29.610000610351562,29.6200008392334,29.350000381469727,29.540000915527344,26.04895782470703,66912000
XLF,2019-12-04,29.56999969482422,29.899999618530273,29.549999237060547,29.81999969482422,26.29586410522461,41793900
XLF,2019-12-05,29.940000534057617,30.010000228881836,29.829999923706055,29.959999084472656,26.41931915283203,44933500
XLF,2019-12-06,30.290000915527344,30.459999084472656,30.280000686645508,30.360000610351562,26.772043228149414,40811300
XLF,2019-12-09,30.299999237060547,30.420000076293945,30.280000686645508,30.290000915527344,26.7103214263916,21627500
XLF,2019-12-10,30.209999084472656,30.360000610351562,30.1299991607666,30.299999237060547,26.719135284423828,37362100
XLF,2019-12-11,30.290000915527344,30.34000015258789,30.200000762939453,30.229999542236328,26.657407760620117,24490200
XLF,2019-12-12,30.270000457763672,30.90999984741211,30.25,30.81999969482422,27.17768669128418,68427500
XLF,2019-12-13,30.790000915527344,30.969999313354492,30.530000686645508,30.709999084472656,27.0806827545166,48135700
XLF,2019-12-16,30.959999084472656,31.020000457763672,30.790000915527344,30.81999969482422,27.17768669128418,45914900
XLF,2019-12-17,30.84000015258789,31.040000915527344,30.829999923706055,30.940000534057617,27.28350257873535,30911900
XLF,2019-12-18,31.040000915527344,31.040000915527344,30.809999465942383,30.809999465942383,27.16886329650879,39079700
XLF,2019-12-19,30.81999969482422,30.889999389648438,30.770000457763672,30.799999237060547,27.16004753112793,36946900
XLF,2019-12-20,30.799999237060547,30.8799991607666,30.639999389648438,30.68000030517578,27.19195556640625,97416000
XLF,2019-12-23,30.760000228881836,30.770000457763672,30.56999969482422,30.610000610351562,27.129915237426758,38293100
XLF,2019-12-24,30.670000076293945,30.690000534057617,30.600000381469727,30.68000030517578,27.19195556640625,12315900
XLF,2019-12-26,30.709999084472656,30.850000381469727,30.709999084472656,30.850000381469727,27.34262466430664,15891300
XLF,2019-12-27,30.899999618530273,30.90999984741211,30.75,30.770000457763672,27.271717071533203,19417400
XLF,2019-12-30,30.90999984741211,30.959999084472656,30.649999618530273,30.68000030517578,27.19195556640625,18819300
XLF,2019-12-31,30.65999984741211,30.790000915527344,30.6200008392334,30.780000686645508,27.28058624267578,15788100
XLF,2020-01-02,30.889999389648438,31.079999923706055,30.799999237060547,31.079999923706055,27.546472549438477,28843300
XLF,2020-01-03,30.68000030517578,30.8799991607666,30.59000015258789,30.75,27.253992080688477,51363600
XLF,2020-01-06,30.469999313354492,30.75,30.459999084472656,30.729999542236328,27.236270904541016,27956100
XLF,2020-01-07,30.65999984741211,30.709999084472656,30.530000686645508,30.530000686645508,27.05900764465332,39627500
XLF,2020-01-08,30.559999465942383,30.899999618530273,30.559999465942383,30.729999542236328,27.236270904541016,47966600
XLF,2020-01-09,30.950000762939453,30.979999542236328,30.829999923706055,30.920000076293945,27.404674530029297,27705300
XLF,2020-01-10,30.940000534057617,30.950000762939453,30.649999618530273,30.690000534057617,27.200815200805664,33458200
XLF,2020-01-13,30.760000228881836,30.93000030517578,30.68000030517578,30.899999618530273,27.38694190979004,27542700
XLF,2020-01-14,30.899999618530273,31.079999923706055,30.799999237060547,30.84000015258789,27.333763122558594,37575400
XLF,2020-01-15,30.690000534057617,30.790000915527344,30.56999969482422,30.670000076293945,27.183086395263672,41457300
XLF,2020-01-16,30.81999969482422,30.940000534057617,30.75,30.940000534057617,27.422395706176758,34444000
XLF,2020-01-17,31.030000686645508,31.100000381469727,30.90999984741211,31.030000686645508,27.502161026000977,38819400
XLF,2020-01-21,30.8799991607666,31.020000457763672,30.770000457763672,30.770000457763672,27.271717071533203,41276500
XLF,2020-01-22,30.8700008392334,30.940000534057617,30.81999969482422,30.860000610351562,27.351490020751953,27391000
XLF,2020-01-23,30.700000762939453,30.850000381469727,30.489999771118164,30.780000686645508,27.28058624267578,43072300
XLF,2020-01-24,30.790000915527344,30.790000915527344,30.200000762939453,30.389999389648438,26.934925079345703,58924900
XLF,2020-01-27,29.790000915527344,30.059999465942383,29.75,29.920000076293945,26.51835823059082,50289300
XLF,2020-01-28,30.079999923706055,30.399999618530273,30.030000686645508,30.270000457763672,26.828571319580078,34257900
XLF,2020-01-29,30.3700008392334,30.479999542236328,30.170000076293945,30.219999313354492,26.784250259399414,41167500
XLF,2020-01-30,29.950000762939453,30.6200008392334,29.93000030517578,30.600000381469727,27.121047973632812,51210000
XLF,2020-01-31,30.34000015258789,30.3799991607666,29.850000381469727,29.959999084472656,26.553815841674805,58958800
XLF,2020-02-03,30.170000076293945,30.469999313354492,30.149999618530273,30.170000076293945,26.739933013916016,40168200
XLF,2020-02-04,30.579999923706055,30.75,30.450000762939453,30.459999084472656,26.996963500976562,79273300
XLF,2020-02-05,30.8700008392334,31.100000381469727,30.799999237060547,31.06999969482422,27.537616729736328,51086900
XLF,2020-02-06,31.239999771118164,31.270000457763672,30.969999313354492,31.030000686645508,27.502161026000977,37044400
XLF,2020-02-07,30.860000610351562,31.010000228881836,30.790000915527344,30.920000076293945,27.404674530029297,27982500
XLF,2020-02-10,30.81999969482422,31.010000228881836,30.809999465942383,31.010000228881836,27.484432220458984,17723700
XLF,2020-02-11,31.09000015258789,31.260000228881836,31.09000015258789,31.1200008392334,27.581932067871094,27997400
XLF,2020-02-12,31.280000686645508,31.3799991607666,31.100000381469727,31.139999389648438,27.59965705871582,26964200
XLF,2020-02-13,31.040000915527344,31.200000762939453,30.950000762939453,31.1299991607666,27.590789794921875,22758700
XLF,2020-02-14,31.100000381469727,31.190000534057617,31.020000457763672,31.170000076293945,27.626245498657227,22080200
XLF,2020-02-18,31.079999923706055,31.15999984741211,30.719999313354492,30.899999618530273,27.38694190979004,37768900
XLF,2020-02-19,31.010000228881836,31.209999084472656,30.969999313354492,31.1299991607666,27.590789794921875,25643300
XLF,2020-02-20,31.020000457763672,31.280000686645508,30.860000610351562,31.06999969482422,27.537616729736328,50344300
XLF,2020-02-21,30.920000076293945,30.989999771118164,30.600000381469727,30.770000457763672,27.271717071533203,51128200
XLF,2020-02-24,29.799999237060547,30.059999465942383,29.6299991607666,29.770000457763672,26.38541603088379,70455400
XLF,2020-02-25,29.780000686645508,29.84000015258789,28.6200008392334,28.760000228881836,25.490245819091797,111826900
XLF,2020-02-26,28.950000762939453,29.219999313354492,28.549999237060547,28.549999237060547,25.304113388061523,95015700
XLF,2020-02-27,27.940000534057617,28.389999389648438,27.309999465942383,27.329999923706055,24.222824096679688,143536200
XLF,2020-02-28,26.399999618530273,26.850000381469727,25.969999313354492,26.59000015258789,23.56694984436035,192063500
XLF,2020-03-02,26.639999389648438,27.950000762939453,26.360000610351562,27.950000762939453,24.772327423095703,127115500
XLF,2020-03-03,27.860000610351562,28.25,26.6299991607666,26.899999618530273,23.841707229614258,256525000
XLF,2020-03-04,27.260000228881836,27.799999237060547,26.799999237060547,27.790000915527344,24.630521774291992,124408000
XLF,2020-03-05,26.8700008392334,26.940000534057617,26.149999618530273,26.450000762939453,23.442869186401367,130265700
XLF,2020-03-06,25.25,25.84000015258789,25.030000686645508,25.549999237060547,22.645193099975586,160606600
XLF,2020-03-09,23.0,23.8799991607666,22.520000457763672,22.809999465942383,20.216703414916992,134165700
XLF,2020-03-10,23.8700008392334,24.170000076293945,22.84000015258789,24.149999618530273,21.40435791015625,149282300
XLF,2020-03-11,23.40999984741211,23.649999618530273,22.520000457763672,22.84000015258789,20.243289947509766,146915400
XLF,2020-03-12,20.940000534057617,22.209999084472656,20.299999237060547,20.3700008392334,18.05411148071289,161437500
XLF,2020-03-13,21.899999618530273,23.09000015258789,20.899999618530273,23.049999237060547,20.429418563842773,160945700
XLF,2020-03-16,19.350000381469727,21.34000015258789,18.93000030517578,19.889999389648438,17.628679275512695,110661600
XLF,2020-03-17,20.350000381469727,21.190000534057617,19.540000915527344,20.969999313354492,18.58589744567871,122295100
XLF,2020-03-18,19.649999618530273,20.049999237060547,18.280000686645508,19.190000534057617,17.00826644897461,145056400
XLF,2020-03-19,18.790000915527344,19.889999389648438,18.110000610351562,19.610000610351562,17.380516052246094,105652800
XLF,2020-03-20,19.81999969482422,19.920000076293945,18.670000076293945,18.90999984741211,16.760101318359375,157840900
XLF,2020-03-23,18.440000534057617,18.600000381469727,17.489999771118164,17.65999984741211,15.784939765930176,144547900
XLF,2020-03-24,18.709999084472656,19.959999084472656,18.579999923706055,19.850000381469727,17.742414474487305,158551100
XLF,2020-03-25,20.139999389648438,21.229999542236328,19.389999389648438,20.389999389648438,18.22507667541504,162949600
XLF,2020-03-26,20.65999984741211,21.81999969482422,20.6299991607666,21.670000076293945,19.369169235229492,129753900
XLF,2020-03-27,20.790000915527344,21.670000076293945,20.549999237060547,21.010000228881836,18.77924919128418,109305600
XLF,2020-03-30,21.040000915527344,21.530000686645508,20.600000381469727,21.40999984741211,19.13677406311035,67297200
XLF,2020-03-31,21.209999084472656,21.450000762939453,20.639999389648438,20.81999969482422,18.609424591064453,83819900
XLF,2020-04-01,19.719999313354492,19.940000534057617,19.3700008392334,19.549999237060547,17.474266052246094,79185000
XLF,2020-04-02,19.43000030517578,20.200000762939453,19.360000610351562,20.040000915527344,17.91223907470703,68398300
XLF,2020-04-03,19.850000381469727,20.139999389648438,19.360000610351562,19.639999389648438,17.554706573486328,68418100
XLF,2020-04-06,20.6200008392334,21.219999313354492,20.469999313354492,21.049999237060547,18.81500244140625,69015100
XLF,2020-04-07,22.200000762939453,22.219999313354492,21.25,21.260000228881836,19.002708435058594,70950900
XLF,2020-04-08,21.579999923706055,22.329999923706055,21.34000015258789,22.190000534057617,19.83396339416504,80003400
XLF,2020-04-09,22.770000457763672,23.65999984741211,22.729999542236328,23.3799991607666,20.897613525390625,147845500
XLF,2020-04-13,23.309999465942383,23.329999923706055,22.329999923706055,22.530000686645508,20.137863159179688,66236300
XLF,2020-04-14,23.06999969482422,23.139999389648438,22.209999084472656,22.6299991607666,20.22723960876465,96169000
XLF,2020-04-15,21.729999542236328,21.860000610351562,21.540000915527344,21.649999618530273,19.351295471191406,63482000
XLF,2020-04-16,21.600000381469727,21.639999389648438,21.059999465942383,21.270000457763672,19.011648178100586,68907600
XLF,2020-04-17,22.100000381469727,22.520000457763672,21.920000076293945,22.389999389648438,20.01272201538086,88698600
XLF,2020-04-20,21.950000762939453,22.360000610351562,21.75,22.0,19.664134979248047,59063100
XLF,2020-04-21,21.329999923706055,21.709999084472656,21.209999084472656,21.290000915527344,19.02952003479004,71957900
XLF,2020-04-22,21.729999542236328,21.790000915527344,21.469999313354492,21.520000457763672,19.2351016998291,47507800
XLF,2020-04-23,21.579999923706055,21.860000610351562,21.399999618530273,21.43000030517578,19.1546573638916,71740200
XLF,2020-04-24,21.65999984741211,21.829999923706055,21.329999923706055,21.739999771118164,19.431743621826172,33825300
XLF,2020-04-27,21.959999084472656,22.600000381469727,21.920000076293945,22.479999542236328,20.093170166015625,109435100
XLF,2020-04-28,23.15999984741211,23.329999923706055,22.670000076293945,22.719999313354492,20.307695388793945,46452300
XLF,2020-04-29,23.420000076293945,23.65999984741211,23.18000030517578,23.3799991607666,20.897613525390625,70064400
XLF,2020-04-30,22.90999984741211,23.15999984741211,22.68000030517578,22.790000915527344,20.370256423950195,56745700
XLF,2020-05-01,22.25,22.309999465942383,21.90999984741211,22.059999465942383,19.717761993408203,37534300
XLF,2020-05-04,21.770000457763672,21.889999389648438,21.440000534057617,21.860000610351562,19.538999557495117,50177200
XLF,2020-05-05,22.15999984741211,22.280000686645508,21.790000915527344,21.790000915527344,19.47643280029297,65123000
XLF,2020-05-06,21.989999771118164,22.049999237060547,21.299999237060547,21.31999969482422,19.056331634521484,63738400
XLF,2020-05-07,21.600000381469727,22.18000030517578,21.600000381469727,21.81999969482422,19.503246307373047,61339000
XLF,2020-05-08,22.239999771118164,22.31999969482422,22.010000228881836,22.290000915527344,19.923341751098633,42218300
XLF,2020-05-11,21.979999542236328,22.049999237060547,21.739999771118164,21.860000610351562,19.538999557495117,54994900
XLF,2020-05-12,21.950000762939453,22.030000686645508,21.270000457763672,21.290000915527344,19.02952003479004,62202700
XLF,2020-05-13,21.110000610351562,21.139999389648438,20.5,20.65999984741211,18.46640968322754,86848300
XLF,2020-05-14,20.299999237060547,21.209999084472656,20.09000015258789,21.190000534057617,18.940135955810547,103763100
XLF,2020-05-15,20.989999771118164,21.229999542236328,20.799999237060547,21.049999237060547,18.81500244140625,70285000
XLF,2020-05-18,21.829999923706055,22.299999237060547,21.68000030517578,22.1299991607666,19.78033447265625,79548500
XLF,2020-05-19,22.0,22.110000610351562,21.579999923706055,21.59000015258789,19.297666549682617,56673200
XLF,2020-05-20,21.950000762939453,22.200000762939453,21.93000030517578,22.06999969482422,19.726701736450195,50402600
XLF,2020-05-21,22.0,22.209999084472656,21.8799991607666,22.0,19.664134979248047,49939900
XLF,2020-05-22,21.989999771118164,22.020000457763672,21.700000762939453,21.920000076293945,19.592628479003906,37584500
XLF,2020-05-26,22.75,23.299999237060547,22.729999542236328,23.059999465942383,20.611583709716797,108349200
XLF,2020-05-27,24.09000015258789,24.100000381469727,23.540000915527344,24.059999465942383,21.50541114807129,121521200
XLF,2020-05-28,24.329999923706055,24.34000015258789,23.610000610351562,23.68000030517578,21.165760040283203,101590100
XLF,2020-05-29,23.399999618530273,23.6200008392334,23.170000076293945,23.40999984741211,20.92442512512207,86969000
XLF,2020-06-01,23.5,23.790000915527344,23.34000015258789,23.68000030517578,21.165760040283203,52619200
XLF,2020-06-02,23.889999389648438,24.040000915527344,23.700000762939453,23.8700008392334,21.335586547851562,52572800
XLF,2020-06-03,24.399999618530273,24.8700008392334,24.34000015258789,24.760000228881836,22.131092071533203,77622900
XLF,2020-06-04,24.719999313354492,25.299999237060547,24.520000457763672,25.299999237060547,22.613758087158203,97575100
XLF,2020-06-05,26.780000686645508,26.829999923706055,26.149999618530273,26.239999771118164,23.453947067260742,135859300
XLF,2020-06-08,26.670000076293945,26.799999237060547,26.3700008392334,26.739999771118164,23.900863647460938,80298400
XLF,2020-06-09,26.110000610351562,26.399999618530273,25.920000076293945,26.170000076293945,23.391382217407227,92833100
XLF,2020-06-10,26.020000457763672,26.15999984741211,25.170000076293945,25.190000534057617,22.51543426513672,110848900
XLF,2020-06-11,24.0,24.360000610351562,23.09000015258789,23.1299991607666,20.674150466918945,233116600
XLF,2020-06-12,24.059999465942383,24.059999465942383,23.219999313354492,23.829999923706055,21.299835205078125,127502900
XLF,2020-06-15,23.010000228881836,24.239999771118164,22.959999084472656,24.15999984741211,21.59479331970215,92469500
XLF,2020-06-16,25.1200008392334,25.1200008392334,23.950000762939453,24.540000915527344,21.934446334838867,108121300
XLF,2020-06-17,24.610000610351562,24.610000610351562,24.1299991607666,24.170000076293945,21.603734970092773,56320900
XLF,2020-06-18,23.93000030517578,24.3700008392334,23.860000610351562,24.139999389648438,21.57691192626953,61206500
XLF,2020-06-19,24.600000381469727,24.610000610351562,23.709999084472656,23.979999542236328,21.43390655517578,99903900
XLF,2020-06-22,23.68000030517578,23.8799991607666,23.530000686645508,23.709999084472656,21.327762603759766,47929500
XLF,2020-06-23,24.06999969482422,24.219999313354492,23.799999237060547,23.81999969482422,21.426713943481445,47218900
XLF,2020-06-24,23.510000228881836,23.520000457763672,22.90999984741211,22.979999542236328,20.671106338500977,90217500
XLF,2020-06-25,22.899999618530273,23.639999389648438,22.860000610351562,23.59000015258789,21.219818115234375,110208900
XLF,2020-06-26,23.190000534057617,23.260000228881836,22.520000457763672,22.579999923706055,20.311290740966797,123959100
XLF,2020-06-29,22.81999969482422,22.979999542236328,22.6299991607666,22.829999923706055,20.536176681518555,69107100
XLF,2020-06-30,22.709999084472656,23.299999237060547,22.690000534057617,23.139999389648438,20.81502914428711,60653100
XLF,2020-07-01,23.239999771118164,23.350000381469727,22.8700008392334,22.940000534057617,20.635128021240234,60500300
XLF,2020-07-02,23.450000762939453,23.530000686645508,22.920000076293945,22.969999313354492,20.662113189697266,50841900
XLF,2020-07-06,23.479999542236328,23.65999984741211,23.280000686645508,23.40999984741211,21.057905197143555,60271700
XLF,2020-07-07,23.219999313354492,23.229999542236328,22.8700008392334,22.93000030517578,20.62613296508789,43810900
XLF,2020-07-08,22.920000076293945,23.229999542236328,22.84000015258789,23.170000076293945,20.842016220092773,53046100
XLF,2020-07-09,23.15999984741211,23.209999084472656,22.489999771118164,22.68000030517578,20.40125274658203,71163700
XLF,2020-07-10,22.670000076293945,23.489999771118164,22.670000076293945,23.459999084472656,21.10287857055664,94440600
XLF,2020-07-13,23.760000228881836,23.90999984741211,23.420000076293945,23.559999465942383,21.192832946777344,102487100
XLF,2020-07-14,23.459999084472656,23.75,23.25,23.68000030517578,21.30077362060547,102468300
XLF,2020-07-15,24.25,24.260000228881836,23.889999389648438,24.149999618530273,21.723556518554688,90561800
XLF,2020-07-16,23.940000534057617,24.399999618530273,23.850000381469727,24.149999618530273,21.723556518554688,74678500
XLF,2020-07-17,24.200000762939453,24.219999313354492,23.940000534057617,23.950000762939453,21.543651580810547,47033200
XLF,2020-07-20,23.81999969482422,23.979999542236328,23.75,23.84000015258789,21.444698333740234,40127600
XLF,2020-07-21,24.0,24.43000030517578,23.969999313354492,24.309999465942383,21.867481231689453,46491300
XLF,2020-07-22,24.190000534057617,24.329999923706055,24.110000610351562,24.309999465942383,21.867481231689453,44437400
XLF,2020-07-23,24.260000228881836,24.469999313354492,24.18000030517578,24.329999923706055,21.885467529296875,49916100
XLF,2020-07-24,24.350000381469727,24.479999542236328,24.190000534057617,24.270000457763672,21.831501007080078,41245600
XLF,2020-07-27,24.15999984741211,24.18000030517578,23.860000610351562,24.06999969482422,21.651592254638672,43060200
XLF,2020-07-28,23.979999542236328,24.1200008392334,23.899999618530273,24.010000228881836,21.59762191772461,35370500
XLF,2020-07-29,23.969999313354492,24.489999771118164,23.93000030517578,24.459999084472656,22.002405166625977,36491600
XLF,2020-07-30,24.0,24.06999969482422,23.709999084472656,24.020000457763672,21.606613159179688,53994600
XLF,2020-07-31,24.010000228881836,24.059999465942383,23.709999084472656,24.030000686645508,21.61560821533203,50115900
XLF,2020-08-03,24.1299991607666,24.290000915527344,23.959999084472656,24.100000381469727,21.67857551574707,42982100
XLF,2020-08-04,24.0,24.040000915527344,23.8700008392334,24.0,21.5886287689209,30754400
XLF,2020-08-05,24.15999984741211,24.389999389648438,24.1299991607666,24.329999923706055,21.885467529296875,34860700
XLF,2020-08-06,24.25,24.420000076293945,24.149999618530273,24.31999969482422,21.8764705657959,33115400
XLF,2020-08-07,24.200000762939453,24.860000610351562,24.149999618530273,24.84000015258789,22.34422492980957,63302800
XLF,2020-08-10,24.979999542236328,25.110000610351562,24.8700008392334,25.020000457763672,22.506145477294922,45436100
XLF,2020-08-11,25.489999771118164,25.719999313354492,25.25,25.309999465942383,22.767004013061523,73758600
XLF,2020-08-12,25.760000228881836,25.770000457763672,25.059999465942383,25.239999771118164,22.704036712646484,58793600
XLF,2020-08-13,25.049999237060547,25.260000228881836,24.93000030517578,25.079999923706055,22.560110092163086,35222500
XLF,2020-08-14,24.959999084472656,25.299999237060547,24.93000030517578,25.18000030517578,22.650066375732422,28276900
XLF,2020-08-17,25.09000015258789,25.110000610351562,24.75,24.760000228881836,22.27226448059082,53397000
XLF,2020-08-18,24.780000686645508,24.84000015258789,24.579999923706055,24.600000381469727,22.128339767456055,35502500
XLF,2020-08-19,24.690000534057617,24.940000534057617,24.520000457763672,24.59000015258789,22.119346618652344,59847200
XLF,2020-08-20,24.309999465942383,24.5,24.290000915527344,24.360000610351562,21.912452697753906,45586100
XLF,2020-08-21,24.31999969482422,24.530000686645508,24.229999542236328,24.309999465942383,21.867481231689453,35349200
XLF,2020-08-24,24.450000762939453,24.889999389648438,24.389999389648438,24.889999389648438,22.389198303222656,51010900
XLF,2020-08-25,25.100000381469727,25.170000076293945,24.799999237060547,24.959999084472656,22.452171325683594,55236900
XLF,2020-08-26,24.899999618530273,24.959999084472656,24.75,24.84000015258789,22.34422492980957,30646600
XLF,2020-08-27,24.81999969482422,25.3799991607666,24.81999969482422,25.260000228881836,22.72202491760254,66463900
XLF,2020-08-28,25.440000534057617,25.450000762939453,25.149999618530273,25.360000610351562,22.811979293823242,49170600
XLF,2020-08-31,25.34000015258789,25.34000015258789,25.059999465942383,25.059999465942383,22.54212188720703,52259000
XLF,2020-09-01,24.93000030517578,25.219999313354492,24.850000381469727,25.1299991607666,22.60508918762207,42036100
XLF,2020-09-02,25.1200008392334,25.579999923706055,25.049999237060547,25.489999771118164,22.928916931152344,48432500
XLF,2020-09-03,25.639999389648438,26.010000228881836,24.940000534057617,25.100000381469727,22.57810401916504,98405500
XLF,2020-09-04,25.549999237060547,25.690000534057617,24.889999389648438,25.290000915527344,22.74901008605957,111105500
XLF,2020-09-08,25.040000915527344,25.100000381469727,24.549999237060547,24.639999389648438,22.164321899414062,84687600
XLF,2020-09-09,24.8700008392334,25.06999969482422,24.709999084472656,24.889999389648438,22.389198303222656,52321200
XLF,2020-09-10,24.969999313354492,25.139999389648438,24.489999771118164,24.540000915527344,22.074369430541992,55515300
XLF,2020-09-11,24.579999923706055,24.84000015258789,24.5,24.709999084472656,22.22728729248047,69285700
XLF,2020-09-14,24.93000030517578,25.270000457763672,24.860000610351562,25.049999237060547,22.533124923706055,51021000
XLF,2020-09-15,25.100000381469727,25.1200008392334,24.690000534057617,24.709999084472656,22.22728729248047,48459900
XLF,2020-09-16,24.760000228881836,25.270000457763672,24.709999084472656,24.989999771118164,22.479154586791992,62119900
XLF,2020-09-17,24.649999618530273,24.8799991607666,24.579999923706055,24.729999542236328,22.245283126831055,47334200
XLF,2020-09-18,24.729999542236328,24.93000030517578,24.6299991607666,24.68000030517578,22.200302124023438,61707200
XLF,2020-09-21,24.030000686645508,24.170000076293945,23.559999465942383,23.93000030517578,21.64405059814453,72307300
XLF,2020-09-22,23.8700008392334,24.100000381469727,23.530000686645508,23.729999542236328,21.463159561157227,84561500
XLF,2020-09-23,23.780000686645508,23.950000762939453,23.200000762939453,23.200000762939453,20.983789443969727,54282500
XLF,2020-09-24,23.209999084472656,23.579999923706055,22.940000534057617,23.25,21.029014587402344,56512300
XLF,2020-09-25,23.079999923706055,23.56999969482422,23.030000686645508,23.489999771118164,21.24608039855957,46026600
XLF,2020-09-28,23.81999969482422,24.219999313354492,23.81999969482422,24.049999237060547,21.752586364746094,62803500
XLF,2020-09-29,23.979999542236328,24.020000457763672,23.6200008392334,23.75,21.481243133544922,53250800
XLF,2020-09-30,23.850000381469727,24.270000457763672,23.84000015258789,24.06999969482422,21.77067756652832,66732200
XLF,2020-10-01,24.170000076293945,24.329999923706055,23.920000076293945,24.110000610351562,21.806856155395508,65766100
XLF,2020-10-02,23.790000915527344,24.440000534057617,23.729999542236328,24.299999237060547,21.978708267211914,63368100
XLF,2020-10-05,24.530000686645508,24.780000686645508,24.469999313354492,24.700000762939453,22.340505599975586,58911700
XLF,2020-10-06,24.90999984741211,25.079999923706055,24.360000610351562,24.450000762939453,22.1143798828125,88404900
XLF,2020-10-07,24.68000030517578,24.979999542236328,24.68000030517578,24.860000610351562,22.485212326049805,53815200
XLF,2020-10-08,25.0,25.260000228881836,24.940000534057617,25.200000762939453,22.792736053466797,57646300
XLF,2020-10-09,25.34000015258789,25.3700008392334,25.030000686645508,25.229999542236328,22.819868087768555,52031600
XLF,2020-10-12,25.209999084472656,25.59000015258789,25.209999084472656,25.510000228881836,23.073122024536133,45931400
XLF,2020-10-13,25.43000030517578,25.510000228881836,24.940000534057617,25.020000457763672,22.629934310913086,60377800
XLF,2020-10-14,25.040000915527344,25.1299991607666,24.75,24.780000686645508,22.412857055664062,48982200
XLF,2020-10-15,24.549999237060547,24.979999542236328,24.510000228881836,24.969999313354492,22.58470344543457,41637200
XLF,2020-10-16,25.020000457763672,25.149999618530273,24.8700008392334,24.989999771118164,22.602792739868164,40103600
XLF,2020-10-19,25.079999923706055,25.09000015258789,24.56999969482422,24.610000610351562,22.259092330932617,42989000
XLF,2020-10-20,24.770000457763672,25.100000381469727,24.760000228881836,24.809999465942383,22.43999481201172,67293900
XLF,2020-10-21,24.770000457763672,24.93000030517578,24.68000030517578,24.68000030517578,22.322404861450195,44307200
XLF,2020-10-22,24.670000076293945,25.200000762939453,24.65999984741211,25.170000076293945,22.765596389770508,39511800
XLF,2020-10-23,25.329999923706055,25.40999984741211,25.049999237060547,25.25,22.83795738220215,45092700
XLF,2020-10-26,24.889999389648438,24.93000030517578,24.450000762939453,24.68000030517578,22.322404861450195,54015100
XLF,2020-10-27,24.670000076293945,24.670000076293945,24.209999084472656,24.229999542236328,21.91539192199707,46083300
XLF,2020-10-28,23.719999313354492,23.93000030517578,23.469999313354492,23.610000610351562,21.3546199798584,89288300
XLF,2020-10-29,23.549999237060547,23.959999084472656,23.25,23.790000915527344,21.517431259155273,60908400
XLF,2020-10-30,23.649999618530273,23.899999618530273,23.469999313354492,23.860000610351562,21.580738067626953,66221600
XLF,2020-11-02,24.260000228881836,24.420000076293945,23.959999084472656,24.309999465942383,21.987751007080078,65136000
XLF,2020-11-03,24.760000228881836,25.100000381469727,24.729999542236328,24.850000381469727,22.476165771484375,79834200
XLF,2020-11-04,24.40999984741211,25.0,24.190000534057617,24.559999465942383,22.213865280151367,87397400
XLF,2020-11-05,24.770000457763672,25.34000015258789,24.770000457763672,25.15999984741211,22.756549835205078,65942300
XLF,2020-11-06,25.280000686645508,25.309999465942383,24.8799991607666,24.959999084472656,22.575658798217773,60783500
XLF,2020-11-09,26.979999542236328,27.440000534057617,26.65999984741211,27.010000228881836,24.429832458496094,162966800
XLF,2020-11-10,27.040000915527344,27.25,26.790000915527344,27.149999618530273,24.556453704833984,85851200
XLF,2020-11-11,27.299999237060547,27.31999969482422,26.8799991607666,27.040000915527344,24.456960678100586,65062400
XLF,2020-11-12,26.709999084472656,26.770000457763672,26.350000381469727,26.59000015258789,24.049951553344727,62733800
XLF,2020-11-13,26.84000015258789,27.139999389648438,26.770000457763672,27.030000686645508,24.44791603088379,45031800
XLF,2020-11-16,27.709999084472656,27.729999542236328,27.360000610351562,27.6299991607666,24.990604400634766,67556100
XLF,2020-11-17,27.31999969482422,27.639999389648438,27.1299991607666,27.59000015258789,24.954421997070312,63679700
XLF,2020-11-18,27.719999313354492,27.940000534057617,27.31999969482422,27.329999923706055,24.719268798828125,71578400
XLF,2020-11-19,27.190000534057617,27.450000762939453,27.020000457763672,27.420000076293945,24.800662994384766,47194800
XLF,2020-11-20,27.280000686645508,27.389999389648438,27.1200008392334,27.18000030517578,24.583593368530273,39974700
XLF,2020-11-23,27.530000686645508,27.770000457763672,27.389999389648438,27.690000534057617,25.044876098632812,51870500
XLF,2020-11-24,28.170000076293945,28.690000534057617,28.100000381469727,28.65999984741211,25.922210693359375,60983200
XLF,2020-11-25,28.5,28.579999923706055,28.219999313354492,28.559999465942383,25.83176612854004,45204600
XLF,2020-11-27,28.559999465942383,28.59000015258789,28.360000610351562,28.469999313354492,25.75035858154297,26981200
XLF,2020-11-30,28.299999237060547,28.3799991607666,27.829999923706055,27.8799991607666,25.21672248840332,72524200
XLF,2020-12-01,28.399999618530273,28.56999969482422,28.290000915527344,28.309999465942383,25.605649948120117,53972100
XLF,2020-12-02,28.270000457763672,28.670000076293945,28.219999313354492,28.6200008392334,25.886028289794922,57471800
XLF,2020-12-03,28.639999389648438,28.799999237060547,28.459999084472656,28.6299991607666,25.89507293701172,49566000
XLF,2020-12-04,28.81999969482422,29.030000686645508,28.799999237060547,28.979999542236328,26.211641311645508,52713100
XLF,2020-12-07,28.809999465942383,28.860000610351562,28.610000610351562,28.780000686645508,26.030752182006836,34631600
XLF,2020-12-08,28.510000228881836,28.84000015258789,28.510000228881836,28.770000457763672,26.021703720092773,31628500
XLF,2020-12-09,28.93000030517578,28.950000762939453,28.59000015258789,28.700000762939453,25.95839500427246,47589600
XLF,2020-12-10,28.479999542236328,28.780000686645508,28.389999389648438,28.75,26.003612518310547,41298300
XLF,2020-12-11,28.43000030517578,28.530000686645508,28.229999542236328,28.459999084472656,25.741313934326172,48216300
XLF,2020-12-14,28.84000015258789,28.84000015258789,28.110000610351562,28.1299991607666,25.442842483520508,38302900
XLF,2020-12-15,28.350000381469727,28.690000534057617,28.190000534057617,28.610000610351562,25.876989364624023,38604200
XLF,2020-12-16,28.65999984741211,28.68000030517578,28.520000457763672,28.65999984741211,25.922210693359375,55602800
XLF,2020-12-17,28.709999084472656,28.790000915527344,28.579999923706055,28.739999771118164,25.994569778442383,38510900
XLF,2020-12-18,28.780000686645508,28.780000686645508,28.31999969482422,28.489999771118164,25.768449783325195,56080100
XLF,2020-12-21,28.670000076293945,28.860000610351562,28.229999542236328,28.719999313354492,26.11581039428711,77688100
XLF,2020-12-22,28.739999771118164,28.780000686645508,28.420000076293945,28.440000534057617,25.861204147338867,42317900
XLF,2020-12-23,28.610000610351562,29.06999969482422,28.600000381469727,28.90999984741211,26.288585662841797,52681400
XLF,2020-12-24,28.969999313354492,28.979999542236328,28.709999084472656,28.950000762939453,26.3249568939209,16071000
XLF,2020-12-28,29.149999618530273,29.31999969482422,28.989999771118164,29.09000015258789,26.4522705078125,32824800
XLF,2020-12-29,29.209999084472656,29.219999313354492,28.959999084472656,28.989999771118164,26.361328125,23607000
XLF,2020-12-30,29.09000015258789,29.209999084472656,29.020000457763672,29.1200008392334,26.479543685913086,16616700
XLF,2020-12-31,29.079999923706055,29.520000457763672,29.0,29.479999542236328,26.80689811706543,26239300
XLF,2021-01-04,29.59000015258789,29.600000381469727,28.829999923706055,29.079999923706055,26.44316291809082,47086300
XLF,2021-01-05,29.06999969482422,29.34000015258789,28.920000076293945,29.209999084472656,26.56138038635254,35265400
XLF,2021-01-06,29.770000457763672,30.739999771118164,29.770000457763672,30.5,27.73440933227539,102254900
XLF,2021-01-07,30.950000762939453,31.260000228881836,30.8799991607666,30.940000534057617,28.134517669677734,64342700
XLF,2021-01-08,31.09000015258789,31.100000381469727,30.510000228881836,30.920000076293945,28.1163272857666,54266400
XLF,2021-01-11,30.6200008392334,31.06999969482422,30.489999771118164,31.020000457763672,28.207263946533203,56590400
XLF,2021-01-12,31.200000762939453,31.489999771118164,31.110000610351562,31.34000015258789,28.498249053955078,60546600
XLF,2021-01-13,31.290000915527344,31.399999618530273,31.09000015258789,31.31999969482422,28.480060577392578,55394700
XLF,2021-01-14,31.40999984741211,31.6200008392334,31.290000915527344,31.459999084472656,28.607362747192383,49828800
XLF,2021-01-15,31.0,31.190000534057617,30.709999084472656,30.940000534057617,28.134517669677734,68732700
XLF,2021-01-19,31.100000381469727,31.18000030517578,30.829999923706055,31.020000457763672,28.207263946533203,97457200
XLF,2021-01-20,31.1200008392334,31.1200008392334,30.780000686645508,30.889999389648438,28.089048385620117,56113100
XLF,2021-01-21,30.8700008392334,30.93000030517578,30.559999465942383,30.559999465942383,27.788972854614258,43713800
XLF,2021-01-22,30.25,30.459999084472656,30.200000762939453,30.34000015258789,27.58892250061035,37928000
XLF,2021-01-25,30.040000915527344,30.15999984741211,29.739999771118164,30.1200008392334,27.38886833190918,68321500
XLF,2021-01-26,30.239999771118164,30.280000686645508,29.860000610351562,29.8799991607666,27.17062759399414,55504600
XLF,2021-01-27,29.469999313354492,29.5,28.940000534057617,29.0,26.370426177978516,84059200
XLF,2021-01-28,29.3700008392334,29.8799991607666,29.280000686645508,29.540000915527344,26.861459732055664,62985900
XLF,2021-01-29,29.459999084472656,29.540000915527344,28.81999969482422,28.950000762939453,26.3249568939209,78260700
XLF,2021-02-01,29.270000457763672,29.3700008392334,29.020000457763672,29.329999923706055,26.67049789428711,41947400
XLF,2021-02-02,29.670000076293945,30.190000534057617,29.65999984741211,30.040000915527344,27.316123962402344,54263000
XLF,2021-02-03,30.0,30.219999313354492,29.940000534057617,30.209999084472656,27.470703125,46195200
XLF,2021-02-04,30.309999465942383,30.889999389648438,30.299999237060547,30.8799991607666,28.0799560546875,63061800
XLF,2021-02-05,31.100000381469727,31.1299991607666,30.81999969482422,30.889999389648438,28.089048385620117,38461900
XLF,2021-02-08,30.989999771118164,31.290000915527344,30.989999771118164,31.290000915527344,28.45277976989746,48756300
XLF,2021-02-09,31.190000534057617,31.399999618530273,31.079999923706055,31.299999237060547,28.461870193481445,33572000
XLF,2021-02-10,31.459999084472656,31.5,31.149999618530273,31.299999237060547,28.461870193481445,38899600
XLF,2021-02-11,31.31999969482422,31.440000534057617,30.989999771118164,31.200000762939453,28.37093734741211,31909500
XLF,2021-02-12,31.170000076293945,31.549999237060547,31.139999389648438,31.520000457763672,28.661922454833984,38271800
XLF,2021-02-16,31.84000015258789,32.209999084472656,31.700000762939453,32.060001373291016,29.152957916259766,71330600
XLF,2021-02-17,31.959999084472656,32.2599983215332,31.850000381469727,32.220001220703125,29.29844856262207,60460900
XLF,2021-02-18,31.989999771118164,32.20000076293945,31.770000457763672,32.029998779296875,29.125680923461914,45188200
XLF,2021-02-19,32.2400016784668,32.52000045776367,32.20000076293945,32.40999984741211,29.471223831176758,54361800
XLF,2021-02-22,32.29999923706055,32.83000183105469,32.290000915527344,32.709999084472656,29.744016647338867,65930200
XLF,2021-02-23,32.939998626708984,32.95000076293945,32.56999969482422,32.90999984741211,29.92588233947754,94331400
XLF,2021-02-24,32.959999084472656,33.63999938964844,32.939998626708984,33.54999923706055,30.507856369018555,66000600
XLF,2021-02-25,33.81999969482422,33.84000015258789,32.849998474121094,32.939998626708984,29.95315933227539,92189400
XLF,2021-02-26,32.88999938964844,32.9900016784668,32.189998626708984,32.310001373291016,29.38028907775879,103105700
XLF,2021-03-01,32.86000061035156,33.52000045776367,32.86000061035156,33.31999969482422,30.2987003326416,67590700
XLF,2021-03-02,33.279998779296875,33.470001220703125,33.16999816894531,33.20000076293945,30.189592361450195,49987000
XLF,2021-03-03,33.33000183105469,33.959999084472656,33.290000915527344,33.459999084472656,30.42601203918457,72541700
XLF,2021-03-04,33.369998931884766,33.689998626708984,32.599998474121094,33.08000183105469,30.08047103881836,101311800
XLF,2021-03-05,33.63999938964844,33.79999923706055,32.779998779296875,33.709999084472656,30.65333366394043,109299800
XLF,2021-03-08,33.959999084472656,34.58000183105469,33.81999969482422,34.13999938964844,31.04435157775879,90538200
XLF,2021-03-09,33.869998931884766,34.33000183105469,33.52000045776367,33.83000183105469,30.76246452331543,117224600
XLF,2021-03-10,33.9900016784668,34.650001525878906,33.93000030517578,34.52000045776367,31.38990592956543,73269300
XLF,2021-03-11,34.34000015258789,34.689998626708984,34.13999938964844,34.41999816894531,31.29895782470703,50904800
XLF,2021-03-12,34.81999969482422,34.95000076293945,34.65999984741211,34.77000045776367,31.617229461669922,68126000
XLF,2021-03-15,34.900001525878906,34.90999984741211,34.25,34.56999969482422,31.43536949157715,57836400
XLF,2021-03-16,34.38999938964844,34.43000030517578,33.939998626708984,34.209999084472656,31.108007431030273,67373600
XLF,2021-03-17,34.459999084472656,34.63999938964844,34.08000183105469,34.439998626708984,31.317153930664062,64051100
XLF,2021-03-18,34.790000915527344,35.290000915527344,34.5,34.619998931884766,31.48082733154297,96690500
XLF,2021-03-19,34.349998474121094,34.380001068115234,33.86000061035156,34.220001220703125,31.117101669311523,98510500
XLF,2021-03-22,33.81999969482422,33.88999938964844,33.5099983215332,33.630001068115234,30.716140747070312,68170600
XLF,2021-03-23,33.43000030517578,33.65999984741211,33.040000915527344,33.15999984741211,30.286867141723633,70441900
XLF,2021-03-24,33.400001525878906,33.79999923706055,33.279998779296875,33.279998779296875,30.39645767211914,63357100
XLF,2021-03-25,33.2599983215332,33.88999938964844,33.0,33.84000015258789,30.90794563293457,60532600
XLF,2021-03-26,34.189998626708984,34.43000030517578,33.95000076293945,34.369998931884766,31.392024993896484,53779900
XLF,2021-03-29,33.88999938964844,34.290000915527344,33.720001220703125,34.06999969482422,31.118013381958008,71777800
XLF,2021-03-30,34.25,34.470001220703125,34.209999084472656,34.310001373291016,31.33722686767578,55011400
XLF,2021-03-31,34.2400016784668,34.380001068115234,34.029998779296875,34.04999923706055,31.099748611450195,51138300
XLF,2021-04-01,34.0,34.470001220703125,34.0,34.470001220703125,31.483354568481445,51690100
XLF,2021-04-05,34.84000015258789,34.90999984741211,34.630001068115234,34.7400016784668,31.729961395263672,51790700
XLF,2021-04-06,34.65999984741211,34.83000183105469,34.54999923706055,34.66999816894531,31.66602325439453,41336800
XLF,2021-04-07,34.77000045776367,34.91999816894531,34.599998474121094,34.84000015258789,31.8212947845459,38660800
XLF,2021-04-08,34.709999084472656,34.88999938964844,34.470001220703125,34.849998474121094,31.830429077148438,39927400
XLF,2021-04-09,35.09000015258789,35.16999816894531,34.88999938964844,35.150001525878906,32.10443878173828,40133700
XLF,2021-04-12,35.220001220703125,35.310001373291016,35.13999938964844,35.29999923706055,32.24144744873047,44435500
XLF,2021-04-13,35.099998474121094,35.13999938964844,34.779998779296875,34.970001220703125,31.940032958984375,39950900
XLF,2021-04-14,34.880001068115234,35.43000030517578,34.83000183105469,35.18000030517578,32.13184356689453,44065300
XLF,2021-04-15,35.2599983215332,35.29999923706055,34.81999969482422,35.150001525878906,32.10443878173828,55483500
XLF,2021-04-16,35.459999084472656,35.529998779296875,35.2400016784668,35.400001525878906,32.33277893066406,39115700
XLF,2021-04-19,35.38999938964844,35.4900016784668,35.18000030517578,35.29999923706055,32.24144744873047,31172300
XLF,2021-04-20,35.09000015258789,35.11000061035156,34.52000045776367,34.63999938964844,31.638622283935547,50227700
XLF,2021-04-21,34.52000045776367,35.150001525878906,34.41999816894531,35.119998931884766,32.0770378112793,39680000
XLF,2021-04-22,35.08000183105469,35.130001068115234,34.66999816894531,34.72999954223633,31.7208251953125,43611200
XLF,2021-04-23,34.72999954223633,35.529998779296875,34.66999816894531,35.380001068115234,32.31451416015625,50437700
XLF,2021-04-26,35.5099983215332,35.849998474121094,35.47999954223633,35.52000045776367,32.4423828125,43749700
XLF,2021-04-27,35.56999969482422,35.849998474121094,35.4900016784668,35.79999923706055,32.698116302490234,50852400
XLF,2021-04-28,35.939998626708984,36.040000915527344,35.83000183105469,35.939998626708984,32.825992584228516,35771700
XLF,2021-04-29,36.220001220703125,36.61000061035156,36.189998626708984,36.58000183105469,33.41054153442383,48573000
XLF,2021-04-30,36.380001068115234,36.5099983215332,36.20000076293945,36.2599983215332,33.11825942993164,43940900
XLF,2021-05-03,36.56999969482422,36.63999938964844,36.29999923706055,36.439998626708984,33.28266143798828,33317300
XLF,2021-05-04,36.279998779296875,36.72999954223633,36.040000915527344,36.72999954223633,33.54753494262695,66939700
XLF,2021-05-05,36.84000015258789,37.16999816894531,36.84000015258789,37.029998779296875,33.82154083251953,38954200
XLF,2021-05-06,37.18000030517578,37.59000015258789,36.959999084472656,37.58000183105469,34.32389450073242,43332900
XLF,2021-05-07,37.150001525878906,37.790000915527344,37.060001373291016,37.779998779296875,34.506568908691406,64616700
XLF,2021-05-10,37.97999954223633,38.2599983215332,37.720001220703125,37.75,34.47916030883789,56341100
XLF,2021-05-11,37.369998931884766,37.709999084472656,36.939998626708984,37.08000183105469,33.86721420288086,82723700
XLF,2021-05-12,37.369998931884766,37.5099983215332,36.54999923706055,36.70000076293945,33.520145416259766,97911900
XLF,2021-05-13,36.560001373291016,37.52000045776367,36.540000915527344,37.290000915527344,34.05902099609375,66882600
XLF,2021-05-14,37.5,37.97999954223633,37.459999084472656,37.880001068115234,34.597900390625,44850200
XLF,2021-05-17,37.7599983215332,37.9900016784668,37.61000061035156,37.95000076293945,34.661834716796875,40376700
XLF,2021-05-18,37.91999816894531,38.04999923706055,37.400001525878906,37.41999816894531,34.177757263183594,40299200
XLF,2021-05-19,36.9900016784668,37.209999084472656,36.59000015258789,37.189998626708984,33.96768569946289,63573900
XLF,2021-05-20,37.25,37.470001220703125,36.95000076293945,37.209999084472656,33.98595428466797,59216100
XLF,2021-05-21,37.36000061035156,37.779998779296875,37.34000015258789,37.58000183105469,34.32389450073242,44950300
XLF,2021-05-24,37.7400016784668,37.849998474121094,37.54999923706055,37.7599983215332,34.48830032348633,29159600
XLF,2021-05-25,37.810001373291016,38.099998474121094,37.33000183105469,37.380001068115234,34.14122772216797,38755900
XLF,2021-05-26,37.52000045776367,37.65999984741211,37.220001220703125,37.4900016784668,34.24169921875,38601900
XLF,2021-05-27,37.83000183105469,38.02000045776367,37.61000061035156,37.91999816894531,34.634429931640625,39789500
XLF,2021-05-28,38.09000015258789,38.09000015258789,37.709999084472656,37.9900016784668,34.698368072509766,39265000
XLF,2021-06-01,38.369998931884766,38.47999954223633,38.119998931884766,38.220001220703125,34.908451080322266,35710700
XLF,2021-06-02,38.34000015258789,38.380001068115234,38.06999969482422,38.279998779296875,34.96323776245117,37537500
XLF,2021-06-03,38.15999984741211,38.599998474121094,38.040000915527344,38.369998931884766,35.04542922973633,54877500
XLF,2021-06-04,38.41999816894531,38.5,38.130001068115234,38.470001220703125,35.13678741455078,27250900
XLF,2021-06-07,38.529998779296875,38.529998779296875,38.150001525878906,38.220001220703125,34.908451080322266,37401800
XLF,2021-06-08,38.0099983215332,38.2400016784668,37.72999954223633,38.119998931884766,34.81709671020508,47747700
XLF,2021-06-09,37.970001220703125,38.02000045776367,37.65999984741211,37.7599983215332,34.48830032348633,40776200
XLF,2021-06-10,38.08000183105469,38.18000030517578,37.290000915527344,37.31999969482422,34.086421966552734,53775500
XLF,2021-06-11,37.38999938964844,37.58000183105469,37.380001068115234,37.560001373291016,34.30562973022461,40416700
XLF,2021-06-14,37.4900016784668,37.54999923706055,36.95000076293945,37.16999816894531,33.94941711425781,50613400
XLF,2021-06-15,37.18000030517578,37.43000030517578,37.0,37.2400016784668,34.01335144042969,51315100
XLF,2021-06-16,37.119998931884766,37.45000076293945,36.7400016784668,37.20000076293945,33.9768180847168,84961100
XLF,2021-06-17,37.38999938964844,37.40999984741211,35.9900016784668,36.099998474121094,32.97211837768555,97659900
XLF,2021-06-18,35.619998931884766,35.7400016784668,35.18000030517578,35.22999954223633,32.17750549316406,180960000
XLF,2021-06-21,35.439998626708984,35.93000030517578,35.380001068115234,35.90999984741211,32.92850875854492,89831400
XLF,2021-06-22,35.9900016784668,36.11000061035156,35.630001068115234,35.970001220703125,32.9835205078125,42576400
XLF,2021-06-23,36.0,36.209999084472656,35.95000076293945,36.040000915527344,33.04770278930664,48094900
XLF,2021-06-24,36.25,36.58000183105469,36.08000183105469,36.4900016784668,33.46035385131836,42942800
XLF,2021-06-25,36.68000030517578,37.029998779296875,36.470001220703125,36.93000030517578,33.86382293701172,56845000
XLF,2021-06-28,36.86000061035156,36.88999938964844,36.45000076293945,36.65999984741211,33.61623764038086,70250700
XLF,2021-06-29,36.849998474121094,37.04999923706055,36.43000030517578,36.529998779296875,33.497039794921875,61051200
XLF,2021-06-30,36.41999816894531,36.77000045776367,36.40999984741211,36.689998626708984,33.64374923706055,42414100
XLF,2021-07-01,36.869998931884766,37.0,36.68000030517578,36.97999954223633,33.90966796875,36615600
XLF,2021-07-02,36.97999954223633,37.02000045776367,36.790000915527344,36.939998626708984,33.87298583984375,27018400
XLF,2021-07-06,36.849998474121094,36.869998931884766,36.119998931884766,36.36000061035156,33.34115219116211,49225300
XLF,2021-07-07,36.13999938964844,36.4900016784668,36.060001373291016,36.40999984741211,33.387001037597656,43747100
XLF,2021-07-08,35.83000183105469,36.040000915527344,35.5099983215332,35.68000030517578,32.71760940551758,75084200
XLF,2021-07-09,36.20000076293945,36.7599983215332,36.09000015258789,36.709999084472656,33.66209030151367,70546500
XLF,2021-07-12,36.4900016784668,37.13999938964844,36.33000183105469,37.06999969482422,33.9921989440918,62953400
XLF,2021-07-13,36.95000076293945,37.0099983215332,36.529998779296875,36.66999816894531,33.625404357910156,44476200
XLF,2021-07-14,36.689998626708984,36.93000030517578,36.099998474121094,36.5,33.46951675415039,69632700
XLF,2021-07-15,36.13999938964844,36.849998474121094,36.13999938964844,36.619998931884766,33.579551696777344,53977600
XLF,2021-07-16,36.810001373291016,36.810001373291016,36.040000915527344,36.119998931884766,33.12106704711914,56160700
XLF,2021-07-19,35.41999816894531,35.61000061035156,34.900001525878906,35.11000061035156,32.19493103027344,89972200
XLF,2021-07-20,35.06999969482422,36.220001220703125,35.0,35.97999954223633,32.99269485473633,70635800
XLF,2021-07-21,36.27000045776367,36.779998779296875,36.2400016784668,36.599998474121094,33.56121826171875,59975000
XLF,2021-07-22,36.470001220703125,36.560001373291016,36.04999923706055,36.20000076293945,33.194435119628906,35292300
XLF,2021-07-23,36.54999923706055,36.650001525878906,36.15999984741211,36.2599983215332,33.249446868896484,36766900
XLF,2021-07-26,36.189998626708984,36.540000915527344,36.16999816894531,36.470001220703125,33.4420166015625,25396000
XLF,2021-07-27,36.189998626708984,36.619998931884766,36.02000045776367,36.459999084472656,33.43284606933594,38988400
XLF,2021-07-28,36.59000015258789,36.63999938964844,36.15999984741211,36.40999984741211,33.387001037597656,42908200
XLF,2021-07-29,36.650001525878906,36.970001220703125,36.4900016784668,36.810001373291016,33.753780364990234,41434200
XLF,2021-07-30,36.709999084472656,36.97999954223633,36.43000030517578,36.52000045776367,33.48786163330078,52385300
XLF,2021-08-02,36.77000045776367,37.189998626708984,36.47999954223633,36.529998779296875,33.497039794921875,47589900
XLF,2021-08-03,36.65999984741211,36.9900016784668,36.119998931884766,36.939998626708984,33.87298583984375,42169600
XLF,2021-08-04,36.59000015258789,37.02000045776367,36.43000030517578,36.630001068115234,33.58872604370117,52346400
XLF,2021-08-05,36.86000061035156,37.11000061035156,36.849998474121094,37.11000061035156,34.02888107299805,37168200
XLF,2021-08-06,37.459999084472656,37.93000030517578,37.45000076293945,37.86000061035156,34.71660232543945,58081000
XLF,2021-08-09,37.810001373291016,38.13999938964844,37.599998474121094,37.959999084472656,34.80830383300781,48015600
XLF,2021-08-10,37.93000030517578,38.470001220703125,37.88999938964844,38.36000061035156,35.17509460449219,40907400
XLF,2021-08-11,38.470001220703125,38.810001373291016,38.290000915527344,38.79999923706055,35.57855987548828,48372100
XLF,2021-08-12,38.84000015258789,38.91999816894531,38.599998474121094,38.869998931884766,35.64274978637695,44566400
XLF,2021-08-13,38.900001525878906,38.95000076293945,38.4900016784668,38.58000183105469,35.3768310546875,43077200
XLF,2021-08-16,38.33000183105469,38.52000045776367,37.9900016784668,38.47999954223633,35.28513717651367,48011800
XLF,2021-08-17,38.220001220703125,38.5,37.83000183105469,38.209999084472656,35.03755187988281,52414800
XLF,2021-08-18,38.060001373291016,38.33000183105469,37.709999084472656,37.7400016784668,34.6065673828125,39550400
XLF,2021-08-19,37.33000183105469,37.7400016784668,37.220001220703125,37.459999084472656,34.34981918334961,48961300
XLF,2021-08-20,37.459999084472656,37.75,37.31999969482422,37.689998626708984,34.56072235107422,33898600
XLF,2021-08-23,37.880001068115234,38.15999984741211,37.880001068115234,38.0,34.84497833251953,28807400
XLF,2021-08-24,38.06999969482422,38.31999969482422,38.040000915527344,38.22999954223633,35.05588912963867,37677300
XLF,2021-08-25,38.33000183105469,38.91999816894531,38.25,38.68000030517578,35.46853256225586,47904800
XLF,2021-08-26,38.849998474121094,38.900001525878906,38.45000076293945,38.4900016784668,35.29429626464844,38484300
XLF,2021-08-27,38.540000915527344,39.0099983215332,38.529998779296875,39.0,35.7619514465332,38511100
XLF,2021-08-30,39.02000045776367,39.040000915527344,38.43000030517578,38.45000076293945,35.25762176513672,30096500
XLF,2021-08-31,38.41999816894531,38.689998626708984,38.2599983215332,38.400001525878906,35.21177673339844,49876200
XLF,2021-09-01,38.43000030517578,38.45000076293945,38.04999923706055,38.18000030517578,35.01004409790039,43976200
XLF,2021-09-02,38.27000045776367,38.45000076293945,38.15999984741211,38.310001373291016,35.129241943359375,29611500
XLF,2021-09-03,38.2400016784668,38.31999969482422,37.97999954223633,38.06999969482422,34.9091682434082,34847500
XLF,2021-09-07,38.20000076293945,38.20000076293945,37.84000015258789,37.84000015258789,34.69826889038086,39214900
XLF,2021-09-08,37.75,37.93000030517578,37.54999923706055,37.75,34.61573791503906,32523900
XLF,2021-09-09,37.70000076293945,38.220001220703125,37.66999816894531,37.86000061035156,34.71660232543945,33421000
XLF,2021-09-10,38.06999969482422,38.11000061035156,37.56999969482422,37.58000183105469,34.45985794067383,39350500
XLF,2021-09-13,37.849998474121094,38.06999969482422,37.7400016784668,38.0099983215332,34.85415267944336,40357300
XLF,2021-09-14,38.13999938964844,38.279998779296875,37.380001068115234,37.5,34.38649368286133,45670600
XLF,2021-09-15,37.47999954223633,37.95000076293945,37.439998626708984,37.86000061035156,34.71660232543945,36371300
XLF,2021-09-16,38.0,38.189998626708984,37.58000183105469,37.75,34.61573791503906,42630200
XLF,2021-09-17,37.70000076293945,37.939998626708984,37.47999954223633,37.58000183105469,34.45985794067383,82987200
XLF,2021-09-20,36.59000015258789,36.689998626708984,36.029998779296875,36.54999923706055,33.660465240478516,95008800
XLF,2021-09-21,36.779998779296875,36.91999816894531,36.40999984741211,36.5,33.61443328857422,45837600
XLF,2021-09-22,36.959999084472656,37.369998931884766,36.880001068115234,37.11000061035156,34.17619705200195,58347800
XLF,2021-09-23,37.470001220703125,38.20000076293945,37.40999984741211,38.02000045776367,35.014259338378906,71805000
XLF,2021-09-24,37.9900016784668,38.349998474121094,37.939998626708984,38.220001220703125,35.19844055175781,48066100
XLF,2021-09-27,38.560001373291016,38.849998474121094,38.4900016784668,38.7400016784668,35.67733383178711,58794500
XLF,2021-09-28,38.72999954223633,38.91999816894531,38.040000915527344,38.099998474121094,35.087947845458984,96152700
XLF,2021-09-29,38.220001220703125,38.29999923706055,37.95000076293945,38.130001068115234,35.115570068359375,49882500
XLF,2021-09-30,38.349998474121094,38.36000061035156,37.52000045776367,37.529998779296875,34.56300354003906,73319300
XLF,2021-10-01,37.630001068115234,38.40999984741211,37.4900016784668,38.150001525878906,35.13398742675781,70444000
XLF,2021-10-04,38.09000015258789,38.59000015258789,37.7599983215332,37.81999969482422,34.830081939697266,69772700
XLF,2021-10-05,38.099998474121094,38.75,37.959999084472656,38.560001373291016,35.51156997680664,56058400
XLF,2021-10-06,38.209999084472656,38.630001068115234,37.93000030517578,38.599998474121094,35.54841232299805,63405900
XLF,2021-10-07,39.0,39.2400016784668,38.779998779296875,38.83000183105469,35.760215759277344,53295600
XLF,2021-10-08,38.869998931884766,39.15999984741211,38.689998626708984,39.02000045776367,35.93520736694336,38607500
XLF,2021-10-11,39.11000061035156,39.400001525878906,38.61000061035156,38.630001068115234,35.57604217529297,50748300
XLF,2021-10-12,38.58000183105469,38.77000045776367,38.40999984741211,38.5099983215332,35.46552276611328,58527700
XLF,2021-10-13,38.5,38.540000915527344,37.7400016784668,38.290000915527344,35.26292037963867,72105100
XLF,2021-10-14,38.720001220703125,38.939998626708984,38.349998474121094,38.93000030517578,35.852325439453125,51893500
XLF,2021-10-15,39.310001373291016,39.709999084472656,39.18000030517578,39.5099983215332,36.3864631652832,58411100
XLF,2021-10-18,39.43000030517578,39.75,39.31999969482422,39.52000045776367,36.39567184448242,56312700
XLF,2021-10-19,39.70000076293945,39.90999984741211,39.54999923706055,39.90999984741211,36.75484848022461,33082600
XLF,2021-10-20,39.84000015258789,40.22999954223633,39.72999954223633,40.22999954223633,37.0495491027832,44670200
XLF,2021-10-21,40.220001220703125,40.310001373291016,39.849998474121094,40.060001373291016,36.892982482910156,35067600
XLF,2021-10-22,40.25,40.689998626708984,40.209999084472656,40.619998931884766,37.408714294433594,41458200
XLF,2021-10-25,40.720001220703125,40.77000045776367,40.470001220703125,40.56999969482422,37.362667083740234,33121000
XLF,2021-10-26,40.66999816894531,40.86000061035156,40.540000915527344,40.599998474121094,37.39029312133789,41586900
XLF,2021-10-27,40.5,40.68000030517578,39.91999816894531,39.93000030517578,36.77326965332031,62449500
XLF,2021-10-28,40.09000015258789,40.439998626708984,40.060001373291016,40.41999816894531,37.22452926635742,44566600
XLF,2021-10-29,40.470001220703125,40.54999923706055,40.18000030517578,40.2599983215332,37.07717514038086,42092000
XLF,2021-11-01,40.540000915527344,40.630001068115234,40.119998931884766,40.279998779296875,37.09559631347656,37503800
XLF,2021-11-02,40.27000045776367,40.5,40.15999984741211,40.380001068115234,37.18769454956055,31436800
XLF,2021-11-03,40.25,40.68000030517578,40.16999816894531,40.529998779296875,37.32582473754883,42946800
XLF,2021-11-04,40.380001068115234,40.47999954223633,39.689998626708984,40.0,36.837738037109375,48279700
XLF,2021-11-05,40.31999969482422,40.4900016784668,39.88999938964844,40.02000045776367,36.856143951416016,57866300
XLF,2021-11-08,40.27000045776367,40.529998779296875,40.13999938964844,40.2400016784668,37.05876159667969,32864600
XLF,2021-11-09,40.029998779296875,40.15999984741211,39.7599983215332,40.02000045776367,36.856143951416016,48420400
XLF,2021-11-10,39.97999954223633,40.20000076293945,39.849998474121094,39.95000076293945,36.79167938232422,60695100
XLF,2021-11-11,40.0099983215332,40.189998626708984,39.84000015258789,40.060001373291016,36.892982482910156,31438900
XLF,2021-11-12,40.119998931884766,40.15999984741211,39.790000915527344,40.150001525878906,36.97587203979492,39218800
XLF,2021-11-15,40.2599983215332,40.36000061035156,40.06999969482422,40.150001525878906,36.97587203979492,30081100
XLF,2021-11-16,40.20000076293945,40.349998474121094,40.0,40.11000061035156,36.93902587890625,32599500
XLF,2021-11-17,40.04999923706055,40.04999923706055,39.540000915527344,39.650001525878906,36.51539993286133,53557200
XLF,2021-11-18,39.689998626708984,39.77000045776367,39.27000045776367,39.45000076293945,36.33121109008789,42990100
XLF,2021-11-19,39.11000061035156,39.25,38.720001220703125,39.02000045776367,35.93520736694336,71858100
XLF,2021-11-22,39.540000915527344,39.959999084472656,39.220001220703125,39.56999969482422,36.44172286987305,81965800
XLF,2021-11-23,39.83000183105469,40.220001220703125,39.65999984741211,40.189998626708984,37.0127067565918,61571200
XLF,2021-11-24,40.11000061035156,40.2599983215332,39.95000076293945,40.099998474121094,36.9298210144043,40410300
XLF,2021-11-26,38.84000015258789,39.0099983215332,38.33000183105469,38.77000045776367,35.7049674987793,76492200
XLF,2021-11-29,39.220001220703125,39.36000061035156,38.599998474121094,38.88999938964844,35.81548309326172,79316500
XLF,2021-11-30,38.41999816894531,38.58000183105469,37.900001525878906,37.959999084472656,34.959007263183594,121263700
XLF,2021-12-01,38.630001068115234,38.880001068115234,37.540000915527344,37.540000915527344,34.572208404541016,101946500
XLF,2021-12-02,37.88999938964844,38.869998931884766,37.75,38.65999984741211,35.603668212890625,98076400
XLF,2021-12-03,38.709999084472656,38.810001373291016,37.72999954223633,38.029998779296875,35.023468017578125,97178200
XLF,2021-12-06,38.630001068115234,38.97999954223633,38.33000183105469,38.61000061035156,35.55762481689453,69716600
XLF,2021-12-07,39.060001373291016,39.40999984741211,38.869998931884766,39.29999923706055,36.19306945800781,115475500
XLF,2021-12-08,39.31999969482422,39.47999954223633,38.9900016784668,39.09000015258789,35.99966812133789,53033200
XLF,2021-12-09,38.900001525878906,39.209999084472656,38.7599983215332,39.0099983215332,35.92598342895508,45521100
XLF,2021-12-10,39.279998779296875,39.290000915527344,38.79999923706055,39.04999923706055,35.962833404541016,38900900
XLF,2021-12-13,38.959999084472656,38.970001220703125,38.5,38.630001068115234,35.57604217529297,44343000
XLF,2021-12-14,38.56999969482422,39.150001525878906,38.540000915527344,38.86000061035156,35.787845611572266,51734400
XLF,2021-12-15,38.959999084472656,39.09000015258789,38.47999954223633,38.970001220703125,35.889156341552734,70424900
XLF,2021-12-16,39.41999816894531,39.7400016784668,39.220001220703125,39.459999084472656,36.340415954589844,71156600
XLF,2021-12-17,39.20000076293945,39.25,38.349998474121094,38.59000015258789,35.5391960144043,97654400
XLF,2021-12-20,37.810001373291016,37.86000061035156,37.209999084472656,37.65999984741211,34.848880767822266,85242300
XLF,2021-12-21,38.040000915527344,38.61000061035156,38.040000915527344,38.439998626708984,35.570655822753906,57667900
XLF,2021-12-22,38.33000183105469,38.650001525878906,38.27000045776367,38.619998931884766,35.73721694946289,49702700
XLF,2021-12-23,38.84000015258789,39.16999816894531,38.79999923706055,38.81999969482422,35.922298431396484,39057300
XLF,2021-12-27,38.939998626708984,39.220001220703125,38.7400016784668,39.220001220703125,36.292442321777344,36120300
XLF,2021-12-28,39.150001525878906,39.4900016784668,39.13999938964844,39.2400016784668,36.31094741821289,34055200
XLF,2021-12-29,39.31999969482422,39.43000030517578,39.13999938964844,39.189998626708984,36.26467514038086,27150500
XLF,2021-12-30,39.310001373291016,39.529998779296875,39.0,39.119998931884766,36.19990539550781,30089100
XLF,2021-12-31,39.040000915527344,39.2400016784668,38.970001220703125,39.04999923706055,36.13512420654297,28497800
XLF,2022-01-03,39.34000015258789,39.68000030517578,39.31999969482422,39.529998779296875,36.57929611206055,49884400
XLF,2022-01-04,39.9900016784668,40.70000076293945,39.970001220703125,40.56999969482422,37.54166793823242,74210200
XLF,2022-01-05,40.689998626708984,40.900001525878906,40.06999969482422,40.099998474121094,37.106746673583984,76288400
XLF,2022-01-06,40.52000045776367,40.720001220703125,40.150001525878906,40.689998626708984,37.652713775634766,57725200
XLF,2022-01-07,40.779998779296875,41.27000045776367,40.63999938964844,41.16999816894531,38.09688186645508,62185500
XLF,2022-01-10,41.43000030517578,41.459999084472656,40.599998474121094,41.029998779296875,37.96733093261719,73620000
XLF,2022-01-11,41.18000030517578,41.40999984741211,40.79999923706055,41.38999938964844,38.30046463012695,60706300
XLF,2022-01-12,41.5,41.65999984741211,41.220001220703125,41.41999816894531,38.328216552734375,51560600
XLF,2022-01-13,41.47999954223633,41.70000076293945,41.119998931884766,41.2599983215332,38.18016052246094,51659600
XLF,2022-01-14,40.599998474121094,40.869998931884766,40.34000015258789,40.83000183105469,37.78226852416992,81135500
XLF,2022-01-18,40.560001373291016,40.599998474121094,39.66999816894531,39.91999816894531,36.940181732177734,82526700
XLF,2022-01-19,40.220001220703125,40.2400016784668,39.220001220703125,39.25,36.32019805908203,85975100
XLF,2022-01-20,39.36000061035156,39.869998931884766,38.91999816894531,39.0,36.0888557434082,80314000
XLF,2022-01-21,38.84000015258789,38.95000076293945,38.040000915527344,38.20000076293945,35.348575592041016,117914300
XLF,2022-01-24,37.540000915527344,38.38999938964844,36.81999969482422,38.310001373291016,35.45036697387695,169153300
XLF,2022-01-25,37.880001068115234,38.75,37.2599983215332,38.470001220703125,35.598419189453125,97364900
XLF,2022-01-26,38.88999938964844,39.209999084472656,38.11000061035156,38.56999969482422,35.690956115722656,106682000
XLF,2022-01-27,38.939998626708984,39.34000015258789,37.970001220703125,38.220001220703125,35.3670768737793,91498900
XLF,2022-01-28,38.06999969482422,38.72999954223633,37.59000015258789,38.720001220703125,35.82975387573242,79753600
XLF,2022-01-31,38.45000076293945,39.09000015258789,38.220001220703125,39.060001373291016,36.14438247680664,58740900
XLF,2022-02-01,39.11000061035156,39.70000076293945,38.90999984741211,39.599998474121094,36.64407730102539,64601500
XLF,2022-02-02,39.58000183105469,39.939998626708984,39.33000183105469,39.869998931884766,36.89391326904297,46649400
XLF,2022-02-03,39.86000061035156,40.0,39.369998931884766,39.43000030517578,36.48676300048828,50677000
XLF,2022-02-04,39.5,40.439998626708984,39.47999954223633,40.099998474121094,37.106746673583984,77792400
XLF,2022-02-07,40.150001525878906,40.47999954223633,39.91999816894531,40.220001220703125,37.2177848815918,52710400
XLF,2022-02-08,40.5,40.880001068115234,40.400001525878906,40.779998779296875,37.73598861694336,56921200
XLF,2022-02-09,41.0,41.310001373291016,40.900001525878906,41.040000915527344,37.976585388183594,67505300
XLF,2022-02-10,40.849998474121094,41.38999938964844,40.5099983215332,40.68000030517578,37.643463134765625,67260800
XLF,2022-02-11,40.54999923706055,41.040000915527344,39.869998931884766,40.11000061035156,37.115997314453125,77962800
XLF,2022-02-14,40.09000015258789,40.22999954223633,39.33000183105469,39.65999984741211,36.69959259033203,71521600
XLF,2022-02-15,40.13999938964844,40.40999984741211,40.0,40.20000076293945,37.19928741455078,55439600
XLF,2022-02-16,40.0,40.40999984741211,39.95000076293945,40.22999954223633,37.227046966552734,41168800
XLF,2022-02-17,39.810001373291016,39.939998626708984,39.119998931884766,39.22999954223633,36.30168914794922,59107800
XLF,2022-02-18,39.189998626708984,39.54999923706055,39.02000045776367,39.220001220703125,36.292442321777344,47816500
XLF,2022-02-22,39.040000915527344,39.400001525878906,38.689998626708984,39.02000045776367,36.10736846923828,60719700
XLF,2022-02-23,39.310001373291016,39.43000030517578,38.2400016784668,38.34000015258789,35.47812271118164,64169800
XLF,2022-02-24,37.06999969482422,38.0,36.79999923706055,37.880001068115234,35.052459716796875,143075700
XLF,2022-02-25,38.130001068115234,39.20000076293945,38.119998931884766,39.099998474121094,36.181392669677734,99127100
XLF,2022-02-28,38.16999816894531,38.77000045776367,38.119998931884766,38.52000045776367,35.64469528198242,107370200
XLF,2022-03-01,38.150001525878906,38.2599983215332,36.849998474121094,37.099998474121094,34.330684661865234,129873100
XLF,2022-03-02,37.40999984741211,38.279998779296875,37.38999938964844,38.060001373291016,35.219024658203125,88182500
XLF,2022-03-03,38.22999954223633,38.43000030517578,37.619998931884766,37.939998626708984,35.10797882080078,71952600
XLF,2022-03-04,37.27000045776367,37.279998779296875,36.79999923706055,37.22999954223633,34.45098114013672,105904100
XLF,2022-03-07,36.88999938964844,36.93000030517578,35.849998474121094,35.869998931884766,33.1925048828125,116046200
XLF,2022-03-08,36.02000045776367,36.66999816894531,35.4900016784668,35.65999984741211,32.9981689453125,114915000
XLF,2022-03-09,36.849998474121094,37.279998779296875,36.70000076293945,36.970001220703125,34.210384368896484,88716400
XLF,2022-03-10,36.36000061035156,36.900001525878906,36.25,36.65999984741211,33.923526763916016,71547300
XLF,2022-03-11,36.97999954223633,37.209999084472656,36.380001068115234,36.400001525878906,33.68294143676758,76788200
XLF,2022-03-14,36.95000076293945,37.459999084472656,36.689998626708984,36.86000061035156,34.108604431152344,70969700
XLF,2022-03-15,37.22999954223633,37.439998626708984,36.90999984741211,37.380001068115234,34.589786529541016,51828700
XLF,2022-03-16,37.86000061035156,38.4900016784668,37.7400016784668,38.43000030517578,35.5614128112793,87007600
XLF,2022-03-17,38.209999084472656,38.91999816894531,37.959999084472656,38.90999984741211,36.00558090209961,58266400
XLF,2022-03-18,38.900001525878906,39.099998474121094,38.529998779296875,39.0,36.0888557434082,82342500
XLF,2022-03-21,39.02000045776367,39.13999938964844,38.61000061035156,38.810001373291016,36.05356216430664,46828600
XLF,2022-03-22,39.27000045776367,39.689998626708984,39.220001220703125,39.439998626708984,36.6388053894043,61053100
XLF,2022-03-23,39.189998626708984,39.279998779296875,38.689998626708984,38.709999084472656,35.960655212402344,42142600
XLF,2022-03-24,38.97999954223633,39.060001373291016,38.70000076293945,39.02000045776367,36.24864196777344,30421500
XLF,2022-03-25,39.150001525878906,39.599998474121094,39.09000015258789,39.52000045776367,36.713130950927734,48613100
XLF,2022-03-28,39.400001525878906,39.439998626708984,38.959999084472656,39.40999984741211,36.61094284057617,44761000
XLF,2022-03-29,39.88999938964844,40.0099983215332,39.27000045776367,39.5,36.694557189941406,67968600
XLF,2022-03-30,39.5,39.52000045776367,38.9900016784668,39.220001220703125,36.43444061279297,47405300
XLF,2022-03-31,39.16999816894531,39.33000183105469,38.310001373291016,38.31999969482422,35.59836196899414,66619600
XLF,2022-04-01,38.58000183105469,38.65999984741211,37.95000076293945,38.220001220703125,35.50545883178711,68422500
XLF,2022-04-04,38.130001068115234,38.36000061035156,37.779998779296875,38.04999923706055,35.347537994384766,134312400
XLF,2022-04-05,37.900001525878906,38.310001373291016,37.720001220703125,37.810001373291016,35.12458801269531,56165700
XLF,2022-04-06,37.5099983215332,37.709999084472656,37.40999984741211,37.54999923706055,34.883052825927734,55835100
XLF,2022-04-07,37.52000045776367,37.689998626708984,36.97999954223633,37.5099983215332,34.84588623046875,53346900
XLF,2022-04-08,37.65999984741211,38.060001373291016,37.560001373291016,37.88999938964844,35.19890213012695,44672300
XLF,2022-04-11,37.790000915527344,38.15999984741211,37.65999984741211,37.720001220703125,35.040977478027344,54435500
XLF,2022-04-12,37.689998626708984,38.040000915527344,37.150001525878906,37.310001373291016,34.66009521484375,67215400
XLF,2022-04-13,36.959999084472656,37.33000183105469,36.88999938964844,37.310001373291016,34.66009521484375,57445600
XLF,2022-04-14,37.22999954223633,37.4900016784668,36.880001068115234,36.88999938964844,34.269935607910156,68544200
XLF,2022-04-18,36.65999984741211,37.279998779296875,36.650001525878906,37.11000061035156,34.47429275512695,52748400
XLF,2022-04-19,37.209999084472656,37.68000030517578,37.20000076293945,37.619998931884766,34.94807052612305,41519100
XLF,2022-04-20,37.90999984741211,38.150001525878906,37.790000915527344,37.880001068115234,35.18961715698242,54635800
XLF,2022-04-21,38.13999938964844,38.31999969482422,37.209999084472656,37.279998779296875,34.63223648071289,54998100
XLF,2022-04-22,37.220001220703125,37.22999954223633,36.130001068115234,36.16999816894531,33.6010627746582,73170900
XLF,2022-04-25,35.869998931884766,36.310001373291016,35.33000183105469,36.22999954223633,33.656803131103516,91392800
XLF,2022-04-26,35.81999969482422,36.20000076293945,35.29999923706055,35.31999969482422,32.811424255371094,81457500
XLF,2022-04-27,35.27000045776367,35.650001525878906,35.15999984741211,35.290000915527344,32.78356170654297,81603000
XLF,2022-04-28,35.650001525878906,35.869998931884766,35.119998931884766,35.7400016784668,33.20160675048828,62680000
XLF,2022-04-29,35.560001373291016,35.689998626708984,34.43000030517578,34.5099983215332,32.05897521972656,74631700
XLF,2022-05-02,34.66999816894531,34.790000915527344,33.84000015258789,34.52000045776367,32.06825256347656,104408800
XLF,2022-05-03,34.7599983215332,35.31999969482422,34.63999938964844,34.970001220703125,32.486289978027344,73896300
XLF,2022-05-04,35.029998779296875,36.099998474121094,34.90999984741211,36.040000915527344,33.48029327392578,87794900
XLF,2022-05-05,35.619998931884766,35.689998626708984,34.560001373291016,34.9900016784668,32.50486755371094,101093900
XLF,2022-05-06,34.849998474121094,34.900001525878906,34.2400016784668,34.7400016784668,32.27263259887695,99281900
XLF,2022-05-09,34.27000045776367,34.47999954223633,33.75,33.90999984741211,31.501575469970703,85922800
XLF,2022-05-10,34.220001220703125,34.439998626708984,33.189998626708984,33.61000061035156,31.22288703918457,107581200
XLF,2022-05-11,33.650001525878906,34.33000183105469,33.25,33.29999923706055,30.93490219116211,110212200
XLF,2022-05-12,33.02000045776367,33.36000061035156,32.40999984741211,33.04999923706055,30.702659606933594,114304100
XLF,2022-05-13,33.45000076293945,33.810001373291016,33.22999954223633,33.529998779296875,31.148563385009766,64036200
XLF,2022-05-16,33.400001525878906,33.54999923706055,32.9900016784668,33.25,30.88845443725586,55662200
XLF,2022-05-17,33.900001525878906,34.2400016784668,33.709999084472656,34.13999938964844,31.715232849121094,62859300
XLF,2022-05-18,33.81999969482422,33.869998931884766,33.06999969482422,33.20000076293945,30.841997146606445,74279300
XLF,2022-05-19,32.75,33.220001220703125,32.70000076293945,32.97999954223633,30.63762855529785,71525400
XLF,2022-05-20,33.209999084472656,33.380001068115234,32.22999954223633,32.91999816894531,30.58188247680664,77984600
XLF,2022-05-23,33.54999923706055,34.2400016784668,33.380001068115234,33.9900016784668,31.57589340209961,78189300
XLF,2022-05-24,33.790000915527344,34.029998779296875,33.220001220703125,33.91999816894531,31.510854721069336,77871200
XLF,2022-05-25,33.84000015258789,34.400001525878906,33.7400016784668,34.189998626708984,31.761686325073242,72192600
XLF,2022-05-26,34.560001373291016,35.099998474121094,34.529998779296875,34.97999954223633,32.495582580566406,50803200
XLF,2022-05-27,35.130001068115234,35.63999938964844,35.06999969482422,35.56999969482422,33.043678283691406,43862500
XLF,2022-05-31,35.279998779296875,35.7400016784668,35.09000015258789,35.470001220703125,32.95078659057617,64778900
XLF,2022-06-01,35.380001068115234,35.470001220703125,34.56999969482422,34.900001525878906,32.4212646484375,48642400
XLF,2022-06-02,34.93000030517578,35.40999984741211,34.65999984741211,35.380001068115234,32.86717224121094,45334700
XLF,2022-06-03,35.04999923706055,35.20000076293945,34.83000183105469,34.869998931884766,32.393394470214844,36699400
XLF,2022-06-06,35.15999984741211,35.52000045776367,34.959999084472656,34.970001220703125,32.486289978027344,32829600
XLF,2022-06-07,34.72999954223633,35.27000045776367,34.70000076293945,35.2400016784668,32.73711013793945,32031400
XLF,2022-06-08,34.970001220703125,35.06999969482422,34.4900016784668,34.619998931884766,32.16114807128906,38251800
XLF,2022-06-09,34.58000183105469,34.599998474121094,33.72999954223633,33.75,31.35294532775879,49715100
XLF,2022-06-10,33.02000045776367,33.13999938964844,32.5,32.529998779296875,30.219589233398438,74190900
XLF,2022-06-13,31.709999084472656,32.099998474121094,31.3700008392334,31.559999465942383,29.318483352661133,104065100
XLF,2022-06-14,31.690000534057617,31.90999984741211,31.049999237060547,31.290000915527344,29.06766128540039,75592200
XLF,2022-06-15,31.6200008392334,32.09000015258789,31.100000381469727,31.639999389648438,29.39280128479004,87858800
XLF,2022-06-16,31.0,31.010000228881836,30.579999923706055,30.84000015258789,28.649621963500977,100838500
XLF,2022-06-17,30.90999984741211,31.280000686645508,30.6299991607666,30.93000030517578,28.733224868774414,116937700
XLF,2022-06-21,31.469999313354492,31.579999923706055,31.190000534057617,31.3799991607666,29.306659698486328,58065800
XLF,2022-06-22,31.020000457763672,31.600000381469727,30.979999542236328,31.309999465942383,29.241287231445312,48035800
XLF,2022-06-23,31.329999923706055,31.389999389648438,30.68000030517578,31.190000534057617,29.129213333129883,69348900
XLF,2022-06-24,31.31999969482422,32.369998931884766,31.270000457763672,32.34000015258789,30.203231811523438,65489300
XLF,2022-06-27,32.59000015258789,32.59000015258789,32.08000183105469,32.22999954223633,30.100496292114258,47244800
XLF,2022-06-28,32.560001373291016,32.869998931884766,31.889999389648438,31.90999984741211,29.80164337158203,42459900
XLF,2022-06-29,31.940000534057617,32.060001373291016,31.6200008392334,31.729999542236328,29.633533477783203,64507500
XLF,2022-06-30,31.229999542236328,31.729999542236328,30.850000381469727,31.450000762939453,29.372034072875977,75294300
XLF,2022-07-01,31.350000381469727,31.979999542236328,31.139999389648438,31.8799991607666,29.773624420166016,77308400
XLF,2022-07-05,31.3799991607666,31.790000915527344,31.020000457763672,31.770000457763672,29.670894622802734,51536800
XLF,2022-07-06,31.700000762939453,31.950000762939453,31.389999389648438,31.690000534057617,29.596176147460938,48001700
XLF,2022-07-07,31.959999084472656,32.2400016784668,31.93000030517578,32.150001525878906,30.02578353881836,33120100
XLF,2022-07-08,32.2400016784668,32.34000015258789,31.950000762939453,32.08000183105469,29.960411071777344,29062200
XLF,2022-07-11,31.899999618530273,32.060001373291016,31.729999542236328,31.81999969482422,29.717588424682617,30564300
XLF,2022-07-12,31.579999923706055,32.20000076293945,31.559999465942383,31.6200008392334,29.53080177307129,38211000
XLF,2022-07-13,31.280000686645508,31.549999237060547,30.950000762939453,31.34000015258789,29.269306182861328,51441600
XLF,2022-07-14,30.700000762939453,30.84000015258789,30.3700008392334,30.739999771118164,28.708948135375977,57782300
XLF,2022-07-15,31.18000030517578,31.959999084472656,31.100000381469727,31.780000686645508,29.680234909057617,59650200
XLF,2022-07-18,32.22999954223633,32.45000076293945,31.520000457763672,31.65999984741211,29.568159103393555,38671600
XLF,2022-07-19,32.08000183105469,32.709999084472656,31.989999771118164,32.61000061035156,30.45539093017578,40568000
XLF,2022-07-20,32.540000915527344,32.790000915527344,32.439998626708984,32.72999954223633,30.567461013793945,38507700
XLF,2022-07-21,32.63999938964844,32.939998626708984,32.38999938964844,32.939998626708984,30.76358413696289,40561800
XLF,2022-07-22,32.9900016784668,33.15999984741211,32.5,32.75,30.586145401000977,25741200
XLF,2022-07-25,32.95000076293945,33.11000061035156,32.720001220703125,32.959999084472656,30.782264709472656,24699300
XLF,2022-07-26,32.79999923706055,32.9900016784668,32.41999816894531,32.5,30.3526554107666,26357800
XLF,2022-07-27,32.630001068115234,33.15999984741211,32.52000045776367,33.0,30.819618225097656,44817200
XLF,2022-07-28,33.029998779296875,33.25,32.5,33.2400016784668,31.04376983642578,40974600
XLF,2022-07-29,33.31999969482422,33.81999969482422,33.290000915527344,33.709999084472656,31.482709884643555,38724000
XLF,2022-08-01,33.38999938964844,33.619998931884766,33.20000076293945,33.43000030517578,31.221208572387695,35131300
XLF,2022-08-02,33.27000045776367,33.4900016784668,33.02000045776367,33.060001373291016,30.875659942626953,36806900
XLF,2022-08-03,33.310001373291016,33.63999938964844,33.119998931884766,33.560001373291016,31.342620849609375,27314900
XLF,2022-08-04,33.529998779296875,33.619998931884766,33.38999938964844,33.45000076293945,31.23989486694336,24505800
XLF,2022-08-05,33.36000061035156,33.849998474121094,33.2400016784668,33.689998626708984,31.464027404785156,34366100
XLF,2022-08-08,33.939998626708984,34.04999923706055,33.63999938964844,33.66999816894531,31.44535255432129,24369100
XLF,2022-08-09,33.72999954223633,33.93000030517578,33.66999816894531,33.84000015258789,31.6041202545166,26425400
XLF,2022-08-10,34.43000030517578,34.72999954223633,34.36000061035156,34.599998474121094,32.313907623291016,45366000
XLF,2022-08-11,34.91999816894531,35.22999954223633,34.880001068115234,35.0099983215332,32.696815490722656,46985200
XLF,2022-08-12,35.18000030517578,35.56999969482422,35.0,35.560001373291016,33.21048355102539,36370300
XLF,2022-08-15,35.20000076293945,35.650001525878906,35.130001068115234,35.54999923706055,33.201141357421875,25366000
XLF,2022-08-16,35.38999938964844,35.970001220703125,35.38999938964844,35.810001373291016,33.44396209716797,41300800
XLF,2022-08-17,35.400001525878906,35.790000915527344,35.380001068115234,35.630001068115234,33.275856018066406,33158000
XLF,2022-08-18,35.599998474121094,35.720001220703125,35.43000030517578,35.66999816894531,33.313209533691406,15966200
XLF,2022-08-19,35.459999084472656,35.459999084472656,34.84000015258789,34.959999084472656,32.650115966796875,33587400
XLF,2022-08-22,34.45000076293945,34.459999084472656,34.099998474121094,34.189998626708984,31.930992126464844,36810100
XLF,2022-08-23,34.150001525878906,34.400001525878906,34.04999923706055,34.04999923706055,31.800247192382812,23244000
XLF,2022-08-24,33.9900016784668,34.34000015258789,33.91999816894531,34.22999954223633,31.968351364135742,20682200
XLF,2022-08-25,34.29999923706055,34.790000915527344,34.209999084472656,34.7599983215332,32.46333312988281,26402600
XLF,2022-08-26,34.90999984741211,34.91999816894531,33.689998626708984,33.720001220703125,31.492055892944336,38230600
XLF,2022-08-29,33.470001220703125,33.720001220703125,33.279998779296875,33.47999954223633,31.267908096313477,34872100
XLF,2022-08-30,33.59000015258789,33.70000076293945,33.099998474121094,33.29999923706055,31.099802017211914,41870700
XLF,2022-08-31,33.470001220703125,33.59000015258789,33.0,33.04999923706055,30.86631965637207,39768200
XLF,2022-09-01,32.90999984741211,33.20000076293945,32.5099983215332,33.150001525878906,30.959718704223633,40604600
XLF,2022-09-02,33.529998779296875,33.810001373291016,32.72999954223633,32.88999938964844,30.716888427734375,43208800
XLF,2022-09-06,33.060001373291016,33.13999938964844,32.47999954223633,32.810001373291016,30.64217758178711,45877100
XLF,2022-09-07,32.709999084472656,33.52000045776367,32.65999984741211,33.459999084472656,31.249229431152344,35023000
XLF,2022-09-08,33.290000915527344,34.06999969482422,33.150001525878906,34.04999923706055,31.800247192382812,50760900
XLF,2022-09-09,34.20000076293945,34.45000076293945,34.189998626708984,34.36000061035156,32.08977127075195,41327100
XLF,2022-09-12,34.5,34.81999969482422,34.41999816894531,34.63999938964844,32.351261138916016,41969600
XLF,2022-09-13,33.959999084472656,34.08000183105469,33.2400016784668,33.349998474121094,31.1464900970459,60771600
XLF,2022-09-14,33.41999816894531,33.58000183105469,32.95000076293945,33.25,31.0531063079834,39233200
XLF,2022-09-15,33.290000915527344,33.790000915527344,33.20000076293945,33.36000061035156,31.15583610534668,47653000
XLF,2022-09-16,33.029998779296875,33.119998931884766,32.709999084472656,33.060001373291016,30.875659942626953,53893300
XLF,2022-09-19,32.5,33.279998779296875,32.5,33.2599983215332,31.225841522216797,36491400
XLF,2022-09-20,32.9900016784668,33.060001373291016,32.470001220703125,32.77000045776367,30.765811920166016,42193600
XLF,2022-09-21,32.97999954223633,33.099998474121094,32.06999969482422,32.09000015258789,30.127405166625977,49644600
XLF,2022-09-22,32.15999984741211,32.209999084472656,31.489999771118164,31.549999237060547,29.62042808532715,52299500
XLF,2022-09-23,31.239999771118164,31.309999465942383,30.600000381469727,31.049999237060547,29.151004791259766,56801000
XLF,2022-09-26,30.81999969482422,31.110000610351562,30.34000015258789,30.559999465942383,28.690980911254883,49969700
XLF,2022-09-27,30.799999237060547,30.959999084472656,30.1200008392334,30.43000030517578,28.568931579589844,60630400
XLF,2022-09-28,30.520000457763672,31.209999084472656,30.440000534057617,31.030000686645508,29.132232666015625,46088700
XLF,2022-09-29,30.700000762939453,30.81999969482422,30.260000228881836,30.639999389648438,28.766082763671875,41860000
XLF,2022-09-30,30.65999984741211,31.040000915527344,30.280000686645508,30.360000610351562,28.503211975097656,37984300
XLF,2022-10-03,30.65999984741211,31.34000015258789,30.299999237060547,31.18000030517578,29.27305793762207,47086100
XLF,2022-10-04,31.65999984741211,32.369998931884766,31.6200008392334,32.34000015258789,30.36211585998535,53441800
XLF,2022-10-05,31.84000015258789,32.27000045776367,31.729999542236328,32.09000015258789,30.127405166625977,41766800
XLF,2022-10-06,31.90999984741211,32.130001068115234,31.56999969482422,31.639999389648438,29.704925537109375,34717900
XLF,2022-10-07,31.360000610351562,31.459999084472656,30.719999313354492,30.889999389648438,29.000791549682617,36380700
XLF,2022-10-10,31.059999465942383,31.190000534057617,30.56999969482422,30.75,28.869356155395508,31011700
XLF,2022-10-11,30.549999237060547,30.8700008392334,30.229999542236328,30.360000610351562,28.503211975097656,50431900
XLF,2022-10-12,30.3700008392334,30.690000534057617,30.18000030517578,30.290000915527344,28.4374942779541,48265700
XLF,2022-10-13,29.68000030517578,31.6200008392334,29.59000015258789,31.540000915527344,29.611040115356445,83086100
XLF,2022-10-14,31.81999969482422,32.189998626708984,30.940000534057617,31.010000228881836,29.113454818725586,60886900
XLF,2022-10-17,31.670000076293945,32.0,31.579999923706055,31.790000915527344,29.845752716064453,47222200
XLF,2022-10-18,32.619998931884766,32.65999984741211,31.93000030517578,32.29999923706055,30.32455825805664,48150700
XLF,2022-10-19,32.02000045776367,32.290000915527344,31.59000015258789,31.770000457763672,29.826974868774414,35205700
XLF,2022-10-20,31.729999542236328,32.04999923706055,31.170000076293945,31.260000228881836,29.348167419433594,43124400
XLF,2022-10-21,31.350000381469727,32.220001220703125,31.1200008392334,32.189998626708984,30.221284866333008,54487300
XLF,2022-10-24,32.380001068115234,32.77000045776367,32.279998779296875,32.619998931884766,30.624990463256836,40117200
XLF,2022-10-25,32.45000076293945,33.06999969482422,32.38999938964844,33.0099983215332,30.99113655090332,33950300
XLF,2022-10-26,33.11000061035156,33.459999084472656,33.02000045776367,33.09000015258789,31.066251754760742,38012100
XLF,2022-10-27,33.400001525878906,33.72999954223633,33.29999923706055,33.36000061035156,31.319730758666992,41232200
XLF,2022-10-28,33.45000076293945,34.22999954223633,33.38999938964844,34.189998626708984,32.098968505859375,36421300
XLF,2022-10-31,33.970001220703125,34.209999084472656,33.93000030517578,33.97999954223633,31.901813507080078,40083800
XLF,2022-11-01,34.2599983215332,34.349998474121094,33.91999816894531,34.06999969482422,31.986305236816406,38946100
XLF,2022-11-02,34.0,34.599998474121094,33.61000061035156,33.63999938964844,31.582603454589844,58039800
XLF,2022-11-03,33.220001220703125,33.560001373291016,33.08000183105469,33.29999923706055,31.263399124145508,40828100
XLF,2022-11-04,33.779998779296875,34.09000015258789,33.43000030517578,33.90999984741211,31.836090087890625,41825600
XLF,2022-11-07,34.15999984741211,34.27000045776367,33.939998626708984,34.25,32.15529251098633,30060300
XLF,2022-11-08,34.2599983215332,34.619998931884766,34.09000015258789,34.45000076293945,32.343074798583984,34839600
XLF,2022-11-09,34.220001220703125,34.349998474121094,33.79999923706055,33.869998931884766,31.798542022705078,42126200
XLF,2022-11-10,34.900001525878906,35.630001068115234,34.810001373291016,35.58000183105469,33.40395736694336,67677700
XLF,2022-11-11,35.7599983215332,36.029998779296875,35.630001068115234,35.869998931884766,33.67621994018555,46076100
XLF,2022-11-14,35.77000045776367,35.79999923706055,35.33000183105469,35.36000061035156,33.19741439819336,38002700
XLF,2022-11-15,35.7400016784668,35.880001068115234,35.08000183105469,35.439998626708984,33.272518157958984,57802100
XLF,2022-11-16,35.41999816894531,35.5099983215332,35.150001525878906,35.27000045776367,33.112911224365234,32852400
XLF,2022-11-17,34.86000061035156,35.099998474121094,34.7599983215332,35.08000183105469,32.93454360961914,35706900
XLF,2022-11-18,35.54999923706055,35.599998474121094,35.08000183105469,35.369998931884766,33.20679473876953,39455400
XLF,2022-11-21,35.31999969482422,35.54999923706055,35.279998779296875,35.47999954223633,33.3100700378418,24630900
XLF,2022-11-22,35.66999816894531,35.880001068115234,35.66999816894531,35.84000015258789,33.64805603027344,29582300
XLF,2022-11-23,35.779998779296875,36.08000183105469,35.779998779296875,35.9900016784668,33.788883209228516,27916900
XLF,2022-11-25,36.029998779296875,36.15999984741211,35.959999084472656,36.11000061035156,33.90154266357422,11266500
XLF,2022-11-28,35.90999984741211,36.060001373291016,35.43000030517578,35.4900016784668,33.3194694519043,34196600
XLF,2022-11-29,35.45000076293945,35.779998779296875,35.40999984741211,35.70000076293945,33.5166130065918,31489600
XLF,2022-11-30,35.650001525878906,36.31999969482422,35.13999938964844,36.310001373291016,34.08930969238281,58607000
XLF,2022-12-01,36.4900016784668,36.4900016784668,35.81999969482422,36.099998474121094,33.89216232299805,58157600
XLF,2022-12-02,35.720001220703125,35.959999084472656,35.61000061035156,35.93000030517578,33.732547760009766,40483300
XLF,2022-12-05,35.65999984741211,35.720001220703125,34.849998474121094,35.040000915527344,32.89698791503906,53402000
XLF,2022-12-06,35.0,35.20000076293945,34.45000076293945,34.72999954223633,32.60593795776367,45102200
XLF,2022-12-07,34.59000015258789,34.97999954223633,34.5099983215332,34.59000015258789,32.47450637817383,37775900
XLF,2022-12-08,34.689998626708984,34.86000061035156,34.5,34.619998931884766,32.50266647338867,46600900
XLF,2022-12-09,34.4900016784668,34.779998779296875,34.47999954223633,34.529998779296875,32.418174743652344,40885600
XLF,2022-12-12,34.54999923706055,35.029998779296875,34.38999938964844,34.9900016784668,32.850040435791016,72570900
XLF,2022-12-13,35.900001525878906,35.900001525878906,34.849998474121094,35.08000183105469,32.93454360961914,55659000
XLF,2022-12-14,34.9900016784668,35.33000183105469,34.4900016784668,34.63999938964844,32.52144241333008,54685100
XLF,2022-12-15,34.099998474121094,34.2400016784668,33.7400016784668,33.959999084472656,31.88303565979004,70330100
XLF,2022-12-16,33.599998474121094,33.79999923706055,33.38999938964844,33.70000076293945,31.63893699645996,59619300
XLF,2022-12-19,33.400001525878906,33.7400016784668,33.189998626708984,33.400001525878906,31.553918838500977,37456800
XLF,2022-12-20,33.529998779296875,33.77000045776367,33.40999984741211,33.540000915527344,31.68617057800293,45446400
XLF,2022-12-21,33.86000061035156,34.15999984741211,33.84000015258789,34.060001373291016,32.177433013916016,31318100
XLF,2022-12-22,33.84000015258789,33.869998931884766,33.209999084472656,33.7599983215332,31.89401626586914,25605100
XLF,2022-12-23,33.7400016784668,34.0,33.56999969482422,33.95000076293945,32.07350158691406,17116200
XLF,2022-12-27,34.02000045776367,34.099998474121094,33.79999923706055,33.939998626708984,32.064064025878906,25601100
XLF,2022-12-28,34.0,34.09000015258789,33.779998779296875,33.81999969482422,31.950702667236328,24395100
XLF,2022-12-29,34.0,34.349998474121094,33.91999816894531,34.290000915527344,32.39472198486328,26624200
XLF,2022-12-30,34.040000915527344,34.27000045776367,33.91999816894531,34.20000076293945,32.309688568115234,24735700
XLF,2023-01-03,34.45000076293945,34.689998626708984,34.06999969482422,34.31999969482422,32.423057556152344,37396500
XLF,2023-01-04,34.66999816894531,35.119998931884766,34.56999969482422,34.869998931884766,32.942665100097656,44669300
XLF,2023-01-05,34.75,34.75,34.369998931884766,34.61000061035156,32.69702911376953,45585700
XLF,2023-01-06,34.84000015258789,35.4900016784668,34.599998474121094,35.380001068115234,33.424476623535156,41229700
XLF,2023-01-09,35.5,35.70000076293945,35.15999984741211,35.25,33.30165100097656,48726600
XLF,2023-01-10,35.189998626708984,35.47999954223633,35.06999969482422,35.45000076293945,33.490604400634766,34663700
XLF,2023-01-11,35.540000915527344,35.779998779296875,35.470001220703125,35.779998779296875,33.8023681640625,32014700
XLF,2023-01-12,35.900001525878906,36.060001373291016,35.619998931884766,35.849998474121094,33.86848831176758,56642400
XLF,2023-01-13,35.38999938964844,36.16999816894531,35.2599983215332,36.119998931884766,34.12356948852539,65920900
XLF,2023-01-17,36.029998779296875,36.04999923706055,35.77000045776367,35.880001068115234,33.8968391418457,65345200
XLF,2023-01-18,35.68000030517578,35.900001525878906,35.18000030517578,35.209999084472656,33.26387023925781,53693000
XLF,2023-01-19,34.779998779296875,34.97999954223633,34.560001373291016,34.79999923706055,32.876529693603516,61169500
XLF,2023-01-20,34.900001525878906,35.369998931884766,34.7400016784668,35.349998474121094,33.39612579345703,42330100
XLF,2023-01-23,35.380001068115234,35.90999984741211,35.27000045776367,35.7599983215332,33.78346633911133,44997300
XLF,2023-01-24,35.70000076293945,35.939998626708984,35.29999923706055,35.779998779296875,33.8023681640625,34333500
XLF,2023-01-25,35.470001220703125,36.06999969482422,35.459999084472656,36.060001373291016,34.0668830871582,38458700
XLF,2023-01-26,36.150001525878906,36.310001373291016,35.90999984741211,36.25,34.24639892578125,29944200
XLF,2023-01-27,36.20000076293945,36.459999084472656,36.150001525878906,36.25,34.24639892578125,30787400
XLF,2023-01-30,36.060001373291016,36.33000183105469,36.0099983215332,36.06999969482422,34.076332092285156,31595000
XLF,2023-01-31,36.13999938964844,36.56999969482422,35.970001220703125,36.560001373291016,34.53925323486328,30282100
XLF,2023-02-01,36.18000030517578,36.880001068115234,36.099998474121094,36.560001373291016,34.53925323486328,51418700
XLF,2023-02-02,36.7599983215332,36.810001373291016,36.369998931884766,36.65999984741211,34.63372802734375,42107300
XLF,2023-02-03,36.369998931884766,36.900001525878906,36.36000061035156,36.59000015258789,34.56760025024414,43155000
XLF,2023-02-06,36.380001068115234,36.59000015258789,36.29999923706055,36.58000183105469,34.558143615722656,32273600
XLF,2023-02-07,36.349998474121094,37.11000061035156,36.349998474121094,37.0,34.95492935180664,33000500
XLF,2023-02-08,36.72999954223633,37.099998474121094,36.68000030517578,36.779998779296875,34.74708557128906,34555500
XLF,2023-02-09,36.93000030517578,37.040000915527344,36.290000915527344,36.369998931884766,34.35975646972656,44329600
XLF,2023-02-10,36.189998626708984,36.52000045776367,36.06999969482422,36.4900016784668,34.47311782836914,28108900
XLF,2023-02-13,36.470001220703125,36.90999984741211,36.439998626708984,36.90999984741211,34.86990737915039,32209000
XLF,2023-02-14,36.84000015258789,37.08000183105469,36.47999954223633,36.709999084472656,34.68095779418945,33525300
XLF,2023-02-15,36.41999816894531,36.77000045776367,36.369998931884766,36.75,34.71875,28510000
XLF,2023-02-16,36.400001525878906,36.65999984741211,36.310001373291016,36.380001068115234,34.369197845458984,34379100
XLF,2023-02-17,36.20000076293945,36.439998626708984,36.09000015258789,36.38999938964844,34.3786506652832,35889800
XLF,2023-02-21,36.08000183105469,36.130001068115234,35.47999954223633,35.63999938964844,33.67009735107422,36425200
XLF,2023-02-22,35.63999938964844,35.779998779296875,35.40999984741211,35.599998474121094,33.63230514526367,31065200
XLF,2023-02-23,35.75,35.91999816894531,35.29999923706055,35.630001068115234,33.6606559753418,42357600
XLF,2023-02-24,35.31999969482422,35.77000045776367,35.2599983215332,35.65999984741211,33.68899154663086,48732600
XLF,2023-02-27,35.9900016784668,36.04999923706055,35.58000183105469,35.650001525878906,33.67955017089844,31664600
XLF,2023-02-28,35.70000076293945,35.900001525878906,35.61000061035156,35.720001220703125,33.74568557739258,32531400
XLF,2023-03-01,35.560001373291016,35.7599983215332,35.459999084472656,35.599998474121094,33.63230514526367,32790300
XLF,2023-03-02,35.38999938964844,35.470001220703125,35.0099983215332,35.43000030517578,33.471702575683594,38401900
XLF,2023-03-03,35.56999969482422,36.0,35.5,35.9900016784668,34.000755310058594,33091600
XLF,2023-03-06,36.0099983215332,36.2400016784668,35.90999984741211,36.02000045776367,34.02909851074219,30111100
XLF,2023-03-07,35.88999938964844,35.91999816894531,35.0,35.09000015258789,33.15050506591797,53804400
XLF,2023-03-08,35.04999923706055,35.2400016784668,34.779998779296875,34.959999084472656,33.02768325805664,50860300
XLF,2023-03-09,34.7599983215332,34.81999969482422,33.369998931884766,33.540000915527344,31.68617057800293,107108500
XLF,2023-03-10,33.150001525878906,33.720001220703125,32.529998779296875,32.93000030517578,31.109888076782227,166569400
XLF,2023-03-13,31.760000228881836,32.31999969482422,31.3700008392334,31.6299991607666,29.881742477416992,165965900
XLF,2023-03-14,32.84000015258789,32.849998474121094,31.8700008392334,32.27000045776367,30.48636817932129,128115500
XLF,2023-03-15,31.360000610351562,31.540000915527344,30.959999084472656,31.40999984741211,29.673898696899414,132235000
XLF,2023-03-16,31.200000762939453,32.34000015258789,30.899999618530273,32.0099983215332,30.240737915039062,133892600
XLF,2023-03-17,31.709999084472656,31.709999084472656,30.899999618530273,30.979999542236328,29.26767349243164,136760600
XLF,2023-03-20,31.06999969482422,31.440000534057617,31.020000457763672,31.170000076293945,29.593320846557617,75384500
XLF,2023-03-21,31.8799991607666,32.040000915527344,31.809999465942383,31.959999084472656,30.343358993530273,115899200
XLF,2023-03-22,31.959999084472656,32.04999923706055,31.200000762939453,31.219999313354492,29.640789031982422,67874100
XLF,2023-03-23,31.280000686645508,31.600000381469727,30.790000915527344,31.010000228881836,29.4414119720459,82366300
XLF,2023-03-24,30.6299991607666,31.020000457763672,30.389999389648438,30.989999771118164,29.42242431640625,76619100
XLF,2023-03-27,31.520000457763672,31.59000015258789,31.239999771118164,31.420000076293945,29.830671310424805,61393300
XLF,2023-03-28,31.3799991607666,31.520000457763672,31.219999313354492,31.40999984741211,29.821178436279297,42980100
XLF,2023-03-29,31.75,31.8799991607666,31.610000610351562,31.8700008392334,30.257911682128906,52147200
XLF,2023-03-30,32.099998474121094,32.119998931884766,31.6200008392334,31.799999237060547,30.191452026367188,45061700
XLF,2023-03-31,31.979999542236328,32.15999984741211,31.860000610351562,32.150001525878906,30.52374839782715,49034400
XLF,2023-04-03,32.119998931884766,32.34000015258789,32.02000045776367,32.209999084472656,30.580711364746094,51213500
XLF,2023-04-04,32.290000915527344,32.34000015258789,31.700000762939453,31.90999984741211,30.295886993408203,45939300
XLF,2023-04-05,31.670000076293945,31.959999084472656,31.65999984741211,31.8700008392334,30.257911682128906,57965300
XLF,2023-04-06,31.809999465942383,32.04999923706055,31.780000686645508,31.989999771118164,30.371845245361328,36762300
XLF,2023-04-10,31.8700008392334,32.06999969482422,31.799999237060547,32.060001373291016,30.43830108642578,27900700
XLF,2023-04-11,32.13999938964844,32.47999954223633,32.119998931884766,32.34000015258789,30.70413589477539,53912600
XLF,2023-04-12,32.5,32.66999816894531,32.189998626708984,32.27000045776367,30.637678146362305,63645800
XLF,2023-04-13,32.290000915527344,32.58000183105469,32.06999969482422,32.560001373291016,30.913013458251953,58550300
XLF,2023-04-14,32.900001525878906,33.150001525878906,32.720001220703125,32.880001068115234,31.216821670532227,65276200
XLF,2023-04-17,32.86000061035156,33.27000045776367,32.720001220703125,33.2599983215332,31.57759666442871,69670600
XLF,2023-04-18,33.33000183105469,33.43000030517578,33.08000183105469,33.36000061035156,31.67253875732422,49507500
XLF,2023-04-19,33.310001373291016,33.529998779296875,33.25,33.439998626708984,31.748491287231445,39478900
XLF,2023-04-20,33.220001220703125,33.43000030517578,33.209999084472656,33.34000015258789,31.65355110168457,39291800
XLF,2023-04-21,33.2400016784668,33.2599983215332,33.029998779296875,33.220001220703125,31.53962516784668,41545000
XLF,2023-04-24,33.20000076293945,33.31999969482422,33.060001373291016,33.13999938964844,31.463674545288086,32774200
XLF,2023-04-25,32.93000030517578,32.9900016784668,32.560001373291016,32.56999969482422,30.922500610351562,58534300
XLF,2023-04-26,32.47999954223633,32.65999984741211,32.119998931884766,32.2599983215332,30.6281795501709,54294200
XLF,2023-04-27,32.380001068115234,32.84000015258789,32.380001068115234,32.779998779296875,31.12188148498535,46398800
XLF,2023-04-28,32.619998931884766,33.20000076293945,32.54999923706055,33.16999816894531,31.492151260375977,54598700
XLF,2023-05-01,33.2599983215332,33.43000030517578,33.040000915527344,33.08000183105469,31.406707763671875,31950600
XLF,2023-05-02,32.95000076293945,32.959999084472656,32.029998779296875,32.33000183105469,30.694644927978516,76096700
XLF,2023-05-03,32.369998931884766,32.529998779296875,31.93000030517578,31.959999084472656,30.343358993530273,65642400
XLF,2023-05-04,31.68000030517578,31.850000381469727,31.260000228881836,31.549999237060547,29.9540958404541,76076600
XLF,2023-05-05,32.06999969482422,32.380001068115234,32.02000045776367,32.33000183105469,30.694644927978516,55019400
XLF,2023-05-08,32.5099983215332,32.619998931884766,32.34000015258789,32.380001068115234,30.74211883544922,34323600
XLF,2023-05-09,32.13999938964844,32.38999938964844,32.06999969482422,32.2599983215332,30.6281795501709,29736200
XLF,2023-05-10,32.470001220703125,32.540000915527344,31.799999237060547,32.08000183105469,30.457286834716797,39706100
XLF,2023-05-11,31.8799991607666,32.08000183105469,31.739999771118164,32.029998779296875,30.40981674194336,36693200
XLF,2023-05-12,32.2400016784668,32.2400016784668,31.690000534057617,31.899999618530273,30.286392211914062,36253000
XLF,2023-05-15,31.959999084472656,32.220001220703125,31.899999618530273,32.15999984741211,30.533239364624023,33208500
XLF,2023-05-16,32.099998474121094,32.189998626708984,31.84000015258789,31.860000610351562,30.2484188079834,31241400
XLF,2023-05-17,32.11000061035156,32.59000015258789,32.040000915527344,32.5,30.856042861938477,46818800
XLF,2023-05-18,32.439998626708984,32.779998779296875,32.31999969482422,32.7400016784668,31.083904266357422,42232500
XLF,2023-05-19,32.81999969482422,32.91999816894531,32.45000076293945,32.599998474121094,30.950977325439453,40132900
XLF,2023-05-22,32.709999084472656,32.779998779296875,32.459999084472656,32.65999984741211,31.007949829101562,35286200
XLF,2023-05-23,32.52000045776367,32.689998626708984,32.2599983215332,32.279998779296875,30.647172927856445,42217200
XLF,2023-05-24,32.040000915527344,32.06999969482422,31.790000915527344,31.860000610351562,30.2484188079834,46610700
XLF,2023-05-25,31.780000686645508,31.959999084472656,31.65999984741211,31.850000381469727,30.238922119140625,41658900
XLF,2023-05-26,31.920000076293945,32.189998626708984,31.8700008392334,32.11000061035156,30.485774993896484,44183000
XLF,2023-05-30,32.15999984741211,32.22999954223633,31.889999389648438,32.099998474121094,30.476272583007812,57900500
XLF,2023-05-31,31.90999984741211,31.940000534057617,31.489999771118164,31.760000228881836,30.153474807739258,67667900
XLF,2023-06-01,31.940000534057617,32.16999816894531,31.719999313354492,32.099998474121094,30.476272583007812,48643400
XLF,2023-06-02,32.40999984741211,32.91999816894531,32.40999984741211,32.79999923706055,31.140871047973633,65752900
XLF,2023-06-05,32.84000015258789,32.84000015258789,32.47999954223633,32.630001068115234,30.979469299316406,53591100
XLF,2023-06-06,32.599998474121094,33.09000015258789,32.58000183105469,33.040000915527344,31.368732452392578,46236100
XLF,2023-06-07,33.06999969482422,33.2400016784668,32.869998931884766,33.16999816894531,31.492151260375977,48467100
XLF,2023-06-08,33.060001373291016,33.189998626708984,32.880001068115234,33.13999938964844,31.463674545288086,36261200
XLF,2023-06-09,33.08000183105469,33.290000915527344,33.060001373291016,33.150001525878906,31.473169326782227,34021700
XLF,2023-06-12,33.18000030517578,33.27000045776367,32.88999938964844,33.13999938964844,31.463674545288086,33655200
XLF,2023-06-13,33.11000061035156,33.47999954223633,33.06999969482422,33.34000015258789,31.65355110168457,46054400
XLF,2023-06-14,33.41999816894531,33.59000015258789,33.099998474121094,33.209999084472656,31.530126571655273,57195400
XLF,2023-06-15,33.099998474121094,33.72999954223633,33.06999969482422,33.650001525878906,31.947877883911133,52241800
XLF,2023-06-16,33.79999923706055,33.83000183105469,33.540000915527344,33.58000183105469,31.88141632080078,49861100
XLF,2023-06-20,33.209999084472656,33.27000045776367,32.97999954223633,33.18000030517578,31.64299201965332,50683100
XLF,2023-06-21,33.099998474121094,33.29999923706055,33.0,33.13999938964844,31.60485076904297,35967600
XLF,2023-06-22,33.08000183105469,33.09000015258789,32.77000045776367,32.880001068115234,31.35689353942871,38690000
XLF,2023-06-23,32.630001068115234,32.849998474121094,32.52000045776367,32.7400016784668,31.223377227783203,35529600
XLF,2023-06-26,32.689998626708984,32.939998626708984,32.58000183105469,32.66999816894531,31.156618118286133,25728300
XLF,2023-06-27,32.72999954223633,33.0,32.709999084472656,32.93000030517578,31.404571533203125,34348100
XLF,2023-06-28,32.88999938964844,32.900001525878906,32.70000076293945,32.849998474121094,31.32828140258789,36663200
XLF,2023-06-29,33.02000045776367,33.41999816894531,32.97999954223633,33.41999816894531,31.871871948242188,47471000
XLF,2023-06-30,33.63999938964844,33.849998474121094,33.58000183105469,33.709999084472656,32.148441314697266,44762300
XLF,2023-07-03,33.709999084472656,34.0,33.65999984741211,33.900001525878906,32.32963180541992,19128000
XLF,2023-07-05,33.70000076293945,33.91999816894531,33.599998474121094,33.83000183105469,32.26289367675781,39831600
XLF,2023-07-06,33.54999923706055,33.58000183105469,33.25,33.540000915527344,31.986309051513672,45808400
XLF,2023-07-07,33.400001525878906,33.869998931884766,33.400001525878906,33.59000015258789,32.03400421142578,33488700
XLF,2023-07-10,33.599998474121094,33.93000030517578,33.56999969482422,33.7400016784668,32.17706298828125,27254400
XLF,2023-07-11,33.86000061035156,34.18000030517578,33.790000915527344,34.13999938964844,32.55852127075195,33744600
XLF,2023-07-12,34.41999816894531,34.599998474121094,34.27000045776367,34.36000061035156,32.76833724975586,46546000
XLF,2023-07-13,34.40999984741211,34.529998779296875,34.349998474121094,34.47999954223633,32.88277816772461,40453700
XLF,2023-07-14,34.72999954223633,34.7400016784668,34.20000076293945,34.25,32.66342544555664,47552700
XLF,2023-07-17,34.209999084472656,34.68000030517578,34.209999084472656,34.58000183105469,32.97814178466797,38568900
XLF,2023-07-18,34.65999984741211,35.0,34.61000061035156,34.970001220703125,33.350074768066406,47160800
XLF,2023-07-19,34.970001220703125,35.2599983215332,34.959999084472656,35.119998931884766,33.493133544921875,45599800
XLF,2023-07-20,35.060001373291016,35.38999938964844,35.04999923706055,35.380001068115234,33.741085052490234,45591500
XLF,2023-07-21,35.439998626708984,35.459999084472656,35.16999816894531,35.2599983215332,33.62664031982422,30615700
XLF,2023-07-24,35.279998779296875,35.709999084472656,35.27000045776367,35.599998474121094,33.950889587402344,32299800
XLF,2023-07-25,35.5,35.58000183105469,35.34000015258789,35.369998931884766,33.73154067993164,36218600
XLF,2023-07-26,35.33000183105469,35.689998626708984,35.279998779296875,35.58000183105469,33.93181610107422,35638700
XLF,2023-07-27,35.58000183105469,35.66999816894531,35.08000183105469,35.130001068115234,33.5026741027832,44072800
XLF,2023-07-28,35.40999984741211,35.41999816894531,35.0099983215332,35.20000076293945,33.569419860839844,32422700
XLF,2023-07-31,35.27000045776367,35.439998626708984,35.18000030517578,35.33000183105469,33.69340515136719,28627000
XLF,2023-08-01,35.2599983215332,35.36000061035156,35.13999938964844,35.33000183105469,33.69340515136719,26480300
XLF,2023-08-02,35.029998779296875,35.15999984741211,34.83000183105469,35.029998779296875,33.40729522705078,48923800
XLF,2023-08-03,34.81999969482422,35.130001068115234,34.720001220703125,35.04999923706055,33.426368713378906,31861600
XLF,2023-08-04,35.02000045776367,35.36000061035156,34.880001068115234,34.90999984741211,33.29285430908203,36195700
XLF,2023-08-07,35.130001068115234,35.459999084472656,35.119998931884766,35.400001525878906,33.76015853881836,33119300
XLF,2023-08-08,34.939998626708984,35.11000061035156,34.66999816894531,35.08000183105469,33.454978942871094,37254800
XLF,2023-08-09,35.060001373291016,35.15999984741211,34.779998779296875,34.81999969482422,33.20702362060547,38304200
XLF,2023-08-10,35.0,35.2599983215332,34.7599983215332,34.849998474121094,33.23563003540039,38097500
XLF,2023-08-11,34.7400016784668,34.97999954223633,34.65999984741211,34.91999816894531,33.30238723754883,27518700
XLF,2023-08-14,34.81999969482422,34.91999816894531,34.689998626708984,34.849998474121094,33.23563003540039,23773800
XLF,2023-08-15,34.560001373291016,34.599998474121094,34.16999816894531,34.209999084472656,32.62527847290039,57472100
XLF,2023-08-16,34.150001525878906,34.41999816894531,34.119998931884766,34.15999984741211,32.577598571777344,33566500
XLF,2023-08-17,34.27000045776367,34.31999969482422,33.88999938964844,33.9900016784668,32.41547775268555,38205400
XLF,2023-08-18,33.75,34.08000183105469,33.720001220703125,33.97999954223633,32.40592956542969,40860000
XLF,2023-08-21,34.029998779296875,34.099998474121094,33.66999816894531,33.939998626708984,32.36779022216797,32308300
XLF,2023-08-22,33.95000076293945,33.9900016784668,33.56999969482422,33.619998931884766,32.06260681152344,43133000
XLF,2023-08-23,33.68000030517578,33.959999084472656,33.630001068115234,33.95000076293945,32.37732696533203,30240500
XLF,2023-08-24,33.900001525878906,34.310001373291016,33.83000183105469,33.83000183105469,32.26289367675781,35784900
XLF,2023-08-25,33.970001220703125,34.119998931884766,33.709999084472656,33.9900016784668,32.41547775268555,40347200
XLF,2023-08-28,34.099998474121094,34.29999923706055,34.06999969482422,34.18000030517578,32.59667205810547,34905300
XLF,2023-08-29,34.150001525878906,34.5,34.099998474121094,34.4900016784668,32.89230728149414,43394300
XLF,2023-08-30,34.540000915527344,34.709999084472656,34.439998626708984,34.5099983215332,32.91139221191406,33799900
XLF,2023-08-31,34.61000061035156,34.619998931884766,34.34000015258789,34.380001068115234,32.78740692138672,27999700
XLF,2023-09-01,34.59000015258789,34.79999923706055,34.560001373291016,34.689998626708984,33.083045959472656,41075700
XLF,2023-09-05,34.650001525878906,34.790000915527344,34.33000183105469,34.34000015258789,32.74925994873047,38612300
XLF,2023-09-06,34.25,34.38999938964844,34.06999969482422,34.31999969482422,32.73018264770508,35672800
XLF,2023-09-07,34.18000030517578,34.380001068115234,34.130001068115234,34.22999954223633,32.644351959228516,47632600
XLF,2023-09-08,34.2599983215332,34.369998931884766,34.130001068115234,34.29999923706055,32.71111297607422,39720800
XLF,2023-09-11,34.459999084472656,34.63999938964844,34.369998931884766,34.459999084472656,32.86370086669922,28965100
XLF,2023-09-12,34.45000076293945,34.939998626708984,34.40999984741211,34.689998626708984,33.083045959472656,48615200
XLF,2023-09-13,34.849998474121094,34.88999938964844,34.560001373291016,34.689998626708984,33.083045959472656,31994900
XLF,2023-09-14,34.93000030517578,35.060001373291016,34.7599983215332,35.0099983215332,33.388221740722656,65685500
XLF,2023-09-15,34.779998779296875,35.040000915527344,34.7599983215332,34.83000183105469,33.2165641784668,51800200
XLF,2023-09-18,34.630001068115234,34.81999969482422,34.52000045776367,34.77000045776367,33.30757522583008,32458700
XLF,2023-09-19,34.79999923706055,34.869998931884766,34.5099983215332,34.72999954223633,33.269248962402344,36112900
XLF,2023-09-20,34.849998474121094,34.959999084472656,34.47999954223633,34.4900016784668,33.03934097290039,31618000
XLF,2023-09-21,34.369998931884766,34.369998931884766,33.91999816894531,33.91999816894531,32.49331283569336,48103300
XLF,2023-09-22,33.970001220703125,34.0,33.65999984741211,33.65999984741211,32.24424743652344,41688300
XLF,2023-09-25,33.59000015258789,33.7599983215332,33.47999954223633,33.7400016784668,32.32089614868164,40141700
XLF,2023-09-26,33.4900016784668,33.63999938964844,33.22999954223633,33.290000915527344,31.889812469482422,46165400
XLF,2023-09-27,33.380001068115234,33.380001068115234,32.95000076293945,33.2400016784668,31.84192657470703,49360900
XLF,2023-09-28,33.27000045776367,33.599998474121094,33.2599983215332,33.47999954223633,32.07182312011719,63638100
XLF,2023-09-29,33.63999938964844,33.689998626708984,33.09000015258789,33.16999816894531,31.774860382080078,52860500
XLF,2023-10-02,33.060001373291016,33.13999938964844,32.709999084472656,32.88999938964844,31.506637573242188,49350600
XLF,2023-10-03,32.72999954223633,32.81999969482422,32.2400016784668,32.369998931884766,31.008512496948242,52921800
XLF,2023-10-04,32.380001068115234,32.630001068115234,32.209999084472656,32.61000061035156,31.238420486450195,40136000
XLF,2023-10-05,32.52000045776367,32.81999969482422,32.45000076293945,32.7599983215332,31.38210678100586,41407800
XLF,2023-10-06,32.619998931884766,33.22999954223633,32.5099983215332,33.040000915527344,31.65033721923828,54057800
XLF,2023-10-09,32.7400016784668,33.130001068115234,32.709999084472656,33.060001373291016,31.669490814208984,61396600
XLF,2023-10-10,33.15999984741211,33.5099983215332,33.150001525878906,33.29999923706055,31.899391174316406,44743400
XLF,2023-10-11,33.400001525878906,33.529998779296875,33.099998474121094,33.349998474121094,31.94729232788086,35746400
XLF,2023-10-12,33.45000076293945,33.45000076293945,32.90999984741211,33.13999938964844,31.746124267578125,41991200
XLF,2023-10-13,33.349998474121094,33.65999984741211,33.029998779296875,33.209999084472656,31.813175201416016,53213800
XLF,2023-10-16,33.459999084472656,33.720001220703125,33.38999938964844,33.560001373291016,32.148460388183594,45589300
XLF,2023-10-17,33.40999984741211,33.939998626708984,33.400001525878906,33.720001220703125,32.30173110961914,41925200
XLF,2023-10-18,33.54999923706055,33.58000183105469,33.06999969482422,33.13999938964844,31.746124267578125,46942100
XLF,2023-10-19,33.08000183105469,33.2599983215332,32.68000030517578,32.70000076293945,31.324636459350586,66656200
XLF,2023-10-20,32.689998626708984,32.75,32.16999816894531,32.20000076293945,30.845661163330078,59921300
XLF,2023-10-23,32.130001068115234,32.36000061035156,31.969999313354492,32.0,30.654071807861328,55913700
XLF,2023-10-24,32.150001525878906,32.369998931884766,32.04999923706055,32.220001220703125,30.86482048034668,35825000
XLF,2023-10-25,32.099998474121094,32.31999969482422,32.0099983215332,32.099998474121094,30.74986457824707,59240100
XLF,2023-10-26,32.02000045776367,32.349998474121094,31.969999313354492,32.029998779296875,30.68280792236328,56046100
XLF,2023-10-27,31.989999771118164,32.029998779296875,31.360000610351562,31.450000762939453,30.127206802368164,73057300
XLF,2023-10-30,31.670000076293945,32.09000015258789,31.59000015258789,32.0099983215332,30.663650512695312,48978100
XLF,2023-10-31,32.06999969482422,32.369998931884766,32.0099983215332,32.36000061035156,30.998933792114258,41050100
XLF,2023-11-01,32.41999816894531,32.70000076293945,32.349998474121094,32.56999969482422,31.200096130371094,51764100
XLF,2023-11-02,32.869998931884766,33.36000061035156,32.810001373291016,33.34000015258789,31.937713623046875,47417000
XLF,2023-11-03,33.65999984741211,33.939998626708984,33.650001525878906,33.779998779296875,32.35919952392578,58801300
XLF,2023-11-06,33.869998931884766,33.91999816894531,33.5,33.68000030517578,32.2634162902832,40599700
XLF,2023-11-07,33.58000183105469,33.709999084472656,33.52000045776367,33.630001068115234,32.21551513671875,27442000
XLF,2023-11-08,33.619998931884766,33.70000076293945,33.459999084472656,33.66999816894531,32.253822326660156,30165800
XLF,2023-11-09,33.779998779296875,33.83000183105469,33.470001220703125,33.529998779296875,32.11971664428711,34336600
XLF,2023-11-10,33.689998626708984,33.939998626708984,33.4900016784668,33.90999984741211,32.48373794555664,35146100
XLF,2023-11-13,33.790000915527344,33.95000076293945,33.7400016784668,33.86000061035156,32.43584060668945,28327300
XLF,2023-11-14,34.22999954223633,34.689998626708984,34.20000076293945,34.5,33.04892349243164,54296300
XLF,2023-11-15,34.560001373291016,34.790000915527344,34.54999923706055,34.689998626708984,33.23093032836914,35000200
XLF,2023-11-16,34.790000915527344,34.869998931884766,34.68000030517578,34.83000183105469,33.36504364013672,33222500
XLF,2023-11-17,34.959999084472656,35.02000045776367,34.869998931884766,35.0099983215332,33.537471771240234,31336100
XLF,2023-11-20,34.959999084472656,35.22999954223633,34.88999938964844,35.150001525878906,33.67158508300781,37285400
XLF,2023-11-21,35.099998474121094,35.220001220703125,35.06999969482422,35.130001068115234,33.652427673339844,27285700
XLF,2023-11-22,35.209999084472656,35.34000015258789,35.150001525878906,35.27000045776367,33.78653335571289,32719200
XLF,2023-11-24,35.27000045776367,35.439998626708984,35.2599983215332,35.380001068115234,33.89191436767578,13168500
XLF,2023-11-27,35.25,35.31999969482422,35.18000030517578,35.2599983215332,33.77695083618164,35017000
XLF,2023-11-28,35.220001220703125,35.369998931884766,35.15999984741211,35.25,33.76737594604492,39329300
XLF,2023-11-29,35.349998474121094,35.709999084472656,35.349998474121094,35.5,34.006866455078125,36651300
XLF,2023-11-30,35.58000183105469,35.900001525878906,35.470001220703125,35.900001525878906,34.390037536621094,37334500
XLF,2023-12-01,35.84000015258789,36.209999084472656,35.779998779296875,36.16999816894531,34.648681640625,51267600
XLF,2023-12-04,35.959999084472656,36.27000045776367,35.91999816894531,36.130001068115234,34.6103630065918,41366600
XLF,2023-12-05,36.02000045776367,36.029998779296875,35.790000915527344,35.95000076293945,34.437931060791016,39510900
XLF,2023-12-06,36.150001525878906,36.279998779296875,35.720001220703125,35.77000045776367,34.265506744384766,35616100
XLF,2023-12-07,35.86000061035156,35.959999084472656,35.77000045776367,35.939998626708984,34.42835235595703,26050900
XLF,2023-12-08,35.900001525878906,36.189998626708984,35.86000061035156,36.130001068115234,34.6103630065918,33213100
XLF,2023-12-11,36.13999938964844,36.41999816894531,36.13999938964844,36.349998474121094,34.821109771728516,31165700
XLF,2023-12-12,36.439998626708984,36.619998931884766,36.290000915527344,36.61000061035156,35.07017517089844,37245700
XLF,2023-12-13,36.619998931884766,37.2400016784668,36.54999923706055,37.20000076293945,35.63536071777344,56989000
XLF,2023-12-14,37.5,37.709999084472656,37.369998931884766,37.56999969482422,35.98979949951172,66865700
XLF,2023-12-15,37.2599983215332,37.439998626708984,37.189998626708984,37.349998474121094,35.779048919677734,69246200
XLF,2023-12-18,37.349998474121094,37.41999816894531,37.25,37.290000915527344,35.8984260559082,43434000
XLF,2023-12-19,37.27000045776367,37.58000183105469,37.16999816894531,37.56999969482422,36.1679801940918,32509000
XLF,2023-12-20,37.470001220703125,37.560001373291016,36.900001525878906,36.900001525878906,35.522979736328125,52985700
XLF,2023-12-21,37.060001373291016,37.27000045776367,36.91999816894531,37.2599983215332,35.869537353515625,27522200
XLF,2023-12-22,37.369998931884766,37.4900016784668,37.20000076293945,37.34000015258789,35.94655990600586,30331400
XLF,2023-12-26,37.369998931884766,37.560001373291016,37.310001373291016,37.4900016784668,36.09096145629883,17837600
XLF,2023-12-27,37.40999984741211,37.61000061035156,37.349998474121094,37.61000061035156,36.206485748291016,32640800
XLF,2023-12-28,37.54999923706055,37.79999923706055,37.540000915527344,37.720001220703125,36.3123779296875,25308000
XLF,2023-12-29,37.709999084472656,37.77000045776367,37.4900016784668,37.599998474121094,36.19685363769531,30218300
XLF,2024-01-02,37.5,37.779998779296875,37.43000030517578,37.7599983215332,36.35087966918945,31351900
XLF,2024-01-03,37.59000015258789,37.650001525878906,37.380001068115234,37.439998626708984,36.042823791503906,46909000
XLF,2024-01-04,37.56999969482422,37.88999938964844,37.52000045776367,37.59000015258789,36.187225341796875,36904200
XLF,2024-01-05,37.59000015258789,37.95000076293945,37.56999969482422,37.75,36.34126281738281,44852300
XLF,2024-01-08,37.7599983215332,38.0099983215332,37.560001373291016,37.9900016784668,36.572303771972656,39098300
XLF,2024-01-09,37.790000915527344,37.79999923706055,37.630001068115234,37.75,36.34126281738281,36338100
XLF,2024-01-10,37.689998626708984,37.84000015258789,37.56999969482422,37.810001373291016,36.39902114868164,37095500
XLF,2024-01-11,37.7599983215332,37.810001373291016,37.369998931884766,37.66999816894531,36.26424789428711,49043500
XLF,2024-01-12,37.849998474121094,37.9900016784668,37.45000076293945,37.599998474121094,36.19685363769531,41333900
XLF,2024-01-16,37.279998779296875,37.40999984741211,37.130001068115234,37.34000015258789,35.94655990600586,44042100
XLF,2024-01-17,37.02000045776367,37.41999816894531,37.0,37.27000045776367,35.879173278808594,38715900
XLF,2024-01-18,37.220001220703125,37.369998931884766,36.95000076293945,37.33000183105469,35.93693161010742,42064900
XLF,2024-01-19,37.470001220703125,37.97999954223633,37.349998474121094,37.93000030517578,36.51454162597656,59417700
XLF,2024-01-22,38.09000015258789,38.29999923706055,38.02000045776367,38.11000061035156,36.68782043457031,51828800
XLF,2024-01-23,38.09000015258789,38.20000076293945,38.0099983215332,38.16999816894531,36.745582580566406,46255500
XLF,2024-01-24,38.33000183105469,38.529998779296875,38.290000915527344,38.31999969482422,36.88999557495117,43975500
XLF,2024-01-25,38.470001220703125,38.54999923706055,38.27000045776367,38.5099983215332,37.07289505004883,50693800
XLF,2024-01-26,38.45000076293945,38.720001220703125,38.40999984741211,38.650001525878906,37.20766830444336,38620200
XLF,2024-01-29,38.529998779296875,38.779998779296875,38.43000030517578,38.75,37.30393981933594,44175600
XLF,2024-01-30,38.790000915527344,39.279998779296875,38.77000045776367,39.2400016784668,37.77565383911133,43229300
XLF,2024-01-31,39.15999984741211,39.45000076293945,38.7400016784668,38.7599983215332,37.31357192993164,65780900
XLF,2024-02-01,38.689998626708984,38.849998474121094,38.25,38.81999969482422,37.3713264465332,63445600
XLF,2024-02-02,38.689998626708984,39.15999984741211,38.66999816894531,38.97999954223633,37.52535629272461,61778400
XLF,2024-02-05,38.7599983215332,38.880001068115234,38.58000183105469,38.75,37.30393981933594,37351300
XLF,2024-02-06,38.70000076293945,38.88999938964844,38.650001525878906,38.83000183105469,37.380958557128906,41055700
XLF,2024-02-07,39.040000915527344,39.16999816894531,38.77000045776367,39.119998931884766,37.66012954711914,39018700
XLF,2024-02-08,38.939998626708984,39.09000015258789,38.720001220703125,38.970001220703125,37.5157356262207,47331500
XLF,2024-02-09,38.91999816894531,39.099998474121094,38.81999969482422,39.08000183105469,37.62162780761719,50680400
XLF,2024-02-12,39.08000183105469,39.43000030517578,38.9900016784668,39.2599983215332,37.79490661621094,39952700
XLF,2024-02-13,38.959999084472656,39.060001373291016,38.41999816894531,38.72999954223633,37.28468322753906,62948300
XLF,2024-02-14,38.959999084472656,39.130001068115234,38.810001373291016,39.099998474121094,37.64087677001953,58722500
XLF,2024-02-15,39.220001220703125,39.849998474121094,39.209999084472656,39.77000045776367,38.28587341308594,58107900
XLF,2024-02-16,39.72999954223633,39.810001373291016,39.54999923706055,39.630001068115234,38.151100158691406,37900000
XLF,2024-02-20,39.349998474121094,39.65999984741211,39.31999969482422,39.52000045776367,38.045204162597656,39952200
XLF,2024-02-21,39.470001220703125,39.63999938964844,39.33000183105469,39.63999938964844,38.16072463989258,40242400
XLF,2024-02-22,39.86000061035156,40.2400016784668,39.790000915527344,40.099998474121094,38.603553771972656,55188200
XLF,2024-02-23,40.25,40.470001220703125,40.220001220703125,40.29999923706055,38.79609298706055,42190500
XLF,2024-02-26,40.2599983215332,40.529998779296875,40.029998779296875,40.099998474121094,38.603553771972656,38370000
XLF,2024-02-27,40.13999938964844,40.220001220703125,39.939998626708984,40.209999084472656,38.70945358276367,42599500
XLF,2024-02-28,40.130001068115234,40.5,40.119998931884766,40.36000061035156,38.85386276245117,40040800
XLF,2024-02-29,40.459999084472656,40.54999923706055,40.16999816894531,40.34000015258789,38.834598541259766,37629700
XLF,2024-03-01,40.33000183105469,40.41999816894531,40.15999984741211,40.290000915527344,38.786476135253906,40794900
XLF,2024-03-04,40.220001220703125,40.5,40.209999084472656,40.38999938964844,38.88273239135742,53413200
XLF,2024-03-05,40.25,40.630001068115234,40.25,40.400001525878906,38.89236831665039,50770200
XLF,2024-03-06,40.459999084472656,40.72999954223633,40.279998779296875,40.61000061035156,39.09452819824219,58459500
XLF,2024-03-07,40.7599983215332,40.84000015258789,40.400001525878906,40.54999923706055,39.036766052246094,35505100
XLF,2024-03-08,40.61000061035156,40.83000183105469,40.56999969482422,40.619998931884766,39.104156494140625,47266600
XLF,2024-03-11,40.470001220703125,40.72999954223633,40.400001525878906,40.689998626708984,39.17154312133789,36233100
XLF,2024-03-12,40.779998779296875,40.97999954223633,40.63999938964844,40.86000061035156,39.33519744873047,53199300
XLF,2024-03-13,40.939998626708984,41.16999816894531,40.90999984741211,41.15999984741211,39.624000549316406,43471400
XLF,2024-03-14,41.16999816894531,41.25,40.61000061035156,40.83000183105469,39.30632400512695,65563400
XLF,2024-03-15,40.599998474121094,40.97999954223633,40.52000045776367,40.790000915527344,39.2678108215332,67568000
XLF,2024-03-18,40.779998779296875,40.91999816894531,40.58000183105469,40.869998931884766,39.492958068847656,39140600
XLF,2024-03-19,40.900001525878906,41.09000015258789,40.880001068115234,41.06999969482422,39.686222076416016,36748300
XLF,2024-03-20,41.02000045776367,41.59000015258789,40.95000076293945,41.560001373291016,40.15971755981445,52255300
XLF,2024-03-21,41.65999984741211,42.0,41.61000061035156,41.900001525878906,40.48826217651367,49209200
XLF,2024-03-22,41.95000076293945,42.040000915527344,41.38999938964844,41.41999816894531,40.02443313598633,32033000
XLF,2024-03-25,41.38999938964844,41.459999084472656,41.2599983215332,41.2599983215332,39.86981964111328,31784000
XLF,2024-03-26,41.40999984741211,41.529998779296875,41.27000045776367,41.400001525878906,40.005104064941406,30135500
XLF,2024-03-27,41.599998474121094,41.900001525878906,41.4900016784668,41.88999938964844,40.478599548339844,36670300
XLF,2024-03-28,41.939998626708984,42.220001220703125,41.869998931884766,42.119998931884766,40.700843811035156,41490200
XLF,2024-04-01,42.15999984741211,42.20000076293945,41.810001373291016,41.88999938964844,40.478599548339844,37537700
XLF,2024-04-02,41.7599983215332,41.81999969482422,41.599998474121094,41.66999816894531,40.26600646972656,36359800
XLF,2024-04-03,41.68000030517578,41.959999084472656,41.540000915527344,41.650001525878906,40.24668502807617,39715900
XLF,2024-04-04,42.0,42.08000183105469,41.130001068115234,41.18000030517578,39.79251480102539,52657500
XLF,2024-04-05,41.34000015258789,41.68000030517578,41.20000076293945,41.56999969482422,40.169376373291016,47540300
XLF,2024-04-08,41.58000183105469,41.81999969482422,41.560001373291016,41.75,40.34330749511719,35165700
XLF,2024-04-09,41.77000045776367,41.880001068115234,41.18000030517578,41.5099983215332,40.11139678955078,51953600
XLF,2024-04-10,41.11000061035156,41.27000045776367,40.7599983215332,40.88999938964844,39.51228332519531,59492800
XLF,2024-04-11,40.869998931884766,40.93000030517578,40.349998474121094,40.599998474121094,39.2320556640625,56870800
XLF,2024-04-12,40.33000183105469,40.5,39.90999984741211,40.060001373291016,38.71025848388672,81234800
XLF,2024-04-15,40.58000183105469,40.7400016784668,39.7400016784668,39.86000061035156,38.51699447631836,71800600
XLF,2024-04-16,39.88999938964844,39.97999954223633,39.529998779296875,39.59000015258789,38.25608825683594,66751300
XLF,2024-04-17,39.77000045776367,39.95000076293945,39.529998779296875,39.689998626708984,38.35271453857422,41561900
XLF,2024-04-18,39.869998931884766,40.18000030517578,39.7400016784668,39.83000183105469,38.488006591796875,48893400
XLF,2024-04-19,40.04999923706055,40.459999084472656,39.970001220703125,40.380001068115234,39.01947021484375,55513600
XLF,2024-04-22,40.599998474121094,41.099998474121094,40.43000030517578,40.869998931884766,39.492958068847656,50701200
XLF,2024-04-23,41.060001373291016,41.22999954223633,40.95000076293945,41.130001068115234,39.744197845458984,36488600
XLF,2024-04-24,41.02000045776367,41.18000030517578,40.90999984741211,41.119998931884766,39.73453903198242,33957500
XLF,2024-04-25,40.91999816894531,41.029998779296875,40.529998779296875,40.880001068115234,39.50262451171875,50365700
XLF,2024-04-26,40.810001373291016,41.04999923706055,40.720001220703125,40.81999969482422,39.444644927978516,35796900
XLF,2024-04-29,40.810001373291016,40.9900016784668,40.61000061035156,40.7599983215332,39.38666534423828,36596100
XLF,2024-04-30,40.66999816894531,40.7599983215332,40.36000061035156,40.36000061035156,39.000144958496094,34481600
XLF,2024-05-01,40.33000183105469,40.849998474121094,40.279998779296875,40.36000061035156,39.000144958496094,54717600
XLF,2024-05-02,40.63999938964844,40.70000076293945,40.16999816894531,40.459999084472656,39.096771240234375,37085100
XLF,2024-05-03,40.70000076293945,40.790000915527344,40.349998474121094,40.54999923706055,39.183746337890625,45012600
XLF,2024-05-06,40.86000061035156,41.06999969482422,40.77000045776367,41.06999969482422,39.686222076416016,42335600
XLF,2024-05-07,41.16999816894531,41.290000915527344,41.099998474121094,41.209999084472656,39.82150650024414,42601200
XLF,2024-05-08,41.16999816894531,41.43000030517578,41.060001373291016,41.36000061035156,39.966453552246094,28390900
XLF,2024-05-09,41.2599983215332,41.66999816894531,41.25,41.66999816894531,40.26600646972656,31594800
XLF,2024-05-10,41.81999969482422,41.90999984741211,41.77000045776367,41.83000183105469,40.420616149902344,34306800
XLF,2024-05-13,41.95000076293945,42.02000045776367,41.65999984741211,41.65999984741211,40.25634765625,29570100
XLF,2024-05-14,41.81999969482422,41.900001525878906,41.65999984741211,41.869998931884766,40.459266662597656,30638300
XLF,2024-05-15,41.970001220703125,42.220001220703125,41.959999084472656,42.18000030517578,40.758827209472656,36138300
XLF,2024-05-16,42.220001220703125,42.380001068115234,42.15999984741211,42.18000030517578,40.758827209472656,36032700
XLF,2024-05-17,42.25,42.4900016784668,42.20000076293945,42.4900016784668,41.058380126953125,29813200
XLF,2024-05-20,42.400001525878906,42.459999084472656,41.88999938964844,41.90999984741211,40.497920989990234,35719600
XLF,2024-05-21,41.9900016784668,42.220001220703125,41.970001220703125,42.18000030517578,40.758827209472656,33413400
XLF,2024-05-22,42.09000015258789,42.27000045776367,41.849998474121094,41.939998626708984,40.52690887451172,38661100
XLF,2024-05-23,41.900001525878906,41.939998626708984,41.20000076293945,41.36000061035156,39.966453552246094,51768500
XLF,2024-05-24,41.439998626708984,41.619998931884766,41.439998626708984,41.61000061035156,40.20802307128906,23477300
XLF,2024-05-28,41.52000045776367,41.52000045776367,41.0,41.150001525878906,39.76353073120117,31004900
XLF,2024-05-29,40.81999969482422,40.95000076293945,40.70000076293945,40.81999969482422,39.444644927978516,40620200
XLF,2024-05-30,40.86000061035156,41.130001068115234,40.7599983215332,41.040000915527344,39.6572380065918,32769300
XLF,2024-05-31,41.119998931884766,41.68000030517578,41.0,41.63999938964844,40.23701095581055,38664000
XLF,2024-06-03,41.630001068115234,41.68000030517578,41.02000045776367,41.380001068115234,39.985774993896484,37855000
XLF,2024-06-04,41.15999984741211,41.5,41.0,41.189998626708984,39.80217361450195,27586400
XLF,2024-06-05,41.31999969482422,41.36000061035156,41.0099983215332,41.310001373291016,39.91813278198242,23817300
XLF,2024-06-06,41.380001068115234,41.5,41.130001068115234,41.290000915527344,39.8988151550293,39040200
XLF,2024-06-07,41.29999923706055,41.709999084472656,41.220001220703125,41.47999954223633,40.08241271972656,42273300
XLF,2024-06-10,41.29999923706055,41.369998931884766,41.04999923706055,41.31999969482422,39.92779541015625,31615200
XLF,2024-06-11,41.119998931884766,41.13999938964844,40.650001525878906,40.849998474121094,39.4736328125,54584900
XLF,2024-06-12,41.27000045776367,41.31999969482422,40.75,40.810001373291016,39.43498611450195,46399800
XLF,2024-06-13,40.810001373291016,40.81999969482422,40.5,40.779998779296875,39.4059944152832,39497900
XLF,2024-06-14,40.5,40.72999954223633,40.369998931884766,40.650001525878906,39.28037643432617,29083000
XLF,2024-06-17,40.54999923706055,41.02000045776367,40.47999954223633,41.0099983215332,39.62824249267578,36076900
XLF,2024-06-18,40.959999084472656,41.27000045776367,40.91999816894531,41.27000045776367,39.879493713378906,38900300
XLF,2024-06-20,41.18000030517578,41.599998474121094,41.13999938964844,41.4900016784668,40.09206771850586,42869100
XLF,2024-06-21,41.38999938964844,41.43000030517578,41.09000015258789,41.33000183105469,39.93746566772461,42530600
XLF,2024-06-24,41.34000015258789,41.849998474121094,41.2400016784668,41.59000015258789,40.34782791137695,45252000
XLF,2024-06-25,41.5099983215332,41.63999938964844,41.15999984741211,41.279998779296875,40.04708480834961,32845400
XLF,2024-06-26,41.09000015258789,41.11000061035156,40.81999969482422,41.02000045776367,39.794857025146484,37978500
XLF,2024-06-27,40.900001525878906,41.02000045776367,40.720001220703125,40.970001220703125,39.74634552001953,25466100
XLF,2024-06-28,41.060001373291016,41.369998931884766,40.939998626708984,41.11000061035156,39.88216018676758,44045100
XLF,2024-07-01,41.279998779296875,41.54999923706055,41.029998779296875,41.20000076293945,39.96947479248047,36131100
XLF,2024-07-02,41.119998931884766,41.68000030517578,41.099998474121094,41.68000030517578,40.435142517089844,27033100
XLF,2024-07-03,41.720001220703125,41.7599983215332,41.529998779296875,41.54999923706055,40.309024810791016,21113200
XLF,2024-07-05,41.63999938964844,41.63999938964844,41.29999923706055,41.540000915527344,40.299320220947266,21421100
XLF,2024-07-08,41.599998474121094,41.849998474121094,41.380001068115234,41.43000030517578,40.19261169433594,27779300
XLF,2024-07-09,41.470001220703125,42.02000045776367,41.41999816894531,41.75,40.5030517578125,33140000
XLF,2024-07-10,41.54999923706055,41.91999816894531,41.529998779296875,41.90999984741211,40.658267974853516,28445400
XLF,2024-07-11,41.95000076293945,42.310001373291016,41.81999969482422,42.2400016784668,40.97841262817383,45836600
XLF,2024-07-12,42.189998626708984,42.560001373291016,42.08000183105469,42.380001068115234,41.114234924316406,39041200
XLF,2024-07-15,42.529998779296875,43.040000915527344,42.5,43.0,41.71571350097656,46561200
XLF,2024-07-16,43.029998779296875,43.5099983215332,42.95000076293945,43.4900016784668,42.19108581542969,52243100
XLF,2024-07-17,43.439998626708984,43.900001525878906,43.369998931884766,43.81999969482422,42.51122283935547,54773300
XLF,2024-07-18,43.66999816894531,44.11000061035156,43.189998626708984,43.290000915527344,41.99705505371094,58731300
XLF,2024-07-19,43.27000045776367,43.36000061035156,42.79999923706055,42.849998474121094,41.570194244384766,47220000
XLF,2024-07-22,42.95000076293945,43.16999816894531,42.75,43.09000015258789,41.80303192138672,29071100
XLF,2024-07-23,43.20000076293945,43.38999938964844,43.099998474121094,43.16999816894531,41.880638122558594,23800400
XLF,2024-07-24,43.040000915527344,43.130001068115234,42.58000183105469,42.58000183105469,41.30826187133789,47786900
XLF,2024-07-25,42.65999984741211,43.369998931884766,42.650001525878906,42.7400016784668,41.46348190307617,44862000
XLF,2024-07-26,42.970001220703125,43.540000915527344,42.95000076293945,43.40999984741211,42.113468170166016,32636300
XLF,2024-07-29,43.5099983215332,43.540000915527344,43.130001068115234,43.349998474121094,42.055259704589844,35195700
XLF,2024-07-30,43.619998931884766,44.0,43.599998474121094,43.849998474121094,42.54032516479492,31418700
XLF,2024-07-31,43.95000076293945,44.11000061035156,43.709999084472656,43.7400016784668,42.433616638183594,38694800
XLF,2024-08-01,43.900001525878906,43.959999084472656,42.93000030517578,43.119998931884766,41.832130432128906,47060900
XLF,2024-08-02,42.630001068115234,42.779998779296875,41.79999923706055,42.060001373291016,40.803794860839844,78599800
XLF,2024-08-05,41.13999938964844,41.22999954223633,40.65999984741211,40.84000015258789,39.62023162841797,107913600
XLF,2024-08-06,41.02000045776367,41.9900016784668,40.90999984741211,41.5,40.26051712036133,57668900
XLF,2024-08-07,41.959999084472656,42.36000061035156,41.4900016784668,41.54999923706055,40.309024810791016,43912600
XLF,2024-08-08,41.81999969482422,42.27000045776367,41.7599983215332,42.220001220703125,40.95901107788086,41260500
XLF,2024-08-09,42.209999084472656,42.5099983215332,42.040000915527344,42.400001525878906,41.13363265991211,23838800
XLF,2024-08-12,42.47999954223633,42.59000015258789,42.09000015258789,42.18000030517578,40.92021179199219,20509300
XLF,2024-08-13,42.43000030517578,42.560001373291016,42.119998931884766,42.529998779296875,41.25975799560547,24922000
XLF,2024-08-14,42.630001068115234,43.130001068115234,42.599998474121094,43.04999923706055,41.76422119140625,30673000
XLF,2024-08-15,43.459999084472656,43.689998626708984,43.310001373291016,43.45000076293945,42.15227508544922,33329000
XLF,2024-08-16,43.400001525878906,43.77000045776367,43.400001525878906,43.77000045776367,42.46271896362305,25338900
XLF,2024-08-19,43.779998779296875,44.02000045776367,43.779998779296875,44.0099983215332,42.6955451965332,24458600
XLF,2024-08-20,43.959999084472656,44.0,43.779998779296875,43.869998931884766,42.559730529785156,19620400
XLF,2024-08-21,43.939998626708984,43.9900016784668,43.56999969482422,43.79999923706055,42.491817474365234,19914100
XLF,2024-08-22,43.849998474121094,44.04999923706055,43.810001373291016,44.04999923706055,42.73435592651367,24738700
XLF,2024-08-23,44.18000030517578,44.540000915527344,44.09000015258789,44.43000030517578,43.103004455566406,32762500
XLF,2024-08-26,44.58000183105469,44.810001373291016,44.470001220703125,44.56999969482422,43.23882293701172,23716300
XLF,2024-08-27,44.65999984741211,44.81999969482422,44.58000183105469,44.79999923706055,43.461952209472656,21583500
XLF,2024-08-28,44.68000030517578,45.15999984741211,44.63999938964844,44.90999984741211,43.568668365478516,24726200
XLF,2024-08-29,45.060001373291016,45.459999084472656,44.75,45.310001373291016,43.95672607421875,33726600
XLF,2024-08-30,45.439998626708984,45.779998779296875,45.22999954223633,45.7400016784668,44.373878479003906,28967700
XLF,2024-09-03,45.5,45.880001068115234,45.189998626708984,45.400001525878906,44.044036865234375,39893900
XLF,2024-09-04,45.47999954223633,45.77000045776367,45.220001220703125,45.45000076293945,44.09253692626953,32006100
XLF,2024-09-05,45.63999938964844,45.65999984741211,44.75,44.95000076293945,43.60747528076172,39523500
XLF,2024-09-06,44.95000076293945,45.20000076293945,44.189998626708984,44.290000915527344,42.96718978881836,51331300
XLF,2024-09-09,44.709999084472656,45.20000076293945,44.650001525878906,44.95000076293945,43.60747528076172,41010900
XLF,2024-09-10,45.099998474121094,45.13999938964844,43.97999954223633,44.4900016784668,43.161216735839844,59115000
XLF,2024-09-11,44.31999969482422,44.349998474121094,43.380001068115234,44.279998779296875,42.957489013671875,59397500
XLF,2024-09-12,44.36000061035156,44.52000045776367,44.0,44.380001068115234,43.054500579833984,37732700
XLF,2024-09-13,44.5099983215332,44.689998626708984,44.40999984741211,44.5099983215332,43.18061065673828,32912300
XLF,2024-09-16,44.70000076293945,45.099998474121094,44.70000076293945,45.09000015258789,43.74329376220703,37063700
XLF,2024-09-17,45.189998626708984,45.47999954223633,45.13999938964844,45.33000183105469,43.97612762451172,27893300
XLF,2024-09-18,45.349998474121094,45.689998626708984,45.09000015258789,45.189998626708984,43.84030532836914,41783900
XLF,2024-09-19,45.650001525878906,45.810001373291016,45.34000015258789,45.689998626708984,44.32537078857422,46457700
XLF,2024-09-20,45.59000015258789,45.65999984741211,45.34000015258789,45.65999984741211,44.296268463134766,48699200
XLF,2024-09-23,45.4900016784668,45.66999816894531,45.36000061035156,45.439998626708984,44.242713928222656,31615300
XLF,2024-09-24,45.29999923706055,45.29999923706055,44.900001525878906,45.060001373291016,43.87273406982422,40341400
XLF,2024-09-25,45.08000183105469,45.13999938964844,44.650001525878906,44.790000915527344,43.60984802246094,32546900
XLF,2024-09-26,44.91999816894531,45.11000061035156,44.77000045776367,45.02000045776367,43.83378219604492,31445200
XLF,2024-09-27,45.119998931884766,45.439998626708984,45.04999923706055,45.150001525878906,43.96036148071289,23226100
XLF,2024-09-30,45.040000915527344,45.34000015258789,44.84000015258789,45.31999969482422,44.125877380371094,23593400
XLF,2024-10-01,45.20000076293945,45.310001373291016,44.779998779296875,45.08000183105469,43.892208099365234,32703000
XLF,2024-10-02,45.060001373291016,45.22999954223633,44.83000183105469,45.130001068115234,43.94088363647461,37709400
XLF,2024-10-03,44.959999084472656,45.04999923706055,44.66999816894531,44.88999938964844,43.707210540771484,23545700
XLF,2024-10-04,45.33000183105469,45.689998626708984,45.150001525878906,45.650001525878906,44.44718551635742,40432000
XLF,2024-10-07,45.650001525878906,45.66999816894531,44.900001525878906,45.09000015258789,43.90194320678711,26599300
XLF,2024-10-08,45.2599983215332,45.459999084472656,45.18000030517578,45.349998474121094,44.155086517333984,28763000
XLF,2024-10-09,45.349998474121094,45.86000061035156,45.2599983215332,45.77000045776367,44.564022064208984,28334300
XLF,2024-10-10,45.81999969482422,45.86000061035156,45.439998626708984,45.630001068115234,44.427711486816406,34127400
XLF,2024-10-11,45.91999816894531,46.599998474121094,45.88999938964844,46.5099983215332,45.28451919555664,52850300
XLF,2024-10-14,46.59000015258789,46.849998474121094,46.459999084472656,46.79999923706055,45.56688690185547,35850800
XLF,2024-10-15,47.119998931884766,47.38999938964844,46.84000015258789,46.900001525878906,45.664249420166016,42356800
XLF,2024-10-16,47.08000183105469,47.5,46.9900016784668,47.47999954223633,46.228965759277344,44973700
XLF,2024-10-17,47.68000030517578,47.810001373291016,47.58000183105469,47.61000061035156,46.35553741455078,45823400
XLF,2024-10-18,47.61000061035156,47.720001220703125,47.349998474121094,47.619998931884766,46.36527633666992,34279600
XLF,2024-10-21,47.540000915527344,47.650001525878906,47.150001525878906,47.2400016784668,45.99529266357422,26207400
XLF,2024-10-22,47.0,47.22999954223633,46.779998779296875,47.150001525878906,45.90766143798828,30018700
XLF,2024-10-23,47.099998474121094,47.220001220703125,46.880001068115234,47.11000061035156,45.86871337890625,20697200
XLF,2024-10-24,47.119998931884766,47.209999084472656,46.86000061035156,47.150001525878906,45.90766143798828,19617500
XLF,2024-10-25,47.34000015258789,47.41999816894531,46.52000045776367,46.630001068115234,45.40135955810547,25526500
XLF,2024-10-28,46.869998931884766,47.25,46.86000061035156,47.209999084472656,45.96608352661133,31415900
XLF,2024-10-29,47.09000015258789,47.220001220703125,46.880001068115234,46.91999816894531,45.683719635009766,27930900
XLF,2024-10-30,46.97999954223633,47.43000030517578,46.939998626708984,47.130001068115234,45.88818359375,28704300
XLF,2024-10-31,47.06999969482422,47.209999084472656,46.47999954223633,46.47999954223633,45.255313873291016,53417100
XLF,2024-11-01,46.630001068115234,47.0,46.52000045776367,46.63999938964844,45.411094665527344,40139900
XLF,2024-11-04,46.61000061035156,46.650001525878906,46.029998779296875,46.279998779296875,45.06058120727539,41705600
XLF,2024-11-05,46.31999969482422,46.72999954223633,46.22999954223633,46.709999084472656,45.47925567626953,35221800
XLF,2024-11-06,49.040000915527344,49.68000030517578,48.70000076293945,49.54999923706055,48.244422912597656,153473400
XLF,2024-11-07,49.439998626708984,49.439998626708984,48.65999984741211,48.75,47.46550750732422,70611400
XLF,2024-11-08,49.099998474121094,49.470001220703125,48.849998474121094,49.189998626708984,47.89391326904297,60376500
XLF,2024-11-11,49.68000030517578,50.13999938964844,49.66999816894531,49.88999938964844,48.575462341308594,63654700
XLF,2024-11-12,49.869998931884766,49.939998626708984,49.59000015258789,49.7400016784668,48.42942428588867,58512400
XLF,2024-11-13,49.84000015258789,50.130001068115234,49.689998626708984,49.77000045776367,48.4586296081543,31880700
XLF,2024-11-14,49.880001068115234,49.9900016784668,49.54999923706055,49.63999938964844,48.33205795288086,38252800
XLF,2024-11-15,49.63999938964844,50.0099983215332,49.61000061035156,49.869998931884766,48.55598831176758,40741500
XLF,2024-11-18,49.90999984741211,50.11000061035156,49.70000076293945,50.02000045776367,48.70204162597656,27141600
XLF,2024-11-19,49.619998931884766,49.880001068115234,49.41999816894531,49.689998626708984,48.3807373046875,27014700
XLF,2024-11-20,49.88999938964844,49.91999816894531,49.29999923706055,49.540000915527344,48.23469161987305,33932500
XLF,2024-11-21,49.790000915527344,50.400001525878906,49.65999984741211,50.16999816894531,48.84808349609375,50881800
XLF,2024-11-22,50.13999938964844,50.779998779296875,50.130001068115234,50.72999954223633,49.393333435058594,42050800
XLF,2024-11-25,51.0099983215332,51.25,50.86000061035156,51.060001373291016,49.71464157104492,47492500
XLF,2024-11-26,51.08000183105469,51.2599983215332,50.7599983215332,51.15999984741211,49.81200408935547,28418400
XLF,2024-11-27,51.22999954223633,51.619998931884766,51.209999084472656,51.2599983215332,49.909366607666016,31803700
XLF,2024-11-29,51.439998626708984,51.56999969482422,51.25,51.34000015258789,49.98725891113281,15178400
XLF,2024-12-02,51.41999816894531,51.4900016784668,50.70000076293945,50.83000183105469,49.490699768066406,55483600
XLF,2024-12-03,51.130001068115234,51.130001068115234,50.45000076293945,50.45000076293945,49.1207160949707,46924300
XLF,2024-12-04,50.400001525878906,50.439998626708984,50.09000015258789,50.2599983215332,48.93571853637695,41017400
XLF,2024-12-05,50.34000015258789,50.66999816894531,50.29999923706055,50.40999984741211,49.08176803588867,33599300
XLF,2024-12-06,50.400001525878906,50.56999969482422,50.2599983215332,50.400001525878906,49.07202911376953,23439400
XLF,2024-12-09,50.439998626708984,50.4900016784668,49.689998626708984,49.709999084472656,48.40020751953125,41998300
XLF,2024-12-10,49.75,49.97999954223633,49.38999938964844,49.70000076293945,48.39047622680664,38861800
XLF,2024-12-11,49.900001525878906,49.91999816894531,49.58000183105469,49.79999923706055,48.48783874511719,35035900
XLF,2024-12-12,49.93000030517578,49.970001220703125,49.58000183105469,49.58000183105469,48.27363967895508,23107300
XLF,2024-12-13,49.779998779296875,49.79999923706055,49.43000030517578,49.540000915527344,48.23469161987305,39160400
XLF,2024-12-16,49.56999969482422,49.630001068115234,49.36000061035156,49.45000076293945,48.147064208984375,35242800
XLF,2024-12-17,49.2599983215332,49.27000045776367,48.93000030517578,49.099998474121094,47.80628204345703,46103300
XLF,2024-12-18,49.189998626708984,49.29999923706055,47.59000015258789,47.630001068115234,46.37501907348633,72399500
XLF,2024-12-19,48.16999816894531,48.529998779296875,47.790000915527344,47.79999923706055,46.54053497314453,63641000
XLF,2024-12-20,47.70000076293945,48.88999938964844,47.599998474121094,48.5099983215332,47.23182678222656,56066100
XLF,2024-12-23,48.060001373291016,48.459999084472656,47.869998931884766,48.41999816894531,47.345252990722656,43033300
XLF,2024-12-24,48.52000045776367,49.0099983215332,48.43000030517578,48.9900016784668,47.9025993347168,18350500
XLF,2024-12-26,48.77000045776367,49.130001068115234,48.7400016784668,49.11000061035156,48.019935607910156,20805600
XLF,2024-12-27,48.849998474121094,49.16999816894531,48.4900016784668,48.75,47.667930603027344,33852400
XLF,2024-12-30,48.25,48.5,47.86000061035156,48.279998779296875,47.20835876464844,34819800
XLF,2024-12-31,48.400001525878906,48.56999969482422,48.15999984741211,48.33000183105469,47.25725555419922,25170500
XLF,2025-01-02,48.58000183105469,48.77000045776367,47.939998626708984,48.209999084472656,47.139915466308594,35879100
XLF,2025-01-03,48.4900016784668,48.619998931884766,48.08000183105469,48.59000015258789,47.511478424072266,25198100
XLF,2025-01-06,48.79999923706055,49.02000045776367,48.349998474121094,48.439998626708984,47.364803314208984,54289900
XLF,2025-01-07,48.650001525878906,48.7599983215332,48.119998931884766,48.33000183105469,47.25725555419922,57682700
XLF,2025-01-08,48.34000015258789,48.5,48.02000045776367,48.4900016784668,47.413700103759766,36422000
XLF,2025-01-10,48.099998474121094,48.13999938964844,47.150001525878906,47.31999969482422,46.2696647644043,53128700
XLF,2025-01-13,47.08000183105469,47.68000030517578,47.040000915527344,47.65999984741211,46.60211944580078,36002800
XLF,2025-01-14,47.849998474121094,48.290000915527344,47.7400016784668,48.25,47.17902374267578,39353300
XLF,2025-01-15,49.279998779296875,49.61000061035156,49.0099983215332,49.47999954223633,48.3817253112793,61176900
XLF,2025-01-16,49.459999084472656,49.849998474121094,49.459999084472656,49.810001373291016,48.70439910888672,33830400
XLF,2025-01-17,49.90999984741211,50.31999969482422,49.72999954223633,50.22999954223633,49.11507797241211,43693100
XLF,2025-01-21,50.400001525878906,50.709999084472656,50.38999938964844,50.650001525878906,49.5257568359375,33267500
XLF,2025-01-22,50.650001525878906,50.65999984741211,50.209999084472656,50.40999984741211,49.291080474853516,37226400
XLF,2025-01-23,50.4900016784668,50.790000915527344,50.47999954223633,50.70000076293945,49.574642181396484,32048800
XLF,2025-01-24,50.529998779296875,50.900001525878906,50.47999954223633,50.849998474121094,49.721317291259766,39088700
XLF,2025-01-27,50.7599983215332,51.439998626708984,50.619998931884766,51.40999984741211,50.268882751464844,61707400
XLF,2025-01-28,51.349998474121094,51.54999923706055,51.11000061035156,51.31999969482422,50.18088150024414,39885300
XLF,2025-01-29,51.18000030517578,51.7400016784668,51.16999816894531,51.279998779296875,50.14176940917969,43612200
XLF,2025-01-30,51.75,52.040000915527344,51.43000030517578,51.77000045776367,50.62089920043945,64250500
XLF,2025-01-31,51.83000183105469,51.970001220703125,51.439998626708984,51.470001220703125,50.32755661010742,40424200
XLF,2025-02-03,50.75,51.400001525878906,50.40999984741211,51.2599983215332,50.122215270996094,77416200
XLF,2025-02-04,51.31999969482422,51.38999938964844,51.0,51.13999938964844,50.004878997802734,41742700
XLF,2025-02-05,51.36000061035156,51.689998626708984,51.13999938964844,51.68000030517578,50.532894134521484,34758600
XLF,2025-02-06,51.97999954223633,52.130001068115234,51.7599983215332,52.11000061035156,50.95334243774414,34355900
XLF,2025-02-07,52.16999816894531,52.2599983215332,51.779998779296875,51.81999969482422,50.66978454589844,40601400
XLF,2025-02-10,51.90999984741211,51.97999954223633,51.189998626708984,51.40999984741211,50.268882751464844,37921500
XLF,2025-02-11,51.33000183105469,51.63999938964844,51.02000045776367,51.540000915527344,50.395999908447266,45162900
XLF,2025-02-12,51.279998779296875,51.380001068115234,50.91999816894531,51.36000061035156,50.21999740600586,45473100
XLF,2025-02-13,51.5,51.77000045776367,51.279998779296875,51.70000076293945,50.55244827270508,36372200
XLF,2025-02-14,51.77000045776367,52.02000045776367,51.75,51.79999923706055,50.65022659301758,29574300
XLF,2025-02-18,51.880001068115234,52.20000076293945,51.75,52.16999816894531,51.01201629638672,33496800
XLF,2025-02-19,52.040000915527344,52.25,51.900001525878906,52.189998626708984,51.03157043457031,31748500
XLF,2025-02-20,52.11000061035156,52.150001525878906,51.040000915527344,51.38999938964844,50.24932861328125,47078900
XLF,2025-02-21,51.40999984741211,51.5,50.650001525878906,50.75,49.623538970947266,51789900
XLF,2025-02-24,50.9900016784668,51.40999984741211,50.68000030517578,50.970001220703125,49.83864974975586,56673900
XLF,2025-02-25,51.27000045776367,51.40999984741211,50.310001373291016,50.959999084472656,49.82887268066406,50132800
XLF,2025-02-26,50.970001220703125,51.31999969482422,50.75,50.849998474121094,49.721317291259766,31250500
XLF,2025-02-27,51.029998779296875,51.79999923706055,50.9900016784668,51.130001068115234,49.99509811401367,44378600
XLF,2025-02-28,51.38999938964844,52.2599983215332,51.16999816894531,52.18000030517578,51.021793365478516,63537100
XLF,2025-03-03,52.31999969482422,52.63999938964844,51.369998931884766,51.7400016784668,50.59156799316406,76100100
XLF,2025-03-04,51.220001220703125,51.279998779296875,49.63999938964844,49.91999816894531,48.811954498291016,99342400
XLF,2025-03-05,49.939998626708984,50.45000076293945,49.560001373291016,50.209999084472656,49.095523834228516,75561700
XLF,2025-03-06,49.619998931884766,49.959999084472656,49.060001373291016,49.380001068115234,48.2839469909668,55477700
XLF,2025-03-07,49.20000076293945,49.33000183105469,48.25,49.119998931884766,48.02971267700195,87351400
XLF,2025-03-10,48.290000915527344,48.61000061035156,47.459999084472656,48.02000045776367,46.95413589477539,78221400
XLF,2025-03-11,47.95000076293945,48.08000183105469,47.279998779296875,47.61000061035156,46.55323028564453,72972200
XLF,2025-03-12,48.119998931884766,48.189998626708984,47.220001220703125,47.68000030517578,46.62167739868164,60700100
XLF,2025-03-13,47.79999923706055,48.08000183105469,47.279998779296875,47.41999816894531,46.36744689941406,49986300
XLF,2025-03-14,47.869998931884766,48.599998474121094,47.619998931884766,48.52000045776367,47.44303512573242,49535700
XLF,2025-03-17,48.33000183105469,49.33000183105469,48.31999969482422,49.09000015258789,48.00038146972656,43570500
XLF,2025-03-18,49.130001068115234,49.290000915527344,48.849998474121094,49.029998779296875,47.94171142578125,32714200
XLF,2025-03-19,49.060001373291016,49.83000183105469,48.86000061035156,49.56999969482422,48.469730377197266,44290700
XLF,2025-03-20,49.290000915527344,49.97999954223633,49.20000076293945,49.63999938964844,48.53817367553711,46326000
XLF,2025-03-21,49.38999938964844,49.63999938964844,49.029998779296875,49.459999084472656,48.36216735839844,53382800
XLF,2025-03-24,49.790000915527344,50.27000045776367,49.65999984741211,50.150001525878906,49.214969635009766,43158200
XLF,2025-03-25,50.33000183105469,50.5099983215332,50.08000183105469,50.43000030517578,49.489749908447266,24873700
XLF,2025-03-26,50.58000183105469,50.90999984741211,50.09000015258789,50.279998779296875,49.3425407409668,39729200
XLF,2025-03-27,50.189998626708984,50.45000076293945,49.790000915527344,50.18000030517578,49.24440383911133,32299800
XLF,2025-03-28,50.029998779296875,50.29999923706055,49.02000045776367,49.209999084472656,48.2924919128418,45365400
XLF,2025-03-31,48.720001220703125,50.060001373291016,48.58000183105469,49.810001373291016,48.88130569458008,38042300
XLF,2025-04-01,49.619998931884766,49.970001220703125,49.20000076293945,49.75,48.82242202758789,37959100
XLF,2025-04-02,49.349998474121094,50.33000183105469,49.27000045776367,50.15999984741211,49.22477722167969,41792100
XLF,2025-04-03,48.20000076293945,48.650001525878906,47.599998474121094,47.689998626708984,46.80083084106445,101160600
XLF,2025-04-04,46.06999969482422,46.40999984741211,44.09000015258789,44.20000076293945,43.37589645385742,128135300
XLF,2025-04-07,42.84000015258789,45.650001525878906,42.209999084472656,44.09000015258789,43.2679557800293,179993200
XLF,2025-04-08,45.79999923706055,46.220001220703125,43.2400016784668,43.91999816894531,43.10111999511719,98804200
XLF,2025-04-09,43.2400016784668,47.61000061035156,43.06999969482422,47.22999954223633,46.34940719604492,177242900
XLF,2025-04-10,46.529998779296875,46.599998474121094,44.540000915527344,45.90999984741211,45.05401611328125,93318200
XLF,2025-04-11,45.599998474121094,46.970001220703125,45.369998931884766,46.66999816894531,45.79984664916992,63647400
XLF,2025-04-14,47.349998474121094,47.619998931884766,46.869998931884766,47.150001525878906,46.270896911621094,52008900
XLF,2025-04-15,47.41999816894531,47.900001525878906,47.22999954223633,47.27000045776367,46.38866424560547,41840100
XLF,2025-04-16,47.16999816894531,47.34000015258789,46.18000030517578,46.529998779296875,45.662452697753906,47934300
XLF,2025-04-17,46.5,47.209999084472656,46.43000030517578,46.650001525878906,45.78022384643555,61866600
XLF,2025-04-21,46.40999984741211,46.54999923706055,45.13999938964844,45.650001525878906,44.79887008666992,43082300
XLF,2025-04-22,46.34000015258789,47.279998779296875,46.20000076293945,47.15999984741211,46.28071212768555,38154800
XLF,2025-04-23,48.040000915527344,48.72999954223633,47.560001373291016,47.720001220703125,46.83027648925781,50290900
XLF,2025-04-24,47.54999923706055,48.34000015258789,47.36000061035156,48.25,47.35038757324219,26817900
XLF,2025-04-25,48.0099983215332,48.22999954223633,47.70000076293945,48.02000045776367,47.12467956542969,28113000
XLF,2025-04-28,48.220001220703125,48.56999969482422,47.83000183105469,48.16999816894531,47.27187728881836,33922800
XLF,2025-04-29,48.18000030517578,48.7599983215332,47.959999084472656,48.66999816894531,47.76255416870117,42475300
XLF,2025-04-30,48.150001525878906,48.93000030517578,47.5,48.7599983215332,47.85087966918945,33759900
XLF,2025-05-01,48.58000183105469,49.06999969482422,48.439998626708984,48.75,47.84107208251953,34420200
XLF,2025-05-02,49.4900016784668,49.939998626708984,49.33000183105469,49.7599983215332,48.832237243652344,35032100
XLF,2025-05-05,49.34000015258789,49.83000183105469,49.099998474121094,49.439998626708984,48.51820373535156,24139900
XLF,2025-05-06,49.0,49.560001373291016,48.970001220703125,49.15999984741211,48.24342346191406,28949100
XLF,2025-05-07,49.31999969482422,49.720001220703125,49.2599983215332,49.45000076293945,48.528018951416016,30070100
XLF,2025-05-08,49.84000015258789,50.369998931884766,49.72999954223633,49.86000061035156,48.93037414550781,31294200
XLF,2025-05-09,49.959999084472656,50.040000915527344,49.720001220703125,49.86000061035156,48.93037414550781,22075000
XLF,2025-05-12,51.11000061035156,51.20000076293945,50.54999923706055,50.869998931884766,49.92154312133789,44274100
XLF,2025-05-13,51.0,51.31999969482422,50.90999984741211,51.08000183105469,50.12762451171875,33986100
XLF,2025-05-14,51.11000061035156,51.16999816894531,50.790000915527344,50.939998626708984,49.990238189697266,38764200
XLF,2025-05-15,50.869998931884766,51.36000061035156,50.83000183105469,51.279998779296875,50.32389450073242,34742500
XLF,2025-05-16,51.27000045776367,51.66999816894531,51.15999984741211,51.59000015258789,50.62811279296875,53401000
XLF,2025-05-19,51.31999969482422,51.77000045776367,51.2400016784668,51.619998931884766,50.657554626464844,26348400
XLF,2025-05-20,51.380001068115234,51.52000045776367,51.11000061035156,51.34000015258789,50.38277816772461,26903000
XLF,2025-05-21,51.02000045776367,51.16999816894531,50.25,50.290000915527344,49.352352142333984,40022000
XLF,2025-05-22,50.18000030517578,50.52000045776367,49.970001220703125,50.22999954223633,49.29347610473633,33662800
XLF,2025-05-23,49.59000015258789,50.290000915527344,49.56999969482422,50.04999923706055,49.11682891845703,33645600
XLF,2025-05-27,50.439998626708984,50.959999084472656,50.2599983215332,50.93000030517578,49.98042297363281,38636400
XLF,2025-05-28,50.88999938964844,51.02000045776367,50.5099983215332,50.59000015258789,49.646759033203125,31730200
XLF,2025-05-29,50.7599983215332,50.86000061035156,50.36000061035156,50.849998474121094,49.90191650390625,34098400
XLF,2025-05-30,50.68000030517578,51.04999923706055,50.459999084472656,50.959999084472656,50.009864807128906,37953200
XLF,2025-06-02,50.61000061035156,51.0,50.290000915527344,50.97999954223633,50.02949142456055,30142300
XLF,2025-06-03,50.81999969482422,51.130001068115234,50.40999984741211,51.08000183105469,50.12762451171875,33705400
XLF,2025-06-04,51.150001525878906,51.209999084472656,50.779998779296875,50.790000915527344,49.84303283691406,24600500
XLF,2025-06-05,50.79999923706055,50.880001068115234,50.45000076293945,50.650001525878906,49.70564651489258,42014400
XLF,2025-06-06,51.16999816894531,51.439998626708984,51.04999923706055,51.279998779296875,50.32389450073242,34982800
XLF,2025-06-09,51.34000015258789,51.36000061035156,50.689998626708984,51.0,50.04911422729492,28322100
XLF,2025-06-10,50.9900016784668,51.08000183105469,50.880001068115234,51.060001373291016,50.108001708984375,27728600
XLF,2025-06-11,51.11000061035156,51.34000015258789,50.810001373291016,51.0,50.04911422729492,39368400
XLF,2025-06-12,50.70000076293945,51.0099983215332,50.5,51.0,50.04911422729492,25500900
XLF,2025-06-13,50.349998474121094,50.459999084472656,49.810001373291016,49.959999084472656,49.02851104736328,54921900
XLF,2025-06-16,50.31999969482422,50.880001068115234,50.310001373291016,50.529998779296875,49.5878791809082,35632400
XLF,2025-06-17,50.27000045776367,50.47999954223633,50.09000015258789,50.2400016784668,49.30329132080078,31130700
XLF,2025-06-18,50.220001220703125,50.77000045776367,50.150001525878906,50.220001220703125,49.283660888671875,45728200
XLF,2025-06-20,50.369998931884766,50.58000183105469,50.220001220703125,50.36000061035156,49.421051025390625,44456100
XLF,2025-06-23,50.20000076293945,50.84000015258789,49.84000015258789,50.81999969482422,50.04339599609375,43022700
XLF,2025-06-24,51.31999969482422,51.77000045776367,51.279998779296875,51.58000183105469,50.791778564453125,41225000
XLF,2025-06-25,51.59000015258789,51.599998474121094,51.29999923706055,51.40999984741211,50.62437438964844,33123900
XLF,2025-06-26,51.439998626708984,51.83000183105469,51.40999984741211,51.790000915527344,50.99856948852539,37866000
XLF,2025-06-27,51.75,52.22999954223633,51.70000076293945,51.939998626708984,51.14627456665039,38954100
XLF,2025-06-30,52.18000030517578,52.439998626708984,52.13999938964844,52.369998931884766,51.5697021484375,42472900
XLF,2025-07-01,52.2400016784668,52.77000045776367,52.209999084472656,52.65999984741211,51.85527420043945,33844800
XLF,2025-07-02,52.75,52.7599983215332,52.34000015258789,52.619998931884766,51.81588363647461,40791100
XLF,2025-07-03,52.75,53.27000045776367,52.70000076293945,53.189998626708984,52.37717819213867,25904800
XLF,2025-07-07,53.130001068115234,53.25,52.41999816894531,52.68000030517578,51.87496566772461,34049000
XLF,2025-07-08,52.560001373291016,52.599998474121094,52.18000030517578,52.209999084472656,51.41215133666992,53715000
XLF,2025-07-09,52.47999954223633,52.5,52.13999938964844,52.400001525878906,51.599246978759766,36634900
XLF,2025-07-10,52.279998779296875,52.7599983215332,52.279998779296875,52.709999084472656,51.904510498046875,27992600
XLF,2025-07-11,52.36000061035156,52.40999984741211,52.08000183105469,52.15999984741211,51.3629150390625,30289900
XLF,2025-07-14,52.150001525878906,52.58000183105469,52.02000045776367,52.54999923706055,51.74695587158203,27636500
XLF,2025-07-15,52.34000015258789,52.45000076293945,51.650001525878906,51.650001525878906,50.86071014404297,47704600
XLF,2025-07-16,51.93000030517578,52.060001373291016,51.33000183105469,52.0099983215332,51.215206146240234,46726500
XLF,2025-07-17,51.869998931884766,52.599998474121094,51.810001373291016,52.5099983215332,51.70756530761719,48213900
XLF,2025-07-18,52.58000183105469,52.650001525878906,52.43000030517578,52.540000915527344,51.73710632324219,29791300
XLF,2025-07-21,52.56999969482422,52.939998626708984,52.369998931884766,52.38999938964844,51.58939743041992,36871400
XLF,2025-07-22,52.5,52.75,52.470001220703125,52.68000030517578,51.87496566772461,32289100
XLF,2025-07-23,52.79999923706055,53.099998474121094,52.560001373291016,53.099998474121094,52.28854751586914,32111300
XLF,2025-07-24,53.119998931884766,53.439998626708984,53.0099983215332,53.06999969482422,52.25900650024414,32371900
XLF,2025-07-25,53.099998474121094,53.4900016784668,52.9900016784668,53.439998626708984,52.62335205078125,28964700
XLF,2025-07-28,53.380001068115234,53.439998626708984,52.959999084472656,53.06999969482422,52.25900650024414,29119300
XLF,2025-07-29,53.25,53.29999923706055,52.68000030517578,52.79999923706055,51.993133544921875,37883200
XLF,2025-07-30,52.779998779296875,53.029998779296875,52.439998626708984,52.70000076293945,51.89466094970703,37260100
XLF,2025-07-31,52.47999954223633,52.9900016784668,52.27000045776367,52.369998931884766,51.5697021484375,46179400
XLF,2025-08-01,51.720001220703125,51.7599983215332,51.04999923706055,51.400001525878906,50.614532470703125,63060800
XLF,2025-08-04,51.599998474121094,51.90999984741211,51.4900016784668,51.90999984741211,51.11673355102539,40053100
XLF,2025-08-05,52.04999923706055,52.09000015258789,51.36000061035156,51.70000076293945,50.909942626953125,33551000
XLF,2025-08-06,51.810001373291016,52.029998779296875,51.65999984741211,51.95000076293945,51.156124114990234,34198700
XLF,2025-08-07,52.18000030517578,52.25,51.220001220703125,51.369998931884766,50.584983825683594,43119400
XLF,2025-08-08,51.66999816894531,51.970001220703125,51.5,51.849998474121094,51.057647705078125,39484400
XLF,2025-08-11,51.959999084472656,52.029998779296875,51.720001220703125,51.83000183105469,51.0379524230957,29351200
XLF,2025-08-12,52.04999923706055,52.54999923706055,52.040000915527344,52.459999084472656,51.658329010009766,37510000
XLF,2025-08-13,52.65999984741211,52.90999984741211,52.4900016784668,52.7599983215332,51.95374298095703,41154900
XLF,2025-08-14,52.709999084472656,53.04999923706055,52.529998779296875,53.0099983215332,52.19992446899414,35841500
XLF,2025-08-15,53.130001068115234,53.15999984741211,52.41999816894531,52.459999084472656,51.658329010009766,46108500
XLF,2025-08-18,52.38999938964844,52.560001373291016,52.290000915527344,52.5,51.69771957397461,25405100
XLF,2025-08-19,52.45000076293945,52.869998931884766,52.45000076293945,52.599998474121094,51.79618835449219,24870800
XLF,2025-08-20,52.63999938964844,53.0099983215332,52.5099983215332,52.869998931884766,52.06206512451172,39138800
XLF,2025-08-21,52.720001220703125,52.79999923706055,52.349998474121094,52.70000076293945,51.89466094970703,29037000
XLF,2025-08-22,52.970001220703125,53.68000030517578,52.95000076293945,53.56999969482422,52.75136947631836,47249800
XLF,2025-08-25,53.470001220703125,53.58000183105469,53.2400016784668,53.2599983215332,52.446102142333984,24756500
XLF,2025-08-26,53.099998474121094,53.689998626708984,53.099998474121094,53.66999816894531,52.84983444213867,27907000
XLF,2025-08-27,53.540000915527344,53.939998626708984,53.5099983215332,53.779998779296875,52.958152770996094,39530100
XLF,2025-08-28,53.88999938964844,53.90999984741211,53.70000076293945,53.849998474121094,53.0270881652832,28837300
XLF,2025-08-29,53.900001525878906,54.13999938964844,53.79999923706055,53.9900016784668,53.16495132446289,36062400
XLF,2025-09-02,53.70000076293945,53.70000076293945,53.119998931884766,53.59000015258789,52.771060943603516,38733100
XLF,2025-09-03,53.5,53.599998474121094,53.130001068115234,53.5,52.68243408203125,36420100
XLF,2025-09-04,53.689998626708984,54.08000183105469,53.56999969482422,54.060001373291016,53.2338752746582,32730000
XLF,2025-09-05,54.11000061035156,54.25,52.869998931884766,53.06999969482422,52.25900650024414,58377100
XLF,2025-09-08,53.09000015258789,53.16999816894531,52.84000015258789,53.11000061035156,52.298397064208984,49490900
XLF,2025-09-09,52.97999954223633,53.59000015258789,52.959999084472656,53.34000015258789,52.524879455566406,38884500
XLF,2025-09-10,53.16999816894531,53.400001525878906,52.93000030517578,53.15999984741211,52.347633361816406,32915900
XLF,2025-09-11,53.189998626708984,54.06999969482422,53.18000030517578,54.029998779296875,53.2043342590332,36635400
XLF,2025-09-12,53.959999084472656,54.06999969482422,53.709999084472656,53.79999923706055,52.97785186767578,25705900
XLF,2025-09-15,53.88999938964844,54.09000015258789,53.619998931884766,53.68000030517578,52.859683990478516,31922000
XLF,2025-09-16,53.61000061035156,53.66999816894531,53.27000045776367,53.560001373291016,52.741519927978516,28482500
XLF,2025-09-17,53.66999816894531,54.33000183105469,53.650001525878906,54.08000183105469,53.25357437133789,47976100
XLF,2025-09-18,54.11000061035156,54.5,53.9900016784668,54.130001068115234,53.30281066894531,36609100
XLF,2025-09-19,54.2599983215332,54.40999984741211,53.91999816894531,54.25,53.42097473144531,46731400
XLF,2025-09-22,53.70000076293945,54.060001373291016,53.63999938964844,54.0,53.3498420715332,32393000
XLF,2025-09-23,53.95000076293945,54.4900016784668,53.630001068115234,53.7599983215332,53.112728118896484,28698900
XLF,2025-09-24,53.83000183105469,53.959999084472656,53.5,53.61000061035156,52.96453857421875,23893400
XLF,2025-09-25,53.470001220703125,53.709999084472656,53.2400016784668,53.470001220703125,52.82622528076172,24757500
XLF,2025-09-26,53.709999084472656,54.099998474121094,53.63999938964844,53.86000061035156,53.21152877807617,30686100
XLF,2025-09-29,54.040000915527344,54.150001525878906,53.7400016784668,54.130001068115234,53.47827911376953,20713800
XLF,2025-09-30,54.060001373291016,54.2400016784668,53.41999816894531,53.869998931884766,53.22140884399414,32442200
XLF,2025-10-01,53.61000061035156,53.7599983215332,53.369998931884766,53.38999938964844,52.74718475341797,33210100
XLF,2025-10-02,53.310001373291016,53.47999954223633,53.060001373291016,53.349998474121094,52.70766830444336,32443400
XLF,2025-10-03,53.41999816894531,53.970001220703125,53.380001068115234,53.720001220703125,53.07321548461914,32111600
XLF,2025-10-06,53.93000030517578,54.06999969482422,53.29999923706055,53.70000076293945,53.0534553527832,32001300
XLF,2025-10-07,53.880001068115234,54.04999923706055,53.52000045776367,53.77000045776367,53.12261199951172,31250500
XLF,2025-10-08,53.93000030517578,53.95000076293945,53.34000015258789,53.5099983215332,52.86574172973633,26848700
XLF,2025-10-09,53.630001068115234,53.810001373291016,53.189998626708984,53.31999969482422,52.67803192138672,33922400
XLF,2025-10-10,53.459999084472656,53.68000030517578,52.15999984741211,52.15999984741211,51.53199768066406,73596200
XLF,2025-10-13,52.54999923706055,52.81999969482422,52.34000015258789,52.65999984741211,52.025978088378906,39651900
XLF,2025-10-14,52.45000076293945,53.650001525878906,52.25,53.2400016784668,52.598995208740234,62588700
XLF,2025-10-15,53.43000030517578,53.7599983215332,52.86000061035156,53.2400016784668,52.598995208740234,39526600
XLF,2025-10-16,53.09000015258789,53.119998931884766,51.540000915527344,51.7599983215332,51.136810302734375,85420100
XLF,2025-10-17,51.900001525878906,52.36000061035156,51.72999954223633,52.18000030517578,51.5517578125,52288900
XLF,2025-10-20,52.36000061035156,52.900001525878906,52.290000915527344,52.790000915527344,52.15441131591797,39479600
XLF,2025-10-21,52.65999984741211,53.130001068115234,52.65999984741211,52.72999954223633,52.09513473510742,31213600
XLF,2025-10-22,52.779998779296875,52.81999969482422,52.119998931884766,52.43000030517578,51.79874801635742,53727500
XLF,2025-10-23,52.59000015258789,52.68000030517578,52.290000915527344,52.540000915527344,51.90742111206055,29483700
XLF,2025-10-24,52.849998474121094,53.279998779296875,52.810001373291016,53.11000061035156,52.470558166503906,31947800
XLF,2025-10-27,53.369998931884766,53.43000030517578,53.20000076293945,53.33000183105469,52.68791198730469,27154100
XLF,2025-10-28,53.33000183105469,53.400001525878906,52.939998626708984,52.9900016784668,52.35200500488281,33648000
XLF,2025-10-29,52.45000076293945,52.58000183105469,51.869998931884766,52.09000015258789,51.46284103393555,61846300
XLF,2025-10-30,52.02000045776367,52.81999969482422,52.02000045776367,52.22999954223633,51.60115432739258,48568700
XLF,2025-10-31,52.0099983215332,52.5,51.939998626708984,52.369998931884766,51.739463806152344,40425800
XLF,2025-11-03,52.33000183105469,52.34000015258789,51.650001525878906,52.150001525878906,51.522117614746094,38693200
XLF,2025-11-04,51.95000076293945,52.540000915527344,51.84000015258789,52.41999816894531,51.78886413574219,44675200
XLF,2025-11-05,52.4900016784668,52.81999969482422,52.18000030517578,52.599998474121094,51.966697692871094,38036300
XLF,2025-11-06,52.5099983215332,52.70000076293945,52.16999816894531,52.40999984741211,51.778987884521484,42625700
XLF,2025-11-07,52.279998779296875,52.79999923706055,52.09000015258789,52.779998779296875,52.14453125,46218700
XLF,2025-11-10,52.93000030517578,53.150001525878906,52.650001525878906,52.970001220703125,52.332244873046875,42010600
XLF,2025-11-11,53.06999969482422,53.34000015258789,52.880001068115234,53.209999084472656,52.56935119628906,29995800
XLF,2025-11-12,53.220001220703125,53.88999938964844,53.220001220703125,53.66999816894531,53.02381134033203,46052700
XLF,2025-11-13,53.56999969482422,53.7599983215332,52.880001068115234,52.97999954223633,52.34212112426758,50455300
XLF,2025-11-14,52.810001373291016,52.810001373291016,52.27000045776367,52.45000076293945,51.818504333496094,46154600
XLF,2025-11-17,52.470001220703125,52.4900016784668,51.25,51.45000076293945,50.830543518066406,70048500
XLF,2025-11-18,51.279998779296875,51.75,51.150001525878906,51.369998931884766,50.75150680541992,66043600
XLF,2025-11-19,51.380001068115234,51.650001525878906,51.189998626708984,51.560001373291016,50.9392204284668,46003900
XLF,2025-11-20,52.029998779296875,52.38999938964844,51.08000183105469,51.11000061035156,50.4946403503418,70096400
XLF,2025-11-21,51.459999084472656,51.970001220703125,51.13999938964844,51.66999816894531,51.04789352416992,68942900
XLF,2025-11-24,51.7400016784668,51.970001220703125,51.33000183105469,51.88999938964844,51.2652473449707,43789100
XLF,2025-11-25,52.11000061035156,52.65999984741211,51.90999984741211,52.540000915527344,51.90742111206055,50989800
XLF,2025-11-26,52.66999816894531,53.150001525878906,52.599998474121094,52.95000076293945,52.31248474121094,35268500
XLF,2025-11-28,53.099998474121094,53.54999923706055,53.029998779296875,53.33000183105469,52.68791198730469,16136100
XLF,2025-12-01,53.06999969482422,53.400001525878906,52.84000015258789,52.88999938964844,52.25320816040039,29296300
XLF,2025-12-02,52.9900016784668,53.13999938964844,52.63999938964844,52.84000015258789,52.20380783081055,29771500
XLF,2025-12-03,52.939998626708984,53.599998474121094,52.880001068115234,53.54999923706055,52.9052619934082,32018000
XLF,2025-12-04,53.59000015258789,53.90999984741211,53.470001220703125,53.65999984741211,53.013938903808594,33678700
XLF,2025-12-05,53.540000915527344,53.93000030517578,53.45000076293945,53.68000030517578,53.033695220947266,28532300
XLF,2025-12-08,53.70000076293945,53.709999084472656,53.279998779296875,53.47999954223633,52.83610153198242,31164200
XLF,2025-12-09,53.5,53.95000076293945,53.25,53.279998779296875,52.638511657714844,46335400
XLF,2025-12-10,53.279998779296875,54.08000183105469,53.209999084472656,53.88999938964844,53.24116897583008,45437500
XLF,2025-12-11,53.959999084472656,54.97999954223633,53.93000030517578,54.869998931884766,54.20936584472656,51786500
XLF,2025-12-12,55.15999984741211,55.209999084472656,54.709999084472656,54.95000076293945,54.28840637207031,64428900
XLF,2025-12-15,55.18000030517578,55.310001373291016,54.81999969482422,54.9900016784668,54.32792663574219,35356800
XLF,2025-12-16,55.040000915527344,55.15999984741211,54.47999954223633,54.63999938964844,53.98213577270508,37342300
XLF,2025-12-17,54.79999923706055,55.06999969482422,54.58000183105469,54.630001068115234,53.972259521484375,41112400
XLF,2025-12-18,54.77000045776367,55.02000045776367,54.36000061035156,54.540000915527344,53.88334274291992,35021600
XLF,2025-12-19,54.560001373291016,55.02000045776367,54.560001373291016,54.84000015258789,54.17972946166992,46595300
XLF,2025-12-22,54.75,55.439998626708984,54.7400016784668,55.31999969482422,54.844970703125,37987800
XLF,2025-12-23,55.310001373291016,55.560001373291016,55.310001373291016,55.43000030517578,54.95402526855469,24732900
XLF,2025-12-24,55.5099983215332,55.88999938964844,55.40999984741211,55.72999954223633,55.25144958496094,15685800
XLF,2025-12-26,55.709999084472656,55.79999923706055,55.439998626708984,55.619998931884766,55.142391204833984,20410100
XLF,2025-12-29,55.59000015258789,55.68000030517578,55.2599983215332,55.31999969482422,54.844970703125,34223800
XLF,2025-12-30,55.400001525878906,55.400001525878906,55.13999938964844,55.18000030517578,54.70616912841797,16160900
XLF,2025-12-31,55.220001220703125,55.2599983215332,54.75,54.77000045776367,54.29969024658203,22996200
XLF,2026-01-02,54.83000183105469,55.0,54.34000015258789,54.93000030517578,54.458316802978516,36087100
XLF,2026-01-05,54.81999969482422,56.5099983215332,54.81999969482422,56.130001068115234,55.648014068603516,58044100
XLF,2026-01-06,56.040000915527344,56.52000045776367,55.9900016784668,56.400001525878906,55.91569900512695,38950800
XLF,2026-01-07,56.22999954223633,56.34000015258789,55.540000915527344,55.61000061035156,55.13248062133789,44720900
XLF,2026-01-08,55.45000076293945,56.25,55.40999984741211,55.900001525878906,55.41999053955078,35358300
XLF,2026-01-09,55.97999954223633,56.15999984741211,55.720001220703125,55.72999954223633,55.25144958496094,29544900
XLF,2026-01-12,55.029998779296875,55.36000061035156,54.84000015258789,55.290000915527344,54.81522750854492,42021600
XLF,2026-01-13,55.150001525878906,55.22999954223633,54.150001525878906,54.22999954223633,53.76432800292969,77045100
XLF,2026-01-14,54.04999923706055,54.18000030517578,53.689998626708984,54.150001525878906,53.68501663208008,59754600
XLF,2026-01-15,54.220001220703125,54.70000076293945,54.209999084472656,54.369998931884766,53.90312576293945,48490800
XLF,2026-01-16,54.369998931884766,54.7599983215332,54.290000915527344,54.439998626708984,53.9725227355957,44363200
XLF,2026-01-20,53.61000061035156,54.11000061035156,53.099998474121094,53.20000076293945,52.7431755065918,57030800
XLF,2026-01-21,53.369998931884766,53.83000183105469,53.2400016784668,53.459999084472656,53.000938415527344,49360300
XLF,2026-01-22,53.650001525878906,54.04999923706055,53.63999938964844,53.810001373291016,53.34793472290039,46919300
XLF,2026-01-23,53.4900016784668,53.5099983215332,52.880001068115234,53.06999969482422,52.614288330078125,47057500
XLF,2026-01-26,53.099998474121094,53.54999923706055,53.09000015258789,53.40999984741211,52.95137023925781,31072700
XLF,2026-01-27,53.31999969482422,53.43000030517578,52.84000015258789,53.0,52.544891357421875,38633700
XLF,2026-01-28,52.93000030517578,53.209999084472656,52.7599983215332,52.9900016784668,52.534976959228516,45450800
XLF,2026-01-29,53.31999969482422,53.630001068115234,52.9900016784668,53.54999923706055,53.09016799926758,51975400
XLF,2026-01-30,53.380001068115234,53.65999984741211,53.02000045776367,53.439998626708984,52.981109619140625,42767000
XLF,2026-02-02,53.45000076293945,54.09000015258789,53.20000076293945,54.029998779296875,53.566043853759766,48031500
XLF,2026-02-03,53.720001220703125,54.16999816894531,53.15999984741211,53.529998779296875,53.070335388183594,66887100
XLF,2026-02-04,53.5099983215332,54.18000030517578,53.400001525878906,53.959999084472656,53.496646881103516,59506400
XLF,2026-02-05,53.939998626708984,54.060001373291016,53.18000030517578,53.290000915527344,52.832401275634766,64475000
XLF,2026-02-06,53.83000183105469,54.349998474121094,53.83000183105469,54.2599983215332,53.794071197509766,53073800
XLF,2026-02-09,54.08000183105469,54.38999938964844,53.900001525878906,53.939998626708984,53.4768180847168,31699900
XLF,2026-02-10,53.70000076293945,54.2599983215332,53.119998931884766,53.54999923706055,53.09016799926758,57920800
XLF,2026-02-11,53.66999816894531,53.93000030517578,52.689998626708984,52.7400016784668,52.28712463378906,60339900
XLF,2026-02-12,52.900001525878906,53.11000061035156,51.43000030517578,51.689998626708984,51.24613952636719,94645100
XLF,2026-02-13,51.54999923706055,51.93000030517578,51.25,51.650001525878906,51.206485748291016,56449300
XLF,2026-02-17,51.81999969482422,52.40999984741211,51.81999969482422,52.20000076293945,51.75175857543945,54064700
XLF,2026-02-18,52.349998474121094,52.779998779296875,52.279998779296875,52.59000015258789,52.13841247558594,45224000
XLF,2026-02-19,52.13999938964844,52.380001068115234,51.7400016784668,52.150001525878906,51.70219039916992,47344400
XLF,2026-02-20,52.040000915527344,52.5,51.720001220703125,52.4900016784668,52.03927230834961,52934100
XLF,2026-02-23,52.189998626708984,52.470001220703125,50.63999938964844,50.72999954223633,50.29438018798828,94600400
XLF,2026-02-24,50.45000076293945,51.18000030517578,50.2400016784668,50.97999954223633,50.542236328125,64114100
XLF,2026-02-25,51.2400016784668,51.88999938964844,51.16999816894531,51.869998931884766,51.42459487915039,47652800
XLF,2026-02-26,52.06999969482422,52.65999984741211,51.97999954223633,52.5,52.0491828918457,60884300
XLF,2026-02-27,51.880001068115234,52.060001373291016,51.0099983215332,51.43000030517578,50.988372802734375,81998700
XLF,2026-03-02,50.61000061035156,51.630001068115234,50.459999084472656,51.29999923706055,50.85948944091797,70107200
XLF,2026-03-03,50.290000915527344,51.54999923706055,50.08000183105469,51.209999084472656,50.770263671875,94738700
XLF,2026-03-04,51.33000183105469,51.650001525878906,51.08000183105469,51.5,51.057769775390625,51472400
XLF,2026-03-05,51.2400016784668,51.81999969482422,50.90999984741211,51.22999954223633,50.79008865356445,58430700
XLF,2026-03-06,50.439998626708984,50.619998931884766,49.75,50.56999969482422,50.13575744628906,75632700
XLF,2026-03-09,49.91999816894531,50.52000045776367,49.18000030517578,50.33000183105469,49.89781951904297,78178700
XLF,2026-03-10,50.33000183105469,50.689998626708984,49.75,50.060001373291016,49.63013458251953,70834200
XLF,2026-03-11,49.97999954223633,50.119998931884766,49.220001220703125,49.63999938964844,49.213741302490234,56301200
XLF,2026-03-12,48.97999954223633,49.220001220703125,48.790000915527344,48.83000183105469,48.41069793701172,67871700
XLF,2026-03-13,49.11000061035156,49.459999084472656,48.849998474121094,48.88999938964844,48.470184326171875,47595200
XLF,2026-03-16,49.25,49.75,49.11000061035156,49.29999923706055,48.87665939331055,45720100
XLF,2026-03-17,49.70000076293945,50.189998626708984,49.5099983215332,49.560001373291016,49.13443374633789,46974000
XLF,2026-03-18,49.369998931884766,49.709999084472656,48.91999816894531,48.970001220703125,48.54949951171875,49239100
XLF,2026-03-19,48.77000045776367,49.18000030517578,48.52000045776367,48.9900016784668,48.56932830810547,58374000
XLF,2026-03-20,48.959999084472656,49.34000015258789,48.790000915527344,49.08000183105469,48.65855407714844,82914000
XLF,2026-03-23,49.70000076293945,49.86000061035156,49.220001220703125,49.27000045776367,49.0980110168457,81044800
XLF,2026-03-24,48.79999923706055,49.59000015258789,48.779998779296875,49.279998779296875,49.107975006103516,43296400
XLF,2026-03-25,49.59000015258789,49.95000076293945,48.9900016784668,49.34000015258789,49.16776657104492,40438800
XLF,2026-03-26,49.11000061035156,49.4900016784668,48.880001068115234,49.04999923706055,48.87877655029297,45035700
XLF,2026-03-27,48.790000915527344,48.84000015258789,47.66999816894531,47.810001373291016,47.64310836791992,64823900
XLF,2026-03-30,48.22999954223633,48.720001220703125,48.09000015258789,48.36000061035156,48.19118881225586,58128900
XLF,2026-03-31,48.91999816894531,49.459999084472656,48.5099983215332,49.369998931884766,49.197662353515625,85361900
XLF,2026-04-01,49.79999923706055,49.849998474121094,49.13999938964844,49.439998626708984,49.267417907714844,61558300
XLF,2026-04-02,48.83000183105469,49.810001373291016,48.599998474121094,49.529998779296875,49.35710144042969,39519800
XLF,2026-04-06,49.5099983215332,50.0099983215332,49.45000076293945,49.880001068115234,49.70588302612305,27345800
XLF,2026-04-07,49.619998931884766,50.02000045776367,49.5,49.880001068115234,49.70588302612305,31750000
XLF,2026-04-08,51.189998626708984,51.47999954223633,50.959999084472656,51.20000076293945,51.02127456665039,48175400
XLF,2026-04-09,50.939998626708984,51.540000915527344,50.79999923706055,51.33000183105469,51.150821685791016,30330500
XLF,2026-04-10,51.22999954223633,51.290000915527344,50.63999938964844,50.77000045776367,50.5927734375,35427500
XLF,2026-04-13,50.5,51.66999816894531,50.41999816894531,51.65999984741211,51.47966766357422,33635900
XLF,2026-04-14,51.5099983215332,51.90999984741211,51.439998626708984,51.779998779296875,51.599246978759766,36498400
XLF,2026-04-15,52.06999969482422,52.33000183105469,51.81999969482422,52.16999816894531,51.987884521484375,33804700
XLF,2026-04-16,52.09000015258789,52.40999984741211,51.91999816894531,52.029998779296875,51.84837341308594,25432000
XLF,2026-04-17,52.369998931884766,52.97999954223633,52.29999923706055,52.43000030517578,52.246978759765625,45183400
XLF,2026-04-20,52.34000015258789,52.7599983215332,52.2599983215332,52.630001068115234,52.44628143310547,26160600
XLF,2026-04-21,52.709999084472656,53.189998626708984,52.20000076293945,52.29999923706055,52.117431640625,34150100
XLF,2026-04-22,52.47999954223633,52.650001525878906,52.06999969482422,52.209999084472656,52.027748107910156,31838400
XLF,2026-04-23,52.08000183105469,52.16999816894531,51.29999923706055,51.79999923706055,51.619178771972656,44647900
XLF,2026-04-24,51.58000183105469,51.66999816894531,51.31999969482422,51.41999816894531,51.24050521850586,27225300
XLF,2026-04-27,51.310001373291016,51.900001525878906,51.27000045776367,51.810001373291016,51.629146575927734,25764300
XLF,2026-04-28,52.20000076293945,52.400001525878906,51.79999923706055,51.849998474121094,51.669002532958984,24337500
XLF,2026-04-29,52.130001068115234,52.29999923706055,51.70000076293945,51.91999816894531,51.7387580871582,22153100
XLF,2026-04-30,51.5099983215332,52.25,51.20000076293945,52.130001068115234,51.948028564453125,31406400
XLF,2026-05-01,52.400001525878906,52.61000061035156,51.91999816894531,51.91999816894531,51.7387580871582,39618200
XLF,2026-05-04,51.779998779296875,52.189998626708984,51.4900016784668,51.58000183105469,51.39994812011719,44456300
XLF,2026-05-05,51.56999969482422,51.77000045776367,51.380001068115234,51.59000015258789,51.409912109375,27419600
XLF,2026-05-06,51.91999816894531,52.2400016784668,51.779998779296875,51.84000015258789,51.65903854370117,39084600
XLF,2026-05-07,51.779998779296875,52.08000183105469,51.41999816894531,51.54999923706055,51.370052337646484,36983100
XLF,2026-05-08,51.68000030517578,51.7400016784668,51.13999938964844,51.2400016784668,51.061134338378906,29627700
XLF,2026-05-11,51.2599983215332,51.459999084472656,50.959999084472656,51.18000030517578,51.0013427734375,30759200
XLF,2026-05-12,51.18000030517578,51.70000076293945,50.810001373291016,51.58000183105469,51.39994812011719,44193700
XLF,2026-05-13,51.13999938964844,51.33000183105469,50.959999084472656,50.9900016784668,50.812007904052734,33440200
XLF,2026-05-14,51.27000045776367,51.4900016784668,51.099998474121094,51.290000915527344,51.1109619140625,37059700
XLF,2026-05-15,51.31999969482422,51.5,51.040000915527344,51.099998474121094,50.92162322998047,29789800
XLF,2026-05-18,51.0099983215332,51.79999923706055,50.970001220703125,51.7400016784668,51.559391021728516,32974600
XLF,2026-05-19,51.630001068115234,51.790000915527344,51.04999923706055,51.099998474121094,50.92162322998047,35956300
XLF,2026-05-20,51.22999954223633,51.709999084472656,50.779998779296875,51.65999984741211,51.47966766357422,42148400
XLF,2026-05-21,51.459999084472656,51.83000183105469,51.209999084472656,51.72999954223633,51.54942321777344,33344200
XLF,2026-05-22,51.900001525878906,52.16999816894531,51.84000015258789,51.939998626708984,51.758689880371094,23308000
XLF,2026-05-26,52.0,52.22999954223633,51.720001220703125,51.849998474121094,51.669002532958984,24530200
XLF,2026-05-27,51.7400016784668,51.9900016784668,51.29999923706055,51.41999816894531,51.24050521850586,45239100
XLF,2026-05-28,51.189998626708984,51.5,51.02000045776367,51.27000045776367,51.09103012084961,40564600
XLF,2026-05-29,51.279998779296875,51.790000915527344,51.16999816894531,51.58000183105469,51.39994812011719,34240300
XLF,2026-06-01,51.22999954223633,51.599998474121094,51.189998626708984,51.43000030517578,51.25047302246094,34507600
XLF,2026-06-02,51.22999954223633,51.65999984741211,50.97999954223633,51.459999084472656,51.280364990234375,30988800
XLF,2026-06-03,51.13999938964844,51.15999984741211,50.52000045776367,50.869998931884766,50.69242477416992,44906700
XLF,2026-06-04,51.540000915527344,52.29999923706055,51.47999954223633,52.189998626708984,52.007816314697266,57368100
XLF,2026-06-05,52.380001068115234,52.47999954223633,52.060001373291016,52.29999923706055,52.117431640625,42101700
XLF,2026-06-08,52.2400016784668,52.470001220703125,51.959999084472656,51.970001220703125,51.7885856628418,39102700
XLF,2026-06-09,52.18000030517578,52.70000076293945,52.040000915527344,52.459999084472656,52.27687454223633,41695100
XLF,2026-06-10,52.5,52.810001373291016,52.209999084472656,52.22999954223633,52.04767608642578,31128400
XLF,2026-06-11,52.349998474121094,52.77000045776367,52.040000915527344,52.619998931884766,52.436317443847656,41295600
XLF,2026-06-12,52.959999084472656,53.54999923706055,52.810001373291016,53.34000015258789,53.153804779052734,51023300
XLF,2026-06-15,53.7599983215332,53.970001220703125,53.47999954223633,53.560001373291016,53.3730354309082,37492400
XLF,2026-06-16,54.0099983215332,54.43000030517578,53.849998474121094,54.349998474121094,54.1602783203125,37478300
XLF,2026-06-17,54.290000915527344,54.88999938964844,53.900001525878906,54.04999923706055,53.861324310302734,49571900
XLF,2026-06-18,54.54999923706055,54.61000061035156,53.459999084472656,53.56999969482422,53.382999420166016,37816800
XLF,2026-06-22,53.619998931884766,54.02000045776367,53.56999969482422,53.70000076293945,53.70000076293945,27962800
XLF,2026-06-23,53.630001068115234,54.029998779296875,53.4900016784668,53.880001068115234,53.880001068115234,33375300
XLF,2026-06-24,53.86000061035156,54.099998474121094,53.540000915527344,53.720001220703125,53.720001220703125,30809600
XLF,2026-06-25,53.91999816894531,54.68000030517578,53.400001525878906,53.45000076293945,53.45000076293945,31634800
XLF,2026-06-26,53.560001373291016,53.939998626708984,53.20000076293945,53.56999969482422,53.56999969482422,26643000
XLF,2026-06-29,53.70000076293945,54.029998779296875,53.68000030517578,53.720001220703125,53.720001220703125,31628000
XLF,2026-06-30,53.65999984741211,53.849998474121094,53.400001525878906,53.61000061035156,53.61000061035156,27725300
XLF,2026-07-01,53.83000183105469,55.08000183105469,53.75,54.779998779296875,54.779998779296875,47809800
XLF,2026-07-02,55.279998779296875,55.63999938964844,55.0099983215332,55.619998931884766,55.619998931884766,46246100
XLF,2026-07-06,55.849998474121094,56.15999984741211,55.58000183105469,56.13999938964844,56.13999938964844,32043700
XLF,2026-07-07,56.310001373291016,56.59000015258789,56.0099983215332,56.04999923706055,56.04999923706055,27116500
XLF,2026-07-08,55.790000915527344,55.79999923706055,54.95000076293945,54.970001220703125,54.970001220703125,41648100
XLF,2026-07-09,55.06999969482422,55.689998626708984,54.970001220703125,55.540000915527344,55.540000915527344,26542000
XLF,2026-07-10,55.9900016784668,56.029998779296875,55.36000061035156,55.709999084472656,55.709999084472656,24046300
XLF,2026-07-13,55.97999954223633,56.15999984741211,55.61000061035156,56.06999969482422,56.06999969482422,33391000
XLF,2026-07-14,55.599998474121094,56.79999923706055,55.59000015258789,56.18000030517578,56.18000030517578,43208800
XLF,2026-07-15,56.29999923706055,56.81999969482422,56.18000030517578,56.560001373291016,56.560001373291016,49425400
XLF,2026-07-16,56.7599983215332,56.84000015258789,56.38999938964844,56.75,56.75,27591200
XLF,2026-07-17,56.43000030517578,56.939998626708984,56.119998931884766,56.2599983215332,56.2599983215332,42881800
XLF,2026-07-20,56.29999923706055,56.380001068115234,55.88999938964844,56.040000915527344,56.040000915527344,38162600
XLF,2026-07-21,55.9900016784668,56.34000015258789,55.720001220703125,56.11000061035156,56.11000061035156,26399000
XLF,2026-07-22,56.13999938964844,56.279998779296875,55.90999984741211,56.04999923706055,56.04999923706055,25430900
XLF,2026-07-23,55.68000030517578,55.86000061035156,55.45000076293945,55.83000183105469,55.83000183105469,24311000
XLF,2026-07-24,55.83000183105469,56.380001068115234,55.689998626708984,56.310001373291016,56.310001373291016,32212900
XLF,2026-07-27,56.7599983215332,57.130001068115234,56.59000015258789,56.880001068115234,56.880001068115234,29805900
XLF,2026-07-28,57.130001068115234,57.599998474121094,56.95000076293945,57.599998474121094,57.599998474121094,34204400
XLF,2026-07-29,57.290000915527344,57.470001220703125,56.59000015258789,56.68000030517578,56.68000030517578,49038800
XLF,2026-07-30,56.81999969482422,57.04999923706055,56.18000030517578,57.0,57.0,33184200
XLF,2026-07-31,56.810001373291016,57.119998931884766,56.689998626708984,56.939998626708984,56.939998626708984,32543500
XLF,2026-08-03,57.290000915527344,57.54999923706055,57.0,57.380001068115234,57.380001068115234,31019400
XLF,2026-08-04,57.220001220703125,58.02000045776367,57.189998626708984,57.880001068115234,57.880001068115234,31466100
XLF,2026-08-05,58.18000030517578,58.40999984741211,57.79999923706055,58.0,58.0,34275600
XLF,2026-08-06,58.380001068115234,58.380001068115234,57.59000015258789,57.810001373291016,57.810001373291016,27704200
XLF,2026-08-07,57.61000061035156,57.790000915527344,57.34000015258789,57.599998474121094,57.599998474121094,20816700
XLF,2026-08-10,57.540000915527344,58.02000045776367,57.459999084472656,57.810001373291016,57.810001373291016,26070800
XLF,2026-08-11,57.779998779296875,58.099998474121094,57.720001220703125,57.79999923706055,57.79999923706055,19797000
XLF,2026-08-12,57.83000183105469,58.0,57.68000030517578,57.91999816894531,57.91999816894531,18531700
XLF,2026-08-13,58.189998626708984,58.30500030517578,57.75,58.2599983215332,58.2599983215332,23162973
