symbol,date,open,high,low,close,adjusted_close,volume
XLV,1998-12-22,24.8125,25.0625,24.8125,25.03125,16.716148376464844,5700
XLV,1998-12-23,25.1875,25.59375,25.1875,25.59375,17.0917911529541,18100
XLV,1998-12-24,25.625,25.75,25.515625,25.75,17.196138381958008,4900
XLV,1998-12-28,25.671875,25.75,25.375,25.375,16.945709228515625,15500
XLV,1998-12-29,25.375,25.9375,25.375,25.9375,17.32134246826172,5300
XLV,1998-12-30,26.0,26.03125,25.71875,25.71875,17.17527198791504,17300
XLV,1998-12-31,25.8125,26.0,25.75,26.0,17.363082885742188,6600
XLV,1999-01-04,26.25,26.375,25.78125,25.9375,17.32134246826172,249200
XLV,1999-01-05,26.0,26.34375,26.0,26.34375,17.5926456451416,4400
XLV,1999-01-06,26.53125,26.78125,26.46875,26.78125,17.884807586669922,38500
XLV,1999-01-07,26.53125,26.6875,26.34375,26.65625,17.801347732543945,15900
XLV,1999-01-08,26.71875,26.984375,26.71875,26.984375,18.020465850830078,24400
XLV,1999-01-11,26.96875,27.25,26.8125,27.046875,18.062204360961914,7700
XLV,1999-01-12,27.125,27.25,26.90625,26.9375,17.989158630371094,270700
XLV,1999-01-13,25.78125,26.875,25.78125,26.6875,17.82219696044922,7100
XLV,1999-01-14,26.78125,26.859375,26.375,26.46875,17.676124572753906,12200
XLV,1999-01-15,26.5625,26.90625,26.5625,26.828125,17.91611671447754,7700
XLV,1999-01-19,27.28125,27.65625,27.125,27.59375,18.427404403686523,22700
XLV,1999-01-20,27.75,28.125,27.59375,27.75,18.531753540039062,25800
XLV,1999-01-21,27.6875,27.6875,26.71875,26.78125,17.884807586669922,23200
XLV,1999-01-22,26.59375,26.875,26.40625,26.671875,17.811767578125,67100
XLV,1999-01-25,26.6875,26.90625,26.6875,26.890625,17.957855224609375,495300
XLV,1999-01-26,26.9375,27.03125,26.671875,27.015625,18.041330337524414,187400
XLV,1999-01-27,27.09375,27.09375,26.75,26.75,17.863941192626953,6800
XLV,1999-01-28,27.0,27.34375,27.0,27.25,18.19784927368164,25800
XLV,1999-01-29,27.28125,27.28125,26.90625,27.25,18.19784927368164,13800
XLV,1999-02-01,27.375,27.46875,27.15625,27.40625,18.30219841003418,34000
XLV,1999-02-02,26.96875,27.046875,26.625,27.0,18.030887603759766,141700
XLV,1999-02-03,26.9375,27.515625,26.9375,27.515625,18.375240325927734,38900
XLV,1999-02-04,27.34375,27.4375,27.125,27.3125,18.239582061767578,7400
XLV,1999-02-05,27.3125,27.3125,26.8125,27.0,18.030887603759766,16900
XLV,1999-02-08,27.125,27.125,26.875,26.984375,18.020465850830078,6500
XLV,1999-02-09,27.0625,27.09375,26.5,26.5,17.696985244750977,220800
XLV,1999-02-10,26.3125,26.5625,26.1875,26.5625,17.738725662231445,17800
XLV,1999-02-11,26.46875,27.28125,26.375,27.28125,18.218721389770508,5300
XLV,1999-02-12,27.125,27.125,26.71875,26.875,17.947420120239258,8400
XLV,1999-02-16,27.0,27.3125,27.0,27.125,18.1143741607666,18500
XLV,1999-02-17,27.0625,27.25,26.8125,26.84375,17.92655372619629,12900
XLV,1999-02-18,26.9375,27.203125,26.765625,27.1875,18.15610694885254,11500
XLV,1999-02-19,27.1875,27.375,27.1875,27.265625,18.208280563354492,13900
XLV,1999-02-22,27.375,27.859375,27.3125,27.84375,18.594362258911133,17800
XLV,1999-02-23,27.90625,27.90625,27.5,27.796875,18.56305503845215,15000
XLV,1999-02-24,27.875,27.984375,27.46875,27.46875,18.343929290771484,28000
XLV,1999-02-25,27.34375,27.34375,26.875,27.203125,18.16654396057129,98900
XLV,1999-02-26,27.3125,27.359375,26.890625,27.28125,18.218721389770508,10800
XLV,1999-03-01,27.21875,27.25,26.90625,27.234375,18.18741226196289,8800
XLV,1999-03-02,27.40625,27.640625,27.046875,27.21875,18.176977157592773,11500
XLV,1999-03-03,27.3125,27.3125,27.0,27.046875,18.062204360961914,13100
XLV,1999-03-04,27.4375,27.53125,27.234375,27.53125,18.385662078857422,10400
XLV,1999-03-05,27.9375,28.21875,27.84375,28.15625,18.803049087524414,25400
XLV,1999-03-08,28.09375,28.1875,27.9375,28.1875,18.82391929626465,62700
XLV,1999-03-09,27.84375,28.25,27.8125,27.96875,18.677839279174805,12200
XLV,1999-03-10,27.9375,28.21875,27.78125,28.21875,18.84478187561035,10700
XLV,1999-03-11,28.21875,28.5625,28.21875,28.40625,18.970006942749023,23600
XLV,1999-03-12,28.53125,28.65625,28.25,28.25,18.865663528442383,24600
XLV,1999-03-15,28.4375,28.546875,28.21875,28.34375,18.928266525268555,144800
XLV,1999-03-16,28.4375,28.4375,28.234375,28.28125,18.88653564453125,9100
XLV,1999-03-17,28.1875,28.359375,28.015625,28.125,18.782196044921875,2700
XLV,1999-03-18,27.96875,28.515625,27.96875,28.515625,19.043045043945312,9500
XLV,1999-03-19,28.53125,28.65625,28.28125,28.390625,18.959569931030273,6900
XLV,1999-03-22,28.3125,28.59375,28.28125,28.3125,18.90739631652832,40900
XLV,1999-03-23,28.25,28.25,27.4375,27.53125,18.385662078857422,15400
XLV,1999-03-24,27.46875,27.65625,27.34375,27.65625,18.469146728515625,12800
XLV,1999-03-25,27.90625,28.125,27.75,28.125,18.782196044921875,9700
XLV,1999-03-26,27.921875,28.03125,27.84375,27.90625,18.636110305786133,6600
XLV,1999-03-29,27.9375,28.328125,27.9375,28.25,18.865663528442383,8100
XLV,1999-03-30,28.21875,28.359375,28.09375,28.15625,18.803049087524414,37300
XLV,1999-03-31,28.25,28.25,28.0,28.0,18.698707580566406,6300
XLV,1999-04-01,28.0,28.078125,27.65625,28.0,18.698707580566406,22500
XLV,1999-04-05,28.4375,28.75,28.4375,28.625,19.116077423095703,12400
XLV,1999-04-06,28.75,28.875,28.5625,28.65625,19.136960983276367,14500
XLV,1999-04-07,28.84375,29.34375,28.84375,29.203125,19.502166748046875,15700
XLV,1999-04-08,29.125,29.5,29.09375,29.5,19.700424194335938,29600
XLV,1999-04-09,29.5,29.59375,29.28125,29.59375,19.763031005859375,6600
XLV,1999-04-12,29.28125,30.34375,29.28125,30.34375,20.26389503479004,87300
XLV,1999-04-13,30.4375,30.46875,30.03125,30.03125,20.055194854736328,23600
XLV,1999-04-14,30.25,30.3125,29.75,29.75,19.86737632751465,96900
XLV,1999-04-15,29.8125,29.8125,28.78125,29.0,19.366525650024414,17800
XLV,1999-04-16,29.0,29.0,28.53125,28.71875,19.178707122802734,10400
XLV,1999-04-19,28.9375,29.09375,27.875,27.9375,18.65697479248047,32700
XLV,1999-04-20,28.125,28.46875,27.90625,28.46875,19.011743545532227,15700
XLV,1999-04-21,28.40625,29.125,28.40625,29.125,19.449996948242188,16000
XLV,1999-04-22,29.25,29.84375,29.25,29.71875,19.846511840820312,20200
XLV,1999-04-23,29.90625,30.390625,29.90625,30.390625,20.29519271850586,9800
XLV,1999-04-26,30.53125,30.53125,30.1875,30.34375,20.26389503479004,36200
XLV,1999-04-27,30.578125,30.59375,30.09375,30.375,20.284767150878906,13900
XLV,1999-04-28,30.25,30.25,29.5625,29.5625,19.742164611816406,25500
XLV,1999-04-29,29.625,29.8125,29.03125,29.21875,19.51259994506836,9800
XLV,1999-04-30,29.4375,29.59375,29.0,29.0,19.366525650024414,5800
XLV,1999-05-03,29.34375,29.59375,29.25,29.5625,19.742164611816406,13000
XLV,1999-05-04,29.6875,29.6875,29.0,29.0,19.366525650024414,23000
XLV,1999-05-05,29.09375,29.3125,28.8125,29.25,19.53347396850586,17100
XLV,1999-05-06,29.375,29.59375,29.3125,29.375,19.616952896118164,17500
XLV,1999-05-07,29.625,29.625,29.1875,29.28125,19.55434799194336,8000
XLV,1999-05-10,29.3125,29.5625,29.15625,29.21875,19.51259994506836,27300
XLV,1999-05-11,29.5625,29.75,29.5,29.6875,19.82563591003418,51000
XLV,1999-05-12,29.46875,30.0625,29.40625,29.96875,20.013452529907227,8100
XLV,1999-05-13,30.09375,30.09375,29.75,29.78125,19.888248443603516,9600
XLV,1999-05-14,29.125,29.3125,29.125,29.25,19.53347396850586,4600
XLV,1999-05-17,28.90625,29.0625,28.6875,29.0625,19.408262252807617,5800
XLV,1999-05-18,28.9375,29.21875,28.75,28.75,19.199567794799805,8500
XLV,1999-05-19,28.96875,29.1875,28.90625,29.09375,19.42912483215332,12100
XLV,1999-05-20,29.25,29.625,29.25,29.484375,19.689985275268555,15300
XLV,1999-05-21,29.375,29.375,29.0625,29.15625,19.470870971679688,8400
XLV,1999-05-24,29.21875,29.25,28.46875,28.46875,19.011743545532227,14000
XLV,1999-05-25,28.5,28.75,28.1875,28.1875,18.82391929626465,7200
XLV,1999-05-26,28.375,28.375,27.96875,28.21875,18.84478187561035,9300
XLV,1999-05-27,28.109375,28.109375,27.734375,27.90625,18.636110305786133,6600
XLV,1999-05-28,28.0,28.125,27.953125,28.109375,18.771751403808594,6000
XLV,1999-06-01,27.96875,28.1875,27.84375,28.1875,18.82391929626465,4400
XLV,1999-06-02,28.34375,28.34375,27.78125,28.09375,18.761314392089844,9200
XLV,1999-06-03,28.28125,28.4375,28.28125,28.3125,18.90739631652832,4900
XLV,1999-06-04,28.875,29.03125,28.8125,29.0,19.366525650024414,1200
XLV,1999-06-07,28.75,28.75,28.53125,28.75,19.199567794799805,4200
XLV,1999-06-08,28.625,28.765625,28.515625,28.515625,19.043045043945312,6400
XLV,1999-06-09,28.53125,28.75,28.484375,28.53125,19.053476333618164,3000
XLV,1999-06-10,28.21875,28.296875,27.9375,28.296875,18.896963119506836,13300
XLV,1999-06-11,28.4375,28.46875,27.96875,27.96875,18.677839279174805,2500
XLV,1999-06-14,28.25,28.25,28.0625,28.125,18.782196044921875,12700
XLV,1999-06-15,28.3125,28.6875,28.3125,28.4375,18.990873336791992,3600
XLV,1999-06-16,28.9375,29.0,28.90625,29.0,19.366525650024414,13500
XLV,1999-06-17,29.0625,29.265625,28.96875,29.140625,19.460432052612305,12300
XLV,1999-06-18,29.0,29.15625,28.9375,29.0,19.366525650024414,6200
XLV,1999-06-21,29.09375,29.09375,28.84375,28.859375,19.27260971069336,14100
XLV,1999-06-22,29.09375,29.09375,28.8125,28.8125,19.241308212280273,3900
XLV,1999-06-23,28.703125,28.875,28.46875,28.875,19.283042907714844,7900
XLV,1999-06-24,28.5625,28.65625,28.203125,28.34375,18.928266525268555,14100
XLV,1999-06-25,28.625,28.625,28.375,28.375,18.949134826660156,3000
XLV,1999-06-28,28.4375,28.6875,28.40625,28.6875,19.1578311920166,3000
XLV,1999-06-29,28.75,29.03125,28.65625,28.96875,19.345645904541016,2100
XLV,1999-06-30,29.03125,29.46875,28.75,29.34375,19.596078872680664,22500
XLV,1999-07-01,29.21875,29.5,29.125,29.4375,19.658689498901367,3900
XLV,1999-07-02,29.53125,29.53125,29.21875,29.4375,19.658689498901367,17700
XLV,1999-07-06,29.125,29.40625,29.125,29.375,19.616952896118164,7100
XLV,1999-07-07,29.375,29.5625,29.34375,29.5625,19.742164611816406,3200
XLV,1999-07-08,29.375,29.578125,29.3125,29.5,19.700424194335938,9600
XLV,1999-07-09,29.40625,29.625,29.40625,29.625,19.78389549255371,17000
XLV,1999-07-12,29.6875,29.78125,29.5,29.6875,19.82563591003418,4700
XLV,1999-07-13,29.625,29.75,29.5625,29.625,19.78389549255371,5300
XLV,1999-07-14,29.75,29.75,29.4375,29.6875,19.82563591003418,19700
XLV,1999-07-15,29.90625,29.90625,29.65625,29.828125,19.91954803466797,12700
XLV,1999-07-16,29.84375,29.9375,29.65625,29.84375,19.92998695373535,4900
XLV,1999-07-19,30.03125,30.03125,29.6875,29.71875,19.846511840820312,7000
XLV,1999-07-20,29.625,29.78125,29.53125,29.59375,19.763031005859375,18900
XLV,1999-07-21,29.4375,29.65625,29.375,29.53125,19.721298217773438,16200
XLV,1999-07-22,29.375,29.5,29.03125,29.0625,19.408262252807617,12100
XLV,1999-07-23,29.0,29.1875,28.75,28.8125,19.241308212280273,27300
XLV,1999-07-26,28.5625,28.96875,28.5625,28.84375,19.262170791625977,17400
XLV,1999-07-27,29.28125,29.46875,29.03125,29.375,19.616952896118164,16300
XLV,1999-07-28,29.28125,29.34375,29.09375,29.15625,19.470870971679688,7400
XLV,1999-07-29,28.84375,28.875,28.5625,28.65625,19.136960983276367,10500
XLV,1999-07-30,28.6875,28.84375,28.46875,28.46875,19.011743545532227,2800
XLV,1999-08-02,28.5,28.65625,28.25,28.28125,18.88653564453125,87600
XLV,1999-08-03,28.3125,28.3125,27.921875,28.15625,18.803049087524414,5500
XLV,1999-08-04,28.09375,28.15625,27.75,27.75,18.531753540039062,86400
XLV,1999-08-05,27.75,27.75,27.1875,27.671875,18.479585647583008,31900
XLV,1999-08-06,27.40625,27.53125,27.25,27.375,18.28132438659668,11700
XLV,1999-08-09,27.375,27.5,27.3125,27.40625,18.30219841003418,6200
XLV,1999-08-10,27.15625,27.15625,26.6875,26.859375,17.936986923217773,6000
XLV,1999-08-11,26.796875,27.125,26.796875,27.125,18.1143741607666,11700
XLV,1999-08-12,27.1875,27.3125,27.03125,27.125,18.1143741607666,10000
XLV,1999-08-13,27.5,27.6875,27.46875,27.59375,18.427404403686523,8000
XLV,1999-08-16,27.625,27.84375,27.5625,27.59375,18.427404403686523,18400
XLV,1999-08-17,27.875,28.03125,27.734375,27.9375,18.65697479248047,15100
XLV,1999-08-18,28.0625,28.265625,27.921875,28.125,18.782196044921875,7900
XLV,1999-08-19,27.75,28.0,27.703125,28.0,18.698707580566406,4900
XLV,1999-08-20,28.0625,28.125,27.9375,27.9375,18.65697479248047,2700
XLV,1999-08-23,28.21875,28.25,28.078125,28.203125,18.8343563079834,8700
XLV,1999-08-24,28.125,28.125,27.625,27.8125,18.57349395751953,14300
XLV,1999-08-25,27.65625,28.375,27.640625,28.375,18.949134826660156,22100
XLV,1999-08-26,28.1875,28.34375,28.03125,28.15625,18.803049087524414,6000
XLV,1999-08-27,28.1875,28.1875,27.828125,27.953125,18.66739845275879,6500
XLV,1999-08-30,27.921875,27.921875,27.28125,27.28125,18.218721389770508,18000
XLV,1999-08-31,27.1875,27.328125,26.875,27.1875,18.15610694885254,18100
XLV,1999-09-01,27.0625,27.34375,27.03125,27.21875,18.176977157592773,3800
XLV,1999-09-02,26.9375,27.109375,26.90625,26.9375,17.989158630371094,8600
XLV,1999-09-03,27.578125,27.890625,27.5625,27.796875,18.56305503845215,6200
XLV,1999-09-07,28.046875,28.21875,28.046875,28.125,18.782196044921875,11500
XLV,1999-09-08,28.0,28.25,28.0,28.0,18.698707580566406,14300
XLV,1999-09-09,27.96875,28.046875,26.75,27.8125,18.57349395751953,6900
XLV,1999-09-10,27.953125,28.0625,27.796875,27.96875,18.677839279174805,11300
XLV,1999-09-13,27.9375,27.984375,27.765625,27.921875,18.646541595458984,5500
XLV,1999-09-14,27.734375,27.859375,27.640625,27.640625,18.45871353149414,6100
XLV,1999-09-15,27.8125,27.84375,27.3125,27.375,18.28132438659668,7300
XLV,1999-09-16,27.21875,27.390625,27.0625,27.390625,18.291763305664062,7000
XLV,1999-09-17,27.515625,28.171875,27.515625,28.171875,18.813491821289062,9800
XLV,1999-09-20,28.3125,28.3125,27.3125,27.828125,18.583927154541016,7600
XLV,1999-09-21,27.59375,28.421875,27.265625,27.328125,18.25002098083496,9600
XLV,1999-09-22,27.359375,27.4375,27.09375,27.265625,18.208280563354492,4800
XLV,1999-09-23,27.328125,27.484375,26.96875,26.96875,18.010034561157227,4000
XLV,1999-09-24,27.015625,27.015625,26.53125,26.546875,17.728296279907227,5500
XLV,1999-09-27,26.875,26.875,26.703125,26.75,17.863941192626953,5200
XLV,1999-09-28,26.625,26.734375,26.21875,26.5,17.696985244750977,20000
XLV,1999-09-29,26.65625,26.84375,26.578125,26.578125,17.749162673950195,3900
XLV,1999-09-30,26.625,26.90625,26.46875,26.8125,17.90568733215332,9600
XLV,1999-10-01,26.765625,26.859375,26.359375,26.71875,17.84307098388672,9900
XLV,1999-10-04,26.75,27.125,26.75,27.125,18.1143741607666,6400
XLV,1999-10-05,27.0,27.09375,26.765625,26.765625,17.87438201904297,9200
XLV,1999-10-06,26.8125,27.4375,26.8125,27.4375,18.323060989379883,21700
XLV,1999-10-07,27.390625,27.515625,27.15625,27.1875,18.15610694885254,12600
XLV,1999-10-08,27.078125,27.484375,27.078125,27.484375,18.3543701171875,4300
XLV,1999-10-11,27.3125,27.5625,27.3125,27.40625,18.30219841003418,3600
XLV,1999-10-12,27.1875,27.25,26.9375,26.9375,17.989158630371094,4300
XLV,1999-10-13,26.890625,26.9375,26.34375,26.34375,17.5926456451416,12900
XLV,1999-10-14,26.171875,26.40625,26.09375,26.25,17.530038833618164,5200
XLV,1999-10-15,25.8125,26.0,25.625,25.796875,17.227436065673828,7100
XLV,1999-10-18,25.546875,25.75,25.328125,25.671875,17.14395523071289,3900
XLV,1999-10-19,26.046875,26.15625,25.6875,25.6875,17.154394149780273,6300
XLV,1999-10-20,26.15625,26.375,25.953125,26.3125,17.571779251098633,46400
XLV,1999-10-21,26.171875,26.359375,26.09375,26.359375,17.60308837890625,4200
XLV,1999-10-22,26.5,26.71875,26.5,26.6875,17.82219696044922,25900
XLV,1999-10-25,26.625,26.6875,26.4375,26.6875,17.82219696044922,24600
XLV,1999-10-26,26.75,26.8125,26.5,26.5,17.696985244750977,30800
XLV,1999-10-27,26.546875,26.578125,26.21875,26.5,17.696985244750977,33200
XLV,1999-10-28,26.953125,27.65625,26.953125,27.640625,18.45871353149414,8000
XLV,1999-10-29,28.1875,28.5,28.109375,28.171875,18.813491821289062,39400
XLV,1999-11-01,28.296875,28.296875,28.125,28.1875,18.82391929626465,22400
XLV,1999-11-02,28.28125,28.328125,27.796875,27.828125,18.583927154541016,19900
XLV,1999-11-03,28.03125,28.03125,27.734375,27.953125,18.66739845275879,7400
XLV,1999-11-04,28.125,28.375,28.125,28.265625,18.8760929107666,8800
XLV,1999-11-05,28.65625,28.65625,28.140625,28.140625,18.792613983154297,23600
XLV,1999-11-08,28.0,28.25,28.0,28.1875,18.82391929626465,16600
XLV,1999-11-09,28.3125,28.328125,27.9375,28.0,18.698707580566406,10000
XLV,1999-11-10,27.671875,28.1875,27.671875,28.171875,18.813491821289062,21300
XLV,1999-11-11,28.421875,28.59375,28.34375,28.5,19.032615661621094,8000
XLV,1999-11-12,28.890625,29.125,28.53125,29.0625,19.408262252807617,33500
XLV,1999-11-15,29.0,29.34375,29.0,29.1875,19.49173355102539,15700
XLV,1999-11-16,29.25,29.609375,29.25,29.5625,19.742164611816406,17700
XLV,1999-11-17,29.5,29.5,29.25,29.265625,19.543903350830078,3300
XLV,1999-11-18,29.28125,29.65625,29.28125,29.453125,19.66912269592285,8200
XLV,1999-11-19,29.46875,29.46875,29.265625,29.3125,19.575212478637695,8700
XLV,1999-11-22,29.0,29.09375,28.875,29.0,19.366525650024414,15700
XLV,1999-11-23,28.90625,28.90625,28.46875,28.515625,19.043045043945312,7000
XLV,1999-11-24,28.4375,28.921875,28.4375,28.921875,19.314346313476562,21400
XLV,1999-11-26,28.8125,28.8125,28.6875,28.6875,19.1578311920166,9400
XLV,1999-11-29,28.515625,28.71875,28.515625,28.515625,19.043045043945312,31700
XLV,1999-11-30,28.5625,28.8125,28.40625,28.5,19.032615661621094,7500
XLV,1999-12-01,28.46875,28.59375,28.375,28.4375,18.990873336791992,40700
XLV,1999-12-02,28.5,28.6875,28.5,28.6875,19.1578311920166,20800
XLV,1999-12-03,28.9375,29.65625,28.9375,29.25,19.53347396850586,24600
XLV,1999-12-06,29.359375,29.4375,29.25,29.421875,19.648242950439453,40700
XLV,1999-12-07,29.4375,29.5625,29.34375,29.34375,19.596078872680664,11500
XLV,1999-12-08,29.40625,29.734375,29.40625,29.625,19.78389549255371,38900
XLV,1999-12-09,29.828125,30.125,29.828125,30.078125,20.08649444580078,12100
XLV,1999-12-10,30.25,30.25,29.765625,29.890625,19.961288452148438,18800
XLV,1999-12-13,29.6875,29.953125,29.6875,29.6875,19.82563591003418,10700
XLV,1999-12-14,29.53125,29.828125,29.53125,29.75,19.86737632751465,16000
XLV,1999-12-15,29.5625,29.90625,29.453125,29.5,19.700424194335938,8400
XLV,1999-12-16,29.625,29.734375,29.375,29.734375,19.856943130493164,9500
XLV,1999-12-17,29.96875,30.25,29.8125,30.25,20.201271057128906,485300
XLV,1999-12-20,30.15625,30.40625,29.96875,29.96875,20.13058090209961,301300
XLV,1999-12-21,29.8125,30.0625,29.71875,29.78125,20.004640579223633,558700
XLV,1999-12-22,29.859375,30.0,29.78125,29.8125,20.025625228881836,153500
XLV,1999-12-23,30.0,30.53125,30.0,30.4375,20.445459365844727,445400
XLV,1999-12-27,30.75,30.75,30.4375,30.4375,20.445459365844727,500800
XLV,1999-12-28,30.40625,30.671875,30.40625,30.5,20.487443923950195,112800
XLV,1999-12-29,30.3125,30.484375,30.3125,30.484375,20.47693634033203,27900
XLV,1999-12-30,30.40625,30.75,30.40625,30.59375,20.550411224365234,7300
XLV,1999-12-31,30.59375,30.890625,30.59375,30.890625,20.74983024597168,7200
XLV,2000-01-03,31.0,31.0,30.0625,30.296875,20.350996017456055,246700
XLV,2000-01-04,30.1875,30.203125,29.53125,29.609375,19.889190673828125,35300
XLV,2000-01-05,29.78125,29.78125,29.21875,29.34375,19.710758209228516,137600
XLV,2000-01-06,29.3125,29.5625,29.15625,29.4375,19.77372932434082,50000
XLV,2000-01-07,29.46875,29.796875,29.359375,29.796875,20.015132904052734,22100
XLV,2000-01-10,32.25,32.9375,31.625,32.84375,22.06178092956543,31800
XLV,2000-01-11,32.53125,32.53125,31.953125,31.96875,21.47403335571289,17900
XLV,2000-01-12,32.21875,32.21875,31.3125,31.4375,21.117176055908203,12400
XLV,2000-01-13,31.71875,32.4375,31.59375,32.375,21.746904373168945,600000
XLV,2000-01-14,32.59375,32.59375,31.90625,32.09375,21.557994842529297,23600
XLV,2000-01-18,31.875,31.875,31.46875,31.5,21.159149169921875,417300
XLV,2000-01-19,31.59375,32.25,31.5,32.25,21.662946701049805,10400
XLV,2000-01-20,32.40625,32.5,31.875,32.0,21.495014190673828,64200
XLV,2000-01-21,31.875,32.046875,31.6875,31.9375,21.453025817871094,37300
XLV,2000-01-24,32.03125,32.1875,30.984375,30.984375,20.81279945373535,72100
XLV,2000-01-25,31.25,31.4375,31.0,31.203125,20.959739685058594,24400
XLV,2000-01-26,31.1875,31.296875,31.0,31.0625,20.86528205871582,10500
XLV,2000-01-27,31.203125,31.390625,30.875,30.875,20.73933219909668,10700
XLV,2000-01-28,30.9375,31.03125,30.25,30.25,20.31950569152832,18100
XLV,2000-01-31,30.375,30.375,29.859375,30.109375,20.22504997253418,27500
XLV,2000-02-01,30.21875,30.53125,30.15625,30.5,20.487443923950195,161600
XLV,2000-02-02,30.71875,31.25,30.71875,31.25,20.991233825683594,7700
XLV,2000-02-03,31.203125,31.609375,31.015625,31.53125,21.180145263671875,31500
XLV,2000-02-04,31.734375,31.8125,31.4375,31.640625,21.25360870361328,11300
XLV,2000-02-07,31.625,31.625,30.984375,31.125,20.907257080078125,36400
XLV,2000-02-08,31.1875,31.53125,31.1875,31.46875,21.13815689086914,265000
XLV,2000-02-09,31.4375,31.4375,30.765625,30.90625,20.76032066345215,19000
XLV,2000-02-10,30.875,31.0625,30.625,30.640625,20.581897735595703,5000
XLV,2000-02-11,30.640625,30.875,30.578125,30.65625,20.592382431030273,9200
XLV,2000-02-14,30.3125,30.46875,29.90625,30.09375,20.214540481567383,14900
XLV,2000-02-15,30.03125,30.03125,29.625,29.859375,20.057113647460938,23100
XLV,2000-02-16,29.625,29.75,29.0,29.015625,19.490352630615234,35000
XLV,2000-02-17,29.15625,29.296875,28.875,29.0,19.479854583740234,15300
XLV,2000-02-18,28.9375,28.984375,28.203125,28.203125,18.944578170776367,109900
XLV,2000-02-22,28.453125,28.453125,27.84375,28.0,18.808137893676758,35300
XLV,2000-02-23,27.9375,28.625,27.9375,28.4375,19.102008819580078,17500
XLV,2000-02-24,28.46875,28.59375,27.75,28.21875,18.955068588256836,172800
XLV,2000-02-25,28.15625,28.1875,27.0,27.34375,18.367326736450195,21200
XLV,2000-02-28,27.46875,27.828125,27.28125,27.828125,18.69268798828125,103600
XLV,2000-02-29,27.9375,28.359375,27.828125,28.140625,18.90260124206543,15500
XLV,2000-03-01,28.265625,28.53125,28.03125,28.375,19.060029983520508,26700
XLV,2000-03-02,28.34375,28.4375,28.15625,28.25,18.976070404052734,47600
XLV,2000-03-03,28.46875,28.703125,28.34375,28.640625,19.23845100402832,372700
XLV,2000-03-06,28.453125,28.609375,28.078125,28.078125,18.86062240600586,316300
XLV,2000-03-07,28.09375,28.25,27.5,27.5625,18.51426124572754,635200
XLV,2000-03-08,27.3125,27.6875,27.3125,27.421875,18.419801712036133,184000
XLV,2000-03-09,27.46875,28.15625,27.375,28.0625,18.850112915039062,15400
XLV,2000-03-10,28.0,28.203125,27.8125,27.828125,18.69268798828125,165300
XLV,2000-03-13,27.21875,27.84375,27.21875,27.625,18.55624771118164,64200
XLV,2000-03-14,27.8125,28.09375,27.703125,27.703125,18.608728408813477,36200
XLV,2000-03-15,27.84375,28.0625,27.5625,27.84375,18.70318031311035,42200
XLV,2000-03-16,28.125,29.28125,28.125,29.28125,19.668777465820312,168500
XLV,2000-03-17,29.15625,29.59375,29.0625,29.3125,19.68977165222168,62000
XLV,2000-03-20,29.8125,30.0,29.703125,29.875,20.06760025024414,8200
XLV,2000-03-21,30.0,30.125,29.71875,30.0625,20.193567276000977,18100
XLV,2000-03-22,30.3125,31.046875,30.3125,30.828125,20.70784568786621,29900
XLV,2000-03-23,30.625,31.15625,30.625,30.953125,20.791820526123047,24900
XLV,2000-03-24,31.0,31.359375,31.0,31.21875,20.970233917236328,9200
XLV,2000-03-27,31.046875,31.359375,31.0,31.0,20.82329559326172,14400
XLV,2000-03-28,31.0,31.171875,30.875,31.03125,20.844287872314453,13700
XLV,2000-03-29,30.78125,30.828125,30.40625,30.5625,20.5294132232666,6800
XLV,2000-03-30,30.5,30.625,29.984375,30.125,20.235536575317383,14000
XLV,2000-03-31,30.34375,30.671875,30.0625,30.671875,20.60287857055664,14400
XLV,2000-04-03,30.921875,30.921875,30.65625,30.65625,20.592382431030273,11200
XLV,2000-04-04,30.828125,31.125,29.4375,30.3125,20.36147689819336,7600
XLV,2000-04-05,30.0,30.34375,29.921875,30.109375,20.22504997253418,7100
XLV,2000-04-06,30.28125,30.84375,30.28125,30.6875,20.613388061523438,29000
XLV,2000-04-07,30.8125,30.90625,30.546875,30.765625,20.665863037109375,6000
XLV,2000-04-10,30.8125,30.859375,30.5625,30.5625,20.5294132232666,16000
XLV,2000-04-11,30.5,30.828125,30.484375,30.828125,20.70784568786621,10100
XLV,2000-04-12,30.875,30.9375,30.265625,30.265625,20.330001831054688,13100
XLV,2000-04-13,30.015625,30.0625,29.375,29.5,19.815717697143555,17500
XLV,2000-04-14,28.46875,28.59375,27.71875,27.71875,18.61922264099121,9800
XLV,2000-04-17,27.78125,28.0625,27.140625,27.953125,18.77664566040039,16900
XLV,2000-04-18,27.890625,28.71875,27.890625,28.71875,19.290935516357422,50900
XLV,2000-04-19,29.1875,29.5,29.09375,29.46875,19.794719696044922,7200
XLV,2000-04-20,29.46875,29.59375,29.25,29.59375,19.878690719604492,4000
XLV,2000-04-24,29.0,29.3125,28.875,29.171875,19.59531021118164,18000
XLV,2000-04-25,29.3125,29.90625,29.3125,29.90625,20.088600158691406,3600
XLV,2000-04-26,30.0,30.46875,30.0,30.21875,20.298511505126953,15500
XLV,2000-04-27,29.625,30.1875,29.625,30.03125,20.172565460205078,5200
XLV,2000-04-28,30.578125,30.578125,30.1875,30.3125,20.36147689819336,4900
XLV,2000-05-01,30.40625,30.5625,30.28125,30.40625,20.424468994140625,3500
XLV,2000-05-02,29.9375,29.9375,29.640625,29.796875,20.015132904052734,3800
XLV,2000-05-03,29.3125,29.40625,28.6875,28.96875,19.458858489990234,10600
XLV,2000-05-04,28.875,29.0625,28.765625,28.875,19.395891189575195,18600
XLV,2000-05-05,28.78125,29.03125,28.78125,28.84375,19.37489128112793,4700
XLV,2000-05-08,28.671875,28.90625,28.578125,28.90625,19.41688346862793,5800
XLV,2000-05-09,28.9375,28.9375,28.65625,28.703125,19.28043556213379,6200
XLV,2000-05-10,28.9375,29.09375,28.46875,28.65625,19.248950958251953,9100
XLV,2000-05-11,28.65625,28.75,28.5625,28.625,19.22795295715332,3800
XLV,2000-05-12,28.875,29.21875,28.84375,29.125,19.563825607299805,5100
XLV,2000-05-15,29.0,29.625,29.0,29.609375,19.889190673828125,8000
XLV,2000-05-16,29.84375,30.15625,29.84375,30.0,20.151575088500977,11200
XLV,2000-05-17,29.65625,29.90625,29.59375,29.65625,19.92066764831543,6600
XLV,2000-05-18,29.8125,29.8125,29.5625,29.625,19.899675369262695,2200
XLV,2000-05-19,29.15625,29.15625,28.8125,28.84375,19.37489128112793,5500
XLV,2000-05-22,28.8125,28.8125,28.375,28.515625,19.154489517211914,47300
XLV,2000-05-23,28.5625,28.65625,28.28125,28.28125,18.997058868408203,6600
XLV,2000-05-24,28.8125,28.8125,28.078125,28.46875,19.123010635375977,7800
XLV,2000-05-25,28.5,28.6875,28.25,28.25,18.976070404052734,112100
XLV,2000-05-26,28.5,28.5,27.96875,28.03125,18.82913589477539,139600
XLV,2000-05-30,28.28125,29.25,28.28125,29.1875,19.60579490661621,52200
XLV,2000-05-31,29.25,29.5,29.125,29.5,19.815717697143555,41100
XLV,2000-06-01,29.5625,29.65625,29.25,29.3125,19.68977165222168,19300
XLV,2000-06-02,29.84375,30.25,29.8125,30.03125,20.172565460205078,26900
XLV,2000-06-05,30.15625,30.203125,29.875,29.9375,20.109588623046875,8100
XLV,2000-06-06,29.875,29.96875,29.59375,29.6875,19.94165802001953,22800
XLV,2000-06-07,29.59375,29.8125,29.40625,29.609375,19.889190673828125,9400
XLV,2000-06-08,29.75,29.75,29.375,29.375,19.73175811767578,9500
XLV,2000-06-09,29.59375,29.96875,29.59375,29.8125,20.025625228881836,14300
XLV,2000-06-12,29.75,29.75,29.375,29.53125,19.836713790893555,17200
XLV,2000-06-13,29.28125,29.40625,29.125,29.125,19.563825607299805,4100
XLV,2000-06-14,29.6875,29.84375,29.46875,29.625,19.899675369262695,10100
XLV,2000-06-15,30.0,30.46875,30.0,30.46875,20.46644401550293,57000
XLV,2000-06-16,30.3125,30.5,30.0625,30.125,20.235536575317383,1318500
XLV,2000-06-19,30.3125,30.40625,30.15625,30.3125,20.36147689819336,21100
XLV,2000-06-20,30.0625,30.375,29.9375,30.265625,20.330001831054688,5300
XLV,2000-06-21,30.03125,30.25,30.0,30.125,20.235536575317383,134600
XLV,2000-06-22,30.0,30.21875,30.0,30.0625,20.193567276000977,25200
XLV,2000-06-23,30.0625,30.0625,29.3125,29.5,19.815717697143555,2900
XLV,2000-06-26,29.5,29.5,29.125,29.21875,19.62679100036621,6600
XLV,2000-06-27,29.15625,29.375,29.0625,29.15625,19.584814071655273,59200
XLV,2000-06-28,29.34375,29.484375,29.03125,29.03125,19.5008487701416,42100
XLV,2000-06-29,29.0,29.46875,28.90625,29.46875,19.794719696044922,31900
XLV,2000-06-30,29.375,29.5625,29.328125,29.5625,19.857702255249023,16600
XLV,2000-07-03,29.25,29.5,29.25,29.5,19.815717697143555,2400
XLV,2000-07-05,29.5625,29.78125,29.40625,29.6875,19.94165802001953,83100
XLV,2000-07-06,29.71875,29.84375,29.40625,29.625,19.899675369262695,12400
XLV,2000-07-07,29.5,29.90625,29.5,29.875,20.06760025024414,14400
XLV,2000-07-10,29.84375,29.84375,29.40625,29.625,19.899675369262695,23200
XLV,2000-07-11,29.28125,29.5,29.21875,29.296875,19.67928123474121,6400
XLV,2000-07-12,29.734375,30.0,29.5625,29.84375,20.046621322631836,98400
XLV,2000-07-13,29.65625,30.0625,29.65625,29.9375,20.109588623046875,5600
XLV,2000-07-14,30.15625,30.40625,29.96875,30.40625,20.424468994140625,4000
XLV,2000-07-17,30.4375,30.4375,30.0,30.03125,20.172565460205078,26200
XLV,2000-07-18,29.78125,29.90625,29.546875,29.5625,19.857702255249023,56600
XLV,2000-07-19,29.6875,29.96875,29.625,29.75,19.983646392822266,7600
XLV,2000-07-20,29.90625,30.28125,29.90625,30.21875,20.298511505126953,2000
XLV,2000-07-21,30.09375,30.09375,29.4375,29.46875,19.794719696044922,6500
XLV,2000-07-24,29.5,29.5,29.15625,29.1875,19.60579490661621,61200
XLV,2000-07-25,29.4375,29.4375,29.09375,29.203125,19.61629295349121,42500
XLV,2000-07-26,29.25,29.28125,28.96875,28.96875,19.458858489990234,26900
XLV,2000-07-27,29.125,29.34375,29.078125,29.15625,19.584814071655273,2000
XLV,2000-07-28,29.21875,29.21875,28.625,28.84375,19.37489128112793,7800
XLV,2000-07-31,29.0,29.125,28.9375,29.125,19.563825607299805,33800
XLV,2000-08-01,29.03125,29.59375,29.03125,29.375,19.73175811767578,6200
XLV,2000-08-02,29.3125,29.625,29.3125,29.5,19.815717697143555,9500
XLV,2000-08-03,29.4375,29.65625,29.28125,29.65625,19.92066764831543,18400
XLV,2000-08-04,30.15625,30.5,30.03125,30.265625,20.330001831054688,57300
XLV,2000-08-07,30.28125,30.34375,30.03125,30.03125,20.172565460205078,3500
XLV,2000-08-08,30.28125,30.3125,30.03125,30.125,20.235536575317383,4000
XLV,2000-08-09,29.96875,30.0625,29.84375,29.84375,20.046621322631836,7900
XLV,2000-08-10,29.78125,29.90625,29.65625,29.90625,20.088600158691406,28700
XLV,2000-08-11,29.875,30.34375,29.875,30.09375,20.214540481567383,10400
XLV,2000-08-14,30.34375,30.4375,30.15625,30.4375,20.445459365844727,3400
XLV,2000-08-15,30.28125,30.65625,30.0625,30.28125,20.340496063232422,32800
XLV,2000-08-16,30.40625,30.40625,29.78125,29.84375,20.046621322631836,3700
XLV,2000-08-17,29.90625,30.21875,29.90625,30.125,20.235536575317383,60400
XLV,2000-08-18,30.03125,30.125,29.953125,30.125,20.235536575317383,2100
XLV,2000-08-21,30.125,30.3125,30.125,30.21875,20.298511505126953,3800
XLV,2000-08-22,29.96875,29.96875,29.8125,29.84375,20.046621322631836,3800
XLV,2000-08-23,29.78125,30.046875,29.71875,29.875,20.06760025024414,41100
XLV,2000-08-24,30.0,30.0,29.75,29.796875,20.015132904052734,2100
XLV,2000-08-25,30.0,30.296875,30.0,30.296875,20.350996017456055,5300
XLV,2000-08-28,30.21875,30.21875,29.953125,30.0,20.151575088500977,13100
XLV,2000-08-29,30.140625,30.34375,30.046875,30.140625,20.24603843688965,23800
XLV,2000-08-30,30.140625,30.453125,30.140625,30.34375,20.38248062133789,9500
XLV,2000-08-31,30.25,30.4375,30.125,30.15625,20.25653839111328,3700
XLV,2000-09-01,30.03125,30.28125,30.03125,30.125,20.235536575317383,68400
XLV,2000-09-05,30.0,30.0,29.265625,29.53125,19.836713790893555,436100
XLV,2000-09-06,29.53125,29.78125,29.40625,29.40625,19.75273895263672,36400
XLV,2000-09-07,29.59375,29.59375,29.125,29.171875,19.59531021118164,37500
XLV,2000-09-08,29.3125,29.46875,29.1875,29.1875,19.60579490661621,956100
XLV,2000-09-11,29.15625,29.5,29.0625,29.296875,19.67928123474121,536300
XLV,2000-09-12,29.40625,29.53125,29.125,29.28125,19.668777465820312,561400
XLV,2000-09-13,29.3125,29.59375,29.140625,29.59375,19.878690719604492,14300
XLV,2000-09-14,29.671875,29.671875,29.28125,29.28125,19.668777465820312,43100
XLV,2000-09-15,29.515625,29.515625,29.15625,29.15625,19.584814071655273,21900
XLV,2000-09-18,29.375,29.5,28.96875,29.109375,19.553321838378906,50300
XLV,2000-09-19,28.96875,29.03125,28.765625,28.921875,19.427379608154297,13000
XLV,2000-09-20,28.671875,28.671875,28.125,28.359375,19.049541473388672,14700
XLV,2000-09-21,28.40625,28.625,28.140625,28.625,19.22795295715332,12100
XLV,2000-09-22,28.34375,28.375,28.0,28.375,19.060029983520508,4800
XLV,2000-09-25,28.65625,28.9375,28.65625,28.796875,19.34341812133789,7100
XLV,2000-09-26,28.96875,28.96875,28.6875,28.796875,19.34341812133789,5400
XLV,2000-09-27,28.625,28.6875,28.3125,28.3125,19.01803970336914,7200
XLV,2000-09-28,28.5625,29.140625,28.5,29.140625,19.574317932128906,56300
XLV,2000-09-29,29.03125,29.0625,28.875,29.0625,19.521835327148438,2600
XLV,2000-10-02,29.25,29.4375,29.21875,29.4375,19.77372932434082,4000
XLV,2000-10-03,29.625,29.8125,29.4375,29.546875,19.847200393676758,15900
XLV,2000-10-04,29.625,29.78125,29.40625,29.78125,20.004640579223633,1700
XLV,2000-10-05,29.9375,30.46875,29.875,30.046875,20.18305778503418,19900
XLV,2000-10-06,30.125,30.125,29.34375,29.34375,19.710758209228516,3700
XLV,2000-10-09,29.28125,29.28125,29.078125,29.15625,19.584814071655273,9400
XLV,2000-10-10,29.15625,29.578125,29.15625,29.1875,19.60579490661621,2000
XLV,2000-10-11,28.90625,29.046875,28.4375,28.453125,19.112512588500977,29100
XLV,2000-10-12,28.59375,28.59375,27.375,27.5,18.472270965576172,7900
XLV,2000-10-13,27.25,28.328125,27.09375,28.015625,18.818635940551758,5700
XLV,2000-10-16,27.84375,27.9375,27.65625,27.75,18.640207290649414,6400
XLV,2000-10-17,27.65625,27.84375,26.125,26.375,17.71660804748535,13500
XLV,2000-10-18,25.375,27.0,25.1875,26.8125,18.010482788085938,8700
XLV,2000-10-19,27.0625,27.1875,26.84375,27.125,18.22038459777832,8100
XLV,2000-10-20,27.390625,28.28125,27.390625,27.6875,18.598228454589844,11400
XLV,2000-10-23,27.9375,28.1875,27.84375,28.09375,18.871110916137695,4000
XLV,2000-10-24,28.3125,28.8125,28.0625,28.15625,18.9130859375,103300
XLV,2000-10-25,28.25,28.265625,27.65625,27.65625,18.577234268188477,5800
XLV,2000-10-26,28.0625,28.1875,27.640625,28.046875,18.83963394165039,4800
XLV,2000-10-27,27.9375,28.296875,27.9375,28.296875,19.007549285888672,3000
XLV,2000-10-30,28.5625,28.84375,28.25,28.84375,19.37489128112793,3700
XLV,2000-10-31,29.03125,29.5,28.6875,29.5,19.815717697143555,22700
XLV,2000-11-01,29.546875,29.703125,29.34375,29.703125,19.95216941833496,5900
XLV,2000-11-02,29.625,29.96875,29.625,29.96875,20.13058090209961,16200
XLV,2000-11-03,30.0,30.078125,29.84375,29.859375,20.057113647460938,5400
XLV,2000-11-06,29.8125,30.1875,29.8125,30.0625,20.193567276000977,9100
XLV,2000-11-07,29.96875,30.1875,29.84375,30.1875,20.277517318725586,29100
XLV,2000-11-08,30.25,30.375,29.9375,29.9375,20.109588623046875,14800
XLV,2000-11-09,29.15625,29.15625,28.15625,28.5625,19.18597984313965,14700
XLV,2000-11-10,28.375,28.671875,28.375,28.453125,19.112512588500977,11200
XLV,2000-11-13,27.875,28.0,27.53125,27.84375,18.70318031311035,21200
XLV,2000-11-14,28.1875,28.5625,28.15625,28.515625,19.154489517211914,8600
XLV,2000-11-15,28.625,28.75,28.359375,28.65625,19.248950958251953,4000
XLV,2000-11-16,28.65625,28.671875,28.3125,28.3125,19.01803970336914,3700
XLV,2000-11-17,28.25,28.640625,27.96875,28.125,18.892108917236328,11500
XLV,2000-11-20,27.96875,28.09375,27.71875,27.96875,18.78714370727539,3500
XLV,2000-11-21,27.0625,27.3125,27.0,27.3125,18.346332550048828,8200
XLV,2000-11-22,27.125,27.140625,26.9375,27.046875,18.167911529541016,3500
XLV,2000-11-24,26.71875,27.1875,26.71875,27.171875,18.251869201660156,9400
XLV,2000-11-27,27.59375,27.59375,27.3125,27.34375,18.367326736450195,5000
XLV,2000-11-28,27.375,27.59375,27.0,27.0,18.13641929626465,19800
XLV,2000-11-29,27.0625,27.21875,26.84375,27.0625,18.178403854370117,120200
XLV,2000-11-30,26.75,27.0,26.375,26.8125,18.010482788085938,6100
XLV,2000-12-01,26.875,27.34375,26.875,27.0,18.13641929626465,7400
XLV,2000-12-04,26.9375,27.125,26.90625,27.015625,18.146909713745117,25500
XLV,2000-12-05,27.09375,27.84375,27.09375,27.71875,18.61922264099121,14600
XLV,2000-12-06,28.125,28.21875,27.90625,28.015625,18.818635940551758,10700
XLV,2000-12-07,27.8125,27.8125,27.5,27.546875,18.50376319885254,5000
XLV,2000-12-08,28.125,28.375,27.9375,28.140625,18.90260124206543,45300
XLV,2000-12-11,28.09375,28.5,27.90625,28.4375,19.102008819580078,6600
XLV,2000-12-12,28.125,28.5625,28.125,28.5,19.143991470336914,7600
XLV,2000-12-13,28.65625,28.8125,28.53125,28.65625,19.248950958251953,7200
XLV,2000-12-14,28.40625,28.59375,28.1875,28.40625,19.081018447875977,9300
XLV,2000-12-15,27.71875,28.015625,27.46875,27.6875,18.598228454589844,10300
XLV,2000-12-18,27.921875,28.0,27.3125,27.53125,18.496597290039062,12800
XLV,2000-12-19,27.6875,28.09375,27.5625,27.5625,18.51760482788086,29600
XLV,2000-12-20,26.625,26.90625,26.15625,26.3125,17.677804946899414,94400
XLV,2000-12-21,26.21875,26.53125,25.96875,26.5,17.803768157958984,25800
XLV,2000-12-22,26.71875,27.03125,26.625,26.953125,18.10820198059082,10200
XLV,2000-12-26,27.15625,27.28125,26.71875,27.0,18.139694213867188,16500
XLV,2000-12-27,26.75,27.09375,26.75,27.09375,18.202678680419922,14400
XLV,2000-12-28,26.875,27.5625,26.875,27.5625,18.51760482788086,10400
XLV,2000-12-29,27.40625,27.65625,27.25,27.25,18.30765151977539,34100
XLV,2001-01-02,27.0,27.28125,26.140625,26.140625,17.562326431274414,9400
XLV,2001-01-03,26.53125,28.625,26.53125,28.203125,18.947998046875,177400
XLV,2001-01-04,28.4375,29.125,28.3125,29.03125,19.50437355041504,44300
XLV,2001-01-05,28.40625,28.53125,28.125,28.25,18.979496002197266,43300
XLV,2001-01-08,28.1875,28.1875,27.390625,27.84375,18.706558227539062,9500
XLV,2001-01-09,28.0,28.25,27.890625,28.1875,18.937498092651367,12600
XLV,2001-01-10,28.09375,28.59375,28.09375,28.40625,19.0844669342041,8300
XLV,2001-01-11,29.125,29.34375,28.84375,29.046875,19.514863967895508,36500
XLV,2001-01-12,29.296875,29.53125,29.0625,29.4375,19.777301788330078,39900
XLV,2001-01-16,29.3125,29.75,29.125,29.75,19.987255096435547,50600
XLV,2001-01-17,30.09375,30.25,29.75,29.96875,20.134218215942383,47900
XLV,2001-01-18,29.75,29.90625,29.625,29.875,20.071226119995117,10100
XLV,2001-01-19,29.6875,29.6875,29.140625,29.140625,19.577856063842773,19200
XLV,2001-01-22,28.78125,29.125,28.78125,28.9375,19.441389083862305,11000
XLV,2001-01-23,29.125,29.609375,29.0,29.609375,19.892784118652344,13000
XLV,2001-01-24,29.390625,29.6875,29.1875,29.328125,19.70382308959961,24700
XLV,2001-01-25,29.25,29.40625,29.015625,29.28125,19.67232894897461,7700
XLV,2001-01-26,29.03125,29.03125,28.53125,28.984375,19.472881317138672,221300
XLV,2001-01-29,29.110000610351562,29.489999771118164,28.90999984741211,29.459999084472656,19.79242515563965,34900
XLV,2001-01-30,29.399999618530273,29.68000030517578,29.040000915527344,29.399999618530273,19.752105712890625,229800
XLV,2001-01-31,29.299999237060547,29.520000457763672,29.219999313354492,29.219999313354492,19.631179809570312,20200
XLV,2001-02-01,29.5,29.639999389648438,29.299999237060547,29.610000610351562,19.89320182800293,22400
XLV,2001-02-02,29.649999618530273,29.649999618530273,29.059999465942383,29.260000228881836,19.658050537109375,123200
XLV,2001-02-05,29.229999542236328,29.459999084472656,29.18000030517578,29.239999771118164,19.644615173339844,15100
XLV,2001-02-06,29.479999542236328,29.56999969482422,29.270000457763672,29.270000457763672,19.66477394104004,21100
XLV,2001-02-07,29.479999542236328,29.850000381469727,29.459999084472656,29.549999237060547,19.85288429260254,19100
XLV,2001-02-08,29.75,29.850000381469727,29.530000686645508,29.729999542236328,19.97382164001465,510300
XLV,2001-02-09,29.459999084472656,29.459999084472656,29.079999923706055,29.25,19.651330947875977,10600
XLV,2001-02-12,29.200000762939453,29.639999389648438,29.200000762939453,29.489999771118164,19.812580108642578,14600
XLV,2001-02-13,29.600000381469727,29.850000381469727,29.520000457763672,29.520000457763672,19.832735061645508,17600
XLV,2001-02-14,29.5,29.5,28.889999389648438,29.200000762939453,19.617753982543945,5600
XLV,2001-02-15,29.420000076293945,29.459999084472656,29.25,29.31999969482422,19.6983699798584,17100
XLV,2001-02-16,29.420000076293945,29.420000076293945,29.1299991607666,29.190000534057617,19.61102867126465,8500
XLV,2001-02-20,29.420000076293945,29.469999313354492,29.100000381469727,29.15999984741211,19.590871810913086,13700
XLV,2001-02-21,29.299999237060547,29.3799991607666,29.0,29.010000228881836,19.49009132385254,12700
XLV,2001-02-22,28.979999542236328,29.010000228881836,28.459999084472656,28.459999084472656,19.120588302612305,36900
XLV,2001-02-23,28.399999618530273,28.399999618530273,27.790000915527344,28.3799991607666,19.06682586669922,62400
XLV,2001-02-26,28.5,28.75,28.34000015258789,28.530000686645508,19.167606353759766,8000
XLV,2001-02-27,28.700000762939453,29.1299991607666,28.5,29.040000915527344,19.51024627685547,9200
XLV,2001-02-28,29.0,29.0,28.639999389648438,28.65999984741211,19.254953384399414,8000
XLV,2001-03-01,28.530000686645508,28.65999984741211,28.479999542236328,28.559999465942383,19.187761306762695,16900
XLV,2001-03-02,28.350000381469727,28.770000457763672,28.260000228881836,28.610000610351562,19.221359252929688,5600
XLV,2001-03-05,28.75,28.75,28.450000762939453,28.450000762939453,19.113862991333008,4600
XLV,2001-03-06,28.540000915527344,28.739999771118164,28.489999771118164,28.549999237060547,19.181039810180664,5200
XLV,2001-03-07,28.799999237060547,28.799999237060547,28.540000915527344,28.68000030517578,19.268386840820312,5000
XLV,2001-03-08,28.549999237060547,28.84000015258789,28.549999237060547,28.84000015258789,19.375883102416992,18200
XLV,2001-03-09,28.610000610351562,28.6299991607666,28.280000686645508,28.59000015258789,19.20792007446289,27300
XLV,2001-03-12,27.84000015258789,27.860000610351562,27.059999465942383,27.15999984741211,18.247177124023438,23300
XLV,2001-03-13,27.18000030517578,27.209999084472656,26.65999984741211,27.170000076293945,18.253908157348633,56800
XLV,2001-03-14,26.399999618530273,27.020000457763672,26.299999237060547,26.649999618530273,17.90455436706543,51000
XLV,2001-03-15,26.899999618530273,27.440000534057617,26.760000228881836,27.440000534057617,18.435300827026367,14400
XLV,2001-03-16,27.450000762939453,27.450000762939453,26.920000076293945,27.06999969482422,18.19004249572754,10200
XLV,2001-03-19,26.899999618530273,27.079999923706055,26.829999923706055,27.06999969482422,18.19004249572754,15100
XLV,2001-03-20,27.18000030517578,27.399999618530273,26.5,26.5,17.807016372680664,10200
XLV,2001-03-21,26.399999618530273,26.399999618530273,25.690000534057617,25.799999237060547,17.336647033691406,44700
XLV,2001-03-22,25.6299991607666,25.700000762939453,24.549999237060547,25.229999542236328,16.95362091064453,45600
XLV,2001-03-23,25.459999084472656,25.799999237060547,25.209999084472656,25.799999237060547,17.336647033691406,18600
XLV,2001-03-26,26.0,26.43000030517578,26.0,26.25,17.6390323638916,8700
XLV,2001-03-27,26.59000015258789,27.030000686645508,26.59000015258789,27.030000686645508,18.163164138793945,7800
XLV,2001-03-28,26.299999237060547,26.649999618530273,26.299999237060547,26.469999313354492,17.786855697631836,2400
XLV,2001-03-29,26.469999313354492,27.020000457763672,26.469999313354492,26.799999237060547,18.008617401123047,13500
XLV,2001-03-30,26.84000015258789,27.0,26.700000762939453,26.81999969482422,18.022045135498047,14700
XLV,2001-04-02,26.950000762939453,27.25,26.489999771118164,26.489999771118164,17.80029296875,3000
XLV,2001-04-03,26.25,26.25,25.700000762939453,25.899999618530273,17.40384292602539,29400
XLV,2001-04-04,25.950000762939453,26.059999465942383,25.739999771118164,26.059999465942383,17.5113525390625,7500
XLV,2001-04-05,26.299999237060547,26.829999923706055,26.299999237060547,26.709999084472656,17.94812774658203,5000
XLV,2001-04-06,26.549999237060547,26.84000015258789,26.440000534057617,26.59000015258789,17.867494583129883,12900
XLV,2001-04-09,26.799999237060547,27.0,26.739999771118164,26.920000076293945,18.089237213134766,4700
XLV,2001-04-10,27.079999923706055,27.540000915527344,27.030000686645508,27.450000762939453,18.445383071899414,12700
XLV,2001-04-11,27.479999542236328,27.479999542236328,26.90999984741211,27.1200008392334,18.2236385345459,8400
XLV,2001-04-12,27.049999237060547,27.270000457763672,26.8700008392334,27.100000381469727,18.21019744873047,8100
XLV,2001-04-16,27.3799991607666,27.510000228881836,27.200000762939453,27.290000915527344,18.337867736816406,4300
XLV,2001-04-17,27.530000686645508,27.760000228881836,27.34000015258789,27.760000228881836,18.65369415283203,4400
XLV,2001-04-18,27.860000610351562,29.100000381469727,27.860000610351562,28.8700008392334,19.39957046508789,12900
XLV,2001-04-19,28.81999969482422,29.010000228881836,28.6200008392334,28.899999618530273,19.41973114013672,7300
XLV,2001-04-20,28.969999313354492,28.979999542236328,28.639999389648438,28.979999542236328,19.47348976135254,14700
XLV,2001-04-23,28.8799991607666,28.8799991607666,28.309999465942383,28.309999465942383,19.023273468017578,13000
XLV,2001-04-24,28.31999969482422,28.6299991607666,28.270000457763672,28.389999389648438,19.077030181884766,8007800
XLV,2001-04-25,28.139999389648438,28.719999313354492,28.139999389648438,28.719999313354492,19.298778533935547,14700
XLV,2001-04-26,28.760000228881836,29.18000030517578,28.600000381469727,29.079999923706055,19.54068374633789,33300
XLV,2001-04-27,28.81999969482422,28.8700008392334,28.520000457763672,28.799999237060547,19.3525390625,10600
XLV,2001-04-30,28.979999542236328,29.260000228881836,28.700000762939453,28.799999237060547,19.3525390625,20000
XLV,2001-05-01,28.889999389648438,29.31999969482422,28.75,29.25,19.654916763305664,18600
XLV,2001-05-02,29.110000610351562,29.34000015258789,28.969999313354492,29.34000015258789,19.715391159057617,19000
XLV,2001-05-03,28.959999084472656,28.959999084472656,28.600000381469727,28.770000457763672,19.33237648010254,14000
XLV,2001-05-04,28.540000915527344,28.940000534057617,28.440000534057617,28.860000610351562,19.39286231994629,11300
XLV,2001-05-07,28.799999237060547,29.049999237060547,28.739999771118164,28.93000030517578,19.43988800048828,15900
XLV,2001-05-08,28.860000610351562,28.860000610351562,28.420000076293945,28.450000762939453,19.117347717285156,7800
XLV,2001-05-09,28.389999389648438,28.690000534057617,28.329999923706055,28.6299991607666,19.238306045532227,8200
XLV,2001-05-10,28.809999465942383,28.989999771118164,28.760000228881836,28.81999969482422,19.36597442626953,8300
XLV,2001-05-11,29.0,29.040000915527344,28.780000686645508,28.959999084472656,19.460054397583008,14100
XLV,2001-05-14,29.059999465942383,29.059999465942383,28.739999771118164,28.829999923706055,19.372695922851562,22600
XLV,2001-05-15,28.75,29.1200008392334,28.700000762939453,28.959999084472656,19.460054397583008,69600
XLV,2001-05-16,28.959999084472656,29.829999923706055,28.920000076293945,29.760000228881836,19.99761962890625,17300
XLV,2001-05-17,29.850000381469727,30.209999084472656,29.850000381469727,30.020000457763672,20.172321319580078,19600
XLV,2001-05-18,30.079999923706055,30.100000381469727,29.729999542236328,30.100000381469727,20.226091384887695,9400
XLV,2001-05-21,30.15999984741211,30.68000030517578,30.06999969482422,30.559999465942383,20.535186767578125,68500
XLV,2001-05-22,30.5,30.809999465942383,30.5,30.600000381469727,20.56207275390625,8900
XLV,2001-05-23,30.5,30.5,30.059999465942383,30.09000015258789,20.219375610351562,8800
XLV,2001-05-24,30.200000762939453,30.459999084472656,30.139999389648438,30.459999084472656,20.46799087524414,10600
XLV,2001-05-25,30.309999465942383,30.309999465942383,30.079999923706055,30.239999771118164,20.32015609741211,17000
XLV,2001-05-29,30.0,30.15999984741211,29.899999618530273,30.010000228881836,20.165605545043945,5300
XLV,2001-05-30,30.049999237060547,30.100000381469727,29.649999618530273,29.90999984741211,20.098405838012695,18100
XLV,2001-05-31,29.719999313354492,29.899999618530273,29.579999923706055,29.899999618530273,20.09169578552246,5000
XLV,2001-06-01,29.799999237060547,29.850000381469727,29.5,29.809999465942383,20.031217575073242,15600
XLV,2001-06-04,29.860000610351562,29.940000534057617,29.6299991607666,29.850000381469727,20.058095932006836,6800
XLV,2001-06-05,29.920000076293945,30.1299991607666,29.850000381469727,30.1299991607666,20.24624252319336,93200
XLV,2001-06-06,30.18000030517578,30.18000030517578,29.829999923706055,29.889999389648438,20.084978103637695,9800
XLV,2001-06-07,29.90999984741211,30.079999923706055,29.799999237060547,30.059999465942383,20.1992130279541,4300
XLV,2001-06-08,30.049999237060547,30.049999237060547,29.65999984741211,29.899999618530273,20.09169578552246,7500
XLV,2001-06-11,29.850000381469727,29.899999618530273,29.56999969482422,29.75,19.99090003967285,12500
XLV,2001-06-12,29.450000762939453,29.850000381469727,29.260000228881836,29.68000030517578,19.943870544433594,7700
XLV,2001-06-13,29.68000030517578,29.8799991607666,29.5,29.540000915527344,19.84979248046875,9300
XLV,2001-06-14,29.31999969482422,29.399999618530273,28.989999771118164,28.989999771118164,19.48021125793457,3400
XLV,2001-06-15,28.700000762939453,29.0,28.450000762939453,28.899999618530273,19.427772521972656,56100
XLV,2001-06-18,28.899999618530273,28.899999618530273,28.459999084472656,28.459999084472656,19.131988525390625,10900
XLV,2001-06-19,28.600000381469727,28.84000015258789,28.510000228881836,28.540000915527344,19.18576431274414,8100
XLV,2001-06-20,28.5,29.200000762939453,28.5,29.15999984741211,19.602554321289062,4600
XLV,2001-06-21,29.15999984741211,29.549999237060547,29.15999984741211,29.489999771118164,19.824399948120117,7400
XLV,2001-06-22,29.299999237060547,29.360000610351562,29.010000228881836,29.110000610351562,19.568946838378906,6800
XLV,2001-06-25,29.040000915527344,29.18000030517578,28.969999313354492,29.18000030517578,19.615991592407227,5100
XLV,2001-06-26,29.0,29.0,28.729999542236328,28.729999542236328,19.313488006591797,31600
XLV,2001-06-27,28.729999542236328,29.219999313354492,28.729999542236328,29.200000762939453,19.629444122314453,33600
XLV,2001-06-28,29.329999923706055,29.670000076293945,29.260000228881836,29.420000076293945,19.777332305908203,12400
XLV,2001-06-29,29.200000762939453,29.770000457763672,29.200000762939453,29.549999237060547,19.86473846435547,19600
XLV,2001-07-02,29.549999237060547,29.860000610351562,29.389999389648438,29.760000228881836,20.005901336669922,5600
XLV,2001-07-03,29.719999313354492,29.760000228881836,29.579999923706055,29.760000228881836,20.005901336669922,3500
XLV,2001-07-05,29.65999984741211,29.68000030517578,29.40999984741211,29.40999984741211,19.77061653137207,13200
XLV,2001-07-06,29.299999237060547,29.299999237060547,28.700000762939453,28.860000610351562,19.400890350341797,20100
XLV,2001-07-09,28.739999771118164,28.93000030517578,28.700000762939453,28.700000762939453,19.29332160949707,6100
XLV,2001-07-10,28.940000534057617,28.940000534057617,28.520000457763672,28.700000762939453,19.29332160949707,28800
XLV,2001-07-11,28.450000762939453,28.700000762939453,28.34000015258789,28.68000030517578,19.279878616333008,14500
XLV,2001-07-12,28.6299991607666,28.959999084472656,28.6299991607666,28.959999084472656,19.46811294555664,3300
XLV,2001-07-13,28.920000076293945,29.15999984741211,28.729999542236328,29.15999984741211,19.602554321289062,13400
XLV,2001-07-16,29.15999984741211,29.170000076293945,28.84000015258789,29.020000457763672,19.508445739746094,18700
XLV,2001-07-17,28.920000076293945,29.280000686645508,28.920000076293945,29.219999313354492,19.642892837524414,9500
XLV,2001-07-18,29.030000686645508,29.15999984741211,28.719999313354492,28.93000030517578,19.447940826416016,4900
XLV,2001-07-19,29.100000381469727,29.190000534057617,28.579999923706055,28.760000228881836,19.333660125732422,17100
XLV,2001-07-20,28.850000381469727,28.969999313354492,28.729999542236328,28.829999923706055,19.38071632385254,10800
XLV,2001-07-23,28.700000762939453,28.829999923706055,28.270000457763672,28.270000457763672,19.00425910949707,11400
XLV,2001-07-24,28.399999618530273,28.399999618530273,27.889999389648438,28.139999389648438,18.916868209838867,21300
XLV,2001-07-25,27.979999542236328,28.510000228881836,27.979999542236328,28.299999237060547,19.02442169189453,10900
XLV,2001-07-26,28.899999618530273,29.1299991607666,28.700000762939453,29.1299991607666,19.5823917388916,12300
XLV,2001-07-27,29.0,29.18000030517578,28.950000762939453,29.170000076293945,19.609281539916992,8600
XLV,2001-07-30,29.1200008392334,29.190000534057617,28.950000762939453,29.170000076293945,19.609281539916992,12500
XLV,2001-07-31,29.149999618530273,29.299999237060547,28.959999084472656,28.959999084472656,19.46811294555664,11900
XLV,2001-08-01,28.850000381469727,29.18000030517578,28.850000381469727,28.93000030517578,19.447940826416016,20700
XLV,2001-08-02,29.100000381469727,29.299999237060547,29.020000457763672,29.229999542236328,19.649606704711914,13300
XLV,2001-08-03,29.059999465942383,29.059999465942383,28.850000381469727,28.989999771118164,19.48828125,3100
XLV,2001-08-06,29.030000686645508,29.030000686645508,28.799999237060547,28.799999237060547,19.360551834106445,4200
XLV,2001-08-07,28.899999618530273,29.010000228881836,28.829999923706055,28.8799991607666,19.414329528808594,18500
XLV,2001-08-08,28.739999771118164,29.09000015258789,28.5,28.68000030517578,19.279878616333008,5500
XLV,2001-08-09,28.399999618530273,28.600000381469727,28.299999237060547,28.549999237060547,19.19248390197754,21400
XLV,2001-08-10,28.549999237060547,28.850000381469727,28.290000915527344,28.600000381469727,19.226104736328125,23800
XLV,2001-08-13,28.6299991607666,28.84000015258789,28.6299991607666,28.81999969482422,19.373994827270508,8000
XLV,2001-08-14,28.760000228881836,28.790000915527344,28.450000762939453,28.450000762939453,19.125263214111328,4500
XLV,2001-08-15,28.549999237060547,28.549999237060547,28.049999237060547,28.059999465942383,18.86309051513672,19600
XLV,2001-08-16,27.950000762939453,28.200000762939453,27.8799991607666,28.200000762939453,18.957204818725586,5300
XLV,2001-08-17,27.850000381469727,28.06999969482422,27.809999465942383,27.889999389648438,18.748811721801758,11800
XLV,2001-08-20,27.950000762939453,28.200000762939453,27.940000534057617,28.100000381469727,18.88997459411621,18800
XLV,2001-08-21,28.25,28.5,28.190000534057617,28.260000228881836,18.99753761291504,16400
XLV,2001-08-22,28.200000762939453,28.3799991607666,28.030000686645508,28.149999618530273,18.923599243164062,81300
XLV,2001-08-23,28.25,28.3700008392334,28.200000762939453,28.299999237060547,19.02442169189453,41400
XLV,2001-08-24,28.469999313354492,28.889999389648438,28.360000610351562,28.809999465942383,19.36726951599121,10800
XLV,2001-08-27,28.75,28.799999237060547,28.450000762939453,28.450000762939453,19.125263214111328,11500
XLV,2001-08-28,28.399999618530273,28.479999542236328,28.049999237060547,28.049999237060547,18.856372833251953,18600
XLV,2001-08-29,28.200000762939453,28.25,27.799999237060547,27.799999237060547,18.68830680847168,28700
XLV,2001-08-30,27.93000030517578,27.93000030517578,27.15999984741211,27.229999542236328,18.305126190185547,22500
XLV,2001-08-31,27.200000762939453,27.56999969482422,27.200000762939453,27.489999771118164,18.479915618896484,181100
XLV,2001-09-04,27.450000762939453,28.010000228881836,27.3700008392334,27.3700008392334,18.399240493774414,132700
XLV,2001-09-05,27.3799991607666,27.450000762939453,27.100000381469727,27.389999389648438,18.41269302368164,22800
XLV,2001-09-06,27.100000381469727,27.100000381469727,26.59000015258789,26.59000015258789,17.874895095825195,20200
XLV,2001-09-07,26.350000381469727,26.440000534057617,25.799999237060547,26.06999969482422,17.525327682495117,25800
XLV,2001-09-10,25.700000762939453,26.209999084472656,25.639999389648438,25.729999542236328,17.29676628112793,24000
XLV,2001-09-17,24.0,24.5,23.280000686645508,23.579999923706055,15.85145092010498,35000
XLV,2001-09-18,23.450000762939453,23.579999923706055,23.0,23.149999618530273,15.562390327453613,20000
XLV,2001-09-19,23.049999237060547,23.360000610351562,22.15999984741211,22.770000457763672,15.306941032409668,39600
XLV,2001-09-20,22.75,22.75,21.75,21.899999618530273,14.72208023071289,17800
XLV,2001-09-21,21.0,22.100000381469727,21.0,21.959999084472656,14.768491744995117,43600
XLV,2001-09-24,22.600000381469727,22.75,22.510000228881836,22.639999389648438,15.225790977478027,1752100
XLV,2001-09-25,22.719999313354492,22.799999237060547,22.31999969482422,22.479999542236328,15.118202209472656,39400
XLV,2001-09-26,22.799999237060547,22.989999771118164,22.5,22.690000534057617,15.259421348571777,32500
XLV,2001-09-27,22.75,23.049999237060547,22.510000228881836,23.040000915527344,15.494807243347168,7400
XLV,2001-09-28,23.43000030517578,23.5,23.270000457763672,23.5,15.804167747497559,17900
XLV,2001-10-01,23.5,23.5,23.059999465942383,23.059999465942383,15.508252143859863,13100
XLV,2001-10-02,23.15999984741211,23.510000228881836,23.15999984741211,23.360000610351562,15.710012435913086,22500
XLV,2001-10-03,23.25,24.309999465942383,23.25,24.229999542236328,16.29510498046875,149100
XLV,2001-10-04,24.299999237060547,24.450000762939453,24.100000381469727,24.15999984741211,16.248027801513672,31300
XLV,2001-10-05,24.100000381469727,24.15999984741211,23.719999313354492,23.899999618530273,16.073169708251953,10200
XLV,2001-10-08,23.709999084472656,23.829999923706055,23.530000686645508,23.719999313354492,15.952110290527344,34600
XLV,2001-10-09,23.399999618530273,23.520000457763672,23.299999237060547,23.5,15.804167747497559,48700
XLV,2001-10-10,23.25,24.010000228881836,23.25,24.010000228881836,16.147151947021484,900
XLV,2001-10-11,24.399999618530273,24.780000686645508,24.399999618530273,24.579999923706055,16.530485153198242,33600
XLV,2001-10-12,24.5,24.520000457763672,23.899999618530273,24.360000610351562,16.38253402709961,19400
XLV,2001-10-15,24.200000762939453,24.450000762939453,24.100000381469727,24.450000762939453,16.44305419921875,7800
XLV,2001-10-16,24.5,24.850000381469727,24.450000762939453,24.690000534057617,16.60445785522461,29000
XLV,2001-10-17,24.700000762939453,24.850000381469727,23.950000762939453,23.950000762939453,16.10680389404297,45100
XLV,2001-10-18,23.75,23.75,23.5,23.56999969482422,15.851239204406738,13700
XLV,2001-10-19,23.399999618530273,23.649999618530273,23.360000610351562,23.489999771118164,15.797446250915527,24100
XLV,2001-10-22,23.549999237060547,24.149999618530273,23.549999237060547,24.149999618530273,16.241296768188477,13200
XLV,2001-10-23,24.329999923706055,24.649999618530273,24.15999984741211,24.299999237060547,16.342187881469727,32000
XLV,2001-10-24,24.350000381469727,24.350000381469727,23.899999618530273,23.90999984741211,16.079898834228516,15200
XLV,2001-10-25,23.549999237060547,24.200000762939453,23.549999237060547,24.049999237060547,16.174043655395508,6800
XLV,2001-10-26,24.0,24.450000762939453,24.0,24.260000228881836,16.31528091430664,8300
XLV,2001-10-29,24.020000457763672,24.1299991607666,23.639999389648438,23.639999389648438,15.898310661315918,17600
XLV,2001-10-30,23.5,23.559999465942383,23.260000228881836,23.309999465942383,15.676383972167969,5200
XLV,2001-10-31,23.5,23.75,23.450000762939453,23.6200008392334,15.884862899780273,11200
XLV,2001-11-01,23.469999313354492,23.950000762939453,23.469999313354492,23.950000762939453,16.10680389404297,5300
XLV,2001-11-02,24.0,24.299999237060547,24.0,24.079999923706055,16.194223403930664,569000
XLV,2001-11-05,24.399999618530273,24.700000762939453,24.299999237060547,24.450000762939453,16.44305419921875,27200
XLV,2001-11-06,24.600000381469727,24.75,24.350000381469727,24.75,16.644811630249023,35100
XLV,2001-11-07,24.670000076293945,24.729999542236328,24.5,24.610000610351562,16.550661087036133,5600
XLV,2001-11-08,24.799999237060547,25.0,24.6299991607666,24.81999969482422,16.6918888092041,18400
XLV,2001-11-09,24.5,24.829999923706055,24.5,24.670000076293945,16.59101676940918,19200
XLV,2001-11-12,24.299999237060547,24.790000915527344,24.149999618530273,24.729999542236328,16.631362915039062,32300
XLV,2001-11-13,25.0,25.559999465942383,25.0,25.450000762939453,17.115577697753906,17100
XLV,2001-11-14,26.100000381469727,26.100000381469727,25.700000762939453,25.75,17.31732749938965,11400
XLV,2001-11-15,26.0,26.350000381469727,25.850000381469727,26.049999237060547,17.519081115722656,115100
XLV,2001-11-16,26.399999618530273,26.399999618530273,25.899999618530273,26.049999237060547,17.519081115722656,25200
XLV,2001-11-19,26.450000762939453,26.670000076293945,26.299999237060547,26.5,17.82171058654785,77800
XLV,2001-11-20,26.549999237060547,26.729999542236328,26.3700008392334,26.5,17.82171058654785,10100
XLV,2001-11-21,26.299999237060547,26.299999237060547,26.0,26.239999771118164,17.646860122680664,12700
XLV,2001-11-23,26.149999618530273,26.5,26.149999618530273,26.350000381469727,17.720842361450195,59300
XLV,2001-11-26,26.600000381469727,26.75,26.5,26.690000534057617,17.949495315551758,34600
XLV,2001-11-27,26.649999618530273,26.799999237060547,26.399999618530273,26.600000381469727,17.88896942138672,87100
XLV,2001-11-28,26.280000686645508,26.450000762939453,26.100000381469727,26.190000534057617,17.613239288330078,38600
XLV,2001-11-29,26.149999618530273,26.25,25.899999618530273,26.25,17.65359115600586,21800
XLV,2001-11-30,26.25,26.600000381469727,26.200000762939453,26.360000610351562,17.72756576538086,25200
XLV,2001-12-03,26.200000762939453,26.549999237060547,26.139999389648438,26.3799991607666,17.74102210998535,7200
XLV,2001-12-04,26.299999237060547,26.719999313354492,26.299999237060547,26.719999313354492,17.969667434692383,17700
XLV,2001-12-05,26.959999084472656,27.799999237060547,26.959999084472656,27.649999618530273,18.595115661621094,33900
XLV,2001-12-06,27.649999618530273,28.030000686645508,27.549999237060547,27.75,18.662363052368164,31000
XLV,2001-12-07,27.700000762939453,27.899999618530273,27.459999084472656,27.59000015258789,18.554759979248047,11100
XLV,2001-12-10,27.5,27.540000915527344,26.850000381469727,26.959999084472656,18.131074905395508,30200
XLV,2001-12-11,26.989999771118164,27.399999618530273,26.950000762939453,27.149999618530273,18.258848190307617,29000
XLV,2001-12-12,27.049999237060547,27.200000762939453,26.850000381469727,27.030000686645508,18.17815399169922,34000
XLV,2001-12-13,26.649999618530273,26.8700008392334,26.450000762939453,26.450000762939453,17.7880916595459,22800
XLV,2001-12-14,26.450000762939453,26.68000030517578,26.25,26.399999618530273,17.754457473754883,62200
XLV,2001-12-17,26.549999237060547,26.700000762939453,26.399999618530273,26.649999618530273,17.922592163085938,10000
XLV,2001-12-18,26.75,27.049999237060547,26.75,27.040000915527344,18.18488121032715,66400
XLV,2001-12-19,26.700000762939453,27.09000015258789,26.700000762939453,26.899999618530273,18.09072494506836,16000
XLV,2001-12-20,26.649999618530273,26.850000381469727,26.56999969482422,26.56999969482422,17.86879539489746,21300
XLV,2001-12-21,26.549999237060547,26.649999618530273,26.350000381469727,26.479999542236328,17.839824676513672,80900
XLV,2001-12-24,26.510000228881836,26.799999237060547,26.510000228881836,26.600000381469727,17.920665740966797,4200
XLV,2001-12-26,26.75,27.0,26.719999313354492,26.799999237060547,18.055410385131836,30400
XLV,2001-12-27,26.75,27.1200008392334,26.75,27.100000381469727,18.25752067565918,375200
XLV,2001-12-28,27.110000610351562,27.489999771118164,27.110000610351562,27.3700008392334,18.439420700073242,28600
XLV,2001-12-31,27.299999237060547,27.5,26.950000762939453,26.950000762939453,18.156471252441406,27100
XLV,2002-01-02,27.200000762939453,27.200000762939453,26.799999237060547,27.18000030517578,18.311416625976562,182900
XLV,2002-01-03,27.200000762939453,27.299999237060547,27.049999237060547,27.299999237060547,18.39226531982422,9300
XLV,2002-01-04,27.639999389648438,27.799999237060547,27.43000030517578,27.6200008392334,18.607847213745117,51000
XLV,2002-01-07,28.049999237060547,28.100000381469727,27.649999618530273,27.649999618530273,18.628063201904297,25600
XLV,2002-01-08,27.440000534057617,27.950000762939453,27.440000534057617,27.799999237060547,18.729116439819336,33200
XLV,2002-01-09,27.700000762939453,28.09000015258789,27.6200008392334,27.649999618530273,18.628063201904297,20100
XLV,2002-01-10,27.649999618530273,27.790000915527344,27.450000762939453,27.729999542236328,18.681961059570312,10000
XLV,2002-01-11,27.600000381469727,27.75,27.549999237060547,27.549999237060547,18.560684204101562,5300
XLV,2002-01-14,27.399999618530273,27.600000381469727,27.309999465942383,27.350000381469727,18.42595863342285,77400
XLV,2002-01-15,27.600000381469727,27.729999542236328,27.40999984741211,27.690000534057617,18.655012130737305,14900
XLV,2002-01-16,27.450000762939453,27.56999969482422,27.0,27.010000228881836,18.19688606262207,86000
XLV,2002-01-17,27.200000762939453,27.200000762939453,26.799999237060547,27.18000030517578,18.311416625976562,58800
XLV,2002-01-18,26.950000762939453,27.200000762939453,26.899999618530273,26.969999313354492,18.169937133789062,20600
XLV,2002-01-22,27.0,27.09000015258789,26.68000030517578,26.899999618530273,18.122777938842773,1036000
XLV,2002-01-23,26.950000762939453,26.950000762939453,26.510000228881836,26.799999237060547,18.055410385131836,908500
XLV,2002-01-24,26.799999237060547,27.149999618530273,26.799999237060547,27.020000457763672,18.203615188598633,60900
XLV,2002-01-25,26.950000762939453,27.200000762939453,26.850000381469727,27.049999237060547,18.223838806152344,28900
XLV,2002-01-28,26.950000762939453,27.100000381469727,26.8799991607666,27.100000381469727,18.25752067565918,47700
XLV,2002-01-29,26.950000762939453,27.049999237060547,26.399999618530273,26.59000015258789,17.913925170898438,32700
XLV,2002-01-30,26.350000381469727,26.549999237060547,25.850000381469727,26.479999542236328,17.839824676513672,34800
XLV,2002-01-31,26.75,26.850000381469727,26.600000381469727,26.75,18.021728515625,56900
XLV,2002-02-01,27.049999237060547,27.049999237060547,26.700000762939453,26.700000762939453,17.988033294677734,24200
XLV,2002-02-04,26.579999923706055,26.579999923706055,26.049999237060547,26.190000534057617,17.644447326660156,35100
XLV,2002-02-05,26.100000381469727,26.440000534057617,26.100000381469727,26.329999923706055,17.738759994506836,70600
XLV,2002-02-06,26.450000762939453,26.489999771118164,26.190000534057617,26.190000534057617,17.644447326660156,13800
XLV,2002-02-07,26.399999618530273,26.950000762939453,26.399999618530273,26.700000762939453,17.988033294677734,50600
XLV,2002-02-08,26.799999237060547,27.25,26.770000457763672,27.25,18.35857582092285,20800
XLV,2002-02-11,27.25,27.540000915527344,27.25,27.5,18.527002334594727,121200
XLV,2002-02-12,27.399999618530273,27.540000915527344,27.15999984741211,27.25,18.35857582092285,34700
XLV,2002-02-13,27.549999237060547,27.950000762939453,27.399999618530273,27.700000762939453,18.66175079345703,209800
XLV,2002-02-14,27.850000381469727,28.0,27.700000762939453,27.780000686645508,18.715639114379883,33500
XLV,2002-02-15,27.799999237060547,27.799999237060547,27.350000381469727,27.350000381469727,18.42595863342285,19900
XLV,2002-02-19,27.25,27.399999618530273,26.899999618530273,26.899999618530273,18.122777938842773,58900
XLV,2002-02-20,27.049999237060547,27.549999237060547,27.0,27.549999237060547,18.560684204101562,22200
XLV,2002-02-21,27.479999542236328,27.75,27.350000381469727,27.350000381469727,18.42595863342285,15300
XLV,2002-02-22,27.350000381469727,27.639999389648438,27.260000228881836,27.600000381469727,18.594369888305664,16800
XLV,2002-02-25,27.799999237060547,28.09000015258789,27.600000381469727,28.079999923706055,18.91775894165039,27200
XLV,2002-02-26,28.010000228881836,28.200000762939453,27.799999237060547,28.0,18.863853454589844,23300
XLV,2002-02-27,28.0,28.1299991607666,27.709999084472656,27.899999618530273,18.796493530273438,24000
XLV,2002-02-28,27.899999618530273,28.190000534057617,27.799999237060547,27.979999542236328,18.850391387939453,21100
XLV,2002-03-01,28.049999237060547,28.510000228881836,27.90999984741211,28.510000228881836,19.207460403442383,130200
XLV,2002-03-04,28.600000381469727,28.799999237060547,28.399999618530273,28.799999237060547,19.40282440185547,140400
XLV,2002-03-05,28.850000381469727,29.139999389648438,28.760000228881836,28.760000228881836,19.375879287719727,108100
XLV,2002-03-06,28.950000762939453,29.299999237060547,28.889999389648438,29.15999984741211,19.645368576049805,107200
XLV,2002-03-07,29.18000030517578,29.239999771118164,28.760000228881836,28.940000534057617,19.497154235839844,44800
XLV,2002-03-08,29.299999237060547,29.3700008392334,29.010000228881836,29.239999771118164,19.699254989624023,46700
XLV,2002-03-11,29.200000762939453,29.25,29.0,29.100000381469727,19.604936599731445,37600
XLV,2002-03-12,28.899999618530273,29.139999389648438,28.889999389648438,29.0,19.537574768066406,39900
XLV,2002-03-13,29.0,29.100000381469727,28.850000381469727,28.899999618530273,19.470191955566406,31700
XLV,2002-03-14,28.950000762939453,29.200000762939453,28.950000762939453,29.100000381469727,19.604936599731445,14300
XLV,2002-03-15,29.34000015258789,29.729999542236328,29.200000762939453,29.6200008392334,19.96418571472168,70700
XLV,2002-03-18,29.850000381469727,30.0,29.649999618530273,29.8799991607666,20.139436721801758,41200
XLV,2002-03-19,30.100000381469727,30.100000381469727,29.799999237060547,29.850000381469727,20.119216918945312,82700
XLV,2002-03-20,29.75,30.09000015258789,29.75,29.860000610351562,20.125957489013672,24200
XLV,2002-03-21,29.899999618530273,29.899999618530273,29.450000762939453,29.670000076293945,19.997894287109375,73800
XLV,2002-03-22,29.549999237060547,29.700000762939453,29.350000381469727,29.510000228881836,19.890043258666992,63800
XLV,2002-03-25,29.549999237060547,29.649999618530273,29.06999969482422,29.06999969482422,19.593481063842773,45400
XLV,2002-03-26,29.200000762939453,29.5,28.860000610351562,28.899999618530273,19.47890281677246,76900
XLV,2002-03-27,28.850000381469727,29.389999389648438,28.850000381469727,29.329999923706055,19.768720626831055,13900
XLV,2002-03-28,29.200000762939453,29.639999389648438,29.200000762939453,29.59000015258789,19.9439697265625,20400
XLV,2002-04-01,29.100000381469727,29.459999084472656,28.899999618530273,29.31999969482422,19.761995315551758,24700
XLV,2002-04-02,29.299999237060547,29.299999237060547,29.059999465942383,29.149999618530273,19.64740562438965,41000
XLV,2002-04-03,29.25,29.25,28.700000762939453,28.770000457763672,19.391281127929688,22800
XLV,2002-04-04,28.850000381469727,29.190000534057617,28.850000381469727,29.18000030517578,19.667625427246094,27400
XLV,2002-04-05,29.399999618530273,29.600000381469727,29.229999542236328,29.530000686645508,19.903518676757812,14800
XLV,2002-04-08,29.25,29.65999984741211,29.25,29.649999618530273,19.984413146972656,52900
XLV,2002-04-09,29.75,29.899999618530273,29.6299991607666,29.690000534057617,20.011369705200195,90100
XLV,2002-04-10,29.780000686645508,30.040000915527344,29.649999618530273,29.959999084472656,20.193359375,313200
XLV,2002-04-11,29.850000381469727,29.979999542236328,29.459999084472656,29.459999084472656,19.856348037719727,174000
XLV,2002-04-12,29.700000762939453,29.729999542236328,29.5,29.559999465942383,19.92375373840332,27100
XLV,2002-04-15,29.690000534057617,29.690000534057617,29.450000762939453,29.540000915527344,19.9102725982666,76300
XLV,2002-04-16,29.700000762939453,29.780000686645508,29.56999969482422,29.739999771118164,20.045076370239258,55000
XLV,2002-04-17,29.799999237060547,29.8799991607666,29.739999771118164,29.809999465942383,20.09225845336914,164400
XLV,2002-04-18,30.100000381469727,30.190000534057617,29.65999984741211,30.1200008392334,20.301193237304688,192400
XLV,2002-04-19,30.100000381469727,30.43000030517578,30.100000381469727,30.360000610351562,20.462953567504883,44600
XLV,2002-04-22,30.450000762939453,30.450000762939453,30.18000030517578,30.219999313354492,20.368600845336914,39900
XLV,2002-04-23,30.200000762939453,30.270000457763672,30.0,30.0,20.22031021118164,22800
XLV,2002-04-24,30.290000915527344,30.510000228881836,30.18000030517578,30.200000762939453,20.35511589050293,34200
XLV,2002-04-25,30.100000381469727,30.40999984741211,30.100000381469727,30.290000915527344,20.415775299072266,20400
XLV,2002-04-26,30.260000228881836,30.290000915527344,29.75,29.799999237060547,20.085514068603516,42100
XLV,2002-04-29,29.6200008392334,29.700000762939453,29.0,29.1200008392334,19.627195358276367,702900
XLV,2002-04-30,29.049999237060547,29.459999084472656,28.950000762939453,29.40999984741211,19.822647094726562,80800
XLV,2002-05-01,29.5,30.040000915527344,29.34000015258789,29.940000534057617,20.179872512817383,253600
XLV,2002-05-02,29.950000762939453,30.100000381469727,29.75,29.84000015258789,20.11248016357422,136400
XLV,2002-05-03,29.829999923706055,29.829999923706055,29.399999618530273,29.649999618530273,19.984413146972656,43600
XLV,2002-05-06,29.600000381469727,29.709999084472656,29.09000015258789,29.09000015258789,19.606966018676758,140000
XLV,2002-05-07,29.299999237060547,29.420000076293945,29.06999969482422,29.149999618530273,19.64740562438965,66200
XLV,2002-05-08,29.360000610351562,29.81999969482422,29.299999237060547,29.799999237060547,20.085514068603516,206000
XLV,2002-05-09,29.700000762939453,29.700000762939453,29.450000762939453,29.459999084472656,19.856348037719727,24400
XLV,2002-05-10,29.600000381469727,29.600000381469727,29.0,29.06999969482422,19.593481063842773,27500
XLV,2002-05-13,29.200000762939453,29.440000534057617,29.06999969482422,29.40999984741211,19.822647094726562,43600
XLV,2002-05-14,29.719999313354492,29.940000534057617,29.510000228881836,29.940000534057617,20.179872512817383,35300
XLV,2002-05-15,29.90999984741211,30.5,29.90999984741211,30.200000762939453,20.35511589050293,125800
XLV,2002-05-16,30.3799991607666,30.399999618530273,30.190000534057617,30.280000686645508,20.409040451049805,20000
XLV,2002-05-17,30.350000381469727,30.420000076293945,30.149999618530273,30.270000457763672,20.402292251586914,38800
XLV,2002-05-20,30.010000228881836,30.1200008392334,29.809999465942383,30.0,20.22031021118164,34800
XLV,2002-05-21,30.149999618530273,30.15999984741211,29.639999389648438,29.739999771118164,20.045076370239258,47000
XLV,2002-05-22,29.600000381469727,29.709999084472656,29.329999923706055,29.559999465942383,19.92375373840332,51100
XLV,2002-05-23,29.780000686645508,29.829999923706055,29.469999313354492,29.829999923706055,20.105728149414062,15500
XLV,2002-05-24,29.75,29.899999618530273,29.709999084472656,29.709999084472656,20.02484893798828,44700
XLV,2002-05-28,29.899999618530273,29.899999618530273,29.469999313354492,29.68000030517578,20.00463104248047,13100
XLV,2002-05-29,29.68000030517578,29.799999237060547,29.540000915527344,29.65999984741211,19.99114418029785,15800
XLV,2002-05-30,29.520000457763672,29.780000686645508,29.3799991607666,29.600000381469727,19.950716018676758,41300
XLV,2002-05-31,29.559999465942383,29.940000534057617,29.559999465942383,29.81999969482422,20.098997116088867,15400
XLV,2002-06-03,29.950000762939453,29.969999313354492,29.309999465942383,29.309999465942383,19.7552490234375,23500
XLV,2002-06-04,29.309999465942383,29.420000076293945,29.06999969482422,29.239999771118164,19.70806121826172,31400
XLV,2002-06-05,29.200000762939453,29.549999237060547,29.200000762939453,29.489999771118164,19.876562118530273,48300
XLV,2002-06-06,29.43000030517578,29.479999542236328,29.020000457763672,29.09000015258789,19.606966018676758,236400
XLV,2002-06-07,28.850000381469727,29.360000610351562,28.799999237060547,29.299999237060547,19.748502731323242,29000
XLV,2002-06-10,29.200000762939453,29.559999465942383,29.200000762939453,29.360000610351562,19.7889404296875,35700
XLV,2002-06-11,29.549999237060547,29.739999771118164,29.139999389648438,29.139999389648438,19.64065933227539,52000
XLV,2002-06-12,28.899999618530273,28.899999618530273,28.0,28.540000915527344,19.236263275146484,85400
XLV,2002-06-13,28.3700008392334,28.399999618530273,28.020000457763672,28.020000457763672,18.885772705078125,83100
XLV,2002-06-14,27.739999771118164,27.989999771118164,27.18000030517578,27.809999465942383,18.744224548339844,104000
XLV,2002-06-17,28.25,28.59000015258789,28.25,28.59000015258789,19.26995277404785,101600
XLV,2002-06-18,28.549999237060547,28.84000015258789,28.549999237060547,28.719999313354492,19.357580184936523,19700
XLV,2002-06-19,28.600000381469727,28.889999389648438,28.600000381469727,28.6200008392334,19.290184020996094,31300
XLV,2002-06-20,28.700000762939453,28.700000762939453,27.860000610351562,27.860000610351562,18.777935028076172,16100
XLV,2002-06-21,27.549999237060547,27.610000610351562,27.270000457763672,27.270000457763672,18.3848876953125,164200
XLV,2002-06-24,27.399999618530273,27.790000915527344,26.760000228881836,27.479999542236328,18.526464462280273,544900
XLV,2002-06-25,27.700000762939453,27.8700008392334,27.049999237060547,27.049999237060547,18.2365665435791,309000
XLV,2002-06-26,26.649999618530273,27.5,26.549999237060547,27.5,18.539955139160156,52700
XLV,2002-06-27,27.700000762939453,28.200000762939453,27.43000030517578,28.200000762939453,19.011873245239258,103100
XLV,2002-06-28,28.100000381469727,28.329999923706055,27.549999237060547,27.68000030517578,18.661300659179688,20200
XLV,2002-07-01,27.5,27.5,26.459999084472656,26.520000457763672,17.87924575805664,200500
XLV,2002-07-02,26.559999465942383,26.559999465942383,25.690000534057617,25.920000076293945,17.474748611450195,114300
XLV,2002-07-03,25.700000762939453,25.959999084472656,25.520000457763672,25.959999084472656,17.5017032623291,23100
XLV,2002-07-05,26.25,26.850000381469727,26.25,26.829999923706055,18.088241577148438,9700
XLV,2002-07-08,26.600000381469727,26.809999465942383,26.440000534057617,26.5,17.865772247314453,154000
XLV,2002-07-09,26.549999237060547,26.549999237060547,25.229999542236328,25.290000915527344,17.050006866455078,32200
XLV,2002-07-10,25.0,25.079999923706055,23.959999084472656,24.1200008392334,16.26121711730957,92700
XLV,2002-07-11,23.530000686645508,24.579999923706055,23.3700008392334,24.579999923706055,16.57134437561035,174100
XLV,2002-07-12,24.399999618530273,24.940000534057617,24.09000015258789,24.899999618530273,16.787078857421875,66200
XLV,2002-07-15,24.399999618530273,24.450000762939453,23.600000381469727,24.450000762939453,16.483699798583984,38200
XLV,2002-07-16,24.350000381469727,24.719999313354492,24.260000228881836,24.280000686645508,16.36908531188965,39300
XLV,2002-07-17,24.799999237060547,24.829999923706055,24.469999313354492,24.809999465942383,16.726394653320312,40100
XLV,2002-07-18,24.5,24.5,23.639999389648438,23.639999389648438,15.937613487243652,32700
XLV,2002-07-19,22.899999618530273,23.06999969482422,22.540000915527344,22.670000076293945,15.283652305603027,47600
XLV,2002-07-22,22.75,23.100000381469727,22.290000915527344,22.479999542236328,15.155570030212402,32600
XLV,2002-07-23,22.149999618530273,22.559999465942383,21.950000762939453,22.059999465942383,14.87240982055664,41000
XLV,2002-07-24,21.75,23.520000457763672,21.649999618530273,23.489999771118164,15.836479187011719,36400
XLV,2002-07-25,23.600000381469727,24.440000534057617,23.5,24.290000915527344,16.375823974609375,106000
XLV,2002-07-26,24.280000686645508,24.829999923706055,24.149999618530273,24.829999923706055,16.73988151550293,35700
XLV,2002-07-29,25.3700008392334,25.940000534057617,25.239999771118164,25.940000534057617,17.48822784423828,117100
XLV,2002-07-30,25.700000762939453,26.450000762939453,25.549999237060547,26.1299991607666,17.616317749023438,81400
XLV,2002-07-31,25.850000381469727,26.8799991607666,25.770000457763672,26.8799991607666,18.121957778930664,53100
XLV,2002-08-01,26.700000762939453,26.760000228881836,26.0,26.1299991607666,17.616317749023438,37400
XLV,2002-08-02,26.049999237060547,26.489999771118164,25.6200008392334,25.920000076293945,17.474748611450195,100700
XLV,2002-08-05,25.850000381469727,25.920000076293945,24.809999465942383,24.809999465942383,16.726394653320312,71900
XLV,2002-08-06,25.399999618530273,25.860000610351562,25.239999771118164,25.420000076293945,17.137649536132812,64600
XLV,2002-08-07,26.0,26.34000015258789,25.68000030517578,26.270000457763672,17.710704803466797,72800
XLV,2002-08-08,26.5,27.299999237060547,26.5,27.25,18.371397018432617,156000
XLV,2002-08-09,26.950000762939453,27.420000076293945,26.799999237060547,27.209999084472656,18.344438552856445,52700
XLV,2002-08-12,26.920000076293945,27.329999923706055,26.799999237060547,27.25,18.371397018432617,24900
XLV,2002-08-13,27.0,27.170000076293945,26.600000381469727,26.600000381469727,17.933177947998047,44200
XLV,2002-08-14,26.25,27.360000610351562,25.979999542236328,27.270000457763672,18.3848876953125,41600
XLV,2002-08-15,27.450000762939453,27.739999771118164,27.229999542236328,27.459999084472656,18.512983322143555,191900
XLV,2002-08-16,27.299999237060547,27.450000762939453,27.09000015258789,27.239999771118164,18.364662170410156,34200
XLV,2002-08-19,27.25,27.6200008392334,27.18000030517578,27.6200008392334,18.6208438873291,54600
XLV,2002-08-20,27.450000762939453,27.5,27.239999771118164,27.270000457763672,18.3848876953125,45900
XLV,2002-08-21,27.549999237060547,27.770000457763672,27.229999542236328,27.729999542236328,18.695009231567383,64300
XLV,2002-08-22,27.649999618530273,28.6200008392334,27.649999618530273,28.600000381469727,19.281551361083984,41900
XLV,2002-08-23,28.450000762939453,28.450000762939453,27.860000610351562,27.860000610351562,18.78264617919922,57000
XLV,2002-08-26,28.149999618530273,28.190000534057617,27.729999542236328,28.170000076293945,18.991649627685547,25500
XLV,2002-08-27,28.280000686645508,28.280000686645508,27.260000228881836,27.3700008392334,18.452302932739258,36000
XLV,2002-08-28,27.329999923706055,27.440000534057617,27.020000457763672,27.149999618530273,18.303977966308594,67400
XLV,2002-08-29,26.799999237060547,27.399999618530273,26.799999237060547,27.219999313354492,18.351177215576172,23100
XLV,2002-08-30,26.8700008392334,27.510000228881836,26.8700008392334,27.139999389648438,18.2972412109375,41600
XLV,2002-09-03,26.799999237060547,26.920000076293945,26.010000228881836,26.010000228881836,17.535419464111328,55000
XLV,2002-09-04,26.200000762939453,26.860000610351562,26.100000381469727,26.809999465942383,18.07476806640625,87400
XLV,2002-09-05,26.299999237060547,26.790000915527344,26.170000076293945,26.5,17.865772247314453,31900
XLV,2002-09-06,26.600000381469727,26.700000762939453,26.469999313354492,26.5,17.865772247314453,17700
XLV,2002-09-09,26.25,26.8700008392334,26.25,26.799999237060547,18.06801986694336,29300
XLV,2002-09-10,26.670000076293945,27.0,26.670000076293945,26.899999618530273,18.135438919067383,22300
XLV,2002-09-11,27.549999237060547,27.549999237060547,26.899999618530273,26.950000762939453,18.16913604736328,13900
XLV,2002-09-12,26.75,26.75,26.34000015258789,26.440000534057617,17.825319290161133,35200
XLV,2002-09-13,26.229999542236328,26.639999389648438,26.15999984741211,26.639999389648438,17.960153579711914,23400
XLV,2002-09-16,25.1200008392334,26.75,25.1200008392334,26.639999389648438,17.960153579711914,86200
XLV,2002-09-17,27.06999969482422,27.06999969482422,26.15999984741211,26.239999771118164,17.69046401977539,19400
XLV,2002-09-18,26.100000381469727,26.389999389648438,25.90999984741211,26.389999389648438,17.791610717773438,45300
XLV,2002-09-19,25.850000381469727,26.059999465942383,25.459999084472656,25.5,17.191585540771484,105200
XLV,2002-09-20,25.549999237060547,25.649999618530273,25.350000381469727,25.6200008392334,17.326160430908203,23300
XLV,2002-09-23,25.170000076293945,25.43000030517578,25.049999237060547,25.31999969482422,17.123279571533203,23300
XLV,2002-09-24,25.0,25.450000762939453,25.0,25.299999237060547,17.10974884033203,57100
XLV,2002-09-25,25.600000381469727,26.049999237060547,25.399999618530273,26.020000457763672,17.5966739654541,87400
XLV,2002-09-26,26.25,26.520000457763672,26.100000381469727,26.479999542236328,17.907760620117188,359300
XLV,2002-09-27,26.100000381469727,26.34000015258789,25.450000762939453,25.5,17.245012283325195,171300
XLV,2002-09-30,25.010000228881836,25.600000381469727,25.010000228881836,25.3799991607666,17.163860321044922,545800
XLV,2002-10-01,25.65999984741211,26.18000030517578,25.479999542236328,26.170000076293945,17.698116302490234,42100
XLV,2002-10-02,26.450000762939453,26.579999923706055,25.0,26.190000534057617,17.71164894104004,145600
XLV,2002-10-03,26.100000381469727,26.549999237060547,25.860000610351562,26.09000015258789,17.644012451171875,427000
XLV,2002-10-04,26.100000381469727,26.100000381469727,25.270000457763672,25.270000457763672,17.089468002319336,92400
XLV,2002-10-07,25.479999542236328,25.81999969482422,25.200000762939453,25.209999084472656,17.04888916015625,159000
XLV,2002-10-08,25.600000381469727,26.1299991607666,25.479999542236328,25.950000762939453,17.549335479736328,81700
XLV,2002-10-09,25.5,25.8799991607666,25.479999542236328,25.68000030517578,17.366743087768555,125400
XLV,2002-10-10,25.850000381469727,26.040000915527344,25.40999984741211,26.0,17.583147048950195,544700
XLV,2002-10-11,26.299999237060547,26.670000076293945,26.100000381469727,26.309999465942383,17.792795181274414,142700
XLV,2002-10-14,26.600000381469727,27.06999969482422,26.600000381469727,27.0,18.259424209594727,102600
XLV,2002-10-15,27.5,27.559999465942383,27.270000457763672,27.479999542236328,18.58403968811035,202100
XLV,2002-10-16,27.549999237060547,27.899999618530273,27.31999969482422,27.559999465942383,18.638137817382812,267100
XLV,2002-10-17,28.100000381469727,28.139999389648438,27.649999618530273,27.899999618530273,18.868066787719727,830600
XLV,2002-10-18,27.799999237060547,28.079999923706055,27.729999542236328,27.90999984741211,18.874834060668945,218500
XLV,2002-10-21,27.700000762939453,28.079999923706055,27.450000762939453,28.0,18.935701370239258,77200
XLV,2002-10-22,27.799999237060547,27.799999237060547,27.239999771118164,27.479999542236328,18.58403968811035,655500
XLV,2002-10-23,27.25,27.329999923706055,26.799999237060547,27.299999237060547,18.46230697631836,182600
XLV,2002-10-24,27.399999618530273,27.399999618530273,26.729999542236328,26.850000381469727,18.157981872558594,104100
XLV,2002-10-25,26.739999771118164,27.530000686645508,26.739999771118164,27.34000015258789,18.489351272583008,180100
XLV,2002-10-28,27.649999618530273,27.649999618530273,27.079999923706055,27.219999313354492,18.408206939697266,159600
XLV,2002-10-29,27.100000381469727,27.200000762939453,26.579999923706055,26.8799991607666,18.178274154663086,234700
XLV,2002-10-30,26.90999984741211,27.239999771118164,26.8799991607666,27.059999465942383,18.300004959106445,86100
XLV,2002-10-31,27.350000381469727,27.350000381469727,26.6200008392334,26.860000610351562,18.164745330810547,155300
XLV,2002-11-01,26.600000381469727,27.25,26.600000381469727,27.1299991607666,18.34733772277832,41200
XLV,2002-11-04,27.299999237060547,27.739999771118164,27.170000076293945,27.170000076293945,18.3743896484375,110600
XLV,2002-11-05,27.200000762939453,27.610000610351562,27.15999984741211,27.510000228881836,18.604326248168945,49000
XLV,2002-11-06,27.899999618530273,28.219999313354492,27.700000762939453,28.06999969482422,18.9830322265625,216300
XLV,2002-11-07,28.06999969482422,28.170000076293945,27.75,27.950000762939453,18.901885986328125,172300
XLV,2002-11-08,27.700000762939453,27.920000076293945,27.56999969482422,27.770000457763672,18.7801570892334,46600
XLV,2002-11-11,27.739999771118164,27.75,27.260000228881836,27.389999389648438,18.523170471191406,42000
XLV,2002-11-12,27.389999389648438,27.579999923706055,27.239999771118164,27.40999984741211,18.536699295043945,68900
XLV,2002-11-13,27.489999771118164,27.670000076293945,26.799999237060547,27.09000015258789,18.32028579711914,58000
XLV,2002-11-14,27.389999389648438,27.59000015258789,27.309999465942383,27.520000457763672,18.61109161376953,30600
XLV,2002-11-15,27.549999237060547,27.809999465942383,27.5,27.780000686645508,18.786916732788086,43300
XLV,2002-11-18,27.950000762939453,27.969999313354492,27.6299991607666,27.6299991607666,18.685474395751953,57100
XLV,2002-11-19,27.510000228881836,27.90999984741211,27.510000228881836,27.600000381469727,18.66518211364746,36600
XLV,2002-11-20,27.399999618530273,27.899999618530273,27.399999618530273,27.850000381469727,18.834257125854492,35300
XLV,2002-11-21,28.200000762939453,28.200000762939453,27.899999618530273,28.0,18.935701370239258,92700
XLV,2002-11-22,28.100000381469727,28.100000381469727,27.780000686645508,27.799999237060547,18.800447463989258,228500
XLV,2002-11-25,27.700000762939453,27.829999923706055,27.459999084472656,27.719999313354492,18.74634552001953,57000
XLV,2002-11-26,27.5,27.56999969482422,27.170000076293945,27.280000686645508,18.44877052307129,903700
XLV,2002-11-27,27.649999618530273,27.850000381469727,27.610000610351562,27.799999237060547,18.800447463989258,52900
XLV,2002-11-29,27.780000686645508,27.850000381469727,27.600000381469727,27.690000534057617,18.726057052612305,27200
XLV,2002-12-02,27.850000381469727,27.850000381469727,27.209999084472656,27.440000534057617,18.556982040405273,58900
XLV,2002-12-03,27.149999618530273,27.3700008392334,26.899999618530273,27.260000228881836,18.435260772705078,135600
XLV,2002-12-04,27.100000381469727,27.559999465942383,27.079999923706055,27.510000228881836,18.604326248168945,74500
XLV,2002-12-05,27.639999389648438,27.639999389648438,27.219999313354492,27.350000381469727,18.496116638183594,47900
XLV,2002-12-06,27.0,27.469999313354492,27.0,27.469999313354492,18.5772762298584,34200
XLV,2002-12-09,27.399999618530273,27.780000686645508,27.350000381469727,27.350000381469727,18.496116638183594,53200
XLV,2002-12-10,27.5,27.5,27.209999084472656,27.450000762939453,18.56374168395996,45100
XLV,2002-12-11,27.299999237060547,27.520000457763672,27.200000762939453,27.40999984741211,18.536699295043945,137400
XLV,2002-12-12,27.350000381469727,27.3799991607666,27.049999237060547,27.1299991607666,18.34733772277832,83400
XLV,2002-12-13,26.799999237060547,27.18000030517578,25.799999237060547,26.979999542236328,18.24590301513672,57600
XLV,2002-12-16,26.899999618530273,27.25,26.809999465942383,27.25,18.42848777770996,39900
XLV,2002-12-17,27.149999618530273,27.149999618530273,26.84000015258789,26.889999389648438,18.185039520263672,48000
XLV,2002-12-18,26.860000610351562,26.8700008392334,26.65999984741211,26.809999465942383,18.130937576293945,31700
XLV,2002-12-19,26.729999542236328,26.950000762939453,26.5,26.549999237060547,17.955102920532227,49000
XLV,2002-12-20,26.75,26.75,26.5,26.68000030517578,18.110546112060547,424800
XLV,2002-12-23,26.780000686645508,26.979999542236328,26.739999771118164,26.850000381469727,18.2259521484375,60000
XLV,2002-12-24,26.950000762939453,27.139999389648438,26.950000762939453,27.0,18.3277587890625,67500
XLV,2002-12-26,27.0,27.0,26.450000762939453,26.540000915527344,18.01551055908203,76000
XLV,2002-12-27,26.5,26.530000686645508,26.110000610351562,26.190000534057617,17.777931213378906,42800
XLV,2002-12-30,26.200000762939453,26.540000915527344,26.1299991607666,26.43000030517578,17.94084930419922,88600
XLV,2002-12-31,26.389999389648438,26.639999389648438,26.190000534057617,26.549999237060547,18.022302627563477,93700
XLV,2003-01-02,26.75,27.31999969482422,26.700000762939453,27.270000457763672,18.511043548583984,102000
XLV,2003-01-03,27.299999237060547,27.610000610351562,27.299999237060547,27.549999237060547,18.701099395751953,71100
XLV,2003-01-06,27.639999389648438,27.899999618530273,27.549999237060547,27.850000381469727,18.90475082397461,55500
XLV,2003-01-07,27.799999237060547,27.84000015258789,27.389999389648438,27.450000762939453,18.63322639465332,136200
XLV,2003-01-08,27.31999969482422,27.549999237060547,27.110000610351562,27.239999771118164,18.49068832397461,63100
XLV,2003-01-09,27.299999237060547,27.649999618530273,27.229999542236328,27.520000457763672,18.680742263793945,623400
XLV,2003-01-10,27.399999618530273,27.579999923706055,27.329999923706055,27.510000228881836,18.673961639404297,544300
XLV,2003-01-13,27.670000076293945,27.670000076293945,27.3700008392334,27.530000686645508,18.687532424926758,61400
XLV,2003-01-14,27.309999465942383,27.549999237060547,27.309999465942383,27.510000228881836,18.673961639404297,26400
XLV,2003-01-15,27.5,27.5,27.100000381469727,27.200000762939453,18.463523864746094,154300
XLV,2003-01-16,27.0,27.43000030517578,26.950000762939453,27.1200008392334,18.409221649169922,85000
XLV,2003-01-17,26.969999313354492,27.239999771118164,26.969999313354492,27.100000381469727,18.39564323425293,56400
XLV,2003-01-21,27.100000381469727,27.200000762939453,26.799999237060547,26.899999618530273,18.2598819732666,103000
XLV,2003-01-22,26.850000381469727,27.079999923706055,26.829999923706055,26.829999923706055,18.21236801147461,173100
XLV,2003-01-23,26.899999618530273,26.959999084472656,26.719999313354492,26.90999984741211,18.26667594909668,138200
XLV,2003-01-24,26.829999923706055,26.829999923706055,26.139999389648438,26.31999969482422,17.86617088317871,165500
XLV,2003-01-27,25.950000762939453,25.950000762939453,25.520000457763672,25.739999771118164,17.47246742248535,69500
XLV,2003-01-28,25.75,26.190000534057617,25.649999618530273,26.18000030517578,17.771154403686523,39200
XLV,2003-01-29,26.100000381469727,26.530000686645508,25.8700008392334,26.43000030517578,17.94084930419922,35300
XLV,2003-01-30,26.450000762939453,26.450000762939453,25.920000076293945,25.940000534057617,17.60822868347168,72300
XLV,2003-01-31,26.0,26.459999084472656,25.8700008392334,26.459999084472656,17.961214065551758,19900
XLV,2003-02-03,26.549999237060547,26.6299991607666,26.31999969482422,26.350000381469727,17.886533737182617,189200
XLV,2003-02-04,26.0,26.040000915527344,25.719999313354492,26.040000915527344,17.67612075805664,50600
XLV,2003-02-05,26.100000381469727,26.450000762939453,25.850000381469727,25.850000381469727,17.547151565551758,147400
XLV,2003-02-06,25.850000381469727,25.920000076293945,25.610000610351562,25.799999237060547,17.51320457458496,104200
XLV,2003-02-07,26.049999237060547,26.049999237060547,25.520000457763672,25.75,17.479249954223633,398900
XLV,2003-02-10,25.600000381469727,25.969999313354492,25.540000915527344,25.940000534057617,17.60822868347168,20500
XLV,2003-02-11,25.899999618530273,26.18000030517578,25.639999389648438,25.639999389648438,17.40458869934082,28400
XLV,2003-02-12,25.649999618530273,25.670000076293945,25.200000762939453,25.350000381469727,17.20773696899414,43600
XLV,2003-02-13,25.079999923706055,25.260000228881836,24.65999984741211,25.049999237060547,17.004093170166016,100500
XLV,2003-02-14,25.149999618530273,25.399999618530273,24.940000534057617,25.31999969482422,17.18736457824707,136600
XLV,2003-02-18,25.75,26.0,25.75,25.940000534057617,17.60822868347168,99300
XLV,2003-02-19,25.989999771118164,25.989999771118164,25.649999618530273,25.81999969482422,17.52677345275879,110400
XLV,2003-02-20,25.850000381469727,25.950000762939453,25.5,25.530000686645508,17.32992172241211,20200
XLV,2003-02-21,25.5,25.989999771118164,25.309999465942383,25.790000915527344,17.50640869140625,60800
XLV,2003-02-24,25.799999237060547,25.799999237060547,25.350000381469727,25.450000762939453,17.275611877441406,31400
XLV,2003-02-25,25.100000381469727,25.6200008392334,24.90999984741211,25.6200008392334,17.39101219177246,27400
XLV,2003-02-26,25.579999923706055,25.959999084472656,25.440000534057617,25.479999542236328,17.295982360839844,27400
XLV,2003-02-27,25.549999237060547,26.0,25.549999237060547,25.799999237060547,17.51320457458496,9900
XLV,2003-02-28,25.799999237060547,26.06999969482422,25.799999237060547,25.8700008392334,17.560720443725586,35200
XLV,2003-03-03,26.0,26.31999969482422,25.68000030517578,25.739999771118164,17.47246742248535,416900
XLV,2003-03-04,25.81999969482422,25.81999969482422,25.459999084472656,25.459999084472656,17.282405853271484,23300
XLV,2003-03-05,25.450000762939453,25.8799991607666,25.399999618530273,25.700000762939453,17.445314407348633,143200
XLV,2003-03-06,25.549999237060547,25.809999465942383,25.549999237060547,25.75,17.479249954223633,83300
XLV,2003-03-07,25.399999618530273,26.06999969482422,25.399999618530273,26.0,17.648956298828125,49300
XLV,2003-03-10,25.850000381469727,25.8700008392334,25.479999542236328,25.559999465942383,17.35027503967285,161000
XLV,2003-03-11,25.399999618530273,25.450000762939453,25.149999618530273,25.219999313354492,17.11949348449707,34600
XLV,2003-03-12,25.149999618530273,25.299999237060547,24.8799991607666,25.299999237060547,17.17379379272461,59700
XLV,2003-03-13,25.600000381469727,25.65999984741211,25.190000534057617,25.65999984741211,17.41815757751465,27400
XLV,2003-03-14,25.770000457763672,25.770000457763672,25.350000381469727,25.450000762939453,17.275611877441406,408900
XLV,2003-03-17,25.200000762939453,26.280000686645508,25.200000762939453,26.170000076293945,17.764360427856445,315000
XLV,2003-03-18,26.200000762939453,26.469999313354492,26.200000762939453,26.450000762939453,17.954418182373047,68800
XLV,2003-03-19,26.549999237060547,26.889999389648438,26.350000381469727,26.75,18.158061981201172,39400
XLV,2003-03-20,26.75,26.81999969482422,26.3799991607666,26.719999313354492,18.137704849243164,106100
XLV,2003-03-21,26.899999618530273,27.420000076293945,26.84000015258789,27.34000015258789,18.60869598388672,50900
XLV,2003-03-24,26.899999618530273,26.940000534057617,26.5,26.56999969482422,18.084609985351562,56400
XLV,2003-03-25,26.579999923706055,27.239999771118164,26.56999969482422,27.100000381469727,18.445344924926758,68300
XLV,2003-03-26,27.049999237060547,27.079999923706055,26.8700008392334,26.889999389648438,18.302417755126953,193000
XLV,2003-03-27,26.600000381469727,27.110000610351562,26.549999237060547,26.989999771118164,18.37047004699707,93400
XLV,2003-03-28,26.829999923706055,27.15999984741211,26.829999923706055,27.030000686645508,18.397705078125,235800
XLV,2003-03-31,26.700000762939453,27.020000457763672,26.559999465942383,26.719999313354492,18.18670082092285,203500
XLV,2003-04-01,26.8799991607666,27.09000015258789,26.700000762939453,27.09000015258789,18.438547134399414,197100
XLV,2003-04-02,27.5,27.600000381469727,27.40999984741211,27.489999771118164,18.710798263549805,27000
XLV,2003-04-03,27.549999237060547,27.56999969482422,27.299999237060547,27.420000076293945,18.66315460205078,466700
XLV,2003-04-04,27.600000381469727,27.6200008392334,27.399999618530273,27.530000686645508,18.738021850585938,114600
XLV,2003-04-07,28.0,28.040000915527344,27.219999313354492,27.290000915527344,18.574665069580078,70100
XLV,2003-04-08,27.229999542236328,27.399999618530273,27.1299991607666,27.31999969482422,18.5950927734375,64000
XLV,2003-04-09,27.200000762939453,27.559999465942383,26.899999618530273,26.959999084472656,18.350059509277344,185200
XLV,2003-04-10,26.889999389648438,26.940000534057617,26.649999618530273,26.90999984741211,18.3160343170166,33300
XLV,2003-04-11,26.979999542236328,27.229999542236328,26.700000762939453,26.780000686645508,18.2275447845459,47600
XLV,2003-04-14,26.850000381469727,27.219999313354492,26.850000381469727,27.219999313354492,18.527029037475586,26900
XLV,2003-04-15,27.200000762939453,27.25,26.940000534057617,27.049999237060547,18.411314010620117,400200
XLV,2003-04-16,27.200000762939453,27.200000762939453,26.350000381469727,26.40999984741211,17.975711822509766,166100
XLV,2003-04-17,26.600000381469727,26.739999771118164,26.440000534057617,26.670000076293945,18.152667999267578,24000
XLV,2003-04-21,26.700000762939453,27.040000915527344,26.639999389648438,26.739999771118164,18.2003173828125,59000
XLV,2003-04-22,26.549999237060547,27.309999465942383,26.549999237060547,27.190000534057617,18.506607055664062,183900
XLV,2003-04-23,27.600000381469727,27.600000381469727,27.299999237060547,27.420000076293945,18.66315460205078,66300
XLV,2003-04-24,27.399999618530273,27.75,27.309999465942383,27.59000015258789,18.778867721557617,35300
XLV,2003-04-25,27.6200008392334,27.700000762939453,27.149999618530273,27.209999084472656,18.520225524902344,233100
XLV,2003-04-28,27.100000381469727,27.56999969482422,27.100000381469727,27.43000030517578,18.669954299926758,156500
XLV,2003-04-29,27.43000030517578,27.729999542236328,27.40999984741211,27.600000381469727,18.785663604736328,52500
XLV,2003-04-30,27.510000228881836,27.799999237060547,27.399999618530273,27.600000381469727,18.785663604736328,34100
XLV,2003-05-01,27.68000030517578,27.8799991607666,27.299999237060547,27.68000030517578,18.840126037597656,50800
XLV,2003-05-02,27.700000762939453,28.190000534057617,27.649999618530273,28.100000381469727,19.125988006591797,38500
XLV,2003-05-05,28.200000762939453,28.3700008392334,28.0,28.139999389648438,19.153221130371094,152200
XLV,2003-05-06,28.200000762939453,28.280000686645508,27.979999542236328,28.190000534057617,19.187252044677734,107100
XLV,2003-05-07,28.0,28.219999313354492,27.920000076293945,27.950000762939453,19.023893356323242,57900
XLV,2003-05-08,27.700000762939453,28.06999969482422,27.700000762939453,27.850000381469727,18.95582389831543,37100
XLV,2003-05-09,28.0,28.190000534057617,27.8700008392334,28.15999984741211,19.16683006286621,21700
XLV,2003-05-12,28.18000030517578,28.540000915527344,28.049999237060547,28.440000534057617,19.35740852355957,226900
XLV,2003-05-13,28.3799991607666,28.68000030517578,28.200000762939453,28.5,19.39824676513672,112900
XLV,2003-05-14,28.649999618530273,28.65999984741211,28.329999923706055,28.450000762939453,19.36421012878418,44800
XLV,2003-05-15,28.600000381469727,28.739999771118164,28.5,28.719999313354492,19.547985076904297,104500
XLV,2003-05-16,28.719999313354492,28.81999969482422,28.5,28.649999618530273,19.500333786010742,138200
XLV,2003-05-19,28.399999618530273,28.399999618530273,27.510000228881836,27.68000030517578,18.840126037597656,134800
XLV,2003-05-20,27.799999237060547,27.799999237060547,27.040000915527344,27.34000015258789,18.60869598388672,298900
XLV,2003-05-21,27.200000762939453,27.559999465942383,27.18000030517578,27.540000915527344,18.744821548461914,44100
XLV,2003-05-22,27.510000228881836,27.959999084472656,27.510000228881836,27.850000381469727,18.95582389831543,374700
XLV,2003-05-23,27.850000381469727,27.8700008392334,27.5,27.739999771118164,18.880950927734375,44500
XLV,2003-05-27,27.600000381469727,28.139999389648438,27.520000457763672,28.139999389648438,19.153221130371094,138300
XLV,2003-05-28,28.149999618530273,28.229999542236328,27.899999618530273,28.09000015258789,19.119182586669922,92800
XLV,2003-05-29,28.219999313354492,28.34000015258789,27.75,27.860000610351562,18.962636947631836,81400
XLV,2003-05-30,27.950000762939453,28.18000030517578,27.899999618530273,28.170000076293945,19.17362403869629,221600
XLV,2003-06-02,28.399999618530273,28.40999984741211,27.940000534057617,27.950000762939453,19.023893356323242,241600
XLV,2003-06-03,27.93000030517578,28.290000915527344,27.93000030517578,28.170000076293945,19.17362403869629,130500
XLV,2003-06-04,28.399999618530273,28.709999084472656,28.149999618530273,28.65999984741211,19.50714683532715,87100
XLV,2003-06-05,28.459999084472656,28.93000030517578,28.360000610351562,28.93000030517578,19.69091796875,149000
XLV,2003-06-06,29.100000381469727,29.760000228881836,29.040000915527344,29.190000534057617,19.867881774902344,269000
XLV,2003-06-09,29.149999618530273,29.190000534057617,28.760000228881836,28.889999389648438,19.663694381713867,520300
XLV,2003-06-10,29.020000457763672,29.110000610351562,28.81999969482422,29.110000610351562,19.813438415527344,112600
XLV,2003-06-11,29.200000762939453,29.520000457763672,29.149999618530273,29.440000534057617,20.038043975830078,73800
XLV,2003-06-12,29.799999237060547,29.799999237060547,29.3799991607666,29.5,20.07888412475586,65600
XLV,2003-06-13,29.6299991607666,29.6299991607666,29.170000076293945,29.31999969482422,19.95636749267578,44400
XLV,2003-06-16,29.25,30.260000228881836,29.25,30.209999084472656,20.562137603759766,81400
XLV,2003-06-17,30.799999237060547,31.110000610351562,30.299999237060547,30.809999465942383,20.970518112182617,227800
XLV,2003-06-18,30.809999465942383,31.0,30.56999969482422,30.729999542236328,20.916072845458984,130900
XLV,2003-06-19,30.729999542236328,30.799999237060547,29.959999084472656,30.06999969482422,20.46685028076172,411500
XLV,2003-06-20,30.200000762939453,30.329999923706055,30.0,30.200000762939453,20.61428451538086,83600
XLV,2003-06-23,30.100000381469727,30.100000381469727,29.479999542236328,29.700000762939453,20.272991180419922,46300
XLV,2003-06-24,29.700000762939453,29.920000076293945,29.579999923706055,29.719999313354492,20.286645889282227,120200
XLV,2003-06-25,29.799999237060547,29.950000762939453,29.399999618530273,29.559999465942383,20.177425384521484,38600
XLV,2003-06-26,29.399999618530273,29.989999771118164,29.399999618530273,29.979999542236328,20.46411895751953,49000
XLV,2003-06-27,30.0,30.0,29.40999984741211,29.520000457763672,20.15012550354004,57200
XLV,2003-06-30,29.649999618530273,29.649999618530273,29.170000076293945,29.329999923706055,20.02043342590332,114500
XLV,2003-07-01,29.100000381469727,29.5,28.809999465942383,29.489999771118164,20.12964630126953,89200
XLV,2003-07-02,29.5,29.770000457763672,29.469999313354492,29.770000457763672,20.320777893066406,29000
XLV,2003-07-03,29.700000762939453,29.709999084472656,29.510000228881836,29.59000015258789,20.197898864746094,53800
XLV,2003-07-07,29.700000762939453,29.899999618530273,29.690000534057617,29.799999237060547,20.341257095336914,69200
XLV,2003-07-08,29.600000381469727,29.889999389648438,29.600000381469727,29.809999465942383,20.34807586669922,127200
XLV,2003-07-09,29.549999237060547,29.8799991607666,29.549999237060547,29.6299991607666,20.225210189819336,213300
XLV,2003-07-10,29.6200008392334,29.6200008392334,29.200000762939453,29.309999465942383,20.006786346435547,62600
XLV,2003-07-11,29.549999237060547,29.65999984741211,29.350000381469727,29.649999618530273,20.238866806030273,88500
XLV,2003-07-14,30.100000381469727,30.100000381469727,29.59000015258789,29.6200008392334,20.2183780670166,88100
XLV,2003-07-15,30.049999237060547,30.049999237060547,29.510000228881836,29.510000228881836,20.143301010131836,226500
XLV,2003-07-16,29.520000457763672,29.530000686645508,29.200000762939453,29.34000015258789,20.027259826660156,63000
XLV,2003-07-17,29.399999618530273,29.479999542236328,29.100000381469727,29.149999618530273,19.89756965637207,29600
XLV,2003-07-18,29.200000762939453,29.420000076293945,29.100000381469727,29.420000076293945,20.081857681274414,18000
XLV,2003-07-21,29.350000381469727,29.350000381469727,28.799999237060547,28.959999084472656,19.76787567138672,57400
XLV,2003-07-22,29.049999237060547,29.049999237060547,28.6299991607666,28.90999984741211,19.73375129699707,120700
XLV,2003-07-23,29.100000381469727,29.170000076293945,28.670000076293945,29.1200008392334,19.87708854675293,36700
XLV,2003-07-24,29.1299991607666,29.34000015258789,28.889999389648438,28.889999389648438,19.7200984954834,28400
XLV,2003-07-25,28.899999618530273,29.1200008392334,28.6200008392334,29.1200008392334,19.87708854675293,81100
XLV,2003-07-28,29.25,29.25,28.950000762939453,29.049999237060547,19.829317092895508,114100
XLV,2003-07-29,29.0,29.190000534057617,28.719999313354492,28.920000076293945,19.740571975708008,295000
XLV,2003-07-30,28.950000762939453,29.149999618530273,28.950000762939453,29.040000915527344,19.822486877441406,34800
XLV,2003-07-31,29.219999313354492,29.3700008392334,28.889999389648438,28.889999389648438,19.7200984954834,59400
XLV,2003-08-01,28.75,28.75,28.389999389648438,28.450000762939453,19.419754028320312,69900
XLV,2003-08-04,28.3799991607666,28.649999618530273,28.100000381469727,28.5,19.453887939453125,616300
XLV,2003-08-05,28.600000381469727,28.65999984741211,28.030000686645508,28.030000686645508,19.133058547973633,46800
XLV,2003-08-06,28.010000228881836,28.200000762939453,27.860000610351562,28.010000228881836,19.119409561157227,129400
XLV,2003-08-07,28.040000915527344,28.549999237060547,28.020000457763672,28.459999084472656,19.42657470703125,51600
XLV,2003-08-08,28.68000030517578,28.700000762939453,28.440000534057617,28.56999969482422,19.501663208007812,79900
XLV,2003-08-11,28.350000381469727,28.700000762939453,28.350000381469727,28.510000228881836,19.46071434020996,100700
XLV,2003-08-12,28.549999237060547,28.59000015258789,28.3700008392334,28.59000015258789,19.515300750732422,42200
XLV,2003-08-13,28.700000762939453,28.700000762939453,28.049999237060547,28.18000030517578,19.235445022583008,91700
XLV,2003-08-14,28.299999237060547,28.299999237060547,27.93000030517578,28.15999984741211,19.221797943115234,60200
XLV,2003-08-15,28.290000915527344,28.299999237060547,28.100000381469727,28.100000381469727,19.180837631225586,16100
XLV,2003-08-18,28.200000762939453,28.360000610351562,28.149999618530273,28.290000915527344,19.3105411529541,80400
XLV,2003-08-19,28.299999237060547,28.31999969482422,27.969999313354492,28.139999389648438,19.208141326904297,62900
XLV,2003-08-20,28.0,28.1299991607666,27.959999084472656,28.059999465942383,19.153539657592773,33200
XLV,2003-08-21,28.1299991607666,28.149999618530273,27.799999237060547,27.899999618530273,19.04432487487793,79100
XLV,2003-08-22,27.979999542236328,27.979999542236328,27.450000762939453,27.479999542236328,18.757631301879883,75200
XLV,2003-08-25,27.5,27.700000762939453,27.5,27.68000030517578,18.89415740966797,675600
XLV,2003-08-26,27.649999618530273,27.790000915527344,27.40999984741211,27.700000762939453,18.907819747924805,63600
XLV,2003-08-27,27.700000762939453,27.719999313354492,27.56999969482422,27.719999313354492,18.92145538330078,131100
XLV,2003-08-28,27.549999237060547,27.75,27.510000228881836,27.739999771118164,18.935108184814453,91500
XLV,2003-08-29,27.600000381469727,27.8799991607666,27.600000381469727,27.81999969482422,18.98971176147461,78300
XLV,2003-09-02,27.81999969482422,28.299999237060547,27.81999969482422,28.239999771118164,19.27640724182129,139400
XLV,2003-09-03,28.329999923706055,28.329999923706055,28.100000381469727,28.1299991607666,19.201324462890625,182300
XLV,2003-09-04,28.200000762939453,28.219999313354492,27.90999984741211,28.200000762939453,19.249099731445312,214500
XLV,2003-09-05,28.200000762939453,28.329999923706055,28.049999237060547,28.1299991607666,19.201324462890625,131300
XLV,2003-09-08,28.329999923706055,28.729999542236328,28.239999771118164,28.6299991607666,19.542617797851562,260800
XLV,2003-09-09,28.75,28.799999237060547,28.530000686645508,28.719999313354492,19.604055404663086,250300
XLV,2003-09-10,28.68000030517578,28.989999771118164,28.68000030517578,28.760000228881836,19.631362915039062,264200
XLV,2003-09-11,28.950000762939453,29.030000686645508,28.809999465942383,28.920000076293945,19.740571975708008,164700
XLV,2003-09-12,28.860000610351562,28.979999542236328,28.670000076293945,28.979999542236328,19.78152084350586,146700
XLV,2003-09-15,29.0,29.049999237060547,28.709999084472656,28.899999618530273,19.7269229888916,204400
XLV,2003-09-16,28.899999618530273,29.079999923706055,28.860000610351562,29.079999923706055,19.84978485107422,145500
XLV,2003-09-17,29.149999618530273,29.149999618530273,28.950000762939453,29.010000228881836,19.802003860473633,70800
XLV,2003-09-18,29.149999618530273,29.260000228881836,29.010000228881836,29.110000610351562,19.87027359008789,89900
XLV,2003-09-19,29.0,29.020000457763672,28.68000030517578,28.790000915527344,19.710071563720703,108800
XLV,2003-09-22,28.600000381469727,28.6200008392334,28.270000457763672,28.399999618530273,19.44306182861328,166500
XLV,2003-09-23,28.459999084472656,28.670000076293945,28.420000076293945,28.639999389648438,19.60736846923828,84500
XLV,2003-09-24,28.649999618530273,28.649999618530273,28.06999969482422,28.1299991607666,19.25821876525879,124700
XLV,2003-09-25,28.040000915527344,28.190000534057617,27.850000381469727,27.940000534057617,19.128131866455078,102300
XLV,2003-09-26,27.899999618530273,27.899999618530273,27.670000076293945,27.809999465942383,19.039133071899414,64000
XLV,2003-09-29,27.860000610351562,27.989999771118164,27.65999984741211,27.940000534057617,19.128131866455078,120000
XLV,2003-09-30,27.8700008392334,28.020000457763672,27.700000762939453,27.809999465942383,19.039133071899414,199900
XLV,2003-10-01,28.0,28.360000610351562,27.920000076293945,28.309999465942383,19.381446838378906,124000
XLV,2003-10-02,28.3799991607666,28.559999465942383,28.280000686645508,28.5,19.511531829833984,79400
XLV,2003-10-03,28.850000381469727,28.850000381469727,28.299999237060547,28.3700008392334,19.422531127929688,230400
XLV,2003-10-06,28.399999618530273,28.399999618530273,28.190000534057617,28.260000228881836,19.347211837768555,85400
XLV,2003-10-07,28.079999923706055,28.25,28.020000457763672,28.239999771118164,19.333520889282227,268000
XLV,2003-10-08,28.200000762939453,28.239999771118164,28.040000915527344,28.09000015258789,19.230831146240234,50900
XLV,2003-10-09,28.3700008392334,28.399999618530273,28.049999237060547,28.1299991607666,19.25821876525879,170000
XLV,2003-10-10,28.18000030517578,28.190000534057617,28.030000686645508,28.059999465942383,19.210290908813477,66200
XLV,2003-10-13,28.149999618530273,28.299999237060547,28.049999237060547,28.139999389648438,19.265056610107422,84200
XLV,2003-10-14,28.209999084472656,28.25,28.0,28.18000030517578,19.29244041442871,177600
XLV,2003-10-15,28.350000381469727,28.360000610351562,28.0,28.1200008392334,19.251375198364258,58700
XLV,2003-10-16,28.0,28.299999237060547,28.0,28.270000457763672,19.354068756103516,93600
XLV,2003-10-17,28.200000762939453,28.299999237060547,27.90999984741211,27.950000762939453,19.134994506835938,54600
XLV,2003-10-20,28.040000915527344,28.110000610351562,27.84000015258789,28.09000015258789,19.230831146240234,67600
XLV,2003-10-21,28.1299991607666,28.459999084472656,28.100000381469727,28.350000381469727,19.40883445739746,189800
XLV,2003-10-22,28.149999618530273,28.149999618530273,27.440000534057617,27.59000015258789,18.888526916503906,275300
XLV,2003-10-23,27.450000762939453,27.920000076293945,27.450000762939453,27.8700008392334,19.08022689819336,273600
XLV,2003-10-24,27.799999237060547,27.969999313354492,27.59000015258789,27.950000762939453,19.134994506835938,378100
XLV,2003-10-27,28.030000686645508,28.079999923706055,27.84000015258789,27.8799991607666,19.087060928344727,63400
XLV,2003-10-28,27.899999618530273,28.15999984741211,27.81999969482422,28.100000381469727,19.2376708984375,73100
XLV,2003-10-29,28.049999237060547,28.09000015258789,27.84000015258789,28.020000457763672,19.182905197143555,80900
XLV,2003-10-30,28.149999618530273,28.149999618530273,27.639999389648438,27.760000228881836,19.00490951538086,134600
XLV,2003-10-31,27.799999237060547,28.1200008392334,27.799999237060547,28.0,19.169214248657227,302600
XLV,2003-11-03,28.149999618530273,28.149999618530273,27.920000076293945,27.920000076293945,19.11444854736328,127400
XLV,2003-11-04,27.84000015258789,27.8700008392334,27.649999618530273,27.739999771118164,18.991214752197266,86100
XLV,2003-11-05,27.600000381469727,27.969999313354492,27.600000381469727,27.709999084472656,18.970680236816406,68200
XLV,2003-11-06,27.850000381469727,27.93000030517578,27.559999465942383,27.850000381469727,19.0665283203125,42900
XLV,2003-11-07,27.940000534057617,27.959999084472656,27.56999969482422,27.600000381469727,18.895370483398438,98400
XLV,2003-11-10,27.59000015258789,27.600000381469727,27.350000381469727,27.389999389648438,18.75160026550293,113500
XLV,2003-11-11,27.450000762939453,27.549999237060547,27.309999465942383,27.450000762939453,18.792686462402344,64500
XLV,2003-11-12,27.68000030517578,28.0,27.520000457763672,27.959999084472656,19.14183235168457,235300
XLV,2003-11-13,28.25,28.829999923706055,28.200000762939453,28.610000610351562,19.586835861206055,163200
XLV,2003-11-14,28.950000762939453,29.25,28.90999984741211,29.030000686645508,19.87436866760254,1251500
XLV,2003-11-17,28.850000381469727,28.959999084472656,28.670000076293945,28.940000534057617,19.812755584716797,188300
XLV,2003-11-18,29.0,29.1200008392334,28.75,28.770000457763672,19.696367263793945,128200
XLV,2003-11-19,28.899999618530273,29.1200008392334,28.770000457763672,29.06999969482422,19.901756286621094,87400
XLV,2003-11-20,28.950000762939453,29.020000457763672,28.600000381469727,28.690000534057617,19.6416072845459,125500
XLV,2003-11-21,28.700000762939453,28.700000762939453,28.25,28.34000015258789,19.401981353759766,571000
XLV,2003-11-24,28.5,28.81999969482422,28.5,28.799999237060547,19.7169132232666,88300
XLV,2003-11-25,28.799999237060547,28.799999237060547,28.5,28.65999984741211,19.621065139770508,535800
XLV,2003-11-26,28.75,28.75,28.309999465942383,28.65999984741211,19.621065139770508,138300
XLV,2003-11-28,28.68000030517578,28.68000030517578,28.549999237060547,28.600000381469727,19.579994201660156,39700
XLV,2003-12-01,28.850000381469727,29.09000015258789,28.719999313354492,29.059999465942383,19.89491081237793,183000
XLV,2003-12-02,28.969999313354492,29.18000030517578,28.969999313354492,29.079999923706055,19.90860366821289,517100
XLV,2003-12-03,29.299999237060547,29.389999389648438,29.100000381469727,29.149999618530273,19.956525802612305,273400
XLV,2003-12-04,29.200000762939453,29.229999542236328,28.969999313354492,29.200000762939453,19.990758895874023,109600
XLV,2003-12-05,29.139999389648438,29.149999618530273,28.899999618530273,28.979999542236328,19.840133666992188,88900
XLV,2003-12-08,29.0,29.219999313354492,28.90999984741211,29.200000762939453,19.990758895874023,184400
XLV,2003-12-09,29.270000457763672,29.299999237060547,29.010000228881836,29.079999923706055,19.90860366821289,302800
XLV,2003-12-10,28.899999618530273,29.09000015258789,28.790000915527344,28.8799991607666,19.771678924560547,96800
XLV,2003-12-11,28.899999618530273,29.360000610351562,28.899999618530273,29.239999771118164,20.018138885498047,159900
XLV,2003-12-12,29.389999389648438,29.389999389648438,29.149999618530273,29.329999923706055,20.079755783081055,99300
XLV,2003-12-15,29.469999313354492,29.549999237060547,29.200000762939453,29.280000686645508,20.045536041259766,108100
XLV,2003-12-16,28.799999237060547,29.399999618530273,28.799999237060547,29.389999389648438,20.120838165283203,109500
XLV,2003-12-17,29.450000762939453,29.450000762939453,29.25,29.450000762939453,20.161903381347656,87900
XLV,2003-12-18,29.520000457763672,29.670000076293945,29.3700008392334,29.670000076293945,20.312524795532227,616600
XLV,2003-12-19,29.700000762939453,29.700000762939453,29.360000610351562,29.520000457763672,20.280231475830078,392000
XLV,2003-12-22,29.600000381469727,29.649999618530273,29.3799991607666,29.510000228881836,20.273366928100586,230000
XLV,2003-12-23,29.5,29.579999923706055,29.469999313354492,29.530000686645508,20.28710174560547,128400
XLV,2003-12-24,29.549999237060547,29.700000762939453,29.5,29.6200008392334,20.34893035888672,59400
XLV,2003-12-26,29.68000030517578,29.729999542236328,29.6299991607666,29.700000762939453,20.40389633178711,35200
XLV,2003-12-29,29.850000381469727,30.0,29.760000228881836,29.940000534057617,20.568784713745117,121800
XLV,2003-12-30,30.06999969482422,30.079999923706055,29.959999084472656,30.020000457763672,20.623727798461914,157500
XLV,2003-12-31,30.100000381469727,30.18000030517578,30.0,30.149999618530273,20.71304702758789,221400
XLV,2004-01-02,30.200000762939453,30.440000534057617,30.1200008392334,30.219999313354492,20.761131286621094,628700
XLV,2004-01-05,30.399999618530273,30.5,30.139999389648438,30.360000610351562,20.857316970825195,191500
XLV,2004-01-06,30.469999313354492,30.479999542236328,30.309999465942383,30.450000762939453,20.919139862060547,289300
XLV,2004-01-07,30.450000762939453,30.639999389648438,30.309999465942383,30.639999389648438,21.04966926574707,262300
XLV,2004-01-08,30.700000762939453,30.700000762939453,30.31999969482422,30.510000228881836,20.960359573364258,214300
XLV,2004-01-09,30.479999542236328,30.489999771118164,30.200000762939453,30.31999969482422,20.829837799072266,153400
XLV,2004-01-12,30.399999618530273,30.399999618530273,30.139999389648438,30.270000457763672,20.79548454284668,109900
XLV,2004-01-13,30.3799991607666,30.389999389648438,30.049999237060547,30.139999389648438,20.706174850463867,342500
XLV,2004-01-14,30.100000381469727,30.350000381469727,30.049999237060547,30.309999465942383,20.822967529296875,395500
XLV,2004-01-15,30.5,30.5,30.100000381469727,30.389999389648438,20.877918243408203,139800
XLV,2004-01-16,30.299999237060547,30.479999542236328,30.299999237060547,30.459999084472656,20.9260196685791,186600
XLV,2004-01-20,30.600000381469727,30.649999618530273,30.360000610351562,30.360000610351562,20.857316970825195,380200
XLV,2004-01-21,30.600000381469727,30.889999389648438,30.360000610351562,30.8700008392334,21.207693099975586,222100
XLV,2004-01-22,31.0,31.059999465942383,30.850000381469727,30.93000030517578,21.2489070892334,216100
XLV,2004-01-23,31.100000381469727,31.100000381469727,30.65999984741211,30.780000686645508,21.145854949951172,178900
XLV,2004-01-26,30.850000381469727,31.260000228881836,30.799999237060547,31.170000076293945,21.413782119750977,667100
XLV,2004-01-27,31.299999237060547,31.299999237060547,30.93000030517578,30.969999313354492,21.276384353637695,161400
XLV,2004-01-28,31.100000381469727,31.100000381469727,30.6299991607666,30.700000762939453,21.09088897705078,144800
XLV,2004-01-29,30.850000381469727,31.15999984741211,30.549999237060547,31.149999618530273,21.400053024291992,130600
XLV,2004-01-30,31.200000762939453,31.200000762939453,30.780000686645508,30.979999542236328,21.28325653076172,122700
XLV,2004-02-02,31.049999237060547,31.5,30.940000534057617,31.3799991607666,21.558046340942383,239100
XLV,2004-02-03,31.219999313354492,31.600000381469727,31.219999313354492,31.579999923706055,21.695457458496094,251000
XLV,2004-02-04,31.459999084472656,31.829999923706055,31.450000762939453,31.68000030517578,21.764163970947266,437900
XLV,2004-02-05,31.75,31.75,31.31999969482422,31.520000457763672,21.654233932495117,237200
XLV,2004-02-06,31.530000686645508,31.760000228881836,31.3799991607666,31.760000228881836,21.819116592407227,388000
XLV,2004-02-09,31.729999542236328,31.729999542236328,31.420000076293945,31.450000762939453,21.606136322021484,2212500
XLV,2004-02-10,31.549999237060547,31.649999618530273,31.40999984741211,31.59000015258789,21.702314376831055,186500
XLV,2004-02-11,31.6299991607666,31.950000762939453,31.450000762939453,31.8799991607666,21.90155792236328,203300
XLV,2004-02-12,31.979999542236328,31.979999542236328,31.600000381469727,31.68000030517578,21.764163970947266,603900
XLV,2004-02-13,31.850000381469727,31.850000381469727,31.5,31.540000915527344,21.6679744720459,297600
XLV,2004-02-17,31.649999618530273,31.81999969482422,31.6200008392334,31.739999771118164,21.805376052856445,250900
XLV,2004-02-18,31.850000381469727,31.850000381469727,31.5,31.600000381469727,21.709197998046875,173000
XLV,2004-02-19,31.780000686645508,31.780000686645508,31.479999542236328,31.489999771118164,21.63361930847168,115500
XLV,2004-02-20,31.600000381469727,31.600000381469727,31.209999084472656,31.31999969482422,21.516836166381836,492200
XLV,2004-02-23,31.450000762939453,31.450000762939453,31.1200008392334,31.260000228881836,21.47562026977539,331700
XLV,2004-02-24,31.299999237060547,31.469999313354492,31.149999618530273,31.399999618530273,21.571800231933594,228900
XLV,2004-02-25,31.450000762939453,31.459999084472656,31.25,31.440000534057617,21.599271774291992,87800
XLV,2004-02-26,31.440000534057617,31.450000762939453,31.200000762939453,31.399999618530273,21.571800231933594,144900
XLV,2004-02-27,31.399999618530273,31.479999542236328,31.280000686645508,31.309999465942383,21.50995635986328,84700
XLV,2004-03-01,31.3700008392334,31.489999771118164,31.149999618530273,31.399999618530273,21.571800231933594,183800
XLV,2004-03-02,31.399999618530273,31.440000534057617,31.170000076293945,31.200000762939453,21.434398651123047,161100
XLV,2004-03-03,31.200000762939453,31.40999984741211,31.030000686645508,31.329999923706055,21.52370262145996,148600
XLV,2004-03-04,31.3799991607666,31.5,31.329999923706055,31.469999313354492,21.61988639831543,158000
XLV,2004-03-05,31.469999313354492,31.729999542236328,31.3700008392334,31.6299991607666,21.72979736328125,310300
XLV,2004-03-08,31.799999237060547,31.799999237060547,31.5,31.600000381469727,21.709197998046875,225700
XLV,2004-03-09,31.700000762939453,31.700000762939453,31.1200008392334,31.239999771118164,21.461872100830078,242200
XLV,2004-03-10,31.350000381469727,31.350000381469727,30.649999618530273,30.760000228881836,21.132118225097656,215600
XLV,2004-03-11,30.600000381469727,30.6299991607666,30.100000381469727,30.170000076293945,20.726781845092773,185400
XLV,2004-03-12,30.299999237060547,30.329999923706055,30.049999237060547,30.25,20.781740188598633,293500
XLV,2004-03-15,30.299999237060547,30.299999237060547,29.90999984741211,29.979999542236328,20.596254348754883,143900
XLV,2004-03-16,30.25,30.270000457763672,29.920000076293945,30.190000534057617,20.740522384643555,144400
XLV,2004-03-17,30.270000457763672,30.270000457763672,30.010000228881836,30.15999984741211,20.71991539001465,323600
XLV,2004-03-18,30.100000381469727,30.200000762939453,29.81999969482422,30.1299991607666,20.69930648803711,75800
XLV,2004-03-19,30.100000381469727,30.100000381469727,29.549999237060547,29.579999923706055,20.37216567993164,175100
XLV,2004-03-22,29.5,29.59000015258789,29.100000381469727,29.209999084472656,20.11734962463379,150000
XLV,2004-03-23,29.450000762939453,29.579999923706055,29.219999313354492,29.309999465942383,20.18621253967285,252000
XLV,2004-03-24,29.399999618530273,29.399999618530273,29.040000915527344,29.149999618530273,20.07601547241211,93200
XLV,2004-03-25,29.549999237060547,29.549999237060547,29.079999923706055,29.309999465942383,20.18621253967285,325900
XLV,2004-03-26,29.399999618530273,29.59000015258789,29.280000686645508,29.43000030517578,20.26885986328125,93100
XLV,2004-03-29,29.549999237060547,29.93000030517578,29.5,29.829999923706055,20.544340133666992,440500
XLV,2004-03-30,29.93000030517578,29.93000030517578,29.579999923706055,29.760000228881836,20.496131896972656,459100
XLV,2004-03-31,29.8799991607666,30.020000457763672,29.709999084472656,29.93000030517578,20.613218307495117,266300
XLV,2004-04-01,30.0,30.25,30.0,30.139999389648438,20.757848739624023,144000
XLV,2004-04-02,30.40999984741211,30.59000015258789,30.34000015258789,30.5,21.00577735900879,542900
XLV,2004-04-05,30.700000762939453,30.850000381469727,30.510000228881836,30.850000381469727,21.246829986572266,108200
XLV,2004-04-06,30.850000381469727,30.850000381469727,30.559999465942383,30.75,21.177974700927734,175500
XLV,2004-04-07,30.700000762939453,30.709999084472656,30.530000686645508,30.610000610351562,21.081541061401367,65600
XLV,2004-04-08,30.799999237060547,30.799999237060547,30.260000228881836,30.399999618530273,20.936901092529297,105300
XLV,2004-04-12,30.450000762939453,30.649999618530273,30.34000015258789,30.649999618530273,21.109079360961914,382200
XLV,2004-04-13,30.649999618530273,30.81999969482422,30.350000381469727,30.3799991607666,20.923137664794922,189800
XLV,2004-04-14,30.3799991607666,30.719999313354492,30.200000762939453,30.690000534057617,21.136634826660156,215200
XLV,2004-04-15,30.799999237060547,31.299999237060547,30.75,31.25,21.522314071655273,142300
XLV,2004-04-16,31.25,31.520000457763672,31.209999084472656,31.479999542236328,21.68071746826172,1974700
XLV,2004-04-19,31.520000457763672,31.520000457763672,31.260000228881836,31.350000381469727,21.591188430786133,886400
XLV,2004-04-20,31.600000381469727,31.600000381469727,30.829999923706055,30.829999923706055,21.233057022094727,122100
XLV,2004-04-21,30.850000381469727,31.360000610351562,30.84000015258789,31.190000534057617,21.48099136352539,149800
XLV,2004-04-22,31.190000534057617,31.5,31.040000915527344,31.440000534057617,21.65317153930664,788700
XLV,2004-04-23,31.5,31.5,31.209999084472656,31.350000381469727,21.591188430786133,127500
XLV,2004-04-26,31.600000381469727,31.600000381469727,31.139999389648438,31.18000030517578,21.474111557006836,233400
XLV,2004-04-27,31.450000762939453,31.559999465942383,31.25,31.299999237060547,21.556753158569336,177000
XLV,2004-04-28,31.350000381469727,31.350000381469727,30.90999984741211,31.020000457763672,21.363922119140625,81100
XLV,2004-04-29,31.049999237060547,31.079999923706055,30.649999618530273,30.829999923706055,21.233057022094727,264400
XLV,2004-04-30,30.950000762939453,31.09000015258789,30.799999237060547,30.860000610351562,21.25372314453125,163100
XLV,2004-05-03,31.0,31.260000228881836,30.81999969482422,31.260000228881836,21.52920913696289,276200
XLV,2004-05-04,31.350000381469727,31.360000610351562,31.0,31.209999084472656,21.494770050048828,253900
XLV,2004-05-05,31.25,31.459999084472656,31.139999389648438,31.389999389648438,21.618732452392578,443300
XLV,2004-05-06,31.3700008392334,31.440000534057617,31.100000381469727,31.270000457763672,21.536088943481445,182200
XLV,2004-05-07,31.25,31.43000030517578,31.059999465942383,31.059999465942383,21.391462326049805,372800
XLV,2004-05-10,30.75,31.040000915527344,30.459999084472656,30.65999984741211,21.115978240966797,375500
XLV,2004-05-11,30.75,30.75,30.540000915527344,30.690000534057617,21.136634826660156,178700
XLV,2004-05-12,30.700000762939453,30.84000015258789,30.270000457763672,30.799999237060547,21.212392807006836,465300
XLV,2004-05-13,30.75,30.8799991607666,30.6200008392334,30.760000228881836,21.184852600097656,219500
XLV,2004-05-14,30.799999237060547,31.010000228881836,30.510000228881836,30.700000762939453,21.14352798461914,107600
XLV,2004-05-17,30.649999618530273,30.770000457763672,30.40999984741211,30.610000610351562,21.081541061401367,2092100
XLV,2004-05-18,30.610000610351562,30.739999771118164,30.510000228881836,30.600000381469727,21.074657440185547,302400
XLV,2004-05-19,30.75,30.760000228881836,30.299999237060547,30.299999237060547,20.868038177490234,1147700
XLV,2004-05-20,30.399999618530273,30.399999618530273,30.030000686645508,30.100000381469727,20.730304718017578,79700
XLV,2004-05-21,30.299999237060547,30.299999237060547,30.049999237060547,30.15999984741211,20.77161979675293,73100
XLV,2004-05-24,30.25,30.299999237060547,29.920000076293945,30.010000228881836,20.66831398010254,183600
XLV,2004-05-25,30.0,30.43000030517578,29.8700008392334,30.299999237060547,20.868038177490234,346900
XLV,2004-05-26,30.299999237060547,30.530000686645508,30.299999237060547,30.459999084472656,20.978235244750977,518600
XLV,2004-05-27,30.600000381469727,30.829999923706055,30.489999771118164,30.770000457763672,21.19173240661621,443000
XLV,2004-05-28,30.850000381469727,30.850000381469727,30.639999389648438,30.760000228881836,21.184852600097656,228200
XLV,2004-06-01,30.760000228881836,30.940000534057617,30.68000030517578,30.920000076293945,21.2950382232666,472600
XLV,2004-06-02,31.100000381469727,31.18000030517578,30.93000030517578,31.110000610351562,21.425891876220703,139800
XLV,2004-06-03,31.100000381469727,31.25,30.989999771118164,31.030000686645508,21.370807647705078,119600
XLV,2004-06-04,31.299999237060547,31.299999237060547,31.040000915527344,31.09000015258789,21.412126541137695,352800
XLV,2004-06-07,31.399999618530273,31.399999618530273,31.139999389648438,31.399999618530273,21.625629425048828,245300
XLV,2004-06-08,31.299999237060547,31.440000534057617,31.260000228881836,31.440000534057617,21.65317153930664,238100
XLV,2004-06-09,31.440000534057617,31.440000534057617,31.06999969482422,31.06999969482422,21.39834213256836,108300
XLV,2004-06-10,31.200000762939453,31.200000762939453,31.030000686645508,31.079999923706055,21.405237197875977,124700
XLV,2004-06-14,30.989999771118164,31.020000457763672,30.799999237060547,30.860000610351562,21.25372314453125,131300
XLV,2004-06-15,31.049999237060547,31.049999237060547,30.809999465942383,30.899999618530273,21.281274795532227,175400
XLV,2004-06-16,31.0,31.020000457763672,30.829999923706055,30.90999984741211,21.28815269470215,821900
XLV,2004-06-17,30.90999984741211,30.959999084472656,30.739999771118164,30.959999084472656,21.322586059570312,267900
XLV,2004-06-18,30.850000381469727,30.959999084472656,30.809999465942383,30.860000610351562,21.31292724609375,117000
XLV,2004-06-21,30.809999465942383,30.850000381469727,30.6200008392334,30.649999618530273,21.167879104614258,105200
XLV,2004-06-22,30.649999618530273,30.649999618530273,30.34000015258789,30.520000457763672,21.078107833862305,129800
XLV,2004-06-23,30.600000381469727,30.75,30.440000534057617,30.700000762939453,21.202423095703125,174000
XLV,2004-06-24,30.700000762939453,30.790000915527344,30.639999389648438,30.709999084472656,21.209321975708008,519000
XLV,2004-06-25,30.5,30.649999618530273,30.3799991607666,30.440000534057617,21.022859573364258,304200
XLV,2004-06-28,30.549999237060547,30.56999969482422,30.170000076293945,30.290000915527344,20.919267654418945,391700
XLV,2004-06-29,30.309999465942383,30.59000015258789,30.290000915527344,30.450000762939453,21.029766082763672,681300
XLV,2004-06-30,30.5,30.6299991607666,30.3799991607666,30.559999465942383,21.105731964111328,176800
XLV,2004-07-01,30.600000381469727,30.6200008392334,29.90999984741211,30.1299991607666,20.80876350402832,1131500
XLV,2004-07-02,30.25,30.25,30.020000457763672,30.110000610351562,20.794946670532227,138300
XLV,2004-07-06,30.1200008392334,30.1200008392334,29.790000915527344,29.889999389648438,20.64301109313965,666500
XLV,2004-07-07,29.899999618530273,29.93000030517578,29.719999313354492,29.81999969482422,20.594663619995117,277900
XLV,2004-07-08,29.700000762939453,30.1299991607666,29.700000762939453,29.75,20.546310424804688,276000
XLV,2004-07-09,30.0,30.0,29.639999389648438,29.68000030517578,20.497976303100586,135300
XLV,2004-07-12,29.649999618530273,29.68000030517578,29.43000030517578,29.549999237060547,20.408191680908203,175300
XLV,2004-07-13,29.600000381469727,29.81999969482422,29.600000381469727,29.790000915527344,20.573949813842773,518900
XLV,2004-07-14,29.700000762939453,30.1299991607666,29.700000762939453,29.899999618530273,20.649906158447266,122600
XLV,2004-07-15,29.950000762939453,30.010000228881836,29.56999969482422,29.56999969482422,20.422008514404297,226700
XLV,2004-07-16,29.6200008392334,29.670000076293945,29.260000228881836,29.309999465942383,20.242441177368164,97800
XLV,2004-07-19,29.5,29.5,29.020000457763672,29.170000076293945,20.145761489868164,128500
XLV,2004-07-20,29.170000076293945,29.299999237060547,29.09000015258789,29.290000915527344,20.228635787963867,329000
XLV,2004-07-21,29.600000381469727,29.600000381469727,28.959999084472656,28.959999084472656,20.000720977783203,137900
XLV,2004-07-22,28.84000015258789,29.200000762939453,28.760000228881836,29.100000381469727,20.097408294677734,454300
XLV,2004-07-23,29.049999237060547,29.049999237060547,28.729999542236328,28.920000076293945,19.973093032836914,66600
XLV,2004-07-26,28.940000534057617,28.940000534057617,28.40999984741211,28.6299991607666,19.772804260253906,419800
XLV,2004-07-27,28.700000762939453,28.860000610351562,28.459999084472656,28.75,19.85569190979004,163500
XLV,2004-07-28,28.68000030517578,28.780000686645508,28.260000228881836,28.68000030517578,19.807353973388672,126800
XLV,2004-07-29,28.75,28.940000534057617,28.540000915527344,28.809999465942383,19.897117614746094,216100
XLV,2004-07-30,28.850000381469727,28.969999313354492,28.760000228881836,28.920000076293945,19.973093032836914,314600
XLV,2004-08-02,28.920000076293945,29.020000457763672,28.84000015258789,28.889999389648438,19.952383041381836,254700
XLV,2004-08-03,28.850000381469727,29.049999237060547,28.75,28.860000610351562,19.931655883789062,169700
XLV,2004-08-04,28.8799991607666,28.90999984741211,28.6200008392334,28.799999237060547,19.89021873474121,344600
XLV,2004-08-05,28.899999618530273,28.899999618530273,28.229999542236328,28.270000457763672,19.52418327331543,441200
XLV,2004-08-06,28.010000228881836,28.010000228881836,27.790000915527344,27.8799991607666,19.254833221435547,582500
XLV,2004-08-09,27.850000381469727,27.940000534057617,27.75,27.75,19.16506004333496,512300
XLV,2004-08-10,27.899999618530273,28.15999984741211,27.799999237060547,28.15999984741211,19.448213577270508,77900
XLV,2004-08-11,28.100000381469727,28.700000762939453,28.0,28.6299991607666,19.772804260253906,1819900
XLV,2004-08-12,28.6299991607666,28.729999542236328,28.469999313354492,28.469999313354492,19.662311553955078,511600
XLV,2004-08-13,28.549999237060547,28.600000381469727,28.190000534057617,28.25,19.5103759765625,1089000
XLV,2004-08-16,28.350000381469727,28.700000762939453,28.309999465942383,28.6299991607666,19.772804260253906,643400
XLV,2004-08-17,28.610000610351562,28.799999237060547,28.559999465942383,28.670000076293945,19.80043601989746,142000
XLV,2004-08-18,28.549999237060547,29.079999923706055,28.549999237060547,29.049999237060547,20.06288719177246,709100
XLV,2004-08-19,29.100000381469727,29.100000381469727,28.81999969482422,28.950000762939453,19.993812561035156,842600
XLV,2004-08-20,28.940000534057617,29.229999542236328,28.899999618530273,29.190000534057617,20.159561157226562,129100
XLV,2004-08-23,29.100000381469727,29.309999465942383,29.079999923706055,29.1299991607666,20.118122100830078,133100
XLV,2004-08-24,29.1299991607666,29.280000686645508,29.079999923706055,29.149999618530273,20.13193702697754,443000
XLV,2004-08-25,29.25,29.43000030517578,29.110000610351562,29.43000030517578,20.325319290161133,149800
XLV,2004-08-26,29.43000030517578,29.440000534057617,29.280000686645508,29.389999389648438,20.297700881958008,664600
XLV,2004-08-27,29.299999237060547,29.610000610351562,29.299999237060547,29.600000381469727,20.442726135253906,372700
XLV,2004-08-30,29.549999237060547,29.549999237060547,29.200000762939453,29.229999542236328,20.18718719482422,110100
XLV,2004-08-31,29.25,29.389999389648438,29.18000030517578,29.389999389648438,20.297700881958008,598000
XLV,2004-09-01,29.450000762939453,29.520000457763672,29.299999237060547,29.510000228881836,20.38056755065918,462400
XLV,2004-09-02,29.549999237060547,29.8700008392334,29.450000762939453,29.809999465942383,20.587751388549805,278400
XLV,2004-09-03,29.649999618530273,29.989999771118164,29.649999618530273,29.75,20.546310424804688,1711100
XLV,2004-09-07,30.0,30.3799991607666,29.790000915527344,29.950000762939453,20.6844425201416,188400
XLV,2004-09-08,30.049999237060547,30.049999237060547,29.829999923706055,29.8799991607666,20.6361026763916,401100
XLV,2004-09-09,29.950000762939453,29.950000762939453,29.729999542236328,29.760000228881836,20.55322265625,506500
XLV,2004-09-10,29.75,29.75,29.459999084472656,29.719999313354492,20.52560806274414,160700
XLV,2004-09-13,29.760000228881836,29.84000015258789,29.649999618530273,29.75,20.546310424804688,3257800
XLV,2004-09-14,29.799999237060547,30.059999465942383,29.799999237060547,29.979999542236328,20.705167770385742,178100
XLV,2004-09-15,29.979999542236328,29.979999542236328,29.829999923706055,29.860000610351562,20.622285842895508,169000
XLV,2004-09-16,29.899999618530273,29.93000030517578,29.790000915527344,29.850000381469727,20.61538314819336,58700
XLV,2004-09-17,29.899999618530273,29.899999618530273,29.75,29.850000381469727,20.677034378051758,948100
XLV,2004-09-20,29.799999237060547,29.799999237060547,29.43000030517578,29.520000457763672,20.448448181152344,160200
XLV,2004-09-21,29.549999237060547,29.780000686645508,29.469999313354492,29.670000076293945,20.552350997924805,203600
XLV,2004-09-22,29.649999618530273,29.649999618530273,29.219999313354492,29.299999237060547,20.296037673950195,2548800
XLV,2004-09-23,29.399999618530273,29.399999618530273,29.09000015258789,29.09000015258789,20.150588989257812,187800
XLV,2004-09-24,28.850000381469727,29.299999237060547,28.850000381469727,29.170000076293945,20.20600700378418,531000
XLV,2004-09-27,29.170000076293945,29.200000762939453,28.989999771118164,29.0,20.08824348449707,402100
XLV,2004-09-28,29.200000762939453,29.3799991607666,28.850000381469727,29.219999313354492,20.24063491821289,673400
XLV,2004-09-29,29.299999237060547,29.360000610351562,29.190000534057617,29.350000381469727,20.3306884765625,668100
XLV,2004-09-30,29.0,29.0,28.649999618530273,28.790000915527344,19.942777633666992,1650500
XLV,2004-10-01,28.790000915527344,29.110000610351562,28.790000915527344,29.059999465942383,20.129804611206055,644200
XLV,2004-10-04,29.059999465942383,29.329999923706055,29.059999465942383,29.190000534057617,20.219850540161133,227300
XLV,2004-10-05,29.290000915527344,29.290000915527344,29.040000915527344,29.100000381469727,20.157508850097656,210100
XLV,2004-10-06,29.15999984741211,30.0,28.860000610351562,29.06999969482422,20.136735916137695,403800
XLV,2004-10-07,29.09000015258789,29.100000381469727,28.299999237060547,28.40999984741211,19.67954444885254,549100
XLV,2004-10-08,28.290000915527344,28.450000762939453,28.0,28.020000457763672,19.40939712524414,315700
XLV,2004-10-11,28.020000457763672,28.25,28.010000228881836,28.209999084472656,19.541004180908203,220500
XLV,2004-10-12,28.010000228881836,28.229999542236328,27.950000762939453,28.15999984741211,19.506376266479492,221900
XLV,2004-10-13,28.15999984741211,28.280000686645508,27.770000457763672,27.860000610351562,19.298564910888672,1533800
XLV,2004-10-14,27.850000381469727,28.059999465942383,27.65999984741211,27.670000076293945,19.166959762573242,170800
XLV,2004-10-15,27.649999618530273,27.739999771118164,27.43000030517578,27.709999084472656,19.19466209411621,229300
XLV,2004-10-18,27.649999618530273,28.0,27.6200008392334,27.969999313354492,19.3747615814209,518500
XLV,2004-10-19,28.049999237060547,28.049999237060547,27.459999084472656,27.510000228881836,19.056119918823242,474800
XLV,2004-10-20,27.549999237060547,27.549999237060547,27.209999084472656,27.5,19.049196243286133,268600
XLV,2004-10-21,27.5,27.5,27.06999969482422,27.239999771118164,18.86908531188965,316000
XLV,2004-10-22,27.31999969482422,27.350000381469727,26.979999542236328,27.040000915527344,18.730548858642578,402300
XLV,2004-10-25,27.149999618530273,27.149999618530273,26.700000762939453,26.889999389648438,18.62665367126465,203700
XLV,2004-10-26,26.950000762939453,27.399999618530273,26.950000762939453,27.399999618530273,18.979930877685547,463500
XLV,2004-10-27,27.5,28.219999313354492,27.450000762939453,28.1200008392334,19.478670120239258,480600
XLV,2004-10-28,28.200000762939453,28.209999084472656,28.0,28.06999969482422,19.444032669067383,263800
XLV,2004-10-29,28.200000762939453,28.209999084472656,27.920000076293945,28.149999618530273,19.499446868896484,303700
XLV,2004-11-01,28.100000381469727,28.100000381469727,27.770000457763672,27.889999389648438,19.319345474243164,1321300
XLV,2004-11-02,27.850000381469727,28.219999313354492,27.520000457763672,27.68000030517578,19.173879623413086,1214700
XLV,2004-11-03,29.399999618530273,30.280000686645508,28.3799991607666,28.5,19.741891860961914,1322700
XLV,2004-11-04,28.600000381469727,28.600000381469727,28.010000228881836,28.559999465942383,19.78345489501953,1230700
XLV,2004-11-05,28.700000762939453,28.829999923706055,28.579999923706055,28.729999542236328,19.901216506958008,707400
XLV,2004-11-08,28.68000030517578,28.719999313354492,28.530000686645508,28.719999313354492,19.894285202026367,379100
XLV,2004-11-09,28.75,28.8799991607666,28.649999618530273,28.729999542236328,19.901216506958008,410000
XLV,2004-11-10,28.799999237060547,28.84000015258789,28.5,28.649999618530273,19.84578514099121,301000
XLV,2004-11-11,28.799999237060547,28.93000030517578,28.68000030517578,28.799999237060547,19.9497013092041,242400
XLV,2004-11-12,28.81999969482422,28.899999618530273,28.56999969482422,28.84000015258789,19.97740364074707,354400
XLV,2004-11-15,28.770000457763672,29.110000610351562,28.760000228881836,28.989999771118164,20.081315994262695,445200
XLV,2004-11-16,29.049999237060547,29.049999237060547,28.799999237060547,28.850000381469727,19.98432731628418,747600
XLV,2004-11-17,28.920000076293945,29.040000915527344,28.75,28.84000015258789,19.97740364074707,562600
XLV,2004-11-18,28.790000915527344,28.8700008392334,28.690000534057617,28.760000228881836,19.9219970703125,238300
XLV,2004-11-19,28.6299991607666,28.690000534057617,28.3799991607666,28.40999984741211,19.67954444885254,839300
XLV,2004-11-22,28.5,28.540000915527344,28.25,28.459999084472656,19.714183807373047,292900
XLV,2004-11-23,28.5,28.5,28.260000228881836,28.3700008392334,19.65184211730957,162900
XLV,2004-11-24,28.5,28.579999923706055,28.329999923706055,28.440000534057617,19.70033836364746,302400
XLV,2004-11-26,28.549999237060547,28.729999542236328,28.459999084472656,28.610000610351562,19.81809425354004,3009300
XLV,2004-11-29,28.700000762939453,28.760000228881836,28.510000228881836,28.600000381469727,19.811166763305664,809000
XLV,2004-11-30,28.549999237060547,28.770000457763672,28.540000915527344,28.700000762939453,19.88043212890625,340200
XLV,2004-12-01,28.700000762939453,29.190000534057617,28.700000762939453,29.18000030517578,20.212932586669922,669100
XLV,2004-12-02,29.25,29.5,29.100000381469727,29.459999084472656,20.406879425048828,487500
XLV,2004-12-03,29.459999084472656,29.59000015258789,29.200000762939453,29.260000228881836,20.268339157104492,771200
XLV,2004-12-06,29.260000228881836,29.31999969482422,28.969999313354492,29.200000762939453,20.226783752441406,370900
XLV,2004-12-07,29.450000762939453,29.450000762939453,28.8700008392334,28.899999618530273,20.018966674804688,300200
XLV,2004-12-08,28.950000762939453,29.3700008392334,28.940000534057617,29.31999969482422,20.309911727905273,372600
XLV,2004-12-09,29.399999618530273,29.600000381469727,29.059999465942383,29.510000228881836,20.44151496887207,1360000
XLV,2004-12-10,29.649999618530273,29.649999618530273,29.399999618530273,29.489999771118164,20.427661895751953,1367700
XLV,2004-12-13,29.600000381469727,29.649999618530273,29.40999984741211,29.6299991607666,20.524642944335938,661900
XLV,2004-12-14,29.75,29.90999984741211,29.59000015258789,29.889999389648438,20.704740524291992,479500
XLV,2004-12-15,29.899999618530273,29.989999771118164,29.690000534057617,29.979999542236328,20.76707649230957,604900
XLV,2004-12-16,30.06999969482422,30.440000534057617,30.010000228881836,30.399999618530273,21.058012008666992,623500
XLV,2004-12-17,29.5,29.799999237060547,29.18000030517578,29.700000762939453,20.636255264282227,1019000
XLV,2004-12-20,29.770000457763672,29.799999237060547,29.309999465942383,29.34000015258789,20.386125564575195,2002900
XLV,2004-12-21,29.34000015258789,29.6299991607666,29.34000015258789,29.6200008392334,20.58066749572754,3683200
XLV,2004-12-22,29.649999618530273,29.860000610351562,29.600000381469727,29.84000015258789,20.733535766601562,912000
XLV,2004-12-23,29.649999618530273,30.079999923706055,29.649999618530273,29.959999084472656,20.816911697387695,642900
XLV,2004-12-27,30.100000381469727,30.1200008392334,29.899999618530273,29.920000076293945,20.789125442504883,563100
XLV,2004-12-28,30.049999237060547,30.239999771118164,30.0,30.229999542236328,21.004518508911133,413000
XLV,2004-12-29,30.299999237060547,30.299999237060547,30.170000076293945,30.290000915527344,21.046215057373047,300100
XLV,2004-12-30,30.399999618530273,30.399999618530273,30.239999771118164,30.309999465942383,21.060100555419922,268000
XLV,2004-12-31,30.350000381469727,30.350000381469727,30.18000030517578,30.190000534057617,20.97673225402832,236300
XLV,2005-01-03,30.450000762939453,30.450000762939453,29.81999969482422,29.84000015258789,20.733535766601562,606200
XLV,2005-01-04,29.979999542236328,30.049999237060547,29.469999313354492,29.600000381469727,20.56678009033203,454300
XLV,2005-01-05,29.579999923706055,29.739999771118164,29.540000915527344,29.549999237060547,20.53203773498535,448300
XLV,2005-01-06,29.700000762939453,29.8799991607666,29.549999237060547,29.770000457763672,20.684898376464844,1247500
XLV,2005-01-07,29.850000381469727,29.899999618530273,29.709999084472656,29.75,20.67099952697754,173600
XLV,2005-01-10,29.850000381469727,30.049999237060547,29.739999771118164,30.010000228881836,20.851661682128906,456100
XLV,2005-01-11,29.799999237060547,29.940000534057617,29.739999771118164,29.799999237060547,20.705738067626953,570800
XLV,2005-01-12,29.950000762939453,30.040000915527344,29.760000228881836,30.0,20.844707489013672,318000
XLV,2005-01-13,30.0,30.040000915527344,29.510000228881836,29.549999237060547,20.53203773498535,247500
XLV,2005-01-14,29.649999618530273,29.729999542236328,29.5,29.670000076293945,20.61541175842285,275800
XLV,2005-01-18,29.700000762939453,29.90999984741211,29.579999923706055,29.90999984741211,20.782167434692383,255500
XLV,2005-01-19,30.0,30.0,29.709999084472656,29.719999313354492,20.650156021118164,549300
XLV,2005-01-20,29.649999618530273,29.809999465942383,29.540000915527344,29.56999969482422,20.54593849182129,509700
XLV,2005-01-21,29.700000762939453,29.700000762939453,29.3700008392334,29.3700008392334,20.40696907043457,350300
XLV,2005-01-24,29.5,29.5,29.1200008392334,29.1200008392334,20.233261108398438,341200
XLV,2005-01-25,29.399999618530273,29.510000228881836,29.280000686645508,29.31999969482422,20.372224807739258,174900
XLV,2005-01-26,29.40999984741211,29.639999389648438,29.399999618530273,29.5,20.497299194335938,498200
XLV,2005-01-27,29.600000381469727,29.600000381469727,29.350000381469727,29.440000534057617,20.455612182617188,741800
XLV,2005-01-28,29.5,29.540000915527344,29.09000015258789,29.200000762939453,20.28884506225586,506200
XLV,2005-01-31,29.34000015258789,29.399999618530273,29.110000610351562,29.25,20.32358741760254,690500
XLV,2005-02-01,29.350000381469727,29.530000686645508,29.25,29.530000686645508,20.518136978149414,806900
XLV,2005-02-02,29.399999618530273,29.68000030517578,29.399999618530273,29.649999618530273,20.601520538330078,327600
XLV,2005-02-03,29.700000762939453,29.700000762939453,29.469999313354492,29.559999465942383,20.53898811340332,407700
XLV,2005-02-04,29.600000381469727,29.850000381469727,29.489999771118164,29.829999923706055,20.72658348083496,369100
XLV,2005-02-07,29.600000381469727,29.940000534057617,29.600000381469727,29.850000381469727,20.740480422973633,671100
XLV,2005-02-08,29.829999923706055,29.979999542236328,29.829999923706055,29.920000076293945,20.789125442504883,434800
XLV,2005-02-09,29.950000762939453,30.059999465942383,29.59000015258789,29.600000381469727,20.56678009033203,485000
XLV,2005-02-10,29.700000762939453,29.75,29.510000228881836,29.649999618530273,20.601520538330078,314000
XLV,2005-02-11,29.670000076293945,30.1299991607666,29.670000076293945,29.950000762939453,20.809972763061523,281600
XLV,2005-02-14,30.0,30.020000457763672,29.860000610351562,29.969999313354492,20.8238582611084,415000
XLV,2005-02-15,30.049999237060547,30.100000381469727,29.889999389648438,29.959999084472656,20.816911697387695,214100
XLV,2005-02-16,30.0,30.0,29.760000228881836,29.920000076293945,20.789125442504883,211300
XLV,2005-02-17,29.8799991607666,29.989999771118164,29.790000915527344,29.8799991607666,20.76132583618164,198500
XLV,2005-02-18,29.989999771118164,30.3799991607666,29.809999465942383,30.329999923706055,21.073997497558594,947900
XLV,2005-02-22,30.399999618530273,30.40999984741211,29.90999984741211,29.969999313354492,20.8238582611084,3282500
XLV,2005-02-23,30.100000381469727,30.219999313354492,29.969999313354492,30.110000610351562,20.921140670776367,482400
XLV,2005-02-24,30.219999313354492,30.3799991607666,29.920000076293945,30.34000015258789,21.080947875976562,410100
XLV,2005-02-25,30.299999237060547,30.6299991607666,30.299999237060547,30.59000015258789,21.25465965270996,448200
XLV,2005-02-28,30.700000762939453,30.700000762939453,30.020000457763672,30.1299991607666,20.93503761291504,779800
XLV,2005-03-01,30.299999237060547,30.440000534057617,30.290000915527344,30.3700008392334,21.101787567138672,390800
XLV,2005-03-02,30.399999618530273,30.6200008392334,30.260000228881836,30.399999618530273,21.122629165649414,758500
XLV,2005-03-03,30.600000381469727,30.6200008392334,30.280000686645508,30.3700008392334,21.101787567138672,312900
XLV,2005-03-04,30.520000457763672,30.670000076293945,30.5,30.649999618530273,21.296340942382812,333800
XLV,2005-03-07,30.600000381469727,30.8799991607666,30.600000381469727,30.719999313354492,21.344974517822266,438600
XLV,2005-03-08,30.799999237060547,30.799999237060547,30.479999542236328,30.520000457763672,21.206012725830078,731200
XLV,2005-03-09,30.6299991607666,30.6299991607666,30.280000686645508,30.329999923706055,21.073997497558594,386000
XLV,2005-03-10,30.5,30.549999237060547,30.34000015258789,30.440000534057617,21.150434494018555,577600
XLV,2005-03-11,30.549999237060547,30.549999237060547,30.100000381469727,30.200000762939453,20.983667373657227,428700
XLV,2005-03-14,30.25,30.270000457763672,30.0,30.25,21.018415451049805,1195700
XLV,2005-03-15,30.31999969482422,30.34000015258789,29.8799991607666,29.899999618530273,20.775230407714844,688100
XLV,2005-03-16,29.829999923706055,29.90999984741211,29.559999465942383,29.610000610351562,20.573720932006836,1745900
XLV,2005-03-17,29.719999313354492,29.75,29.520000457763672,29.709999084472656,20.64320182800293,196200
XLV,2005-03-18,29.579999923706055,29.739999771118164,29.399999618530273,29.579999923706055,20.62298583984375,1285200
XLV,2005-03-21,29.65999984741211,29.68000030517578,29.329999923706055,29.459999084472656,20.539325714111328,667400
XLV,2005-03-22,29.649999618530273,29.709999084472656,29.40999984741211,29.469999313354492,20.546302795410156,233000
XLV,2005-03-23,29.469999313354492,29.850000381469727,29.469999313354492,29.790000915527344,20.769399642944336,274800
XLV,2005-03-24,29.950000762939453,30.020000457763672,29.770000457763672,29.799999237060547,20.7763729095459,612300
XLV,2005-03-28,29.950000762939453,29.950000762939453,29.780000686645508,29.780000686645508,20.762420654296875,243500
XLV,2005-03-29,29.799999237060547,29.899999618530273,29.65999984741211,29.68000030517578,20.69270896911621,525700
XLV,2005-03-30,29.719999313354492,30.149999618530273,29.719999313354492,30.149999618530273,21.0203914642334,304700
XLV,2005-03-31,30.149999618530273,30.149999618530273,29.81999969482422,29.860000610351562,20.818204879760742,898600
XLV,2005-04-01,30.040000915527344,30.100000381469727,29.540000915527344,29.600000381469727,20.636934280395508,344700
XLV,2005-04-04,29.75,29.899999618530273,29.600000381469727,29.75,20.74150848388672,215800
XLV,2005-04-05,30.030000686645508,30.360000610351562,30.020000457763672,30.350000381469727,21.159833908081055,456500
XLV,2005-04-06,30.40999984741211,30.579999923706055,30.350000381469727,30.3700008392334,21.173770904541016,1220800
XLV,2005-04-07,30.350000381469727,30.690000534057617,30.15999984741211,30.68000030517578,21.389904022216797,1007500
XLV,2005-04-08,30.649999618530273,30.709999084472656,30.399999618530273,30.459999084472656,21.236526489257812,552900
XLV,2005-04-11,30.600000381469727,30.600000381469727,30.399999618530273,30.43000030517578,21.21560287475586,417200
XLV,2005-04-12,30.34000015258789,30.649999618530273,30.149999618530273,30.6299991607666,21.35503387451172,373100
XLV,2005-04-13,30.68000030517578,30.899999618530273,30.5,30.770000457763672,21.452648162841797,420600
XLV,2005-04-14,30.850000381469727,30.850000381469727,30.59000015258789,30.649999618530273,21.36898422241211,1148000
XLV,2005-04-15,30.75,31.100000381469727,30.75,30.799999237060547,21.47357177734375,4044300
XLV,2005-04-18,31.399999618530273,31.399999618530273,30.3700008392334,30.59000015258789,21.32716178894043,1153800
XLV,2005-04-19,30.639999389648438,30.729999542236328,30.3700008392334,30.56999969482422,21.31321907043457,926900
XLV,2005-04-20,30.649999618530273,30.649999618530273,30.1200008392334,30.190000534057617,21.04827880859375,433100
XLV,2005-04-21,30.549999237060547,30.6299991607666,30.329999923706055,30.600000381469727,21.334131240844727,429400
XLV,2005-04-22,30.729999542236328,30.729999542236328,30.350000381469727,30.489999771118164,21.257429122924805,795200
XLV,2005-04-25,30.600000381469727,30.700000762939453,30.43000030517578,30.559999465942383,21.306238174438477,344500
XLV,2005-04-26,30.600000381469727,30.68000030517578,30.3700008392334,30.3700008392334,21.173770904541016,345200
XLV,2005-04-27,30.329999923706055,30.670000076293945,30.190000534057617,30.600000381469727,21.334131240844727,339100
XLV,2005-04-28,30.43000030517578,30.649999618530273,30.399999618530273,30.450000762939453,21.229549407958984,347100
XLV,2005-04-29,30.579999923706055,30.899999618530273,30.40999984741211,30.899999618530273,21.543285369873047,429800
XLV,2005-05-02,31.049999237060547,31.049999237060547,30.8700008392334,31.030000686645508,21.63391876220703,502700
XLV,2005-05-03,31.049999237060547,31.149999618530273,30.8799991607666,31.010000228881836,21.619976043701172,2936300
XLV,2005-05-04,31.149999618530273,31.329999923706055,31.0,31.31999969482422,21.836105346679688,532500
XLV,2005-05-05,31.399999618530273,31.399999618530273,31.18000030517578,31.309999465942383,21.82912826538086,637000
XLV,2005-05-06,31.549999237060547,31.549999237060547,31.170000076293945,31.170000076293945,21.731529235839844,1699700
XLV,2005-05-09,31.260000228881836,31.420000076293945,31.09000015258789,31.399999618530273,21.891883850097656,1036100
XLV,2005-05-10,31.450000762939453,31.450000762939453,31.139999389648438,31.200000762939453,21.75244903564453,550000
XLV,2005-05-11,31.149999618530273,31.3700008392334,31.020000457763672,31.329999923706055,21.84307289123535,573500
XLV,2005-05-12,31.399999618530273,31.5,31.219999313354492,31.290000915527344,21.8151912689209,716500
XLV,2005-05-13,31.280000686645508,31.350000381469727,30.850000381469727,31.079999923706055,21.668771743774414,1828500
XLV,2005-05-16,31.200000762939453,31.450000762939453,31.149999618530273,31.450000762939453,21.926734924316406,653500
XLV,2005-05-17,31.450000762939453,31.459999084472656,31.139999389648438,31.43000030517578,21.912797927856445,1428900
XLV,2005-05-18,31.559999465942383,31.6299991607666,31.420000076293945,31.5,21.961599349975586,628700
XLV,2005-05-19,31.549999237060547,31.600000381469727,31.31999969482422,31.489999771118164,21.95462989807129,490300
XLV,2005-05-20,30.56999969482422,31.549999237060547,30.56999969482422,31.469999313354492,21.94068717956543,311400
XLV,2005-05-23,31.459999084472656,31.6299991607666,31.360000610351562,31.530000686645508,21.982511520385742,508600
XLV,2005-05-24,31.600000381469727,31.649999618530273,31.5,31.56999969482422,22.010404586791992,540200
XLV,2005-05-25,31.600000381469727,31.600000381469727,31.25,31.3700008392334,21.870960235595703,748700
XLV,2005-05-26,31.399999618530273,31.549999237060547,31.399999618530273,31.489999771118164,21.95462989807129,821000
XLV,2005-05-27,31.649999618530273,31.649999618530273,31.34000015258789,31.389999389648438,21.88490867614746,791100
XLV,2005-05-31,31.5,31.5,31.219999313354492,31.290000915527344,21.8151912689209,1182500
XLV,2005-06-01,31.34000015258789,31.469999313354492,31.200000762939453,31.3700008392334,21.870960235595703,591900
XLV,2005-06-02,31.350000381469727,31.450000762939453,31.25,31.3700008392334,21.870960235595703,408900
XLV,2005-06-03,31.399999618530273,31.399999618530273,31.190000534057617,31.260000228881836,21.794269561767578,1874900
XLV,2005-06-06,31.239999771118164,31.360000610351562,31.18000030517578,31.270000457763672,21.801254272460938,537100
XLV,2005-06-07,31.360000610351562,31.549999237060547,31.25,31.280000686645508,21.808216094970703,453800
XLV,2005-06-08,31.3700008392334,31.3700008392334,31.010000228881836,31.059999465942383,21.654830932617188,494900
XLV,2005-06-09,31.06999969482422,31.290000915527344,31.020000457763672,31.190000534057617,21.745471954345703,373200
XLV,2005-06-10,31.149999618530273,31.280000686645508,31.010000228881836,31.1200008392334,21.69667625427246,966000
XLV,2005-06-13,31.200000762939453,31.3700008392334,31.040000915527344,31.25,21.787311553955078,363300
XLV,2005-06-14,31.350000381469727,31.600000381469727,31.25,31.520000457763672,21.975543975830078,1039800
XLV,2005-06-15,31.649999618530273,31.649999618530273,31.260000228881836,31.399999618530273,21.891883850097656,685800
XLV,2005-06-16,31.549999237060547,31.610000610351562,31.450000762939453,31.600000381469727,22.03131866455078,979500
XLV,2005-06-17,31.399999618530273,31.770000457763672,31.399999618530273,31.65999984741211,22.140413284301758,536300
XLV,2005-06-20,31.75,31.75,31.5,31.6200008392334,22.112436294555664,484500
XLV,2005-06-21,31.700000762939453,31.700000762939453,31.510000228881836,31.56999969482422,22.077476501464844,400800
XLV,2005-06-22,31.5,31.65999984741211,31.43000030517578,31.459999084472656,22.00054168701172,507300
XLV,2005-06-23,31.5,31.530000686645508,31.239999771118164,31.25,21.853702545166016,561800
XLV,2005-06-24,31.350000381469727,31.350000381469727,31.100000381469727,31.100000381469727,21.748790740966797,358200
XLV,2005-06-27,31.100000381469727,31.110000610351562,30.899999618530273,30.969999313354492,21.657880783081055,869400
XLV,2005-06-28,31.200000762939453,31.290000915527344,31.09000015258789,31.280000686645508,21.874671936035156,529200
XLV,2005-06-29,31.399999618530273,31.399999618530273,31.200000762939453,31.239999771118164,21.846696853637695,403100
XLV,2005-06-30,31.270000457763672,31.299999237060547,30.969999313354492,31.030000686645508,21.69984245300293,625900
XLV,2005-07-01,31.100000381469727,31.100000381469727,30.8700008392334,30.989999771118164,21.671875,483900
XLV,2005-07-05,30.8799991607666,31.190000534057617,30.850000381469727,31.100000381469727,21.748790740966797,443900
XLV,2005-07-06,30.989999771118164,31.149999618530273,30.850000381469727,30.899999618530273,21.608932495117188,1084000
XLV,2005-07-07,30.600000381469727,30.93000030517578,30.600000381469727,30.889999389648438,21.60194206237793,387400
XLV,2005-07-08,30.959999084472656,31.34000015258789,30.850000381469727,31.260000228881836,21.860681533813477,667900
XLV,2005-07-11,31.350000381469727,31.450000762939453,31.190000534057617,31.360000610351562,21.930614471435547,545800
XLV,2005-07-12,31.399999618530273,31.420000076293945,31.229999542236328,31.34000015258789,21.91663932800293,583600
XLV,2005-07-13,31.309999465942383,31.350000381469727,31.09000015258789,31.170000076293945,21.79775047302246,728300
XLV,2005-07-14,31.350000381469727,31.450000762939453,31.25,31.360000610351562,21.930614471435547,1118500
XLV,2005-07-15,31.399999618530273,31.549999237060547,31.360000610351562,31.510000228881836,22.035520553588867,454500
XLV,2005-07-18,31.549999237060547,31.549999237060547,31.299999237060547,31.31999969482422,21.902645111083984,626500
XLV,2005-07-19,31.450000762939453,31.469999313354492,31.219999313354492,31.329999923706055,21.90963363647461,322600
XLV,2005-07-20,31.5,31.809999465942383,31.5,31.780000686645508,22.224332809448242,1247900
XLV,2005-07-21,31.75,31.780000686645508,31.3700008392334,31.440000534057617,21.986560821533203,709000
XLV,2005-07-22,31.5,31.5,31.290000915527344,31.399999618530273,21.958593368530273,838100
XLV,2005-07-25,31.5,31.5,31.200000762939453,31.209999084472656,21.825721740722656,506400
XLV,2005-07-26,31.399999618530273,31.469999313354492,31.219999313354492,31.360000610351562,21.930614471435547,431400
XLV,2005-07-27,31.5,31.690000534057617,31.389999389648438,31.649999618530273,22.133426666259766,424100
XLV,2005-07-28,31.700000762939453,32.0,31.690000534057617,31.950000762939453,22.34322166442871,1833600
XLV,2005-07-29,32.0,32.0,31.729999542236328,31.729999542236328,22.189359664916992,958000
XLV,2005-08-01,31.950000762939453,32.040000915527344,31.81999969482422,31.889999389648438,22.301258087158203,1020700
XLV,2005-08-02,31.969999313354492,32.06999969482422,31.850000381469727,32.0099983215332,22.385169982910156,725300
XLV,2005-08-03,31.950000762939453,32.09000015258789,31.899999618530273,32.09000015258789,22.44112205505371,723600
XLV,2005-08-04,32.0099983215332,32.060001373291016,31.770000457763672,31.770000457763672,22.217344284057617,694700
XLV,2005-08-05,31.739999771118164,31.739999771118164,31.520000457763672,31.549999237060547,22.063486099243164,597400
XLV,2005-08-08,31.649999618530273,31.670000076293945,31.360000610351562,31.43000030517578,21.979572296142578,416500
XLV,2005-08-09,31.5,31.790000915527344,31.5,31.790000915527344,22.23133087158203,394400
XLV,2005-08-10,31.809999465942383,32.040000915527344,31.690000534057617,31.739999771118164,22.19635772705078,1930400
XLV,2005-08-11,31.75,31.989999771118164,31.719999313354492,31.93000030517578,22.329235076904297,432600
XLV,2005-08-12,31.899999618530273,31.90999984741211,31.649999618530273,31.75,22.203351974487305,204700
XLV,2005-08-15,31.709999084472656,31.850000381469727,31.6299991607666,31.770000457763672,22.217344284057617,521500
XLV,2005-08-16,31.829999923706055,31.850000381469727,31.540000915527344,31.549999237060547,22.063486099243164,431800
XLV,2005-08-17,31.549999237060547,31.75,31.510000228881836,31.610000610351562,22.105453491210938,403500
XLV,2005-08-18,31.6200008392334,31.770000457763672,31.530000686645508,31.6200008392334,22.112436294555664,375700
XLV,2005-08-19,31.850000381469727,31.850000381469727,31.389999389648438,31.399999618530273,21.958593368530273,1864600
XLV,2005-08-22,31.40999984741211,31.559999465942383,31.260000228881836,31.399999618530273,21.958593368530273,1283000
XLV,2005-08-23,31.389999389648438,31.389999389648438,31.15999984741211,31.200000762939453,21.81873321533203,2321400
XLV,2005-08-24,31.299999237060547,31.440000534057617,31.09000015258789,31.100000381469727,21.748790740966797,1617800
XLV,2005-08-25,31.149999618530273,31.25,31.110000610351562,31.139999389648438,21.776769638061523,966900
XLV,2005-08-26,31.200000762939453,31.200000762939453,30.989999771118164,31.030000686645508,21.69984245300293,718300
XLV,2005-08-29,30.989999771118164,31.3700008392334,30.75,31.34000015258789,21.91663932800293,1147400
XLV,2005-08-30,31.25,31.329999923706055,31.110000610351562,31.299999237060547,21.888654708862305,394700
XLV,2005-08-31,31.280000686645508,31.649999618530273,31.190000534057617,31.6200008392334,22.112436294555664,691500
XLV,2005-09-01,31.700000762939453,32.0,31.559999465942383,31.6299991607666,22.11944007873535,485300
XLV,2005-09-02,31.729999542236328,31.780000686645508,31.579999923706055,31.610000610351562,22.105453491210938,817000
XLV,2005-09-06,31.610000610351562,32.130001068115234,31.610000610351562,32.11000061035156,22.455108642578125,641900
XLV,2005-09-07,32.20000076293945,32.400001525878906,32.18000030517578,32.31999969482422,22.601964950561523,1813800
XLV,2005-09-08,32.34000015258789,32.45000076293945,32.150001525878906,32.29999923706055,22.587982177734375,1928900
XLV,2005-09-09,32.349998474121094,32.4900016784668,32.279998779296875,32.40999984741211,22.664907455444336,665000
XLV,2005-09-12,32.5,32.52000045776367,32.27000045776367,32.29999923706055,22.587982177734375,566500
XLV,2005-09-13,32.29999923706055,32.29999923706055,31.90999984741211,31.959999084472656,22.350210189819336,776400
XLV,2005-09-14,32.0,32.099998474121094,31.84000015258789,31.8700008392334,22.28727149963379,1536900
XLV,2005-09-15,31.850000381469727,32.040000915527344,31.81999969482422,31.850000381469727,22.273284912109375,650600
XLV,2005-09-16,31.899999618530273,32.02000045776367,31.760000228881836,32.0,22.445842742919922,509400
XLV,2005-09-19,31.950000762939453,31.989999771118164,31.68000030517578,31.770000457763672,22.284509658813477,688400
XLV,2005-09-20,31.770000457763672,31.8700008392334,31.469999313354492,31.530000686645508,22.116167068481445,613200
XLV,2005-09-21,31.34000015258789,31.59000015258789,31.34000015258789,31.3799991607666,22.010944366455078,1017400
XLV,2005-09-22,31.459999084472656,31.549999237060547,31.260000228881836,31.450000762939453,22.060049057006836,1725700
XLV,2005-09-23,31.25,31.6200008392334,31.239999771118164,31.469999313354492,22.074073791503906,1253300
XLV,2005-09-26,31.65999984741211,31.65999984741211,31.229999542236328,31.420000076293945,22.039003372192383,463300
XLV,2005-09-27,31.420000076293945,31.440000534057617,31.200000762939453,31.239999771118164,21.91274642944336,472200
XLV,2005-09-28,31.350000381469727,31.420000076293945,31.15999984741211,31.260000228881836,21.926774978637695,470500
XLV,2005-09-29,31.1200008392334,31.3700008392334,31.010000228881836,31.329999923706055,21.97587776184082,700100
XLV,2005-09-30,31.350000381469727,31.3799991607666,31.229999542236328,31.350000381469727,21.98990821838379,957000
XLV,2005-10-03,31.450000762939453,31.489999771118164,31.25,31.3799991607666,22.010944366455078,1464100
XLV,2005-10-04,30.43000030517578,31.790000915527344,30.43000030517578,31.510000228881836,22.102144241333008,618700
XLV,2005-10-05,31.510000228881836,31.520000457763672,30.989999771118164,30.989999771118164,21.737390518188477,1116100
XLV,2005-10-06,31.0,31.110000610351562,30.540000915527344,30.780000686645508,21.590087890625,2054400
XLV,2005-10-07,30.950000762939453,30.950000762939453,30.729999542236328,30.75,21.569042205810547,450900
XLV,2005-10-10,30.799999237060547,30.8799991607666,30.56999969482422,30.709999084472656,21.54098892211914,1276300
XLV,2005-10-11,30.75,30.899999618530273,30.40999984741211,30.450000762939453,21.35862159729004,712400
XLV,2005-10-12,30.399999618530273,30.799999237060547,30.399999618530273,30.520000457763672,21.407718658447266,1276500
XLV,2005-10-13,30.479999542236328,30.780000686645508,30.440000534057617,30.670000076293945,21.51293182373047,1285300
XLV,2005-10-14,30.75,30.93000030517578,29.860000610351562,30.809999465942383,21.61113166809082,1362300
XLV,2005-10-17,30.75,30.850000381469727,30.649999618530273,30.799999237060547,21.60411834716797,895500
XLV,2005-10-18,30.850000381469727,30.93000030517578,30.729999542236328,30.760000228881836,21.576066970825195,1029900
XLV,2005-10-19,30.6200008392334,31.110000610351562,30.600000381469727,31.059999465942383,21.78649139404297,1051800
XLV,2005-10-20,31.149999618530273,31.149999618530273,30.350000381469727,30.420000076293945,21.337570190429688,1750100
XLV,2005-10-21,30.700000762939453,30.700000762939453,30.149999618530273,30.229999542236328,21.204301834106445,1361700
XLV,2005-10-24,30.200000762939453,30.479999542236328,30.18000030517578,30.479999542236328,21.379661560058594,937700
XLV,2005-10-25,30.5,30.5,30.059999465942383,30.290000915527344,21.246381759643555,1216500
XLV,2005-10-26,30.209999084472656,30.309999465942383,29.90999984741211,29.90999984741211,20.979841232299805,1346900
XLV,2005-10-27,29.979999542236328,30.020000457763672,29.780000686645508,29.799999237060547,20.902681350708008,2871100
XLV,2005-10-28,29.850000381469727,30.260000228881836,29.850000381469727,30.25,21.218338012695312,1076600
XLV,2005-10-31,30.450000762939453,30.520000457763672,30.309999465942383,30.389999389648438,21.316530227661133,1238900
XLV,2005-11-01,30.450000762939453,30.450000762939453,30.200000762939453,30.299999237060547,21.253400802612305,1293600
XLV,2005-11-02,30.18000030517578,30.360000610351562,30.139999389648438,30.299999237060547,21.253400802612305,1188900
XLV,2005-11-03,29.5,30.700000762939453,29.5,30.489999771118164,21.386672973632812,1788800
XLV,2005-11-04,30.479999542236328,30.68000030517578,30.479999542236328,30.649999618530273,21.4988956451416,507900
XLV,2005-11-07,30.799999237060547,30.799999237060547,30.530000686645508,30.709999084472656,21.54098892211914,508900
XLV,2005-11-08,30.649999618530273,30.709999084472656,30.610000610351562,30.639999389648438,21.491886138916016,576000
XLV,2005-11-09,30.670000076293945,30.760000228881836,30.540000915527344,30.670000076293945,21.51293182373047,328100
XLV,2005-11-10,30.690000534057617,31.09000015258789,30.68000030517578,31.06999969482422,21.793506622314453,1473800
XLV,2005-11-11,31.09000015258789,31.1299991607666,30.860000610351562,31.079999923706055,21.800508499145508,1651500
XLV,2005-11-14,31.1299991607666,31.1299991607666,30.809999465942383,30.8700008392334,21.653223037719727,296900
XLV,2005-11-15,30.8700008392334,31.200000762939453,30.8700008392334,31.030000686645508,21.76544952392578,451600
XLV,2005-11-16,31.1200008392334,31.149999618530273,30.889999389648438,30.969999313354492,21.72336196899414,328200
XLV,2005-11-17,31.049999237060547,31.170000076293945,30.93000030517578,31.1299991607666,21.835601806640625,397200
XLV,2005-11-18,31.299999237060547,31.31999969482422,31.1299991607666,31.260000228881836,21.926774978637695,1958400
XLV,2005-11-21,31.350000381469727,31.350000381469727,31.139999389648438,31.31999969482422,21.968860626220703,514500
XLV,2005-11-22,31.299999237060547,31.350000381469727,31.059999465942383,31.139999389648438,21.842605590820312,684600
XLV,2005-11-23,31.200000762939453,31.260000228881836,31.09000015258789,31.219999313354492,21.898723602294922,718500
XLV,2005-11-25,31.229999542236328,31.299999237060547,31.200000762939453,31.260000228881836,21.926774978637695,115200
XLV,2005-11-28,31.290000915527344,31.290000915527344,30.889999389648438,30.93000030517578,21.695310592651367,861200
XLV,2005-11-29,31.06999969482422,31.15999984741211,30.940000534057617,30.959999084472656,21.716344833374023,490500
XLV,2005-11-30,30.979999542236328,31.059999465942383,30.760000228881836,30.760000228881836,21.576066970825195,542000
XLV,2005-12-01,31.0,31.1200008392334,30.93000030517578,31.06999969482422,21.793506622314453,488200
XLV,2005-12-02,31.0,31.200000762939453,30.920000076293945,31.18000030517578,21.87065887451172,585700
XLV,2005-12-05,31.18000030517578,31.25,31.100000381469727,31.239999771118164,21.91274642944336,2846000
XLV,2005-12-06,31.280000686645508,31.399999618530273,31.149999618530273,31.18000030517578,21.87065887451172,719200
XLV,2005-12-07,31.149999618530273,31.15999984741211,30.959999084472656,31.049999237060547,21.779476165771484,887300
XLV,2005-12-08,31.020000457763672,31.299999237060547,31.020000457763672,31.15999984741211,21.856637954711914,338800
XLV,2005-12-09,31.15999984741211,31.280000686645508,31.1200008392334,31.200000762939453,21.884693145751953,492600
XLV,2005-12-12,31.299999237060547,31.34000015258789,30.950000762939453,31.209999084472656,21.891708374023438,753200
XLV,2005-12-13,31.15999984741211,31.600000381469727,31.15999984741211,31.549999237060547,22.130186080932617,1674000
XLV,2005-12-14,31.6299991607666,31.809999465942383,31.559999465942383,31.639999389648438,22.193321228027344,3037800
XLV,2005-12-15,31.860000610351562,31.860000610351562,31.649999618530273,31.729999542236328,22.256446838378906,569300
XLV,2005-12-16,31.81999969482422,31.850000381469727,31.700000762939453,31.700000762939453,22.30852699279785,501300
XLV,2005-12-19,31.959999084472656,32.29999923706055,31.950000762939453,31.979999542236328,22.505569458007812,985000
XLV,2005-12-20,32.060001373291016,32.08000183105469,31.899999618530273,31.940000534057617,22.4774227142334,408200
XLV,2005-12-21,32.380001068115234,32.380001068115234,31.979999542236328,32.040000915527344,22.54779815673828,469200
XLV,2005-12-22,32.209999084472656,32.310001373291016,32.04999923706055,32.25,22.695587158203125,625600
XLV,2005-12-23,32.36000061035156,32.369998931884766,32.22999954223633,32.290000915527344,22.723735809326172,741800
XLV,2005-12-27,32.5,32.5,32.0099983215332,32.029998779296875,22.54076385498047,432600
XLV,2005-12-28,32.15999984741211,32.209999084472656,32.02000045776367,32.029998779296875,22.54076385498047,323300
XLV,2005-12-29,32.189998626708984,32.189998626708984,31.899999618530273,31.920000076293945,22.463354110717773,462300
XLV,2005-12-30,31.850000381469727,31.850000381469727,31.670000076293945,31.719999313354492,22.322607040405273,417500
XLV,2006-01-03,31.780000686645508,32.189998626708984,31.670000076293945,32.11000061035156,22.597057342529297,1230000
XLV,2006-01-04,32.130001068115234,32.459999084472656,32.130001068115234,32.43000030517578,22.822256088256836,2160600
XLV,2006-01-05,32.77000045776367,32.77000045776367,32.290000915527344,32.349998474121094,22.765962600708008,1261100
XLV,2006-01-06,32.47999954223633,32.630001068115234,32.38999938964844,32.560001373291016,22.913747787475586,774900
XLV,2006-01-09,32.65999984741211,32.7400016784668,32.560001373291016,32.709999084472656,23.019304275512695,622700
XLV,2006-01-10,32.95000076293945,32.95000076293945,32.47999954223633,32.59000015258789,22.93486213684082,823300
XLV,2006-01-11,32.4900016784668,32.63999938964844,32.439998626708984,32.5099983215332,22.878555297851562,1015600
XLV,2006-01-12,32.40999984741211,32.560001373291016,32.40999984741211,32.47999954223633,22.85744285583496,547900
XLV,2006-01-13,33.11000061035156,33.11000061035156,32.290000915527344,32.459999084472656,22.843368530273438,878500
XLV,2006-01-17,32.22999954223633,32.400001525878906,32.22999954223633,32.369998931884766,22.7800350189209,1063700
XLV,2006-01-18,32.400001525878906,32.4900016784668,32.31999969482422,32.41999816894531,22.81521987915039,1213900
XLV,2006-01-19,32.61000061035156,32.709999084472656,32.310001373291016,32.59000015258789,22.93486213684082,2798500
XLV,2006-01-20,32.599998474121094,32.599998474121094,31.959999084472656,31.969999313354492,22.498537063598633,3070600
XLV,2006-01-23,32.02000045776367,32.040000915527344,31.809999465942383,31.950000762939453,22.484458923339844,1085000
XLV,2006-01-24,31.8799991607666,31.959999084472656,31.729999542236328,31.799999237060547,22.378904342651367,1173700
XLV,2006-01-25,31.899999618530273,31.969999313354492,31.639999389648438,31.760000228881836,22.350753784179688,1425200
XLV,2006-01-26,31.84000015258789,32.040000915527344,31.829999923706055,31.920000076293945,22.463354110717773,1221300
XLV,2006-01-27,31.959999084472656,32.34000015258789,31.959999084472656,32.290000915527344,22.723735809326172,1228700
XLV,2006-01-30,32.38999938964844,32.4900016784668,32.11000061035156,32.13999938964844,22.6181697845459,977700
XLV,2006-01-31,31.610000610351562,32.209999084472656,31.610000610351562,32.130001068115234,22.611141204833984,2370400
XLV,2006-02-01,32.290000915527344,32.43000030517578,32.209999084472656,32.33000183105469,22.75188446044922,1472700
XLV,2006-02-02,32.439998626708984,32.439998626708984,31.989999771118164,32.06999969482422,22.56891441345215,900500
XLV,2006-02-03,32.02000045776367,32.16999816894531,31.860000610351562,32.0099983215332,22.52669334411621,823400
XLV,2006-02-06,31.889999389648438,31.899999618530273,31.6200008392334,31.719999313354492,22.322607040405273,924800
XLV,2006-02-07,31.75,31.8700008392334,31.600000381469727,31.670000076293945,22.28741455078125,1328600
XLV,2006-02-08,31.6299991607666,32.08000183105469,31.510000228881836,32.08000183105469,22.575944900512695,1537800
XLV,2006-02-09,32.08000183105469,32.349998474121094,32.08000183105469,32.11000061035156,22.597057342529297,1491900
XLV,2006-02-10,31.920000076293945,32.04999923706055,31.770000457763672,32.040000915527344,22.54779815673828,812200
XLV,2006-02-13,32.02000045776367,32.029998779296875,31.84000015258789,32.0,22.519638061523438,644600
XLV,2006-02-14,32.65999984741211,32.65999984741211,32.04999923706055,32.310001373291016,22.737810134887695,900300
XLV,2006-02-15,32.310001373291016,32.540000915527344,32.2599983215332,32.5,22.871522903442383,974500
XLV,2006-02-16,32.5099983215332,32.72999954223633,32.41999816894531,32.709999084472656,23.019304275512695,1161200
XLV,2006-02-17,32.529998779296875,32.720001220703125,32.52000045776367,32.689998626708984,23.00523567199707,756200
XLV,2006-02-21,32.7400016784668,32.810001373291016,32.45000076293945,32.52000045776367,22.88559341430664,692800
XLV,2006-02-22,32.470001220703125,32.84000015258789,32.470001220703125,32.79999923706055,23.0826473236084,641800
XLV,2006-02-23,32.720001220703125,32.79999923706055,32.58000183105469,32.68000030517578,22.998201370239258,790800
XLV,2006-02-24,32.65999984741211,32.7599983215332,32.560001373291016,32.68000030517578,22.998201370239258,665900
XLV,2006-02-27,32.70000076293945,33.029998779296875,32.70000076293945,32.93000030517578,23.174135208129883,1548200
XLV,2006-02-28,32.79999923706055,32.79999923706055,32.40999984741211,32.5,22.871522903442383,912700
XLV,2006-03-01,32.459999084472656,32.56999969482422,32.310001373291016,32.529998779296875,22.89263343811035,1319700
XLV,2006-03-02,32.5,32.529998779296875,32.36000061035156,32.470001220703125,22.850400924682617,757400
XLV,2006-03-03,32.369998931884766,32.65999984741211,32.33000183105469,32.36000061035156,22.77298355102539,795500
XLV,2006-03-06,32.36000061035156,32.380001068115234,32.099998474121094,32.189998626708984,22.653358459472656,954100
XLV,2006-03-07,32.099998474121094,32.36000061035156,32.099998474121094,32.20000076293945,22.660402297973633,1244300
XLV,2006-03-08,32.130001068115234,32.529998779296875,32.130001068115234,32.41999816894531,22.81521987915039,490900
XLV,2006-03-09,32.5,32.5099983215332,32.279998779296875,32.310001373291016,22.737810134887695,381500
XLV,2006-03-10,32.38999938964844,32.4900016784668,32.310001373291016,32.43000030517578,22.822256088256836,626700
XLV,2006-03-13,32.630001068115234,32.630001068115234,32.349998474121094,32.40999984741211,22.808181762695312,761900
XLV,2006-03-14,32.40999984741211,32.650001525878906,32.36000061035156,32.63999938964844,22.97003936767578,868500
XLV,2006-03-15,32.709999084472656,32.779998779296875,32.560001373291016,32.75,23.047452926635742,729000
XLV,2006-03-16,32.75,32.81999969482422,32.68000030517578,32.75,23.047452926635742,815000
XLV,2006-03-17,32.75,32.790000915527344,32.65999984741211,32.720001220703125,23.10183334350586,395200
XLV,2006-03-20,32.77000045776367,32.849998474121094,32.650001525878906,32.779998779296875,23.14418601989746,745800
XLV,2006-03-21,32.72999954223633,32.81999969482422,32.459999084472656,32.58000183105469,23.002973556518555,1330400
XLV,2006-03-22,32.619998931884766,32.91999816894531,32.61000061035156,32.90999984741211,23.235973358154297,559600
XLV,2006-03-23,32.79999923706055,32.79999923706055,32.560001373291016,32.72999954223633,23.10887908935547,1707700
XLV,2006-03-24,32.599998474121094,32.790000915527344,32.599998474121094,32.68000030517578,23.073579788208008,465500
XLV,2006-03-27,32.59000015258789,32.61000061035156,32.38999938964844,32.43000030517578,22.89706039428711,778800
XLV,2006-03-28,32.2400016784668,32.380001068115234,32.099998474121094,32.130001068115234,22.68525505065918,1013700
XLV,2006-03-29,32.33000183105469,32.33000183105469,32.130001068115234,32.220001220703125,22.74879264831543,503300
XLV,2006-03-30,32.13999938964844,32.400001525878906,32.06999969482422,32.15999984741211,22.706436157226562,690200
XLV,2006-03-31,32.119998931884766,32.22999954223633,31.950000762939453,31.979999542236328,22.57935333251953,895800
XLV,2006-04-03,32.099998474121094,32.189998626708984,31.950000762939453,31.959999084472656,22.56522560119629,2382100
XLV,2006-04-04,32.04999923706055,32.08000183105469,31.84000015258789,32.0,22.593463897705078,2518900
XLV,2006-04-05,31.8700008392334,32.040000915527344,31.850000381469727,31.899999618530273,22.522872924804688,1908800
XLV,2006-04-06,31.8700008392334,31.8700008392334,31.510000228881836,31.65999984741211,22.353408813476562,2216300
XLV,2006-04-07,31.739999771118164,31.790000915527344,31.25,31.280000686645508,22.085119247436523,1833100
XLV,2006-04-10,31.299999237060547,31.299999237060547,31.020000457763672,31.219999313354492,22.042753219604492,1887700
XLV,2006-04-11,31.229999542236328,31.229999542236328,30.729999542236328,30.8799991607666,21.802698135375977,2293300
XLV,2006-04-12,30.899999618530273,31.09000015258789,30.860000610351562,31.09000015258789,21.950965881347656,4217500
XLV,2006-04-13,30.920000076293945,31.06999969482422,30.889999389648438,31.020000457763672,21.901548385620117,1763700
XLV,2006-04-17,31.030000686645508,31.030000686645508,30.729999542236328,30.84000015258789,21.77445411682129,1521400
XLV,2006-04-18,30.979999542236328,31.149999618530273,30.8799991607666,31.1299991607666,21.979204177856445,7651600
XLV,2006-04-19,31.110000610351562,31.110000610351562,30.829999923706055,30.950000762939453,21.85212516784668,1405900
XLV,2006-04-20,31.010000228881836,31.270000457763672,30.950000762939453,31.229999542236328,22.04981231689453,3495900
XLV,2006-04-21,31.40999984741211,31.40999984741211,31.030000686645508,31.15999984741211,22.000396728515625,1167900
XLV,2006-04-24,30.68000030517578,31.100000381469727,30.68000030517578,31.040000915527344,21.91566276550293,1619700
XLV,2006-04-25,31.010000228881836,31.040000915527344,30.75,30.850000381469727,21.781511306762695,2743900
XLV,2006-04-26,30.81999969482422,31.0,30.739999771118164,30.850000381469727,21.781511306762695,2192300
XLV,2006-04-27,30.75,30.850000381469727,30.579999923706055,30.68000030517578,21.661481857299805,4469800
XLV,2006-04-28,30.68000030517578,31.0,30.68000030517578,30.989999771118164,21.8803653717041,2495700
XLV,2006-05-01,30.93000030517578,31.030000686645508,30.709999084472656,30.719999313354492,21.689722061157227,1018600
XLV,2006-05-02,30.760000228881836,30.829999923706055,30.639999389648438,30.719999313354492,21.689722061157227,791300
XLV,2006-05-03,30.559999465942383,30.649999618530273,30.360000610351562,30.3799991607666,21.449668884277344,2203100
XLV,2006-05-04,31.299999237060547,31.299999237060547,30.3799991607666,30.479999542236328,21.52028465270996,1475800
XLV,2006-05-05,30.6299991607666,30.829999923706055,30.540000915527344,30.780000686645508,21.732088088989258,1190000
XLV,2006-05-08,30.709999084472656,30.81999969482422,30.700000762939453,30.770000457763672,21.72503089904785,3090900
XLV,2006-05-09,30.690000534057617,30.760000228881836,30.510000228881836,30.549999237060547,21.569698333740234,3177400
XLV,2006-05-10,30.510000228881836,30.65999984741211,30.5,30.520000457763672,21.54851722717285,2280700
XLV,2006-05-11,30.549999237060547,30.649999618530273,30.399999618530273,30.459999084472656,21.506162643432617,1620600
XLV,2006-05-12,30.3799991607666,30.559999465942383,30.360000610351562,30.389999389648438,21.456737518310547,1406100
XLV,2006-05-15,30.459999084472656,30.81999969482422,30.399999618530273,30.81999969482422,21.760334014892578,2248900
XLV,2006-05-16,30.799999237060547,31.0,30.780000686645508,30.899999618530273,21.81681251525879,1808200
XLV,2006-05-17,30.790000915527344,31.010000228881836,30.559999465942383,30.579999923706055,21.590877532958984,3359700
XLV,2006-05-18,30.6299991607666,30.639999389648438,30.43000030517578,30.450000762939453,21.499101638793945,1288500
XLV,2006-05-19,30.489999771118164,30.489999771118164,30.1299991607666,30.280000686645508,21.379072189331055,1091100
XLV,2006-05-22,30.15999984741211,30.420000076293945,30.139999389648438,30.149999618530273,21.28727912902832,873300
XLV,2006-05-23,30.25,30.280000686645508,30.010000228881836,30.010000228881836,21.188432693481445,2276200
XLV,2006-05-24,30.059999465942383,30.190000534057617,29.790000915527344,30.100000381469727,21.25197982788086,1705700
XLV,2006-05-25,30.309999465942383,30.420000076293945,30.18000030517578,30.3799991607666,21.449668884277344,531000
XLV,2006-05-26,30.489999771118164,30.610000610351562,30.389999389648438,30.549999237060547,21.569698333740234,1935800
XLV,2006-05-30,30.34000015258789,30.420000076293945,30.09000015258789,30.149999618530273,21.28727912902832,1443900
XLV,2006-05-31,30.190000534057617,30.360000610351562,30.139999389648438,30.34000015258789,21.421430587768555,1171000
XLV,2006-06-01,30.469999313354492,30.780000686645508,30.399999618530273,30.770000457763672,21.72503089904785,876200
XLV,2006-06-02,30.90999984741211,30.93000030517578,30.709999084472656,30.889999389648438,21.80976104736328,969700
XLV,2006-06-05,30.75,30.790000915527344,30.389999389648438,30.40999984741211,21.47085952758789,878200
XLV,2006-06-06,30.469999313354492,30.600000381469727,30.299999237060547,30.459999084472656,21.506162643432617,3027300
XLV,2006-06-07,30.549999237060547,30.8700008392334,30.479999542236328,30.600000381469727,21.60500144958496,1461000
XLV,2006-06-08,30.6299991607666,30.739999771118164,30.299999237060547,30.649999618530273,21.640302658081055,2199300
XLV,2006-06-09,30.510000228881836,30.670000076293945,30.43000030517578,30.43000030517578,21.48497772216797,791500
XLV,2006-06-12,30.440000534057617,30.540000915527344,30.1200008392334,30.1200008392334,21.266101837158203,763800
XLV,2006-06-13,30.149999618530273,30.3700008392334,30.020000457763672,30.040000915527344,21.209617614746094,1069400
XLV,2006-06-14,29.940000534057617,30.15999984741211,29.940000534057617,30.09000015258789,21.244916915893555,1023000
XLV,2006-06-15,30.1299991607666,30.59000015258789,30.079999923706055,30.459999084472656,21.506162643432617,975500
XLV,2006-06-16,30.31999969482422,30.479999542236328,30.260000228881836,30.309999465942383,21.478515625,803100
XLV,2006-06-19,30.350000381469727,30.40999984741211,29.989999771118164,30.079999923706055,21.315534591674805,957800
XLV,2006-06-20,30.1200008392334,30.1200008392334,29.93000030517578,29.969999313354492,21.237585067749023,474100
XLV,2006-06-21,29.950000762939453,30.25,29.950000762939453,30.1200008392334,21.343881607055664,465900
XLV,2006-06-22,30.15999984741211,30.15999984741211,29.860000610351562,29.950000762939453,21.223405838012695,372300
XLV,2006-06-23,29.8700008392334,30.1200008392334,29.799999237060547,29.979999542236328,21.244674682617188,1943300
XLV,2006-06-26,29.969999313354492,30.0,29.780000686645508,29.8700008392334,21.166723251342773,754100
XLV,2006-06-27,29.770000457763672,29.8700008392334,29.489999771118164,29.559999465942383,20.947044372558594,673500
XLV,2006-06-28,29.639999389648438,29.729999542236328,29.43000030517578,29.559999465942383,20.947044372558594,481600
XLV,2006-06-29,29.809999465942383,30.110000610351562,29.729999542236328,30.06999969482422,21.308446884155273,632400
XLV,2006-06-30,30.100000381469727,30.399999618530273,30.09000015258789,30.239999771118164,21.428913116455078,1312400
XLV,2006-07-03,30.229999542236328,30.360000610351562,30.209999084472656,30.299999237060547,21.47142791748047,313800
XLV,2006-07-05,30.25,30.290000915527344,30.15999984741211,30.270000457763672,21.450180053710938,1093000
XLV,2006-07-06,30.190000534057617,30.510000228881836,30.190000534057617,30.3799991607666,21.528121948242188,937700
XLV,2006-07-07,30.299999237060547,30.530000686645508,30.299999237060547,30.40999984741211,21.54938507080078,699600
XLV,2006-07-10,30.530000686645508,30.639999389648438,30.459999084472656,30.520000457763672,21.627328872680664,1642100
XLV,2006-07-11,30.56999969482422,30.649999618530273,30.450000762939453,30.59000015258789,21.67694091796875,1552700
XLV,2006-07-12,30.639999389648438,30.700000762939453,30.420000076293945,30.479999542236328,21.598995208740234,677400
XLV,2006-07-13,30.309999465942383,30.399999618530273,30.100000381469727,30.15999984741211,21.372217178344727,788700
XLV,2006-07-14,30.15999984741211,30.270000457763672,29.850000381469727,29.969999313354492,21.237585067749023,1319700
XLV,2006-07-17,29.93000030517578,30.219999313354492,29.93000030517578,30.09000015258789,21.322616577148438,432600
XLV,2006-07-18,30.06999969482422,30.209999084472656,29.860000610351562,30.09000015258789,21.322616577148438,689000
XLV,2006-07-19,30.190000534057617,30.90999984741211,30.190000534057617,30.799999237060547,21.825748443603516,1708900
XLV,2006-07-20,30.90999984741211,31.040000915527344,30.829999923706055,30.829999923706055,21.84700584411621,1092700
XLV,2006-07-21,30.8700008392334,31.030000686645508,30.799999237060547,30.969999313354492,21.946210861206055,644200
XLV,2006-07-24,31.149999618530273,31.6299991607666,31.149999618530273,31.56999969482422,22.37139892578125,1857600
XLV,2006-07-25,31.420000076293945,31.93000030517578,31.420000076293945,31.84000015258789,22.56272315979004,2366200
XLV,2006-07-26,31.899999618530273,32.040000915527344,31.729999542236328,31.989999771118164,22.66901206970215,1877800
XLV,2006-07-27,31.829999923706055,31.850000381469727,31.6200008392334,31.829999923706055,22.555635452270508,1919500
XLV,2006-07-28,31.899999618530273,32.099998474121094,31.81999969482422,32.0,22.676103591918945,1817000
XLV,2006-07-31,32.02000045776367,32.02000045776367,31.829999923706055,31.889999389648438,22.59815216064453,462400
XLV,2006-08-01,31.8799991607666,31.959999084472656,31.719999313354492,31.889999389648438,22.59815216064453,3115000
XLV,2006-08-02,32.099998474121094,32.27000045776367,32.029998779296875,32.09000015258789,22.73987579345703,633700
XLV,2006-08-03,31.850000381469727,32.040000915527344,31.739999771118164,31.809999465942383,22.541458129882812,2033400
XLV,2006-08-04,31.950000762939453,31.989999771118164,31.760000228881836,31.81999969482422,22.548540115356445,899700
XLV,2006-08-07,31.760000228881836,31.84000015258789,31.68000030517578,31.719999313354492,22.47768211364746,630800
XLV,2006-08-08,31.760000228881836,31.8700008392334,31.639999389648438,31.709999084472656,22.470603942871094,1020700
XLV,2006-08-09,31.93000030517578,32.04999923706055,31.719999313354492,31.739999771118164,22.491853713989258,739700
XLV,2006-08-10,31.540000915527344,31.799999237060547,31.540000915527344,31.709999084472656,22.470603942871094,680000
XLV,2006-08-11,31.639999389648438,31.68000030517578,31.450000762939453,31.559999465942383,22.364295959472656,456200
XLV,2006-08-14,31.68000030517578,31.8799991607666,31.600000381469727,31.6299991607666,22.413908004760742,408700
XLV,2006-08-15,31.8700008392334,31.940000534057617,31.770000457763672,31.899999618530273,22.605243682861328,651400
XLV,2006-08-16,32.0,32.18000030517578,31.989999771118164,32.18000030517578,22.803647994995117,1290600
XLV,2006-08-17,32.150001525878906,32.36000061035156,32.150001525878906,32.2599983215332,22.860347747802734,998300
XLV,2006-08-18,32.20000076293945,32.31999969482422,32.119998931884766,32.310001373291016,22.895774841308594,484900
XLV,2006-08-21,32.279998779296875,32.29999923706055,32.150001525878906,32.20000076293945,22.817829132080078,468900
XLV,2006-08-22,32.119998931884766,32.34000015258789,32.08000183105469,32.29999923706055,22.888689041137695,376200
XLV,2006-08-23,32.33000183105469,32.33000183105469,32.209999084472656,32.279998779296875,22.874509811401367,422000
XLV,2006-08-24,32.459999084472656,32.560001373291016,32.40999984741211,32.5,23.030414581298828,701200
XLV,2006-08-25,32.45000076293945,32.58000183105469,32.380001068115234,32.52000045776367,23.04458236694336,394300
XLV,2006-08-28,32.54999923706055,32.86000061035156,32.5099983215332,32.72999954223633,23.19339370727539,335000
XLV,2006-08-29,32.77000045776367,32.900001525878906,32.72999954223633,32.880001068115234,23.29969596862793,845800
XLV,2006-08-30,32.939998626708984,32.970001220703125,32.86000061035156,32.900001525878906,23.31386947631836,685700
XLV,2006-08-31,32.900001525878906,32.90999984741211,32.75,32.79999923706055,23.243011474609375,375900
XLV,2006-09-01,32.79999923706055,33.0099983215332,32.79999923706055,32.970001220703125,23.36346435546875,2468600
XLV,2006-09-05,32.95000076293945,33.0,32.81999969482422,32.81999969482422,23.257177352905273,805700
XLV,2006-09-06,32.84000015258789,32.84000015258789,32.619998931884766,32.70000076293945,23.17214012145996,1378000
XLV,2006-09-07,32.560001373291016,32.630001068115234,32.43000030517578,32.459999084472656,23.00206756591797,1418700
XLV,2006-09-08,32.540000915527344,32.75,32.47999954223633,32.720001220703125,23.186325073242188,468700
XLV,2006-09-11,32.720001220703125,32.939998626708984,32.599998474121094,32.93000030517578,23.335128784179688,1016900
XLV,2006-09-12,33.029998779296875,33.33000183105469,33.0099983215332,33.310001373291016,23.60439682006836,1090100
XLV,2006-09-13,33.33000183105469,33.34000015258789,33.15999984741211,33.2400016784668,23.55480194091797,905700
XLV,2006-09-14,33.150001525878906,33.22999954223633,33.06999969482422,33.20000076293945,23.526453018188477,557400
XLV,2006-09-15,33.25,33.290000915527344,33.13999938964844,33.13999938964844,23.56414031982422,1960100
XLV,2006-09-18,33.13999938964844,33.220001220703125,33.06999969482422,33.130001068115234,23.55702781677246,1559700
XLV,2006-09-19,33.13999938964844,33.189998626708984,33.0099983215332,33.18000030517578,23.592575073242188,693900
XLV,2006-09-20,33.20000076293945,33.43000030517578,33.18000030517578,33.310001373291016,23.685007095336914,716900
XLV,2006-09-21,33.33000183105469,33.33000183105469,33.04999923706055,33.099998474121094,23.53569984436035,572800
XLV,2006-09-22,33.0,33.06999969482422,32.83000183105469,32.88999938964844,23.386363983154297,1020700
XLV,2006-09-25,33.0,33.09000015258789,32.810001373291016,33.02000045776367,23.47880744934082,795700
XLV,2006-09-26,33.02000045776367,33.06999969482422,32.93000030517578,33.04999923706055,23.500146865844727,774200
XLV,2006-09-27,33.09000015258789,33.13999938964844,32.88999938964844,33.13999938964844,23.56414031982422,1074300
XLV,2006-09-28,33.13999938964844,33.13999938964844,32.97999954223633,33.08000183105469,23.521488189697266,463800
XLV,2006-09-29,33.27000045776367,33.27000045776367,33.060001373291016,33.189998626708984,23.599687576293945,575800
XLV,2006-10-02,33.08000183105469,33.20000076293945,32.970001220703125,33.0,23.4645938873291,423200
XLV,2006-10-03,32.97999954223633,33.209999084472656,32.939998626708984,33.099998474121094,23.53569984436035,1416100
XLV,2006-10-04,33.060001373291016,33.38999938964844,33.02000045776367,33.38999938964844,23.741905212402344,1627800
XLV,2006-10-05,33.279998779296875,33.38999938964844,33.209999084472656,33.38999938964844,23.741905212402344,1045000
XLV,2006-10-06,33.47999954223633,33.47999954223633,33.15999984741211,33.2599983215332,23.64946746826172,1331700
XLV,2006-10-09,33.25,33.2599983215332,33.09000015258789,33.189998626708984,23.599687576293945,806800
XLV,2006-10-10,33.2400016784668,33.2400016784668,32.88999938964844,33.04999923706055,23.500146865844727,1355100
XLV,2006-10-11,32.95000076293945,33.11000061035156,32.880001068115234,33.040000915527344,23.4930419921875,736700
XLV,2006-10-12,33.040000915527344,33.27000045776367,33.029998779296875,33.2400016784668,23.63524627685547,890600
XLV,2006-10-13,33.13999938964844,33.15999984741211,33.0099983215332,33.130001068115234,23.55702781677246,3143600
XLV,2006-10-16,33.040000915527344,33.20000076293945,33.0,33.18000030517578,23.592575073242188,969700
XLV,2006-10-17,33.20000076293945,33.310001373291016,33.060001373291016,33.27000045776367,23.656579971313477,1388400
XLV,2006-10-18,33.38999938964844,33.650001525878906,33.36000061035156,33.630001068115234,23.912555694580078,755700
XLV,2006-10-19,33.61000061035156,33.779998779296875,33.599998474121094,33.599998474121094,23.89122200012207,1428000
XLV,2006-10-20,33.619998931884766,33.86000061035156,33.54999923706055,33.86000061035156,24.076093673706055,1987400
XLV,2006-10-23,33.75,33.95000076293945,33.65999984741211,33.95000076293945,24.140098571777344,772700
XLV,2006-10-24,33.84000015258789,33.84000015258789,33.650001525878906,33.84000015258789,24.061880111694336,689200
XLV,2006-10-25,33.849998474121094,33.849998474121094,33.52000045776367,33.63999938964844,23.919662475585938,1141500
XLV,2006-10-26,33.720001220703125,33.779998779296875,33.5099983215332,33.77000045776367,24.01209259033203,2016300
XLV,2006-10-27,33.65999984741211,33.709999084472656,33.54999923706055,33.630001068115234,23.912555694580078,829900
XLV,2006-10-30,33.5,33.61000061035156,33.43000030517578,33.439998626708984,23.77745819091797,1657400
XLV,2006-10-31,33.45000076293945,33.5099983215332,33.220001220703125,33.29999923706055,23.677913665771484,1331500
XLV,2006-11-01,33.25,33.56999969482422,33.02000045776367,33.060001373291016,23.507251739501953,1867200
XLV,2006-11-02,32.959999084472656,33.279998779296875,32.959999084472656,33.2400016784668,23.63524627685547,1797800
XLV,2006-11-03,33.29999923706055,33.369998931884766,33.040000915527344,33.06999969482422,23.514366149902344,735000
XLV,2006-11-06,33.20000076293945,33.529998779296875,33.060001373291016,33.470001220703125,23.798776626586914,896900
XLV,2006-11-07,33.43000030517578,33.83000183105469,33.43000030517578,33.72999954223633,23.983657836914062,957800
XLV,2006-11-08,33.31999969482422,33.31999969482422,33.06999969482422,33.220001220703125,23.62102699279785,2985100
XLV,2006-11-09,33.06999969482422,33.189998626708984,32.279998779296875,32.439998626708984,23.066402435302734,4776400
XLV,2006-11-10,32.369998931884766,32.540000915527344,32.2599983215332,32.4900016784668,23.10196304321289,1914500
XLV,2006-11-13,32.31999969482422,32.70000076293945,32.31999969482422,32.54999923706055,23.14461898803711,1603300
XLV,2006-11-14,32.40999984741211,32.849998474121094,32.380001068115234,32.81999969482422,23.336606979370117,2427800
XLV,2006-11-15,32.77000045776367,33.119998931884766,32.720001220703125,32.97999954223633,23.45037269592285,1415900
XLV,2006-11-16,32.970001220703125,33.189998626708984,32.970001220703125,33.119998931884766,23.549924850463867,801400
XLV,2006-11-17,33.029998779296875,33.22999954223633,33.029998779296875,33.220001220703125,23.62102699279785,1078200
XLV,2006-11-20,33.220001220703125,33.290000915527344,33.06999969482422,33.13999938964844,23.56414031982422,1454500
XLV,2006-11-21,33.220001220703125,33.220001220703125,33.02000045776367,33.09000015258789,23.528587341308594,1509900
XLV,2006-11-22,33.060001373291016,33.189998626708984,33.02000045776367,33.15999984741211,23.578357696533203,1215000
XLV,2006-11-24,33.0099983215332,33.08000183105469,32.97999954223633,33.02000045776367,23.47880744934082,118700
XLV,2006-11-27,32.939998626708984,32.97999954223633,32.689998626708984,32.79999923706055,23.3223934173584,1512900
XLV,2006-11-28,32.7400016784668,32.95000076293945,32.7400016784668,32.869998931884766,23.372156143188477,1389200
XLV,2006-11-29,32.93000030517578,33.119998931884766,32.90999984741211,33.099998474121094,23.53569984436035,1137700
XLV,2006-11-30,33.150001525878906,33.36000061035156,33.130001068115234,33.2599983215332,23.64946746826172,1195400
XLV,2006-12-01,33.29999923706055,33.36000061035156,33.029998779296875,33.22999954223633,23.62813377380371,833400
XLV,2006-12-04,32.88999938964844,33.13999938964844,32.88999938964844,33.06999969482422,23.514366149902344,1611400
XLV,2006-12-05,33.130001068115234,33.25,33.029998779296875,33.20000076293945,23.606807708740234,1009100
XLV,2006-12-06,33.16999816894531,33.279998779296875,33.02000045776367,33.25,23.642358779907227,1639600
XLV,2006-12-07,33.2599983215332,33.43000030517578,33.15999984741211,33.18000030517578,23.592575073242188,605000
XLV,2006-12-08,33.150001525878906,33.31999969482422,33.02000045776367,33.2400016784668,23.63524627685547,827600
XLV,2006-12-11,33.29999923706055,33.36000061035156,33.189998626708984,33.310001373291016,23.685007095336914,348900
XLV,2006-12-12,33.31999969482422,33.31999969482422,33.150001525878906,33.31999969482422,23.692127227783203,1067500
XLV,2006-12-13,33.29999923706055,33.439998626708984,33.220001220703125,33.25,23.642358779907227,720200
XLV,2006-12-14,33.41999816894531,33.59000015258789,33.310001373291016,33.41999816894531,23.763227462768555,1075700
XLV,2006-12-15,33.29999923706055,33.47999954223633,33.27000045776367,33.40999984741211,23.83957290649414,709400
XLV,2006-12-18,33.47999954223633,33.56999969482422,33.400001525878906,33.47999954223633,23.889528274536133,1903800
XLV,2006-12-19,33.400001525878906,33.70000076293945,33.400001525878906,33.650001525878906,24.010833740234375,1605100
XLV,2006-12-20,33.790000915527344,33.790000915527344,33.599998474121094,33.66999816894531,24.025100708007812,1349000
XLV,2006-12-21,33.619998931884766,33.7400016784668,33.52000045776367,33.58000183105469,23.960886001586914,498800
XLV,2006-12-22,33.63999938964844,33.63999938964844,33.349998474121094,33.439998626708984,23.86098861694336,275000
XLV,2006-12-26,33.400001525878906,33.470001220703125,33.34000015258789,33.459999084472656,23.875263214111328,432700
XLV,2006-12-27,33.56999969482422,33.650001525878906,33.560001373291016,33.619998931884766,23.98941993713379,817800
XLV,2006-12-28,33.619998931884766,33.689998626708984,33.5099983215332,33.58000183105469,23.960886001586914,281600
XLV,2006-12-29,33.439998626708984,33.63999938964844,33.33000183105469,33.4900016784668,23.89667320251465,315900
XLV,2007-01-03,33.70000076293945,33.84000015258789,33.34000015258789,33.5,23.90380096435547,1806100
XLV,2007-01-04,33.70000076293945,33.9900016784668,33.540000915527344,33.880001068115234,24.174949645996094,1701900
XLV,2007-01-05,33.90999984741211,33.90999984741211,33.61000061035156,33.689998626708984,24.039382934570312,1529200
XLV,2007-01-08,33.75,33.79999923706055,33.52000045776367,33.72999954223633,24.067913055419922,1609900
XLV,2007-01-09,33.91999816894531,33.91999816894531,33.650001525878906,33.689998626708984,24.039382934570312,934800
XLV,2007-01-10,33.689998626708984,33.810001373291016,33.529998779296875,33.75,24.082195281982422,526300
XLV,2007-01-11,33.72999954223633,34.119998931884766,33.70000076293945,34.119998931884766,24.346200942993164,2622600
XLV,2007-01-12,34.150001525878906,34.33000183105469,34.08000183105469,34.279998779296875,24.460372924804688,1281100
XLV,2007-01-16,34.36000061035156,34.380001068115234,34.220001220703125,34.36000061035156,24.517446517944336,651000
XLV,2007-01-17,34.369998931884766,34.68000030517578,34.310001373291016,34.560001373291016,24.66016387939453,2826700
XLV,2007-01-18,34.619998931884766,34.75,34.52000045776367,34.65999984741211,24.731523513793945,2561300
XLV,2007-01-19,34.650001525878906,34.790000915527344,34.619998931884766,34.66999816894531,24.73865509033203,1521400
XLV,2007-01-22,34.72999954223633,34.91999816894531,34.400001525878906,34.459999084472656,24.588802337646484,5078500
XLV,2007-01-23,34.400001525878906,34.47999954223633,34.189998626708984,34.279998779296875,24.460372924804688,2029300
XLV,2007-01-24,34.349998474121094,34.58000183105469,34.2599983215332,34.540000915527344,24.64588737487793,3488200
XLV,2007-01-25,34.54999923706055,34.54999923706055,34.369998931884766,34.41999816894531,24.560272216796875,3214300
XLV,2007-01-26,34.25,34.349998474121094,34.060001373291016,34.22999954223633,24.424686431884766,2505600
XLV,2007-01-29,34.25,34.29999923706055,34.130001068115234,34.18000030517578,24.389009475708008,1967500
XLV,2007-01-30,34.34000015258789,34.380001068115234,34.22999954223633,34.349998474121094,24.510318756103516,1187600
XLV,2007-01-31,34.380001068115234,34.56999969482422,34.290000915527344,34.5099983215332,24.624473571777344,1685900
XLV,2007-02-01,34.650001525878906,34.83000183105469,34.61000061035156,34.79999923706055,24.831403732299805,2628200
XLV,2007-02-02,34.869998931884766,34.900001525878906,34.65999984741211,34.72999954223633,24.781469345092773,1197600
XLV,2007-02-05,34.72999954223633,34.779998779296875,34.58000183105469,34.720001220703125,24.774330139160156,3132600
XLV,2007-02-06,34.72999954223633,34.7400016784668,34.529998779296875,34.619998931884766,24.702972412109375,2216100
XLV,2007-02-07,34.630001068115234,34.720001220703125,34.56999969482422,34.66999816894531,24.73865509033203,1572700
XLV,2007-02-08,34.689998626708984,34.720001220703125,34.599998474121094,34.63999938964844,24.717233657836914,1345800
XLV,2007-02-09,34.72999954223633,34.72999954223633,34.45000076293945,34.540000915527344,24.64588737487793,2625700
XLV,2007-02-12,34.5,34.52000045776367,34.349998474121094,34.38999938964844,24.538856506347656,1421000
XLV,2007-02-13,34.400001525878906,34.540000915527344,34.400001525878906,34.529998779296875,24.638748168945312,1295000
XLV,2007-02-14,34.5099983215332,34.7400016784668,34.5099983215332,34.709999084472656,24.767192840576172,2023400
XLV,2007-02-15,34.75,34.88999938964844,34.68000030517578,34.869998931884766,24.881366729736328,1134100
XLV,2007-02-16,34.650001525878906,34.77000045776367,34.650001525878906,34.72999954223633,24.781469345092773,1294300
XLV,2007-02-20,34.65999984741211,34.79999923706055,34.65999984741211,34.75,24.795743942260742,739000
XLV,2007-02-21,34.65999984741211,34.68000030517578,34.54999923706055,34.59000015258789,24.681568145751953,975800
XLV,2007-02-22,34.63999938964844,34.650001525878906,34.439998626708984,34.540000915527344,24.64588737487793,1374700
XLV,2007-02-23,34.5099983215332,34.5099983215332,34.29999923706055,34.38999938964844,24.538856506347656,898000
XLV,2007-02-26,34.470001220703125,34.560001373291016,34.400001525878906,34.529998779296875,24.638748168945312,1881500
XLV,2007-02-27,34.27000045776367,34.34000015258789,33.15999984741211,33.47999954223633,23.889528274536133,3057900
XLV,2007-02-28,33.54999923706055,33.97999954223633,33.54999923706055,33.709999084472656,24.05364990234375,2330100
XLV,2007-03-01,33.43000030517578,33.720001220703125,33.11000061035156,33.560001373291016,23.946609497070312,2406700
XLV,2007-03-02,33.5,33.66999816894531,33.2599983215332,33.2599983215332,23.732553482055664,2559100
XLV,2007-03-05,33.099998474121094,33.45000076293945,32.97999954223633,33.09000015258789,23.611249923706055,1744400
XLV,2007-03-06,33.290000915527344,33.540000915527344,33.0,33.439998626708984,23.86098861694336,2897500
XLV,2007-03-07,33.349998474121094,33.599998474121094,33.290000915527344,33.45000076293945,23.86812973022461,1175800
XLV,2007-03-08,33.58000183105469,33.959999084472656,33.5,33.560001373291016,23.946609497070312,1161000
XLV,2007-03-09,33.75,33.79999923706055,33.540000915527344,33.630001068115234,23.996562957763672,1147300
XLV,2007-03-12,33.66999816894531,33.72999954223633,33.47999954223633,33.630001068115234,23.996562957763672,2392700
XLV,2007-03-13,33.54999923706055,33.650001525878906,33.08000183105469,33.08000183105469,23.6041202545166,3381500
XLV,2007-03-14,33.189998626708984,33.27000045776367,32.88999938964844,33.209999084472656,23.696866989135742,3423800
XLV,2007-03-15,33.16999816894531,33.29999923706055,33.11000061035156,33.290000915527344,23.753957748413086,1382000
XLV,2007-03-16,33.2599983215332,33.27000045776367,33.040000915527344,33.20000076293945,23.778308868408203,859200
XLV,2007-03-19,33.22999954223633,33.459999084472656,33.150001525878906,33.459999084472656,23.964521408081055,782500
XLV,2007-03-20,33.31999969482422,33.650001525878906,33.31999969482422,33.630001068115234,24.086286544799805,2089000
XLV,2007-03-21,33.599998474121094,34.029998779296875,33.47999954223633,33.970001220703125,24.329788208007812,1889100
XLV,2007-03-22,34.0099983215332,34.099998474121094,33.900001525878906,34.09000015258789,24.415735244750977,1667000
XLV,2007-03-23,34.0,34.33000183105469,33.400001525878906,33.91999816894531,24.293973922729492,1487400
XLV,2007-03-26,34.02000045776367,34.02000045776367,33.72999954223633,33.970001220703125,24.329788208007812,961500
XLV,2007-03-27,33.900001525878906,33.900001525878906,33.66999816894531,33.72999954223633,24.157896041870117,2922100
XLV,2007-03-28,33.70000076293945,33.75,33.5,33.5,23.993175506591797,2763600
XLV,2007-03-29,33.59000015258789,33.70000076293945,33.459999084472656,33.65999984741211,24.107763290405273,2708200
XLV,2007-03-30,33.650001525878906,33.869998931884766,33.36000061035156,33.650001525878906,24.100605010986328,3073900
XLV,2007-04-02,33.79999923706055,33.88999938964844,33.720001220703125,33.83000183105469,24.229528427124023,1188800
XLV,2007-04-03,34.0,34.27000045776367,33.93000030517578,34.18000030517578,24.480194091796875,982500
XLV,2007-04-04,34.20000076293945,34.400001525878906,34.099998474121094,34.380001068115234,24.623430252075195,922600
XLV,2007-04-05,34.36000061035156,34.650001525878906,34.36000061035156,34.619998931884766,24.795330047607422,1102400
XLV,2007-04-09,34.619998931884766,34.63999938964844,34.52000045776367,34.630001068115234,24.802492141723633,1307700
XLV,2007-04-10,34.54999923706055,34.689998626708984,34.5,34.68000030517578,24.838306427001953,1422400
XLV,2007-04-11,34.650001525878906,34.66999816894531,34.43000030517578,34.529998779296875,24.730865478515625,2447600
XLV,2007-04-12,34.47999954223633,34.970001220703125,34.369998931884766,34.91999816894531,25.010202407836914,1072500
XLV,2007-04-13,35.18000030517578,35.45000076293945,35.15999984741211,35.43000030517578,25.37546730041504,2666700
XLV,2007-04-16,35.529998779296875,35.77000045776367,35.4900016784668,35.77000045776367,25.618982315063477,3204800
XLV,2007-04-17,35.939998626708984,36.0,35.869998931884766,35.880001068115234,25.697772979736328,2849000
XLV,2007-04-18,35.84000015258789,35.880001068115234,35.59000015258789,35.869998931884766,25.690601348876953,2173900
XLV,2007-04-19,35.779998779296875,36.09000015258789,35.70000076293945,36.02000045776367,25.798044204711914,3099400
XLV,2007-04-20,36.150001525878906,36.22999954223633,36.040000915527344,36.15999984741211,25.898305892944336,2496700
XLV,2007-04-23,36.27000045776367,36.279998779296875,36.099998474121094,36.20000076293945,25.926950454711914,1399900
XLV,2007-04-24,36.22999954223633,36.290000915527344,36.060001373291016,36.20000076293945,25.926950454711914,1031200
XLV,2007-04-25,36.22999954223633,36.380001068115234,35.75,36.310001373291016,26.0057373046875,1995200
XLV,2007-04-26,36.33000183105469,36.5099983215332,36.290000915527344,36.349998474121094,26.03437614440918,1129400
XLV,2007-04-27,36.31999969482422,36.34000015258789,36.15999984741211,36.22999954223633,25.94843864440918,842800
XLV,2007-04-30,36.33000183105469,36.33000183105469,36.099998474121094,36.11000061035156,25.862483978271484,1364500
XLV,2007-05-01,36.060001373291016,36.2400016784668,36.029998779296875,36.189998626708984,25.919784545898438,2680900
XLV,2007-05-02,36.31999969482422,36.459999084472656,36.20000076293945,36.41999816894531,26.084514617919922,1347900
XLV,2007-05-03,36.41999816894531,36.54999923706055,36.36000061035156,36.5,26.14181137084961,1301300
XLV,2007-05-04,37.040000915527344,37.04999923706055,36.45000076293945,36.70000076293945,26.28504753112793,942300
XLV,2007-05-07,36.7400016784668,36.779998779296875,36.70000076293945,36.779998779296875,26.34234619140625,2263000
XLV,2007-05-08,36.720001220703125,36.720001220703125,36.540000915527344,36.63999938964844,26.242090225219727,1927400
XLV,2007-05-09,36.70000076293945,36.810001373291016,36.61000061035156,36.7599983215332,26.32802963256836,1841100
XLV,2007-05-10,36.65999984741211,36.65999984741211,36.029998779296875,36.11000061035156,25.862483978271484,1367400
XLV,2007-05-11,36.0099983215332,36.29999923706055,35.959999084472656,36.25,25.962770462036133,1189300
XLV,2007-05-14,36.27000045776367,36.47999954223633,36.209999084472656,36.209999084472656,25.934110641479492,1162600
XLV,2007-05-15,36.150001525878906,36.43000030517578,36.150001525878906,36.16999816894531,25.90546989440918,2288300
XLV,2007-05-16,36.439998626708984,36.619998931884766,36.34000015258789,36.58000183105469,26.199121475219727,3063800
XLV,2007-05-17,36.4900016784668,36.4900016784668,36.349998474121094,36.439998626708984,26.09882926940918,1415400
XLV,2007-05-18,36.52000045776367,36.63999938964844,36.40999984741211,36.59000015258789,26.206266403198242,693700
XLV,2007-05-21,36.619998931884766,36.709999084472656,36.58000183105469,36.66999816894531,26.263561248779297,1768700
XLV,2007-05-22,36.79999923706055,36.810001373291016,36.52000045776367,36.650001525878906,26.24924659729004,1101400
XLV,2007-05-23,36.79999923706055,36.939998626708984,36.689998626708984,36.779998779296875,26.34234619140625,1724500
XLV,2007-05-24,36.68000030517578,36.869998931884766,36.599998474121094,36.63999938964844,26.242090225219727,1955900
XLV,2007-05-25,36.58000183105469,36.7400016784668,36.54999923706055,36.619998931884766,26.22776222229004,997900
XLV,2007-05-29,36.650001525878906,36.70000076293945,36.529998779296875,36.63999938964844,26.242090225219727,1565600
XLV,2007-05-30,36.61000061035156,36.650001525878906,36.36000061035156,36.650001525878906,26.24924659729004,3190000
XLV,2007-05-31,36.709999084472656,36.79999923706055,36.619998931884766,36.72999954223633,26.306541442871094,1386600
XLV,2007-06-01,36.7400016784668,36.81999969482422,36.63999938964844,36.77000045776367,26.33519744873047,3572300
XLV,2007-06-04,36.599998474121094,36.77000045776367,36.599998474121094,36.70000076293945,26.28504753112793,1749200
XLV,2007-06-05,36.59000015258789,36.650001525878906,36.43000030517578,36.61000061035156,26.220598220825195,1685300
XLV,2007-06-06,36.540000915527344,36.540000915527344,36.20000076293945,36.27000045776367,25.97708511352539,3136400
XLV,2007-06-07,35.939998626708984,36.20000076293945,35.650001525878906,35.72999954223633,25.590330123901367,3280800
XLV,2007-06-08,35.38999938964844,35.90999984741211,35.38999938964844,35.849998474121094,25.676273345947266,1995600
XLV,2007-06-11,35.77000045776367,36.040000915527344,35.77000045776367,35.86000061035156,25.683429718017578,1267400
XLV,2007-06-12,35.75,35.900001525878906,35.56999969482422,35.599998474121094,25.497211456298828,2087200
XLV,2007-06-13,35.93000030517578,35.93000030517578,35.529998779296875,35.88999938964844,25.70492172241211,2145000
XLV,2007-06-14,36.02000045776367,36.060001373291016,35.5099983215332,35.9900016784668,25.776548385620117,1747400
XLV,2007-06-15,36.099998474121094,36.150001525878906,35.95000076293945,36.06999969482422,25.973115921020508,1221500
XLV,2007-06-18,36.0099983215332,36.029998779296875,35.79999923706055,35.86000061035156,25.821908950805664,984400
XLV,2007-06-19,35.90999984741211,35.9900016784668,35.83000183105469,35.86000061035156,25.821908950805664,1632000
XLV,2007-06-20,36.060001373291016,36.060001373291016,35.36000061035156,35.40999984741211,25.49787712097168,1913600
XLV,2007-06-21,35.36000061035156,35.5099983215332,35.15999984741211,35.5099983215332,25.56989097595215,1597900
XLV,2007-06-22,35.290000915527344,35.380001068115234,34.880001068115234,34.970001220703125,25.181053161621094,3168700
XLV,2007-06-25,34.970001220703125,35.2599983215332,34.790000915527344,34.90999984741211,25.13783836364746,2120600
XLV,2007-06-26,35.08000183105469,35.33000183105469,35.0099983215332,35.09000015258789,25.267446517944336,1172800
XLV,2007-06-27,35.0,35.380001068115234,34.93000030517578,35.380001068115234,25.476274490356445,5263600
XLV,2007-06-28,35.31999969482422,35.540000915527344,35.310001373291016,35.40999984741211,25.49787712097168,1713800
XLV,2007-06-29,35.36000061035156,35.459999084472656,34.959999084472656,35.310001373291016,25.425872802734375,1731500
XLV,2007-07-02,35.41999816894531,35.70000076293945,34.79999923706055,35.5099983215332,25.56989097595215,1264200
XLV,2007-07-03,35.650001525878906,35.650001525878906,35.540000915527344,35.56999969482422,25.613094329833984,671800
XLV,2007-07-05,35.47999954223633,35.619998931884766,35.380001068115234,35.560001373291016,25.605880737304688,3255600
XLV,2007-07-06,35.4900016784668,35.63999938964844,35.43000030517578,35.63999938964844,25.663497924804688,977800
XLV,2007-07-09,35.650001525878906,35.66999816894531,35.439998626708984,35.529998779296875,25.584291458129883,1264800
XLV,2007-07-10,35.38999938964844,35.5099983215332,35.150001525878906,35.22999954223633,25.368276596069336,1916700
XLV,2007-07-11,35.189998626708984,35.45000076293945,35.18000030517578,35.349998474121094,25.454666137695312,1717900
XLV,2007-07-12,35.38999938964844,36.029998779296875,35.38999938964844,36.0099983215332,25.92992401123047,863600
XLV,2007-07-13,35.939998626708984,36.040000915527344,35.81999969482422,35.91999816894531,25.865110397338867,1806700
XLV,2007-07-16,35.880001068115234,36.0,35.880001068115234,35.959999084472656,25.893911361694336,1388300
XLV,2007-07-17,35.79999923706055,35.93000030517578,35.77000045776367,35.849998474121094,25.814706802368164,1450300
XLV,2007-07-18,35.7599983215332,35.7599983215332,35.4900016784668,35.75,25.742692947387695,2247200
XLV,2007-07-19,35.66999816894531,35.70000076293945,35.41999816894531,35.560001373291016,25.605880737304688,1332600
XLV,2007-07-20,35.439998626708984,35.5,35.11000061035156,35.22999954223633,25.368276596069336,2122400
XLV,2007-07-23,35.540000915527344,35.720001220703125,35.41999816894531,35.5,25.562667846679688,1916100
XLV,2007-07-24,35.38999938964844,35.540000915527344,35.04999923706055,35.13999938964844,25.303447723388672,2853300
XLV,2007-07-25,35.36000061035156,35.9900016784668,34.939998626708984,35.119998931884766,25.289052963256836,2130400
XLV,2007-07-26,34.88999938964844,34.939998626708984,34.2599983215332,34.400001525878906,24.770605087280273,3470400
XLV,2007-07-27,34.27000045776367,34.61000061035156,33.58000183105469,33.58000183105469,24.18013572692871,3411600
XLV,2007-07-30,33.68000030517578,34.0099983215332,33.599998474121094,34.0,24.482576370239258,2987900
XLV,2007-07-31,34.470001220703125,34.5,33.619998931884766,33.630001068115234,24.216140747070312,2694200
XLV,2007-08-01,33.56999969482422,34.0,33.47999954223633,33.86000061035156,24.381759643554688,4001600
XLV,2007-08-02,33.880001068115234,34.29999923706055,33.880001068115234,34.150001525878906,24.590585708618164,2384900
XLV,2007-08-03,34.16999816894531,34.310001373291016,33.66999816894531,33.68000030517578,24.252151489257812,4094700
XLV,2007-08-06,33.84000015258789,34.4900016784668,33.84000015258789,34.34000015258789,24.727394104003906,3419300
XLV,2007-08-07,34.290000915527344,34.790000915527344,34.27000045776367,34.5,24.84260368347168,1435200
XLV,2007-08-08,34.599998474121094,34.900001525878906,34.45000076293945,34.900001525878906,25.130630493164062,2436400
XLV,2007-08-09,34.5,34.7599983215332,34.04999923706055,34.08000183105469,24.54018211364746,2228400
XLV,2007-08-10,33.880001068115234,34.119998931884766,33.619998931884766,33.900001525878906,24.410566329956055,2373300
XLV,2007-08-13,34.119998931884766,34.36000061035156,34.0,34.0,24.482576370239258,2071000
XLV,2007-08-14,34.189998626708984,34.20000076293945,33.689998626708984,33.720001220703125,24.280956268310547,1358700
XLV,2007-08-15,33.70000076293945,34.13999938964844,33.560001373291016,33.63999938964844,24.22334098815918,2001100
XLV,2007-08-16,33.279998779296875,33.720001220703125,32.939998626708984,33.650001525878906,24.230545043945312,3455600
XLV,2007-08-17,34.400001525878906,34.400001525878906,33.38999938964844,33.72999954223633,24.288145065307617,1859200
XLV,2007-08-20,33.91999816894531,34.029998779296875,33.68000030517578,33.88999938964844,24.403364181518555,1554900
XLV,2007-08-21,33.790000915527344,34.04999923706055,33.72999954223633,33.97999954223633,24.468168258666992,1559200
XLV,2007-08-22,34.09000015258789,34.20000076293945,33.970001220703125,34.150001525878906,24.590585708618164,2742800
XLV,2007-08-23,34.22999954223633,34.439998626708984,34.13999938964844,34.369998931884766,24.74899673461914,6065200
XLV,2007-08-24,34.29999923706055,34.58000183105469,34.220001220703125,34.58000183105469,24.900203704833984,4721600
XLV,2007-08-27,34.459999084472656,34.54999923706055,34.34000015258789,34.34000015258789,24.727394104003906,741500
XLV,2007-08-28,34.34000015258789,34.36000061035156,33.880001068115234,33.9900016784668,24.475372314453125,1447900
XLV,2007-08-29,34.0,34.34000015258789,33.86000061035156,34.2400016784668,24.655391693115234,1300100
XLV,2007-08-30,34.13999938964844,34.439998626708984,34.13999938964844,34.2400016784668,24.655391693115234,1152300
XLV,2007-08-31,34.4900016784668,34.65999984741211,34.34000015258789,34.400001525878906,24.770605087280273,1085200
XLV,2007-09-04,34.5099983215332,34.81999969482422,34.4900016784668,34.70000076293945,24.986631393432617,896400
XLV,2007-09-05,34.630001068115234,34.689998626708984,34.439998626708984,34.630001068115234,24.93621253967285,868200
XLV,2007-09-06,34.61000061035156,34.86000061035156,34.540000915527344,34.7400016784668,25.015422821044922,2101200
XLV,2007-09-07,34.43000030517578,34.70000076293945,34.220001220703125,34.369998931884766,24.74899673461914,2286100
XLV,2007-09-10,34.400001525878906,34.529998779296875,34.189998626708984,34.400001525878906,24.770605087280273,1057700
XLV,2007-09-11,34.4900016784668,34.720001220703125,34.369998931884766,34.65999984741211,24.95781707763672,864300
XLV,2007-09-12,34.66999816894531,34.939998626708984,34.63999938964844,34.810001373291016,25.065837860107422,1213100
XLV,2007-09-13,35.06999969482422,35.13999938964844,34.88999938964844,34.88999938964844,25.123430252075195,889500
XLV,2007-09-14,35.0,35.0,34.709999084472656,34.790000915527344,25.051429748535156,1140200
XLV,2007-09-17,34.709999084472656,34.79999923706055,34.470001220703125,34.68000030517578,24.97222137451172,2763000
XLV,2007-09-18,34.66999816894531,35.310001373291016,34.650001525878906,35.29999923706055,25.418659210205078,2328700
XLV,2007-09-19,35.439998626708984,35.66999816894531,35.349998474121094,35.439998626708984,25.51947021484375,1623600
XLV,2007-09-20,35.47999954223633,35.630001068115234,35.33000183105469,35.400001525878906,25.490680694580078,1046300
XLV,2007-09-21,35.439998626708984,35.52000045776367,35.400001525878906,35.45000076293945,25.615678787231445,1371400
XLV,2007-09-24,35.31999969482422,35.459999084472656,35.27000045776367,35.380001068115234,25.565099716186523,1385100
XLV,2007-09-25,35.31999969482422,35.43000030517578,35.209999084472656,35.2599983215332,25.478395462036133,1824300
XLV,2007-09-26,35.369998931884766,35.59000015258789,35.33000183105469,35.459999084472656,25.622905731201172,751700
XLV,2007-09-27,35.65999984741211,35.65999984741211,35.470001220703125,35.599998474121094,25.724069595336914,822600
XLV,2007-09-28,35.529998779296875,35.61000061035156,35.279998779296875,35.349998474121094,25.543420791625977,1069200
XLV,2007-10-01,35.5,35.88999938964844,35.47999954223633,35.88999938964844,25.933624267578125,8322000
XLV,2007-10-02,35.900001525878906,35.97999954223633,35.560001373291016,35.689998626708984,25.789112091064453,2193700
XLV,2007-10-03,35.720001220703125,35.83000183105469,35.540000915527344,35.83000183105469,25.890268325805664,1216700
XLV,2007-10-04,35.81999969482422,36.040000915527344,35.790000915527344,35.790000915527344,25.86136817932129,1037800
XLV,2007-10-05,36.0099983215332,36.25,35.959999084472656,36.25,26.19375991821289,1831200
XLV,2007-10-08,36.15999984741211,36.209999084472656,35.97999954223633,36.0,26.013105392456055,783600
XLV,2007-10-09,36.18000030517578,36.29999923706055,36.04999923706055,36.29999923706055,26.229883193969727,473500
XLV,2007-10-10,36.29999923706055,36.36000061035156,36.189998626708984,36.36000061035156,26.273242950439453,1435100
XLV,2007-10-11,36.380001068115234,36.38999938964844,35.970001220703125,36.04999923706055,26.04924774169922,4141900
XLV,2007-10-12,36.119998931884766,36.25,36.0,36.25,26.19375991821289,1450300
XLV,2007-10-15,36.20000076293945,36.38999938964844,35.70000076293945,35.86000061035156,25.911941528320312,2198300
XLV,2007-10-16,35.79999923706055,35.83000183105469,35.529998779296875,35.59000015258789,25.716840744018555,3103000
XLV,2007-10-17,35.95000076293945,35.95000076293945,35.369998931884766,35.619998931884766,25.738529205322266,2439900
XLV,2007-10-18,35.22999954223633,35.86000061035156,35.22999954223633,35.630001068115234,25.745758056640625,1320500
XLV,2007-10-19,35.61000061035156,35.650001525878906,35.18000030517578,35.20000076293945,25.43503761291504,1611200
XLV,2007-10-22,34.95000076293945,35.20000076293945,34.81999969482422,35.20000076293945,25.43503761291504,1972000
XLV,2007-10-23,35.22999954223633,35.61000061035156,35.189998626708984,35.61000061035156,25.731304168701172,2164500
XLV,2007-10-24,35.47999954223633,35.4900016784668,34.970001220703125,35.349998474121094,25.543420791625977,3290700
XLV,2007-10-25,35.09000015258789,35.619998931884766,35.09000015258789,35.560001373291016,25.69516372680664,2067400
XLV,2007-10-26,34.7599983215332,35.7400016784668,34.7599983215332,35.68000030517578,25.781879425048828,920400
XLV,2007-10-29,35.7599983215332,35.86000061035156,35.68000030517578,35.83000183105469,25.890268325805664,839400
XLV,2007-10-30,35.709999084472656,35.880001068115234,35.689998626708984,35.790000915527344,25.86136817932129,1220700
XLV,2007-10-31,34.900001525878906,36.099998474121094,34.900001525878906,36.0099983215332,26.020334243774414,1654600
XLV,2007-11-01,36.0099983215332,36.08000183105469,35.439998626708984,35.5099983215332,25.65903091430664,2415500
XLV,2007-11-02,35.400001525878906,35.619998931884766,35.220001220703125,35.40999984741211,25.586776733398438,2411100
XLV,2007-11-05,35.40999984741211,35.72999954223633,35.15999984741211,35.38999938964844,25.572328567504883,2653000
XLV,2007-11-06,35.34000015258789,35.58000183105469,35.029998779296875,35.58000183105469,25.70962142944336,1337400
XLV,2007-11-07,35.869998931884766,35.869998931884766,34.77000045776367,34.77000045776367,25.12431526184082,2126000
XLV,2007-11-08,34.189998626708984,35.11000061035156,34.189998626708984,35.0,25.290525436401367,3631800
XLV,2007-11-09,34.13999938964844,35.349998474121094,34.13999938964844,34.90999984741211,25.225488662719727,3258800
XLV,2007-11-12,34.029998779296875,35.41999816894531,34.029998779296875,35.0,25.290525436401367,2366000
XLV,2007-11-13,34.959999084472656,35.58000183105469,34.959999084472656,35.459999084472656,25.622905731201172,3230200
XLV,2007-11-14,35.4900016784668,35.7599983215332,35.33000183105469,35.599998474121094,25.724069595336914,2512500
XLV,2007-11-15,35.220001220703125,35.75,35.220001220703125,35.380001068115234,25.565099716186523,2426000
XLV,2007-11-16,35.5,35.630001068115234,35.29999923706055,35.540000915527344,25.680709838867188,2116400
XLV,2007-11-19,35.599998474121094,35.599998474121094,35.209999084472656,35.34000015258789,25.53619384765625,1725100
XLV,2007-11-20,35.66999816894531,35.66999816894531,35.060001373291016,35.40999984741211,25.586776733398438,3843100
XLV,2007-11-21,34.970001220703125,35.22999954223633,34.619998931884766,34.619998931884766,25.015941619873047,2262600
XLV,2007-11-23,34.68000030517578,35.279998779296875,34.68000030517578,35.18000030517578,25.420595169067383,1331200
XLV,2007-11-26,35.5,35.5,34.88999938964844,34.90999984741211,25.225488662719727,2070800
XLV,2007-11-27,35.40999984741211,35.70000076293945,34.70000076293945,35.36000061035156,25.5506534576416,2117100
XLV,2007-11-28,35.869998931884766,36.369998931884766,35.61000061035156,36.20000076293945,26.157621383666992,1808900
XLV,2007-11-29,35.77000045776367,36.43000030517578,35.560001373291016,36.41999816894531,26.31659507751465,5502200
XLV,2007-11-30,36.5,36.58000183105469,36.34000015258789,36.470001220703125,26.35272216796875,2469400
XLV,2007-12-03,36.83000183105469,36.83000183105469,36.16999816894531,36.2400016784668,26.1865291595459,1649900
XLV,2007-12-04,35.72999954223633,36.380001068115234,35.65999984741211,36.22999954223633,26.179296493530273,1344500
XLV,2007-12-05,36.58000183105469,36.599998474121094,36.29999923706055,36.52000045776367,26.388853073120117,1904000
XLV,2007-12-06,36.27000045776367,36.79999923706055,36.27000045776367,36.77000045776367,26.569501876831055,2719100
XLV,2007-12-07,36.70000076293945,36.81999969482422,36.630001068115234,36.75,26.55504608154297,3442900
XLV,2007-12-10,36.650001525878906,36.81999969482422,36.56999969482422,36.81999969482422,26.605628967285156,1115800
XLV,2007-12-11,36.54999923706055,36.79999923706055,36.0099983215332,36.25,26.19375991821289,2243700
XLV,2007-12-12,37.88999938964844,37.88999938964844,35.959999084472656,36.27000045776367,26.208209991455078,2767900
XLV,2007-12-13,35.83000183105469,36.25,35.79999923706055,36.25,26.19375991821289,2107400
XLV,2007-12-14,35.66999816894531,36.09000015258789,35.66999816894531,35.70000076293945,25.796329498291016,1130600
XLV,2007-12-17,35.59000015258789,35.83000183105469,35.31999969482422,35.31999969482422,25.521751403808594,1637800
XLV,2007-12-18,35.9900016784668,35.9900016784668,35.40999984741211,35.59000015258789,25.716840744018555,2168500
XLV,2007-12-19,35.36000061035156,35.779998779296875,35.36000061035156,35.56999969482422,25.702390670776367,1663100
XLV,2007-12-20,35.4900016784668,35.779998779296875,35.4900016784668,35.779998779296875,25.854137420654297,2094600
XLV,2007-12-21,35.9900016784668,35.9900016784668,35.72999954223633,35.869998931884766,26.01368522644043,2064100
XLV,2007-12-24,35.7599983215332,36.0099983215332,35.7599983215332,35.9900016784668,26.100723266601562,510300
XLV,2007-12-26,36.06999969482422,36.06999969482422,35.77000045776367,35.95000076293945,26.071714401245117,1037000
XLV,2007-12-27,35.97999954223633,35.9900016784668,35.529998779296875,35.58000183105469,25.803375244140625,989100
XLV,2007-12-28,35.83000183105469,35.83000183105469,35.43000030517578,35.439998626708984,25.701839447021484,1060400
XLV,2007-12-31,35.86000061035156,35.86000061035156,35.20000076293945,35.310001373291016,25.607563018798828,1497300
XLV,2008-01-02,35.630001068115234,35.630001068115234,34.709999084472656,34.939998626708984,25.3392333984375,6611300
XLV,2008-01-03,35.279998779296875,35.29999923706055,35.029998779296875,35.150001525878906,25.49152946472168,2544400
XLV,2008-01-04,34.88999938964844,35.15999984741211,34.7599983215332,34.790000915527344,25.23044776916504,3270600
XLV,2008-01-07,34.81999969482422,35.58000183105469,34.81999969482422,35.47999954223633,25.73084831237793,5457900
XLV,2008-01-08,35.65999984741211,36.38999938964844,35.56999969482422,35.77000045776367,25.941158294677734,6231200
XLV,2008-01-09,36.02000045776367,36.43000030517578,35.88999938964844,36.40999984741211,26.405296325683594,8322400
XLV,2008-01-10,36.33000183105469,36.560001373291016,36.13999938964844,36.36000061035156,26.369049072265625,5622300
XLV,2008-01-11,36.279998779296875,36.61000061035156,36.18000030517578,36.470001220703125,26.44881820678711,3496000
XLV,2008-01-14,36.40999984741211,36.4900016784668,36.13999938964844,36.189998626708984,26.245763778686523,4276500
XLV,2008-01-15,36.08000183105469,36.09000015258789,35.68000030517578,35.779998779296875,25.94841766357422,5242500
XLV,2008-01-16,35.529998779296875,36.279998779296875,35.529998779296875,35.869998931884766,26.01368522644043,4217300
XLV,2008-01-17,36.02000045776367,36.369998931884766,35.150001525878906,35.18000030517578,25.51328468322754,6972100
XLV,2008-01-18,35.31999969482422,35.31999969482422,34.470001220703125,34.66999816894531,25.14341926574707,7714900
XLV,2008-01-22,34.20000076293945,34.5,30.360000610351562,33.40999984741211,24.229642868041992,9251300
XLV,2008-01-23,32.77000045776367,33.650001525878906,32.459999084472656,33.650001525878906,24.40369415283203,10737900
XLV,2008-01-24,33.779998779296875,33.779998779296875,33.25,33.52000045776367,24.309410095214844,5734500
XLV,2008-01-25,33.970001220703125,33.970001220703125,32.540000915527344,32.9900016784668,23.925052642822266,6073700
XLV,2008-01-28,33.209999084472656,33.40999984741211,32.869998931884766,33.40999984741211,24.229642868041992,5296800
XLV,2008-01-29,33.61000061035156,33.61000061035156,33.38999938964844,33.5,24.294912338256836,2397000
XLV,2008-01-30,33.540000915527344,33.619998931884766,33.11000061035156,33.11000061035156,24.012067794799805,3951900
XLV,2008-01-31,32.810001373291016,33.70000076293945,32.810001373291016,33.70000076293945,24.43996238708496,3974400
XLV,2008-02-01,33.369998931884766,33.88999938964844,33.369998931884766,33.86000061035156,24.555988311767578,3571200
XLV,2008-02-04,33.75,34.099998474121094,33.75,33.97999954223633,24.643016815185547,2793100
XLV,2008-02-05,33.72999954223633,33.869998931884766,33.290000915527344,33.36000061035156,24.19338035583496,4460100
XLV,2008-02-06,33.630001068115234,33.70000076293945,33.34000015258789,33.45000076293945,24.2586612701416,3089400
XLV,2008-02-07,33.34000015258789,33.52000045776367,33.119998931884766,33.31999969482422,24.164371490478516,2785800
XLV,2008-02-08,33.189998626708984,33.290000915527344,32.91999816894531,33.11000061035156,24.012067794799805,2769100
XLV,2008-02-11,32.88999938964844,33.060001373291016,32.7599983215332,33.0099983215332,23.939552307128906,2631300
XLV,2008-02-12,33.400001525878906,33.54999923706055,33.150001525878906,33.4900016784668,24.287660598754883,2420200
XLV,2008-02-13,33.529998779296875,33.709999084472656,33.349998474121094,33.439998626708984,24.25139045715332,2114100
XLV,2008-02-14,33.5,33.66999816894531,33.15999984741211,33.29999923706055,24.149866104125977,2708800
XLV,2008-02-15,33.0099983215332,33.36000061035156,33.0,33.33000183105469,24.171621322631836,2760000
XLV,2008-02-19,33.33000183105469,33.77000045776367,33.33000183105469,33.75,24.47621726989746,2804400
XLV,2008-02-20,33.2599983215332,33.650001525878906,33.13999938964844,33.650001525878906,24.40369415283203,3062100
XLV,2008-02-21,34.13999938964844,34.150001525878906,33.02000045776367,33.29999923706055,24.149866104125977,2438900
XLV,2008-02-22,33.29999923706055,33.369998931884766,32.689998626708984,33.369998931884766,24.200626373291016,2672900
XLV,2008-02-25,33.27000045776367,33.79999923706055,33.2599983215332,33.79999923706055,24.512481689453125,2575300
XLV,2008-02-26,33.72999954223633,33.91999816894531,33.4900016784668,33.5,24.294912338256836,3024600
XLV,2008-02-27,33.560001373291016,33.75,33.470001220703125,33.650001525878906,24.40369415283203,3035900
XLV,2008-02-28,33.400001525878906,33.400001525878906,33.16999816894531,33.2599983215332,24.120864868164062,4668900
XLV,2008-02-29,33.04999923706055,33.06999969482422,32.630001068115234,32.79999923706055,23.78725814819336,4110900
XLV,2008-03-03,32.650001525878906,32.81999969482422,32.599998474121094,32.790000915527344,23.780004501342773,2418900
XLV,2008-03-04,32.5099983215332,32.849998474121094,32.5,32.83000183105469,23.80901336669922,3206800
XLV,2008-03-05,32.7599983215332,33.0,32.45000076293945,32.77000045776367,23.765499114990234,3494300
XLV,2008-03-06,32.810001373291016,32.810001373291016,32.040000915527344,32.11000061035156,23.286853790283203,2623500
XLV,2008-03-07,32.099998474121094,32.099998474121094,31.6200008392334,31.739999771118164,23.018526077270508,3988500
XLV,2008-03-10,31.65999984741211,31.799999237060547,30.790000915527344,31.0,22.48185920715332,2871400
XLV,2008-03-11,30.899999618530273,31.6200008392334,30.65999984741211,31.299999237060547,22.699420928955078,3730100
XLV,2008-03-12,31.190000534057617,31.450000762939453,31.1200008392334,31.299999237060547,22.699420928955078,3182700
XLV,2008-03-13,30.93000030517578,31.520000457763672,30.6200008392334,31.260000228881836,22.6704158782959,4518600
XLV,2008-03-14,31.31999969482422,31.780000686645508,30.459999084472656,30.68000030517578,22.24978256225586,5051900
XLV,2008-03-17,30.079999923706055,30.860000610351562,30.0,30.639999389648438,22.22077751159668,4885600
XLV,2008-03-18,31.09000015258789,31.780000686645508,30.770000457763672,31.600000381469727,22.916988372802734,6180700
XLV,2008-03-19,31.40999984741211,31.90999984741211,30.510000228881836,31.190000534057617,22.61964988708496,7359700
XLV,2008-03-20,31.510000228881836,31.510000228881836,30.950000762939453,31.09000015258789,22.648067474365234,2022000
XLV,2008-03-24,31.43000030517578,31.700000762939453,31.229999542236328,31.5,22.946735382080078,2458700
XLV,2008-03-25,31.489999771118164,31.700000762939453,31.3799991607666,31.559999465942383,22.990442276000977,3434700
XLV,2008-03-26,31.40999984741211,31.43000030517578,31.25,31.25,22.764616012573242,2507200
XLV,2008-03-27,31.440000534057617,31.559999465942383,31.1200008392334,31.40999984741211,22.88117790222168,5658200
XLV,2008-03-28,31.670000076293945,31.670000076293945,31.139999389648438,31.329999923706055,22.822895050048828,2423900
XLV,2008-03-31,30.790000915527344,31.170000076293945,30.6200008392334,31.170000076293945,22.706335067749023,3496900
XLV,2008-04-01,31.299999237060547,31.719999313354492,31.06999969482422,31.670000076293945,23.07056427001953,3015200
XLV,2008-04-02,31.760000228881836,31.770000457763672,31.40999984741211,31.450000762939453,22.910314559936523,1405800
XLV,2008-04-03,31.469999313354492,31.530000686645508,31.309999465942383,31.350000381469727,22.837467193603516,1900000
XLV,2008-04-04,31.280000686645508,31.889999389648438,31.280000686645508,31.600000381469727,23.019577026367188,2810500
XLV,2008-04-07,31.989999771118164,32.04999923706055,31.790000915527344,31.959999084472656,23.281827926635742,3393600
XLV,2008-04-08,31.899999618530273,31.920000076293945,31.75,31.850000381469727,23.201688766479492,1641700
XLV,2008-04-09,31.84000015258789,31.8799991607666,31.549999237060547,31.700000762939453,23.092426300048828,1668500
XLV,2008-04-10,31.68000030517578,32.06999969482422,31.6200008392334,31.950000762939453,23.274545669555664,1917500
XLV,2008-04-11,31.8799991607666,31.93000030517578,31.450000762939453,31.530000686645508,22.968589782714844,3177600
XLV,2008-04-14,31.489999771118164,31.559999465942383,31.309999465942383,31.389999389648438,22.866607666015625,1089700
XLV,2008-04-15,31.469999313354492,31.530000686645508,31.25,31.360000610351562,22.844758987426758,2110500
XLV,2008-04-16,31.450000762939453,31.559999465942383,31.290000915527344,31.530000686645508,22.968589782714844,2732400
XLV,2008-04-17,31.43000030517578,31.479999542236328,31.209999084472656,31.329999923706055,22.822895050048828,1482000
XLV,2008-04-18,31.75,31.799999237060547,31.530000686645508,31.6299991607666,23.041439056396484,2283000
XLV,2008-04-21,31.520000457763672,31.649999618530273,31.459999084472656,31.530000686645508,22.968589782714844,3293800
XLV,2008-04-22,31.3700008392334,31.3700008392334,31.020000457763672,31.200000762939453,22.728195190429688,2659900
XLV,2008-04-23,31.260000228881836,31.5,31.18000030517578,31.299999237060547,22.80103874206543,901700
XLV,2008-04-24,31.479999542236328,31.65999984741211,31.200000762939453,31.399999618530273,22.87389373779297,1694100
XLV,2008-04-25,31.65999984741211,31.8700008392334,31.59000015258789,31.809999465942383,23.17255210876465,3163700
XLV,2008-04-28,31.920000076293945,32.04999923706055,31.81999969482422,32.0,23.310970306396484,3835300
XLV,2008-04-29,31.799999237060547,31.799999237060547,31.530000686645508,31.649999618530273,23.055994033813477,1089900
XLV,2008-04-30,31.799999237060547,31.860000610351562,31.450000762939453,31.479999542236328,22.932161331176758,1833000
XLV,2008-05-01,31.360000610351562,32.060001373291016,31.360000610351562,32.040000915527344,23.340099334716797,1809000
XLV,2008-05-02,32.13999938964844,32.189998626708984,32.0,32.04999923706055,23.347393035888672,2250300
XLV,2008-05-05,32.04999923706055,32.060001373291016,31.8700008392334,31.959999084472656,23.281827926635742,886200
XLV,2008-05-06,31.790000915527344,32.0,31.670000076293945,31.899999618530273,23.238115310668945,1703400
XLV,2008-05-07,31.8799991607666,32.02000045776367,31.469999313354492,31.6200008392334,23.034141540527344,2283900
XLV,2008-05-08,31.600000381469727,31.75,31.5,31.5,22.946735382080078,2157500
XLV,2008-05-09,31.5,31.5,31.260000228881836,31.469999313354492,22.92487907409668,1469200
XLV,2008-05-12,31.59000015258789,31.709999084472656,31.450000762939453,31.709999084472656,23.099714279174805,1082200
XLV,2008-05-13,31.719999313354492,31.739999771118164,31.40999984741211,31.40999984741211,22.88117790222168,1293100
XLV,2008-05-14,31.479999542236328,31.760000228881836,31.479999542236328,31.670000076293945,23.07056427001953,1528800
XLV,2008-05-15,31.549999237060547,31.6299991607666,31.399999618530273,31.579999923706055,23.005016326904297,1213200
XLV,2008-05-16,31.610000610351562,31.700000762939453,31.469999313354492,31.700000762939453,23.092426300048828,1381600
XLV,2008-05-19,31.579999923706055,31.899999618530273,31.540000915527344,31.899999618530273,23.238115310668945,2174900
XLV,2008-05-20,31.670000076293945,31.969999313354492,31.649999618530273,31.809999465942383,23.17255210876465,1653400
XLV,2008-05-21,31.90999984741211,32.02000045776367,31.5,31.530000686645508,22.968589782714844,2029200
XLV,2008-05-22,31.5,31.889999389648438,31.459999084472656,31.8700008392334,23.216262817382812,995300
XLV,2008-05-23,31.59000015258789,31.670000076293945,31.350000381469727,31.350000381469727,22.837467193603516,1328900
XLV,2008-05-27,31.329999923706055,31.670000076293945,31.329999923706055,31.479999542236328,22.932161331176758,1597700
XLV,2008-05-28,31.510000228881836,31.709999084472656,31.399999618530273,31.450000762939453,22.910314559936523,1394000
XLV,2008-05-29,31.420000076293945,32.25,31.420000076293945,32.130001068115234,23.405672073364258,2288500
XLV,2008-05-30,32.119998931884766,32.20000076293945,31.989999771118164,32.08000183105469,23.36924171447754,1456800
XLV,2008-06-02,32.040000915527344,32.119998931884766,31.59000015258789,31.700000762939453,23.092426300048828,1672100
XLV,2008-06-03,31.81999969482422,32.040000915527344,31.709999084472656,31.90999984741211,23.245407104492188,2668600
XLV,2008-06-04,31.8799991607666,32.09000015258789,31.770000457763672,31.920000076293945,23.252687454223633,2460900
XLV,2008-06-05,31.950000762939453,32.2599983215332,31.8700008392334,32.20000076293945,23.456666946411133,1914400
XLV,2008-06-06,31.93000030517578,31.969999313354492,31.299999237060547,31.420000076293945,22.888456344604492,2634700
XLV,2008-06-09,31.40999984741211,31.549999237060547,31.09000015258789,31.25,22.764616012573242,3173100
XLV,2008-06-10,31.049999237060547,31.239999771118164,30.93000030517578,30.950000762939453,22.54607391357422,1943000
XLV,2008-06-11,31.020000457763672,31.020000457763672,30.56999969482422,30.639999389648438,22.32024574279785,2322200
XLV,2008-06-12,30.75,30.93000030517578,30.010000228881836,30.3799991607666,22.13085174560547,3137100
XLV,2008-06-13,30.850000381469727,31.299999237060547,30.75,30.860000610351562,22.48050880432129,1882700
XLV,2008-06-16,31.020000457763672,31.1200008392334,30.719999313354492,30.959999084472656,22.553361892700195,1597400
XLV,2008-06-17,31.25,31.25,30.799999237060547,30.8799991607666,22.49508285522461,1496300
XLV,2008-06-18,30.81999969482422,30.920000076293945,30.489999771118164,30.530000686645508,22.24012565612793,2382300
XLV,2008-06-19,30.25,30.8799991607666,30.25,30.56999969482422,22.269258499145508,1779800
XLV,2008-06-20,30.459999084472656,30.489999771118164,29.920000076293945,30.0,21.956012725830078,2037900
XLV,2008-06-23,30.219999313354492,30.3700008392334,30.209999084472656,30.219999313354492,22.117021560668945,1359200
XLV,2008-06-24,30.239999771118164,30.479999542236328,30.059999465942383,30.329999923706055,22.197534561157227,1782800
XLV,2008-06-25,30.3700008392334,30.8700008392334,30.34000015258789,30.670000076293945,22.446369171142578,2678900
XLV,2008-06-26,30.3700008392334,30.510000228881836,29.899999618530273,30.049999237060547,21.992610931396484,2324700
XLV,2008-06-27,30.110000610351562,30.440000534057617,30.06999969482422,30.25,22.138986587524414,2161800
XLV,2008-06-30,30.079999923706055,30.969999313354492,30.079999923706055,30.579999923706055,22.380504608154297,2441700
XLV,2008-07-01,30.190000534057617,30.690000534057617,30.190000534057617,30.579999923706055,22.380504608154297,10508300
XLV,2008-07-02,30.809999465942383,30.889999389648438,30.3700008392334,30.3700008392334,22.226804733276367,2258900
XLV,2008-07-03,30.530000686645508,30.690000534057617,30.420000076293945,30.5,22.321949005126953,2497700
XLV,2008-07-07,30.489999771118164,30.68000030517578,30.139999389648438,30.299999237060547,22.175579071044922,3817000
XLV,2008-07-08,30.290000915527344,31.280000686645508,30.290000915527344,31.100000381469727,22.761072158813477,4317200
XLV,2008-07-09,31.290000915527344,31.729999542236328,31.100000381469727,31.25,22.870851516723633,6234200
XLV,2008-07-10,31.3700008392334,31.440000534057617,30.969999313354492,31.420000076293945,22.995271682739258,5928500
XLV,2008-07-11,31.09000015258789,31.190000534057617,30.739999771118164,30.81999969482422,22.556150436401367,4324100
XLV,2008-07-14,30.93000030517578,31.5,30.739999771118164,31.030000686645508,22.709840774536133,3422000
XLV,2008-07-15,30.799999237060547,31.440000534057617,30.739999771118164,31.18000030517578,22.819612503051758,5179000
XLV,2008-07-16,31.5,31.649999618530273,31.260000228881836,31.399999618530273,22.980636596679688,8097800
XLV,2008-07-17,31.649999618530273,31.809999465942383,31.260000228881836,31.709999084472656,23.207515716552734,3847500
XLV,2008-07-18,31.790000915527344,31.989999771118164,31.43000030517578,31.700000762939453,23.200199127197266,2858800
XLV,2008-07-21,31.700000762939453,31.709999084472656,31.09000015258789,31.139999389648438,22.790346145629883,4387800
XLV,2008-07-22,31.059999465942383,31.600000381469727,30.989999771118164,31.56999969482422,23.105052947998047,3187400
XLV,2008-07-23,31.6299991607666,31.989999771118164,31.6299991607666,31.709999084472656,23.207515716552734,3801600
XLV,2008-07-24,31.649999618530273,32.060001373291016,31.649999618530273,31.68000030517578,23.185556411743164,5173600
XLV,2008-07-25,31.719999313354492,32.040000915527344,31.719999313354492,31.8700008392334,23.324609756469727,5849800
XLV,2008-07-28,32.34000015258789,32.34000015258789,31.610000610351562,31.610000610351562,23.134321212768555,2641000
XLV,2008-07-29,31.84000015258789,32.0099983215332,31.770000457763672,31.93000030517578,23.36852264404297,3637900
XLV,2008-07-30,31.940000534057617,32.09000015258789,31.549999237060547,31.920000076293945,23.3612060546875,5642900
XLV,2008-07-31,31.93000030517578,32.31999969482422,31.829999923706055,31.950000762939453,23.38315773010254,4035000
XLV,2008-08-01,32.06999969482422,32.11000061035156,31.56999969482422,31.709999084472656,23.207515716552734,4288200
XLV,2008-08-04,31.8799991607666,32.25,31.6200008392334,31.979999542236328,23.40511703491211,3127000
XLV,2008-08-05,32.400001525878906,33.06999969482422,32.06999969482422,33.02000045776367,24.1662540435791,3273800
XLV,2008-08-06,32.77000045776367,33.150001525878906,32.439998626708984,33.150001525878906,24.26140785217285,9167000
XLV,2008-08-07,32.7599983215332,33.060001373291016,32.5,32.75,23.96865463256836,3833600
XLV,2008-08-08,32.65999984741211,33.349998474121094,32.63999938964844,33.31999969482422,24.385812759399414,6504700
XLV,2008-08-11,33.470001220703125,33.5,33.13999938964844,33.349998474121094,24.407773971557617,2849600
XLV,2008-08-12,33.279998779296875,33.47999954223633,33.220001220703125,33.279998779296875,24.35654640197754,3521100
XLV,2008-08-13,33.18000030517578,33.369998931884766,33.0099983215332,33.29999923706055,24.371185302734375,5973800
XLV,2008-08-14,33.08000183105469,33.56999969482422,32.88999938964844,33.279998779296875,24.35654640197754,3494100
XLV,2008-08-15,33.209999084472656,33.70000076293945,33.209999084472656,33.61000061035156,24.59806251525879,3045500
XLV,2008-08-18,33.7400016784668,33.7400016784668,33.150001525878906,33.33000183105469,24.393142700195312,2169700
XLV,2008-08-19,33.15999984741211,33.310001373291016,32.880001068115234,33.18000030517578,24.283353805541992,7032300
XLV,2008-08-20,33.08000183105469,33.11000061035156,32.70000076293945,32.970001220703125,24.129661560058594,4168500
XLV,2008-08-21,32.72999954223633,33.09000015258789,32.540000915527344,32.7599983215332,23.97597312927246,2710300
XLV,2008-08-22,33.040000915527344,33.369998931884766,32.88999938964844,33.310001373291016,24.378507614135742,3494500
XLV,2008-08-25,33.060001373291016,33.18000030517578,32.630001068115234,32.77000045776367,23.983293533325195,2075000
XLV,2008-08-26,32.7599983215332,32.959999084472656,32.59000015258789,32.72999954223633,23.95401382446289,1344500
XLV,2008-08-27,32.7599983215332,32.810001373291016,32.52000045776367,32.779998779296875,23.99060821533203,2616300
XLV,2008-08-28,32.83000183105469,33.0099983215332,32.79999923706055,32.970001220703125,24.129661560058594,1667100
XLV,2008-08-29,32.970001220703125,33.060001373291016,32.61000061035156,32.61000061035156,23.86619758605957,2408300
XLV,2008-09-02,32.900001525878906,33.310001373291016,32.54999923706055,32.54999923706055,23.8222713470459,5185200
XLV,2008-09-03,32.650001525878906,32.790000915527344,32.459999084472656,32.7400016784668,23.96133804321289,3009000
XLV,2008-09-04,32.5099983215332,32.58000183105469,31.8700008392334,32.02000045776367,23.43439483642578,11658100
XLV,2008-09-05,31.65999984741211,32.060001373291016,31.5,31.850000381469727,23.309972763061523,5803200
XLV,2008-09-08,32.38999938964844,32.470001220703125,32.0,32.380001068115234,23.697860717773438,7640400
XLV,2008-09-09,32.5099983215332,32.63999938964844,31.84000015258789,32.099998474121094,23.492938995361328,3408600
XLV,2008-09-10,32.02000045776367,32.099998474121094,31.84000015258789,31.969999313354492,23.397798538208008,5239000
XLV,2008-09-11,31.5,32.369998931884766,31.5,32.099998474121094,23.492938995361328,3970400
XLV,2008-09-12,32.209999084472656,32.400001525878906,32.0,32.400001525878906,23.71250343322754,3869100
XLV,2008-09-15,31.799999237060547,32.15999984741211,31.5,31.5,23.05381965637207,6297700
XLV,2008-09-16,31.229999542236328,32.029998779296875,31.020000457763672,31.450000762939453,23.01723289489746,7324900
XLV,2008-09-17,31.010000228881836,31.540000915527344,30.40999984741211,30.950000762939453,22.65129280090332,6844100
XLV,2008-09-18,30.670000076293945,31.389999389648438,30.350000381469727,31.350000381469727,22.94403648376465,14902300
XLV,2008-09-19,32.7400016784668,33.08000183105469,31.059999465942383,31.549999237060547,23.19548225402832,4821000
XLV,2008-09-22,31.260000228881836,31.920000076293945,30.459999084472656,30.799999237060547,22.644075393676758,4334300
XLV,2008-09-23,30.729999542236328,30.90999984741211,30.06999969482422,30.06999969482422,22.107378005981445,3316600
XLV,2008-09-24,30.34000015258789,30.670000076293945,30.229999542236328,30.350000381469727,22.313236236572266,4029600
XLV,2008-09-25,30.3799991607666,31.280000686645508,30.3799991607666,30.899999618530273,22.717594146728516,9256200
XLV,2008-09-26,30.75,31.219999313354492,30.530000686645508,30.84000015258789,22.67348289489746,5521100
XLV,2008-09-29,30.459999084472656,31.059999465942383,29.0,30.149999618530273,22.166200637817383,8689400
XLV,2008-09-30,30.270000457763672,30.450000762939453,29.780000686645508,30.049999237060547,22.09267807006836,3309800
XLV,2008-10-01,30.100000381469727,30.479999542236328,30.100000381469727,30.25,22.239715576171875,6053600
XLV,2008-10-02,30.25,30.59000015258789,29.93000030517578,30.299999237060547,22.276473999023438,6353400
XLV,2008-10-03,30.600000381469727,30.600000381469727,29.649999618530273,29.649999618530273,21.798601150512695,6814400
XLV,2008-10-06,29.399999618530273,29.8799991607666,27.40999984741211,28.540000915527344,20.982540130615234,8545000
XLV,2008-10-07,28.719999313354492,28.780000686645508,27.389999389648438,27.850000381469727,20.475238800048828,5060200
XLV,2008-10-08,27.030000686645508,27.81999969482422,26.549999237060547,27.350000381469727,20.107648849487305,9958100
XLV,2008-10-09,27.639999389648438,27.639999389648438,25.0,25.25,18.563732147216797,10773200
XLV,2008-10-10,24.100000381469727,25.540000915527344,22.889999389648438,24.139999389648438,17.747657775878906,15960800
XLV,2008-10-13,25.68000030517578,27.829999923706055,25.219999313354492,27.049999237060547,19.8870906829834,7756200
XLV,2008-10-14,28.450000762939453,28.559999465942383,26.84000015258789,27.600000381469727,20.29144859313965,12535900
XLV,2008-10-15,27.3700008392334,27.3700008392334,24.899999618530273,24.899999618530273,18.30641746520996,8958600
XLV,2008-10-16,25.6299991607666,26.700000762939453,24.389999389648438,26.200000762939453,19.26217269897461,11304400
XLV,2008-10-17,25.6200008392334,27.510000228881836,25.6200008392334,26.100000381469727,19.18865394592285,7743000
XLV,2008-10-20,26.450000762939453,27.479999542236328,26.420000076293945,27.149999618530273,19.960609436035156,8094200
XLV,2008-10-21,27.100000381469727,27.709999084472656,27.010000228881836,27.06999969482422,19.901782989501953,4888900
XLV,2008-10-22,26.75,26.75,25.3700008392334,26.399999618530273,19.40920066833496,10562300
XLV,2008-10-23,25.809999465942383,26.59000015258789,24.950000762939453,25.790000915527344,18.96074104309082,7834800
XLV,2008-10-24,24.229999542236328,26.020000457763672,24.229999542236328,25.700000762939453,18.894575119018555,10636200
XLV,2008-10-27,25.209999084472656,25.75,24.1200008392334,24.600000381469727,18.085857391357422,5929000
XLV,2008-10-28,25.43000030517578,27.5,24.579999923706055,26.149999618530273,19.225412368774414,7073300
XLV,2008-10-29,26.299999237060547,26.850000381469727,25.639999389648438,25.969999313354492,19.093076705932617,7502500
XLV,2008-10-30,26.280000686645508,26.860000610351562,25.989999771118164,26.579999923706055,19.541542053222656,4827900
XLV,2008-10-31,26.6299991607666,27.209999084472656,26.420000076293945,26.600000381469727,19.556249618530273,6100100
XLV,2008-11-03,26.670000076293945,27.1299991607666,26.670000076293945,26.799999237060547,19.70328712463379,3951600
XLV,2008-11-04,27.399999618530273,27.56999969482422,27.06999969482422,27.149999618530273,19.960609436035156,3884000
XLV,2008-11-05,27.110000610351562,27.420000076293945,26.440000534057617,26.75,19.66652488708496,5999500
XLV,2008-11-06,26.5,26.6299991607666,25.559999465942383,26.100000381469727,19.18865394592285,8637100
XLV,2008-11-07,26.059999465942383,26.59000015258789,25.799999237060547,26.43000030517578,19.431264877319336,5676300
XLV,2008-11-10,27.1200008392334,27.1200008392334,26.049999237060547,26.239999771118164,19.291582107543945,4835800
XLV,2008-11-11,26.219999313354492,26.329999923706055,25.600000381469727,25.770000457763672,18.946035385131836,10628000
XLV,2008-11-12,25.420000076293945,25.729999542236328,24.969999313354492,25.200000762939453,18.52696990966797,4237700
XLV,2008-11-13,25.020000457763672,26.549999237060547,24.530000686645508,26.549999237060547,19.519495010375977,7599700
XLV,2008-11-14,25.8799991607666,26.709999084472656,25.540000915527344,25.540000915527344,18.776941299438477,5996900
XLV,2008-11-17,25.079999923706055,25.829999923706055,25.010000228881836,25.100000381469727,18.453454971313477,6151400
XLV,2008-11-18,24.90999984741211,25.450000762939453,24.40999984741211,25.270000457763672,18.578432083129883,5928200
XLV,2008-11-19,25.40999984741211,25.610000610351562,24.100000381469727,24.25,17.828535079956055,6997800
XLV,2008-11-20,23.979999542236328,24.389999389648438,22.360000610351562,23.559999465942383,17.321250915527344,12781400
XLV,2008-11-21,23.270000457763672,23.670000076293945,21.989999771118164,23.59000015258789,17.34330177307129,9508400
XLV,2008-11-24,23.700000762939453,24.670000076293945,23.610000610351562,24.059999465942383,17.688844680786133,6284000
XLV,2008-11-25,24.690000534057617,24.84000015258789,24.020000457763672,24.219999313354492,17.80647850036621,6164700
XLV,2008-11-26,23.760000228881836,24.719999313354492,23.760000228881836,24.600000381469727,18.085857391357422,6608700
XLV,2008-11-28,24.739999771118164,25.139999389648438,24.540000915527344,24.920000076293945,18.32111930847168,1595100
XLV,2008-12-01,24.799999237060547,24.799999237060547,23.440000534057617,23.639999389648438,17.380062103271484,5771700
XLV,2008-12-02,23.90999984741211,24.290000915527344,23.579999923706055,24.25,17.828535079956055,7442500
XLV,2008-12-03,23.959999084472656,25.030000686645508,23.770000457763672,24.829999923706055,18.25495147705078,10260400
XLV,2008-12-04,24.540000915527344,24.959999084472656,24.110000610351562,24.360000610351562,17.90941619873047,8388100
XLV,2008-12-05,23.8799991607666,25.34000015258789,23.739999771118164,25.190000534057617,18.519620895385742,8018200
XLV,2008-12-08,25.940000534057617,25.940000534057617,25.1299991607666,25.389999389648438,18.666662216186523,9152900
XLV,2008-12-09,25.260000228881836,25.459999084472656,24.739999771118164,24.989999771118164,18.372575759887695,8474900
XLV,2008-12-10,25.209999084472656,25.290000915527344,24.760000228881836,24.920000076293945,18.32111930847168,7121300
XLV,2008-12-11,24.719999313354492,25.6299991607666,24.719999313354492,25.06999969482422,18.431394577026367,9030800
XLV,2008-12-12,24.729999542236328,25.190000534057617,24.450000762939453,25.1200008392334,18.468158721923828,6547800
XLV,2008-12-15,25.530000686645508,25.530000686645508,24.829999923706055,25.06999969482422,18.431394577026367,4292500
XLV,2008-12-16,26.059999465942383,26.18000030517578,25.139999389648438,26.059999465942383,19.159244537353516,7632100
XLV,2008-12-17,25.739999771118164,26.200000762939453,25.639999389648438,25.899999618530273,19.041603088378906,8981200
XLV,2008-12-18,25.940000534057617,26.510000228881836,25.780000686645508,26.09000015258789,19.181299209594727,6011900
XLV,2008-12-19,26.260000228881836,26.479999542236328,25.940000534057617,26.09000015258789,19.29816436767578,8949500
XLV,2008-12-22,26.200000762939453,26.209999084472656,25.5,25.90999984741211,19.16503143310547,5075900
XLV,2008-12-23,26.030000686645508,26.31999969482422,25.75,25.920000076293945,19.172428131103516,3210200
XLV,2008-12-24,25.84000015258789,25.950000762939453,25.719999313354492,25.829999923706055,19.105850219726562,876900
XLV,2008-12-26,25.90999984741211,25.989999771118164,25.739999771118164,25.850000381469727,19.120651245117188,1040500
XLV,2008-12-29,25.920000076293945,25.959999084472656,25.420000076293945,25.809999465942383,19.091054916381836,1559400
XLV,2008-12-30,25.920000076293945,26.389999389648438,25.899999618530273,26.309999465942383,19.46088981628418,2865700
XLV,2008-12-31,26.479999542236328,26.709999084472656,26.3700008392334,26.549999237060547,19.638416290283203,2383000
XLV,2009-01-02,26.559999465942383,27.229999542236328,26.389999389648438,27.09000015258789,20.037841796875,3589100
XLV,2009-01-05,27.1200008392334,27.1200008392334,26.65999984741211,26.959999084472656,19.94169044494629,3880700
XLV,2009-01-06,27.010000228881836,27.079999923706055,26.299999237060547,26.520000457763672,19.616226196289062,5726300
XLV,2009-01-07,26.06999969482422,26.5,26.06999969482422,26.280000686645508,19.438705444335938,3947300
XLV,2009-01-08,26.149999618530273,26.43000030517578,25.989999771118164,26.43000030517578,19.54966163635254,5521700
XLV,2009-01-09,26.440000534057617,26.5,26.0,26.149999618530273,19.34255027770996,3906400
XLV,2009-01-12,26.239999771118164,26.25,25.68000030517578,25.809999465942383,19.091054916381836,4811700
XLV,2009-01-13,25.809999465942383,26.18000030517578,25.739999771118164,26.030000686645508,19.2537899017334,5286200
XLV,2009-01-14,25.600000381469727,25.8700008392334,25.420000076293945,25.65999984741211,18.980104446411133,3907600
XLV,2009-01-15,25.719999313354492,25.93000030517578,25.139999389648438,25.84000015258789,19.113245010375977,7710700
XLV,2009-01-16,26.1299991607666,26.280000686645508,25.719999313354492,26.059999465942383,19.275972366333008,4456600
XLV,2009-01-20,26.010000228881836,26.309999465942383,25.40999984741211,25.43000030517578,18.809986114501953,8967000
XLV,2009-01-21,25.770000457763672,26.059999465942383,25.280000686645508,25.969999313354492,19.20940589904785,6294300
XLV,2009-01-22,25.81999969482422,26.219999313354492,25.600000381469727,26.079999923706055,19.290771484375,4778900
XLV,2009-01-23,25.8799991607666,26.18000030517578,25.610000610351562,26.079999923706055,19.290771484375,4563300
XLV,2009-01-26,26.170000076293945,26.309999465942383,25.799999237060547,25.940000534057617,19.187223434448242,6881000
XLV,2009-01-27,26.200000762939453,26.700000762939453,26.149999618530273,26.479999542236328,19.58664321899414,5819200
XLV,2009-01-28,26.770000457763672,27.06999969482422,26.610000610351562,26.889999389648438,19.889911651611328,8140600
XLV,2009-01-29,26.540000915527344,26.81999969482422,26.389999389648438,26.510000228881836,19.608835220336914,3911100
XLV,2009-01-30,26.56999969482422,26.610000610351562,26.110000610351562,26.229999542236328,19.40172004699707,5236200
XLV,2009-02-02,26.0,26.690000534057617,25.969999313354492,26.399999618530273,19.527463912963867,5822100
XLV,2009-02-03,26.549999237060547,27.290000915527344,26.440000534057617,27.079999923706055,20.030445098876953,6915500
XLV,2009-02-04,27.329999923706055,27.479999542236328,26.829999923706055,26.959999084472656,19.94169044494629,4998200
XLV,2009-02-05,26.690000534057617,27.25,26.690000534057617,27.190000534057617,20.11181640625,4569900
XLV,2009-02-06,27.190000534057617,27.549999237060547,27.049999237060547,27.40999984741211,20.2745418548584,4571800
XLV,2009-02-09,27.420000076293945,27.440000534057617,27.040000915527344,27.329999923706055,20.215368270874023,3548500
XLV,2009-02-10,27.170000076293945,27.219999313354492,26.360000610351562,26.420000076293945,19.542255401611328,6174100
XLV,2009-02-11,26.5,26.790000915527344,26.489999771118164,26.75,19.786352157592773,4152600
XLV,2009-02-12,26.459999084472656,27.059999465942383,26.290000915527344,27.059999465942383,20.015649795532227,6363500
XLV,2009-02-13,27.06999969482422,27.06999969482422,26.649999618530273,26.649999618530273,19.71238136291504,4067600
XLV,2009-02-17,26.440000534057617,26.559999465942383,26.049999237060547,26.190000534057617,19.372127532958984,5869300
XLV,2009-02-18,26.219999313354492,26.329999923706055,25.979999542236328,26.18000030517578,19.3647403717041,5876100
XLV,2009-02-19,26.489999771118164,26.5,26.1200008392334,26.1299991607666,19.32775115966797,3896800
XLV,2009-02-20,25.690000534057617,26.1299991607666,25.65999984741211,25.860000610351562,19.12803840637207,6713200
XLV,2009-02-23,25.790000915527344,26.06999969482422,25.219999313354492,25.350000381469727,18.750810623168945,8094100
XLV,2009-02-24,25.510000228881836,25.799999237060547,25.31999969482422,25.719999313354492,19.02448272705078,4738900
XLV,2009-02-25,25.610000610351562,25.6299991607666,25.079999923706055,25.200000762939453,18.639856338500977,7642000
XLV,2009-02-26,25.5,25.5,23.93000030517578,23.940000534057617,17.707860946655273,7675700
XLV,2009-02-27,23.520000457763672,23.829999923706055,22.93000030517578,22.979999542236328,16.997764587402344,9912200
XLV,2009-03-02,23.65999984741211,23.65999984741211,21.969999313354492,21.989999771118164,16.26548957824707,11638500
XLV,2009-03-03,22.190000534057617,22.479999542236328,21.780000686645508,21.940000534057617,16.22850799560547,7500900
XLV,2009-03-04,22.760000228881836,22.829999923706055,22.010000228881836,22.56999969482422,16.69450569152832,5910800
XLV,2009-03-05,22.450000762939453,22.690000534057617,21.700000762939453,21.969999313354492,16.250701904296875,6274200
XLV,2009-03-06,22.010000228881836,22.290000915527344,21.6299991607666,22.290000915527344,16.487398147583008,8982500
XLV,2009-03-09,22.010000228881836,22.31999969482422,21.700000762939453,21.8799991607666,16.184127807617188,7060200
XLV,2009-03-10,22.059999465942383,22.709999084472656,22.049999237060547,22.670000076293945,16.768476486206055,7928700
XLV,2009-03-11,22.920000076293945,23.030000686645508,22.229999542236328,22.260000228881836,16.465206146240234,10766500
XLV,2009-03-12,22.149999618530273,23.420000076293945,22.149999618530273,23.350000381469727,17.271453857421875,8992100
XLV,2009-03-13,23.549999237060547,24.280000686645508,23.479999542236328,24.1299991607666,17.84840202331543,11528600
XLV,2009-03-16,24.350000381469727,24.459999084472656,23.8700008392334,23.8700008392334,17.656089782714844,6934800
XLV,2009-03-17,23.81999969482422,24.290000915527344,23.690000534057617,24.239999771118164,17.929771423339844,4510800
XLV,2009-03-18,24.020000457763672,24.739999771118164,24.020000457763672,24.280000686645508,17.9593505859375,6840200
XLV,2009-03-19,24.56999969482422,24.56999969482422,23.469999313354492,23.690000534057617,17.5229434967041,9299700
XLV,2009-03-20,23.65999984741211,23.899999618530273,23.459999084472656,23.549999237060547,17.527414321899414,4831700
XLV,2009-03-23,23.979999542236328,24.5,23.739999771118164,24.40999984741211,18.16747283935547,5069900
XLV,2009-03-24,24.25,24.510000228881836,23.979999542236328,24.09000015258789,17.929311752319336,6040800
XLV,2009-03-25,24.09000015258789,24.530000686645508,23.81999969482422,24.25,18.048389434814453,4271700
XLV,2009-03-26,24.459999084472656,24.6200008392334,24.139999389648438,24.520000457763672,18.249343872070312,6769600
XLV,2009-03-27,24.40999984741211,24.6200008392334,24.260000228881836,24.260000228881836,18.055835723876953,4769800
XLV,2009-03-30,24.010000228881836,24.219999313354492,23.809999465942383,24.1200008392334,17.951637268066406,5020300
XLV,2009-03-31,24.440000534057617,24.68000030517578,24.200000762939453,24.209999084472656,18.01862907409668,8359200
XLV,2009-04-01,23.920000076293945,24.34000015258789,23.639999389648438,24.200000762939453,18.01117706298828,6837200
XLV,2009-04-02,24.700000762939453,24.700000762939453,24.209999084472656,24.299999237060547,18.085601806640625,10706500
XLV,2009-04-03,24.5,24.540000915527344,23.75,23.899999618530273,17.78789710998535,6395700
XLV,2009-04-06,23.700000762939453,24.280000686645508,23.700000762939453,24.1299991607666,17.959083557128906,4378400
XLV,2009-04-07,23.860000610351562,24.1299991607666,23.649999618530273,23.860000610351562,17.758127212524414,8460600
XLV,2009-04-08,24.030000686645508,24.170000076293945,23.860000610351562,24.020000457763672,17.877208709716797,3328800
XLV,2009-04-09,24.489999771118164,24.489999771118164,24.06999969482422,24.1299991607666,17.959083557128906,3903800
XLV,2009-04-13,24.100000381469727,24.440000534057617,24.100000381469727,24.31999969482422,18.100496292114258,4172700
XLV,2009-04-14,24.450000762939453,24.479999542236328,24.18000030517578,24.209999084472656,18.01862907409668,2812000
XLV,2009-04-15,24.200000762939453,24.450000762939453,24.0,24.350000381469727,18.12282371520996,3259800
XLV,2009-04-16,24.3799991607666,24.6299991607666,24.15999984741211,24.459999084472656,18.204687118530273,3834100
XLV,2009-04-17,24.5,24.850000381469727,24.459999084472656,24.739999771118164,18.41307830810547,4678600
XLV,2009-04-20,24.34000015258789,24.729999542236328,24.149999618530273,24.260000228881836,18.055835723876953,7361300
XLV,2009-04-21,24.1200008392334,24.3700008392334,23.860000610351562,24.030000686645508,17.884660720825195,6848900
XLV,2009-04-22,23.639999389648438,24.010000228881836,23.639999389648438,23.770000457763672,17.691152572631836,5203200
XLV,2009-04-23,23.799999237060547,23.809999465942383,23.290000915527344,23.790000915527344,17.706024169921875,3337300
XLV,2009-04-24,23.719999313354492,23.979999542236328,23.649999618530273,23.760000228881836,17.683700561523438,3625500
XLV,2009-04-27,24.010000228881836,24.190000534057617,23.8700008392334,24.020000457763672,17.877208709716797,4275900
XLV,2009-04-28,24.049999237060547,24.360000610351562,23.950000762939453,24.110000610351562,17.944190979003906,3778100
XLV,2009-04-29,24.1200008392334,24.399999618530273,23.950000762939453,24.200000762939453,18.01117706298828,6880800
XLV,2009-04-30,24.200000762939453,24.520000457763672,24.010000228881836,24.18000030517578,17.99629020690918,6006000
XLV,2009-05-01,24.139999389648438,24.239999771118164,23.920000076293945,24.139999389648438,17.966524124145508,4935300
XLV,2009-05-04,24.170000076293945,24.6299991607666,24.170000076293945,24.540000915527344,18.26422882080078,3309000
XLV,2009-05-05,24.540000915527344,24.829999923706055,24.479999542236328,24.81999969482422,18.472620010375977,5663300
XLV,2009-05-06,25.0,25.0,24.450000762939453,24.670000076293945,18.360992431640625,6639300
XLV,2009-05-07,24.829999923706055,25.3799991607666,24.670000076293945,25.170000076293945,18.733121871948242,8924300
XLV,2009-05-08,25.520000457763672,25.670000076293945,25.280000686645508,25.59000015258789,19.04570770263672,5632400
XLV,2009-05-11,25.389999389648438,25.399999618530273,25.1299991607666,25.149999618530273,18.71822738647461,4615500
XLV,2009-05-12,25.360000610351562,25.670000076293945,25.09000015258789,25.559999465942383,19.02338409423828,5275500
XLV,2009-05-13,25.260000228881836,25.81999969482422,25.260000228881836,25.5,18.978715896606445,6741300
XLV,2009-05-14,25.719999313354492,25.75,25.450000762939453,25.530000686645508,19.00105094909668,4525000
XLV,2009-05-15,25.600000381469727,25.600000381469727,25.170000076293945,25.329999923706055,18.85219383239746,5882700
XLV,2009-05-18,25.40999984741211,25.579999923706055,25.139999389648438,25.579999923706055,19.03826141357422,4691900
XLV,2009-05-19,25.5,25.579999923706055,25.309999465942383,25.389999389648438,18.896854400634766,6561300
XLV,2009-05-20,25.420000076293945,25.790000915527344,25.420000076293945,25.489999771118164,18.971281051635742,8416100
XLV,2009-05-21,25.350000381469727,25.489999771118164,24.989999771118164,25.260000228881836,18.80010414123535,4996800
XLV,2009-05-22,25.280000686645508,25.399999618530273,25.06999969482422,25.290000915527344,18.822431564331055,3655700
XLV,2009-05-26,25.190000534057617,25.65999984741211,24.889999389648438,25.520000457763672,18.993602752685547,4412900
XLV,2009-05-27,25.549999237060547,25.600000381469727,25.219999313354492,25.260000228881836,18.80010414123535,4591100
XLV,2009-05-28,25.209999084472656,25.59000015258789,25.139999389648438,25.389999389648438,18.896854400634766,5720000
XLV,2009-05-29,25.360000610351562,25.84000015258789,25.290000915527344,25.829999923706055,19.224334716796875,6549200
XLV,2009-06-01,26.020000457763672,26.100000381469727,25.799999237060547,26.0,19.35085678100586,7529000
XLV,2009-06-02,25.940000534057617,26.329999923706055,25.81999969482422,26.15999984741211,19.469934463500977,6533300
XLV,2009-06-03,25.989999771118164,26.139999389648438,25.8799991607666,26.100000381469727,19.42527961730957,5920700
XLV,2009-06-04,26.1200008392334,26.15999984741211,25.639999389648438,25.739999771118164,19.157352447509766,20046600
XLV,2009-06-05,25.559999465942383,25.989999771118164,25.43000030517578,25.790000915527344,19.19455909729004,9662400
XLV,2009-06-08,25.65999984741211,25.700000762939453,25.239999771118164,25.510000228881836,18.98616600036621,6260100
XLV,2009-06-09,25.639999389648438,25.639999389648438,25.309999465942383,25.3799991607666,18.8894100189209,5337700
XLV,2009-06-10,25.6200008392334,25.65999984741211,25.100000381469727,25.270000457763672,18.80755043029785,6176800
XLV,2009-06-11,25.239999771118164,25.790000915527344,25.219999313354492,25.540000915527344,19.008499145507812,6493300
XLV,2009-06-12,25.540000915527344,25.8799991607666,25.399999618530273,25.6299991607666,19.075471878051758,17595700
XLV,2009-06-15,25.360000610351562,25.559999465942383,24.84000015258789,24.84000015258789,18.487510681152344,15870500
XLV,2009-06-16,24.8799991607666,25.299999237060547,24.860000610351562,24.940000534057617,18.561939239501953,6354500
XLV,2009-06-17,24.979999542236328,25.649999618530273,24.979999542236328,25.510000228881836,18.98616600036621,7463300
XLV,2009-06-18,25.559999465942383,26.15999984741211,25.489999771118164,26.0,19.35085678100586,10436700
XLV,2009-06-19,26.239999771118164,26.389999389648438,25.969999313354492,26.079999923706055,19.507936477661133,10601600
XLV,2009-06-22,25.899999618530273,25.899999618530273,25.540000915527344,25.610000610351562,19.156375885009766,6224400
XLV,2009-06-23,25.780000686645508,25.790000915527344,25.459999084472656,25.530000686645508,19.096534729003906,6001600
XLV,2009-06-24,25.709999084472656,25.809999465942383,25.489999771118164,25.65999984741211,19.19377326965332,4161500
XLV,2009-06-25,25.729999542236328,26.520000457763672,25.56999969482422,26.3700008392334,19.724849700927734,8134500
XLV,2009-06-26,26.399999618530273,26.479999542236328,26.100000381469727,26.3700008392334,19.724849700927734,4967700
XLV,2009-06-29,26.31999969482422,26.559999465942383,26.09000015258789,26.530000686645508,19.844539642333984,4266200
XLV,2009-06-30,26.469999313354492,26.549999237060547,26.110000610351562,26.309999465942383,19.67997169494629,5414000
XLV,2009-07-01,26.459999084472656,26.459999084472656,26.239999771118164,26.3799991607666,19.732343673706055,5535800
XLV,2009-07-02,26.100000381469727,26.25,25.75,25.75,19.2611026763916,4989900
XLV,2009-07-06,25.59000015258789,25.979999542236328,25.540000915527344,25.950000762939453,19.410688400268555,5551600
XLV,2009-07-07,26.010000228881836,26.190000534057617,25.84000015258789,25.850000381469727,19.335891723632812,7325600
XLV,2009-07-08,26.079999923706055,26.260000228881836,25.979999542236328,26.09000015258789,19.51541519165039,5312000
XLV,2009-07-09,26.200000762939453,26.200000762939453,25.649999618530273,25.760000228881836,19.268566131591797,5232600
XLV,2009-07-10,25.700000762939453,25.899999618530273,25.579999923706055,25.639999389648438,19.178817749023438,3640100
XLV,2009-07-13,25.780000686645508,26.139999389648438,25.579999923706055,26.09000015258789,19.51541519165039,4616500
XLV,2009-07-14,25.959999084472656,26.290000915527344,25.959999084472656,26.209999084472656,19.605175018310547,4204700
XLV,2009-07-15,26.3700008392334,26.440000534057617,26.030000686645508,26.440000534057617,19.777223587036133,5320700
XLV,2009-07-16,26.450000762939453,26.700000762939453,26.360000610351562,26.610000610351562,19.90437889099121,5610000
XLV,2009-07-17,26.690000534057617,26.690000534057617,26.399999618530273,26.530000686645508,19.844539642333984,5462300
XLV,2009-07-20,26.600000381469727,26.649999618530273,26.329999923706055,26.59000015258789,19.88941764831543,3615000
XLV,2009-07-21,26.81999969482422,27.030000686645508,26.700000762939453,26.979999542236328,20.18113899230957,5665700
XLV,2009-07-22,26.989999771118164,27.110000610351562,26.770000457763672,26.8799991607666,20.106342315673828,7369700
XLV,2009-07-23,26.950000762939453,27.56999969482422,26.81999969482422,27.420000076293945,20.510265350341797,6627500
XLV,2009-07-24,27.520000457763672,27.940000534057617,27.350000381469727,27.899999618530273,20.86930274963379,4141500
XLV,2009-07-27,27.899999618530273,28.049999237060547,27.68000030517578,27.8799991607666,20.854339599609375,4662000
XLV,2009-07-28,27.889999389648438,28.1299991607666,27.829999923706055,28.06999969482422,20.9964542388916,5460100
XLV,2009-07-29,27.860000610351562,28.15999984741211,27.860000610351562,28.049999237060547,20.98150062561035,4113100
XLV,2009-07-30,28.489999771118164,28.530000686645508,28.059999465942383,28.09000015258789,21.011423110961914,5080500
XLV,2009-07-31,28.0,28.31999969482422,27.8700008392334,27.8700008392334,20.846860885620117,5961600
XLV,2009-08-03,28.020000457763672,28.200000762939453,27.770000457763672,28.040000915527344,20.974014282226562,8179700
XLV,2009-08-04,27.93000030517578,28.110000610351562,27.899999618530273,28.110000610351562,21.026378631591797,4449900
XLV,2009-08-05,28.15999984741211,28.15999984741211,27.670000076293945,27.709999084472656,20.7271785736084,4502100
XLV,2009-08-06,27.709999084472656,27.860000610351562,27.3799991607666,27.510000228881836,20.57758331298828,7178800
XLV,2009-08-07,27.6299991607666,27.899999618530273,27.579999923706055,27.6299991607666,20.667343139648438,5144100
XLV,2009-08-10,27.68000030517578,27.899999618530273,27.530000686645508,27.850000381469727,20.83190155029297,4903700
XLV,2009-08-11,27.920000076293945,28.0,27.739999771118164,27.809999465942383,20.801977157592773,4956200
XLV,2009-08-12,27.889999389648438,28.1200008392334,27.65999984741211,27.959999084472656,20.914180755615234,5316800
XLV,2009-08-13,28.040000915527344,28.059999465942383,27.6200008392334,27.93000030517578,20.891738891601562,7561800
XLV,2009-08-14,27.989999771118164,28.059999465942383,27.59000015258789,27.93000030517578,20.891738891601562,5772400
XLV,2009-08-17,27.579999923706055,27.989999771118164,27.579999923706055,27.81999969482422,20.809459686279297,7543000
XLV,2009-08-18,27.989999771118164,27.989999771118164,27.639999389648438,27.799999237060547,20.79450035095215,4171500
XLV,2009-08-19,27.770000457763672,28.200000762939453,27.639999389648438,28.190000534057617,21.086231231689453,5693200
XLV,2009-08-20,28.209999084472656,28.420000076293945,28.100000381469727,28.389999389648438,21.235820770263672,4320800
XLV,2009-08-21,28.510000228881836,28.850000381469727,28.440000534057617,28.68000030517578,21.452739715576172,4980200
XLV,2009-08-24,28.850000381469727,28.889999389648438,28.6299991607666,28.8799991607666,21.60235023498535,6183900
XLV,2009-08-25,28.850000381469727,29.06999969482422,28.809999465942383,28.8799991607666,21.60235023498535,4663200
XLV,2009-08-26,28.809999465942383,29.079999923706055,28.75,28.889999389648438,21.609832763671875,6038200
XLV,2009-08-27,28.889999389648438,28.979999542236328,28.59000015258789,28.8799991607666,21.60235023498535,4339700
XLV,2009-08-28,28.969999313354492,29.030000686645508,28.469999313354492,28.670000076293945,21.445266723632812,5794400
XLV,2009-08-31,28.5,28.770000457763672,28.3799991607666,28.6200008392334,21.407859802246094,5478100
XLV,2009-09-01,28.6200008392334,28.729999542236328,28.100000381469727,28.15999984741211,21.063785552978516,7560600
XLV,2009-09-02,28.15999984741211,28.350000381469727,28.059999465942383,28.219999313354492,21.10865592956543,5343700
XLV,2009-09-03,28.329999923706055,28.329999923706055,27.959999084472656,28.09000015258789,21.011423110961914,4183200
XLV,2009-09-04,28.229999542236328,28.540000915527344,28.170000076293945,28.489999771118164,21.31062889099121,6434900
XLV,2009-09-08,28.600000381469727,28.610000610351562,28.229999542236328,28.360000610351562,21.213382720947266,6484500
XLV,2009-09-09,28.399999618530273,28.760000228881836,28.360000610351562,28.690000534057617,21.460222244262695,4642600
XLV,2009-09-10,28.729999542236328,28.90999984741211,28.579999923706055,28.90999984741211,21.62478256225586,4851400
XLV,2009-09-11,28.899999618530273,28.989999771118164,28.790000915527344,28.920000076293945,21.63226890563965,5386300
XLV,2009-09-14,28.690000534057617,29.059999465942383,28.690000534057617,29.030000686645508,21.714548110961914,3940200
XLV,2009-09-15,29.030000686645508,29.09000015258789,28.770000457763672,28.770000457763672,21.520071029663086,5793600
XLV,2009-09-16,28.829999923706055,29.030000686645508,28.709999084472656,29.030000686645508,21.714548110961914,5151700
XLV,2009-09-17,28.860000610351562,29.06999969482422,28.860000610351562,29.010000228881836,21.699594497680664,5022300
XLV,2009-09-18,29.0,29.010000228881836,28.760000228881836,28.760000228881836,21.607179641723633,6988100
XLV,2009-09-21,28.670000076293945,29.09000015258789,28.670000076293945,29.040000915527344,21.817541122436523,4603100
XLV,2009-09-22,29.100000381469727,29.15999984741211,28.790000915527344,28.950000762939453,21.74992561340332,3830700
XLV,2009-09-23,28.90999984741211,29.0,28.540000915527344,28.540000915527344,21.44189453125,4194000
XLV,2009-09-24,28.690000534057617,28.709999084472656,28.399999618530273,28.510000228881836,21.41935920715332,5084000
XLV,2009-09-25,28.440000534057617,28.68000030517578,28.399999618530273,28.530000686645508,21.43438720703125,3526200
XLV,2009-09-28,28.639999389648438,29.06999969482422,28.579999923706055,28.84000015258789,21.667278289794922,4043700
XLV,2009-09-29,28.8700008392334,29.049999237060547,28.75,28.8799991607666,21.697324752807617,6430200
XLV,2009-09-30,28.969999313354492,28.969999313354492,28.450000762939453,28.670000076293945,21.53956413269043,7156000
XLV,2009-10-01,28.690000534057617,28.690000534057617,28.239999771118164,28.260000228881836,21.23151969909668,7927000
XLV,2009-10-02,28.06999969482422,28.290000915527344,28.059999465942383,28.149999618530273,21.148889541625977,5993000
XLV,2009-10-05,28.1200008392334,28.389999389648438,27.989999771118164,28.329999923706055,21.28412437438965,4785600
XLV,2009-10-06,28.399999618530273,28.6299991607666,28.190000534057617,28.559999465942383,21.456918716430664,7127800
XLV,2009-10-07,28.530000686645508,28.6299991607666,28.420000076293945,28.579999923706055,21.471946716308594,4128500
XLV,2009-10-08,28.739999771118164,28.81999969482422,28.559999465942383,28.610000610351562,21.494483947753906,4539400
XLV,2009-10-09,28.600000381469727,28.90999984741211,28.579999923706055,28.8799991607666,21.697324752807617,5196500
XLV,2009-10-12,28.84000015258789,29.079999923706055,28.84000015258789,29.020000457763672,21.802520751953125,3940100
XLV,2009-10-13,28.93000030517578,28.93000030517578,28.68000030517578,28.739999771118164,21.592147827148438,4488800
XLV,2009-10-14,28.969999313354492,29.209999084472656,28.760000228881836,29.18000030517578,21.922719955444336,10170200
XLV,2009-10-15,29.1299991607666,29.31999969482422,29.059999465942383,29.260000228881836,21.98282241821289,6474200
XLV,2009-10-16,29.170000076293945,29.299999237060547,29.049999237060547,29.239999771118164,21.96779441833496,5617300
XLV,2009-10-19,29.260000228881836,29.549999237060547,29.170000076293945,29.489999771118164,22.15561866760254,5105500
XLV,2009-10-20,29.549999237060547,29.549999237060547,29.139999389648438,29.209999084472656,21.945255279541016,4748900
XLV,2009-10-21,29.200000762939453,29.260000228881836,28.809999465942383,28.829999923706055,21.65976333618164,9425100
XLV,2009-10-22,28.770000457763672,29.139999389648438,28.59000015258789,29.010000228881836,21.795000076293945,5381800
XLV,2009-10-23,29.110000610351562,29.110000610351562,28.610000610351562,28.709999084472656,21.569602966308594,6078400
XLV,2009-10-26,28.799999237060547,28.969999313354492,28.34000015258789,28.399999618530273,21.336706161499023,7268000
XLV,2009-10-27,28.479999542236328,28.700000762939453,28.3700008392334,28.520000457763672,21.426860809326172,8489700
XLV,2009-10-28,28.479999542236328,28.59000015258789,28.200000762939453,28.229999542236328,21.208988189697266,9471600
XLV,2009-10-29,28.280000686645508,28.510000228881836,28.18000030517578,28.479999542236328,21.39681053161621,5806700
XLV,2009-10-30,28.389999389648438,28.59000015258789,28.030000686645508,28.06999969482422,21.088783264160156,6955000
XLV,2009-11-02,28.079999923706055,28.40999984741211,28.040000915527344,28.190000534057617,21.178939819335938,6993400
XLV,2009-11-03,28.100000381469727,28.270000457763672,28.030000686645508,28.200000762939453,21.18644905090332,4974100
XLV,2009-11-04,28.25,28.90999984741211,28.25,28.559999465942383,21.456918716430664,8205300
XLV,2009-11-05,28.780000686645508,29.100000381469727,28.739999771118164,29.030000686645508,21.810028076171875,6651700
XLV,2009-11-06,28.969999313354492,29.190000534057617,28.850000381469727,29.15999984741211,21.907697677612305,5297600
XLV,2009-11-09,29.329999923706055,29.68000030517578,29.190000534057617,29.649999618530273,22.27583122253418,4541800
XLV,2009-11-10,29.600000381469727,29.8799991607666,29.559999465942383,29.850000381469727,22.426090240478516,3583400
XLV,2009-11-11,29.959999084472656,30.020000457763672,29.68000030517578,29.889999389648438,22.456134796142578,5100100
XLV,2009-11-12,29.780000686645508,30.0,29.649999618530273,29.719999313354492,22.328413009643555,3450400
XLV,2009-11-13,29.690000534057617,29.959999084472656,29.670000076293945,29.780000686645508,22.37349510192871,3706900
XLV,2009-11-16,29.959999084472656,30.280000686645508,29.770000457763672,30.079999923706055,22.598880767822266,3769100
XLV,2009-11-17,30.1200008392334,30.209999084472656,29.989999771118164,30.15999984741211,22.658981323242188,8409100
XLV,2009-11-18,30.260000228881836,30.360000610351562,30.010000228881836,30.329999923706055,22.78670883178711,4641000
XLV,2009-11-19,30.25,30.25,29.860000610351562,30.18000030517578,22.674015045166016,8943200
XLV,2009-11-20,30.1299991607666,30.420000076293945,30.040000915527344,30.389999389648438,22.831777572631836,4254800
XLV,2009-11-23,30.56999969482422,30.8700008392334,30.530000686645508,30.670000076293945,23.04214096069336,4316900
XLV,2009-11-24,30.75,31.0,30.600000381469727,30.90999984741211,23.222455978393555,6797100
XLV,2009-11-25,30.979999542236328,31.100000381469727,30.850000381469727,31.100000381469727,23.365198135375977,6534300
XLV,2009-11-27,30.639999389648438,30.940000534057617,30.350000381469727,30.790000915527344,23.132305145263672,3394300
XLV,2009-11-30,30.829999923706055,30.829999923706055,30.56999969482422,30.68000030517578,23.049654006958008,5203100
XLV,2009-12-01,30.760000228881836,31.219999313354492,30.760000228881836,31.219999313354492,23.455358505249023,5944900
XLV,2009-12-02,31.170000076293945,31.290000915527344,31.0,31.149999618530273,23.40276336669922,4983300
XLV,2009-12-03,31.239999771118164,31.31999969482422,30.93000030517578,31.0,23.290063858032227,7722800
XLV,2009-12-04,31.200000762939453,31.399999618530273,30.860000610351562,30.979999542236328,23.27505111694336,6784300
XLV,2009-12-07,30.979999542236328,31.290000915527344,30.90999984741211,30.940000534057617,23.244993209838867,4296700
XLV,2009-12-08,30.809999465942383,30.950000762939453,30.649999618530273,30.700000762939453,23.064680099487305,5625400
XLV,2009-12-09,30.739999771118164,30.959999084472656,30.649999618530273,30.959999084472656,23.260021209716797,6328300
XLV,2009-12-10,31.06999969482422,31.350000381469727,31.040000915527344,31.280000686645508,23.500431060791016,6752500
XLV,2009-12-11,31.280000686645508,31.420000076293945,31.229999542236328,31.280000686645508,23.500431060791016,5955100
XLV,2009-12-14,31.510000228881836,31.649999618530273,31.399999618530273,31.56999969482422,23.718303680419922,4646500
XLV,2009-12-15,31.56999969482422,31.579999923706055,31.389999389648438,31.579999923706055,23.7258243560791,4171700
XLV,2009-12-16,31.68000030517578,31.760000228881836,31.420000076293945,31.420000076293945,23.605615615844727,6069700
XLV,2009-12-17,31.149999618530273,31.40999984741211,30.959999084472656,31.1299991607666,23.387733459472656,16428000
XLV,2009-12-18,31.020000457763672,31.149999618530273,30.8799991607666,31.1299991607666,23.51691436767578,10356100
XLV,2009-12-21,30.940000534057617,31.6200008392334,30.93000030517578,31.420000076293945,23.73600196838379,9174900
XLV,2009-12-22,31.389999389648438,31.639999389648438,31.389999389648438,31.559999465942383,23.84176254272461,3957200
XLV,2009-12-23,31.649999618530273,31.649999618530273,31.440000534057617,31.459999084472656,23.766212463378906,3457400
XLV,2009-12-24,31.5,31.520000457763672,31.360000610351562,31.459999084472656,23.766212463378906,2198500
XLV,2009-12-28,31.59000015258789,31.639999389648438,31.440000534057617,31.6200008392334,23.8870906829834,6543900
XLV,2009-12-29,31.639999389648438,31.760000228881836,31.540000915527344,31.579999923706055,23.856870651245117,10151100
XLV,2009-12-30,31.479999542236328,31.600000381469727,31.399999618530273,31.489999771118164,23.78887939453125,3637000
XLV,2009-12-31,31.510000228881836,31.530000686645508,31.06999969482422,31.06999969482422,23.47159194946289,3511000
XLV,2010-01-04,31.469999313354492,31.6200008392334,31.270000457763672,31.610000610351562,23.87952995300293,5580900
XLV,2010-01-05,31.559999465942383,31.670000076293945,31.299999237060547,31.299999237060547,23.64534568786621,5428600
XLV,2010-01-06,31.299999237060547,31.6200008392334,31.299999237060547,31.6200008392334,23.8870906829834,4883600
XLV,2010-01-07,31.5,31.729999542236328,31.43000030517578,31.729999542236328,23.970184326171875,6114600
XLV,2010-01-08,31.790000915527344,31.809999465942383,31.559999465942383,31.780000686645508,24.007959365844727,4284800
XLV,2010-01-11,31.950000762939453,32.0,31.81999969482422,31.959999084472656,24.14393424987793,4177700
XLV,2010-01-12,31.81999969482422,31.90999984741211,31.610000610351562,31.729999542236328,23.970184326171875,5791400
XLV,2010-01-13,31.809999465942383,32.25,31.799999237060547,32.150001525878906,24.2874755859375,8056100
XLV,2010-01-14,32.209999084472656,32.45000076293945,32.09000015258789,32.439998626708984,24.50655174255371,7801400
XLV,2010-01-15,32.31999969482422,32.5,32.029998779296875,32.220001220703125,24.340351104736328,9691800
XLV,2010-01-19,32.33000183105469,33.0099983215332,32.33000183105469,33.0,24.929597854614258,17749900
XLV,2010-01-20,33.11000061035156,33.15999984741211,32.470001220703125,32.720001220703125,24.71807289123535,16706200
XLV,2010-01-21,32.709999084472656,32.869998931884766,31.979999542236328,32.0099983215332,24.181711196899414,15057200
XLV,2010-01-22,31.90999984741211,32.220001220703125,31.600000381469727,31.65999984741211,23.91730499267578,13221000
XLV,2010-01-25,31.979999542236328,31.979999542236328,31.6299991607666,31.65999984741211,23.91730499267578,7485600
XLV,2010-01-26,31.540000915527344,31.639999389648438,31.309999465942383,31.479999542236328,23.781322479248047,9292600
XLV,2010-01-27,31.3700008392334,31.75,31.329999923706055,31.700000762939453,23.94753074645996,13238800
XLV,2010-01-28,31.799999237060547,31.84000015258789,31.40999984741211,31.5,23.79643440246582,12890200
XLV,2010-01-29,31.600000381469727,31.690000534057617,31.280000686645508,31.280000686645508,23.63023567199707,11902000
XLV,2010-02-01,31.329999923706055,31.549999237060547,31.200000762939453,31.459999084472656,23.766212463378906,6463000
XLV,2010-02-02,31.549999237060547,32.119998931884766,31.3799991607666,32.11000061035156,24.257253646850586,9894100
XLV,2010-02-03,32.0,32.029998779296875,31.579999923706055,31.68000030517578,23.93241310119629,5967400
XLV,2010-02-04,31.420000076293945,31.530000686645508,30.860000610351562,30.8799991607666,23.328062057495117,10027700
XLV,2010-02-05,30.790000915527344,30.979999542236328,30.270000457763672,30.829999923706055,23.290287017822266,14325900
XLV,2010-02-08,30.850000381469727,30.950000762939453,30.59000015258789,30.68000030517578,23.176969528198242,6971500
XLV,2010-02-09,31.06999969482422,31.200000762939453,30.68000030517578,30.920000076293945,23.358274459838867,8632900
XLV,2010-02-10,30.950000762939453,30.950000762939453,30.489999771118164,30.729999542236328,23.214736938476562,7047300
XLV,2010-02-11,30.530000686645508,31.040000915527344,30.489999771118164,30.940000534057617,23.37338638305664,4335600
XLV,2010-02-12,30.709999084472656,30.93000030517578,30.5,30.8700008392334,23.32050132751465,6966800
XLV,2010-02-16,31.18000030517578,31.18000030517578,30.81999969482422,31.139999389648438,23.524471282958984,5786100
XLV,2010-02-17,31.25,31.540000915527344,31.200000762939453,31.3799991607666,23.705780029296875,10161600
XLV,2010-02-18,31.389999389648438,31.549999237060547,31.309999465942383,31.530000686645508,23.819103240966797,5326600
XLV,2010-02-19,31.43000030517578,31.600000381469727,31.350000381469727,31.530000686645508,23.819103240966797,4369300
XLV,2010-02-22,31.639999389648438,31.639999389648438,31.239999771118164,31.440000534057617,23.751108169555664,6989700
XLV,2010-02-23,31.350000381469727,31.469999313354492,31.079999923706055,31.139999389648438,23.524471282958984,4313800
XLV,2010-02-24,31.229999542236328,31.43000030517578,31.1200008392334,31.3700008392334,23.698226928710938,4352100
XLV,2010-02-25,31.149999618530273,31.389999389648438,31.0,31.389999389648438,23.713336944580078,5437900
XLV,2010-02-26,31.440000534057617,31.56999969482422,31.31999969482422,31.399999618530273,23.72088623046875,8794500
XLV,2010-03-01,31.399999618530273,31.809999465942383,31.399999618530273,31.700000762939453,23.94753074645996,6249900
XLV,2010-03-02,31.75,31.940000534057617,31.709999084472656,31.809999465942383,24.030624389648438,5321100
XLV,2010-03-03,31.959999084472656,31.959999084472656,31.6299991607666,31.68000030517578,23.93241310119629,5066800
XLV,2010-03-04,31.719999313354492,31.739999771118164,31.459999084472656,31.579999923706055,23.856870651245117,10135600
XLV,2010-03-05,31.649999618530273,32.02000045776367,31.610000610351562,32.02000045776367,24.189268112182617,5832200
XLV,2010-03-08,32.029998779296875,32.029998779296875,31.81999969482422,31.829999923706055,24.045732498168945,4370700
XLV,2010-03-09,31.729999542236328,31.889999389648438,31.690000534057617,31.809999465942383,24.030624389648438,4838900
XLV,2010-03-10,31.829999923706055,31.940000534057617,31.780000686645508,31.829999923706055,24.045732498168945,4063400
XLV,2010-03-11,31.81999969482422,32.08000183105469,31.649999618530273,32.08000183105469,24.23459243774414,6033900
XLV,2010-03-12,32.130001068115234,32.130001068115234,31.760000228881836,31.84000015258789,24.05327796936035,4899700
XLV,2010-03-15,31.84000015258789,32.04999923706055,31.780000686645508,32.04999923706055,24.21192741394043,5500100
XLV,2010-03-16,32.04999923706055,32.15999984741211,31.93000030517578,32.13999938964844,24.27991485595703,5494000
XLV,2010-03-17,32.119998931884766,32.22999954223633,32.0,32.150001525878906,24.2874755859375,11159700
XLV,2010-03-18,32.150001525878906,32.459999084472656,32.06999969482422,32.369998931884766,24.453670501708984,7125700
XLV,2010-03-19,32.25,32.45000076293945,32.130001068115234,32.25,24.444568634033203,8386700
XLV,2010-03-22,32.29999923706055,32.689998626708984,32.29999923706055,32.459999084472656,24.603748321533203,7909200
XLV,2010-03-23,32.41999816894531,32.619998931884766,32.349998474121094,32.619998931884766,24.725025177001953,5713500
XLV,2010-03-24,32.560001373291016,32.599998474121094,32.27000045776367,32.27000045776367,24.45973777770996,6315000
XLV,2010-03-25,32.5099983215332,32.5099983215332,32.11000061035156,32.13999938964844,24.361190795898438,5120600
XLV,2010-03-26,32.220001220703125,32.220001220703125,31.84000015258789,31.899999618530273,24.179279327392578,6811000
XLV,2010-03-29,31.989999771118164,32.2400016784668,31.979999542236328,32.2400016784668,24.436996459960938,4818700
XLV,2010-03-30,32.2400016784668,32.279998779296875,32.11000061035156,32.2400016784668,24.436996459960938,3440100
XLV,2010-03-31,32.189998626708984,32.279998779296875,31.989999771118164,32.130001068115234,24.353612899780273,4834400
XLV,2010-04-01,32.29999923706055,32.369998931884766,32.130001068115234,32.310001373291016,24.490049362182617,5602900
XLV,2010-04-05,32.34000015258789,32.41999816894531,32.16999816894531,32.220001220703125,24.421842575073242,4655600
XLV,2010-04-06,32.130001068115234,32.2599983215332,32.119998931884766,32.20000076293945,24.406679153442383,3978900
XLV,2010-04-07,32.20000076293945,32.20000076293945,31.90999984741211,32.060001373291016,24.300561904907227,4733200
XLV,2010-04-08,31.959999084472656,32.02000045776367,31.829999923706055,31.940000534057617,24.209598541259766,4561700
XLV,2010-04-09,31.989999771118164,32.119998931884766,31.940000534057617,32.08000183105469,24.31572151184082,4155000
XLV,2010-04-12,32.040000915527344,32.18000030517578,31.979999542236328,31.989999771118164,24.247499465942383,4513500
XLV,2010-04-13,31.93000030517578,32.09000015258789,31.84000015258789,32.02000045776367,24.270244598388672,7279200
XLV,2010-04-14,32.040000915527344,32.040000915527344,31.790000915527344,31.90999984741211,24.18686294555664,6331200
XLV,2010-04-15,31.93000030517578,31.950000762939453,31.729999542236328,31.81999969482422,24.118648529052734,5119600
XLV,2010-04-16,31.780000686645508,31.8700008392334,31.479999542236328,31.6299991607666,23.97463035583496,8928300
XLV,2010-04-19,31.6299991607666,31.920000076293945,31.520000457763672,31.889999389648438,24.171703338623047,11270000
XLV,2010-04-20,32.0,32.04999923706055,31.850000381469727,31.959999084472656,24.22476577758789,5741100
XLV,2010-04-21,31.979999542236328,31.979999542236328,31.280000686645508,31.399999618530273,23.800296783447266,13931400
XLV,2010-04-22,31.239999771118164,31.25,30.84000015258789,31.040000915527344,23.52743148803711,4291800
XLV,2010-04-23,31.040000915527344,31.3799991607666,30.84000015258789,31.350000381469727,23.76240348815918,10974900
XLV,2010-04-26,31.399999618530273,31.479999542236328,30.989999771118164,31.020000457763672,23.512269973754883,7321500
XLV,2010-04-27,30.950000762939453,31.18000030517578,30.610000610351562,30.65999984741211,23.23939323425293,10692000
XLV,2010-04-28,30.8799991607666,30.989999771118164,30.600000381469727,30.860000610351562,23.391002655029297,10333300
XLV,2010-04-29,31.020000457763672,31.469999313354492,31.020000457763672,31.280000686645508,23.709341049194336,10236400
XLV,2010-04-30,31.3700008392334,31.43000030517578,30.8799991607666,30.8799991607666,23.40615463256836,12506600
XLV,2010-05-03,30.8799991607666,31.15999984741211,30.860000610351562,31.030000686645508,23.51984214782715,5629700
XLV,2010-05-04,30.889999389648438,31.139999389648438,30.719999313354492,30.850000381469727,23.383413314819336,14483400
XLV,2010-05-05,30.489999771118164,31.010000228881836,30.399999618530273,30.950000762939453,23.459211349487305,9627700
XLV,2010-05-06,30.850000381469727,30.940000534057617,28.530000686645508,30.1200008392334,22.83009147644043,21647700
XLV,2010-05-07,30.139999389648438,30.139999389648438,29.34000015258789,29.719999313354492,22.526899337768555,18182100
XLV,2010-05-10,30.239999771118164,30.829999923706055,30.239999771118164,30.520000457763672,23.133281707763672,13168100
XLV,2010-05-11,30.309999465942383,30.760000228881836,30.239999771118164,30.459999084472656,23.087800979614258,8829300
XLV,2010-05-12,30.719999313354492,30.729999542236328,30.420000076293945,30.709999084472656,23.27729606628418,6115800
XLV,2010-05-13,30.600000381469727,30.700000762939453,30.3799991607666,30.3799991607666,23.027158737182617,6872600
XLV,2010-05-14,30.209999084472656,30.350000381469727,29.729999542236328,29.969999313354492,22.716402053833008,13544100
XLV,2010-05-17,30.040000915527344,30.09000015258789,29.520000457763672,29.969999313354492,22.716402053833008,11950000
XLV,2010-05-18,30.170000076293945,30.219999313354492,29.700000762939453,29.729999542236328,22.53449058532715,11648200
XLV,2010-05-19,29.540000915527344,29.90999984741211,29.479999542236328,29.65999984741211,22.481426239013672,12608800
XLV,2010-05-20,29.25,29.399999618530273,28.719999313354492,28.729999542236328,21.77651596069336,15946600
XLV,2010-05-21,28.420000076293945,28.8799991607666,28.25,28.799999237060547,21.829572677612305,16465100
XLV,2010-05-24,28.68000030517578,29.040000915527344,28.520000457763672,28.729999542236328,21.77651596069336,10310900
XLV,2010-05-25,28.139999389648438,28.610000610351562,27.969999313354492,28.610000610351562,21.685558319091797,16411700
XLV,2010-05-26,28.780000686645508,28.899999618530273,28.399999618530273,28.43000030517578,21.54912757873535,12620400
XLV,2010-05-27,28.670000076293945,29.010000228881836,28.670000076293945,29.010000228881836,21.988740921020508,9438500
XLV,2010-05-28,29.0,29.15999984741211,28.770000457763672,28.8700008392334,21.882631301879883,13301500
XLV,2010-06-01,28.760000228881836,29.010000228881836,28.5,28.549999237060547,21.640073776245117,11633700
XLV,2010-06-02,28.799999237060547,29.200000762939453,28.559999465942383,29.170000076293945,22.11001968383789,10510200
XLV,2010-06-03,29.170000076293945,29.43000030517578,29.1299991607666,29.34000015258789,22.23887825012207,8442500
XLV,2010-06-04,28.889999389648438,28.969999313354492,28.3799991607666,28.479999542236328,21.587017059326172,11034700
XLV,2010-06-07,28.520000457763672,28.799999237060547,28.440000534057617,28.440000534057617,21.55670738220215,9478700
XLV,2010-06-08,28.450000762939453,28.549999237060547,28.15999984741211,28.510000228881836,21.60976791381836,10571000
XLV,2010-06-09,28.549999237060547,28.709999084472656,28.280000686645508,28.3799991607666,21.511220932006836,8428600
XLV,2010-06-10,28.649999618530273,28.989999771118164,28.649999618530273,28.920000076293945,21.9205265045166,6967900
XLV,2010-06-11,28.84000015258789,29.209999084472656,28.829999923706055,29.15999984741211,22.10244369506836,7042100
XLV,2010-06-14,29.25,29.479999542236328,29.200000762939453,29.209999084472656,22.14034080505371,6416400
XLV,2010-06-15,29.350000381469727,29.729999542236328,29.34000015258789,29.709999084472656,22.519330978393555,4921200
XLV,2010-06-16,29.6200008392334,29.860000610351562,29.549999237060547,29.81999969482422,22.602706909179688,5576900
XLV,2010-06-17,29.8700008392334,29.8700008392334,29.559999465942383,29.860000610351562,22.633018493652344,5710800
XLV,2010-06-18,29.760000228881836,29.760000228881836,29.489999771118164,29.549999237060547,22.511886596679688,6962900
XLV,2010-06-21,29.860000610351562,29.93000030517578,29.350000381469727,29.5,22.473800659179688,7458600
XLV,2010-06-22,29.530000686645508,29.739999771118164,29.170000076293945,29.209999084472656,22.252870559692383,7226400
XLV,2010-06-23,29.229999542236328,29.280000686645508,28.940000534057617,29.09000015258789,22.161460876464844,6431100
XLV,2010-06-24,28.959999084472656,29.1299991607666,28.84000015258789,28.8799991607666,22.001462936401367,10192000
XLV,2010-06-25,28.8799991607666,29.15999984741211,28.780000686645508,29.010000228881836,22.100500106811523,8439200
XLV,2010-06-28,29.030000686645508,29.200000762939453,28.780000686645508,28.959999084472656,22.06241798400879,6556200
XLV,2010-06-29,28.65999984741211,28.719999313354492,28.270000457763672,28.43000030517578,21.658653259277344,15076600
XLV,2010-06-30,28.290000915527344,28.559999465942383,28.139999389648438,28.200000762939453,21.48343849182129,9503400
XLV,2010-07-01,28.149999618530273,28.149999618530273,27.489999771118164,27.959999084472656,21.30059051513672,23346200
XLV,2010-07-02,28.010000228881836,28.219999313354492,27.8700008392334,28.030000686645508,21.353927612304688,10103400
XLV,2010-07-06,28.219999313354492,28.389999389648438,27.940000534057617,28.170000076293945,21.4605770111084,11667300
XLV,2010-07-07,28.200000762939453,28.75,28.059999465942383,28.719999313354492,21.87958335876465,8794500
XLV,2010-07-08,28.81999969482422,29.030000686645508,28.760000228881836,28.959999084472656,22.06241798400879,7165200
XLV,2010-07-09,29.020000457763672,29.040000915527344,28.8799991607666,29.030000686645508,22.11574363708496,4261600
XLV,2010-07-12,28.969999313354492,29.079999923706055,28.8700008392334,28.979999542236328,22.077651977539062,5026200
XLV,2010-07-13,29.149999618530273,29.3799991607666,29.149999618530273,29.200000762939453,22.245258331298828,5439300
XLV,2010-07-14,29.110000610351562,29.260000228881836,28.959999084472656,29.200000762939453,22.245258331298828,5958300
XLV,2010-07-15,29.190000534057617,29.360000610351562,29.010000228881836,29.290000915527344,22.31381607055664,4594500
XLV,2010-07-16,29.149999618530273,29.329999923706055,28.639999389648438,28.68000030517578,21.849111557006836,9790100
XLV,2010-07-19,28.799999237060547,28.920000076293945,28.68000030517578,28.809999465942383,21.948144912719727,5391900
XLV,2010-07-20,28.479999542236328,28.739999771118164,28.31999969482422,28.729999542236328,21.887197494506836,8178400
XLV,2010-07-21,28.719999313354492,28.809999465942383,28.200000762939453,28.260000228881836,21.52914047241211,14343400
XLV,2010-07-22,28.540000915527344,28.729999542236328,28.329999923706055,28.440000534057617,21.66627311706543,10500800
XLV,2010-07-23,28.43000030517578,28.5,28.170000076293945,28.43000030517578,21.658653259277344,8858800
XLV,2010-07-26,28.549999237060547,28.889999389648438,28.459999084472656,28.84000015258789,21.970998764038086,10261500
XLV,2010-07-27,28.899999618530273,28.969999313354492,28.739999771118164,28.8700008392334,21.993850708007812,6225700
XLV,2010-07-28,28.81999969482422,28.90999984741211,28.43000030517578,28.479999542236328,21.696735382080078,9662900
XLV,2010-07-29,28.639999389648438,28.829999923706055,28.31999969482422,28.459999084472656,21.681503295898438,10540100
XLV,2010-07-30,28.200000762939453,28.690000534057617,28.09000015258789,28.56999969482422,21.76529884338379,7539400
XLV,2010-08-02,28.8799991607666,29.1299991607666,28.8700008392334,29.110000610351562,22.176692962646484,11733200
XLV,2010-08-03,29.149999618530273,29.459999084472656,29.149999618530273,29.350000381469727,22.359521865844727,10266000
XLV,2010-08-04,29.3700008392334,29.68000030517578,29.31999969482422,29.639999389648438,22.58045196533203,9458100
XLV,2010-08-05,29.540000915527344,29.649999618530273,29.420000076293945,29.649999618530273,22.588075637817383,4285100
XLV,2010-08-06,29.360000610351562,29.739999771118164,29.280000686645508,29.709999084472656,22.6337890625,8894200
XLV,2010-08-09,29.899999618530273,29.899999618530273,29.639999389648438,29.790000915527344,22.694734573364258,4061700
XLV,2010-08-10,29.579999923706055,29.979999542236328,29.459999084472656,29.860000610351562,22.74805450439453,8692600
XLV,2010-08-11,29.450000762939453,29.489999771118164,29.049999237060547,29.09000015258789,22.161460876464844,13216600
XLV,2010-08-12,28.860000610351562,29.290000915527344,28.790000915527344,29.209999084472656,22.252870559692383,9553700
XLV,2010-08-13,29.020000457763672,29.209999084472656,28.969999313354492,29.100000381469727,22.169071197509766,4340300
XLV,2010-08-16,28.93000030517578,29.030000686645508,28.729999542236328,28.950000762939453,22.054794311523438,4641300
XLV,2010-08-17,29.1200008392334,29.459999084472656,29.040000915527344,29.350000381469727,22.359521865844727,7183200
XLV,2010-08-18,29.299999237060547,29.530000686645508,29.1200008392334,29.309999465942383,22.329055786132812,4410100
XLV,2010-08-19,29.149999618530273,29.200000762939453,28.68000030517578,28.770000457763672,21.917673110961914,8736200
XLV,2010-08-20,28.729999542236328,28.760000228881836,28.489999771118164,28.670000076293945,21.841480255126953,5606200
XLV,2010-08-23,28.850000381469727,29.06999969482422,28.770000457763672,28.799999237060547,21.94052505493164,6570800
XLV,2010-08-24,28.489999771118164,28.5,28.09000015258789,28.18000030517578,21.468196868896484,12112600
XLV,2010-08-25,28.059999465942383,28.579999923706055,28.020000457763672,28.459999084472656,21.681503295898438,10713000
XLV,2010-08-26,28.610000610351562,28.610000610351562,28.170000076293945,28.280000686645508,21.54438018798828,6566000
XLV,2010-08-27,28.360000610351562,28.579999923706055,28.0,28.56999969482422,21.76529884338379,7200700
XLV,2010-08-30,28.56999969482422,28.600000381469727,28.209999084472656,28.209999084472656,21.491050720214844,5835000
XLV,2010-08-31,28.170000076293945,28.31999969482422,28.040000915527344,28.100000381469727,21.407245635986328,8756200
XLV,2010-09-01,28.3700008392334,28.799999237060547,28.3700008392334,28.75,21.902435302734375,10345200
XLV,2010-09-02,28.799999237060547,28.950000762939453,28.719999313354492,28.899999618530273,22.016700744628906,6003300
XLV,2010-09-03,29.0,29.190000534057617,28.989999771118164,29.170000076293945,22.222396850585938,6604700
XLV,2010-09-07,29.139999389648438,29.139999389648438,28.940000534057617,29.0,22.092885971069336,3954000
XLV,2010-09-08,28.959999084472656,29.25,28.950000762939453,29.15999984741211,22.21478271484375,6850700
XLV,2010-09-09,29.3700008392334,29.559999465942383,29.34000015258789,29.469999313354492,22.450944900512695,6305700
XLV,2010-09-10,29.469999313354492,29.799999237060547,29.469999313354492,29.770000457763672,22.67949104309082,5453100
XLV,2010-09-13,29.93000030517578,29.979999542236328,29.690000534057617,29.84000015258789,22.732820510864258,5947100
XLV,2010-09-14,29.739999771118164,30.059999465942383,29.709999084472656,29.940000534057617,22.809005737304688,8386700
XLV,2010-09-15,29.8700008392334,30.229999542236328,29.829999923706055,30.219999313354492,23.022314071655273,4894200
XLV,2010-09-16,30.049999237060547,30.149999618530273,29.950000762939453,30.100000381469727,22.930891036987305,4913900
XLV,2010-09-17,30.049999237060547,30.139999389648438,29.8799991607666,29.940000534057617,22.926300048828125,6038900
XLV,2010-09-20,30.06999969482422,30.399999618530273,29.969999313354492,30.34000015258789,23.232593536376953,5467800
XLV,2010-09-21,30.34000015258789,30.520000457763672,30.229999542236328,30.360000610351562,23.247909545898438,7579700
XLV,2010-09-22,30.329999923706055,30.540000915527344,30.290000915527344,30.40999984741211,23.286195755004883,5875600
XLV,2010-09-23,30.219999313354492,30.459999084472656,30.190000534057617,30.25,23.163681030273438,8156800
XLV,2010-09-24,30.489999771118164,30.68000030517578,30.450000762939453,30.65999984741211,23.477636337280273,5571100
XLV,2010-09-27,30.65999984741211,30.65999984741211,30.40999984741211,30.43000030517578,23.3015079498291,4840600
XLV,2010-09-28,30.5,30.739999771118164,30.299999237060547,30.68000030517578,23.492950439453125,5634600
XLV,2010-09-29,30.56999969482422,30.690000534057617,30.459999084472656,30.56999969482422,23.40871810913086,7966300
XLV,2010-09-30,30.68000030517578,30.8799991607666,30.3799991607666,30.489999771118164,23.347454071044922,8680300
XLV,2010-10-01,30.709999084472656,30.75,30.329999923706055,30.489999771118164,23.347454071044922,8791700
XLV,2010-10-04,30.469999313354492,30.540000915527344,30.110000610351562,30.190000534057617,23.11773681640625,6193600
XLV,2010-10-05,30.600000381469727,30.799999237060547,30.440000534057617,30.75,23.546550750732422,6786200
XLV,2010-10-06,30.68000030517578,30.790000915527344,30.530000686645508,30.6299991607666,23.45466423034668,5800000
XLV,2010-10-07,30.75,30.84000015258789,30.600000381469727,30.690000534057617,23.500614166259766,6052000
XLV,2010-10-08,30.709999084472656,30.850000381469727,30.639999389648438,30.770000457763672,23.56186866760254,3678600
XLV,2010-10-11,30.75,30.84000015258789,30.68000030517578,30.790000915527344,23.577177047729492,2452400
XLV,2010-10-12,30.729999542236328,30.940000534057617,30.600000381469727,30.860000610351562,23.630786895751953,3194600
XLV,2010-10-13,30.989999771118164,31.18000030517578,30.90999984741211,31.079999923706055,23.799245834350586,3323600
XLV,2010-10-14,31.040000915527344,31.18000030517578,30.8799991607666,31.020000457763672,23.7533016204834,5111500
XLV,2010-10-15,31.09000015258789,31.239999771118164,30.950000762939453,31.149999618530273,23.85284996032715,5880600
XLV,2010-10-18,31.190000534057617,31.450000762939453,31.139999389648438,31.440000534057617,24.074918746948242,7161000
XLV,2010-10-19,31.190000534057617,31.190000534057617,30.700000762939453,30.850000381469727,23.62312126159668,8833000
XLV,2010-10-20,30.920000076293945,31.280000686645508,30.84000015258789,31.139999389648438,23.845190048217773,5489400
XLV,2010-10-21,31.270000457763672,31.3700008392334,30.989999771118164,31.219999313354492,23.906452178955078,5983600
XLV,2010-10-22,31.31999969482422,31.31999969482422,31.149999618530273,31.229999542236328,23.914108276367188,4671900
XLV,2010-10-25,31.399999618530273,31.639999389648438,31.3700008392334,31.399999618530273,24.044275283813477,6532600
XLV,2010-10-26,31.329999923706055,31.329999923706055,31.15999984741211,31.309999465942383,23.97536849975586,4005800
XLV,2010-10-27,31.190000534057617,31.25,30.93000030517578,31.1200008392334,23.829875946044922,5489900
XLV,2010-10-28,31.299999237060547,31.40999984741211,31.1299991607666,31.299999237060547,23.967702865600586,5007000
XLV,2010-10-29,31.219999313354492,31.270000457763672,31.049999237060547,31.170000076293945,23.868154525756836,6751200
XLV,2010-11-01,31.34000015258789,31.5,31.010000228881836,31.170000076293945,23.868154525756836,6943700
XLV,2010-11-02,31.420000076293945,31.5,31.389999389648438,31.469999313354492,24.09789276123047,5303500
XLV,2010-11-03,31.56999969482422,31.56999969482422,31.170000076293945,31.489999771118164,24.11319923400879,8271300
XLV,2010-11-04,31.719999313354492,31.729999542236328,31.549999237060547,31.639999389648438,24.228071212768555,7898400
XLV,2010-11-05,31.709999084472656,31.709999084472656,31.329999923706055,31.450000762939453,24.08257293701172,10241400
XLV,2010-11-08,31.40999984741211,31.549999237060547,31.299999237060547,31.3700008392334,24.021318435668945,7745100
XLV,2010-11-09,31.459999084472656,31.459999084472656,31.170000076293945,31.239999771118164,23.921762466430664,7484100
XLV,2010-11-10,31.280000686645508,31.280000686645508,30.93000030517578,31.229999542236328,23.914108276367188,6532400
XLV,2010-11-11,31.079999923706055,31.34000015258789,31.0,31.31999969482422,23.98302459716797,5827800
XLV,2010-11-12,31.1299991607666,31.18000030517578,30.889999389648438,30.93000030517578,23.68437957763672,6763900
XLV,2010-11-15,31.040000915527344,31.110000610351562,30.889999389648438,30.940000534057617,23.692045211791992,4181900
XLV,2010-11-16,30.739999771118164,30.84000015258789,30.399999618530273,30.489999771118164,23.347454071044922,12265400
XLV,2010-11-17,30.540000915527344,30.65999984741211,30.479999542236328,30.540000915527344,23.3857479095459,5810200
XLV,2010-11-18,30.719999313354492,31.040000915527344,30.6299991607666,30.969999313354492,23.71501350402832,5721600
XLV,2010-11-19,30.940000534057617,31.020000457763672,30.81999969482422,31.0,23.73798179626465,5078100
XLV,2010-11-22,30.959999084472656,31.040000915527344,30.709999084472656,31.010000228881836,23.745641708374023,7405200
XLV,2010-11-23,30.690000534057617,30.75,30.549999237060547,30.559999465942383,23.401065826416016,9030600
XLV,2010-11-24,30.68000030517578,30.8700008392334,30.68000030517578,30.850000381469727,23.62312126159668,5591000
XLV,2010-11-26,30.690000534057617,30.729999542236328,30.540000915527344,30.579999923706055,23.4163761138916,2863600
XLV,2010-11-29,30.399999618530273,30.610000610351562,30.139999389648438,30.549999237060547,23.39340591430664,7439200
XLV,2010-11-30,30.219999313354492,30.459999084472656,30.18000030517578,30.270000457763672,23.178993225097656,8214800
XLV,2010-12-01,30.610000610351562,30.899999618530273,30.610000610351562,30.850000381469727,23.62312126159668,8571300
XLV,2010-12-02,30.899999618530273,31.09000015258789,30.84000015258789,31.09000015258789,23.806901931762695,5519300
XLV,2010-12-03,30.959999084472656,31.110000610351562,30.940000534057617,31.09000015258789,23.806901931762695,7769400
XLV,2010-12-06,30.979999542236328,31.020000457763672,30.860000610351562,30.889999389648438,23.653745651245117,5092200
XLV,2010-12-07,31.110000610351562,31.1299991607666,30.8700008392334,30.90999984741211,23.669071197509766,6938200
XLV,2010-12-08,30.950000762939453,30.989999771118164,30.790000915527344,30.940000534057617,23.692045211791992,5222000
XLV,2010-12-09,31.040000915527344,31.040000915527344,30.889999389648438,30.989999771118164,23.73033905029297,3670300
XLV,2010-12-10,31.040000915527344,31.31999969482422,31.040000915527344,31.290000915527344,23.96005630493164,5730100
XLV,2010-12-13,31.360000610351562,31.489999771118164,31.299999237060547,31.34000015258789,23.998336791992188,9561500
XLV,2010-12-14,31.450000762939453,31.739999771118164,31.440000534057617,31.65999984741211,24.24337387084961,5587600
XLV,2010-12-15,31.540000915527344,31.770000457763672,31.530000686645508,31.559999465942383,24.16680145263672,5816700
XLV,2010-12-16,31.56999969482422,31.790000915527344,31.440000534057617,31.780000686645508,24.335268020629883,5071800
XLV,2010-12-17,31.6200008392334,31.670000076293945,31.440000534057617,31.670000076293945,24.376827239990234,6012600
XLV,2010-12-20,31.739999771118164,31.760000228881836,31.530000686645508,31.65999984741211,24.36913299560547,3241800
XLV,2010-12-21,31.690000534057617,31.709999084472656,31.579999923706055,31.579999923706055,24.307554244995117,2946300
XLV,2010-12-22,31.56999969482422,31.670000076293945,31.540000915527344,31.670000076293945,24.376827239990234,2646000
XLV,2010-12-23,31.610000610351562,31.700000762939453,31.610000610351562,31.649999618530273,24.36142921447754,2874100
XLV,2010-12-27,31.600000381469727,31.6200008392334,31.489999771118164,31.59000015258789,24.31525421142578,835200
XLV,2010-12-28,31.579999923706055,31.65999984741211,31.520000457763672,31.610000610351562,24.330644607543945,1652600
XLV,2010-12-29,31.649999618530273,31.690000534057617,31.59000015258789,31.6200008392334,24.33834457397461,1990500
XLV,2010-12-30,31.579999923706055,31.600000381469727,31.489999771118164,31.510000228881836,24.25366973876953,3877200
XLV,2010-12-31,31.540000915527344,31.56999969482422,31.43000030517578,31.5,24.245981216430664,3908500
XLV,2011-01-03,31.670000076293945,31.989999771118164,31.65999984741211,31.790000915527344,24.469200134277344,6877800
XLV,2011-01-04,31.850000381469727,31.920000076293945,31.719999313354492,31.889999389648438,24.546157836914062,4161000
XLV,2011-01-05,31.770000457763672,32.02000045776367,31.770000457763672,31.959999084472656,24.60004234313965,7962800
XLV,2011-01-06,32.0099983215332,32.11000061035156,31.969999313354492,32.09000015258789,24.700105667114258,4966800
XLV,2011-01-07,32.119998931884766,32.119998931884766,31.889999389648438,32.06999969482422,24.684717178344727,6199000
XLV,2011-01-10,31.920000076293945,32.04999923706055,31.8799991607666,31.979999542236328,24.615436553955078,4481000
XLV,2011-01-11,32.060001373291016,32.189998626708984,32.0099983215332,32.13999938964844,24.738597869873047,3356200
XLV,2011-01-12,32.279998779296875,32.36000061035156,32.18000030517578,32.310001373291016,24.86944007873535,2886100
XLV,2011-01-13,32.220001220703125,32.220001220703125,32.04999923706055,32.13999938964844,24.738597869873047,7414600
XLV,2011-01-14,32.08000183105469,32.18000030517578,32.060001373291016,32.18000030517578,24.76938819885254,3907500
XLV,2011-01-18,32.189998626708984,32.310001373291016,32.16999816894531,32.29999923706055,24.861751556396484,8160100
XLV,2011-01-19,32.33000183105469,32.33000183105469,31.959999084472656,32.08000183105469,24.692413330078125,9936400
XLV,2011-01-20,32.06999969482422,32.220001220703125,31.950000762939453,32.15999984741211,24.753990173339844,8811800
XLV,2011-01-21,32.2599983215332,32.33000183105469,32.150001525878906,32.189998626708984,24.777070999145508,8079700
XLV,2011-01-24,32.18000030517578,32.27000045776367,32.119998931884766,32.150001525878906,24.74629020690918,3711500
XLV,2011-01-25,32.040000915527344,32.2400016784668,32.029998779296875,32.150001525878906,24.74629020690918,8002500
XLV,2011-01-26,32.18000030517578,32.220001220703125,32.08000183105469,32.11000061035156,24.71550941467285,7671800
XLV,2011-01-27,32.150001525878906,32.25,32.04999923706055,32.189998626708984,24.777070999145508,6871900
XLV,2011-01-28,32.209999084472656,32.25,31.579999923706055,31.610000610351562,24.330644607543945,11096100
XLV,2011-01-31,31.770000457763672,31.770000457763672,31.559999465942383,31.68000030517578,24.3845272064209,9021600
XLV,2011-02-01,31.809999465942383,32.290000915527344,31.809999465942383,32.25,24.82326316833496,13051200
XLV,2011-02-02,32.150001525878906,32.18000030517578,32.040000915527344,32.13999938964844,24.738597869873047,4627700
XLV,2011-02-03,32.029998779296875,32.25,31.790000915527344,32.18000030517578,24.76938819885254,6316300
XLV,2011-02-04,32.25,32.34000015258789,32.060001373291016,32.33000183105469,24.88484001159668,4380100
XLV,2011-02-07,32.31999969482422,32.380001068115234,32.25,32.279998779296875,24.846351623535156,9145200
XLV,2011-02-08,32.25,32.38999938964844,32.25,32.369998931884766,24.915630340576172,5160100
XLV,2011-02-09,32.279998779296875,32.369998931884766,32.20000076293945,32.29999923706055,24.861751556396484,4933400
XLV,2011-02-10,32.189998626708984,32.36000061035156,32.18000030517578,32.310001373291016,24.86944007873535,4383300
XLV,2011-02-11,32.16999816894531,32.459999084472656,32.13999938964844,32.380001068115234,24.92332649230957,4341900
XLV,2011-02-14,32.439998626708984,32.4900016784668,32.310001373291016,32.4900016784668,25.007997512817383,9054900
XLV,2011-02-15,32.369998931884766,32.45000076293945,32.290000915527344,32.41999816894531,24.954113006591797,5502400
XLV,2011-02-16,32.5,32.709999084472656,32.470001220703125,32.59000015258789,25.0849666595459,4256200
XLV,2011-02-17,32.5099983215332,32.7599983215332,32.45000076293945,32.72999954223633,25.19272804260254,8772000
XLV,2011-02-18,32.709999084472656,32.849998474121094,32.650001525878906,32.810001373291016,25.25430679321289,4583200
XLV,2011-02-22,32.47999954223633,32.630001068115234,32.22999954223633,32.310001373291016,24.86944007873535,12072400
XLV,2011-02-23,32.220001220703125,32.31999969482422,31.989999771118164,32.0,24.63083267211914,9817600
XLV,2011-02-24,31.940000534057617,32.18000030517578,31.8700008392334,32.11000061035156,24.71550941467285,9063800
XLV,2011-02-25,32.209999084472656,32.369998931884766,32.13999938964844,32.310001373291016,24.86944007873535,6129200
XLV,2011-02-28,32.43000030517578,32.709999084472656,32.310001373291016,32.66999816894531,25.146543502807617,15415100
XLV,2011-03-01,32.77000045776367,32.810001373291016,32.400001525878906,32.40999984741211,24.9464168548584,10264400
XLV,2011-03-02,32.36000061035156,32.56999969482422,32.310001373291016,32.5099983215332,25.023386001586914,11750700
XLV,2011-03-03,32.709999084472656,33.20000076293945,32.709999084472656,33.18000030517578,25.539094924926758,11733900
XLV,2011-03-04,33.15999984741211,33.22999954223633,32.900001525878906,33.130001068115234,25.5006046295166,8793600
XLV,2011-03-07,33.209999084472656,33.209999084472656,32.68000030517578,32.880001068115234,25.308185577392578,8359500
XLV,2011-03-08,32.900001525878906,33.15999984741211,32.779998779296875,33.060001373291016,25.446739196777344,5795000
XLV,2011-03-09,33.04999923706055,33.20000076293945,32.939998626708984,33.11000061035156,25.485214233398438,8000200
XLV,2011-03-10,32.849998474121094,32.91999816894531,32.560001373291016,32.59000015258789,25.0849666595459,12703000
XLV,2011-03-11,32.59000015258789,32.790000915527344,32.470001220703125,32.70000076293945,25.169635772705078,8004000
XLV,2011-03-14,32.54999923706055,32.75,32.400001525878906,32.540000915527344,25.046485900878906,7608100
XLV,2011-03-15,31.989999771118164,32.31999969482422,31.84000015258789,32.15999984741211,24.753990173339844,12855500
XLV,2011-03-16,32.11000061035156,32.119998931884766,31.440000534057617,31.600000381469727,24.32295036315918,20826500
XLV,2011-03-17,31.920000076293945,32.060001373291016,31.809999465942383,31.969999313354492,24.607744216918945,10301600
XLV,2011-03-18,32.15999984741211,32.220001220703125,31.889999389648438,31.969999313354492,24.719863891601562,16696000
XLV,2011-03-21,32.209999084472656,32.5,32.16999816894531,32.2400016784668,24.928630828857422,8783300
XLV,2011-03-22,32.349998474121094,32.40999984741211,32.20000076293945,32.220001220703125,24.913162231445312,6413300
XLV,2011-03-23,32.15999984741211,32.27000045776367,31.950000762939453,32.20000076293945,24.89769744873047,7349200
XLV,2011-03-24,32.31999969482422,32.630001068115234,32.20000076293945,32.58000183105469,25.1915225982666,10593600
XLV,2011-03-25,32.58000183105469,32.810001373291016,32.56999969482422,32.66999816894531,25.261117935180664,5281100
XLV,2011-03-28,32.68000030517578,32.7400016784668,32.650001525878906,32.65999984741211,25.253389358520508,3925300
XLV,2011-03-29,32.630001068115234,32.86000061035156,32.59000015258789,32.849998474121094,25.400297164916992,4031500
XLV,2011-03-30,33.0099983215332,33.2599983215332,33.0099983215332,33.09000015258789,25.585861206054688,5202600
XLV,2011-03-31,33.06999969482422,33.22999954223633,33.02000045776367,33.11000061035156,25.601327896118164,3280600
XLV,2011-04-01,33.22999954223633,33.349998474121094,33.16999816894531,33.279998779296875,25.732776641845703,3929600
XLV,2011-04-04,33.38999938964844,33.540000915527344,33.38999938964844,33.47999954223633,25.88742446899414,4286700
XLV,2011-04-05,33.349998474121094,33.43000030517578,33.290000915527344,33.33000183105469,25.77143669128418,4311300
XLV,2011-04-06,33.43000030517578,33.5099983215332,33.36000061035156,33.400001525878906,25.8255615234375,3954000
XLV,2011-04-07,33.31999969482422,33.470001220703125,33.22999954223633,33.34000015258789,25.77916717529297,7031500
XLV,2011-04-08,33.400001525878906,33.5,33.22999954223633,33.31999969482422,25.76371192932129,6907600
XLV,2011-04-11,33.41999816894531,33.59000015258789,33.41999816894531,33.5099983215332,25.910625457763672,8928500
XLV,2011-04-12,33.369998931884766,33.599998474121094,33.369998931884766,33.470001220703125,25.87969207763672,6200400
XLV,2011-04-13,33.459999084472656,33.56999969482422,33.369998931884766,33.439998626708984,25.856496810913086,4442000
XLV,2011-04-14,33.41999816894531,33.68000030517578,33.290000915527344,33.619998931884766,25.99567222595215,8316200
XLV,2011-04-15,33.790000915527344,34.0099983215332,33.75,33.91999816894531,26.227632522583008,9761800
XLV,2011-04-18,33.70000076293945,33.70000076293945,33.349998474121094,33.540000915527344,25.93381690979004,7603400
XLV,2011-04-19,33.599998474121094,33.84000015258789,33.540000915527344,33.81999969482422,26.15030860900879,5456100
XLV,2011-04-20,34.18000030517578,34.279998779296875,34.06999969482422,34.150001525878906,26.405485153198242,7116900
XLV,2011-04-21,34.36000061035156,34.45000076293945,34.130001068115234,34.25,26.48280906677246,4828600
XLV,2011-04-25,34.13999938964844,34.31999969482422,34.11000061035156,34.290000915527344,26.51372528076172,6363700
XLV,2011-04-26,34.34000015258789,34.7400016784668,34.34000015258789,34.689998626708984,26.823020935058594,5800000
XLV,2011-04-27,34.650001525878906,35.13999938964844,34.630001068115234,35.08000183105469,27.12457847595215,8745300
XLV,2011-04-28,35.08000183105469,35.279998779296875,35.04999923706055,35.2599983215332,27.263755798339844,5219400
XLV,2011-04-29,35.33000183105469,35.349998474121094,35.189998626708984,35.2400016784668,27.248291015625,11660100
XLV,2011-05-02,35.47999954223633,35.66999816894531,35.43000030517578,35.599998474121094,27.526657104492188,14846400
XLV,2011-05-03,35.52000045776367,35.599998474121094,35.33000183105469,35.5099983215332,27.457048416137695,11291300
XLV,2011-05-04,35.459999084472656,35.540000915527344,35.290000915527344,35.47999954223633,27.433856964111328,9434600
XLV,2011-05-05,35.41999816894531,35.54999923706055,35.150001525878906,35.25,27.25602149963379,11700000
XLV,2011-05-06,35.5099983215332,35.66999816894531,35.36000061035156,35.5,27.44931983947754,7405100
XLV,2011-05-09,35.31999969482422,35.7400016784668,35.31999969482422,35.70000076293945,27.603975296020508,9030400
XLV,2011-05-10,35.849998474121094,35.93000030517578,35.63999938964844,35.91999816894531,27.77408218383789,7764600
XLV,2011-05-11,35.959999084472656,36.04999923706055,35.66999816894531,35.86000061035156,27.727685928344727,13491000
XLV,2011-05-12,35.72999954223633,36.20000076293945,35.630001068115234,36.189998626708984,27.982845306396484,7867600
XLV,2011-05-13,36.25,36.34000015258789,35.88999938964844,36.08000183105469,27.897796630859375,10091200
XLV,2011-05-16,36.0,36.279998779296875,35.93000030517578,36.13999938964844,27.944189071655273,7557200
XLV,2011-05-17,35.970001220703125,36.15999984741211,35.88999938964844,36.13999938964844,27.944189071655273,7397600
XLV,2011-05-18,36.13999938964844,36.45000076293945,36.08000183105469,36.41999816894531,28.16069984436035,5666800
XLV,2011-05-19,36.56999969482422,36.56999969482422,36.16999816894531,36.34000015258789,28.098833084106445,17052500
XLV,2011-05-20,36.36000061035156,36.36000061035156,35.93000030517578,36.040000915527344,27.86686897277832,11701300
XLV,2011-05-23,35.65999984741211,35.7400016784668,35.5099983215332,35.66999816894531,27.580764770507812,27910000
XLV,2011-05-24,35.65999984741211,35.720001220703125,35.529998779296875,35.56999969482422,27.503454208374023,10177500
XLV,2011-05-25,35.40999984741211,35.709999084472656,35.40999984741211,35.619998931884766,27.542112350463867,7239400
XLV,2011-05-26,35.540000915527344,35.709999084472656,35.33000183105469,35.66999816894531,27.580764770507812,6576400
XLV,2011-05-27,35.66999816894531,35.720001220703125,35.52000045776367,35.689998626708984,27.59623146057129,7043300
XLV,2011-05-31,35.95000076293945,36.119998931884766,35.810001373291016,36.11000061035156,27.920984268188477,10185900
XLV,2011-06-01,35.9900016784668,36.08000183105469,35.58000183105469,35.61000061035156,27.534381866455078,12042500
XLV,2011-06-02,35.619998931884766,35.619998931884766,35.38999938964844,35.529998779296875,27.47252082824707,7603400
XLV,2011-06-03,35.130001068115234,35.38999938964844,35.130001068115234,35.189998626708984,27.209632873535156,12026700
XLV,2011-06-06,35.09000015258789,35.18000030517578,34.93000030517578,34.97999954223633,27.047252655029297,6513500
XLV,2011-06-07,35.22999954223633,35.349998474121094,35.029998779296875,35.04999923706055,27.10137939453125,8211900
XLV,2011-06-08,35.0099983215332,35.150001525878906,34.939998626708984,35.09000015258789,27.132322311401367,6631100
XLV,2011-06-09,35.16999816894531,35.630001068115234,35.11000061035156,35.459999084472656,27.41839027404785,6971000
XLV,2011-06-10,35.31999969482422,35.31999969482422,34.779998779296875,34.810001373291016,26.915809631347656,17102600
XLV,2011-06-13,34.790000915527344,35.130001068115234,34.790000915527344,34.97999954223633,27.047252655029297,10150700
XLV,2011-06-14,35.25,35.41999816894531,35.150001525878906,35.279998779296875,27.279220581054688,8585800
XLV,2011-06-15,35.130001068115234,35.2400016784668,34.720001220703125,34.79999923706055,26.9080753326416,15194100
XLV,2011-06-16,34.810001373291016,34.959999084472656,34.630001068115234,34.86000061035156,26.954471588134766,10648300
XLV,2011-06-17,34.97999954223633,35.06999969482422,34.65999984741211,34.77000045776367,27.016626358032227,16765100
XLV,2011-06-20,34.70000076293945,35.15999984741211,34.650001525878906,35.119998931884766,27.288578033447266,8445200
XLV,2011-06-21,35.2599983215332,35.41999816894531,35.15999984741211,35.34000015258789,27.459531784057617,12641600
XLV,2011-06-22,35.290000915527344,35.369998931884766,35.11000061035156,35.130001068115234,27.296356201171875,7622800
XLV,2011-06-23,35.0,35.130001068115234,34.630001068115234,35.09000015258789,27.26528549194336,19458700
XLV,2011-06-24,35.08000183105469,35.08000183105469,34.619998931884766,34.68000030517578,26.946701049804688,11042000
XLV,2011-06-27,34.75,34.95000076293945,34.540000915527344,34.86000061035156,27.086563110351562,6268200
XLV,2011-06-28,34.93000030517578,35.439998626708984,34.88999938964844,35.349998474121094,27.46729278564453,9300200
XLV,2011-06-29,35.540000915527344,35.540000915527344,35.31999969482422,35.41999816894531,27.52167320251465,6541700
XLV,2011-06-30,35.56999969482422,35.630001068115234,35.45000076293945,35.529998779296875,27.60715103149414,11835800
XLV,2011-07-01,35.529998779296875,35.97999954223633,35.5099983215332,35.959999084472656,27.941267013549805,10374800
XLV,2011-07-05,35.9900016784668,35.9900016784668,35.7400016784668,35.86000061035156,27.863569259643555,6410500
XLV,2011-07-06,35.79999923706055,36.0099983215332,35.79999923706055,35.959999084472656,27.941267013549805,6899800
XLV,2011-07-07,36.119998931884766,36.119998931884766,35.79999923706055,35.939998626708984,27.925731658935547,7400100
XLV,2011-07-08,35.70000076293945,35.81999969482422,35.56999969482422,35.779998779296875,27.80140495300293,6741200
XLV,2011-07-11,35.470001220703125,35.540000915527344,35.20000076293945,35.290000915527344,27.42066764831543,11117200
XLV,2011-07-12,35.27000045776367,35.63999938964844,35.16999816894531,35.290000915527344,27.42066764831543,5988800
XLV,2011-07-13,35.470001220703125,35.77000045776367,35.33000183105469,35.43000030517578,27.52945899963379,8597100
XLV,2011-07-14,35.5,35.619998931884766,35.279998779296875,35.369998931884766,27.482824325561523,9443600
XLV,2011-07-15,35.41999816894531,35.43000030517578,35.0099983215332,35.189998626708984,27.34296989440918,9994600
XLV,2011-07-18,35.06999969482422,35.099998474121094,34.66999816894531,34.93000030517578,27.14095115661621,8569400
XLV,2011-07-19,35.0,35.310001373291016,34.91999816894531,35.2400016784668,27.38182258605957,9930600
XLV,2011-07-20,35.290000915527344,35.310001373291016,34.9900016784668,35.119998931884766,27.288578033447266,6808400
XLV,2011-07-21,35.470001220703125,35.790000915527344,35.36000061035156,35.650001525878906,27.700397491455078,14621500
XLV,2011-07-22,35.630001068115234,35.65999984741211,35.439998626708984,35.59000015258789,27.65377426147461,7642700
XLV,2011-07-25,35.279998779296875,35.459999084472656,35.18000030517578,35.220001220703125,27.366287231445312,6821100
XLV,2011-07-26,35.189998626708984,35.209999084472656,34.900001525878906,34.939998626708984,27.14872932434082,8696700
XLV,2011-07-27,34.779998779296875,34.79999923706055,34.290000915527344,34.33000183105469,26.674745559692383,13037300
XLV,2011-07-28,34.310001373291016,34.68000030517578,34.25,34.29999923706055,26.651432037353516,13788400
XLV,2011-07-29,34.0099983215332,34.36000061035156,33.790000915527344,34.119998931884766,26.511573791503906,18230600
XLV,2011-08-01,34.45000076293945,34.45000076293945,33.189998626708984,33.540000915527344,26.060909271240234,27608500
XLV,2011-08-02,33.310001373291016,33.439998626708984,32.790000915527344,32.81999969482422,25.501462936401367,23052100
XLV,2011-08-03,32.81999969482422,32.880001068115234,32.20000076293945,32.880001068115234,25.548084259033203,23351200
XLV,2011-08-04,32.41999816894531,32.560001373291016,31.56999969482422,31.56999969482422,24.53019142150879,26524200
XLV,2011-08-05,31.809999465942383,32.279998779296875,31.040000915527344,31.809999465942383,24.71668243408203,34270900
XLV,2011-08-08,31.18000030517578,31.540000915527344,30.170000076293945,30.18000030517578,23.450157165527344,35749300
XLV,2011-08-09,30.559999465942383,31.3700008392334,29.639999389648438,31.280000686645508,24.304866790771484,33607200
XLV,2011-08-10,30.899999618530273,31.1200008392334,29.90999984741211,29.959999084472656,23.279211044311523,31686400
XLV,2011-08-11,30.06999969482422,31.729999542236328,30.020000457763672,31.329999923706055,24.343719482421875,23576700
XLV,2011-08-12,31.559999465942383,31.93000030517578,31.31999969482422,31.639999389648438,24.584592819213867,14175900
XLV,2011-08-15,31.93000030517578,32.2400016784668,31.709999084472656,32.16999816894531,24.99640464782715,22841300
XLV,2011-08-16,31.989999771118164,32.36000061035156,31.790000915527344,32.13999938964844,24.97309112548828,16553800
XLV,2011-08-17,32.22999954223633,32.540000915527344,31.889999389648438,32.16999816894531,24.99640464782715,12656600
XLV,2011-08-18,31.530000686645508,31.600000381469727,30.84000015258789,31.110000610351562,24.172773361206055,14270400
XLV,2011-08-19,30.81999969482422,31.489999771118164,30.770000457763672,31.030000686645508,24.11061668395996,18010300
XLV,2011-08-22,31.520000457763672,31.59000015258789,30.969999313354492,31.010000228881836,24.095075607299805,11770100
XLV,2011-08-23,31.1299991607666,32.04999923706055,31.059999465942383,32.02000045776367,24.87985610961914,12479500
XLV,2011-08-24,31.899999618530273,32.400001525878906,31.850000381469727,32.38999938964844,25.167346954345703,11758600
XLV,2011-08-25,32.310001373291016,32.43000030517578,31.729999542236328,31.84000015258789,24.739992141723633,15550800
XLV,2011-08-26,31.65999984741211,32.349998474121094,31.049999237060547,32.2400016784668,25.050800323486328,12478900
XLV,2011-08-29,32.599998474121094,33.09000015258789,32.560001373291016,33.060001373291016,25.687944412231445,11473900
XLV,2011-08-30,33.0099983215332,33.369998931884766,32.709999084472656,33.16999816894531,25.773412704467773,11804700
XLV,2011-08-31,33.34000015258789,33.630001068115234,33.130001068115234,33.400001525878906,25.95212173461914,10386100
XLV,2011-09-01,33.38999938964844,33.75,33.11000061035156,33.18000030517578,25.78118133544922,9625000
XLV,2011-09-02,32.65999984741211,32.95000076293945,32.380001068115234,32.45000076293945,25.213966369628906,11320900
XLV,2011-09-06,31.700000762939453,32.56999969482422,31.639999389648438,32.529998779296875,25.276124954223633,44453200
XLV,2011-09-07,32.91999816894531,33.31999969482422,32.779998779296875,33.310001373291016,25.882192611694336,10855700
XLV,2011-09-08,33.09000015258789,33.43000030517578,32.88999938964844,32.95000076293945,25.602476119995117,9130800
XLV,2011-09-09,32.59000015258789,32.630001068115234,31.81999969482422,31.969999313354492,24.84100341796875,16098500
XLV,2011-09-12,31.579999923706055,32.11000061035156,31.489999771118164,32.08000183105469,24.92647933959961,13393200
XLV,2011-09-13,32.15999984741211,32.47999954223633,31.989999771118164,32.40999984741211,25.182880401611328,11253500
XLV,2011-09-14,32.52000045776367,33.08000183105469,32.060001373291016,32.720001220703125,25.423755645751953,14000300
XLV,2011-09-15,32.959999084472656,33.040000915527344,32.5,33.02000045776367,25.656862258911133,12105200
XLV,2011-09-16,32.95000076293945,33.11000061035156,32.70000076293945,33.02000045776367,25.795135498046875,11861400
XLV,2011-09-19,32.529998779296875,32.83000183105469,32.439998626708984,32.709999084472656,25.5529727935791,11646000
XLV,2011-09-20,32.83000183105469,33.349998474121094,32.650001525878906,33.0099983215332,25.787315368652344,10829700
XLV,2011-09-21,33.029998779296875,33.08000183105469,32.099998474121094,32.119998931884766,25.092058181762695,14044800
XLV,2011-09-22,31.31999969482422,31.639999389648438,31.09000015258789,31.469999313354492,24.58427619934082,26670000
XLV,2011-09-23,31.280000686645508,31.68000030517578,31.170000076293945,31.479999542236328,24.592086791992188,17981500
XLV,2011-09-26,31.739999771118164,32.040000915527344,31.3700008392334,32.0,24.99831199645996,13336900
XLV,2011-09-27,32.5099983215332,32.880001068115234,32.34000015258789,32.4900016784668,25.3810977935791,14319000
XLV,2011-09-28,32.61000061035156,32.650001525878906,31.8799991607666,31.93000030517578,24.943622589111328,15072000
XLV,2011-09-29,32.34000015258789,32.56999969482422,31.670000076293945,32.13999938964844,25.107677459716797,12782900
XLV,2011-09-30,31.799999237060547,32.34000015258789,31.719999313354492,31.729999542236328,24.787384033203125,10356100
XLV,2011-10-03,31.489999771118164,31.93000030517578,30.700000762939453,30.719999313354492,23.998380661010742,48032100
XLV,2011-10-04,30.450000762939453,31.079999923706055,30.110000610351562,31.049999237060547,24.256175994873047,20949700
XLV,2011-10-05,31.079999923706055,31.56999969482422,30.979999542236328,31.549999237060547,24.64676856994629,16962400
XLV,2011-10-06,31.530000686645508,31.93000030517578,31.389999389648438,31.93000030517578,24.943622589111328,9795500
XLV,2011-10-07,31.979999542236328,32.13999938964844,31.799999237060547,31.899999618530273,24.920194625854492,10780900
XLV,2011-10-10,32.22999954223633,32.68000030517578,32.22999954223633,32.630001068115234,25.49047088623047,6615000
XLV,2011-10-11,32.5099983215332,32.63999938964844,32.41999816894531,32.58000183105469,25.451404571533203,5107500
XLV,2011-10-12,32.70000076293945,32.91999816894531,32.58000183105469,32.599998474121094,25.467021942138672,8411100
XLV,2011-10-13,32.52000045776367,32.68000030517578,32.310001373291016,32.56999969482422,25.443592071533203,5970000
XLV,2011-10-14,32.95000076293945,32.95000076293945,32.689998626708984,32.880001068115234,25.68577003479004,6229400
XLV,2011-10-17,32.7599983215332,32.79999923706055,32.2599983215332,32.310001373291016,25.24048614501953,6750800
XLV,2011-10-18,32.20000076293945,32.79999923706055,31.989999771118164,32.54999923706055,25.42797088623047,9932600
XLV,2011-10-19,32.75,32.880001068115234,32.349998474121094,32.4900016784668,25.3810977935791,6233500
XLV,2011-10-20,32.41999816894531,32.63999938964844,32.09000015258789,32.459999084472656,25.35765838623047,6920500
XLV,2011-10-21,32.79999923706055,33.15999984741211,32.79999923706055,33.11000061035156,25.865442276000977,6784700
XLV,2011-10-24,33.209999084472656,33.619998931884766,33.11000061035156,33.61000061035156,26.256032943725586,36228400
XLV,2011-10-25,33.47999954223633,33.52000045776367,32.84000015258789,32.93000030517578,25.724824905395508,8333400
XLV,2011-10-26,33.22999954223633,33.4900016784668,32.95000076293945,33.369998931884766,26.068552017211914,8655700
XLV,2011-10-27,34.0,34.27000045776367,33.709999084472656,34.18000030517578,26.701316833496094,16385700
XLV,2011-10-28,33.97999954223633,34.310001373291016,33.97999954223633,34.209999084472656,26.724754333496094,10215300
XLV,2011-10-31,33.959999084472656,34.060001373291016,33.54999923706055,33.560001373291016,26.216983795166016,12897900
XLV,2011-11-01,32.93000030517578,33.310001373291016,32.81999969482422,32.91999816894531,25.71700668334961,13507200
XLV,2011-11-02,33.27000045776367,33.310001373291016,32.93000030517578,33.13999938964844,25.888874053955078,6063500
XLV,2011-11-03,33.41999816894531,33.560001373291016,33.15999984741211,33.5,26.170108795166016,7748400
XLV,2011-11-04,33.2599983215332,33.36000061035156,32.95000076293945,33.189998626708984,25.927934646606445,5672500
XLV,2011-11-07,33.209999084472656,33.630001068115234,33.06999969482422,33.58000183105469,26.232606887817383,5520200
XLV,2011-11-08,33.7400016784668,34.02000045776367,33.47999954223633,33.9900016784668,26.552902221679688,4987600
XLV,2011-11-09,33.40999984741211,33.5099983215332,32.880001068115234,33.0099983215332,25.787315368652344,13047000
XLV,2011-11-10,33.33000183105469,33.63999938964844,33.150001525878906,33.47999954223633,26.15448570251465,6093300
XLV,2011-11-11,33.77000045776367,34.16999816894531,33.77000045776367,34.06999969482422,26.615400314331055,7084000
XLV,2011-11-14,33.849998474121094,33.9900016784668,33.689998626708984,33.84000015258789,26.43570899963379,4100200
XLV,2011-11-15,33.81999969482422,34.02000045776367,33.619998931884766,33.91999816894531,26.498207092285156,5627500
XLV,2011-11-16,33.54999923706055,33.810001373291016,33.25,33.27000045776367,25.99043083190918,10464700
XLV,2011-11-17,33.220001220703125,33.25,32.63999938964844,32.91999816894531,25.71700668334961,10134200
XLV,2011-11-18,33.0099983215332,33.04999923706055,32.810001373291016,32.849998474121094,25.66233253479004,6194700
XLV,2011-11-21,32.38999938964844,32.470001220703125,32.099998474121094,32.220001220703125,25.17017364501953,7436600
XLV,2011-11-22,32.209999084472656,32.45000076293945,32.119998931884766,32.29999923706055,25.232664108276367,5160500
XLV,2011-11-23,32.08000183105469,32.08000183105469,31.790000915527344,31.829999923706055,24.865514755249023,6472400
XLV,2011-11-25,31.739999771118164,31.959999084472656,31.68000030517578,31.709999084472656,24.771766662597656,2497600
XLV,2011-11-28,32.25,32.619998931884766,32.25,32.560001373291016,25.4357852935791,7381200
XLV,2011-11-29,32.630001068115234,32.900001525878906,32.59000015258789,32.70000076293945,25.545154571533203,4789900
XLV,2011-11-30,33.400001525878906,33.91999816894531,33.369998931884766,33.880001068115234,26.466960906982422,13397100
XLV,2011-12-01,33.79999923706055,34.119998931884766,33.79999923706055,33.93000030517578,26.506025314331055,5970200
XLV,2011-12-02,34.119998931884766,34.15999984741211,33.43000030517578,33.5099983215332,26.177919387817383,15173400
XLV,2011-12-05,33.86000061035156,33.9900016784668,33.400001525878906,33.56999969482422,26.224794387817383,43739100
XLV,2011-12-06,33.630001068115234,33.91999816894531,33.56999969482422,33.709999084472656,26.334157943725586,5064200
XLV,2011-12-07,33.65999984741211,34.119998931884766,33.529998779296875,33.959999084472656,26.52946662902832,6479800
XLV,2011-12-08,33.79999923706055,33.869998931884766,33.2599983215332,33.33000183105469,26.037309646606445,7784600
XLV,2011-12-09,33.4900016784668,33.88999938964844,33.43000030517578,33.81999969482422,26.420087814331055,5605900
XLV,2011-12-12,33.59000015258789,33.66999816894531,33.27000045776367,33.41999816894531,26.107608795166016,5421500
XLV,2011-12-13,33.619998931884766,33.810001373291016,33.2599983215332,33.36000061035156,26.06073760986328,5022800
XLV,2011-12-14,33.31999969482422,33.5,33.25,33.34000015258789,26.04511070251465,5186800
XLV,2011-12-15,33.54999923706055,33.79999923706055,33.529998779296875,33.709999084472656,26.334157943725586,6535300
XLV,2011-12-16,33.75,33.75,33.400001525878906,33.40999984741211,26.24616813659668,5777300
XLV,2011-12-19,33.560001373291016,33.79999923706055,33.310001373291016,33.40999984741211,26.24616813659668,4601700
XLV,2011-12-20,33.790000915527344,34.15999984741211,33.7400016784668,34.11000061035156,26.79608154296875,5208900
XLV,2011-12-21,34.20000076293945,34.380001068115234,34.060001373291016,34.33000183105469,26.968902587890625,5196900
XLV,2011-12-22,34.470001220703125,34.59000015258789,34.310001373291016,34.58000183105469,27.165300369262695,3699900
XLV,2011-12-23,34.65999984741211,34.84000015258789,34.58000183105469,34.79999923706055,27.338125228881836,2240300
XLV,2011-12-27,34.72999954223633,34.959999084472656,34.72999954223633,34.880001068115234,27.400970458984375,2224100
XLV,2011-12-28,34.880001068115234,34.880001068115234,34.43000030517578,34.5,27.102447509765625,5908200
XLV,2011-12-29,34.470001220703125,34.810001373291016,34.470001220703125,34.75,27.29884910583496,4775400
XLV,2011-12-30,34.650001525878906,34.869998931884766,34.630001068115234,34.689998626708984,27.251712799072266,2711600
XLV,2012-01-03,35.099998474121094,35.2599983215332,35.029998779296875,35.13999938964844,27.605226516723633,18864300
XLV,2012-01-04,35.11000061035156,35.130001068115234,34.849998474121094,34.970001220703125,27.471683502197266,6174000
XLV,2012-01-05,34.779998779296875,35.11000061035156,34.709999084472656,35.06999969482422,27.550249099731445,5939700
XLV,2012-01-06,35.119998931884766,35.209999084472656,34.959999084472656,35.130001068115234,27.597368240356445,6762500
XLV,2012-01-09,35.20000076293945,35.220001220703125,34.90999984741211,35.189998626708984,27.644498825073242,10695300
XLV,2012-01-10,35.43000030517578,35.529998779296875,35.400001525878906,35.45000076293945,27.8487548828125,7122300
XLV,2012-01-11,35.40999984741211,35.540000915527344,35.290000915527344,35.47999954223633,27.872318267822266,3501000
XLV,2012-01-12,35.560001373291016,35.619998931884766,35.33000183105469,35.59000015258789,27.958730697631836,3404900
XLV,2012-01-13,35.36000061035156,35.459999084472656,35.150001525878906,35.43000030517578,27.833053588867188,4826800
XLV,2012-01-17,35.709999084472656,35.869998931884766,35.61000061035156,35.650001525878906,28.005870819091797,5792900
XLV,2012-01-18,35.63999938964844,35.86000061035156,35.56999969482422,35.849998474121094,28.162979125976562,6940400
XLV,2012-01-19,35.7599983215332,35.88999938964844,35.65999984741211,35.849998474121094,28.162979125976562,4447600
XLV,2012-01-20,35.900001525878906,35.959999084472656,35.720001220703125,35.849998474121094,28.162979125976562,7768900
XLV,2012-01-23,35.86000061035156,35.91999816894531,35.59000015258789,35.689998626708984,28.03728675842285,5658200
XLV,2012-01-24,35.59000015258789,35.81999969482422,35.59000015258789,35.70000076293945,28.045154571533203,4382200
XLV,2012-01-25,35.560001373291016,36.02000045776367,35.47999954223633,35.959999084472656,28.24939727783203,6827200
XLV,2012-01-26,36.099998474121094,36.099998474121094,35.68000030517578,35.79999923706055,28.123708724975586,5074500
XLV,2012-01-27,35.65999984741211,35.939998626708984,35.65999984741211,35.81999969482422,28.13941192626953,3500700
XLV,2012-01-30,35.599998474121094,35.790000915527344,35.45000076293945,35.77000045776367,28.100143432617188,5297700
XLV,2012-01-31,35.900001525878906,36.130001068115234,35.709999084472656,35.79999923706055,28.123708724975586,7538700
XLV,2012-02-01,35.90999984741211,36.31999969482422,35.90999984741211,36.150001525878906,28.398653030395508,13009200
XLV,2012-02-02,36.189998626708984,36.189998626708984,35.79999923706055,36.0099983215332,28.288673400878906,5953400
XLV,2012-02-03,36.220001220703125,36.27000045776367,36.09000015258789,36.220001220703125,28.453649520874023,8292500
XLV,2012-02-06,36.060001373291016,36.150001525878906,35.90999984741211,36.02000045776367,28.296537399291992,4095400
XLV,2012-02-07,35.97999954223633,36.189998626708984,35.86000061035156,36.150001525878906,28.398653030395508,3442200
XLV,2012-02-08,36.15999984741211,36.189998626708984,35.95000076293945,36.150001525878906,28.398653030395508,4758300
XLV,2012-02-09,36.130001068115234,36.150001525878906,35.86000061035156,35.959999084472656,28.24939727783203,6164500
XLV,2012-02-10,35.75,35.849998474121094,35.619998931884766,35.810001373291016,28.131567001342773,3648100
XLV,2012-02-13,35.97999954223633,36.16999816894531,35.970001220703125,36.08000183105469,28.34366798400879,5493800
XLV,2012-02-14,36.09000015258789,36.25,36.0,36.22999954223633,28.46150779724121,4253200
XLV,2012-02-15,36.2599983215332,36.31999969482422,36.04999923706055,36.15999984741211,28.406513214111328,5725300
XLV,2012-02-16,36.099998474121094,36.400001525878906,36.040000915527344,36.36000061035156,28.563623428344727,5059900
XLV,2012-02-17,36.34000015258789,36.36000061035156,36.16999816894531,36.2400016784668,28.469356536865234,4531300
XLV,2012-02-21,36.29999923706055,36.34000015258789,35.91999816894531,35.97999954223633,28.265111923217773,7076000
XLV,2012-02-22,35.95000076293945,36.09000015258789,35.849998474121094,35.97999954223633,28.265111923217773,4212300
XLV,2012-02-23,36.0,36.06999969482422,35.93000030517578,36.0099983215332,28.288673400878906,3551600
XLV,2012-02-24,36.11000061035156,36.2400016784668,36.040000915527344,36.189998626708984,28.430076599121094,7647200
XLV,2012-02-27,36.0099983215332,36.34000015258789,35.91999816894531,36.2599983215332,28.485069274902344,9274100
XLV,2012-02-28,36.220001220703125,36.459999084472656,36.18000030517578,36.400001525878906,28.595050811767578,4370300
XLV,2012-02-29,36.380001068115234,36.47999954223633,36.18000030517578,36.18000030517578,28.422222137451172,6353900
XLV,2012-03-01,36.209999084472656,36.41999816894531,36.18000030517578,36.369998931884766,28.57147979736328,6010100
XLV,2012-03-02,36.439998626708984,36.439998626708984,36.220001220703125,36.310001373291016,28.524354934692383,3602700
XLV,2012-03-05,36.27000045776367,36.41999816894531,36.18000030517578,36.22999954223633,28.46150779724121,3395800
XLV,2012-03-06,36.029998779296875,36.119998931884766,35.68000030517578,35.7599983215332,28.092281341552734,4316000
XLV,2012-03-07,35.84000015258789,35.959999084472656,35.720001220703125,35.91999816894531,28.217979431152344,4343200
XLV,2012-03-08,36.11000061035156,36.40999984741211,36.11000061035156,36.31999969482422,28.532203674316406,4186400
XLV,2012-03-09,36.369998931884766,36.599998474121094,36.349998474121094,36.470001220703125,28.650039672851562,4698200
XLV,2012-03-12,36.400001525878906,36.540000915527344,36.38999938964844,36.470001220703125,28.650039672851562,2426600
XLV,2012-03-13,36.65999984741211,37.0099983215332,36.58000183105469,36.9900016784668,29.058544158935547,7159400
XLV,2012-03-14,36.900001525878906,37.060001373291016,36.900001525878906,36.97999954223633,29.050683975219727,6217000
XLV,2012-03-15,36.9900016784668,37.099998474121094,36.88999938964844,37.040000915527344,29.09781837463379,3819900
XLV,2012-03-16,36.95000076293945,36.9900016784668,36.79999923706055,36.849998474121094,29.094661712646484,4000200
XLV,2012-03-19,36.790000915527344,36.900001525878906,36.720001220703125,36.84000015258789,29.086788177490234,4130800
XLV,2012-03-20,36.619998931884766,36.77000045776367,36.61000061035156,36.650001525878906,28.936758041381836,2980600
XLV,2012-03-21,36.689998626708984,36.720001220703125,36.56999969482422,36.630001068115234,28.920963287353516,3717900
XLV,2012-03-22,36.47999954223633,36.59000015258789,36.400001525878906,36.5099983215332,28.826223373413086,4888200
XLV,2012-03-23,36.59000015258789,36.65999984741211,36.459999084472656,36.619998931884766,28.913070678710938,2760400
XLV,2012-03-26,36.86000061035156,37.2599983215332,36.810001373291016,37.2599983215332,29.418378829956055,9504600
XLV,2012-03-27,37.279998779296875,37.47999954223633,37.279998779296875,37.33000183105469,29.473651885986328,5334600
XLV,2012-03-28,37.36000061035156,37.4900016784668,37.06999969482422,37.25,29.41048240661621,8930400
XLV,2012-03-29,37.09000015258789,37.369998931884766,37.040000915527344,37.33000183105469,29.473651885986328,8620700
XLV,2012-03-30,37.470001220703125,37.65999984741211,37.40999984741211,37.61000061035156,29.694721221923828,7242900
XLV,2012-04-02,37.61000061035156,37.84000015258789,37.47999954223633,37.7400016784668,29.797361373901367,10149200
XLV,2012-04-03,37.779998779296875,38.0,37.54999923706055,37.720001220703125,29.78155517578125,8863100
XLV,2012-04-04,37.56999969482422,37.630001068115234,37.43000030517578,37.52000045776367,29.623655319213867,7096900
XLV,2012-04-05,37.400001525878906,37.54999923706055,37.31999969482422,37.5099983215332,29.615764617919922,3536300
XLV,2012-04-09,37.189998626708984,37.220001220703125,37.02000045776367,37.040000915527344,29.24467658996582,3188600
XLV,2012-04-10,37.02000045776367,37.11000061035156,36.599998474121094,36.619998931884766,28.913070678710938,6500200
XLV,2012-04-11,36.93000030517578,36.959999084472656,36.720001220703125,36.75,29.015722274780273,3793600
XLV,2012-04-12,36.790000915527344,36.9900016784668,36.77000045776367,36.95000076293945,29.173616409301758,4721900
XLV,2012-04-13,36.88999938964844,36.88999938964844,36.58000183105469,36.58000183105469,28.88149070739746,4560700
XLV,2012-04-16,36.7599983215332,36.7599983215332,36.47999954223633,36.59000015258789,28.889381408691406,7243300
XLV,2012-04-17,36.779998779296875,37.15999984741211,36.70000076293945,37.130001068115234,29.31574821472168,4194700
XLV,2012-04-18,37.060001373291016,37.13999938964844,36.9900016784668,37.029998779296875,29.23678970336914,4080300
XLV,2012-04-19,37.209999084472656,37.38999938964844,36.95000076293945,37.09000015258789,29.284149169921875,9542800
XLV,2012-04-20,37.209999084472656,37.47999954223633,37.150001525878906,37.290000915527344,29.44207000732422,5714600
XLV,2012-04-23,36.900001525878906,37.04999923706055,36.88999938964844,37.0,29.213088989257812,4906800
XLV,2012-04-24,37.029998779296875,37.209999084472656,36.95000076293945,37.130001068115234,29.31574821472168,2971200
XLV,2012-04-25,37.31999969482422,37.58000183105469,37.290000915527344,37.52000045776367,29.623655319213867,6216400
XLV,2012-04-26,37.349998474121094,37.560001373291016,37.220001220703125,37.5099983215332,29.615764617919922,5472700
XLV,2012-04-27,37.58000183105469,37.70000076293945,37.41999816894531,37.529998779296875,29.63155174255371,3979400
XLV,2012-04-30,37.5099983215332,37.630001068115234,37.40999984741211,37.5099983215332,29.615764617919922,4775100
XLV,2012-05-01,37.439998626708984,37.7400016784668,37.2599983215332,37.650001525878906,29.726295471191406,5532400
XLV,2012-05-02,37.5,37.61000061035156,37.470001220703125,37.58000183105469,29.6710262298584,2863300
XLV,2012-05-03,37.619998931884766,37.619998931884766,37.380001068115234,37.439998626708984,29.56049156188965,3297100
XLV,2012-05-04,37.290000915527344,37.31999969482422,36.93000030517578,36.95000076293945,29.173616409301758,4886400
XLV,2012-05-07,36.72999954223633,37.150001525878906,36.72999954223633,37.029998779296875,29.23678970336914,5690200
XLV,2012-05-08,36.81999969482422,37.119998931884766,36.65999984741211,37.040000915527344,29.24467658996582,3984500
XLV,2012-05-09,36.83000183105469,37.02000045776367,36.58000183105469,36.790000915527344,29.047298431396484,8694500
XLV,2012-05-10,36.970001220703125,37.20000076293945,36.970001220703125,37.04999923706055,29.25257110595703,3400000
XLV,2012-05-11,36.97999954223633,37.29999923706055,36.970001220703125,37.0099983215332,29.220985412597656,3514200
XLV,2012-05-14,36.79999923706055,37.040000915527344,36.630001068115234,36.88999938964844,29.126239776611328,8433800
XLV,2012-05-15,36.79999923706055,36.939998626708984,36.58000183105469,36.66999816894531,28.952550888061523,5206200
XLV,2012-05-16,36.7599983215332,36.900001525878906,36.68000030517578,36.72999954223633,28.999914169311523,6770700
XLV,2012-05-17,36.79999923706055,36.810001373291016,36.349998474121094,36.38999938964844,28.731470108032227,5766800
XLV,2012-05-18,36.4900016784668,36.5,35.959999084472656,36.06999969482422,28.478830337524414,6830700
XLV,2012-05-21,36.11000061035156,36.45000076293945,36.09000015258789,36.41999816894531,28.755168914794922,7835900
XLV,2012-05-22,36.45000076293945,36.65999984741211,36.220001220703125,36.31999969482422,28.676206588745117,5614400
XLV,2012-05-23,36.22999954223633,36.34000015258789,35.810001373291016,36.15999984741211,28.549884796142578,6769800
XLV,2012-05-24,36.2599983215332,36.5099983215332,36.15999984741211,36.5099983215332,28.826223373413086,6592400
XLV,2012-05-25,36.41999816894531,36.619998931884766,36.310001373291016,36.41999816894531,28.755168914794922,3065800
XLV,2012-05-29,36.619998931884766,36.7400016784668,36.41999816894531,36.540000915527344,28.849912643432617,9650100
XLV,2012-05-30,36.40999984741211,36.43000030517578,36.220001220703125,36.33000183105469,28.684099197387695,3818200
XLV,2012-05-31,36.33000183105469,36.40999984741211,35.95000076293945,36.150001525878906,28.5419921875,4766300
XLV,2012-06-01,35.79999923706055,35.900001525878906,35.470001220703125,35.5099983215332,28.036670684814453,10556700
XLV,2012-06-04,35.52000045776367,35.66999816894531,35.380001068115234,35.59000015258789,28.09984016418457,5566800
XLV,2012-06-05,35.47999954223633,35.880001068115234,35.45000076293945,35.790000915527344,28.257747650146484,7621900
XLV,2012-06-06,35.93000030517578,36.349998474121094,35.869998931884766,36.349998474121094,28.69989585876465,8536400
XLV,2012-06-07,36.59000015258789,36.599998474121094,36.290000915527344,36.369998931884766,28.715675354003906,7312700
XLV,2012-06-08,36.2599983215332,36.630001068115234,36.2599983215332,36.59000015258789,28.889381408691406,5226300
XLV,2012-06-11,36.70000076293945,36.77000045776367,36.25,36.27000045776367,28.636735916137695,7851500
XLV,2012-06-12,36.34000015258789,36.61000061035156,36.13999938964844,36.61000061035156,28.90516471862793,8854000
XLV,2012-06-13,36.599998474121094,36.900001525878906,36.470001220703125,36.56999969482422,28.87358856201172,15159000
XLV,2012-06-14,36.650001525878906,37.220001220703125,36.58000183105469,37.119998931884766,29.307836532592773,14048400
XLV,2012-06-15,37.0,37.150001525878906,36.970001220703125,37.060001373291016,29.41817855834961,7422700
XLV,2012-06-18,37.04999923706055,37.310001373291016,37.02000045776367,37.310001373291016,29.616636276245117,7202300
XLV,2012-06-19,37.380001068115234,37.75,37.380001068115234,37.650001525878906,29.886520385742188,6074500
XLV,2012-06-20,37.59000015258789,37.72999954223633,37.29999923706055,37.54999923706055,29.807144165039062,5874100
XLV,2012-06-21,37.470001220703125,37.63999938964844,36.97999954223633,37.029998779296875,29.39436912536621,5341100
XLV,2012-06-22,37.209999084472656,37.4900016784668,37.130001068115234,37.41999816894531,29.703950881958008,4764100
XLV,2012-06-25,36.880001068115234,37.119998931884766,36.880001068115234,36.959999084472656,29.338815689086914,8618200
XLV,2012-06-26,37.029998779296875,37.189998626708984,36.939998626708984,37.06999969482422,29.42611312866211,6401600
XLV,2012-06-27,37.18000030517578,37.599998474121094,37.119998931884766,37.470001220703125,29.7436466217041,8066400
XLV,2012-06-28,37.349998474121094,37.40999984741211,36.91999816894531,37.29999923706055,29.608686447143555,12607300
XLV,2012-06-29,37.619998931884766,38.029998779296875,37.619998931884766,38.0099983215332,30.172279357910156,9551200
XLV,2012-07-02,38.13999938964844,38.150001525878906,37.849998474121094,38.130001068115234,30.26755714416504,6582600
XLV,2012-07-03,38.119998931884766,38.220001220703125,37.970001220703125,38.119998931884766,30.25960922241211,3697200
XLV,2012-07-05,38.029998779296875,38.060001373291016,37.84000015258789,37.880001068115234,30.06909942626953,3692500
XLV,2012-07-06,37.72999954223633,37.779998779296875,37.470001220703125,37.630001068115234,29.87065315246582,5904300
XLV,2012-07-09,37.459999084472656,37.88999938964844,37.459999084472656,37.83000183105469,30.029403686523438,6279600
XLV,2012-07-10,38.04999923706055,38.04999923706055,37.529998779296875,37.650001525878906,29.886520385742188,5669500
XLV,2012-07-11,37.619998931884766,37.689998626708984,37.41999816894531,37.619998931884766,29.862699508666992,6572000
XLV,2012-07-12,37.58000183105469,37.83000183105469,37.38999938964844,37.709999084472656,29.93415641784668,3999600
XLV,2012-07-13,37.720001220703125,38.189998626708984,37.70000076293945,38.130001068115234,30.26755714416504,5157800
XLV,2012-07-16,38.09000015258789,38.2400016784668,38.0,38.20000076293945,30.323118209838867,3850600
XLV,2012-07-17,38.290000915527344,38.77000045776367,38.119998931884766,38.689998626708984,30.71207618713379,6453900
XLV,2012-07-18,38.54999923706055,38.84000015258789,38.439998626708984,38.75,30.759693145751953,5748700
XLV,2012-07-19,38.83000183105469,38.84000015258789,38.52000045776367,38.75,30.759693145751953,4801800
XLV,2012-07-20,38.61000061035156,38.70000076293945,38.189998626708984,38.25,30.362796783447266,4197500
XLV,2012-07-23,37.869998931884766,37.900001525878906,37.59000015258789,37.79999923706055,30.005590438842773,4674000
XLV,2012-07-24,37.77000045776367,37.810001373291016,37.18000030517578,37.380001068115234,29.672197341918945,4431100
XLV,2012-07-25,37.439998626708984,37.619998931884766,37.209999084472656,37.560001373291016,29.815088272094727,5069100
XLV,2012-07-26,37.95000076293945,38.099998474121094,37.77000045776367,37.91999816894531,30.100852966308594,8521200
XLV,2012-07-27,38.150001525878906,38.900001525878906,38.130001068115234,38.83000183105469,30.823211669921875,6373100
XLV,2012-07-30,38.7400016784668,38.81999969482422,38.56999969482422,38.630001068115234,30.664445877075195,5215400
XLV,2012-07-31,38.599998474121094,38.7599983215332,38.380001068115234,38.38999938964844,30.473947525024414,5167100
XLV,2012-08-01,38.61000061035156,38.70000076293945,38.34000015258789,38.40999984741211,30.489805221557617,6243900
XLV,2012-08-02,38.119998931884766,38.29999923706055,37.779998779296875,38.040000915527344,30.19611930847168,5332100
XLV,2012-08-03,38.459999084472656,38.720001220703125,38.400001525878906,38.4900016784668,30.55329704284668,4462600
XLV,2012-08-06,38.619998931884766,38.630001068115234,38.459999084472656,38.5,30.561250686645508,3532300
XLV,2012-08-07,38.43000030517578,38.529998779296875,38.369998931884766,38.40999984741211,30.489805221557617,4235700
XLV,2012-08-08,38.4900016784668,38.61000061035156,38.380001068115234,38.54999923706055,30.60093879699707,3203500
XLV,2012-08-09,38.52000045776367,38.65999984741211,38.45000076293945,38.529998779296875,30.585067749023438,3110300
XLV,2012-08-10,38.5099983215332,38.720001220703125,38.439998626708984,38.689998626708984,30.71207618713379,3949100
XLV,2012-08-13,38.560001373291016,38.630001068115234,38.40999984741211,38.59000015258789,30.6326961517334,2251000
XLV,2012-08-14,38.7599983215332,38.77000045776367,38.61000061035156,38.689998626708984,30.71207618713379,2448700
XLV,2012-08-15,38.70000076293945,38.880001068115234,38.630001068115234,38.779998779296875,30.783510208129883,2294600
XLV,2012-08-16,38.779998779296875,38.779998779296875,38.540000915527344,38.68000030517578,30.704139709472656,4592800
XLV,2012-08-17,38.720001220703125,38.720001220703125,38.36000061035156,38.47999954223633,30.545372009277344,6007800
XLV,2012-08-20,38.47999954223633,38.61000061035156,38.43000030517578,38.560001373291016,30.60887336730957,4566500
XLV,2012-08-21,38.56999969482422,38.75,38.41999816894531,38.43000030517578,30.50568389892578,5663500
XLV,2012-08-22,38.38999938964844,38.540000915527344,38.349998474121094,38.459999084472656,30.529495239257812,2509800
XLV,2012-08-23,38.43000030517578,38.5099983215332,38.33000183105469,38.40999984741211,30.489805221557617,2565300
XLV,2012-08-24,38.45000076293945,38.84000015258789,38.40999984741211,38.7400016784668,30.75177001953125,5991200
XLV,2012-08-27,38.77000045776367,38.939998626708984,38.650001525878906,38.779998779296875,30.783510208129883,3611000
XLV,2012-08-28,38.650001525878906,38.849998474121094,38.599998474121094,38.720001220703125,30.73589324951172,3558900
XLV,2012-08-29,38.70000076293945,38.9900016784668,38.689998626708984,38.849998474121094,30.839078903198242,2849200
XLV,2012-08-30,38.65999984741211,38.810001373291016,38.54999923706055,38.720001220703125,30.73589324951172,3808000
XLV,2012-08-31,38.86000061035156,39.04999923706055,38.66999816894531,38.84000015258789,30.831146240234375,4666300
XLV,2012-09-04,38.79999923706055,39.02000045776367,38.619998931884766,38.91999816894531,30.894651412963867,6334400
XLV,2012-09-05,38.9900016784668,39.08000183105469,38.81999969482422,38.93000030517578,30.902591705322266,2779800
XLV,2012-09-06,39.099998474121094,39.560001373291016,39.099998474121094,39.54999923706055,31.39474105834961,5035600
XLV,2012-09-07,39.630001068115234,39.650001525878906,39.41999816894531,39.529998779296875,31.378864288330078,3980900
XLV,2012-09-10,39.540000915527344,39.56999969482422,39.38999938964844,39.38999938964844,31.267728805541992,2781300
XLV,2012-09-11,39.400001525878906,39.52000045776367,39.369998931884766,39.40999984741211,31.283605575561523,2392000
XLV,2012-09-12,39.41999816894531,39.540000915527344,39.36000061035156,39.43000030517578,31.299488067626953,2864200
XLV,2012-09-13,39.439998626708984,39.90999984741211,39.290000915527344,39.83000183105469,31.616992950439453,6849400
XLV,2012-09-14,39.83000183105469,39.88999938964844,39.54999923706055,39.66999816894531,31.489992141723633,11318700
XLV,2012-09-17,39.56999969482422,39.900001525878906,39.56999969482422,39.900001525878906,31.672574996948242,2602500
XLV,2012-09-18,39.84000015258789,40.08000183105469,39.810001373291016,40.029998779296875,31.775766372680664,3210600
XLV,2012-09-19,40.029998779296875,40.209999084472656,39.9900016784668,40.06999969482422,31.807504653930664,4891100
XLV,2012-09-20,40.040000915527344,40.2400016784668,39.93000030517578,40.2400016784668,31.942474365234375,4835600
XLV,2012-09-21,40.13999938964844,40.31999969482422,40.08000183105469,40.189998626708984,32.06132507324219,8167400
XLV,2012-09-24,40.13999938964844,40.380001068115234,40.09000015258789,40.29999923706055,32.14907455444336,6990000
XLV,2012-09-25,40.41999816894531,40.68000030517578,40.2599983215332,40.27000045776367,32.125152587890625,4965300
XLV,2012-09-26,40.36000061035156,40.45000076293945,40.040000915527344,40.060001373291016,31.957626342773438,6669000
XLV,2012-09-27,40.119998931884766,40.400001525878906,40.09000015258789,40.290000915527344,32.14109802246094,3146100
XLV,2012-09-28,40.220001220703125,40.22999954223633,39.95000076293945,40.119998931884766,32.0054817199707,4719600
XLV,2012-10-01,40.2400016784668,40.61000061035156,40.220001220703125,40.36000061035156,32.19695281982422,5344500
XLV,2012-10-02,40.5,40.650001525878906,40.34000015258789,40.540000915527344,32.34053421020508,6266600
XLV,2012-10-03,40.59000015258789,40.90999984741211,40.54999923706055,40.880001068115234,32.611759185791016,5786000
XLV,2012-10-04,40.939998626708984,41.27000045776367,40.90999984741211,41.130001068115234,32.811195373535156,6372200
XLV,2012-10-05,41.27000045776367,41.34000015258789,41.06999969482422,41.16999816894531,32.84310531616211,4033500
XLV,2012-10-08,41.150001525878906,41.189998626708984,40.939998626708984,41.13999938964844,32.81917953491211,3126100
XLV,2012-10-09,40.91999816894531,40.9900016784668,40.61000061035156,40.63999938964844,32.420310974121094,6128200
XLV,2012-10-10,40.65999984741211,40.65999984741211,40.209999084472656,40.34000015258789,32.18098449707031,6180400
XLV,2012-10-11,40.52000045776367,40.63999938964844,40.36000061035156,40.369998931884766,32.204925537109375,3791900
XLV,2012-10-12,40.540000915527344,40.630001068115234,40.290000915527344,40.310001373291016,32.15705871582031,3508400
XLV,2012-10-15,40.40999984741211,40.91999816894531,40.400001525878906,40.88999938964844,32.619747161865234,12298100
XLV,2012-10-16,41.02000045776367,41.33000183105469,41.0099983215332,41.33000183105469,32.97075653076172,5658200
XLV,2012-10-17,41.400001525878906,41.400001525878906,41.16999816894531,41.33000183105469,32.97075653076172,5398000
XLV,2012-10-18,41.08000183105469,41.36000061035156,41.0099983215332,41.34000015258789,32.97874069213867,4289300
XLV,2012-10-19,41.2400016784668,41.33000183105469,40.529998779296875,40.599998474121094,32.38840103149414,6218500
XLV,2012-10-22,40.599998474121094,40.68000030517578,40.38999938964844,40.630001068115234,32.412349700927734,4485800
XLV,2012-10-23,40.31999969482422,40.31999969482422,39.849998474121094,40.09000015258789,31.981544494628906,5915600
XLV,2012-10-24,40.33000183105469,40.380001068115234,40.11000061035156,40.15999984741211,32.03739547729492,5884400
XLV,2012-10-25,40.40999984741211,40.58000183105469,40.290000915527344,40.47999954223633,32.292659759521484,4746300
XLV,2012-10-26,40.43000030517578,40.52000045776367,40.13999938964844,40.31999969482422,32.165035247802734,3641200
XLV,2012-10-31,40.52000045776367,40.58000183105469,39.849998474121094,40.029998779296875,31.933683395385742,8629900
XLV,2012-11-01,39.9900016784668,40.47999954223633,39.9900016784668,40.36000061035156,32.19695281982422,4900600
XLV,2012-11-02,40.41999816894531,40.54999923706055,40.09000015258789,40.13999938964844,32.02143096923828,7033000
XLV,2012-11-05,40.09000015258789,40.25,39.900001525878906,40.15999984741211,32.03739547729492,4693900
XLV,2012-11-06,40.130001068115234,40.45000076293945,39.95000076293945,40.20000076293945,32.06931686401367,7549200
XLV,2012-11-07,39.959999084472656,39.970001220703125,39.15999984741211,39.529998779296875,31.534809112548828,11973000
XLV,2012-11-08,39.5099983215332,39.54999923706055,39.04999923706055,39.060001373291016,31.15985870361328,8889000
XLV,2012-11-09,38.97999954223633,39.43000030517578,38.900001525878906,39.16999816894531,31.247617721557617,7340700
XLV,2012-11-12,39.459999084472656,39.540000915527344,39.290000915527344,39.369998931884766,31.40717124938965,3573800
XLV,2012-11-13,39.209999084472656,39.650001525878906,39.189998626708984,39.220001220703125,31.28752326965332,5221700
XLV,2012-11-14,39.25,39.380001068115234,38.650001525878906,38.75,30.912578582763672,6858800
XLV,2012-11-15,38.720001220703125,38.79999923706055,38.47999954223633,38.63999938964844,30.8248348236084,8624600
XLV,2012-11-16,38.65999984741211,39.040000915527344,38.58000183105469,38.93000030517578,31.056161880493164,9847100
XLV,2012-11-19,39.29999923706055,39.36000061035156,39.16999816894531,39.34000015258789,31.38323974609375,7423800
XLV,2012-11-20,39.33000183105469,39.56999969482422,39.2400016784668,39.560001373291016,31.558761596679688,4895700
XLV,2012-11-21,39.459999084472656,39.66999816894531,39.459999084472656,39.529998779296875,31.534809112548828,5205700
XLV,2012-11-23,39.7599983215332,40.029998779296875,39.650001525878906,40.02000045776367,31.92571258544922,2853400
XLV,2012-11-26,39.83000183105469,39.86000061035156,39.63999938964844,39.84000015258789,31.782115936279297,4703900
XLV,2012-11-27,39.66999816894531,39.88999938964844,39.58000183105469,39.599998474121094,31.59065818786621,5396700
XLV,2012-11-28,39.47999954223633,39.939998626708984,39.290000915527344,39.90999984741211,31.837955474853516,7531100
XLV,2012-11-29,40.15999984741211,40.27000045776367,40.0099983215332,40.189998626708984,32.06132507324219,8403400
XLV,2012-11-30,40.22999954223633,40.31999969482422,40.06999969482422,40.2400016784668,32.10121154785156,4229000
XLV,2012-12-03,40.34000015258789,40.5,40.09000015258789,40.150001525878906,32.0294189453125,9937000
XLV,2012-12-04,40.150001525878906,40.369998931884766,40.13999938964844,40.2400016784668,32.10121154785156,4080400
XLV,2012-12-05,40.31999969482422,40.540000915527344,40.08000183105469,40.369998931884766,32.204925537109375,6294400
XLV,2012-12-06,40.349998474121094,40.439998626708984,40.2599983215332,40.349998474121094,32.18896484375,2943900
XLV,2012-12-07,40.5,40.5099983215332,40.15999984741211,40.47999954223633,32.292659759521484,4619000
XLV,2012-12-10,40.380001068115234,40.720001220703125,40.31999969482422,40.650001525878906,32.428279876708984,5240900
XLV,2012-12-11,40.84000015258789,41.18000030517578,40.709999084472656,41.08000183105469,32.77132034301758,3891200
XLV,2012-12-12,41.150001525878906,41.29999923706055,40.95000076293945,41.02000045776367,32.723445892333984,6757600
XLV,2012-12-13,40.97999954223633,41.04999923706055,40.59000015258789,40.66999816894531,32.44422912597656,5929200
XLV,2012-12-14,40.54999923706055,40.68000030517578,40.459999084472656,40.5099983215332,32.31661605834961,5246300
XLV,2012-12-17,40.63999938964844,40.84000015258789,40.540000915527344,40.83000183105469,32.57188415527344,5549100
XLV,2012-12-18,40.97999954223633,41.209999084472656,40.7400016784668,41.150001525878906,32.8271598815918,8472500
XLV,2012-12-19,41.16999816894531,41.16999816894531,40.68000030517578,40.709999084472656,32.476158142089844,6996900
XLV,2012-12-20,40.63999938964844,40.779998779296875,40.560001373291016,40.77000045776367,32.52402114868164,4718700
XLV,2012-12-21,40.189998626708984,40.369998931884766,40.060001373291016,40.209999084472656,32.25050735473633,5572500
XLV,2012-12-24,40.04999923706055,40.18000030517578,39.970001220703125,40.04999923706055,32.122169494628906,3332700
XLV,2012-12-26,40.099998474121094,40.119998931884766,39.7599983215332,39.90999984741211,32.0098991394043,4404200
XLV,2012-12-27,39.95000076293945,40.04999923706055,39.4900016784668,39.849998474121094,31.9617919921875,5483700
XLV,2012-12-28,39.720001220703125,39.84000015258789,39.43000030517578,39.459999084472656,31.64897918701172,5801000
XLV,2012-12-31,39.38999938964844,39.95000076293945,39.2400016784668,39.880001068115234,31.985830307006836,11873100
XLV,2013-01-02,40.68000030517578,40.70000076293945,40.380001068115234,40.66999816894531,32.61945343017578,9533500
XLV,2013-01-03,40.70000076293945,40.72999954223633,40.5099983215332,40.720001220703125,32.65956497192383,5279600
XLV,2013-01-04,40.849998474121094,40.97999954223633,40.79999923706055,40.900001525878906,32.803932189941406,4645900
XLV,2013-01-07,40.81999969482422,41.08000183105469,40.779998779296875,41.029998779296875,32.90819549560547,4133100
XLV,2013-01-08,41.02000045776367,41.20000076293945,41.0099983215332,41.040000915527344,32.91621780395508,5787300
XLV,2013-01-09,41.15999984741211,41.4900016784668,41.13999938964844,41.4900016784668,33.27714157104492,5665200
XLV,2013-01-10,41.650001525878906,41.83000183105469,41.45000076293945,41.779998779296875,33.50971603393555,5518800
XLV,2013-01-11,41.81999969482422,41.880001068115234,41.650001525878906,41.77000045776367,33.50171661376953,3854100
XLV,2013-01-14,41.75,41.880001068115234,41.63999938964844,41.810001373291016,33.53379821777344,4643600
XLV,2013-01-15,41.650001525878906,41.79999923706055,41.619998931884766,41.7599983215332,33.49369430541992,5747600
XLV,2013-01-16,41.720001220703125,41.79999923706055,41.61000061035156,41.66999816894531,33.4215087890625,3812000
XLV,2013-01-17,41.900001525878906,42.15999984741211,41.790000915527344,42.040000915527344,33.718257904052734,4360900
XLV,2013-01-18,42.060001373291016,42.189998626708984,41.90999984741211,42.18000030517578,33.8305549621582,6024400
XLV,2013-01-22,42.11000061035156,42.310001373291016,41.970001220703125,42.29999923706055,33.92679977416992,7608900
XLV,2013-01-23,42.349998474121094,42.43000030517578,42.13999938964844,42.25,33.8867073059082,5544800
XLV,2013-01-24,42.439998626708984,42.65999984741211,42.349998474121094,42.52000045776367,34.10325622558594,8999800
XLV,2013-01-25,42.560001373291016,42.869998931884766,42.5099983215332,42.849998474121094,34.367923736572266,4046200
XLV,2013-01-28,42.91999816894531,42.959999084472656,42.68000030517578,42.70000076293945,34.24763107299805,5686600
XLV,2013-01-29,42.75,43.22999954223633,42.72999954223633,43.15999984741211,34.6165657043457,7230200
XLV,2013-01-30,43.20000076293945,43.290000915527344,42.97999954223633,43.029998779296875,34.512306213378906,5346400
XLV,2013-01-31,42.95000076293945,43.060001373291016,42.88999938964844,42.90999984741211,34.416053771972656,6007300
XLV,2013-02-01,43.09000015258789,43.33000183105469,42.95000076293945,43.25,34.688751220703125,5623600
XLV,2013-02-04,43.04999923706055,43.08000183105469,42.7400016784668,42.77000045776367,34.30377960205078,7593400
XLV,2013-02-05,42.97999954223633,43.31999969482422,42.97999954223633,43.2400016784668,34.68074417114258,8056200
XLV,2013-02-06,43.290000915527344,43.31999969482422,43.099998474121094,43.22999954223633,34.67271423339844,3968900
XLV,2013-02-07,43.27000045776367,43.279998779296875,42.84000015258789,43.06999969482422,34.54438781738281,6529300
XLV,2013-02-08,43.18000030517578,43.38999938964844,43.09000015258789,43.38999938964844,34.80104064941406,4192600
XLV,2013-02-11,43.38999938964844,43.38999938964844,43.209999084472656,43.29999923706055,34.72886276245117,2447900
XLV,2013-02-12,43.2599983215332,43.380001068115234,43.220001220703125,43.25,34.688751220703125,5133300
XLV,2013-02-13,43.310001373291016,43.33000183105469,43.09000015258789,43.220001220703125,34.66468811035156,4843300
XLV,2013-02-14,43.16999816894531,43.38999938964844,43.09000015258789,43.310001373291016,34.736873626708984,5172500
XLV,2013-02-15,43.33000183105469,43.45000076293945,43.2400016784668,43.40999984741211,34.81708526611328,8230000
XLV,2013-02-19,43.29999923706055,43.689998626708984,43.29999923706055,43.68000030517578,35.03363037109375,7245100
XLV,2013-02-20,43.650001525878906,43.7400016784668,43.380001068115234,43.400001525878906,34.80906677246094,6739600
XLV,2013-02-21,43.31999969482422,43.33000183105469,43.040000915527344,43.20000076293945,34.648658752441406,7447200
XLV,2013-02-22,43.34000015258789,43.43000030517578,43.16999816894531,43.38999938964844,34.80104064941406,6168100
XLV,2013-02-25,43.61000061035156,43.72999954223633,42.880001068115234,42.90999984741211,34.416053771972656,6078700
XLV,2013-02-26,43.09000015258789,43.130001068115234,42.709999084472656,43.02000045776367,34.5042839050293,6548800
XLV,2013-02-27,43.06999969482422,43.630001068115234,42.880001068115234,43.4900016784668,34.88123321533203,6849900
XLV,2013-02-28,43.5,43.790000915527344,43.43000030517578,43.45000076293945,34.849159240722656,4358800
XLV,2013-03-01,43.36000061035156,43.790000915527344,43.220001220703125,43.779998779296875,35.11383819580078,7491500
XLV,2013-03-04,43.70000076293945,44.029998779296875,43.61000061035156,44.02000045776367,35.30632400512695,4903500
XLV,2013-03-05,44.18000030517578,44.47999954223633,44.13999938964844,44.400001525878906,35.611114501953125,6582600
XLV,2013-03-06,44.529998779296875,44.599998474121094,44.400001525878906,44.4900016784668,35.683311462402344,5068400
XLV,2013-03-07,44.59000015258789,44.65999984741211,44.40999984741211,44.459999084472656,35.65924835205078,4437200
XLV,2013-03-08,44.61000061035156,44.66999816894531,44.34000015258789,44.540000915527344,35.7234001159668,4029300
XLV,2013-03-11,44.56999969482422,44.77000045776367,44.43000030517578,44.77000045776367,35.90785598754883,6748700
XLV,2013-03-12,44.83000183105469,45.0,44.81999969482422,44.970001220703125,36.06828308105469,4612400
XLV,2013-03-13,44.959999084472656,45.02000045776367,44.779998779296875,44.97999954223633,36.07630157470703,4098300
XLV,2013-03-14,45.060001373291016,45.099998474121094,44.880001068115234,45.02000045776367,36.10839080810547,3777700
XLV,2013-03-15,44.709999084472656,44.84000015258789,44.560001373291016,44.72999954223633,36.03105545043945,5778400
XLV,2013-03-18,44.40999984741211,44.68000030517578,44.2599983215332,44.439998626708984,35.797462463378906,4042100
XLV,2013-03-19,44.5099983215332,44.61000061035156,44.220001220703125,44.470001220703125,35.82162094116211,7023300
XLV,2013-03-20,44.630001068115234,44.939998626708984,44.630001068115234,44.84000015258789,36.119659423828125,4387000
XLV,2013-03-21,44.7599983215332,44.84000015258789,44.5,44.59000015258789,35.91828536987305,4420000
XLV,2013-03-22,44.7400016784668,44.93000030517578,44.689998626708984,44.93000030517578,36.19215774536133,6881400
XLV,2013-03-25,45.040000915527344,45.099998474121094,44.599998474121094,44.79999923706055,36.08744812011719,6813400
XLV,2013-03-26,44.880001068115234,45.349998474121094,44.880001068115234,45.31999969482422,36.506317138671875,4855800
XLV,2013-03-27,45.209999084472656,45.58000183105469,45.06999969482422,45.54999923706055,36.69159698486328,5264700
XLV,2013-03-28,45.68000030517578,46.040000915527344,45.560001373291016,45.95000076293945,37.0137939453125,7415700
XLV,2013-04-01,45.97999954223633,46.11000061035156,45.83000183105469,46.06999969482422,37.11045455932617,6364600
XLV,2013-04-02,46.400001525878906,46.790000915527344,46.38999938964844,46.7400016784668,37.650150299072266,8849300
XLV,2013-04-03,46.81999969482422,46.869998931884766,46.369998931884766,46.459999084472656,37.42461013793945,8472800
XLV,2013-04-04,46.529998779296875,46.93000030517578,46.47999954223633,46.66999816894531,37.59375762939453,9794600
XLV,2013-04-05,46.27000045776367,46.41999816894531,46.13999938964844,46.40999984741211,37.384334564208984,9969300
XLV,2013-04-08,46.41999816894531,46.45000076293945,46.02000045776367,46.45000076293945,37.41655349731445,7700600
XLV,2013-04-09,46.59000015258789,46.81999969482422,46.47999954223633,46.599998474121094,37.53739547729492,5937500
XLV,2013-04-10,46.81999969482422,47.43000030517578,46.779998779296875,47.380001068115234,38.16568374633789,9062100
XLV,2013-04-11,47.5099983215332,48.0099983215332,47.5,47.84000015258789,38.53623580932617,7660400
XLV,2013-04-12,47.720001220703125,47.9900016784668,47.65999984741211,47.93000030517578,38.608734130859375,5624200
XLV,2013-04-15,47.90999984741211,48.0,47.02000045776367,47.060001373291016,37.90792465209961,10745300
XLV,2013-04-16,47.43000030517578,47.75,47.220001220703125,47.7400016784668,38.4556770324707,8771800
XLV,2013-04-17,47.45000076293945,47.65999984741211,47.13999938964844,47.52000045776367,38.278465270996094,16487600
XLV,2013-04-18,47.470001220703125,47.5099983215332,46.77000045776367,46.939998626708984,37.81126022338867,10353400
XLV,2013-04-19,47.0,47.63999938964844,47.0,47.599998474121094,38.34291458129883,12796700
XLV,2013-04-22,47.79999923706055,47.959999084472656,47.540000915527344,47.88999938964844,38.57651138305664,4716400
XLV,2013-04-23,48.040000915527344,48.380001068115234,47.68000030517578,48.189998626708984,38.81816101074219,10824200
XLV,2013-04-24,48.119998931884766,48.130001068115234,47.31999969482422,47.36000061035156,38.14958190917969,12635900
XLV,2013-04-25,47.619998931884766,47.68000030517578,47.29999923706055,47.54999923706055,38.30262756347656,10833800
XLV,2013-04-26,47.38999938964844,47.650001525878906,47.27000045776367,47.540000915527344,38.29458236694336,6174900
XLV,2013-04-29,47.58000183105469,47.86000061035156,47.58000183105469,47.689998626708984,38.41539764404297,3950000
XLV,2013-04-30,47.560001373291016,47.560001373291016,47.09000015258789,47.33000183105469,38.12540054321289,8217900
XLV,2013-05-01,46.93000030517578,47.279998779296875,46.79999923706055,46.83000183105469,37.722660064697266,9250700
XLV,2013-05-02,47.189998626708984,47.45000076293945,47.08000183105469,47.349998474121094,38.14152526855469,9803300
XLV,2013-05-03,47.779998779296875,47.90999984741211,47.59000015258789,47.66999816894531,38.399295806884766,6232600
XLV,2013-05-06,47.68000030517578,47.709999084472656,47.349998474121094,47.36000061035156,38.14958190917969,10919000
XLV,2013-05-07,47.380001068115234,47.560001373291016,47.31999969482422,47.5099983215332,38.27041244506836,9847400
XLV,2013-05-08,47.470001220703125,47.790000915527344,47.470001220703125,47.650001525878906,38.383182525634766,20766200
XLV,2013-05-09,47.59000015258789,47.90999984741211,47.54999923706055,47.709999084472656,38.43151092529297,7140300
XLV,2013-05-10,47.77000045776367,48.22999954223633,47.709999084472656,48.18000030517578,38.810115814208984,6045100
XLV,2013-05-13,48.130001068115234,48.59000015258789,48.06999969482422,48.58000183105469,39.13233184814453,9155900
XLV,2013-05-14,48.599998474121094,49.11000061035156,48.599998474121094,49.06999969482422,39.52702331542969,6580500
XLV,2013-05-15,49.04999923706055,49.61000061035156,49.02000045776367,49.33000183105469,39.73646926879883,11796400
XLV,2013-05-16,49.22999954223633,49.310001373291016,48.779998779296875,48.81999969482422,39.325645446777344,7954100
XLV,2013-05-17,48.880001068115234,49.13999938964844,48.70000076293945,49.099998474121094,39.55120086669922,9246700
XLV,2013-05-20,49.130001068115234,49.16999816894531,48.720001220703125,48.7599983215332,39.27731704711914,8967600
XLV,2013-05-21,48.88999938964844,49.36000061035156,48.790000915527344,49.290000915527344,39.70423889160156,8319100
XLV,2013-05-22,49.560001373291016,50.400001525878906,49.060001373291016,49.290000915527344,39.70423889160156,20132000
XLV,2013-05-23,48.880001068115234,49.43000030517578,48.72999954223633,49.27000045776367,39.68812942504883,6668500
XLV,2013-05-24,49.08000183105469,49.20000076293945,48.7400016784668,49.119998931884766,39.56731033325195,5906800
XLV,2013-05-28,49.52000045776367,50.060001373291016,49.41999816894531,49.619998931884766,39.970069885253906,9923800
XLV,2013-05-29,49.349998474121094,49.349998474121094,48.58000183105469,48.84000015258789,39.34176254272461,15882100
XLV,2013-05-30,48.900001525878906,49.36000061035156,48.849998474121094,49.189998626708984,39.62368392944336,9719600
XLV,2013-05-31,48.970001220703125,49.20000076293945,48.099998474121094,48.11000061035156,38.75371170043945,13329700
XLV,2013-06-03,48.380001068115234,48.439998626708984,47.939998626708984,48.369998931884766,38.96316146850586,12698200
XLV,2013-06-04,48.369998931884766,48.58000183105469,47.79999923706055,48.06999969482422,38.72150802612305,13141400
XLV,2013-06-05,48.0,48.310001373291016,47.279998779296875,47.369998931884766,38.15763473510742,12852100
XLV,2013-06-06,47.36000061035156,48.060001373291016,47.15999984741211,48.060001373291016,38.71345138549805,16861800
XLV,2013-06-07,48.29999923706055,48.7599983215332,48.290000915527344,48.5,39.067874908447266,7663500
XLV,2013-06-10,48.720001220703125,48.77000045776367,48.40999984741211,48.56999969482422,39.124271392822266,5663700
XLV,2013-06-11,48.189998626708984,48.66999816894531,47.9900016784668,48.369998931884766,38.96316146850586,9941700
XLV,2013-06-12,48.59000015258789,48.810001373291016,47.880001068115234,47.880001068115234,38.56845474243164,8582800
XLV,2013-06-13,47.7599983215332,48.68000030517578,47.52000045776367,48.619998931884766,39.16453552246094,6904900
XLV,2013-06-14,48.4900016784668,48.84000015258789,48.439998626708984,48.540000915527344,39.100101470947266,7314000
XLV,2013-06-17,48.75,49.029998779296875,48.40999984741211,48.650001525878906,39.18871307373047,8437400
XLV,2013-06-18,48.630001068115234,49.099998474121094,48.630001068115234,49.060001373291016,39.51895523071289,7399700
XLV,2013-06-19,49.060001373291016,49.130001068115234,48.27000045776367,48.279998779296875,38.890663146972656,22305700
XLV,2013-06-20,48.0099983215332,48.0099983215332,46.900001525878906,47.040000915527344,37.89181137084961,28952100
XLV,2013-06-21,47.2400016784668,47.59000015258789,46.88999938964844,47.290000915527344,38.265655517578125,15980600
XLV,2013-06-24,46.880001068115234,47.290000915527344,46.45000076293945,46.88999938964844,37.941978454589844,19003300
XLV,2013-06-25,47.290000915527344,47.31999969482422,46.810001373291016,47.130001068115234,38.13618469238281,5688300
XLV,2013-06-26,47.439998626708984,47.9900016784668,47.400001525878906,47.810001373291016,38.68642044067383,7600000
XLV,2013-06-27,48.119998931884766,48.2599983215332,47.90999984741211,47.97999954223633,38.823974609375,5338200
XLV,2013-06-28,47.939998626708984,48.15999984741211,47.560001373291016,47.61000061035156,38.524600982666016,8770700
XLV,2013-07-01,47.75,48.2599983215332,47.18000030517578,47.7400016784668,38.62977981567383,25892000
XLV,2013-07-02,47.709999084472656,47.91999816894531,47.5,47.63999938964844,38.548851013183594,5127400
XLV,2013-07-03,47.459999084472656,47.72999954223633,47.22999954223633,47.56999969482422,38.49222183227539,3926100
XLV,2013-07-05,47.88999938964844,48.22999954223633,47.75,48.220001220703125,39.0181999206543,4384400
XLV,2013-07-08,48.470001220703125,48.630001068115234,48.36000061035156,48.4900016784668,39.236663818359375,6630200
XLV,2013-07-09,48.68000030517578,48.75,48.41999816894531,48.630001068115234,39.34994888305664,5581000
XLV,2013-07-10,48.56999969482422,49.11000061035156,48.56999969482422,48.95000076293945,39.60886764526367,5040000
XLV,2013-07-11,49.45000076293945,49.63999938964844,49.349998474121094,49.58000183105469,40.11865234375,7471900
XLV,2013-07-12,49.59000015258789,49.88999938964844,49.459999084472656,49.880001068115234,40.36138916015625,5578200
XLV,2013-07-15,50.0,50.0,49.709999084472656,49.93000030517578,40.40185546875,4266200
XLV,2013-07-16,49.97999954223633,50.04999923706055,49.52000045776367,49.63999938964844,40.167213439941406,7064100
XLV,2013-07-17,49.77000045776367,50.02000045776367,49.70000076293945,49.77000045776367,40.27238082885742,4668600
XLV,2013-07-18,49.880001068115234,50.09000015258789,49.849998474121094,49.90999984741211,40.38568115234375,6544700
XLV,2013-07-19,49.81999969482422,50.599998474121094,49.720001220703125,50.56999969482422,40.919742584228516,6559600
XLV,2013-07-22,50.54999923706055,50.91999816894531,50.47999954223633,50.81999969482422,41.12202835083008,6172800
XLV,2013-07-23,50.900001525878906,50.91999816894531,50.540000915527344,50.63999938964844,40.97637176513672,5310900
XLV,2013-07-24,50.790000915527344,50.86000061035156,50.40999984741211,50.560001373291016,40.911624908447266,3790100
XLV,2013-07-25,50.540000915527344,50.81999969482422,50.20000076293945,50.810001373291016,41.113922119140625,3869100
XLV,2013-07-26,50.720001220703125,51.150001525878906,50.459999084472656,51.13999938964844,41.38095474243164,4832700
XLV,2013-07-29,51.08000183105469,51.209999084472656,50.84000015258789,50.9900016784668,41.25959014892578,6497400
XLV,2013-07-30,51.380001068115234,51.47999954223633,50.79999923706055,51.0,41.26768493652344,5698800
XLV,2013-07-31,51.099998474121094,51.439998626708984,50.97999954223633,51.02000045776367,41.28384780883789,6477200
XLV,2013-08-01,51.34000015258789,51.5,51.20000076293945,51.34000015258789,41.542781829833984,8762400
XLV,2013-08-02,51.13999938964844,51.36000061035156,51.130001068115234,51.36000061035156,41.5589714050293,3817700
XLV,2013-08-05,51.31999969482422,51.459999084472656,51.189998626708984,51.290000915527344,41.5023307800293,3479800
XLV,2013-08-06,51.209999084472656,51.369998931884766,50.869998931884766,51.04999923706055,41.30812454223633,4280200
XLV,2013-08-07,50.95000076293945,51.18000030517578,50.75,51.09000015258789,41.34049987792969,3955200
XLV,2013-08-08,51.27000045776367,51.33000183105469,50.90999984741211,51.09000015258789,41.34049987792969,3629500
XLV,2013-08-09,50.959999084472656,51.22999954223633,50.72999954223633,50.90999984741211,41.19483947753906,3902400
XLV,2013-08-12,50.869998931884766,50.869998931884766,50.54999923706055,50.70000076293945,41.02491760253906,3841800
XLV,2013-08-13,50.900001525878906,51.0099983215332,50.439998626708984,50.88999938964844,41.17865753173828,4430100
XLV,2013-08-14,50.7400016784668,51.02000045776367,50.459999084472656,50.4900016784668,40.85498046875,5878500
XLV,2013-08-15,50.029998779296875,50.18000030517578,49.630001068115234,49.63999938964844,40.167213439941406,6461300
XLV,2013-08-16,49.52000045776367,49.619998931884766,49.34000015258789,49.40999984741211,39.98107147216797,10277800
XLV,2013-08-19,49.380001068115234,49.75,49.27000045776367,49.5,40.053916931152344,8096300
XLV,2013-08-20,49.529998779296875,49.84000015258789,49.47999954223633,49.63999938964844,40.167213439941406,5029400
XLV,2013-08-21,49.54999923706055,49.79999923706055,49.22999954223633,49.34000015258789,39.924442291259766,6178400
XLV,2013-08-22,49.52000045776367,49.7400016784668,49.40999984741211,49.65999984741211,40.18339157104492,2768500
XLV,2013-08-23,49.66999816894531,49.849998474121094,49.47999954223633,49.790000915527344,40.2885856628418,2366700
XLV,2013-08-26,49.880001068115234,50.16999816894531,49.790000915527344,49.86000061035156,40.34521484375,3936700
XLV,2013-08-27,49.45000076293945,49.5099983215332,48.95000076293945,49.04999923706055,39.689781188964844,6653400
XLV,2013-08-28,49.060001373291016,49.439998626708984,48.81999969482422,49.2599983215332,39.859718322753906,6008600
XLV,2013-08-29,49.16999816894531,49.72999954223633,49.0099983215332,49.40999984741211,39.98107147216797,4042600
XLV,2013-08-30,49.47999954223633,49.47999954223633,49.06999969482422,49.220001220703125,39.827362060546875,4127300
XLV,2013-09-03,49.720001220703125,49.869998931884766,49.310001373291016,49.540000915527344,40.086280822753906,6062900
XLV,2013-09-04,49.5,50.15999984741211,49.5,50.11000061035156,40.547515869140625,4049700
XLV,2013-09-05,50.209999084472656,50.2400016784668,50.0,50.18000030517578,40.60415267944336,4288000
XLV,2013-09-06,50.31999969482422,50.5,49.599998474121094,50.20000076293945,40.62034225463867,5636300
XLV,2013-09-09,50.290000915527344,50.52000045776367,50.13999938964844,50.5099983215332,40.87117385864258,4286700
XLV,2013-09-10,50.7400016784668,50.880001068115234,50.560001373291016,50.83000183105469,41.13011932373047,6500100
XLV,2013-09-11,50.95000076293945,51.209999084472656,50.810001373291016,51.16999816894531,41.40523910522461,6753900
XLV,2013-09-12,51.099998474121094,51.29999923706055,51.04999923706055,51.09000015258789,41.34049987792969,3098400
XLV,2013-09-13,51.189998626708984,51.279998779296875,51.029998779296875,51.209999084472656,41.43759536743164,3668600
XLV,2013-09-16,51.65999984741211,51.84000015258789,51.52000045776367,51.66999816894531,41.80980682373047,6845800
XLV,2013-09-17,51.709999084472656,51.709999084472656,51.4900016784668,51.70000076293945,41.834102630615234,3654000
XLV,2013-09-18,51.70000076293945,52.119998931884766,51.369998931884766,52.02000045776367,42.0930290222168,6868600
XLV,2013-09-19,52.189998626708984,52.189998626708984,51.75,51.849998474121094,41.95546340942383,6104100
XLV,2013-09-20,51.790000915527344,51.880001068115234,51.52000045776367,51.540000915527344,41.876651763916016,8986300
XLV,2013-09-23,51.47999954223633,51.47999954223633,51.0,51.18000030517578,41.58415222167969,4773800
XLV,2013-09-24,51.220001220703125,51.2400016784668,50.900001525878906,50.91999816894531,41.372886657714844,5956800
XLV,2013-09-25,51.0,51.02000045776367,50.52000045776367,50.52000045776367,41.04788589477539,5207500
XLV,2013-09-26,50.5,50.880001068115234,50.5,50.70000076293945,41.194156646728516,4319300
XLV,2013-09-27,50.41999816894531,50.790000915527344,50.369998931884766,50.70000076293945,41.194156646728516,3937100
XLV,2013-09-30,50.34000015258789,50.7400016784668,50.27000045776367,50.59000015258789,41.10476303100586,8585300
XLV,2013-10-01,50.630001068115234,51.2599983215332,50.560001373291016,51.22999954223633,41.6247673034668,11685100
XLV,2013-10-02,50.88999938964844,51.130001068115234,50.779998779296875,51.11000061035156,41.527278900146484,6404800
XLV,2013-10-03,51.04999923706055,51.06999969482422,50.45000076293945,50.65999984741211,41.161651611328125,7228300
XLV,2013-10-04,50.7400016784668,51.2599983215332,50.630001068115234,51.220001220703125,41.61664962768555,4503400
XLV,2013-10-07,50.869998931884766,50.97999954223633,50.650001525878906,50.650001525878906,41.15352249145508,3971800
XLV,2013-10-08,50.7599983215332,50.95000076293945,49.88999938964844,49.91999816894531,40.56039047241211,7360000
XLV,2013-10-09,50.02000045776367,50.130001068115234,49.58000183105469,49.83000183105469,40.48726272583008,11388100
XLV,2013-10-10,50.2599983215332,51.02000045776367,50.2599983215332,50.9900016784668,41.42977523803711,7330100
XLV,2013-10-11,50.95000076293945,51.29999923706055,50.939998626708984,51.22999954223633,41.6247673034668,4694600
XLV,2013-10-14,50.97999954223633,51.599998474121094,50.849998474121094,51.599998474121094,41.925418853759766,8858200
XLV,2013-10-15,51.540000915527344,51.70000076293945,51.2400016784668,51.27000045776367,41.65726852416992,8043100
XLV,2013-10-16,51.52000045776367,52.34000015258789,51.52000045776367,52.31999969482422,42.51041030883789,7239000
XLV,2013-10-17,52.040000915527344,52.810001373291016,52.040000915527344,52.7599983215332,42.86790466308594,6823400
XLV,2013-10-18,52.81999969482422,52.849998474121094,52.279998779296875,52.54999923706055,42.697288513183594,7646000
XLV,2013-10-21,52.599998474121094,52.61000061035156,52.13999938964844,52.279998779296875,42.4779167175293,4103300
XLV,2013-10-22,52.43000030517578,52.88999938964844,52.369998931884766,52.77000045776367,42.876041412353516,5053300
XLV,2013-10-23,52.63999938964844,52.79999923706055,52.41999816894531,52.66999816894531,42.79479217529297,5140800
XLV,2013-10-24,52.869998931884766,52.970001220703125,52.630001068115234,52.66999816894531,42.79479217529297,3725600
XLV,2013-10-25,52.7400016784668,52.7599983215332,52.470001220703125,52.7400016784668,42.85167694091797,3855900
XLV,2013-10-28,52.75,53.029998779296875,52.65999984741211,52.91999816894531,42.99790954589844,8983400
XLV,2013-10-29,53.08000183105469,53.279998779296875,52.91999816894531,53.27000045776367,43.28229904174805,7262900
XLV,2013-10-30,53.459999084472656,53.5,52.81999969482422,52.97999954223633,43.04667663574219,8240300
XLV,2013-10-31,52.970001220703125,53.18000030517578,52.70000076293945,52.77000045776367,42.876041412353516,5904000
XLV,2013-11-01,52.88999938964844,53.18000030517578,52.7400016784668,53.119998931884766,43.16041564941406,10779200
XLV,2013-11-04,53.16999816894531,53.31999969482422,52.9900016784668,53.15999984741211,43.19291687011719,3156100
XLV,2013-11-05,53.0,53.099998474121094,52.7400016784668,52.97999954223633,43.04667663574219,4248100
XLV,2013-11-06,53.18000030517578,53.29999923706055,52.79999923706055,52.86000061035156,42.94915771484375,4731100
XLV,2013-11-07,53.06999969482422,53.220001220703125,52.36000061035156,52.38999938964844,42.56727981567383,6050900
XLV,2013-11-08,52.38999938964844,53.20000076293945,52.38999938964844,53.15999984741211,43.19291687011719,6663800
XLV,2013-11-11,53.099998474121094,53.380001068115234,53.099998474121094,53.290000915527344,43.298545837402344,5095700
XLV,2013-11-12,53.20000076293945,53.29999923706055,53.02000045776367,53.2599983215332,43.274166107177734,3064100
XLV,2013-11-13,53.040000915527344,53.560001373291016,52.90999984741211,53.560001373291016,43.51791763305664,5214800
XLV,2013-11-14,53.70000076293945,54.06999969482422,53.68000030517578,54.0099983215332,43.88355255126953,6201800
XLV,2013-11-15,54.029998779296875,54.31999969482422,53.91999816894531,54.31999969482422,44.13542556762695,4004400
XLV,2013-11-18,54.369998931884766,54.52000045776367,53.959999084472656,54.08000183105469,43.94042205810547,3796600
XLV,2013-11-19,53.91999816894531,54.220001220703125,53.779998779296875,54.13999938964844,43.98917770385742,4515100
XLV,2013-11-20,54.189998626708984,54.54999923706055,54.08000183105469,54.29999923706055,44.11916732788086,4744000
XLV,2013-11-21,54.47999954223633,54.689998626708984,54.380001068115234,54.52000045776367,44.29791259765625,4590300
XLV,2013-11-22,54.790000915527344,55.25,54.72999954223633,55.25,44.89105987548828,5924700
XLV,2013-11-25,55.540000915527344,55.709999084472656,55.380001068115234,55.470001220703125,45.06982421875,5270100
XLV,2013-11-26,55.47999954223633,55.619998931884766,55.27000045776367,55.310001373291016,44.93981170654297,5035300
XLV,2013-11-27,55.38999938964844,55.56999969482422,55.18000030517578,55.290000915527344,44.923561096191406,4449500
XLV,2013-11-29,55.400001525878906,55.470001220703125,55.13999938964844,55.2599983215332,44.89917755126953,2837700
XLV,2013-12-02,55.2400016784668,55.40999984741211,55.099998474121094,55.279998779296875,44.91543197631836,4724400
XLV,2013-12-03,55.18000030517578,55.18000030517578,54.68000030517578,54.79999923706055,44.525421142578125,4402300
XLV,2013-12-04,54.56999969482422,54.97999954223633,54.16999816894531,54.61000061035156,44.371055603027344,3474900
XLV,2013-12-05,54.540000915527344,54.810001373291016,54.380001068115234,54.5099983215332,44.2898063659668,3612800
XLV,2013-12-06,54.970001220703125,55.2400016784668,54.81999969482422,55.220001220703125,44.86669158935547,4846500
XLV,2013-12-09,55.43000030517578,55.4900016784668,55.2599983215332,55.33000183105469,44.956058502197266,3896200
XLV,2013-12-10,55.310001373291016,55.310001373291016,54.869998931884766,55.11000061035156,44.777313232421875,3545500
XLV,2013-12-11,55.119998931884766,55.119998931884766,54.09000015258789,54.15999984741211,44.005428314208984,9989200
XLV,2013-12-12,54.13999938964844,54.189998626708984,53.75,53.77000045776367,43.688541412353516,5645400
XLV,2013-12-13,53.93000030517578,54.040000915527344,53.58000183105469,53.810001373291016,43.72106170654297,4319500
XLV,2013-12-16,54.0099983215332,54.380001068115234,53.810001373291016,53.90999984741211,43.80229949951172,6211600
XLV,2013-12-17,53.93000030517578,54.02000045776367,53.400001525878906,53.650001525878906,43.59104919433594,5132600
XLV,2013-12-18,53.79999923706055,55.0,53.5,54.97999954223633,44.67168045043945,10210000
XLV,2013-12-19,54.849998474121094,54.900001525878906,54.54999923706055,54.86000061035156,44.57418441772461,6691000
XLV,2013-12-20,54.790000915527344,55.06999969482422,54.689998626708984,54.90999984741211,44.79854965209961,6813200
XLV,2013-12-23,55.20000076293945,55.209999084472656,54.970001220703125,55.119998931884766,44.969871520996094,3849400
XLV,2013-12-24,55.130001068115234,55.150001525878906,54.939998626708984,55.02000045776367,44.88828659057617,3291900
XLV,2013-12-26,55.040000915527344,55.43000030517578,55.040000915527344,55.43000030517578,45.2227783203125,2592600
XLV,2013-12-27,55.59000015258789,55.59000015258789,55.279998779296875,55.380001068115234,45.18198776245117,2668100
XLV,2013-12-30,55.380001068115234,55.470001220703125,55.099998474121094,55.470001220703125,45.255428314208984,2374200
XLV,2013-12-31,55.52000045776367,55.560001373291016,55.22999954223633,55.439998626708984,45.230934143066406,6008000
XLV,2014-01-02,55.310001373291016,55.41999816894531,55.0,55.130001068115234,44.97802734375,8771800
XLV,2014-01-03,55.220001220703125,55.5,55.150001525878906,55.2599983215332,45.08408737182617,3642500
XLV,2014-01-06,55.43000030517578,55.61000061035156,54.95000076293945,55.029998779296875,44.89643859863281,9123500
XLV,2014-01-07,55.279998779296875,55.790000915527344,55.279998779296875,55.61000061035156,45.36962890625,5714000
XLV,2014-01-08,55.70000076293945,56.18000030517578,55.54999923706055,56.099998474121094,45.7693977355957,7793300
XLV,2014-01-09,56.18000030517578,56.560001373291016,56.04999923706055,56.52000045776367,46.112064361572266,6204700
XLV,2014-01-10,56.65999984741211,56.75,56.209999084472656,56.7400016784668,46.29154968261719,7734300
XLV,2014-01-13,56.86000061035156,57.06999969482422,56.15999984741211,56.279998779296875,45.9162483215332,12815600
XLV,2014-01-14,56.369998931884766,57.08000183105469,56.310001373291016,56.9900016784668,46.49551010131836,6943500
XLV,2014-01-15,57.11000061035156,57.11000061035156,56.790000915527344,56.939998626708984,46.45472717285156,10054100
XLV,2014-01-16,56.91999816894531,57.18000030517578,56.849998474121094,57.08000183105469,46.568939208984375,5489900
XLV,2014-01-17,57.08000183105469,57.2400016784668,56.86000061035156,57.02000045776367,46.51998519897461,6907500
XLV,2014-01-21,57.310001373291016,57.45000076293945,56.90999984741211,57.349998474121094,46.78921890258789,5697400
XLV,2014-01-22,57.38999938964844,57.5,57.209999084472656,57.400001525878906,46.830020904541016,5391300
XLV,2014-01-23,57.16999816894531,57.349998474121094,56.630001068115234,57.0,46.503662109375,7052900
XLV,2014-01-24,56.65999984741211,56.77000045776367,55.65999984741211,55.65999984741211,45.41042709350586,13101900
XLV,2014-01-27,55.63999938964844,55.7599983215332,55.029998779296875,55.209999084472656,45.043304443359375,13825900
XLV,2014-01-28,55.560001373291016,56.18000030517578,55.529998779296875,55.95000076293945,45.647029876708984,8806300
XLV,2014-01-29,55.56999969482422,56.0,55.25,55.439998626708984,45.230934143066406,12281200
XLV,2014-01-30,55.9900016784668,56.58000183105469,55.959999084472656,56.45000076293945,46.05494689941406,10714100
XLV,2014-01-31,55.869998931884766,56.290000915527344,55.689998626708984,55.959999084472656,45.65517807006836,10821300
XLV,2014-02-03,56.099998474121094,56.2599983215332,54.7599983215332,54.86000061035156,44.75775146484375,15808800
XLV,2014-02-04,55.16999816894531,55.470001220703125,55.0,55.400001525878906,45.19831085205078,10080000
XLV,2014-02-05,55.369998931884766,55.470001220703125,54.650001525878906,55.09000015258789,44.94539260864258,16384200
XLV,2014-02-06,55.220001220703125,55.470001220703125,55.13999938964844,55.400001525878906,45.19831085205078,7842200
XLV,2014-02-07,55.47999954223633,56.369998931884766,55.33000183105469,56.349998474121094,45.97336196899414,11497100
XLV,2014-02-10,56.459999084472656,56.84000015258789,56.2400016784668,56.81999969482422,46.35680389404297,7902800
XLV,2014-02-11,56.86000061035156,57.63999938964844,56.72999954223633,57.59000015258789,46.98502731323242,10380300
XLV,2014-02-12,57.77000045776367,57.90999984741211,57.41999816894531,57.59000015258789,46.98502731323242,6535800
XLV,2014-02-13,57.279998779296875,58.029998779296875,57.18000030517578,58.0,47.31953048706055,8256400
XLV,2014-02-14,57.95000076293945,58.29999923706055,57.83000183105469,58.209999084472656,47.49085235595703,8379800
XLV,2014-02-18,58.470001220703125,58.869998931884766,58.349998474121094,58.75,47.931419372558594,10874200
XLV,2014-02-19,58.72999954223633,58.939998626708984,58.310001373291016,58.38999938964844,47.637699127197266,10732700
XLV,2014-02-20,58.470001220703125,59.0099983215332,58.27000045776367,58.91999816894531,48.07010269165039,9852300
XLV,2014-02-21,58.97999954223633,59.220001220703125,58.7400016784668,58.810001373291016,47.98037338256836,5196300
XLV,2014-02-24,59.0099983215332,59.59000015258789,58.91999816894531,59.25,48.33934783935547,6464300
XLV,2014-02-25,59.15999984741211,59.43000030517578,58.93000030517578,59.099998474121094,48.21696090698242,6858600
XLV,2014-02-26,59.27000045776367,59.470001220703125,58.959999084472656,59.099998474121094,48.21696090698242,7449000
XLV,2014-02-27,59.099998474121094,59.439998626708984,58.939998626708984,59.439998626708984,48.494346618652344,5980100
XLV,2014-02-28,59.4900016784668,60.0099983215332,58.93000030517578,59.439998626708984,48.494346618652344,10341200
XLV,2014-03-03,58.65999984741211,59.2400016784668,58.61000061035156,59.0,48.13538360595703,8919900
XLV,2014-03-04,59.540000915527344,60.20000076293945,59.540000915527344,60.119998931884766,49.04914474487305,9658900
XLV,2014-03-05,60.209999084472656,60.2400016784668,59.880001068115234,59.970001220703125,48.9267578125,10740200
XLV,2014-03-06,60.290000915527344,60.5,59.470001220703125,59.599998474121094,48.62488555908203,14206800
XLV,2014-03-07,59.91999816894531,60.0,59.06999969482422,59.45000076293945,48.502506256103516,12630300
XLV,2014-03-10,59.45000076293945,59.72999954223633,59.150001525878906,59.70000076293945,48.706478118896484,7775900
XLV,2014-03-11,59.70000076293945,60.0,59.45000076293945,59.58000183105469,48.60858154296875,6031700
XLV,2014-03-12,59.290000915527344,59.63999938964844,59.11000061035156,59.56999969482422,48.60042953491211,8822700
XLV,2014-03-13,59.7599983215332,59.790000915527344,58.63999938964844,58.7599983215332,47.93958282470703,12551400
XLV,2014-03-14,58.66999816894531,58.900001525878906,58.40999984741211,58.439998626708984,47.678504943847656,8006100
XLV,2014-03-17,58.79999923706055,59.2599983215332,58.70000076293945,59.0099983215332,48.14352798461914,6430200
XLV,2014-03-18,59.130001068115234,59.7599983215332,59.06999969482422,59.63999938964844,48.65753173828125,6147200
XLV,2014-03-19,59.709999084472656,60.040000915527344,59.08000183105469,59.459999084472656,48.510684967041016,8404800
XLV,2014-03-20,59.459999084472656,59.529998779296875,59.13999938964844,59.459999084472656,48.510684967041016,4895400
XLV,2014-03-21,59.5099983215332,59.720001220703125,58.06999969482422,58.18000030517578,47.630584716796875,19504500
XLV,2014-03-24,58.380001068115234,58.45000076293945,57.11000061035156,57.529998779296875,47.09846115112305,20490000
XLV,2014-03-25,57.720001220703125,58.43000030517578,57.439998626708984,58.040000915527344,47.51598358154297,14646400
XLV,2014-03-26,58.310001373291016,58.7599983215332,58.0099983215332,58.060001373291016,47.5323371887207,13638300
XLV,2014-03-27,58.09000015258789,58.2400016784668,57.43000030517578,57.93000030517578,47.425933837890625,12961000
XLV,2014-03-28,58.11000061035156,58.650001525878906,57.52000045776367,57.709999084472656,47.24582290649414,13128800
XLV,2014-03-31,58.189998626708984,58.540000915527344,58.0,58.4900016784668,47.884395599365234,9508100
XLV,2014-04-01,58.65999984741211,59.130001068115234,58.459999084472656,58.86000061035156,48.18730163574219,10114900
XLV,2014-04-02,59.0,59.15999984741211,58.810001373291016,59.119998931884766,48.40015411376953,8999300
XLV,2014-04-03,59.22999954223633,59.27000045776367,58.599998474121094,58.9900016784668,48.293724060058594,9609100
XLV,2014-04-04,59.310001373291016,59.4900016784668,57.97999954223633,58.0099983215332,47.49142074584961,20115400
XLV,2014-04-07,57.709999084472656,58.36000061035156,57.15999984741211,57.43000030517578,47.01658248901367,15263300
XLV,2014-04-08,57.47999954223633,57.5099983215332,56.61000061035156,56.959999084472656,46.631813049316406,15165000
XLV,2014-04-09,57.09000015258789,58.189998626708984,57.04999923706055,58.18000030517578,47.630584716796875,14438600
XLV,2014-04-10,58.15999984741211,58.25,56.11000061035156,56.2400016784668,46.0423583984375,17622500
XLV,2014-04-11,55.9900016784668,56.689998626708984,55.560001373291016,55.709999084472656,45.60847091674805,14710100
XLV,2014-04-14,56.09000015258789,56.34000015258789,55.38999938964844,56.02000045776367,45.86226272583008,11085300
XLV,2014-04-15,56.2400016784668,56.7400016784668,55.41999816894531,56.619998931884766,46.35346221923828,17424500
XLV,2014-04-16,57.11000061035156,57.209999084472656,56.540000915527344,56.900001525878906,46.58268737792969,29585700
XLV,2014-04-17,56.91999816894531,57.18000030517578,56.59000015258789,56.88999938964844,46.57450485229492,8656900
XLV,2014-04-21,57.0,57.59000015258789,56.88999938964844,57.56999969482422,47.1312141418457,5545000
XLV,2014-04-22,57.97999954223633,58.5099983215332,57.900001525878906,58.20000076293945,47.64696502685547,8980300
XLV,2014-04-23,58.29999923706055,58.33000183105469,57.709999084472656,57.90999984741211,47.40956497192383,8668900
XLV,2014-04-24,58.209999084472656,58.209999084472656,57.279998779296875,57.81999969482422,47.335880279541016,8012600
XLV,2014-04-25,57.779998779296875,57.79999923706055,57.2400016784668,57.38999938964844,46.98384475708008,6368600
XLV,2014-04-28,57.869998931884766,58.130001068115234,56.97999954223633,57.72999954223633,47.26219940185547,9735200
XLV,2014-04-29,57.83000183105469,58.119998931884766,57.68000030517578,58.06999969482422,47.54052734375,8955800
XLV,2014-04-30,57.970001220703125,58.209999084472656,57.77000045776367,58.119998931884766,47.58148956298828,11115200
XLV,2014-05-01,58.15999984741211,58.56999969482422,57.790000915527344,58.25,47.68790054321289,6857500
XLV,2014-05-02,58.22999954223633,58.34000015258789,57.630001068115234,57.75,47.278564453125,6126300
XLV,2014-05-05,57.54999923706055,58.150001525878906,57.209999084472656,58.130001068115234,47.589664459228516,7218700
XLV,2014-05-06,58.06999969482422,58.06999969482422,57.59000015258789,57.619998931884766,47.17213439941406,6117700
XLV,2014-05-07,57.70000076293945,57.790000915527344,57.029998779296875,57.779998779296875,47.303123474121094,9058100
XLV,2014-05-08,57.810001373291016,58.119998931884766,57.310001373291016,57.470001220703125,47.04934310913086,7710000
XLV,2014-05-09,57.529998779296875,57.880001068115234,57.11000061035156,57.81999969482422,47.335880279541016,7298600
XLV,2014-05-12,58.04999923706055,58.45000076293945,57.95000076293945,58.40999984741211,47.81889343261719,5244500
XLV,2014-05-13,58.560001373291016,58.709999084472656,58.41999816894531,58.5,47.892578125,3230400
XLV,2014-05-14,58.470001220703125,58.720001220703125,58.29999923706055,58.540000915527344,47.925331115722656,3746700
XLV,2014-05-15,58.33000183105469,58.38999938964844,57.68000030517578,57.95000076293945,47.44231033325195,6469400
XLV,2014-05-16,58.02000045776367,58.20000076293945,57.709999084472656,58.150001525878906,47.60603713989258,8913400
XLV,2014-05-19,58.150001525878906,58.54999923706055,58.0,58.5099983215332,47.90076446533203,4386100
XLV,2014-05-20,58.5099983215332,58.54999923706055,57.970001220703125,58.13999938964844,47.597835540771484,4611800
XLV,2014-05-21,58.34000015258789,58.68000030517578,58.220001220703125,58.630001068115234,47.9990119934082,3921500
XLV,2014-05-22,58.650001525878906,59.16999816894531,58.459999084472656,58.97999954223633,48.28554916381836,3526100
XLV,2014-05-23,59.0,59.119998931884766,58.810001373291016,59.0099983215332,48.31009292602539,2796300
XLV,2014-05-27,59.33000183105469,59.380001068115234,59.0099983215332,59.33000183105469,48.572078704833984,3246500
XLV,2014-05-28,59.29999923706055,59.45000076293945,59.15999984741211,59.15999984741211,48.43289566040039,4401700
XLV,2014-05-29,59.310001373291016,59.630001068115234,59.310001373291016,59.630001068115234,48.81766891479492,2682200
XLV,2014-05-30,59.5099983215332,59.81999969482422,59.5,59.790000915527344,48.94866180419922,7778100
XLV,2014-06-02,59.7400016784668,59.939998626708984,59.41999816894531,59.869998931884766,49.01416015625,4880300
XLV,2014-06-03,59.72999954223633,60.02000045776367,59.61000061035156,59.97999954223633,49.10421371459961,3054500
XLV,2014-06-04,59.93000030517578,60.150001525878906,59.779998779296875,60.150001525878906,49.243385314941406,3599800
XLV,2014-06-05,60.220001220703125,60.40999984741211,59.790000915527344,60.220001220703125,49.30069351196289,3929800
XLV,2014-06-06,60.27000045776367,60.400001525878906,60.040000915527344,60.15999984741211,49.2515754699707,3950900
XLV,2014-06-09,60.11000061035156,60.15999984741211,59.72999954223633,59.849998474121094,48.9977912902832,5533400
XLV,2014-06-10,59.86000061035156,60.04999923706055,59.459999084472656,60.04999923706055,49.16152572631836,6921400
XLV,2014-06-11,59.79999923706055,60.06999969482422,59.77000045776367,59.97999954223633,49.10421371459961,5901200
XLV,2014-06-12,59.849998474121094,59.970001220703125,59.540000915527344,59.68000030517578,48.85861587524414,4305300
XLV,2014-06-13,59.72999954223633,59.779998779296875,59.470001220703125,59.630001068115234,48.81766891479492,2950700
XLV,2014-06-16,59.900001525878906,60.20000076293945,59.54999923706055,59.75,48.91592788696289,9021700
XLV,2014-06-17,59.77000045776367,59.869998931884766,59.540000915527344,59.720001220703125,48.891353607177734,3728200
XLV,2014-06-18,59.65999984741211,60.209999084472656,59.58000183105469,60.20000076293945,49.2843132019043,5374200
XLV,2014-06-19,60.16999816894531,60.400001525878906,60.130001068115234,60.400001525878906,49.44804763793945,4313800
XLV,2014-06-20,60.36000061035156,60.689998626708984,60.29999923706055,60.68000030517578,49.863861083984375,4426700
XLV,2014-06-23,60.720001220703125,60.77000045776367,60.400001525878906,60.45000076293945,49.67487335205078,3406700
XLV,2014-06-24,60.650001525878906,60.970001220703125,60.41999816894531,60.4900016784668,49.70772933959961,4868300
XLV,2014-06-25,60.459999084472656,61.189998626708984,60.41999816894531,61.150001525878906,50.250099182128906,20099100
XLV,2014-06-26,61.29999923706055,61.34000015258789,60.720001220703125,61.22999954223633,50.315826416015625,11236400
XLV,2014-06-27,61.04999923706055,61.220001220703125,60.86000061035156,61.06999969482422,50.18435287475586,4840900
XLV,2014-06-30,61.11000061035156,61.25,60.7599983215332,60.83000183105469,49.98713684082031,6434500
XLV,2014-07-01,61.06999969482422,61.720001220703125,61.0,61.599998474121094,50.619873046875,8145300
XLV,2014-07-02,61.58000183105469,62.06999969482422,61.4900016784668,62.06999969482422,51.006099700927734,4036600
XLV,2014-07-03,62.20000076293945,62.34000015258789,61.93000030517578,62.31999969482422,51.2115478515625,2468600
XLV,2014-07-07,62.06999969482422,62.33000183105469,61.79999923706055,61.849998474121094,50.825313568115234,3900300
XLV,2014-07-08,61.75,61.779998779296875,61.060001373291016,61.27000045776367,50.34871292114258,7145400
XLV,2014-07-09,61.439998626708984,61.59000015258789,61.11000061035156,61.529998779296875,50.562339782714844,5879900
XLV,2014-07-10,61.040000915527344,61.619998931884766,60.810001373291016,61.4900016784668,50.52946853637695,4726600
XLV,2014-07-11,61.58000183105469,61.68000030517578,61.2400016784668,61.619998931884766,50.63631820678711,3779600
XLV,2014-07-14,61.97999954223633,61.97999954223633,61.66999816894531,61.81999969482422,50.800662994384766,4078700
XLV,2014-07-15,61.86000061035156,61.900001525878906,61.150001525878906,61.290000915527344,50.3651237487793,5498900
XLV,2014-07-16,61.4900016784668,61.529998779296875,60.81999969482422,61.09000015258789,50.20078659057617,5279000
XLV,2014-07-17,60.849998474121094,61.36000061035156,60.349998474121094,60.41999816894531,49.65020751953125,7321900
XLV,2014-07-18,60.63999938964844,61.52000045776367,60.5,61.40999984741211,50.46376037597656,8938700
XLV,2014-07-21,61.22999954223633,61.2599983215332,60.95000076293945,61.15999984741211,50.2583122253418,3731900
XLV,2014-07-22,61.470001220703125,61.86000061035156,61.439998626708984,61.689998626708984,50.6938362121582,5640400
XLV,2014-07-23,62.150001525878906,62.279998779296875,61.900001525878906,62.189998626708984,51.10470199584961,7264400
XLV,2014-07-24,62.33000183105469,62.400001525878906,62.0,62.060001373291016,50.99788284301758,6107400
XLV,2014-07-25,61.93000030517578,61.95000076293945,61.52000045776367,61.83000183105469,50.80887222290039,4129300
XLV,2014-07-28,61.849998474121094,62.04999923706055,61.560001373291016,61.88999938964844,50.85818099975586,7004900
XLV,2014-07-29,62.08000183105469,62.16999816894531,61.81999969482422,61.939998626708984,50.899269104003906,5321800
XLV,2014-07-30,62.25,62.47999954223633,61.869998931884766,62.189998626708984,51.10470199584961,7752700
XLV,2014-07-31,61.630001068115234,61.7599983215332,60.90999984741211,60.90999984741211,50.05286407470703,8415200
XLV,2014-08-01,60.77000045776367,61.27000045776367,60.5,60.959999084472656,50.093963623046875,16923800
XLV,2014-08-04,61.09000015258789,61.34000015258789,60.66999816894531,61.220001220703125,50.30760192871094,9208900
XLV,2014-08-05,60.959999084472656,61.15999984741211,60.43000030517578,60.630001068115234,49.822776794433594,10309500
XLV,2014-08-06,60.369998931884766,60.849998474121094,60.150001525878906,60.599998474121094,49.798126220703125,9568000
XLV,2014-08-07,60.72999954223633,60.79999923706055,59.709999084472656,59.81999969482422,49.15717315673828,10947000
XLV,2014-08-08,59.900001525878906,60.56999969482422,59.70000076293945,60.529998779296875,49.7406005859375,5472600
XLV,2014-08-11,60.77000045776367,60.95000076293945,60.470001220703125,60.5,49.7159538269043,4700600
XLV,2014-08-12,60.439998626708984,60.599998474121094,60.279998779296875,60.45000076293945,49.67487335205078,2878500
XLV,2014-08-13,60.689998626708984,61.2400016784668,60.66999816894531,61.18000030517578,50.27473449707031,4751900
XLV,2014-08-14,61.290000915527344,61.900001525878906,61.099998474121094,61.900001525878906,50.86640548706055,4797400
XLV,2014-08-15,62.20000076293945,62.27000045776367,61.38999938964844,61.959999084472656,50.91569900512695,7777600
XLV,2014-08-18,62.27000045776367,62.529998779296875,62.189998626708984,62.439998626708984,51.310150146484375,7448800
XLV,2014-08-19,62.529998779296875,62.88999938964844,62.310001373291016,62.849998474121094,51.647064208984375,3874500
XLV,2014-08-20,62.72999954223633,62.95000076293945,62.560001373291016,62.84000015258789,51.63884735107422,4513800
XLV,2014-08-21,62.93000030517578,63.119998931884766,62.869998931884766,62.93000030517578,51.712799072265625,3125900
XLV,2014-08-22,63.029998779296875,63.16999816894531,62.84000015258789,62.9900016784668,51.762107849121094,3248900
XLV,2014-08-25,63.369998931884766,63.599998474121094,63.209999084472656,63.470001220703125,52.15656280517578,4863000
XLV,2014-08-26,63.560001373291016,63.7400016784668,63.43000030517578,63.70000076293945,52.34556198120117,3601300
XLV,2014-08-27,63.849998474121094,63.880001068115234,63.560001373291016,63.650001525878906,52.30446243286133,4151700
XLV,2014-08-28,63.470001220703125,63.77000045776367,63.400001525878906,63.630001068115234,52.28804016113281,3466000
XLV,2014-08-29,63.72999954223633,63.91999816894531,63.56999969482422,63.86000061035156,52.47703170776367,4139100
XLV,2014-09-02,63.9900016784668,64.05000305175781,63.65999984741211,63.83000183105469,52.45237350463867,5076800
XLV,2014-09-03,64.2300033569336,64.41000366210938,63.970001220703125,64.12000274658203,52.69070053100586,5421900
XLV,2014-09-04,64.26000213623047,64.41999816894531,63.66999816894531,63.79999923706055,52.427730560302734,6231400
XLV,2014-09-05,63.81999969482422,64.18000030517578,63.150001525878906,64.16999816894531,52.731773376464844,6349400
XLV,2014-09-08,64.05000305175781,64.30000305175781,63.93000030517578,64.18000030517578,52.73999786376953,7204800
XLV,2014-09-09,64.2699966430664,64.29000091552734,63.849998474121094,64.01000213623047,52.60029220581055,6667300
XLV,2014-09-10,64.0999984741211,64.54000091552734,63.970001220703125,64.45999908447266,52.97007751464844,7039600
XLV,2014-09-11,64.20999908447266,64.37000274658203,63.959999084472656,64.27999877929688,52.82216262817383,6360300
XLV,2014-09-12,64.25,64.27999877929688,63.630001068115234,63.810001373291016,52.43595886230469,7340200
XLV,2014-09-15,63.810001373291016,63.880001068115234,63.41999816894531,63.63999938964844,52.29624938964844,6082500
XLV,2014-09-16,63.54999923706055,64.55999755859375,63.470001220703125,64.51000213623047,53.01117706298828,6907900
XLV,2014-09-17,64.47000122070312,64.80999755859375,64.08999633789062,64.55999755859375,53.05226135253906,6704300
XLV,2014-09-18,64.7699966430664,65.06999969482422,64.6500015258789,65.04000091552734,53.44670867919922,5460700
XLV,2014-09-19,65.16000366210938,65.30999755859375,64.79000091552734,64.87999725341797,53.50524139404297,6833500
XLV,2014-09-22,64.73999786376953,64.80000305175781,64.27999877929688,64.52999877929688,53.21662139892578,4005700
XLV,2014-09-23,63.93000030517578,64.43000030517578,63.83000183105469,64.1500015258789,52.90325164794922,7833900
XLV,2014-09-24,64.30999755859375,65.2699966430664,64.29000091552734,65.2699966430664,53.82687759399414,8120900
XLV,2014-09-25,65.19000244140625,65.20999908447266,64.19999694824219,64.19999694824219,52.94447708129883,11661500
XLV,2014-09-26,64.5,64.5,63.849998474121094,64.4000015258789,53.10940933227539,6513000
XLV,2014-09-29,63.86000061035156,64.4800033569336,63.810001373291016,64.26000213623047,52.993961334228516,10284100
XLV,2014-09-30,64.38999938964844,64.51000213623047,63.86000061035156,63.90999984741211,52.7053337097168,7580800
XLV,2014-10-01,64.0999984741211,64.0999984741211,63.029998779296875,63.2400016784668,52.15277862548828,11141700
XLV,2014-10-02,63.2400016784668,63.38999938964844,62.56999969482422,63.11000061035156,52.04558181762695,7225200
XLV,2014-10-03,63.63999938964844,64.48999786376953,63.599998474121094,64.41000366210938,53.1176643371582,11383100
XLV,2014-10-06,64.69000244140625,64.91000366210938,63.849998474121094,64.11000061035156,52.87026596069336,8287500
XLV,2014-10-07,63.97999954223633,64.01000213623047,63.09000015258789,63.09000015258789,52.029075622558594,11281800
XLV,2014-10-08,63.220001220703125,64.75,63.060001373291016,64.69999694824219,53.356807708740234,11412300
XLV,2014-10-09,64.5999984741211,64.66999816894531,63.31999969482422,63.36000061035156,52.25173568725586,15686000
XLV,2014-10-10,63.290000915527344,64.05999755859375,62.970001220703125,62.970001220703125,51.930110931396484,15606800
XLV,2014-10-13,63.0,63.029998779296875,61.40999984741211,61.47999954223633,50.70134353637695,17937500
XLV,2014-10-14,61.849998474121094,62.060001373291016,60.599998474121094,61.02000045776367,50.32198715209961,19321000
XLV,2014-10-15,60.33000183105469,60.790000915527344,59.209999084472656,60.52000045776367,49.90966033935547,32120100
XLV,2014-10-16,59.70000076293945,60.91999816894531,59.45000076293945,60.209999084472656,49.65399169921875,30185000
XLV,2014-10-17,60.790000915527344,61.560001373291016,60.650001525878906,61.16999816894531,50.44569396972656,15704700
XLV,2014-10-20,60.970001220703125,61.959999084472656,60.970001220703125,61.90999984741211,51.05595397949219,9848900
XLV,2014-10-21,62.43000030517578,63.59000015258789,62.369998931884766,63.54999923706055,52.40842056274414,14961400
XLV,2014-10-22,63.56999969482422,63.72999954223633,63.04999923706055,63.22999954223633,52.1445198059082,13813800
XLV,2014-10-23,63.72999954223633,64.66000366210938,63.72999954223633,64.30999755859375,53.03519058227539,11165000
XLV,2014-10-24,64.48999786376953,65.23999786376953,64.3499984741211,65.20999908447266,53.77739715576172,9703500
XLV,2014-10-27,65.22000122070312,65.3499984741211,64.98999786376953,65.27999877929688,53.83511734008789,9110800
XLV,2014-10-28,65.80000305175781,65.80000305175781,65.18000030517578,65.76000213623047,54.2309684753418,8770600
XLV,2014-10-29,65.73999786376953,65.97000122070312,65.3499984741211,65.79000091552734,54.255706787109375,10162400
XLV,2014-10-30,65.69000244140625,67.04000091552734,65.62999725341797,67.0,55.253562927246094,11630600
XLV,2014-10-31,67.86000061035156,67.98999786376953,67.05000305175781,67.2699966430664,55.47624206542969,11388000
XLV,2014-11-03,67.37000274658203,67.45999908447266,66.87000274658203,67.3499984741211,55.5422248840332,8680700
XLV,2014-11-04,67.33000183105469,67.54000091552734,66.94999694824219,67.36000061035156,55.55046844482422,5716000
XLV,2014-11-05,67.97000122070312,67.98999786376953,67.12999725341797,67.29000091552734,55.49272155761719,6592100
XLV,2014-11-06,67.37999725341797,67.8499984741211,67.37999725341797,67.69999694824219,55.83084487915039,7962400
XLV,2014-11-07,67.69999694824219,67.76000213623047,66.81999969482422,67.02999877929688,55.2783203125,13895600
XLV,2014-11-10,67.18000030517578,67.73999786376953,66.91999816894531,67.70999908447266,55.839088439941406,5455300
XLV,2014-11-11,67.86000061035156,68.20999908447266,67.69000244140625,67.95999908447266,56.04525375366211,9777500
XLV,2014-11-12,67.69999694824219,67.97000122070312,67.58999633789062,67.86000061035156,55.96281051635742,3879900
XLV,2014-11-13,67.95999908447266,68.19999694824219,67.48999786376953,67.80999755859375,55.92156219482422,5216600
XLV,2014-11-14,67.79000091552734,67.79000091552734,66.9800033569336,67.25,55.459747314453125,6331800
XLV,2014-11-17,67.11000061035156,67.76000213623047,67.11000061035156,67.58000183105469,55.73188400268555,8587200
XLV,2014-11-18,67.62999725341797,68.72000122070312,67.56999969482422,68.66999816894531,56.63078689575195,8240100
XLV,2014-11-19,68.58999633789062,68.62999725341797,68.11000061035156,68.29000091552734,56.317413330078125,6253600
XLV,2014-11-20,67.98999786376953,68.2699966430664,67.77999877929688,68.0,56.078269958496094,9041600
XLV,2014-11-21,68.68000030517578,68.81999969482422,68.12999725341797,68.31999969482422,56.34214401245117,8098700
XLV,2014-11-24,68.58999633789062,68.68000030517578,68.44999694824219,68.66999816894531,56.63078689575195,5020100
XLV,2014-11-25,68.80999755859375,68.97000122070312,68.48999786376953,68.76000213623047,56.70503234863281,5510200
XLV,2014-11-26,68.98999786376953,69.20999908447266,68.72000122070312,69.18000030517578,57.0513916015625,5325900
XLV,2014-11-28,69.25,69.98999786376953,69.25,69.61000061035156,57.40598678588867,4395500
XLV,2014-12-01,69.36000061035156,69.94000244140625,69.2699966430664,69.44000244140625,57.265785217285156,8537400
XLV,2014-12-02,69.69000244140625,70.30999755859375,69.69000244140625,70.20999908447266,57.90080642700195,7444800
XLV,2014-12-03,70.37000274658203,70.43000030517578,70.05000305175781,70.31999969482422,57.99151611328125,6577000
XLV,2014-12-04,70.19999694824219,70.61000061035156,69.95999908447266,70.2300033569336,57.91727828979492,4235400
XLV,2014-12-05,70.27999877929688,70.8499984741211,70.20999908447266,70.79000091552734,58.37910461425781,8325100
XLV,2014-12-08,70.69999694824219,71.43000030517578,70.69999694824219,71.04000091552734,58.585262298583984,5942800
XLV,2014-12-09,70.22000122070312,70.80999755859375,69.80999755859375,70.73999786376953,58.33787155151367,9776300
XLV,2014-12-10,70.69000244140625,70.7300033569336,69.5999984741211,69.6500015258789,57.43898010253906,9011200
XLV,2014-12-11,69.91000366210938,70.66999816894531,69.69000244140625,69.8499984741211,57.60392761230469,7383300
XLV,2014-12-12,69.45999908447266,69.86000061035156,68.72000122070312,68.77999877929688,56.721527099609375,10438600
XLV,2014-12-15,69.19000244140625,69.20999908447266,67.91000366210938,68.1500015258789,56.201961517333984,17776200
XLV,2014-12-16,67.86000061035156,69.0199966430664,67.31999969482422,67.36000061035156,55.55046844482422,14735600
XLV,2014-12-17,67.44000244140625,68.79000091552734,67.30999755859375,68.62000274658203,56.589561462402344,17776200
XLV,2014-12-18,69.43000030517578,70.51000213623047,69.27999877929688,70.5,58.139949798583984,16048100
XLV,2014-12-19,70.5,70.93000030517578,70.0199966430664,70.41000366210938,58.28067398071289,17822000
XLV,2014-12-22,70.0,70.12000274658203,69.38999938964844,69.73999786376953,57.7260856628418,9896600
XLV,2014-12-23,69.9000015258789,69.94999694824219,67.77999877929688,68.13999938964844,56.4017219543457,22190400
XLV,2014-12-24,68.19000244140625,69.02999877929688,68.12999725341797,68.63999938964844,56.81557846069336,4519100
XLV,2014-12-26,68.91000366210938,69.31999969482422,68.87000274658203,69.12999725341797,57.2211799621582,4242800
XLV,2014-12-29,69.05999755859375,69.47000122070312,68.9800033569336,69.37000274658203,57.419837951660156,5225900
XLV,2014-12-30,69.26000213623047,69.41999816894531,68.98999786376953,69.06999969482422,57.17150115966797,4965100
XLV,2014-12-31,69.2699966430664,69.66000366210938,68.37000274658203,68.37999725341797,56.60035705566406,7863600
XLV,2015-01-02,68.70999908447266,69.3499984741211,68.3499984741211,68.62999725341797,56.807308197021484,7516800
XLV,2015-01-05,68.31999969482422,68.87999725341797,68.1500015258789,68.27999877929688,56.51759338378906,10784800
XLV,2015-01-06,68.51000213623047,69.08999633789062,67.62999725341797,68.05000305175781,56.327232360839844,13344500
XLV,2015-01-07,68.51000213623047,69.66999816894531,68.36000061035156,69.6500015258789,57.65159606933594,14146400
XLV,2015-01-08,70.33999633789062,70.91999816894531,70.22000122070312,70.83999633789062,58.636592864990234,22138400
XLV,2015-01-09,70.9000015258789,70.9800033569336,69.97000122070312,70.20999908447266,58.11513137817383,9724300
XLV,2015-01-12,70.75,71.0,70.05000305175781,70.23999786376953,58.13995361328125,11972100
XLV,2015-01-13,70.9000015258789,71.29000091552734,69.33999633789062,69.93000030517578,57.88336944580078,14219800
XLV,2015-01-14,69.26000213623047,70.0,69.06999969482422,69.81999969482422,57.79230499267578,12548000
XLV,2015-01-15,70.08000183105469,70.20999908447266,69.02999877929688,69.06999969482422,57.17150115966797,16382800
XLV,2015-01-16,68.95999908447266,70.5,68.94000244140625,70.37000274658203,58.247562408447266,13759300
XLV,2015-01-20,70.4800033569336,70.66000366210938,69.55000305175781,70.37000274658203,58.247562408447266,10387200
XLV,2015-01-21,70.30000305175781,70.77999877929688,69.94999694824219,70.51000213623047,58.36343765258789,8391000
XLV,2015-01-22,70.81999969482422,71.36000061035156,69.83999633789062,71.3499984741211,59.05874252319336,11497400
XLV,2015-01-23,71.25,71.31999969482422,70.91000366210938,70.94000244140625,58.71935272216797,6815600
XLV,2015-01-26,71.01000213623047,71.3499984741211,70.58000183105469,71.30999755859375,59.025630950927734,7871700
XLV,2015-01-27,70.66999816894531,71.30000305175781,70.5,70.80000305175781,58.60349655151367,10040100
XLV,2015-01-28,70.93000030517578,71.19000244140625,69.66999816894531,69.77999877929688,57.759178161621094,11005400
XLV,2015-01-29,69.77999877929688,70.43000030517578,69.22000122070312,70.37000274658203,58.247562408447266,12120000
XLV,2015-01-30,70.06999969482422,70.52999877929688,69.16999816894531,69.2699966430664,57.33705139160156,13886500
XLV,2015-02-02,69.4000015258789,69.69000244140625,68.44000244140625,69.66000366210938,57.65986633300781,18042300
XLV,2015-02-03,70.0,70.16000366210938,69.06999969482422,70.12999725341797,58.04890823364258,17432800
XLV,2015-02-04,69.29000091552734,69.62999725341797,68.87000274658203,69.25,57.320499420166016,15184800
XLV,2015-02-05,69.69000244140625,70.4800033569336,69.69000244140625,70.41999816894531,58.288936614990234,10801400
XLV,2015-02-06,70.41999816894531,70.70999908447266,69.58999633789062,69.77999877929688,57.759178161621094,11886100
XLV,2015-02-09,69.45999908447266,69.66000366210938,68.80000305175781,68.95999908447266,57.080440521240234,8139000
XLV,2015-02-10,69.5199966430664,70.19000244140625,69.36000061035156,70.12000274658203,58.04063034057617,8629000
XLV,2015-02-11,70.18000030517578,70.56999969482422,69.79000091552734,70.19000244140625,58.09857940673828,8088100
XLV,2015-02-12,70.5199966430664,70.63999938964844,69.8499984741211,70.44000244140625,58.30549621582031,10124100
XLV,2015-02-13,70.48999786376953,70.77999877929688,70.16999816894531,70.72000122070312,58.53728103637695,8592300
XLV,2015-02-17,70.79000091552734,71.26000213623047,70.72000122070312,71.2300033569336,58.95942306518555,8381700
XLV,2015-02-18,71.22000122070312,71.3499984741211,70.87000274658203,71.30999755859375,59.025630950927734,7780900
XLV,2015-02-19,71.2300033569336,71.55000305175781,71.11000061035156,71.43000030517578,59.124942779541016,5383600
XLV,2015-02-20,71.33000183105469,72.20999908447266,71.19999694824219,72.18000030517578,59.745750427246094,8213700
XLV,2015-02-23,72.29000091552734,72.73999786376953,72.16000366210938,72.51000213623047,60.01891326904297,8577500
XLV,2015-02-24,72.61000061035156,72.6500015258789,72.1500015258789,72.41999816894531,59.94440841674805,8052200
XLV,2015-02-25,72.36000061035156,72.61000061035156,72.0999984741211,72.38999938964844,59.91957473754883,9629700
XLV,2015-02-26,72.38999938964844,72.62000274658203,72.05000305175781,72.58999633789062,60.085140228271484,4424900
XLV,2015-02-27,72.55999755859375,72.6500015258789,72.19999694824219,72.23999786376953,59.795413970947266,6745300
XLV,2015-03-02,72.47000122070312,72.91000366210938,72.33999633789062,72.88999938964844,60.33344268798828,6769900
XLV,2015-03-03,72.8499984741211,72.86000061035156,71.87000274658203,72.2300033569336,59.787113189697266,10144000
XLV,2015-03-04,72.0199966430664,72.68000030517578,71.5999984741211,72.58000183105469,60.076873779296875,9153500
XLV,2015-03-05,72.66999816894531,73.16999816894531,72.58000183105469,72.83999633789062,60.29205322265625,6252100
XLV,2015-03-06,72.5,72.66000366210938,71.31999969482422,71.41000366210938,59.1083984375,12314900
XLV,2015-03-09,71.62999725341797,71.91999816894531,71.22000122070312,71.8499984741211,59.47261047363281,10306300
XLV,2015-03-10,71.22000122070312,71.54000091552734,71.0,71.05000305175781,58.810420989990234,12323900
XLV,2015-03-11,71.43000030517578,71.51000213623047,70.95999908447266,71.01000213623047,58.77731704711914,7525100
XLV,2015-03-12,71.33999633789062,71.94999694824219,71.2699966430664,71.94999694824219,59.555397033691406,7574200
XLV,2015-03-13,71.8499984741211,72.27999877929688,71.33000183105469,71.80999755859375,59.439483642578125,6480400
XLV,2015-03-16,72.43000030517578,73.41000366210938,72.16999816894531,73.4000015258789,60.7556037902832,13635100
XLV,2015-03-17,73.13999938964844,73.33999633789062,72.73999786376953,73.19000244140625,60.58177947998047,10142500
XLV,2015-03-18,73.02999877929688,74.44999694824219,72.75,74.13999938964844,61.36811828613281,12886900
XLV,2015-03-19,74.13999938964844,74.66999816894531,74.01000213623047,74.56999969482422,61.72403335571289,9403900
XLV,2015-03-20,75.4000015258789,76.01000213623047,74.4800033569336,74.9000015258789,62.17061233520508,9544300
XLV,2015-03-23,74.66999816894531,75.08999633789062,74.4000015258789,74.69000244140625,61.996299743652344,4667800
XLV,2015-03-24,74.77999877929688,74.9800033569336,74.02999877929688,74.04000091552734,61.456748962402344,8467700
XLV,2015-03-25,74.25,74.62000274658203,72.66999816894531,72.69000244140625,60.336204528808594,15039100
XLV,2015-03-26,72.27999877929688,73.12000274658203,71.91999816894531,72.5199966430664,60.195091247558594,18253800
XLV,2015-03-27,72.72000122070312,73.31999969482422,72.5999984741211,73.04000091552734,60.62671661376953,8841600
XLV,2015-03-30,73.62999725341797,73.88999938964844,73.54000091552734,73.77999877929688,61.240962982177734,8008200
XLV,2015-03-31,73.48999786376953,74.16999816894531,72.5,72.5,60.17849349975586,8442900
XLV,2015-04-01,72.52999877929688,72.80999755859375,71.30999755859375,71.7699966430664,59.57255935668945,21829300
XLV,2015-04-02,71.83999633789062,72.31999969482422,71.63999938964844,71.98999786376953,59.75516128540039,7560100
XLV,2015-04-06,71.58999633789062,72.48999786376953,71.5,72.0999984741211,59.84649658203125,5746200
XLV,2015-04-07,72.27999877929688,72.80999755859375,72.20999908447266,72.2699966430664,59.98757553100586,5599300
XLV,2015-04-08,72.43000030517578,73.19999694824219,72.33999633789062,72.87999725341797,60.493896484375,12577100
XLV,2015-04-09,72.9000015258789,73.55000305175781,72.80000305175781,73.43000030517578,60.9504280090332,8181400
XLV,2015-04-10,73.5,74.16000366210938,73.20999908447266,74.05999755859375,61.47334289550781,5084300
XLV,2015-04-13,74.11000061035156,74.44000244140625,73.62999725341797,73.66000366210938,61.14134979248047,6814800
XLV,2015-04-14,73.73999786376953,73.86000061035156,73.18000030517578,73.77999877929688,61.240962982177734,5878700
XLV,2015-04-15,74.19000244140625,74.33000183105469,73.83000183105469,73.97000122070312,61.398658752441406,6254600
XLV,2015-04-16,74.05000305175781,74.2300033569336,73.81999969482422,73.93000030517578,61.36545944213867,4439500
XLV,2015-04-17,73.45999908447266,73.6500015258789,72.81999969482422,73.29000091552734,60.8342170715332,12115400
XLV,2015-04-20,73.66000366210938,73.94000244140625,73.55000305175781,73.73999786376953,61.207759857177734,6659500
XLV,2015-04-21,74.11000061035156,74.44999694824219,74.08000183105469,74.2300033569336,61.61446762084961,6577200
XLV,2015-04-22,74.4000015258789,74.51000213623047,73.97000122070312,74.3499984741211,61.71406936645508,6078200
XLV,2015-04-23,74.23999786376953,74.81999969482422,73.88999938964844,74.62999725341797,61.946468353271484,10532500
XLV,2015-04-24,74.4800033569336,74.7300033569336,74.06999969482422,74.38999938964844,61.747276306152344,10397200
XLV,2015-04-27,74.56999969482422,74.63999938964844,72.94000244140625,73.04000091552734,60.62671661376953,17847700
XLV,2015-04-28,73.25,73.52999877929688,72.19999694824219,73.4000015258789,60.925514221191406,15798400
XLV,2015-04-29,72.88999938964844,73.41000366210938,72.25,72.7300033569336,60.3693962097168,13661300
XLV,2015-04-30,72.41999816894531,72.77999877929688,71.33000183105469,71.70999908447266,59.52275085449219,14554400
XLV,2015-05-01,72.19999694824219,72.72000122070312,72.19000244140625,72.68000030517578,60.3278923034668,11508300
XLV,2015-05-04,72.95999908447266,73.43000030517578,72.79000091552734,73.13999938964844,60.709712982177734,8561700
XLV,2015-05-05,72.98999786376953,73.0,72.1500015258789,72.22000122070312,59.94607162475586,11373800
XLV,2015-05-06,72.41000366210938,72.44999694824219,71.41999816894531,71.94000244140625,59.713653564453125,10152200
XLV,2015-05-07,71.83999633789062,72.52999877929688,71.7300033569336,72.27999877929688,59.99586486816406,9019700
XLV,2015-05-08,73.0199966430664,73.6500015258789,72.95999908447266,73.44999694824219,60.967044830322266,11222400
XLV,2015-05-11,73.70999908447266,73.83999633789062,73.41999816894531,73.48999786376953,61.000244140625,7980700
XLV,2015-05-12,72.95999908447266,73.31999969482422,72.68000030517578,73.0199966430664,60.61011505126953,7019800
XLV,2015-05-13,73.26000213623047,73.63999938964844,72.97000122070312,73.0999984741211,60.676513671875,6005800
XLV,2015-05-14,73.48999786376953,74.13999938964844,73.19000244140625,74.11000061035156,61.514862060546875,6894400
XLV,2015-05-15,74.23999786376953,74.3499984741211,74.02999877929688,74.26000213623047,61.63936233520508,3872300
XLV,2015-05-18,74.20999908447266,74.79000091552734,74.16999816894531,74.69999694824219,62.004581451416016,6792200
XLV,2015-05-19,74.80000305175781,75.23999786376953,74.61000061035156,75.05000305175781,62.29512405395508,5869200
XLV,2015-05-20,75.18000030517578,75.47000122070312,74.8499984741211,75.1500015258789,62.37810134887695,10577000
XLV,2015-05-21,75.12999725341797,75.23999786376953,74.87999725341797,75.16000366210938,62.386409759521484,4537900
XLV,2015-05-22,75.02999877929688,75.33999633789062,74.91999816894531,74.9800033569336,62.23699951171875,4612300
XLV,2015-05-26,74.75,74.83000183105469,74.06999969482422,74.22000122070312,61.60618591308594,9533800
XLV,2015-05-27,74.4800033569336,75.16000366210938,74.27999877929688,75.08000183105469,62.320011138916016,13043700
XLV,2015-05-28,75.06999969482422,75.33999633789062,74.7699966430664,75.12999725341797,62.36151123046875,5766400
XLV,2015-05-29,75.01000213623047,75.62000274658203,74.70999908447266,74.94000244140625,62.20381546020508,9839200
XLV,2015-06-01,75.37000274658203,75.52999877929688,74.73999786376953,75.23999786376953,62.45282745361328,7466700
XLV,2015-06-02,75.0,75.08999633789062,74.45999908447266,74.75,62.04608917236328,5722400
XLV,2015-06-03,75.0,75.06999969482422,74.68000030517578,74.88999938964844,62.16230392456055,5357600
XLV,2015-06-04,74.61000061035156,74.91000366210938,74.11000061035156,74.37000274658203,61.730690002441406,6479500
XLV,2015-06-05,74.2699966430664,74.38999938964844,73.73999786376953,74.33999633789062,61.705780029296875,7772200
XLV,2015-06-08,74.36000061035156,74.5199966430664,73.97000122070312,73.97000122070312,61.398658752441406,6736600
XLV,2015-06-09,74.20999908447266,74.20999908447266,73.66000366210938,73.94999694824219,61.38206100463867,8297500
XLV,2015-06-10,74.12000274658203,74.94999694824219,73.9800033569336,74.86000061035156,62.13739776611328,7728800
XLV,2015-06-11,75.44000244140625,75.48999786376953,74.97000122070312,75.37000274658203,62.56071472167969,4912000
XLV,2015-06-12,75.0,75.11000061035156,74.33999633789062,74.44000244140625,61.78876495361328,6330600
XLV,2015-06-15,73.97000122070312,74.68000030517578,73.58999633789062,74.52999877929688,61.86346435546875,7150200
XLV,2015-06-16,74.48999786376953,74.94000244140625,74.33000183105469,74.9000015258789,62.17061233520508,6041400
XLV,2015-06-17,74.98999786376953,75.16000366210938,74.5,74.97000122070312,62.22871780395508,5132100
XLV,2015-06-18,75.11000061035156,76.27999877929688,75.08000183105469,76.02999877929688,63.10859298706055,9511200
XLV,2015-06-19,75.83999633789062,76.01000213623047,75.66000366210938,75.70999908447266,63.059391021728516,10327400
XLV,2015-06-22,76.2699966430664,76.66000366210938,76.20999908447266,76.30000305175781,63.55082702636719,6635000
XLV,2015-06-23,76.41000366210938,76.6500015258789,76.18000030517578,76.44999694824219,63.6757698059082,4631600
XLV,2015-06-24,76.3499984741211,76.41999816894531,75.68000030517578,75.68000030517578,63.034420013427734,7294400
XLV,2015-06-25,75.91000366210938,76.45999908447266,75.70999908447266,76.0999984741211,63.384246826171875,9232500
XLV,2015-06-26,76.20999908447266,76.5,75.72000122070312,75.98999786376953,63.2926025390625,6147500
XLV,2015-06-29,75.33000183105469,75.72000122070312,74.08999633789062,74.12999725341797,61.74341583251953,13675900
XLV,2015-06-30,74.93000030517578,74.94999694824219,74.1500015258789,74.38999938964844,61.95998764038086,8722200
XLV,2015-07-01,75.16000366210938,75.26000213623047,74.75,75.19000244140625,62.62630844116211,7756500
XLV,2015-07-02,75.36000061035156,75.41000366210938,74.69000244140625,74.83999633789062,62.33477783203125,5678800
XLV,2015-07-06,74.13999938964844,75.27999877929688,74.13999938964844,74.80999755859375,62.309791564941406,9352600
XLV,2015-07-07,74.91000366210938,75.16999816894531,73.88999938964844,75.16999816894531,62.609642028808594,10653300
XLV,2015-07-08,74.56999969482422,74.80000305175781,73.86000061035156,73.87999725341797,61.53519058227539,13074900
XLV,2015-07-09,74.68000030517578,74.87000274658203,74.23999786376953,74.27999877929688,61.868350982666016,6654600
XLV,2015-07-10,75.20999908447266,75.37000274658203,74.77999877929688,75.27999877929688,62.701255798339844,8059500
XLV,2015-07-13,75.81999969482422,76.08000183105469,75.61000061035156,75.91999816894531,63.23434829711914,7815100
XLV,2015-07-14,75.95999908447266,76.77999877929688,75.79000091552734,76.68000030517578,63.86733627319336,5831800
XLV,2015-07-15,76.91999816894531,77.26000213623047,76.55999755859375,76.77999877929688,63.95062255859375,6994900
XLV,2015-07-16,77.05999755859375,77.25,76.83999633789062,77.13999938964844,64.25048065185547,5109200
XLV,2015-07-17,77.05000305175781,77.06999969482422,76.66000366210938,76.97000122070312,64.10890197753906,3877900
XLV,2015-07-20,77.06999969482422,77.4000015258789,76.98999786376953,77.22000122070312,64.31712341308594,3874800
XLV,2015-07-21,77.19000244140625,77.38999938964844,76.52999877929688,76.87999725341797,64.03392791748047,8140200
XLV,2015-07-22,76.66999816894531,77.12000274658203,76.55000305175781,77.05000305175781,64.17552185058594,5765400
XLV,2015-07-23,77.19000244140625,77.3499984741211,76.62999725341797,76.7699966430664,63.94227981567383,5677400
XLV,2015-07-24,76.0,76.05000305175781,74.70999908447266,74.8499984741211,62.34312057495117,13229700
XLV,2015-07-27,74.66999816894531,74.93000030517578,74.38999938964844,74.77999877929688,62.284812927246094,11037000
XLV,2015-07-28,75.19999694824219,76.1500015258789,74.81999969482422,76.12999725341797,63.40924072265625,11445100
XLV,2015-07-29,76.45999908447266,76.61000061035156,75.94000244140625,76.26000213623047,63.51753234863281,9367000
XLV,2015-07-30,76.19000244140625,76.33000183105469,75.55999755859375,76.1500015258789,63.4259033203125,5381100
XLV,2015-07-31,76.44000244140625,76.93000030517578,76.38999938964844,76.58999633789062,63.79237365722656,7910300
XLV,2015-08-03,76.66999816894531,76.9000015258789,76.01000213623047,76.52999877929688,63.74241256713867,8447800
XLV,2015-08-04,76.91000366210938,76.94999694824219,76.25,76.48999786376953,63.709075927734375,10778700
XLV,2015-08-05,76.95999908447266,77.26000213623047,76.83000183105469,77.12999725341797,64.24214172363281,5391200
XLV,2015-08-06,77.19999694824219,77.2699966430664,75.37999725341797,75.44999694824219,62.842864990234375,13360200
XLV,2015-08-07,75.43000030517578,75.56999969482422,74.52999877929688,75.31999969482422,62.73459243774414,10863600
XLV,2015-08-10,75.56999969482422,76.26000213623047,75.56999969482422,75.93000030517578,63.24266052246094,7951100
XLV,2015-08-11,75.41000366210938,75.69000244140625,74.91000366210938,75.29000091552734,62.709598541259766,7914900
XLV,2015-08-12,74.72000122070312,75.41999816894531,73.9000015258789,75.33999633789062,62.75125503540039,9665900
XLV,2015-08-13,75.4000015258789,75.68000030517578,74.98999786376953,75.16999816894531,62.609642028808594,6329300
XLV,2015-08-14,74.95999908447266,75.41999816894531,74.80000305175781,75.37999725341797,62.7845344543457,5504000
XLV,2015-08-17,75.12999725341797,76.16000366210938,74.83000183105469,76.13999938964844,63.41757583618164,5796000
XLV,2015-08-18,76.05999755859375,76.44000244140625,75.91000366210938,76.02999877929688,63.325984954833984,5465900
XLV,2015-08-19,75.62000274658203,76.23999786376953,75.18000030517578,75.72000122070312,63.06775665283203,10070300
XLV,2015-08-20,75.16000366210938,75.44999694824219,73.95999908447266,73.95999908447266,61.60182571411133,12992900
XLV,2015-08-21,73.22000122070312,73.8499984741211,71.69000244140625,71.69999694824219,59.71945571899414,24008300
XLV,2015-08-24,67.38999938964844,71.06999969482422,56.630001068115234,68.6500015258789,57.1790771484375,33675700
XLV,2015-08-25,70.80000305175781,71.33999633789062,67.86000061035156,67.95999908447266,56.604373931884766,17883700
XLV,2015-08-26,69.83999633789062,70.9000015258789,68.16999816894531,70.83000183105469,58.994834899902344,26115600
XLV,2015-08-27,71.75,72.30999755859375,70.69000244140625,72.20999908447266,60.14423751831055,18689700
XLV,2015-08-28,71.8499984741211,72.23999786376953,71.2300033569336,71.80000305175781,59.8027458190918,10045600
XLV,2015-08-31,71.4800033569336,72.0999984741211,70.30999755859375,70.48999786376953,58.711647033691406,15143100
XLV,2015-09-01,68.63999938964844,69.76000213623047,68.31999969482422,68.63999938964844,57.17076110839844,21723600
XLV,2015-09-02,69.77999877929688,70.05000305175781,68.91000366210938,70.05000305175781,58.345184326171875,12491700
XLV,2015-09-03,70.44999694824219,70.83999633789062,69.38999938964844,69.55000305175781,57.92870330810547,14080100
XLV,2015-09-04,68.48999786376953,69.2699966430664,68.18000030517578,68.68000030517578,57.204078674316406,16587900
XLV,2015-09-08,69.94000244140625,70.69999694824219,69.5199966430664,70.5999984741211,58.80327606201172,11697400
XLV,2015-09-09,71.41999816894531,71.47000122070312,69.33000183105469,69.51000213623047,57.89539337158203,12424000
XLV,2015-09-10,69.54000091552734,70.70999908447266,69.31999969482422,70.18000030517578,58.45341491699219,17313700
XLV,2015-09-11,69.88999938964844,70.66000366210938,69.69000244140625,70.62999725341797,58.8282356262207,7633000
XLV,2015-09-14,70.6500015258789,70.77999877929688,70.08999633789062,70.41000366210938,58.6450080871582,6232200
XLV,2015-09-15,70.76000213623047,71.58999633789062,70.5,71.41999816894531,59.48623275756836,8414600
XLV,2015-09-16,71.44999694824219,71.75,70.91000366210938,71.62000274658203,59.65282440185547,12003400
XLV,2015-09-17,71.55000305175781,73.26000213623047,71.55000305175781,72.2699966430664,60.194217681884766,19149000
XLV,2015-09-18,71.0199966430664,71.66999816894531,70.80999755859375,70.91000366210938,59.27553176879883,23716000
XLV,2015-09-21,71.4000015258789,71.56999969482422,69.5,69.97000122070312,58.48977279663086,23860100
XLV,2015-09-22,69.01000213623047,69.66000366210938,68.76000213623047,69.54000091552734,58.130332946777344,29234000
XLV,2015-09-23,69.5999984741211,70.12000274658203,69.11000061035156,69.47000122070312,58.07179260253906,9578700
XLV,2015-09-24,68.9000015258789,69.16999816894531,67.98999786376953,68.76000213623047,57.47830581665039,20064500
XLV,2015-09-25,69.30999755859375,69.5199966430664,66.3499984741211,66.87999725341797,55.906761169433594,30973700
XLV,2015-09-28,66.45999908447266,66.5999984741211,63.72999954223633,64.29000091552734,53.74169158935547,66470200
XLV,2015-09-29,64.45999908447266,65.9800033569336,64.08000183105469,64.87999725341797,54.234886169433594,31776000
XLV,2015-09-30,65.83999633789062,66.41999816894531,65.37999725341797,66.2300033569336,55.363399505615234,26565600
XLV,2015-10-01,66.38999938964844,66.94999694824219,65.75,66.9000015258789,55.923465728759766,19853100
XLV,2015-10-02,66.02999877929688,68.30000305175781,65.72000122070312,68.29000091552734,57.085411071777344,23741800
XLV,2015-10-05,68.87999725341797,69.0199966430664,67.80000305175781,68.47000122070312,57.23586654663086,18389800
XLV,2015-10-06,68.25,68.44999694824219,65.91000366210938,66.86000061035156,55.89003372192383,30431600
XLV,2015-10-07,67.3499984741211,68.26000213623047,66.52999877929688,67.93000030517578,56.78447341918945,27466100
XLV,2015-10-08,67.54000091552734,68.3499984741211,66.87000274658203,68.12999725341797,56.9516487121582,23182700
XLV,2015-10-09,68.23999786376953,68.7300033569336,67.94000244140625,68.44000244140625,57.21080017089844,13890000
XLV,2015-10-12,68.13999938964844,68.83999633789062,68.05000305175781,68.62000274658203,57.361263275146484,11074500
XLV,2015-10-13,68.30999755859375,69.19000244140625,67.69000244140625,67.76000213623047,56.642356872558594,17273300
XLV,2015-10-14,68.12000274658203,68.68000030517578,67.44000244140625,67.62999725341797,56.5337028503418,21786200
XLV,2015-10-15,67.26000213623047,69.13999938964844,67.19000244140625,69.13999938964844,57.79594421386719,22133300
XLV,2015-10-16,69.33000183105469,69.86000061035156,69.16000366210938,69.76000213623047,58.31421661376953,17657000
XLV,2015-10-19,69.52999877929688,70.19999694824219,69.1500015258789,70.01000213623047,58.523197174072266,15694700
XLV,2015-10-20,69.79000091552734,70.01000213623047,68.61000061035156,68.91000366210938,57.60367965698242,14802000
XLV,2015-10-21,69.30000305175781,69.56999969482422,67.16000366210938,68.29000091552734,57.085411071777344,36068300
XLV,2015-10-22,68.38999938964844,68.5,67.02999877929688,67.87999725341797,56.74266815185547,35524500
XLV,2015-10-23,68.58000183105469,69.69000244140625,68.30000305175781,69.33000183105469,57.954769134521484,26524200
XLV,2015-10-26,69.16000366210938,70.06999969482422,68.93000030517578,69.5999984741211,58.18046951293945,17831900
XLV,2015-10-27,69.79000091552734,70.87999725341797,69.77999877929688,70.87999725341797,59.25045394897461,25160900
XLV,2015-10-28,70.7699966430664,71.51000213623047,70.13999938964844,71.47000122070312,59.743648529052734,18158000
XLV,2015-10-29,71.87999725341797,73.0,71.48999786376953,71.79000091552734,60.01115036010742,22780700
XLV,2015-10-30,72.01000213623047,72.20999908447266,71.33999633789062,71.33999633789062,59.634979248046875,12427200
XLV,2015-11-02,71.75,72.91000366210938,71.33999633789062,72.86000061035156,60.90558624267578,18646600
XLV,2015-11-03,72.66999816894531,72.83000183105469,72.08999633789062,72.5999984741211,60.68822479248047,10428700
XLV,2015-11-04,72.86000061035156,72.87999725341797,71.83999633789062,72.27999877929688,60.42072677612305,11533000
XLV,2015-11-05,72.33000183105469,72.3499984741211,71.37000274658203,72.05000305175781,60.228485107421875,9172000
XLV,2015-11-06,71.61000061035156,71.81999969482422,70.91999816894531,71.75,59.97771453857422,12661100
XLV,2015-11-09,71.62000274658203,71.62000274658203,70.79000091552734,71.19999694824219,59.5179443359375,15625000
XLV,2015-11-10,71.22000122070312,71.83999633789062,71.08000183105469,71.68000030517578,59.91920471191406,9737400
XLV,2015-11-11,71.94999694824219,71.94999694824219,70.95999908447266,70.97000122070312,59.325706481933594,10580900
XLV,2015-11-12,70.77999877929688,70.88999938964844,69.73999786376953,69.73999786376953,58.29750061035156,10870800
XLV,2015-11-13,69.5999984741211,70.27999877929688,69.4800033569336,69.56999969482422,58.155391693115234,18196800
XLV,2015-11-16,69.41999816894531,70.44000244140625,69.41000366210938,70.44000244140625,58.88264465332031,12959800
XLV,2015-11-17,70.58000183105469,71.20999908447266,70.22000122070312,70.73999786376953,59.133419036865234,7882300
XLV,2015-11-18,70.77999877929688,72.19999694824219,70.77999877929688,72.12000274658203,60.2869987487793,12816300
XLV,2015-11-19,71.66000366210938,71.75,70.8499984741211,70.91000366210938,59.27553176879883,11128000
XLV,2015-11-20,71.27999877929688,71.87000274658203,71.27999877929688,71.5199966430664,59.78544616699219,9224500
XLV,2015-11-23,71.37999725341797,71.77999877929688,71.12999725341797,71.33999633789062,59.634979248046875,10362700
XLV,2015-11-24,70.9000015258789,71.62999725341797,70.86000061035156,71.55999755859375,59.818885803222656,7174700
XLV,2015-11-25,71.75,72.05000305175781,71.5999984741211,71.94999694824219,60.144901275634766,4594400
XLV,2015-11-27,72.13999938964844,72.22000122070312,71.9000015258789,72.08999633789062,60.261932373046875,2658000
XLV,2015-11-30,72.19999694824219,72.20999908447266,71.11000061035156,71.11000061035156,59.44269561767578,8846100
XLV,2015-12-01,71.4800033569336,72.37000274658203,71.31999969482422,72.30999755859375,60.445838928222656,10659200
XLV,2015-12-02,72.38999938964844,72.61000061035156,71.58999633789062,71.69999694824219,59.9359130859375,9875100
XLV,2015-12-03,71.76000213623047,71.8499984741211,69.81999969482422,70.12999725341797,58.62351608276367,13191400
XLV,2015-12-04,70.44000244140625,71.88999938964844,70.2699966430664,71.77999877929688,60.00278091430664,14929800
XLV,2015-12-07,71.62999725341797,72.0,71.01000213623047,71.37999725341797,59.66840362548828,8511000
XLV,2015-12-08,70.83999633789062,71.73999786376953,70.83999633789062,71.54000091552734,59.80216598510742,7483600
XLV,2015-12-09,71.20999908447266,71.9000015258789,70.54000091552734,70.81999969482422,59.20028305053711,17593600
XLV,2015-12-10,70.81999969482422,71.83999633789062,70.75,71.3499984741211,59.643333435058594,9778500
XLV,2015-12-11,70.58999633789062,70.87999725341797,70.20999908447266,70.30000305175781,58.7656135559082,15178300
XLV,2015-12-14,70.56999969482422,70.8499984741211,69.66999816894531,70.76000213623047,59.150150299072266,21091500
XLV,2015-12-15,71.52999877929688,72.0199966430664,71.30000305175781,71.68000030517578,59.91920471191406,14006300
XLV,2015-12-16,72.27999877929688,72.72000122070312,71.2699966430664,72.61000061035156,60.69660949707031,15273700
XLV,2015-12-17,72.80999755859375,72.80999755859375,71.7699966430664,71.83000183105469,60.04457473754883,11469100
XLV,2015-12-18,71.33999633789062,71.43000030517578,70.4800033569336,70.48999786376953,59.1740608215332,15159800
XLV,2015-12-21,70.91000366210938,71.12999725341797,70.55000305175781,71.12999725341797,59.7113151550293,6707200
XLV,2015-12-22,71.37999725341797,71.70999908447266,70.97000122070312,71.61000061035156,60.11428451538086,7495800
XLV,2015-12-23,72.05999755859375,72.54000091552734,71.98999786376953,72.37999725341797,60.76064682006836,8091000
XLV,2015-12-24,72.13999938964844,72.68000030517578,72.11000061035156,72.44999694824219,60.81940841674805,2568300
XLV,2015-12-28,72.23999786376953,72.30000305175781,71.91000366210938,72.11000061035156,60.53398895263672,6534700
XLV,2015-12-29,72.58999633789062,73.16000366210938,72.44000244140625,72.98999786376953,61.272708892822266,7243100
XLV,2015-12-30,72.91000366210938,73.0999984741211,72.61000061035156,72.68000030517578,61.01249694824219,8496500
XLV,2015-12-31,72.41999816894531,72.75,72.02999877929688,72.02999877929688,60.46685028076172,6591700
XLV,2016-01-04,70.7699966430664,71.0,70.01000213623047,70.7300033569336,59.37554168701172,19666300
XLV,2016-01-05,70.93000030517578,71.37999725341797,70.76000213623047,71.06999969482422,59.66096115112305,14540000
XLV,2016-01-06,70.05999755859375,70.9800033569336,70.0,70.48999786376953,59.1740608215332,14651700
XLV,2016-01-07,69.12999725341797,70.01000213623047,68.87000274658203,69.05999755859375,57.97360610961914,17850400
XLV,2016-01-08,69.47000122070312,69.6500015258789,67.9000015258789,68.0199966430664,57.10055923461914,17022800
XLV,2016-01-11,68.31999969482422,68.3499984741211,66.26000213623047,67.20999908447266,56.42060470581055,28563800
XLV,2016-01-12,67.75,68.45999908447266,66.95999908447266,68.06999969482422,57.14255142211914,13727000
XLV,2016-01-13,68.19999694824219,68.5199966430664,65.9800033569336,66.05000305175781,55.446807861328125,16202500
XLV,2016-01-14,66.22000122070312,68.26000213623047,65.80999755859375,67.81999969482422,56.932682037353516,23342300
XLV,2016-01-15,66.0999984741211,67.18000030517578,65.91999816894531,66.87000274658203,56.13518142700195,17882300
XLV,2016-01-19,67.5999984741211,67.8499984741211,66.12999725341797,66.86000061035156,56.12678909301758,13495200
XLV,2016-01-20,65.68000030517578,67.63999938964844,64.86000061035156,66.98999786376953,56.23591232299805,24665600
XLV,2016-01-21,67.16000366210938,67.5,66.16000366210938,66.79000091552734,56.06801223754883,17102800
XLV,2016-01-22,67.7300033569336,68.02999877929688,67.41000366210938,67.8499984741211,56.95787811279297,11343800
XLV,2016-01-25,67.6500015258789,68.0999984741211,67.12999725341797,67.22000122070312,56.42900085449219,10131900
XLV,2016-01-26,67.26000213623047,67.86000061035156,66.73999786376953,67.7300033569336,56.85711669921875,12449700
XLV,2016-01-27,67.61000061035156,68.31999969482422,66.48999786376953,66.95999908447266,56.21073913574219,15924700
XLV,2016-01-28,67.27999877929688,67.31999969482422,65.05000305175781,65.4000015258789,54.90116882324219,26127300
XLV,2016-01-29,65.26000213623047,66.5,65.06999969482422,66.47000122070312,55.79938507080078,17578200
XLV,2016-02-01,66.0199966430664,66.91000366210938,65.66999816894531,66.56999969482422,55.88334274291992,16705700
XLV,2016-02-02,66.0999984741211,66.27999877929688,65.41000366210938,65.61000061035156,55.077449798583984,12968700
XLV,2016-02-03,65.80000305175781,66.11000061035156,64.56999969482422,66.04000091552734,55.43842697143555,19453100
XLV,2016-02-04,65.83999633789062,66.41999816894531,65.08999633789062,65.68000030517578,55.1362190246582,18958100
XLV,2016-02-05,65.31999969482422,65.5,64.06999969482422,64.4000015258789,54.061702728271484,16744000
XLV,2016-02-08,63.68000030517578,63.95000076293945,62.7599983215332,63.52000045776367,53.322967529296875,24652800
XLV,2016-02-09,62.75,64.62999725341797,62.68000030517578,63.9900016784668,53.71752166748047,20741700
XLV,2016-02-10,64.41000366210938,65.55999755859375,64.36000061035156,64.55999755859375,54.196006774902344,14728500
XLV,2016-02-11,63.400001525878906,64.02999877929688,63.040000915527344,63.52000045776367,53.322967529296875,22801100
XLV,2016-02-12,63.869998931884766,64.4000015258789,63.33000183105469,64.37000274658203,54.03651809692383,10316000
XLV,2016-02-16,65.05999755859375,65.61000061035156,64.83999633789062,65.58000183105469,55.052276611328125,17303000
XLV,2016-02-17,66.08999633789062,66.48999786376953,65.58999633789062,66.41000366210938,55.74903106689453,12140000
XLV,2016-02-18,66.48999786376953,66.76000213623047,65.83999633789062,66.0,55.404850006103516,9722100
XLV,2016-02-19,65.68000030517578,66.12000274658203,65.5199966430664,65.93000030517578,55.34608840942383,8875100
XLV,2016-02-22,66.47000122070312,66.87999725341797,66.36000061035156,66.87000274658203,56.13518142700195,7515700
XLV,2016-02-23,66.69000244140625,67.04000091552734,66.30000305175781,66.37000274658203,55.7154655456543,8211900
XLV,2016-02-24,65.98999786376953,66.68000030517578,65.29000091552734,66.58999633789062,55.900142669677734,11118600
XLV,2016-02-25,66.88999938964844,67.45999908447266,66.55999755859375,67.41999816894531,56.59690475463867,9496400
XLV,2016-02-26,67.7300033569336,68.0,67.23999786376953,67.30000305175781,56.49617004394531,10365700
XLV,2016-02-29,67.0999984741211,67.2699966430664,66.19999694824219,66.2300033569336,55.59791946411133,11091700
XLV,2016-03-01,66.5999984741211,67.66999816894531,66.16000366210938,67.6500015258789,56.789981842041016,14549100
XLV,2016-03-02,67.48999786376953,67.77999877929688,67.3499984741211,67.76000213623047,56.88229751586914,10923700
XLV,2016-03-03,67.58999633789062,67.6500015258789,66.94999694824219,67.56999969482422,56.72280502319336,10815000
XLV,2016-03-04,67.56999969482422,67.83999633789062,67.0999984741211,67.41000366210938,56.5885124206543,9855700
XLV,2016-03-07,66.97000122070312,68.18000030517578,66.95999908447266,67.94999694824219,57.04179000854492,11082400
XLV,2016-03-08,67.55000305175781,67.7699966430664,67.02999877929688,67.12000274658203,56.34506607055664,8204200
XLV,2016-03-09,67.30000305175781,67.52999877929688,66.77999877929688,67.23999786376953,56.445796966552734,13032500
XLV,2016-03-10,67.56999969482422,68.02999877929688,66.76000213623047,67.27999877929688,56.47937774658203,11287700
XLV,2016-03-11,67.70999908447266,68.5999984741211,67.66000366210938,68.58999633789062,57.579063415527344,10618300
XLV,2016-03-14,68.33999633789062,68.56999969482422,68.12999725341797,68.30000305175781,57.33563232421875,6140900
XLV,2016-03-15,67.8499984741211,67.98999786376953,67.04000091552734,67.23999786376953,56.445796966552734,15226500
XLV,2016-03-16,67.11000061035156,67.47000122070312,66.55000305175781,67.08000183105469,56.311466217041016,16881300
XLV,2016-03-17,67.0199966430664,67.02999877929688,65.66000366210938,66.30000305175781,55.65670394897461,20920400
XLV,2016-03-18,66.18000030517578,67.08000183105469,66.05999755859375,66.83999633789062,56.3112678527832,19524800
XLV,2016-03-21,66.9000015258789,67.37000274658203,66.79000091552734,67.2300033569336,56.63986587524414,12183600
XLV,2016-03-22,67.01000213623047,68.11000061035156,67.01000213623047,67.9000015258789,57.20432662963867,13200200
XLV,2016-03-23,67.8499984741211,67.97000122070312,67.36000061035156,67.41999816894531,56.79993438720703,9105100
XLV,2016-03-24,67.12000274658203,67.63999938964844,66.87000274658203,67.38999938964844,56.774635314941406,8492800
XLV,2016-03-28,67.56999969482422,67.63999938964844,67.0999984741211,67.19999694824219,56.61457061767578,7156300
XLV,2016-03-29,67.08000183105469,68.04000091552734,66.8499984741211,67.9800033569336,57.2717170715332,10455600
XLV,2016-03-30,68.31999969482422,68.5,67.87000274658203,67.98999786376953,57.280147552490234,7607700
XLV,2016-03-31,67.88999938964844,68.29000091552734,67.75,67.77999877929688,57.103240966796875,8602700
XLV,2016-04-01,67.5,68.80000305175781,67.37000274658203,68.55000305175781,57.7519416809082,9120200
XLV,2016-04-04,68.70999908447266,69.62000274658203,68.69999694824219,69.37000274658203,58.442752838134766,17381200
XLV,2016-04-05,68.55999755859375,68.87999725341797,68.30999755859375,68.47000122070312,57.68452835083008,16555000
XLV,2016-04-06,68.48999786376953,70.33999633789062,68.48999786376953,70.30999755859375,59.234703063964844,24546600
XLV,2016-04-07,69.80999755859375,70.27999877929688,69.18000030517578,69.54000091552734,58.58599090576172,19216700
XLV,2016-04-08,69.97000122070312,70.0,68.94000244140625,69.3499984741211,58.425933837890625,12883800
XLV,2016-04-11,69.31999969482422,69.5199966430664,68.66999816894531,68.81999969482422,57.97941589355469,8695500
XLV,2016-04-12,68.80999755859375,69.52999877929688,68.80000305175781,69.37999725341797,58.45118713378906,13510500
XLV,2016-04-13,69.69999694824219,70.06999969482422,69.33000183105469,70.02999877929688,58.99879455566406,9706200
XLV,2016-04-14,70.01000213623047,70.30000305175781,69.80999755859375,70.06999969482422,59.032501220703125,6655200
XLV,2016-04-15,70.23999786376953,70.23999786376953,69.55000305175781,70.0199966430664,58.990379333496094,7945300
XLV,2016-04-18,69.81999969482422,70.75,69.70999908447266,70.66999816894531,59.53799057006836,11505400
XLV,2016-04-19,70.79000091552734,71.30000305175781,70.52999877929688,70.91999816894531,59.74861526489258,6655000
XLV,2016-04-20,70.94000244140625,71.63999938964844,70.87999725341797,71.30000305175781,60.06874084472656,10763400
XLV,2016-04-21,71.33999633789062,71.87999725341797,71.25,71.72000122070312,60.42258071899414,12463100
XLV,2016-04-22,71.76000213623047,72.11000061035156,71.44000244140625,71.87000274658203,60.54897689819336,12052800
XLV,2016-04-25,71.5999984741211,71.81999969482422,71.36000061035156,71.58999633789062,60.31306076049805,8937500
XLV,2016-04-26,71.7300033569336,71.7300033569336,71.11000061035156,71.31999969482422,60.085609436035156,7433500
XLV,2016-04-27,71.37000274658203,71.54000091552734,70.94000244140625,71.23999786376953,60.01822280883789,9121200
XLV,2016-04-28,70.83000183105469,71.58999633789062,70.51000213623047,70.9000015258789,59.73176193237305,19512000
XLV,2016-04-29,70.26000213623047,70.4000015258789,69.37000274658203,69.79000091552734,58.7966194152832,13577900
XLV,2016-05-02,69.91999816894531,70.22000122070312,69.62999725341797,70.19000244140625,59.13360595703125,9074800
XLV,2016-05-03,69.94000244140625,70.4000015258789,69.69999694824219,69.97000122070312,58.94826126098633,9436800
XLV,2016-05-04,69.52999877929688,69.6500015258789,69.11000061035156,69.30000305175781,58.3838005065918,11802000
XLV,2016-05-05,69.30999755859375,69.69000244140625,69.16000366210938,69.58999633789062,58.62810516357422,10145200
XLV,2016-05-06,69.33999633789062,69.54000091552734,68.61000061035156,69.18000030517578,58.28269958496094,14164300
XLV,2016-05-09,69.18000030517578,70.19000244140625,69.1500015258789,69.97000122070312,58.94826126098633,13606600
XLV,2016-05-10,70.25,70.56999969482422,70.05999755859375,70.55999755859375,59.44530487060547,11073000
XLV,2016-05-11,70.44999694824219,70.62999725341797,69.69999694824219,69.70999908447266,58.72922897338867,8452500
XLV,2016-05-12,69.86000061035156,70.06999969482422,68.9000015258789,69.30000305175781,58.3838005065918,11322900
XLV,2016-05-13,69.22000122070312,69.66999816894531,69.08000183105469,69.13999938964844,58.24900817871094,11947300
XLV,2016-05-16,69.1500015258789,70.2300033569336,69.12000274658203,70.08000183105469,59.04093933105469,8338100
XLV,2016-05-17,69.94999694824219,70.12999725341797,69.0999984741211,69.3499984741211,58.425933837890625,14920000
XLV,2016-05-18,69.23999786376953,69.98999786376953,69.16999816894531,69.63999938964844,58.67024612426758,11515200
XLV,2016-05-19,69.23999786376953,69.55999755859375,68.61000061035156,69.05000305175781,58.173179626464844,8765700
XLV,2016-05-20,69.30999755859375,69.93000030517578,69.27999877929688,69.69000244140625,58.71237564086914,7925700
XLV,2016-05-23,69.58999633789062,69.72000122070312,69.3499984741211,69.41000366210938,58.47646713256836,5061400
XLV,2016-05-24,69.76000213623047,70.5199966430664,69.66999816894531,70.41000366210938,59.31895065307617,11936400
XLV,2016-05-25,70.5999984741211,70.98999786376953,70.58999633789062,70.8499984741211,59.68961715698242,8949200
XLV,2016-05-26,70.87999725341797,71.0,70.62999725341797,70.86000061035156,59.698055267333984,5257700
XLV,2016-05-27,70.80999755859375,71.33999633789062,70.80999755859375,71.18000030517578,59.9676628112793,9641300
XLV,2016-05-31,71.4000015258789,71.5199966430664,71.04000091552734,71.3499984741211,60.110877990722656,7669800
XLV,2016-06-01,71.12999725341797,71.7699966430664,71.06999969482422,71.61000061035156,60.32994079589844,9301700
XLV,2016-06-02,71.55000305175781,72.52999877929688,71.45999908447266,72.52999877929688,61.1049919128418,12473100
XLV,2016-06-03,72.30999755859375,72.55000305175781,71.70999908447266,72.29000091552734,60.90281295776367,13896000
XLV,2016-06-06,72.30000305175781,72.80999755859375,72.12000274658203,72.68000030517578,61.231361389160156,9117600
XLV,2016-06-07,72.37999725341797,72.44999694824219,72.05000305175781,72.2300033569336,60.85226058959961,6439100
XLV,2016-06-08,72.16999816894531,72.61000061035156,72.01000213623047,72.4800033569336,61.06288528442383,4621300
XLV,2016-06-09,72.31999969482422,72.83000183105469,72.1500015258789,72.36000061035156,60.96177291870117,9608500
XLV,2016-06-10,71.94000244140625,71.9800033569336,71.44999694824219,71.77999877929688,60.47311019897461,10270900
XLV,2016-06-13,71.5199966430664,72.05999755859375,71.19000244140625,71.20999908447266,59.9929313659668,8538400
XLV,2016-06-14,71.04000091552734,71.3499984741211,70.73999786376953,71.31999969482422,60.085609436035156,8000500
XLV,2016-06-15,71.51000213623047,71.66000366210938,70.7699966430664,70.83000183105469,59.67278289794922,7861100
XLV,2016-06-16,70.62000274658203,71.19999694824219,70.2699966430664,71.08000183105469,59.883399963378906,9341200
XLV,2016-06-17,70.9000015258789,70.93000030517578,69.80000305175781,70.05999755859375,59.261695861816406,10799100
XLV,2016-06-20,70.66000366210938,71.0,70.41000366210938,70.5,59.633880615234375,7983700
XLV,2016-06-21,70.73999786376953,70.80999755859375,70.0999984741211,70.26000213623047,59.43087387084961,7014900
XLV,2016-06-22,70.26000213623047,71.25,70.19999694824219,70.45999908447266,59.600032806396484,11207600
XLV,2016-06-23,71.08000183105469,71.38999938964844,70.75,71.37999725341797,60.37824630737305,7626900
XLV,2016-06-24,69.3499984741211,70.4000015258789,69.05000305175781,69.30999755859375,58.62727355957031,22576500
XLV,2016-06-27,68.83999633789062,69.08000183105469,68.08999633789062,68.37999725341797,57.84063720703125,18241500
XLV,2016-06-28,68.86000061035156,69.7699966430664,68.8499984741211,69.70999908447266,58.96564483642578,13652400
XLV,2016-06-29,70.19999694824219,71.23999786376953,70.19999694824219,71.04000091552734,60.09064483642578,8968400
XLV,2016-06-30,71.18000030517578,71.75,70.83000183105469,71.70999908447266,60.657379150390625,9535200
XLV,2016-07-01,71.87000274658203,72.33000183105469,71.63999938964844,72.16000366210938,61.038021087646484,6793100
XLV,2016-07-05,71.7300033569336,72.37999725341797,71.7300033569336,72.08999633789062,60.97881317138672,8359800
XLV,2016-07-06,71.9800033569336,73.05000305175781,71.9000015258789,72.9000015258789,61.66394805908203,18791500
XLV,2016-07-07,73.33999633789062,73.3499984741211,72.45999908447266,72.79000091552734,61.57090377807617,8022400
XLV,2016-07-08,73.1500015258789,73.70999908447266,72.76000213623047,73.69000244140625,62.33218765258789,11013200
XLV,2016-07-11,73.91000366210938,74.0999984741211,73.41999816894531,73.48999786376953,62.163021087646484,7375100
XLV,2016-07-12,73.6500015258789,73.95999908447266,73.58999633789062,73.8499984741211,62.467529296875,10237200
XLV,2016-07-13,74.08000183105469,74.18000030517578,73.75,73.81999969482422,62.44216537475586,6401900
XLV,2016-07-14,74.30999755859375,74.66000366210938,73.87000274658203,74.13999938964844,62.71284484863281,4813200
XLV,2016-07-15,74.41999816894531,74.62999725341797,73.98999786376953,74.08000183105469,62.662086486816406,7131300
XLV,2016-07-18,74.0999984741211,74.25,73.83999633789062,74.11000061035156,62.68745040893555,3954300
XLV,2016-07-19,74.19999694824219,74.37999725341797,73.7300033569336,73.94999694824219,62.552127838134766,6634700
XLV,2016-07-20,74.29000091552734,74.75,74.19000244140625,74.62000274658203,63.11885452270508,6855000
XLV,2016-07-21,74.62000274658203,74.98999786376953,74.55000305175781,74.83999633789062,63.3049430847168,9230800
XLV,2016-07-22,74.83000183105469,75.08000183105469,74.61000061035156,74.98999786376953,63.43185043334961,5446500
XLV,2016-07-25,75.01000213623047,75.06999969482422,74.44999694824219,74.91000366210938,63.36417770385742,5868400
XLV,2016-07-26,74.62000274658203,74.88999938964844,74.4800033569336,74.77999877929688,63.25417709350586,6904200
XLV,2016-07-27,74.62999725341797,75.23999786376953,74.48999786376953,75.12000274658203,63.541778564453125,7983100
XLV,2016-07-28,75.0,75.23999786376953,74.68000030517578,75.05000305175781,63.48258590698242,5470100
XLV,2016-07-29,74.91000366210938,75.33999633789062,74.7300033569336,75.19999694824219,63.60944747924805,4889200
XLV,2016-08-01,75.2699966430664,76.0,75.2699966430664,75.68000030517578,64.01549530029297,9255100
XLV,2016-08-02,75.73999786376953,75.73999786376953,74.93000030517578,75.38999938964844,63.77017593383789,12149300
XLV,2016-08-03,75.33999633789062,75.38999938964844,75.02999877929688,75.18000030517578,63.59253692626953,9761200
XLV,2016-08-04,75.2300033569336,75.3499984741211,74.97000122070312,75.06999969482422,63.499488830566406,8415500
XLV,2016-08-05,75.4000015258789,75.4000015258789,74.83000183105469,75.25,63.651771545410156,8244400
XLV,2016-08-08,75.19000244140625,75.19000244140625,74.3499984741211,74.61000061035156,63.11039733886719,6655500
XLV,2016-08-09,75.01000213623047,75.05000305175781,74.58000183105469,74.79000091552734,63.26266860961914,11261100
XLV,2016-08-10,74.76000213623047,74.76000213623047,74.33999633789062,74.54000091552734,63.051185607910156,7031600
XLV,2016-08-11,74.73999786376953,75.05000305175781,74.5999984741211,74.97000122070312,63.414920806884766,6599800
XLV,2016-08-12,74.83000183105469,74.86000061035156,74.51000213623047,74.77999877929688,63.25417709350586,6211900
XLV,2016-08-15,74.77999877929688,75.08000183105469,74.77999877929688,74.91000366210938,63.36417770385742,4122500
XLV,2016-08-16,74.80000305175781,74.80999755859375,74.23999786376953,74.23999786376953,62.79742431640625,6042300
XLV,2016-08-17,74.08000183105469,74.44999694824219,73.93000030517578,74.38999938964844,62.92430114746094,7296300
XLV,2016-08-18,74.37999725341797,74.58000183105469,74.19000244140625,74.41999816894531,62.949668884277344,4180100
XLV,2016-08-19,74.2699966430664,74.41000366210938,74.04000091552734,74.36000061035156,62.8989372253418,4323500
XLV,2016-08-22,74.38999938964844,74.79000091552734,74.30999755859375,74.51000213623047,63.02581787109375,4090200
XLV,2016-08-23,74.7699966430664,75.0,74.54000091552734,74.58000183105469,63.08502960205078,8557900
XLV,2016-08-24,74.55000305175781,74.70999908447266,73.2300033569336,73.41000366210938,62.09532928466797,8670400
XLV,2016-08-25,73.20999908447266,73.51000213623047,72.47000122070312,72.79000091552734,61.57090377807617,8766500
XLV,2016-08-26,72.87000274658203,73.44999694824219,72.62999725341797,73.06999969482422,61.80777359008789,9974300
XLV,2016-08-29,73.0999984741211,73.41000366210938,72.91999816894531,73.2300033569336,61.94308853149414,7372100
XLV,2016-08-30,73.31999969482422,73.31999969482422,72.80000305175781,72.9800033569336,61.73165512084961,5497900
XLV,2016-08-31,72.87999725341797,72.97000122070312,72.4800033569336,72.76000213623047,61.5455207824707,4756800
XLV,2016-09-01,72.76000213623047,72.8499984741211,72.23999786376953,72.56999969482422,61.38483810424805,9501400
XLV,2016-09-02,72.72000122070312,72.87000274658203,72.44999694824219,72.6500015258789,61.4525032043457,8052300
XLV,2016-09-06,72.7699966430664,73.06999969482422,72.66000366210938,72.91000366210938,61.67243576049805,8735800
XLV,2016-09-07,72.8499984741211,73.16999816894531,72.69999694824219,72.91000366210938,61.67243576049805,7561600
XLV,2016-09-08,72.68000030517578,73.02999877929688,72.61000061035156,72.97000122070312,61.72316360473633,4822200
XLV,2016-09-09,72.55999755859375,72.55999755859375,71.48999786376953,71.51000213623047,60.48821258544922,14135500
XLV,2016-09-12,71.11000061035156,72.76000213623047,71.08999633789062,72.56999969482422,61.38483810424805,13023400
XLV,2016-09-13,72.12000274658203,72.12000274658203,71.22000122070312,71.5999984741211,60.5643310546875,12194200
XLV,2016-09-14,71.56999969482422,72.06999969482422,71.30999755859375,71.5999984741211,60.5643310546875,13108500
XLV,2016-09-15,71.47000122070312,72.54000091552734,71.30000305175781,72.33999633789062,61.19026565551758,9613600
XLV,2016-09-16,71.98999786376953,72.20999908447266,71.83000183105469,72.11000061035156,61.23187255859375,8691000
XLV,2016-09-19,72.29000091552734,72.44000244140625,71.76000213623047,71.8499984741211,61.01109313964844,9919700
XLV,2016-09-20,72.16000366210938,72.33999633789062,72.04000091552734,72.06999969482422,61.19791793823242,5286600
XLV,2016-09-21,72.30999755859375,72.93000030517578,71.87000274658203,72.79000091552734,61.80930709838867,8485900
XLV,2016-09-22,73.08999633789062,73.47000122070312,73.05000305175781,73.33999633789062,62.27631378173828,6501900
XLV,2016-09-23,73.2300033569336,73.41000366210938,73.0999984741211,73.11000061035156,62.08103561401367,5420400
XLV,2016-09-26,72.83999633789062,72.9000015258789,72.08999633789062,72.26000213623047,61.35926055908203,5534100
XLV,2016-09-27,72.16999816894531,72.77999877929688,72.01000213623047,72.7699966430664,61.79230499267578,7839000
XLV,2016-09-28,72.83999633789062,72.8499984741211,72.27999877929688,72.66000366210938,61.69892501831055,6522600
XLV,2016-09-29,72.56999969482422,72.66000366210938,71.16999816894531,71.37999725341797,60.61200714111328,8857900
XLV,2016-09-30,71.52999877929688,72.30999755859375,71.48999786376953,72.11000061035156,61.23187255859375,7453500
XLV,2016-10-03,71.79000091552734,72.05000305175781,71.48999786376953,72.05000305175781,61.180931091308594,9187900
XLV,2016-10-04,71.97000122070312,72.2699966430664,71.55000305175781,71.91000366210938,61.06206512451172,10594600
XLV,2016-10-05,72.0999984741211,72.3499984741211,71.98999786376953,72.19000244140625,61.29982376098633,12842100
XLV,2016-10-06,71.94999694824219,72.0199966430664,71.48999786376953,71.91999816894531,61.070556640625,9308900
XLV,2016-10-07,71.8499984741211,72.20999908447266,71.44999694824219,71.87000274658203,61.02809143066406,9920400
XLV,2016-10-10,72.0,72.41999816894531,72.0,72.19999694824219,61.30828094482422,11039500
XLV,2016-10-11,71.8499984741211,71.8499984741211,70.08000183105469,70.38999938964844,59.77135467529297,12499700
XLV,2016-10-12,70.43000030517578,70.70999908447266,69.98999786376953,70.05999755859375,59.49113845825195,11746400
XLV,2016-10-13,69.6500015258789,70.3499984741211,69.41999816894531,70.08999633789062,59.5166130065918,13623100
XLV,2016-10-14,70.25,70.44000244140625,69.5999984741211,69.62000274658203,59.11750411987305,8382400
XLV,2016-10-17,69.51000213623047,69.6500015258789,69.23999786376953,69.38999938964844,58.92220687866211,8463000
XLV,2016-10-18,70.02999877929688,70.37000274658203,69.86000061035156,70.22000122070312,59.627017974853516,5495800
XLV,2016-10-19,70.30999755859375,70.37000274658203,69.94000244140625,69.95999908447266,59.406219482421875,5296700
XLV,2016-10-20,70.05000305175781,70.51000213623047,69.91999816894531,70.29000091552734,59.6864128112793,6876000
XLV,2016-10-21,69.93000030517578,69.93000030517578,69.52999877929688,69.70999908447266,59.19394302368164,5511600
XLV,2016-10-24,70.0199966430664,70.08999633789062,69.58000183105469,69.58000183105469,59.08353805541992,7384700
XLV,2016-10-25,69.5,69.70999908447266,69.29000091552734,69.37999725341797,58.913700103759766,7922100
XLV,2016-10-26,69.2699966430664,69.37999725341797,68.68000030517578,68.95999908447266,58.55706787109375,8073700
XLV,2016-10-27,69.48999786376953,69.76000213623047,69.0999984741211,69.27999877929688,58.828800201416016,6974700
XLV,2016-10-28,68.44999694824219,68.63999938964844,67.4800033569336,67.77999877929688,57.555091857910156,18469300
XLV,2016-10-31,67.76000213623047,67.7699966430664,67.33000183105469,67.36000061035156,57.19844436645508,12689000
XLV,2016-11-01,67.4000015258789,67.58999633789062,66.4800033569336,67.0,56.89274215698242,14908700
XLV,2016-11-02,66.87000274658203,67.38999938964844,66.6500015258789,66.6500015258789,56.59553909301758,17942900
XLV,2016-11-03,66.87000274658203,67.1500015258789,65.95999908447266,66.0199966430664,56.06058120727539,22074200
XLV,2016-11-04,66.19999694824219,67.02999877929688,66.12999725341797,66.4800033569336,56.45120620727539,21382600
XLV,2016-11-07,67.19999694824219,68.36000061035156,67.16000366210938,68.18000030517578,57.89473342895508,17367800
XLV,2016-11-08,67.73999786376953,68.83000183105469,67.6500015258789,68.37000274658203,58.05609893798828,15943900
XLV,2016-11-09,68.37000274658203,71.56999969482422,68.37000274658203,70.77999877929688,60.10251998901367,49750100
XLV,2016-11-10,71.94000244140625,72.08000183105469,71.05999755859375,71.55999755859375,60.76485824584961,28378900
XLV,2016-11-11,71.36000061035156,71.36000061035156,70.18000030517578,70.48999786376953,59.85627365112305,15866100
XLV,2016-11-14,70.80000305175781,70.87999725341797,70.12999725341797,70.2699966430664,59.669456481933594,17406200
XLV,2016-11-15,70.54000091552734,70.54000091552734,69.81999969482422,70.47000122070312,59.83927917480469,10371600
XLV,2016-11-16,70.29000091552734,70.62999725341797,70.08000183105469,70.16999816894531,59.584537506103516,7585000
XLV,2016-11-17,70.19000244140625,70.47000122070312,70.0199966430664,70.44999694824219,59.82231140136719,12856200
XLV,2016-11-18,70.51000213623047,70.69999694824219,69.66000366210938,69.69999694824219,59.18544006347656,12185000
XLV,2016-11-21,69.8499984741211,70.0199966430664,69.7699966430664,69.94999694824219,59.397727966308594,6791800
XLV,2016-11-22,69.91999816894531,69.91999816894531,68.47000122070312,68.94000244140625,58.54009246826172,14522100
XLV,2016-11-23,67.79000091552734,69.22000122070312,67.79000091552734,69.20999908447266,58.76935577392578,13676000
XLV,2016-11-25,69.41000366210938,69.54000091552734,69.20999908447266,69.4800033569336,58.99863815307617,4009300
XLV,2016-11-28,69.3499984741211,69.36000061035156,68.8499984741211,68.95999908447266,58.55706787109375,6507200
XLV,2016-11-29,69.12000274658203,69.61000061035156,69.11000061035156,69.41000366210938,58.9391975402832,7093900
XLV,2016-11-30,69.45999908447266,69.4800033569336,68.72000122070312,68.75,58.37876892089844,8640700
XLV,2016-12-01,68.83000183105469,69.0,68.05000305175781,68.25,57.95417785644531,11360700
XLV,2016-12-02,68.37000274658203,68.68000030517578,68.13999938964844,68.41000366210938,58.09004592895508,7964500
XLV,2016-12-05,68.69000244140625,68.79000091552734,68.06999969482422,68.29000091552734,57.9881477355957,5832100
XLV,2016-12-06,68.48999786376953,68.5,68.08999633789062,68.4800033569336,58.14949035644531,5490800
XLV,2016-12-07,67.94000244140625,67.94000244140625,66.97000122070312,67.88999938964844,57.64849853515625,12758900
XLV,2016-12-08,67.68000030517578,68.08999633789062,67.29000091552734,68.0199966430664,57.75886917114258,7586600
XLV,2016-12-09,68.26000213623047,68.9800033569336,68.26000213623047,68.8499984741211,58.46366882324219,12100200
XLV,2016-12-12,68.8499984741211,69.27999877929688,68.72000122070312,69.18000030517578,58.743873596191406,15018100
XLV,2016-12-13,69.43000030517578,69.83999633789062,69.2300033569336,69.73999786376953,59.21942138671875,11041400
XLV,2016-12-14,69.7300033569336,70.0999984741211,69.13999938964844,69.37999725341797,58.913700103759766,11682200
XLV,2016-12-15,69.66000366210938,69.9000015258789,69.41000366210938,69.83000183105469,59.295841217041016,8210100
XLV,2016-12-16,69.68000030517578,69.87000274658203,69.37999725341797,69.58000183105469,59.34273147583008,8257100
XLV,2016-12-19,69.62999725341797,69.94000244140625,69.19999694824219,69.29000091552734,59.095401763916016,9318300
XLV,2016-12-20,69.31999969482422,69.4800033569336,69.08000183105469,69.23999786376953,59.05275344848633,4885000
XLV,2016-12-21,69.27999877929688,69.30999755859375,68.7300033569336,68.8499984741211,58.72014236450195,5432300
XLV,2016-12-22,68.76000213623047,68.95999908447266,68.4800033569336,68.94000244140625,58.79690170288086,4458400
XLV,2016-12-23,68.95999908447266,69.5,68.95999908447266,69.45999908447266,59.24040222167969,4188700
XLV,2016-12-27,69.55000305175781,70.0,69.52999877929688,69.5999984741211,59.35980224609375,5141200
XLV,2016-12-28,69.66999816894531,69.75,69.05999755859375,69.06999969482422,58.90777587890625,4558800
XLV,2016-12-29,69.11000061035156,69.41000366210938,69.08000183105469,69.19000244140625,59.0101318359375,5539200
XLV,2016-12-30,69.19999694824219,69.2699966430664,68.72000122070312,68.94000244140625,58.79690170288086,6649000
XLV,2017-01-03,69.30999755859375,69.86000061035156,69.22000122070312,69.83999633789062,59.56450653076172,11792900
XLV,2017-01-04,69.94999694824219,70.58000183105469,69.94999694824219,70.38999938964844,60.0335693359375,9174500
XLV,2017-01-05,70.33000183105469,70.7699966430664,70.2699966430664,70.75,60.340599060058594,5979300
XLV,2017-01-06,70.7699966430664,71.1500015258789,70.5199966430664,70.94999694824219,60.51117706298828,5769300
XLV,2017-01-09,70.94999694824219,71.37000274658203,70.81999969482422,71.25,60.76704406738281,5751900
XLV,2017-01-10,71.37000274658203,71.91000366210938,71.20999908447266,71.5,60.980247497558594,10320500
XLV,2017-01-11,71.58999633789062,71.83999633789062,70.05000305175781,70.77999877929688,60.366180419921875,23742000
XLV,2017-01-12,70.43000030517578,70.88999938964844,70.26000213623047,70.8499984741211,60.425872802734375,9358900
XLV,2017-01-13,70.91000366210938,71.16000366210938,70.75,70.91999816894531,60.485565185546875,5279000
XLV,2017-01-17,70.4800033569336,70.68000030517578,69.9800033569336,70.55999755859375,60.17853546142578,6038200
XLV,2017-01-18,70.69999694824219,70.86000061035156,70.33000183105469,70.47000122070312,60.101806640625,6174200
XLV,2017-01-19,70.44999694824219,70.61000061035156,69.91000366210938,70.0199966430664,59.71799850463867,6470700
XLV,2017-01-20,70.0199966430664,70.37000274658203,69.77999877929688,69.83999633789062,59.56450653076172,7006900
XLV,2017-01-23,69.75,69.94000244140625,69.29000091552734,69.55000305175781,59.31715774536133,10003700
XLV,2017-01-24,69.4800033569336,69.52999877929688,68.75,69.06999969482422,58.90777587890625,8703500
XLV,2017-01-25,69.12999725341797,69.75,69.08999633789062,69.72000122070312,59.4621467590332,6553800
XLV,2017-01-26,69.56999969482422,69.69000244140625,69.16999816894531,69.18000030517578,59.001583099365234,6612500
XLV,2017-01-27,69.33999633789062,69.80000305175781,69.31999969482422,69.75,59.48772048950195,7264900
XLV,2017-01-30,69.58000183105469,69.72000122070312,69.12000274658203,69.41000366210938,59.1977653503418,7281900
XLV,2017-01-31,69.04000091552734,70.5199966430664,68.98999786376953,70.5199966430664,60.1444206237793,14342500
XLV,2017-02-01,70.5199966430664,71.12999725341797,70.37999725341797,71.12999725341797,60.66468048095703,19490500
XLV,2017-02-02,70.77999877929688,71.1500015258789,70.55999755859375,71.11000061035156,60.64760971069336,14539400
XLV,2017-02-03,71.33999633789062,71.48999786376953,71.0,71.41999816894531,60.91201400756836,15104800
XLV,2017-02-06,71.29000091552734,71.5,71.1500015258789,71.5,60.980247497558594,11561600
XLV,2017-02-07,71.55000305175781,71.83000183105469,71.33000183105469,71.56999969482422,61.039955139160156,11278000
XLV,2017-02-08,71.19000244140625,71.54000091552734,70.98999786376953,71.45999908447266,60.94615173339844,6812900
XLV,2017-02-09,71.44999694824219,71.93000030517578,71.38999938964844,71.72000122070312,61.16789245605469,7869200
XLV,2017-02-10,71.83000183105469,72.0199966430664,71.66000366210938,71.86000061035156,61.287261962890625,4440300
XLV,2017-02-13,71.93000030517578,72.33999633789062,71.93000030517578,72.30000305175781,61.66255569458008,6465200
XLV,2017-02-14,72.22000122070312,72.87000274658203,72.16999816894531,72.87000274658203,62.1486701965332,10403000
XLV,2017-02-15,72.70999908447266,73.80000305175781,72.63999938964844,73.66000366210938,62.82246398925781,10091700
XLV,2017-02-16,73.68000030517578,73.75,73.05999755859375,73.55999755859375,62.73717498779297,11332600
XLV,2017-02-17,73.27999877929688,73.69999694824219,73.27999877929688,73.66000366210938,62.82246398925781,12118400
XLV,2017-02-21,73.6500015258789,74.2300033569336,73.6500015258789,73.98999786376953,63.1038932800293,10651800
XLV,2017-02-22,73.9000015258789,74.13999938964844,73.81999969482422,73.87999725341797,63.01007843017578,6634300
XLV,2017-02-23,73.95999908447266,74.55000305175781,73.87000274658203,74.41999816894531,63.470638275146484,8685600
XLV,2017-02-24,74.30000305175781,74.81999969482422,74.2699966430664,74.77999877929688,63.77766036987305,9103000
XLV,2017-02-27,74.83000183105469,75.18000030517578,74.66999816894531,75.13999938964844,64.08468627929688,8178200
XLV,2017-02-28,74.93000030517578,75.2300033569336,74.7699966430664,74.98999786376953,63.95677947998047,10258600
XLV,2017-03-01,75.44000244140625,75.93000030517578,75.22000122070312,75.73999786376953,64.59642028808594,15196600
XLV,2017-03-02,75.62000274658203,75.88999938964844,75.48999786376953,75.5,64.39171600341797,7889300
XLV,2017-03-03,75.38999938964844,75.86000061035156,75.36000061035156,75.80000305175781,64.64759826660156,6635300
XLV,2017-03-06,75.69000244140625,75.75,75.23999786376953,75.51000213623047,64.4002685546875,5886900
XLV,2017-03-07,74.88999938964844,75.36000061035156,74.73999786376953,74.9800033569336,63.9482307434082,12330600
XLV,2017-03-08,74.97000122070312,75.54000091552734,74.91999816894531,75.27999877929688,64.20409393310547,8130000
XLV,2017-03-09,75.2699966430664,75.79000091552734,75.22000122070312,75.69000244140625,64.55379486083984,8451400
XLV,2017-03-10,76.01000213623047,76.08999633789062,75.69999694824219,75.9800033569336,64.80113983154297,10455800
XLV,2017-03-13,76.05000305175781,76.05000305175781,75.62000274658203,75.91999816894531,64.74993133544922,6898500
XLV,2017-03-14,75.70999908447266,75.95999908447266,75.55999755859375,75.63999938964844,64.51115417480469,7296300
XLV,2017-03-15,75.75,76.75,75.75,76.58999633789062,65.32135009765625,11044900
XLV,2017-03-16,76.4000015258789,76.4000015258789,75.55999755859375,75.8499984741211,64.69022369384766,12129400
XLV,2017-03-17,75.38999938964844,75.52999877929688,75.12000274658203,75.16000366210938,64.33418273925781,10401000
XLV,2017-03-20,75.18000030517578,75.29000091552734,74.9000015258789,75.05000305175781,64.23999786376953,4728300
XLV,2017-03-21,75.12999725341797,75.38999938964844,72.33000183105469,74.45999908447266,63.734981536865234,16650400
XLV,2017-03-22,74.56999969482422,74.66999816894531,74.11000061035156,74.4800033569336,63.75211715698242,9954300
XLV,2017-03-23,74.38999938964844,74.7699966430664,74.11000061035156,74.25,63.55522537231445,13250500
XLV,2017-03-24,74.29000091552734,74.62000274658203,73.9800033569336,74.29000091552734,63.58949661254883,9229500
XLV,2017-03-27,73.76000213623047,74.62000274658203,73.62000274658203,74.48999786376953,63.760650634765625,6946300
XLV,2017-03-28,74.33999633789062,74.63999938964844,74.11000061035156,74.54000091552734,63.803462982177734,7392300
XLV,2017-03-29,74.56999969482422,74.73999786376953,74.38999938964844,74.55999755859375,63.82057571411133,4357800
XLV,2017-03-30,74.47000122070312,74.72000122070312,74.2699966430664,74.56999969482422,63.82915496826172,7137400
XLV,2017-03-31,74.38999938964844,74.55999755859375,74.27999877929688,74.36000061035156,63.6494026184082,5895400
XLV,2017-04-03,74.44000244140625,74.79000091552734,74.12999725341797,74.41999816894531,63.700748443603516,12354800
XLV,2017-04-04,74.4000015258789,74.4800033569336,74.16999816894531,74.37999725341797,63.666534423828125,5228600
XLV,2017-04-05,74.4800033569336,74.91999816894531,74.0999984741211,74.1500015258789,63.46965408325195,6470100
XLV,2017-04-06,74.16999816894531,74.41999816894531,73.94999694824219,74.27999877929688,63.580909729003906,5253300
XLV,2017-04-07,74.33000183105469,74.5999984741211,74.12999725341797,74.41000366210938,63.69218826293945,5638200
XLV,2017-04-10,74.38999938964844,74.63999938964844,74.19999694824219,74.2699966430664,63.57234573364258,4530000
XLV,2017-04-11,74.1500015258789,74.33999633789062,73.76000213623047,74.16999816894531,63.48674011230469,5472600
XLV,2017-04-12,74.08999633789062,74.29000091552734,73.87000274658203,74.16999816894531,63.48674011230469,3782200
XLV,2017-04-13,74.08000183105469,74.33000183105469,73.9800033569336,73.9800033569336,63.324127197265625,6671100
XLV,2017-04-17,73.88999938964844,74.2699966430664,73.83000183105469,74.25,63.55522537231445,6149900
XLV,2017-04-18,73.83999633789062,73.83999633789062,73.16000366210938,73.44000244140625,62.86191177368164,7519500
XLV,2017-04-19,73.68000030517578,73.87000274658203,73.52999877929688,73.66000366210938,63.05022430419922,5023100
XLV,2017-04-20,73.80999755859375,74.2699966430664,73.47000122070312,74.12000274658203,63.4439582824707,7307300
XLV,2017-04-21,73.98999786376953,74.05999755859375,73.51000213623047,73.68000030517578,63.06732940673828,6763000
XLV,2017-04-24,74.38999938964844,74.58999633789062,74.30999755859375,74.41000366210938,63.69218826293945,5450000
XLV,2017-04-25,74.70999908447266,74.94000244140625,74.5,74.7300033569336,63.966094970703125,9035700
XLV,2017-04-26,75.0,75.44000244140625,74.94000244140625,75.13999938964844,64.31702423095703,6240400
XLV,2017-04-27,75.16000366210938,75.6500015258789,75.01000213623047,75.30000305175781,64.45401763916016,6962800
XLV,2017-04-28,75.36000061035156,75.54000091552734,75.23999786376953,75.5,64.62518310546875,5781100
XLV,2017-05-01,75.62999725341797,75.81999969482422,75.5,75.66999816894531,64.77068328857422,7182000
XLV,2017-05-02,75.73999786376953,75.9000015258789,75.30000305175781,75.87999725341797,64.95043182373047,5243800
XLV,2017-05-03,75.6500015258789,75.70999908447266,75.33999633789062,75.51000213623047,64.63375854492188,8094100
XLV,2017-05-04,75.7699966430664,76.01000213623047,75.66000366210938,76.01000213623047,65.06172180175781,4275400
XLV,2017-05-05,76.18000030517578,76.19999694824219,75.66000366210938,75.97000122070312,65.02749633789062,5720100
XLV,2017-05-08,75.91000366210938,75.97000122070312,75.38999938964844,75.5,64.62518310546875,6558500
XLV,2017-05-09,75.54000091552734,75.7300033569336,75.44999694824219,75.58999633789062,64.70220947265625,3830200
XLV,2017-05-10,75.47000122070312,75.4800033569336,75.05999755859375,75.37000274658203,64.51387786865234,4314900
XLV,2017-05-11,75.25,75.44000244140625,75.02999877929688,75.41000366210938,64.54814910888672,6791600
XLV,2017-05-12,75.37999725341797,75.48999786376953,75.2300033569336,75.27999877929688,64.43687438964844,2638000
XLV,2017-05-15,75.31999969482422,75.80999755859375,75.25,75.7699966430664,64.85628509521484,7320800
XLV,2017-05-16,75.69000244140625,75.76000213623047,75.2699966430664,75.4800033569336,64.60807800292969,5471700
XLV,2017-05-17,74.87000274658203,75.08000183105469,74.48999786376953,74.48999786376953,63.760650634765625,11434000
XLV,2017-05-18,74.44999694824219,75.25,74.44999694824219,74.81999969482422,64.04314422607422,10690500
XLV,2017-05-19,74.94999694824219,75.2699966430664,74.8499984741211,75.02999877929688,64.22289276123047,9209800
XLV,2017-05-22,74.95999908447266,75.31999969482422,74.80000305175781,75.2300033569336,64.3940658569336,4999100
XLV,2017-05-23,75.33000183105469,75.63999938964844,75.2699966430664,75.4800033569336,64.60807800292969,4216100
XLV,2017-05-24,75.5199966430664,75.7300033569336,75.33999633789062,75.66999816894531,64.77068328857422,5186400
XLV,2017-05-25,75.83999633789062,76.18000030517578,75.66000366210938,76.02999877929688,65.07886505126953,4479400
XLV,2017-05-26,75.97000122070312,76.19000244140625,75.80999755859375,75.88999938964844,64.95902252197266,4507400
XLV,2017-05-30,75.6500015258789,75.97000122070312,75.6500015258789,75.77999877929688,64.86486053466797,4651200
XLV,2017-05-31,75.93000030517578,76.25,75.86000061035156,76.08000183105469,65.12163543701172,5884400
XLV,2017-06-01,76.20999908447266,76.9800033569336,76.12999725341797,76.91999816894531,65.8406753540039,9149900
XLV,2017-06-02,77.13999938964844,77.5199966430664,77.06999969482422,77.41999816894531,66.26862335205078,4833000
XLV,2017-06-05,77.41999816894531,77.5,77.0199966430664,77.19999694824219,66.08031463623047,5558900
XLV,2017-06-06,77.05000305175781,77.29000091552734,76.87999725341797,77.01000213623047,65.91768646240234,4316500
XLV,2017-06-07,77.11000061035156,77.30000305175781,76.97000122070312,77.22000122070312,66.09742736816406,4415700
XLV,2017-06-08,77.16999816894531,77.36000061035156,76.80000305175781,77.0,65.90911865234375,6304400
XLV,2017-06-09,77.0999984741211,77.76000213623047,77.0,77.5199966430664,66.3542251586914,13419000
XLV,2017-06-12,77.45999908447266,77.73999786376953,77.05000305175781,77.41999816894531,66.26862335205078,7700600
XLV,2017-06-13,77.48999786376953,77.68000030517578,77.30999755859375,77.58000183105469,66.40559387207031,5592500
XLV,2017-06-14,77.70999908447266,78.16999816894531,77.68000030517578,77.94999694824219,66.7222900390625,6782300
XLV,2017-06-15,77.6500015258789,77.93000030517578,77.44000244140625,77.87000274658203,66.65382385253906,8186000
XLV,2017-06-16,77.66000366210938,77.8499984741211,77.27999877929688,77.69000244140625,66.76383972167969,14165200
XLV,2017-06-19,77.80000305175781,78.56999969482422,77.76000213623047,78.5,67.45990753173828,8294400
XLV,2017-06-20,78.48999786376953,79.19000244140625,78.45999908447266,78.76000213623047,67.68331909179688,7697200
XLV,2017-06-21,78.91999816894531,79.79000091552734,78.87000274658203,79.76000213623047,68.54269409179688,9481200
XLV,2017-06-22,79.88999938964844,81.08000183105469,79.86000061035156,80.58999633789062,69.2559585571289,12341100
XLV,2017-06-23,80.48999786376953,80.63999938964844,80.16999816894531,80.47000122070312,69.15284729003906,8779600
XLV,2017-06-26,80.69999694824219,80.69999694824219,80.2699966430664,80.38999938964844,69.08409881591797,7434400
XLV,2017-06-27,80.38999938964844,80.48999786376953,79.63999938964844,79.66000366210938,68.45674896240234,8428000
XLV,2017-06-28,79.91999816894531,80.27999877929688,79.87999725341797,80.08000183105469,68.81769561767578,8674200
XLV,2017-06-29,79.98999786376953,80.05999755859375,78.86000061035156,79.3499984741211,68.19033813476562,8445800
XLV,2017-06-30,79.66000366210938,79.66000366210938,79.23999786376953,79.23999786376953,68.09584045410156,7817400
XLV,2017-07-03,79.51000213623047,79.75,79.37000274658203,79.37999725341797,68.21612548828125,5904200
XLV,2017-07-05,79.48999786376953,79.94999694824219,79.20999908447266,79.8499984741211,68.62002563476562,8955500
XLV,2017-07-06,79.51000213623047,79.66000366210938,78.70999908447266,78.81999969482422,67.73489379882812,6367700
XLV,2017-07-07,79.0999984741211,79.30999755859375,78.9000015258789,79.22000122070312,68.07865905761719,4371400
XLV,2017-07-10,79.25,79.27999877929688,78.87000274658203,79.06999969482422,67.94974517822266,3580000
XLV,2017-07-11,79.0199966430664,79.19000244140625,78.58000183105469,78.9800033569336,67.87240600585938,4117500
XLV,2017-07-12,79.37000274658203,79.77999877929688,79.3499984741211,79.5199966430664,68.33642578125,8808200
XLV,2017-07-13,79.58999633789062,79.83999633789062,79.05000305175781,79.58999633789062,68.39659881591797,9437700
XLV,2017-07-14,79.76000213623047,80.30000305175781,79.5999984741211,80.12999725341797,68.86067962646484,5750000
XLV,2017-07-17,80.2300033569336,80.29000091552734,79.81999969482422,79.83999633789062,68.61144256591797,5743700
XLV,2017-07-18,79.73999786376953,79.9800033569336,79.36000061035156,79.9000015258789,68.66302490234375,8042700
XLV,2017-07-19,80.23999786376953,80.55000305175781,80.23999786376953,80.55000305175781,69.22159576416016,8177900
XLV,2017-07-20,80.73999786376953,81.20999908447266,80.61000061035156,81.08000183105469,69.67709350585938,8276800
XLV,2017-07-21,80.91000366210938,81.11000061035156,80.8499984741211,80.98999786376953,69.59970092773438,4043600
XLV,2017-07-24,80.91999816894531,81.04000091552734,80.61000061035156,80.95999908447266,69.57390594482422,4476800
XLV,2017-07-25,81.1500015258789,81.20999908447266,80.26000213623047,80.37999725341797,69.07549285888672,8486000
XLV,2017-07-26,80.19999694824219,80.27999877929688,79.88999938964844,80.11000061035156,68.84345245361328,4964100
XLV,2017-07-27,80.19000244140625,80.19000244140625,79.2300033569336,79.55999755859375,68.3708267211914,12536800
XLV,2017-07-28,79.58999633789062,80.05999755859375,79.25,79.95999908447266,68.71456146240234,6426100
XLV,2017-07-31,80.05999755859375,80.22000122070312,79.87999725341797,79.88999938964844,68.65440368652344,5516800
XLV,2017-08-01,80.18000030517578,80.18000030517578,79.61000061035156,79.70999908447266,68.49971771240234,8678800
XLV,2017-08-02,79.69999694824219,79.69999694824219,79.25,79.52999877929688,68.34501647949219,7718500
XLV,2017-08-03,79.56999969482422,79.81999969482422,79.30999755859375,79.66000366210938,68.45674896240234,8003600
XLV,2017-08-04,80.02999877929688,80.02999877929688,79.37999725341797,79.4800033569336,68.30207061767578,3930100
XLV,2017-08-07,79.4000015258789,79.66000366210938,79.33000183105469,79.6500015258789,68.44818115234375,4583300
XLV,2017-08-08,79.55000305175781,79.69000244140625,79.12000274658203,79.27999877929688,68.13018035888672,4423300
XLV,2017-08-09,79.08999633789062,79.44999694824219,78.94999694824219,79.37000274658203,68.20753479003906,4886500
XLV,2017-08-10,79.12999725341797,79.19999694824219,78.37000274658203,78.37999725341797,67.35678100585938,7054700
XLV,2017-08-11,78.41999816894531,78.98999786376953,78.41999816894531,78.5999984741211,67.54582977294922,8318600
XLV,2017-08-14,78.94000244140625,79.26000213623047,78.94000244140625,79.12999725341797,68.00128936767578,3955800
XLV,2017-08-15,79.2300033569336,79.38999938964844,79.11000061035156,79.12999725341797,68.00128936767578,4653800
XLV,2017-08-16,79.26000213623047,79.5,79.16999816894531,79.3499984741211,68.19033813476562,3756900
XLV,2017-08-17,79.0999984741211,79.44000244140625,78.33000183105469,78.36000061035156,67.33958435058594,7133400
XLV,2017-08-18,78.06999969482422,78.52999877929688,77.94999694824219,78.0,67.03022766113281,8434600
XLV,2017-08-21,77.93000030517578,78.44999694824219,77.81999969482422,78.3499984741211,67.33099365234375,10269000
XLV,2017-08-22,78.37000274658203,79.38999938964844,78.31999969482422,79.30000305175781,68.14740753173828,5455500
XLV,2017-08-23,79.02999877929688,79.05000305175781,78.66999816894531,78.69999694824219,67.63177490234375,5662500
XLV,2017-08-24,78.77999877929688,79.04000091552734,78.62999725341797,78.93000030517578,67.82942199707031,5502800
XLV,2017-08-25,79.0999984741211,79.4000015258789,78.88999938964844,78.94999694824219,67.84659576416016,5476500
XLV,2017-08-28,79.16999816894531,79.5,79.1500015258789,79.37000274658203,68.20753479003906,7432800
XLV,2017-08-29,79.04000091552734,79.5999984741211,78.97000122070312,79.5199966430664,68.33642578125,4243500
XLV,2017-08-30,79.43000030517578,80.12999725341797,79.41000366210938,79.93000030517578,68.68878173828125,3667900
XLV,2017-08-31,80.12999725341797,81.37000274658203,80.12999725341797,81.29000091552734,69.85752868652344,6987200
XLV,2017-09-01,81.41000366210938,81.58000183105469,80.91999816894531,81.2300033569336,69.80596160888672,6471600
XLV,2017-09-05,80.88999938964844,81.37000274658203,80.51000213623047,80.87999725341797,69.50517272949219,8076900
XLV,2017-09-06,81.16000366210938,81.3499984741211,80.80000305175781,81.2699966430664,69.84031677246094,8791000
XLV,2017-09-07,81.26000213623047,82.3499984741211,81.23999786376953,82.16999816894531,70.61376190185547,7251000
XLV,2017-09-08,82.05000305175781,82.68000030517578,81.91000366210938,82.54000091552734,70.93173217773438,4302600
XLV,2017-09-11,82.91000366210938,83.19999694824219,82.7300033569336,83.18000030517578,71.4817123413086,6286200
XLV,2017-09-12,83.19999694824219,83.37000274658203,83.04000091552734,83.36000061035156,71.63640594482422,6984800
XLV,2017-09-13,83.26000213623047,83.41000366210938,82.88999938964844,83.05000305175781,71.3699722290039,5873800
XLV,2017-09-14,82.81999969482422,83.29000091552734,82.72000122070312,83.16000366210938,71.46453094482422,6373800
XLV,2017-09-15,83.05999755859375,83.05999755859375,82.5,82.58999633789062,71.23597717285156,7091300
XLV,2017-09-18,82.68000030517578,82.9000015258789,82.44000244140625,82.56999969482422,71.21869659423828,7783100
XLV,2017-09-19,82.61000061035156,82.70999908447266,81.83000183105469,81.91999816894531,70.6580810546875,7329200
XLV,2017-09-20,81.94999694824219,82.08999633789062,81.41000366210938,82.0,70.72704315185547,5101800
XLV,2017-09-21,81.94999694824219,82.04000091552734,81.54000091552734,81.58000183105469,70.36479187011719,4527900
XLV,2017-09-22,81.47000122070312,81.69000244140625,81.16000366210938,81.58000183105469,70.36479187011719,6473300
XLV,2017-09-25,81.47000122070312,81.83999633789062,81.22000122070312,81.33999633789062,70.15779113769531,12439300
XLV,2017-09-26,81.56999969482422,81.80000305175781,81.18000030517578,81.20999908447266,70.04566955566406,4579400
XLV,2017-09-27,81.41999816894531,81.41999816894531,80.83000183105469,81.18000030517578,70.01980590820312,5384700
XLV,2017-09-28,81.11000061035156,81.5199966430664,80.98999786376953,81.25,70.08016204833984,4229000
XLV,2017-09-29,81.26000213623047,81.7699966430664,81.05999755859375,81.7300033569336,70.4941635131836,6902700
XLV,2017-10-02,81.97000122070312,82.56999969482422,81.87999725341797,82.55999755859375,71.21004486083984,8764900
XLV,2017-10-03,82.68000030517578,82.80000305175781,82.22000122070312,82.54000091552734,71.1928482055664,5141700
XLV,2017-10-04,82.66000366210938,82.97000122070312,82.58000183105469,82.94000244140625,71.53783416748047,3291100
XLV,2017-10-05,82.94000244140625,83.01000213623047,82.62000274658203,83.0,71.58959197998047,7709600
XLV,2017-10-06,82.8499984741211,83.20999908447266,82.76000213623047,82.88999938964844,71.49470520019531,4035900
XLV,2017-10-09,82.87999725341797,82.9000015258789,82.23999786376953,82.37000274658203,71.04621124267578,4558800
XLV,2017-10-10,82.4000015258789,82.55999755859375,82.11000061035156,82.55999755859375,71.21004486083984,4037700
XLV,2017-10-11,82.51000213623047,82.80999755859375,82.48999786376953,82.72000122070312,71.34809875488281,4031600
XLV,2017-10-12,82.69000244140625,82.81999969482422,82.52999877929688,82.62999725341797,71.27043914794922,4731600
XLV,2017-10-13,82.36000061035156,82.52999877929688,82.22000122070312,82.41999816894531,71.08932495117188,5909600
XLV,2017-10-16,82.36000061035156,82.68000030517578,81.91000366210938,82.05999755859375,70.77881622314453,10219700
XLV,2017-10-17,82.2300033569336,83.37999725341797,82.2300033569336,83.16000366210938,71.72760772705078,8437800
XLV,2017-10-18,83.37000274658203,83.7300033569336,83.18000030517578,83.27999877929688,71.83109283447266,6938700
XLV,2017-10-19,83.18000030517578,83.80999755859375,83.05999755859375,83.79000091552734,72.27098846435547,6410400
XLV,2017-10-20,83.81999969482422,83.94999694824219,83.58999633789062,83.87999725341797,72.3486328125,6343800
XLV,2017-10-23,83.98999786376953,84.30999755859375,83.62999725341797,83.66999816894531,72.16746520996094,7159600
XLV,2017-10-24,83.68000030517578,83.69000244140625,82.62999725341797,83.11000061035156,71.68448638916016,7145500
XLV,2017-10-25,83.02999877929688,83.2300033569336,82.66999816894531,82.98999786376953,71.58097076416016,6819100
XLV,2017-10-26,82.4000015258789,82.63999938964844,81.66000366210938,82.16000366210938,70.86507415771484,13466900
XLV,2017-10-27,81.87000274658203,82.2300033569336,81.83000183105469,82.13999938964844,70.84783172607422,6122000
XLV,2017-10-30,81.87000274658203,81.91999816894531,81.08000183105469,81.26000213623047,70.08880615234375,5884000
XLV,2017-10-31,81.20999908447266,81.45999908447266,80.97000122070312,81.11000061035156,69.95941162109375,6548600
XLV,2017-11-01,81.25,81.6500015258789,81.08999633789062,81.30999755859375,70.13191986083984,7427800
XLV,2017-11-02,81.45999908447266,81.4800033569336,80.76000213623047,80.94000244140625,69.81279754638672,10200300
XLV,2017-11-03,80.8499984741211,81.66000366210938,80.8499984741211,81.61000061035156,70.39066314697266,6862700
XLV,2017-11-06,81.4800033569336,81.56999969482422,81.30000305175781,81.36000061035156,70.17506408691406,4853200
XLV,2017-11-07,81.5,81.6500015258789,81.23999786376953,81.52999877929688,70.32166290283203,4439800
XLV,2017-11-08,81.44000244140625,81.80999755859375,81.33999633789062,81.72000122070312,70.48558044433594,6186200
XLV,2017-11-09,81.5199966430664,81.80999755859375,81.2300033569336,81.7300033569336,70.4941635131836,7086400
XLV,2017-11-10,81.52999877929688,81.52999877929688,80.69000244140625,81.19999694824219,70.03704833984375,4826300
XLV,2017-11-13,80.93000030517578,81.44000244140625,80.69999694824219,81.27999877929688,70.10604858398438,4704000
XLV,2017-11-14,81.01000213623047,81.0999984741211,80.58000183105469,80.94999694824219,69.82139587402344,7430100
XLV,2017-11-15,80.6500015258789,80.97000122070312,80.44000244140625,80.72000122070312,69.62301635742188,4952300
XLV,2017-11-16,80.83999633789062,81.66000366210938,80.83999633789062,81.55999755859375,70.34756469726562,4780500
XLV,2017-11-17,81.19000244140625,81.5,81.11000061035156,81.23999786376953,70.07151794433594,6129800
XLV,2017-11-20,81.2300033569336,81.30000305175781,80.7699966430664,80.9000015258789,69.7782974243164,4898500
XLV,2017-11-21,81.33999633789062,81.80000305175781,81.30999755859375,81.61000061035156,70.39066314697266,7974500
XLV,2017-11-22,81.61000061035156,81.91999816894531,81.44999694824219,81.58000183105469,70.36479187011719,4853100
XLV,2017-11-24,81.69000244140625,81.80000305175781,81.51000213623047,81.7699966430664,70.5286865234375,1650600
XLV,2017-11-27,81.7699966430664,81.9800033569336,81.69999694824219,81.83999633789062,70.58906555175781,4241400
XLV,2017-11-28,82.04000091552734,82.51000213623047,81.81999969482422,82.44000244140625,71.10657501220703,8290400
XLV,2017-11-29,82.51000213623047,83.1500015258789,82.51000213623047,82.8499984741211,71.46019744873047,8144600
XLV,2017-11-30,83.11000061035156,83.72000122070312,82.86000061035156,83.47000122070312,71.99496459960938,10639600
XLV,2017-12-01,83.43000030517578,83.6500015258789,82.16999816894531,83.30000305175781,71.84835052490234,15315400
XLV,2017-12-04,83.77999877929688,83.80000305175781,82.27999877929688,82.27999877929688,70.96856689453125,9770300
XLV,2017-12-05,82.33000183105469,82.73999786376953,82.06999969482422,82.13999938964844,70.84783172607422,13240800
XLV,2017-12-06,82.19000244140625,82.45999908447266,81.70999908447266,82.06999969482422,70.78742980957031,8533000
XLV,2017-12-07,82.0199966430664,82.25,81.7699966430664,82.08999633789062,70.80470275878906,3979200
XLV,2017-12-08,82.33000183105469,83.0199966430664,82.2699966430664,83.01000213623047,71.59822845458984,8444100
XLV,2017-12-11,83.08000183105469,83.41000366210938,82.94999694824219,83.36000061035156,71.90009307861328,6588600
XLV,2017-12-12,83.38999938964844,83.81999969482422,83.38999938964844,83.69000244140625,72.18474578857422,6068600
XLV,2017-12-13,83.68000030517578,84.22000122070312,83.6500015258789,83.9800033569336,72.43490600585938,8459800
XLV,2017-12-14,84.05000305175781,84.16000366210938,83.05000305175781,83.12999725341797,71.70172882080078,6772100
XLV,2017-12-15,83.11000061035156,83.73999786376953,83.11000061035156,83.70999908447266,72.49061584472656,8012200
XLV,2017-12-18,83.9800033569336,84.19999694824219,83.69000244140625,83.73999786376953,72.51658630371094,5655400
XLV,2017-12-19,83.87000274658203,84.16000366210938,83.5999984741211,83.63999938964844,72.43000793457031,4777100
XLV,2017-12-20,83.81999969482422,83.94999694824219,83.36000061035156,83.37000274658203,72.19617462158203,4686700
XLV,2017-12-21,83.62999725341797,83.68000030517578,83.12000274658203,83.18000030517578,72.03165435791016,4304200
XLV,2017-12-22,83.05999755859375,83.16000366210938,82.70999908447266,82.91000366210938,71.7978286743164,7023600
XLV,2017-12-26,82.83999633789062,83.04000091552734,82.75,82.93000030517578,71.81517028808594,2504100
XLV,2017-12-27,82.98999786376953,83.29000091552734,82.9800033569336,83.06999969482422,71.9364013671875,4053300
XLV,2017-12-28,83.22000122070312,83.33999633789062,82.93000030517578,83.19000244140625,72.0403060913086,5380600
XLV,2017-12-29,83.33000183105469,83.45999908447266,82.58999633789062,82.68000030517578,71.59868621826172,4877200
XLV,2018-01-02,82.98999786376953,83.6500015258789,82.87000274658203,83.61000061035156,72.40401458740234,6708900
XLV,2018-01-03,83.5999984741211,84.47000122070312,83.36000061035156,84.41000366210938,73.09678649902344,7606500
XLV,2018-01-04,84.68000030517578,84.83999633789062,84.31999969482422,84.52999877929688,73.20073699951172,7762500
XLV,2018-01-05,84.80000305175781,85.33000183105469,84.63999938964844,85.25,73.82421112060547,7579300
XLV,2018-01-08,85.1500015258789,85.26000213623047,84.51000213623047,84.94000244140625,73.5557632446289,5167300
XLV,2018-01-09,85.19999694824219,86.12000274658203,85.12000274658203,85.94000244140625,74.42173767089844,6962900
XLV,2018-01-10,85.6500015258789,85.80999755859375,85.1500015258789,85.79000091552734,74.2918472290039,10835800
XLV,2018-01-11,85.94000244140625,86.18000030517578,85.69999694824219,86.16000366210938,74.61226654052734,4247800
XLV,2018-01-12,86.31999969482422,86.91999816894531,86.25,86.81999969482422,75.18382263183594,5391700
XLV,2018-01-16,87.36000061035156,87.94999694824219,87.11000061035156,87.25,75.55615234375,8920000
XLV,2018-01-17,87.6500015258789,88.27999877929688,87.43000030517578,88.08999633789062,76.28357696533203,7214600
XLV,2018-01-18,88.0999984741211,88.19999694824219,87.5999984741211,88.11000061035156,76.3009262084961,7954800
XLV,2018-01-19,88.44999694824219,88.47000122070312,88.0,88.44000244140625,76.58667755126953,4802400
XLV,2018-01-22,88.41000366210938,89.06999969482422,88.25,89.0199966430664,77.08894348144531,11152500
XLV,2018-01-23,89.01000213623047,89.18000030517578,88.51000213623047,88.58999633789062,76.71654510498047,7637600
XLV,2018-01-24,89.02999877929688,89.18000030517578,88.54000091552734,88.8499984741211,76.94173431396484,8291100
XLV,2018-01-25,89.27999877929688,89.69999694824219,88.94000244140625,89.61000061035156,77.59986114501953,6339300
XLV,2018-01-26,90.0199966430664,91.55999755859375,90.0,91.54000091552734,79.27119445800781,9784400
XLV,2018-01-29,91.30000305175781,91.79000091552734,91.27999877929688,91.29000091552734,79.0546875,12643800
XLV,2018-01-30,89.48999786376953,90.11000061035156,89.22000122070312,89.37000274658203,77.39201354980469,14270600
XLV,2018-01-31,89.83000183105469,90.08999633789062,87.79000091552734,88.0999984741211,76.29224395751953,15858400
XLV,2018-02-01,87.76000213623047,88.52999877929688,87.54000091552734,88.12999725341797,76.31822204589844,12848700
XLV,2018-02-02,87.41000366210938,88.18000030517578,86.87000274658203,86.88999938964844,75.24442291259766,10539200
XLV,2018-02-05,86.45999908447266,86.98999786376953,82.37000274658203,83.04000091552734,71.9104232788086,34979800
XLV,2018-02-06,81.44000244140625,84.31999969482422,81.4000015258789,83.95999908447266,72.70710754394531,33313400
XLV,2018-02-07,83.72000122070312,85.04000091552734,83.43000030517578,83.86000061035156,72.6205062866211,17338000
XLV,2018-02-08,83.83999633789062,84.11000061035156,80.87999725341797,80.94999694824219,70.10053253173828,20252500
XLV,2018-02-09,81.69000244140625,82.80000305175781,79.55999755859375,82.0999984741211,71.09640502929688,35535700
XLV,2018-02-12,82.62999725341797,83.51000213623047,81.88999938964844,82.87000274658203,71.7632064819336,13389200
XLV,2018-02-13,82.38999938964844,83.12000274658203,81.87999725341797,82.93000030517578,71.81517028808594,8415200
XLV,2018-02-14,82.4000015258789,84.0199966430664,82.31999969482422,83.87000274658203,72.62916564941406,10110800
XLV,2018-02-15,84.44000244140625,84.83000183105469,83.58999633789062,84.80000305175781,73.43455505371094,9519100
XLV,2018-02-16,84.37999725341797,86.01000213623047,84.37999725341797,85.41000366210938,73.96280670166016,9323000
XLV,2018-02-20,85.0,85.27999877929688,84.2300033569336,84.47000122070312,73.1487808227539,8872100
XLV,2018-02-21,84.45999908447266,85.58999633789062,84.11000061035156,84.12000274658203,72.84568786621094,9417400
XLV,2018-02-22,84.38999938964844,84.98999786376953,83.79000091552734,83.98999786376953,72.73310089111328,6316100
XLV,2018-02-23,84.48999786376953,85.36000061035156,84.12000274658203,85.33000183105469,73.89350128173828,5498500
XLV,2018-02-26,85.4800033569336,86.51000213623047,85.4800033569336,86.41000366210938,74.82876586914062,6266100
XLV,2018-02-27,86.41000366210938,86.69999694824219,85.51000213623047,85.51000213623047,74.04936981201172,7460700
XLV,2018-02-28,85.79000091552734,85.9000015258789,84.12000274658203,84.13999938964844,72.86298370361328,6279000
XLV,2018-03-01,83.98999786376953,84.41999816894531,82.16999816894531,82.80000305175781,71.70256805419922,12720300
XLV,2018-03-02,82.3499984741211,83.81999969482422,82.33999633789062,83.63999938964844,72.43000793457031,11206000
XLV,2018-03-05,83.26000213623047,84.6500015258789,83.08000183105469,84.4000015258789,73.08815002441406,11028800
XLV,2018-03-06,84.58999633789062,84.7300033569336,83.86000061035156,84.27999877929688,72.9842300415039,9573300
XLV,2018-03-07,83.55999755859375,84.80000305175781,83.52999877929688,84.70999908447266,73.35657501220703,6868200
XLV,2018-03-08,84.94000244140625,85.3499984741211,84.80000305175781,85.27999877929688,73.85018920898438,6403000
XLV,2018-03-09,85.80000305175781,86.54000091552734,85.4800033569336,86.51000213623047,74.91533660888672,8253100
XLV,2018-03-12,86.54000091552734,86.66999816894531,86.04000091552734,86.13999938964844,74.59491729736328,5760200
XLV,2018-03-13,86.47000122070312,86.8499984741211,86.05999755859375,86.25,74.69020080566406,6400700
XLV,2018-03-14,86.55000305175781,86.75,85.55000305175781,85.83000183105469,74.32647705078125,9416400
XLV,2018-03-15,86.12999725341797,86.37999725341797,85.58000183105469,85.69000244140625,74.20527648925781,5883100
XLV,2018-03-16,85.37999725341797,85.8499984741211,85.37999725341797,85.38999938964844,74.20524597167969,7067700
XLV,2018-03-19,85.2300033569336,85.33999633789062,83.33000183105469,84.01000213623047,73.00601196289062,7190200
XLV,2018-03-20,84.19999694824219,84.43000030517578,83.6500015258789,84.12999725341797,73.11029052734375,5534400
XLV,2018-03-21,84.2699966430664,84.7300033569336,83.69999694824219,83.7699966430664,72.79744720458984,5498700
XLV,2018-03-22,82.95999908447266,83.0199966430664,81.22000122070312,81.36000061035156,70.70313262939453,14648500
XLV,2018-03-23,81.44000244140625,81.61000061035156,79.61000061035156,79.66999816894531,69.23448944091797,11049000
XLV,2018-03-26,80.56999969482422,81.43000030517578,79.6500015258789,81.31999969482422,70.66836547851562,9183500
XLV,2018-03-27,81.61000061035156,81.8499984741211,79.9000015258789,80.36000061035156,69.8341064453125,10948400
XLV,2018-03-28,80.58999633789062,81.56999969482422,80.4800033569336,80.79000091552734,70.20779418945312,10146800
XLV,2018-03-29,81.22000122070312,81.98999786376953,80.66999816894531,81.4000015258789,70.73786163330078,6914900
XLV,2018-04-02,81.05999755859375,81.4800033569336,78.73999786376953,79.55000305175781,69.13020324707031,11364900
XLV,2018-04-03,79.9800033569336,80.91000366210938,79.48999786376953,80.76000213623047,70.18171691894531,8590700
XLV,2018-04-04,79.79000091552734,82.13999938964844,79.79000091552734,81.91000366210938,71.18106842041016,9085800
XLV,2018-04-05,82.19999694824219,82.2699966430664,81.54000091552734,81.8499984741211,71.12893676757812,8031300
XLV,2018-04-06,81.16999816894531,81.56999969482422,79.16000366210938,79.87999725341797,69.41698455810547,12171800
XLV,2018-04-09,80.30999755859375,81.79000091552734,80.08000183105469,80.66999816894531,70.10350036621094,6952600
XLV,2018-04-10,81.47000122070312,82.3499984741211,81.19000244140625,82.02999877929688,71.28534698486328,8097800
XLV,2018-04-11,81.41999816894531,81.91000366210938,81.25,81.36000061035156,70.70313262939453,6205800
XLV,2018-04-12,81.80000305175781,82.30000305175781,81.73999786376953,81.91000366210938,71.18106842041016,5096900
XLV,2018-04-13,82.30000305175781,82.37000274658203,81.43000030517578,81.87000274658203,71.14632415771484,7837000
XLV,2018-04-16,82.47000122070312,82.81999969482422,82.27999877929688,82.5199966430664,71.7111587524414,7217200
XLV,2018-04-17,83.1500015258789,83.33999633789062,82.72000122070312,83.16000366210938,72.26734924316406,6500900
XLV,2018-04-18,83.37000274658203,83.5199966430664,82.83000183105469,83.2300033569336,72.32818603515625,4704500
XLV,2018-04-19,83.08000183105469,83.16000366210938,82.2300033569336,82.52999877929688,71.71985626220703,5833600
XLV,2018-04-20,82.5999984741211,82.72000122070312,81.81999969482422,82.08999633789062,71.3375015258789,5250500
XLV,2018-04-23,82.30999755859375,82.66999816894531,82.0999984741211,82.41000366210938,71.61557006835938,9257300
XLV,2018-04-24,82.66999816894531,82.7300033569336,81.16999816894531,81.79000091552734,71.07681274414062,8904800
XLV,2018-04-25,81.69000244140625,82.19999694824219,81.12000274658203,82.16000366210938,71.3983383178711,8068800
XLV,2018-04-26,82.4000015258789,83.5199966430664,82.4000015258789,83.19999694824219,72.30209350585938,9463300
XLV,2018-04-27,83.13999938964844,83.66999816894531,82.95999908447266,83.54000091552734,72.5975570678711,6663300
XLV,2018-04-30,83.9000015258789,83.94999694824219,82.25,82.26000213623047,71.48523712158203,7241000
XLV,2018-05-01,82.16000366210938,82.44999694824219,81.52999877929688,82.22000122070312,71.45048522949219,8498000
XLV,2018-05-02,81.79000091552734,81.8499984741211,80.91000366210938,81.08999633789062,70.46847534179688,11594300
XLV,2018-05-03,80.72000122070312,80.7300033569336,79.30999755859375,80.36000061035156,69.8341064453125,13524100
XLV,2018-05-04,80.12000274658203,81.2699966430664,79.80999755859375,81.0,70.39027404785156,7889500
XLV,2018-05-07,81.26000213623047,81.58000183105469,80.66999816894531,80.87999725341797,70.2859878540039,5886700
XLV,2018-05-08,80.68000030517578,80.75,79.79000091552734,80.2699966430664,69.75586700439453,9522300
XLV,2018-05-09,80.41999816894531,81.08000183105469,79.9800033569336,80.7300033569336,70.15565490722656,11340200
XLV,2018-05-10,81.06999969482422,82.16999816894531,81.02999877929688,81.80999755859375,71.09416961669922,7845500
XLV,2018-05-11,81.87999725341797,83.19000244140625,81.7300033569336,83.02999877929688,72.15437316894531,10434000
XLV,2018-05-14,83.18000030517578,83.93000030517578,83.01000213623047,83.58000183105469,72.63233184814453,11837600
XLV,2018-05-15,83.02999877929688,83.12999725341797,82.2300033569336,82.5,71.69379425048828,8806800
XLV,2018-05-16,82.45999908447266,83.25,82.44999694824219,82.95999908447266,72.09355926513672,7013600
XLV,2018-05-17,82.87999725341797,83.12999725341797,82.5199966430664,82.98999786376953,72.11961364746094,6610400
XLV,2018-05-18,83.05000305175781,83.37000274658203,82.7699966430664,83.19999694824219,72.30209350585938,5838900
XLV,2018-05-21,83.58999633789062,83.75,83.16000366210938,83.27999877929688,72.37162017822266,6406500
XLV,2018-05-22,83.44999694824219,83.55000305175781,82.98999786376953,83.12000274658203,72.23258209228516,5770200
XLV,2018-05-23,82.7699966430664,83.41999816894531,82.66999816894531,83.38999938964844,72.46722412109375,8360500
XLV,2018-05-24,83.33999633789062,83.4800033569336,82.69000244140625,83.05999755859375,72.18045043945312,7166500
XLV,2018-05-25,83.08999633789062,83.45999908447266,82.80000305175781,82.94000244140625,72.07616424560547,6853300
XLV,2018-05-29,82.4000015258789,82.55000305175781,81.56999969482422,82.08999633789062,71.3375015258789,18236800
XLV,2018-05-30,82.6500015258789,83.51000213623047,82.55999755859375,83.31999969482422,72.40637969970703,13167700
XLV,2018-05-31,83.16000366210938,83.2300033569336,82.37999725341797,82.41000366210938,71.61557006835938,11543500
XLV,2018-06-01,82.73999786376953,83.38999938964844,82.6500015258789,83.36000061035156,72.4411392211914,8037800
XLV,2018-06-04,83.45999908447266,83.79000091552734,83.19000244140625,83.66999816894531,72.71052551269531,7230800
XLV,2018-06-05,83.69999694824219,83.87999725341797,83.0999984741211,83.5,72.56281280517578,5444400
XLV,2018-06-06,83.79000091552734,84.52999877929688,83.44999694824219,84.44000244140625,73.37968444824219,7218900
XLV,2018-06-07,84.69000244140625,84.7699966430664,84.13999938964844,84.55000305175781,73.47525787353516,7405600
XLV,2018-06-08,84.5199966430664,85.0999984741211,84.37999725341797,85.04000091552734,73.90109252929688,6247100
XLV,2018-06-11,85.05000305175781,85.61000061035156,84.8499984741211,85.19999694824219,74.0401382446289,7074400
XLV,2018-06-12,85.29000091552734,85.29000091552734,84.7699966430664,85.1500015258789,73.99667358398438,6829200
XLV,2018-06-13,85.30000305175781,85.72000122070312,85.05999755859375,85.16999816894531,74.01405334472656,10379200
XLV,2018-06-14,85.33999633789062,85.66000366210938,85.0999984741211,85.61000061035156,74.39642333984375,9379800
XLV,2018-06-15,85.19000244140625,85.5,84.80000305175781,85.45999908447266,74.54122161865234,9349300
XLV,2018-06-18,84.94000244140625,84.94000244140625,84.29000091552734,84.63999938964844,73.82597351074219,7342600
XLV,2018-06-19,84.05999755859375,84.88999938964844,83.93000030517578,84.86000061035156,74.01786804199219,6431700
XLV,2018-06-20,84.97000122070312,85.23999786376953,84.79000091552734,85.04000091552734,74.17488098144531,5900800
XLV,2018-06-21,84.95999908447266,84.97000122070312,84.3499984741211,84.55000305175781,73.74746704101562,7423400
XLV,2018-06-22,84.86000061035156,85.26000213623047,84.63999938964844,84.93000030517578,74.07893371582031,9829800
XLV,2018-06-25,84.61000061035156,84.94000244140625,83.51000213623047,84.1500015258789,73.39856719970703,9925100
XLV,2018-06-26,84.22000122070312,84.27999877929688,83.77999877929688,83.88999938964844,73.17180633544922,5560100
XLV,2018-06-27,83.88999938964844,84.31999969482422,83.12000274658203,83.18000030517578,72.55252838134766,7420500
XLV,2018-06-28,82.87000274658203,83.5,82.29000091552734,83.29000091552734,72.64848327636719,9026900
XLV,2018-06-29,83.55000305175781,84.19999694824219,83.4000015258789,83.45999908447266,72.79676055908203,6479300
XLV,2018-07-02,83.0,83.7699966430664,82.72000122070312,83.72000122070312,73.02352142333984,9364700
XLV,2018-07-03,84.0199966430664,84.30999755859375,83.69999694824219,83.91999816894531,73.19799041748047,3023100
XLV,2018-07-05,84.30999755859375,84.87999725341797,84.11000061035156,84.79000091552734,73.95683288574219,7458600
XLV,2018-07-06,85.19999694824219,86.16000366210938,85.0999984741211,86.01000213623047,75.02095794677734,9822500
XLV,2018-07-09,86.3499984741211,86.80999755859375,86.31999969482422,86.63999938964844,75.57044982910156,7874400
XLV,2018-07-10,86.80999755859375,87.01000213623047,86.58000183105469,86.97000122070312,75.85830688476562,6122900
XLV,2018-07-11,86.5,86.58999633789062,86.22000122070312,86.27999877929688,75.25646209716797,6434500
XLV,2018-07-12,86.70999908447266,87.30000305175781,86.66000366210938,87.23999786376953,76.09379577636719,4461600
XLV,2018-07-13,87.05000305175781,87.58999633789062,87.0,87.4000015258789,76.23338317871094,6048700
XLV,2018-07-16,87.47000122070312,87.47000122070312,86.75,86.87000274658203,75.77108001708984,5388500
XLV,2018-07-17,86.83999633789062,87.4800033569336,86.80000305175781,87.3499984741211,76.18975067138672,5849300
XLV,2018-07-18,87.37000274658203,87.44000244140625,87.11000061035156,87.41999816894531,76.25080871582031,7575700
XLV,2018-07-19,87.20999908447266,87.38999938964844,86.55000305175781,86.93000030517578,75.82342529296875,5204000
XLV,2018-07-20,86.69000244140625,86.88999938964844,86.51000213623047,86.76000213623047,75.67512512207031,4822600
XLV,2018-07-23,86.70999908447266,87.05000305175781,86.61000061035156,86.94000244140625,75.83213806152344,3824600
XLV,2018-07-24,87.4000015258789,87.87999725341797,87.33999633789062,87.7300033569336,76.52119445800781,6467100
XLV,2018-07-25,87.68000030517578,88.87000274658203,87.58999633789062,88.8499984741211,77.49810028076172,9285900
XLV,2018-07-26,88.69999694824219,88.91000366210938,88.41000366210938,88.5999984741211,77.28005981445312,5763000
XLV,2018-07-27,88.63999938964844,88.63999938964844,87.63999938964844,87.95999908447266,76.7218246459961,5742900
XLV,2018-07-30,87.88999938964844,88.18000030517578,87.75,88.01000213623047,76.76541137695312,5531200
XLV,2018-07-31,88.33000183105469,89.05000305175781,88.19999694824219,88.93000030517578,77.56790161132812,6719100
XLV,2018-08-01,88.87999725341797,89.27999877929688,88.87999725341797,88.94999694824219,77.5853042602539,5733000
XLV,2018-08-02,88.56999969482422,89.47000122070312,88.52999877929688,89.27999877929688,77.87316131591797,5666200
XLV,2018-08-03,89.3499984741211,89.87999725341797,89.2300033569336,89.80999755859375,78.33545684814453,5884800
XLV,2018-08-06,89.76000213623047,90.16999816894531,89.44000244140625,89.97000122070312,78.47502136230469,4751100
XLV,2018-08-07,89.9800033569336,90.27999877929688,89.86000061035156,89.9800033569336,78.4837417602539,5170300
XLV,2018-08-08,89.98999786376953,90.25,89.79000091552734,90.12000274658203,78.60585021972656,5020400
XLV,2018-08-09,90.12999725341797,90.37999725341797,89.93000030517578,90.0199966430664,78.51861572265625,5680300
XLV,2018-08-10,89.69000244140625,90.16000366210938,89.31999969482422,89.62999725341797,78.1784439086914,5389500
XLV,2018-08-13,89.7300033569336,90.08999633789062,89.43000030517578,89.66000366210938,78.2046127319336,6563900
XLV,2018-08-14,89.79000091552734,90.23999786376953,89.69999694824219,90.08000183105469,78.5709457397461,5497700
XLV,2018-08-15,89.80000305175781,90.04000091552734,89.36000061035156,89.93000030517578,78.44010925292969,6840600
XLV,2018-08-16,90.19000244140625,90.93000030517578,90.08000183105469,90.80999755859375,79.20767211914062,6916700
XLV,2018-08-17,90.73999786376953,91.37000274658203,90.52999877929688,91.08999633789062,79.45188903808594,5455300
XLV,2018-08-20,91.30000305175781,91.55999755859375,91.25,91.38999938964844,79.71357727050781,8144900
XLV,2018-08-21,91.62000274658203,91.66000366210938,91.19999694824219,91.38999938964844,79.71357727050781,6395900
XLV,2018-08-22,91.18000030517578,91.68000030517578,91.06999969482422,91.4800033569336,79.79207611083984,3954300
XLV,2018-08-23,91.43000030517578,91.66999816894531,91.2300033569336,91.44999694824219,79.76590728759766,6058300
XLV,2018-08-24,91.66000366210938,91.88999938964844,91.48999786376953,91.88999938964844,80.14969635009766,4028900
XLV,2018-08-27,92.22000122070312,92.29000091552734,91.83000183105469,92.22000122070312,80.43750762939453,4671300
XLV,2018-08-28,92.36000061035156,92.38999938964844,92.06999969482422,92.2699966430664,80.48113250732422,4954100
XLV,2018-08-29,92.29000091552734,92.97000122070312,92.19000244140625,92.87000274658203,81.00447845458984,5338500
XLV,2018-08-30,92.80000305175781,93.11000061035156,92.5999984741211,92.80000305175781,80.94342803955078,5266100
XLV,2018-08-31,92.58000183105469,92.86000061035156,92.4000015258789,92.77999877929688,80.92598724365234,5808100
XLV,2018-09-04,92.69999694824219,92.76000213623047,91.81999969482422,92.04000091552734,80.28054809570312,6875500
XLV,2018-09-05,91.97000122070312,92.41000366210938,91.80000305175781,92.41000366210938,80.603271484375,10218900
XLV,2018-09-06,92.4000015258789,92.5999984741211,91.8499984741211,92.41000366210938,80.603271484375,5940300
XLV,2018-09-07,92.19000244140625,92.63999938964844,92.05000305175781,92.55000305175781,80.72539520263672,5591100
XLV,2018-09-10,92.77999877929688,92.94999694824219,92.22000122070312,92.30999755859375,80.51602935791016,4234000
XLV,2018-09-11,92.1500015258789,92.41000366210938,91.83999633789062,92.2300033569336,80.44625091552734,5683900
XLV,2018-09-12,92.29000091552734,92.86000061035156,92.11000061035156,92.69000244140625,80.84748840332031,11056600
XLV,2018-09-13,93.08999633789062,93.83999633789062,93.0,93.83999633789062,81.8505630493164,10603800
XLV,2018-09-14,93.91999816894531,93.91999816894531,93.36000061035156,93.52999877929688,81.58016967773438,5929000
XLV,2018-09-17,93.52999877929688,93.54000091552734,93.08000183105469,93.19000244140625,81.28359985351562,5543000
XLV,2018-09-18,93.19000244140625,93.97000122070312,93.05000305175781,93.7300033569336,81.75460052490234,5422900
XLV,2018-09-19,93.66999816894531,93.87000274658203,93.5,93.5999984741211,81.64119720458984,4186600
XLV,2018-09-20,93.87000274658203,94.56999969482422,93.80999755859375,94.51000213623047,82.43492889404297,5083000
XLV,2018-09-21,94.38999938964844,94.4800033569336,94.06999969482422,94.2699966430664,82.546142578125,8579100
XLV,2018-09-24,94.20999908447266,94.6500015258789,94.08000183105469,94.45999908447266,82.7125244140625,5392600
XLV,2018-09-25,94.58999633789062,94.7300033569336,94.06999969482422,94.16999816894531,82.45858764648438,5215900
XLV,2018-09-26,94.3499984741211,95.12000274658203,94.18000030517578,94.37999725341797,82.6424560546875,10880500
XLV,2018-09-27,94.51000213623047,95.12000274658203,94.4000015258789,94.86000061035156,83.06277465820312,7168800
XLV,2018-09-28,94.66999816894531,95.20999908447266,94.62999725341797,95.1500015258789,83.31671905517578,5995800
XLV,2018-10-01,95.51000213623047,96.05999755859375,95.33999633789062,95.62000274658203,83.72826385498047,7307100
XLV,2018-10-02,95.62000274658203,95.69999694824219,95.33000183105469,95.51000213623047,83.6319351196289,5572700
XLV,2018-10-03,95.83000183105469,96.0,95.18000030517578,95.33000183105469,83.4743423461914,6367500
XLV,2018-10-04,95.26000213623047,95.30000305175781,93.91000366210938,94.4000015258789,82.65999603271484,10976400
XLV,2018-10-05,94.4800033569336,94.97000122070312,93.69999694824219,94.29000091552734,82.56366729736328,12291000
XLV,2018-10-08,94.16999816894531,94.5199966430664,93.45999908447266,94.25,82.52862548828125,11924000
XLV,2018-10-09,94.0,94.73999786376953,93.70999908447266,94.41000366210938,82.66876983642578,7463900
XLV,2018-10-10,94.4000015258789,94.51000213623047,92.12000274658203,92.18000030517578,80.7160873413086,22549300
XLV,2018-10-11,91.93000030517578,92.13999938964844,89.04000091552734,89.69000244140625,78.5357437133789,46581800
XLV,2018-10-12,90.7699966430664,91.41000366210938,90.0199966430664,91.06999969482422,79.744140625,20797300
XLV,2018-10-15,90.91999816894531,91.31999969482422,90.37000274658203,90.44000244140625,79.1924819946289,13909700
XLV,2018-10-16,91.13999938964844,93.08000183105469,91.12999725341797,92.91999816894531,81.36404418945312,13505900
XLV,2018-10-17,92.86000061035156,93.63999938964844,92.38999938964844,93.41000366210938,81.79309844970703,14232300
XLV,2018-10-18,93.36000061035156,93.37000274658203,91.61000061035156,92.3499984741211,80.86492156982422,14455600
XLV,2018-10-19,92.51000213623047,92.83000183105469,91.38999938964844,91.51000213623047,80.12940216064453,11318600
XLV,2018-10-22,91.5,91.66999816894531,90.33999633789062,90.76000213623047,79.47267150878906,8288300
XLV,2018-10-23,89.5999984741211,90.70999908447266,88.87999725341797,90.2699966430664,79.04361724853516,15424500
XLV,2018-10-24,90.2300033569336,90.75,87.18000030517578,87.29000091552734,76.4342269897461,17431900
XLV,2018-10-25,87.27999877929688,89.02999877929688,86.2699966430664,88.41999816894531,77.42367553710938,15725100
XLV,2018-10-26,87.5999984741211,88.22000122070312,86.3499984741211,87.41999816894531,76.54808044433594,25507900
XLV,2018-10-29,88.43000030517578,89.08000183105469,86.41000366210938,87.63999938964844,76.7406997680664,14024300
XLV,2018-10-30,87.6500015258789,88.72000122070312,87.19999694824219,88.58000183105469,77.56379699707031,15432000
XLV,2018-10-31,89.29000091552734,89.6500015258789,88.62999725341797,88.69999694824219,77.66886138916016,13460700
XLV,2018-11-01,89.0,89.97000122070312,88.97000122070312,89.81999969482422,78.64957427978516,9668500
XLV,2018-11-02,90.69000244140625,90.83999633789062,88.66999816894531,89.26000213623047,78.15921020507812,12953000
XLV,2018-11-05,89.37999725341797,90.44999694824219,89.37999725341797,90.05000305175781,78.85099029541016,7783500
XLV,2018-11-06,89.93000030517578,90.61000061035156,89.80000305175781,90.51000213623047,79.25377655029297,7980500
XLV,2018-11-07,91.3499984741211,93.25,91.29000091552734,93.16999816894531,81.58296203613281,13310600
XLV,2018-11-08,93.0,93.55999755859375,92.87000274658203,93.22000122070312,81.62672424316406,7345600
XLV,2018-11-09,93.11000061035156,93.26000213623047,92.5,92.94999694824219,81.39029693603516,8486500
XLV,2018-11-12,92.80999755859375,92.94999694824219,91.4800033569336,91.69000244140625,80.28700256347656,8423200
XLV,2018-11-13,92.0,92.37000274658203,90.77999877929688,91.05000305175781,79.72660827636719,14227000
XLV,2018-11-14,91.61000061035156,91.62000274658203,89.88999938964844,90.31999969482422,79.08740234375,11664000
XLV,2018-11-15,89.68000030517578,91.2300033569336,88.83000183105469,91.12000274658203,79.78791046142578,15563900
XLV,2018-11-16,90.95999908447266,92.4800033569336,90.91000366210938,92.04000091552734,80.59351348876953,11323200
XLV,2018-11-19,92.12999725341797,92.19000244140625,90.47000122070312,90.87000274658203,79.5689926147461,8821000
XLV,2018-11-20,90.30000305175781,90.97000122070312,89.80999755859375,90.0199966430664,78.82469940185547,11604300
XLV,2018-11-21,90.30999755859375,90.31999969482422,89.48999786376953,89.51000213623047,78.37814331054688,9345100
XLV,2018-11-23,89.02999877929688,90.18000030517578,88.9800033569336,89.63999938964844,78.491943359375,3939500
XLV,2018-11-26,90.36000061035156,90.75,89.9800033569336,90.51000213623047,79.25377655029297,7141200
XLV,2018-11-27,90.20999908447266,91.44999694824219,89.87999725341797,91.44999694824219,80.07686614990234,9262000
XLV,2018-11-28,91.72000122070312,93.68000030517578,91.69999694824219,93.6500015258789,82.00326538085938,11870400
XLV,2018-11-29,93.43000030517578,94.51000213623047,93.30000305175781,93.95999908447266,82.27469635009766,8796000
XLV,2018-11-30,93.9000015258789,95.87000274658203,93.80000305175781,95.87000274658203,83.94715881347656,15875900
XLV,2018-12-03,95.80999755859375,95.80999755859375,94.86000061035156,95.41000366210938,83.54437255859375,12158200
XLV,2018-12-04,95.38999938964844,95.91999816894531,93.11000061035156,93.27999877929688,81.67928314208984,15011300
XLV,2018-12-06,92.12000274658203,92.93000030517578,90.13999938964844,92.93000030517578,81.37279510498047,18492900
XLV,2018-12-07,92.66999816894531,92.80000305175781,90.11000061035156,90.55999755859375,79.29753875732422,14930800
XLV,2018-12-10,90.61000061035156,91.25,88.6500015258789,90.91000366210938,79.6040267944336,15372000
XLV,2018-12-11,91.66999816894531,92.27999877929688,90.54000091552734,91.19000244140625,79.84920501708984,13632300
XLV,2018-12-12,92.19999694824219,93.16999816894531,91.91000366210938,91.97000122070312,80.53219604492188,12581000
XLV,2018-12-13,92.22000122070312,92.7300033569336,91.44000244140625,92.05999755859375,80.61100006103516,11567100
XLV,2018-12-14,91.16000366210938,91.23999786376953,88.69000244140625,88.95999908447266,77.89652252197266,19422700
XLV,2018-12-17,88.04000091552734,88.77999877929688,86.58999633789062,87.19000244140625,76.34667205810547,22089500
XLV,2018-12-18,87.94000244140625,88.0999984741211,85.5999984741211,86.43000030517578,75.68116760253906,24712500
XLV,2018-12-19,86.5999984741211,87.63999938964844,84.52999877929688,85.30000305175781,74.69171142578125,23075600
XLV,2018-12-20,84.91000366210938,85.26000213623047,83.5,84.0999984741211,73.64093780517578,25321600
XLV,2018-12-21,83.8499984741211,85.2699966430664,82.51000213623047,82.68000030517578,72.72615814208984,28909200
XLV,2018-12-24,82.12999725341797,82.44000244140625,80.6500015258789,80.69999694824219,70.98452758789062,14235500
XLV,2018-12-26,81.0,84.30000305175781,80.61000061035156,84.22000122070312,74.08073425292969,20575100
XLV,2018-12-27,83.2300033569336,85.19999694824219,82.0999984741211,85.1500015258789,74.89879608154297,14045700
XLV,2018-12-28,85.69999694824219,86.44000244140625,84.9000015258789,85.25,74.98674774169922,15770600
XLV,2018-12-31,85.7300033569336,86.58999633789062,85.66999816894531,86.51000213623047,76.09505462646484,10163100
XLV,2019-01-02,85.18000030517578,85.83000183105469,84.2699966430664,85.19999694824219,74.94277954101562,14179900
XLV,2019-01-03,85.31999969482422,85.5,83.25,83.47000122070312,73.42102813720703,17668000
XLV,2019-01-04,84.44999694824219,86.43000030517578,84.41000366210938,85.95999908447266,75.61125946044922,16262600
XLV,2019-01-07,85.98999786376953,87.0999984741211,85.7300033569336,86.29000091552734,75.90154266357422,12387200
XLV,2019-01-08,86.9800033569336,87.25,86.0,86.95999908447266,76.49087524414062,13371000
XLV,2019-01-09,87.33999633789062,87.86000061035156,87.08999633789062,87.3499984741211,76.83392333984375,11259700
XLV,2019-01-10,86.95999908447266,87.58000183105469,86.5199966430664,87.5199966430664,76.98345184326172,10396800
XLV,2019-01-11,87.11000061035156,87.83999633789062,86.94999694824219,87.80999755859375,77.23854064941406,7187900
XLV,2019-01-14,87.27999877929688,87.31999969482422,86.83000183105469,86.83999633789062,76.38533020019531,5449000
XLV,2019-01-15,86.95999908447266,88.41999816894531,86.94000244140625,88.4000015258789,77.75751495361328,10540600
XLV,2019-01-16,88.5199966430664,88.9000015258789,88.18000030517578,88.23999786376953,77.6167984008789,8288900
XLV,2019-01-17,88.0,89.38999938964844,87.93000030517578,89.0199966430664,78.3028793334961,8731600
XLV,2019-01-18,89.68000030517578,90.12999725341797,89.01000213623047,90.08000183105469,79.23528289794922,13367500
XLV,2019-01-22,89.44999694824219,89.62000274658203,88.83999633789062,89.45999908447266,78.68989562988281,12244500
XLV,2019-01-23,89.62999725341797,90.05000305175781,88.58999633789062,89.55999755859375,78.77787780761719,7722800
XLV,2019-01-24,89.47000122070312,89.55000305175781,88.38999938964844,88.80999755859375,78.1181640625,11307000
XLV,2019-01-25,89.25,89.25,88.66000366210938,88.91999816894531,78.21491241455078,7241900
XLV,2019-01-28,88.30999755859375,88.4000015258789,87.48999786376953,87.91000366210938,77.32649993896484,7113800
XLV,2019-01-29,87.91000366210938,88.41000366210938,87.66000366210938,88.33999633789062,77.7047348022461,11099200
XLV,2019-01-30,88.66999816894531,89.80000305175781,88.44999694824219,89.55000305175781,78.7690658569336,11706500
XLV,2019-01-31,89.44999694824219,90.87999725341797,89.36000061035156,90.66999816894531,79.75422668457031,13409900
XLV,2019-02-01,90.77999877929688,90.95999908447266,90.12999725341797,90.75,79.82462310791016,9386500
XLV,2019-02-04,90.76000213623047,90.76000213623047,89.72000122070312,90.48999786376953,79.59589385986328,9308600
XLV,2019-02-05,90.63999938964844,91.1500015258789,90.33999633789062,90.36000061035156,79.48153686523438,8921400
XLV,2019-02-06,90.19999694824219,90.80999755859375,90.08999633789062,90.7699966430664,79.84219360351562,6135900
XLV,2019-02-07,90.18000030517578,90.33000183105469,89.29000091552734,89.7699966430664,78.96257781982422,9511700
XLV,2019-02-08,89.41999816894531,89.94999694824219,89.29000091552734,89.94000244140625,79.11210632324219,7284200
XLV,2019-02-11,90.13999938964844,90.19999694824219,89.58000183105469,89.83000183105469,79.01535034179688,5017400
XLV,2019-02-12,90.22000122070312,91.11000061035156,90.05999755859375,91.05999755859375,80.09727478027344,9093200
XLV,2019-02-13,91.23999786376953,91.52999877929688,90.8499984741211,91.26000213623047,80.27322387695312,6435600
XLV,2019-02-14,91.02999877929688,91.87999725341797,90.9000015258789,91.47000122070312,80.45791625976562,6938600
XLV,2019-02-15,92.16000366210938,92.9000015258789,91.47000122070312,92.8499984741211,81.67178344726562,8234200
XLV,2019-02-19,92.5999984741211,92.98999786376953,92.58999633789062,92.62999725341797,81.47825622558594,6284100
XLV,2019-02-20,92.4000015258789,92.63999938964844,92.05999755859375,92.5199966430664,81.38150024414062,6959900
XLV,2019-02-21,92.19000244140625,92.25,91.30000305175781,91.70999908447266,80.6690444946289,8368500
XLV,2019-02-22,91.88999938964844,92.62999725341797,91.77999877929688,92.55000305175781,81.40789794921875,6488100
XLV,2019-02-25,93.0199966430664,93.23999786376953,92.61000061035156,92.68000030517578,81.52224731445312,7652600
XLV,2019-02-26,92.47000122070312,92.72000122070312,92.23999786376953,92.3499984741211,81.23197937011719,7288000
XLV,2019-02-27,92.04000091552734,92.36000061035156,91.61000061035156,91.91999816894531,80.85374450683594,9827600
XLV,2019-02-28,91.75,92.25,91.55000305175781,91.6500015258789,80.61625671386719,9464100
XLV,2019-03-01,92.22000122070312,93.08000183105469,92.13999938964844,92.94999694824219,81.75973510742188,10795200
XLV,2019-03-04,93.27999877929688,93.44999694824219,91.05999755859375,91.69000244140625,80.65143585205078,15208400
XLV,2019-03-05,91.7300033569336,91.97000122070312,91.16999816894531,91.63999938964844,80.60746002197266,13591700
XLV,2019-03-06,91.6500015258789,91.7699966430664,90.05000305175781,90.30000305175781,79.42878723144531,11662400
XLV,2019-03-07,90.16999816894531,90.36000061035156,89.27999877929688,89.58999633789062,78.80425262451172,14430700
XLV,2019-03-08,89.11000061035156,89.44999694824219,88.62999725341797,89.4000015258789,78.63713073730469,11531200
XLV,2019-03-11,89.63999938964844,90.5,89.37999725341797,90.41999816894531,79.53433990478516,9694300
XLV,2019-03-12,90.6500015258789,91.29000091552734,90.5199966430664,91.08000183105469,80.11487579345703,8981600
XLV,2019-03-13,91.3499984741211,92.30999755859375,91.29000091552734,92.05999755859375,80.97689056396484,10098300
XLV,2019-03-14,92.02999877929688,92.1500015258789,91.58000183105469,91.91000366210938,80.84494018554688,9283800
XLV,2019-03-15,91.7300033569336,92.13999938964844,91.41000366210938,91.98999786376953,81.21663665771484,10219400
XLV,2019-03-18,92.08000183105469,92.16999816894531,91.5199966430664,91.8499984741211,81.0930404663086,7183500
XLV,2019-03-19,92.16999816894531,92.83999633789062,91.83999633789062,92.58000183105469,81.73756408691406,11308700
XLV,2019-03-20,92.47000122070312,92.58000183105469,91.58000183105469,91.94000244140625,81.1725082397461,11123700
XLV,2019-03-21,91.16999816894531,92.44000244140625,91.04000091552734,92.30000305175781,81.49034881591797,7398200
XLV,2019-03-22,91.9000015258789,92.23999786376953,90.5999984741211,90.62000274658203,80.0071029663086,12162600
XLV,2019-03-25,90.77999877929688,90.86000061035156,89.91999816894531,90.56999969482422,79.96293640136719,9893300
XLV,2019-03-26,91.0999984741211,91.7699966430664,90.55000305175781,91.19000244140625,80.51030731201172,8107200
XLV,2019-03-27,91.08000183105469,91.29000091552734,89.80000305175781,90.43000030517578,79.83934783935547,10817400
XLV,2019-03-28,90.69999694824219,90.91000366210938,90.19000244140625,90.66000366210938,80.04241943359375,6726800
XLV,2019-03-29,91.19999694824219,91.83000183105469,91.0,91.75,81.00473022460938,10120900
XLV,2019-04-01,92.30999755859375,92.44999694824219,91.68000030517578,91.88999938964844,81.12835693359375,9082000
XLV,2019-04-02,91.91000366210938,92.05000305175781,91.51000213623047,91.68000030517578,80.9429702758789,7002200
XLV,2019-04-03,92.08999633789062,92.13999938964844,91.29000091552734,91.55999755859375,80.83699035644531,7398700
XLV,2019-04-04,91.63999938964844,91.75,90.83999633789062,91.37000274658203,80.66925811767578,9212400
XLV,2019-04-05,91.58999633789062,92.16000366210938,91.52999877929688,92.0,81.22551727294922,6262000
XLV,2019-04-08,91.93000030517578,92.06999969482422,91.33000183105469,91.9800033569336,81.20780944824219,5961200
XLV,2019-04-09,91.66000366210938,91.94000244140625,91.41000366210938,91.73999786376953,80.99592590332031,7207600
XLV,2019-04-10,91.8499984741211,92.0199966430664,91.61000061035156,91.7699966430664,81.02240753173828,5433400
XLV,2019-04-11,91.97000122070312,92.0199966430664,90.23999786376953,90.63999938964844,80.02474975585938,8534200
XLV,2019-04-12,90.98999786376953,91.0199966430664,89.66000366210938,89.80999755859375,79.29196166992188,11659000
XLV,2019-04-15,89.91999816894531,90.23999786376953,89.75,90.16999816894531,79.60980224609375,7921900
XLV,2019-04-16,90.91999816894531,91.02999877929688,88.16999816894531,88.31999969482422,77.97647094726562,14857100
XLV,2019-04-17,88.62000274658203,88.63999938964844,85.33000183105469,85.77999877929688,75.73393249511719,34381800
XLV,2019-04-18,86.04000091552734,86.44999694824219,84.6500015258789,85.91999816894531,75.85752868652344,35300900
XLV,2019-04-22,85.77999877929688,86.47000122070312,85.51000213623047,85.97000122070312,75.90166473388672,18717700
XLV,2019-04-23,85.94000244140625,87.79000091552734,85.79000091552734,87.33000183105469,77.10240173339844,30503400
XLV,2019-04-24,87.36000061035156,87.54000091552734,86.83999633789062,87.2300033569336,77.01410675048828,14612800
XLV,2019-04-25,87.04000091552734,88.38999938964844,86.68000030517578,88.12999725341797,77.80870056152344,16166400
XLV,2019-04-26,88.25,89.04000091552734,88.05999755859375,89.01000213623047,78.58563995361328,11321700
XLV,2019-04-29,89.04000091552734,89.19999694824219,88.47000122070312,88.8499984741211,78.44437408447266,13264400
XLV,2019-04-30,89.11000061035156,89.43000030517578,88.4800033569336,89.26000213623047,78.80636596679688,11750900
XLV,2019-05-01,89.37999725341797,89.7300033569336,88.5999984741211,89.0999984741211,78.66511535644531,25596400
XLV,2019-05-02,89.01000213623047,89.56999969482422,88.5,89.4800033569336,79.00059509277344,18927500
XLV,2019-05-03,89.7300033569336,90.19000244140625,89.58000183105469,90.16000366210938,79.6009750366211,13624000
XLV,2019-05-06,88.8499984741211,90.8499984741211,88.69999694824219,90.62000274658203,80.0071029663086,25168300
XLV,2019-05-07,89.91999816894531,90.36000061035156,88.36000061035156,88.87999725341797,78.47087860107422,18011600
XLV,2019-05-08,88.83999633789062,89.4800033569336,88.33999633789062,89.06999969482422,78.63863372802734,13783300
XLV,2019-05-09,88.27999877929688,89.16999816894531,87.86000061035156,88.87999725341797,78.47087860107422,15692300
XLV,2019-05-10,88.58999633789062,89.13999938964844,87.01000213623047,88.91000366210938,78.49734497070312,17771800
XLV,2019-05-13,87.4000015258789,88.86000061035156,86.9000015258789,87.23999786376953,77.02294158935547,17436000
XLV,2019-05-14,87.63999938964844,88.29000091552734,87.47000122070312,87.68000030517578,77.41141510009766,13147000
XLV,2019-05-15,87.22000122070312,88.23999786376953,86.83000183105469,87.94000244140625,77.64095306396484,10587700
XLV,2019-05-16,88.12999725341797,89.38999938964844,88.06999969482422,88.62999725341797,78.2501449584961,15124000
XLV,2019-05-17,87.9000015258789,89.13999938964844,87.9000015258789,88.44000244140625,78.0823974609375,13354100
XLV,2019-05-20,88.05999755859375,88.68000030517578,87.75,88.4000015258789,78.04707336425781,10757400
XLV,2019-05-21,88.9000015258789,89.61000061035156,88.83999633789062,89.2300033569336,78.7798843383789,11690600
XLV,2019-05-22,88.97000122070312,89.94000244140625,88.88999938964844,89.73999786376953,79.23015594482422,9021800
XLV,2019-05-23,89.29000091552734,89.43000030517578,88.68000030517578,89.43000030517578,78.95646667480469,13545300
XLV,2019-05-24,89.73999786376953,90.0999984741211,89.33999633789062,89.55999755859375,79.07122039794922,9986400
XLV,2019-05-28,89.63999938964844,90.18000030517578,88.2699966430664,88.27999877929688,77.94113159179688,20796000
XLV,2019-05-29,87.8499984741211,87.86000061035156,86.81999969482422,87.43000030517578,77.190673828125,16302700
XLV,2019-05-30,87.5999984741211,88.05000305175781,87.51000213623047,87.91000366210938,77.61447143554688,12457600
XLV,2019-05-31,87.33999633789062,87.69000244140625,86.7699966430664,87.27999877929688,77.05825805664062,10712900
XLV,2019-06-03,87.36000061035156,88.23999786376953,87.30999755859375,87.48999786376953,77.24364471435547,19371000
XLV,2019-06-04,88.22000122070312,89.08999633789062,88.11000061035156,88.94000244140625,78.52386474609375,15837200
XLV,2019-06-05,89.58999633789062,89.81999969482422,88.97000122070312,89.61000061035156,79.11538696289062,24291700
XLV,2019-06-06,89.75,90.43000030517578,89.54000091552734,90.06999969482422,79.52153015136719,18840900
XLV,2019-06-07,90.36000061035156,91.2300033569336,90.33000183105469,91.01000213623047,80.35143280029297,9302700
XLV,2019-06-10,91.29000091552734,91.58000183105469,90.94999694824219,91.27999877929688,80.58978271484375,8552800
XLV,2019-06-11,91.7300033569336,91.95999908447266,90.9000015258789,91.12999725341797,80.45733642578125,8317900
XLV,2019-06-12,91.1500015258789,91.5999984741211,91.05999755859375,91.56999969482422,80.84583282470703,5799200
XLV,2019-06-13,91.7300033569336,91.7300033569336,91.0999984741211,91.45999908447266,80.74872589111328,9031800
XLV,2019-06-14,91.5,91.7699966430664,91.18000030517578,91.25,80.56330108642578,5056300
XLV,2019-06-17,91.33999633789062,91.72000122070312,91.20999908447266,91.66000366210938,80.92528533935547,4861500
XLV,2019-06-18,92.12000274658203,92.76000213623047,91.94000244140625,92.44000244140625,81.61396026611328,7979600
XLV,2019-06-19,92.45999908447266,93.4800033569336,92.4000015258789,93.2699966430664,82.34672546386719,6988100
XLV,2019-06-20,94.04000091552734,94.33000183105469,93.13999938964844,93.68000030517578,82.70872497558594,9241200
XLV,2019-06-21,93.19000244140625,93.91000366210938,92.66000366210938,93.7300033569336,83.10594940185547,9026100
XLV,2019-06-24,93.61000061035156,93.66999816894531,93.06999969482422,93.23999786376953,82.67147827148438,6493600
XLV,2019-06-25,93.30999755859375,93.73999786376953,92.7699966430664,92.86000061035156,82.33454132080078,14930600
XLV,2019-06-26,92.98999786376953,93.0,91.5,91.69000244140625,81.29718780517578,10498400
XLV,2019-06-27,92.01000213623047,92.51000213623047,91.83000183105469,92.33000183105469,81.8646240234375,7416200
XLV,2019-06-28,92.37000274658203,92.72000122070312,91.83999633789062,92.63999938964844,82.13948059082031,9390600
XLV,2019-07-01,93.37000274658203,93.41000366210938,92.72000122070312,93.0999984741211,82.54735565185547,7797200
XLV,2019-07-02,93.18000030517578,93.5999984741211,92.6500015258789,93.5999984741211,82.99066162109375,7952500
XLV,2019-07-03,93.80999755859375,94.41999816894531,93.80000305175781,94.4000015258789,83.70000457763672,4066000
XLV,2019-07-05,94.0,94.2300033569336,93.54000091552734,93.75,83.12367248535156,5934300
XLV,2019-07-08,93.38999938964844,93.41999816894531,92.62000274658203,93.05000305175781,82.50301361083984,15202000
XLV,2019-07-09,92.70999908447266,93.23999786376953,92.69999694824219,93.13999938964844,82.58282470703125,5537300
XLV,2019-07-10,93.3499984741211,93.70999908447266,93.06999969482422,93.45999908447266,82.86653900146484,5347300
XLV,2019-07-11,94.11000061035156,94.1500015258789,92.8499984741211,93.4800033569336,82.8843002319336,13691700
XLV,2019-07-12,93.16999816894531,93.19000244140625,91.80000305175781,92.44000244140625,81.96217346191406,11508200
XLV,2019-07-15,92.48999786376953,92.86000061035156,92.18000030517578,92.63999938964844,82.13948059082031,5811100
XLV,2019-07-16,92.56999969482422,92.69999694824219,92.12000274658203,92.18000030517578,81.73162841796875,9092300
XLV,2019-07-17,92.37000274658203,92.68000030517578,92.19000244140625,92.19999694824219,81.74935913085938,9566700
XLV,2019-07-18,92.19000244140625,92.87000274658203,91.73999786376953,92.72000122070312,82.21041870117188,6559500
XLV,2019-07-19,92.93000030517578,92.97000122070312,91.68000030517578,91.76000213623047,81.35922241210938,8105900
XLV,2019-07-22,91.86000061035156,91.91999816894531,91.48999786376953,91.56999969482422,81.19075012207031,5192500
XLV,2019-07-23,91.69999694824219,92.27999877929688,91.31999969482422,92.13999938964844,81.69615936279297,6688600
XLV,2019-07-24,92.0,92.19999694824219,91.16999816894531,92.19000244140625,81.74050903320312,5430400
XLV,2019-07-25,91.94000244140625,92.29000091552734,91.54000091552734,91.73999786376953,81.34150695800781,6618700
XLV,2019-07-26,92.05999755859375,92.23999786376953,91.72000122070312,92.06999969482422,81.63410186767578,3812400
XLV,2019-07-29,92.12000274658203,92.5199966430664,91.97000122070312,92.44999694824219,81.97102355957031,5887500
XLV,2019-07-30,91.73999786376953,92.08999633789062,91.36000061035156,92.05000305175781,81.61637115478516,7959200
XLV,2019-07-31,91.94999694824219,92.33000183105469,90.58000183105469,91.13999938964844,80.80948638916016,8557400
XLV,2019-08-01,91.1500015258789,92.23999786376953,90.70999908447266,91.26000213623047,80.91590118408203,16422500
XLV,2019-08-02,91.12999725341797,91.41000366210938,90.45999908447266,91.05000305175781,80.72970581054688,15956600
XLV,2019-08-05,90.0199966430664,90.37999725341797,88.19000244140625,88.91000366210938,78.832275390625,17626200
XLV,2019-08-06,89.36000061035156,90.08000183105469,88.87000274658203,90.05999755859375,79.85193634033203,10135900
XLV,2019-08-07,89.33000183105469,90.33999633789062,88.19999694824219,90.08999633789062,79.87849426269531,12452500
XLV,2019-08-08,90.37000274658203,91.37999725341797,90.25,91.29000091552734,80.94251251220703,12034800
XLV,2019-08-09,91.12999725341797,91.9800033569336,90.61000061035156,91.4000015258789,81.04004669189453,7253100
XLV,2019-08-12,91.05999755859375,91.4000015258789,90.16000366210938,90.51000213623047,80.25091552734375,7097100
XLV,2019-08-13,90.4800033569336,92.16999816894531,90.4000015258789,91.69000244140625,81.29718780517578,12232500
XLV,2019-08-14,90.75,90.97000122070312,89.08999633789062,89.13999938964844,79.03620147705078,16426100
XLV,2019-08-15,89.5199966430664,89.79000091552734,88.87000274658203,89.44999694824219,79.31104278564453,12315200
XLV,2019-08-16,90.05999755859375,90.79000091552734,90.0,90.55000305175781,80.28639221191406,10239300
XLV,2019-08-19,91.26000213623047,91.6500015258789,91.11000061035156,91.41999816894531,81.05777740478516,6427200
XLV,2019-08-20,91.44999694824219,91.63999938964844,90.56999969482422,90.63999938964844,80.36620330810547,4708800
XLV,2019-08-21,91.2699966430664,91.52999877929688,91.04000091552734,91.30999755859375,80.96023559570312,5687100
XLV,2019-08-22,91.4800033569336,91.69000244140625,90.5,90.86000061035156,80.56124114990234,6486900
XLV,2019-08-23,90.69999694824219,91.04000091552734,88.31999969482422,88.76000213623047,78.69928741455078,9822700
XLV,2019-08-26,89.47000122070312,89.76000213623047,89.0999984741211,89.69000244140625,79.52386474609375,8913900
XLV,2019-08-27,90.23999786376953,90.55000305175781,89.0999984741211,89.16000366210938,79.05396270751953,8252000
XLV,2019-08-28,88.8499984741211,90.0,88.72000122070312,89.80999755859375,79.63027954101562,5691500
XLV,2019-08-29,90.48999786376953,90.75,89.91000366210938,90.48999786376953,80.2331771850586,4360300
XLV,2019-08-30,90.91000366210938,91.08999633789062,90.20999908447266,90.5999984741211,80.33072662353516,4784100
XLV,2019-09-03,90.06999969482422,90.5,89.75,90.06999969482422,79.86080169677734,6437800
XLV,2019-09-04,90.66000366210938,90.70999908447266,89.70999908447266,90.12999725341797,79.91397094726562,9318700
XLV,2019-09-05,90.9000015258789,91.22000122070312,90.41999816894531,91.0199966430664,80.7031021118164,7897400
XLV,2019-09-06,91.20999908447266,91.52999877929688,91.08000183105469,91.2699966430664,80.92476654052734,13166400
XLV,2019-09-09,91.3499984741211,91.37999725341797,90.0999984741211,90.43000030517578,80.17998504638672,10675900
XLV,2019-09-10,89.97000122070312,90.69999694824219,89.0199966430664,90.69000244140625,80.41053009033203,8770700
XLV,2019-09-11,90.83999633789062,91.62000274658203,90.62000274658203,91.58999633789062,81.20851135253906,8124300
XLV,2019-09-12,92.0,92.37999725341797,91.51000213623047,91.55999755859375,81.18190002441406,9344700
XLV,2019-09-13,91.66999816894531,92.25,91.31999969482422,91.51000213623047,81.13758087158203,6351000
XLV,2019-09-16,91.01000213623047,91.54000091552734,90.9000015258789,91.30999755859375,80.96023559570312,6668100
XLV,2019-09-17,91.26000213623047,91.69999694824219,91.12999725341797,91.44999694824219,81.08438110351562,3932900
XLV,2019-09-18,91.44999694824219,91.55999755859375,90.79000091552734,91.44000244140625,81.07551574707031,5369800
XLV,2019-09-19,91.55000305175781,92.27999877929688,91.37999725341797,91.87000274658203,81.4567642211914,5058600
XLV,2019-09-20,91.69999694824219,92.43000030517578,91.69000244140625,92.0,81.91083526611328,8935700
XLV,2019-09-23,91.7300033569336,92.05999755859375,91.4800033569336,91.51000213623047,81.47457122802734,4232900
XLV,2019-09-24,91.8499984741211,91.91000366210938,90.3499984741211,90.66999816894531,80.7267074584961,10542600
XLV,2019-09-25,90.68000030517578,90.76000213623047,90.0999984741211,90.2300033569336,80.33495330810547,7956800
XLV,2019-09-26,90.52999877929688,90.55999755859375,89.04000091552734,89.7300033569336,79.8897933959961,10004500
XLV,2019-09-27,90.02999877929688,90.16000366210938,89.0,89.33000183105469,79.53362274169922,10017300
XLV,2019-09-30,89.44999694824219,90.68000030517578,89.38999938964844,90.12999725341797,80.24591827392578,8031600
XLV,2019-10-01,90.37000274658203,90.56999969482422,89.06999969482422,89.25,79.4624252319336,13413900
XLV,2019-10-02,88.97000122070312,89.1500015258789,87.55999755859375,87.94999694824219,78.30496978759766,13385000
XLV,2019-10-03,87.83000183105469,88.7699966430664,87.19999694824219,88.73999786376953,79.00834655761719,11958800
XLV,2019-10-04,89.0,90.18000030517578,88.94999694824219,90.12999725341797,80.24591827392578,9146600
XLV,2019-10-07,89.76000213623047,90.41999816894531,89.62999725341797,89.83000183105469,79.97879791259766,8247200
XLV,2019-10-08,89.08000183105469,89.12000274658203,88.0999984741211,88.12000274658203,78.45632934570312,10649300
XLV,2019-10-09,88.66000366210938,89.0199966430664,88.36000061035156,88.76000213623047,79.02615356445312,7350200
XLV,2019-10-10,88.5,89.51000213623047,88.41999816894531,89.19999694824219,79.41788482666016,8232300
XLV,2019-10-11,90.05000305175781,91.0,89.9000015258789,89.94000244140625,80.07675170898438,10773200
XLV,2019-10-14,89.87999725341797,90.33999633789062,89.76000213623047,89.9000015258789,80.0411376953125,4915600
XLV,2019-10-15,90.88999938964844,91.86000061035156,90.83000183105469,91.54000091552734,81.50128936767578,12607900
XLV,2019-10-16,91.47000122070312,91.88999938964844,91.2699966430664,91.41999816894531,81.39443969726562,7851500
XLV,2019-10-17,91.72000122070312,92.36000061035156,91.68000030517578,92.0999984741211,81.99987030029297,7536100
XLV,2019-10-18,91.83999633789062,92.23999786376953,91.3499984741211,91.76000213623047,81.69713592529297,6784700
XLV,2019-10-21,92.13999938964844,92.27999877929688,91.4800033569336,91.66000366210938,81.6081314086914,4948400
XLV,2019-10-22,92.36000061035156,92.94999694824219,91.81999969482422,91.86000061035156,81.78619384765625,8702400
XLV,2019-10-23,92.0199966430664,92.69999694824219,91.83000183105469,92.43000030517578,82.29368591308594,5525000
XLV,2019-10-24,92.58999633789062,92.69000244140625,91.62999725341797,91.95999908447266,81.87522888183594,6892300
XLV,2019-10-25,91.72000122070312,92.30999755859375,91.4800033569336,92.05999755859375,81.96426391601562,5536900
XLV,2019-10-28,92.30000305175781,93.19999694824219,92.22000122070312,93.01000213623047,82.81007385253906,6937900
XLV,2019-10-29,93.2300033569336,94.4800033569336,93.0,94.33000183105469,83.98533630371094,13768400
XLV,2019-10-30,94.36000061035156,94.9000015258789,93.98999786376953,94.86000061035156,84.45720672607422,10179700
XLV,2019-10-31,94.68000030517578,94.80999755859375,94.13999938964844,94.75,84.35926055908203,9675200
XLV,2019-11-01,95.26000213623047,95.66999816894531,94.8499984741211,94.87000274658203,84.46609497070312,14670800
XLV,2019-11-04,95.30999755859375,95.36000061035156,94.54000091552734,94.58000183105469,84.20789337158203,9878200
XLV,2019-11-05,94.72000122070312,94.7300033569336,93.69999694824219,93.91000366210938,83.61138916015625,13273800
XLV,2019-11-06,94.0,94.41000366210938,93.70999908447266,94.2300033569336,83.89630126953125,13130200
XLV,2019-11-07,94.58999633789062,94.73999786376953,94.16000366210938,94.44000244140625,84.083251953125,7827900
XLV,2019-11-08,94.37999725341797,95.1500015258789,94.2699966430664,95.12999725341797,84.69759368896484,7756900
XLV,2019-11-11,94.7699966430664,94.97000122070312,94.4800033569336,94.73999786376953,84.35037231445312,6092500
XLV,2019-11-12,94.88999938964844,95.6500015258789,94.76000213623047,95.30999755859375,84.85784149169922,13801500
XLV,2019-11-13,95.05000305175781,95.6500015258789,94.9000015258789,95.41999816894531,84.95579528808594,6507700
XLV,2019-11-14,95.4000015258789,95.56999969482422,94.8499984741211,95.43000030517578,84.96469116210938,6498800
XLV,2019-11-15,95.76000213623047,97.62999725341797,95.66999816894531,97.45999908447266,86.77205657958984,11337700
XLV,2019-11-18,97.37000274658203,97.93000030517578,97.01000213623047,97.12999725341797,86.4782485961914,11251400
XLV,2019-11-19,97.47000122070312,97.93000030517578,97.22000122070312,97.79000091552734,87.06587219238281,10025800
XLV,2019-11-20,97.62999725341797,97.97000122070312,97.08000183105469,97.66000366210938,86.95014190673828,12305600
XLV,2019-11-21,97.72000122070312,97.9800033569336,97.05000305175781,97.91000366210938,87.1727294921875,9122400
XLV,2019-11-22,98.08000183105469,98.4000015258789,97.87000274658203,98.26000213623047,87.48431396484375,6141800
XLV,2019-11-25,98.66000366210938,99.43000030517578,98.51000213623047,99.41000366210938,88.50820922851562,11726500
XLV,2019-11-26,99.4000015258789,99.55999755859375,99.0,99.33000183105469,88.43699645996094,11073300
XLV,2019-11-27,99.47000122070312,99.98999786376953,99.37999725341797,99.83999633789062,88.89105224609375,6333200
XLV,2019-11-29,99.58000183105469,99.80999755859375,99.29000091552734,99.48999786376953,88.5794448852539,2392000
XLV,2019-12-02,99.69000244140625,99.72000122070312,98.7300033569336,99.05000305175781,88.18769836425781,6682200
XLV,2019-12-03,98.30000305175781,98.91000366210938,98.02999877929688,98.83000183105469,87.99183654785156,7709700
XLV,2019-12-04,99.2300033569336,99.87999725341797,99.12999725341797,99.75,88.81095123291016,6237600
XLV,2019-12-05,99.80999755859375,99.9000015258789,98.91000366210938,99.75,88.81095123291016,7390400
XLV,2019-12-06,100.2699966430664,100.75,100.19999694824219,100.41000366210938,89.39857482910156,5658500
XLV,2019-12-09,100.44999694824219,100.47000122070312,99.70999908447266,99.70999908447266,88.77533721923828,5148900
XLV,2019-12-10,99.69000244140625,100.0199966430664,99.30000305175781,99.93000030517578,88.97120666503906,6027900
XLV,2019-12-11,100.01000213623047,100.2699966430664,99.81999969482422,100.0199966430664,89.05130004882812,6064300
XLV,2019-12-12,100.06999969482422,101.27999877929688,100.0199966430664,100.94999694824219,89.87932586669922,9769100
XLV,2019-12-13,100.8499984741211,101.47000122070312,100.47000122070312,100.87999725341797,89.81700897216797,6433200
XLV,2019-12-16,101.47000122070312,102.33999633789062,101.47000122070312,101.97000122070312,90.78746032714844,7730300
XLV,2019-12-17,102.0999984741211,102.25,101.72000122070312,101.86000061035156,90.68952941894531,4643600
XLV,2019-12-18,101.9000015258789,102.19999694824219,101.79000091552734,102.0,90.81419372558594,5202900
XLV,2019-12-19,102.20999908447266,102.51000213623047,102.05000305175781,102.4000015258789,91.17031860351562,6637200
XLV,2019-12-20,102.27999877929688,102.93000030517578,102.27999877929688,102.69999694824219,91.8157958984375,8586500
XLV,2019-12-23,102.94000244140625,103.22000122070312,102.68000030517578,103.11000061035156,92.18235778808594,4770900
XLV,2019-12-24,103.11000061035156,103.23999786376953,102.7300033569336,102.9800033569336,92.06612396240234,2071800
XLV,2019-12-26,103.11000061035156,103.2300033569336,102.58000183105469,102.91000366210938,92.00352478027344,2910100
XLV,2019-12-27,103.12999725341797,103.13999938964844,102.70999908447266,102.94000244140625,92.0303726196289,3605000
XLV,2019-12-30,102.2699966430664,102.48999786376953,101.51000213623047,101.66000366210938,91.47785186767578,5665100
XLV,2019-12-31,101.44000244140625,101.94999694824219,101.2699966430664,101.86000061035156,91.65782165527344,4746700
XLV,2020-01-02,102.16999816894531,102.29000091552734,101.4000015258789,102.12999725341797,91.90078735351562,6277400
XLV,2020-01-03,100.94999694824219,101.81999969482422,100.44999694824219,101.23999786376953,91.09992218017578,8247500
XLV,2020-01-06,100.77999877929688,101.9000015258789,100.75,101.87000274658203,91.6668472290039,6441800
XLV,2020-01-07,101.58999633789062,101.76000213623047,101.0999984741211,101.66999816894531,91.48686981201172,6335300
XLV,2020-01-08,101.72000122070312,102.79000091552734,101.68000030517578,102.33000183105469,92.08074951171875,7494700
XLV,2020-01-09,102.63999938964844,103.05000305175781,102.41999816894531,102.7699966430664,92.4766845703125,6660600
XLV,2020-01-10,103.16000366210938,103.33000183105469,102.62000274658203,102.80000305175781,92.50371551513672,9300300
XLV,2020-01-13,102.97000122070312,102.98999786376953,102.08999633789062,102.44000244140625,92.17973327636719,7621700
XLV,2020-01-14,102.12999725341797,103.08000183105469,101.94999694824219,103.05999755859375,92.73764038085938,7294900
XLV,2020-01-15,103.18000030517578,104.22000122070312,103.0999984741211,103.94999694824219,93.53849029541016,7521800
XLV,2020-01-16,104.37999725341797,104.55999755859375,103.97000122070312,104.48999786376953,94.02440643310547,5479900
XLV,2020-01-17,104.2300033569336,104.6500015258789,104.2300033569336,104.48999786376953,94.02440643310547,6533400
XLV,2020-01-21,104.25,104.83999633789062,104.20999908447266,104.5999984741211,94.12338256835938,6644800
XLV,2020-01-22,104.83000183105469,105.08000183105469,104.58999633789062,104.7300033569336,94.24040222167969,9431500
XLV,2020-01-23,104.55000305175781,104.69999694824219,103.4800033569336,104.19999694824219,93.76348114013672,8522600
XLV,2020-01-24,104.31999969482422,104.37000274658203,102.19999694824219,102.45999908447266,92.19773864746094,15962700
XLV,2020-01-27,101.22000122070312,102.06999969482422,101.08000183105469,101.68000030517578,91.49584197998047,11762300
XLV,2020-01-28,101.9800033569336,102.58000183105469,101.69999694824219,102.18000030517578,91.9457778930664,8079900
XLV,2020-01-29,102.27999877929688,102.63999938964844,101.87999725341797,101.9000015258789,91.69383239746094,6435700
XLV,2020-01-30,101.1500015258789,101.22000122070312,100.29000091552734,101.16000366210938,91.0279312133789,10989400
XLV,2020-01-31,100.76000213623047,100.83999633789062,98.80999755859375,99.13999938964844,89.21026611328125,14476700
XLV,2020-02-03,99.83000183105469,100.76000213623047,99.83000183105469,100.04000091552734,90.02011108398438,11850600
XLV,2020-02-04,101.29000091552734,102.20999908447266,101.2699966430664,101.80000305175781,91.60383605957031,9575100
XLV,2020-02-05,102.27999877929688,104.12000274658203,102.2699966430664,103.76000213623047,93.36752319335938,14131000
XLV,2020-02-06,104.23999786376953,104.23999786376953,103.4000015258789,103.8499984741211,93.4485092163086,6166500
XLV,2020-02-07,103.86000061035156,103.94999694824219,102.87999725341797,103.04000091552734,92.71964263916016,6057200
XLV,2020-02-10,102.66000366210938,103.58999633789062,102.58000183105469,103.58999633789062,93.21455383300781,4010100
XLV,2020-02-11,103.94999694824219,104.30000305175781,103.73999786376953,104.20999908447266,93.77246856689453,10277100
XLV,2020-02-12,104.5999984741211,104.83999633789062,103.91999816894531,104.33999633789062,93.889404296875,4705700
XLV,2020-02-13,103.95999908447266,104.27999877929688,103.63999938964844,103.8499984741211,93.4485092163086,4778500
XLV,2020-02-14,103.95999908447266,104.0,103.41999816894531,103.93000030517578,93.5205078125,5114200
XLV,2020-02-18,103.93000030517578,104.05999755859375,103.22000122070312,103.55999755859375,93.18756103515625,8409300
XLV,2020-02-19,103.83000183105469,104.19000244140625,103.7300033569336,104.04000091552734,93.61949157714844,6427900
XLV,2020-02-20,103.80000305175781,103.9000015258789,102.43000030517578,103.37000274658203,93.01658630371094,8080900
XLV,2020-02-21,102.97000122070312,103.52999877929688,102.61000061035156,103.43000030517578,93.07059478759766,6510800
XLV,2020-02-24,100.93000030517578,101.61000061035156,99.69000244140625,100.16999816894531,90.13710021972656,16284500
XLV,2020-02-25,100.52999877929688,100.75,96.79000091552734,97.12999725341797,87.40157318115234,20301600
XLV,2020-02-26,97.66999816894531,98.81999969482422,96.91000366210938,97.12000274658203,87.39258575439453,13721600
XLV,2020-02-27,96.06999969482422,97.33999633789062,93.80000305175781,93.81999969482422,84.42310333251953,22047900
XLV,2020-02-28,91.3499984741211,92.66000366210938,89.9800033569336,92.61000061035156,83.33431243896484,27750600
XLV,2020-03-02,92.63999938964844,97.0999984741211,92.31999969482422,96.94999694824219,87.23961639404297,22359400
XLV,2020-03-03,97.19000244140625,98.88999938964844,93.2699966430664,94.54000091552734,85.07099151611328,33385500
XLV,2020-03-04,97.37999725341797,100.1500015258789,97.18000030517578,99.98999786376953,89.97511291503906,26418700
XLV,2020-03-05,97.8499984741211,99.19000244140625,96.55999755859375,97.66999816894531,87.88749694824219,17873000
XLV,2020-03-06,94.98999786376953,97.5,94.5999984741211,97.1500015258789,87.41959381103516,17917700
XLV,2020-03-09,91.38999938964844,94.27999877929688,90.01000213623047,92.0999984741211,82.87539672851562,21968500
XLV,2020-03-10,94.76000213623047,95.41999816894531,90.94000244140625,95.26000213623047,85.7188949584961,26473200
XLV,2020-03-11,93.01000213623047,93.66999816894531,90.44999694824219,91.62000274658203,82.44343566894531,23217900
XLV,2020-03-12,86.01000213623047,89.7300033569336,82.9000015258789,84.77999877929688,76.2885513305664,20652200
XLV,2020-03-13,88.72000122070312,90.9000015258789,84.16000366210938,90.66000366210938,81.57960510253906,29162800
XLV,2020-03-16,82.5199966430664,87.05000305175781,80.66999816894531,81.72000122070312,73.53504943847656,21474800
XLV,2020-03-17,83.41000366210938,87.55000305175781,82.3499984741211,86.8499984741211,78.15119934082031,27899700
XLV,2020-03-18,82.4000015258789,85.30000305175781,79.91999816894531,83.97000122070312,75.55968475341797,28931000
XLV,2020-03-19,83.02999877929688,84.26000213623047,81.33000183105469,82.25,74.01194763183594,27121100
XLV,2020-03-20,82.95999908447266,83.80999755859375,78.63999938964844,79.08999633789062,71.1684341430664,22004900
XLV,2020-03-23,78.19999694824219,78.30999755859375,73.54000091552734,74.62000274658203,67.47203826904297,33633000
XLV,2020-03-24,78.1500015258789,80.52999877929688,77.56999969482422,80.37000274658203,72.67123413085938,16775800
XLV,2020-03-25,79.83999633789062,84.08999633789062,78.87000274658203,81.44000244140625,73.63874816894531,16851800
XLV,2020-03-26,82.16999816894531,87.30999755859375,82.01000213623047,86.8499984741211,78.53050994873047,18822500
XLV,2020-03-27,84.33999633789062,87.2300033569336,84.27999877929688,84.98999786376953,76.84866333007812,13043200
XLV,2020-03-30,86.5199966430664,89.13999938964844,86.51000213623047,88.97000122070312,80.44744873046875,13766700
XLV,2020-03-31,89.05000305175781,89.52999877929688,87.63999938964844,88.58000183105469,80.09481048583984,13584900
XLV,2020-04-01,85.62000274658203,86.38999938964844,84.38999938964844,85.20999908447266,77.04759216308594,15255200
XLV,2020-04-02,84.77999877929688,87.7699966430664,83.93000030517578,87.56999969482422,79.18153381347656,13588000
XLV,2020-04-03,87.29000091552734,88.12000274658203,85.80000305175781,86.77999877929688,78.46721649169922,12934200
XLV,2020-04-06,89.54000091552734,91.8499984741211,89.13999938964844,91.33000183105469,82.58135223388672,13472900
XLV,2020-04-07,93.6500015258789,93.81999969482422,90.48999786376953,90.58000183105469,81.9032211303711,16699200
XLV,2020-04-08,91.36000061035156,94.86000061035156,90.22000122070312,94.30999755859375,85.2759017944336,32624300
XLV,2020-04-09,95.16999816894531,95.3499984741211,93.97000122070312,94.83000183105469,85.74608612060547,12982500
XLV,2020-04-13,94.48999786376953,94.81999969482422,92.66000366210938,94.0,84.99561309814453,9606600
XLV,2020-04-14,95.83999633789062,97.47000122070312,95.5199966430664,97.12000274658203,87.81673431396484,12830800
XLV,2020-04-15,95.83000183105469,97.19000244140625,95.29000091552734,96.62000274658203,87.36463165283203,11019000
XLV,2020-04-16,97.33999633789062,98.9800033569336,97.02999877929688,98.7300033569336,89.27253723144531,11331600
XLV,2020-04-17,101.12999725341797,101.12999725341797,99.38999938964844,100.77999877929688,91.12613677978516,11504400
XLV,2020-04-20,99.81999969482422,101.41000366210938,99.70999908447266,99.9800033569336,90.40275573730469,10558100
XLV,2020-04-21,98.2699966430664,98.83000183105469,96.62000274658203,96.94000244140625,87.65397644042969,9291400
XLV,2020-04-22,98.3499984741211,99.02999877929688,97.73999786376953,98.41999816894531,88.9921875,11994100
XLV,2020-04-23,98.94000244140625,100.48999786376953,98.73999786376953,98.95999908447266,89.4804916381836,16013300
XLV,2020-04-24,99.55999755859375,100.48999786376953,98.94000244140625,100.29000091552734,90.6830825805664,7853300
XLV,2020-04-27,100.98999786376953,102.01000213623047,100.83000183105469,101.58000183105469,91.84952545166016,8022100
XLV,2020-04-28,102.26000213623047,102.26000213623047,99.41000366210938,99.52999877929688,89.99588012695312,11517500
XLV,2020-04-29,101.05999755859375,101.05999755859375,99.54000091552734,100.19000244140625,90.59266662597656,9939900
XLV,2020-04-30,99.76000213623047,100.37999725341797,99.20999908447266,99.7300033569336,90.17669677734375,12768900
XLV,2020-05-01,98.58999633789062,98.7699966430664,96.94999694824219,97.83000183105469,88.45872497558594,10102000
XLV,2020-05-04,97.52999877929688,98.0,96.88999938964844,97.77999877929688,88.41349792480469,8991300
XLV,2020-05-05,98.63999938964844,100.62000274658203,98.38999938964844,99.9000015258789,90.33045196533203,11498300
XLV,2020-05-06,100.41999816894531,100.48999786376953,98.86000061035156,98.91000366210938,89.4352798461914,9493200
XLV,2020-05-07,99.91999816894531,99.93000030517578,98.77999877929688,98.9000015258789,89.42623138427734,9453900
XLV,2020-05-08,99.95999908447266,100.0,99.11000061035156,99.41000366210938,89.88737487792969,10374500
XLV,2020-05-11,99.0,101.37999725341797,99.0,101.12000274658203,91.43355560302734,15115100
XLV,2020-05-12,101.70999908447266,101.80000305175781,99.56999969482422,99.58000183105469,90.04109191894531,18471000
XLV,2020-05-13,99.44999694824219,100.22000122070312,97.70999908447266,98.5,89.06455993652344,12667200
XLV,2020-05-14,97.58999633789062,99.62999725341797,97.56999969482422,99.58000183105469,90.04109191894531,12021400
XLV,2020-05-15,99.30000305175781,100.51000213623047,99.06999969482422,100.41999816894531,90.80062103271484,15170200
XLV,2020-05-18,102.30000305175781,102.7699966430664,101.19000244140625,101.25,91.55111694335938,10557300
XLV,2020-05-19,100.93000030517578,101.44999694824219,100.0199966430664,100.02999877929688,90.4479751586914,10561400
XLV,2020-05-20,100.79000091552734,101.16999816894531,99.91999816894531,100.1500015258789,90.5564956665039,10058000
XLV,2020-05-21,99.87000274658203,99.93000030517578,98.83000183105469,99.41000366210938,89.88737487792969,12259500
XLV,2020-05-22,99.41999816894531,99.69999694824219,98.9000015258789,99.62000274658203,90.07725524902344,10233200
XLV,2020-05-26,101.19000244140625,101.27999877929688,99.27999877929688,99.44000244140625,89.91450500488281,10828800
XLV,2020-05-27,99.58000183105469,100.47000122070312,98.06999969482422,100.47000122070312,90.84581756591797,15551900
XLV,2020-05-28,101.29000091552734,102.80000305175781,101.26000213623047,101.77999877929688,92.03034210205078,11707700
XLV,2020-05-29,102.22000122070312,103.2300033569336,100.69000244140625,103.01000213623047,93.14251708984375,19055300
XLV,2020-06-01,102.36000061035156,102.4800033569336,101.3499984741211,101.98999786376953,92.22023010253906,8436200
XLV,2020-06-02,102.02999877929688,102.62999725341797,101.41999816894531,102.58000183105469,92.75370025634766,13162300
XLV,2020-06-03,102.87999725341797,102.9800033569336,101.94999694824219,102.37999725341797,92.57286071777344,10020900
XLV,2020-06-04,101.76000213623047,102.47000122070312,100.91999816894531,101.56999969482422,91.84046173095703,10848300
XLV,2020-06-05,102.20999908447266,104.04000091552734,101.68000030517578,103.20999908447266,93.32337188720703,14579500
XLV,2020-06-08,102.80000305175781,103.95999908447266,102.55000305175781,103.91999816894531,93.96536254882812,8191300
XLV,2020-06-09,103.70999908447266,104.22000122070312,102.72000122070312,102.83999633789062,92.98882293701172,10371100
XLV,2020-06-10,103.18000030517578,103.5199966430664,102.2300033569336,102.68000030517578,92.8441390991211,10519700
XLV,2020-06-11,101.79000091552734,101.9800033569336,96.62999725341797,96.97000122070312,87.68112182617188,39561900
XLV,2020-06-12,99.0,99.31999969482422,95.91999816894531,97.5999984741211,88.25074005126953,19397200
XLV,2020-06-15,96.13999938964844,98.37999725341797,95.41999816894531,97.81999969482422,88.44966888427734,14521800
XLV,2020-06-16,100.12000274658203,100.87000274658203,98.58000183105469,100.2300033569336,90.62883758544922,13272800
XLV,2020-06-17,100.7300033569336,100.91000366210938,99.77999877929688,100.12999725341797,90.53839874267578,9086200
XLV,2020-06-18,99.55999755859375,100.0199966430664,99.16000366210938,99.79000091552734,90.23099517822266,7115200
XLV,2020-06-19,100.93000030517578,101.33999633789062,99.70999908447266,100.75,91.09901428222656,12177000
XLV,2020-06-22,99.91000366210938,100.08000183105469,98.91000366210938,99.94000244140625,90.74942016601562,6889200
XLV,2020-06-23,100.62999725341797,101.2300033569336,100.18000030517578,100.37000274658203,91.13988494873047,5369900
XLV,2020-06-24,99.62000274658203,99.81999969482422,97.04000091552734,97.75,88.76081848144531,15739700
XLV,2020-06-25,97.66000366210938,98.83000183105469,96.83999633789062,98.70999908447266,89.63252258300781,10506300
XLV,2020-06-26,98.52999877929688,98.77999877929688,97.04000091552734,97.51000213623047,88.54287719726562,16631400
XLV,2020-06-29,98.27999877929688,98.56999969482422,97.5199966430664,98.38999938964844,89.3419418334961,7490200
XLV,2020-06-30,98.41999816894531,100.5999984741211,98.12999725341797,100.06999969482422,90.86744689941406,9183000
XLV,2020-07-01,100.54000091552734,101.26000213623047,99.91000366210938,100.83999633789062,91.566650390625,10932800
XLV,2020-07-02,101.7300033569336,102.18000030517578,101.37999725341797,101.5999984741211,92.25675964355469,6502400
XLV,2020-07-06,102.7699966430664,103.22000122070312,102.13999938964844,102.62999725341797,93.19205474853516,6374400
XLV,2020-07-07,101.87999725341797,102.97000122070312,101.5999984741211,101.73999786376953,92.3838882446289,5913200
XLV,2020-07-08,102.08999633789062,102.4000015258789,101.06999969482422,101.75,92.3929672241211,5624900
XLV,2020-07-09,101.63999938964844,102.0199966430664,99.68000030517578,100.94999694824219,91.66653442382812,10521700
XLV,2020-07-10,101.02999877929688,101.12999725341797,99.97000122070312,100.70999908447266,91.44860076904297,10502700
XLV,2020-07-13,101.29000091552734,103.1500015258789,101.0199966430664,101.27999877929688,91.96619415283203,10167200
XLV,2020-07-14,101.04000091552734,103.45999908447266,100.8499984741211,103.29000091552734,93.79133605957031,10889900
XLV,2020-07-15,104.05000305175781,104.93000030517578,103.83000183105469,104.62999725341797,95.00809478759766,9606900
XLV,2020-07-16,104.52999877929688,104.54000091552734,103.72000122070312,104.45999908447266,94.85375213623047,6412200
XLV,2020-07-17,105.01000213623047,106.25,104.86000061035156,105.88999938964844,96.15223693847656,7548600
XLV,2020-07-20,106.12999725341797,106.48999786376953,105.5199966430664,105.87000274658203,96.13408660888672,6776300
XLV,2020-07-21,106.2300033569336,106.62999725341797,105.58000183105469,105.80000305175781,96.07052612304688,7458600
XLV,2020-07-22,106.27999877929688,106.93000030517578,105.7300033569336,106.75,96.93316650390625,5648400
XLV,2020-07-23,107.08999633789062,107.52999877929688,105.91999816894531,106.2699966430664,96.49729919433594,6970100
XLV,2020-07-24,106.0999984741211,106.16000366210938,104.43000030517578,105.0999984741211,95.4349136352539,6241000
XLV,2020-07-27,105.05999755859375,106.16000366210938,104.7300033569336,105.88999938964844,96.15223693847656,5934200
XLV,2020-07-28,105.94000244140625,106.47000122070312,105.56999969482422,105.7699966430664,96.04325866699219,6239400
XLV,2020-07-29,106.01000213623047,107.30999755859375,105.94000244140625,106.87999725341797,97.05120849609375,5449800
XLV,2020-07-30,105.8499984741211,106.31999969482422,105.0,106.13999938964844,96.37925720214844,5349200
XLV,2020-07-31,105.80999755859375,106.0999984741211,104.1500015258789,105.52999877929688,95.82535552978516,6920400
XLV,2020-08-03,106.19000244140625,106.97000122070312,106.0,106.62000274658203,96.81510925292969,8811800
XLV,2020-08-04,106.37999725341797,106.62999725341797,105.48999786376953,106.1500015258789,96.38835906982422,6092900
XLV,2020-08-05,106.7300033569336,106.83000183105469,106.37000274658203,106.63999938964844,96.83328247070312,4406600
XLV,2020-08-06,106.51000213623047,106.95999908447266,105.30000305175781,106.06999969482422,96.31570434570312,5369700
XLV,2020-08-07,105.95999908447266,106.43000030517578,105.66000366210938,106.41000366210938,96.62443542480469,4274000
XLV,2020-08-10,106.43000030517578,106.5199966430664,105.7699966430664,106.05000305175781,96.29753875732422,4640200
XLV,2020-08-11,106.63999938964844,106.73999786376953,105.12999725341797,105.37999725341797,95.68913269042969,8115900
XLV,2020-08-12,105.94999694824219,107.48999786376953,105.91000366210938,107.1500015258789,97.29637145996094,8205500
XLV,2020-08-13,107.0199966430664,107.12000274658203,106.29000091552734,107.01000213623047,97.16925811767578,5323300
XLV,2020-08-14,106.80999755859375,107.27999877929688,106.38999938964844,106.80000305175781,96.97856140136719,3826200
XLV,2020-08-17,106.98999786376953,107.83999633789062,106.94000244140625,107.43000030517578,97.55062866210938,4610200
XLV,2020-08-18,107.6500015258789,107.83000183105469,106.83999633789062,107.4000015258789,97.52338409423828,4220500
XLV,2020-08-19,107.5,107.80000305175781,106.81999969482422,107.05000305175781,97.20555877685547,6308100
XLV,2020-08-20,106.58000183105469,106.94999694824219,106.43000030517578,106.70999908447266,96.89684295654297,4938300
XLV,2020-08-21,106.54000091552734,106.95999908447266,105.98999786376953,106.81999969482422,96.9967269897461,6466700
XLV,2020-08-24,107.33000183105469,107.37000274658203,105.68000030517578,106.33000183105469,96.55179595947266,6363200
XLV,2020-08-25,106.87000274658203,107.08999633789062,106.45999908447266,107.05000305175781,97.20555877685547,5096500
XLV,2020-08-26,106.83000183105469,107.04000091552734,105.7699966430664,106.91999816894531,97.08751678466797,6995300
XLV,2020-08-27,107.0999984741211,108.26000213623047,106.33999633789062,107.76000213623047,97.85029602050781,7775200
XLV,2020-08-28,108.05999755859375,108.05999755859375,107.19999694824219,108.0,98.0682144165039,5159600
XLV,2020-08-31,107.7699966430664,108.77999877929688,107.68000030517578,108.26000213623047,98.30429077148438,6721100
XLV,2020-09-01,108.12000274658203,108.29000091552734,106.63999938964844,107.29000091552734,97.42350006103516,10999300
XLV,2020-09-02,107.38999938964844,109.7300033569336,106.94000244140625,109.44000244140625,99.37577056884766,8495800
XLV,2020-09-03,109.58000183105469,109.73999786376953,105.69999694824219,106.45999908447266,96.66981506347656,13337300
XLV,2020-09-04,106.83000183105469,107.0199966430664,104.41000366210938,105.69999694824219,95.979736328125,14715500
XLV,2020-09-08,105.52999877929688,105.56999969482422,103.66999816894531,103.95999908447266,94.39971923828125,9660200
XLV,2020-09-09,104.73999786376953,106.66999816894531,104.72000122070312,105.80000305175781,96.07052612304688,8200800
XLV,2020-09-10,106.0999984741211,106.0999984741211,103.9000015258789,104.18000030517578,94.5995101928711,9186200
XLV,2020-09-11,104.66999816894531,105.08999633789062,103.79000091552734,104.58999633789062,94.97180938720703,8764300
XLV,2020-09-14,105.44000244140625,106.66000366210938,105.2300033569336,106.08999633789062,96.33385467529297,5846900
XLV,2020-09-15,106.63999938964844,107.08000183105469,105.95999908447266,106.2300033569336,96.46098327636719,5580500
XLV,2020-09-16,106.80000305175781,107.01000213623047,105.93000030517578,106.05000305175781,96.29753875732422,7193300
XLV,2020-09-17,105.06999969482422,106.05999755859375,104.7300033569336,105.69999694824219,95.979736328125,7597300
XLV,2020-09-18,105.83000183105469,106.22000122070312,104.55999755859375,105.54000091552734,95.83442687988281,8649300
XLV,2020-09-21,103.72000122070312,103.72000122070312,101.73999786376953,103.18000030517578,94.06400299072266,8783000
XLV,2020-09-22,103.01000213623047,103.27999877929688,102.02999877929688,102.95999908447266,93.86344909667969,7833300
XLV,2020-09-23,103.38999938964844,103.43000030517578,101.80000305175781,101.9000015258789,92.8971176147461,7681900
XLV,2020-09-24,101.54000091552734,101.9000015258789,100.7699966430664,101.38999938964844,92.4321517944336,8434600
XLV,2020-09-25,101.04000091552734,103.30000305175781,100.93000030517578,103.0199966430664,93.91814422607422,6769000
XLV,2020-09-28,104.01000213623047,104.76000213623047,103.75,103.94999694824219,94.7659683227539,6511100
XLV,2020-09-29,104.12999725341797,104.66000366210938,103.41000366210938,103.81999969482422,94.6474609375,5402700
XLV,2020-09-30,104.13999938964844,106.33000183105469,104.12000274658203,105.4800033569336,96.16080474853516,7565500
XLV,2020-10-01,105.97000122070312,106.4000015258789,104.66999816894531,105.12000274658203,95.83260345458984,9113200
XLV,2020-10-02,104.12000274658203,105.20999908447266,103.70999908447266,104.16000366210938,94.95742797851562,8628700
XLV,2020-10-05,104.91000366210938,106.41000366210938,104.87999725341797,106.30000305175781,96.9083480834961,6661200
XLV,2020-10-06,106.5999984741211,106.66000366210938,104.79000091552734,104.88999938964844,95.62293243408203,7747200
XLV,2020-10-07,105.62999725341797,107.19999694824219,105.61000061035156,106.87000274658203,97.427978515625,7873100
XLV,2020-10-08,107.48999786376953,107.73999786376953,107.16000366210938,107.38999938964844,97.90204620361328,5942700
XLV,2020-10-09,107.98999786376953,108.68000030517578,107.70999908447266,108.36000061035156,98.78636932373047,5636300
XLV,2020-10-12,108.8499984741211,109.52999877929688,108.48999786376953,109.0999984741211,99.46097564697266,5065000
XLV,2020-10-13,108.44999694824219,109.0199966430664,107.98999786376953,108.2699966430664,98.70431518554688,6773600
XLV,2020-10-14,108.2300033569336,108.68000030517578,107.30000305175781,107.63999938964844,98.12995147705078,5999900
XLV,2020-10-15,106.30999755859375,107.05999755859375,106.12999725341797,106.86000061035156,97.41888427734375,6197700
XLV,2020-10-16,107.20999908447266,108.72000122070312,107.16999816894531,107.91999816894531,98.38522338867188,7462100
XLV,2020-10-19,108.19999694824219,108.52999877929688,105.8499984741211,106.20999908447266,96.82630920410156,8308500
XLV,2020-10-20,106.58999633789062,107.2300033569336,106.16999816894531,106.3499984741211,96.95394897460938,7421100
XLV,2020-10-21,106.33999633789062,106.63999938964844,105.56999969482422,105.81999969482422,96.47075653076172,5474300
XLV,2020-10-22,105.97000122070312,107.61000061035156,105.95999908447266,107.41999816894531,97.92940521240234,6127100
XLV,2020-10-23,107.95999908447266,108.5999984741211,107.20999908447266,107.81999969482422,98.29408264160156,5697900
XLV,2020-10-26,106.94999694824219,107.08000183105469,105.5999984741211,106.62000274658203,97.2000961303711,8135500
XLV,2020-10-27,106.2300033569336,106.76000213623047,105.83000183105469,105.88999938964844,96.53458404541016,6893100
XLV,2020-10-28,104.13999938964844,104.7699966430664,102.4000015258789,102.52999877929688,93.471435546875,11431700
XLV,2020-10-29,102.45999908447266,102.91000366210938,101.05999755859375,101.69000244140625,92.70565795898438,15974200
XLV,2020-10-30,101.55999755859375,102.16000366210938,100.30999755859375,101.66000366210938,92.67829895019531,10741700
XLV,2020-11-02,103.16000366210938,103.7300033569336,102.41000366210938,103.48999786376953,94.34662628173828,10287300
XLV,2020-11-03,104.76000213623047,106.13999938964844,104.68000030517578,105.0,95.72322082519531,9812900
XLV,2020-11-04,107.98999786376953,111.41999816894531,107.77999877929688,109.66000366210938,99.97151184082031,25531500
XLV,2020-11-05,111.16999816894531,111.25,109.68000030517578,109.87999725341797,100.17206573486328,12864800
XLV,2020-11-06,110.0,110.66999816894531,109.20999908447266,109.91999816894531,100.20852661132812,12311200
XLV,2020-11-09,113.91999816894531,114.41000366210938,110.80999755859375,110.94999694824219,101.14752197265625,20443000
XLV,2020-11-10,111.45999908447266,111.66999816894531,110.06999969482422,111.2699966430664,101.43925476074219,12526500
XLV,2020-11-11,112.16000366210938,112.16000366210938,110.58999633789062,111.12999725341797,101.3116226196289,9935400
XLV,2020-11-12,110.91999816894531,111.36000061035156,109.9800033569336,110.72000122070312,100.93785858154297,7856300
XLV,2020-11-13,111.2699966430664,112.55000305175781,111.06999969482422,112.12000274658203,102.21417999267578,6576100
XLV,2020-11-16,113.01000213623047,113.19000244140625,111.37000274658203,111.93000030517578,102.04094696044922,7586000
XLV,2020-11-17,111.36000061035156,111.61000061035156,110.66999816894531,111.19999694824219,101.37541961669922,8898100
XLV,2020-11-18,111.44000244140625,111.4800033569336,109.0999984741211,109.12999725341797,99.48834228515625,9849900
XLV,2020-11-19,109.12999725341797,109.22000122070312,108.23999786376953,109.05000305175781,99.41539001464844,10410900
XLV,2020-11-20,108.80000305175781,109.30999755859375,108.41999816894531,108.80000305175781,99.18749237060547,7674500
XLV,2020-11-23,109.33999633789062,109.4000015258789,107.83999633789062,108.5199966430664,98.93221282958984,7747700
XLV,2020-11-24,109.05000305175781,109.58000183105469,108.47000122070312,108.83999633789062,99.22396850585938,9615900
XLV,2020-11-25,108.97000122070312,109.05000305175781,107.98999786376953,108.44000244140625,98.85929107666016,11671800
XLV,2020-11-27,108.87999725341797,109.5199966430664,108.52999877929688,109.44000244140625,99.77092742919922,4443900
XLV,2020-11-30,109.4800033569336,109.83999633789062,108.9000015258789,109.73999786376953,100.04442596435547,12723400
XLV,2020-12-01,110.80000305175781,111.87000274658203,110.47000122070312,110.66000366210938,100.88314056396484,12682400
XLV,2020-12-02,110.73999786376953,111.68000030517578,110.66999816894531,111.48999786376953,101.63982391357422,8552400
XLV,2020-12-03,111.44999694824219,111.79000091552734,110.87000274658203,111.3499984741211,101.51219177246094,9795700
XLV,2020-12-04,111.38999938964844,112.55999755859375,111.25,112.54000091552734,102.59705352783203,7859600
XLV,2020-12-07,112.41999816894531,112.5199966430664,111.44000244140625,111.8499984741211,101.968017578125,5803200
XLV,2020-12-08,111.58000183105469,112.79000091552734,111.54000091552734,112.69999694824219,102.74290466308594,7953200
XLV,2020-12-09,113.1500015258789,113.16000366210938,111.80999755859375,112.30999755859375,102.38735961914062,7386400
XLV,2020-12-10,112.29000091552734,112.73999786376953,111.88999938964844,112.12000274658203,102.21417999267578,5411000
XLV,2020-12-11,111.66000366210938,111.93000030517578,110.91000366210938,111.68000030517578,101.8130111694336,5222400
XLV,2020-12-14,112.52999877929688,113.08999633789062,110.7699966430664,110.83999633789062,101.0472412109375,8469300
XLV,2020-12-15,111.61000061035156,112.27999877929688,111.0199966430664,112.04000091552734,102.14122009277344,5007500
XLV,2020-12-16,111.94000244140625,112.33999633789062,111.2300033569336,111.70999908447266,101.84037780761719,5355400
XLV,2020-12-17,111.88999938964844,112.9800033569336,111.87999725341797,112.91000366210938,102.93436431884766,4263700
XLV,2020-12-18,113.0199966430664,113.2699966430664,111.79000091552734,113.0,103.01643371582031,7876700
XLV,2020-12-21,110.87000274658203,111.51000213623047,109.37000274658203,111.41000366210938,101.98566436767578,6129600
XLV,2020-12-22,111.20999908447266,111.47000122070312,110.44000244140625,111.06999969482422,101.67443084716797,13104100
XLV,2020-12-23,111.45999908447266,111.97000122070312,111.06999969482422,111.1500015258789,101.74766540527344,3920700
XLV,2020-12-24,111.19999694824219,111.68000030517578,111.05000305175781,111.47000122070312,102.04058074951172,1674700
XLV,2020-12-28,112.05000305175781,112.30000305175781,111.44999694824219,111.75,102.29692077636719,4390100
XLV,2020-12-29,112.2699966430664,112.79000091552734,111.9000015258789,112.27999877929688,102.7820816040039,5053300
XLV,2020-12-30,112.51000213623047,112.88999938964844,112.13999938964844,112.26000213623047,102.76375579833984,3563700
XLV,2020-12-31,112.2699966430664,113.62000274658203,111.9000015258789,113.44000244140625,103.84394073486328,5581200
XLV,2021-01-04,113.87999725341797,113.9000015258789,111.11000061035156,112.94999694824219,103.39539337158203,12911800
XLV,2021-01-05,112.75,114.16000366210938,112.2699966430664,113.7699966430664,104.1460189819336,11081900
XLV,2021-01-06,112.18000030517578,115.62999725341797,112.18000030517578,115.33000183105469,105.57406616210938,17833700
XLV,2021-01-07,115.4800033569336,117.0,115.30000305175781,116.83000183105469,106.94717407226562,12407100
XLV,2021-01-08,117.04000091552734,117.91000366210938,116.27999877929688,117.38999938964844,107.45980072021484,9350600
XLV,2021-01-11,117.41999816894531,118.12999725341797,117.2699966430664,117.94000244140625,107.96328735351562,6428200
XLV,2021-01-12,117.70999908447266,117.83999633789062,116.12999725341797,116.66000366210938,106.79155731201172,9225500
XLV,2021-01-13,116.5999984741211,117.37999725341797,116.16999816894531,116.9800033569336,107.08448791503906,5259600
XLV,2021-01-14,117.16999816894531,117.61000061035156,116.47000122070312,116.61000061035156,106.74578094482422,5792300
XLV,2021-01-15,116.29000091552734,117.23999786376953,115.83000183105469,116.97000122070312,107.07534790039062,10335200
XLV,2021-01-19,117.9000015258789,118.2300033569336,117.2300033569336,117.8499984741211,107.8808822631836,6194500
XLV,2021-01-20,118.05000305175781,118.69000244140625,117.33999633789062,118.5,108.47592163085938,6872000
XLV,2021-01-21,118.3499984741211,118.47000122070312,117.54000091552734,117.94000244140625,107.96328735351562,5796200
XLV,2021-01-22,117.58999633789062,118.25,117.44000244140625,117.58999633789062,107.64288330078125,4796400
XLV,2021-01-25,117.66000366210938,118.43000030517578,117.41999816894531,118.36000061035156,108.3477554321289,6962000
XLV,2021-01-26,118.69999694824219,118.98999786376953,117.86000061035156,117.91999816894531,107.9449691772461,5504000
XLV,2021-01-27,116.62000274658203,116.62000274658203,114.05000305175781,114.33999633789062,104.66781616210938,13096900
XLV,2021-01-28,115.30999755859375,117.47000122070312,115.08999633789062,116.01000213623047,106.19654083251953,12626100
XLV,2021-01-29,115.83999633789062,116.66000366210938,114.0999984741211,115.02999877929688,105.2994384765625,10462400
XLV,2021-02-01,115.97000122070312,116.3499984741211,115.29000091552734,115.47000122070312,105.70223999023438,10105300
XLV,2021-02-02,116.37999725341797,116.94999694824219,115.7699966430664,115.80000305175781,106.00432586669922,11515700
XLV,2021-02-03,115.80000305175781,115.86000061035156,114.62000274658203,114.9800033569336,105.25367736816406,11280300
XLV,2021-02-04,114.9800033569336,115.93000030517578,114.7300033569336,115.45999908447266,105.69306182861328,8451500
XLV,2021-02-05,116.25,116.43000030517578,115.38999938964844,115.66999816894531,105.88530731201172,5557000
XLV,2021-02-08,116.08000183105469,116.23999786376953,115.47000122070312,115.80999755859375,106.01346588134766,6956700
XLV,2021-02-09,115.80000305175781,116.08999633789062,115.69000244140625,115.9800033569336,106.1690902709961,4730300
XLV,2021-02-10,116.81999969482422,116.8499984741211,115.77999877929688,116.19000244140625,106.36131286621094,5406400
XLV,2021-02-11,116.5999984741211,116.69999694824219,115.86000061035156,116.41000366210938,106.56270599365234,4684000
XLV,2021-02-12,116.18000030517578,117.41000366210938,116.02999877929688,117.27999877929688,107.35912322998047,6345300
XLV,2021-02-16,117.43000030517578,117.54000091552734,115.73999786376953,116.12000274658203,106.2972412109375,9531900
XLV,2021-02-17,115.73999786376953,116.5999984741211,115.61000061035156,116.54000091552734,106.68169403076172,5022200
XLV,2021-02-18,115.97000122070312,116.27999877929688,115.33000183105469,115.80999755859375,106.01346588134766,7756600
XLV,2021-02-19,115.9000015258789,115.98999786376953,114.30999755859375,114.41000366210938,104.7319107055664,9390800
XLV,2021-02-22,113.86000061035156,114.48999786376953,113.12000274658203,114.13999938964844,104.48472595214844,7213300
XLV,2021-02-23,114.05999755859375,114.76000213623047,113.41999816894531,113.94999694824219,104.31079864501953,8731500
XLV,2021-02-24,114.08000183105469,115.36000061035156,113.72000122070312,114.73999786376953,105.03397369384766,9842000
XLV,2021-02-25,114.58000183105469,115.04000091552734,113.01000213623047,113.58999633789062,103.98123168945312,14494800
XLV,2021-02-26,113.98999786376953,113.98999786376953,112.31999969482422,112.61000061035156,103.08416748046875,14687000
XLV,2021-03-01,113.52999877929688,114.61000061035156,113.5,114.08000183105469,104.42982482910156,7361800
XLV,2021-03-02,114.31999969482422,114.58999633789062,113.63999938964844,113.75,104.12772369384766,8456100
XLV,2021-03-03,113.33000183105469,113.44999694824219,112.05000305175781,112.30999755859375,102.80955505371094,14946600
XLV,2021-03-04,112.05999755859375,112.80000305175781,109.93000030517578,110.80000305175781,101.42728424072266,23441700
XLV,2021-03-05,111.44999694824219,113.37999725341797,110.55000305175781,113.0199966430664,103.45947265625,15645200
XLV,2021-03-08,113.11000061035156,114.52999877929688,112.5999984741211,112.73999786376953,103.20315551757812,12691800
XLV,2021-03-09,113.56999969482422,115.19999694824219,113.3499984741211,113.4000015258789,103.80733489990234,11022300
XLV,2021-03-10,114.1500015258789,114.80000305175781,113.62000274658203,113.66000366210938,104.04534912109375,11641100
XLV,2021-03-11,114.05000305175781,114.9800033569336,113.88999938964844,114.3499984741211,104.67694854736328,6549400
XLV,2021-03-12,114.11000061035156,114.76000213623047,113.93000030517578,114.5999984741211,104.90581512451172,7452400
XLV,2021-03-15,114.38999938964844,115.41999816894531,114.26000213623047,115.38999938964844,105.62899780273438,7119100
XLV,2021-03-16,115.51000213623047,115.72000122070312,114.9000015258789,115.31999969482422,105.56490325927734,8618600
XLV,2021-03-17,114.81999969482422,115.47000122070312,114.20999908447266,114.9000015258789,105.18043518066406,7524900
XLV,2021-03-18,114.37000274658203,115.5999984741211,114.31999969482422,114.66000366210938,104.96074676513672,8553300
XLV,2021-03-19,114.77999877929688,115.75,114.19999694824219,115.06999969482422,105.33605194091797,12595800
XLV,2021-03-22,114.5999984741211,115.75,114.02999877929688,115.66999816894531,106.25279235839844,6156800
XLV,2021-03-23,115.52999877929688,115.72000122070312,114.20999908447266,114.5,105.17804718017578,9170500
XLV,2021-03-24,114.55999755859375,115.25,114.33999633789062,114.37000274658203,105.05866241455078,12647000
XLV,2021-03-25,114.54000091552734,115.06999969482422,113.3499984741211,114.8499984741211,105.49957275390625,11505300
XLV,2021-03-26,115.13999938964844,117.16999816894531,114.83000183105469,117.0199966430664,107.49290466308594,8286500
XLV,2021-03-29,116.55000305175781,117.97000122070312,116.51000213623047,117.56999969482422,107.99810791015625,8958900
XLV,2021-03-30,117.25,117.25,116.23999786376953,116.51000213623047,107.0244140625,6865700
XLV,2021-03-31,116.76000213623047,117.44999694824219,116.55999755859375,116.73999786376953,107.23568725585938,8504100
XLV,2021-04-01,116.93000030517578,117.04000091552734,116.0199966430664,116.38999938964844,106.9141845703125,6676400
XLV,2021-04-05,116.9800033569336,117.55999755859375,116.79000091552734,117.19999694824219,107.6582260131836,7190900
XLV,2021-04-06,117.3499984741211,117.69000244140625,116.58000183105469,116.75,107.2448959350586,5206700
XLV,2021-04-07,116.68000030517578,117.08000183105469,116.19000244140625,116.48999786376953,107.00604248046875,5753200
XLV,2021-04-08,116.83000183105469,117.18000030517578,116.51000213623047,116.66999816894531,107.17138671875,4292400
XLV,2021-04-09,116.73999786376953,118.0199966430664,116.66999816894531,117.94999694824219,108.34716796875,5919100
XLV,2021-04-12,117.77999877929688,118.30999755859375,117.6500015258789,118.06999969482422,108.45740509033203,8279500
XLV,2021-04-13,117.69999694824219,118.88999938964844,117.58999633789062,118.55999755859375,108.90752410888672,6519600
XLV,2021-04-14,118.41999816894531,119.02999877929688,118.33999633789062,118.55000305175781,108.89832305908203,6226600
XLV,2021-04-15,119.0199966430664,120.93000030517578,119.0199966430664,120.58000183105469,110.76305389404297,8438300
XLV,2021-04-16,121.19999694824219,121.62000274658203,120.77999877929688,121.4800033569336,111.58978271484375,7447400
XLV,2021-04-19,121.25,121.54000091552734,120.88999938964844,121.51000213623047,111.61734008789062,7094300
XLV,2021-04-20,120.94999694824219,122.29000091552734,120.94999694824219,121.9800033569336,112.049072265625,8063900
XLV,2021-04-21,122.36000061035156,123.48999786376953,122.30000305175781,123.41999816894531,113.37185668945312,9635900
XLV,2021-04-22,123.31999969482422,123.5999984741211,122.4000015258789,122.87000274658203,112.86662292480469,10030800
XLV,2021-04-23,122.80999755859375,123.95999908447266,122.55000305175781,123.68000030517578,113.61067962646484,4974500
XLV,2021-04-26,123.61000061035156,123.62000274658203,123.02999877929688,123.26000213623047,113.22486877441406,6907100
XLV,2021-04-27,122.94999694824219,122.97000122070312,122.3499984741211,122.55000305175781,112.57266998291016,7034700
XLV,2021-04-28,122.3499984741211,122.48999786376953,121.95999908447266,122.18000030517578,112.2328109741211,6788100
XLV,2021-04-29,122.30999755859375,122.33999633789062,121.02999877929688,121.69000244140625,111.78269958496094,8148900
XLV,2021-04-30,121.20999908447266,121.91999816894531,121.11000061035156,121.33000183105469,111.45201873779297,7153400
XLV,2021-05-03,121.98999786376953,122.83999633789062,121.81999969482422,122.70999908447266,112.71966552734375,13179100
XLV,2021-05-04,122.52999877929688,122.93000030517578,122.0,122.83999633789062,112.83905029296875,16186300
XLV,2021-05-05,123.01000213623047,123.44000244140625,122.80999755859375,123.05999755859375,113.04114532470703,16713700
XLV,2021-05-06,122.36000061035156,123.2300033569336,121.7300033569336,123.22000122070312,113.18812561035156,16115000
XLV,2021-05-07,123.51000213623047,124.72000122070312,123.45999908447266,124.06999969482422,113.96892547607422,7576700
XLV,2021-05-10,124.5199966430664,125.19000244140625,124.18000030517578,124.2300033569336,114.11593627929688,8846700
XLV,2021-05-11,123.58000183105469,124.0999984741211,122.61000061035156,122.88999938964844,112.88500213623047,11357800
XLV,2021-05-12,122.2300033569336,122.83999633789062,121.61000061035156,121.7300033569336,111.81945037841797,10946500
XLV,2021-05-13,121.94999694824219,123.38999938964844,121.76000213623047,122.83000183105469,112.82987213134766,11228000
XLV,2021-05-14,123.54000091552734,123.86000061035156,123.13999938964844,123.44999694824219,113.3993911743164,6590400
XLV,2021-05-17,123.30999755859375,123.87999725341797,123.13999938964844,123.22000122070312,113.18812561035156,5997700
XLV,2021-05-18,123.18000030517578,123.97000122070312,122.7699966430664,123.26000213623047,113.22486877441406,9202000
XLV,2021-05-19,122.45999908447266,123.12999725341797,121.58999633789062,123.05000305175781,113.03197479248047,10063000
XLV,2021-05-20,123.01000213623047,124.87000274658203,123.01000213623047,124.33999633789062,114.2169418334961,7522700
XLV,2021-05-21,124.75,125.66000366210938,124.26000213623047,124.36000061035156,114.2353286743164,8423300
XLV,2021-05-24,125.0,125.25,124.43000030517578,124.4800033569336,114.34555053710938,4958800
XLV,2021-05-25,124.66000366210938,124.66999816894531,123.97000122070312,124.11000061035156,114.00567626953125,6798500
XLV,2021-05-26,124.08000183105469,124.12000274658203,122.86000061035156,123.38999938964844,113.34427642822266,6848800
XLV,2021-05-27,123.6500015258789,123.75,123.05000305175781,123.12000274658203,113.09629821777344,8102900
XLV,2021-05-28,123.58999633789062,124.62000274658203,123.5199966430664,123.5999984741211,113.53720092773438,10059900
XLV,2021-06-01,123.75,123.79000091552734,121.47000122070312,121.56999969482422,111.6724624633789,13368300
XLV,2021-06-02,121.68000030517578,121.98999786376953,121.04000091552734,121.33000183105469,111.45201873779297,13245100
XLV,2021-06-03,120.87999725341797,122.0199966430664,120.61000061035156,121.69999694824219,111.7918930053711,13244400
XLV,2021-06-04,122.33999633789062,122.69999694824219,121.94999694824219,122.08999633789062,112.1501235961914,11228900
XLV,2021-06-07,122.38999938964844,123.61000061035156,122.18000030517578,122.52999877929688,112.5542984008789,13978500
XLV,2021-06-08,122.83000183105469,122.9000015258789,121.20999908447266,122.1500015258789,112.20524597167969,10799500
XLV,2021-06-09,122.45999908447266,123.54000091552734,122.45999908447266,123.33000183105469,113.2891616821289,7965600
XLV,2021-06-10,123.62999725341797,125.58000183105469,123.58000183105469,125.44000244140625,115.2273941040039,9350900
XLV,2021-06-11,125.25,125.30999755859375,123.91999816894531,124.55000305175781,114.40984344482422,6958100
XLV,2021-06-14,124.4800033569336,124.68000030517578,123.77999877929688,124.66000366210938,114.51089477539062,5156000
XLV,2021-06-15,124.79000091552734,124.9800033569336,124.16999816894531,124.69999694824219,114.54764556884766,5409100
XLV,2021-06-16,124.83000183105469,125.45999908447266,123.87000274658203,124.22000122070312,114.10672760009766,11653200
XLV,2021-06-17,124.0,125.5,123.9800033569336,125.16999816894531,114.97937774658203,6527000
XLV,2021-06-18,124.23999786376953,124.41000366210938,123.56999969482422,123.73999786376953,113.66578674316406,11152600
XLV,2021-06-21,123.6500015258789,124.97000122070312,123.19999694824219,124.73999786376953,115.0315170288086,6655400
XLV,2021-06-22,124.81999969482422,125.18000030517578,124.4000015258789,125.01000213623047,115.2804946899414,7194000
XLV,2021-06-23,124.83999633789062,125.12999725341797,124.44000244140625,124.48999786376953,114.80099487304688,6506600
XLV,2021-06-24,125.22000122070312,126.01000213623047,124.98999786376953,125.12999725341797,115.39116668701172,7029200
XLV,2021-06-25,125.08000183105469,126.08000183105469,125.01000213623047,125.69999694824219,115.91680908203125,8344200
XLV,2021-06-28,125.83000183105469,126.05000305175781,125.41000366210938,125.88999938964844,116.09202575683594,4631400
XLV,2021-06-29,125.9000015258789,126.41999816894531,125.73999786376953,126.02999877929688,116.22113800048828,6165500
XLV,2021-06-30,125.9000015258789,126.20999908447266,125.47000122070312,125.94999694824219,116.14734649658203,8542700
XLV,2021-07-01,126.04000091552734,127.16000366210938,125.98999786376953,127.06999969482422,117.18018341064453,12021000
XLV,2021-07-02,127.2300033569336,128.41000366210938,127.01000213623047,128.2899932861328,118.30521392822266,12327900
XLV,2021-07-06,127.91000366210938,128.17999267578125,127.26000213623047,128.1699981689453,118.19457244873047,11413100
XLV,2021-07-07,128.17999267578125,128.97999572753906,127.70999908447266,128.97999572753906,118.9415283203125,18435700
XLV,2021-07-08,127.77999877929688,128.3699951171875,127.11000061035156,128.27000427246094,118.28678894042969,8386600
XLV,2021-07-09,128.72999572753906,129.10000610351562,128.4199981689453,128.7100067138672,118.6925277709961,5224200
XLV,2021-07-12,128.7100067138672,129.60000610351562,128.61000061035156,128.9600067138672,118.92310333251953,9097900
XLV,2021-07-13,128.8000030517578,129.25999450683594,128.52999877929688,128.83999633789062,118.81243133544922,9698800
XLV,2021-07-14,129.1300048828125,129.24000549316406,128.49000549316406,128.72000122070312,118.7017593383789,7487000
XLV,2021-07-15,128.02999877929688,128.58999633789062,127.4800033569336,128.27000427246094,118.28678894042969,8750600
XLV,2021-07-16,128.60000610351562,129.08999633789062,128.17999267578125,128.6199951171875,118.60954284667969,6511000
XLV,2021-07-19,127.77999877929688,128.38999938964844,126.2300033569336,127.2699966430664,117.36461639404297,19460400
XLV,2021-07-20,127.68000030517578,129.5500030517578,127.68000030517578,128.82000732421875,118.7939682006836,15053700
XLV,2021-07-21,129.33999633789062,129.3800048828125,127.63999938964844,129.02999877929688,118.98764038085938,8295700
XLV,2021-07-22,129.13999938964844,129.97999572753906,128.7899932861328,129.97999572753906,119.86370849609375,9261100
XLV,2021-07-23,130.52999877929688,131.61000061035156,130.3699951171875,131.47999572753906,121.24696350097656,8303800
XLV,2021-07-26,131.11000061035156,131.49000549316406,130.1999969482422,130.6300048828125,120.4631118774414,6626500
XLV,2021-07-27,130.4499969482422,131.24000549316406,130.10000610351562,131.24000549316406,121.025634765625,9551600
XLV,2021-07-28,131.0500030517578,132.08999633789062,130.72000122070312,131.7100067138672,121.45909118652344,7432600
XLV,2021-07-29,132.13999938964844,132.22999572753906,131.63999938964844,132.02999877929688,121.75415802001953,5662700
XLV,2021-07-30,131.80999755859375,132.63999938964844,131.6300048828125,132.14999389648438,121.86481475830078,6634400
XLV,2021-08-02,132.6699981689453,132.85000610351562,131.94000244140625,132.3300018310547,122.03083038330078,8366300
XLV,2021-08-03,132.38999938964844,134.2100067138672,132.3000030517578,134.1699981689453,123.72758483886719,7701700
XLV,2021-08-04,133.64999389648438,134.47000122070312,133.42999267578125,133.60000610351562,123.20196533203125,8322100
XLV,2021-08-05,133.5,133.52000427246094,132.0399932861328,133.0500030517578,122.69476318359375,8240900
XLV,2021-08-06,132.99000549316406,133.11000061035156,132.08999633789062,132.94000244140625,122.59329986572266,6923700
XLV,2021-08-09,133.1300048828125,133.6999969482422,133.02999877929688,133.4499969482422,123.06364440917969,9852500
XLV,2021-08-10,133.52000427246094,133.7899932861328,132.6300048828125,133.13999938964844,122.77780151367188,5832600
XLV,2021-08-11,133.35000610351562,133.55999755859375,131.7100067138672,131.82000732421875,121.56051635742188,14512500
XLV,2021-08-12,131.9499969482422,132.97000122070312,131.86000061035156,132.86000061035156,122.51956176757812,8220300
XLV,2021-08-13,133.19000244140625,133.72000122070312,133.02999877929688,133.69000244140625,123.28495788574219,7922900
XLV,2021-08-16,133.69000244140625,135.22999572753906,133.22999572753906,135.2100067138672,124.68666076660156,8404200
XLV,2021-08-17,134.85000610351562,136.80999755859375,134.77999877929688,136.80999755859375,126.16212463378906,13874500
XLV,2021-08-18,136.6300048828125,136.77999877929688,134.64999389648438,134.72999572753906,124.2439956665039,12427700
XLV,2021-08-19,133.83999633789062,136.0399932861328,133.8000030517578,135.33999633789062,124.80655670166016,11669200
XLV,2021-08-20,135.47000122070312,136.52000427246094,135.0,136.11000061035156,125.51661682128906,7252700
XLV,2021-08-23,136.8800048828125,136.97999572753906,136.1199951171875,136.16000366210938,125.56272888183594,8471300
XLV,2021-08-24,136.16000366210938,136.17999267578125,135.2899932861328,135.67999267578125,125.12006378173828,6548100
XLV,2021-08-25,135.5500030517578,135.6199951171875,134.75,135.30999755859375,124.77884674072266,6918500
XLV,2021-08-26,135.38999938964844,135.69000244140625,134.52000427246094,134.77999877929688,124.29010009765625,5972100
XLV,2021-08-27,135.0800018310547,135.4499969482422,134.41000366210938,134.6300048828125,124.15178680419922,8679200
XLV,2021-08-30,134.50999450683594,135.8800048828125,134.5,135.38999938964844,124.8526382446289,6417200
XLV,2021-08-31,135.4199981689453,136.0500030517578,134.72999572753906,135.2100067138672,124.68666076660156,9299100
XLV,2021-09-01,135.32000732421875,135.44000244140625,133.97000122070312,135.25,124.72355651855469,10571100
XLV,2021-09-02,135.75,136.72000122070312,135.60000610351562,136.6999969482422,126.0606918334961,6847800
XLV,2021-09-03,136.55999755859375,137.0399932861328,135.91000366210938,136.85000610351562,126.19900512695312,5632800
XLV,2021-09-07,136.33999633789062,136.55999755859375,135.16000366210938,136.0500030517578,125.46127319335938,8739100
XLV,2021-09-08,135.77999877929688,136.2100067138672,135.4199981689453,135.99000549316406,125.40596771240234,6986200
XLV,2021-09-09,135.8000030517578,136.11000061035156,134.33999633789062,134.4199981689453,123.95811462402344,8905600
XLV,2021-09-10,134.89999389648438,135.02000427246094,133.1199951171875,133.19000244140625,122.8238525390625,10561600
XLV,2021-09-13,133.88999938964844,133.97000122070312,131.6999969482422,132.3699951171875,122.06768798828125,11676700
XLV,2021-09-14,132.99000549316406,133.3000030517578,132.1199951171875,132.35000610351562,122.04924011230469,10436300
XLV,2021-09-15,132.17999267578125,133.8300018310547,131.97999572753906,133.2100067138672,122.84233093261719,10299900
XLV,2021-09-16,133.3800048828125,133.6300048828125,131.9600067138672,132.8699951171875,122.52877807617188,10525700
XLV,2021-09-17,132.75999450683594,133.11000061035156,132.1300048828125,133.0,122.6486587524414,13541400
XLV,2021-09-20,131.02999877929688,132.32000732421875,130.00999450683594,131.14999389648438,121.36881256103516,17245000
XLV,2021-09-21,131.75,132.6999969482422,131.3300018310547,131.35000610351562,121.55386352539062,11741800
XLV,2021-09-22,131.74000549316406,132.22999572753906,130.94000244140625,131.57000732421875,121.7574691772461,11964100
XLV,2021-09-23,131.8699951171875,133.2899932861328,131.77000427246094,132.52000427246094,122.63661193847656,10366500
XLV,2021-09-24,132.3000030517578,132.7899932861328,131.6999969482422,131.97999572753906,122.13687133789062,6962600
XLV,2021-09-27,131.60000610351562,131.75999450683594,129.82000732421875,130.10000610351562,120.39710998535156,11631400
XLV,2021-09-28,129.27000427246094,129.27000427246094,127.43000030517578,127.87000274658203,118.33342742919922,17433400
XLV,2021-09-29,128.44000244140625,129.47999572753906,128.17999267578125,128.8800048828125,119.26809692382812,11171400
XLV,2021-09-30,129.30999755859375,130.1199951171875,127.19000244140625,127.30000305175781,117.8059310913086,21653100
XLV,2021-10-01,127.47000122070312,127.93000030517578,125.27999877929688,127.33000183105469,117.83369445800781,23188900
XLV,2021-10-04,126.80999755859375,127.45999908447266,124.76000213623047,125.38999938964844,116.03836822509766,27580700
XLV,2021-10-05,125.9000015258789,127.41999816894531,125.7300033569336,126.13999938964844,116.732421875,19151800
XLV,2021-10-06,125.44000244140625,126.0199966430664,124.5,125.91000366210938,116.51960754394531,21322100
XLV,2021-10-07,126.77999877929688,128.39999389648438,126.54000091552734,127.58000183105469,118.06505584716797,15806400
XLV,2021-10-08,127.76000213623047,128.0,126.68000030517578,126.94000244140625,117.4727783203125,9552300
XLV,2021-10-11,126.83000183105469,127.5,125.91000366210938,125.94999694824219,116.55660247802734,7843400
XLV,2021-10-12,126.3499984741211,126.4800033569336,125.02999877929688,125.33999633789062,115.99211120605469,13007200
XLV,2021-10-13,125.55000305175781,126.11000061035156,124.7699966430664,125.54000091552734,116.17720794677734,10609000
XLV,2021-10-14,126.83999633789062,127.83999633789062,126.83999633789062,127.33999633789062,117.84293365478516,8857900
XLV,2021-10-15,128.0,128.5500030517578,127.7300033569336,127.97000122070312,118.42594909667969,8976100
XLV,2021-10-18,127.41000366210938,127.54000091552734,126.55000305175781,127.0999984741211,117.620849609375,11660700
XLV,2021-10-19,127.79000091552734,129.10000610351562,127.79000091552734,128.77000427246094,119.16631317138672,9487000
XLV,2021-10-20,129.5399932861328,130.8000030517578,129.4199981689453,130.61000061035156,120.86907958984375,13665700
XLV,2021-10-21,130.8800048828125,131.22000122070312,129.92999267578125,131.13999938964844,121.35955047607422,8267500
XLV,2021-10-22,131.02000427246094,131.72000122070312,130.82000732421875,131.6699981689453,121.85002136230469,8009700
XLV,2021-10-25,131.72999572753906,131.97000122070312,130.7100067138672,131.8300018310547,121.99808502197266,10629700
XLV,2021-10-26,132.1300048828125,132.86000061035156,131.41000366210938,132.47999572753906,122.59962463378906,9271600
XLV,2021-10-27,132.69000244140625,132.8300018310547,131.38999938964844,131.42999267578125,121.62789154052734,11851400
XLV,2021-10-28,131.6699981689453,133.0399932861328,131.6699981689453,132.52999877929688,122.6458969116211,9282500
XLV,2021-10-29,132.36000061035156,133.99000549316406,131.85000610351562,133.82000732421875,123.83966827392578,15415100
XLV,2021-11-01,133.94000244140625,134.49000549316406,133.14999389648438,133.66000366210938,123.69158172607422,14356700
XLV,2021-11-02,134.17999267578125,135.1699981689453,133.00999450683594,134.5,124.46894073486328,20851500
XLV,2021-11-03,134.24000549316406,135.33999633789062,133.74000549316406,135.2899932861328,125.20002746582031,14610000
XLV,2021-11-04,134.97999572753906,135.19000244140625,133.42999267578125,134.36000061035156,124.33939361572266,15818500
XLV,2021-11-05,133.14999389648438,133.6999969482422,131.89999389648438,132.86000061035156,122.95125579833984,14867300
XLV,2021-11-08,133.10000610351562,133.82000732421875,132.5800018310547,133.64999389648438,123.68234252929688,8948800
XLV,2021-11-09,133.69000244140625,133.80999755859375,132.89999389648438,133.16000366210938,123.2289047241211,7287000
XLV,2021-11-10,133.1199951171875,134.0800018310547,133.10000610351562,133.5399932861328,123.58053588867188,8445400
XLV,2021-11-11,133.52000427246094,133.61000061035156,132.8300018310547,133.14999389648438,123.21961975097656,8597300
XLV,2021-11-12,134.0,134.1199951171875,133.07000732421875,133.80999755859375,123.83039855957031,8317600
XLV,2021-11-15,134.1199951171875,134.19000244140625,132.85000610351562,132.97999572753906,123.06231689453125,6268900
XLV,2021-11-16,132.9499969482422,134.25999450683594,132.72000122070312,133.5399932861328,123.58053588867188,6150900
XLV,2021-11-17,133.69000244140625,134.25,133.11000061035156,133.72999572753906,123.75634765625,8229000
XLV,2021-11-18,133.8699951171875,134.1199951171875,133.32000732421875,133.77999877929688,123.80268096923828,9029300
XLV,2021-11-19,134.17999267578125,134.6300048828125,132.85000610351562,132.97000122070312,123.05305480957031,10166100
XLV,2021-11-22,133.16000366210938,133.6199951171875,132.1999969482422,132.3699951171875,122.497802734375,11146200
XLV,2021-11-23,131.75,132.64999389648438,131.35000610351562,132.50999450683594,122.62735748291016,12075200
XLV,2021-11-24,132.25999450683594,132.6999969482422,131.8000030517578,132.4600067138672,122.58110809326172,6760800
XLV,2021-11-26,132.94000244140625,133.72000122070312,131.50999450683594,131.97000122070312,122.12763214111328,11896900
XLV,2021-11-29,132.69000244140625,133.22000122070312,132.19000244140625,132.3300018310547,122.46077728271484,17137100
XLV,2021-11-30,131.57000732421875,132.1699981689453,129.5399932861328,129.72999572753906,120.05469512939453,19467000
XLV,2021-12-01,130.35000610351562,132.08999633789062,129.47999572753906,129.5,119.84184265136719,22241400
XLV,2021-12-02,129.4600067138672,130.66000366210938,128.83999633789062,130.1300048828125,120.42485046386719,17531100
XLV,2021-12-03,131.0399932861328,131.5399932861328,129.2899932861328,130.3699951171875,120.64697265625,22111900
XLV,2021-12-06,130.7100067138672,131.67999267578125,130.50999450683594,131.11000061035156,121.33177947998047,15230900
XLV,2021-12-07,132.0,133.1199951171875,131.82000732421875,132.8000030517578,122.89574432373047,11974700
XLV,2021-12-08,133.17999267578125,133.88999938964844,132.50999450683594,133.8000030517578,123.82115936279297,15144700
XLV,2021-12-09,133.6699981689453,134.5500030517578,133.57000732421875,134.11000061035156,124.10803985595703,9095800
XLV,2021-12-10,133.75999450683594,134.86000061035156,133.6999969482422,134.5800018310547,124.54300689697266,8554300
XLV,2021-12-13,134.5800018310547,136.22999572753906,134.5800018310547,135.85000610351562,125.71824645996094,12201800
XLV,2021-12-14,135.22000122070312,136.00999450683594,134.6300048828125,135.3000030517578,125.20929718017578,11070800
XLV,2021-12-15,135.58999633789062,138.13999938964844,135.47000122070312,138.07000732421875,127.77268981933594,14996300
XLV,2021-12-16,138.05999755859375,139.58999633789062,137.80999755859375,138.88999938964844,128.53155517578125,19227500
XLV,2021-12-17,138.19000244140625,139.0399932861328,137.3800048828125,137.9199981689453,127.6338882446289,21504200
XLV,2021-12-20,137.11000061035156,137.52999877929688,135.3800048828125,136.55999755859375,126.86097717285156,16185700
XLV,2021-12-21,136.9499969482422,137.19000244140625,135.67999267578125,137.1300048828125,127.39048767089844,10773400
XLV,2021-12-22,137.05999755859375,138.80999755859375,136.82000732421875,138.72999572753906,128.87680053710938,7246000
XLV,2021-12-23,139.08999633789062,139.75,138.67999267578125,139.3000030517578,129.40635681152344,7743800
XLV,2021-12-27,139.8000030517578,140.77000427246094,139.64999389648438,140.77000427246094,130.77200317382812,6968900
XLV,2021-12-28,140.89999389648438,141.14999389648438,140.02999877929688,140.39999389648438,130.4282684326172,6065900
XLV,2021-12-29,140.25999450683594,141.49000549316406,140.16000366210938,141.1999969482422,131.1714324951172,7103600
XLV,2021-12-30,141.4600067138672,141.97999572753906,141.30999755859375,141.49000549316406,131.4408721923828,7931700
XLV,2021-12-31,141.32000732421875,141.86000061035156,140.83999633789062,140.88999938964844,130.88345336914062,7882800
XLV,2022-01-03,140.2899932861328,140.5500030517578,138.24000549316406,139.44000244140625,129.5364227294922,15122300
XLV,2022-01-04,139.1300048828125,139.2899932861328,137.00999450683594,137.60000610351562,127.82708740234375,14304500
XLV,2022-01-05,137.89999389648438,138.72999572753906,136.57000732421875,136.6199951171875,126.91673278808594,15370700
XLV,2022-01-06,135.77000427246094,136.60000610351562,134.8000030517578,135.0399932861328,125.44890594482422,15182000
XLV,2022-01-07,134.72000122070312,134.97000122070312,134.07000732421875,134.35000610351562,124.80795288085938,9619400
XLV,2022-01-10,133.75999450683594,135.80999755859375,133.44000244140625,135.72999572753906,126.08990478515625,15589900
XLV,2022-01-11,135.92999267578125,136.8300018310547,135.0,136.80999755859375,127.09320831298828,12168300
XLV,2022-01-12,136.02999877929688,136.6300048828125,135.8300018310547,136.4199981689453,126.73092651367188,10831800
XLV,2022-01-13,136.17999267578125,136.35000610351562,134.05999755859375,134.3000030517578,124.76148223876953,13804900
XLV,2022-01-14,133.94000244140625,134.2100067138672,132.69000244140625,134.07000732421875,124.54783630371094,14341800
XLV,2022-01-18,132.75,132.9600067138672,131.85000610351562,132.19000244140625,122.8013687133789,16471400
XLV,2022-01-19,132.44000244140625,133.47999572753906,131.52000427246094,131.64999389648438,122.29969024658203,14639600
XLV,2022-01-20,131.97000122070312,133.32000732421875,130.7100067138672,130.7899932861328,121.5007553100586,15127800
XLV,2022-01-21,131.19000244140625,131.60000610351562,129.25999450683594,129.47000122070312,120.27454376220703,25804800
XLV,2022-01-24,128.3000030517578,129.25999450683594,124.91999816894531,129.0399932861328,119.87507629394531,37938000
XLV,2022-01-25,127.33000183105469,129.30999755859375,126.2699966430664,128.2100067138672,119.10403442382812,19326800
XLV,2022-01-26,128.4199981689453,129.5800018310547,126.54000091552734,127.54000091552734,118.48159790039062,29557400
XLV,2022-01-27,128.16000366210938,129.83999633789062,127.44999694824219,127.87000274658203,118.78817749023438,18483600
XLV,2022-01-28,127.76000213623047,130.52999877929688,126.86000061035156,130.47999572753906,121.2127914428711,20906800
XLV,2022-01-31,130.24000549316406,131.47000122070312,129.97999572753906,131.22999572753906,121.90953826904297,19044400
XLV,2022-02-01,131.6999969482422,131.82000732421875,130.52999877929688,131.5800018310547,122.23466491699219,14674800
XLV,2022-02-02,131.49000549316406,133.6699981689453,131.22000122070312,133.35000610351562,123.87898254394531,13595200
XLV,2022-02-03,133.1699981689453,133.27999877929688,132.52999877929688,132.77999877929688,123.34944915771484,13805600
XLV,2022-02-04,131.57000732421875,133.22999572753906,131.3300018310547,132.3000030517578,122.90354919433594,12004100
XLV,2022-02-07,132.35000610351562,132.80999755859375,131.6999969482422,132.07000732421875,122.68985748291016,9229200
XLV,2022-02-08,131.3699951171875,133.3800048828125,131.07000732421875,133.14999389648438,123.69316101074219,11071600
XLV,2022-02-09,133.7899932861328,134.4600067138672,133.64999389648438,134.17999267578125,124.64999389648438,10811000
XLV,2022-02-10,132.6300048828125,133.7899932861328,131.55999755859375,132.0800018310547,122.69916534423828,14393300
XLV,2022-02-11,131.89999389648438,132.89999389648438,130.08999633789062,130.25,120.99913024902344,13072300
XLV,2022-02-14,129.97999572753906,130.22999572753906,127.94999694824219,128.9199981689453,119.76361083984375,14386900
XLV,2022-02-15,130.0399932861328,130.8800048828125,129.7100067138672,130.3699951171875,121.11062622070312,8969900
XLV,2022-02-16,129.6999969482422,130.94000244140625,129.33999633789062,130.57000732421875,121.2964096069336,8779200
XLV,2022-02-17,130.0399932861328,130.11000061035156,128.27999877929688,128.47000122070312,119.34555053710938,11906800
XLV,2022-02-18,128.35000610351562,129.0399932861328,127.08000183105469,127.51000213623047,118.4537353515625,13505600
XLV,2022-02-22,127.05999755859375,128.22999572753906,126.33999633789062,127.19000244140625,118.15646362304688,13682100
XLV,2022-02-23,127.83999633789062,128.27999877929688,126.43000030517578,126.55000305175781,117.56192779541016,12022800
XLV,2022-02-24,124.29000091552734,127.31999969482422,124.05999755859375,127.05999755859375,118.03569793701172,23220000
XLV,2022-02-25,127.62999725341797,131.27000427246094,127.48999786376953,130.9499969482422,121.6494140625,17012300
XLV,2022-02-28,128.85000610351562,130.11000061035156,128.4499969482422,129.9600067138672,120.72974395751953,17987700
XLV,2022-03-01,129.27999877929688,130.33999633789062,128.24000549316406,129.24000549316406,120.06088256835938,14064200
XLV,2022-03-02,129.80999755859375,131.89999389648438,129.63999938964844,131.19000244140625,121.87235260009766,12395600
XLV,2022-03-03,131.77000427246094,132.6300048828125,130.74000549316406,131.86000061035156,122.49478912353516,11172600
XLV,2022-03-04,130.52999877929688,132.63999938964844,130.13999938964844,132.52000427246094,123.10790252685547,12160400
XLV,2022-03-07,131.69000244140625,131.94000244140625,129.6199951171875,130.2100067138672,120.96197509765625,15704000
XLV,2022-03-08,129.35000610351562,130.30999755859375,127.47000122070312,127.55000305175781,118.49089813232422,21794600
XLV,2022-03-09,129.6300048828125,130.6300048828125,128.6699981689453,129.9600067138672,120.72974395751953,15576500
XLV,2022-03-10,128.38999938964844,130.19000244140625,128.25,129.91000366210938,120.68328094482422,10708800
XLV,2022-03-11,130.25999450683594,131.02000427246094,128.80999755859375,128.94000244140625,119.78218841552734,9869100
XLV,2022-03-14,129.97999572753906,131.72000122070312,129.47000122070312,129.85000610351562,120.6275634765625,14373200
XLV,2022-03-15,130.89999389648438,132.5800018310547,130.67999267578125,132.44000244140625,123.03360748291016,14374100
XLV,2022-03-16,133.11000061035156,134.0500030517578,131.75,134.02999877929688,124.51067352294922,13840400
XLV,2022-03-17,133.63999938964844,136.2100067138672,133.4600067138672,136.14999389648438,126.48009490966797,10973100
XLV,2022-03-18,136.07000732421875,137.16000366210938,135.66000366210938,136.99000549316406,127.26043701171875,11364200
XLV,2022-03-21,136.5,137.6699981689453,135.82000732421875,136.4600067138672,127.16352844238281,11473100
XLV,2022-03-22,136.60000610351562,136.7899932861328,135.99000549316406,136.49000549316406,127.19146728515625,8892100
XLV,2022-03-23,135.83999633789062,136.08999633789062,134.0,134.0399932861328,124.90839385986328,10013400
XLV,2022-03-24,134.5399932861328,135.63999938964844,134.25,135.63999938964844,126.39938354492188,7189200
XLV,2022-03-25,136.10000610351562,136.5,135.22999572753906,136.27000427246094,126.9864730834961,7040100
XLV,2022-03-28,136.5,137.3000030517578,136.00999450683594,137.25999450683594,127.90901184082031,8467000
XLV,2022-03-29,138.39999389648438,138.9499969482422,137.25,138.07000732421875,128.66383361816406,12327700
XLV,2022-03-30,138.08999633789062,138.88999938964844,137.63999938964844,138.33999633789062,128.91543579101562,10752900
XLV,2022-03-31,138.0500030517578,138.80999755859375,136.75,136.99000549316406,127.65743255615234,15843000
XLV,2022-04-01,137.3699951171875,138.1199951171875,136.4499969482422,138.07000732421875,128.66383361816406,20785700
XLV,2022-04-04,137.75999450683594,138.0,136.60000610351562,136.9199981689453,127.5921630859375,16769500
XLV,2022-04-05,136.57000732421875,138.83999633789062,136.5,137.2100067138672,127.8624267578125,15025100
XLV,2022-04-06,136.86000061035156,139.6300048828125,136.77000427246094,139.3000030517578,129.8100128173828,23197800
XLV,2022-04-07,138.8000030517578,142.33999633789062,138.8000030517578,141.97999572753906,132.3074493408203,18160200
XLV,2022-04-08,141.99000549316406,143.4199981689453,141.77999877929688,142.8300018310547,133.0995635986328,19102700
XLV,2022-04-11,142.4199981689453,143.0,139.77999877929688,139.99000549316406,130.45306396484375,16570700
XLV,2022-04-12,139.63999938964844,140.4600067138672,138.02999877929688,138.6300048828125,129.18568420410156,14085400
XLV,2022-04-13,138.6199951171875,139.4499969482422,137.89999389648438,139.30999755859375,129.81935119628906,15496400
XLV,2022-04-14,139.44000244140625,140.14999389648438,138.5399932861328,138.63999938964844,129.1950225830078,10993400
XLV,2022-04-18,138.5,138.82000732421875,136.52999877929688,137.11000061035156,127.76924133300781,10125000
XLV,2022-04-19,137.47000122070312,138.91000366210938,137.4199981689453,138.4199981689453,128.98997497558594,11733100
XLV,2022-04-20,138.8000030517578,140.82000732421875,138.63999938964844,140.27999877929688,130.72329711914062,13674800
XLV,2022-04-21,140.6699981689453,140.8300018310547,138.4199981689453,138.72999572753906,129.27883911132812,11409700
XLV,2022-04-22,137.47999572753906,137.52000427246094,133.52999877929688,133.6699981689453,124.5635986328125,17525300
XLV,2022-04-25,133.27999877929688,134.86000061035156,131.77999877929688,134.57000732421875,125.40227508544922,16501900
XLV,2022-04-26,133.75999450683594,134.47999572753906,132.00999450683594,132.1999969482422,123.19373321533203,20087700
XLV,2022-04-27,132.17999267578125,133.25,131.25999450683594,131.91000366210938,122.92351531982422,16726700
XLV,2022-04-28,132.83999633789062,134.1699981689453,131.61000061035156,133.72999572753906,124.61949920654297,15510700
XLV,2022-04-29,132.42999267578125,133.1199951171875,130.08999633789062,130.2899932861328,121.4138412475586,17430200
XLV,2022-05-02,130.17999267578125,130.91000366210938,127.37999725341797,129.47999572753906,120.6590347290039,23615100
XLV,2022-05-03,129.8800048828125,131.13999938964844,129.42999267578125,129.88999938964844,121.04109954833984,13585300
XLV,2022-05-04,129.67999267578125,133.25,128.58999633789062,132.77000427246094,123.72489929199219,19053500
XLV,2022-05-05,132.1199951171875,132.25999450683594,128.85000610351562,130.19000244140625,121.32067108154297,16119800
XLV,2022-05-06,128.92999267578125,130.13999938964844,128.27000427246094,129.77999877929688,120.93859100341797,21742300
XLV,2022-05-09,128.3300018310547,128.36000061035156,125.93000030517578,126.41999816894531,117.80751037597656,17289800
XLV,2022-05-10,127.73999786376953,128.22000122070312,125.69999694824219,126.87000274658203,118.22685241699219,21850200
XLV,2022-05-11,126.23999786376953,129.08999633789062,125.87999725341797,126.02999877929688,117.44408416748047,19987300
XLV,2022-05-12,125.56999969482422,127.33000183105469,125.27999877929688,127.25,118.5809555053711,17497100
XLV,2022-05-13,128.08999633789062,129.0,127.52999877929688,128.60000610351562,119.83899688720703,9841500
XLV,2022-05-16,128.4499969482422,130.42999267578125,128.4199981689453,129.5500030517578,120.72427368164062,8839800
XLV,2022-05-17,130.89999389648438,131.38999938964844,129.92999267578125,131.3300018310547,122.38301086425781,9058700
XLV,2022-05-18,130.44000244140625,130.75999450683594,127.52999877929688,127.94000244140625,119.22395324707031,10005000
XLV,2022-05-19,126.91999816894531,129.0,126.45999908447266,128.22000122070312,119.4848861694336,9672800
XLV,2022-05-20,129.0800018310547,130.05999755859375,127.33000183105469,129.77999877929688,120.93859100341797,12833700
XLV,2022-05-23,130.64999389648438,131.42999267578125,130.3800048828125,130.9199981689453,122.00094604492188,9196500
XLV,2022-05-24,130.5399932861328,131.52999877929688,129.6999969482422,131.30999755859375,122.36437225341797,9031300
XLV,2022-05-25,131.22000122070312,132.1300048828125,130.0399932861328,131.27000427246094,122.32707977294922,8532400
XLV,2022-05-26,131.60000610351562,132.3300018310547,131.22000122070312,131.8300018310547,122.84893798828125,9090100
XLV,2022-05-27,132.05999755859375,134.0500030517578,131.50999450683594,134.02000427246094,124.88972473144531,13696000
XLV,2022-05-31,132.83999633789062,133.0800018310547,131.16000366210938,132.22999572753906,123.22167205810547,11740800
XLV,2022-06-01,132.7100067138672,132.72999572753906,129.2899932861328,130.3300018310547,121.45112609863281,9259900
XLV,2022-06-02,130.5,131.38999938964844,128.1699981689453,131.36000061035156,122.41095733642578,9575400
XLV,2022-06-03,130.4499969482422,131.02999877929688,129.64999389648438,129.82000732421875,120.97586822509766,5852600
XLV,2022-06-06,130.75,131.02000427246094,129.49000549316406,129.83999633789062,120.99449920654297,7729000
XLV,2022-06-07,129.83999633789062,131.66000366210938,129.3699951171875,131.52999877929688,122.5693588256836,7219100
XLV,2022-06-08,131.16000366210938,131.63999938964844,130.1199951171875,130.49000549316406,121.6002426147461,5372000
XLV,2022-06-09,130.0500030517578,130.49000549316406,127.51000213623047,127.54000091552734,118.8511962890625,7772900
XLV,2022-06-10,126.02999877929688,126.66000366210938,125.0,125.48999786376953,116.94085693359375,11289000
XLV,2022-06-13,123.01000213623047,123.76000213623047,121.18000030517578,121.69000244140625,113.3997573852539,14886200
XLV,2022-06-14,121.55000305175781,121.86000061035156,119.66999816894531,120.52999877929688,112.31875610351562,9299500
XLV,2022-06-15,121.19000244140625,123.02999877929688,119.88999938964844,121.75,113.45563507080078,10301600
XLV,2022-06-16,119.5199966430664,120.04000091552734,118.75,119.95999908447266,111.78759002685547,9383300
XLV,2022-06-17,120.0,121.79000091552734,119.8499984741211,119.88999938964844,111.72235870361328,13724900
XLV,2022-06-21,121.05999755859375,123.1500015258789,120.66000366210938,122.5999984741211,114.73005676269531,7987200
XLV,2022-06-22,121.81999969482422,125.66999816894531,121.76000213623047,124.30000305175781,116.32093811035156,10188900
XLV,2022-06-23,124.87999725341797,127.19000244140625,124.87999725341797,127.08999633789062,118.93183135986328,11943300
XLV,2022-06-24,128.02000427246094,129.22000122070312,127.16000366210938,129.1999969482422,120.9063949584961,10448100
XLV,2022-06-27,129.1999969482422,130.22999572753906,128.7899932861328,129.67999267578125,121.35555267333984,8963600
XLV,2022-06-28,129.94000244140625,130.58999633789062,127.18000030517578,127.41999816894531,119.24064636230469,7518700
XLV,2022-06-29,127.58999633789062,129.1699981689453,127.38999938964844,128.52999877929688,120.2793960571289,9157700
XLV,2022-06-30,127.86000061035156,128.97000122070312,126.88999938964844,128.24000549316406,120.00802612304688,10697600
XLV,2022-07-01,128.2899932861328,129.85000610351562,126.86000061035156,129.67999267578125,121.35555267333984,9366600
XLV,2022-07-05,128.42999267578125,128.9600067138672,126.16999816894531,128.92999267578125,120.65370178222656,9987000
XLV,2022-07-06,129.11000061035156,130.47000122070312,128.8800048828125,129.8000030517578,121.46788787841797,9033300
XLV,2022-07-07,129.61000061035156,130.52000427246094,129.5399932861328,130.35000610351562,121.9825668334961,6805500
XLV,2022-07-08,129.97999572753906,132.0399932861328,129.85000610351562,130.74000549316406,122.34751892089844,6505800
XLV,2022-07-11,130.00999450683594,131.13999938964844,129.8699951171875,130.41000366210938,122.03872680664062,7027300
XLV,2022-07-12,130.0,130.8800048828125,128.1699981689453,128.75,120.48526000976562,9280400
XLV,2022-07-13,127.66000366210938,128.52999877929688,127.16999816894531,127.5,119.31552124023438,9296500
XLV,2022-07-14,126.04000091552734,127.31999969482422,125.2300033569336,127.12999725341797,118.96927642822266,7784800
XLV,2022-07-15,129.02000427246094,130.25999450683594,128.4499969482422,130.1999969482422,121.84220886230469,9684800
XLV,2022-07-18,130.3300018310547,130.4499969482422,127.0199966430664,127.44999694824219,119.26872253417969,7047700
XLV,2022-07-19,128.80999755859375,129.83999633789062,128.25,129.6199951171875,121.29943084716797,6585700
XLV,2022-07-20,129.44000244140625,129.61000061035156,127.81999969482422,128.33999633789062,120.10159301757812,7599500
XLV,2022-07-21,128.72000122070312,130.3699951171875,128.38999938964844,130.3699951171875,122.00129699707031,9507700
XLV,2022-07-22,130.6699981689453,130.9199981689453,129.0399932861328,129.8300018310547,121.49597930908203,8657100
XLV,2022-07-25,129.92999267578125,130.75,129.80999755859375,130.50999450683594,122.13229370117188,5489000
XLV,2022-07-26,130.8800048828125,131.99000549316406,130.52999877929688,131.17999267578125,122.75929260253906,7482400
XLV,2022-07-27,131.10000610351562,132.58999633789062,130.49000549316406,132.0,123.52664947509766,7680700
XLV,2022-07-28,132.1699981689453,133.80999755859375,129.9199981689453,132.83999633789062,124.3127212524414,11052600
XLV,2022-07-29,132.1699981689453,132.63999938964844,131.47000122070312,132.39999389648438,123.90093994140625,8309500
XLV,2022-08-01,131.66000366210938,132.3800048828125,131.1199951171875,131.4199981689453,122.98389434814453,7665400
XLV,2022-08-02,131.74000549316406,132.8000030517578,130.8800048828125,130.9499969482422,122.54403686523438,7935100
XLV,2022-08-03,131.66000366210938,132.6699981689453,131.3000030517578,132.14999389648438,123.66699981689453,6825700
XLV,2022-08-04,132.4600067138672,132.49000549316406,131.2899932861328,131.5,123.05876159667969,5493000
XLV,2022-08-05,130.67999267578125,131.50999450683594,130.3699951171875,131.4499969482422,123.01195526123047,8883400
XLV,2022-08-08,131.6999969482422,132.6300048828125,131.08999633789062,131.75999450683594,123.30204772949219,7075100
XLV,2022-08-09,131.92999267578125,132.55999755859375,131.0500030517578,131.36000061035156,122.92771911621094,5802500
XLV,2022-08-10,132.75999450683594,132.88999938964844,132.02000427246094,132.7899932861328,124.26592254638672,6736300
XLV,2022-08-11,132.38999938964844,133.69000244140625,131.64999389648438,131.92999267578125,123.46114349365234,8471400
XLV,2022-08-12,132.25,133.67999267578125,132.02999877929688,133.6199951171875,125.04268646240234,7515500
XLV,2022-08-15,133.5500030517578,134.47000122070312,133.07000732421875,134.2899932861328,125.66963958740234,7486100
XLV,2022-08-16,134.0,134.3800048828125,133.41000366210938,133.92999267578125,125.332763671875,7138400
XLV,2022-08-17,133.14999389648438,133.9199981689453,132.9499969482422,133.14999389648438,124.60281372070312,7251800
XLV,2022-08-18,133.11000061035156,133.3800048828125,131.85000610351562,132.55999755859375,124.05068969726562,7053600
XLV,2022-08-19,132.55999755859375,133.55999755859375,132.3699951171875,132.9199981689453,124.38758087158203,5946500
XLV,2022-08-22,132.10000610351562,132.52000427246094,130.74000549316406,131.17999267578125,122.75929260253906,6420400
XLV,2022-08-23,130.60000610351562,130.74000549316406,128.99000549316406,129.35000610351562,121.0467529296875,7501900
XLV,2022-08-24,129.47999572753906,130.00999450683594,129.0399932861328,129.50999450683594,121.19647216796875,6719500
XLV,2022-08-25,130.05999755859375,130.97999572753906,129.14999389648438,130.94000244140625,122.53468322753906,5636600
XLV,2022-08-26,130.97999572753906,130.99000549316406,127.19000244140625,127.29000091552734,119.1189956665039,9044500
XLV,2022-08-29,126.5199966430664,127.19000244140625,125.73999786376953,126.4000015258789,118.28612518310547,6727700
XLV,2022-08-30,126.8499984741211,126.8499984741211,125.25,125.55999755859375,117.50004577636719,7910500
XLV,2022-08-31,125.97000122070312,126.76000213623047,124.73999786376953,124.76000213623047,116.75140380859375,8954500
XLV,2022-09-01,124.55999755859375,126.87000274658203,124.38999938964844,126.80999755859375,118.6697998046875,11212400
XLV,2022-09-02,127.54000091552734,127.66000366210938,124.44999694824219,124.98999786376953,116.96662902832031,9730300
XLV,2022-09-06,125.4800033569336,126.68000030517578,124.76000213623047,125.11000061035156,117.07892608642578,9663400
XLV,2022-09-07,125.08000183105469,127.36000061035156,124.68000030517578,127.1500015258789,118.98799133300781,9038300
XLV,2022-09-08,126.68000030517578,129.39999389648438,126.41999816894531,129.36000061035156,121.05612182617188,9394800
XLV,2022-09-09,129.67999267578125,130.85000610351562,129.44000244140625,130.5,122.1229248046875,8880400
XLV,2022-09-12,131.0,132.0500030517578,130.64999389648438,131.3699951171875,122.93704986572266,7982400
XLV,2022-09-13,129.27999877929688,129.57000732421875,126.69000244140625,127.02999877929688,118.87567901611328,11928500
XLV,2022-09-14,127.44999694824219,128.1999969482422,126.26000213623047,127.0999984741211,118.9411849975586,8080100
XLV,2022-09-15,127.6500015258789,129.02999877929688,127.5199966430664,127.80999755859375,119.60562133789062,8624200
XLV,2022-09-16,127.41000366210938,127.7300033569336,126.47000122070312,127.44999694824219,119.26872253417969,10810100
XLV,2022-09-19,126.13999938964844,126.29000091552734,124.45999908447266,126.26000213623047,118.62608337402344,9430100
XLV,2022-09-20,125.41000366210938,125.5999984741211,124.01000213623047,124.77999877929688,117.23556518554688,9010600
XLV,2022-09-21,125.27999877929688,126.11000061035156,122.68000030517578,122.70999908447266,115.29072570800781,11642400
XLV,2022-09-22,122.5199966430664,124.19999694824219,122.0,123.36000061035156,115.90144348144531,9505600
XLV,2022-09-23,122.69999694824219,122.94999694824219,121.19999694824219,122.7300033569336,115.30952453613281,16611100
XLV,2022-09-26,122.0,122.58999633789062,121.0199966430664,121.55999755859375,114.21025848388672,10450600
XLV,2022-09-27,122.41000366210938,123.19999694824219,120.69999694824219,121.19000244140625,113.86263275146484,13239900
XLV,2022-09-28,122.88999938964844,124.45999908447266,122.0999984741211,123.83999633789062,116.3523941040039,16360000
XLV,2022-09-29,123.47000122070312,123.7699966430664,121.97000122070312,122.80000305175781,115.37527465820312,10791700
XLV,2022-09-30,122.80999755859375,123.66000366210938,120.97000122070312,121.11000061035156,113.78746795654297,12389800
XLV,2022-10-03,121.98999786376953,124.06999969482422,121.62000274658203,123.5999984741211,116.12689971923828,9326800
XLV,2022-10-04,124.62999725341797,126.5199966430664,124.33999633789062,126.47000122070312,118.82337188720703,13717900
XLV,2022-10-05,125.66000366210938,127.55000305175781,125.19000244140625,126.88999938964844,119.21797943115234,9913400
XLV,2022-10-06,126.41999816894531,126.80999755859375,124.94000244140625,125.2699966430664,117.69595336914062,9399300
XLV,2022-10-07,124.31999969482422,124.54000091552734,121.91999816894531,122.62000274658203,115.20616149902344,10068700
XLV,2022-10-10,122.91000366210938,123.08000183105469,121.37999725341797,121.8499984741211,114.48270416259766,8377800
XLV,2022-10-11,121.5999984741211,123.80000305175781,121.29000091552734,122.5,115.09341430664062,10792900
XLV,2022-10-12,122.88999938964844,123.62000274658203,121.87000274658203,121.9000015258789,114.52970123291016,9292800
XLV,2022-10-13,120.1500015258789,125.33000183105469,119.94999694824219,124.73999786376953,117.1979751586914,14063600
XLV,2022-10-14,125.47000122070312,126.4000015258789,123.5199966430664,123.9000015258789,116.40876007080078,11442300
XLV,2022-10-17,124.69000244140625,126.13999938964844,124.54000091552734,125.88999938964844,118.27845764160156,8420400
XLV,2022-10-18,127.76000213623047,127.80000305175781,125.97000122070312,126.58999633789062,118.93611907958984,10016700
XLV,2022-10-19,126.19999694824219,126.20999908447266,123.7300033569336,124.81999969482422,117.27314758300781,7676200
XLV,2022-10-20,124.5999984741211,125.51000213623047,123.5999984741211,123.76000213623047,116.2772445678711,7196600
XLV,2022-10-21,123.66999816894531,126.87999725341797,123.01000213623047,126.54000091552734,118.88915252685547,8433100
XLV,2022-10-24,127.5999984741211,129.3699951171875,127.5999984741211,128.97999572753906,121.1816177368164,7411300
XLV,2022-10-25,128.58999633789062,130.11000061035156,128.52000427246094,129.9600067138672,122.10237884521484,7174200
XLV,2022-10-26,130.36000061035156,132.6199951171875,130.32000732421875,131.39999389648438,123.4552993774414,8277100
XLV,2022-10-27,131.6999969482422,131.72000122070312,130.50999450683594,130.7100067138672,122.80702209472656,6496800
XLV,2022-10-28,130.91000366210938,132.9600067138672,130.5,132.86000061035156,124.82701873779297,6267100
XLV,2022-10-31,132.1699981689453,133.27000427246094,131.8699951171875,132.75,124.72367858886719,7852800
XLV,2022-11-01,132.91000366210938,133.57000732421875,131.41000366210938,132.8300018310547,124.79885864257812,8033300
XLV,2022-11-02,132.52000427246094,134.02999877929688,130.5,130.57000732421875,122.67549133300781,10228700
XLV,2022-11-03,129.6199951171875,130.74000549316406,128.6999969482422,130.02000427246094,122.15875244140625,7916600
XLV,2022-11-04,131.0,131.27999877929688,128.97000122070312,130.80999755859375,122.90097045898438,8082200
XLV,2022-11-07,131.02000427246094,132.55999755859375,130.52999877929688,132.2100067138672,124.21633911132812,6054400
XLV,2022-11-08,132.24000549316406,133.88999938964844,131.3300018310547,132.8699951171875,124.8364028930664,8930700
XLV,2022-11-09,132.66000366210938,133.5500030517578,131.27999877929688,131.44000244140625,123.4928970336914,8963500
XLV,2022-11-10,134.47000122070312,135.0500030517578,132.66000366210938,134.77999877929688,126.63095092773438,12416800
XLV,2022-11-11,134.61000061035156,134.6300048828125,131.39999389648438,133.1300048828125,125.08070373535156,10487200
XLV,2022-11-14,133.52999877929688,134.83999633789062,133.1999969482422,133.25,125.19345092773438,10552600
XLV,2022-11-15,134.10000610351562,134.66000366210938,131.97000122070312,133.0800018310547,125.0337142944336,8184100
XLV,2022-11-16,133.41000366210938,134.30999755859375,132.7899932861328,133.02000427246094,124.97734832763672,6122200
XLV,2022-11-17,131.97000122070312,133.5,131.86000061035156,132.9600067138672,124.92097473144531,6498700
XLV,2022-11-18,134.08999633789062,134.8000030517578,133.64999389648438,134.57000732421875,126.43365478515625,6720700
XLV,2022-11-21,134.2899932861328,135.2100067138672,134.13999938964844,134.6300048828125,126.49002075195312,7995200
XLV,2022-11-22,134.9499969482422,135.89999389648438,134.92999267578125,135.8000030517578,127.58927917480469,5931100
XLV,2022-11-23,135.82000732421875,136.5399932861328,135.47999572753906,136.33999633789062,128.09661865234375,5340600
XLV,2022-11-25,136.5,137.25999450683594,136.47999572753906,137.14999389648438,128.85765075683594,3256000
XLV,2022-11-28,136.72999572753906,137.5399932861328,135.85000610351562,136.1199951171875,127.88990783691406,5026800
XLV,2022-11-29,135.8300018310547,136.0500030517578,135.0500030517578,135.77999877929688,127.57047271728516,5439600
XLV,2022-11-30,135.97999572753906,139.11000061035156,135.25999450683594,139.02000427246094,130.61460876464844,9377400
XLV,2022-12-01,139.82000732421875,140.16000366210938,138.6699981689453,139.4199981689453,130.9904022216797,15140200
XLV,2022-12-02,138.02000427246094,139.97000122070312,138.02000427246094,139.77999877929688,131.32862854003906,7779800
XLV,2022-12-05,138.8800048828125,139.1999969482422,137.97000122070312,138.44000244140625,130.0696563720703,6921500
XLV,2022-12-06,138.17999267578125,138.6199951171875,136.7100067138672,137.38999938964844,129.08314514160156,8171500
XLV,2022-12-07,137.38999938964844,138.9199981689453,137.35000610351562,138.52000427246094,130.1448211669922,7427000
XLV,2022-12-08,138.75999450683594,139.92999267578125,138.49000549316406,139.77000427246094,131.31924438476562,6765000
XLV,2022-12-09,139.5800018310547,140.0,137.94000244140625,137.97999572753906,129.63748168945312,6203000
XLV,2022-12-12,138.07000732421875,139.4499969482422,138.07000732421875,139.4499969482422,131.0186004638672,5669700
XLV,2022-12-13,141.35000610351562,141.77000427246094,138.91000366210938,139.8800048828125,131.422607421875,9886500
XLV,2022-12-14,139.82000732421875,141.27999877929688,138.9199981689453,140.10000610351562,131.6292724609375,10882200
XLV,2022-12-15,138.85000610351562,139.1999969482422,137.0399932861328,137.52999877929688,129.21466064453125,8746700
XLV,2022-12-16,136.49000549316406,136.5800018310547,134.77999877929688,135.52999877929688,127.3355941772461,10843900
XLV,2022-12-19,134.92999267578125,135.17999267578125,133.86000061035156,134.47000122070312,126.86012268066406,6801600
XLV,2022-12-20,134.52000427246094,134.9600067138672,133.7100067138672,134.44000244140625,126.8318099975586,4815500
XLV,2022-12-21,135.25999450683594,136.6300048828125,134.83999633789062,136.2100067138672,128.50169372558594,5937500
XLV,2022-12-22,135.4499969482422,136.05999755859375,134.25999450683594,136.02000427246094,128.3223876953125,5483300
XLV,2022-12-23,135.88999938964844,136.22999572753906,135.10000610351562,136.10000610351562,128.39784240722656,3766900
XLV,2022-12-27,136.36000061035156,136.47000122070312,135.2100067138672,135.75,128.06768798828125,7050500
XLV,2022-12-28,136.1999969482422,136.86000061035156,134.82000732421875,134.8699951171875,127.23746490478516,5054200
XLV,2022-12-29,135.7100067138672,137.0399932861328,135.39999389648438,136.33999633789062,128.624267578125,6297300
XLV,2022-12-30,135.8800048828125,136.02000427246094,134.47000122070312,135.85000610351562,128.16201782226562,6369500
XLV,2023-01-03,135.9600067138672,136.3300018310547,134.42999267578125,135.4600067138672,127.7940902709961,7239200
XLV,2023-01-04,136.22000122070312,136.57000732421875,134.94000244140625,135.82000732421875,128.1337432861328,8469800
XLV,2023-01-05,134.9199981689453,135.25,133.89999389648438,134.42999267578125,126.8223648071289,6714200
XLV,2023-01-06,135.3300018310547,136.0399932861328,133.61000061035156,135.6699981689453,127.9921875,7175700
XLV,2023-01-09,135.80999755859375,135.85000610351562,133.22000122070312,133.39999389648438,125.85066986083984,7719500
XLV,2023-01-10,133.35000610351562,134.72999572753906,133.14999389648438,134.52000427246094,126.90729522705078,7675200
XLV,2023-01-11,134.61000061035156,135.3000030517578,133.99000549316406,135.27999877929688,127.62429809570312,7307200
XLV,2023-01-12,134.99000549316406,135.41000366210938,133.5399932861328,134.85000610351562,127.21864318847656,7580500
XLV,2023-01-13,134.11000061035156,135.86000061035156,134.0500030517578,135.4499969482422,127.78466796875,6334100
XLV,2023-01-17,135.3800048828125,135.61000061035156,134.63999938964844,134.82000732421875,127.19031524658203,6664100
XLV,2023-01-18,134.82000732421875,135.1699981689453,132.7899932861328,132.9199981689453,125.39784240722656,10629100
XLV,2023-01-19,132.52999877929688,133.77000427246094,132.25999450683594,133.24000549316406,125.69972229003906,9902300
XLV,2023-01-20,133.5399932861328,134.00999450683594,132.52000427246094,133.91000366210938,126.33181762695312,5962200
XLV,2023-01-23,133.99000549316406,135.1199951171875,133.69000244140625,134.3699951171875,126.7657699584961,7211000
XLV,2023-01-24,133.6999969482422,134.47999572753906,132.6199951171875,133.47999572753906,125.92613220214844,5754800
XLV,2023-01-25,132.58999633789062,133.5500030517578,132.2100067138672,133.52000427246094,125.96389770507812,5999000
XLV,2023-01-26,133.8300018310547,133.9499969482422,132.72999572753906,133.77000427246094,126.19973754882812,6861100
XLV,2023-01-27,133.57000732421875,133.7100067138672,132.69000244140625,132.86000061035156,125.34122467041016,5854600
XLV,2023-01-30,132.61000061035156,133.44000244140625,131.4600067138672,131.66000366210938,124.20915222167969,7055400
XLV,2023-01-31,131.9600067138672,133.3800048828125,131.8300018310547,133.36000061035156,125.81293487548828,6290600
XLV,2023-02-01,133.36000061035156,134.80999755859375,132.36000061035156,133.99000549316406,126.40728759765625,11843000
XLV,2023-02-02,133.00999450683594,133.25999450683594,132.1300048828125,133.0800018310547,125.54875946044922,11274600
XLV,2023-02-03,133.1699981689453,133.60000610351562,132.25,132.69000244140625,125.18086242675781,10046800
XLV,2023-02-06,132.5,132.77999877929688,131.77000427246094,131.9499969482422,124.48273468017578,7328300
XLV,2023-02-07,131.49000549316406,133.19000244140625,131.02999877929688,132.8000030517578,125.28463745117188,7551000
XLV,2023-02-08,132.32000732421875,133.14999389648438,132.2100067138672,132.41000366210938,124.91667938232422,5614100
XLV,2023-02-09,132.74000549316406,133.25,131.0399932861328,131.25,123.82235717773438,8085700
XLV,2023-02-10,131.42999267578125,132.6300048828125,131.25,132.49000549316406,124.99217224121094,6198600
XLV,2023-02-13,132.50999450683594,133.60000610351562,132.50999450683594,133.58999633789062,126.0299072265625,6300300
XLV,2023-02-14,133.77000427246094,134.00999450683594,132.1300048828125,132.8000030517578,125.28463745117188,6905900
XLV,2023-02-15,132.27999877929688,132.4600067138672,131.69000244140625,132.13999938964844,124.66197204589844,6491900
XLV,2023-02-16,130.92999267578125,131.99000549316406,130.5399932861328,130.82000732421875,123.41667938232422,8008000
XLV,2023-02-17,130.1999969482422,132.22999572753906,130.0800018310547,131.99000549316406,124.52046203613281,10798800
XLV,2023-02-21,131.02999877929688,131.57000732421875,130.08999633789062,130.27999877929688,122.9072265625,9066200
XLV,2023-02-22,130.4199981689453,130.72999572753906,129.57000732421875,129.83999633789062,122.49213409423828,7318900
XLV,2023-02-23,129.80999755859375,130.85000610351562,129.24000549316406,130.19000244140625,122.82233428955078,9955500
XLV,2023-02-24,129.08999633789062,129.33999633789062,128.1300048828125,128.50999450683594,121.23739624023438,9008000
XLV,2023-02-27,129.2100067138672,129.57000732421875,127.83000183105469,128.1199951171875,120.86946868896484,6463900
XLV,2023-02-28,127.83000183105469,127.91000366210938,127.05999755859375,127.16999816894531,119.97322845458984,10282800
XLV,2023-03-01,126.55999755859375,127.23999786376953,126.41000366210938,126.95999908447266,119.77513122558594,11101000
XLV,2023-03-02,126.38999938964844,128.10000610351562,126.38999938964844,127.73999786376953,120.5109634399414,10203100
XLV,2023-03-03,128.3300018310547,129.22000122070312,127.69000244140625,129.1699981689453,121.86003875732422,10048000
XLV,2023-03-06,129.25999450683594,129.6999969482422,128.80999755859375,129.11000061035156,121.80345916748047,8153400
XLV,2023-03-07,129.3699951171875,129.52000427246094,126.80999755859375,127.02999877929688,119.8411636352539,9604400
XLV,2023-03-08,126.7699966430664,127.16000366210938,125.83999633789062,126.3499984741211,119.19964599609375,10793200
XLV,2023-03-09,126.83999633789062,127.05000305175781,124.55999755859375,125.06999969482422,117.99207305908203,13270300
XLV,2023-03-10,124.86000061035156,125.9000015258789,123.66999816894531,124.1500015258789,117.1241455078125,20483200
XLV,2023-03-13,123.75,127.0199966430664,123.5999984741211,125.30999755859375,118.21849060058594,21294200
XLV,2023-03-14,126.16000366210938,126.81999969482422,125.16999816894531,126.43000030517578,119.27510833740234,14582900
XLV,2023-03-15,125.06999969482422,126.5,124.83999633789062,126.31999969482422,119.17134094238281,17244600
XLV,2023-03-16,125.37000274658203,127.55999755859375,125.0199966430664,127.5,120.2845687866211,16011400
XLV,2023-03-17,127.38999938964844,127.48999786376953,125.45999908447266,125.86000061035156,118.73738098144531,15071400
XLV,2023-03-20,125.58000183105469,127.1500015258789,125.58000183105469,126.95999908447266,120.24230194091797,10592100
XLV,2023-03-21,127.44999694824219,127.87999725341797,126.68000030517578,127.7300033569336,120.97154998779297,8816300
XLV,2023-03-22,127.80000305175781,128.27000427246094,125.77999877929688,125.80000305175781,119.1436996459961,10480000
XLV,2023-03-23,126.31999969482422,127.08000183105469,124.83999633789062,125.55999755859375,118.9163818359375,10092300
XLV,2023-03-24,125.44000244140625,127.41999816894531,124.97000122070312,127.30000305175781,120.5643081665039,8163700
XLV,2023-03-27,128.1999969482422,128.77999877929688,127.66999816894531,127.81999969482422,121.05680084228516,9455400
XLV,2023-03-28,127.69000244140625,128.14999389648438,126.73999786376953,127.05000305175781,120.3275375366211,8037400
XLV,2023-03-29,127.68000030517578,127.83999633789062,126.8499984741211,127.4000015258789,120.65901947021484,8183100
XLV,2023-03-30,128.08999633789062,128.1300048828125,127.27999877929688,128.08999633789062,121.31251525878906,6820400
XLV,2023-03-31,128.52000427246094,129.52999877929688,128.4499969482422,129.4600067138672,122.61003875732422,9202500
XLV,2023-04-03,129.55999755859375,131.05999755859375,129.1999969482422,130.91000366210938,123.9832763671875,8937300
XLV,2023-04-04,131.0500030517578,131.69000244140625,130.69000244140625,130.92999267578125,124.00222778320312,9052600
XLV,2023-04-05,131.66000366210938,133.4199981689453,131.50999450683594,133.19000244140625,126.14265441894531,12325800
XLV,2023-04-06,133.7100067138672,134.11000061035156,133.07000732421875,133.52000427246094,126.45520782470703,8276300
XLV,2023-04-10,133.16000366210938,133.5,132.4600067138672,133.42999267578125,126.3699722290039,8024300
XLV,2023-04-11,133.74000549316406,134.3699951171875,133.66000366210938,133.8800048828125,126.79615020751953,8887500
XLV,2023-04-12,134.39999389648438,134.89999389648438,133.67999267578125,133.9199981689453,126.83399200439453,8988600
XLV,2023-04-13,134.49000549316406,135.80999755859375,134.1999969482422,135.66000366210938,128.48196411132812,9373500
XLV,2023-04-14,135.35000610351562,135.63999938964844,134.07000732421875,134.57000732421875,127.44963073730469,6632100
XLV,2023-04-17,134.61000061035156,134.75999450683594,133.75999450683594,134.4600067138672,127.345458984375,7187000
XLV,2023-04-18,134.72999572753906,134.72999572753906,133.36000061035156,133.5399932861328,126.47413635253906,7194200
XLV,2023-04-19,133.5800018310547,134.14999389648438,133.1699981689453,133.9499969482422,126.86246490478516,7048100
XLV,2023-04-20,133.30999755859375,133.60000610351562,132.77000427246094,133.39999389648438,126.34153747558594,6672000
XLV,2023-04-21,134.1300048828125,134.75,133.7100067138672,134.3000030517578,127.19393920898438,6535900
XLV,2023-04-24,134.44000244140625,135.08999633789062,134.10000610351562,135.0500030517578,127.90424346923828,6299800
XLV,2023-04-25,134.85000610351562,135.25999450683594,133.4199981689453,133.61000061035156,126.5404281616211,7752000
XLV,2023-04-26,132.42999267578125,132.52000427246094,130.9199981689453,131.7100067138672,124.74098205566406,10128800
XLV,2023-04-27,131.77000427246094,132.58999633789062,130.6199951171875,132.39999389648438,125.3944320678711,10008900
XLV,2023-04-28,132.24000549316406,133.91000366210938,132.02999877929688,133.52999877929688,126.46465301513672,7917300
XLV,2023-05-01,133.72000122070312,134.75999450683594,133.4600067138672,134.22000122070312,127.1181640625,6793900
XLV,2023-05-02,134.0,134.85000610351562,132.67999267578125,133.63999938964844,126.56886291503906,14365800
XLV,2023-05-03,134.25999450683594,134.89999389648438,133.27000427246094,133.4600067138672,126.39836883544922,8961500
XLV,2023-05-04,132.89999389648438,132.97999572753906,131.83999633789062,132.39999389648438,125.3944320678711,9625300
XLV,2023-05-05,133.27000427246094,134.0500030517578,132.8300018310547,133.58999633789062,126.52147674560547,7650300
XLV,2023-05-08,133.38999938964844,133.42999267578125,132.67999267578125,133.3000030517578,126.24684143066406,5305700
XLV,2023-05-09,132.7899932861328,133.4199981689453,132.3699951171875,132.41000366210938,125.4039077758789,6452700
XLV,2023-05-10,132.7899932861328,133.11000061035156,132.0,132.77999877929688,125.75435638427734,6556600
XLV,2023-05-11,132.5,132.5800018310547,131.5399932861328,132.3699951171875,125.36605072021484,8764800
XLV,2023-05-12,132.57000732421875,132.85000610351562,131.60000610351562,132.19000244140625,125.19556427001953,6626800
XLV,2023-05-15,132.2100067138672,132.3000030517578,131.38999938964844,131.9600067138672,124.97774505615234,5725600
XLV,2023-05-16,131.67999267578125,131.72999572753906,130.8300018310547,130.86000061035156,123.93595123291016,7106000
XLV,2023-05-17,131.0800018310547,131.19000244140625,129.55999755859375,131.02000427246094,124.08747100830078,15512700
XLV,2023-05-18,130.74000549316406,130.91000366210938,129.69000244140625,130.6999969482422,123.78440856933594,12196900
XLV,2023-05-19,131.0,132.19000244140625,130.94000244140625,131.30999755859375,124.36213684082031,9277000
XLV,2023-05-22,131.5,132.36000061035156,131.1300048828125,131.44000244140625,124.48526763916016,12856100
XLV,2023-05-23,130.91000366210938,131.10000610351562,129.7100067138672,130.0,123.12144470214844,8723100
XLV,2023-05-24,129.75,129.77999877929688,128.80999755859375,129.11000061035156,122.2785415649414,7952900
XLV,2023-05-25,128.49000549316406,128.66000366210938,126.91000366210938,127.79000091552734,121.02837371826172,13737000
XLV,2023-05-26,127.66999816894531,128.8699951171875,127.29000091552734,127.52999877929688,120.78213500976562,8794900
XLV,2023-05-30,126.88999938964844,127.87000274658203,126.41999816894531,126.73999786376953,120.03394317626953,12114500
XLV,2023-05-31,126.38999938964844,128.0500030517578,126.05000305175781,127.83000183105469,121.06626892089844,15099100
XLV,2023-06-01,127.94999694824219,128.9199981689453,126.95999908447266,128.6699981689453,121.86180114746094,9751900
XLV,2023-06-02,129.0800018310547,130.5500030517578,128.77999877929688,130.32000732421875,123.42452239990234,10293000
XLV,2023-06-05,130.61000061035156,131.3800048828125,130.4499969482422,130.7899932861328,123.86963653564453,7880200
XLV,2023-06-06,131.32000732421875,131.36000061035156,129.1300048828125,129.6999969482422,122.83731079101562,9413500
XLV,2023-06-07,129.58999633789062,129.77000427246094,129.0,129.19000244140625,122.35428619384766,7519600
XLV,2023-06-08,129.2100067138672,130.1999969482422,128.77999877929688,130.02000427246094,123.14039611816406,6583100
XLV,2023-06-09,130.0500030517578,130.8699951171875,129.33999633789062,130.4199981689453,123.51920318603516,10446100
XLV,2023-06-12,130.35000610351562,130.9199981689453,129.83999633789062,130.88999938964844,123.96437072753906,7321100
XLV,2023-06-13,130.60000610351562,131.75,130.47000122070312,131.5500030517578,124.58943176269531,8362700
XLV,2023-06-14,130.8800048828125,130.99000549316406,129.6999969482422,130.1999969482422,123.31087493896484,12401600
XLV,2023-06-15,130.2100067138672,132.39999389648438,130.19000244140625,132.22000122070312,125.2239990234375,10598600
XLV,2023-06-16,132.55999755859375,133.25,132.07000732421875,132.2100067138672,125.21450805664062,10535000
XLV,2023-06-20,130.41000366210938,132.10000610351562,130.38999938964844,131.52000427246094,125.0737533569336,8585100
XLV,2023-06-21,131.1999969482422,131.99000549316406,130.58999633789062,131.5399932861328,125.09278869628906,9444800
XLV,2023-06-22,131.74000549316406,132.6300048828125,131.57000732421875,132.44000244140625,125.94866180419922,8036400
XLV,2023-06-23,132.25999450683594,132.5399932861328,131.63999938964844,132.0,125.53022766113281,8096500
XLV,2023-06-26,131.6699981689453,131.8800048828125,129.97999572753906,131.25,124.81700134277344,7092800
XLV,2023-06-27,131.25,131.38999938964844,130.0399932861328,130.9499969482422,124.53170013427734,8578200
XLV,2023-06-28,130.9199981689453,130.9499969482422,130.11000061035156,130.52999877929688,124.1323013305664,10897800
XLV,2023-06-29,130.22999572753906,131.4600067138672,130.00999450683594,131.3800048828125,124.94063568115234,7843300
XLV,2023-06-30,131.91000366210938,133.0399932861328,131.8300018310547,132.72999572753906,126.22445678710938,8260900
XLV,2023-07-03,132.35000610351562,132.35000610351562,131.0800018310547,131.63999938964844,125.18789672851562,5240300
XLV,2023-07-05,131.36000061035156,131.85000610351562,131.05999755859375,131.57000732421875,125.12132263183594,7942100
XLV,2023-07-06,130.69000244140625,131.00999450683594,130.19000244140625,130.52000427246094,124.12278747558594,8213100
XLV,2023-07-07,129.8000030517578,130.25999450683594,128.92999267578125,129.0,122.67726135253906,8749700
XLV,2023-07-10,129.00999450683594,130.17999267578125,129.0,130.02000427246094,123.64730072021484,7476500
XLV,2023-07-11,129.83999633789062,130.47000122070312,129.47999572753906,130.0500030517578,123.67582702636719,7278300
XLV,2023-07-12,130.3800048828125,130.5,129.49000549316406,129.6999969482422,123.34294891357422,11900400
XLV,2023-07-13,130.02999877929688,130.36000061035156,129.6199951171875,129.75,123.3905258178711,7526200
XLV,2023-07-14,130.72999572753906,132.1199951171875,130.58999633789062,131.6999969482422,125.24494171142578,13298600
XLV,2023-07-17,131.35000610351562,131.6300048828125,130.61000061035156,131.10000610351562,124.67434692382812,7905000
XLV,2023-07-18,131.14999389648438,132.57000732421875,130.91000366210938,132.07000732421875,125.59680938720703,8130300
XLV,2023-07-19,132.72000122070312,133.50999450683594,132.4499969482422,132.67999267578125,126.17689514160156,12484000
XLV,2023-07-20,133.57000732421875,135.42999267578125,133.47000122070312,134.8800048828125,128.2691192626953,12650200
XLV,2023-07-21,135.00999450683594,136.66000366210938,134.77999877929688,136.24000549316406,129.56240844726562,11308900
XLV,2023-07-24,136.24000549316406,136.85000610351562,135.82000732421875,135.94000244140625,129.27713012695312,12034000
XLV,2023-07-25,135.02999877929688,136.42999267578125,134.85000610351562,135.8800048828125,129.22007751464844,7802900
XLV,2023-07-26,135.22999572753906,136.22999572753906,134.8800048828125,135.7899932861328,129.13449096679688,8205300
XLV,2023-07-27,135.99000549316406,136.47999572753906,134.75999450683594,134.7899932861328,128.1834716796875,8800800
XLV,2023-07-28,135.1999969482422,135.4199981689453,134.4199981689453,135.19000244140625,128.56390380859375,6897600
XLV,2023-07-31,134.9499969482422,135.0,133.64999389648438,134.14999389648438,127.57486724853516,9735900
XLV,2023-08-01,133.83999633789062,134.3300018310547,133.1199951171875,133.4499969482422,126.90917205810547,10555300
XLV,2023-08-02,133.47999572753906,134.38999938964844,133.17999267578125,133.5399932861328,126.99474334716797,13873000
XLV,2023-08-03,133.10000610351562,133.27000427246094,132.61000061035156,132.8699951171875,126.35760498046875,11863400
XLV,2023-08-04,132.91000366210938,133.72999572753906,132.07000732421875,132.39999389648438,125.9106216430664,12631200
XLV,2023-08-07,132.8000030517578,134.05999755859375,132.72999572753906,133.92999267578125,127.36563873291016,8165600
XLV,2023-08-08,134.77999877929688,135.1300048828125,134.0399932861328,134.9600067138672,128.34515380859375,12601200
XLV,2023-08-09,134.83999633789062,135.64999389648438,134.75,134.9199981689453,128.30709838867188,9833600
XLV,2023-08-10,135.25,136.52999877929688,134.69000244140625,134.8300018310547,128.2215576171875,9541700
XLV,2023-08-11,134.7899932861328,135.8300018310547,134.47000122070312,135.6699981689453,129.02035522460938,7674400
XLV,2023-08-14,135.69000244140625,136.50999450683594,135.57000732421875,136.0800018310547,129.41026306152344,8723300
XLV,2023-08-15,135.74000549316406,136.13999938964844,135.42999267578125,135.5800018310547,128.93475341796875,9118500
XLV,2023-08-16,135.36000061035156,135.8000030517578,134.52000427246094,134.5500030517578,127.95525360107422,9462400
XLV,2023-08-17,134.07000732421875,134.5399932861328,133.4199981689453,133.47999572753906,126.9377212524414,11163800
XLV,2023-08-18,133.22000122070312,133.8800048828125,133.10000610351562,133.52999877929688,126.98526000976562,9463000
XLV,2023-08-21,133.47999572753906,133.8300018310547,133.05999755859375,133.6699981689453,127.1183853149414,6872400
XLV,2023-08-22,133.47000122070312,133.7899932861328,133.1300048828125,133.1999969482422,126.67141723632812,6939400
XLV,2023-08-23,134.0,134.3000030517578,133.2100067138672,133.60000610351562,127.05183410644531,7276800
XLV,2023-08-24,133.33999633789062,134.38999938964844,132.44000244140625,132.44000244140625,125.94866180419922,10241700
XLV,2023-08-25,132.8699951171875,133.8800048828125,132.4199981689453,133.41000366210938,126.87114715576172,8509100
XLV,2023-08-28,133.8800048828125,134.30999755859375,133.22999572753906,133.72000122070312,127.16594696044922,6768400
XLV,2023-08-29,133.89999389648438,134.9199981689453,133.72000122070312,134.9199981689453,128.30709838867188,10737000
XLV,2023-08-30,135.25,135.66000366210938,134.6999969482422,134.82000732421875,128.21202087402344,7892700
XLV,2023-08-31,134.83999633789062,134.91000366210938,133.17999267578125,133.2100067138672,126.68093872070312,7540200
XLV,2023-09-01,134.24000549316406,134.24000549316406,133.22000122070312,133.57000732421875,127.02326965332031,10183900
XLV,2023-09-05,133.63999938964844,133.74000549316406,132.19000244140625,132.19000244140625,125.71092224121094,11042600
XLV,2023-09-06,132.02999877929688,132.16000366210938,130.8300018310547,131.47000122070312,125.02619171142578,12840000
XLV,2023-09-07,131.8699951171875,132.6300048828125,131.77000427246094,132.05999755859375,125.58727264404297,11055700
XLV,2023-09-08,131.77999877929688,132.4600067138672,131.75,132.05999755859375,125.58727264404297,8716900
XLV,2023-09-11,132.0,133.22999572753906,131.97999572753906,132.97000122070312,126.45269775390625,7179000
XLV,2023-09-12,132.57000732421875,133.14999389648438,131.85000610351562,132.8000030517578,126.29103088378906,6941700
XLV,2023-09-13,132.47999572753906,133.35000610351562,132.44000244140625,132.82000732421875,126.31007385253906,6430300
XLV,2023-09-14,133.57000732421875,133.64999389648438,132.83999633789062,133.24000549316406,126.70947265625,6433300
XLV,2023-09-15,132.9199981689453,133.5500030517578,132.10000610351562,132.19000244140625,125.71092224121094,9611900
XLV,2023-09-18,131.86000061035156,131.99000549316406,130.9499969482422,131.4499969482422,125.51995086669922,6559400
XLV,2023-09-19,131.22999572753906,131.83999633789062,130.67999267578125,131.55999755859375,125.6249771118164,6252400
XLV,2023-09-20,132.13999938964844,132.50999450683594,131.5500030517578,131.57000732421875,125.63452911376953,6350700
XLV,2023-09-21,131.32000732421875,131.5399932861328,130.36000061035156,130.4199981689453,124.53639221191406,7979500
XLV,2023-09-22,130.25,130.9199981689453,130.0,130.14999389648438,124.2785873413086,7790300
XLV,2023-09-25,130.02000427246094,130.89999389648438,129.66000366210938,130.86000061035156,124.95655822753906,6826300
XLV,2023-09-26,130.25999450683594,130.67999267578125,129.64999389648438,129.75,123.89664459228516,8200700
XLV,2023-09-27,129.99000549316406,130.1199951171875,128.14999389648438,129.10000610351562,123.27594757080078,9888600
XLV,2023-09-28,129.32000732421875,130.08999633789062,129.32000732421875,129.72000122070312,123.86798858642578,9129000
XLV,2023-09-29,130.0,130.1199951171875,128.5399932861328,128.74000549316406,122.93218994140625,12692700
XLV,2023-10-02,128.3300018310547,128.60000610351562,127.05999755859375,128.55999755859375,122.76032257080078,16035100
XLV,2023-10-03,127.93000030517578,128.1999969482422,126.87999725341797,127.41999816894531,121.67174530029297,11971100
XLV,2023-10-04,127.52999877929688,128.13999938964844,126.93000030517578,127.95999908447266,122.18738555908203,10064300
XLV,2023-10-05,128.25,128.88999938964844,127.5199966430664,128.66000366210938,122.8558120727539,9609700
XLV,2023-10-06,128.3000030517578,130.4199981689453,128.22999572753906,130.00999450683594,124.1448974609375,10692400
XLV,2023-10-09,129.64999389648438,130.5800018310547,129.1300048828125,130.4600067138672,124.57462310791016,8047600
XLV,2023-10-10,130.4199981689453,131.6699981689453,129.97000122070312,131.0800018310547,125.16663360595703,8154900
XLV,2023-10-11,131.24000549316406,131.4499969482422,129.9199981689453,130.5,124.61279296875,9591800
XLV,2023-10-12,130.60000610351562,130.85000610351562,129.27999877929688,129.3800048828125,123.54335021972656,10927700
XLV,2023-10-13,129.86000061035156,130.94000244140625,129.4600067138672,130.19000244140625,124.3167953491211,11383800
XLV,2023-10-16,130.7100067138672,131.9199981689453,130.60000610351562,131.1699981689453,125.2525863647461,10545000
XLV,2023-10-17,130.5399932861328,131.7100067138672,130.44000244140625,130.99000549316406,125.0806884765625,9149900
XLV,2023-10-18,131.1699981689453,131.5399932861328,129.6199951171875,129.85000610351562,123.99211883544922,10085700
XLV,2023-10-19,129.67999267578125,129.82000732421875,127.7699966430664,128.57000732421875,122.76986694335938,15492500
XLV,2023-10-20,128.30999755859375,128.97999572753906,128.0399932861328,128.05999755859375,122.28287506103516,12296800
XLV,2023-10-23,127.97000122070312,128.39999389648438,127.13999938964844,127.26000213623047,121.51898193359375,12344200
XLV,2023-10-24,126.8499984741211,128.0500030517578,126.8499984741211,127.6500015258789,121.89137268066406,9375900
XLV,2023-10-25,127.06999969482422,127.45999908447266,125.56999969482422,126.51000213623047,120.80280303955078,11427000
XLV,2023-10-26,125.47000122070312,126.41000366210938,125.16000366210938,125.26000213623047,119.60919952392578,14699100
XLV,2023-10-27,124.91000366210938,125.06999969482422,122.58999633789062,123.13999938964844,117.5848388671875,13566100
XLV,2023-10-30,123.77999877929688,124.20999908447266,122.88999938964844,123.83000183105469,118.24370574951172,15224500
XLV,2023-10-31,124.2699966430664,124.69999694824219,123.55000305175781,124.54000091552734,118.92167663574219,13917400
XLV,2023-11-01,124.38999938964844,125.41000366210938,124.16999816894531,124.80000305175781,119.16993713378906,13802600
XLV,2023-11-02,125.27999877929688,126.88999938964844,124.94999694824219,126.77999877929688,121.06062316894531,11894000
XLV,2023-11-03,127.6500015258789,128.1999969482422,127.19999694824219,127.41000366210938,121.66219329833984,11635600
XLV,2023-11-06,127.94999694824219,128.4600067138672,127.43000030517578,128.25999450683594,122.47383880615234,8425100
XLV,2023-11-07,128.2100067138672,128.66000366210938,127.87000274658203,128.35000610351562,122.55979919433594,8241900
XLV,2023-11-08,128.88999938964844,128.88999938964844,127.38999938964844,128.1699981689453,122.38792419433594,10021100
XLV,2023-11-09,128.0500030517578,128.1999969482422,125.4000015258789,125.5199966430664,119.85746002197266,13905500
XLV,2023-11-10,126.0,126.44999694824219,124.5999984741211,126.2699966430664,120.5736312866211,10401300
XLV,2023-11-13,126.4000015258789,127.25,125.66999816894531,127.0,121.27068328857422,11373800
XLV,2023-11-14,127.7300033569336,128.7100067138672,127.41000366210938,127.86000061035156,122.0918960571289,11216900
XLV,2023-11-15,127.94999694824219,128.47000122070312,127.63999938964844,127.95999908447266,122.18738555908203,9262700
XLV,2023-11-16,128.33999633789062,128.77999877929688,127.8499984741211,128.50999450683594,122.71257019042969,7665900
XLV,2023-11-17,128.77999877929688,128.99000549316406,127.86000061035156,128.25,122.46431732177734,6766100
XLV,2023-11-20,127.75,129.30999755859375,127.66000366210938,129.02999877929688,123.20912170410156,6910000
XLV,2023-11-21,129.47000122070312,130.07000732421875,129.30999755859375,129.80999755859375,123.95394897460938,8373000
XLV,2023-11-22,130.24000549316406,130.74000549316406,130.07000732421875,130.42999267578125,124.54595947265625,6737700
XLV,2023-11-24,130.69000244140625,131.16000366210938,130.67999267578125,131.1300048828125,125.21438598632812,3708800
XLV,2023-11-27,130.85000610351562,131.2899932861328,130.07000732421875,130.30999755859375,124.43135833740234,10530200
XLV,2023-11-28,130.0800018310547,130.3699951171875,129.5500030517578,129.63999938964844,123.79161071777344,6261300
XLV,2023-11-29,129.5,130.3800048828125,129.44000244140625,129.67999267578125,123.82977294921875,6979000
XLV,2023-11-30,129.77999877929688,131.38999938964844,129.3300018310547,131.30999755859375,125.38628387451172,7743100
XLV,2023-12-01,131.1300048828125,131.97000122070312,131.02999877929688,131.8300018310547,125.88282012939453,9370900
XLV,2023-12-04,131.47999572753906,132.3300018310547,131.44000244140625,132.0800018310547,126.12152099609375,6943900
XLV,2023-12-05,131.80999755859375,132.1199951171875,131.08999633789062,131.91000366210938,125.9592056274414,6581000
XLV,2023-12-06,132.1999969482422,132.4499969482422,131.75,132.00999450683594,126.0546875,6210400
XLV,2023-12-07,132.02999877929688,132.35000610351562,131.25,131.85000610351562,125.90190124511719,6396700
XLV,2023-12-08,131.94000244140625,132.3800048828125,131.27999877929688,132.07000732421875,126.11197662353516,6007600
XLV,2023-12-11,132.77999877929688,133.19000244140625,132.1300048828125,132.94000244140625,126.9427261352539,9016800
XLV,2023-12-12,133.1300048828125,133.6999969482422,132.5,133.50999450683594,127.48699951171875,6779000
XLV,2023-12-13,132.94000244140625,136.00999450683594,132.75999450683594,135.97000122070312,129.83604431152344,9074300
XLV,2023-12-14,136.42999267578125,136.50999450683594,134.8000030517578,135.30999755859375,129.205810546875,10098700
XLV,2023-12-15,134.67999267578125,134.94000244140625,133.66000366210938,134.16000366210938,128.107666015625,8296600
XLV,2023-12-18,134.05999755859375,134.1999969482422,133.42999267578125,133.77999877929688,128.31678771972656,5944300
XLV,2023-12-19,133.9499969482422,134.75,133.74000549316406,134.67999267578125,129.18002319335938,6358200
XLV,2023-12-20,134.60000610351562,134.67999267578125,132.72000122070312,132.72999572753906,127.30966186523438,7299000
XLV,2023-12-21,133.52999877929688,134.4499969482422,133.22000122070312,134.35000610351562,128.863525390625,5606800
XLV,2023-12-22,134.67999267578125,135.44000244140625,134.47999572753906,135.02000427246094,129.50616455078125,5355100
XLV,2023-12-26,134.91000366210938,135.67999267578125,134.74000549316406,135.32000732421875,129.79391479492188,3688600
XLV,2023-12-27,135.1699981689453,135.97999572753906,135.13999938964844,135.88999938964844,130.34060668945312,5444100
XLV,2023-12-28,136.0,136.6999969482422,135.97999572753906,136.24000549316406,130.6763153076172,5800200
XLV,2023-12-29,136.24000549316406,136.6199951171875,135.82000732421875,136.3800048828125,130.81060791015625,5590000
XLV,2024-01-02,136.0399932861328,139.0500030517578,135.97000122070312,138.77999877929688,133.11260986328125,11785900
XLV,2024-01-03,139.24000549316406,139.52999877929688,138.3800048828125,138.5500030517578,132.8920135498047,9585000
XLV,2024-01-04,138.97999572753906,140.0,138.74000549316406,139.24000549316406,133.5538330078125,11649200
XLV,2024-01-05,138.9199981689453,139.6999969482422,138.52999877929688,139.1199951171875,133.43870544433594,9437700
XLV,2024-01-08,139.16000366210938,140.3800048828125,138.58999633789062,140.35000610351562,134.6184844970703,7999400
XLV,2024-01-09,140.1999969482422,141.55999755859375,139.8699951171875,140.3300018310547,134.59930419921875,9201300
XLV,2024-01-10,140.41000366210938,141.13999938964844,139.8800048828125,140.97000122070312,135.21315002441406,9773300
XLV,2024-01-11,140.7899932861328,141.02999877929688,140.0,140.8699951171875,135.11721801757812,7182300
XLV,2024-01-12,140.47999572753906,141.16000366210938,140.0500030517578,140.52000427246094,134.78152465820312,8026400
XLV,2024-01-16,140.1699981689453,140.36000061035156,139.4600067138672,139.67999267578125,133.97586059570312,7426900
XLV,2024-01-17,139.4499969482422,140.08999633789062,139.00999450683594,139.39999389648438,133.707275390625,8337200
XLV,2024-01-18,138.1999969482422,139.50999450683594,137.52000427246094,139.3800048828125,133.68809509277344,8929300
XLV,2024-01-19,139.4600067138672,139.82000732421875,138.69000244140625,139.4600067138672,133.7648468017578,8842000
XLV,2024-01-22,139.5800018310547,140.44000244140625,139.22999572753906,140.07000732421875,134.3499298095703,7831400
XLV,2024-01-23,139.88999938964844,140.05999755859375,138.97000122070312,139.97000122070312,134.25401306152344,6407400
XLV,2024-01-24,140.33999633789062,140.67999267578125,138.6699981689453,138.69000244140625,133.02627563476562,9104900
XLV,2024-01-25,138.1999969482422,138.50999450683594,137.2100067138672,138.47999572753906,132.8248291015625,10050200
XLV,2024-01-26,139.44000244140625,139.55999755859375,138.9199981689453,139.27000427246094,133.58258056640625,5759100
XLV,2024-01-29,139.39999389648438,140.25999450683594,139.30999755859375,140.25,134.52256774902344,6229600
XLV,2024-01-30,140.47999572753906,140.82000732421875,139.80999755859375,140.57000732421875,134.8295135498047,5940300
XLV,2024-01-31,141.63999938964844,141.75,140.35000610351562,140.3800048828125,134.6472625732422,10223100
XLV,2024-02-01,140.5500030517578,142.1999969482422,139.8699951171875,142.1999969482422,136.3928985595703,8503600
XLV,2024-02-02,142.14999389648438,142.64999389648438,141.27000427246094,141.99000549316406,136.1915283203125,10629200
XLV,2024-02-05,142.5,143.30999755859375,141.77999877929688,142.42999267578125,136.613525390625,9631700
XLV,2024-02-06,143.5399932861328,144.08999633789062,142.82000732421875,143.97999572753906,138.10023498535156,10159000
XLV,2024-02-07,144.33999633789062,145.02999877929688,144.07000732421875,144.3699951171875,138.4743194580078,7884600
XLV,2024-02-08,144.22999572753906,144.22999572753906,143.47000122070312,144.1199951171875,138.23451232910156,6672400
XLV,2024-02-09,144.05999755859375,144.2899932861328,143.5399932861328,144.00999450683594,138.12901306152344,7447800
XLV,2024-02-12,143.82000732421875,144.24000549316406,143.13999938964844,144.1999969482422,138.3112335205078,6645500
XLV,2024-02-13,143.47000122070312,144.47000122070312,142.14999389648438,142.86000061035156,137.02598571777344,11170000
XLV,2024-02-14,143.35000610351562,144.14999389648438,143.07000732421875,144.10000610351562,138.21534729003906,9701100
XLV,2024-02-15,144.1999969482422,145.42999267578125,143.99000549316406,145.14999389648438,139.22244262695312,9294800
XLV,2024-02-16,145.33999633789062,146.60000610351562,144.82000732421875,145.6199951171875,139.6732635498047,8424100
XLV,2024-02-20,145.72999572753906,146.19000244140625,144.75999450683594,145.1300048828125,139.20327758789062,9120400
XLV,2024-02-21,144.66000366210938,145.49000549316406,144.24000549316406,145.4499969482422,139.5102081298828,7213500
XLV,2024-02-22,145.63999938964844,147.42999267578125,145.3300018310547,147.16000366210938,141.15037536621094,9130000
XLV,2024-02-23,147.66000366210938,148.27000427246094,147.33999633789062,147.86000061035156,141.82180786132812,9194600
XLV,2024-02-26,147.77000427246094,148.11000061035156,146.97000122070312,147.10000610351562,141.09283447265625,7248300
XLV,2024-02-27,146.3800048828125,147.19000244140625,146.0399932861328,146.74000549316406,140.74752807617188,7374000
XLV,2024-02-28,146.1199951171875,146.27999877929688,145.32000732421875,146.00999450683594,140.04733276367188,8038800
XLV,2024-02-29,146.0,146.24000549316406,144.72000122070312,144.82000732421875,138.90594482421875,9435600
XLV,2024-03-01,145.14999389648438,146.44000244140625,144.50999450683594,146.33999633789062,140.36387634277344,8741400
XLV,2024-03-04,145.9199981689453,146.67999267578125,145.77000427246094,146.1199951171875,140.15284729003906,10657800
XLV,2024-03-05,146.1699981689453,146.41000366210938,144.5500030517578,145.02999877929688,139.10736083984375,9743400
XLV,2024-03-06,145.3000030517578,146.55999755859375,145.3000030517578,146.02000427246094,140.05694580078125,8085300
XLV,2024-03-07,146.3800048828125,147.0500030517578,146.17999267578125,146.6999969482422,140.70916748046875,6438300
XLV,2024-03-08,146.55999755859375,147.25,146.1699981689453,146.42999267578125,140.4501953125,7802500
XLV,2024-03-11,146.10000610351562,146.61000061035156,145.2899932861328,146.35000610351562,140.3734588623047,7723800
XLV,2024-03-12,146.4499969482422,147.38999938964844,145.9600067138672,147.02999877929688,141.02569580078125,7143700
XLV,2024-03-13,147.58999633789062,147.6999969482422,145.88999938964844,146.4600067138672,140.47897338867188,7874200
XLV,2024-03-14,146.5500030517578,146.66000366210938,145.1300048828125,145.94000244140625,139.98020935058594,9605700
XLV,2024-03-15,145.02000427246094,145.66000366210938,144.85000610351562,145.36000061035156,139.42388916015625,10570500
XLV,2024-03-18,145.42999267578125,145.57000732421875,144.72000122070312,144.82000732421875,139.4075164794922,6407000
XLV,2024-03-19,144.94000244140625,145.8699951171875,144.52000427246094,145.77999877929688,140.3316650390625,5240200
XLV,2024-03-20,145.42999267578125,145.5,144.63999938964844,145.4499969482422,140.0139617919922,8268200
XLV,2024-03-21,145.75,146.1699981689453,145.33999633789062,145.63999938964844,140.19686889648438,8865300
XLV,2024-03-22,145.85000610351562,146.22000122070312,145.25999450683594,145.44000244140625,140.00436401367188,5537200
XLV,2024-03-25,145.7100067138672,145.86000061035156,145.00999450683594,145.24000549316406,139.8118133544922,5253000
XLV,2024-03-26,145.52999877929688,145.94000244140625,145.13999938964844,145.77000427246094,140.32200622558594,6942400
XLV,2024-03-27,147.00999450683594,147.7100067138672,146.6199951171875,147.7100067138672,142.1895294189453,8797400
XLV,2024-03-28,147.9199981689453,148.22999572753906,147.67999267578125,147.72999572753906,142.20877075195312,8090200
XLV,2024-04-01,147.63999938964844,147.72999572753906,145.94000244140625,146.47000122070312,140.995849609375,7378300
XLV,2024-04-02,144.49000549316406,144.64999389648438,143.44000244140625,144.19000244140625,138.80108642578125,10776400
XLV,2024-04-03,144.44000244140625,145.08999633789062,143.69000244140625,144.02999877929688,138.64707946777344,8453400
XLV,2024-04-04,144.92999267578125,145.02000427246094,141.8699951171875,141.9499969482422,136.64479064941406,12685700
XLV,2024-04-05,141.72999572753906,143.69000244140625,141.61000061035156,143.22000122070312,137.86734008789062,9073100
XLV,2024-04-08,143.11000061035156,143.11000061035156,142.5399932861328,142.75999450683594,137.4245147705078,9128200
XLV,2024-04-09,143.07000732421875,143.35000610351562,142.27999877929688,143.27000427246094,137.91546630859375,10534400
XLV,2024-04-10,141.83999633789062,142.24000549316406,141.10000610351562,141.58999633789062,136.29823303222656,13052700
XLV,2024-04-11,142.02000427246094,142.0500030517578,140.60000610351562,141.00999450683594,135.73992919921875,8153900
XLV,2024-04-12,140.27999877929688,140.2899932861328,138.4600067138672,138.91000366210938,133.7183837890625,13799400
XLV,2024-04-15,140.1199951171875,140.6300048828125,138.41000366210938,138.6300048828125,133.44886779785156,10383600
XLV,2024-04-16,139.8300018310547,139.8300018310547,138.58999633789062,138.67999267578125,133.4969940185547,10170500
XLV,2024-04-17,139.49000549316406,139.6199951171875,138.22000122070312,138.44000244140625,133.2659454345703,8480100
XLV,2024-04-18,138.52999877929688,139.25,138.2100067138672,138.42999267578125,133.25633239746094,8105800
XLV,2024-04-19,139.14999389648438,139.33999633789062,138.4499969482422,138.9499969482422,133.7569122314453,9668400
XLV,2024-04-22,139.3800048828125,140.58999633789062,138.92999267578125,139.47999572753906,134.26708984375,8531300
XLV,2024-04-23,140.82000732421875,141.55999755859375,140.17999267578125,141.3000030517578,136.01907348632812,8615500
XLV,2024-04-24,140.99000549316406,141.14999389648438,140.22000122070312,140.86000061035156,135.59552001953125,7378600
XLV,2024-04-25,140.77000427246094,141.0,139.1999969482422,139.9199981689453,134.690673828125,9693300
XLV,2024-04-26,139.39999389648438,140.3300018310547,139.3000030517578,139.9600067138672,134.72915649414062,6013800
XLV,2024-04-29,140.1300048828125,140.8300018310547,139.72999572753906,140.42999267578125,135.1815948486328,6388600
XLV,2024-04-30,140.89999389648438,141.1999969482422,140.22999572753906,140.3300018310547,135.08534240722656,9677700
XLV,2024-05-01,139.7100067138672,141.83999633789062,139.5500030517578,140.5800018310547,135.3259735107422,10710200
XLV,2024-05-02,141.33999633789062,141.44000244140625,139.72000122070312,140.47999572753906,135.22972106933594,8425500
XLV,2024-05-03,141.08999633789062,141.22999572753906,140.10000610351562,140.8300018310547,135.56663513183594,8539300
XLV,2024-05-06,140.9499969482422,141.44000244140625,140.63999938964844,141.39999389648438,136.11532592773438,5605100
XLV,2024-05-07,141.72000122070312,142.6999969482422,141.6999969482422,142.57000732421875,137.2416229248047,7720600
XLV,2024-05-08,142.86000061035156,142.8800048828125,141.89999389648438,142.0800018310547,136.76992797851562,5461100
XLV,2024-05-09,142.25,143.3800048828125,142.22999572753906,143.3000030517578,137.94435119628906,6821800
XLV,2024-05-10,143.49000549316406,144.08999633789062,143.38999938964844,143.58999633789062,138.22349548339844,6324900
XLV,2024-05-13,143.8800048828125,144.00999450683594,143.19000244140625,143.4499969482422,138.08872985839844,5351500
XLV,2024-05-14,143.64999389648438,144.1300048828125,143.11000061035156,144.05999755859375,138.67591857910156,6198700
XLV,2024-05-15,144.6999969482422,146.36000061035156,144.63999938964844,146.1999969482422,140.7359619140625,8433700
XLV,2024-05-16,145.88999938964844,146.44000244140625,145.6199951171875,146.02999877929688,140.57228088378906,6740800
XLV,2024-05-17,146.0,146.33999633789062,145.44000244140625,146.30999755859375,140.84182739257812,7071600
XLV,2024-05-20,146.16000366210938,146.36000061035156,145.69000244140625,146.0,140.54342651367188,3890000
XLV,2024-05-21,146.25999450683594,146.8800048828125,145.8800048828125,146.25,140.7841033935547,4048900
XLV,2024-05-22,145.86000061035156,146.9499969482422,145.77000427246094,146.50999450683594,141.03436279296875,6831200
XLV,2024-05-23,146.27000427246094,146.27999877929688,144.80999755859375,144.91000366210938,139.49415588378906,5155900
XLV,2024-05-24,145.10000610351562,145.3300018310547,144.3300018310547,144.4199981689453,139.02247619628906,3949500
XLV,2024-05-28,144.10000610351562,144.10000610351562,142.07000732421875,142.6699981689453,137.337890625,8375100
XLV,2024-05-29,141.4499969482422,141.72999572753906,140.9499969482422,141.55999755859375,136.2693634033203,6838200
XLV,2024-05-30,140.99000549316406,142.13999938964844,140.67999267578125,141.6300048828125,136.33676147460938,7395500
XLV,2024-05-31,142.0800018310547,143.77999877929688,141.91000366210938,143.6999969482422,138.32936096191406,7945900
XLV,2024-06-03,143.60000610351562,145.13999938964844,143.35000610351562,144.7100067138672,139.3016357421875,10303300
XLV,2024-06-04,144.5800018310547,145.52999877929688,144.0399932861328,145.1300048828125,139.70594787597656,6964200
XLV,2024-06-05,145.3000030517578,145.9499969482422,144.49000549316406,145.7899932861328,140.34127807617188,5373400
XLV,2024-06-06,145.67999267578125,146.5800018310547,145.17999267578125,146.27000427246094,140.80335998535156,5425800
XLV,2024-06-07,146.1300048828125,147.16000366210938,145.9600067138672,146.42999267578125,140.9573516845703,5222300
XLV,2024-06-10,146.1999969482422,147.00999450683594,145.6699981689453,146.97000122070312,141.47718811035156,5396700
XLV,2024-06-11,146.86000061035156,146.86000061035156,145.72999572753906,146.36000061035156,140.88998413085938,5194000
XLV,2024-06-12,146.99000549316406,147.0399932861328,145.6699981689453,146.0500030517578,140.591552734375,6522700
XLV,2024-06-13,145.50999450683594,146.1699981689453,144.5800018310547,145.92999267578125,140.4760284423828,4720600
XLV,2024-06-14,145.6300048828125,145.9199981689453,145.02999877929688,145.8800048828125,140.4279327392578,4109600
XLV,2024-06-17,145.25999450683594,145.9600067138672,144.9600067138672,145.72999572753906,140.2835235595703,4542800
XLV,2024-06-18,145.88999938964844,146.39999389648438,145.60000610351562,145.9199981689453,140.46641540527344,4872600
XLV,2024-06-20,145.47000122070312,146.58999633789062,145.27000427246094,146.39999389648438,140.92845153808594,6653600
XLV,2024-06-21,146.58999633789062,147.1199951171875,146.24000549316406,146.80999755859375,141.32313537597656,8535400
XLV,2024-06-24,146.8300018310547,147.61000061035156,146.4499969482422,147.08999633789062,142.14749145507812,6446100
XLV,2024-06-25,147.25999450683594,147.47000122070312,146.27999877929688,146.6300048828125,141.7029571533203,5171600
XLV,2024-06-26,146.3699951171875,146.6300048828125,145.77000427246094,146.11000061035156,141.20042419433594,4572700
XLV,2024-06-27,146.22000122070312,146.27999877929688,145.02999877929688,145.8699951171875,140.96847534179688,4637900
XLV,2024-06-28,146.41000366210938,147.02000427246094,145.10000610351562,145.75,140.85252380371094,7656800
XLV,2024-07-01,146.0399932861328,147.49000549316406,144.64999389648438,144.92999267578125,140.06007385253906,6562000
XLV,2024-07-02,144.41000366210938,144.6199951171875,143.58999633789062,144.39999389648438,139.54788208007812,7536100
XLV,2024-07-03,144.66000366210938,144.6699981689453,142.72999572753906,143.3000030517578,138.48486328125,7654000
XLV,2024-07-05,143.61000061035156,144.49000549316406,142.8800048828125,144.41000366210938,139.55755615234375,4846900
XLV,2024-07-08,144.57000732421875,144.97000122070312,143.8800048828125,144.25,139.40292358398438,4001500
XLV,2024-07-09,144.55999755859375,145.02999877929688,143.6999969482422,144.9499969482422,140.0793914794922,8336700
XLV,2024-07-10,145.11000061035156,146.33999633789062,144.7899932861328,146.32000732421875,141.4033660888672,5342300
XLV,2024-07-11,146.3300018310547,147.74000549316406,146.14999389648438,147.35000610351562,142.3987579345703,7690700
XLV,2024-07-12,147.85000610351562,148.88999938964844,147.74000549316406,148.27000427246094,143.287841796875,6614600
XLV,2024-07-15,148.83999633789062,148.97999572753906,147.52999877929688,147.75,142.78530883789062,5804100
XLV,2024-07-16,148.63999938964844,149.88999938964844,148.30999755859375,149.86000061035156,144.82443237304688,7602500
XLV,2024-07-17,148.8300018310547,151.3300018310547,148.63999938964844,150.5399932861328,145.4815673828125,10395500
XLV,2024-07-18,149.5800018310547,150.55999755859375,146.86000061035156,147.1199951171875,142.1764678955078,11033400
XLV,2024-07-19,147.86000061035156,148.5800018310547,147.27999877929688,147.8699951171875,142.90126037597656,5985700
XLV,2024-07-22,148.6199951171875,148.99000549316406,147.8800048828125,148.72000122070312,143.72271728515625,5190200
XLV,2024-07-23,149.3300018310547,149.4199981689453,148.47000122070312,148.6300048828125,143.6357421875,3553300
XLV,2024-07-24,148.7100067138672,150.05999755859375,148.2100067138672,149.8699951171875,144.83409118652344,6870400
XLV,2024-07-25,149.4199981689453,151.52999877929688,148.9600067138672,149.1199951171875,144.10928344726562,11472800
XLV,2024-07-26,149.10000610351562,150.92999267578125,149.00999450683594,149.9600067138672,144.92105102539062,6028800
XLV,2024-07-29,149.97999572753906,150.55999755859375,149.25999450683594,150.0500030517578,145.00802612304688,8227200
XLV,2024-07-30,150.0500030517578,151.11000061035156,149.11000061035156,150.17999267578125,145.13365173339844,7269400
XLV,2024-07-31,150.1199951171875,150.66000366210938,149.0500030517578,149.6300048828125,144.60214233398438,8417800
XLV,2024-08-01,150.39999389648438,151.3300018310547,149.49000549316406,151.16000366210938,146.08071899414062,10357700
XLV,2024-08-02,151.38999938964844,151.77000427246094,148.6199951171875,150.86000061035156,145.79083251953125,15742100
XLV,2024-08-05,148.5,148.7899932861328,146.19000244140625,146.8300018310547,141.896240234375,17575600
XLV,2024-08-06,147.4199981689453,149.3800048828125,146.9499969482422,147.50999450683594,142.55337524414062,13335600
XLV,2024-08-07,147.41000366210938,148.1199951171875,145.5399932861328,146.00999450683594,141.10377502441406,11485000
XLV,2024-08-08,148.2899932861328,149.3699951171875,147.6199951171875,149.24000549316406,144.2252655029297,11479100
XLV,2024-08-09,149.5,150.36000061035156,149.17999267578125,149.97999572753906,144.9403839111328,8550400
XLV,2024-08-12,150.33999633789062,150.33999633789062,148.97999572753906,149.41000366210938,144.38955688476562,5044300
XLV,2024-08-13,150.0,151.3699951171875,149.8300018310547,151.22000122070312,146.1387176513672,4815700
XLV,2024-08-14,151.02999877929688,151.97999572753906,150.6699981689453,151.75999450683594,146.6605682373047,4837300
XLV,2024-08-15,152.4600067138672,152.9499969482422,151.75,152.7100067138672,147.57867431640625,5886800
XLV,2024-08-16,152.66000366210938,153.1199951171875,152.22999572753906,152.8699951171875,147.7332763671875,4562500
XLV,2024-08-19,152.8800048828125,153.94000244140625,152.7899932861328,153.8000030517578,148.63201904296875,4729600
XLV,2024-08-20,154.2100067138672,155.2100067138672,154.0500030517578,154.4199981689453,149.23118591308594,4878300
XLV,2024-08-21,154.74000549316406,155.0800018310547,154.13999938964844,154.67999267578125,149.48245239257812,5530100
XLV,2024-08-22,155.1999969482422,155.35000610351562,153.99000549316406,154.77999877929688,149.57908630371094,4951800
XLV,2024-08-23,155.19000244140625,155.55999755859375,154.63999938964844,155.4499969482422,150.2265625,4069400
XLV,2024-08-26,155.60000610351562,156.0800018310547,155.22000122070312,155.3699951171875,150.14926147460938,4433600
XLV,2024-08-27,155.52000427246094,156.0399932861328,155.05999755859375,155.61000061035156,150.38121032714844,3785400
XLV,2024-08-28,155.50999450683594,156.44000244140625,155.05999755859375,155.7899932861328,150.5551300048828,5150100
XLV,2024-08-29,156.41000366210938,156.8300018310547,155.4600067138672,156.1199951171875,150.8740692138672,4339200
XLV,2024-08-30,156.22999572753906,157.27999877929688,155.5500030517578,157.1999969482422,151.9177703857422,7020600
XLV,2024-09-03,156.8800048828125,157.83999633789062,156.47000122070312,156.89999389648438,151.62786865234375,7674900
XLV,2024-09-04,156.69000244140625,159.63999938964844,155.86000061035156,156.6300048828125,151.36692810058594,8235500
XLV,2024-09-05,156.4600067138672,156.5500030517578,153.72999572753906,154.47999572753906,149.2891845703125,7245600
XLV,2024-09-06,155.02000427246094,155.66000366210938,153.6300048828125,153.9499969482422,148.77696228027344,7651800
XLV,2024-09-09,154.33999633789062,155.52000427246094,153.75,155.02999877929688,149.82069396972656,6169200
XLV,2024-09-10,155.24000549316406,155.85000610351562,154.66000366210938,155.74000549316406,150.50682067871094,7337200
XLV,2024-09-11,155.17999267578125,155.4600067138672,152.85000610351562,155.27999877929688,150.06228637695312,6636500
XLV,2024-09-12,155.24000549316406,155.97999572753906,153.7899932861328,155.83999633789062,150.6034698486328,4838100
XLV,2024-09-13,155.91000366210938,156.63999938964844,155.6999969482422,156.16000366210938,150.91273498535156,4358500
XLV,2024-09-16,156.97999572753906,157.58999633789062,156.6699981689453,157.24000549316406,151.9564208984375,4711900
XLV,2024-09-17,157.0500030517578,157.08999633789062,155.07000732421875,155.6199951171875,150.39085388183594,6280000
XLV,2024-09-18,155.49000549316406,156.97999572753906,154.75999450683594,155.36000061035156,150.1396026611328,7148900
XLV,2024-09-19,156.75999450683594,156.75999450683594,155.50999450683594,155.9199981689453,150.6807861328125,6717400
XLV,2024-09-20,155.41000366210938,155.97999572753906,154.89999389648438,155.27999877929688,150.06228637695312,8541600
XLV,2024-09-23,155.19000244140625,155.2100067138672,154.1199951171875,154.39999389648438,149.76837158203125,6416400
XLV,2024-09-24,154.3300018310547,154.38999938964844,153.36000061035156,154.08999633789062,149.4676971435547,5341600
XLV,2024-09-25,154.55999755859375,154.77999877929688,152.52999877929688,152.58999633789062,148.01268005371094,5940100
XLV,2024-09-26,152.49000549316406,153.2899932861328,152.22999572753906,153.10000610351562,148.5074005126953,6172900
XLV,2024-09-27,153.3000030517578,154.1999969482422,153.00999450683594,153.02000427246094,148.42979431152344,7312500
XLV,2024-09-30,152.80999755859375,154.05999755859375,152.5800018310547,154.02000427246094,149.39979553222656,7233800
XLV,2024-10-01,154.13999938964844,154.35000610351562,152.6300048828125,153.2100067138672,148.6140899658203,10560200
XLV,2024-10-02,153.02000427246094,153.3800048828125,151.8699951171875,152.89999389648438,148.3133544921875,7158400
XLV,2024-10-03,152.52000427246094,152.66000366210938,151.24000549316406,151.52000427246094,146.9747772216797,5551000
XLV,2024-10-04,151.75,152.02000427246094,150.8800048828125,151.63999938964844,147.0911865234375,6590100
XLV,2024-10-07,151.64999389648438,152.11000061035156,150.69000244140625,150.97000122070312,146.44125366210938,5922800
XLV,2024-10-08,151.3699951171875,152.02999877929688,151.24000549316406,151.7899932861328,147.23666381835938,4726600
XLV,2024-10-09,151.92999267578125,153.4600067138672,151.57000732421875,153.33999633789062,148.74017333984375,7840000
XLV,2024-10-10,153.33999633789062,153.4600067138672,152.39999389648438,152.77000427246094,148.18728637695312,4385500
XLV,2024-10-11,153.25,154.07000732421875,153.02999877929688,153.88999938964844,149.27365112304688,9354000
XLV,2024-10-14,154.05999755859375,155.00999450683594,153.52999877929688,154.74000549316406,150.09817504882812,4819800
XLV,2024-10-15,152.6699981689453,154.58999633789062,152.50999450683594,152.85000610351562,148.26490783691406,9088600
XLV,2024-10-16,152.64999389648438,153.61000061035156,152.24000549316406,153.27999877929688,148.68197631835938,4510200
XLV,2024-10-17,152.77000427246094,153.02000427246094,152.2899932861328,152.38999938964844,147.81866455078125,5430000
XLV,2024-10-18,152.5,153.5,152.05999755859375,153.1300048828125,148.53648376464844,9823900
XLV,2024-10-21,152.72999572753906,153.13999938964844,151.17999267578125,151.3300018310547,146.7904815673828,4825900
XLV,2024-10-22,150.52999877929688,151.38999938964844,150.39999389648438,151.11000061035156,146.5770721435547,5166900
XLV,2024-10-23,150.6999969482422,150.92999267578125,149.60000610351562,150.39999389648438,145.8883819580078,4910200
XLV,2024-10-24,150.39999389648438,151.00999450683594,149.3699951171875,149.41000366210938,144.92808532714844,5066300
XLV,2024-10-25,149.9199981689453,150.0,148.4199981689453,148.58999633789062,144.13267517089844,5314500
XLV,2024-10-28,149.00999450683594,149.49000549316406,148.6199951171875,148.80999755859375,144.3460693359375,4923500
XLV,2024-10-29,148.7100067138672,149.32000732421875,148.3300018310547,148.39999389648438,143.9483642578125,7342600
XLV,2024-10-30,146.13999938964844,148.1699981689453,145.6199951171875,148.1199951171875,143.67677307128906,9211800
XLV,2024-10-31,147.24000549316406,147.92999267578125,146.83999633789062,146.8699951171875,142.46424865722656,6701100
XLV,2024-11-01,147.44000244140625,148.47000122070312,147.42999267578125,147.74000549316406,143.30816650390625,6896900
XLV,2024-11-04,147.3800048828125,148.08999633789062,146.47999572753906,146.77000427246094,142.3672637939453,5985900
XLV,2024-11-05,146.47999572753906,147.88999938964844,145.94000244140625,147.85000610351562,143.41488647460938,5035300
XLV,2024-11-06,150.6699981689453,150.91000366210938,147.35000610351562,148.0399932861328,143.5991668701172,10685600
XLV,2024-11-07,148.92999267578125,149.2899932861328,148.2100067138672,149.11000061035156,144.63706970214844,9381600
XLV,2024-11-08,149.30999755859375,150.9499969482422,149.13999938964844,150.17999267578125,145.6749725341797,8701100
XLV,2024-11-11,149.85000610351562,150.60000610351562,149.0800018310547,149.3000030517578,144.8213653564453,6071900
XLV,2024-11-12,149.05999755859375,149.30999755859375,147.19000244140625,147.22000122070312,142.8037872314453,7022300
XLV,2024-11-13,147.16000366210938,147.60000610351562,146.67999267578125,146.8300018310547,142.42547607421875,5981200
XLV,2024-11-14,146.5800018310547,146.58999633789062,144.36000061035156,144.52000427246094,140.18478393554688,7936700
XLV,2024-11-15,143.72000122070312,143.85000610351562,141.57000732421875,141.83999633789062,137.58514404296875,14246100
XLV,2024-11-18,141.47000122070312,142.08999633789062,141.30999755859375,141.94000244140625,137.68214416503906,7933100
XLV,2024-11-19,140.64999389648438,141.61000061035156,140.25999450683594,141.2100067138672,136.97406005859375,6205800
XLV,2024-11-20,141.50999450683594,143.0800018310547,141.27999877929688,142.8800048828125,138.5939483642578,9328800
XLV,2024-11-21,142.8800048828125,144.22999572753906,142.13999938964844,144.02999877929688,139.70945739746094,7969600
XLV,2024-11-22,144.3300018310547,145.02000427246094,143.94000244140625,144.16000366210938,139.8355712890625,6330300
XLV,2024-11-25,144.80999755859375,145.85000610351562,144.7899932861328,145.38999938964844,141.02865600585938,6834300
XLV,2024-11-26,145.8300018310547,146.3300018310547,144.69000244140625,146.1699981689453,141.78526306152344,6018400
XLV,2024-11-27,146.30999755859375,147.75999450683594,146.30999755859375,146.9499969482422,142.5418701171875,5952800
XLV,2024-11-29,146.94000244140625,147.7899932861328,146.7100067138672,147.41000366210938,142.98806762695312,3521200
XLV,2024-12-02,147.32000732421875,147.3800048828125,146.38999938964844,147.14999389648438,142.73587036132812,6220800
XLV,2024-12-03,147.13999938964844,147.42999267578125,146.74000549316406,146.82000732421875,142.415771484375,4236200
XLV,2024-12-04,147.0800018310547,147.5800018310547,146.36000061035156,146.74000549316406,142.33816528320312,5597400
XLV,2024-12-05,146.08999633789062,146.25,144.8300018310547,145.10000610351562,140.74737548828125,8948700
XLV,2024-12-06,145.2899932861328,145.4600067138672,144.10000610351562,144.27999877929688,139.9519500732422,6545200
XLV,2024-12-09,144.4199981689453,145.08999633789062,143.9199981689453,144.6999969482422,140.35935974121094,6258600
XLV,2024-12-10,144.99000549316406,145.10000610351562,143.6199951171875,144.10000610351562,139.77734375,7200500
XLV,2024-12-11,143.52000427246094,143.63999938964844,142.10000610351562,142.13999938964844,137.87615966796875,6895000
XLV,2024-12-12,142.1699981689453,142.5399932861328,140.91000366210938,141.00999450683594,136.78004455566406,5994200
XLV,2024-12-13,140.8300018310547,141.4499969482422,140.1300048828125,140.99000549316406,136.76065063476562,7599400
XLV,2024-12-16,140.8800048828125,141.64999389648438,139.1999969482422,139.30999755859375,135.13104248046875,9476600
XLV,2024-12-17,138.6999969482422,140.24000549316406,138.60000610351562,139.2100067138672,135.0340576171875,10280100
XLV,2024-12-18,139.1199951171875,140.0399932861328,137.22999572753906,137.32000732421875,133.2007598876953,14448100
XLV,2024-12-19,137.05999755859375,137.8000030517578,135.9499969482422,136.27999877929688,132.19192504882812,11929300
XLV,2024-12-20,137.49000549316406,139.2899932861328,137.0500030517578,138.0,133.86036682128906,12098400
XLV,2024-12-23,137.60000610351562,138.9499969482422,136.99000549316406,138.75,135.1971893310547,8050500
XLV,2024-12-24,138.6300048828125,139.32000732421875,138.0399932861328,139.32000732421875,135.7526092529297,3139300
XLV,2024-12-26,138.8300018310547,139.72000122070312,138.67999267578125,139.60000610351562,136.02545166015625,4720300
XLV,2024-12-27,138.8300018310547,139.80999755859375,138.36000061035156,138.9499969482422,135.39208984375,5948000
XLV,2024-12-30,138.14999389648438,138.14999389648438,136.72999572753906,137.24000549316406,133.7258758544922,6890300
XLV,2024-12-31,137.5800018310547,138.1199951171875,136.7899932861328,137.57000732421875,134.0474395751953,6626900
XLV,2025-01-02,138.25999450683594,138.77000427246094,137.1199951171875,137.61000061035156,134.08639526367188,8973000
XLV,2025-01-03,137.88999938964844,139.35000610351562,137.74000549316406,138.9600067138672,135.40184020996094,8288700
XLV,2025-01-06,138.89999389648438,140.0399932861328,138.55999755859375,139.02000427246094,135.46029663085938,8653300
XLV,2025-01-07,139.36000061035156,140.92999267578125,139.36000061035156,139.7100067138672,136.13262939453125,12639700
XLV,2025-01-08,139.97000122070312,140.63999938964844,138.69000244140625,140.42999267578125,136.83419799804688,7827400
XLV,2025-01-10,139.9499969482422,140.9499969482422,139.35000610351562,139.63999938964844,136.06442260742188,10343700
XLV,2025-01-13,139.7899932861328,141.82000732421875,139.6699981689453,141.4600067138672,137.83782958984375,9422200
XLV,2025-01-14,141.27000427246094,141.27000427246094,138.8800048828125,140.0,136.4152069091797,10277800
XLV,2025-01-15,140.38999938964844,141.24000549316406,139.77000427246094,140.57000732421875,136.9706268310547,11388400
XLV,2025-01-16,140.1300048828125,141.33999633789062,139.5800018310547,141.1300048828125,137.51626586914062,8512100
XLV,2025-01-17,140.94000244140625,141.39999389648438,140.17999267578125,140.17999267578125,136.59060668945312,7668100
XLV,2025-01-21,140.9199981689453,142.50999450683594,140.89999389648438,142.5,138.8511962890625,7257800
XLV,2025-01-22,141.8000030517578,142.6300048828125,141.1300048828125,142.17999267578125,138.53936767578125,8189900
XLV,2025-01-23,142.57000732421875,144.10000610351562,141.8699951171875,144.0800018310547,140.39073181152344,8032900
XLV,2025-01-24,143.44000244140625,144.61000061035156,143.27000427246094,144.30999755859375,140.61485290527344,8127900
XLV,2025-01-27,145.10000610351562,147.5800018310547,144.97000122070312,147.5500030517578,143.77186584472656,12311300
XLV,2025-01-28,147.5399932861328,147.74000549316406,146.47999572753906,146.52000427246094,142.7682647705078,9686400
XLV,2025-01-29,146.08999633789062,146.5800018310547,145.3000030517578,145.66000366210938,141.93028259277344,8159100
XLV,2025-01-30,146.25,147.75,146.24000549316406,147.33999633789062,143.5672607421875,7705200
XLV,2025-01-31,147.5800018310547,148.58999633789062,146.82000732421875,146.8699951171875,143.10928344726562,9211800
XLV,2025-02-03,145.97999572753906,148.16000366210938,145.94000244140625,147.44000244140625,143.66470336914062,13001500
XLV,2025-02-04,145.82000732421875,147.1999969482422,145.58999633789062,147.0399932861328,143.27493286132812,11762000
XLV,2025-02-05,147.39999389648438,148.72000122070312,147.10000610351562,148.4499969482422,144.64883422851562,10042300
XLV,2025-02-06,148.14999389648438,148.4600067138672,146.89999389648438,147.1199951171875,143.35287475585938,12422100
XLV,2025-02-07,147.3300018310547,147.9199981689453,146.32000732421875,146.42999267578125,142.68055725097656,11199700
XLV,2025-02-10,146.60000610351562,146.64999389648438,145.4600067138672,146.3000030517578,142.5538787841797,7374300
XLV,2025-02-11,145.8800048828125,146.32000732421875,145.44000244140625,146.02999877929688,142.29078674316406,6634900
XLV,2025-02-12,145.67999267578125,146.61000061035156,145.3699951171875,145.82000732421875,142.08619689941406,7572200
XLV,2025-02-13,146.11000061035156,146.7100067138672,145.16000366210938,146.38999938964844,142.64158630371094,6293100
XLV,2025-02-14,146.5,146.6999969482422,144.8000030517578,144.8000030517578,141.09228515625,5299200
XLV,2025-02-18,143.9199981689453,144.88999938964844,143.83999633789062,144.52000427246094,140.81947326660156,11366800
XLV,2025-02-19,144.52999877929688,146.44000244140625,144.5,146.39999389648438,142.65130615234375,6295900
XLV,2025-02-20,146.19000244140625,147.3000030517578,146.10000610351562,147.22000122070312,143.4503173828125,6264800
XLV,2025-02-21,145.47999572753906,147.13999938964844,145.33999633789062,146.42999267578125,142.68055725097656,8647000
XLV,2025-02-24,146.58999633789062,148.22000122070312,146.27000427246094,147.6199951171875,143.84007263183594,7559400
XLV,2025-02-25,147.89999389648438,149.08999633789062,147.41000366210938,148.88999938964844,145.0775604248047,11981300
XLV,2025-02-26,148.30999755859375,148.9499969482422,147.35000610351562,147.82000732421875,144.0349578857422,6566800
XLV,2025-02-27,147.5500030517578,148.91000366210938,147.16000366210938,147.22000122070312,143.4503173828125,7377000
XLV,2025-02-28,147.4600067138672,149.16000366210938,146.49000549316406,148.92999267578125,145.11654663085938,8453700
XLV,2025-03-03,149.02000427246094,150.32000732421875,148.9600067138672,149.5800018310547,145.74989318847656,9459300
XLV,2025-03-04,149.7899932861328,150.07000732421875,147.97000122070312,148.19000244140625,144.39549255371094,10804700
XLV,2025-03-05,147.52000427246094,149.91000366210938,147.24000549316406,149.67999267578125,145.84735107421875,7597700
XLV,2025-03-06,149.0,149.47999572753906,147.92999267578125,149.27000427246094,145.44786071777344,7122200
XLV,2025-03-07,148.66000366210938,150.27999877929688,148.4499969482422,149.27999877929688,145.4575958251953,8532400
XLV,2025-03-10,148.1199951171875,149.91000366210938,147.33999633789062,147.6699981689453,143.88880920410156,13577800
XLV,2025-03-11,147.67999267578125,147.88999938964844,145.2899932861328,146.05999755859375,142.3200225830078,9411600
XLV,2025-03-12,145.72999572753906,145.99000549316406,144.1199951171875,144.60000610351562,140.89744567871094,7141100
XLV,2025-03-13,144.66000366210938,145.07000732421875,143.49000549316406,143.8300018310547,140.14712524414062,8041600
XLV,2025-03-14,143.92999267578125,145.14999389648438,143.41000366210938,144.92999267578125,141.21897888183594,6761200
XLV,2025-03-17,144.72000122070312,147.11000061035156,144.72000122070312,146.77000427246094,143.01185607910156,6017300
XLV,2025-03-18,146.82000732421875,147.05999755859375,146.0399932861328,146.83999633789062,143.080078125,5528000
XLV,2025-03-19,146.9499969482422,147.30999755859375,145.89999389648438,146.9199981689453,143.15802001953125,6156200
XLV,2025-03-20,146.94000244140625,147.63999938964844,146.50999450683594,147.00999450683594,143.24569702148438,8033800
XLV,2025-03-21,146.5800018310547,146.86000061035156,145.72999572753906,146.60000610351562,142.84620666503906,7635300
XLV,2025-03-24,146.4199981689453,147.38999938964844,146.11000061035156,147.14999389648438,143.93685913085938,6500600
XLV,2025-03-25,147.5,147.58999633789062,144.35000610351562,145.27000427246094,142.09791564941406,6502000
XLV,2025-03-26,145.3800048828125,145.97000122070312,144.38999938964844,144.74000549316406,141.57948303222656,8758600
XLV,2025-03-27,144.52000427246094,145.4199981689453,144.4600067138672,144.97000122070312,141.8044891357422,6264300
XLV,2025-03-28,144.85000610351562,145.24000549316406,144.4499969482422,144.52000427246094,141.36428833007812,6210500
XLV,2025-03-31,143.7899932861328,146.6199951171875,143.47999572753906,146.00999450683594,142.82176208496094,8085600
XLV,2025-04-01,145.47999572753906,145.47999572753906,142.89999389648438,143.33999633789062,140.2100372314453,9906100
XLV,2025-04-02,142.77000427246094,144.39999389648438,142.19000244140625,144.3000030517578,141.1490936279297,6392700
XLV,2025-04-03,143.75999450683594,145.19000244140625,143.0500030517578,143.1300048828125,140.004638671875,10990600
XLV,2025-04-04,141.13999938964844,141.7100067138672,135.22999572753906,135.27999877929688,132.32606506347656,21341100
XLV,2025-04-07,131.7100067138672,137.3699951171875,129.66000366210938,134.47000122070312,131.53375244140625,29940300
XLV,2025-04-08,139.42999267578125,139.44000244140625,131.27999877929688,132.97999572753906,130.07627868652344,20860400
XLV,2025-04-09,130.1300048828125,139.24000549316406,129.67999267578125,138.75999450683594,135.73007202148438,39444700
XLV,2025-04-10,137.6999969482422,137.74000549316406,131.3300018310547,134.88999938964844,131.94454956054688,21957400
XLV,2025-04-11,135.14999389648438,137.75999450683594,133.64999389648438,136.8699951171875,133.88133239746094,10755600
XLV,2025-04-14,138.2100067138672,139.0399932861328,136.9600067138672,138.5399932861328,135.51487731933594,7437200
XLV,2025-04-15,139.0,139.0399932861328,137.2899932861328,137.69000244140625,134.6834259033203,6239000
XLV,2025-04-16,138.1199951171875,138.6199951171875,135.63999938964844,136.2899932861328,133.31398010253906,8150700
XLV,2025-04-17,135.33999633789062,136.57000732421875,135.10000610351562,135.49000549316406,132.53146362304688,9662800
XLV,2025-04-21,135.19000244140625,135.36000061035156,131.55999755859375,132.57000732421875,129.6752471923828,6456000
XLV,2025-04-22,133.63999938964844,135.27999877929688,133.13999938964844,135.05999755859375,132.11085510253906,8012500
XLV,2025-04-23,136.5399932861328,137.92999267578125,135.1300048828125,135.72999572753906,132.7662353515625,9503200
XLV,2025-04-24,135.9499969482422,137.5399932861328,135.1199951171875,137.38999938964844,134.38998413085938,5433000
XLV,2025-04-25,137.58999633789062,138.1999969482422,135.8800048828125,138.0500030517578,135.0355682373047,6438400
XLV,2025-04-28,138.24000549316406,139.0399932861328,137.39999389648438,138.60000610351562,135.5735626220703,5803300
XLV,2025-04-29,138.4199981689453,139.97000122070312,137.72999572753906,139.27999877929688,136.23870849609375,7811900
XLV,2025-04-30,139.5500030517578,140.7899932861328,138.25999450683594,140.47000122070312,137.40272521972656,6827800
XLV,2025-05-01,138.80999755859375,139.11000061035156,136.47000122070312,136.63999938964844,133.65634155273438,10363200
XLV,2025-05-02,138.7899932861328,139.00999450683594,137.5500030517578,138.52999877929688,135.50511169433594,9777000
XLV,2025-05-05,138.25,138.67999267578125,137.5800018310547,138.13999938964844,135.1235809326172,5479700
XLV,2025-05-06,137.1300048828125,137.19000244140625,133.97000122070312,134.3300018310547,131.3968048095703,11625900
XLV,2025-05-07,134.75,135.75,134.39999389648438,135.36000061035156,132.40431213378906,6417500
XLV,2025-05-08,134.41000366210938,135.3300018310547,133.69000244140625,134.13999938964844,131.21095275878906,10558100
XLV,2025-05-09,134.30999755859375,134.77000427246094,132.6199951171875,132.67999267578125,129.78280639648438,7555200
XLV,2025-05-12,132.8800048828125,136.1300048828125,132.63999938964844,135.9600067138672,132.9912109375,15211100
XLV,2025-05-13,133.94000244140625,133.94000244140625,131.8300018310547,131.8699951171875,128.99049377441406,17817000
XLV,2025-05-14,132.27999877929688,132.5500030517578,128.67999267578125,128.77000427246094,125.95821380615234,19579500
XLV,2025-05-15,128.47000122070312,130.5399932861328,127.3499984741211,130.4600067138672,127.6113052368164,18792700
XLV,2025-05-16,130.6999969482422,133.13999938964844,130.30999755859375,133.08999633789062,130.1838836669922,12901800
XLV,2025-05-19,133.02000427246094,134.44000244140625,132.64999389648438,134.3699951171875,131.4359130859375,11645200
XLV,2025-05-20,134.39999389648438,135.08999633789062,134.19000244140625,134.6999969482422,131.7587127685547,11644500
XLV,2025-05-21,133.55999755859375,134.13999938964844,131.52000427246094,131.5800018310547,128.70684814453125,16635900
XLV,2025-05-22,130.6300048828125,131.24000549316406,129.97999572753906,130.5500030517578,127.6993408203125,12722600
XLV,2025-05-23,129.92999267578125,130.60000610351562,129.5500030517578,130.33999633789062,127.4939193725586,9127100
XLV,2025-05-27,131.42999267578125,132.38999938964844,131.16000366210938,132.16000366210938,129.274169921875,12304000
XLV,2025-05-28,132.11000061035156,132.5800018310547,131.1300048828125,131.47999572753906,128.60902404785156,11087500
XLV,2025-05-29,131.67999267578125,132.75999450683594,131.2899932861328,132.36000061035156,129.46981811523438,10670300
XLV,2025-05-30,132.07000732421875,133.33999633789062,130.8800048828125,132.63999938964844,129.74371337890625,11651300
XLV,2025-06-02,132.3000030517578,132.77999877929688,131.11000061035156,132.72000122070312,129.82196044921875,11845000
XLV,2025-06-03,132.3699951171875,133.52000427246094,131.72999572753906,133.02999877929688,130.12518310546875,14304300
XLV,2025-06-04,133.42999267578125,134.3300018310547,133.2899932861328,133.2899932861328,130.37948608398438,9986100
XLV,2025-06-05,133.6199951171875,133.91000366210938,132.57000732421875,133.11000061035156,130.20343017578125,13705000
XLV,2025-06-06,133.80999755859375,134.83999633789062,133.7899932861328,134.3800048828125,131.44569396972656,9153500
XLV,2025-06-09,134.35000610351562,134.80999755859375,133.38999938964844,134.14999389648438,131.22071838378906,9976600
XLV,2025-06-10,134.27000427246094,136.08999633789062,134.25,135.67999267578125,132.71731567382812,11488000
XLV,2025-06-11,135.7100067138672,136.57000732421875,135.33999633789062,135.75,132.78578186035156,13644000
XLV,2025-06-12,135.75999450683594,136.83999633789062,135.49000549316406,136.80999755859375,133.8226318359375,9809500
XLV,2025-06-13,136.05999755859375,137.3300018310547,135.67999267578125,136.1300048828125,133.15750122070312,13722800
XLV,2025-06-16,136.4199981689453,136.8300018310547,135.0800018310547,135.7100067138672,132.7466583251953,14171000
XLV,2025-06-17,135.10000610351562,135.41000366210938,133.2899932861328,133.47000122070312,130.55557250976562,13506000
XLV,2025-06-18,133.47999572753906,134.1199951171875,132.49000549316406,133.24000549316406,130.3306121826172,12185300
XLV,2025-06-20,133.6999969482422,133.8000030517578,132.41000366210938,132.60000610351562,129.70455932617188,13744900
XLV,2025-06-23,132.05999755859375,132.74000549316406,130.97999572753906,132.16000366210938,129.8913116455078,14181600
XLV,2025-06-24,132.50999450683594,134.0800018310547,132.0,133.77999877929688,131.48350524902344,11272900
XLV,2025-06-25,133.52000427246094,134.2899932861328,132.77000427246094,133.89999389648438,131.6014404296875,11996400
XLV,2025-06-26,134.17999267578125,135.16000366210938,133.75,134.22000122070312,131.91595458984375,13177700
XLV,2025-06-27,134.32000732421875,135.1300048828125,133.6999969482422,133.92999267578125,131.6309356689453,13818500
XLV,2025-06-30,133.89999389648438,134.9499969482422,133.8000030517578,134.7899932861328,132.47616577148438,12407700
XLV,2025-07-01,134.5800018310547,137.75999450683594,134.4600067138672,136.7100067138672,134.3632049560547,21204300
XLV,2025-07-02,136.02999877929688,136.2899932861328,135.24000549316406,135.36000061035156,133.03639221191406,13720400
XLV,2025-07-03,135.5500030517578,135.89999389648438,135.1699981689453,135.5,133.17396545410156,7282700
XLV,2025-07-07,135.4499969482422,135.4499969482422,133.64999389648438,134.36000061035156,132.0535430908203,14052300
XLV,2025-07-08,134.25999450683594,136.22000122070312,134.00999450683594,134.97000122070312,132.653076171875,19485900
XLV,2025-07-09,135.25,135.9199981689453,134.4199981689453,135.49000549316406,133.16415405273438,13963900
XLV,2025-07-10,135.50999450683594,137.6300048828125,135.0,136.32000732421875,133.9799041748047,17668300
XLV,2025-07-11,135.8800048828125,135.8800048828125,134.35000610351562,135.19000244140625,132.86929321289062,14246600
XLV,2025-07-14,134.64999389648438,135.30999755859375,134.39999389648438,135.02999877929688,132.71205139160156,11095400
XLV,2025-07-15,135.22999572753906,135.47000122070312,132.47000122070312,132.60000610351562,130.3237762451172,17095600
XLV,2025-07-16,133.13999938964844,134.4199981689453,133.0,134.25,131.9454345703125,14142100
XLV,2025-07-17,133.2899932861328,133.67999267578125,132.27999877929688,132.72000122070312,130.44171142578125,15740900
XLV,2025-07-18,133.07000732421875,133.24000549316406,131.66000366210938,131.83999633789062,129.57679748535156,13245500
XLV,2025-07-21,131.91000366210938,132.32000732421875,131.02999877929688,131.08999633789062,128.8396759033203,9468700
XLV,2025-07-22,131.30999755859375,133.80999755859375,131.30999755859375,133.52999877929688,131.23779296875,16681900
XLV,2025-07-23,135.25999450683594,136.32000732421875,134.8000030517578,136.27000427246094,133.93077087402344,16624000
XLV,2025-07-24,136.1300048828125,136.92999267578125,135.5399932861328,135.75999450683594,133.42950439453125,11054800
XLV,2025-07-25,136.25,136.6999969482422,135.74000549316406,136.47999572753906,134.13714599609375,9539900
XLV,2025-07-28,136.13999938964844,136.38999938964844,134.92999267578125,135.2899932861328,132.9675750732422,9780300
XLV,2025-07-29,133.89999389648438,135.10000610351562,132.94000244140625,134.42999267578125,132.12234497070312,14967600
XLV,2025-07-30,134.8800048828125,135.19000244140625,133.63999938964844,134.19000244140625,131.88645935058594,11634600
XLV,2025-07-31,133.02000427246094,133.7899932861328,129.97999572753906,130.42999267578125,128.19100952148438,26441600
XLV,2025-08-01,130.6999969482422,131.39999389648438,129.86000061035156,131.1300048828125,128.87901306152344,20736200
XLV,2025-08-04,131.38999938964844,133.07000732421875,131.36000061035156,133.00999450683594,130.72671508789062,11331000
XLV,2025-08-05,132.4499969482422,132.9499969482422,132.0399932861328,132.5,130.22549438476562,14319200
XLV,2025-08-06,131.94000244140625,132.0500030517578,130.35000610351562,130.50999450683594,128.26962280273438,14342800
XLV,2025-08-07,129.77000427246094,130.24000549316406,127.95999908447266,129.00999450683594,126.79537963867188,24421900
XLV,2025-08-08,129.22999572753906,130.44000244140625,129.22999572753906,130.16000366210938,127.9256591796875,13747100
XLV,2025-08-11,130.2899932861328,131.32000732421875,130.13999938964844,130.2899932861328,128.05340576171875,14474000
XLV,2025-08-12,130.33999633789062,131.22999572753906,130.1300048828125,131.19000244140625,128.93797302246094,17219500
XLV,2025-08-13,131.82000732421875,133.3699951171875,131.64999389648438,133.2899932861328,131.0019073486328,15069900
XLV,2025-08-14,133.05999755859375,134.10000610351562,132.41000366210938,133.9600067138672,131.66041564941406,15464000
XLV,2025-08-15,135.47999572753906,136.60000610351562,135.17999267578125,136.2100067138672,133.87179565429688,13929600
XLV,2025-08-18,136.52999877929688,137.19000244140625,135.82000732421875,135.88999938964844,133.55728149414062,12572000
XLV,2025-08-19,135.8699951171875,137.22000122070312,135.77999877929688,136.75999450683594,134.41233825683594,13578200
XLV,2025-08-20,137.00999450683594,138.2100067138672,137.00999450683594,137.5,135.13966369628906,14607000
XLV,2025-08-21,137.2100067138672,138.4600067138672,136.94000244140625,137.0399932861328,134.6875457763672,13218900
XLV,2025-08-22,137.8000030517578,139.02000427246094,137.8000030517578,138.1699981689453,135.7981414794922,11898600
XLV,2025-08-25,138.13999938964844,138.25999450683594,136.10000610351562,136.1999969482422,133.86195373535156,10681000
XLV,2025-08-26,136.58999633789062,137.1699981689453,136.33999633789062,137.0500030517578,134.69737243652344,11397500
XLV,2025-08-27,136.99000549316406,137.7100067138672,136.72999572753906,136.97000122070312,134.61874389648438,8321700
XLV,2025-08-28,136.8300018310547,136.85000610351562,135.75999450683594,136.42999267578125,134.0880126953125,9165700
XLV,2025-08-29,136.5399932861328,137.47000122070312,136.3699951171875,137.42999267578125,135.0708465576172,9655700
XLV,2025-09-02,136.88999938964844,137.74000549316406,136.4600067138672,137.55999755859375,135.1986083984375,13325300
XLV,2025-09-03,137.11000061035156,137.75999450683594,136.24000549316406,136.91000366210938,134.55978393554688,12586000
XLV,2025-09-04,136.8000030517578,137.47000122070312,136.0800018310547,137.42999267578125,135.0708465576172,11778600
XLV,2025-09-05,137.27999877929688,138.3800048828125,137.0500030517578,137.89999389648438,135.53277587890625,14664000
XLV,2025-09-08,137.4600067138672,137.8699951171875,136.3699951171875,137.85000610351562,135.48365783691406,15753300
XLV,2025-09-09,138.05999755859375,138.97000122070312,137.72000122070312,138.58999633789062,136.2109375,12249600
XLV,2025-09-10,138.50999450683594,138.50999450683594,136.80999755859375,137.3300018310547,134.97256469726562,13588300
XLV,2025-09-11,138.0399932861328,140.0,137.88999938964844,139.72000122070312,137.32154846191406,16470800
XLV,2025-09-12,139.22999572753906,139.80999755859375,138.10000610351562,138.11000061035156,135.73916625976562,11345400
XLV,2025-09-15,138.25999450683594,138.5399932861328,136.66000366210938,136.92999267578125,134.5794219970703,11233800
XLV,2025-09-16,136.66000366210938,137.38999938964844,136.5399932861328,136.92999267578125,134.5794219970703,12443800
XLV,2025-09-17,137.1300048828125,138.2899932861328,136.83999633789062,137.1999969482422,134.84478759765625,12501500
XLV,2025-09-18,137.1999969482422,137.94000244140625,136.88999938964844,137.47000122070312,135.1101531982422,11472900
XLV,2025-09-19,137.82000732421875,137.89999389648438,137.17999267578125,137.2899932861328,134.93324279785156,11280900
XLV,2025-09-22,136.19000244140625,137.25999450683594,135.88999938964844,136.6300048828125,134.89869689941406,9732700
XLV,2025-09-23,136.25999450683594,137.35000610351562,136.14999389648438,136.94000244140625,135.20477294921875,9903000
XLV,2025-09-24,136.82000732421875,137.05999755859375,136.16000366210938,136.38999938964844,134.6617431640625,7471600
XLV,2025-09-25,136.1300048828125,136.17999267578125,133.72999572753906,134.1300048828125,132.43038940429688,14099700
XLV,2025-09-26,135.14999389648438,135.6199951171875,134.63999938964844,135.5,133.7830047607422,10071000
XLV,2025-09-29,135.67999267578125,135.97000122070312,134.74000549316406,135.89999389648438,134.1779327392578,7735700
XLV,2025-09-30,135.75999450683594,139.5,135.6699981689453,139.1699981689453,137.40650939941406,19313500
XLV,2025-10-01,139.8000030517578,143.72999572753906,139.60000610351562,143.47000122070312,141.6520233154297,23657900
XLV,2025-10-02,142.14999389648438,143.57000732421875,142.14999389648438,143.19000244140625,141.3755645751953,15176200
XLV,2025-10-03,143.57000732421875,146.13999938964844,143.55999755859375,144.82000732421875,142.98492431640625,15829200
XLV,2025-10-06,144.89999389648438,145.05999755859375,143.97000122070312,144.1199951171875,142.29379272460938,12879900
XLV,2025-10-07,144.1199951171875,144.66000366210938,143.27999877929688,144.22999572753906,142.4023895263672,12478700
XLV,2025-10-08,144.60000610351562,144.97000122070312,144.02000427246094,144.50999450683594,142.6788330078125,8925800
XLV,2025-10-09,144.77999877929688,145.25,143.9600067138672,144.19000244140625,142.3629150390625,7657000
XLV,2025-10-10,144.61000061035156,144.74000549316406,141.94000244140625,142.11000061035156,140.30926513671875,13350100
XLV,2025-10-13,141.72999572753906,142.94000244140625,141.6300048828125,141.9499969482422,140.15127563476562,8257500
XLV,2025-10-14,141.60000610351562,142.86000061035156,141.0500030517578,142.33999633789062,140.5363311767578,10044700
XLV,2025-10-15,142.02000427246094,143.25,141.36000061035156,142.55999755859375,140.75355529785156,7260600
XLV,2025-10-16,142.85000610351562,143.63999938964844,141.9600067138672,142.32000732421875,140.5166015625,11194100
XLV,2025-10-17,141.5800018310547,143.4199981689453,141.38999938964844,143.27000427246094,141.45455932617188,8160300
XLV,2025-10-20,143.72000122070312,144.99000549316406,143.55999755859375,144.7899932861328,142.95529174804688,8435900
XLV,2025-10-21,145.0500030517578,145.6300048828125,144.33999633789062,145.1300048828125,143.29100036621094,9031800
XLV,2025-10-22,146.2100067138672,146.72999572753906,145.5399932861328,145.9600067138672,144.1104736328125,12705300
XLV,2025-10-23,145.52000427246094,146.50999450683594,145.3699951171875,146.0399932861328,144.189453125,7924900
XLV,2025-10-24,146.2899932861328,146.75999450683594,145.8800048828125,146.02999877929688,144.17958068847656,7007400
XLV,2025-10-27,146.08999633789062,146.4499969482422,145.22000122070312,146.3699951171875,144.51527404785156,6466700
XLV,2025-10-28,146.41000366210938,146.5399932861328,145.19000244140625,145.4499969482422,143.60691833496094,8652700
XLV,2025-10-29,145.22000122070312,145.4499969482422,143.57000732421875,143.97999572753906,142.1555633544922,12425600
XLV,2025-10-30,143.9600067138672,145.4499969482422,143.77000427246094,144.3000030517578,142.4715118408203,10756100
XLV,2025-10-31,143.02000427246094,144.49000549316406,142.6999969482422,144.25,142.42213439941406,10581100
XLV,2025-11-03,144.07000732421875,144.55999755859375,142.8300018310547,144.4499969482422,142.61959838867188,12279300
XLV,2025-11-04,143.77000427246094,145.49000549316406,143.49000549316406,145.10000610351562,143.26138305664062,14182200
XLV,2025-11-05,144.6300048828125,146.25999450683594,144.3800048828125,145.66000366210938,143.8142852783203,13154600
XLV,2025-11-06,145.13999938964844,146.11000061035156,144.94000244140625,145.94000244140625,144.09071350097656,14395800
XLV,2025-11-07,145.83999633789062,146.14999389648438,144.72000122070312,146.13999938964844,144.28819274902344,14522900
XLV,2025-11-10,145.7899932861328,147.42999267578125,145.72000122070312,147.27999877929688,145.41372680664062,12305900
XLV,2025-11-11,147.60000610351562,150.82000732421875,147.60000610351562,150.67999267578125,148.77064514160156,12659500
XLV,2025-11-12,150.99000549316406,153.16000366210938,150.72000122070312,152.82000732421875,150.88356018066406,17847500
XLV,2025-11-13,152.0399932861328,154.52000427246094,151.86000061035156,152.74000549316406,150.8045654296875,21807600
XLV,2025-11-14,152.22000122070312,152.9199981689453,151.19000244140625,151.8300018310547,149.90609741210938,15468900
XLV,2025-11-17,151.33999633789062,153.32000732421875,151.13999938964844,151.6999969482422,149.77774047851562,17516500
XLV,2025-11-18,151.75,153.1300048828125,151.14999389648438,152.58999633789062,150.6564483642578,24494200
XLV,2025-11-19,152.47999572753906,152.92999267578125,151.57000732421875,152.3300018310547,150.39974975585938,17352600
XLV,2025-11-20,152.49000549316406,153.33999633789062,151.1199951171875,151.4199981689453,149.50128173828125,25278500
XLV,2025-11-21,151.7899932861328,155.7100067138672,151.7100067138672,154.61000061035156,152.65086364746094,25526100
XLV,2025-11-24,155.13999938964844,156.16000366210938,154.47999572753906,155.25999450683594,153.29261779785156,17928400
XLV,2025-11-25,155.77000427246094,158.88999938964844,155.77000427246094,158.77000427246094,156.75814819335938,17298600
XLV,2025-11-26,158.4199981689453,158.9499969482422,158.16000366210938,158.4199981689453,156.41259765625,12398900
XLV,2025-11-28,158.1999969482422,158.25,157.16000366210938,157.64999389648438,155.65232849121094,8559700
XLV,2025-12-01,157.0399932861328,157.86000061035156,155.17999267578125,155.2899932861328,153.32223510742188,17321200
XLV,2025-12-02,155.25,155.47000122070312,154.13999938964844,154.36000061035156,152.40402221679688,16150300
XLV,2025-12-03,154.6699981689453,155.77999877929688,154.66000366210938,155.0800018310547,153.1149139404297,12724800
XLV,2025-12-04,155.0,155.02999877929688,153.3699951171875,153.89999389648438,151.94984436035156,13674600
XLV,2025-12-05,154.4499969482422,154.6300048828125,152.9600067138672,153.25999450683594,151.31796264648438,8868700
XLV,2025-12-08,153.35000610351562,153.4199981689453,151.1999969482422,151.42999267578125,149.5111541748047,10996000
XLV,2025-12-09,152.0,152.67999267578125,149.85000610351562,149.9600067138672,148.05979919433594,11543300
XLV,2025-12-10,150.3800048828125,152.17999267578125,149.8699951171875,152.13999938964844,150.212158203125,15534800
XLV,2025-12-11,152.75999450683594,154.3000030517578,152.25999450683594,153.5800018310547,151.63392639160156,14703000
XLV,2025-12-12,153.75,154.55999755859375,153.41000366210938,154.05999755859375,152.10781860351562,13175500
XLV,2025-12-15,154.47000122070312,156.30999755859375,154.44000244140625,156.10000610351562,154.12197875976562,14681800
XLV,2025-12-16,156.0399932861328,156.1199951171875,153.08999633789062,154.07000732421875,152.1177215576172,12491300
XLV,2025-12-17,154.22999572753906,154.77999877929688,153.6699981689453,153.7899932861328,151.8412322998047,9093300
XLV,2025-12-18,153.75,155.17999267578125,153.67999267578125,153.91000366210938,151.95973205566406,8876400
XLV,2025-12-19,153.9199981689453,155.77000427246094,153.9199981689453,154.94000244140625,152.9766845703125,8571500
XLV,2025-12-22,154.14999389648438,155.3699951171875,153.8000030517578,155.3000030517578,153.98507690429688,7063700
XLV,2025-12-23,154.69000244140625,155.66000366210938,154.63999938964844,154.99000549316406,153.67770385742188,7465800
XLV,2025-12-24,155.1699981689453,155.94000244140625,155.14999389648438,155.8000030517578,154.4808349609375,3085700
XLV,2025-12-26,155.69000244140625,156.1199951171875,155.35000610351562,156.0500030517578,154.72872924804688,4439100
XLV,2025-12-29,156.07000732421875,156.49000549316406,155.67999267578125,155.80999755859375,154.49075317382812,6357300
XLV,2025-12-30,155.66000366210938,155.97999572753906,155.1999969482422,155.67999267578125,154.36184692382812,4355000
XLV,2025-12-31,155.60000610351562,155.83999633789062,154.77000427246094,154.8000030517578,153.4893035888672,4199500
XLV,2026-01-02,154.8699951171875,155.57000732421875,153.5800018310547,155.50999450683594,154.1932830810547,10998000
XLV,2026-01-05,154.58999633789062,155.38999938964844,152.97000122070312,155.0399932861328,153.7272491455078,17756200
XLV,2026-01-06,155.13999938964844,158.3300018310547,155.13999938964844,158.08999633789062,156.75144958496094,17783800
XLV,2026-01-07,158.5399932861328,160.58999633789062,158.5399932861328,159.66000366210938,158.3081512451172,14505700
XLV,2026-01-08,159.14999389648438,160.5,157.61000061035156,158.1199951171875,156.78118896484375,17611000
XLV,2026-01-09,158.3300018310547,158.92999267578125,157.25999450683594,157.30999755859375,155.97804260253906,12352000
XLV,2026-01-12,157.3300018310547,157.5,156.00999450683594,157.3800048828125,156.04745483398438,12250100
XLV,2026-01-13,157.64999389648438,157.6699981689453,155.74000549316406,156.74000549316406,155.41287231445312,11756500
XLV,2026-01-14,156.61000061035156,157.99000549316406,156.47999572753906,157.86000061035156,156.5233917236328,13516800
XLV,2026-01-15,157.30999755859375,157.4499969482422,155.3699951171875,156.9600067138672,155.6310272216797,15303400
XLV,2026-01-16,156.63999938964844,156.97000122070312,155.7100067138672,155.74000549316406,154.4213409423828,11950300
XLV,2026-01-20,154.0,155.9199981689453,153.22999572753906,155.39999389648438,154.08421325683594,12775200
XLV,2026-01-21,155.1999969482422,158.50999450683594,155.14999389648438,158.25999450683594,156.9199981689453,16393900
XLV,2026-01-22,157.64999389648438,159.22999572753906,157.5,158.2899932861328,156.94973754882812,10881400
XLV,2026-01-23,157.8000030517578,158.3800048828125,156.66000366210938,157.47999572753906,156.1466064453125,10191300
XLV,2026-01-26,157.3699951171875,158.3300018310547,156.89999389648438,158.10000610351562,156.76136779785156,6810400
XLV,2026-01-27,155.8000030517578,157.08999633789062,155.13999938964844,155.4499969482422,154.1337890625,12697500
XLV,2026-01-28,154.3000030517578,155.14999389648438,153.47000122070312,154.30999755859375,153.00343322753906,11426600
XLV,2026-01-29,154.25,154.6699981689453,153.5,153.82000732421875,152.51759338378906,12167300
XLV,2026-01-30,154.1199951171875,154.92999267578125,153.2899932861328,154.74000549316406,153.42982482910156,11863900
XLV,2026-02-02,154.5800018310547,156.00999450683594,154.39999389648438,155.69000244140625,154.37176513671875,11005300
XLV,2026-02-03,154.77999877929688,157.1199951171875,153.85000610351562,154.10000610351562,152.7952423095703,21141900
XLV,2026-02-04,154.80999755859375,156.77999877929688,154.22999572753906,156.02999877929688,154.70889282226562,22951600
XLV,2026-02-05,155.4600067138672,156.97000122070312,154.67999267578125,154.83999633789062,153.52896118164062,21421600
XLV,2026-02-06,156.0399932861328,157.8000030517578,155.91000366210938,157.7100067138672,156.37466430664062,13616200
XLV,2026-02-09,157.57000732421875,158.14999389648438,156.02999877929688,156.32000732421875,154.99644470214844,11823000
XLV,2026-02-10,156.66000366210938,157.16000366210938,155.24000549316406,155.3300018310547,154.0148162841797,11103400
XLV,2026-02-11,155.17999267578125,156.3800048828125,154.3800048828125,156.25,154.92701721191406,11738400
XLV,2026-02-12,156.2100067138672,157.4199981689453,155.47999572753906,156.0,154.67913818359375,19409100
XLV,2026-02-13,156.52000427246094,158.8000030517578,156.52000427246094,157.6699981689453,156.3350067138672,16647900
XLV,2026-02-17,158.02999877929688,158.91000366210938,157.1300048828125,157.3699951171875,156.03753662109375,14881100
XLV,2026-02-18,157.1999969482422,157.8000030517578,156.47999572753906,157.6699981689453,156.3350067138672,11886300
XLV,2026-02-19,157.1999969482422,157.72000122070312,156.19000244140625,157.25999450683594,155.928466796875,11226900
XLV,2026-02-20,157.0,157.25,155.8699951171875,156.82000732421875,155.49220275878906,13368500
XLV,2026-02-23,157.1300048828125,158.67999267578125,157.1300048828125,158.5399932861328,157.1976318359375,17053500
XLV,2026-02-24,158.00999450683594,158.5,157.30999755859375,157.8699951171875,156.53329467773438,12887100
XLV,2026-02-25,157.8699951171875,159.22999572753906,157.6199951171875,157.8300018310547,156.49365234375,11011500
XLV,2026-02-26,158.07000732421875,158.1699981689453,156.08999633789062,157.4199981689453,156.08712768554688,15344400
XLV,2026-02-27,156.74000549316406,160.24000549316406,156.7100067138672,160.1999969482422,158.8435821533203,14250100
XLV,2026-03-02,159.19000244140625,159.83999633789062,157.99000549316406,158.52999877929688,157.18771362304688,18641400
XLV,2026-03-03,156.66000366210938,157.38999938964844,155.0,156.74000549316406,155.41287231445312,21432600
XLV,2026-03-04,156.74000549316406,157.5800018310547,155.6699981689453,157.0500030517578,155.7202606201172,12745700
XLV,2026-03-05,155.1300048828125,155.6999969482422,152.72000122070312,153.91000366210938,152.60684204101562,20476400
XLV,2026-03-06,152.77999877929688,152.99000549316406,150.9499969482422,152.6999969482422,151.40708923339844,18174000
XLV,2026-03-09,151.77999877929688,154.5500030517578,151.1300048828125,154.25999450683594,152.95387268066406,18675700
XLV,2026-03-10,154.41000366210938,154.5399932861328,153.00999450683594,153.14999389648438,151.85325622558594,17247500
XLV,2026-03-11,152.83999633789062,153.16000366210938,151.94000244140625,152.85000610351562,151.5558319091797,12503800
XLV,2026-03-12,151.9499969482422,152.49000549316406,150.02999877929688,150.16000366210938,148.8885955810547,15670500
XLV,2026-03-13,151.0399932861328,152.3000030517578,149.6699981689453,149.7899932861328,148.52171325683594,15129300
XLV,2026-03-16,150.75,151.72999572753906,150.3800048828125,151.00999450683594,149.73138427734375,10896600
XLV,2026-03-17,151.22000122070312,151.85000610351562,149.5399932861328,149.63999938964844,148.37298583984375,11938600
XLV,2026-03-18,148.72000122070312,149.0500030517578,147.00999450683594,147.13999938964844,145.8941650390625,15565400
XLV,2026-03-19,147.13999938964844,148.08999633789062,146.3000030517578,146.61000061035156,145.36863708496094,16913000
XLV,2026-03-20,146.47999572753906,147.02000427246094,144.66000366210938,145.3300018310547,144.0994873046875,16582200
XLV,2026-03-23,146.55999755859375,146.77000427246094,144.60000610351562,144.77000427246094,144.13433837890625,21815400
XLV,2026-03-24,143.9499969482422,145.3000030517578,143.3800048828125,144.7899932861328,144.15423583984375,24230900
XLV,2026-03-25,145.69000244140625,146.69000244140625,145.35000610351562,146.24000549316406,145.59788513183594,17743300
XLV,2026-03-26,145.75,146.91000366210938,145.6300048828125,145.74000549316406,145.10008239746094,13321000
XLV,2026-03-27,145.72000122070312,145.8000030517578,143.07000732421875,143.25999450683594,142.63095092773438,12932200
XLV,2026-03-30,144.3000030517578,144.6300048828125,143.42999267578125,143.82000732421875,143.18850708007812,14799700
XLV,2026-03-31,144.80999755859375,146.75,144.60000610351562,146.61000061035156,145.96624755859375,17866000
XLV,2026-04-01,147.22000122070312,148.75999450683594,146.9499969482422,147.72999572753906,147.08132934570312,16899200
XLV,2026-04-02,146.92999267578125,148.36000061035156,146.27000427246094,146.80999755859375,146.16537475585938,11087900
XLV,2026-04-06,146.27999877929688,147.13999938964844,145.75999450683594,146.27999877929688,145.6376953125,7272600
XLV,2026-04-07,146.91000366210938,146.91000366210938,144.8800048828125,146.57000732421875,145.9264373779297,10263400
XLV,2026-04-08,148.1999969482422,149.6999969482422,147.5,149.6699981689453,149.0128173828125,8130700
XLV,2026-04-09,148.8300018310547,150.22000122070312,148.3000030517578,149.3300018310547,148.67431640625,6406400
XLV,2026-04-10,149.77999877929688,149.83999633789062,147.11000061035156,147.30999755859375,146.66317749023438,6217800
XLV,2026-04-13,146.8800048828125,148.0500030517578,146.24000549316406,147.97000122070312,147.32028198242188,6182800
XLV,2026-04-14,147.3800048828125,149.60000610351562,147.24000549316406,148.8300018310547,148.17649841308594,7722300
XLV,2026-04-15,148.86000061035156,149.2100067138672,146.88999938964844,147.77000427246094,147.12115478515625,6669200
XLV,2026-04-16,147.19000244140625,148.1999969482422,146.2899932861328,146.61000061035156,145.96624755859375,9072300
XLV,2026-04-17,147.3699951171875,149.1199951171875,147.36000061035156,148.8000030517578,148.14663696289062,8338100
XLV,2026-04-20,148.4499969482422,148.74000549316406,147.14999389648438,147.4199981689453,146.77268981933594,6325700
XLV,2026-04-21,148.2899932861328,148.55999755859375,145.8800048828125,145.9199981689453,145.27928161621094,8735300
XLV,2026-04-22,146.50999450683594,147.5800018310547,146.00999450683594,146.3800048828125,145.7372589111328,8316900
XLV,2026-04-23,146.1999969482422,146.77000427246094,145.16000366210938,146.24000549316406,145.59788513183594,7612000
XLV,2026-04-24,145.24000549316406,145.52999877929688,143.67999267578125,144.17999267578125,143.5469207763672,7969700
XLV,2026-04-27,143.67999267578125,145.2100067138672,143.4199981689453,143.4600067138672,142.83009338378906,6571900
XLV,2026-04-28,144.57000732421875,144.86000061035156,143.27999877929688,143.83999633789062,143.20840454101562,8612400
XLV,2026-04-29,142.25999450683594,143.25,141.97000122070312,142.83999633789062,142.21279907226562,11885500
XLV,2026-04-30,143.67999267578125,146.2899932861328,143.66000366210938,145.99000549316406,145.34898376464844,12587800
XLV,2026-05-01,146.2899932861328,146.61000061035156,145.14999389648438,145.16000366210938,144.5226287841797,8865800
XLV,2026-05-04,144.55999755859375,145.2100067138672,144.32000732421875,144.72999572753906,144.09449768066406,10885900
XLV,2026-05-05,145.27999877929688,145.66000366210938,144.4199981689453,145.3000030517578,144.66200256347656,7174900
XLV,2026-05-06,145.36000061035156,146.14999389648438,144.89999389648438,145.39999389648438,144.7615509033203,10613500
XLV,2026-05-07,145.17999267578125,145.83999633789062,144.27000427246094,144.72000122070312,144.0845489501953,7608000
XLV,2026-05-08,144.58999633789062,145.07000732421875,143.17999267578125,143.49000549316406,142.85995483398438,10165400
XLV,2026-05-11,143.75,145.02000427246094,142.6699981689453,143.0399932861328,142.41192626953125,9255700
XLV,2026-05-12,143.80999755859375,146.63999938964844,143.19000244140625,145.85000610351562,145.2095947265625,11897200
XLV,2026-05-13,145.32000732421875,146.97999572753906,145.1300048828125,146.7100067138672,146.06581115722656,15841800
XLV,2026-05-14,146.85000610351562,147.39999389648438,145.94000244140625,146.6300048828125,145.9861602783203,7763800
XLV,2026-05-15,146.75999450683594,147.16000366210938,144.88999938964844,145.10000610351562,144.462890625,9039900
XLV,2026-05-18,144.5,145.7899932861328,144.1199951171875,145.72000122070312,145.0801544189453,7949200
XLV,2026-05-19,145.6199951171875,148.07000732421875,144.85000610351562,147.32000732421875,146.6731414794922,12388200
XLV,2026-05-20,147.5399932861328,148.02000427246094,146.2899932861328,147.1300048828125,146.48397827148438,10527900
XLV,2026-05-21,146.89999389648438,148.3000030517578,145.83999633789062,148.14999389648438,147.49948120117188,7157000
XLV,2026-05-22,149.08999633789062,150.32000732421875,149.0,149.88999938964844,149.23184204101562,6915200
XLV,2026-05-26,149.9499969482422,150.3000030517578,148.44000244140625,148.50999450683594,147.85791015625,6590400
XLV,2026-05-27,148.69000244140625,150.1999969482422,148.27999877929688,148.7899932861328,148.1366729736328,10062500
XLV,2026-05-28,149.14999389648438,151.35000610351562,149.11000061035156,150.8800048828125,150.21751403808594,10397400
XLV,2026-05-29,150.85000610351562,151.0399932861328,149.10000610351562,149.47000122070312,148.81369018554688,13195800
XLV,2026-06-01,148.52000427246094,148.8800048828125,147.25999450683594,147.83999633789062,147.1908416748047,12582900
XLV,2026-06-02,146.75,147.27000427246094,145.30999755859375,146.39999389648438,145.75717163085938,12024300
XLV,2026-06-03,146.16000366210938,148.0500030517578,146.07000732421875,147.5500030517578,146.90213012695312,9836000
XLV,2026-06-04,150.3800048828125,152.5399932861328,150.2899932861328,152.0800018310547,151.4122314453125,14051800
XLV,2026-06-05,153.3800048828125,154.6999969482422,152.9199981689453,153.00999450683594,152.33815002441406,20723000
XLV,2026-06-08,153.24000549316406,154.47000122070312,152.41000366210938,152.64999389648438,151.97972106933594,10639500
XLV,2026-06-09,153.47999572753906,154.97999572753906,153.17999267578125,154.57000732421875,153.8913116455078,13125500
XLV,2026-06-10,154.9600067138672,155.1300048828125,152.82000732421875,152.85000610351562,152.17886352539062,11712200
XLV,2026-06-11,153.4600067138672,155.16000366210938,152.86000061035156,154.08999633789062,153.4134063720703,10548800
XLV,2026-06-12,154.97000122070312,155.16000366210938,153.3699951171875,153.80999755859375,153.13462829589844,9111000
XLV,2026-06-15,153.7100067138672,153.8800048828125,151.77000427246094,152.88999938964844,152.2186737060547,9525300
XLV,2026-06-16,153.60000610351562,153.72000122070312,151.72000122070312,152.94000244140625,152.26846313476562,8630000
XLV,2026-06-17,152.0500030517578,152.57000732421875,149.97000122070312,150.7100067138672,150.04824829101562,10991400
XLV,2026-06-18,151.27000427246094,151.27000427246094,148.7899932861328,149.39999389648438,148.74398803710938,10879300
XLV,2026-06-22,149.3300018310547,150.6199951171875,149.05999755859375,150.05999755859375,150.05999755859375,11706100
XLV,2026-06-23,151.49000549316406,152.42999267578125,151.0,152.17999267578125,152.17999267578125,9479900
XLV,2026-06-24,153.1300048828125,154.6699981689453,152.4600067138672,153.35000610351562,153.35000610351562,10070100
XLV,2026-06-25,153.9499969482422,157.2100067138672,153.58999633789062,155.6300048828125,155.6300048828125,9419200
XLV,2026-06-26,156.32000732421875,160.63999938964844,156.17999267578125,160.33999633789062,160.33999633789062,16563800
XLV,2026-06-29,160.6999969482422,161.08999633789062,159.8800048828125,160.74000549316406,160.74000549316406,12935000
XLV,2026-06-30,161.00999450683594,161.25,157.9600067138672,158.66000366210938,158.66000366210938,11559400
XLV,2026-07-01,159.61000061035156,159.9600067138672,158.5,159.5399932861328,159.5399932861328,10123700
XLV,2026-07-02,160.6699981689453,163.85000610351562,160.3800048828125,163.74000549316406,163.74000549316406,14719400
XLV,2026-07-06,163.1999969482422,163.4499969482422,160.25,161.9600067138672,161.9600067138672,16123400
XLV,2026-07-07,164.75,165.61000061035156,163.8800048828125,164.44000244140625,164.44000244140625,12143500
XLV,2026-07-08,163.4199981689453,163.99000549316406,162.25999450683594,162.3000030517578,162.3000030517578,9287900
XLV,2026-07-09,161.8000030517578,163.4199981689453,161.36000061035156,162.1699981689453,162.1699981689453,9576400
XLV,2026-07-10,162.47999572753906,162.66000366210938,160.24000549316406,160.83999633789062,160.83999633789062,9497100
XLV,2026-07-13,160.97000122070312,162.24000549316406,160.32000732421875,161.41000366210938,161.41000366210938,6873000
XLV,2026-07-14,159.77999877929688,160.0800018310547,157.77999877929688,158.2899932861328,158.2899932861328,11523000
XLV,2026-07-15,157.3800048828125,159.35000610351562,157.25,158.2899932861328,158.2899932861328,10885300
XLV,2026-07-16,160.35000610351562,162.63999938964844,159.94000244140625,161.8000030517578,161.8000030517578,11819000
XLV,2026-07-17,161.80999755859375,164.0,160.8800048828125,161.08999633789062,161.08999633789062,9166500
XLV,2026-07-20,161.0,161.49000549316406,159.17999267578125,159.25,159.25,6635300
XLV,2026-07-21,157.52999877929688,160.3699951171875,157.22999572753906,160.25,160.25,6594900
XLV,2026-07-22,160.97000122070312,160.97000122070312,158.9499969482422,159.42999267578125,159.42999267578125,5599500
XLV,2026-07-23,159.89999389648438,161.61000061035156,159.32000732421875,161.44000244140625,161.44000244140625,6448200
XLV,2026-07-24,162.47000122070312,163.25,161.5800018310547,162.57000732421875,162.57000732421875,7647900
XLV,2026-07-27,163.00999450683594,164.57000732421875,162.35000610351562,163.39999389648438,163.39999389648438,8056000
XLV,2026-07-28,165.99000549316406,168.52999877929688,165.75,167.25999450683594,167.25999450683594,12774800
XLV,2026-07-29,167.14999389648438,168.16000366210938,165.77000427246094,166.24000549316406,166.24000549316406,11656900
XLV,2026-07-30,163.25,163.9499969482422,161.86000061035156,163.52000427246094,163.52000427246094,12475200
XLV,2026-07-31,162.30999755859375,163.22999572753906,160.72999572753906,162.5500030517578,162.5500030517578,9604900
XLV,2026-08-03,163.6300048828125,164.72999572753906,161.35000610351562,162.24000549316406,162.24000549316406,10986300
XLV,2026-08-04,162.0,162.49000549316406,160.97000122070312,162.10000610351562,162.10000610351562,15129600
XLV,2026-08-05,163.63999938964844,165.35000610351562,162.6199951171875,164.16000366210938,164.16000366210938,15216000
XLV,2026-08-06,166.13999938964844,167.02000427246094,163.02999877929688,164.4499969482422,164.4499969482422,9435100
XLV,2026-08-07,163.9199981689453,165.77000427246094,162.9199981689453,165.67999267578125,165.67999267578125,7971800
XLV,2026-08-10,165.67999267578125,168.5,165.5500030517578,168.44000244140625,168.44000244140625,6995900
XLV,2026-08-11,168.27999877929688,169.66000366210938,167.63999938964844,168.00999450683594,168.00999450683594,6680900
XLV,2026-08-12,166.4199981689453,168.8800048828125,165.75999450683594,168.44000244140625,168.44000244140625,7138300
XLV,2026-08-13,169.49000549316406,169.7100067138672,167.8350067138672,168.3800048828125,168.3800048828125,6464518
