model,K,allocation_method,date,symbol,buys_after,wins_after,streak_after
NN_v1,2,EQUAL_WEIGHT,2008-01-04,VFH,1,0,0
NN_v1,2,EQUAL_WEIGHT,2008-01-04,VNQ,1,1,1
NN_v1,2,EQUAL_WEIGHT,2008-01-11,VNQ,2,1,0
NN_v1,2,EQUAL_WEIGHT,2008-01-11,VFH,2,0,0
NN_v1,2,EQUAL_WEIGHT,2008-01-18,VNQ,3,2,1
NN_v1,2,EQUAL_WEIGHT,2008-01-18,VFH,3,1,1
NN_v1,2,EQUAL_WEIGHT,2008-01-25,VOX,1,1,1
NN_v1,2,EQUAL_WEIGHT,2008-01-25,VPU,1,1,1
NN_v1,2,EQUAL_WEIGHT,2008-02-01,VGT,1,0,0
NN_v1,2,EQUAL_WEIGHT,2008-02-01,VHT,1,0,0
NN_v1,2,EQUAL_WEIGHT,2008-02-08,VGT,2,1,1
NN_v1,2,EQUAL_WEIGHT,2008-02-08,VOX,2,2,2
NN_v1,2,EQUAL_WEIGHT,2008-02-15,VFH,4,1,0
NN_v1,2,EQUAL_WEIGHT,2008-02-15,VNQ,4,2,0
NN_v1,2,EQUAL_WEIGHT,2008-02-22,VOX,3,2,0
NN_v1,2,EQUAL_WEIGHT,2008-02-22,VGT,3,1,0
NN_v1,2,EQUAL_WEIGHT,2008-02-29,VFH,5,1,0
NN_v1,2,EQUAL_WEIGHT,2008-02-29,VOX,4,2,0
NN_v1,2,EQUAL_WEIGHT,2008-03-07,VFH,6,1,0
NN_v1,2,EQUAL_WEIGHT,2008-03-07,VOX,5,2,0
NN_v1,2,EQUAL_WEIGHT,2008-03-14,VOX,6,3,1
NN_v1,2,EQUAL_WEIGHT,2008-03-14,VFH,7,2,1
NN_v1,2,EQUAL_WEIGHT,2008-03-21,VOX,7,4,2
NN_v1,2,EQUAL_WEIGHT,2008-03-21,VGT,4,1,0
NN_v1,2,EQUAL_WEIGHT,2008-03-28,VFH,8,3,2
NN_v1,2,EQUAL_WEIGHT,2008-03-28,VGT,5,2,1
NN_v1,2,EQUAL_WEIGHT,2008-04-04,VFH,9,3,0
NN_v1,2,EQUAL_WEIGHT,2008-04-04,VOX,8,4,0
NN_v1,2,EQUAL_WEIGHT,2008-04-11,VOX,9,5,1
NN_v1,2,EQUAL_WEIGHT,2008-04-11,VFH,10,4,1
NN_v1,2,EQUAL_WEIGHT,2008-04-18,VOX,10,6,2
NN_v1,2,EQUAL_WEIGHT,2008-04-18,VFH,11,5,2
NN_v1,2,EQUAL_WEIGHT,2008-04-25,VHT,2,1,1
NN_v1,2,EQUAL_WEIGHT,2008-04-25,VFH,12,6,3
NN_v1,2,EQUAL_WEIGHT,2008-05-02,VAW,1,1,1
NN_v1,2,EQUAL_WEIGHT,2008-05-02,VNQ,5,2,0
NN_v1,2,EQUAL_WEIGHT,2008-05-09,VFH,13,7,4
NN_v1,2,EQUAL_WEIGHT,2008-05-09,VNQ,6,3,1
NN_v1,2,EQUAL_WEIGHT,2008-05-16,VFH,14,7,0
NN_v1,2,EQUAL_WEIGHT,2008-05-16,VOX,11,6,0
NN_v1,2,EQUAL_WEIGHT,2008-05-23,VFH,15,8,1
NN_v1,2,EQUAL_WEIGHT,2008-05-23,VIS,1,1,1
NN_v1,2,EQUAL_WEIGHT,2008-05-30,VFH,16,8,0
NN_v1,2,EQUAL_WEIGHT,2008-05-30,VAW,2,2,2
NN_v1,2,EQUAL_WEIGHT,2008-06-06,VFH,17,8,0
NN_v1,2,EQUAL_WEIGHT,2008-06-06,VNQ,7,3,0
NN_v1,2,EQUAL_WEIGHT,2008-06-13,VFH,18,8,0
NN_v1,2,EQUAL_WEIGHT,2008-06-13,VNQ,8,3,0
NN_v1,2,EQUAL_WEIGHT,2008-06-20,VFH,19,8,0
NN_v1,2,EQUAL_WEIGHT,2008-06-20,VNQ,9,3,0
NN_v1,2,EQUAL_WEIGHT,2008-06-27,VFH,20,8,0
NN_v1,2,EQUAL_WEIGHT,2008-06-27,VNQ,10,3,0
NN_v1,2,EQUAL_WEIGHT,2008-07-04,VFH,21,8,0
NN_v1,2,EQUAL_WEIGHT,2008-07-04,VNQ,11,3,0
NN_v1,2,EQUAL_WEIGHT,2008-07-11,VFH,22,9,1
NN_v1,2,EQUAL_WEIGHT,2008-07-11,VCR,1,1,1
NN_v1,2,EQUAL_WEIGHT,2008-07-18,VDE,1,0,0
NN_v1,2,EQUAL_WEIGHT,2008-07-18,VAW,3,2,0
NN_v1,2,EQUAL_WEIGHT,2008-07-25,VDE,2,1,1
NN_v1,2,EQUAL_WEIGHT,2008-07-25,VAW,4,3,1
NN_v1,2,EQUAL_WEIGHT,2008-08-01,VDE,3,1,0
NN_v1,2,EQUAL_WEIGHT,2008-08-01,VAW,5,3,0
NN_v1,2,EQUAL_WEIGHT,2008-08-08,VDE,4,1,0
NN_v1,2,EQUAL_WEIGHT,2008-08-08,VAW,6,4,1
NN_v1,2,EQUAL_WEIGHT,2008-08-15,VDE,5,2,1
NN_v1,2,EQUAL_WEIGHT,2008-08-15,VAW,7,5,2
NN_v1,2,EQUAL_WEIGHT,2008-08-22,VFH,23,10,2
NN_v1,2,EQUAL_WEIGHT,2008-08-22,VAW,8,5,0
NN_v1,2,EQUAL_WEIGHT,2008-08-29,VDE,6,2,0
NN_v1,2,EQUAL_WEIGHT,2008-08-29,VAW,9,5,0
NN_v1,2,EQUAL_WEIGHT,2008-09-05,VDE,7,2,0
NN_v1,2,EQUAL_WEIGHT,2008-09-05,VAW,10,6,1
NN_v1,2,EQUAL_WEIGHT,2008-09-12,VDE,8,3,1
NN_v1,2,EQUAL_WEIGHT,2008-09-12,VAW,11,7,2
NN_v1,2,EQUAL_WEIGHT,2008-09-19,VAW,12,7,0
NN_v1,2,EQUAL_WEIGHT,2008-09-19,VDE,9,3,0
NN_v1,2,EQUAL_WEIGHT,2008-09-26,VAW,13,7,0
NN_v1,2,EQUAL_WEIGHT,2008-09-26,VDE,10,3,0
NN_v1,2,EQUAL_WEIGHT,2008-10-03,VAW,14,7,0
NN_v1,2,EQUAL_WEIGHT,2008-10-03,VDE,11,3,0
NN_v1,2,EQUAL_WEIGHT,2008-10-10,VDE,12,4,1
NN_v1,2,EQUAL_WEIGHT,2008-10-10,VAW,15,7,0
NN_v1,2,EQUAL_WEIGHT,2008-10-17,VDE,13,4,0
NN_v1,2,EQUAL_WEIGHT,2008-10-17,VNQ,12,3,0
NN_v1,2,EQUAL_WEIGHT,2008-10-24,VNQ,13,4,1
NN_v1,2,EQUAL_WEIGHT,2008-10-24,VAW,16,8,1
NN_v1,2,EQUAL_WEIGHT,2008-10-31,VAW,17,8,0
NN_v1,2,EQUAL_WEIGHT,2008-10-31,VNQ,14,4,0
NN_v1,2,EQUAL_WEIGHT,2008-11-07,VAW,18,8,0
NN_v1,2,EQUAL_WEIGHT,2008-11-07,VDE,14,4,0
NN_v1,2,EQUAL_WEIGHT,2008-11-14,VNQ,15,4,0
NN_v1,2,EQUAL_WEIGHT,2008-11-14,VAW,19,8,0
NN_v1,2,EQUAL_WEIGHT,2008-11-21,VNQ,16,5,1
NN_v1,2,EQUAL_WEIGHT,2008-11-21,VFH,24,11,3
NN_v1,2,EQUAL_WEIGHT,2008-11-28,VNQ,17,6,2
NN_v1,2,EQUAL_WEIGHT,2008-11-28,VHT,3,2,2
NN_v1,2,EQUAL_WEIGHT,2008-12-05,VAW,20,9,1
NN_v1,2,EQUAL_WEIGHT,2008-12-05,VDE,15,5,1
NN_v1,2,EQUAL_WEIGHT,2008-12-12,VFH,25,12,4
NN_v1,2,EQUAL_WEIGHT,2008-12-12,VNQ,18,7,3
NN_v1,2,EQUAL_WEIGHT,2008-12-19,VFH,26,12,0
NN_v1,2,EQUAL_WEIGHT,2008-12-19,VDE,16,5,0
NN_v1,2,EQUAL_WEIGHT,2008-12-26,VFH,27,13,1
NN_v1,2,EQUAL_WEIGHT,2008-12-26,VNQ,19,8,4
NN_v1,2,EQUAL_WEIGHT,2009-01-02,VNQ,20,8,0
NN_v1,2,EQUAL_WEIGHT,2009-01-02,VFH,28,13,0
NN_v1,2,EQUAL_WEIGHT,2009-01-09,VNQ,21,8,0
NN_v1,2,EQUAL_WEIGHT,2009-01-09,VHT,4,3,3
NN_v1,2,EQUAL_WEIGHT,2009-01-16,VFH,29,13,0
NN_v1,2,EQUAL_WEIGHT,2009-01-16,VNQ,22,8,0
NN_v1,2,EQUAL_WEIGHT,2009-01-23,VFH,30,14,1
NN_v1,2,EQUAL_WEIGHT,2009-01-23,VNQ,23,8,0
NN_v1,2,EQUAL_WEIGHT,2009-01-30,VFH,31,15,2
NN_v1,2,EQUAL_WEIGHT,2009-01-30,VCR,2,2,2
NN_v1,2,EQUAL_WEIGHT,2009-02-06,VDC,1,0,0
NN_v1,2,EQUAL_WEIGHT,2009-02-06,VNQ,24,8,0
NN_v1,2,EQUAL_WEIGHT,2009-02-13,VNQ,25,8,0
NN_v1,2,EQUAL_WEIGHT,2009-02-13,VDC,2,0,0
NN_v1,2,EQUAL_WEIGHT,2009-02-20,VFH,32,15,0
NN_v1,2,EQUAL_WEIGHT,2009-02-20,VNQ,26,8,0
NN_v1,2,EQUAL_WEIGHT,2009-02-27,VFH,33,15,0
NN_v1,2,EQUAL_WEIGHT,2009-02-27,VPU,2,1,0
NN_v1,2,EQUAL_WEIGHT,2009-03-06,VHT,5,4,4
NN_v1,2,EQUAL_WEIGHT,2009-03-06,VFH,34,16,1
NN_v1,2,EQUAL_WEIGHT,2009-03-13,VPU,3,2,1
NN_v1,2,EQUAL_WEIGHT,2009-03-13,VDE,17,6,1
NN_v1,2,EQUAL_WEIGHT,2009-03-20,VNQ,27,8,0
NN_v1,2,EQUAL_WEIGHT,2009-03-20,VHT,6,5,5
NN_v1,2,EQUAL_WEIGHT,2009-03-27,VNQ,28,9,1
NN_v1,2,EQUAL_WEIGHT,2009-03-27,VHT,7,5,0
NN_v1,2,EQUAL_WEIGHT,2009-04-03,VHT,8,6,1
NN_v1,2,EQUAL_WEIGHT,2009-04-03,VPU,4,3,2
NN_v1,2,EQUAL_WEIGHT,2009-04-10,VHT,9,7,2
NN_v1,2,EQUAL_WEIGHT,2009-04-10,VPU,5,3,0
NN_v1,2,EQUAL_WEIGHT,2009-04-17,VPU,6,3,0
NN_v1,2,EQUAL_WEIGHT,2009-04-17,VDE,18,7,2
NN_v1,2,EQUAL_WEIGHT,2009-04-24,VPU,7,4,1
NN_v1,2,EQUAL_WEIGHT,2009-04-24,VHT,10,8,3
NN_v1,2,EQUAL_WEIGHT,2009-05-01,VHT,11,9,4
NN_v1,2,EQUAL_WEIGHT,2009-05-01,VPU,8,5,2
NN_v1,2,EQUAL_WEIGHT,2009-05-08,VHT,12,10,5
NN_v1,2,EQUAL_WEIGHT,2009-05-08,VPU,9,5,0
NN_v1,2,EQUAL_WEIGHT,2009-05-15,VCR,3,2,0
NN_v1,2,EQUAL_WEIGHT,2009-05-15,VDE,19,8,3
NN_v1,2,EQUAL_WEIGHT,2009-05-22,VFH,35,17,2
NN_v1,2,EQUAL_WEIGHT,2009-05-22,VIS,2,2,2
NN_v1,2,EQUAL_WEIGHT,2009-05-29,VPU,10,6,1
NN_v1,2,EQUAL_WEIGHT,2009-05-29,VHT,13,10,0
NN_v1,2,EQUAL_WEIGHT,2009-06-05,VHT,14,11,1
NN_v1,2,EQUAL_WEIGHT,2009-06-05,VPU,11,7,2
NN_v1,2,EQUAL_WEIGHT,2009-06-12,VHT,15,12,2
NN_v1,2,EQUAL_WEIGHT,2009-06-12,VDC,3,0,0
NN_v1,2,EQUAL_WEIGHT,2009-06-19,VDE,20,8,0
NN_v1,2,EQUAL_WEIGHT,2009-06-19,VAW,21,10,2
NN_v1,2,EQUAL_WEIGHT,2009-06-26,VAW,22,10,0
NN_v1,2,EQUAL_WEIGHT,2009-06-26,VDE,21,8,0
NN_v1,2,EQUAL_WEIGHT,2009-07-03,VAW,23,10,0
NN_v1,2,EQUAL_WEIGHT,2009-07-03,VFH,36,17,0
NN_v1,2,EQUAL_WEIGHT,2009-07-10,VFH,37,18,1
NN_v1,2,EQUAL_WEIGHT,2009-07-10,VNQ,29,10,2
NN_v1,2,EQUAL_WEIGHT,2009-07-17,VNQ,30,11,3
NN_v1,2,EQUAL_WEIGHT,2009-07-17,VFH,38,19,2
NN_v1,2,EQUAL_WEIGHT,2009-07-24,VFH,39,20,3
NN_v1,2,EQUAL_WEIGHT,2009-07-24,VOX,12,7,1
NN_v1,2,EQUAL_WEIGHT,2009-07-31,VDE,22,8,0
NN_v1,2,EQUAL_WEIGHT,2009-07-31,VOX,13,7,0
NN_v1,2,EQUAL_WEIGHT,2009-08-07,VDE,23,9,1
NN_v1,2,EQUAL_WEIGHT,2009-08-07,VOX,14,7,0
NN_v1,2,EQUAL_WEIGHT,2009-08-14,VDE,24,10,2
NN_v1,2,EQUAL_WEIGHT,2009-08-14,VOX,15,8,1
NN_v1,2,EQUAL_WEIGHT,2009-08-21,VNQ,31,12,4
NN_v1,2,EQUAL_WEIGHT,2009-08-21,VCR,4,3,1
NN_v1,2,EQUAL_WEIGHT,2009-08-28,VIS,3,3,3
NN_v1,2,EQUAL_WEIGHT,2009-08-28,VAW,24,11,1
NN_v1,2,EQUAL_WEIGHT,2009-09-04,VDE,25,11,3
NN_v1,2,EQUAL_WEIGHT,2009-09-04,VNQ,32,13,5
NN_v1,2,EQUAL_WEIGHT,2009-09-11,VFH,40,21,4
NN_v1,2,EQUAL_WEIGHT,2009-09-11,VPU,12,8,3
NN_v1,2,EQUAL_WEIGHT,2009-09-18,VOX,16,9,2
NN_v1,2,EQUAL_WEIGHT,2009-09-18,VPU,13,8,0
NN_v1,2,EQUAL_WEIGHT,2009-09-25,VDE,26,11,0
NN_v1,2,EQUAL_WEIGHT,2009-09-25,VAW,25,11,0
NN_v1,2,EQUAL_WEIGHT,2009-10-02,VNQ,33,14,6
NN_v1,2,EQUAL_WEIGHT,2009-10-02,VFH,41,22,5
NN_v1,2,EQUAL_WEIGHT,2009-10-09,VNQ,34,14,0
NN_v1,2,EQUAL_WEIGHT,2009-10-09,VPU,14,9,1
NN_v1,2,EQUAL_WEIGHT,2009-10-16,VNQ,35,14,0
NN_v1,2,EQUAL_WEIGHT,2009-10-16,VPU,15,9,0
NN_v1,2,EQUAL_WEIGHT,2009-10-23,VNQ,36,14,0
NN_v1,2,EQUAL_WEIGHT,2009-10-23,VFH,42,22,0
NN_v1,2,EQUAL_WEIGHT,2009-10-30,VDE,27,12,1
NN_v1,2,EQUAL_WEIGHT,2009-10-30,VIS,4,4,4
NN_v1,2,EQUAL_WEIGHT,2009-11-06,VNQ,37,15,1
NN_v1,2,EQUAL_WEIGHT,2009-11-06,VFH,43,23,1
NN_v1,2,EQUAL_WEIGHT,2009-11-13,VFH,44,23,0
NN_v1,2,EQUAL_WEIGHT,2009-11-13,VNQ,38,15,0
NN_v1,2,EQUAL_WEIGHT,2009-11-20,VFH,45,23,0
NN_v1,2,EQUAL_WEIGHT,2009-11-20,VNQ,39,15,0
NN_v1,2,EQUAL_WEIGHT,2009-11-27,VNQ,40,16,1
NN_v1,2,EQUAL_WEIGHT,2009-11-27,VFH,46,24,1
NN_v1,2,EQUAL_WEIGHT,2009-12-04,VDE,28,12,0
NN_v1,2,EQUAL_WEIGHT,2009-12-04,VAW,26,12,1
NN_v1,2,EQUAL_WEIGHT,2009-12-11,VFH,47,24,0
NN_v1,2,EQUAL_WEIGHT,2009-12-11,VNQ,41,17,2
NN_v1,2,EQUAL_WEIGHT,2009-12-18,VFH,48,25,1
NN_v1,2,EQUAL_WEIGHT,2009-12-18,VNQ,42,18,3
NN_v1,2,EQUAL_WEIGHT,2009-12-25,VFH,49,25,0
NN_v1,2,EQUAL_WEIGHT,2009-12-25,VDC,4,0,0
NN_v1,2,EQUAL_WEIGHT,2010-01-01,VFH,50,26,1
NN_v1,2,EQUAL_WEIGHT,2010-01-01,VIS,5,5,5
NN_v1,2,EQUAL_WEIGHT,2010-01-08,VDC,5,1,1
NN_v1,2,EQUAL_WEIGHT,2010-01-08,VNQ,43,18,0
NN_v1,2,EQUAL_WEIGHT,2010-01-15,VNQ,44,18,0
NN_v1,2,EQUAL_WEIGHT,2010-01-15,VGT,6,2,0
NN_v1,2,EQUAL_WEIGHT,2010-01-22,VIS,6,5,0
NN_v1,2,EQUAL_WEIGHT,2010-01-22,VFH,51,26,0
NN_v1,2,EQUAL_WEIGHT,2010-01-29,VNQ,45,18,0
NN_v1,2,EQUAL_WEIGHT,2010-01-29,VFH,52,26,0
NN_v1,2,EQUAL_WEIGHT,2010-02-05,VGT,7,3,1
NN_v1,2,EQUAL_WEIGHT,2010-02-05,VNQ,46,18,0
NN_v1,2,EQUAL_WEIGHT,2010-02-12,VFH,53,27,1
NN_v1,2,EQUAL_WEIGHT,2010-02-12,VHT,16,13,3
NN_v1,2,EQUAL_WEIGHT,2010-02-19,VDE,29,12,0
NN_v1,2,EQUAL_WEIGHT,2010-02-19,VHT,17,13,0
NN_v1,2,EQUAL_WEIGHT,2010-02-26,VAW,27,13,2
NN_v1,2,EQUAL_WEIGHT,2010-02-26,VOX,17,10,3
NN_v1,2,EQUAL_WEIGHT,2010-03-05,VPU,16,9,0
NN_v1,2,EQUAL_WEIGHT,2010-03-05,VOX,18,11,4
NN_v1,2,EQUAL_WEIGHT,2010-03-12,VPU,17,10,1
NN_v1,2,EQUAL_WEIGHT,2010-03-12,VDC,6,2,2
NN_v1,2,EQUAL_WEIGHT,2010-03-19,VAW,28,14,3
NN_v1,2,EQUAL_WEIGHT,2010-03-19,VGT,8,4,2
NN_v1,2,EQUAL_WEIGHT,2010-03-26,VDE,30,13,1
NN_v1,2,EQUAL_WEIGHT,2010-03-26,VPU,18,11,2
NN_v1,2,EQUAL_WEIGHT,2010-04-02,VDE,31,14,2
NN_v1,2,EQUAL_WEIGHT,2010-04-02,VPU,19,12,3
NN_v1,2,EQUAL_WEIGHT,2010-04-09,VPU,20,12,0
NN_v1,2,EQUAL_WEIGHT,2010-04-09,VGT,9,5,3
NN_v1,2,EQUAL_WEIGHT,2010-04-16,VHT,18,13,0
NN_v1,2,EQUAL_WEIGHT,2010-04-16,VPU,21,13,1
NN_v1,2,EQUAL_WEIGHT,2010-04-23,VHT,19,13,0
NN_v1,2,EQUAL_WEIGHT,2010-04-23,VPU,22,13,0
NN_v1,2,EQUAL_WEIGHT,2010-04-30,VDC,7,2,0
NN_v1,2,EQUAL_WEIGHT,2010-04-30,VHT,20,13,0
NN_v1,2,EQUAL_WEIGHT,2010-05-07,VPU,23,14,1
NN_v1,2,EQUAL_WEIGHT,2010-05-07,VDC,8,2,0
NN_v1,2,EQUAL_WEIGHT,2010-05-14,VCR,5,3,0
NN_v1,2,EQUAL_WEIGHT,2010-05-14,VAW,29,14,0
NN_v1,2,EQUAL_WEIGHT,2010-05-21,VDC,9,2,0
NN_v1,2,EQUAL_WEIGHT,2010-05-21,VOX,19,12,5
NN_v1,2,EQUAL_WEIGHT,2010-05-28,VIS,7,5,0
NN_v1,2,EQUAL_WEIGHT,2010-05-28,VPU,24,14,0
NN_v1,2,EQUAL_WEIGHT,2010-06-04,VDC,10,3,1
NN_v1,2,EQUAL_WEIGHT,2010-06-04,VOX,20,13,6
NN_v1,2,EQUAL_WEIGHT,2010-06-11,VIS,8,6,1
NN_v1,2,EQUAL_WEIGHT,2010-06-11,VCR,6,3,0
NN_v1,2,EQUAL_WEIGHT,2010-06-18,VCR,7,3,0
NN_v1,2,EQUAL_WEIGHT,2010-06-18,VDC,11,3,0
NN_v1,2,EQUAL_WEIGHT,2010-06-25,VNQ,47,18,0
NN_v1,2,EQUAL_WEIGHT,2010-06-25,VPU,25,14,0
NN_v1,2,EQUAL_WEIGHT,2010-07-02,VPU,26,15,1
NN_v1,2,EQUAL_WEIGHT,2010-07-02,VDE,32,15,3
NN_v1,2,EQUAL_WEIGHT,2010-07-09,VNQ,48,18,0
NN_v1,2,EQUAL_WEIGHT,2010-07-09,VCR,8,3,0
NN_v1,2,EQUAL_WEIGHT,2010-07-16,VNQ,49,19,1
NN_v1,2,EQUAL_WEIGHT,2010-07-16,VOX,21,14,7
NN_v1,2,EQUAL_WEIGHT,2010-07-23,VFH,54,28,2
NN_v1,2,EQUAL_WEIGHT,2010-07-23,VHT,21,14,1
NN_v1,2,EQUAL_WEIGHT,2010-07-30,VHT,22,15,2
NN_v1,2,EQUAL_WEIGHT,2010-07-30,VGT,10,6,4
NN_v1,2,EQUAL_WEIGHT,2010-08-06,VNQ,50,19,0
NN_v1,2,EQUAL_WEIGHT,2010-08-06,VGT,11,6,0
NN_v1,2,EQUAL_WEIGHT,2010-08-13,VNQ,51,19,0
NN_v1,2,EQUAL_WEIGHT,2010-08-13,VIS,9,7,2
NN_v1,2,EQUAL_WEIGHT,2010-08-20,VNQ,52,20,1
NN_v1,2,EQUAL_WEIGHT,2010-08-20,VIS,10,7,0
NN_v1,2,EQUAL_WEIGHT,2010-08-27,VCR,9,4,1
NN_v1,2,EQUAL_WEIGHT,2010-08-27,VIS,11,8,1
NN_v1,2,EQUAL_WEIGHT,2010-09-03,VGT,12,6,0
NN_v1,2,EQUAL_WEIGHT,2010-09-03,VHT,23,16,3
NN_v1,2,EQUAL_WEIGHT,2010-09-10,VNQ,53,21,2
NN_v1,2,EQUAL_WEIGHT,2010-09-10,VGT,13,7,1
NN_v1,2,EQUAL_WEIGHT,2010-09-17,VNQ,54,21,0
NN_v1,2,EQUAL_WEIGHT,2010-09-17,VDE,33,16,4
NN_v1,2,EQUAL_WEIGHT,2010-09-24,VPU,27,16,2
NN_v1,2,EQUAL_WEIGHT,2010-09-24,VFH,55,28,0
NN_v1,2,EQUAL_WEIGHT,2010-10-01,VDC,12,4,1
NN_v1,2,EQUAL_WEIGHT,2010-10-01,VFH,56,29,1
NN_v1,2,EQUAL_WEIGHT,2010-10-08,VGT,14,8,2
NN_v1,2,EQUAL_WEIGHT,2010-10-08,VFH,57,29,0
NN_v1,2,EQUAL_WEIGHT,2010-10-15,VIS,12,9,2
NN_v1,2,EQUAL_WEIGHT,2010-10-15,VFH,58,30,1
NN_v1,2,EQUAL_WEIGHT,2010-10-22,VFH,59,30,0
NN_v1,2,EQUAL_WEIGHT,2010-10-22,VPU,28,16,0
NN_v1,2,EQUAL_WEIGHT,2010-10-29,VPU,29,17,1
NN_v1,2,EQUAL_WEIGHT,2010-10-29,VHT,24,17,4
NN_v1,2,EQUAL_WEIGHT,2010-11-05,VPU,30,17,0
NN_v1,2,EQUAL_WEIGHT,2010-11-05,VHT,25,17,0
NN_v1,2,EQUAL_WEIGHT,2010-11-12,VDC,13,5,2
NN_v1,2,EQUAL_WEIGHT,2010-11-12,VPU,31,17,0
NN_v1,2,EQUAL_WEIGHT,2010-11-19,VPU,32,17,0
NN_v1,2,EQUAL_WEIGHT,2010-11-19,VNQ,55,22,1
NN_v1,2,EQUAL_WEIGHT,2010-11-26,VNQ,56,23,2
NN_v1,2,EQUAL_WEIGHT,2010-11-26,VAW,30,15,1
NN_v1,2,EQUAL_WEIGHT,2010-12-03,VNQ,57,23,0
NN_v1,2,EQUAL_WEIGHT,2010-12-03,VPU,33,17,0
NN_v1,2,EQUAL_WEIGHT,2010-12-10,VNQ,58,23,0
NN_v1,2,EQUAL_WEIGHT,2010-12-10,VPU,34,18,1
NN_v1,2,EQUAL_WEIGHT,2010-12-17,VNQ,59,24,1
NN_v1,2,EQUAL_WEIGHT,2010-12-17,VPU,35,18,0
NN_v1,2,EQUAL_WEIGHT,2010-12-24,VNQ,60,25,2
NN_v1,2,EQUAL_WEIGHT,2010-12-24,VPU,36,18,0
NN_v1,2,EQUAL_WEIGHT,2010-12-31,VHT,26,18,1
NN_v1,2,EQUAL_WEIGHT,2010-12-31,VIS,13,10,3
NN_v1,2,EQUAL_WEIGHT,2011-01-07,VIS,14,11,4
NN_v1,2,EQUAL_WEIGHT,2011-01-07,VFH,60,31,1
NN_v1,2,EQUAL_WEIGHT,2011-01-14,VNQ,61,25,0
NN_v1,2,EQUAL_WEIGHT,2011-01-14,VFH,61,31,0
NN_v1,2,EQUAL_WEIGHT,2011-01-21,VAW,31,16,2
NN_v1,2,EQUAL_WEIGHT,2011-01-21,VNQ,62,26,1
NN_v1,2,EQUAL_WEIGHT,2011-01-28,VFH,62,32,1
NN_v1,2,EQUAL_WEIGHT,2011-01-28,VGT,15,9,3
NN_v1,2,EQUAL_WEIGHT,2011-02-04,VFH,63,33,2
NN_v1,2,EQUAL_WEIGHT,2011-02-04,VGT,16,10,4
NN_v1,2,EQUAL_WEIGHT,2011-02-11,VNQ,63,27,2
NN_v1,2,EQUAL_WEIGHT,2011-02-11,VDE,34,17,5
NN_v1,2,EQUAL_WEIGHT,2011-02-18,VAW,32,16,0
NN_v1,2,EQUAL_WEIGHT,2011-02-18,VGT,17,10,0
NN_v1,2,EQUAL_WEIGHT,2011-02-25,VGT,18,10,0
NN_v1,2,EQUAL_WEIGHT,2011-02-25,VNQ,64,27,0
NN_v1,2,EQUAL_WEIGHT,2011-03-04,VIS,15,11,0
NN_v1,2,EQUAL_WEIGHT,2011-03-04,VAW,33,16,0
NN_v1,2,EQUAL_WEIGHT,2011-03-11,VAW,34,17,1
NN_v1,2,EQUAL_WEIGHT,2011-03-11,VGT,19,10,0
NN_v1,2,EQUAL_WEIGHT,2011-03-18,VGT,20,11,1
NN_v1,2,EQUAL_WEIGHT,2011-03-18,VCR,10,5,2
NN_v1,2,EQUAL_WEIGHT,2011-03-25,VAW,35,18,2
NN_v1,2,EQUAL_WEIGHT,2011-03-25,VHT,27,19,2
NN_v1,2,EQUAL_WEIGHT,2011-04-01,VIS,16,11,0
NN_v1,2,EQUAL_WEIGHT,2011-04-01,VAW,36,18,0
NN_v1,2,EQUAL_WEIGHT,2011-04-08,VAW,37,18,0
NN_v1,2,EQUAL_WEIGHT,2011-04-08,VDE,35,17,0
NN_v1,2,EQUAL_WEIGHT,2011-04-15,VDE,36,18,1
NN_v1,2,EQUAL_WEIGHT,2011-04-15,VAW,38,19,1
NN_v1,2,EQUAL_WEIGHT,2011-04-22,VAW,39,20,2
NN_v1,2,EQUAL_WEIGHT,2011-04-22,VDE,37,19,2
NN_v1,2,EQUAL_WEIGHT,2011-04-29,VNQ,65,27,0
NN_v1,2,EQUAL_WEIGHT,2011-04-29,VDE,38,19,0
NN_v1,2,EQUAL_WEIGHT,2011-05-06,VDE,39,19,0
NN_v1,2,EQUAL_WEIGHT,2011-05-06,VAW,40,20,0
NN_v1,2,EQUAL_WEIGHT,2011-05-13,VDE,40,20,1
NN_v1,2,EQUAL_WEIGHT,2011-05-13,VAW,41,21,1
NN_v1,2,EQUAL_WEIGHT,2011-05-20,VDE,41,21,2
NN_v1,2,EQUAL_WEIGHT,2011-05-20,VAW,42,22,2
NN_v1,2,EQUAL_WEIGHT,2011-05-27,VGT,21,11,0
NN_v1,2,EQUAL_WEIGHT,2011-05-27,VDE,42,21,0
NN_v1,2,EQUAL_WEIGHT,2011-06-03,VHT,28,19,0
NN_v1,2,EQUAL_WEIGHT,2011-06-03,VPU,37,18,0
NN_v1,2,EQUAL_WEIGHT,2011-06-10,VHT,29,20,1
NN_v1,2,EQUAL_WEIGHT,2011-06-10,VPU,38,19,1
NN_v1,2,EQUAL_WEIGHT,2011-06-17,VDE,43,21,0
NN_v1,2,EQUAL_WEIGHT,2011-06-17,VAW,43,23,3
NN_v1,2,EQUAL_WEIGHT,2011-06-24,VDE,44,22,1
NN_v1,2,EQUAL_WEIGHT,2011-06-24,VIS,17,12,1
NN_v1,2,EQUAL_WEIGHT,2011-07-01,VDE,45,23,2
NN_v1,2,EQUAL_WEIGHT,2011-07-01,VOX,22,15,8
NN_v1,2,EQUAL_WEIGHT,2011-07-08,VDE,46,24,3
NN_v1,2,EQUAL_WEIGHT,2011-07-08,VAW,44,23,0
NN_v1,2,EQUAL_WEIGHT,2011-07-15,VDE,47,25,4
NN_v1,2,EQUAL_WEIGHT,2011-07-15,VAW,45,24,1
NN_v1,2,EQUAL_WEIGHT,2011-07-22,VNQ,66,27,0
NN_v1,2,EQUAL_WEIGHT,2011-07-22,VDE,48,25,0
NN_v1,2,EQUAL_WEIGHT,2011-07-29,VPU,39,19,0
NN_v1,2,EQUAL_WEIGHT,2011-07-29,VDE,49,25,0
NN_v1,2,EQUAL_WEIGHT,2011-08-05,VNQ,67,28,1
NN_v1,2,EQUAL_WEIGHT,2011-08-05,VOX,23,16,9
NN_v1,2,EQUAL_WEIGHT,2011-08-12,VDE,50,25,0
NN_v1,2,EQUAL_WEIGHT,2011-08-12,VNQ,68,28,0
NN_v1,2,EQUAL_WEIGHT,2011-08-19,VGT,22,12,1
NN_v1,2,EQUAL_WEIGHT,2011-08-19,VCR,11,6,3
NN_v1,2,EQUAL_WEIGHT,2011-08-26,VGT,23,12,0
NN_v1,2,EQUAL_WEIGHT,2011-08-26,VNQ,69,28,0
NN_v1,2,EQUAL_WEIGHT,2011-09-02,VNQ,70,29,1
NN_v1,2,EQUAL_WEIGHT,2011-09-02,VCR,12,7,4
NN_v1,2,EQUAL_WEIGHT,2011-09-09,VNQ,71,30,2
NN_v1,2,EQUAL_WEIGHT,2011-09-09,VCR,13,8,5
NN_v1,2,EQUAL_WEIGHT,2011-09-16,VAW,46,24,0
NN_v1,2,EQUAL_WEIGHT,2011-09-16,VDE,51,25,0
NN_v1,2,EQUAL_WEIGHT,2011-09-23,VNQ,72,30,0
NN_v1,2,EQUAL_WEIGHT,2011-09-23,VDE,52,25,0
NN_v1,2,EQUAL_WEIGHT,2011-09-30,VAW,47,25,1
NN_v1,2,EQUAL_WEIGHT,2011-09-30,VCR,14,9,6
NN_v1,2,EQUAL_WEIGHT,2011-10-07,VOX,24,17,10
NN_v1,2,EQUAL_WEIGHT,2011-10-07,VNQ,73,31,1
NN_v1,2,EQUAL_WEIGHT,2011-10-14,VIS,18,13,2
NN_v1,2,EQUAL_WEIGHT,2011-10-14,VNQ,74,32,2
NN_v1,2,EQUAL_WEIGHT,2011-10-21,VIS,19,14,3
NN_v1,2,EQUAL_WEIGHT,2011-10-21,VDE,53,26,1
NN_v1,2,EQUAL_WEIGHT,2011-10-28,VIS,20,14,0
NN_v1,2,EQUAL_WEIGHT,2011-10-28,VGT,24,12,0
NN_v1,2,EQUAL_WEIGHT,2011-11-04,VGT,25,13,1
NN_v1,2,EQUAL_WEIGHT,2011-11-04,VPU,40,20,1
NN_v1,2,EQUAL_WEIGHT,2011-11-11,VDE,54,26,0
NN_v1,2,EQUAL_WEIGHT,2011-11-11,VIS,21,14,0
NN_v1,2,EQUAL_WEIGHT,2011-11-18,VPU,41,20,0
NN_v1,2,EQUAL_WEIGHT,2011-11-18,VDC,14,5,0
NN_v1,2,EQUAL_WEIGHT,2011-11-25,VGT,26,14,2
NN_v1,2,EQUAL_WEIGHT,2011-11-25,VPU,42,21,1
NN_v1,2,EQUAL_WEIGHT,2011-12-02,VAW,48,25,0
NN_v1,2,EQUAL_WEIGHT,2011-12-02,VDE,55,26,0
NN_v1,2,EQUAL_WEIGHT,2011-12-09,VIS,22,14,0
NN_v1,2,EQUAL_WEIGHT,2011-12-09,VDE,56,26,0
NN_v1,2,EQUAL_WEIGHT,2011-12-16,VNQ,75,33,3
NN_v1,2,EQUAL_WEIGHT,2011-12-16,VHT,30,21,2
NN_v1,2,EQUAL_WEIGHT,2011-12-23,VDE,57,26,0
NN_v1,2,EQUAL_WEIGHT,2011-12-23,VFH,64,33,0
NN_v1,2,EQUAL_WEIGHT,2011-12-30,VNQ,76,33,0
NN_v1,2,EQUAL_WEIGHT,2011-12-30,VGT,27,15,3
NN_v1,2,EQUAL_WEIGHT,2012-01-06,VFH,65,34,1
NN_v1,2,EQUAL_WEIGHT,2012-01-06,VIS,23,15,1
NN_v1,2,EQUAL_WEIGHT,2012-01-13,VAW,49,26,1
NN_v1,2,EQUAL_WEIGHT,2012-01-13,VDE,58,27,1
NN_v1,2,EQUAL_WEIGHT,2012-01-20,VAW,50,27,2
NN_v1,2,EQUAL_WEIGHT,2012-01-20,VFH,66,35,2
NN_v1,2,EQUAL_WEIGHT,2012-01-27,VAW,51,28,3
NN_v1,2,EQUAL_WEIGHT,2012-01-27,VFH,67,36,3
NN_v1,2,EQUAL_WEIGHT,2012-02-03,VDE,59,28,2
NN_v1,2,EQUAL_WEIGHT,2012-02-03,VFH,68,36,0
NN_v1,2,EQUAL_WEIGHT,2012-02-10,VGT,28,16,4
NN_v1,2,EQUAL_WEIGHT,2012-02-10,VAW,52,29,4
NN_v1,2,EQUAL_WEIGHT,2012-02-17,VAW,53,29,0
NN_v1,2,EQUAL_WEIGHT,2012-02-17,VDE,60,29,3
NN_v1,2,EQUAL_WEIGHT,2012-02-24,VGT,29,17,5
NN_v1,2,EQUAL_WEIGHT,2012-02-24,VAW,54,29,0
NN_v1,2,EQUAL_WEIGHT,2012-03-02,VGT,30,18,6
NN_v1,2,EQUAL_WEIGHT,2012-03-02,VDE,61,29,0
NN_v1,2,EQUAL_WEIGHT,2012-03-09,VDE,62,30,1
NN_v1,2,EQUAL_WEIGHT,2012-03-09,VFH,69,37,1
NN_v1,2,EQUAL_WEIGHT,2012-03-16,VDE,63,30,0
NN_v1,2,EQUAL_WEIGHT,2012-03-16,VIS,24,15,0
NN_v1,2,EQUAL_WEIGHT,2012-03-23,VDE,64,30,0
NN_v1,2,EQUAL_WEIGHT,2012-03-23,VIS,25,15,0
NN_v1,2,EQUAL_WEIGHT,2012-03-30,VDE,65,30,0
NN_v1,2,EQUAL_WEIGHT,2012-03-30,VFH,70,37,0
NN_v1,2,EQUAL_WEIGHT,2012-04-06,VFH,71,37,0
NN_v1,2,EQUAL_WEIGHT,2012-04-06,VDE,66,30,0
NN_v1,2,EQUAL_WEIGHT,2012-04-13,VFH,72,37,0
NN_v1,2,EQUAL_WEIGHT,2012-04-13,VNQ,77,34,1
NN_v1,2,EQUAL_WEIGHT,2012-04-20,VDE,67,31,1
NN_v1,2,EQUAL_WEIGHT,2012-04-20,VFH,73,38,1
NN_v1,2,EQUAL_WEIGHT,2012-04-27,VCR,15,9,0
NN_v1,2,EQUAL_WEIGHT,2012-04-27,VNQ,78,34,0
NN_v1,2,EQUAL_WEIGHT,2012-05-04,VFH,74,38,0
NN_v1,2,EQUAL_WEIGHT,2012-05-04,VAW,55,29,0
NN_v1,2,EQUAL_WEIGHT,2012-05-11,VFH,75,38,0
NN_v1,2,EQUAL_WEIGHT,2012-05-11,VDE,68,31,0
NN_v1,2,EQUAL_WEIGHT,2012-05-18,VFH,76,39,1
NN_v1,2,EQUAL_WEIGHT,2012-05-18,VGT,31,19,7
NN_v1,2,EQUAL_WEIGHT,2012-05-25,VFH,77,39,0
NN_v1,2,EQUAL_WEIGHT,2012-05-25,VDE,69,31,0
NN_v1,2,EQUAL_WEIGHT,2012-06-01,VCR,16,10,1
NN_v1,2,EQUAL_WEIGHT,2012-06-01,VFH,78,40,1
NN_v1,2,EQUAL_WEIGHT,2012-06-08,VDE,70,32,1
NN_v1,2,EQUAL_WEIGHT,2012-06-08,VAW,56,29,0
NN_v1,2,EQUAL_WEIGHT,2012-06-15,VAW,57,30,1
NN_v1,2,EQUAL_WEIGHT,2012-06-15,VFH,79,41,2
NN_v1,2,EQUAL_WEIGHT,2012-06-22,VDE,71,33,2
NN_v1,2,EQUAL_WEIGHT,2012-06-22,VFH,80,42,3
NN_v1,2,EQUAL_WEIGHT,2012-06-29,VFH,81,42,0
NN_v1,2,EQUAL_WEIGHT,2012-06-29,VDE,72,33,0
NN_v1,2,EQUAL_WEIGHT,2012-07-06,VFH,82,43,1
NN_v1,2,EQUAL_WEIGHT,2012-07-06,VAW,58,30,0
NN_v1,2,EQUAL_WEIGHT,2012-07-13,VFH,83,43,0
NN_v1,2,EQUAL_WEIGHT,2012-07-13,VDE,73,34,1
NN_v1,2,EQUAL_WEIGHT,2012-07-20,VNQ,79,35,1
NN_v1,2,EQUAL_WEIGHT,2012-07-20,VAW,59,31,1
NN_v1,2,EQUAL_WEIGHT,2012-07-27,VDE,74,35,2
NN_v1,2,EQUAL_WEIGHT,2012-07-27,VFH,84,44,1
NN_v1,2,EQUAL_WEIGHT,2012-08-03,VDE,75,36,3
NN_v1,2,EQUAL_WEIGHT,2012-08-03,VFH,85,45,2
NN_v1,2,EQUAL_WEIGHT,2012-08-10,VDE,76,37,4
NN_v1,2,EQUAL_WEIGHT,2012-08-10,VAW,60,32,2
NN_v1,2,EQUAL_WEIGHT,2012-08-17,VDE,77,37,0
NN_v1,2,EQUAL_WEIGHT,2012-08-17,VGT,32,19,0
NN_v1,2,EQUAL_WEIGHT,2012-08-24,VDE,78,37,0
NN_v1,2,EQUAL_WEIGHT,2012-08-24,VAW,61,32,0
NN_v1,2,EQUAL_WEIGHT,2012-08-31,VGT,33,20,1
NN_v1,2,EQUAL_WEIGHT,2012-08-31,VCR,17,11,2
NN_v1,2,EQUAL_WEIGHT,2012-09-07,VCR,18,12,3
NN_v1,2,EQUAL_WEIGHT,2012-09-07,VDE,79,38,1
NN_v1,2,EQUAL_WEIGHT,2012-09-14,VPU,43,21,0
NN_v1,2,EQUAL_WEIGHT,2012-09-14,VFH,86,45,0
NN_v1,2,EQUAL_WEIGHT,2012-09-21,VAW,62,32,0
NN_v1,2,EQUAL_WEIGHT,2012-09-21,VCR,19,12,0
NN_v1,2,EQUAL_WEIGHT,2012-09-28,VCR,20,13,1
NN_v1,2,EQUAL_WEIGHT,2012-09-28,VAW,63,33,1
NN_v1,2,EQUAL_WEIGHT,2012-10-05,VFH,87,45,0
NN_v1,2,EQUAL_WEIGHT,2012-10-05,VAW,64,33,0
NN_v1,2,EQUAL_WEIGHT,2012-10-12,VOX,25,17,0
NN_v1,2,EQUAL_WEIGHT,2012-10-12,VFH,88,46,1
NN_v1,2,EQUAL_WEIGHT,2012-10-19,VGT,34,20,0
NN_v1,2,EQUAL_WEIGHT,2012-10-19,VFH,89,46,0
NN_v1,2,EQUAL_WEIGHT,2012-10-26,VHT,31,21,0
NN_v1,2,EQUAL_WEIGHT,2012-10-26,VFH,90,47,1
NN_v1,2,EQUAL_WEIGHT,2012-11-02,VFH,91,47,0
NN_v1,2,EQUAL_WEIGHT,2012-11-02,VIS,26,15,0
NN_v1,2,EQUAL_WEIGHT,2012-11-09,VAW,65,33,0
NN_v1,2,EQUAL_WEIGHT,2012-11-09,VFH,92,47,0
NN_v1,2,EQUAL_WEIGHT,2012-11-16,VFH,93,48,1
NN_v1,2,EQUAL_WEIGHT,2012-11-16,VAW,66,34,1
NN_v1,2,EQUAL_WEIGHT,2012-11-23,VPU,44,22,1
NN_v1,2,EQUAL_WEIGHT,2012-11-23,VAW,67,35,2
NN_v1,2,EQUAL_WEIGHT,2012-11-30,VCR,21,13,0
NN_v1,2,EQUAL_WEIGHT,2012-11-30,VAW,68,35,0
NN_v1,2,EQUAL_WEIGHT,2012-12-07,VCR,22,13,0
NN_v1,2,EQUAL_WEIGHT,2012-12-07,VIS,27,16,1
NN_v1,2,EQUAL_WEIGHT,2012-12-14,VIS,28,16,0
NN_v1,2,EQUAL_WEIGHT,2012-12-14,VAW,69,35,0
NN_v1,2,EQUAL_WEIGHT,2012-12-21,VGT,35,20,0
NN_v1,2,EQUAL_WEIGHT,2012-12-21,VNQ,80,35,0
NN_v1,2,EQUAL_WEIGHT,2012-12-28,VFH,94,49,2
NN_v1,2,EQUAL_WEIGHT,2012-12-28,VIS,29,17,1
NN_v1,2,EQUAL_WEIGHT,2013-01-04,VFH,95,50,3
NN_v1,2,EQUAL_WEIGHT,2013-01-04,VDE,80,39,2
NN_v1,2,EQUAL_WEIGHT,2013-01-11,VIS,30,18,2
NN_v1,2,EQUAL_WEIGHT,2013-01-11,VFH,96,51,4
NN_v1,2,EQUAL_WEIGHT,2013-01-18,VIS,31,19,3
NN_v1,2,EQUAL_WEIGHT,2013-01-18,VAW,70,36,1
NN_v1,2,EQUAL_WEIGHT,2013-01-25,VDE,81,40,3
NN_v1,2,EQUAL_WEIGHT,2013-01-25,VIS,32,19,0
NN_v1,2,EQUAL_WEIGHT,2013-02-01,VDE,82,41,4
NN_v1,2,EQUAL_WEIGHT,2013-02-01,VIS,33,20,1
NN_v1,2,EQUAL_WEIGHT,2013-02-08,VDE,83,41,0
NN_v1,2,EQUAL_WEIGHT,2013-02-08,VIS,34,21,2
NN_v1,2,EQUAL_WEIGHT,2013-02-15,VFH,97,51,0
NN_v1,2,EQUAL_WEIGHT,2013-02-15,VIS,35,21,0
NN_v1,2,EQUAL_WEIGHT,2013-02-22,VDE,84,41,0
NN_v1,2,EQUAL_WEIGHT,2013-02-22,VIS,36,21,0
NN_v1,2,EQUAL_WEIGHT,2013-03-01,VIS,37,22,1
NN_v1,2,EQUAL_WEIGHT,2013-03-01,VHT,32,22,1
NN_v1,2,EQUAL_WEIGHT,2013-03-08,VIS,38,23,2
NN_v1,2,EQUAL_WEIGHT,2013-03-08,VCR,23,14,1
NN_v1,2,EQUAL_WEIGHT,2013-03-15,VFH,98,51,0
NN_v1,2,EQUAL_WEIGHT,2013-03-15,VPU,45,22,0
NN_v1,2,EQUAL_WEIGHT,2013-03-22,VFH,99,51,0
NN_v1,2,EQUAL_WEIGHT,2013-03-22,VHT,33,23,2
NN_v1,2,EQUAL_WEIGHT,2013-03-29,VCR,24,14,0
NN_v1,2,EQUAL_WEIGHT,2013-03-29,VPU,46,23,1
NN_v1,2,EQUAL_WEIGHT,2013-04-05,VAW,71,37,2
NN_v1,2,EQUAL_WEIGHT,2013-04-05,VGT,36,21,1
NN_v1,2,EQUAL_WEIGHT,2013-04-12,VAW,72,37,0
NN_v1,2,EQUAL_WEIGHT,2013-04-12,VFH,100,51,0
NN_v1,2,EQUAL_WEIGHT,2013-04-19,VIS,39,24,3
NN_v1,2,EQUAL_WEIGHT,2013-04-19,VGT,37,22,2
NN_v1,2,EQUAL_WEIGHT,2013-04-26,VAW,73,38,1
NN_v1,2,EQUAL_WEIGHT,2013-04-26,VIS,40,25,4
NN_v1,2,EQUAL_WEIGHT,2013-05-03,VOX,26,18,1
NN_v1,2,EQUAL_WEIGHT,2013-05-03,VGT,38,23,3
NN_v1,2,EQUAL_WEIGHT,2013-05-10,VCR,25,15,1
NN_v1,2,EQUAL_WEIGHT,2013-05-10,VGT,39,24,4
NN_v1,2,EQUAL_WEIGHT,2013-05-17,VOX,27,18,0
NN_v1,2,EQUAL_WEIGHT,2013-05-17,VGT,40,24,0
NN_v1,2,EQUAL_WEIGHT,2013-05-24,VOX,28,18,0
NN_v1,2,EQUAL_WEIGHT,2013-05-24,VNQ,81,35,0
NN_v1,2,EQUAL_WEIGHT,2013-05-31,VGT,41,24,0
NN_v1,2,EQUAL_WEIGHT,2013-05-31,VNQ,82,35,0
NN_v1,2,EQUAL_WEIGHT,2013-06-07,VNQ,83,35,0
NN_v1,2,EQUAL_WEIGHT,2013-06-07,VFH,101,51,0
NN_v1,2,EQUAL_WEIGHT,2013-06-14,VCR,26,15,0
NN_v1,2,EQUAL_WEIGHT,2013-06-14,VNQ,84,35,0
NN_v1,2,EQUAL_WEIGHT,2013-06-21,VCR,27,16,1
NN_v1,2,EQUAL_WEIGHT,2013-06-21,VNQ,85,36,1
NN_v1,2,EQUAL_WEIGHT,2013-06-28,VAW,74,39,2
NN_v1,2,EQUAL_WEIGHT,2013-06-28,VIS,41,26,5
NN_v1,2,EQUAL_WEIGHT,2013-07-05,VPU,47,24,2
NN_v1,2,EQUAL_WEIGHT,2013-07-05,VNQ,86,37,2
NN_v1,2,EQUAL_WEIGHT,2013-07-12,VNQ,87,38,3
NN_v1,2,EQUAL_WEIGHT,2013-07-12,VPU,48,25,3
NN_v1,2,EQUAL_WEIGHT,2013-07-19,VNQ,88,38,0
NN_v1,2,EQUAL_WEIGHT,2013-07-19,VPU,49,25,0
NN_v1,2,EQUAL_WEIGHT,2013-07-26,VOX,29,18,0
NN_v1,2,EQUAL_WEIGHT,2013-07-26,VNQ,89,38,0
NN_v1,2,EQUAL_WEIGHT,2013-08-02,VNQ,90,39,1
NN_v1,2,EQUAL_WEIGHT,2013-08-02,VPU,50,25,0
NN_v1,2,EQUAL_WEIGHT,2013-08-09,VNQ,91,39,0
NN_v1,2,EQUAL_WEIGHT,2013-08-09,VCR,28,16,0
NN_v1,2,EQUAL_WEIGHT,2013-08-16,VNQ,92,40,1
NN_v1,2,EQUAL_WEIGHT,2013-08-16,VIS,42,27,6
NN_v1,2,EQUAL_WEIGHT,2013-08-23,VNQ,93,40,0
NN_v1,2,EQUAL_WEIGHT,2013-08-23,VCR,29,16,0
NN_v1,2,EQUAL_WEIGHT,2013-08-30,VCR,30,17,1
NN_v1,2,EQUAL_WEIGHT,2013-08-30,VOX,30,18,0
NN_v1,2,EQUAL_WEIGHT,2013-09-06,VNQ,94,41,1
NN_v1,2,EQUAL_WEIGHT,2013-09-06,VPU,51,26,1
NN_v1,2,EQUAL_WEIGHT,2013-09-13,VNQ,95,42,2
NN_v1,2,EQUAL_WEIGHT,2013-09-13,VPU,52,27,2
NN_v1,2,EQUAL_WEIGHT,2013-09-20,VNQ,96,42,0
NN_v1,2,EQUAL_WEIGHT,2013-09-20,VIS,43,27,0
NN_v1,2,EQUAL_WEIGHT,2013-09-27,VNQ,97,42,0
NN_v1,2,EQUAL_WEIGHT,2013-09-27,VGT,42,25,1
NN_v1,2,EQUAL_WEIGHT,2013-10-04,VNQ,98,43,1
NN_v1,2,EQUAL_WEIGHT,2013-10-04,VAW,75,40,3
NN_v1,2,EQUAL_WEIGHT,2013-10-11,VNQ,99,44,2
NN_v1,2,EQUAL_WEIGHT,2013-10-11,VIS,44,28,1
NN_v1,2,EQUAL_WEIGHT,2013-10-18,VNQ,100,45,3
NN_v1,2,EQUAL_WEIGHT,2013-10-18,VOX,31,19,1
NN_v1,2,EQUAL_WEIGHT,2013-10-25,VNQ,101,45,0
NN_v1,2,EQUAL_WEIGHT,2013-10-25,VIS,45,29,2
NN_v1,2,EQUAL_WEIGHT,2013-11-01,VNQ,102,45,0
NN_v1,2,EQUAL_WEIGHT,2013-11-01,VOX,32,19,0
NN_v1,2,EQUAL_WEIGHT,2013-11-08,VNQ,103,46,1
NN_v1,2,EQUAL_WEIGHT,2013-11-08,VIS,46,30,3
NN_v1,2,EQUAL_WEIGHT,2013-11-15,VIS,47,31,4
NN_v1,2,EQUAL_WEIGHT,2013-11-15,VNQ,104,46,0
NN_v1,2,EQUAL_WEIGHT,2013-11-22,VNQ,105,46,0
NN_v1,2,EQUAL_WEIGHT,2013-11-22,VIS,48,32,5
NN_v1,2,EQUAL_WEIGHT,2013-11-29,VNQ,106,47,1
NN_v1,2,EQUAL_WEIGHT,2013-11-29,VPU,53,28,3
NN_v1,2,EQUAL_WEIGHT,2013-12-06,VNQ,107,47,0
NN_v1,2,EQUAL_WEIGHT,2013-12-06,VGT,43,25,0
NN_v1,2,EQUAL_WEIGHT,2013-12-13,VIS,49,33,6
NN_v1,2,EQUAL_WEIGHT,2013-12-13,VCR,31,18,2
NN_v1,2,EQUAL_WEIGHT,2013-12-20,VNQ,108,47,0
NN_v1,2,EQUAL_WEIGHT,2013-12-20,VGT,44,26,1
NN_v1,2,EQUAL_WEIGHT,2013-12-27,VNQ,109,48,1
NN_v1,2,EQUAL_WEIGHT,2013-12-27,VGT,45,26,0
NN_v1,2,EQUAL_WEIGHT,2014-01-03,VNQ,110,49,2
NN_v1,2,EQUAL_WEIGHT,2014-01-03,VPU,54,29,4
NN_v1,2,EQUAL_WEIGHT,2014-01-10,VNQ,111,50,3
NN_v1,2,EQUAL_WEIGHT,2014-01-10,VOX,33,20,1
NN_v1,2,EQUAL_WEIGHT,2014-01-17,VNQ,112,50,0
NN_v1,2,EQUAL_WEIGHT,2014-01-17,VOX,34,20,0
NN_v1,2,EQUAL_WEIGHT,2014-01-24,VOX,35,20,0
NN_v1,2,EQUAL_WEIGHT,2014-01-24,VFH,102,51,0
NN_v1,2,EQUAL_WEIGHT,2014-01-31,VIS,50,34,7
NN_v1,2,EQUAL_WEIGHT,2014-01-31,VFH,103,52,1
NN_v1,2,EQUAL_WEIGHT,2014-02-07,VOX,36,21,1
NN_v1,2,EQUAL_WEIGHT,2014-02-07,VGT,46,27,1
NN_v1,2,EQUAL_WEIGHT,2014-02-14,VOX,37,22,2
NN_v1,2,EQUAL_WEIGHT,2014-02-14,VDE,85,42,1
NN_v1,2,EQUAL_WEIGHT,2014-02-21,VFH,104,53,2
NN_v1,2,EQUAL_WEIGHT,2014-02-21,VCR,32,19,3
NN_v1,2,EQUAL_WEIGHT,2014-02-28,VOX,38,23,3
NN_v1,2,EQUAL_WEIGHT,2014-02-28,VDC,15,6,1
NN_v1,2,EQUAL_WEIGHT,2014-03-07,VOX,39,23,0
NN_v1,2,EQUAL_WEIGHT,2014-03-07,VCR,33,19,0
NN_v1,2,EQUAL_WEIGHT,2014-03-14,VCR,34,19,0
NN_v1,2,EQUAL_WEIGHT,2014-03-14,VDC,16,6,0
NN_v1,2,EQUAL_WEIGHT,2014-03-21,VCR,35,19,0
NN_v1,2,EQUAL_WEIGHT,2014-03-21,VAW,76,40,0
NN_v1,2,EQUAL_WEIGHT,2014-03-28,VAW,77,41,1
NN_v1,2,EQUAL_WEIGHT,2014-03-28,VFH,105,53,0
NN_v1,2,EQUAL_WEIGHT,2014-04-04,VFH,106,53,0
NN_v1,2,EQUAL_WEIGHT,2014-04-04,VGT,47,27,0
NN_v1,2,EQUAL_WEIGHT,2014-04-11,VOX,40,24,1
NN_v1,2,EQUAL_WEIGHT,2014-04-11,VIS,51,35,8
NN_v1,2,EQUAL_WEIGHT,2014-04-18,VCR,36,19,0
NN_v1,2,EQUAL_WEIGHT,2014-04-18,VHT,34,24,3
NN_v1,2,EQUAL_WEIGHT,2014-04-25,VFH,107,54,1
NN_v1,2,EQUAL_WEIGHT,2014-04-25,VIS,52,36,9
NN_v1,2,EQUAL_WEIGHT,2014-05-02,VIS,53,37,10
NN_v1,2,EQUAL_WEIGHT,2014-05-02,VGT,48,27,0
NN_v1,2,EQUAL_WEIGHT,2014-05-09,VIS,54,37,0
NN_v1,2,EQUAL_WEIGHT,2014-05-09,VHT,35,25,4
NN_v1,2,EQUAL_WEIGHT,2014-05-16,VHT,36,26,5
NN_v1,2,EQUAL_WEIGHT,2014-05-16,VGT,49,28,1
NN_v1,2,EQUAL_WEIGHT,2014-05-23,VOX,41,25,2
NN_v1,2,EQUAL_WEIGHT,2014-05-23,VCR,37,20,1
NN_v1,2,EQUAL_WEIGHT,2014-05-30,VHT,37,27,6
NN_v1,2,EQUAL_WEIGHT,2014-05-30,VGT,50,29,2
NN_v1,2,EQUAL_WEIGHT,2014-06-06,VHT,38,27,0
NN_v1,2,EQUAL_WEIGHT,2014-06-06,VCR,38,20,0
NN_v1,2,EQUAL_WEIGHT,2014-06-13,VHT,39,28,1
NN_v1,2,EQUAL_WEIGHT,2014-06-13,VFH,108,55,2
NN_v1,2,EQUAL_WEIGHT,2014-06-20,VCR,39,21,1
NN_v1,2,EQUAL_WEIGHT,2014-06-20,VFH,109,55,0
NN_v1,2,EQUAL_WEIGHT,2014-06-27,VFH,110,56,1
NN_v1,2,EQUAL_WEIGHT,2014-06-27,VHT,40,29,2
NN_v1,2,EQUAL_WEIGHT,2014-07-04,VPU,55,30,5
NN_v1,2,EQUAL_WEIGHT,2014-07-04,VOX,42,25,0
NN_v1,2,EQUAL_WEIGHT,2014-07-11,VPU,56,30,0
NN_v1,2,EQUAL_WEIGHT,2014-07-11,VCR,40,21,0
NN_v1,2,EQUAL_WEIGHT,2014-07-18,VCR,41,21,0
NN_v1,2,EQUAL_WEIGHT,2014-07-18,VHT,41,30,3
NN_v1,2,EQUAL_WEIGHT,2014-07-25,VOX,43,25,0
NN_v1,2,EQUAL_WEIGHT,2014-07-25,VCR,42,21,0
NN_v1,2,EQUAL_WEIGHT,2014-08-01,VNQ,113,50,0
NN_v1,2,EQUAL_WEIGHT,2014-08-01,VCR,43,22,1
NN_v1,2,EQUAL_WEIGHT,2014-08-08,VAW,78,42,2
NN_v1,2,EQUAL_WEIGHT,2014-08-08,VNQ,114,51,1
NN_v1,2,EQUAL_WEIGHT,2014-08-15,VOX,44,25,0
NN_v1,2,EQUAL_WEIGHT,2014-08-15,VIS,55,38,1
NN_v1,2,EQUAL_WEIGHT,2014-08-22,VDE,86,43,2
NN_v1,2,EQUAL_WEIGHT,2014-08-22,VOX,45,26,1
NN_v1,2,EQUAL_WEIGHT,2014-08-29,VPU,57,31,1
NN_v1,2,EQUAL_WEIGHT,2014-08-29,VFH,111,57,2
NN_v1,2,EQUAL_WEIGHT,2014-09-05,VIS,56,38,0
NN_v1,2,EQUAL_WEIGHT,2014-09-05,VDE,87,43,0
NN_v1,2,EQUAL_WEIGHT,2014-09-12,VFH,112,58,3
NN_v1,2,EQUAL_WEIGHT,2014-09-12,VIS,57,39,1
NN_v1,2,EQUAL_WEIGHT,2014-09-19,VPU,58,31,0
NN_v1,2,EQUAL_WEIGHT,2014-09-19,VDE,88,43,0
NN_v1,2,EQUAL_WEIGHT,2014-09-26,VNQ,115,52,2
NN_v1,2,EQUAL_WEIGHT,2014-09-26,VIS,58,39,0
NN_v1,2,EQUAL_WEIGHT,2014-10-03,VOX,46,26,0
NN_v1,2,EQUAL_WEIGHT,2014-10-03,VFH,113,58,0
NN_v1,2,EQUAL_WEIGHT,2014-10-10,VOX,47,27,1
NN_v1,2,EQUAL_WEIGHT,2014-10-10,VDE,89,43,0
NN_v1,2,EQUAL_WEIGHT,2014-10-17,VDE,90,44,1
NN_v1,2,EQUAL_WEIGHT,2014-10-17,VFH,114,59,1
NN_v1,2,EQUAL_WEIGHT,2014-10-24,VDE,91,45,2
NN_v1,2,EQUAL_WEIGHT,2014-10-24,VOX,48,28,2
NN_v1,2,EQUAL_WEIGHT,2014-10-31,VDE,92,46,3
NN_v1,2,EQUAL_WEIGHT,2014-10-31,VIS,59,40,1
NN_v1,2,EQUAL_WEIGHT,2014-11-07,VDE,93,46,0
NN_v1,2,EQUAL_WEIGHT,2014-11-07,VAW,79,43,3
NN_v1,2,EQUAL_WEIGHT,2014-11-14,VDE,94,47,1
NN_v1,2,EQUAL_WEIGHT,2014-11-14,VHT,42,31,4
NN_v1,2,EQUAL_WEIGHT,2014-11-21,VDE,95,47,0
NN_v1,2,EQUAL_WEIGHT,2014-11-21,VGT,51,30,3
NN_v1,2,EQUAL_WEIGHT,2014-11-28,VDE,96,48,1
NN_v1,2,EQUAL_WEIGHT,2014-11-28,VAW,80,44,4
NN_v1,2,EQUAL_WEIGHT,2014-12-05,VDE,97,48,0
NN_v1,2,EQUAL_WEIGHT,2014-12-05,VAW,81,44,0
NN_v1,2,EQUAL_WEIGHT,2014-12-12,VDE,98,49,1
NN_v1,2,EQUAL_WEIGHT,2014-12-12,VCR,44,22,0
NN_v1,2,EQUAL_WEIGHT,2014-12-19,VAW,82,45,1
NN_v1,2,EQUAL_WEIGHT,2014-12-19,VDE,99,49,0
NN_v1,2,EQUAL_WEIGHT,2014-12-26,VDE,100,49,0
NN_v1,2,EQUAL_WEIGHT,2014-12-26,VAW,83,45,0
NN_v1,2,EQUAL_WEIGHT,2015-01-02,VAW,84,45,0
NN_v1,2,EQUAL_WEIGHT,2015-01-02,VDC,17,7,1
NN_v1,2,EQUAL_WEIGHT,2015-01-09,VDE,101,49,0
NN_v1,2,EQUAL_WEIGHT,2015-01-09,VPU,59,32,1
NN_v1,2,EQUAL_WEIGHT,2015-01-16,VDE,102,50,1
NN_v1,2,EQUAL_WEIGHT,2015-01-16,VAW,85,45,0
NN_v1,2,EQUAL_WEIGHT,2015-01-23,VDE,103,50,0
NN_v1,2,EQUAL_WEIGHT,2015-01-23,VAW,86,45,0
NN_v1,2,EQUAL_WEIGHT,2015-01-30,VCR,45,23,1
NN_v1,2,EQUAL_WEIGHT,2015-01-30,VGT,52,31,4
NN_v1,2,EQUAL_WEIGHT,2015-02-06,VDE,104,51,1
NN_v1,2,EQUAL_WEIGHT,2015-02-06,VOX,49,29,3
NN_v1,2,EQUAL_WEIGHT,2015-02-13,VPU,60,33,2
NN_v1,2,EQUAL_WEIGHT,2015-02-13,VDE,105,51,0
NN_v1,2,EQUAL_WEIGHT,2015-02-20,VOX,50,30,4
NN_v1,2,EQUAL_WEIGHT,2015-02-20,VDE,106,51,0
NN_v1,2,EQUAL_WEIGHT,2015-02-27,VDE,107,51,0
NN_v1,2,EQUAL_WEIGHT,2015-02-27,VOX,51,30,0
NN_v1,2,EQUAL_WEIGHT,2015-03-06,VGT,53,31,0
NN_v1,2,EQUAL_WEIGHT,2015-03-06,VPU,61,34,3
NN_v1,2,EQUAL_WEIGHT,2015-03-13,VIS,60,41,2
NN_v1,2,EQUAL_WEIGHT,2015-03-13,VGT,54,32,1
NN_v1,2,EQUAL_WEIGHT,2015-03-20,VDE,108,51,0
NN_v1,2,EQUAL_WEIGHT,2015-03-20,VGT,55,32,0
NN_v1,2,EQUAL_WEIGHT,2015-03-27,VOX,52,31,1
NN_v1,2,EQUAL_WEIGHT,2015-03-27,VFH,115,60,2
NN_v1,2,EQUAL_WEIGHT,2015-04-03,VGT,56,33,1
NN_v1,2,EQUAL_WEIGHT,2015-04-03,VFH,116,61,3
NN_v1,2,EQUAL_WEIGHT,2015-04-10,VPU,62,34,0
NN_v1,2,EQUAL_WEIGHT,2015-04-10,VNQ,116,52,0
NN_v1,2,EQUAL_WEIGHT,2015-04-17,VPU,63,35,1
NN_v1,2,EQUAL_WEIGHT,2015-04-17,VOX,53,32,2
NN_v1,2,EQUAL_WEIGHT,2015-04-24,VPU,64,35,0
NN_v1,2,EQUAL_WEIGHT,2015-04-24,VNQ,117,52,0
NN_v1,2,EQUAL_WEIGHT,2015-05-01,VPU,65,35,0
NN_v1,2,EQUAL_WEIGHT,2015-05-01,VDE,109,51,0
NN_v1,2,EQUAL_WEIGHT,2015-05-08,VGT,57,34,2
NN_v1,2,EQUAL_WEIGHT,2015-05-08,VOX,54,33,3
NN_v1,2,EQUAL_WEIGHT,2015-05-15,VGT,58,35,3
NN_v1,2,EQUAL_WEIGHT,2015-05-15,VOX,55,33,0
NN_v1,2,EQUAL_WEIGHT,2015-05-22,VAW,87,45,0
NN_v1,2,EQUAL_WEIGHT,2015-05-22,VNQ,118,52,0
NN_v1,2,EQUAL_WEIGHT,2015-05-29,VGT,59,35,0
NN_v1,2,EQUAL_WEIGHT,2015-05-29,VDE,110,51,0
NN_v1,2,EQUAL_WEIGHT,2015-06-05,VHT,43,31,0
NN_v1,2,EQUAL_WEIGHT,2015-06-05,VPU,66,35,0
NN_v1,2,EQUAL_WEIGHT,2015-06-12,VPU,67,36,1
NN_v1,2,EQUAL_WEIGHT,2015-06-12,VNQ,119,53,1
NN_v1,2,EQUAL_WEIGHT,2015-06-19,VNQ,120,53,0
NN_v1,2,EQUAL_WEIGHT,2015-06-19,VPU,68,36,0
NN_v1,2,EQUAL_WEIGHT,2015-06-26,VNQ,121,54,1
NN_v1,2,EQUAL_WEIGHT,2015-06-26,VPU,69,37,1
NN_v1,2,EQUAL_WEIGHT,2015-07-03,VDC,18,8,2
NN_v1,2,EQUAL_WEIGHT,2015-07-03,VOX,56,33,0
NN_v1,2,EQUAL_WEIGHT,2015-07-10,VOX,57,34,1
NN_v1,2,EQUAL_WEIGHT,2015-07-10,VPU,70,38,2
NN_v1,2,EQUAL_WEIGHT,2015-07-17,VDE,111,51,0
NN_v1,2,EQUAL_WEIGHT,2015-07-17,VAW,88,45,0
NN_v1,2,EQUAL_WEIGHT,2015-07-24,VAW,89,46,1
NN_v1,2,EQUAL_WEIGHT,2015-07-24,VDE,112,52,1
NN_v1,2,EQUAL_WEIGHT,2015-07-31,VDE,113,52,0
NN_v1,2,EQUAL_WEIGHT,2015-07-31,VAW,90,46,0
NN_v1,2,EQUAL_WEIGHT,2015-08-07,VDE,114,53,1
NN_v1,2,EQUAL_WEIGHT,2015-08-07,VGT,60,35,0
NN_v1,2,EQUAL_WEIGHT,2015-08-14,VAW,91,46,0
NN_v1,2,EQUAL_WEIGHT,2015-08-14,VHT,44,31,0
NN_v1,2,EQUAL_WEIGHT,2015-08-21,VDE,115,54,2
NN_v1,2,EQUAL_WEIGHT,2015-08-21,VOX,58,34,0
NN_v1,2,EQUAL_WEIGHT,2015-08-28,VNQ,122,54,0
NN_v1,2,EQUAL_WEIGHT,2015-08-28,VFH,117,61,0
NN_v1,2,EQUAL_WEIGHT,2015-09-04,VCR,46,24,2
NN_v1,2,EQUAL_WEIGHT,2015-09-04,VOX,59,35,1
NN_v1,2,EQUAL_WEIGHT,2015-09-11,VPU,71,39,3
NN_v1,2,EQUAL_WEIGHT,2015-09-11,VDE,116,55,3
NN_v1,2,EQUAL_WEIGHT,2015-09-18,VGT,61,35,0
NN_v1,2,EQUAL_WEIGHT,2015-09-18,VCR,47,24,0
NN_v1,2,EQUAL_WEIGHT,2015-09-25,VHT,45,32,1
NN_v1,2,EQUAL_WEIGHT,2015-09-25,VAW,92,47,1
NN_v1,2,EQUAL_WEIGHT,2015-10-02,VGT,62,36,1
NN_v1,2,EQUAL_WEIGHT,2015-10-02,VHT,46,32,0
NN_v1,2,EQUAL_WEIGHT,2015-10-09,VHT,47,33,1
NN_v1,2,EQUAL_WEIGHT,2015-10-09,VGT,63,37,2
NN_v1,2,EQUAL_WEIGHT,2015-10-16,VHT,48,33,0
NN_v1,2,EQUAL_WEIGHT,2015-10-16,VAW,93,48,2
NN_v1,2,EQUAL_WEIGHT,2015-10-23,VDE,117,55,0
NN_v1,2,EQUAL_WEIGHT,2015-10-23,VHT,49,34,1
NN_v1,2,EQUAL_WEIGHT,2015-10-30,VDE,118,56,1
NN_v1,2,EQUAL_WEIGHT,2015-10-30,VAW,94,48,0
NN_v1,2,EQUAL_WEIGHT,2015-11-06,VPU,72,40,4
NN_v1,2,EQUAL_WEIGHT,2015-11-06,VFH,118,61,0
NN_v1,2,EQUAL_WEIGHT,2015-11-13,VIS,61,42,3
NN_v1,2,EQUAL_WEIGHT,2015-11-13,VAW,95,49,1
NN_v1,2,EQUAL_WEIGHT,2015-11-20,VHT,50,35,2
NN_v1,2,EQUAL_WEIGHT,2015-11-20,VDE,119,57,2
NN_v1,2,EQUAL_WEIGHT,2015-11-27,VHT,51,35,0
NN_v1,2,EQUAL_WEIGHT,2015-11-27,VDE,120,57,0
NN_v1,2,EQUAL_WEIGHT,2015-12-04,VDE,121,57,0
NN_v1,2,EQUAL_WEIGHT,2015-12-04,VHT,52,35,0
NN_v1,2,EQUAL_WEIGHT,2015-12-11,VCR,48,24,0
NN_v1,2,EQUAL_WEIGHT,2015-12-11,VDC,19,9,3
NN_v1,2,EQUAL_WEIGHT,2015-12-18,VDE,122,58,1
NN_v1,2,EQUAL_WEIGHT,2015-12-18,VCR,49,25,1
NN_v1,2,EQUAL_WEIGHT,2015-12-25,VDE,123,58,0
NN_v1,2,EQUAL_WEIGHT,2015-12-25,VGT,64,37,0
NN_v1,2,EQUAL_WEIGHT,2016-01-01,VGT,65,37,0
NN_v1,2,EQUAL_WEIGHT,2016-01-01,VDE,124,58,0
NN_v1,2,EQUAL_WEIGHT,2016-01-08,VDE,125,58,0
NN_v1,2,EQUAL_WEIGHT,2016-01-08,VIS,62,42,0
NN_v1,2,EQUAL_WEIGHT,2016-01-15,VDE,126,59,1
NN_v1,2,EQUAL_WEIGHT,2016-01-15,VFH,119,61,0
NN_v1,2,EQUAL_WEIGHT,2016-01-22,VFH,120,62,1
NN_v1,2,EQUAL_WEIGHT,2016-01-22,VAW,96,50,2
NN_v1,2,EQUAL_WEIGHT,2016-01-29,VHT,53,35,0
NN_v1,2,EQUAL_WEIGHT,2016-01-29,VCR,50,25,0
NN_v1,2,EQUAL_WEIGHT,2016-02-05,VGT,66,38,1
NN_v1,2,EQUAL_WEIGHT,2016-02-05,VCR,51,26,1
NN_v1,2,EQUAL_WEIGHT,2016-02-12,VNQ,123,55,1
NN_v1,2,EQUAL_WEIGHT,2016-02-12,VAW,97,51,3
NN_v1,2,EQUAL_WEIGHT,2016-02-19,VAW,98,52,4
NN_v1,2,EQUAL_WEIGHT,2016-02-19,VFH,121,63,2
NN_v1,2,EQUAL_WEIGHT,2016-02-26,VDE,127,60,2
NN_v1,2,EQUAL_WEIGHT,2016-02-26,VGT,67,39,2
NN_v1,2,EQUAL_WEIGHT,2016-03-04,VDE,128,61,3
NN_v1,2,EQUAL_WEIGHT,2016-03-04,VGT,68,40,3
NN_v1,2,EQUAL_WEIGHT,2016-03-11,VDE,129,62,4
NN_v1,2,EQUAL_WEIGHT,2016-03-11,VGT,69,41,4
NN_v1,2,EQUAL_WEIGHT,2016-03-18,VDE,130,62,0
NN_v1,2,EQUAL_WEIGHT,2016-03-18,VHT,54,36,1
NN_v1,2,EQUAL_WEIGHT,2016-03-25,VDE,131,62,0
NN_v1,2,EQUAL_WEIGHT,2016-03-25,VFH,122,64,3
NN_v1,2,EQUAL_WEIGHT,2016-04-01,VDE,132,63,1
NN_v1,2,EQUAL_WEIGHT,2016-04-01,VFH,123,64,0
NN_v1,2,EQUAL_WEIGHT,2016-04-08,VGT,70,42,5
NN_v1,2,EQUAL_WEIGHT,2016-04-08,VCR,52,27,2
NN_v1,2,EQUAL_WEIGHT,2016-04-15,VGT,71,42,0
NN_v1,2,EQUAL_WEIGHT,2016-04-15,VCR,53,28,3
NN_v1,2,EQUAL_WEIGHT,2016-04-22,VGT,72,42,0
NN_v1,2,EQUAL_WEIGHT,2016-04-22,VNQ,124,56,2
NN_v1,2,EQUAL_WEIGHT,2016-04-29,VHT,55,36,0
NN_v1,2,EQUAL_WEIGHT,2016-04-29,VFH,124,64,0
NN_v1,2,EQUAL_WEIGHT,2016-05-06,VDE,133,63,0
NN_v1,2,EQUAL_WEIGHT,2016-05-06,VFH,125,64,0
NN_v1,2,EQUAL_WEIGHT,2016-05-13,VDE,134,64,1
NN_v1,2,EQUAL_WEIGHT,2016-05-13,VHT,56,37,1
NN_v1,2,EQUAL_WEIGHT,2016-05-20,VNQ,125,57,3
NN_v1,2,EQUAL_WEIGHT,2016-05-20,VPU,73,41,5
NN_v1,2,EQUAL_WEIGHT,2016-05-27,VNQ,126,58,4
NN_v1,2,EQUAL_WEIGHT,2016-05-27,VFH,126,64,0
NN_v1,2,EQUAL_WEIGHT,2016-06-03,VDE,135,65,2
NN_v1,2,EQUAL_WEIGHT,2016-06-03,VFH,127,64,0
NN_v1,2,EQUAL_WEIGHT,2016-06-10,VFH,128,64,0
NN_v1,2,EQUAL_WEIGHT,2016-06-10,VDE,136,66,3
NN_v1,2,EQUAL_WEIGHT,2016-06-17,VGT,73,42,0
NN_v1,2,EQUAL_WEIGHT,2016-06-17,VFH,129,64,0
NN_v1,2,EQUAL_WEIGHT,2016-06-24,VAW,99,53,5
NN_v1,2,EQUAL_WEIGHT,2016-06-24,VFH,130,65,1
NN_v1,2,EQUAL_WEIGHT,2016-07-01,VAW,100,54,6
NN_v1,2,EQUAL_WEIGHT,2016-07-01,VGT,74,43,1
NN_v1,2,EQUAL_WEIGHT,2016-07-08,VDE,137,67,4
NN_v1,2,EQUAL_WEIGHT,2016-07-08,VNQ,127,59,5
NN_v1,2,EQUAL_WEIGHT,2016-07-15,VNQ,128,60,6
NN_v1,2,EQUAL_WEIGHT,2016-07-15,VPU,74,42,6
NN_v1,2,EQUAL_WEIGHT,2016-07-22,VDE,138,67,0
NN_v1,2,EQUAL_WEIGHT,2016-07-22,VIS,63,42,0
NN_v1,2,EQUAL_WEIGHT,2016-07-29,VDE,139,68,1
NN_v1,2,EQUAL_WEIGHT,2016-07-29,VAW,101,55,7
NN_v1,2,EQUAL_WEIGHT,2016-08-05,VOX,60,35,0
NN_v1,2,EQUAL_WEIGHT,2016-08-05,VNQ,129,60,0
NN_v1,2,EQUAL_WEIGHT,2016-08-12,VFH,131,66,2
NN_v1,2,EQUAL_WEIGHT,2016-08-12,VNQ,130,60,0
NN_v1,2,EQUAL_WEIGHT,2016-08-19,VOX,61,36,1
NN_v1,2,EQUAL_WEIGHT,2016-08-19,VNQ,131,60,0
NN_v1,2,EQUAL_WEIGHT,2016-08-26,VPU,75,43,7
NN_v1,2,EQUAL_WEIGHT,2016-08-26,VDE,140,68,0
NN_v1,2,EQUAL_WEIGHT,2016-09-02,VDE,141,69,1
NN_v1,2,EQUAL_WEIGHT,2016-09-02,VPU,76,43,0
NN_v1,2,EQUAL_WEIGHT,2016-09-09,VOX,62,37,2
NN_v1,2,EQUAL_WEIGHT,2016-09-09,VIS,64,43,1
NN_v1,2,EQUAL_WEIGHT,2016-09-16,VDE,142,69,0
NN_v1,2,EQUAL_WEIGHT,2016-09-16,VNQ,132,61,1
NN_v1,2,EQUAL_WEIGHT,2016-09-23,VDE,143,70,1
NN_v1,2,EQUAL_WEIGHT,2016-09-23,VOX,63,37,0
NN_v1,2,EQUAL_WEIGHT,2016-09-30,VPU,77,43,0
NN_v1,2,EQUAL_WEIGHT,2016-09-30,VOX,64,37,0
NN_v1,2,EQUAL_WEIGHT,2016-10-07,VNQ,133,62,2
NN_v1,2,EQUAL_WEIGHT,2016-10-07,VPU,78,44,1
NN_v1,2,EQUAL_WEIGHT,2016-10-14,VIS,65,43,0
NN_v1,2,EQUAL_WEIGHT,2016-10-14,VHT,57,38,2
NN_v1,2,EQUAL_WEIGHT,2016-10-21,VOX,65,37,0
NN_v1,2,EQUAL_WEIGHT,2016-10-21,VPU,79,45,2
NN_v1,2,EQUAL_WEIGHT,2016-10-28,VNQ,134,62,0
NN_v1,2,EQUAL_WEIGHT,2016-10-28,VHT,58,38,0
NN_v1,2,EQUAL_WEIGHT,2016-11-04,VDE,144,71,2
NN_v1,2,EQUAL_WEIGHT,2016-11-04,VFH,132,67,3
NN_v1,2,EQUAL_WEIGHT,2016-11-11,VNQ,135,63,1
NN_v1,2,EQUAL_WEIGHT,2016-11-11,VPU,80,46,3
NN_v1,2,EQUAL_WEIGHT,2016-11-18,VNQ,136,64,2
NN_v1,2,EQUAL_WEIGHT,2016-11-18,VPU,81,47,4
NN_v1,2,EQUAL_WEIGHT,2016-11-25,VHT,59,38,0
NN_v1,2,EQUAL_WEIGHT,2016-11-25,VNQ,137,64,0
NN_v1,2,EQUAL_WEIGHT,2016-12-02,VHT,60,39,1
NN_v1,2,EQUAL_WEIGHT,2016-12-02,VOX,66,38,1
NN_v1,2,EQUAL_WEIGHT,2016-12-09,VHT,61,40,2
NN_v1,2,EQUAL_WEIGHT,2016-12-09,VNQ,138,64,0
NN_v1,2,EQUAL_WEIGHT,2016-12-16,VNQ,139,64,0
NN_v1,2,EQUAL_WEIGHT,2016-12-16,VOX,67,39,2
NN_v1,2,EQUAL_WEIGHT,2016-12-23,VNQ,140,65,1
NN_v1,2,EQUAL_WEIGHT,2016-12-23,VHT,62,40,0
NN_v1,2,EQUAL_WEIGHT,2016-12-30,VHT,63,41,1
NN_v1,2,EQUAL_WEIGHT,2016-12-30,VCR,54,29,4
NN_v1,2,EQUAL_WEIGHT,2017-01-06,VHT,64,42,2
NN_v1,2,EQUAL_WEIGHT,2017-01-06,VPU,82,47,0
NN_v1,2,EQUAL_WEIGHT,2017-01-13,VNQ,141,66,2
NN_v1,2,EQUAL_WEIGHT,2017-01-13,VHT,65,42,0
NN_v1,2,EQUAL_WEIGHT,2017-01-20,VNQ,142,66,0
NN_v1,2,EQUAL_WEIGHT,2017-01-20,VGT,75,44,2
NN_v1,2,EQUAL_WEIGHT,2017-01-27,VHT,66,43,1
NN_v1,2,EQUAL_WEIGHT,2017-01-27,VNQ,143,67,1
NN_v1,2,EQUAL_WEIGHT,2017-02-03,VAW,102,56,8
NN_v1,2,EQUAL_WEIGHT,2017-02-03,VHT,67,44,2
NN_v1,2,EQUAL_WEIGHT,2017-02-10,VAW,103,56,0
NN_v1,2,EQUAL_WEIGHT,2017-02-10,VDE,145,71,0
NN_v1,2,EQUAL_WEIGHT,2017-02-17,VDE,146,71,0
NN_v1,2,EQUAL_WEIGHT,2017-02-17,VOX,68,40,3
NN_v1,2,EQUAL_WEIGHT,2017-02-24,VDE,147,72,1
NN_v1,2,EQUAL_WEIGHT,2017-02-24,VOX,69,40,0
NN_v1,2,EQUAL_WEIGHT,2017-03-03,VDE,148,72,0
NN_v1,2,EQUAL_WEIGHT,2017-03-03,VOX,70,40,0
NN_v1,2,EQUAL_WEIGHT,2017-03-10,VOX,71,41,1
NN_v1,2,EQUAL_WEIGHT,2017-03-10,VNQ,144,68,2
NN_v1,2,EQUAL_WEIGHT,2017-03-17,VNQ,145,68,0
NN_v1,2,EQUAL_WEIGHT,2017-03-17,VFH,133,67,0
NN_v1,2,EQUAL_WEIGHT,2017-03-24,VDE,149,73,1
NN_v1,2,EQUAL_WEIGHT,2017-03-24,VFH,134,68,1
NN_v1,2,EQUAL_WEIGHT,2017-03-31,VOX,72,42,2
NN_v1,2,EQUAL_WEIGHT,2017-03-31,VFH,135,68,0
NN_v1,2,EQUAL_WEIGHT,2017-04-07,VOX,73,43,3
NN_v1,2,EQUAL_WEIGHT,2017-04-07,VFH,136,68,0
NN_v1,2,EQUAL_WEIGHT,2017-04-14,VDE,150,73,0
NN_v1,2,EQUAL_WEIGHT,2017-04-14,VOX,74,43,0
NN_v1,2,EQUAL_WEIGHT,2017-04-21,VDE,151,73,0
NN_v1,2,EQUAL_WEIGHT,2017-04-21,VFH,137,68,0
NN_v1,2,EQUAL_WEIGHT,2017-04-28,VDE,152,73,0
NN_v1,2,EQUAL_WEIGHT,2017-04-28,VOX,75,43,0
NN_v1,2,EQUAL_WEIGHT,2017-05-05,VFH,138,68,0
NN_v1,2,EQUAL_WEIGHT,2017-05-05,VNQ,146,68,0
NN_v1,2,EQUAL_WEIGHT,2017-05-12,VOX,76,43,0
NN_v1,2,EQUAL_WEIGHT,2017-05-12,VFH,139,68,0
NN_v1,2,EQUAL_WEIGHT,2017-05-19,VOX,77,44,1
NN_v1,2,EQUAL_WEIGHT,2017-05-19,VFH,140,69,1
NN_v1,2,EQUAL_WEIGHT,2017-05-26,VFH,141,69,0
NN_v1,2,EQUAL_WEIGHT,2017-05-26,VDE,153,73,0
NN_v1,2,EQUAL_WEIGHT,2017-06-02,VDE,154,74,1
NN_v1,2,EQUAL_WEIGHT,2017-06-02,VFH,142,70,1
NN_v1,2,EQUAL_WEIGHT,2017-06-09,VDE,155,74,0
NN_v1,2,EQUAL_WEIGHT,2017-06-09,VFH,143,71,2
NN_v1,2,EQUAL_WEIGHT,2017-06-16,VDE,156,74,0
NN_v1,2,EQUAL_WEIGHT,2017-06-16,VGT,76,45,3
NN_v1,2,EQUAL_WEIGHT,2017-06-23,VFH,144,72,3
NN_v1,2,EQUAL_WEIGHT,2017-06-23,VDE,157,75,1
NN_v1,2,EQUAL_WEIGHT,2017-06-30,VDE,158,75,0
NN_v1,2,EQUAL_WEIGHT,2017-06-30,VNQ,147,68,0
NN_v1,2,EQUAL_WEIGHT,2017-07-07,VPU,83,48,1
NN_v1,2,EQUAL_WEIGHT,2017-07-07,VGT,77,46,4
NN_v1,2,EQUAL_WEIGHT,2017-07-14,VDE,159,75,0
NN_v1,2,EQUAL_WEIGHT,2017-07-14,VOX,78,45,2
NN_v1,2,EQUAL_WEIGHT,2017-07-21,VFH,145,73,4
NN_v1,2,EQUAL_WEIGHT,2017-07-21,VDE,160,76,1
NN_v1,2,EQUAL_WEIGHT,2017-07-28,VDE,161,76,0
NN_v1,2,EQUAL_WEIGHT,2017-07-28,VGT,78,46,0
NN_v1,2,EQUAL_WEIGHT,2017-08-04,VGT,79,46,0
NN_v1,2,EQUAL_WEIGHT,2017-08-04,VDE,162,76,0
NN_v1,2,EQUAL_WEIGHT,2017-08-11,VCR,55,29,0
NN_v1,2,EQUAL_WEIGHT,2017-08-11,VGT,80,46,0
NN_v1,2,EQUAL_WEIGHT,2017-08-18,VOX,79,46,3
NN_v1,2,EQUAL_WEIGHT,2017-08-18,VFH,146,74,5
NN_v1,2,EQUAL_WEIGHT,2017-08-25,VOX,80,47,4
NN_v1,2,EQUAL_WEIGHT,2017-08-25,VFH,147,74,0
NN_v1,2,EQUAL_WEIGHT,2017-09-01,VDE,163,77,1
NN_v1,2,EQUAL_WEIGHT,2017-09-01,VDC,20,10,4
NN_v1,2,EQUAL_WEIGHT,2017-09-08,VOX,81,48,5
NN_v1,2,EQUAL_WEIGHT,2017-09-08,VAW,104,57,1
NN_v1,2,EQUAL_WEIGHT,2017-09-15,VOX,82,49,6
NN_v1,2,EQUAL_WEIGHT,2017-09-15,VHT,68,44,0
NN_v1,2,EQUAL_WEIGHT,2017-09-22,VHT,69,45,1
NN_v1,2,EQUAL_WEIGHT,2017-09-22,VOX,83,49,0
NN_v1,2,EQUAL_WEIGHT,2017-09-29,VOX,84,50,1
NN_v1,2,EQUAL_WEIGHT,2017-09-29,VNQ,148,69,1
NN_v1,2,EQUAL_WEIGHT,2017-10-06,VDE,164,78,2
NN_v1,2,EQUAL_WEIGHT,2017-10-06,VDC,21,11,5
NN_v1,2,EQUAL_WEIGHT,2017-10-13,VOX,85,50,0
NN_v1,2,EQUAL_WEIGHT,2017-10-13,VFH,148,75,1
NN_v1,2,EQUAL_WEIGHT,2017-10-20,VOX,86,50,0
NN_v1,2,EQUAL_WEIGHT,2017-10-20,VFH,149,76,2
NN_v1,2,EQUAL_WEIGHT,2017-10-27,VOX,87,50,0
NN_v1,2,EQUAL_WEIGHT,2017-10-27,VNQ,149,70,2
NN_v1,2,EQUAL_WEIGHT,2017-11-03,VOX,88,50,0
NN_v1,2,EQUAL_WEIGHT,2017-11-03,VNQ,150,71,3
NN_v1,2,EQUAL_WEIGHT,2017-11-10,VOX,89,51,1
NN_v1,2,EQUAL_WEIGHT,2017-11-10,VFH,150,77,3
NN_v1,2,EQUAL_WEIGHT,2017-11-17,VFH,151,78,4
NN_v1,2,EQUAL_WEIGHT,2017-11-17,VOX,90,52,2
NN_v1,2,EQUAL_WEIGHT,2017-11-24,VOX,91,53,3
NN_v1,2,EQUAL_WEIGHT,2017-11-24,VDE,165,79,3
NN_v1,2,EQUAL_WEIGHT,2017-12-01,VOX,92,53,0
NN_v1,2,EQUAL_WEIGHT,2017-12-01,VNQ,151,71,0
NN_v1,2,EQUAL_WEIGHT,2017-12-08,VDE,166,79,0
NN_v1,2,EQUAL_WEIGHT,2017-12-08,VHT,70,46,2
NN_v1,2,EQUAL_WEIGHT,2017-12-15,VOX,93,54,1
NN_v1,2,EQUAL_WEIGHT,2017-12-15,VDE,167,80,1
NN_v1,2,EQUAL_WEIGHT,2017-12-22,VOX,94,54,0
NN_v1,2,EQUAL_WEIGHT,2017-12-22,VFH,152,78,0
NN_v1,2,EQUAL_WEIGHT,2017-12-29,VOX,95,54,0
NN_v1,2,EQUAL_WEIGHT,2017-12-29,VPU,84,48,0
NN_v1,2,EQUAL_WEIGHT,2018-01-05,VPU,85,48,0
NN_v1,2,EQUAL_WEIGHT,2018-01-05,VOX,96,55,1
NN_v1,2,EQUAL_WEIGHT,2018-01-12,VPU,86,48,0
NN_v1,2,EQUAL_WEIGHT,2018-01-12,VNQ,152,71,0
NN_v1,2,EQUAL_WEIGHT,2018-01-19,VPU,87,49,1
NN_v1,2,EQUAL_WEIGHT,2018-01-19,VNQ,153,72,1
NN_v1,2,EQUAL_WEIGHT,2018-01-26,VPU,88,49,0
NN_v1,2,EQUAL_WEIGHT,2018-01-26,VDE,168,80,0
NN_v1,2,EQUAL_WEIGHT,2018-02-02,VDE,169,80,0
NN_v1,2,EQUAL_WEIGHT,2018-02-02,VAW,105,57,0
NN_v1,2,EQUAL_WEIGHT,2018-02-09,VDE,170,81,1
NN_v1,2,EQUAL_WEIGHT,2018-02-09,VHT,71,47,3
NN_v1,2,EQUAL_WEIGHT,2018-02-16,VDE,171,82,2
NN_v1,2,EQUAL_WEIGHT,2018-02-16,VOX,97,55,0
NN_v1,2,EQUAL_WEIGHT,2018-02-23,VDE,172,82,0
NN_v1,2,EQUAL_WEIGHT,2018-02-23,VNQ,154,72,0
NN_v1,2,EQUAL_WEIGHT,2018-03-02,VPU,89,50,1
NN_v1,2,EQUAL_WEIGHT,2018-03-02,VNQ,155,73,1
NN_v1,2,EQUAL_WEIGHT,2018-03-09,VDE,173,82,0
NN_v1,2,EQUAL_WEIGHT,2018-03-09,VAW,106,57,0
NN_v1,2,EQUAL_WEIGHT,2018-03-16,VAW,107,57,0
NN_v1,2,EQUAL_WEIGHT,2018-03-16,VDE,174,82,0
NN_v1,2,EQUAL_WEIGHT,2018-03-23,VOX,98,56,1
NN_v1,2,EQUAL_WEIGHT,2018-03-23,VFH,153,79,1
NN_v1,2,EQUAL_WEIGHT,2018-03-30,VGT,81,46,0
NN_v1,2,EQUAL_WEIGHT,2018-03-30,VDE,175,83,1
NN_v1,2,EQUAL_WEIGHT,2018-04-06,VFH,154,80,2
NN_v1,2,EQUAL_WEIGHT,2018-04-06,VGT,82,47,1
NN_v1,2,EQUAL_WEIGHT,2018-04-13,VCR,56,30,1
NN_v1,2,EQUAL_WEIGHT,2018-04-13,VFH,155,81,3
NN_v1,2,EQUAL_WEIGHT,2018-04-20,VDC,22,12,6
NN_v1,2,EQUAL_WEIGHT,2018-04-20,VGT,83,47,0
NN_v1,2,EQUAL_WEIGHT,2018-04-27,VIS,66,43,0
NN_v1,2,EQUAL_WEIGHT,2018-04-27,VAW,108,57,0
NN_v1,2,EQUAL_WEIGHT,2018-05-04,VOX,99,57,2
NN_v1,2,EQUAL_WEIGHT,2018-05-04,VAW,109,58,1
NN_v1,2,EQUAL_WEIGHT,2018-05-11,VDC,23,12,0
NN_v1,2,EQUAL_WEIGHT,2018-05-11,VOX,100,57,0
NN_v1,2,EQUAL_WEIGHT,2018-05-18,VOX,101,57,0
NN_v1,2,EQUAL_WEIGHT,2018-05-18,VHT,72,47,0
NN_v1,2,EQUAL_WEIGHT,2018-05-25,VFH,156,81,0
NN_v1,2,EQUAL_WEIGHT,2018-05-25,VGT,84,48,1
NN_v1,2,EQUAL_WEIGHT,2018-06-01,VFH,157,82,1
NN_v1,2,EQUAL_WEIGHT,2018-06-01,VHT,73,48,1
NN_v1,2,EQUAL_WEIGHT,2018-06-08,VDE,176,83,0
NN_v1,2,EQUAL_WEIGHT,2018-06-08,VPU,90,51,2
NN_v1,2,EQUAL_WEIGHT,2018-06-15,VDE,177,84,1
NN_v1,2,EQUAL_WEIGHT,2018-06-15,VFH,158,82,0
NN_v1,2,EQUAL_WEIGHT,2018-06-22,VIS,67,43,0
NN_v1,2,EQUAL_WEIGHT,2018-06-22,VDE,178,85,2
NN_v1,2,EQUAL_WEIGHT,2018-06-29,VAW,110,59,2
NN_v1,2,EQUAL_WEIGHT,2018-06-29,VIS,68,44,1
NN_v1,2,EQUAL_WEIGHT,2018-07-06,VIS,69,45,2
NN_v1,2,EQUAL_WEIGHT,2018-07-06,VDE,179,85,0
NN_v1,2,EQUAL_WEIGHT,2018-07-13,VDE,180,85,0
NN_v1,2,EQUAL_WEIGHT,2018-07-13,VFH,159,83,1
NN_v1,2,EQUAL_WEIGHT,2018-07-20,VDE,181,86,1
NN_v1,2,EQUAL_WEIGHT,2018-07-20,VOX,102,57,0
NN_v1,2,EQUAL_WEIGHT,2018-07-27,VOX,103,58,1
NN_v1,2,EQUAL_WEIGHT,2018-07-27,VGT,85,49,2
NN_v1,2,EQUAL_WEIGHT,2018-08-03,VDE,182,86,0
NN_v1,2,EQUAL_WEIGHT,2018-08-03,VOX,104,59,2
NN_v1,2,EQUAL_WEIGHT,2018-08-10,VDE,183,86,0
NN_v1,2,EQUAL_WEIGHT,2018-08-10,VFH,160,84,2
NN_v1,2,EQUAL_WEIGHT,2018-08-17,VDE,184,87,1
NN_v1,2,EQUAL_WEIGHT,2018-08-17,VFH,161,85,3
NN_v1,2,EQUAL_WEIGHT,2018-08-24,VDE,185,87,0
NN_v1,2,EQUAL_WEIGHT,2018-08-24,VPU,91,51,0
NN_v1,2,EQUAL_WEIGHT,2018-08-31,VDE,186,87,0
NN_v1,2,EQUAL_WEIGHT,2018-08-31,VPU,92,52,1
NN_v1,2,EQUAL_WEIGHT,2018-09-07,VDE,187,88,1
NN_v1,2,EQUAL_WEIGHT,2018-09-07,VGT,86,50,3
NN_v1,2,EQUAL_WEIGHT,2018-09-14,VDE,188,89,2
NN_v1,2,EQUAL_WEIGHT,2018-09-14,VGT,87,50,0
NN_v1,2,EQUAL_WEIGHT,2018-09-21,VDE,189,90,3
NN_v1,2,EQUAL_WEIGHT,2018-09-21,VPU,93,52,0
NN_v1,2,EQUAL_WEIGHT,2018-09-28,VDE,190,91,4
NN_v1,2,EQUAL_WEIGHT,2018-09-28,VFH,162,86,4
NN_v1,2,EQUAL_WEIGHT,2018-10-05,VCR,57,30,0
NN_v1,2,EQUAL_WEIGHT,2018-10-05,VAW,111,59,0
NN_v1,2,EQUAL_WEIGHT,2018-10-12,VAW,112,59,0
NN_v1,2,EQUAL_WEIGHT,2018-10-12,VIS,70,45,0
NN_v1,2,EQUAL_WEIGHT,2018-10-19,VCR,58,30,0
NN_v1,2,EQUAL_WEIGHT,2018-10-19,VAW,113,59,0
NN_v1,2,EQUAL_WEIGHT,2018-10-26,VHT,74,49,2
NN_v1,2,EQUAL_WEIGHT,2018-10-26,VDE,191,92,5
NN_v1,2,EQUAL_WEIGHT,2018-11-02,VGT,88,51,1
NN_v1,2,EQUAL_WEIGHT,2018-11-02,VDE,192,92,0
NN_v1,2,EQUAL_WEIGHT,2018-11-09,VDE,193,92,0
NN_v1,2,EQUAL_WEIGHT,2018-11-09,VIS,71,45,0
NN_v1,2,EQUAL_WEIGHT,2018-11-16,VCR,59,30,0
NN_v1,2,EQUAL_WEIGHT,2018-11-16,VOX,105,59,0
NN_v1,2,EQUAL_WEIGHT,2018-11-23,VDE,194,93,1
NN_v1,2,EQUAL_WEIGHT,2018-11-23,VGT,89,52,2
NN_v1,2,EQUAL_WEIGHT,2018-11-30,VDE,195,93,0
NN_v1,2,EQUAL_WEIGHT,2018-11-30,VAW,114,59,0
NN_v1,2,EQUAL_WEIGHT,2018-12-07,VIS,72,45,0
NN_v1,2,EQUAL_WEIGHT,2018-12-07,VFH,163,86,0
NN_v1,2,EQUAL_WEIGHT,2018-12-14,VDE,196,93,0
NN_v1,2,EQUAL_WEIGHT,2018-12-14,VFH,164,86,0
NN_v1,2,EQUAL_WEIGHT,2018-12-21,VGT,90,53,3
NN_v1,2,EQUAL_WEIGHT,2018-12-21,VDE,197,94,1
NN_v1,2,EQUAL_WEIGHT,2018-12-28,VPU,94,52,0
NN_v1,2,EQUAL_WEIGHT,2018-12-28,VDE,198,95,2
NN_v1,2,EQUAL_WEIGHT,2019-01-04,VDC,24,13,1
NN_v1,2,EQUAL_WEIGHT,2019-01-04,VHT,75,50,3
NN_v1,2,EQUAL_WEIGHT,2019-01-11,VDC,25,14,2
NN_v1,2,EQUAL_WEIGHT,2019-01-11,VHT,76,51,4
NN_v1,2,EQUAL_WEIGHT,2019-01-18,VDE,199,95,0
NN_v1,2,EQUAL_WEIGHT,2019-01-18,VGT,91,54,4
NN_v1,2,EQUAL_WEIGHT,2019-01-25,VDE,200,96,1
NN_v1,2,EQUAL_WEIGHT,2019-01-25,VOX,106,60,1
NN_v1,2,EQUAL_WEIGHT,2019-02-01,VFH,165,86,0
NN_v1,2,EQUAL_WEIGHT,2019-02-01,VCR,60,30,0
NN_v1,2,EQUAL_WEIGHT,2019-02-08,VFH,166,87,1
NN_v1,2,EQUAL_WEIGHT,2019-02-08,VDE,201,97,2
NN_v1,2,EQUAL_WEIGHT,2019-02-15,VDE,202,97,0
NN_v1,2,EQUAL_WEIGHT,2019-02-15,VDC,26,15,3
NN_v1,2,EQUAL_WEIGHT,2019-02-22,VDE,203,98,1
NN_v1,2,EQUAL_WEIGHT,2019-02-22,VHT,77,52,5
NN_v1,2,EQUAL_WEIGHT,2019-03-01,VDE,204,98,0
NN_v1,2,EQUAL_WEIGHT,2019-03-01,VCR,61,30,0
NN_v1,2,EQUAL_WEIGHT,2019-03-08,VAW,115,60,1
NN_v1,2,EQUAL_WEIGHT,2019-03-08,VDE,205,99,1
NN_v1,2,EQUAL_WEIGHT,2019-03-15,VHT,78,52,0
NN_v1,2,EQUAL_WEIGHT,2019-03-15,VDE,206,99,0
NN_v1,2,EQUAL_WEIGHT,2019-03-22,VDE,207,100,1
NN_v1,2,EQUAL_WEIGHT,2019-03-22,VFH,167,88,2
NN_v1,2,EQUAL_WEIGHT,2019-03-29,VFH,168,89,3
NN_v1,2,EQUAL_WEIGHT,2019-03-29,VDE,208,101,2
NN_v1,2,EQUAL_WEIGHT,2019-04-05,VHT,79,52,0
NN_v1,2,EQUAL_WEIGHT,2019-04-05,VDE,209,101,0
NN_v1,2,EQUAL_WEIGHT,2019-04-12,VHT,80,52,0
NN_v1,2,EQUAL_WEIGHT,2019-04-12,VDE,210,101,0
NN_v1,2,EQUAL_WEIGHT,2019-04-19,VHT,81,53,1
NN_v1,2,EQUAL_WEIGHT,2019-04-19,VAW,116,60,0
NN_v1,2,EQUAL_WEIGHT,2019-04-26,VHT,82,54,2
NN_v1,2,EQUAL_WEIGHT,2019-04-26,VAW,117,60,0
NN_v1,2,EQUAL_WEIGHT,2019-05-03,VHT,83,55,3
NN_v1,2,EQUAL_WEIGHT,2019-05-03,VDE,211,102,1
NN_v1,2,EQUAL_WEIGHT,2019-05-10,VFH,169,89,0
NN_v1,2,EQUAL_WEIGHT,2019-05-10,VOX,107,61,2
NN_v1,2,EQUAL_WEIGHT,2019-05-17,VGT,92,54,0
NN_v1,2,EQUAL_WEIGHT,2019-05-17,VHT,84,56,4
NN_v1,2,EQUAL_WEIGHT,2019-05-24,VIS,73,45,0
NN_v1,2,EQUAL_WEIGHT,2019-05-24,VFH,170,89,0
NN_v1,2,EQUAL_WEIGHT,2019-05-31,VIS,74,46,1
NN_v1,2,EQUAL_WEIGHT,2019-05-31,VOX,108,62,3
NN_v1,2,EQUAL_WEIGHT,2019-06-07,VDE,212,102,0
NN_v1,2,EQUAL_WEIGHT,2019-06-07,VOX,109,63,4
NN_v1,2,EQUAL_WEIGHT,2019-06-14,VDE,213,103,1
NN_v1,2,EQUAL_WEIGHT,2019-06-14,VGT,93,55,1
NN_v1,2,EQUAL_WEIGHT,2019-06-21,VAW,118,61,1
NN_v1,2,EQUAL_WEIGHT,2019-06-21,VDE,214,104,2
NN_v1,2,EQUAL_WEIGHT,2019-06-28,VAW,119,61,0
NN_v1,2,EQUAL_WEIGHT,2019-06-28,VDE,215,104,0
NN_v1,2,EQUAL_WEIGHT,2019-07-05,VDE,216,105,1
NN_v1,2,EQUAL_WEIGHT,2019-07-05,VIS,75,47,2
NN_v1,2,EQUAL_WEIGHT,2019-07-12,VDE,217,105,0
NN_v1,2,EQUAL_WEIGHT,2019-07-12,VAW,120,62,1
NN_v1,2,EQUAL_WEIGHT,2019-07-19,VDE,218,105,0
NN_v1,2,EQUAL_WEIGHT,2019-07-19,VOX,110,64,5
NN_v1,2,EQUAL_WEIGHT,2019-07-26,VDE,219,105,0
NN_v1,2,EQUAL_WEIGHT,2019-07-26,VNQ,156,74,2
NN_v1,2,EQUAL_WEIGHT,2019-08-02,VIS,76,48,3
NN_v1,2,EQUAL_WEIGHT,2019-08-02,VDC,27,16,4
NN_v1,2,EQUAL_WEIGHT,2019-08-09,VAW,121,62,0
NN_v1,2,EQUAL_WEIGHT,2019-08-09,VCR,62,30,0
NN_v1,2,EQUAL_WEIGHT,2019-08-16,VOX,111,64,0
NN_v1,2,EQUAL_WEIGHT,2019-08-16,VDE,220,105,0
NN_v1,2,EQUAL_WEIGHT,2019-08-23,VCR,63,31,1
NN_v1,2,EQUAL_WEIGHT,2019-08-23,VIS,77,49,4
NN_v1,2,EQUAL_WEIGHT,2019-08-30,VDE,221,106,1
NN_v1,2,EQUAL_WEIGHT,2019-08-30,VFH,171,90,1
NN_v1,2,EQUAL_WEIGHT,2019-09-06,VDE,222,107,2
NN_v1,2,EQUAL_WEIGHT,2019-09-06,VAW,122,63,1
NN_v1,2,EQUAL_WEIGHT,2019-09-13,VDE,223,107,0
NN_v1,2,EQUAL_WEIGHT,2019-09-13,VGT,94,56,2
NN_v1,2,EQUAL_WEIGHT,2019-09-20,VAW,123,63,0
NN_v1,2,EQUAL_WEIGHT,2019-09-20,VDE,224,107,0
NN_v1,2,EQUAL_WEIGHT,2019-09-27,VAW,124,63,0
NN_v1,2,EQUAL_WEIGHT,2019-09-27,VDE,225,107,0
NN_v1,2,EQUAL_WEIGHT,2019-10-04,VFH,172,91,2
NN_v1,2,EQUAL_WEIGHT,2019-10-04,VAW,125,64,1
NN_v1,2,EQUAL_WEIGHT,2019-10-11,VFH,173,92,3
NN_v1,2,EQUAL_WEIGHT,2019-10-11,VDE,226,107,0
NN_v1,2,EQUAL_WEIGHT,2019-10-18,VDE,227,108,1
NN_v1,2,EQUAL_WEIGHT,2019-10-18,VOX,112,65,1
NN_v1,2,EQUAL_WEIGHT,2019-10-25,VDE,228,108,0
NN_v1,2,EQUAL_WEIGHT,2019-10-25,VAW,126,65,2
NN_v1,2,EQUAL_WEIGHT,2019-11-01,VDE,229,109,1
NN_v1,2,EQUAL_WEIGHT,2019-11-01,VCR,64,31,0
NN_v1,2,EQUAL_WEIGHT,2019-11-08,VNQ,157,75,3
NN_v1,2,EQUAL_WEIGHT,2019-11-08,VDE,230,109,0
NN_v1,2,EQUAL_WEIGHT,2019-11-15,VPU,95,53,1
NN_v1,2,EQUAL_WEIGHT,2019-11-15,VNQ,158,75,0
NN_v1,2,EQUAL_WEIGHT,2019-11-22,VDE,231,109,0
NN_v1,2,EQUAL_WEIGHT,2019-11-22,VAW,127,66,3
NN_v1,2,EQUAL_WEIGHT,2019-11-29,VDE,232,110,1
NN_v1,2,EQUAL_WEIGHT,2019-11-29,VNQ,159,76,1
NN_v1,2,EQUAL_WEIGHT,2019-12-06,VDE,233,111,2
NN_v1,2,EQUAL_WEIGHT,2019-12-06,VNQ,160,76,0
NN_v1,2,EQUAL_WEIGHT,2019-12-13,VNQ,161,77,1
NN_v1,2,EQUAL_WEIGHT,2019-12-13,VDE,234,112,3
NN_v1,2,EQUAL_WEIGHT,2019-12-20,VNQ,162,77,0
NN_v1,2,EQUAL_WEIGHT,2019-12-20,VDE,235,113,4
NN_v1,2,EQUAL_WEIGHT,2019-12-27,VNQ,163,78,1
NN_v1,2,EQUAL_WEIGHT,2019-12-27,VPU,96,53,0
NN_v1,2,EQUAL_WEIGHT,2020-01-03,VDE,236,113,0
NN_v1,2,EQUAL_WEIGHT,2020-01-03,VAW,128,66,0
NN_v1,2,EQUAL_WEIGHT,2020-01-10,VAW,129,67,1
NN_v1,2,EQUAL_WEIGHT,2020-01-10,VDE,237,113,0
NN_v1,2,EQUAL_WEIGHT,2020-01-17,VDE,238,113,0
NN_v1,2,EQUAL_WEIGHT,2020-01-17,VNQ,164,79,2
NN_v1,2,EQUAL_WEIGHT,2020-01-24,VDE,239,113,0
NN_v1,2,EQUAL_WEIGHT,2020-01-24,VAW,130,67,0
NN_v1,2,EQUAL_WEIGHT,2020-01-31,VDE,240,114,1
NN_v1,2,EQUAL_WEIGHT,2020-01-31,VAW,131,68,1
NN_v1,2,EQUAL_WEIGHT,2020-02-07,VDE,241,115,2
NN_v1,2,EQUAL_WEIGHT,2020-02-07,VAW,132,69,2
NN_v1,2,EQUAL_WEIGHT,2020-02-14,VDE,242,115,0
NN_v1,2,EQUAL_WEIGHT,2020-02-14,VAW,133,69,0
NN_v1,2,EQUAL_WEIGHT,2020-02-21,VDE,243,115,0
NN_v1,2,EQUAL_WEIGHT,2020-02-21,VGT,95,56,0
NN_v1,2,EQUAL_WEIGHT,2020-02-28,VDE,244,115,0
NN_v1,2,EQUAL_WEIGHT,2020-02-28,VAW,134,70,1
NN_v1,2,EQUAL_WEIGHT,2020-03-06,VDE,245,115,0
NN_v1,2,EQUAL_WEIGHT,2020-03-06,VFH,174,92,0
NN_v1,2,EQUAL_WEIGHT,2020-03-13,VDE,246,115,0
NN_v1,2,EQUAL_WEIGHT,2020-03-13,VIS,78,49,0
NN_v1,2,EQUAL_WEIGHT,2020-03-20,VDE,247,116,1
NN_v1,2,EQUAL_WEIGHT,2020-03-20,VNQ,165,80,3
NN_v1,2,EQUAL_WEIGHT,2020-03-27,VDE,248,117,2
NN_v1,2,EQUAL_WEIGHT,2020-03-27,VDC,28,17,5
NN_v1,2,EQUAL_WEIGHT,2020-04-03,VFH,175,93,1
NN_v1,2,EQUAL_WEIGHT,2020-04-03,VCR,65,32,1
NN_v1,2,EQUAL_WEIGHT,2020-04-10,VDC,29,18,6
NN_v1,2,EQUAL_WEIGHT,2020-04-10,VHT,85,57,5
NN_v1,2,EQUAL_WEIGHT,2020-04-17,VPU,97,53,0
NN_v1,2,EQUAL_WEIGHT,2020-04-17,VNQ,166,80,0
NN_v1,2,EQUAL_WEIGHT,2020-04-24,VIS,79,50,1
NN_v1,2,EQUAL_WEIGHT,2020-04-24,VFH,176,94,2
NN_v1,2,EQUAL_WEIGHT,2020-05-01,VPU,98,54,1
NN_v1,2,EQUAL_WEIGHT,2020-05-01,VDC,30,19,7
NN_v1,2,EQUAL_WEIGHT,2020-05-08,VPU,99,54,0
NN_v1,2,EQUAL_WEIGHT,2020-05-08,VNQ,167,80,0
NN_v1,2,EQUAL_WEIGHT,2020-05-15,VNQ,168,81,1
NN_v1,2,EQUAL_WEIGHT,2020-05-15,VFH,177,95,3
NN_v1,2,EQUAL_WEIGHT,2020-05-22,VDE,249,117,0
NN_v1,2,EQUAL_WEIGHT,2020-05-22,VAW,135,71,2
NN_v1,2,EQUAL_WEIGHT,2020-05-29,VAW,136,72,3
NN_v1,2,EQUAL_WEIGHT,2020-05-29,VDE,250,118,1
NN_v1,2,EQUAL_WEIGHT,2020-06-05,VPU,100,54,0
NN_v1,2,EQUAL_WEIGHT,2020-06-05,VNQ,169,81,0
NN_v1,2,EQUAL_WEIGHT,2020-06-12,VIS,80,51,2
NN_v1,2,EQUAL_WEIGHT,2020-06-12,VFH,178,96,4
NN_v1,2,EQUAL_WEIGHT,2020-06-19,VNQ,170,81,0
NN_v1,2,EQUAL_WEIGHT,2020-06-19,VFH,179,96,0
NN_v1,2,EQUAL_WEIGHT,2020-06-26,VNQ,171,82,1
NN_v1,2,EQUAL_WEIGHT,2020-06-26,VAW,137,73,4
NN_v1,2,EQUAL_WEIGHT,2020-07-03,VNQ,172,82,0
NN_v1,2,EQUAL_WEIGHT,2020-07-03,VIS,81,51,0
NN_v1,2,EQUAL_WEIGHT,2020-07-10,VFH,180,97,1
NN_v1,2,EQUAL_WEIGHT,2020-07-10,VDE,251,119,2
NN_v1,2,EQUAL_WEIGHT,2020-07-17,VFH,181,98,2
NN_v1,2,EQUAL_WEIGHT,2020-07-17,VIS,82,52,1
NN_v1,2,EQUAL_WEIGHT,2020-07-24,VIS,83,52,0
NN_v1,2,EQUAL_WEIGHT,2020-07-24,VFH,182,98,0
NN_v1,2,EQUAL_WEIGHT,2020-07-31,VDE,252,120,3
NN_v1,2,EQUAL_WEIGHT,2020-07-31,VNQ,173,83,1
NN_v1,2,EQUAL_WEIGHT,2020-08-07,VDE,253,121,4
NN_v1,2,EQUAL_WEIGHT,2020-08-07,VFH,183,99,1
NN_v1,2,EQUAL_WEIGHT,2020-08-14,VDE,254,121,0
NN_v1,2,EQUAL_WEIGHT,2020-08-14,VFH,184,99,0
NN_v1,2,EQUAL_WEIGHT,2020-08-21,VDE,255,122,1
NN_v1,2,EQUAL_WEIGHT,2020-08-21,VNQ,174,84,2
NN_v1,2,EQUAL_WEIGHT,2020-08-28,VDE,256,122,0
NN_v1,2,EQUAL_WEIGHT,2020-08-28,VPU,101,55,1
NN_v1,2,EQUAL_WEIGHT,2020-09-04,VOX,113,65,0
NN_v1,2,EQUAL_WEIGHT,2020-09-04,VIS,84,53,1
NN_v1,2,EQUAL_WEIGHT,2020-09-11,VDE,257,123,1
NN_v1,2,EQUAL_WEIGHT,2020-09-11,VOX,114,65,0
NN_v1,2,EQUAL_WEIGHT,2020-09-18,VNQ,175,84,0
NN_v1,2,EQUAL_WEIGHT,2020-09-18,VFH,185,99,0
NN_v1,2,EQUAL_WEIGHT,2020-09-25,VDE,258,123,0
NN_v1,2,EQUAL_WEIGHT,2020-09-25,VFH,186,100,1
NN_v1,2,EQUAL_WEIGHT,2020-10-02,VDE,259,124,1
NN_v1,2,EQUAL_WEIGHT,2020-10-02,VAW,138,74,5
NN_v1,2,EQUAL_WEIGHT,2020-10-09,VDE,260,124,0
NN_v1,2,EQUAL_WEIGHT,2020-10-09,VFH,187,100,0
NN_v1,2,EQUAL_WEIGHT,2020-10-16,VDE,261,125,1
NN_v1,2,EQUAL_WEIGHT,2020-10-16,VFH,188,101,1
NN_v1,2,EQUAL_WEIGHT,2020-10-23,VNQ,176,84,0
NN_v1,2,EQUAL_WEIGHT,2020-10-23,VGT,96,56,0
NN_v1,2,EQUAL_WEIGHT,2020-10-30,VGT,97,57,1
NN_v1,2,EQUAL_WEIGHT,2020-10-30,VNQ,177,85,1
NN_v1,2,EQUAL_WEIGHT,2020-11-06,VDE,262,126,2
NN_v1,2,EQUAL_WEIGHT,2020-11-06,VFH,189,102,2
NN_v1,2,EQUAL_WEIGHT,2020-11-13,VCR,66,33,2
NN_v1,2,EQUAL_WEIGHT,2020-11-13,VGT,98,57,0
NN_v1,2,EQUAL_WEIGHT,2020-11-20,VGT,99,58,1
NN_v1,2,EQUAL_WEIGHT,2020-11-20,VOX,115,66,1
NN_v1,2,EQUAL_WEIGHT,2020-11-27,VGT,100,59,2
NN_v1,2,EQUAL_WEIGHT,2020-11-27,VHT,86,58,6
NN_v1,2,EQUAL_WEIGHT,2020-12-04,VPU,102,56,2
NN_v1,2,EQUAL_WEIGHT,2020-12-04,VNQ,178,85,0
NN_v1,2,EQUAL_WEIGHT,2020-12-11,VCR,67,34,3
NN_v1,2,EQUAL_WEIGHT,2020-12-11,VGT,101,60,3
NN_v1,2,EQUAL_WEIGHT,2020-12-18,VDE,263,127,3
NN_v1,2,EQUAL_WEIGHT,2020-12-18,VNQ,179,86,1
NN_v1,2,EQUAL_WEIGHT,2020-12-25,VDE,264,127,0
NN_v1,2,EQUAL_WEIGHT,2020-12-25,VHT,87,59,7
NN_v1,2,EQUAL_WEIGHT,2021-01-01,VGT,102,61,4
NN_v1,2,EQUAL_WEIGHT,2021-01-01,VPU,103,56,0
NN_v1,2,EQUAL_WEIGHT,2021-01-08,VGT,103,61,0
NN_v1,2,EQUAL_WEIGHT,2021-01-08,VPU,104,57,1
NN_v1,2,EQUAL_WEIGHT,2021-01-15,VGT,104,62,1
NN_v1,2,EQUAL_WEIGHT,2021-01-15,VNQ,180,87,2
NN_v1,2,EQUAL_WEIGHT,2021-01-22,VAW,139,74,0
NN_v1,2,EQUAL_WEIGHT,2021-01-22,VDE,265,127,0
NN_v1,2,EQUAL_WEIGHT,2021-01-29,VFH,190,103,3
NN_v1,2,EQUAL_WEIGHT,2021-01-29,VAW,140,75,1
NN_v1,2,EQUAL_WEIGHT,2021-02-05,VAW,141,76,2
NN_v1,2,EQUAL_WEIGHT,2021-02-05,VDE,266,128,1
NN_v1,2,EQUAL_WEIGHT,2021-02-12,VAW,142,77,3
NN_v1,2,EQUAL_WEIGHT,2021-02-12,VIS,85,53,0
NN_v1,2,EQUAL_WEIGHT,2021-02-19,VGT,105,62,0
NN_v1,2,EQUAL_WEIGHT,2021-02-19,VOX,116,66,0
NN_v1,2,EQUAL_WEIGHT,2021-02-26,VOX,117,67,1
NN_v1,2,EQUAL_WEIGHT,2021-02-26,VGT,106,62,0
NN_v1,2,EQUAL_WEIGHT,2021-03-05,VGT,107,63,1
NN_v1,2,EQUAL_WEIGHT,2021-03-05,VNQ,181,88,3
NN_v1,2,EQUAL_WEIGHT,2021-03-12,VGT,108,63,0
NN_v1,2,EQUAL_WEIGHT,2021-03-12,VPU,105,57,0
NN_v1,2,EQUAL_WEIGHT,2021-03-19,VDE,267,129,2
NN_v1,2,EQUAL_WEIGHT,2021-03-19,VGT,109,64,1
NN_v1,2,EQUAL_WEIGHT,2021-03-26,VDE,268,130,3
NN_v1,2,EQUAL_WEIGHT,2021-03-26,VGT,110,65,2
NN_v1,2,EQUAL_WEIGHT,2021-04-02,VCR,68,35,4
NN_v1,2,EQUAL_WEIGHT,2021-04-02,VDE,269,130,0
NN_v1,2,EQUAL_WEIGHT,2021-04-09,VDE,270,130,0
NN_v1,2,EQUAL_WEIGHT,2021-04-09,VGT,111,66,3
NN_v1,2,EQUAL_WEIGHT,2021-04-16,VDE,271,130,0
NN_v1,2,EQUAL_WEIGHT,2021-04-16,VGT,112,67,4
NN_v1,2,EQUAL_WEIGHT,2021-04-23,VDE,272,131,1
NN_v1,2,EQUAL_WEIGHT,2021-04-23,VGT,113,67,0
NN_v1,2,EQUAL_WEIGHT,2021-04-30,VGT,114,67,0
NN_v1,2,EQUAL_WEIGHT,2021-04-30,VCR,69,35,0
NN_v1,2,EQUAL_WEIGHT,2021-05-07,VHT,88,59,0
NN_v1,2,EQUAL_WEIGHT,2021-05-07,VGT,115,67,0
NN_v1,2,EQUAL_WEIGHT,2021-05-14,VCR,70,35,0
NN_v1,2,EQUAL_WEIGHT,2021-05-14,VGT,116,68,1
NN_v1,2,EQUAL_WEIGHT,2021-05-21,VDE,273,131,0
NN_v1,2,EQUAL_WEIGHT,2021-05-21,VCR,71,36,1
NN_v1,2,EQUAL_WEIGHT,2021-05-28,VDE,274,132,1
NN_v1,2,EQUAL_WEIGHT,2021-05-28,VAW,143,77,0
NN_v1,2,EQUAL_WEIGHT,2021-06-04,VCR,72,37,2
NN_v1,2,EQUAL_WEIGHT,2021-06-04,VGT,117,69,2
NN_v1,2,EQUAL_WEIGHT,2021-06-11,VCR,73,37,0
NN_v1,2,EQUAL_WEIGHT,2021-06-11,VDE,275,132,0
NN_v1,2,EQUAL_WEIGHT,2021-06-18,VDE,276,133,1
NN_v1,2,EQUAL_WEIGHT,2021-06-18,VAW,144,78,1
NN_v1,2,EQUAL_WEIGHT,2021-06-25,VAW,145,79,2
NN_v1,2,EQUAL_WEIGHT,2021-06-25,VDE,277,133,0
NN_v1,2,EQUAL_WEIGHT,2021-07-02,VAW,146,80,3
NN_v1,2,EQUAL_WEIGHT,2021-07-02,VDE,278,133,0
NN_v1,2,EQUAL_WEIGHT,2021-07-09,VDE,279,133,0
NN_v1,2,EQUAL_WEIGHT,2021-07-09,VFH,191,103,0
NN_v1,2,EQUAL_WEIGHT,2021-07-16,VDE,280,134,1
NN_v1,2,EQUAL_WEIGHT,2021-07-16,VFH,192,104,1
NN_v1,2,EQUAL_WEIGHT,2021-07-23,VDE,281,135,2
NN_v1,2,EQUAL_WEIGHT,2021-07-23,VAW,147,81,4
NN_v1,2,EQUAL_WEIGHT,2021-07-30,VDE,282,135,0
NN_v1,2,EQUAL_WEIGHT,2021-07-30,VCR,74,37,0
NN_v1,2,EQUAL_WEIGHT,2021-08-06,VDE,283,136,1
NN_v1,2,EQUAL_WEIGHT,2021-08-06,VAW,148,82,5
NN_v1,2,EQUAL_WEIGHT,2021-08-13,VDE,284,136,0
NN_v1,2,EQUAL_WEIGHT,2021-08-13,VAW,149,82,0
NN_v1,2,EQUAL_WEIGHT,2021-08-20,VDE,285,137,1
NN_v1,2,EQUAL_WEIGHT,2021-08-20,VAW,150,83,1
NN_v1,2,EQUAL_WEIGHT,2021-08-27,VAW,151,83,0
NN_v1,2,EQUAL_WEIGHT,2021-08-27,VFH,193,104,0
NN_v1,2,EQUAL_WEIGHT,2021-09-03,VDE,286,137,0
NN_v1,2,EQUAL_WEIGHT,2021-09-03,VAW,152,83,0
NN_v1,2,EQUAL_WEIGHT,2021-09-10,VDE,287,138,1
NN_v1,2,EQUAL_WEIGHT,2021-09-10,VAW,153,83,0
NN_v1,2,EQUAL_WEIGHT,2021-09-17,VDE,288,139,2
NN_v1,2,EQUAL_WEIGHT,2021-09-17,VNQ,182,88,0
NN_v1,2,EQUAL_WEIGHT,2021-09-24,VAW,154,83,0
NN_v1,2,EQUAL_WEIGHT,2021-09-24,VDE,289,140,3
NN_v1,2,EQUAL_WEIGHT,2021-10-01,VIS,86,54,1
NN_v1,2,EQUAL_WEIGHT,2021-10-01,VCR,75,38,1
NN_v1,2,EQUAL_WEIGHT,2021-10-08,VAW,155,84,1
NN_v1,2,EQUAL_WEIGHT,2021-10-08,VNQ,183,89,1
NN_v1,2,EQUAL_WEIGHT,2021-10-15,VHT,89,60,1
NN_v1,2,EQUAL_WEIGHT,2021-10-15,VOX,118,67,0
NN_v1,2,EQUAL_WEIGHT,2021-10-22,VOX,119,68,1
NN_v1,2,EQUAL_WEIGHT,2021-10-22,VAW,156,84,0
NN_v1,2,EQUAL_WEIGHT,2021-10-29,VAW,157,85,1
NN_v1,2,EQUAL_WEIGHT,2021-10-29,VOX,120,69,2
NN_v1,2,EQUAL_WEIGHT,2021-11-05,VPU,106,57,0
NN_v1,2,EQUAL_WEIGHT,2021-11-05,VNQ,184,89,0
NN_v1,2,EQUAL_WEIGHT,2021-11-12,VHT,90,60,0
NN_v1,2,EQUAL_WEIGHT,2021-11-12,VPU,107,58,1
NN_v1,2,EQUAL_WEIGHT,2021-11-19,VDE,290,141,4
NN_v1,2,EQUAL_WEIGHT,2021-11-19,VHT,91,60,0
NN_v1,2,EQUAL_WEIGHT,2021-11-26,VAW,158,85,0
NN_v1,2,EQUAL_WEIGHT,2021-11-26,VIS,87,54,0
NN_v1,2,EQUAL_WEIGHT,2021-12-03,VOX,121,70,3
NN_v1,2,EQUAL_WEIGHT,2021-12-03,VCR,76,39,2
NN_v1,2,EQUAL_WEIGHT,2021-12-10,VOX,122,70,0
NN_v1,2,EQUAL_WEIGHT,2021-12-10,VCR,77,39,0
NN_v1,2,EQUAL_WEIGHT,2021-12-17,VDE,291,142,5
NN_v1,2,EQUAL_WEIGHT,2021-12-17,VCR,78,40,1
NN_v1,2,EQUAL_WEIGHT,2021-12-24,VDE,292,143,6
NN_v1,2,EQUAL_WEIGHT,2021-12-24,VCR,79,41,2
NN_v1,2,EQUAL_WEIGHT,2021-12-31,VDE,293,144,7
NN_v1,2,EQUAL_WEIGHT,2021-12-31,VCR,80,41,0
NN_v1,2,EQUAL_WEIGHT,2022-01-07,VGT,118,70,3
NN_v1,2,EQUAL_WEIGHT,2022-01-07,VHT,92,60,0
NN_v1,2,EQUAL_WEIGHT,2022-01-14,VCR,81,41,0
NN_v1,2,EQUAL_WEIGHT,2022-01-14,VGT,119,70,0
NN_v1,2,EQUAL_WEIGHT,2022-01-21,VGT,120,71,1
NN_v1,2,EQUAL_WEIGHT,2022-01-21,VOX,123,71,1
NN_v1,2,EQUAL_WEIGHT,2022-01-28,VCR,82,42,1
NN_v1,2,EQUAL_WEIGHT,2022-01-28,VOX,124,71,0
NN_v1,2,EQUAL_WEIGHT,2022-02-04,VIS,88,54,0
NN_v1,2,EQUAL_WEIGHT,2022-02-04,VOX,125,71,0
NN_v1,2,EQUAL_WEIGHT,2022-02-11,VGT,121,71,0
NN_v1,2,EQUAL_WEIGHT,2022-02-11,VOX,126,71,0
NN_v1,2,EQUAL_WEIGHT,2022-02-18,VGT,122,72,1
NN_v1,2,EQUAL_WEIGHT,2022-02-18,VCR,83,42,0
NN_v1,2,EQUAL_WEIGHT,2022-02-25,VCR,84,42,0
NN_v1,2,EQUAL_WEIGHT,2022-02-25,VGT,123,72,0
NN_v1,2,EQUAL_WEIGHT,2022-03-04,VCR,85,42,0
NN_v1,2,EQUAL_WEIGHT,2022-03-04,VGT,124,72,0
NN_v1,2,EQUAL_WEIGHT,2022-03-11,VGT,125,73,1
NN_v1,2,EQUAL_WEIGHT,2022-03-11,VOX,127,72,1
NN_v1,2,EQUAL_WEIGHT,2022-03-18,VDE,294,145,8
NN_v1,2,EQUAL_WEIGHT,2022-03-18,VGT,126,74,2
NN_v1,2,EQUAL_WEIGHT,2022-03-25,VCR,86,42,0
NN_v1,2,EQUAL_WEIGHT,2022-03-25,VGT,127,75,3
NN_v1,2,EQUAL_WEIGHT,2022-04-01,VFH,194,104,0
NN_v1,2,EQUAL_WEIGHT,2022-04-01,VGT,128,75,0
NN_v1,2,EQUAL_WEIGHT,2022-04-08,VGT,129,75,0
NN_v1,2,EQUAL_WEIGHT,2022-04-08,VCR,87,43,1
NN_v1,2,EQUAL_WEIGHT,2022-04-15,VGT,130,75,0
NN_v1,2,EQUAL_WEIGHT,2022-04-15,VOX,128,72,0
NN_v1,2,EQUAL_WEIGHT,2022-04-22,VFH,195,104,0
NN_v1,2,EQUAL_WEIGHT,2022-04-22,VGT,131,75,0
NN_v1,2,EQUAL_WEIGHT,2022-04-29,VOX,129,72,0
NN_v1,2,EQUAL_WEIGHT,2022-04-29,VGT,132,75,0
NN_v1,2,EQUAL_WEIGHT,2022-05-06,VOX,130,73,1
NN_v1,2,EQUAL_WEIGHT,2022-05-06,VFH,196,104,0
NN_v1,2,EQUAL_WEIGHT,2022-05-13,VGT,133,75,0
NN_v1,2,EQUAL_WEIGHT,2022-05-13,VFH,197,104,0
NN_v1,2,EQUAL_WEIGHT,2022-05-20,VCR,88,44,2
NN_v1,2,EQUAL_WEIGHT,2022-05-20,VDC,31,20,8
NN_v1,2,EQUAL_WEIGHT,2022-05-27,VOX,131,73,0
NN_v1,2,EQUAL_WEIGHT,2022-05-27,VDC,32,20,0
NN_v1,2,EQUAL_WEIGHT,2022-06-03,VHT,93,60,0
NN_v1,2,EQUAL_WEIGHT,2022-06-03,VOX,132,73,0
NN_v1,2,EQUAL_WEIGHT,2022-06-10,VCR,89,44,0
NN_v1,2,EQUAL_WEIGHT,2022-06-10,VFH,198,104,0
NN_v1,2,EQUAL_WEIGHT,2022-06-17,VAW,159,86,1
NN_v1,2,EQUAL_WEIGHT,2022-06-17,VNQ,185,90,1
NN_v1,2,EQUAL_WEIGHT,2022-06-24,VDE,295,145,0
NN_v1,2,EQUAL_WEIGHT,2022-06-24,VAW,160,86,0
NN_v1,2,EQUAL_WEIGHT,2022-07-01,VAW,161,87,1
NN_v1,2,EQUAL_WEIGHT,2022-07-01,VDE,296,145,0
NN_v1,2,EQUAL_WEIGHT,2022-07-08,VDE,297,145,0
NN_v1,2,EQUAL_WEIGHT,2022-07-08,VAW,162,87,0
NN_v1,2,EQUAL_WEIGHT,2022-07-15,VDE,298,146,1
NN_v1,2,EQUAL_WEIGHT,2022-07-15,VAW,163,88,1
NN_v1,2,EQUAL_WEIGHT,2022-07-22,VPU,108,59,2
NN_v1,2,EQUAL_WEIGHT,2022-07-22,VDE,299,147,2
NN_v1,2,EQUAL_WEIGHT,2022-07-29,VCR,90,45,1
NN_v1,2,EQUAL_WEIGHT,2022-07-29,VOX,133,74,1
NN_v1,2,EQUAL_WEIGHT,2022-08-05,VDE,300,148,3
NN_v1,2,EQUAL_WEIGHT,2022-08-05,VAW,164,89,2
NN_v1,2,EQUAL_WEIGHT,2022-08-12,VDE,301,149,4
NN_v1,2,EQUAL_WEIGHT,2022-08-12,VAW,165,89,0
NN_v1,2,EQUAL_WEIGHT,2022-08-19,VDE,302,150,5
NN_v1,2,EQUAL_WEIGHT,2022-08-19,VAW,166,90,1
NN_v1,2,EQUAL_WEIGHT,2022-08-26,VOX,134,74,0
NN_v1,2,EQUAL_WEIGHT,2022-08-26,VIS,89,54,0
NN_v1,2,EQUAL_WEIGHT,2022-09-02,VDE,303,151,6
NN_v1,2,EQUAL_WEIGHT,2022-09-02,VGT,134,76,1
NN_v1,2,EQUAL_WEIGHT,2022-09-09,VDE,304,151,0
NN_v1,2,EQUAL_WEIGHT,2022-09-09,VGT,135,76,0
NN_v1,2,EQUAL_WEIGHT,2022-09-16,VGT,136,76,0
NN_v1,2,EQUAL_WEIGHT,2022-09-16,VOX,135,74,0
NN_v1,2,EQUAL_WEIGHT,2022-09-23,VDE,305,152,1
NN_v1,2,EQUAL_WEIGHT,2022-09-23,VNQ,186,90,0
NN_v1,2,EQUAL_WEIGHT,2022-09-30,VPU,109,59,0
NN_v1,2,EQUAL_WEIGHT,2022-09-30,VOX,136,75,1
NN_v1,2,EQUAL_WEIGHT,2022-10-07,VNQ,187,90,0
NN_v1,2,EQUAL_WEIGHT,2022-10-07,VPU,110,59,0
NN_v1,2,EQUAL_WEIGHT,2022-10-14,VNQ,188,91,1
NN_v1,2,EQUAL_WEIGHT,2022-10-14,VGT,137,77,1
NN_v1,2,EQUAL_WEIGHT,2022-10-21,VNQ,189,92,2
NN_v1,2,EQUAL_WEIGHT,2022-10-21,VPU,111,60,1
NN_v1,2,EQUAL_WEIGHT,2022-10-28,VOX,137,75,0
NN_v1,2,EQUAL_WEIGHT,2022-10-28,VCR,91,45,0
NN_v1,2,EQUAL_WEIGHT,2022-11-04,VCR,92,46,1
NN_v1,2,EQUAL_WEIGHT,2022-11-04,VGT,138,78,2
NN_v1,2,EQUAL_WEIGHT,2022-11-11,VPU,112,61,2
NN_v1,2,EQUAL_WEIGHT,2022-11-11,VGT,139,78,0
NN_v1,2,EQUAL_WEIGHT,2022-11-18,VCR,93,47,2
NN_v1,2,EQUAL_WEIGHT,2022-11-18,VNQ,190,93,3
NN_v1,2,EQUAL_WEIGHT,2022-11-25,VCR,94,48,3
NN_v1,2,EQUAL_WEIGHT,2022-11-25,VGT,140,79,1
NN_v1,2,EQUAL_WEIGHT,2022-12-02,VGT,141,79,0
NN_v1,2,EQUAL_WEIGHT,2022-12-02,VNQ,191,93,0
NN_v1,2,EQUAL_WEIGHT,2022-12-09,VDE,306,153,2
NN_v1,2,EQUAL_WEIGHT,2022-12-09,VCR,95,48,0
NN_v1,2,EQUAL_WEIGHT,2022-12-16,VCR,96,48,0
NN_v1,2,EQUAL_WEIGHT,2022-12-16,VGT,142,79,0
NN_v1,2,EQUAL_WEIGHT,2022-12-23,VOX,138,76,1
NN_v1,2,EQUAL_WEIGHT,2022-12-23,VNQ,192,93,0
NN_v1,2,EQUAL_WEIGHT,2022-12-30,VCR,97,49,1
NN_v1,2,EQUAL_WEIGHT,2022-12-30,VGT,143,79,0
NN_v1,2,EQUAL_WEIGHT,2023-01-06,VDE,307,154,3
NN_v1,2,EQUAL_WEIGHT,2023-01-06,VGT,144,80,1
NN_v1,2,EQUAL_WEIGHT,2023-01-13,VOX,139,77,2
NN_v1,2,EQUAL_WEIGHT,2023-01-13,VDE,308,155,4
NN_v1,2,EQUAL_WEIGHT,2023-01-20,VDE,309,156,5
NN_v1,2,EQUAL_WEIGHT,2023-01-20,VIS,90,55,1
NN_v1,2,EQUAL_WEIGHT,2023-01-27,VDE,310,156,0
NN_v1,2,EQUAL_WEIGHT,2023-01-27,VGT,145,81,2
NN_v1,2,EQUAL_WEIGHT,2023-02-03,VDE,311,157,1
NN_v1,2,EQUAL_WEIGHT,2023-02-03,VPU,113,61,0
NN_v1,2,EQUAL_WEIGHT,2023-02-10,VOX,140,78,3
NN_v1,2,EQUAL_WEIGHT,2023-02-10,VCR,98,50,2
NN_v1,2,EQUAL_WEIGHT,2023-02-17,VDE,312,158,2
NN_v1,2,EQUAL_WEIGHT,2023-02-17,VOX,141,78,0
NN_v1,2,EQUAL_WEIGHT,2023-02-24,VHT,94,61,1
NN_v1,2,EQUAL_WEIGHT,2023-02-24,VFH,199,104,0
NN_v1,2,EQUAL_WEIGHT,2023-03-03,VDE,313,158,0
NN_v1,2,EQUAL_WEIGHT,2023-03-03,VPU,114,61,0
NN_v1,2,EQUAL_WEIGHT,2023-03-10,VOX,142,79,1
NN_v1,2,EQUAL_WEIGHT,2023-03-10,VDE,314,158,0
NN_v1,2,EQUAL_WEIGHT,2023-03-17,VDE,315,159,1
NN_v1,2,EQUAL_WEIGHT,2023-03-17,VFH,200,104,0
NN_v1,2,EQUAL_WEIGHT,2023-03-24,VNQ,193,94,1
NN_v1,2,EQUAL_WEIGHT,2023-03-24,VFH,201,105,1
NN_v1,2,EQUAL_WEIGHT,2023-03-31,VDE,316,159,0
NN_v1,2,EQUAL_WEIGHT,2023-03-31,VFH,202,105,0
NN_v1,2,EQUAL_WEIGHT,2023-04-07,VFH,203,106,1
NN_v1,2,EQUAL_WEIGHT,2023-04-07,VIS,91,56,2
NN_v1,2,EQUAL_WEIGHT,2023-04-14,VNQ,194,95,2
NN_v1,2,EQUAL_WEIGHT,2023-04-14,VDE,317,159,0
NN_v1,2,EQUAL_WEIGHT,2023-04-21,VDE,318,160,1
NN_v1,2,EQUAL_WEIGHT,2023-04-21,VAW,167,90,0
NN_v1,2,EQUAL_WEIGHT,2023-04-28,VFH,204,106,0
NN_v1,2,EQUAL_WEIGHT,2023-04-28,VDE,319,160,0
NN_v1,2,EQUAL_WEIGHT,2023-05-05,VDE,320,160,0
NN_v1,2,EQUAL_WEIGHT,2023-05-05,VFH,205,106,0
NN_v1,2,EQUAL_WEIGHT,2023-05-12,VAW,168,91,1
NN_v1,2,EQUAL_WEIGHT,2023-05-12,VFH,206,107,1
NN_v1,2,EQUAL_WEIGHT,2023-05-19,VFH,207,107,0
NN_v1,2,EQUAL_WEIGHT,2023-05-19,VPU,115,61,0
NN_v1,2,EQUAL_WEIGHT,2023-05-26,VNQ,195,96,3
NN_v1,2,EQUAL_WEIGHT,2023-05-26,VDE,321,161,1
NN_v1,2,EQUAL_WEIGHT,2023-06-02,VDE,322,162,2
NN_v1,2,EQUAL_WEIGHT,2023-06-02,VFH,208,108,1
NN_v1,2,EQUAL_WEIGHT,2023-06-09,VDE,323,163,3
NN_v1,2,EQUAL_WEIGHT,2023-06-09,VFH,209,109,2
NN_v1,2,EQUAL_WEIGHT,2023-06-16,VDE,324,163,0
NN_v1,2,EQUAL_WEIGHT,2023-06-16,VFH,210,109,0
NN_v1,2,EQUAL_WEIGHT,2023-06-23,VDE,325,164,1
NN_v1,2,EQUAL_WEIGHT,2023-06-23,VNQ,196,97,4
NN_v1,2,EQUAL_WEIGHT,2023-06-30,VDE,326,164,0
NN_v1,2,EQUAL_WEIGHT,2023-06-30,VPU,116,61,0
NN_v1,2,EQUAL_WEIGHT,2023-07-07,VDE,327,165,1
NN_v1,2,EQUAL_WEIGHT,2023-07-07,VPU,117,62,1
NN_v1,2,EQUAL_WEIGHT,2023-07-14,VDE,328,166,2
NN_v1,2,EQUAL_WEIGHT,2023-07-14,VNQ,197,98,5
NN_v1,2,EQUAL_WEIGHT,2023-07-21,VDE,329,167,3
NN_v1,2,EQUAL_WEIGHT,2023-07-21,VNQ,198,98,0
NN_v1,2,EQUAL_WEIGHT,2023-07-28,VNQ,199,98,0
NN_v1,2,EQUAL_WEIGHT,2023-07-28,VDE,330,168,4
NN_v1,2,EQUAL_WEIGHT,2023-08-04,VGT,146,81,0
NN_v1,2,EQUAL_WEIGHT,2023-08-04,VPU,118,63,2
NN_v1,2,EQUAL_WEIGHT,2023-08-11,VGT,147,81,0
NN_v1,2,EQUAL_WEIGHT,2023-08-11,VAW,169,91,0
NN_v1,2,EQUAL_WEIGHT,2023-08-18,VAW,170,91,0
NN_v1,2,EQUAL_WEIGHT,2023-08-18,VNQ,200,99,1
NN_v1,2,EQUAL_WEIGHT,2023-08-25,VNQ,201,100,2
NN_v1,2,EQUAL_WEIGHT,2023-08-25,VAW,171,92,1
NN_v1,2,EQUAL_WEIGHT,2023-09-01,VPU,119,64,3
NN_v1,2,EQUAL_WEIGHT,2023-09-01,VNQ,202,100,0
NN_v1,2,EQUAL_WEIGHT,2023-09-08,VGT,148,81,0
NN_v1,2,EQUAL_WEIGHT,2023-09-08,VIS,92,56,0
NN_v1,2,EQUAL_WEIGHT,2023-09-15,VGT,149,81,0
NN_v1,2,EQUAL_WEIGHT,2023-09-15,VIS,93,56,0
NN_v1,2,EQUAL_WEIGHT,2023-09-22,VCR,99,51,3
NN_v1,2,EQUAL_WEIGHT,2023-09-22,VOX,143,80,2
NN_v1,2,EQUAL_WEIGHT,2023-09-29,VAW,172,92,0
NN_v1,2,EQUAL_WEIGHT,2023-09-29,VOX,144,81,3
NN_v1,2,EQUAL_WEIGHT,2023-10-06,VDE,331,169,5
NN_v1,2,EQUAL_WEIGHT,2023-10-06,VNQ,203,101,1
NN_v1,2,EQUAL_WEIGHT,2023-10-13,VDC,33,21,1
NN_v1,2,EQUAL_WEIGHT,2023-10-13,VIS,94,56,0
NN_v1,2,EQUAL_WEIGHT,2023-10-20,VCR,100,51,0
NN_v1,2,EQUAL_WEIGHT,2023-10-20,VAW,173,93,1
NN_v1,2,EQUAL_WEIGHT,2023-10-27,VGT,150,82,1
NN_v1,2,EQUAL_WEIGHT,2023-10-27,VDE,332,170,6
NN_v1,2,EQUAL_WEIGHT,2023-11-03,VDE,333,170,0
NN_v1,2,EQUAL_WEIGHT,2023-11-03,VPU,120,64,0
NN_v1,2,EQUAL_WEIGHT,2023-11-10,VDE,334,171,1
NN_v1,2,EQUAL_WEIGHT,2023-11-10,VPU,121,65,1
NN_v1,2,EQUAL_WEIGHT,2023-11-17,VDE,335,171,0
NN_v1,2,EQUAL_WEIGHT,2023-11-17,VNQ,204,102,2
NN_v1,2,EQUAL_WEIGHT,2023-11-24,VDE,336,172,1
NN_v1,2,EQUAL_WEIGHT,2023-11-24,VNQ,205,103,3
NN_v1,2,EQUAL_WEIGHT,2023-12-01,VDE,337,172,0
NN_v1,2,EQUAL_WEIGHT,2023-12-01,VOX,145,82,4
NN_v1,2,EQUAL_WEIGHT,2023-12-08,VDE,338,173,1
NN_v1,2,EQUAL_WEIGHT,2023-12-08,VPU,122,66,2
NN_v1,2,EQUAL_WEIGHT,2023-12-15,VDE,339,173,0
NN_v1,2,EQUAL_WEIGHT,2023-12-15,VPU,123,66,0
NN_v1,2,EQUAL_WEIGHT,2023-12-22,VDE,340,173,0
NN_v1,2,EQUAL_WEIGHT,2023-12-22,VPU,124,67,1
NN_v1,2,EQUAL_WEIGHT,2023-12-29,VDE,341,174,1
NN_v1,2,EQUAL_WEIGHT,2023-12-29,VNQ,206,103,0
NN_v1,2,EQUAL_WEIGHT,2024-01-05,VGT,151,83,2
NN_v1,2,EQUAL_WEIGHT,2024-01-05,VCR,101,52,1
NN_v1,2,EQUAL_WEIGHT,2024-01-12,VDE,342,174,0
NN_v1,2,EQUAL_WEIGHT,2024-01-12,VCR,102,53,2
NN_v1,2,EQUAL_WEIGHT,2024-01-19,VDE,343,175,1
NN_v1,2,EQUAL_WEIGHT,2024-01-19,VPU,125,68,2
NN_v1,2,EQUAL_WEIGHT,2024-01-26,VDE,344,175,0
NN_v1,2,EQUAL_WEIGHT,2024-01-26,VPU,126,69,3
NN_v1,2,EQUAL_WEIGHT,2024-02-02,VDE,345,176,1
NN_v1,2,EQUAL_WEIGHT,2024-02-02,VNQ,207,104,1
NN_v1,2,EQUAL_WEIGHT,2024-02-09,VDE,346,177,2
NN_v1,2,EQUAL_WEIGHT,2024-02-09,VPU,127,70,4
NN_v1,2,EQUAL_WEIGHT,2024-02-16,VGT,152,84,3
NN_v1,2,EQUAL_WEIGHT,2024-02-16,VDE,347,178,3
NN_v1,2,EQUAL_WEIGHT,2024-02-23,VDE,348,179,4
NN_v1,2,EQUAL_WEIGHT,2024-02-23,VNQ,208,105,2
NN_v1,2,EQUAL_WEIGHT,2024-03-01,VDE,349,180,5
NN_v1,2,EQUAL_WEIGHT,2024-03-01,VPU,128,71,5
NN_v1,2,EQUAL_WEIGHT,2024-03-08,VCR,103,53,0
NN_v1,2,EQUAL_WEIGHT,2024-03-08,VDE,350,181,6
NN_v1,2,EQUAL_WEIGHT,2024-03-15,VNQ,209,105,0
NN_v1,2,EQUAL_WEIGHT,2024-03-15,VCR,104,54,1
NN_v1,2,EQUAL_WEIGHT,2024-03-22,VNQ,210,106,1
NN_v1,2,EQUAL_WEIGHT,2024-03-22,VPU,129,72,6
NN_v1,2,EQUAL_WEIGHT,2024-03-29,VGT,153,84,0
NN_v1,2,EQUAL_WEIGHT,2024-03-29,VNQ,211,106,0
NN_v1,2,EQUAL_WEIGHT,2024-04-05,VCR,105,54,0
NN_v1,2,EQUAL_WEIGHT,2024-04-05,VNQ,212,106,0
NN_v1,2,EQUAL_WEIGHT,2024-04-12,VNQ,213,106,0
NN_v1,2,EQUAL_WEIGHT,2024-04-12,VCR,106,54,0
NN_v1,2,EQUAL_WEIGHT,2024-04-19,VGT,154,85,1
NN_v1,2,EQUAL_WEIGHT,2024-04-19,VNQ,214,107,1
NN_v1,2,EQUAL_WEIGHT,2024-04-26,VNQ,215,108,2
NN_v1,2,EQUAL_WEIGHT,2024-04-26,VGT,155,86,2
NN_v1,2,EQUAL_WEIGHT,2024-05-03,VGT,156,87,3
NN_v1,2,EQUAL_WEIGHT,2024-05-03,VDE,351,182,7
NN_v1,2,EQUAL_WEIGHT,2024-05-10,VGT,157,88,4
NN_v1,2,EQUAL_WEIGHT,2024-05-10,VNQ,216,109,3
NN_v1,2,EQUAL_WEIGHT,2024-05-17,VGT,158,89,5
NN_v1,2,EQUAL_WEIGHT,2024-05-17,VCR,107,54,0
NN_v1,2,EQUAL_WEIGHT,2024-05-24,VNQ,217,110,4
NN_v1,2,EQUAL_WEIGHT,2024-05-24,VDE,352,183,8
NN_v1,2,EQUAL_WEIGHT,2024-05-31,VGT,159,90,6
NN_v1,2,EQUAL_WEIGHT,2024-05-31,VNQ,218,110,0
NN_v1,2,EQUAL_WEIGHT,2024-06-07,VDE,353,183,0
NN_v1,2,EQUAL_WEIGHT,2024-06-07,VNQ,219,111,1
NN_v1,2,EQUAL_WEIGHT,2024-06-14,VDE,354,184,1
NN_v1,2,EQUAL_WEIGHT,2024-06-14,VPU,130,72,0
NN_v1,2,EQUAL_WEIGHT,2024-06-21,VDE,355,185,2
NN_v1,2,EQUAL_WEIGHT,2024-06-21,VPU,131,72,0
NN_v1,2,EQUAL_WEIGHT,2024-06-28,VGT,160,91,7
NN_v1,2,EQUAL_WEIGHT,2024-06-28,VPU,132,72,0
NN_v1,2,EQUAL_WEIGHT,2024-07-05,VDE,356,186,3
NN_v1,2,EQUAL_WEIGHT,2024-07-05,VPU,133,73,1
NN_v1,2,EQUAL_WEIGHT,2024-07-12,VDE,357,187,4
NN_v1,2,EQUAL_WEIGHT,2024-07-12,VOX,146,82,0
NN_v1,2,EQUAL_WEIGHT,2024-07-19,VGT,161,91,0
NN_v1,2,EQUAL_WEIGHT,2024-07-19,VOX,147,82,0
NN_v1,2,EQUAL_WEIGHT,2024-07-26,VGT,162,91,0
NN_v1,2,EQUAL_WEIGHT,2024-07-26,VCR,108,54,0
NN_v1,2,EQUAL_WEIGHT,2024-08-02,VGT,163,92,1
NN_v1,2,EQUAL_WEIGHT,2024-08-02,VDE,358,188,5
NN_v1,2,EQUAL_WEIGHT,2024-08-09,VGT,164,93,2
NN_v1,2,EQUAL_WEIGHT,2024-08-09,VDE,359,189,6
NN_v1,2,EQUAL_WEIGHT,2024-08-16,VDE,360,189,0
NN_v1,2,EQUAL_WEIGHT,2024-08-16,VGT,165,94,3
NN_v1,2,EQUAL_WEIGHT,2024-08-23,VGT,166,94,0
NN_v1,2,EQUAL_WEIGHT,2024-08-23,VDE,361,189,0
NN_v1,2,EQUAL_WEIGHT,2024-08-30,VGT,167,94,0
NN_v1,2,EQUAL_WEIGHT,2024-08-30,VCR,109,54,0
NN_v1,2,EQUAL_WEIGHT,2024-09-06,VGT,168,95,1
NN_v1,2,EQUAL_WEIGHT,2024-09-06,VOX,148,83,1
NN_v1,2,EQUAL_WEIGHT,2024-09-13,VDE,362,190,1
NN_v1,2,EQUAL_WEIGHT,2024-09-13,VGT,169,96,2
NN_v1,2,EQUAL_WEIGHT,2024-09-20,VGT,170,97,3
NN_v1,2,EQUAL_WEIGHT,2024-09-20,VDE,363,190,0
NN_v1,2,EQUAL_WEIGHT,2024-09-27,VGT,171,98,4
NN_v1,2,EQUAL_WEIGHT,2024-09-27,VDE,364,191,1
NN_v1,2,EQUAL_WEIGHT,2024-10-04,VGT,172,99,5
NN_v1,2,EQUAL_WEIGHT,2024-10-04,VCR,110,54,0
NN_v1,2,EQUAL_WEIGHT,2024-10-11,VCR,111,55,1
NN_v1,2,EQUAL_WEIGHT,2024-10-11,VDE,365,191,0
NN_v1,2,EQUAL_WEIGHT,2024-10-18,VDE,366,191,0
NN_v1,2,EQUAL_WEIGHT,2024-10-18,VGT,173,100,6
NN_v1,2,EQUAL_WEIGHT,2024-10-25,VDE,367,192,1
NN_v1,2,EQUAL_WEIGHT,2024-10-25,VGT,174,100,0
NN_v1,2,EQUAL_WEIGHT,2024-11-01,VNQ,220,112,2
NN_v1,2,EQUAL_WEIGHT,2024-11-01,VGT,175,101,1
NN_v1,2,EQUAL_WEIGHT,2024-11-08,VNQ,221,112,0
NN_v1,2,EQUAL_WEIGHT,2024-11-08,VPU,134,74,2
NN_v1,2,EQUAL_WEIGHT,2024-11-15,VHT,95,62,2
NN_v1,2,EQUAL_WEIGHT,2024-11-15,VGT,176,102,2
NN_v1,2,EQUAL_WEIGHT,2024-11-22,VGT,177,102,0
NN_v1,2,EQUAL_WEIGHT,2024-11-22,VHT,96,63,3
NN_v1,2,EQUAL_WEIGHT,2024-11-29,VDE,368,192,0
NN_v1,2,EQUAL_WEIGHT,2024-11-29,VGT,178,103,1
NN_v1,2,EQUAL_WEIGHT,2024-12-06,VDE,369,192,0
NN_v1,2,EQUAL_WEIGHT,2024-12-06,VHT,97,63,0
NN_v1,2,EQUAL_WEIGHT,2024-12-13,VAW,174,93,0
NN_v1,2,EQUAL_WEIGHT,2024-12-13,VPU,135,74,0
NN_v1,2,EQUAL_WEIGHT,2024-12-20,VDE,370,193,1
NN_v1,2,EQUAL_WEIGHT,2024-12-20,VNQ,222,113,1
NN_v1,2,EQUAL_WEIGHT,2024-12-27,VAW,175,93,0
NN_v1,2,EQUAL_WEIGHT,2024-12-27,VDE,371,194,2
NN_v1,2,EQUAL_WEIGHT,2025-01-03,VHT,98,64,1
NN_v1,2,EQUAL_WEIGHT,2025-01-03,VAW,176,93,0
NN_v1,2,EQUAL_WEIGHT,2025-01-10,VAW,177,94,1
NN_v1,2,EQUAL_WEIGHT,2025-01-10,VIS,95,57,1
NN_v1,2,EQUAL_WEIGHT,2025-01-17,VHT,99,65,2
NN_v1,2,EQUAL_WEIGHT,2025-01-17,VDC,34,22,2
NN_v1,2,EQUAL_WEIGHT,2025-01-24,VNQ,223,113,0
NN_v1,2,EQUAL_WEIGHT,2025-01-24,VDC,35,23,3
NN_v1,2,EQUAL_WEIGHT,2025-01-31,VIS,96,58,2
NN_v1,2,EQUAL_WEIGHT,2025-01-31,VDE,372,195,3
NN_v1,2,EQUAL_WEIGHT,2025-02-07,VIS,97,58,0
NN_v1,2,EQUAL_WEIGHT,2025-02-07,VAW,178,95,2
NN_v1,2,EQUAL_WEIGHT,2025-02-14,VIS,98,58,0
NN_v1,2,EQUAL_WEIGHT,2025-02-14,VDE,373,196,4
NN_v1,2,EQUAL_WEIGHT,2025-02-21,VFH,211,110,1
NN_v1,2,EQUAL_WEIGHT,2025-02-21,VNQ,224,114,1
NN_v1,2,EQUAL_WEIGHT,2025-02-28,VGT,179,103,0
NN_v1,2,EQUAL_WEIGHT,2025-02-28,VAW,179,95,0
NN_v1,2,EQUAL_WEIGHT,2025-03-07,VGT,180,103,0
NN_v1,2,EQUAL_WEIGHT,2025-03-07,VCR,112,55,0
NN_v1,2,EQUAL_WEIGHT,2025-03-14,VCR,113,56,1
NN_v1,2,EQUAL_WEIGHT,2025-03-14,VFH,212,111,2
NN_v1,2,EQUAL_WEIGHT,2025-03-21,VCR,114,56,0
NN_v1,2,EQUAL_WEIGHT,2025-03-21,VGT,181,103,0
NN_v1,2,EQUAL_WEIGHT,2025-03-28,VCR,115,56,0
NN_v1,2,EQUAL_WEIGHT,2025-03-28,VGT,182,103,0
NN_v1,2,EQUAL_WEIGHT,2025-04-04,VCR,116,57,1
NN_v1,2,EQUAL_WEIGHT,2025-04-04,VGT,183,104,1
NN_v1,2,EQUAL_WEIGHT,2025-04-11,VDE,374,197,5
NN_v1,2,EQUAL_WEIGHT,2025-04-11,VCR,117,57,0
NN_v1,2,EQUAL_WEIGHT,2025-04-18,VCR,118,58,1
NN_v1,2,EQUAL_WEIGHT,2025-04-18,VGT,184,105,2
NN_v1,2,EQUAL_WEIGHT,2025-04-25,VDE,375,197,0
NN_v1,2,EQUAL_WEIGHT,2025-04-25,VHT,100,66,3
NN_v1,2,EQUAL_WEIGHT,2025-05-02,VDE,376,198,1
NN_v1,2,EQUAL_WEIGHT,2025-05-02,VHT,101,66,0
NN_v1,2,EQUAL_WEIGHT,2025-05-09,VHT,102,67,1
NN_v1,2,EQUAL_WEIGHT,2025-05-09,VDE,377,199,2
NN_v1,2,EQUAL_WEIGHT,2025-05-16,VHT,103,67,0
NN_v1,2,EQUAL_WEIGHT,2025-05-16,VDE,378,199,0
NN_v1,2,EQUAL_WEIGHT,2025-05-23,VDE,379,199,0
NN_v1,2,EQUAL_WEIGHT,2025-05-23,VHT,104,68,1
NN_v1,2,EQUAL_WEIGHT,2025-05-30,VHT,105,69,2
NN_v1,2,EQUAL_WEIGHT,2025-05-30,VDE,380,200,1
NN_v1,2,EQUAL_WEIGHT,2025-06-06,VDE,381,201,2
NN_v1,2,EQUAL_WEIGHT,2025-06-06,VHT,106,70,3
NN_v1,2,EQUAL_WEIGHT,2025-06-13,VNQ,225,114,0
NN_v1,2,EQUAL_WEIGHT,2025-06-13,VHT,107,70,0
NN_v1,2,EQUAL_WEIGHT,2025-06-20,VHT,108,71,1
NN_v1,2,EQUAL_WEIGHT,2025-06-20,VFH,213,112,3
NN_v1,2,EQUAL_WEIGHT,2025-06-27,VHT,109,72,2
NN_v1,2,EQUAL_WEIGHT,2025-06-27,VNQ,226,115,1
NN_v1,2,EQUAL_WEIGHT,2025-07-04,VDE,382,202,3
NN_v1,2,EQUAL_WEIGHT,2025-07-04,VHT,110,72,0
NN_v1,2,EQUAL_WEIGHT,2025-07-11,VHT,111,72,0
NN_v1,2,EQUAL_WEIGHT,2025-07-11,VDC,36,24,4
NN_v1,2,EQUAL_WEIGHT,2025-07-18,VHT,112,73,1
NN_v1,2,EQUAL_WEIGHT,2025-07-18,VDE,383,203,4
NN_v1,2,EQUAL_WEIGHT,2025-07-25,VDE,384,203,0
NN_v1,2,EQUAL_WEIGHT,2025-07-25,VHT,113,73,0
NN_v1,2,EQUAL_WEIGHT,2025-08-01,VDE,385,203,0
NN_v1,2,EQUAL_WEIGHT,2025-08-01,VNQ,227,115,0
NN_v1,2,EQUAL_WEIGHT,2025-08-08,VDE,386,204,1
NN_v1,2,EQUAL_WEIGHT,2025-08-08,VNQ,228,116,1
NN_v1,2,EQUAL_WEIGHT,2025-08-15,VDE,387,205,2
NN_v1,2,EQUAL_WEIGHT,2025-08-15,VDC,37,25,5
NN_v1,2,EQUAL_WEIGHT,2025-08-22,VPU,136,74,0
NN_v1,2,EQUAL_WEIGHT,2025-08-22,VDC,38,25,0
NN_v1,2,EQUAL_WEIGHT,2025-08-29,VDC,39,26,1
NN_v1,2,EQUAL_WEIGHT,2025-08-29,VPU,137,74,0
NN_v1,2,EQUAL_WEIGHT,2025-09-05,VDE,388,206,3
NN_v1,2,EQUAL_WEIGHT,2025-09-05,VDC,40,26,0
NN_v1,2,EQUAL_WEIGHT,2025-09-12,VDE,389,206,0
NN_v1,2,EQUAL_WEIGHT,2025-09-12,VDC,41,26,0
NN_v1,2,EQUAL_WEIGHT,2025-09-19,VDC,42,26,0
NN_v1,2,EQUAL_WEIGHT,2025-09-19,VNQ,229,116,0
NN_v1,2,EQUAL_WEIGHT,2025-09-26,VAW,180,96,1
NN_v1,2,EQUAL_WEIGHT,2025-09-26,VDC,43,26,0
NN_v1,2,EQUAL_WEIGHT,2025-10-03,VDC,44,27,1
NN_v1,2,EQUAL_WEIGHT,2025-10-03,VAW,181,96,0
NN_v1,2,EQUAL_WEIGHT,2025-10-10,VDE,390,206,0
NN_v1,2,EQUAL_WEIGHT,2025-10-10,VOX,149,84,2
NN_v1,2,EQUAL_WEIGHT,2025-10-17,VDE,391,207,1
NN_v1,2,EQUAL_WEIGHT,2025-10-17,VAW,182,96,0
NN_v1,2,EQUAL_WEIGHT,2025-10-24,VFH,214,112,0
NN_v1,2,EQUAL_WEIGHT,2025-10-24,VDC,45,27,0
NN_v1,2,EQUAL_WEIGHT,2025-10-31,VDC,46,28,1
NN_v1,2,EQUAL_WEIGHT,2025-10-31,VAW,183,96,0
NN_v1,2,EQUAL_WEIGHT,2025-11-07,VDC,47,29,2
NN_v1,2,EQUAL_WEIGHT,2025-11-07,VCR,119,58,0
NN_v1,2,EQUAL_WEIGHT,2025-11-14,VCR,120,58,0
NN_v1,2,EQUAL_WEIGHT,2025-11-14,VAW,184,96,0
NN_v1,2,EQUAL_WEIGHT,2025-11-21,VNQ,230,117,1
NN_v1,2,EQUAL_WEIGHT,2025-11-21,VDE,392,208,2
NN_v1,2,EQUAL_WEIGHT,2025-11-28,VGT,185,106,3
NN_v1,2,EQUAL_WEIGHT,2025-11-28,VDE,393,209,3
NN_v1,2,EQUAL_WEIGHT,2025-12-05,VPU,138,74,0
NN_v1,2,EQUAL_WEIGHT,2025-12-05,VNQ,231,117,0
NN_v1,2,EQUAL_WEIGHT,2025-12-12,VOX,150,84,0
NN_v1,2,EQUAL_WEIGHT,2025-12-12,VNQ,232,117,0
NN_v1,2,EQUAL_WEIGHT,2025-12-19,VDE,394,209,0
NN_v1,2,EQUAL_WEIGHT,2025-12-19,VPU,139,75,1
NN_v1,2,EQUAL_WEIGHT,2025-12-26,VDE,395,210,1
NN_v1,2,EQUAL_WEIGHT,2025-12-26,VPU,140,76,2
NN_v1,2,EQUAL_WEIGHT,2026-01-02,VCR,121,59,1
NN_v1,2,EQUAL_WEIGHT,2026-01-02,VGT,186,106,0
NN_v1,2,EQUAL_WEIGHT,2026-01-09,VGT,187,107,1
NN_v1,2,EQUAL_WEIGHT,2026-01-09,VPU,141,77,3
NN_v1,2,EQUAL_WEIGHT,2026-01-16,VGT,188,108,2
NN_v1,2,EQUAL_WEIGHT,2026-01-16,VCR,122,60,2
NN_v1,2,EQUAL_WEIGHT,2026-01-23,VCR,123,60,0
NN_v1,2,EQUAL_WEIGHT,2026-01-23,VGT,189,108,0
NN_v1,2,EQUAL_WEIGHT,2026-01-30,VCR,124,60,0
NN_v1,2,EQUAL_WEIGHT,2026-01-30,VNQ,233,118,1
NN_v1,2,EQUAL_WEIGHT,2026-02-06,VOX,151,84,0
NN_v1,2,EQUAL_WEIGHT,2026-02-06,VPU,142,78,4
NN_v1,2,EQUAL_WEIGHT,2026-02-13,VOX,152,85,1
NN_v1,2,EQUAL_WEIGHT,2026-02-13,VFH,215,113,1
NN_v1,2,EQUAL_WEIGHT,2026-02-20,VFH,216,113,0
NN_v1,2,EQUAL_WEIGHT,2026-02-20,VOX,153,86,2
NN_v1,2,EQUAL_WEIGHT,2026-02-27,VFH,217,113,0
NN_v1,2,EQUAL_WEIGHT,2026-02-27,VCR,125,61,1
NN_v1,2,EQUAL_WEIGHT,2026-03-06,VAW,185,96,0
NN_v1,2,EQUAL_WEIGHT,2026-03-06,VHT,114,73,0
NN_v1,2,EQUAL_WEIGHT,2026-03-13,VHT,115,73,0
NN_v1,2,EQUAL_WEIGHT,2026-03-13,VAW,186,96,0
NN_v1,2,EQUAL_WEIGHT,2026-03-20,VAW,187,97,1
NN_v1,2,EQUAL_WEIGHT,2026-03-20,VCR,126,61,0
NN_v1,2,EQUAL_WEIGHT,2026-03-27,VOX,154,87,3
NN_v1,2,EQUAL_WEIGHT,2026-03-27,VGT,190,109,1
NN_v1,2,EQUAL_WEIGHT,2026-04-03,VDC,48,30,3
NN_v1,2,EQUAL_WEIGHT,2026-04-03,VGT,191,110,2
NN_v1,2,EQUAL_WEIGHT,2026-04-10,VDE,396,210,0
NN_v1,2,EQUAL_WEIGHT,2026-04-10,VDC,49,31,4
NN_v1,2,EQUAL_WEIGHT,2026-04-17,VDE,397,211,1
NN_v1,2,EQUAL_WEIGHT,2026-04-17,VAW,188,98,2
NN_v1,2,EQUAL_WEIGHT,2026-04-24,VHT,116,74,1
NN_v1,2,EQUAL_WEIGHT,2026-04-24,VOX,155,88,4
NN_v1,2,EQUAL_WEIGHT,2026-05-01,VCR,127,62,1
NN_v1,2,EQUAL_WEIGHT,2026-05-01,VFH,218,113,0
NN_v1,2,EQUAL_WEIGHT,2026-05-08,VDE,398,212,2
NN_v1,2,EQUAL_WEIGHT,2026-05-08,VHT,117,75,2
NN_v1,2,EQUAL_WEIGHT,2026-05-15,VAW,189,99,3
NN_v1,2,EQUAL_WEIGHT,2026-05-15,VCR,128,63,2
NN_v1,2,EQUAL_WEIGHT,2026-05-22,VAW,190,100,4
NN_v1,2,EQUAL_WEIGHT,2026-05-22,VDE,399,212,0
NN_v1,2,EQUAL_WEIGHT,2026-05-29,VDE,400,213,1
NN_v1,2,EQUAL_WEIGHT,2026-05-29,VPU,143,79,5
NN_v1,2,EQUAL_WEIGHT,2026-06-05,VDE,401,213,0
NN_v1,2,EQUAL_WEIGHT,2026-06-05,VCR,129,64,3
NN_v1,2,EQUAL_WEIGHT,2026-06-12,VOX,156,88,0
NN_v1,2,EQUAL_WEIGHT,2026-06-12,VCR,130,64,0
NN_v1,2,EQUAL_WEIGHT,2026-06-19,VDE,402,213,0
NN_v1,2,EQUAL_WEIGHT,2026-06-19,VOX,157,88,0
NN_v1,2,EQUAL_WEIGHT,2026-06-26,VDE,403,213,0
NN_v1,2,EQUAL_WEIGHT,2026-06-26,VOX,158,89,1
NN_v1,2,EQUAL_WEIGHT,2026-07-03,VDE,404,214,1
NN_v1,2,EQUAL_WEIGHT,2026-07-03,VGT,192,111,3
NN_v1,2,EQUAL_WEIGHT,2026-07-10,VDE,405,215,2
NN_v1,2,EQUAL_WEIGHT,2026-07-10,VPU,144,79,0
NN_v1,2,EQUAL_WEIGHT,2026-07-17,VGT,193,111,0
NN_v1,2,EQUAL_WEIGHT,2026-07-17,VHT,118,76,3
NN_v1,2,EQUAL_WEIGHT,2026-07-31,VGT,194,112,1
NN_v1,2,EQUAL_WEIGHT,2026-07-31,VOX,159,90,2
NN_v1,2,PAPER_WEIGHT_NORMALIZED,2008-01-04,VFH,1,0,0
NN_v1,2,PAPER_WEIGHT_NORMALIZED,2008-01-04,VNQ,1,1,1
NN_v1,2,PAPER_WEIGHT_NORMALIZED,2008-01-11,VNQ,2,1,0
NN_v1,2,PAPER_WEIGHT_NORMALIZED,2008-01-11,VFH,2,0,0
NN_v1,2,PAPER_WEIGHT_NORMALIZED,2008-01-18,VNQ,3,2,1
NN_v1,2,PAPER_WEIGHT_NORMALIZED,2008-01-18,VFH,3,1,1
NN_v1,2,PAPER_WEIGHT_NORMALIZED,2008-01-25,VOX,1,1,1
NN_v1,2,PAPER_WEIGHT_NORMALIZED,2008-01-25,VPU,1,1,1
NN_v1,2,PAPER_WEIGHT_NORMALIZED,2008-02-01,VGT,1,0,0
NN_v1,2,PAPER_WEIGHT_NORMALIZED,2008-02-01,VHT,1,0,0
NN_v1,2,PAPER_WEIGHT_NORMALIZED,2008-02-08,VGT,2,1,1
NN_v1,2,PAPER_WEIGHT_NORMALIZED,2008-02-08,VOX,2,2,2
NN_v1,2,PAPER_WEIGHT_NORMALIZED,2008-02-15,VFH,4,1,0
NN_v1,2,PAPER_WEIGHT_NORMALIZED,2008-02-15,VNQ,4,2,0
NN_v1,2,PAPER_WEIGHT_NORMALIZED,2008-02-22,VOX,3,2,0
NN_v1,2,PAPER_WEIGHT_NORMALIZED,2008-02-22,VGT,3,1,0
NN_v1,2,PAPER_WEIGHT_NORMALIZED,2008-02-29,VFH,5,1,0
NN_v1,2,PAPER_WEIGHT_NORMALIZED,2008-02-29,VOX,4,2,0
NN_v1,2,PAPER_WEIGHT_NORMALIZED,2008-03-07,VFH,6,1,0
NN_v1,2,PAPER_WEIGHT_NORMALIZED,2008-03-07,VOX,5,2,0
NN_v1,2,PAPER_WEIGHT_NORMALIZED,2008-03-14,VOX,6,3,1
NN_v1,2,PAPER_WEIGHT_NORMALIZED,2008-03-14,VFH,7,2,1
NN_v1,2,PAPER_WEIGHT_NORMALIZED,2008-03-21,VOX,7,4,2
NN_v1,2,PAPER_WEIGHT_NORMALIZED,2008-03-21,VGT,4,1,0
NN_v1,2,PAPER_WEIGHT_NORMALIZED,2008-03-28,VFH,8,3,2
NN_v1,2,PAPER_WEIGHT_NORMALIZED,2008-03-28,VGT,5,2,1
NN_v1,2,PAPER_WEIGHT_NORMALIZED,2008-04-04,VFH,9,3,0
NN_v1,2,PAPER_WEIGHT_NORMALIZED,2008-04-04,VOX,8,4,0
NN_v1,2,PAPER_WEIGHT_NORMALIZED,2008-04-11,VOX,9,5,1
NN_v1,2,PAPER_WEIGHT_NORMALIZED,2008-04-11,VFH,10,4,1
NN_v1,2,PAPER_WEIGHT_NORMALIZED,2008-04-18,VOX,10,6,2
NN_v1,2,PAPER_WEIGHT_NORMALIZED,2008-04-18,VFH,11,5,2
NN_v1,2,PAPER_WEIGHT_NORMALIZED,2008-04-25,VHT,2,1,1
NN_v1,2,PAPER_WEIGHT_NORMALIZED,2008-04-25,VFH,12,6,3
NN_v1,2,PAPER_WEIGHT_NORMALIZED,2008-05-02,VAW,1,1,1
NN_v1,2,PAPER_WEIGHT_NORMALIZED,2008-05-02,VNQ,5,2,0
NN_v1,2,PAPER_WEIGHT_NORMALIZED,2008-05-09,VFH,13,7,4
NN_v1,2,PAPER_WEIGHT_NORMALIZED,2008-05-09,VNQ,6,3,1
NN_v1,2,PAPER_WEIGHT_NORMALIZED,2008-05-16,VFH,14,7,0
NN_v1,2,PAPER_WEIGHT_NORMALIZED,2008-05-16,VOX,11,6,0
NN_v1,2,PAPER_WEIGHT_NORMALIZED,2008-05-23,VFH,15,8,1
NN_v1,2,PAPER_WEIGHT_NORMALIZED,2008-05-23,VIS,1,1,1
NN_v1,2,PAPER_WEIGHT_NORMALIZED,2008-05-30,VFH,16,8,0
NN_v1,2,PAPER_WEIGHT_NORMALIZED,2008-05-30,VAW,2,2,2
NN_v1,2,PAPER_WEIGHT_NORMALIZED,2008-06-06,VFH,17,8,0
NN_v1,2,PAPER_WEIGHT_NORMALIZED,2008-06-06,VNQ,7,3,0
NN_v1,2,PAPER_WEIGHT_NORMALIZED,2008-06-13,VFH,18,8,0
NN_v1,2,PAPER_WEIGHT_NORMALIZED,2008-06-13,VNQ,8,3,0
NN_v1,2,PAPER_WEIGHT_NORMALIZED,2008-06-20,VFH,19,8,0
NN_v1,2,PAPER_WEIGHT_NORMALIZED,2008-06-20,VNQ,9,3,0
NN_v1,2,PAPER_WEIGHT_NORMALIZED,2008-06-27,VFH,20,8,0
NN_v1,2,PAPER_WEIGHT_NORMALIZED,2008-06-27,VNQ,10,3,0
NN_v1,2,PAPER_WEIGHT_NORMALIZED,2008-07-04,VFH,21,8,0
NN_v1,2,PAPER_WEIGHT_NORMALIZED,2008-07-04,VNQ,11,3,0
NN_v1,2,PAPER_WEIGHT_NORMALIZED,2008-07-11,VFH,22,9,1
NN_v1,2,PAPER_WEIGHT_NORMALIZED,2008-07-11,VCR,1,1,1
NN_v1,2,PAPER_WEIGHT_NORMALIZED,2008-07-18,VDE,1,0,0
NN_v1,2,PAPER_WEIGHT_NORMALIZED,2008-07-18,VAW,3,2,0
NN_v1,2,PAPER_WEIGHT_NORMALIZED,2008-07-25,VDE,2,1,1
NN_v1,2,PAPER_WEIGHT_NORMALIZED,2008-07-25,VAW,4,3,1
NN_v1,2,PAPER_WEIGHT_NORMALIZED,2008-08-01,VDE,3,1,0
NN_v1,2,PAPER_WEIGHT_NORMALIZED,2008-08-01,VAW,5,3,0
NN_v1,2,PAPER_WEIGHT_NORMALIZED,2008-08-08,VDE,4,1,0
NN_v1,2,PAPER_WEIGHT_NORMALIZED,2008-08-08,VAW,6,4,1
NN_v1,2,PAPER_WEIGHT_NORMALIZED,2008-08-15,VDE,5,2,1
NN_v1,2,PAPER_WEIGHT_NORMALIZED,2008-08-15,VAW,7,5,2
NN_v1,2,PAPER_WEIGHT_NORMALIZED,2008-08-22,VFH,23,10,2
NN_v1,2,PAPER_WEIGHT_NORMALIZED,2008-08-22,VAW,8,5,0
NN_v1,2,PAPER_WEIGHT_NORMALIZED,2008-08-29,VDE,6,2,0
NN_v1,2,PAPER_WEIGHT_NORMALIZED,2008-08-29,VAW,9,5,0
NN_v1,2,PAPER_WEIGHT_NORMALIZED,2008-09-05,VDE,7,2,0
NN_v1,2,PAPER_WEIGHT_NORMALIZED,2008-09-05,VAW,10,6,1
NN_v1,2,PAPER_WEIGHT_NORMALIZED,2008-09-12,VDE,8,3,1
NN_v1,2,PAPER_WEIGHT_NORMALIZED,2008-09-12,VAW,11,7,2
NN_v1,2,PAPER_WEIGHT_NORMALIZED,2008-09-19,VAW,12,7,0
NN_v1,2,PAPER_WEIGHT_NORMALIZED,2008-09-19,VDE,9,3,0
NN_v1,2,PAPER_WEIGHT_NORMALIZED,2008-09-26,VAW,13,7,0
NN_v1,2,PAPER_WEIGHT_NORMALIZED,2008-09-26,VDE,10,3,0
NN_v1,2,PAPER_WEIGHT_NORMALIZED,2008-10-03,VAW,14,7,0
NN_v1,2,PAPER_WEIGHT_NORMALIZED,2008-10-03,VDE,11,3,0
NN_v1,2,PAPER_WEIGHT_NORMALIZED,2008-10-10,VDE,12,4,1
NN_v1,2,PAPER_WEIGHT_NORMALIZED,2008-10-10,VAW,15,7,0
NN_v1,2,PAPER_WEIGHT_NORMALIZED,2008-10-17,VDE,13,4,0
NN_v1,2,PAPER_WEIGHT_NORMALIZED,2008-10-17,VNQ,12,3,0
NN_v1,2,PAPER_WEIGHT_NORMALIZED,2008-10-24,VNQ,13,4,1
NN_v1,2,PAPER_WEIGHT_NORMALIZED,2008-10-24,VAW,16,8,1
NN_v1,2,PAPER_WEIGHT_NORMALIZED,2008-10-31,VAW,17,8,0
NN_v1,2,PAPER_WEIGHT_NORMALIZED,2008-10-31,VNQ,14,4,0
NN_v1,2,PAPER_WEIGHT_NORMALIZED,2008-11-07,VAW,18,8,0
NN_v1,2,PAPER_WEIGHT_NORMALIZED,2008-11-07,VDE,14,4,0
NN_v1,2,PAPER_WEIGHT_NORMALIZED,2008-11-14,VNQ,15,4,0
NN_v1,2,PAPER_WEIGHT_NORMALIZED,2008-11-14,VAW,19,8,0
NN_v1,2,PAPER_WEIGHT_NORMALIZED,2008-11-21,VNQ,16,5,1
NN_v1,2,PAPER_WEIGHT_NORMALIZED,2008-11-21,VFH,24,11,3
NN_v1,2,PAPER_WEIGHT_NORMALIZED,2008-11-28,VNQ,17,6,2
NN_v1,2,PAPER_WEIGHT_NORMALIZED,2008-11-28,VHT,3,2,2
NN_v1,2,PAPER_WEIGHT_NORMALIZED,2008-12-05,VAW,20,9,1
NN_v1,2,PAPER_WEIGHT_NORMALIZED,2008-12-05,VDE,15,5,1
NN_v1,2,PAPER_WEIGHT_NORMALIZED,2008-12-12,VFH,25,12,4
NN_v1,2,PAPER_WEIGHT_NORMALIZED,2008-12-12,VNQ,18,7,3
NN_v1,2,PAPER_WEIGHT_NORMALIZED,2008-12-19,VFH,26,12,0
NN_v1,2,PAPER_WEIGHT_NORMALIZED,2008-12-19,VDE,16,5,0
NN_v1,2,PAPER_WEIGHT_NORMALIZED,2008-12-26,VFH,27,13,1
NN_v1,2,PAPER_WEIGHT_NORMALIZED,2008-12-26,VNQ,19,8,4
NN_v1,2,PAPER_WEIGHT_NORMALIZED,2009-01-02,VNQ,20,8,0
NN_v1,2,PAPER_WEIGHT_NORMALIZED,2009-01-02,VFH,28,13,0
NN_v1,2,PAPER_WEIGHT_NORMALIZED,2009-01-09,VNQ,21,8,0
NN_v1,2,PAPER_WEIGHT_NORMALIZED,2009-01-09,VHT,4,3,3
NN_v1,2,PAPER_WEIGHT_NORMALIZED,2009-01-16,VFH,29,13,0
NN_v1,2,PAPER_WEIGHT_NORMALIZED,2009-01-16,VNQ,22,8,0
NN_v1,2,PAPER_WEIGHT_NORMALIZED,2009-01-23,VFH,30,14,1
NN_v1,2,PAPER_WEIGHT_NORMALIZED,2009-01-23,VNQ,23,8,0
NN_v1,2,PAPER_WEIGHT_NORMALIZED,2009-01-30,VFH,31,15,2
NN_v1,2,PAPER_WEIGHT_NORMALIZED,2009-01-30,VCR,2,2,2
NN_v1,2,PAPER_WEIGHT_NORMALIZED,2009-02-06,VDC,1,0,0
NN_v1,2,PAPER_WEIGHT_NORMALIZED,2009-02-06,VNQ,24,8,0
NN_v1,2,PAPER_WEIGHT_NORMALIZED,2009-02-13,VNQ,25,8,0
NN_v1,2,PAPER_WEIGHT_NORMALIZED,2009-02-13,VDC,2,0,0
NN_v1,2,PAPER_WEIGHT_NORMALIZED,2009-02-20,VFH,32,15,0
NN_v1,2,PAPER_WEIGHT_NORMALIZED,2009-02-20,VNQ,26,8,0
NN_v1,2,PAPER_WEIGHT_NORMALIZED,2009-02-27,VFH,33,15,0
NN_v1,2,PAPER_WEIGHT_NORMALIZED,2009-02-27,VPU,2,1,0
NN_v1,2,PAPER_WEIGHT_NORMALIZED,2009-03-06,VHT,5,4,4
NN_v1,2,PAPER_WEIGHT_NORMALIZED,2009-03-06,VFH,34,16,1
NN_v1,2,PAPER_WEIGHT_NORMALIZED,2009-03-13,VPU,3,2,1
NN_v1,2,PAPER_WEIGHT_NORMALIZED,2009-03-13,VDE,17,6,1
NN_v1,2,PAPER_WEIGHT_NORMALIZED,2009-03-20,VNQ,27,8,0
NN_v1,2,PAPER_WEIGHT_NORMALIZED,2009-03-20,VHT,6,5,5
NN_v1,2,PAPER_WEIGHT_NORMALIZED,2009-03-27,VNQ,28,9,1
NN_v1,2,PAPER_WEIGHT_NORMALIZED,2009-03-27,VHT,7,5,0
NN_v1,2,PAPER_WEIGHT_NORMALIZED,2009-04-03,VHT,8,6,1
NN_v1,2,PAPER_WEIGHT_NORMALIZED,2009-04-03,VPU,4,3,2
NN_v1,2,PAPER_WEIGHT_NORMALIZED,2009-04-10,VHT,9,7,2
NN_v1,2,PAPER_WEIGHT_NORMALIZED,2009-04-10,VPU,5,3,0
NN_v1,2,PAPER_WEIGHT_NORMALIZED,2009-04-17,VPU,6,3,0
NN_v1,2,PAPER_WEIGHT_NORMALIZED,2009-04-17,VDE,18,7,2
NN_v1,2,PAPER_WEIGHT_NORMALIZED,2009-04-24,VPU,7,4,1
NN_v1,2,PAPER_WEIGHT_NORMALIZED,2009-04-24,VHT,10,8,3
NN_v1,2,PAPER_WEIGHT_NORMALIZED,2009-05-01,VHT,11,9,4
NN_v1,2,PAPER_WEIGHT_NORMALIZED,2009-05-01,VPU,8,5,2
NN_v1,2,PAPER_WEIGHT_NORMALIZED,2009-05-08,VHT,12,10,5
NN_v1,2,PAPER_WEIGHT_NORMALIZED,2009-05-08,VPU,9,5,0
NN_v1,2,PAPER_WEIGHT_NORMALIZED,2009-05-15,VCR,3,2,0
NN_v1,2,PAPER_WEIGHT_NORMALIZED,2009-05-15,VDE,19,8,3
NN_v1,2,PAPER_WEIGHT_NORMALIZED,2009-05-22,VFH,35,17,2
NN_v1,2,PAPER_WEIGHT_NORMALIZED,2009-05-22,VIS,2,2,2
NN_v1,2,PAPER_WEIGHT_NORMALIZED,2009-05-29,VPU,10,6,1
NN_v1,2,PAPER_WEIGHT_NORMALIZED,2009-05-29,VHT,13,10,0
NN_v1,2,PAPER_WEIGHT_NORMALIZED,2009-06-05,VHT,14,11,1
NN_v1,2,PAPER_WEIGHT_NORMALIZED,2009-06-05,VPU,11,7,2
NN_v1,2,PAPER_WEIGHT_NORMALIZED,2009-06-12,VHT,15,12,2
NN_v1,2,PAPER_WEIGHT_NORMALIZED,2009-06-12,VDC,3,0,0
NN_v1,2,PAPER_WEIGHT_NORMALIZED,2009-06-19,VDE,20,8,0
NN_v1,2,PAPER_WEIGHT_NORMALIZED,2009-06-19,VAW,21,10,2
NN_v1,2,PAPER_WEIGHT_NORMALIZED,2009-06-26,VAW,22,10,0
NN_v1,2,PAPER_WEIGHT_NORMALIZED,2009-06-26,VDE,21,8,0
NN_v1,2,PAPER_WEIGHT_NORMALIZED,2009-07-03,VAW,23,10,0
NN_v1,2,PAPER_WEIGHT_NORMALIZED,2009-07-03,VFH,36,17,0
NN_v1,2,PAPER_WEIGHT_NORMALIZED,2009-07-10,VFH,37,18,1
NN_v1,2,PAPER_WEIGHT_NORMALIZED,2009-07-10,VNQ,29,10,2
NN_v1,2,PAPER_WEIGHT_NORMALIZED,2009-07-17,VNQ,30,11,3
NN_v1,2,PAPER_WEIGHT_NORMALIZED,2009-07-17,VFH,38,19,2
NN_v1,2,PAPER_WEIGHT_NORMALIZED,2009-07-24,VFH,39,20,3
NN_v1,2,PAPER_WEIGHT_NORMALIZED,2009-07-24,VOX,12,7,1
NN_v1,2,PAPER_WEIGHT_NORMALIZED,2009-07-31,VDE,22,8,0
NN_v1,2,PAPER_WEIGHT_NORMALIZED,2009-07-31,VOX,13,7,0
NN_v1,2,PAPER_WEIGHT_NORMALIZED,2009-08-07,VDE,23,9,1
NN_v1,2,PAPER_WEIGHT_NORMALIZED,2009-08-07,VOX,14,7,0
NN_v1,2,PAPER_WEIGHT_NORMALIZED,2009-08-14,VDE,24,10,2
NN_v1,2,PAPER_WEIGHT_NORMALIZED,2009-08-14,VOX,15,8,1
NN_v1,2,PAPER_WEIGHT_NORMALIZED,2009-08-21,VNQ,31,12,4
NN_v1,2,PAPER_WEIGHT_NORMALIZED,2009-08-21,VCR,4,3,1
NN_v1,2,PAPER_WEIGHT_NORMALIZED,2009-08-28,VIS,3,3,3
NN_v1,2,PAPER_WEIGHT_NORMALIZED,2009-08-28,VAW,24,11,1
NN_v1,2,PAPER_WEIGHT_NORMALIZED,2009-09-04,VDE,25,11,3
NN_v1,2,PAPER_WEIGHT_NORMALIZED,2009-09-04,VNQ,32,13,5
NN_v1,2,PAPER_WEIGHT_NORMALIZED,2009-09-11,VFH,40,21,4
NN_v1,2,PAPER_WEIGHT_NORMALIZED,2009-09-11,VPU,12,8,3
NN_v1,2,PAPER_WEIGHT_NORMALIZED,2009-09-18,VOX,16,9,2
NN_v1,2,PAPER_WEIGHT_NORMALIZED,2009-09-18,VPU,13,8,0
NN_v1,2,PAPER_WEIGHT_NORMALIZED,2009-09-25,VDE,26,11,0
NN_v1,2,PAPER_WEIGHT_NORMALIZED,2009-09-25,VAW,25,11,0
NN_v1,2,PAPER_WEIGHT_NORMALIZED,2009-10-02,VNQ,33,14,6
NN_v1,2,PAPER_WEIGHT_NORMALIZED,2009-10-02,VFH,41,22,5
NN_v1,2,PAPER_WEIGHT_NORMALIZED,2009-10-09,VNQ,34,14,0
NN_v1,2,PAPER_WEIGHT_NORMALIZED,2009-10-09,VPU,14,9,1
NN_v1,2,PAPER_WEIGHT_NORMALIZED,2009-10-16,VNQ,35,14,0
NN_v1,2,PAPER_WEIGHT_NORMALIZED,2009-10-16,VPU,15,9,0
NN_v1,2,PAPER_WEIGHT_NORMALIZED,2009-10-23,VNQ,36,14,0
NN_v1,2,PAPER_WEIGHT_NORMALIZED,2009-10-23,VFH,42,22,0
NN_v1,2,PAPER_WEIGHT_NORMALIZED,2009-10-30,VDE,27,12,1
NN_v1,2,PAPER_WEIGHT_NORMALIZED,2009-10-30,VIS,4,4,4
NN_v1,2,PAPER_WEIGHT_NORMALIZED,2009-11-06,VNQ,37,15,1
NN_v1,2,PAPER_WEIGHT_NORMALIZED,2009-11-06,VFH,43,23,1
NN_v1,2,PAPER_WEIGHT_NORMALIZED,2009-11-13,VFH,44,23,0
NN_v1,2,PAPER_WEIGHT_NORMALIZED,2009-11-13,VNQ,38,15,0
NN_v1,2,PAPER_WEIGHT_NORMALIZED,2009-11-20,VFH,45,23,0
NN_v1,2,PAPER_WEIGHT_NORMALIZED,2009-11-20,VNQ,39,15,0
NN_v1,2,PAPER_WEIGHT_NORMALIZED,2009-11-27,VNQ,40,16,1
NN_v1,2,PAPER_WEIGHT_NORMALIZED,2009-11-27,VFH,46,24,1
NN_v1,2,PAPER_WEIGHT_NORMALIZED,2009-12-04,VDE,28,12,0
NN_v1,2,PAPER_WEIGHT_NORMALIZED,2009-12-04,VAW,26,12,1
NN_v1,2,PAPER_WEIGHT_NORMALIZED,2009-12-11,VFH,47,24,0
NN_v1,2,PAPER_WEIGHT_NORMALIZED,2009-12-11,VNQ,41,17,2
NN_v1,2,PAPER_WEIGHT_NORMALIZED,2009-12-18,VFH,48,25,1
NN_v1,2,PAPER_WEIGHT_NORMALIZED,2009-12-18,VNQ,42,18,3
NN_v1,2,PAPER_WEIGHT_NORMALIZED,2009-12-25,VFH,49,25,0
NN_v1,2,PAPER_WEIGHT_NORMALIZED,2009-12-25,VDC,4,0,0
NN_v1,2,PAPER_WEIGHT_NORMALIZED,2010-01-01,VFH,50,26,1
NN_v1,2,PAPER_WEIGHT_NORMALIZED,2010-01-01,VIS,5,5,5
NN_v1,2,PAPER_WEIGHT_NORMALIZED,2010-01-08,VDC,5,1,1
NN_v1,2,PAPER_WEIGHT_NORMALIZED,2010-01-08,VNQ,43,18,0
NN_v1,2,PAPER_WEIGHT_NORMALIZED,2010-01-15,VNQ,44,18,0
NN_v1,2,PAPER_WEIGHT_NORMALIZED,2010-01-15,VGT,6,2,0
NN_v1,2,PAPER_WEIGHT_NORMALIZED,2010-01-22,VIS,6,5,0
NN_v1,2,PAPER_WEIGHT_NORMALIZED,2010-01-22,VFH,51,26,0
NN_v1,2,PAPER_WEIGHT_NORMALIZED,2010-01-29,VNQ,45,18,0
NN_v1,2,PAPER_WEIGHT_NORMALIZED,2010-01-29,VFH,52,26,0
NN_v1,2,PAPER_WEIGHT_NORMALIZED,2010-02-05,VGT,7,3,1
NN_v1,2,PAPER_WEIGHT_NORMALIZED,2010-02-05,VNQ,46,18,0
NN_v1,2,PAPER_WEIGHT_NORMALIZED,2010-02-12,VFH,53,27,1
NN_v1,2,PAPER_WEIGHT_NORMALIZED,2010-02-12,VHT,16,13,3
NN_v1,2,PAPER_WEIGHT_NORMALIZED,2010-02-19,VDE,29,12,0
NN_v1,2,PAPER_WEIGHT_NORMALIZED,2010-02-19,VHT,17,13,0
NN_v1,2,PAPER_WEIGHT_NORMALIZED,2010-02-26,VAW,27,13,2
NN_v1,2,PAPER_WEIGHT_NORMALIZED,2010-02-26,VOX,17,10,3
NN_v1,2,PAPER_WEIGHT_NORMALIZED,2010-03-05,VPU,16,9,0
NN_v1,2,PAPER_WEIGHT_NORMALIZED,2010-03-05,VOX,18,11,4
NN_v1,2,PAPER_WEIGHT_NORMALIZED,2010-03-12,VPU,17,10,1
NN_v1,2,PAPER_WEIGHT_NORMALIZED,2010-03-12,VDC,6,2,2
NN_v1,2,PAPER_WEIGHT_NORMALIZED,2010-03-19,VAW,28,14,3
NN_v1,2,PAPER_WEIGHT_NORMALIZED,2010-03-19,VGT,8,4,2
NN_v1,2,PAPER_WEIGHT_NORMALIZED,2010-03-26,VDE,30,13,1
NN_v1,2,PAPER_WEIGHT_NORMALIZED,2010-03-26,VPU,18,11,2
NN_v1,2,PAPER_WEIGHT_NORMALIZED,2010-04-02,VDE,31,14,2
NN_v1,2,PAPER_WEIGHT_NORMALIZED,2010-04-02,VPU,19,12,3
NN_v1,2,PAPER_WEIGHT_NORMALIZED,2010-04-09,VPU,20,12,0
NN_v1,2,PAPER_WEIGHT_NORMALIZED,2010-04-09,VGT,9,5,3
NN_v1,2,PAPER_WEIGHT_NORMALIZED,2010-04-16,VHT,18,13,0
NN_v1,2,PAPER_WEIGHT_NORMALIZED,2010-04-16,VPU,21,13,1
NN_v1,2,PAPER_WEIGHT_NORMALIZED,2010-04-23,VHT,19,13,0
NN_v1,2,PAPER_WEIGHT_NORMALIZED,2010-04-23,VPU,22,13,0
NN_v1,2,PAPER_WEIGHT_NORMALIZED,2010-04-30,VDC,7,2,0
NN_v1,2,PAPER_WEIGHT_NORMALIZED,2010-04-30,VHT,20,13,0
NN_v1,2,PAPER_WEIGHT_NORMALIZED,2010-05-07,VPU,23,14,1
NN_v1,2,PAPER_WEIGHT_NORMALIZED,2010-05-07,VDC,8,2,0
NN_v1,2,PAPER_WEIGHT_NORMALIZED,2010-05-14,VCR,5,3,0
NN_v1,2,PAPER_WEIGHT_NORMALIZED,2010-05-14,VAW,29,14,0
NN_v1,2,PAPER_WEIGHT_NORMALIZED,2010-05-21,VDC,9,2,0
NN_v1,2,PAPER_WEIGHT_NORMALIZED,2010-05-21,VOX,19,12,5
NN_v1,2,PAPER_WEIGHT_NORMALIZED,2010-05-28,VIS,7,5,0
NN_v1,2,PAPER_WEIGHT_NORMALIZED,2010-05-28,VPU,24,14,0
NN_v1,2,PAPER_WEIGHT_NORMALIZED,2010-06-04,VDC,10,3,1
NN_v1,2,PAPER_WEIGHT_NORMALIZED,2010-06-04,VOX,20,13,6
NN_v1,2,PAPER_WEIGHT_NORMALIZED,2010-06-11,VIS,8,6,1
NN_v1,2,PAPER_WEIGHT_NORMALIZED,2010-06-11,VCR,6,3,0
NN_v1,2,PAPER_WEIGHT_NORMALIZED,2010-06-18,VCR,7,3,0
NN_v1,2,PAPER_WEIGHT_NORMALIZED,2010-06-18,VDC,11,3,0
NN_v1,2,PAPER_WEIGHT_NORMALIZED,2010-06-25,VNQ,47,18,0
NN_v1,2,PAPER_WEIGHT_NORMALIZED,2010-06-25,VPU,25,14,0
NN_v1,2,PAPER_WEIGHT_NORMALIZED,2010-07-02,VPU,26,15,1
NN_v1,2,PAPER_WEIGHT_NORMALIZED,2010-07-02,VDE,32,15,3
NN_v1,2,PAPER_WEIGHT_NORMALIZED,2010-07-09,VNQ,48,18,0
NN_v1,2,PAPER_WEIGHT_NORMALIZED,2010-07-09,VCR,8,3,0
NN_v1,2,PAPER_WEIGHT_NORMALIZED,2010-07-16,VNQ,49,19,1
NN_v1,2,PAPER_WEIGHT_NORMALIZED,2010-07-16,VOX,21,14,7
NN_v1,2,PAPER_WEIGHT_NORMALIZED,2010-07-23,VFH,54,28,2
NN_v1,2,PAPER_WEIGHT_NORMALIZED,2010-07-23,VHT,21,14,1
NN_v1,2,PAPER_WEIGHT_NORMALIZED,2010-07-30,VHT,22,15,2
NN_v1,2,PAPER_WEIGHT_NORMALIZED,2010-07-30,VGT,10,6,4
NN_v1,2,PAPER_WEIGHT_NORMALIZED,2010-08-06,VNQ,50,19,0
NN_v1,2,PAPER_WEIGHT_NORMALIZED,2010-08-06,VGT,11,6,0
NN_v1,2,PAPER_WEIGHT_NORMALIZED,2010-08-13,VNQ,51,19,0
NN_v1,2,PAPER_WEIGHT_NORMALIZED,2010-08-13,VIS,9,7,2
NN_v1,2,PAPER_WEIGHT_NORMALIZED,2010-08-20,VNQ,52,20,1
NN_v1,2,PAPER_WEIGHT_NORMALIZED,2010-08-20,VIS,10,7,0
NN_v1,2,PAPER_WEIGHT_NORMALIZED,2010-08-27,VCR,9,4,1
NN_v1,2,PAPER_WEIGHT_NORMALIZED,2010-08-27,VIS,11,8,1
NN_v1,2,PAPER_WEIGHT_NORMALIZED,2010-09-03,VGT,12,6,0
NN_v1,2,PAPER_WEIGHT_NORMALIZED,2010-09-03,VHT,23,16,3
NN_v1,2,PAPER_WEIGHT_NORMALIZED,2010-09-10,VNQ,53,21,2
NN_v1,2,PAPER_WEIGHT_NORMALIZED,2010-09-10,VGT,13,7,1
NN_v1,2,PAPER_WEIGHT_NORMALIZED,2010-09-17,VNQ,54,21,0
NN_v1,2,PAPER_WEIGHT_NORMALIZED,2010-09-17,VDE,33,16,4
NN_v1,2,PAPER_WEIGHT_NORMALIZED,2010-09-24,VPU,27,16,2
NN_v1,2,PAPER_WEIGHT_NORMALIZED,2010-09-24,VFH,55,28,0
NN_v1,2,PAPER_WEIGHT_NORMALIZED,2010-10-01,VDC,12,4,1
NN_v1,2,PAPER_WEIGHT_NORMALIZED,2010-10-01,VFH,56,29,1
NN_v1,2,PAPER_WEIGHT_NORMALIZED,2010-10-08,VGT,14,8,2
NN_v1,2,PAPER_WEIGHT_NORMALIZED,2010-10-08,VFH,57,29,0
NN_v1,2,PAPER_WEIGHT_NORMALIZED,2010-10-15,VIS,12,9,2
NN_v1,2,PAPER_WEIGHT_NORMALIZED,2010-10-15,VFH,58,30,1
NN_v1,2,PAPER_WEIGHT_NORMALIZED,2010-10-22,VFH,59,30,0
NN_v1,2,PAPER_WEIGHT_NORMALIZED,2010-10-22,VPU,28,16,0
NN_v1,2,PAPER_WEIGHT_NORMALIZED,2010-10-29,VPU,29,17,1
NN_v1,2,PAPER_WEIGHT_NORMALIZED,2010-10-29,VHT,24,17,4
NN_v1,2,PAPER_WEIGHT_NORMALIZED,2010-11-05,VPU,30,17,0
NN_v1,2,PAPER_WEIGHT_NORMALIZED,2010-11-05,VHT,25,17,0
NN_v1,2,PAPER_WEIGHT_NORMALIZED,2010-11-12,VDC,13,5,2
NN_v1,2,PAPER_WEIGHT_NORMALIZED,2010-11-12,VPU,31,17,0
NN_v1,2,PAPER_WEIGHT_NORMALIZED,2010-11-19,VPU,32,17,0
NN_v1,2,PAPER_WEIGHT_NORMALIZED,2010-11-19,VNQ,55,22,1
NN_v1,2,PAPER_WEIGHT_NORMALIZED,2010-11-26,VNQ,56,23,2
NN_v1,2,PAPER_WEIGHT_NORMALIZED,2010-11-26,VAW,30,15,1
NN_v1,2,PAPER_WEIGHT_NORMALIZED,2010-12-03,VNQ,57,23,0
NN_v1,2,PAPER_WEIGHT_NORMALIZED,2010-12-03,VPU,33,17,0
NN_v1,2,PAPER_WEIGHT_NORMALIZED,2010-12-10,VNQ,58,23,0
NN_v1,2,PAPER_WEIGHT_NORMALIZED,2010-12-10,VPU,34,18,1
NN_v1,2,PAPER_WEIGHT_NORMALIZED,2010-12-17,VNQ,59,24,1
NN_v1,2,PAPER_WEIGHT_NORMALIZED,2010-12-17,VPU,35,18,0
NN_v1,2,PAPER_WEIGHT_NORMALIZED,2010-12-24,VNQ,60,25,2
NN_v1,2,PAPER_WEIGHT_NORMALIZED,2010-12-24,VPU,36,18,0
NN_v1,2,PAPER_WEIGHT_NORMALIZED,2010-12-31,VHT,26,18,1
NN_v1,2,PAPER_WEIGHT_NORMALIZED,2010-12-31,VIS,13,10,3
NN_v1,2,PAPER_WEIGHT_NORMALIZED,2011-01-07,VIS,14,11,4
NN_v1,2,PAPER_WEIGHT_NORMALIZED,2011-01-07,VFH,60,31,1
NN_v1,2,PAPER_WEIGHT_NORMALIZED,2011-01-14,VNQ,61,25,0
NN_v1,2,PAPER_WEIGHT_NORMALIZED,2011-01-14,VFH,61,31,0
NN_v1,2,PAPER_WEIGHT_NORMALIZED,2011-01-21,VAW,31,16,2
NN_v1,2,PAPER_WEIGHT_NORMALIZED,2011-01-21,VNQ,62,26,1
NN_v1,2,PAPER_WEIGHT_NORMALIZED,2011-01-28,VFH,62,32,1
NN_v1,2,PAPER_WEIGHT_NORMALIZED,2011-01-28,VGT,15,9,3
NN_v1,2,PAPER_WEIGHT_NORMALIZED,2011-02-04,VFH,63,33,2
NN_v1,2,PAPER_WEIGHT_NORMALIZED,2011-02-04,VGT,16,10,4
NN_v1,2,PAPER_WEIGHT_NORMALIZED,2011-02-11,VNQ,63,27,2
NN_v1,2,PAPER_WEIGHT_NORMALIZED,2011-02-11,VDE,34,17,5
NN_v1,2,PAPER_WEIGHT_NORMALIZED,2011-02-18,VAW,32,16,0
NN_v1,2,PAPER_WEIGHT_NORMALIZED,2011-02-18,VGT,17,10,0
NN_v1,2,PAPER_WEIGHT_NORMALIZED,2011-02-25,VGT,18,10,0
NN_v1,2,PAPER_WEIGHT_NORMALIZED,2011-02-25,VNQ,64,27,0
NN_v1,2,PAPER_WEIGHT_NORMALIZED,2011-03-04,VIS,15,11,0
NN_v1,2,PAPER_WEIGHT_NORMALIZED,2011-03-04,VAW,33,16,0
NN_v1,2,PAPER_WEIGHT_NORMALIZED,2011-03-11,VAW,34,17,1
NN_v1,2,PAPER_WEIGHT_NORMALIZED,2011-03-11,VGT,19,10,0
NN_v1,2,PAPER_WEIGHT_NORMALIZED,2011-03-18,VGT,20,11,1
NN_v1,2,PAPER_WEIGHT_NORMALIZED,2011-03-18,VCR,10,5,2
NN_v1,2,PAPER_WEIGHT_NORMALIZED,2011-03-25,VAW,35,18,2
NN_v1,2,PAPER_WEIGHT_NORMALIZED,2011-03-25,VHT,27,19,2
NN_v1,2,PAPER_WEIGHT_NORMALIZED,2011-04-01,VIS,16,11,0
NN_v1,2,PAPER_WEIGHT_NORMALIZED,2011-04-01,VAW,36,18,0
NN_v1,2,PAPER_WEIGHT_NORMALIZED,2011-04-08,VAW,37,18,0
NN_v1,2,PAPER_WEIGHT_NORMALIZED,2011-04-08,VDE,35,17,0
NN_v1,2,PAPER_WEIGHT_NORMALIZED,2011-04-15,VDE,36,18,1
NN_v1,2,PAPER_WEIGHT_NORMALIZED,2011-04-15,VAW,38,19,1
NN_v1,2,PAPER_WEIGHT_NORMALIZED,2011-04-22,VAW,39,20,2
NN_v1,2,PAPER_WEIGHT_NORMALIZED,2011-04-22,VDE,37,19,2
NN_v1,2,PAPER_WEIGHT_NORMALIZED,2011-04-29,VNQ,65,27,0
NN_v1,2,PAPER_WEIGHT_NORMALIZED,2011-04-29,VDE,38,19,0
NN_v1,2,PAPER_WEIGHT_NORMALIZED,2011-05-06,VDE,39,19,0
NN_v1,2,PAPER_WEIGHT_NORMALIZED,2011-05-06,VAW,40,20,0
NN_v1,2,PAPER_WEIGHT_NORMALIZED,2011-05-13,VDE,40,20,1
NN_v1,2,PAPER_WEIGHT_NORMALIZED,2011-05-13,VAW,41,21,1
NN_v1,2,PAPER_WEIGHT_NORMALIZED,2011-05-20,VDE,41,21,2
NN_v1,2,PAPER_WEIGHT_NORMALIZED,2011-05-20,VAW,42,22,2
NN_v1,2,PAPER_WEIGHT_NORMALIZED,2011-05-27,VGT,21,11,0
NN_v1,2,PAPER_WEIGHT_NORMALIZED,2011-05-27,VDE,42,21,0
NN_v1,2,PAPER_WEIGHT_NORMALIZED,2011-06-03,VHT,28,19,0
NN_v1,2,PAPER_WEIGHT_NORMALIZED,2011-06-03,VPU,37,18,0
NN_v1,2,PAPER_WEIGHT_NORMALIZED,2011-06-10,VHT,29,20,1
NN_v1,2,PAPER_WEIGHT_NORMALIZED,2011-06-10,VPU,38,19,1
NN_v1,2,PAPER_WEIGHT_NORMALIZED,2011-06-17,VDE,43,21,0
NN_v1,2,PAPER_WEIGHT_NORMALIZED,2011-06-17,VAW,43,23,3
NN_v1,2,PAPER_WEIGHT_NORMALIZED,2011-06-24,VDE,44,22,1
NN_v1,2,PAPER_WEIGHT_NORMALIZED,2011-06-24,VIS,17,12,1
NN_v1,2,PAPER_WEIGHT_NORMALIZED,2011-07-01,VDE,45,23,2
NN_v1,2,PAPER_WEIGHT_NORMALIZED,2011-07-01,VOX,22,15,8
NN_v1,2,PAPER_WEIGHT_NORMALIZED,2011-07-08,VDE,46,24,3
NN_v1,2,PAPER_WEIGHT_NORMALIZED,2011-07-08,VAW,44,23,0
NN_v1,2,PAPER_WEIGHT_NORMALIZED,2011-07-15,VDE,47,25,4
NN_v1,2,PAPER_WEIGHT_NORMALIZED,2011-07-15,VAW,45,24,1
NN_v1,2,PAPER_WEIGHT_NORMALIZED,2011-07-22,VNQ,66,27,0
NN_v1,2,PAPER_WEIGHT_NORMALIZED,2011-07-22,VDE,48,25,0
NN_v1,2,PAPER_WEIGHT_NORMALIZED,2011-07-29,VPU,39,19,0
NN_v1,2,PAPER_WEIGHT_NORMALIZED,2011-07-29,VDE,49,25,0
NN_v1,2,PAPER_WEIGHT_NORMALIZED,2011-08-05,VNQ,67,28,1
NN_v1,2,PAPER_WEIGHT_NORMALIZED,2011-08-05,VOX,23,16,9
NN_v1,2,PAPER_WEIGHT_NORMALIZED,2011-08-12,VDE,50,25,0
NN_v1,2,PAPER_WEIGHT_NORMALIZED,2011-08-12,VNQ,68,28,0
NN_v1,2,PAPER_WEIGHT_NORMALIZED,2011-08-19,VGT,22,12,1
NN_v1,2,PAPER_WEIGHT_NORMALIZED,2011-08-19,VCR,11,6,3
NN_v1,2,PAPER_WEIGHT_NORMALIZED,2011-08-26,VGT,23,12,0
NN_v1,2,PAPER_WEIGHT_NORMALIZED,2011-08-26,VNQ,69,28,0
NN_v1,2,PAPER_WEIGHT_NORMALIZED,2011-09-02,VNQ,70,29,1
NN_v1,2,PAPER_WEIGHT_NORMALIZED,2011-09-02,VCR,12,7,4
NN_v1,2,PAPER_WEIGHT_NORMALIZED,2011-09-09,VNQ,71,30,2
NN_v1,2,PAPER_WEIGHT_NORMALIZED,2011-09-09,VCR,13,8,5
NN_v1,2,PAPER_WEIGHT_NORMALIZED,2011-09-16,VAW,46,24,0
NN_v1,2,PAPER_WEIGHT_NORMALIZED,2011-09-16,VDE,51,25,0
NN_v1,2,PAPER_WEIGHT_NORMALIZED,2011-09-23,VNQ,72,30,0
NN_v1,2,PAPER_WEIGHT_NORMALIZED,2011-09-23,VDE,52,25,0
NN_v1,2,PAPER_WEIGHT_NORMALIZED,2011-09-30,VAW,47,25,1
NN_v1,2,PAPER_WEIGHT_NORMALIZED,2011-09-30,VCR,14,9,6
NN_v1,2,PAPER_WEIGHT_NORMALIZED,2011-10-07,VOX,24,17,10
NN_v1,2,PAPER_WEIGHT_NORMALIZED,2011-10-07,VNQ,73,31,1
NN_v1,2,PAPER_WEIGHT_NORMALIZED,2011-10-14,VIS,18,13,2
NN_v1,2,PAPER_WEIGHT_NORMALIZED,2011-10-14,VNQ,74,32,2
NN_v1,2,PAPER_WEIGHT_NORMALIZED,2011-10-21,VIS,19,14,3
NN_v1,2,PAPER_WEIGHT_NORMALIZED,2011-10-21,VDE,53,26,1
NN_v1,2,PAPER_WEIGHT_NORMALIZED,2011-10-28,VIS,20,14,0
NN_v1,2,PAPER_WEIGHT_NORMALIZED,2011-10-28,VGT,24,12,0
NN_v1,2,PAPER_WEIGHT_NORMALIZED,2011-11-04,VGT,25,13,1
NN_v1,2,PAPER_WEIGHT_NORMALIZED,2011-11-04,VPU,40,20,1
NN_v1,2,PAPER_WEIGHT_NORMALIZED,2011-11-11,VDE,54,26,0
NN_v1,2,PAPER_WEIGHT_NORMALIZED,2011-11-11,VIS,21,14,0
NN_v1,2,PAPER_WEIGHT_NORMALIZED,2011-11-18,VPU,41,20,0
NN_v1,2,PAPER_WEIGHT_NORMALIZED,2011-11-18,VDC,14,5,0
NN_v1,2,PAPER_WEIGHT_NORMALIZED,2011-11-25,VGT,26,14,2
NN_v1,2,PAPER_WEIGHT_NORMALIZED,2011-11-25,VPU,42,21,1
NN_v1,2,PAPER_WEIGHT_NORMALIZED,2011-12-02,VAW,48,25,0
NN_v1,2,PAPER_WEIGHT_NORMALIZED,2011-12-02,VDE,55,26,0
NN_v1,2,PAPER_WEIGHT_NORMALIZED,2011-12-09,VIS,22,14,0
NN_v1,2,PAPER_WEIGHT_NORMALIZED,2011-12-09,VDE,56,26,0
NN_v1,2,PAPER_WEIGHT_NORMALIZED,2011-12-16,VNQ,75,33,3
NN_v1,2,PAPER_WEIGHT_NORMALIZED,2011-12-16,VHT,30,21,2
NN_v1,2,PAPER_WEIGHT_NORMALIZED,2011-12-23,VDE,57,26,0
NN_v1,2,PAPER_WEIGHT_NORMALIZED,2011-12-23,VFH,64,33,0
NN_v1,2,PAPER_WEIGHT_NORMALIZED,2011-12-30,VNQ,76,33,0
NN_v1,2,PAPER_WEIGHT_NORMALIZED,2011-12-30,VGT,27,15,3
NN_v1,2,PAPER_WEIGHT_NORMALIZED,2012-01-06,VFH,65,34,1
NN_v1,2,PAPER_WEIGHT_NORMALIZED,2012-01-06,VIS,23,15,1
NN_v1,2,PAPER_WEIGHT_NORMALIZED,2012-01-13,VAW,49,26,1
NN_v1,2,PAPER_WEIGHT_NORMALIZED,2012-01-13,VDE,58,27,1
NN_v1,2,PAPER_WEIGHT_NORMALIZED,2012-01-20,VAW,50,27,2
NN_v1,2,PAPER_WEIGHT_NORMALIZED,2012-01-20,VFH,66,35,2
NN_v1,2,PAPER_WEIGHT_NORMALIZED,2012-01-27,VAW,51,28,3
NN_v1,2,PAPER_WEIGHT_NORMALIZED,2012-01-27,VFH,67,36,3
NN_v1,2,PAPER_WEIGHT_NORMALIZED,2012-02-03,VDE,59,28,2
NN_v1,2,PAPER_WEIGHT_NORMALIZED,2012-02-03,VFH,68,36,0
NN_v1,2,PAPER_WEIGHT_NORMALIZED,2012-02-10,VGT,28,16,4
NN_v1,2,PAPER_WEIGHT_NORMALIZED,2012-02-10,VAW,52,29,4
NN_v1,2,PAPER_WEIGHT_NORMALIZED,2012-02-17,VAW,53,29,0
NN_v1,2,PAPER_WEIGHT_NORMALIZED,2012-02-17,VDE,60,29,3
NN_v1,2,PAPER_WEIGHT_NORMALIZED,2012-02-24,VGT,29,17,5
NN_v1,2,PAPER_WEIGHT_NORMALIZED,2012-02-24,VAW,54,29,0
NN_v1,2,PAPER_WEIGHT_NORMALIZED,2012-03-02,VGT,30,18,6
NN_v1,2,PAPER_WEIGHT_NORMALIZED,2012-03-02,VDE,61,29,0
NN_v1,2,PAPER_WEIGHT_NORMALIZED,2012-03-09,VDE,62,30,1
NN_v1,2,PAPER_WEIGHT_NORMALIZED,2012-03-09,VFH,69,37,1
NN_v1,2,PAPER_WEIGHT_NORMALIZED,2012-03-16,VDE,63,30,0
NN_v1,2,PAPER_WEIGHT_NORMALIZED,2012-03-16,VIS,24,15,0
NN_v1,2,PAPER_WEIGHT_NORMALIZED,2012-03-23,VDE,64,30,0
NN_v1,2,PAPER_WEIGHT_NORMALIZED,2012-03-23,VIS,25,15,0
NN_v1,2,PAPER_WEIGHT_NORMALIZED,2012-03-30,VDE,65,30,0
NN_v1,2,PAPER_WEIGHT_NORMALIZED,2012-03-30,VFH,70,37,0
NN_v1,2,PAPER_WEIGHT_NORMALIZED,2012-04-06,VFH,71,37,0
NN_v1,2,PAPER_WEIGHT_NORMALIZED,2012-04-06,VDE,66,30,0
NN_v1,2,PAPER_WEIGHT_NORMALIZED,2012-04-13,VFH,72,37,0
NN_v1,2,PAPER_WEIGHT_NORMALIZED,2012-04-13,VNQ,77,34,1
NN_v1,2,PAPER_WEIGHT_NORMALIZED,2012-04-20,VDE,67,31,1
NN_v1,2,PAPER_WEIGHT_NORMALIZED,2012-04-20,VFH,73,38,1
NN_v1,2,PAPER_WEIGHT_NORMALIZED,2012-04-27,VCR,15,9,0
NN_v1,2,PAPER_WEIGHT_NORMALIZED,2012-04-27,VNQ,78,34,0
NN_v1,2,PAPER_WEIGHT_NORMALIZED,2012-05-04,VFH,74,38,0
NN_v1,2,PAPER_WEIGHT_NORMALIZED,2012-05-04,VAW,55,29,0
NN_v1,2,PAPER_WEIGHT_NORMALIZED,2012-05-11,VFH,75,38,0
NN_v1,2,PAPER_WEIGHT_NORMALIZED,2012-05-11,VDE,68,31,0
NN_v1,2,PAPER_WEIGHT_NORMALIZED,2012-05-18,VFH,76,39,1
NN_v1,2,PAPER_WEIGHT_NORMALIZED,2012-05-18,VGT,31,19,7
NN_v1,2,PAPER_WEIGHT_NORMALIZED,2012-05-25,VFH,77,39,0
NN_v1,2,PAPER_WEIGHT_NORMALIZED,2012-05-25,VDE,69,31,0
NN_v1,2,PAPER_WEIGHT_NORMALIZED,2012-06-01,VCR,16,10,1
NN_v1,2,PAPER_WEIGHT_NORMALIZED,2012-06-01,VFH,78,40,1
NN_v1,2,PAPER_WEIGHT_NORMALIZED,2012-06-08,VDE,70,32,1
NN_v1,2,PAPER_WEIGHT_NORMALIZED,2012-06-08,VAW,56,29,0
NN_v1,2,PAPER_WEIGHT_NORMALIZED,2012-06-15,VAW,57,30,1
NN_v1,2,PAPER_WEIGHT_NORMALIZED,2012-06-15,VFH,79,41,2
NN_v1,2,PAPER_WEIGHT_NORMALIZED,2012-06-22,VDE,71,33,2
NN_v1,2,PAPER_WEIGHT_NORMALIZED,2012-06-22,VFH,80,42,3
NN_v1,2,PAPER_WEIGHT_NORMALIZED,2012-06-29,VFH,81,42,0
NN_v1,2,PAPER_WEIGHT_NORMALIZED,2012-06-29,VDE,72,33,0
NN_v1,2,PAPER_WEIGHT_NORMALIZED,2012-07-06,VFH,82,43,1
NN_v1,2,PAPER_WEIGHT_NORMALIZED,2012-07-06,VAW,58,30,0
NN_v1,2,PAPER_WEIGHT_NORMALIZED,2012-07-13,VFH,83,43,0
NN_v1,2,PAPER_WEIGHT_NORMALIZED,2012-07-13,VDE,73,34,1
NN_v1,2,PAPER_WEIGHT_NORMALIZED,2012-07-20,VNQ,79,35,1
NN_v1,2,PAPER_WEIGHT_NORMALIZED,2012-07-20,VAW,59,31,1
NN_v1,2,PAPER_WEIGHT_NORMALIZED,2012-07-27,VDE,74,35,2
NN_v1,2,PAPER_WEIGHT_NORMALIZED,2012-07-27,VFH,84,44,1
NN_v1,2,PAPER_WEIGHT_NORMALIZED,2012-08-03,VDE,75,36,3
NN_v1,2,PAPER_WEIGHT_NORMALIZED,2012-08-03,VFH,85,45,2
NN_v1,2,PAPER_WEIGHT_NORMALIZED,2012-08-10,VDE,76,37,4
NN_v1,2,PAPER_WEIGHT_NORMALIZED,2012-08-10,VAW,60,32,2
NN_v1,2,PAPER_WEIGHT_NORMALIZED,2012-08-17,VDE,77,37,0
NN_v1,2,PAPER_WEIGHT_NORMALIZED,2012-08-17,VGT,32,19,0
NN_v1,2,PAPER_WEIGHT_NORMALIZED,2012-08-24,VDE,78,37,0
NN_v1,2,PAPER_WEIGHT_NORMALIZED,2012-08-24,VAW,61,32,0
NN_v1,2,PAPER_WEIGHT_NORMALIZED,2012-08-31,VGT,33,20,1
NN_v1,2,PAPER_WEIGHT_NORMALIZED,2012-08-31,VCR,17,11,2
NN_v1,2,PAPER_WEIGHT_NORMALIZED,2012-09-07,VCR,18,12,3
NN_v1,2,PAPER_WEIGHT_NORMALIZED,2012-09-07,VDE,79,38,1
NN_v1,2,PAPER_WEIGHT_NORMALIZED,2012-09-14,VPU,43,21,0
NN_v1,2,PAPER_WEIGHT_NORMALIZED,2012-09-14,VFH,86,45,0
NN_v1,2,PAPER_WEIGHT_NORMALIZED,2012-09-21,VAW,62,32,0
NN_v1,2,PAPER_WEIGHT_NORMALIZED,2012-09-21,VCR,19,12,0
NN_v1,2,PAPER_WEIGHT_NORMALIZED,2012-09-28,VCR,20,13,1
NN_v1,2,PAPER_WEIGHT_NORMALIZED,2012-09-28,VAW,63,33,1
NN_v1,2,PAPER_WEIGHT_NORMALIZED,2012-10-05,VFH,87,45,0
NN_v1,2,PAPER_WEIGHT_NORMALIZED,2012-10-05,VAW,64,33,0
NN_v1,2,PAPER_WEIGHT_NORMALIZED,2012-10-12,VOX,25,17,0
NN_v1,2,PAPER_WEIGHT_NORMALIZED,2012-10-12,VFH,88,46,1
NN_v1,2,PAPER_WEIGHT_NORMALIZED,2012-10-19,VGT,34,20,0
NN_v1,2,PAPER_WEIGHT_NORMALIZED,2012-10-19,VFH,89,46,0
NN_v1,2,PAPER_WEIGHT_NORMALIZED,2012-10-26,VHT,31,21,0
NN_v1,2,PAPER_WEIGHT_NORMALIZED,2012-10-26,VFH,90,47,1
NN_v1,2,PAPER_WEIGHT_NORMALIZED,2012-11-02,VFH,91,47,0
NN_v1,2,PAPER_WEIGHT_NORMALIZED,2012-11-02,VIS,26,15,0
NN_v1,2,PAPER_WEIGHT_NORMALIZED,2012-11-09,VAW,65,33,0
NN_v1,2,PAPER_WEIGHT_NORMALIZED,2012-11-09,VFH,92,47,0
NN_v1,2,PAPER_WEIGHT_NORMALIZED,2012-11-16,VFH,93,48,1
NN_v1,2,PAPER_WEIGHT_NORMALIZED,2012-11-16,VAW,66,34,1
NN_v1,2,PAPER_WEIGHT_NORMALIZED,2012-11-23,VPU,44,22,1
NN_v1,2,PAPER_WEIGHT_NORMALIZED,2012-11-23,VAW,67,35,2
NN_v1,2,PAPER_WEIGHT_NORMALIZED,2012-11-30,VCR,21,13,0
NN_v1,2,PAPER_WEIGHT_NORMALIZED,2012-11-30,VAW,68,35,0
NN_v1,2,PAPER_WEIGHT_NORMALIZED,2012-12-07,VCR,22,13,0
NN_v1,2,PAPER_WEIGHT_NORMALIZED,2012-12-07,VIS,27,16,1
NN_v1,2,PAPER_WEIGHT_NORMALIZED,2012-12-14,VIS,28,16,0
NN_v1,2,PAPER_WEIGHT_NORMALIZED,2012-12-14,VAW,69,35,0
NN_v1,2,PAPER_WEIGHT_NORMALIZED,2012-12-21,VGT,35,20,0
NN_v1,2,PAPER_WEIGHT_NORMALIZED,2012-12-21,VNQ,80,35,0
NN_v1,2,PAPER_WEIGHT_NORMALIZED,2012-12-28,VFH,94,49,2
NN_v1,2,PAPER_WEIGHT_NORMALIZED,2012-12-28,VIS,29,17,1
NN_v1,2,PAPER_WEIGHT_NORMALIZED,2013-01-04,VFH,95,50,3
NN_v1,2,PAPER_WEIGHT_NORMALIZED,2013-01-04,VDE,80,39,2
NN_v1,2,PAPER_WEIGHT_NORMALIZED,2013-01-11,VIS,30,18,2
NN_v1,2,PAPER_WEIGHT_NORMALIZED,2013-01-11,VFH,96,51,4
NN_v1,2,PAPER_WEIGHT_NORMALIZED,2013-01-18,VIS,31,19,3
NN_v1,2,PAPER_WEIGHT_NORMALIZED,2013-01-18,VAW,70,36,1
NN_v1,2,PAPER_WEIGHT_NORMALIZED,2013-01-25,VDE,81,40,3
NN_v1,2,PAPER_WEIGHT_NORMALIZED,2013-01-25,VIS,32,19,0
NN_v1,2,PAPER_WEIGHT_NORMALIZED,2013-02-01,VDE,82,41,4
NN_v1,2,PAPER_WEIGHT_NORMALIZED,2013-02-01,VIS,33,20,1
NN_v1,2,PAPER_WEIGHT_NORMALIZED,2013-02-08,VDE,83,41,0
NN_v1,2,PAPER_WEIGHT_NORMALIZED,2013-02-08,VIS,34,21,2
NN_v1,2,PAPER_WEIGHT_NORMALIZED,2013-02-15,VFH,97,51,0
NN_v1,2,PAPER_WEIGHT_NORMALIZED,2013-02-15,VIS,35,21,0
NN_v1,2,PAPER_WEIGHT_NORMALIZED,2013-02-22,VDE,84,41,0
NN_v1,2,PAPER_WEIGHT_NORMALIZED,2013-02-22,VIS,36,21,0
NN_v1,2,PAPER_WEIGHT_NORMALIZED,2013-03-01,VIS,37,22,1
NN_v1,2,PAPER_WEIGHT_NORMALIZED,2013-03-01,VHT,32,22,1
NN_v1,2,PAPER_WEIGHT_NORMALIZED,2013-03-08,VIS,38,23,2
NN_v1,2,PAPER_WEIGHT_NORMALIZED,2013-03-08,VCR,23,14,1
NN_v1,2,PAPER_WEIGHT_NORMALIZED,2013-03-15,VFH,98,51,0
NN_v1,2,PAPER_WEIGHT_NORMALIZED,2013-03-15,VPU,45,22,0
NN_v1,2,PAPER_WEIGHT_NORMALIZED,2013-03-22,VFH,99,51,0
NN_v1,2,PAPER_WEIGHT_NORMALIZED,2013-03-22,VHT,33,23,2
NN_v1,2,PAPER_WEIGHT_NORMALIZED,2013-03-29,VCR,24,14,0
NN_v1,2,PAPER_WEIGHT_NORMALIZED,2013-03-29,VPU,46,23,1
NN_v1,2,PAPER_WEIGHT_NORMALIZED,2013-04-05,VAW,71,37,2
NN_v1,2,PAPER_WEIGHT_NORMALIZED,2013-04-05,VGT,36,21,1
NN_v1,2,PAPER_WEIGHT_NORMALIZED,2013-04-12,VAW,72,37,0
NN_v1,2,PAPER_WEIGHT_NORMALIZED,2013-04-12,VFH,100,51,0
NN_v1,2,PAPER_WEIGHT_NORMALIZED,2013-04-19,VIS,39,24,3
NN_v1,2,PAPER_WEIGHT_NORMALIZED,2013-04-19,VGT,37,22,2
NN_v1,2,PAPER_WEIGHT_NORMALIZED,2013-04-26,VAW,73,38,1
NN_v1,2,PAPER_WEIGHT_NORMALIZED,2013-04-26,VIS,40,25,4
NN_v1,2,PAPER_WEIGHT_NORMALIZED,2013-05-03,VOX,26,18,1
NN_v1,2,PAPER_WEIGHT_NORMALIZED,2013-05-03,VGT,38,23,3
NN_v1,2,PAPER_WEIGHT_NORMALIZED,2013-05-10,VCR,25,15,1
NN_v1,2,PAPER_WEIGHT_NORMALIZED,2013-05-10,VGT,39,24,4
NN_v1,2,PAPER_WEIGHT_NORMALIZED,2013-05-17,VOX,27,18,0
NN_v1,2,PAPER_WEIGHT_NORMALIZED,2013-05-17,VGT,40,24,0
NN_v1,2,PAPER_WEIGHT_NORMALIZED,2013-05-24,VOX,28,18,0
NN_v1,2,PAPER_WEIGHT_NORMALIZED,2013-05-24,VNQ,81,35,0
NN_v1,2,PAPER_WEIGHT_NORMALIZED,2013-05-31,VGT,41,24,0
NN_v1,2,PAPER_WEIGHT_NORMALIZED,2013-05-31,VNQ,82,35,0
NN_v1,2,PAPER_WEIGHT_NORMALIZED,2013-06-07,VNQ,83,35,0
NN_v1,2,PAPER_WEIGHT_NORMALIZED,2013-06-07,VFH,101,51,0
NN_v1,2,PAPER_WEIGHT_NORMALIZED,2013-06-14,VCR,26,15,0
NN_v1,2,PAPER_WEIGHT_NORMALIZED,2013-06-14,VNQ,84,35,0
NN_v1,2,PAPER_WEIGHT_NORMALIZED,2013-06-21,VCR,27,16,1
NN_v1,2,PAPER_WEIGHT_NORMALIZED,2013-06-21,VNQ,85,36,1
NN_v1,2,PAPER_WEIGHT_NORMALIZED,2013-06-28,VAW,74,39,2
NN_v1,2,PAPER_WEIGHT_NORMALIZED,2013-06-28,VIS,41,26,5
NN_v1,2,PAPER_WEIGHT_NORMALIZED,2013-07-05,VPU,47,24,2
NN_v1,2,PAPER_WEIGHT_NORMALIZED,2013-07-05,VNQ,86,37,2
NN_v1,2,PAPER_WEIGHT_NORMALIZED,2013-07-12,VNQ,87,38,3
NN_v1,2,PAPER_WEIGHT_NORMALIZED,2013-07-12,VPU,48,25,3
NN_v1,2,PAPER_WEIGHT_NORMALIZED,2013-07-19,VNQ,88,38,0
NN_v1,2,PAPER_WEIGHT_NORMALIZED,2013-07-19,VPU,49,25,0
NN_v1,2,PAPER_WEIGHT_NORMALIZED,2013-07-26,VOX,29,18,0
NN_v1,2,PAPER_WEIGHT_NORMALIZED,2013-07-26,VNQ,89,38,0
NN_v1,2,PAPER_WEIGHT_NORMALIZED,2013-08-02,VNQ,90,39,1
NN_v1,2,PAPER_WEIGHT_NORMALIZED,2013-08-02,VPU,50,25,0
NN_v1,2,PAPER_WEIGHT_NORMALIZED,2013-08-09,VNQ,91,39,0
NN_v1,2,PAPER_WEIGHT_NORMALIZED,2013-08-09,VCR,28,16,0
NN_v1,2,PAPER_WEIGHT_NORMALIZED,2013-08-16,VNQ,92,40,1
NN_v1,2,PAPER_WEIGHT_NORMALIZED,2013-08-16,VIS,42,27,6
NN_v1,2,PAPER_WEIGHT_NORMALIZED,2013-08-23,VNQ,93,40,0
NN_v1,2,PAPER_WEIGHT_NORMALIZED,2013-08-23,VCR,29,16,0
NN_v1,2,PAPER_WEIGHT_NORMALIZED,2013-08-30,VCR,30,17,1
NN_v1,2,PAPER_WEIGHT_NORMALIZED,2013-08-30,VOX,30,18,0
NN_v1,2,PAPER_WEIGHT_NORMALIZED,2013-09-06,VNQ,94,41,1
NN_v1,2,PAPER_WEIGHT_NORMALIZED,2013-09-06,VPU,51,26,1
NN_v1,2,PAPER_WEIGHT_NORMALIZED,2013-09-13,VNQ,95,42,2
NN_v1,2,PAPER_WEIGHT_NORMALIZED,2013-09-13,VPU,52,27,2
NN_v1,2,PAPER_WEIGHT_NORMALIZED,2013-09-20,VNQ,96,42,0
NN_v1,2,PAPER_WEIGHT_NORMALIZED,2013-09-20,VIS,43,27,0
NN_v1,2,PAPER_WEIGHT_NORMALIZED,2013-09-27,VNQ,97,42,0
NN_v1,2,PAPER_WEIGHT_NORMALIZED,2013-09-27,VGT,42,25,1
NN_v1,2,PAPER_WEIGHT_NORMALIZED,2013-10-04,VNQ,98,43,1
NN_v1,2,PAPER_WEIGHT_NORMALIZED,2013-10-04,VAW,75,40,3
NN_v1,2,PAPER_WEIGHT_NORMALIZED,2013-10-11,VNQ,99,44,2
NN_v1,2,PAPER_WEIGHT_NORMALIZED,2013-10-11,VIS,44,28,1
NN_v1,2,PAPER_WEIGHT_NORMALIZED,2013-10-18,VNQ,100,45,3
NN_v1,2,PAPER_WEIGHT_NORMALIZED,2013-10-18,VOX,31,19,1
NN_v1,2,PAPER_WEIGHT_NORMALIZED,2013-10-25,VNQ,101,45,0
NN_v1,2,PAPER_WEIGHT_NORMALIZED,2013-10-25,VIS,45,29,2
NN_v1,2,PAPER_WEIGHT_NORMALIZED,2013-11-01,VNQ,102,45,0
NN_v1,2,PAPER_WEIGHT_NORMALIZED,2013-11-01,VOX,32,19,0
NN_v1,2,PAPER_WEIGHT_NORMALIZED,2013-11-08,VNQ,103,46,1
NN_v1,2,PAPER_WEIGHT_NORMALIZED,2013-11-08,VIS,46,30,3
NN_v1,2,PAPER_WEIGHT_NORMALIZED,2013-11-15,VIS,47,31,4
NN_v1,2,PAPER_WEIGHT_NORMALIZED,2013-11-15,VNQ,104,46,0
NN_v1,2,PAPER_WEIGHT_NORMALIZED,2013-11-22,VNQ,105,46,0
NN_v1,2,PAPER_WEIGHT_NORMALIZED,2013-11-22,VIS,48,32,5
NN_v1,2,PAPER_WEIGHT_NORMALIZED,2013-11-29,VNQ,106,47,1
NN_v1,2,PAPER_WEIGHT_NORMALIZED,2013-11-29,VPU,53,28,3
NN_v1,2,PAPER_WEIGHT_NORMALIZED,2013-12-06,VNQ,107,47,0
NN_v1,2,PAPER_WEIGHT_NORMALIZED,2013-12-06,VGT,43,25,0
NN_v1,2,PAPER_WEIGHT_NORMALIZED,2013-12-13,VIS,49,33,6
NN_v1,2,PAPER_WEIGHT_NORMALIZED,2013-12-13,VCR,31,18,2
NN_v1,2,PAPER_WEIGHT_NORMALIZED,2013-12-20,VNQ,108,47,0
NN_v1,2,PAPER_WEIGHT_NORMALIZED,2013-12-20,VGT,44,26,1
NN_v1,2,PAPER_WEIGHT_NORMALIZED,2013-12-27,VNQ,109,48,1
NN_v1,2,PAPER_WEIGHT_NORMALIZED,2013-12-27,VGT,45,26,0
NN_v1,2,PAPER_WEIGHT_NORMALIZED,2014-01-03,VNQ,110,49,2
NN_v1,2,PAPER_WEIGHT_NORMALIZED,2014-01-03,VPU,54,29,4
NN_v1,2,PAPER_WEIGHT_NORMALIZED,2014-01-10,VNQ,111,50,3
NN_v1,2,PAPER_WEIGHT_NORMALIZED,2014-01-10,VOX,33,20,1
NN_v1,2,PAPER_WEIGHT_NORMALIZED,2014-01-17,VNQ,112,50,0
NN_v1,2,PAPER_WEIGHT_NORMALIZED,2014-01-17,VOX,34,20,0
NN_v1,2,PAPER_WEIGHT_NORMALIZED,2014-01-24,VOX,35,20,0
NN_v1,2,PAPER_WEIGHT_NORMALIZED,2014-01-24,VFH,102,51,0
NN_v1,2,PAPER_WEIGHT_NORMALIZED,2014-01-31,VIS,50,34,7
NN_v1,2,PAPER_WEIGHT_NORMALIZED,2014-01-31,VFH,103,52,1
NN_v1,2,PAPER_WEIGHT_NORMALIZED,2014-02-07,VOX,36,21,1
NN_v1,2,PAPER_WEIGHT_NORMALIZED,2014-02-07,VGT,46,27,1
NN_v1,2,PAPER_WEIGHT_NORMALIZED,2014-02-14,VOX,37,22,2
NN_v1,2,PAPER_WEIGHT_NORMALIZED,2014-02-14,VDE,85,42,1
NN_v1,2,PAPER_WEIGHT_NORMALIZED,2014-02-21,VFH,104,53,2
NN_v1,2,PAPER_WEIGHT_NORMALIZED,2014-02-21,VCR,32,19,3
NN_v1,2,PAPER_WEIGHT_NORMALIZED,2014-02-28,VOX,38,23,3
NN_v1,2,PAPER_WEIGHT_NORMALIZED,2014-02-28,VDC,15,6,1
NN_v1,2,PAPER_WEIGHT_NORMALIZED,2014-03-07,VOX,39,23,0
NN_v1,2,PAPER_WEIGHT_NORMALIZED,2014-03-07,VCR,33,19,0
NN_v1,2,PAPER_WEIGHT_NORMALIZED,2014-03-14,VCR,34,19,0
NN_v1,2,PAPER_WEIGHT_NORMALIZED,2014-03-14,VDC,16,6,0
NN_v1,2,PAPER_WEIGHT_NORMALIZED,2014-03-21,VCR,35,19,0
NN_v1,2,PAPER_WEIGHT_NORMALIZED,2014-03-21,VAW,76,40,0
NN_v1,2,PAPER_WEIGHT_NORMALIZED,2014-03-28,VAW,77,41,1
NN_v1,2,PAPER_WEIGHT_NORMALIZED,2014-03-28,VFH,105,53,0
NN_v1,2,PAPER_WEIGHT_NORMALIZED,2014-04-04,VFH,106,53,0
NN_v1,2,PAPER_WEIGHT_NORMALIZED,2014-04-04,VGT,47,27,0
NN_v1,2,PAPER_WEIGHT_NORMALIZED,2014-04-11,VOX,40,24,1
NN_v1,2,PAPER_WEIGHT_NORMALIZED,2014-04-11,VIS,51,35,8
NN_v1,2,PAPER_WEIGHT_NORMALIZED,2014-04-18,VCR,36,19,0
NN_v1,2,PAPER_WEIGHT_NORMALIZED,2014-04-18,VHT,34,24,3
NN_v1,2,PAPER_WEIGHT_NORMALIZED,2014-04-25,VFH,107,54,1
NN_v1,2,PAPER_WEIGHT_NORMALIZED,2014-04-25,VIS,52,36,9
NN_v1,2,PAPER_WEIGHT_NORMALIZED,2014-05-02,VIS,53,37,10
NN_v1,2,PAPER_WEIGHT_NORMALIZED,2014-05-02,VGT,48,27,0
NN_v1,2,PAPER_WEIGHT_NORMALIZED,2014-05-09,VIS,54,37,0
NN_v1,2,PAPER_WEIGHT_NORMALIZED,2014-05-09,VHT,35,25,4
NN_v1,2,PAPER_WEIGHT_NORMALIZED,2014-05-16,VHT,36,26,5
NN_v1,2,PAPER_WEIGHT_NORMALIZED,2014-05-16,VGT,49,28,1
NN_v1,2,PAPER_WEIGHT_NORMALIZED,2014-05-23,VOX,41,25,2
NN_v1,2,PAPER_WEIGHT_NORMALIZED,2014-05-23,VCR,37,20,1
NN_v1,2,PAPER_WEIGHT_NORMALIZED,2014-05-30,VHT,37,27,6
NN_v1,2,PAPER_WEIGHT_NORMALIZED,2014-05-30,VGT,50,29,2
NN_v1,2,PAPER_WEIGHT_NORMALIZED,2014-06-06,VHT,38,27,0
NN_v1,2,PAPER_WEIGHT_NORMALIZED,2014-06-06,VCR,38,20,0
NN_v1,2,PAPER_WEIGHT_NORMALIZED,2014-06-13,VHT,39,28,1
NN_v1,2,PAPER_WEIGHT_NORMALIZED,2014-06-13,VFH,108,55,2
NN_v1,2,PAPER_WEIGHT_NORMALIZED,2014-06-20,VCR,39,21,1
NN_v1,2,PAPER_WEIGHT_NORMALIZED,2014-06-20,VFH,109,55,0
NN_v1,2,PAPER_WEIGHT_NORMALIZED,2014-06-27,VFH,110,56,1
NN_v1,2,PAPER_WEIGHT_NORMALIZED,2014-06-27,VHT,40,29,2
NN_v1,2,PAPER_WEIGHT_NORMALIZED,2014-07-04,VPU,55,30,5
NN_v1,2,PAPER_WEIGHT_NORMALIZED,2014-07-04,VOX,42,25,0
NN_v1,2,PAPER_WEIGHT_NORMALIZED,2014-07-11,VPU,56,30,0
NN_v1,2,PAPER_WEIGHT_NORMALIZED,2014-07-11,VCR,40,21,0
NN_v1,2,PAPER_WEIGHT_NORMALIZED,2014-07-18,VCR,41,21,0
NN_v1,2,PAPER_WEIGHT_NORMALIZED,2014-07-18,VHT,41,30,3
NN_v1,2,PAPER_WEIGHT_NORMALIZED,2014-07-25,VOX,43,25,0
NN_v1,2,PAPER_WEIGHT_NORMALIZED,2014-07-25,VCR,42,21,0
NN_v1,2,PAPER_WEIGHT_NORMALIZED,2014-08-01,VNQ,113,50,0
NN_v1,2,PAPER_WEIGHT_NORMALIZED,2014-08-01,VCR,43,22,1
NN_v1,2,PAPER_WEIGHT_NORMALIZED,2014-08-08,VAW,78,42,2
NN_v1,2,PAPER_WEIGHT_NORMALIZED,2014-08-08,VNQ,114,51,1
NN_v1,2,PAPER_WEIGHT_NORMALIZED,2014-08-15,VOX,44,25,0
NN_v1,2,PAPER_WEIGHT_NORMALIZED,2014-08-15,VIS,55,38,1
NN_v1,2,PAPER_WEIGHT_NORMALIZED,2014-08-22,VDE,86,43,2
NN_v1,2,PAPER_WEIGHT_NORMALIZED,2014-08-22,VOX,45,26,1
NN_v1,2,PAPER_WEIGHT_NORMALIZED,2014-08-29,VPU,57,31,1
NN_v1,2,PAPER_WEIGHT_NORMALIZED,2014-08-29,VFH,111,57,2
NN_v1,2,PAPER_WEIGHT_NORMALIZED,2014-09-05,VIS,56,38,0
NN_v1,2,PAPER_WEIGHT_NORMALIZED,2014-09-05,VDE,87,43,0
NN_v1,2,PAPER_WEIGHT_NORMALIZED,2014-09-12,VFH,112,58,3
NN_v1,2,PAPER_WEIGHT_NORMALIZED,2014-09-12,VIS,57,39,1
NN_v1,2,PAPER_WEIGHT_NORMALIZED,2014-09-19,VPU,58,31,0
NN_v1,2,PAPER_WEIGHT_NORMALIZED,2014-09-19,VDE,88,43,0
NN_v1,2,PAPER_WEIGHT_NORMALIZED,2014-09-26,VNQ,115,52,2
NN_v1,2,PAPER_WEIGHT_NORMALIZED,2014-09-26,VIS,58,39,0
NN_v1,2,PAPER_WEIGHT_NORMALIZED,2014-10-03,VOX,46,26,0
NN_v1,2,PAPER_WEIGHT_NORMALIZED,2014-10-03,VFH,113,58,0
NN_v1,2,PAPER_WEIGHT_NORMALIZED,2014-10-10,VOX,47,27,1
NN_v1,2,PAPER_WEIGHT_NORMALIZED,2014-10-10,VDE,89,43,0
NN_v1,2,PAPER_WEIGHT_NORMALIZED,2014-10-17,VDE,90,44,1
NN_v1,2,PAPER_WEIGHT_NORMALIZED,2014-10-17,VFH,114,59,1
NN_v1,2,PAPER_WEIGHT_NORMALIZED,2014-10-24,VDE,91,45,2
NN_v1,2,PAPER_WEIGHT_NORMALIZED,2014-10-24,VOX,48,28,2
NN_v1,2,PAPER_WEIGHT_NORMALIZED,2014-10-31,VDE,92,46,3
NN_v1,2,PAPER_WEIGHT_NORMALIZED,2014-10-31,VIS,59,40,1
NN_v1,2,PAPER_WEIGHT_NORMALIZED,2014-11-07,VDE,93,46,0
NN_v1,2,PAPER_WEIGHT_NORMALIZED,2014-11-07,VAW,79,43,3
NN_v1,2,PAPER_WEIGHT_NORMALIZED,2014-11-14,VDE,94,47,1
NN_v1,2,PAPER_WEIGHT_NORMALIZED,2014-11-14,VHT,42,31,4
NN_v1,2,PAPER_WEIGHT_NORMALIZED,2014-11-21,VDE,95,47,0
NN_v1,2,PAPER_WEIGHT_NORMALIZED,2014-11-21,VGT,51,30,3
NN_v1,2,PAPER_WEIGHT_NORMALIZED,2014-11-28,VDE,96,48,1
NN_v1,2,PAPER_WEIGHT_NORMALIZED,2014-11-28,VAW,80,44,4
NN_v1,2,PAPER_WEIGHT_NORMALIZED,2014-12-05,VDE,97,48,0
NN_v1,2,PAPER_WEIGHT_NORMALIZED,2014-12-05,VAW,81,44,0
NN_v1,2,PAPER_WEIGHT_NORMALIZED,2014-12-12,VDE,98,49,1
NN_v1,2,PAPER_WEIGHT_NORMALIZED,2014-12-12,VCR,44,22,0
NN_v1,2,PAPER_WEIGHT_NORMALIZED,2014-12-19,VAW,82,45,1
NN_v1,2,PAPER_WEIGHT_NORMALIZED,2014-12-19,VDE,99,49,0
NN_v1,2,PAPER_WEIGHT_NORMALIZED,2014-12-26,VDE,100,49,0
NN_v1,2,PAPER_WEIGHT_NORMALIZED,2014-12-26,VAW,83,45,0
NN_v1,2,PAPER_WEIGHT_NORMALIZED,2015-01-02,VAW,84,45,0
NN_v1,2,PAPER_WEIGHT_NORMALIZED,2015-01-02,VDC,17,7,1
NN_v1,2,PAPER_WEIGHT_NORMALIZED,2015-01-09,VDE,101,49,0
NN_v1,2,PAPER_WEIGHT_NORMALIZED,2015-01-09,VPU,59,32,1
NN_v1,2,PAPER_WEIGHT_NORMALIZED,2015-01-16,VDE,102,50,1
NN_v1,2,PAPER_WEIGHT_NORMALIZED,2015-01-16,VAW,85,45,0
NN_v1,2,PAPER_WEIGHT_NORMALIZED,2015-01-23,VDE,103,50,0
NN_v1,2,PAPER_WEIGHT_NORMALIZED,2015-01-23,VAW,86,45,0
NN_v1,2,PAPER_WEIGHT_NORMALIZED,2015-01-30,VCR,45,23,1
NN_v1,2,PAPER_WEIGHT_NORMALIZED,2015-01-30,VGT,52,31,4
NN_v1,2,PAPER_WEIGHT_NORMALIZED,2015-02-06,VDE,104,51,1
NN_v1,2,PAPER_WEIGHT_NORMALIZED,2015-02-06,VOX,49,29,3
NN_v1,2,PAPER_WEIGHT_NORMALIZED,2015-02-13,VPU,60,33,2
NN_v1,2,PAPER_WEIGHT_NORMALIZED,2015-02-13,VDE,105,51,0
NN_v1,2,PAPER_WEIGHT_NORMALIZED,2015-02-20,VOX,50,30,4
NN_v1,2,PAPER_WEIGHT_NORMALIZED,2015-02-20,VDE,106,51,0
NN_v1,2,PAPER_WEIGHT_NORMALIZED,2015-02-27,VDE,107,51,0
NN_v1,2,PAPER_WEIGHT_NORMALIZED,2015-02-27,VOX,51,30,0
NN_v1,2,PAPER_WEIGHT_NORMALIZED,2015-03-06,VGT,53,31,0
NN_v1,2,PAPER_WEIGHT_NORMALIZED,2015-03-06,VPU,61,34,3
NN_v1,2,PAPER_WEIGHT_NORMALIZED,2015-03-13,VIS,60,41,2
NN_v1,2,PAPER_WEIGHT_NORMALIZED,2015-03-13,VGT,54,32,1
NN_v1,2,PAPER_WEIGHT_NORMALIZED,2015-03-20,VDE,108,51,0
NN_v1,2,PAPER_WEIGHT_NORMALIZED,2015-03-20,VGT,55,32,0
NN_v1,2,PAPER_WEIGHT_NORMALIZED,2015-03-27,VOX,52,31,1
NN_v1,2,PAPER_WEIGHT_NORMALIZED,2015-03-27,VFH,115,60,2
NN_v1,2,PAPER_WEIGHT_NORMALIZED,2015-04-03,VGT,56,33,1
NN_v1,2,PAPER_WEIGHT_NORMALIZED,2015-04-03,VFH,116,61,3
NN_v1,2,PAPER_WEIGHT_NORMALIZED,2015-04-10,VPU,62,34,0
NN_v1,2,PAPER_WEIGHT_NORMALIZED,2015-04-10,VNQ,116,52,0
NN_v1,2,PAPER_WEIGHT_NORMALIZED,2015-04-17,VPU,63,35,1
NN_v1,2,PAPER_WEIGHT_NORMALIZED,2015-04-17,VOX,53,32,2
NN_v1,2,PAPER_WEIGHT_NORMALIZED,2015-04-24,VPU,64,35,0
NN_v1,2,PAPER_WEIGHT_NORMALIZED,2015-04-24,VNQ,117,52,0
NN_v1,2,PAPER_WEIGHT_NORMALIZED,2015-05-01,VPU,65,35,0
NN_v1,2,PAPER_WEIGHT_NORMALIZED,2015-05-01,VDE,109,51,0
NN_v1,2,PAPER_WEIGHT_NORMALIZED,2015-05-08,VGT,57,34,2
NN_v1,2,PAPER_WEIGHT_NORMALIZED,2015-05-08,VOX,54,33,3
NN_v1,2,PAPER_WEIGHT_NORMALIZED,2015-05-15,VGT,58,35,3
NN_v1,2,PAPER_WEIGHT_NORMALIZED,2015-05-15,VOX,55,33,0
NN_v1,2,PAPER_WEIGHT_NORMALIZED,2015-05-22,VAW,87,45,0
NN_v1,2,PAPER_WEIGHT_NORMALIZED,2015-05-22,VNQ,118,52,0
NN_v1,2,PAPER_WEIGHT_NORMALIZED,2015-05-29,VGT,59,35,0
NN_v1,2,PAPER_WEIGHT_NORMALIZED,2015-05-29,VDE,110,51,0
NN_v1,2,PAPER_WEIGHT_NORMALIZED,2015-06-05,VHT,43,31,0
NN_v1,2,PAPER_WEIGHT_NORMALIZED,2015-06-05,VPU,66,35,0
NN_v1,2,PAPER_WEIGHT_NORMALIZED,2015-06-12,VPU,67,36,1
NN_v1,2,PAPER_WEIGHT_NORMALIZED,2015-06-12,VNQ,119,53,1
NN_v1,2,PAPER_WEIGHT_NORMALIZED,2015-06-19,VNQ,120,53,0
NN_v1,2,PAPER_WEIGHT_NORMALIZED,2015-06-19,VPU,68,36,0
NN_v1,2,PAPER_WEIGHT_NORMALIZED,2015-06-26,VNQ,121,54,1
NN_v1,2,PAPER_WEIGHT_NORMALIZED,2015-06-26,VPU,69,37,1
NN_v1,2,PAPER_WEIGHT_NORMALIZED,2015-07-03,VDC,18,8,2
NN_v1,2,PAPER_WEIGHT_NORMALIZED,2015-07-03,VOX,56,33,0
NN_v1,2,PAPER_WEIGHT_NORMALIZED,2015-07-10,VOX,57,34,1
NN_v1,2,PAPER_WEIGHT_NORMALIZED,2015-07-10,VPU,70,38,2
NN_v1,2,PAPER_WEIGHT_NORMALIZED,2015-07-17,VDE,111,51,0
NN_v1,2,PAPER_WEIGHT_NORMALIZED,2015-07-17,VAW,88,45,0
NN_v1,2,PAPER_WEIGHT_NORMALIZED,2015-07-24,VAW,89,46,1
NN_v1,2,PAPER_WEIGHT_NORMALIZED,2015-07-24,VDE,112,52,1
NN_v1,2,PAPER_WEIGHT_NORMALIZED,2015-07-31,VDE,113,52,0
NN_v1,2,PAPER_WEIGHT_NORMALIZED,2015-07-31,VAW,90,46,0
NN_v1,2,PAPER_WEIGHT_NORMALIZED,2015-08-07,VDE,114,53,1
NN_v1,2,PAPER_WEIGHT_NORMALIZED,2015-08-07,VGT,60,35,0
NN_v1,2,PAPER_WEIGHT_NORMALIZED,2015-08-14,VAW,91,46,0
NN_v1,2,PAPER_WEIGHT_NORMALIZED,2015-08-14,VHT,44,31,0
NN_v1,2,PAPER_WEIGHT_NORMALIZED,2015-08-21,VDE,115,54,2
NN_v1,2,PAPER_WEIGHT_NORMALIZED,2015-08-21,VOX,58,34,0
NN_v1,2,PAPER_WEIGHT_NORMALIZED,2015-08-28,VNQ,122,54,0
NN_v1,2,PAPER_WEIGHT_NORMALIZED,2015-08-28,VFH,117,61,0
NN_v1,2,PAPER_WEIGHT_NORMALIZED,2015-09-04,VCR,46,24,2
NN_v1,2,PAPER_WEIGHT_NORMALIZED,2015-09-04,VOX,59,35,1
NN_v1,2,PAPER_WEIGHT_NORMALIZED,2015-09-11,VPU,71,39,3
NN_v1,2,PAPER_WEIGHT_NORMALIZED,2015-09-11,VDE,116,55,3
NN_v1,2,PAPER_WEIGHT_NORMALIZED,2015-09-18,VGT,61,35,0
NN_v1,2,PAPER_WEIGHT_NORMALIZED,2015-09-18,VCR,47,24,0
NN_v1,2,PAPER_WEIGHT_NORMALIZED,2015-09-25,VHT,45,32,1
NN_v1,2,PAPER_WEIGHT_NORMALIZED,2015-09-25,VAW,92,47,1
NN_v1,2,PAPER_WEIGHT_NORMALIZED,2015-10-02,VGT,62,36,1
NN_v1,2,PAPER_WEIGHT_NORMALIZED,2015-10-02,VHT,46,32,0
NN_v1,2,PAPER_WEIGHT_NORMALIZED,2015-10-09,VHT,47,33,1
NN_v1,2,PAPER_WEIGHT_NORMALIZED,2015-10-09,VGT,63,37,2
NN_v1,2,PAPER_WEIGHT_NORMALIZED,2015-10-16,VHT,48,33,0
NN_v1,2,PAPER_WEIGHT_NORMALIZED,2015-10-16,VAW,93,48,2
NN_v1,2,PAPER_WEIGHT_NORMALIZED,2015-10-23,VDE,117,55,0
NN_v1,2,PAPER_WEIGHT_NORMALIZED,2015-10-23,VHT,49,34,1
NN_v1,2,PAPER_WEIGHT_NORMALIZED,2015-10-30,VDE,118,56,1
NN_v1,2,PAPER_WEIGHT_NORMALIZED,2015-10-30,VAW,94,48,0
NN_v1,2,PAPER_WEIGHT_NORMALIZED,2015-11-06,VPU,72,40,4
NN_v1,2,PAPER_WEIGHT_NORMALIZED,2015-11-06,VFH,118,61,0
NN_v1,2,PAPER_WEIGHT_NORMALIZED,2015-11-13,VIS,61,42,3
NN_v1,2,PAPER_WEIGHT_NORMALIZED,2015-11-13,VAW,95,49,1
NN_v1,2,PAPER_WEIGHT_NORMALIZED,2015-11-20,VHT,50,35,2
NN_v1,2,PAPER_WEIGHT_NORMALIZED,2015-11-20,VDE,119,57,2
NN_v1,2,PAPER_WEIGHT_NORMALIZED,2015-11-27,VHT,51,35,0
NN_v1,2,PAPER_WEIGHT_NORMALIZED,2015-11-27,VDE,120,57,0
NN_v1,2,PAPER_WEIGHT_NORMALIZED,2015-12-04,VDE,121,57,0
NN_v1,2,PAPER_WEIGHT_NORMALIZED,2015-12-04,VHT,52,35,0
NN_v1,2,PAPER_WEIGHT_NORMALIZED,2015-12-11,VCR,48,24,0
NN_v1,2,PAPER_WEIGHT_NORMALIZED,2015-12-11,VDC,19,9,3
NN_v1,2,PAPER_WEIGHT_NORMALIZED,2015-12-18,VDE,122,58,1
NN_v1,2,PAPER_WEIGHT_NORMALIZED,2015-12-18,VCR,49,25,1
NN_v1,2,PAPER_WEIGHT_NORMALIZED,2015-12-25,VDE,123,58,0
NN_v1,2,PAPER_WEIGHT_NORMALIZED,2015-12-25,VGT,64,37,0
NN_v1,2,PAPER_WEIGHT_NORMALIZED,2016-01-01,VGT,65,37,0
NN_v1,2,PAPER_WEIGHT_NORMALIZED,2016-01-01,VDE,124,58,0
NN_v1,2,PAPER_WEIGHT_NORMALIZED,2016-01-08,VDE,125,58,0
NN_v1,2,PAPER_WEIGHT_NORMALIZED,2016-01-08,VIS,62,42,0
NN_v1,2,PAPER_WEIGHT_NORMALIZED,2016-01-15,VDE,126,59,1
NN_v1,2,PAPER_WEIGHT_NORMALIZED,2016-01-15,VFH,119,61,0
NN_v1,2,PAPER_WEIGHT_NORMALIZED,2016-01-22,VFH,120,62,1
NN_v1,2,PAPER_WEIGHT_NORMALIZED,2016-01-22,VAW,96,50,2
NN_v1,2,PAPER_WEIGHT_NORMALIZED,2016-01-29,VHT,53,35,0
NN_v1,2,PAPER_WEIGHT_NORMALIZED,2016-01-29,VCR,50,25,0
NN_v1,2,PAPER_WEIGHT_NORMALIZED,2016-02-05,VGT,66,38,1
NN_v1,2,PAPER_WEIGHT_NORMALIZED,2016-02-05,VCR,51,26,1
NN_v1,2,PAPER_WEIGHT_NORMALIZED,2016-02-12,VNQ,123,55,1
NN_v1,2,PAPER_WEIGHT_NORMALIZED,2016-02-12,VAW,97,51,3
NN_v1,2,PAPER_WEIGHT_NORMALIZED,2016-02-19,VAW,98,52,4
NN_v1,2,PAPER_WEIGHT_NORMALIZED,2016-02-19,VFH,121,63,2
NN_v1,2,PAPER_WEIGHT_NORMALIZED,2016-02-26,VDE,127,60,2
NN_v1,2,PAPER_WEIGHT_NORMALIZED,2016-02-26,VGT,67,39,2
NN_v1,2,PAPER_WEIGHT_NORMALIZED,2016-03-04,VDE,128,61,3
NN_v1,2,PAPER_WEIGHT_NORMALIZED,2016-03-04,VGT,68,40,3
NN_v1,2,PAPER_WEIGHT_NORMALIZED,2016-03-11,VDE,129,62,4
NN_v1,2,PAPER_WEIGHT_NORMALIZED,2016-03-11,VGT,69,41,4
NN_v1,2,PAPER_WEIGHT_NORMALIZED,2016-03-18,VDE,130,62,0
NN_v1,2,PAPER_WEIGHT_NORMALIZED,2016-03-18,VHT,54,36,1
NN_v1,2,PAPER_WEIGHT_NORMALIZED,2016-03-25,VDE,131,62,0
NN_v1,2,PAPER_WEIGHT_NORMALIZED,2016-03-25,VFH,122,64,3
NN_v1,2,PAPER_WEIGHT_NORMALIZED,2016-04-01,VDE,132,63,1
NN_v1,2,PAPER_WEIGHT_NORMALIZED,2016-04-01,VFH,123,64,0
NN_v1,2,PAPER_WEIGHT_NORMALIZED,2016-04-08,VGT,70,42,5
NN_v1,2,PAPER_WEIGHT_NORMALIZED,2016-04-08,VCR,52,27,2
NN_v1,2,PAPER_WEIGHT_NORMALIZED,2016-04-15,VGT,71,42,0
NN_v1,2,PAPER_WEIGHT_NORMALIZED,2016-04-15,VCR,53,28,3
NN_v1,2,PAPER_WEIGHT_NORMALIZED,2016-04-22,VGT,72,42,0
NN_v1,2,PAPER_WEIGHT_NORMALIZED,2016-04-22,VNQ,124,56,2
NN_v1,2,PAPER_WEIGHT_NORMALIZED,2016-04-29,VHT,55,36,0
NN_v1,2,PAPER_WEIGHT_NORMALIZED,2016-04-29,VFH,124,64,0
NN_v1,2,PAPER_WEIGHT_NORMALIZED,2016-05-06,VDE,133,63,0
NN_v1,2,PAPER_WEIGHT_NORMALIZED,2016-05-06,VFH,125,64,0
NN_v1,2,PAPER_WEIGHT_NORMALIZED,2016-05-13,VDE,134,64,1
NN_v1,2,PAPER_WEIGHT_NORMALIZED,2016-05-13,VHT,56,37,1
NN_v1,2,PAPER_WEIGHT_NORMALIZED,2016-05-20,VNQ,125,57,3
NN_v1,2,PAPER_WEIGHT_NORMALIZED,2016-05-20,VPU,73,41,5
NN_v1,2,PAPER_WEIGHT_NORMALIZED,2016-05-27,VNQ,126,58,4
NN_v1,2,PAPER_WEIGHT_NORMALIZED,2016-05-27,VFH,126,64,0
NN_v1,2,PAPER_WEIGHT_NORMALIZED,2016-06-03,VDE,135,65,2
NN_v1,2,PAPER_WEIGHT_NORMALIZED,2016-06-03,VFH,127,64,0
NN_v1,2,PAPER_WEIGHT_NORMALIZED,2016-06-10,VFH,128,64,0
NN_v1,2,PAPER_WEIGHT_NORMALIZED,2016-06-10,VDE,136,66,3
NN_v1,2,PAPER_WEIGHT_NORMALIZED,2016-06-17,VGT,73,42,0
NN_v1,2,PAPER_WEIGHT_NORMALIZED,2016-06-17,VFH,129,64,0
NN_v1,2,PAPER_WEIGHT_NORMALIZED,2016-06-24,VAW,99,53,5
NN_v1,2,PAPER_WEIGHT_NORMALIZED,2016-06-24,VFH,130,65,1
NN_v1,2,PAPER_WEIGHT_NORMALIZED,2016-07-01,VAW,100,54,6
NN_v1,2,PAPER_WEIGHT_NORMALIZED,2016-07-01,VGT,74,43,1
NN_v1,2,PAPER_WEIGHT_NORMALIZED,2016-07-08,VDE,137,67,4
NN_v1,2,PAPER_WEIGHT_NORMALIZED,2016-07-08,VNQ,127,59,5
NN_v1,2,PAPER_WEIGHT_NORMALIZED,2016-07-15,VNQ,128,60,6
NN_v1,2,PAPER_WEIGHT_NORMALIZED,2016-07-15,VPU,74,42,6
NN_v1,2,PAPER_WEIGHT_NORMALIZED,2016-07-22,VDE,138,67,0
NN_v1,2,PAPER_WEIGHT_NORMALIZED,2016-07-22,VIS,63,42,0
NN_v1,2,PAPER_WEIGHT_NORMALIZED,2016-07-29,VDE,139,68,1
NN_v1,2,PAPER_WEIGHT_NORMALIZED,2016-07-29,VAW,101,55,7
NN_v1,2,PAPER_WEIGHT_NORMALIZED,2016-08-05,VOX,60,35,0
NN_v1,2,PAPER_WEIGHT_NORMALIZED,2016-08-05,VNQ,129,60,0
NN_v1,2,PAPER_WEIGHT_NORMALIZED,2016-08-12,VFH,131,66,2
NN_v1,2,PAPER_WEIGHT_NORMALIZED,2016-08-12,VNQ,130,60,0
NN_v1,2,PAPER_WEIGHT_NORMALIZED,2016-08-19,VOX,61,36,1
NN_v1,2,PAPER_WEIGHT_NORMALIZED,2016-08-19,VNQ,131,60,0
NN_v1,2,PAPER_WEIGHT_NORMALIZED,2016-08-26,VPU,75,43,7
NN_v1,2,PAPER_WEIGHT_NORMALIZED,2016-08-26,VDE,140,68,0
NN_v1,2,PAPER_WEIGHT_NORMALIZED,2016-09-02,VDE,141,69,1
NN_v1,2,PAPER_WEIGHT_NORMALIZED,2016-09-02,VPU,76,43,0
NN_v1,2,PAPER_WEIGHT_NORMALIZED,2016-09-09,VOX,62,37,2
NN_v1,2,PAPER_WEIGHT_NORMALIZED,2016-09-09,VIS,64,43,1
NN_v1,2,PAPER_WEIGHT_NORMALIZED,2016-09-16,VDE,142,69,0
NN_v1,2,PAPER_WEIGHT_NORMALIZED,2016-09-16,VNQ,132,61,1
NN_v1,2,PAPER_WEIGHT_NORMALIZED,2016-09-23,VDE,143,70,1
NN_v1,2,PAPER_WEIGHT_NORMALIZED,2016-09-23,VOX,63,37,0
NN_v1,2,PAPER_WEIGHT_NORMALIZED,2016-09-30,VPU,77,43,0
NN_v1,2,PAPER_WEIGHT_NORMALIZED,2016-09-30,VOX,64,37,0
NN_v1,2,PAPER_WEIGHT_NORMALIZED,2016-10-07,VNQ,133,62,2
NN_v1,2,PAPER_WEIGHT_NORMALIZED,2016-10-07,VPU,78,44,1
NN_v1,2,PAPER_WEIGHT_NORMALIZED,2016-10-14,VIS,65,43,0
NN_v1,2,PAPER_WEIGHT_NORMALIZED,2016-10-14,VHT,57,38,2
NN_v1,2,PAPER_WEIGHT_NORMALIZED,2016-10-21,VOX,65,37,0
NN_v1,2,PAPER_WEIGHT_NORMALIZED,2016-10-21,VPU,79,45,2
NN_v1,2,PAPER_WEIGHT_NORMALIZED,2016-10-28,VNQ,134,62,0
NN_v1,2,PAPER_WEIGHT_NORMALIZED,2016-10-28,VHT,58,38,0
NN_v1,2,PAPER_WEIGHT_NORMALIZED,2016-11-04,VDE,144,71,2
NN_v1,2,PAPER_WEIGHT_NORMALIZED,2016-11-04,VFH,132,67,3
NN_v1,2,PAPER_WEIGHT_NORMALIZED,2016-11-11,VNQ,135,63,1
NN_v1,2,PAPER_WEIGHT_NORMALIZED,2016-11-11,VPU,80,46,3
NN_v1,2,PAPER_WEIGHT_NORMALIZED,2016-11-18,VNQ,136,64,2
NN_v1,2,PAPER_WEIGHT_NORMALIZED,2016-11-18,VPU,81,47,4
NN_v1,2,PAPER_WEIGHT_NORMALIZED,2016-11-25,VHT,59,38,0
NN_v1,2,PAPER_WEIGHT_NORMALIZED,2016-11-25,VNQ,137,64,0
NN_v1,2,PAPER_WEIGHT_NORMALIZED,2016-12-02,VHT,60,39,1
NN_v1,2,PAPER_WEIGHT_NORMALIZED,2016-12-02,VOX,66,38,1
NN_v1,2,PAPER_WEIGHT_NORMALIZED,2016-12-09,VHT,61,40,2
NN_v1,2,PAPER_WEIGHT_NORMALIZED,2016-12-09,VNQ,138,64,0
NN_v1,2,PAPER_WEIGHT_NORMALIZED,2016-12-16,VNQ,139,64,0
NN_v1,2,PAPER_WEIGHT_NORMALIZED,2016-12-16,VOX,67,39,2
NN_v1,2,PAPER_WEIGHT_NORMALIZED,2016-12-23,VNQ,140,65,1
NN_v1,2,PAPER_WEIGHT_NORMALIZED,2016-12-23,VHT,62,40,0
NN_v1,2,PAPER_WEIGHT_NORMALIZED,2016-12-30,VHT,63,41,1
NN_v1,2,PAPER_WEIGHT_NORMALIZED,2016-12-30,VCR,54,29,4
NN_v1,2,PAPER_WEIGHT_NORMALIZED,2017-01-06,VHT,64,42,2
NN_v1,2,PAPER_WEIGHT_NORMALIZED,2017-01-06,VPU,82,47,0
NN_v1,2,PAPER_WEIGHT_NORMALIZED,2017-01-13,VNQ,141,66,2
NN_v1,2,PAPER_WEIGHT_NORMALIZED,2017-01-13,VHT,65,42,0
NN_v1,2,PAPER_WEIGHT_NORMALIZED,2017-01-20,VNQ,142,66,0
NN_v1,2,PAPER_WEIGHT_NORMALIZED,2017-01-20,VGT,75,44,2
NN_v1,2,PAPER_WEIGHT_NORMALIZED,2017-01-27,VHT,66,43,1
NN_v1,2,PAPER_WEIGHT_NORMALIZED,2017-01-27,VNQ,143,67,1
NN_v1,2,PAPER_WEIGHT_NORMALIZED,2017-02-03,VAW,102,56,8
NN_v1,2,PAPER_WEIGHT_NORMALIZED,2017-02-03,VHT,67,44,2
NN_v1,2,PAPER_WEIGHT_NORMALIZED,2017-02-10,VAW,103,56,0
NN_v1,2,PAPER_WEIGHT_NORMALIZED,2017-02-10,VDE,145,71,0
NN_v1,2,PAPER_WEIGHT_NORMALIZED,2017-02-17,VDE,146,71,0
NN_v1,2,PAPER_WEIGHT_NORMALIZED,2017-02-17,VOX,68,40,3
NN_v1,2,PAPER_WEIGHT_NORMALIZED,2017-02-24,VDE,147,72,1
NN_v1,2,PAPER_WEIGHT_NORMALIZED,2017-02-24,VOX,69,40,0
NN_v1,2,PAPER_WEIGHT_NORMALIZED,2017-03-03,VDE,148,72,0
NN_v1,2,PAPER_WEIGHT_NORMALIZED,2017-03-03,VOX,70,40,0
NN_v1,2,PAPER_WEIGHT_NORMALIZED,2017-03-10,VOX,71,41,1
NN_v1,2,PAPER_WEIGHT_NORMALIZED,2017-03-10,VNQ,144,68,2
NN_v1,2,PAPER_WEIGHT_NORMALIZED,2017-03-17,VNQ,145,68,0
NN_v1,2,PAPER_WEIGHT_NORMALIZED,2017-03-17,VFH,133,67,0
NN_v1,2,PAPER_WEIGHT_NORMALIZED,2017-03-24,VDE,149,73,1
NN_v1,2,PAPER_WEIGHT_NORMALIZED,2017-03-24,VFH,134,68,1
NN_v1,2,PAPER_WEIGHT_NORMALIZED,2017-03-31,VOX,72,42,2
NN_v1,2,PAPER_WEIGHT_NORMALIZED,2017-03-31,VFH,135,68,0
NN_v1,2,PAPER_WEIGHT_NORMALIZED,2017-04-07,VOX,73,43,3
NN_v1,2,PAPER_WEIGHT_NORMALIZED,2017-04-07,VFH,136,68,0
NN_v1,2,PAPER_WEIGHT_NORMALIZED,2017-04-14,VDE,150,73,0
NN_v1,2,PAPER_WEIGHT_NORMALIZED,2017-04-14,VOX,74,43,0
NN_v1,2,PAPER_WEIGHT_NORMALIZED,2017-04-21,VDE,151,73,0
NN_v1,2,PAPER_WEIGHT_NORMALIZED,2017-04-21,VFH,137,68,0
NN_v1,2,PAPER_WEIGHT_NORMALIZED,2017-04-28,VDE,152,73,0
NN_v1,2,PAPER_WEIGHT_NORMALIZED,2017-04-28,VOX,75,43,0
NN_v1,2,PAPER_WEIGHT_NORMALIZED,2017-05-05,VFH,138,68,0
NN_v1,2,PAPER_WEIGHT_NORMALIZED,2017-05-05,VNQ,146,68,0
NN_v1,2,PAPER_WEIGHT_NORMALIZED,2017-05-12,VOX,76,43,0
NN_v1,2,PAPER_WEIGHT_NORMALIZED,2017-05-12,VFH,139,68,0
NN_v1,2,PAPER_WEIGHT_NORMALIZED,2017-05-19,VOX,77,44,1
NN_v1,2,PAPER_WEIGHT_NORMALIZED,2017-05-19,VFH,140,69,1
NN_v1,2,PAPER_WEIGHT_NORMALIZED,2017-05-26,VFH,141,69,0
NN_v1,2,PAPER_WEIGHT_NORMALIZED,2017-05-26,VDE,153,73,0
NN_v1,2,PAPER_WEIGHT_NORMALIZED,2017-06-02,VDE,154,74,1
NN_v1,2,PAPER_WEIGHT_NORMALIZED,2017-06-02,VFH,142,70,1
NN_v1,2,PAPER_WEIGHT_NORMALIZED,2017-06-09,VDE,155,74,0
NN_v1,2,PAPER_WEIGHT_NORMALIZED,2017-06-09,VFH,143,71,2
NN_v1,2,PAPER_WEIGHT_NORMALIZED,2017-06-16,VDE,156,74,0
NN_v1,2,PAPER_WEIGHT_NORMALIZED,2017-06-16,VGT,76,45,3
NN_v1,2,PAPER_WEIGHT_NORMALIZED,2017-06-23,VFH,144,72,3
NN_v1,2,PAPER_WEIGHT_NORMALIZED,2017-06-23,VDE,157,75,1
NN_v1,2,PAPER_WEIGHT_NORMALIZED,2017-06-30,VDE,158,75,0
NN_v1,2,PAPER_WEIGHT_NORMALIZED,2017-06-30,VNQ,147,68,0
NN_v1,2,PAPER_WEIGHT_NORMALIZED,2017-07-07,VPU,83,48,1
NN_v1,2,PAPER_WEIGHT_NORMALIZED,2017-07-07,VGT,77,46,4
NN_v1,2,PAPER_WEIGHT_NORMALIZED,2017-07-14,VDE,159,75,0
NN_v1,2,PAPER_WEIGHT_NORMALIZED,2017-07-14,VOX,78,45,2
NN_v1,2,PAPER_WEIGHT_NORMALIZED,2017-07-21,VFH,145,73,4
NN_v1,2,PAPER_WEIGHT_NORMALIZED,2017-07-21,VDE,160,76,1
NN_v1,2,PAPER_WEIGHT_NORMALIZED,2017-07-28,VDE,161,76,0
NN_v1,2,PAPER_WEIGHT_NORMALIZED,2017-07-28,VGT,78,46,0
NN_v1,2,PAPER_WEIGHT_NORMALIZED,2017-08-04,VGT,79,46,0
NN_v1,2,PAPER_WEIGHT_NORMALIZED,2017-08-04,VDE,162,76,0
NN_v1,2,PAPER_WEIGHT_NORMALIZED,2017-08-11,VCR,55,29,0
NN_v1,2,PAPER_WEIGHT_NORMALIZED,2017-08-11,VGT,80,46,0
NN_v1,2,PAPER_WEIGHT_NORMALIZED,2017-08-18,VOX,79,46,3
NN_v1,2,PAPER_WEIGHT_NORMALIZED,2017-08-18,VFH,146,74,5
NN_v1,2,PAPER_WEIGHT_NORMALIZED,2017-08-25,VOX,80,47,4
NN_v1,2,PAPER_WEIGHT_NORMALIZED,2017-08-25,VFH,147,74,0
NN_v1,2,PAPER_WEIGHT_NORMALIZED,2017-09-01,VDE,163,77,1
NN_v1,2,PAPER_WEIGHT_NORMALIZED,2017-09-01,VDC,20,10,4
NN_v1,2,PAPER_WEIGHT_NORMALIZED,2017-09-08,VOX,81,48,5
NN_v1,2,PAPER_WEIGHT_NORMALIZED,2017-09-08,VAW,104,57,1
NN_v1,2,PAPER_WEIGHT_NORMALIZED,2017-09-15,VOX,82,49,6
NN_v1,2,PAPER_WEIGHT_NORMALIZED,2017-09-15,VHT,68,44,0
NN_v1,2,PAPER_WEIGHT_NORMALIZED,2017-09-22,VHT,69,45,1
NN_v1,2,PAPER_WEIGHT_NORMALIZED,2017-09-22,VOX,83,49,0
NN_v1,2,PAPER_WEIGHT_NORMALIZED,2017-09-29,VOX,84,50,1
NN_v1,2,PAPER_WEIGHT_NORMALIZED,2017-09-29,VNQ,148,69,1
NN_v1,2,PAPER_WEIGHT_NORMALIZED,2017-10-06,VDE,164,78,2
NN_v1,2,PAPER_WEIGHT_NORMALIZED,2017-10-06,VDC,21,11,5
NN_v1,2,PAPER_WEIGHT_NORMALIZED,2017-10-13,VOX,85,50,0
NN_v1,2,PAPER_WEIGHT_NORMALIZED,2017-10-13,VFH,148,75,1
NN_v1,2,PAPER_WEIGHT_NORMALIZED,2017-10-20,VOX,86,50,0
NN_v1,2,PAPER_WEIGHT_NORMALIZED,2017-10-20,VFH,149,76,2
NN_v1,2,PAPER_WEIGHT_NORMALIZED,2017-10-27,VOX,87,50,0
NN_v1,2,PAPER_WEIGHT_NORMALIZED,2017-10-27,VNQ,149,70,2
NN_v1,2,PAPER_WEIGHT_NORMALIZED,2017-11-03,VOX,88,50,0
NN_v1,2,PAPER_WEIGHT_NORMALIZED,2017-11-03,VNQ,150,71,3
NN_v1,2,PAPER_WEIGHT_NORMALIZED,2017-11-10,VOX,89,51,1
NN_v1,2,PAPER_WEIGHT_NORMALIZED,2017-11-10,VFH,150,77,3
NN_v1,2,PAPER_WEIGHT_NORMALIZED,2017-11-17,VFH,151,78,4
NN_v1,2,PAPER_WEIGHT_NORMALIZED,2017-11-17,VOX,90,52,2
NN_v1,2,PAPER_WEIGHT_NORMALIZED,2017-11-24,VOX,91,53,3
NN_v1,2,PAPER_WEIGHT_NORMALIZED,2017-11-24,VDE,165,79,3
NN_v1,2,PAPER_WEIGHT_NORMALIZED,2017-12-01,VOX,92,53,0
NN_v1,2,PAPER_WEIGHT_NORMALIZED,2017-12-01,VNQ,151,71,0
NN_v1,2,PAPER_WEIGHT_NORMALIZED,2017-12-08,VDE,166,79,0
NN_v1,2,PAPER_WEIGHT_NORMALIZED,2017-12-08,VHT,70,46,2
NN_v1,2,PAPER_WEIGHT_NORMALIZED,2017-12-15,VOX,93,54,1
NN_v1,2,PAPER_WEIGHT_NORMALIZED,2017-12-15,VDE,167,80,1
NN_v1,2,PAPER_WEIGHT_NORMALIZED,2017-12-22,VOX,94,54,0
NN_v1,2,PAPER_WEIGHT_NORMALIZED,2017-12-22,VFH,152,78,0
NN_v1,2,PAPER_WEIGHT_NORMALIZED,2017-12-29,VOX,95,54,0
NN_v1,2,PAPER_WEIGHT_NORMALIZED,2017-12-29,VPU,84,48,0
NN_v1,2,PAPER_WEIGHT_NORMALIZED,2018-01-05,VPU,85,48,0
NN_v1,2,PAPER_WEIGHT_NORMALIZED,2018-01-05,VOX,96,55,1
NN_v1,2,PAPER_WEIGHT_NORMALIZED,2018-01-12,VPU,86,48,0
NN_v1,2,PAPER_WEIGHT_NORMALIZED,2018-01-12,VNQ,152,71,0
NN_v1,2,PAPER_WEIGHT_NORMALIZED,2018-01-19,VPU,87,49,1
NN_v1,2,PAPER_WEIGHT_NORMALIZED,2018-01-19,VNQ,153,72,1
NN_v1,2,PAPER_WEIGHT_NORMALIZED,2018-01-26,VPU,88,49,0
NN_v1,2,PAPER_WEIGHT_NORMALIZED,2018-01-26,VDE,168,80,0
NN_v1,2,PAPER_WEIGHT_NORMALIZED,2018-02-02,VDE,169,80,0
NN_v1,2,PAPER_WEIGHT_NORMALIZED,2018-02-02,VAW,105,57,0
NN_v1,2,PAPER_WEIGHT_NORMALIZED,2018-02-09,VDE,170,81,1
NN_v1,2,PAPER_WEIGHT_NORMALIZED,2018-02-09,VHT,71,47,3
NN_v1,2,PAPER_WEIGHT_NORMALIZED,2018-02-16,VDE,171,82,2
NN_v1,2,PAPER_WEIGHT_NORMALIZED,2018-02-16,VOX,97,55,0
NN_v1,2,PAPER_WEIGHT_NORMALIZED,2018-02-23,VDE,172,82,0
NN_v1,2,PAPER_WEIGHT_NORMALIZED,2018-02-23,VNQ,154,72,0
NN_v1,2,PAPER_WEIGHT_NORMALIZED,2018-03-02,VPU,89,50,1
NN_v1,2,PAPER_WEIGHT_NORMALIZED,2018-03-02,VNQ,155,73,1
NN_v1,2,PAPER_WEIGHT_NORMALIZED,2018-03-09,VDE,173,82,0
NN_v1,2,PAPER_WEIGHT_NORMALIZED,2018-03-09,VAW,106,57,0
NN_v1,2,PAPER_WEIGHT_NORMALIZED,2018-03-16,VAW,107,57,0
NN_v1,2,PAPER_WEIGHT_NORMALIZED,2018-03-16,VDE,174,82,0
NN_v1,2,PAPER_WEIGHT_NORMALIZED,2018-03-23,VOX,98,56,1
NN_v1,2,PAPER_WEIGHT_NORMALIZED,2018-03-23,VFH,153,79,1
NN_v1,2,PAPER_WEIGHT_NORMALIZED,2018-03-30,VGT,81,46,0
NN_v1,2,PAPER_WEIGHT_NORMALIZED,2018-03-30,VDE,175,83,1
NN_v1,2,PAPER_WEIGHT_NORMALIZED,2018-04-06,VFH,154,80,2
NN_v1,2,PAPER_WEIGHT_NORMALIZED,2018-04-06,VGT,82,47,1
NN_v1,2,PAPER_WEIGHT_NORMALIZED,2018-04-13,VCR,56,30,1
NN_v1,2,PAPER_WEIGHT_NORMALIZED,2018-04-13,VFH,155,81,3
NN_v1,2,PAPER_WEIGHT_NORMALIZED,2018-04-20,VDC,22,12,6
NN_v1,2,PAPER_WEIGHT_NORMALIZED,2018-04-20,VGT,83,47,0
NN_v1,2,PAPER_WEIGHT_NORMALIZED,2018-04-27,VIS,66,43,0
NN_v1,2,PAPER_WEIGHT_NORMALIZED,2018-04-27,VAW,108,57,0
NN_v1,2,PAPER_WEIGHT_NORMALIZED,2018-05-04,VOX,99,57,2
NN_v1,2,PAPER_WEIGHT_NORMALIZED,2018-05-04,VAW,109,58,1
NN_v1,2,PAPER_WEIGHT_NORMALIZED,2018-05-11,VDC,23,12,0
NN_v1,2,PAPER_WEIGHT_NORMALIZED,2018-05-11,VOX,100,57,0
NN_v1,2,PAPER_WEIGHT_NORMALIZED,2018-05-18,VOX,101,57,0
NN_v1,2,PAPER_WEIGHT_NORMALIZED,2018-05-18,VHT,72,47,0
NN_v1,2,PAPER_WEIGHT_NORMALIZED,2018-05-25,VFH,156,81,0
NN_v1,2,PAPER_WEIGHT_NORMALIZED,2018-05-25,VGT,84,48,1
NN_v1,2,PAPER_WEIGHT_NORMALIZED,2018-06-01,VFH,157,82,1
NN_v1,2,PAPER_WEIGHT_NORMALIZED,2018-06-01,VHT,73,48,1
NN_v1,2,PAPER_WEIGHT_NORMALIZED,2018-06-08,VDE,176,83,0
NN_v1,2,PAPER_WEIGHT_NORMALIZED,2018-06-08,VPU,90,51,2
NN_v1,2,PAPER_WEIGHT_NORMALIZED,2018-06-15,VDE,177,84,1
NN_v1,2,PAPER_WEIGHT_NORMALIZED,2018-06-15,VFH,158,82,0
NN_v1,2,PAPER_WEIGHT_NORMALIZED,2018-06-22,VIS,67,43,0
NN_v1,2,PAPER_WEIGHT_NORMALIZED,2018-06-22,VDE,178,85,2
NN_v1,2,PAPER_WEIGHT_NORMALIZED,2018-06-29,VAW,110,59,2
NN_v1,2,PAPER_WEIGHT_NORMALIZED,2018-06-29,VIS,68,44,1
NN_v1,2,PAPER_WEIGHT_NORMALIZED,2018-07-06,VIS,69,45,2
NN_v1,2,PAPER_WEIGHT_NORMALIZED,2018-07-06,VDE,179,85,0
NN_v1,2,PAPER_WEIGHT_NORMALIZED,2018-07-13,VDE,180,85,0
NN_v1,2,PAPER_WEIGHT_NORMALIZED,2018-07-13,VFH,159,83,1
NN_v1,2,PAPER_WEIGHT_NORMALIZED,2018-07-20,VDE,181,86,1
NN_v1,2,PAPER_WEIGHT_NORMALIZED,2018-07-20,VOX,102,57,0
NN_v1,2,PAPER_WEIGHT_NORMALIZED,2018-07-27,VOX,103,58,1
NN_v1,2,PAPER_WEIGHT_NORMALIZED,2018-07-27,VGT,85,49,2
NN_v1,2,PAPER_WEIGHT_NORMALIZED,2018-08-03,VDE,182,86,0
NN_v1,2,PAPER_WEIGHT_NORMALIZED,2018-08-03,VOX,104,59,2
NN_v1,2,PAPER_WEIGHT_NORMALIZED,2018-08-10,VDE,183,86,0
NN_v1,2,PAPER_WEIGHT_NORMALIZED,2018-08-10,VFH,160,84,2
NN_v1,2,PAPER_WEIGHT_NORMALIZED,2018-08-17,VDE,184,87,1
NN_v1,2,PAPER_WEIGHT_NORMALIZED,2018-08-17,VFH,161,85,3
NN_v1,2,PAPER_WEIGHT_NORMALIZED,2018-08-24,VDE,185,87,0
NN_v1,2,PAPER_WEIGHT_NORMALIZED,2018-08-24,VPU,91,51,0
NN_v1,2,PAPER_WEIGHT_NORMALIZED,2018-08-31,VDE,186,87,0
NN_v1,2,PAPER_WEIGHT_NORMALIZED,2018-08-31,VPU,92,52,1
NN_v1,2,PAPER_WEIGHT_NORMALIZED,2018-09-07,VDE,187,88,1
NN_v1,2,PAPER_WEIGHT_NORMALIZED,2018-09-07,VGT,86,50,3
NN_v1,2,PAPER_WEIGHT_NORMALIZED,2018-09-14,VDE,188,89,2
NN_v1,2,PAPER_WEIGHT_NORMALIZED,2018-09-14,VGT,87,50,0
NN_v1,2,PAPER_WEIGHT_NORMALIZED,2018-09-21,VDE,189,90,3
NN_v1,2,PAPER_WEIGHT_NORMALIZED,2018-09-21,VPU,93,52,0
NN_v1,2,PAPER_WEIGHT_NORMALIZED,2018-09-28,VDE,190,91,4
NN_v1,2,PAPER_WEIGHT_NORMALIZED,2018-09-28,VFH,162,86,4
NN_v1,2,PAPER_WEIGHT_NORMALIZED,2018-10-05,VCR,57,30,0
NN_v1,2,PAPER_WEIGHT_NORMALIZED,2018-10-05,VAW,111,59,0
NN_v1,2,PAPER_WEIGHT_NORMALIZED,2018-10-12,VAW,112,59,0
NN_v1,2,PAPER_WEIGHT_NORMALIZED,2018-10-12,VIS,70,45,0
NN_v1,2,PAPER_WEIGHT_NORMALIZED,2018-10-19,VCR,58,30,0
NN_v1,2,PAPER_WEIGHT_NORMALIZED,2018-10-19,VAW,113,59,0
NN_v1,2,PAPER_WEIGHT_NORMALIZED,2018-10-26,VHT,74,49,2
NN_v1,2,PAPER_WEIGHT_NORMALIZED,2018-10-26,VDE,191,92,5
NN_v1,2,PAPER_WEIGHT_NORMALIZED,2018-11-02,VGT,88,51,1
NN_v1,2,PAPER_WEIGHT_NORMALIZED,2018-11-02,VDE,192,92,0
NN_v1,2,PAPER_WEIGHT_NORMALIZED,2018-11-09,VDE,193,92,0
NN_v1,2,PAPER_WEIGHT_NORMALIZED,2018-11-09,VIS,71,45,0
NN_v1,2,PAPER_WEIGHT_NORMALIZED,2018-11-16,VCR,59,30,0
NN_v1,2,PAPER_WEIGHT_NORMALIZED,2018-11-16,VOX,105,59,0
NN_v1,2,PAPER_WEIGHT_NORMALIZED,2018-11-23,VDE,194,93,1
NN_v1,2,PAPER_WEIGHT_NORMALIZED,2018-11-23,VGT,89,52,2
NN_v1,2,PAPER_WEIGHT_NORMALIZED,2018-11-30,VDE,195,93,0
NN_v1,2,PAPER_WEIGHT_NORMALIZED,2018-11-30,VAW,114,59,0
NN_v1,2,PAPER_WEIGHT_NORMALIZED,2018-12-07,VIS,72,45,0
NN_v1,2,PAPER_WEIGHT_NORMALIZED,2018-12-07,VFH,163,86,0
NN_v1,2,PAPER_WEIGHT_NORMALIZED,2018-12-14,VDE,196,93,0
NN_v1,2,PAPER_WEIGHT_NORMALIZED,2018-12-14,VFH,164,86,0
NN_v1,2,PAPER_WEIGHT_NORMALIZED,2018-12-21,VGT,90,53,3
NN_v1,2,PAPER_WEIGHT_NORMALIZED,2018-12-21,VDE,197,94,1
NN_v1,2,PAPER_WEIGHT_NORMALIZED,2018-12-28,VPU,94,52,0
NN_v1,2,PAPER_WEIGHT_NORMALIZED,2018-12-28,VDE,198,95,2
NN_v1,2,PAPER_WEIGHT_NORMALIZED,2019-01-04,VDC,24,13,1
NN_v1,2,PAPER_WEIGHT_NORMALIZED,2019-01-04,VHT,75,50,3
NN_v1,2,PAPER_WEIGHT_NORMALIZED,2019-01-11,VDC,25,14,2
NN_v1,2,PAPER_WEIGHT_NORMALIZED,2019-01-11,VHT,76,51,4
NN_v1,2,PAPER_WEIGHT_NORMALIZED,2019-01-18,VDE,199,95,0
NN_v1,2,PAPER_WEIGHT_NORMALIZED,2019-01-18,VGT,91,54,4
NN_v1,2,PAPER_WEIGHT_NORMALIZED,2019-01-25,VDE,200,96,1
NN_v1,2,PAPER_WEIGHT_NORMALIZED,2019-01-25,VOX,106,60,1
NN_v1,2,PAPER_WEIGHT_NORMALIZED,2019-02-01,VFH,165,86,0
NN_v1,2,PAPER_WEIGHT_NORMALIZED,2019-02-01,VCR,60,30,0
NN_v1,2,PAPER_WEIGHT_NORMALIZED,2019-02-08,VFH,166,87,1
NN_v1,2,PAPER_WEIGHT_NORMALIZED,2019-02-08,VDE,201,97,2
NN_v1,2,PAPER_WEIGHT_NORMALIZED,2019-02-15,VDE,202,97,0
NN_v1,2,PAPER_WEIGHT_NORMALIZED,2019-02-15,VDC,26,15,3
NN_v1,2,PAPER_WEIGHT_NORMALIZED,2019-02-22,VDE,203,98,1
NN_v1,2,PAPER_WEIGHT_NORMALIZED,2019-02-22,VHT,77,52,5
NN_v1,2,PAPER_WEIGHT_NORMALIZED,2019-03-01,VDE,204,98,0
NN_v1,2,PAPER_WEIGHT_NORMALIZED,2019-03-01,VCR,61,30,0
NN_v1,2,PAPER_WEIGHT_NORMALIZED,2019-03-08,VAW,115,60,1
NN_v1,2,PAPER_WEIGHT_NORMALIZED,2019-03-08,VDE,205,99,1
NN_v1,2,PAPER_WEIGHT_NORMALIZED,2019-03-15,VHT,78,52,0
NN_v1,2,PAPER_WEIGHT_NORMALIZED,2019-03-15,VDE,206,99,0
NN_v1,2,PAPER_WEIGHT_NORMALIZED,2019-03-22,VDE,207,100,1
NN_v1,2,PAPER_WEIGHT_NORMALIZED,2019-03-22,VFH,167,88,2
NN_v1,2,PAPER_WEIGHT_NORMALIZED,2019-03-29,VFH,168,89,3
NN_v1,2,PAPER_WEIGHT_NORMALIZED,2019-03-29,VDE,208,101,2
NN_v1,2,PAPER_WEIGHT_NORMALIZED,2019-04-05,VHT,79,52,0
NN_v1,2,PAPER_WEIGHT_NORMALIZED,2019-04-05,VDE,209,101,0
NN_v1,2,PAPER_WEIGHT_NORMALIZED,2019-04-12,VHT,80,52,0
NN_v1,2,PAPER_WEIGHT_NORMALIZED,2019-04-12,VDE,210,101,0
NN_v1,2,PAPER_WEIGHT_NORMALIZED,2019-04-19,VHT,81,53,1
NN_v1,2,PAPER_WEIGHT_NORMALIZED,2019-04-19,VAW,116,60,0
NN_v1,2,PAPER_WEIGHT_NORMALIZED,2019-04-26,VHT,82,54,2
NN_v1,2,PAPER_WEIGHT_NORMALIZED,2019-04-26,VAW,117,60,0
NN_v1,2,PAPER_WEIGHT_NORMALIZED,2019-05-03,VHT,83,55,3
NN_v1,2,PAPER_WEIGHT_NORMALIZED,2019-05-03,VDE,211,102,1
NN_v1,2,PAPER_WEIGHT_NORMALIZED,2019-05-10,VFH,169,89,0
NN_v1,2,PAPER_WEIGHT_NORMALIZED,2019-05-10,VOX,107,61,2
NN_v1,2,PAPER_WEIGHT_NORMALIZED,2019-05-17,VGT,92,54,0
NN_v1,2,PAPER_WEIGHT_NORMALIZED,2019-05-17,VHT,84,56,4
NN_v1,2,PAPER_WEIGHT_NORMALIZED,2019-05-24,VIS,73,45,0
NN_v1,2,PAPER_WEIGHT_NORMALIZED,2019-05-24,VFH,170,89,0
NN_v1,2,PAPER_WEIGHT_NORMALIZED,2019-05-31,VIS,74,46,1
NN_v1,2,PAPER_WEIGHT_NORMALIZED,2019-05-31,VOX,108,62,3
NN_v1,2,PAPER_WEIGHT_NORMALIZED,2019-06-07,VDE,212,102,0
NN_v1,2,PAPER_WEIGHT_NORMALIZED,2019-06-07,VOX,109,63,4
NN_v1,2,PAPER_WEIGHT_NORMALIZED,2019-06-14,VDE,213,103,1
NN_v1,2,PAPER_WEIGHT_NORMALIZED,2019-06-14,VGT,93,55,1
NN_v1,2,PAPER_WEIGHT_NORMALIZED,2019-06-21,VAW,118,61,1
NN_v1,2,PAPER_WEIGHT_NORMALIZED,2019-06-21,VDE,214,104,2
NN_v1,2,PAPER_WEIGHT_NORMALIZED,2019-06-28,VAW,119,61,0
NN_v1,2,PAPER_WEIGHT_NORMALIZED,2019-06-28,VDE,215,104,0
NN_v1,2,PAPER_WEIGHT_NORMALIZED,2019-07-05,VDE,216,105,1
NN_v1,2,PAPER_WEIGHT_NORMALIZED,2019-07-05,VIS,75,47,2
NN_v1,2,PAPER_WEIGHT_NORMALIZED,2019-07-12,VDE,217,105,0
NN_v1,2,PAPER_WEIGHT_NORMALIZED,2019-07-12,VAW,120,62,1
NN_v1,2,PAPER_WEIGHT_NORMALIZED,2019-07-19,VDE,218,105,0
NN_v1,2,PAPER_WEIGHT_NORMALIZED,2019-07-19,VOX,110,64,5
NN_v1,2,PAPER_WEIGHT_NORMALIZED,2019-07-26,VDE,219,105,0
NN_v1,2,PAPER_WEIGHT_NORMALIZED,2019-07-26,VNQ,156,74,2
NN_v1,2,PAPER_WEIGHT_NORMALIZED,2019-08-02,VIS,76,48,3
NN_v1,2,PAPER_WEIGHT_NORMALIZED,2019-08-02,VDC,27,16,4
NN_v1,2,PAPER_WEIGHT_NORMALIZED,2019-08-09,VAW,121,62,0
NN_v1,2,PAPER_WEIGHT_NORMALIZED,2019-08-09,VCR,62,30,0
NN_v1,2,PAPER_WEIGHT_NORMALIZED,2019-08-16,VOX,111,64,0
NN_v1,2,PAPER_WEIGHT_NORMALIZED,2019-08-16,VDE,220,105,0
NN_v1,2,PAPER_WEIGHT_NORMALIZED,2019-08-23,VCR,63,31,1
NN_v1,2,PAPER_WEIGHT_NORMALIZED,2019-08-23,VIS,77,49,4
NN_v1,2,PAPER_WEIGHT_NORMALIZED,2019-08-30,VDE,221,106,1
NN_v1,2,PAPER_WEIGHT_NORMALIZED,2019-08-30,VFH,171,90,1
NN_v1,2,PAPER_WEIGHT_NORMALIZED,2019-09-06,VDE,222,107,2
NN_v1,2,PAPER_WEIGHT_NORMALIZED,2019-09-06,VAW,122,63,1
NN_v1,2,PAPER_WEIGHT_NORMALIZED,2019-09-13,VDE,223,107,0
NN_v1,2,PAPER_WEIGHT_NORMALIZED,2019-09-13,VGT,94,56,2
NN_v1,2,PAPER_WEIGHT_NORMALIZED,2019-09-20,VAW,123,63,0
NN_v1,2,PAPER_WEIGHT_NORMALIZED,2019-09-20,VDE,224,107,0
NN_v1,2,PAPER_WEIGHT_NORMALIZED,2019-09-27,VAW,124,63,0
NN_v1,2,PAPER_WEIGHT_NORMALIZED,2019-09-27,VDE,225,107,0
NN_v1,2,PAPER_WEIGHT_NORMALIZED,2019-10-04,VFH,172,91,2
NN_v1,2,PAPER_WEIGHT_NORMALIZED,2019-10-04,VAW,125,64,1
NN_v1,2,PAPER_WEIGHT_NORMALIZED,2019-10-11,VFH,173,92,3
NN_v1,2,PAPER_WEIGHT_NORMALIZED,2019-10-11,VDE,226,107,0
NN_v1,2,PAPER_WEIGHT_NORMALIZED,2019-10-18,VDE,227,108,1
NN_v1,2,PAPER_WEIGHT_NORMALIZED,2019-10-18,VOX,112,65,1
NN_v1,2,PAPER_WEIGHT_NORMALIZED,2019-10-25,VDE,228,108,0
NN_v1,2,PAPER_WEIGHT_NORMALIZED,2019-10-25,VAW,126,65,2
NN_v1,2,PAPER_WEIGHT_NORMALIZED,2019-11-01,VDE,229,109,1
NN_v1,2,PAPER_WEIGHT_NORMALIZED,2019-11-01,VCR,64,31,0
NN_v1,2,PAPER_WEIGHT_NORMALIZED,2019-11-08,VNQ,157,75,3
NN_v1,2,PAPER_WEIGHT_NORMALIZED,2019-11-08,VDE,230,109,0
NN_v1,2,PAPER_WEIGHT_NORMALIZED,2019-11-15,VPU,95,53,1
NN_v1,2,PAPER_WEIGHT_NORMALIZED,2019-11-15,VNQ,158,75,0
NN_v1,2,PAPER_WEIGHT_NORMALIZED,2019-11-22,VDE,231,109,0
NN_v1,2,PAPER_WEIGHT_NORMALIZED,2019-11-22,VAW,127,66,3
NN_v1,2,PAPER_WEIGHT_NORMALIZED,2019-11-29,VDE,232,110,1
NN_v1,2,PAPER_WEIGHT_NORMALIZED,2019-11-29,VNQ,159,76,1
NN_v1,2,PAPER_WEIGHT_NORMALIZED,2019-12-06,VDE,233,111,2
NN_v1,2,PAPER_WEIGHT_NORMALIZED,2019-12-06,VNQ,160,76,0
NN_v1,2,PAPER_WEIGHT_NORMALIZED,2019-12-13,VNQ,161,77,1
NN_v1,2,PAPER_WEIGHT_NORMALIZED,2019-12-13,VDE,234,112,3
NN_v1,2,PAPER_WEIGHT_NORMALIZED,2019-12-20,VNQ,162,77,0
NN_v1,2,PAPER_WEIGHT_NORMALIZED,2019-12-20,VDE,235,113,4
NN_v1,2,PAPER_WEIGHT_NORMALIZED,2019-12-27,VNQ,163,78,1
NN_v1,2,PAPER_WEIGHT_NORMALIZED,2019-12-27,VPU,96,53,0
NN_v1,2,PAPER_WEIGHT_NORMALIZED,2020-01-03,VDE,236,113,0
NN_v1,2,PAPER_WEIGHT_NORMALIZED,2020-01-03,VAW,128,66,0
NN_v1,2,PAPER_WEIGHT_NORMALIZED,2020-01-10,VAW,129,67,1
NN_v1,2,PAPER_WEIGHT_NORMALIZED,2020-01-10,VDE,237,113,0
NN_v1,2,PAPER_WEIGHT_NORMALIZED,2020-01-17,VDE,238,113,0
NN_v1,2,PAPER_WEIGHT_NORMALIZED,2020-01-17,VNQ,164,79,2
NN_v1,2,PAPER_WEIGHT_NORMALIZED,2020-01-24,VDE,239,113,0
NN_v1,2,PAPER_WEIGHT_NORMALIZED,2020-01-24,VAW,130,67,0
NN_v1,2,PAPER_WEIGHT_NORMALIZED,2020-01-31,VDE,240,114,1
NN_v1,2,PAPER_WEIGHT_NORMALIZED,2020-01-31,VAW,131,68,1
NN_v1,2,PAPER_WEIGHT_NORMALIZED,2020-02-07,VDE,241,115,2
NN_v1,2,PAPER_WEIGHT_NORMALIZED,2020-02-07,VAW,132,69,2
NN_v1,2,PAPER_WEIGHT_NORMALIZED,2020-02-14,VDE,242,115,0
NN_v1,2,PAPER_WEIGHT_NORMALIZED,2020-02-14,VAW,133,69,0
NN_v1,2,PAPER_WEIGHT_NORMALIZED,2020-02-21,VDE,243,115,0
NN_v1,2,PAPER_WEIGHT_NORMALIZED,2020-02-21,VGT,95,56,0
NN_v1,2,PAPER_WEIGHT_NORMALIZED,2020-02-28,VDE,244,115,0
NN_v1,2,PAPER_WEIGHT_NORMALIZED,2020-02-28,VAW,134,70,1
NN_v1,2,PAPER_WEIGHT_NORMALIZED,2020-03-06,VDE,245,115,0
NN_v1,2,PAPER_WEIGHT_NORMALIZED,2020-03-06,VFH,174,92,0
NN_v1,2,PAPER_WEIGHT_NORMALIZED,2020-03-13,VDE,246,115,0
NN_v1,2,PAPER_WEIGHT_NORMALIZED,2020-03-13,VIS,78,49,0
NN_v1,2,PAPER_WEIGHT_NORMALIZED,2020-03-20,VDE,247,116,1
NN_v1,2,PAPER_WEIGHT_NORMALIZED,2020-03-20,VNQ,165,80,3
NN_v1,2,PAPER_WEIGHT_NORMALIZED,2020-03-27,VDE,248,117,2
NN_v1,2,PAPER_WEIGHT_NORMALIZED,2020-03-27,VDC,28,17,5
NN_v1,2,PAPER_WEIGHT_NORMALIZED,2020-04-03,VFH,175,93,1
NN_v1,2,PAPER_WEIGHT_NORMALIZED,2020-04-03,VCR,65,32,1
NN_v1,2,PAPER_WEIGHT_NORMALIZED,2020-04-10,VDC,29,18,6
NN_v1,2,PAPER_WEIGHT_NORMALIZED,2020-04-10,VHT,85,57,5
NN_v1,2,PAPER_WEIGHT_NORMALIZED,2020-04-17,VPU,97,53,0
NN_v1,2,PAPER_WEIGHT_NORMALIZED,2020-04-17,VNQ,166,80,0
NN_v1,2,PAPER_WEIGHT_NORMALIZED,2020-04-24,VIS,79,50,1
NN_v1,2,PAPER_WEIGHT_NORMALIZED,2020-04-24,VFH,176,94,2
NN_v1,2,PAPER_WEIGHT_NORMALIZED,2020-05-01,VPU,98,54,1
NN_v1,2,PAPER_WEIGHT_NORMALIZED,2020-05-01,VDC,30,19,7
NN_v1,2,PAPER_WEIGHT_NORMALIZED,2020-05-08,VPU,99,54,0
NN_v1,2,PAPER_WEIGHT_NORMALIZED,2020-05-08,VNQ,167,80,0
NN_v1,2,PAPER_WEIGHT_NORMALIZED,2020-05-15,VNQ,168,81,1
NN_v1,2,PAPER_WEIGHT_NORMALIZED,2020-05-15,VFH,177,95,3
NN_v1,2,PAPER_WEIGHT_NORMALIZED,2020-05-22,VDE,249,117,0
NN_v1,2,PAPER_WEIGHT_NORMALIZED,2020-05-22,VAW,135,71,2
NN_v1,2,PAPER_WEIGHT_NORMALIZED,2020-05-29,VAW,136,72,3
NN_v1,2,PAPER_WEIGHT_NORMALIZED,2020-05-29,VDE,250,118,1
NN_v1,2,PAPER_WEIGHT_NORMALIZED,2020-06-05,VPU,100,54,0
NN_v1,2,PAPER_WEIGHT_NORMALIZED,2020-06-05,VNQ,169,81,0
NN_v1,2,PAPER_WEIGHT_NORMALIZED,2020-06-12,VIS,80,51,2
NN_v1,2,PAPER_WEIGHT_NORMALIZED,2020-06-12,VFH,178,96,4
NN_v1,2,PAPER_WEIGHT_NORMALIZED,2020-06-19,VNQ,170,81,0
NN_v1,2,PAPER_WEIGHT_NORMALIZED,2020-06-19,VFH,179,96,0
NN_v1,2,PAPER_WEIGHT_NORMALIZED,2020-06-26,VNQ,171,82,1
NN_v1,2,PAPER_WEIGHT_NORMALIZED,2020-06-26,VAW,137,73,4
NN_v1,2,PAPER_WEIGHT_NORMALIZED,2020-07-03,VNQ,172,82,0
NN_v1,2,PAPER_WEIGHT_NORMALIZED,2020-07-03,VIS,81,51,0
NN_v1,2,PAPER_WEIGHT_NORMALIZED,2020-07-10,VFH,180,97,1
NN_v1,2,PAPER_WEIGHT_NORMALIZED,2020-07-10,VDE,251,119,2
NN_v1,2,PAPER_WEIGHT_NORMALIZED,2020-07-17,VFH,181,98,2
NN_v1,2,PAPER_WEIGHT_NORMALIZED,2020-07-17,VIS,82,52,1
NN_v1,2,PAPER_WEIGHT_NORMALIZED,2020-07-24,VIS,83,52,0
NN_v1,2,PAPER_WEIGHT_NORMALIZED,2020-07-24,VFH,182,98,0
NN_v1,2,PAPER_WEIGHT_NORMALIZED,2020-07-31,VDE,252,120,3
NN_v1,2,PAPER_WEIGHT_NORMALIZED,2020-07-31,VNQ,173,83,1
NN_v1,2,PAPER_WEIGHT_NORMALIZED,2020-08-07,VDE,253,121,4
NN_v1,2,PAPER_WEIGHT_NORMALIZED,2020-08-07,VFH,183,99,1
NN_v1,2,PAPER_WEIGHT_NORMALIZED,2020-08-14,VDE,254,121,0
NN_v1,2,PAPER_WEIGHT_NORMALIZED,2020-08-14,VFH,184,99,0
NN_v1,2,PAPER_WEIGHT_NORMALIZED,2020-08-21,VDE,255,122,1
NN_v1,2,PAPER_WEIGHT_NORMALIZED,2020-08-21,VNQ,174,84,2
NN_v1,2,PAPER_WEIGHT_NORMALIZED,2020-08-28,VDE,256,122,0
NN_v1,2,PAPER_WEIGHT_NORMALIZED,2020-08-28,VPU,101,55,1
NN_v1,2,PAPER_WEIGHT_NORMALIZED,2020-09-04,VOX,113,65,0
NN_v1,2,PAPER_WEIGHT_NORMALIZED,2020-09-04,VIS,84,53,1
NN_v1,2,PAPER_WEIGHT_NORMALIZED,2020-09-11,VDE,257,123,1
NN_v1,2,PAPER_WEIGHT_NORMALIZED,2020-09-11,VOX,114,65,0
NN_v1,2,PAPER_WEIGHT_NORMALIZED,2020-09-18,VNQ,175,84,0
NN_v1,2,PAPER_WEIGHT_NORMALIZED,2020-09-18,VFH,185,99,0
NN_v1,2,PAPER_WEIGHT_NORMALIZED,2020-09-25,VDE,258,123,0
NN_v1,2,PAPER_WEIGHT_NORMALIZED,2020-09-25,VFH,186,100,1
NN_v1,2,PAPER_WEIGHT_NORMALIZED,2020-10-02,VDE,259,124,1
NN_v1,2,PAPER_WEIGHT_NORMALIZED,2020-10-02,VAW,138,74,5
NN_v1,2,PAPER_WEIGHT_NORMALIZED,2020-10-09,VDE,260,124,0
NN_v1,2,PAPER_WEIGHT_NORMALIZED,2020-10-09,VFH,187,100,0
NN_v1,2,PAPER_WEIGHT_NORMALIZED,2020-10-16,VDE,261,125,1
NN_v1,2,PAPER_WEIGHT_NORMALIZED,2020-10-16,VFH,188,101,1
NN_v1,2,PAPER_WEIGHT_NORMALIZED,2020-10-23,VNQ,176,84,0
NN_v1,2,PAPER_WEIGHT_NORMALIZED,2020-10-23,VGT,96,56,0
NN_v1,2,PAPER_WEIGHT_NORMALIZED,2020-10-30,VGT,97,57,1
NN_v1,2,PAPER_WEIGHT_NORMALIZED,2020-10-30,VNQ,177,85,1
NN_v1,2,PAPER_WEIGHT_NORMALIZED,2020-11-06,VDE,262,126,2
NN_v1,2,PAPER_WEIGHT_NORMALIZED,2020-11-06,VFH,189,102,2
NN_v1,2,PAPER_WEIGHT_NORMALIZED,2020-11-13,VCR,66,33,2
NN_v1,2,PAPER_WEIGHT_NORMALIZED,2020-11-13,VGT,98,57,0
NN_v1,2,PAPER_WEIGHT_NORMALIZED,2020-11-20,VGT,99,58,1
NN_v1,2,PAPER_WEIGHT_NORMALIZED,2020-11-20,VOX,115,66,1
NN_v1,2,PAPER_WEIGHT_NORMALIZED,2020-11-27,VGT,100,59,2
NN_v1,2,PAPER_WEIGHT_NORMALIZED,2020-11-27,VHT,86,58,6
NN_v1,2,PAPER_WEIGHT_NORMALIZED,2020-12-04,VPU,102,56,2
NN_v1,2,PAPER_WEIGHT_NORMALIZED,2020-12-04,VNQ,178,85,0
NN_v1,2,PAPER_WEIGHT_NORMALIZED,2020-12-11,VCR,67,34,3
NN_v1,2,PAPER_WEIGHT_NORMALIZED,2020-12-11,VGT,101,60,3
NN_v1,2,PAPER_WEIGHT_NORMALIZED,2020-12-18,VDE,263,127,3
NN_v1,2,PAPER_WEIGHT_NORMALIZED,2020-12-18,VNQ,179,86,1
NN_v1,2,PAPER_WEIGHT_NORMALIZED,2020-12-25,VDE,264,127,0
NN_v1,2,PAPER_WEIGHT_NORMALIZED,2020-12-25,VHT,87,59,7
NN_v1,2,PAPER_WEIGHT_NORMALIZED,2021-01-01,VGT,102,61,4
NN_v1,2,PAPER_WEIGHT_NORMALIZED,2021-01-01,VPU,103,56,0
NN_v1,2,PAPER_WEIGHT_NORMALIZED,2021-01-08,VGT,103,61,0
NN_v1,2,PAPER_WEIGHT_NORMALIZED,2021-01-08,VPU,104,57,1
NN_v1,2,PAPER_WEIGHT_NORMALIZED,2021-01-15,VGT,104,62,1
NN_v1,2,PAPER_WEIGHT_NORMALIZED,2021-01-15,VNQ,180,87,2
NN_v1,2,PAPER_WEIGHT_NORMALIZED,2021-01-22,VAW,139,74,0
NN_v1,2,PAPER_WEIGHT_NORMALIZED,2021-01-22,VDE,265,127,0
NN_v1,2,PAPER_WEIGHT_NORMALIZED,2021-01-29,VFH,190,103,3
NN_v1,2,PAPER_WEIGHT_NORMALIZED,2021-01-29,VAW,140,75,1
NN_v1,2,PAPER_WEIGHT_NORMALIZED,2021-02-05,VAW,141,76,2
NN_v1,2,PAPER_WEIGHT_NORMALIZED,2021-02-05,VDE,266,128,1
NN_v1,2,PAPER_WEIGHT_NORMALIZED,2021-02-12,VAW,142,77,3
NN_v1,2,PAPER_WEIGHT_NORMALIZED,2021-02-12,VIS,85,53,0
NN_v1,2,PAPER_WEIGHT_NORMALIZED,2021-02-19,VGT,105,62,0
NN_v1,2,PAPER_WEIGHT_NORMALIZED,2021-02-19,VOX,116,66,0
NN_v1,2,PAPER_WEIGHT_NORMALIZED,2021-02-26,VOX,117,67,1
NN_v1,2,PAPER_WEIGHT_NORMALIZED,2021-02-26,VGT,106,62,0
NN_v1,2,PAPER_WEIGHT_NORMALIZED,2021-03-05,VGT,107,63,1
NN_v1,2,PAPER_WEIGHT_NORMALIZED,2021-03-05,VNQ,181,88,3
NN_v1,2,PAPER_WEIGHT_NORMALIZED,2021-03-12,VGT,108,63,0
NN_v1,2,PAPER_WEIGHT_NORMALIZED,2021-03-12,VPU,105,57,0
NN_v1,2,PAPER_WEIGHT_NORMALIZED,2021-03-19,VDE,267,129,2
NN_v1,2,PAPER_WEIGHT_NORMALIZED,2021-03-19,VGT,109,64,1
NN_v1,2,PAPER_WEIGHT_NORMALIZED,2021-03-26,VDE,268,130,3
NN_v1,2,PAPER_WEIGHT_NORMALIZED,2021-03-26,VGT,110,65,2
NN_v1,2,PAPER_WEIGHT_NORMALIZED,2021-04-02,VCR,68,35,4
NN_v1,2,PAPER_WEIGHT_NORMALIZED,2021-04-02,VDE,269,130,0
NN_v1,2,PAPER_WEIGHT_NORMALIZED,2021-04-09,VDE,270,130,0
NN_v1,2,PAPER_WEIGHT_NORMALIZED,2021-04-09,VGT,111,66,3
NN_v1,2,PAPER_WEIGHT_NORMALIZED,2021-04-16,VDE,271,130,0
NN_v1,2,PAPER_WEIGHT_NORMALIZED,2021-04-16,VGT,112,67,4
NN_v1,2,PAPER_WEIGHT_NORMALIZED,2021-04-23,VDE,272,131,1
NN_v1,2,PAPER_WEIGHT_NORMALIZED,2021-04-23,VGT,113,67,0
NN_v1,2,PAPER_WEIGHT_NORMALIZED,2021-04-30,VGT,114,67,0
NN_v1,2,PAPER_WEIGHT_NORMALIZED,2021-04-30,VCR,69,35,0
NN_v1,2,PAPER_WEIGHT_NORMALIZED,2021-05-07,VHT,88,59,0
NN_v1,2,PAPER_WEIGHT_NORMALIZED,2021-05-07,VGT,115,67,0
NN_v1,2,PAPER_WEIGHT_NORMALIZED,2021-05-14,VCR,70,35,0
NN_v1,2,PAPER_WEIGHT_NORMALIZED,2021-05-14,VGT,116,68,1
NN_v1,2,PAPER_WEIGHT_NORMALIZED,2021-05-21,VDE,273,131,0
NN_v1,2,PAPER_WEIGHT_NORMALIZED,2021-05-21,VCR,71,36,1
NN_v1,2,PAPER_WEIGHT_NORMALIZED,2021-05-28,VDE,274,132,1
NN_v1,2,PAPER_WEIGHT_NORMALIZED,2021-05-28,VAW,143,77,0
NN_v1,2,PAPER_WEIGHT_NORMALIZED,2021-06-04,VCR,72,37,2
NN_v1,2,PAPER_WEIGHT_NORMALIZED,2021-06-04,VGT,117,69,2
NN_v1,2,PAPER_WEIGHT_NORMALIZED,2021-06-11,VCR,73,37,0
NN_v1,2,PAPER_WEIGHT_NORMALIZED,2021-06-11,VDE,275,132,0
NN_v1,2,PAPER_WEIGHT_NORMALIZED,2021-06-18,VDE,276,133,1
NN_v1,2,PAPER_WEIGHT_NORMALIZED,2021-06-18,VAW,144,78,1
NN_v1,2,PAPER_WEIGHT_NORMALIZED,2021-06-25,VAW,145,79,2
NN_v1,2,PAPER_WEIGHT_NORMALIZED,2021-06-25,VDE,277,133,0
NN_v1,2,PAPER_WEIGHT_NORMALIZED,2021-07-02,VAW,146,80,3
NN_v1,2,PAPER_WEIGHT_NORMALIZED,2021-07-02,VDE,278,133,0
NN_v1,2,PAPER_WEIGHT_NORMALIZED,2021-07-09,VDE,279,133,0
NN_v1,2,PAPER_WEIGHT_NORMALIZED,2021-07-09,VFH,191,103,0
NN_v1,2,PAPER_WEIGHT_NORMALIZED,2021-07-16,VDE,280,134,1
NN_v1,2,PAPER_WEIGHT_NORMALIZED,2021-07-16,VFH,192,104,1
NN_v1,2,PAPER_WEIGHT_NORMALIZED,2021-07-23,VDE,281,135,2
NN_v1,2,PAPER_WEIGHT_NORMALIZED,2021-07-23,VAW,147,81,4
NN_v1,2,PAPER_WEIGHT_NORMALIZED,2021-07-30,VDE,282,135,0
NN_v1,2,PAPER_WEIGHT_NORMALIZED,2021-07-30,VCR,74,37,0
NN_v1,2,PAPER_WEIGHT_NORMALIZED,2021-08-06,VDE,283,136,1
NN_v1,2,PAPER_WEIGHT_NORMALIZED,2021-08-06,VAW,148,82,5
NN_v1,2,PAPER_WEIGHT_NORMALIZED,2021-08-13,VDE,284,136,0
NN_v1,2,PAPER_WEIGHT_NORMALIZED,2021-08-13,VAW,149,82,0
NN_v1,2,PAPER_WEIGHT_NORMALIZED,2021-08-20,VDE,285,137,1
NN_v1,2,PAPER_WEIGHT_NORMALIZED,2021-08-20,VAW,150,83,1
NN_v1,2,PAPER_WEIGHT_NORMALIZED,2021-08-27,VAW,151,83,0
NN_v1,2,PAPER_WEIGHT_NORMALIZED,2021-08-27,VFH,193,104,0
NN_v1,2,PAPER_WEIGHT_NORMALIZED,2021-09-03,VDE,286,137,0
NN_v1,2,PAPER_WEIGHT_NORMALIZED,2021-09-03,VAW,152,83,0
NN_v1,2,PAPER_WEIGHT_NORMALIZED,2021-09-10,VDE,287,138,1
NN_v1,2,PAPER_WEIGHT_NORMALIZED,2021-09-10,VAW,153,83,0
NN_v1,2,PAPER_WEIGHT_NORMALIZED,2021-09-17,VDE,288,139,2
NN_v1,2,PAPER_WEIGHT_NORMALIZED,2021-09-17,VNQ,182,88,0
NN_v1,2,PAPER_WEIGHT_NORMALIZED,2021-09-24,VAW,154,83,0
NN_v1,2,PAPER_WEIGHT_NORMALIZED,2021-09-24,VDE,289,140,3
NN_v1,2,PAPER_WEIGHT_NORMALIZED,2021-10-01,VIS,86,54,1
NN_v1,2,PAPER_WEIGHT_NORMALIZED,2021-10-01,VCR,75,38,1
NN_v1,2,PAPER_WEIGHT_NORMALIZED,2021-10-08,VAW,155,84,1
NN_v1,2,PAPER_WEIGHT_NORMALIZED,2021-10-08,VNQ,183,89,1
NN_v1,2,PAPER_WEIGHT_NORMALIZED,2021-10-15,VHT,89,60,1
NN_v1,2,PAPER_WEIGHT_NORMALIZED,2021-10-15,VOX,118,67,0
NN_v1,2,PAPER_WEIGHT_NORMALIZED,2021-10-22,VOX,119,68,1
NN_v1,2,PAPER_WEIGHT_NORMALIZED,2021-10-22,VAW,156,84,0
NN_v1,2,PAPER_WEIGHT_NORMALIZED,2021-10-29,VAW,157,85,1
NN_v1,2,PAPER_WEIGHT_NORMALIZED,2021-10-29,VOX,120,69,2
NN_v1,2,PAPER_WEIGHT_NORMALIZED,2021-11-05,VPU,106,57,0
NN_v1,2,PAPER_WEIGHT_NORMALIZED,2021-11-05,VNQ,184,89,0
NN_v1,2,PAPER_WEIGHT_NORMALIZED,2021-11-12,VHT,90,60,0
NN_v1,2,PAPER_WEIGHT_NORMALIZED,2021-11-12,VPU,107,58,1
NN_v1,2,PAPER_WEIGHT_NORMALIZED,2021-11-19,VDE,290,141,4
NN_v1,2,PAPER_WEIGHT_NORMALIZED,2021-11-19,VHT,91,60,0
NN_v1,2,PAPER_WEIGHT_NORMALIZED,2021-11-26,VAW,158,85,0
NN_v1,2,PAPER_WEIGHT_NORMALIZED,2021-11-26,VIS,87,54,0
NN_v1,2,PAPER_WEIGHT_NORMALIZED,2021-12-03,VOX,121,70,3
NN_v1,2,PAPER_WEIGHT_NORMALIZED,2021-12-03,VCR,76,39,2
NN_v1,2,PAPER_WEIGHT_NORMALIZED,2021-12-10,VOX,122,70,0
NN_v1,2,PAPER_WEIGHT_NORMALIZED,2021-12-10,VCR,77,39,0
NN_v1,2,PAPER_WEIGHT_NORMALIZED,2021-12-17,VDE,291,142,5
NN_v1,2,PAPER_WEIGHT_NORMALIZED,2021-12-17,VCR,78,40,1
NN_v1,2,PAPER_WEIGHT_NORMALIZED,2021-12-24,VDE,292,143,6
NN_v1,2,PAPER_WEIGHT_NORMALIZED,2021-12-24,VCR,79,41,2
NN_v1,2,PAPER_WEIGHT_NORMALIZED,2021-12-31,VDE,293,144,7
NN_v1,2,PAPER_WEIGHT_NORMALIZED,2021-12-31,VCR,80,41,0
NN_v1,2,PAPER_WEIGHT_NORMALIZED,2022-01-07,VGT,118,70,3
NN_v1,2,PAPER_WEIGHT_NORMALIZED,2022-01-07,VHT,92,60,0
NN_v1,2,PAPER_WEIGHT_NORMALIZED,2022-01-14,VCR,81,41,0
NN_v1,2,PAPER_WEIGHT_NORMALIZED,2022-01-14,VGT,119,70,0
NN_v1,2,PAPER_WEIGHT_NORMALIZED,2022-01-21,VGT,120,71,1
NN_v1,2,PAPER_WEIGHT_NORMALIZED,2022-01-21,VOX,123,71,1
NN_v1,2,PAPER_WEIGHT_NORMALIZED,2022-01-28,VCR,82,42,1
NN_v1,2,PAPER_WEIGHT_NORMALIZED,2022-01-28,VOX,124,71,0
NN_v1,2,PAPER_WEIGHT_NORMALIZED,2022-02-04,VIS,88,54,0
NN_v1,2,PAPER_WEIGHT_NORMALIZED,2022-02-04,VOX,125,71,0
NN_v1,2,PAPER_WEIGHT_NORMALIZED,2022-02-11,VGT,121,71,0
NN_v1,2,PAPER_WEIGHT_NORMALIZED,2022-02-11,VOX,126,71,0
NN_v1,2,PAPER_WEIGHT_NORMALIZED,2022-02-18,VGT,122,72,1
NN_v1,2,PAPER_WEIGHT_NORMALIZED,2022-02-18,VCR,83,42,0
NN_v1,2,PAPER_WEIGHT_NORMALIZED,2022-02-25,VCR,84,42,0
NN_v1,2,PAPER_WEIGHT_NORMALIZED,2022-02-25,VGT,123,72,0
NN_v1,2,PAPER_WEIGHT_NORMALIZED,2022-03-04,VCR,85,42,0
NN_v1,2,PAPER_WEIGHT_NORMALIZED,2022-03-04,VGT,124,72,0
NN_v1,2,PAPER_WEIGHT_NORMALIZED,2022-03-11,VGT,125,73,1
NN_v1,2,PAPER_WEIGHT_NORMALIZED,2022-03-11,VOX,127,72,1
NN_v1,2,PAPER_WEIGHT_NORMALIZED,2022-03-18,VDE,294,145,8
NN_v1,2,PAPER_WEIGHT_NORMALIZED,2022-03-18,VGT,126,74,2
NN_v1,2,PAPER_WEIGHT_NORMALIZED,2022-03-25,VCR,86,42,0
NN_v1,2,PAPER_WEIGHT_NORMALIZED,2022-03-25,VGT,127,75,3
NN_v1,2,PAPER_WEIGHT_NORMALIZED,2022-04-01,VFH,194,104,0
NN_v1,2,PAPER_WEIGHT_NORMALIZED,2022-04-01,VGT,128,75,0
NN_v1,2,PAPER_WEIGHT_NORMALIZED,2022-04-08,VGT,129,75,0
NN_v1,2,PAPER_WEIGHT_NORMALIZED,2022-04-08,VCR,87,43,1
NN_v1,2,PAPER_WEIGHT_NORMALIZED,2022-04-15,VGT,130,75,0
NN_v1,2,PAPER_WEIGHT_NORMALIZED,2022-04-15,VOX,128,72,0
NN_v1,2,PAPER_WEIGHT_NORMALIZED,2022-04-22,VFH,195,104,0
NN_v1,2,PAPER_WEIGHT_NORMALIZED,2022-04-22,VGT,131,75,0
NN_v1,2,PAPER_WEIGHT_NORMALIZED,2022-04-29,VOX,129,72,0
NN_v1,2,PAPER_WEIGHT_NORMALIZED,2022-04-29,VGT,132,75,0
NN_v1,2,PAPER_WEIGHT_NORMALIZED,2022-05-06,VOX,130,73,1
NN_v1,2,PAPER_WEIGHT_NORMALIZED,2022-05-06,VFH,196,104,0
NN_v1,2,PAPER_WEIGHT_NORMALIZED,2022-05-13,VGT,133,75,0
NN_v1,2,PAPER_WEIGHT_NORMALIZED,2022-05-13,VFH,197,104,0
NN_v1,2,PAPER_WEIGHT_NORMALIZED,2022-05-20,VCR,88,44,2
NN_v1,2,PAPER_WEIGHT_NORMALIZED,2022-05-20,VDC,31,20,8
NN_v1,2,PAPER_WEIGHT_NORMALIZED,2022-05-27,VOX,131,73,0
NN_v1,2,PAPER_WEIGHT_NORMALIZED,2022-05-27,VDC,32,20,0
NN_v1,2,PAPER_WEIGHT_NORMALIZED,2022-06-03,VHT,93,60,0
NN_v1,2,PAPER_WEIGHT_NORMALIZED,2022-06-03,VOX,132,73,0
NN_v1,2,PAPER_WEIGHT_NORMALIZED,2022-06-10,VCR,89,44,0
NN_v1,2,PAPER_WEIGHT_NORMALIZED,2022-06-10,VFH,198,104,0
NN_v1,2,PAPER_WEIGHT_NORMALIZED,2022-06-17,VAW,159,86,1
NN_v1,2,PAPER_WEIGHT_NORMALIZED,2022-06-17,VNQ,185,90,1
NN_v1,2,PAPER_WEIGHT_NORMALIZED,2022-06-24,VDE,295,145,0
NN_v1,2,PAPER_WEIGHT_NORMALIZED,2022-06-24,VAW,160,86,0
NN_v1,2,PAPER_WEIGHT_NORMALIZED,2022-07-01,VAW,161,87,1
NN_v1,2,PAPER_WEIGHT_NORMALIZED,2022-07-01,VDE,296,145,0
NN_v1,2,PAPER_WEIGHT_NORMALIZED,2022-07-08,VDE,297,145,0
NN_v1,2,PAPER_WEIGHT_NORMALIZED,2022-07-08,VAW,162,87,0
NN_v1,2,PAPER_WEIGHT_NORMALIZED,2022-07-15,VDE,298,146,1
NN_v1,2,PAPER_WEIGHT_NORMALIZED,2022-07-15,VAW,163,88,1
NN_v1,2,PAPER_WEIGHT_NORMALIZED,2022-07-22,VPU,108,59,2
NN_v1,2,PAPER_WEIGHT_NORMALIZED,2022-07-22,VDE,299,147,2
NN_v1,2,PAPER_WEIGHT_NORMALIZED,2022-07-29,VCR,90,45,1
NN_v1,2,PAPER_WEIGHT_NORMALIZED,2022-07-29,VOX,133,74,1
NN_v1,2,PAPER_WEIGHT_NORMALIZED,2022-08-05,VDE,300,148,3
NN_v1,2,PAPER_WEIGHT_NORMALIZED,2022-08-05,VAW,164,89,2
NN_v1,2,PAPER_WEIGHT_NORMALIZED,2022-08-12,VDE,301,149,4
NN_v1,2,PAPER_WEIGHT_NORMALIZED,2022-08-12,VAW,165,89,0
NN_v1,2,PAPER_WEIGHT_NORMALIZED,2022-08-19,VDE,302,150,5
NN_v1,2,PAPER_WEIGHT_NORMALIZED,2022-08-19,VAW,166,90,1
NN_v1,2,PAPER_WEIGHT_NORMALIZED,2022-08-26,VOX,134,74,0
NN_v1,2,PAPER_WEIGHT_NORMALIZED,2022-08-26,VIS,89,54,0
NN_v1,2,PAPER_WEIGHT_NORMALIZED,2022-09-02,VDE,303,151,6
NN_v1,2,PAPER_WEIGHT_NORMALIZED,2022-09-02,VGT,134,76,1
NN_v1,2,PAPER_WEIGHT_NORMALIZED,2022-09-09,VDE,304,151,0
NN_v1,2,PAPER_WEIGHT_NORMALIZED,2022-09-09,VGT,135,76,0
NN_v1,2,PAPER_WEIGHT_NORMALIZED,2022-09-16,VGT,136,76,0
NN_v1,2,PAPER_WEIGHT_NORMALIZED,2022-09-16,VOX,135,74,0
NN_v1,2,PAPER_WEIGHT_NORMALIZED,2022-09-23,VDE,305,152,1
NN_v1,2,PAPER_WEIGHT_NORMALIZED,2022-09-23,VNQ,186,90,0
NN_v1,2,PAPER_WEIGHT_NORMALIZED,2022-09-30,VPU,109,59,0
NN_v1,2,PAPER_WEIGHT_NORMALIZED,2022-09-30,VOX,136,75,1
NN_v1,2,PAPER_WEIGHT_NORMALIZED,2022-10-07,VNQ,187,90,0
NN_v1,2,PAPER_WEIGHT_NORMALIZED,2022-10-07,VPU,110,59,0
NN_v1,2,PAPER_WEIGHT_NORMALIZED,2022-10-14,VNQ,188,91,1
NN_v1,2,PAPER_WEIGHT_NORMALIZED,2022-10-14,VGT,137,77,1
NN_v1,2,PAPER_WEIGHT_NORMALIZED,2022-10-21,VNQ,189,92,2
NN_v1,2,PAPER_WEIGHT_NORMALIZED,2022-10-21,VPU,111,60,1
NN_v1,2,PAPER_WEIGHT_NORMALIZED,2022-10-28,VOX,137,75,0
NN_v1,2,PAPER_WEIGHT_NORMALIZED,2022-10-28,VCR,91,45,0
NN_v1,2,PAPER_WEIGHT_NORMALIZED,2022-11-04,VCR,92,46,1
NN_v1,2,PAPER_WEIGHT_NORMALIZED,2022-11-04,VGT,138,78,2
NN_v1,2,PAPER_WEIGHT_NORMALIZED,2022-11-11,VPU,112,61,2
NN_v1,2,PAPER_WEIGHT_NORMALIZED,2022-11-11,VGT,139,78,0
NN_v1,2,PAPER_WEIGHT_NORMALIZED,2022-11-18,VCR,93,47,2
NN_v1,2,PAPER_WEIGHT_NORMALIZED,2022-11-18,VNQ,190,93,3
NN_v1,2,PAPER_WEIGHT_NORMALIZED,2022-11-25,VCR,94,48,3
NN_v1,2,PAPER_WEIGHT_NORMALIZED,2022-11-25,VGT,140,79,1
NN_v1,2,PAPER_WEIGHT_NORMALIZED,2022-12-02,VGT,141,79,0
NN_v1,2,PAPER_WEIGHT_NORMALIZED,2022-12-02,VNQ,191,93,0
NN_v1,2,PAPER_WEIGHT_NORMALIZED,2022-12-09,VDE,306,153,2
NN_v1,2,PAPER_WEIGHT_NORMALIZED,2022-12-09,VCR,95,48,0
NN_v1,2,PAPER_WEIGHT_NORMALIZED,2022-12-16,VCR,96,48,0
NN_v1,2,PAPER_WEIGHT_NORMALIZED,2022-12-16,VGT,142,79,0
NN_v1,2,PAPER_WEIGHT_NORMALIZED,2022-12-23,VOX,138,76,1
NN_v1,2,PAPER_WEIGHT_NORMALIZED,2022-12-23,VNQ,192,93,0
NN_v1,2,PAPER_WEIGHT_NORMALIZED,2022-12-30,VCR,97,49,1
NN_v1,2,PAPER_WEIGHT_NORMALIZED,2022-12-30,VGT,143,79,0
NN_v1,2,PAPER_WEIGHT_NORMALIZED,2023-01-06,VDE,307,154,3
NN_v1,2,PAPER_WEIGHT_NORMALIZED,2023-01-06,VGT,144,80,1
NN_v1,2,PAPER_WEIGHT_NORMALIZED,2023-01-13,VOX,139,77,2
NN_v1,2,PAPER_WEIGHT_NORMALIZED,2023-01-13,VDE,308,155,4
NN_v1,2,PAPER_WEIGHT_NORMALIZED,2023-01-20,VDE,309,156,5
NN_v1,2,PAPER_WEIGHT_NORMALIZED,2023-01-20,VIS,90,55,1
NN_v1,2,PAPER_WEIGHT_NORMALIZED,2023-01-27,VDE,310,156,0
NN_v1,2,PAPER_WEIGHT_NORMALIZED,2023-01-27,VGT,145,81,2
NN_v1,2,PAPER_WEIGHT_NORMALIZED,2023-02-03,VDE,311,157,1
NN_v1,2,PAPER_WEIGHT_NORMALIZED,2023-02-03,VPU,113,61,0
NN_v1,2,PAPER_WEIGHT_NORMALIZED,2023-02-10,VOX,140,78,3
NN_v1,2,PAPER_WEIGHT_NORMALIZED,2023-02-10,VCR,98,50,2
NN_v1,2,PAPER_WEIGHT_NORMALIZED,2023-02-17,VDE,312,158,2
NN_v1,2,PAPER_WEIGHT_NORMALIZED,2023-02-17,VOX,141,78,0
NN_v1,2,PAPER_WEIGHT_NORMALIZED,2023-02-24,VHT,94,61,1
NN_v1,2,PAPER_WEIGHT_NORMALIZED,2023-02-24,VFH,199,104,0
NN_v1,2,PAPER_WEIGHT_NORMALIZED,2023-03-03,VDE,313,158,0
NN_v1,2,PAPER_WEIGHT_NORMALIZED,2023-03-03,VPU,114,61,0
NN_v1,2,PAPER_WEIGHT_NORMALIZED,2023-03-10,VOX,142,79,1
NN_v1,2,PAPER_WEIGHT_NORMALIZED,2023-03-10,VDE,314,158,0
NN_v1,2,PAPER_WEIGHT_NORMALIZED,2023-03-17,VDE,315,159,1
NN_v1,2,PAPER_WEIGHT_NORMALIZED,2023-03-17,VFH,200,104,0
NN_v1,2,PAPER_WEIGHT_NORMALIZED,2023-03-24,VNQ,193,94,1
NN_v1,2,PAPER_WEIGHT_NORMALIZED,2023-03-24,VFH,201,105,1
NN_v1,2,PAPER_WEIGHT_NORMALIZED,2023-03-31,VDE,316,159,0
NN_v1,2,PAPER_WEIGHT_NORMALIZED,2023-03-31,VFH,202,105,0
NN_v1,2,PAPER_WEIGHT_NORMALIZED,2023-04-07,VFH,203,106,1
NN_v1,2,PAPER_WEIGHT_NORMALIZED,2023-04-07,VIS,91,56,2
NN_v1,2,PAPER_WEIGHT_NORMALIZED,2023-04-14,VNQ,194,95,2
NN_v1,2,PAPER_WEIGHT_NORMALIZED,2023-04-14,VDE,317,159,0
NN_v1,2,PAPER_WEIGHT_NORMALIZED,2023-04-21,VDE,318,160,1
NN_v1,2,PAPER_WEIGHT_NORMALIZED,2023-04-21,VAW,167,90,0
NN_v1,2,PAPER_WEIGHT_NORMALIZED,2023-04-28,VFH,204,106,0
NN_v1,2,PAPER_WEIGHT_NORMALIZED,2023-04-28,VDE,319,160,0
NN_v1,2,PAPER_WEIGHT_NORMALIZED,2023-05-05,VDE,320,160,0
NN_v1,2,PAPER_WEIGHT_NORMALIZED,2023-05-05,VFH,205,106,0
NN_v1,2,PAPER_WEIGHT_NORMALIZED,2023-05-12,VAW,168,91,1
NN_v1,2,PAPER_WEIGHT_NORMALIZED,2023-05-12,VFH,206,107,1
NN_v1,2,PAPER_WEIGHT_NORMALIZED,2023-05-19,VFH,207,107,0
NN_v1,2,PAPER_WEIGHT_NORMALIZED,2023-05-19,VPU,115,61,0
NN_v1,2,PAPER_WEIGHT_NORMALIZED,2023-05-26,VNQ,195,96,3
NN_v1,2,PAPER_WEIGHT_NORMALIZED,2023-05-26,VDE,321,161,1
NN_v1,2,PAPER_WEIGHT_NORMALIZED,2023-06-02,VDE,322,162,2
NN_v1,2,PAPER_WEIGHT_NORMALIZED,2023-06-02,VFH,208,108,1
NN_v1,2,PAPER_WEIGHT_NORMALIZED,2023-06-09,VDE,323,163,3
NN_v1,2,PAPER_WEIGHT_NORMALIZED,2023-06-09,VFH,209,109,2
NN_v1,2,PAPER_WEIGHT_NORMALIZED,2023-06-16,VDE,324,163,0
NN_v1,2,PAPER_WEIGHT_NORMALIZED,2023-06-16,VFH,210,109,0
NN_v1,2,PAPER_WEIGHT_NORMALIZED,2023-06-23,VDE,325,164,1
NN_v1,2,PAPER_WEIGHT_NORMALIZED,2023-06-23,VNQ,196,97,4
NN_v1,2,PAPER_WEIGHT_NORMALIZED,2023-06-30,VDE,326,164,0
NN_v1,2,PAPER_WEIGHT_NORMALIZED,2023-06-30,VPU,116,61,0
NN_v1,2,PAPER_WEIGHT_NORMALIZED,2023-07-07,VDE,327,165,1
NN_v1,2,PAPER_WEIGHT_NORMALIZED,2023-07-07,VPU,117,62,1
NN_v1,2,PAPER_WEIGHT_NORMALIZED,2023-07-14,VDE,328,166,2
NN_v1,2,PAPER_WEIGHT_NORMALIZED,2023-07-14,VNQ,197,98,5
NN_v1,2,PAPER_WEIGHT_NORMALIZED,2023-07-21,VDE,329,167,3
NN_v1,2,PAPER_WEIGHT_NORMALIZED,2023-07-21,VNQ,198,98,0
NN_v1,2,PAPER_WEIGHT_NORMALIZED,2023-07-28,VNQ,199,98,0
NN_v1,2,PAPER_WEIGHT_NORMALIZED,2023-07-28,VDE,330,168,4
NN_v1,2,PAPER_WEIGHT_NORMALIZED,2023-08-04,VGT,146,81,0
NN_v1,2,PAPER_WEIGHT_NORMALIZED,2023-08-04,VPU,118,63,2
NN_v1,2,PAPER_WEIGHT_NORMALIZED,2023-08-11,VGT,147,81,0
NN_v1,2,PAPER_WEIGHT_NORMALIZED,2023-08-11,VAW,169,91,0
NN_v1,2,PAPER_WEIGHT_NORMALIZED,2023-08-18,VAW,170,91,0
NN_v1,2,PAPER_WEIGHT_NORMALIZED,2023-08-18,VNQ,200,99,1
NN_v1,2,PAPER_WEIGHT_NORMALIZED,2023-08-25,VNQ,201,100,2
NN_v1,2,PAPER_WEIGHT_NORMALIZED,2023-08-25,VAW,171,92,1
NN_v1,2,PAPER_WEIGHT_NORMALIZED,2023-09-01,VPU,119,64,3
NN_v1,2,PAPER_WEIGHT_NORMALIZED,2023-09-01,VNQ,202,100,0
NN_v1,2,PAPER_WEIGHT_NORMALIZED,2023-09-08,VGT,148,81,0
NN_v1,2,PAPER_WEIGHT_NORMALIZED,2023-09-08,VIS,92,56,0
NN_v1,2,PAPER_WEIGHT_NORMALIZED,2023-09-15,VGT,149,81,0
NN_v1,2,PAPER_WEIGHT_NORMALIZED,2023-09-15,VIS,93,56,0
NN_v1,2,PAPER_WEIGHT_NORMALIZED,2023-09-22,VCR,99,51,3
NN_v1,2,PAPER_WEIGHT_NORMALIZED,2023-09-22,VOX,143,80,2
NN_v1,2,PAPER_WEIGHT_NORMALIZED,2023-09-29,VAW,172,92,0
NN_v1,2,PAPER_WEIGHT_NORMALIZED,2023-09-29,VOX,144,81,3
NN_v1,2,PAPER_WEIGHT_NORMALIZED,2023-10-06,VDE,331,169,5
NN_v1,2,PAPER_WEIGHT_NORMALIZED,2023-10-06,VNQ,203,101,1
NN_v1,2,PAPER_WEIGHT_NORMALIZED,2023-10-13,VDC,33,21,1
NN_v1,2,PAPER_WEIGHT_NORMALIZED,2023-10-13,VIS,94,56,0
NN_v1,2,PAPER_WEIGHT_NORMALIZED,2023-10-20,VCR,100,51,0
NN_v1,2,PAPER_WEIGHT_NORMALIZED,2023-10-20,VAW,173,93,1
NN_v1,2,PAPER_WEIGHT_NORMALIZED,2023-10-27,VGT,150,82,1
NN_v1,2,PAPER_WEIGHT_NORMALIZED,2023-10-27,VDE,332,170,6
NN_v1,2,PAPER_WEIGHT_NORMALIZED,2023-11-03,VDE,333,170,0
NN_v1,2,PAPER_WEIGHT_NORMALIZED,2023-11-03,VPU,120,64,0
NN_v1,2,PAPER_WEIGHT_NORMALIZED,2023-11-10,VDE,334,171,1
NN_v1,2,PAPER_WEIGHT_NORMALIZED,2023-11-10,VPU,121,65,1
NN_v1,2,PAPER_WEIGHT_NORMALIZED,2023-11-17,VDE,335,171,0
NN_v1,2,PAPER_WEIGHT_NORMALIZED,2023-11-17,VNQ,204,102,2
NN_v1,2,PAPER_WEIGHT_NORMALIZED,2023-11-24,VDE,336,172,1
NN_v1,2,PAPER_WEIGHT_NORMALIZED,2023-11-24,VNQ,205,103,3
NN_v1,2,PAPER_WEIGHT_NORMALIZED,2023-12-01,VDE,337,172,0
NN_v1,2,PAPER_WEIGHT_NORMALIZED,2023-12-01,VOX,145,82,4
NN_v1,2,PAPER_WEIGHT_NORMALIZED,2023-12-08,VDE,338,173,1
NN_v1,2,PAPER_WEIGHT_NORMALIZED,2023-12-08,VPU,122,66,2
NN_v1,2,PAPER_WEIGHT_NORMALIZED,2023-12-15,VDE,339,173,0
NN_v1,2,PAPER_WEIGHT_NORMALIZED,2023-12-15,VPU,123,66,0
NN_v1,2,PAPER_WEIGHT_NORMALIZED,2023-12-22,VDE,340,173,0
NN_v1,2,PAPER_WEIGHT_NORMALIZED,2023-12-22,VPU,124,67,1
NN_v1,2,PAPER_WEIGHT_NORMALIZED,2023-12-29,VDE,341,174,1
NN_v1,2,PAPER_WEIGHT_NORMALIZED,2023-12-29,VNQ,206,103,0
NN_v1,2,PAPER_WEIGHT_NORMALIZED,2024-01-05,VGT,151,83,2
NN_v1,2,PAPER_WEIGHT_NORMALIZED,2024-01-05,VCR,101,52,1
NN_v1,2,PAPER_WEIGHT_NORMALIZED,2024-01-12,VDE,342,174,0
NN_v1,2,PAPER_WEIGHT_NORMALIZED,2024-01-12,VCR,102,53,2
NN_v1,2,PAPER_WEIGHT_NORMALIZED,2024-01-19,VDE,343,175,1
NN_v1,2,PAPER_WEIGHT_NORMALIZED,2024-01-19,VPU,125,68,2
NN_v1,2,PAPER_WEIGHT_NORMALIZED,2024-01-26,VDE,344,175,0
NN_v1,2,PAPER_WEIGHT_NORMALIZED,2024-01-26,VPU,126,69,3
NN_v1,2,PAPER_WEIGHT_NORMALIZED,2024-02-02,VDE,345,176,1
NN_v1,2,PAPER_WEIGHT_NORMALIZED,2024-02-02,VNQ,207,104,1
NN_v1,2,PAPER_WEIGHT_NORMALIZED,2024-02-09,VDE,346,177,2
NN_v1,2,PAPER_WEIGHT_NORMALIZED,2024-02-09,VPU,127,70,4
NN_v1,2,PAPER_WEIGHT_NORMALIZED,2024-02-16,VGT,152,84,3
NN_v1,2,PAPER_WEIGHT_NORMALIZED,2024-02-16,VDE,347,178,3
NN_v1,2,PAPER_WEIGHT_NORMALIZED,2024-02-23,VDE,348,179,4
NN_v1,2,PAPER_WEIGHT_NORMALIZED,2024-02-23,VNQ,208,105,2
NN_v1,2,PAPER_WEIGHT_NORMALIZED,2024-03-01,VDE,349,180,5
NN_v1,2,PAPER_WEIGHT_NORMALIZED,2024-03-01,VPU,128,71,5
NN_v1,2,PAPER_WEIGHT_NORMALIZED,2024-03-08,VCR,103,53,0
NN_v1,2,PAPER_WEIGHT_NORMALIZED,2024-03-08,VDE,350,181,6
NN_v1,2,PAPER_WEIGHT_NORMALIZED,2024-03-15,VNQ,209,105,0
NN_v1,2,PAPER_WEIGHT_NORMALIZED,2024-03-15,VCR,104,54,1
NN_v1,2,PAPER_WEIGHT_NORMALIZED,2024-03-22,VNQ,210,106,1
NN_v1,2,PAPER_WEIGHT_NORMALIZED,2024-03-22,VPU,129,72,6
NN_v1,2,PAPER_WEIGHT_NORMALIZED,2024-03-29,VGT,153,84,0
NN_v1,2,PAPER_WEIGHT_NORMALIZED,2024-03-29,VNQ,211,106,0
NN_v1,2,PAPER_WEIGHT_NORMALIZED,2024-04-05,VCR,105,54,0
NN_v1,2,PAPER_WEIGHT_NORMALIZED,2024-04-05,VNQ,212,106,0
NN_v1,2,PAPER_WEIGHT_NORMALIZED,2024-04-12,VNQ,213,106,0
NN_v1,2,PAPER_WEIGHT_NORMALIZED,2024-04-12,VCR,106,54,0
NN_v1,2,PAPER_WEIGHT_NORMALIZED,2024-04-19,VGT,154,85,1
NN_v1,2,PAPER_WEIGHT_NORMALIZED,2024-04-19,VNQ,214,107,1
NN_v1,2,PAPER_WEIGHT_NORMALIZED,2024-04-26,VNQ,215,108,2
NN_v1,2,PAPER_WEIGHT_NORMALIZED,2024-04-26,VGT,155,86,2
NN_v1,2,PAPER_WEIGHT_NORMALIZED,2024-05-03,VGT,156,87,3
NN_v1,2,PAPER_WEIGHT_NORMALIZED,2024-05-03,VDE,351,182,7
NN_v1,2,PAPER_WEIGHT_NORMALIZED,2024-05-10,VGT,157,88,4
NN_v1,2,PAPER_WEIGHT_NORMALIZED,2024-05-10,VNQ,216,109,3
NN_v1,2,PAPER_WEIGHT_NORMALIZED,2024-05-17,VGT,158,89,5
NN_v1,2,PAPER_WEIGHT_NORMALIZED,2024-05-17,VCR,107,54,0
NN_v1,2,PAPER_WEIGHT_NORMALIZED,2024-05-24,VNQ,217,110,4
NN_v1,2,PAPER_WEIGHT_NORMALIZED,2024-05-24,VDE,352,183,8
NN_v1,2,PAPER_WEIGHT_NORMALIZED,2024-05-31,VGT,159,90,6
NN_v1,2,PAPER_WEIGHT_NORMALIZED,2024-05-31,VNQ,218,110,0
NN_v1,2,PAPER_WEIGHT_NORMALIZED,2024-06-07,VDE,353,183,0
NN_v1,2,PAPER_WEIGHT_NORMALIZED,2024-06-07,VNQ,219,111,1
NN_v1,2,PAPER_WEIGHT_NORMALIZED,2024-06-14,VDE,354,184,1
NN_v1,2,PAPER_WEIGHT_NORMALIZED,2024-06-14,VPU,130,72,0
NN_v1,2,PAPER_WEIGHT_NORMALIZED,2024-06-21,VDE,355,185,2
NN_v1,2,PAPER_WEIGHT_NORMALIZED,2024-06-21,VPU,131,72,0
NN_v1,2,PAPER_WEIGHT_NORMALIZED,2024-06-28,VGT,160,91,7
NN_v1,2,PAPER_WEIGHT_NORMALIZED,2024-06-28,VPU,132,72,0
NN_v1,2,PAPER_WEIGHT_NORMALIZED,2024-07-05,VDE,356,186,3
NN_v1,2,PAPER_WEIGHT_NORMALIZED,2024-07-05,VPU,133,73,1
NN_v1,2,PAPER_WEIGHT_NORMALIZED,2024-07-12,VDE,357,187,4
NN_v1,2,PAPER_WEIGHT_NORMALIZED,2024-07-12,VOX,146,82,0
NN_v1,2,PAPER_WEIGHT_NORMALIZED,2024-07-19,VGT,161,91,0
NN_v1,2,PAPER_WEIGHT_NORMALIZED,2024-07-19,VOX,147,82,0
NN_v1,2,PAPER_WEIGHT_NORMALIZED,2024-07-26,VGT,162,91,0
NN_v1,2,PAPER_WEIGHT_NORMALIZED,2024-07-26,VCR,108,54,0
NN_v1,2,PAPER_WEIGHT_NORMALIZED,2024-08-02,VGT,163,92,1
NN_v1,2,PAPER_WEIGHT_NORMALIZED,2024-08-02,VDE,358,188,5
NN_v1,2,PAPER_WEIGHT_NORMALIZED,2024-08-09,VGT,164,93,2
NN_v1,2,PAPER_WEIGHT_NORMALIZED,2024-08-09,VDE,359,189,6
NN_v1,2,PAPER_WEIGHT_NORMALIZED,2024-08-16,VDE,360,189,0
NN_v1,2,PAPER_WEIGHT_NORMALIZED,2024-08-16,VGT,165,94,3
NN_v1,2,PAPER_WEIGHT_NORMALIZED,2024-08-23,VGT,166,94,0
NN_v1,2,PAPER_WEIGHT_NORMALIZED,2024-08-23,VDE,361,189,0
NN_v1,2,PAPER_WEIGHT_NORMALIZED,2024-08-30,VGT,167,94,0
NN_v1,2,PAPER_WEIGHT_NORMALIZED,2024-08-30,VCR,109,54,0
NN_v1,2,PAPER_WEIGHT_NORMALIZED,2024-09-06,VGT,168,95,1
NN_v1,2,PAPER_WEIGHT_NORMALIZED,2024-09-06,VOX,148,83,1
NN_v1,2,PAPER_WEIGHT_NORMALIZED,2024-09-13,VDE,362,190,1
NN_v1,2,PAPER_WEIGHT_NORMALIZED,2024-09-13,VGT,169,96,2
NN_v1,2,PAPER_WEIGHT_NORMALIZED,2024-09-20,VGT,170,97,3
NN_v1,2,PAPER_WEIGHT_NORMALIZED,2024-09-20,VDE,363,190,0
NN_v1,2,PAPER_WEIGHT_NORMALIZED,2024-09-27,VGT,171,98,4
NN_v1,2,PAPER_WEIGHT_NORMALIZED,2024-09-27,VDE,364,191,1
NN_v1,2,PAPER_WEIGHT_NORMALIZED,2024-10-04,VGT,172,99,5
NN_v1,2,PAPER_WEIGHT_NORMALIZED,2024-10-04,VCR,110,54,0
NN_v1,2,PAPER_WEIGHT_NORMALIZED,2024-10-11,VCR,111,55,1
NN_v1,2,PAPER_WEIGHT_NORMALIZED,2024-10-11,VDE,365,191,0
NN_v1,2,PAPER_WEIGHT_NORMALIZED,2024-10-18,VDE,366,191,0
NN_v1,2,PAPER_WEIGHT_NORMALIZED,2024-10-18,VGT,173,100,6
NN_v1,2,PAPER_WEIGHT_NORMALIZED,2024-10-25,VDE,367,192,1
NN_v1,2,PAPER_WEIGHT_NORMALIZED,2024-10-25,VGT,174,100,0
NN_v1,2,PAPER_WEIGHT_NORMALIZED,2024-11-01,VNQ,220,112,2
NN_v1,2,PAPER_WEIGHT_NORMALIZED,2024-11-01,VGT,175,101,1
NN_v1,2,PAPER_WEIGHT_NORMALIZED,2024-11-08,VNQ,221,112,0
NN_v1,2,PAPER_WEIGHT_NORMALIZED,2024-11-08,VPU,134,74,2
NN_v1,2,PAPER_WEIGHT_NORMALIZED,2024-11-15,VHT,95,62,2
NN_v1,2,PAPER_WEIGHT_NORMALIZED,2024-11-15,VGT,176,102,2
NN_v1,2,PAPER_WEIGHT_NORMALIZED,2024-11-22,VGT,177,102,0
NN_v1,2,PAPER_WEIGHT_NORMALIZED,2024-11-22,VHT,96,63,3
NN_v1,2,PAPER_WEIGHT_NORMALIZED,2024-11-29,VDE,368,192,0
NN_v1,2,PAPER_WEIGHT_NORMALIZED,2024-11-29,VGT,178,103,1
NN_v1,2,PAPER_WEIGHT_NORMALIZED,2024-12-06,VDE,369,192,0
NN_v1,2,PAPER_WEIGHT_NORMALIZED,2024-12-06,VHT,97,63,0
NN_v1,2,PAPER_WEIGHT_NORMALIZED,2024-12-13,VAW,174,93,0
NN_v1,2,PAPER_WEIGHT_NORMALIZED,2024-12-13,VPU,135,74,0
NN_v1,2,PAPER_WEIGHT_NORMALIZED,2024-12-20,VDE,370,193,1
NN_v1,2,PAPER_WEIGHT_NORMALIZED,2024-12-20,VNQ,222,113,1
NN_v1,2,PAPER_WEIGHT_NORMALIZED,2024-12-27,VAW,175,93,0
NN_v1,2,PAPER_WEIGHT_NORMALIZED,2024-12-27,VDE,371,194,2
NN_v1,2,PAPER_WEIGHT_NORMALIZED,2025-01-03,VHT,98,64,1
NN_v1,2,PAPER_WEIGHT_NORMALIZED,2025-01-03,VAW,176,93,0
NN_v1,2,PAPER_WEIGHT_NORMALIZED,2025-01-10,VAW,177,94,1
NN_v1,2,PAPER_WEIGHT_NORMALIZED,2025-01-10,VIS,95,57,1
NN_v1,2,PAPER_WEIGHT_NORMALIZED,2025-01-17,VHT,99,65,2
NN_v1,2,PAPER_WEIGHT_NORMALIZED,2025-01-17,VDC,34,22,2
NN_v1,2,PAPER_WEIGHT_NORMALIZED,2025-01-24,VNQ,223,113,0
NN_v1,2,PAPER_WEIGHT_NORMALIZED,2025-01-24,VDC,35,23,3
NN_v1,2,PAPER_WEIGHT_NORMALIZED,2025-01-31,VIS,96,58,2
NN_v1,2,PAPER_WEIGHT_NORMALIZED,2025-01-31,VDE,372,195,3
NN_v1,2,PAPER_WEIGHT_NORMALIZED,2025-02-07,VIS,97,58,0
NN_v1,2,PAPER_WEIGHT_NORMALIZED,2025-02-07,VAW,178,95,2
NN_v1,2,PAPER_WEIGHT_NORMALIZED,2025-02-14,VIS,98,58,0
NN_v1,2,PAPER_WEIGHT_NORMALIZED,2025-02-14,VDE,373,196,4
NN_v1,2,PAPER_WEIGHT_NORMALIZED,2025-02-21,VFH,211,110,1
NN_v1,2,PAPER_WEIGHT_NORMALIZED,2025-02-21,VNQ,224,114,1
NN_v1,2,PAPER_WEIGHT_NORMALIZED,2025-02-28,VGT,179,103,0
NN_v1,2,PAPER_WEIGHT_NORMALIZED,2025-02-28,VAW,179,95,0
NN_v1,2,PAPER_WEIGHT_NORMALIZED,2025-03-07,VGT,180,103,0
NN_v1,2,PAPER_WEIGHT_NORMALIZED,2025-03-07,VCR,112,55,0
NN_v1,2,PAPER_WEIGHT_NORMALIZED,2025-03-14,VCR,113,56,1
NN_v1,2,PAPER_WEIGHT_NORMALIZED,2025-03-14,VFH,212,111,2
NN_v1,2,PAPER_WEIGHT_NORMALIZED,2025-03-21,VCR,114,56,0
NN_v1,2,PAPER_WEIGHT_NORMALIZED,2025-03-21,VGT,181,103,0
NN_v1,2,PAPER_WEIGHT_NORMALIZED,2025-03-28,VCR,115,56,0
NN_v1,2,PAPER_WEIGHT_NORMALIZED,2025-03-28,VGT,182,103,0
NN_v1,2,PAPER_WEIGHT_NORMALIZED,2025-04-04,VCR,116,57,1
NN_v1,2,PAPER_WEIGHT_NORMALIZED,2025-04-04,VGT,183,104,1
NN_v1,2,PAPER_WEIGHT_NORMALIZED,2025-04-11,VDE,374,197,5
NN_v1,2,PAPER_WEIGHT_NORMALIZED,2025-04-11,VCR,117,57,0
NN_v1,2,PAPER_WEIGHT_NORMALIZED,2025-04-18,VCR,118,58,1
NN_v1,2,PAPER_WEIGHT_NORMALIZED,2025-04-18,VGT,184,105,2
NN_v1,2,PAPER_WEIGHT_NORMALIZED,2025-04-25,VDE,375,197,0
NN_v1,2,PAPER_WEIGHT_NORMALIZED,2025-04-25,VHT,100,66,3
NN_v1,2,PAPER_WEIGHT_NORMALIZED,2025-05-02,VDE,376,198,1
NN_v1,2,PAPER_WEIGHT_NORMALIZED,2025-05-02,VHT,101,66,0
NN_v1,2,PAPER_WEIGHT_NORMALIZED,2025-05-09,VHT,102,67,1
NN_v1,2,PAPER_WEIGHT_NORMALIZED,2025-05-09,VDE,377,199,2
NN_v1,2,PAPER_WEIGHT_NORMALIZED,2025-05-16,VHT,103,67,0
NN_v1,2,PAPER_WEIGHT_NORMALIZED,2025-05-16,VDE,378,199,0
NN_v1,2,PAPER_WEIGHT_NORMALIZED,2025-05-23,VDE,379,199,0
NN_v1,2,PAPER_WEIGHT_NORMALIZED,2025-05-23,VHT,104,68,1
NN_v1,2,PAPER_WEIGHT_NORMALIZED,2025-05-30,VHT,105,69,2
NN_v1,2,PAPER_WEIGHT_NORMALIZED,2025-05-30,VDE,380,200,1
NN_v1,2,PAPER_WEIGHT_NORMALIZED,2025-06-06,VDE,381,201,2
NN_v1,2,PAPER_WEIGHT_NORMALIZED,2025-06-06,VHT,106,70,3
NN_v1,2,PAPER_WEIGHT_NORMALIZED,2025-06-13,VNQ,225,114,0
NN_v1,2,PAPER_WEIGHT_NORMALIZED,2025-06-13,VHT,107,70,0
NN_v1,2,PAPER_WEIGHT_NORMALIZED,2025-06-20,VHT,108,71,1
NN_v1,2,PAPER_WEIGHT_NORMALIZED,2025-06-20,VFH,213,112,3
NN_v1,2,PAPER_WEIGHT_NORMALIZED,2025-06-27,VHT,109,72,2
NN_v1,2,PAPER_WEIGHT_NORMALIZED,2025-06-27,VNQ,226,115,1
NN_v1,2,PAPER_WEIGHT_NORMALIZED,2025-07-04,VDE,382,202,3
NN_v1,2,PAPER_WEIGHT_NORMALIZED,2025-07-04,VHT,110,72,0
NN_v1,2,PAPER_WEIGHT_NORMALIZED,2025-07-11,VHT,111,72,0
NN_v1,2,PAPER_WEIGHT_NORMALIZED,2025-07-11,VDC,36,24,4
NN_v1,2,PAPER_WEIGHT_NORMALIZED,2025-07-18,VHT,112,73,1
NN_v1,2,PAPER_WEIGHT_NORMALIZED,2025-07-18,VDE,383,203,4
NN_v1,2,PAPER_WEIGHT_NORMALIZED,2025-07-25,VDE,384,203,0
NN_v1,2,PAPER_WEIGHT_NORMALIZED,2025-07-25,VHT,113,73,0
NN_v1,2,PAPER_WEIGHT_NORMALIZED,2025-08-01,VDE,385,203,0
NN_v1,2,PAPER_WEIGHT_NORMALIZED,2025-08-01,VNQ,227,115,0
NN_v1,2,PAPER_WEIGHT_NORMALIZED,2025-08-08,VDE,386,204,1
NN_v1,2,PAPER_WEIGHT_NORMALIZED,2025-08-08,VNQ,228,116,1
NN_v1,2,PAPER_WEIGHT_NORMALIZED,2025-08-15,VDE,387,205,2
NN_v1,2,PAPER_WEIGHT_NORMALIZED,2025-08-15,VDC,37,25,5
NN_v1,2,PAPER_WEIGHT_NORMALIZED,2025-08-22,VPU,136,74,0
NN_v1,2,PAPER_WEIGHT_NORMALIZED,2025-08-22,VDC,38,25,0
NN_v1,2,PAPER_WEIGHT_NORMALIZED,2025-08-29,VDC,39,26,1
NN_v1,2,PAPER_WEIGHT_NORMALIZED,2025-08-29,VPU,137,74,0
NN_v1,2,PAPER_WEIGHT_NORMALIZED,2025-09-05,VDE,388,206,3
NN_v1,2,PAPER_WEIGHT_NORMALIZED,2025-09-05,VDC,40,26,0
NN_v1,2,PAPER_WEIGHT_NORMALIZED,2025-09-12,VDE,389,206,0
NN_v1,2,PAPER_WEIGHT_NORMALIZED,2025-09-12,VDC,41,26,0
NN_v1,2,PAPER_WEIGHT_NORMALIZED,2025-09-19,VDC,42,26,0
NN_v1,2,PAPER_WEIGHT_NORMALIZED,2025-09-19,VNQ,229,116,0
NN_v1,2,PAPER_WEIGHT_NORMALIZED,2025-09-26,VAW,180,96,1
NN_v1,2,PAPER_WEIGHT_NORMALIZED,2025-09-26,VDC,43,26,0
NN_v1,2,PAPER_WEIGHT_NORMALIZED,2025-10-03,VDC,44,27,1
NN_v1,2,PAPER_WEIGHT_NORMALIZED,2025-10-03,VAW,181,96,0
NN_v1,2,PAPER_WEIGHT_NORMALIZED,2025-10-10,VDE,390,206,0
NN_v1,2,PAPER_WEIGHT_NORMALIZED,2025-10-10,VOX,149,84,2
NN_v1,2,PAPER_WEIGHT_NORMALIZED,2025-10-17,VDE,391,207,1
NN_v1,2,PAPER_WEIGHT_NORMALIZED,2025-10-17,VAW,182,96,0
NN_v1,2,PAPER_WEIGHT_NORMALIZED,2025-10-24,VFH,214,112,0
NN_v1,2,PAPER_WEIGHT_NORMALIZED,2025-10-24,VDC,45,27,0
NN_v1,2,PAPER_WEIGHT_NORMALIZED,2025-10-31,VDC,46,28,1
NN_v1,2,PAPER_WEIGHT_NORMALIZED,2025-10-31,VAW,183,96,0
NN_v1,2,PAPER_WEIGHT_NORMALIZED,2025-11-07,VDC,47,29,2
NN_v1,2,PAPER_WEIGHT_NORMALIZED,2025-11-07,VCR,119,58,0
NN_v1,2,PAPER_WEIGHT_NORMALIZED,2025-11-14,VCR,120,58,0
NN_v1,2,PAPER_WEIGHT_NORMALIZED,2025-11-14,VAW,184,96,0
NN_v1,2,PAPER_WEIGHT_NORMALIZED,2025-11-21,VNQ,230,117,1
NN_v1,2,PAPER_WEIGHT_NORMALIZED,2025-11-21,VDE,392,208,2
NN_v1,2,PAPER_WEIGHT_NORMALIZED,2025-11-28,VGT,185,106,3
NN_v1,2,PAPER_WEIGHT_NORMALIZED,2025-11-28,VDE,393,209,3
NN_v1,2,PAPER_WEIGHT_NORMALIZED,2025-12-05,VPU,138,74,0
NN_v1,2,PAPER_WEIGHT_NORMALIZED,2025-12-05,VNQ,231,117,0
NN_v1,2,PAPER_WEIGHT_NORMALIZED,2025-12-12,VOX,150,84,0
NN_v1,2,PAPER_WEIGHT_NORMALIZED,2025-12-12,VNQ,232,117,0
NN_v1,2,PAPER_WEIGHT_NORMALIZED,2025-12-19,VDE,394,209,0
NN_v1,2,PAPER_WEIGHT_NORMALIZED,2025-12-19,VPU,139,75,1
NN_v1,2,PAPER_WEIGHT_NORMALIZED,2025-12-26,VDE,395,210,1
NN_v1,2,PAPER_WEIGHT_NORMALIZED,2025-12-26,VPU,140,76,2
NN_v1,2,PAPER_WEIGHT_NORMALIZED,2026-01-02,VCR,121,59,1
NN_v1,2,PAPER_WEIGHT_NORMALIZED,2026-01-02,VGT,186,106,0
NN_v1,2,PAPER_WEIGHT_NORMALIZED,2026-01-09,VGT,187,107,1
NN_v1,2,PAPER_WEIGHT_NORMALIZED,2026-01-09,VPU,141,77,3
NN_v1,2,PAPER_WEIGHT_NORMALIZED,2026-01-16,VGT,188,108,2
NN_v1,2,PAPER_WEIGHT_NORMALIZED,2026-01-16,VCR,122,60,2
NN_v1,2,PAPER_WEIGHT_NORMALIZED,2026-01-23,VCR,123,60,0
NN_v1,2,PAPER_WEIGHT_NORMALIZED,2026-01-23,VGT,189,108,0
NN_v1,2,PAPER_WEIGHT_NORMALIZED,2026-01-30,VCR,124,60,0
NN_v1,2,PAPER_WEIGHT_NORMALIZED,2026-01-30,VNQ,233,118,1
NN_v1,2,PAPER_WEIGHT_NORMALIZED,2026-02-06,VOX,151,84,0
NN_v1,2,PAPER_WEIGHT_NORMALIZED,2026-02-06,VPU,142,78,4
NN_v1,2,PAPER_WEIGHT_NORMALIZED,2026-02-13,VOX,152,85,1
NN_v1,2,PAPER_WEIGHT_NORMALIZED,2026-02-13,VFH,215,113,1
NN_v1,2,PAPER_WEIGHT_NORMALIZED,2026-02-20,VFH,216,113,0
NN_v1,2,PAPER_WEIGHT_NORMALIZED,2026-02-20,VOX,153,86,2
NN_v1,2,PAPER_WEIGHT_NORMALIZED,2026-02-27,VFH,217,113,0
NN_v1,2,PAPER_WEIGHT_NORMALIZED,2026-02-27,VCR,125,61,1
NN_v1,2,PAPER_WEIGHT_NORMALIZED,2026-03-06,VAW,185,96,0
NN_v1,2,PAPER_WEIGHT_NORMALIZED,2026-03-06,VHT,114,73,0
NN_v1,2,PAPER_WEIGHT_NORMALIZED,2026-03-13,VHT,115,73,0
NN_v1,2,PAPER_WEIGHT_NORMALIZED,2026-03-13,VAW,186,96,0
NN_v1,2,PAPER_WEIGHT_NORMALIZED,2026-03-20,VAW,187,97,1
NN_v1,2,PAPER_WEIGHT_NORMALIZED,2026-03-20,VCR,126,61,0
NN_v1,2,PAPER_WEIGHT_NORMALIZED,2026-03-27,VOX,154,87,3
NN_v1,2,PAPER_WEIGHT_NORMALIZED,2026-03-27,VGT,190,109,1
NN_v1,2,PAPER_WEIGHT_NORMALIZED,2026-04-03,VDC,48,30,3
NN_v1,2,PAPER_WEIGHT_NORMALIZED,2026-04-03,VGT,191,110,2
NN_v1,2,PAPER_WEIGHT_NORMALIZED,2026-04-10,VDE,396,210,0
NN_v1,2,PAPER_WEIGHT_NORMALIZED,2026-04-10,VDC,49,31,4
NN_v1,2,PAPER_WEIGHT_NORMALIZED,2026-04-17,VDE,397,211,1
NN_v1,2,PAPER_WEIGHT_NORMALIZED,2026-04-17,VAW,188,98,2
NN_v1,2,PAPER_WEIGHT_NORMALIZED,2026-04-24,VHT,116,74,1
NN_v1,2,PAPER_WEIGHT_NORMALIZED,2026-04-24,VOX,155,88,4
NN_v1,2,PAPER_WEIGHT_NORMALIZED,2026-05-01,VCR,127,62,1
NN_v1,2,PAPER_WEIGHT_NORMALIZED,2026-05-01,VFH,218,113,0
NN_v1,2,PAPER_WEIGHT_NORMALIZED,2026-05-08,VDE,398,212,2
NN_v1,2,PAPER_WEIGHT_NORMALIZED,2026-05-08,VHT,117,75,2
NN_v1,2,PAPER_WEIGHT_NORMALIZED,2026-05-15,VAW,189,99,3
NN_v1,2,PAPER_WEIGHT_NORMALIZED,2026-05-15,VCR,128,63,2
NN_v1,2,PAPER_WEIGHT_NORMALIZED,2026-05-22,VAW,190,100,4
NN_v1,2,PAPER_WEIGHT_NORMALIZED,2026-05-22,VDE,399,212,0
NN_v1,2,PAPER_WEIGHT_NORMALIZED,2026-05-29,VDE,400,213,1
NN_v1,2,PAPER_WEIGHT_NORMALIZED,2026-05-29,VPU,143,79,5
NN_v1,2,PAPER_WEIGHT_NORMALIZED,2026-06-05,VDE,401,213,0
NN_v1,2,PAPER_WEIGHT_NORMALIZED,2026-06-05,VCR,129,64,3
NN_v1,2,PAPER_WEIGHT_NORMALIZED,2026-06-12,VOX,156,88,0
NN_v1,2,PAPER_WEIGHT_NORMALIZED,2026-06-12,VCR,130,64,0
NN_v1,2,PAPER_WEIGHT_NORMALIZED,2026-06-19,VDE,402,213,0
NN_v1,2,PAPER_WEIGHT_NORMALIZED,2026-06-19,VOX,157,88,0
NN_v1,2,PAPER_WEIGHT_NORMALIZED,2026-06-26,VDE,403,213,0
NN_v1,2,PAPER_WEIGHT_NORMALIZED,2026-06-26,VOX,158,89,1
NN_v1,2,PAPER_WEIGHT_NORMALIZED,2026-07-03,VDE,404,214,1
NN_v1,2,PAPER_WEIGHT_NORMALIZED,2026-07-03,VGT,192,111,3
NN_v1,2,PAPER_WEIGHT_NORMALIZED,2026-07-10,VDE,405,215,2
NN_v1,2,PAPER_WEIGHT_NORMALIZED,2026-07-10,VPU,144,79,0
NN_v1,2,PAPER_WEIGHT_NORMALIZED,2026-07-17,VGT,193,111,0
NN_v1,2,PAPER_WEIGHT_NORMALIZED,2026-07-17,VHT,118,76,3
NN_v1,2,PAPER_WEIGHT_NORMALIZED,2026-07-31,VGT,194,112,1
NN_v1,2,PAPER_WEIGHT_NORMALIZED,2026-07-31,VOX,159,90,2
NN_v1,3,EQUAL_WEIGHT,2008-01-04,VFH,1,0,0
NN_v1,3,EQUAL_WEIGHT,2008-01-04,VNQ,1,1,1
NN_v1,3,EQUAL_WEIGHT,2008-01-04,VCR,1,0,0
NN_v1,3,EQUAL_WEIGHT,2008-01-11,VNQ,2,1,0
NN_v1,3,EQUAL_WEIGHT,2008-01-11,VFH,2,0,0
NN_v1,3,EQUAL_WEIGHT,2008-01-11,VCR,2,0,0
NN_v1,3,EQUAL_WEIGHT,2008-01-18,VNQ,3,2,1
NN_v1,3,EQUAL_WEIGHT,2008-01-18,VFH,3,1,1
NN_v1,3,EQUAL_WEIGHT,2008-01-18,VCR,3,1,1
NN_v1,3,EQUAL_WEIGHT,2008-01-25,VOX,1,1,1
NN_v1,3,EQUAL_WEIGHT,2008-01-25,VPU,1,1,1
NN_v1,3,EQUAL_WEIGHT,2008-01-25,VGT,1,1,1
NN_v1,3,EQUAL_WEIGHT,2008-02-01,VGT,2,1,0
NN_v1,3,EQUAL_WEIGHT,2008-02-01,VHT,1,0,0
NN_v1,3,EQUAL_WEIGHT,2008-02-01,VDE,1,0,0
NN_v1,3,EQUAL_WEIGHT,2008-02-08,VGT,3,2,1
NN_v1,3,EQUAL_WEIGHT,2008-02-08,VOX,2,2,2
NN_v1,3,EQUAL_WEIGHT,2008-02-08,VFH,4,1,0
NN_v1,3,EQUAL_WEIGHT,2008-02-15,VFH,5,1,0
NN_v1,3,EQUAL_WEIGHT,2008-02-15,VNQ,4,2,0
NN_v1,3,EQUAL_WEIGHT,2008-02-15,VGT,4,2,0
NN_v1,3,EQUAL_WEIGHT,2008-02-22,VOX,3,2,0
NN_v1,3,EQUAL_WEIGHT,2008-02-22,VGT,5,2,0
NN_v1,3,EQUAL_WEIGHT,2008-02-22,VFH,6,1,0
NN_v1,3,EQUAL_WEIGHT,2008-02-29,VFH,7,1,0
NN_v1,3,EQUAL_WEIGHT,2008-02-29,VOX,4,2,0
NN_v1,3,EQUAL_WEIGHT,2008-02-29,VGT,6,2,0
NN_v1,3,EQUAL_WEIGHT,2008-03-07,VFH,8,1,0
NN_v1,3,EQUAL_WEIGHT,2008-03-07,VOX,5,2,0
NN_v1,3,EQUAL_WEIGHT,2008-03-07,VGT,7,2,0
NN_v1,3,EQUAL_WEIGHT,2008-03-14,VOX,6,3,1
NN_v1,3,EQUAL_WEIGHT,2008-03-14,VFH,9,2,1
NN_v1,3,EQUAL_WEIGHT,2008-03-14,VHT,2,1,1
NN_v1,3,EQUAL_WEIGHT,2008-03-21,VOX,7,4,2
NN_v1,3,EQUAL_WEIGHT,2008-03-21,VGT,8,2,0
NN_v1,3,EQUAL_WEIGHT,2008-03-21,VAW,1,1,1
NN_v1,3,EQUAL_WEIGHT,2008-03-28,VFH,10,3,2
NN_v1,3,EQUAL_WEIGHT,2008-03-28,VGT,9,3,1
NN_v1,3,EQUAL_WEIGHT,2008-03-28,VPU,2,2,2
NN_v1,3,EQUAL_WEIGHT,2008-04-04,VFH,11,3,0
NN_v1,3,EQUAL_WEIGHT,2008-04-04,VOX,8,4,0
NN_v1,3,EQUAL_WEIGHT,2008-04-04,VHT,3,1,0
NN_v1,3,EQUAL_WEIGHT,2008-04-11,VOX,9,5,1
NN_v1,3,EQUAL_WEIGHT,2008-04-11,VFH,12,4,1
NN_v1,3,EQUAL_WEIGHT,2008-04-11,VHT,4,2,1
NN_v1,3,EQUAL_WEIGHT,2008-04-18,VOX,10,6,2
NN_v1,3,EQUAL_WEIGHT,2008-04-18,VFH,13,5,2
NN_v1,3,EQUAL_WEIGHT,2008-04-18,VHT,5,3,2
NN_v1,3,EQUAL_WEIGHT,2008-04-25,VHT,6,4,3
NN_v1,3,EQUAL_WEIGHT,2008-04-25,VFH,14,6,3
NN_v1,3,EQUAL_WEIGHT,2008-04-25,VAW,2,1,0
NN_v1,3,EQUAL_WEIGHT,2008-05-02,VAW,3,2,1
NN_v1,3,EQUAL_WEIGHT,2008-05-02,VNQ,5,2,0
NN_v1,3,EQUAL_WEIGHT,2008-05-02,VHT,7,4,0
NN_v1,3,EQUAL_WEIGHT,2008-05-09,VFH,15,7,4
NN_v1,3,EQUAL_WEIGHT,2008-05-09,VNQ,6,3,1
NN_v1,3,EQUAL_WEIGHT,2008-05-09,VAW,4,3,2
NN_v1,3,EQUAL_WEIGHT,2008-05-16,VFH,16,7,0
NN_v1,3,EQUAL_WEIGHT,2008-05-16,VOX,11,6,0
NN_v1,3,EQUAL_WEIGHT,2008-05-16,VCR,4,1,0
NN_v1,3,EQUAL_WEIGHT,2008-05-23,VFH,17,8,1
NN_v1,3,EQUAL_WEIGHT,2008-05-23,VIS,1,1,1
NN_v1,3,EQUAL_WEIGHT,2008-05-23,VCR,5,2,1
NN_v1,3,EQUAL_WEIGHT,2008-05-30,VFH,18,8,0
NN_v1,3,EQUAL_WEIGHT,2008-05-30,VAW,5,4,3
NN_v1,3,EQUAL_WEIGHT,2008-05-30,VDE,2,1,1
NN_v1,3,EQUAL_WEIGHT,2008-06-06,VFH,19,8,0
NN_v1,3,EQUAL_WEIGHT,2008-06-06,VNQ,7,3,0
NN_v1,3,EQUAL_WEIGHT,2008-06-06,VOX,12,6,0
NN_v1,3,EQUAL_WEIGHT,2008-06-13,VFH,20,8,0
NN_v1,3,EQUAL_WEIGHT,2008-06-13,VNQ,8,3,0
NN_v1,3,EQUAL_WEIGHT,2008-06-13,VIS,2,1,0
NN_v1,3,EQUAL_WEIGHT,2008-06-20,VFH,21,8,0
NN_v1,3,EQUAL_WEIGHT,2008-06-20,VNQ,9,3,0
NN_v1,3,EQUAL_WEIGHT,2008-06-20,VIS,3,1,0
NN_v1,3,EQUAL_WEIGHT,2008-06-27,VFH,22,8,0
NN_v1,3,EQUAL_WEIGHT,2008-06-27,VNQ,10,3,0
NN_v1,3,EQUAL_WEIGHT,2008-06-27,VCR,6,2,0
NN_v1,3,EQUAL_WEIGHT,2008-07-04,VFH,23,8,0
NN_v1,3,EQUAL_WEIGHT,2008-07-04,VNQ,11,3,0
NN_v1,3,EQUAL_WEIGHT,2008-07-04,VIS,4,1,0
NN_v1,3,EQUAL_WEIGHT,2008-07-11,VFH,24,9,1
NN_v1,3,EQUAL_WEIGHT,2008-07-11,VCR,7,3,1
NN_v1,3,EQUAL_WEIGHT,2008-07-11,VNQ,12,4,1
NN_v1,3,EQUAL_WEIGHT,2008-07-18,VDE,3,1,0
NN_v1,3,EQUAL_WEIGHT,2008-07-18,VAW,6,4,0
NN_v1,3,EQUAL_WEIGHT,2008-07-18,VOX,13,7,1
NN_v1,3,EQUAL_WEIGHT,2008-07-25,VDE,4,2,1
NN_v1,3,EQUAL_WEIGHT,2008-07-25,VAW,7,5,1
NN_v1,3,EQUAL_WEIGHT,2008-07-25,VOX,14,7,0
NN_v1,3,EQUAL_WEIGHT,2008-08-01,VDE,5,2,0
NN_v1,3,EQUAL_WEIGHT,2008-08-01,VAW,8,5,0
NN_v1,3,EQUAL_WEIGHT,2008-08-01,VOX,15,8,1
NN_v1,3,EQUAL_WEIGHT,2008-08-08,VDE,6,2,0
NN_v1,3,EQUAL_WEIGHT,2008-08-08,VAW,9,6,1
NN_v1,3,EQUAL_WEIGHT,2008-08-08,VFH,25,9,0
NN_v1,3,EQUAL_WEIGHT,2008-08-15,VDE,7,3,1
NN_v1,3,EQUAL_WEIGHT,2008-08-15,VAW,10,7,2
NN_v1,3,EQUAL_WEIGHT,2008-08-15,VFH,26,9,0
NN_v1,3,EQUAL_WEIGHT,2008-08-22,VFH,27,10,1
NN_v1,3,EQUAL_WEIGHT,2008-08-22,VAW,11,7,0
NN_v1,3,EQUAL_WEIGHT,2008-08-22,VNQ,13,5,2
NN_v1,3,EQUAL_WEIGHT,2008-08-29,VDE,8,3,0
NN_v1,3,EQUAL_WEIGHT,2008-08-29,VAW,12,7,0
NN_v1,3,EQUAL_WEIGHT,2008-08-29,VOX,16,8,0
NN_v1,3,EQUAL_WEIGHT,2008-09-05,VDE,9,3,0
NN_v1,3,EQUAL_WEIGHT,2008-09-05,VAW,13,8,1
NN_v1,3,EQUAL_WEIGHT,2008-09-05,VPU,3,3,3
NN_v1,3,EQUAL_WEIGHT,2008-09-12,VDE,10,4,1
NN_v1,3,EQUAL_WEIGHT,2008-09-12,VAW,14,9,2
NN_v1,3,EQUAL_WEIGHT,2008-09-12,VGT,10,4,2
NN_v1,3,EQUAL_WEIGHT,2008-09-19,VAW,15,9,0
NN_v1,3,EQUAL_WEIGHT,2008-09-19,VDE,11,4,0
NN_v1,3,EQUAL_WEIGHT,2008-09-19,VGT,11,4,0
NN_v1,3,EQUAL_WEIGHT,2008-09-26,VAW,16,9,0
NN_v1,3,EQUAL_WEIGHT,2008-09-26,VDE,12,4,0
NN_v1,3,EQUAL_WEIGHT,2008-09-26,VOX,17,8,0
NN_v1,3,EQUAL_WEIGHT,2008-10-03,VAW,17,9,0
NN_v1,3,EQUAL_WEIGHT,2008-10-03,VDE,13,4,0
NN_v1,3,EQUAL_WEIGHT,2008-10-03,VIS,5,1,0
NN_v1,3,EQUAL_WEIGHT,2008-10-10,VDE,14,5,1
NN_v1,3,EQUAL_WEIGHT,2008-10-10,VAW,18,9,0
NN_v1,3,EQUAL_WEIGHT,2008-10-10,VFH,28,10,0
NN_v1,3,EQUAL_WEIGHT,2008-10-17,VDE,15,5,0
NN_v1,3,EQUAL_WEIGHT,2008-10-17,VNQ,14,5,0
NN_v1,3,EQUAL_WEIGHT,2008-10-17,VAW,19,9,0
NN_v1,3,EQUAL_WEIGHT,2008-10-24,VNQ,15,6,1
NN_v1,3,EQUAL_WEIGHT,2008-10-24,VAW,20,10,1
NN_v1,3,EQUAL_WEIGHT,2008-10-24,VDE,16,6,1
NN_v1,3,EQUAL_WEIGHT,2008-10-31,VAW,21,10,0
NN_v1,3,EQUAL_WEIGHT,2008-10-31,VNQ,16,6,0
NN_v1,3,EQUAL_WEIGHT,2008-10-31,VGT,12,4,0
NN_v1,3,EQUAL_WEIGHT,2008-11-07,VAW,22,10,0
NN_v1,3,EQUAL_WEIGHT,2008-11-07,VDE,17,6,0
NN_v1,3,EQUAL_WEIGHT,2008-11-07,VCR,8,3,0
NN_v1,3,EQUAL_WEIGHT,2008-11-14,VNQ,17,6,0
NN_v1,3,EQUAL_WEIGHT,2008-11-14,VAW,23,10,0
NN_v1,3,EQUAL_WEIGHT,2008-11-14,VFH,29,10,0
NN_v1,3,EQUAL_WEIGHT,2008-11-21,VNQ,18,7,1
NN_v1,3,EQUAL_WEIGHT,2008-11-21,VFH,30,11,1
NN_v1,3,EQUAL_WEIGHT,2008-11-21,VAW,24,11,1
NN_v1,3,EQUAL_WEIGHT,2008-11-28,VNQ,19,8,2
NN_v1,3,EQUAL_WEIGHT,2008-11-28,VHT,8,5,1
NN_v1,3,EQUAL_WEIGHT,2008-11-28,VAW,25,11,0
NN_v1,3,EQUAL_WEIGHT,2008-12-05,VAW,26,12,1
NN_v1,3,EQUAL_WEIGHT,2008-12-05,VDE,18,7,1
NN_v1,3,EQUAL_WEIGHT,2008-12-05,VGT,13,5,1
NN_v1,3,EQUAL_WEIGHT,2008-12-12,VFH,31,12,2
NN_v1,3,EQUAL_WEIGHT,2008-12-12,VNQ,20,9,3
NN_v1,3,EQUAL_WEIGHT,2008-12-12,VIS,6,2,1
NN_v1,3,EQUAL_WEIGHT,2008-12-19,VFH,32,12,0
NN_v1,3,EQUAL_WEIGHT,2008-12-19,VDE,19,7,0
NN_v1,3,EQUAL_WEIGHT,2008-12-19,VAW,27,12,0
NN_v1,3,EQUAL_WEIGHT,2008-12-26,VFH,33,13,1
NN_v1,3,EQUAL_WEIGHT,2008-12-26,VNQ,21,10,4
NN_v1,3,EQUAL_WEIGHT,2008-12-26,VAW,28,13,1
NN_v1,3,EQUAL_WEIGHT,2009-01-02,VNQ,22,10,0
NN_v1,3,EQUAL_WEIGHT,2009-01-02,VFH,34,13,0
NN_v1,3,EQUAL_WEIGHT,2009-01-02,VGT,14,5,0
NN_v1,3,EQUAL_WEIGHT,2009-01-09,VNQ,23,10,0
NN_v1,3,EQUAL_WEIGHT,2009-01-09,VHT,9,6,2
NN_v1,3,EQUAL_WEIGHT,2009-01-09,VFH,35,13,0
NN_v1,3,EQUAL_WEIGHT,2009-01-16,VFH,36,13,0
NN_v1,3,EQUAL_WEIGHT,2009-01-16,VNQ,24,10,0
NN_v1,3,EQUAL_WEIGHT,2009-01-16,VCR,9,3,0
NN_v1,3,EQUAL_WEIGHT,2009-01-23,VFH,37,14,1
NN_v1,3,EQUAL_WEIGHT,2009-01-23,VNQ,25,10,0
NN_v1,3,EQUAL_WEIGHT,2009-01-23,VCR,10,3,0
NN_v1,3,EQUAL_WEIGHT,2009-01-30,VFH,38,15,2
NN_v1,3,EQUAL_WEIGHT,2009-01-30,VCR,11,4,1
NN_v1,3,EQUAL_WEIGHT,2009-01-30,VNQ,26,11,1
NN_v1,3,EQUAL_WEIGHT,2009-02-06,VDC,1,0,0
NN_v1,3,EQUAL_WEIGHT,2009-02-06,VNQ,27,11,0
NN_v1,3,EQUAL_WEIGHT,2009-02-06,VCR,12,4,0
NN_v1,3,EQUAL_WEIGHT,2009-02-13,VNQ,28,11,0
NN_v1,3,EQUAL_WEIGHT,2009-02-13,VDC,2,0,0
NN_v1,3,EQUAL_WEIGHT,2009-02-13,VPU,4,3,0
NN_v1,3,EQUAL_WEIGHT,2009-02-20,VFH,39,15,0
NN_v1,3,EQUAL_WEIGHT,2009-02-20,VNQ,29,11,0
NN_v1,3,EQUAL_WEIGHT,2009-02-20,VOX,18,8,0
NN_v1,3,EQUAL_WEIGHT,2009-02-27,VFH,40,15,0
NN_v1,3,EQUAL_WEIGHT,2009-02-27,VPU,5,3,0
NN_v1,3,EQUAL_WEIGHT,2009-02-27,VDE,20,7,0
NN_v1,3,EQUAL_WEIGHT,2009-03-06,VHT,10,7,3
NN_v1,3,EQUAL_WEIGHT,2009-03-06,VFH,41,16,1
NN_v1,3,EQUAL_WEIGHT,2009-03-06,VNQ,30,12,1
NN_v1,3,EQUAL_WEIGHT,2009-03-13,VPU,6,4,1
NN_v1,3,EQUAL_WEIGHT,2009-03-13,VDE,21,8,1
NN_v1,3,EQUAL_WEIGHT,2009-03-13,VDC,3,1,1
NN_v1,3,EQUAL_WEIGHT,2009-03-20,VNQ,31,12,0
NN_v1,3,EQUAL_WEIGHT,2009-03-20,VHT,11,8,4
NN_v1,3,EQUAL_WEIGHT,2009-03-20,VDC,4,2,2
NN_v1,3,EQUAL_WEIGHT,2009-03-27,VNQ,32,13,1
NN_v1,3,EQUAL_WEIGHT,2009-03-27,VHT,12,8,0
NN_v1,3,EQUAL_WEIGHT,2009-03-27,VPU,7,5,2
NN_v1,3,EQUAL_WEIGHT,2009-04-03,VHT,13,9,1
NN_v1,3,EQUAL_WEIGHT,2009-04-03,VPU,8,6,3
NN_v1,3,EQUAL_WEIGHT,2009-04-03,VDC,5,3,3
NN_v1,3,EQUAL_WEIGHT,2009-04-10,VHT,14,10,2
NN_v1,3,EQUAL_WEIGHT,2009-04-10,VPU,9,6,0
NN_v1,3,EQUAL_WEIGHT,2009-04-10,VDE,22,9,2
NN_v1,3,EQUAL_WEIGHT,2009-04-17,VPU,10,6,0
NN_v1,3,EQUAL_WEIGHT,2009-04-17,VDE,23,10,3
NN_v1,3,EQUAL_WEIGHT,2009-04-17,VHT,15,10,0
NN_v1,3,EQUAL_WEIGHT,2009-04-24,VPU,11,7,1
NN_v1,3,EQUAL_WEIGHT,2009-04-24,VHT,16,11,1
NN_v1,3,EQUAL_WEIGHT,2009-04-24,VOX,19,9,1
NN_v1,3,EQUAL_WEIGHT,2009-05-01,VHT,17,12,2
NN_v1,3,EQUAL_WEIGHT,2009-05-01,VPU,12,8,2
NN_v1,3,EQUAL_WEIGHT,2009-05-01,VDC,6,4,4
NN_v1,3,EQUAL_WEIGHT,2009-05-08,VHT,18,13,3
NN_v1,3,EQUAL_WEIGHT,2009-05-08,VPU,13,8,0
NN_v1,3,EQUAL_WEIGHT,2009-05-08,VGT,15,5,0
NN_v1,3,EQUAL_WEIGHT,2009-05-15,VCR,13,4,0
NN_v1,3,EQUAL_WEIGHT,2009-05-15,VDE,24,11,4
NN_v1,3,EQUAL_WEIGHT,2009-05-15,VIS,7,2,0
NN_v1,3,EQUAL_WEIGHT,2009-05-22,VFH,42,17,2
NN_v1,3,EQUAL_WEIGHT,2009-05-22,VIS,8,3,1
NN_v1,3,EQUAL_WEIGHT,2009-05-22,VOX,20,10,2
NN_v1,3,EQUAL_WEIGHT,2009-05-29,VPU,14,9,1
NN_v1,3,EQUAL_WEIGHT,2009-05-29,VHT,19,13,0
NN_v1,3,EQUAL_WEIGHT,2009-05-29,VOX,21,10,0
NN_v1,3,EQUAL_WEIGHT,2009-06-05,VHT,20,14,1
NN_v1,3,EQUAL_WEIGHT,2009-06-05,VPU,15,10,2
NN_v1,3,EQUAL_WEIGHT,2009-06-05,VOX,22,11,1
NN_v1,3,EQUAL_WEIGHT,2009-06-12,VHT,21,15,2
NN_v1,3,EQUAL_WEIGHT,2009-06-12,VDC,7,4,0
NN_v1,3,EQUAL_WEIGHT,2009-06-12,VCR,14,4,0
NN_v1,3,EQUAL_WEIGHT,2009-06-19,VDE,25,11,0
NN_v1,3,EQUAL_WEIGHT,2009-06-19,VAW,29,14,2
NN_v1,3,EQUAL_WEIGHT,2009-06-19,VFH,43,17,0
NN_v1,3,EQUAL_WEIGHT,2009-06-26,VAW,30,14,0
NN_v1,3,EQUAL_WEIGHT,2009-06-26,VDE,26,11,0
NN_v1,3,EQUAL_WEIGHT,2009-06-26,VNQ,33,13,0
NN_v1,3,EQUAL_WEIGHT,2009-07-03,VAW,31,14,0
NN_v1,3,EQUAL_WEIGHT,2009-07-03,VFH,44,17,0
NN_v1,3,EQUAL_WEIGHT,2009-07-03,VDE,27,11,0
NN_v1,3,EQUAL_WEIGHT,2009-07-10,VFH,45,18,1
NN_v1,3,EQUAL_WEIGHT,2009-07-10,VNQ,34,14,1
NN_v1,3,EQUAL_WEIGHT,2009-07-10,VCR,15,5,1
NN_v1,3,EQUAL_WEIGHT,2009-07-17,VNQ,35,15,2
NN_v1,3,EQUAL_WEIGHT,2009-07-17,VFH,46,19,2
NN_v1,3,EQUAL_WEIGHT,2009-07-17,VOX,23,12,2
NN_v1,3,EQUAL_WEIGHT,2009-07-24,VFH,47,20,3
NN_v1,3,EQUAL_WEIGHT,2009-07-24,VOX,24,13,3
NN_v1,3,EQUAL_WEIGHT,2009-07-24,VDE,28,11,0
NN_v1,3,EQUAL_WEIGHT,2009-07-31,VDE,29,11,0
NN_v1,3,EQUAL_WEIGHT,2009-07-31,VOX,25,13,0
NN_v1,3,EQUAL_WEIGHT,2009-07-31,VCR,16,6,2
NN_v1,3,EQUAL_WEIGHT,2009-08-07,VDE,30,12,1
NN_v1,3,EQUAL_WEIGHT,2009-08-07,VOX,26,13,0
NN_v1,3,EQUAL_WEIGHT,2009-08-07,VGT,16,6,1
NN_v1,3,EQUAL_WEIGHT,2009-08-14,VDE,31,13,2
NN_v1,3,EQUAL_WEIGHT,2009-08-14,VOX,27,14,1
NN_v1,3,EQUAL_WEIGHT,2009-08-14,VAW,32,15,1
NN_v1,3,EQUAL_WEIGHT,2009-08-21,VNQ,36,16,3
NN_v1,3,EQUAL_WEIGHT,2009-08-21,VCR,17,7,3
NN_v1,3,EQUAL_WEIGHT,2009-08-21,VOX,28,15,2
NN_v1,3,EQUAL_WEIGHT,2009-08-28,VIS,9,4,2
NN_v1,3,EQUAL_WEIGHT,2009-08-28,VAW,33,16,2
NN_v1,3,EQUAL_WEIGHT,2009-08-28,VDE,32,13,0
NN_v1,3,EQUAL_WEIGHT,2009-09-04,VDE,33,14,1
NN_v1,3,EQUAL_WEIGHT,2009-09-04,VNQ,37,17,4
NN_v1,3,EQUAL_WEIGHT,2009-09-04,VIS,10,5,3
NN_v1,3,EQUAL_WEIGHT,2009-09-11,VFH,48,21,4
NN_v1,3,EQUAL_WEIGHT,2009-09-11,VPU,16,11,3
NN_v1,3,EQUAL_WEIGHT,2009-09-11,VDE,34,15,2
NN_v1,3,EQUAL_WEIGHT,2009-09-18,VOX,29,16,3
NN_v1,3,EQUAL_WEIGHT,2009-09-18,VPU,17,11,0
NN_v1,3,EQUAL_WEIGHT,2009-09-18,VGT,17,6,0
NN_v1,3,EQUAL_WEIGHT,2009-09-25,VDE,35,15,0
NN_v1,3,EQUAL_WEIGHT,2009-09-25,VAW,34,16,0
NN_v1,3,EQUAL_WEIGHT,2009-09-25,VIS,11,5,0
NN_v1,3,EQUAL_WEIGHT,2009-10-02,VNQ,38,18,5
NN_v1,3,EQUAL_WEIGHT,2009-10-02,VFH,49,22,5
NN_v1,3,EQUAL_WEIGHT,2009-10-02,VCR,18,8,4
NN_v1,3,EQUAL_WEIGHT,2009-10-09,VNQ,39,18,0
NN_v1,3,EQUAL_WEIGHT,2009-10-09,VPU,18,12,1
NN_v1,3,EQUAL_WEIGHT,2009-10-09,VAW,35,17,1
NN_v1,3,EQUAL_WEIGHT,2009-10-16,VNQ,40,18,0
NN_v1,3,EQUAL_WEIGHT,2009-10-16,VPU,19,12,0
NN_v1,3,EQUAL_WEIGHT,2009-10-16,VGT,18,7,1
NN_v1,3,EQUAL_WEIGHT,2009-10-23,VNQ,41,18,0
NN_v1,3,EQUAL_WEIGHT,2009-10-23,VFH,50,22,0
NN_v1,3,EQUAL_WEIGHT,2009-10-23,VAW,36,17,0
NN_v1,3,EQUAL_WEIGHT,2009-10-30,VDE,36,16,1
NN_v1,3,EQUAL_WEIGHT,2009-10-30,VIS,12,6,1
NN_v1,3,EQUAL_WEIGHT,2009-10-30,VNQ,42,18,0
NN_v1,3,EQUAL_WEIGHT,2009-11-06,VNQ,43,19,1
NN_v1,3,EQUAL_WEIGHT,2009-11-06,VFH,51,23,1
NN_v1,3,EQUAL_WEIGHT,2009-11-06,VAW,37,18,1
NN_v1,3,EQUAL_WEIGHT,2009-11-13,VFH,52,23,0
NN_v1,3,EQUAL_WEIGHT,2009-11-13,VNQ,44,19,0
NN_v1,3,EQUAL_WEIGHT,2009-11-13,VPU,20,12,0
NN_v1,3,EQUAL_WEIGHT,2009-11-20,VFH,53,23,0
NN_v1,3,EQUAL_WEIGHT,2009-11-20,VNQ,45,19,0
NN_v1,3,EQUAL_WEIGHT,2009-11-20,VCR,19,8,0
NN_v1,3,EQUAL_WEIGHT,2009-11-27,VNQ,46,20,1
NN_v1,3,EQUAL_WEIGHT,2009-11-27,VFH,54,24,1
NN_v1,3,EQUAL_WEIGHT,2009-11-27,VCR,20,9,1
NN_v1,3,EQUAL_WEIGHT,2009-12-04,VDE,37,16,0
NN_v1,3,EQUAL_WEIGHT,2009-12-04,VAW,38,19,2
NN_v1,3,EQUAL_WEIGHT,2009-12-04,VFH,55,24,0
NN_v1,3,EQUAL_WEIGHT,2009-12-11,VFH,56,24,0
NN_v1,3,EQUAL_WEIGHT,2009-12-11,VNQ,47,21,2
NN_v1,3,EQUAL_WEIGHT,2009-12-11,VDE,38,17,1
NN_v1,3,EQUAL_WEIGHT,2009-12-18,VFH,57,25,1
NN_v1,3,EQUAL_WEIGHT,2009-12-18,VNQ,48,22,3
NN_v1,3,EQUAL_WEIGHT,2009-12-18,VAW,39,20,3
NN_v1,3,EQUAL_WEIGHT,2009-12-25,VFH,58,25,0
NN_v1,3,EQUAL_WEIGHT,2009-12-25,VDC,8,4,0
NN_v1,3,EQUAL_WEIGHT,2009-12-25,VIS,13,6,0
NN_v1,3,EQUAL_WEIGHT,2010-01-01,VFH,59,26,1
NN_v1,3,EQUAL_WEIGHT,2010-01-01,VIS,14,7,1
NN_v1,3,EQUAL_WEIGHT,2010-01-01,VCR,21,10,2
NN_v1,3,EQUAL_WEIGHT,2010-01-08,VDC,9,5,1
NN_v1,3,EQUAL_WEIGHT,2010-01-08,VNQ,49,22,0
NN_v1,3,EQUAL_WEIGHT,2010-01-08,VCR,22,10,0
NN_v1,3,EQUAL_WEIGHT,2010-01-15,VNQ,50,22,0
NN_v1,3,EQUAL_WEIGHT,2010-01-15,VGT,19,7,0
NN_v1,3,EQUAL_WEIGHT,2010-01-15,VCR,23,10,0
NN_v1,3,EQUAL_WEIGHT,2010-01-22,VIS,15,7,0
NN_v1,3,EQUAL_WEIGHT,2010-01-22,VFH,60,26,0
NN_v1,3,EQUAL_WEIGHT,2010-01-22,VCR,24,10,0
NN_v1,3,EQUAL_WEIGHT,2010-01-29,VNQ,51,22,0
NN_v1,3,EQUAL_WEIGHT,2010-01-29,VFH,61,26,0
NN_v1,3,EQUAL_WEIGHT,2010-01-29,VIS,16,7,0
NN_v1,3,EQUAL_WEIGHT,2010-02-05,VGT,20,8,1
NN_v1,3,EQUAL_WEIGHT,2010-02-05,VNQ,52,22,0
NN_v1,3,EQUAL_WEIGHT,2010-02-05,VAW,40,21,4
NN_v1,3,EQUAL_WEIGHT,2010-02-12,VFH,62,27,1
NN_v1,3,EQUAL_WEIGHT,2010-02-12,VHT,22,16,3
NN_v1,3,EQUAL_WEIGHT,2010-02-12,VDC,10,6,2
NN_v1,3,EQUAL_WEIGHT,2010-02-19,VDE,39,17,0
NN_v1,3,EQUAL_WEIGHT,2010-02-19,VHT,23,16,0
NN_v1,3,EQUAL_WEIGHT,2010-02-19,VDC,11,6,0
NN_v1,3,EQUAL_WEIGHT,2010-02-26,VAW,41,22,5
NN_v1,3,EQUAL_WEIGHT,2010-02-26,VOX,30,17,4
NN_v1,3,EQUAL_WEIGHT,2010-02-26,VDE,40,18,1
NN_v1,3,EQUAL_WEIGHT,2010-03-05,VPU,21,12,0
NN_v1,3,EQUAL_WEIGHT,2010-03-05,VOX,31,18,5
NN_v1,3,EQUAL_WEIGHT,2010-03-05,VGT,21,9,2
NN_v1,3,EQUAL_WEIGHT,2010-03-12,VPU,22,13,1
NN_v1,3,EQUAL_WEIGHT,2010-03-12,VDC,12,7,1
NN_v1,3,EQUAL_WEIGHT,2010-03-12,VHT,24,17,1
NN_v1,3,EQUAL_WEIGHT,2010-03-19,VAW,42,23,6
NN_v1,3,EQUAL_WEIGHT,2010-03-19,VGT,22,10,3
NN_v1,3,EQUAL_WEIGHT,2010-03-19,VPU,23,13,0
NN_v1,3,EQUAL_WEIGHT,2010-03-26,VDE,41,19,2
NN_v1,3,EQUAL_WEIGHT,2010-03-26,VPU,24,14,1
NN_v1,3,EQUAL_WEIGHT,2010-03-26,VAW,43,24,7
NN_v1,3,EQUAL_WEIGHT,2010-04-02,VDE,42,20,3
NN_v1,3,EQUAL_WEIGHT,2010-04-02,VPU,25,15,2
NN_v1,3,EQUAL_WEIGHT,2010-04-02,VGT,23,11,4
NN_v1,3,EQUAL_WEIGHT,2010-04-09,VPU,26,15,0
NN_v1,3,EQUAL_WEIGHT,2010-04-09,VGT,24,12,5
NN_v1,3,EQUAL_WEIGHT,2010-04-09,VOX,32,18,0
NN_v1,3,EQUAL_WEIGHT,2010-04-16,VHT,25,17,0
NN_v1,3,EQUAL_WEIGHT,2010-04-16,VPU,27,16,1
NN_v1,3,EQUAL_WEIGHT,2010-04-16,VOX,33,19,1
NN_v1,3,EQUAL_WEIGHT,2010-04-23,VHT,26,17,0
NN_v1,3,EQUAL_WEIGHT,2010-04-23,VPU,28,16,0
NN_v1,3,EQUAL_WEIGHT,2010-04-23,VOX,34,19,0
NN_v1,3,EQUAL_WEIGHT,2010-04-30,VDC,13,7,0
NN_v1,3,EQUAL_WEIGHT,2010-04-30,VHT,27,17,0
NN_v1,3,EQUAL_WEIGHT,2010-04-30,VGT,25,12,0
NN_v1,3,EQUAL_WEIGHT,2010-05-07,VPU,29,17,1
NN_v1,3,EQUAL_WEIGHT,2010-05-07,VDC,14,7,0
NN_v1,3,EQUAL_WEIGHT,2010-05-07,VNQ,53,22,0
NN_v1,3,EQUAL_WEIGHT,2010-05-14,VCR,25,10,0
NN_v1,3,EQUAL_WEIGHT,2010-05-14,VAW,44,24,0
NN_v1,3,EQUAL_WEIGHT,2010-05-14,VGT,26,12,0
NN_v1,3,EQUAL_WEIGHT,2010-05-21,VDC,15,7,0
NN_v1,3,EQUAL_WEIGHT,2010-05-21,VOX,35,20,1
NN_v1,3,EQUAL_WEIGHT,2010-05-21,VHT,28,18,1
NN_v1,3,EQUAL_WEIGHT,2010-05-28,VIS,17,7,0
NN_v1,3,EQUAL_WEIGHT,2010-05-28,VPU,30,17,0
NN_v1,3,EQUAL_WEIGHT,2010-05-28,VDC,16,8,1
NN_v1,3,EQUAL_WEIGHT,2010-06-04,VDC,17,9,2
NN_v1,3,EQUAL_WEIGHT,2010-06-04,VOX,36,21,2
NN_v1,3,EQUAL_WEIGHT,2010-06-04,VGT,27,13,1
NN_v1,3,EQUAL_WEIGHT,2010-06-11,VIS,18,8,1
NN_v1,3,EQUAL_WEIGHT,2010-06-11,VCR,26,10,0
NN_v1,3,EQUAL_WEIGHT,2010-06-11,VFH,63,28,2
NN_v1,3,EQUAL_WEIGHT,2010-06-18,VCR,27,10,0
NN_v1,3,EQUAL_WEIGHT,2010-06-18,VDC,18,9,0
NN_v1,3,EQUAL_WEIGHT,2010-06-18,VFH,64,28,0
NN_v1,3,EQUAL_WEIGHT,2010-06-25,VNQ,54,22,0
NN_v1,3,EQUAL_WEIGHT,2010-06-25,VPU,31,17,0
NN_v1,3,EQUAL_WEIGHT,2010-06-25,VDC,19,9,0
NN_v1,3,EQUAL_WEIGHT,2010-07-02,VPU,32,18,1
NN_v1,3,EQUAL_WEIGHT,2010-07-02,VDE,43,21,4
NN_v1,3,EQUAL_WEIGHT,2010-07-02,VDC,20,10,1
NN_v1,3,EQUAL_WEIGHT,2010-07-09,VNQ,55,22,0
NN_v1,3,EQUAL_WEIGHT,2010-07-09,VCR,28,10,0
NN_v1,3,EQUAL_WEIGHT,2010-07-09,VIS,19,8,0
NN_v1,3,EQUAL_WEIGHT,2010-07-16,VNQ,56,23,1
NN_v1,3,EQUAL_WEIGHT,2010-07-16,VOX,37,22,3
NN_v1,3,EQUAL_WEIGHT,2010-07-16,VHT,29,18,0
NN_v1,3,EQUAL_WEIGHT,2010-07-23,VFH,65,29,1
NN_v1,3,EQUAL_WEIGHT,2010-07-23,VHT,30,19,1
NN_v1,3,EQUAL_WEIGHT,2010-07-23,VCR,29,10,0
NN_v1,3,EQUAL_WEIGHT,2010-07-30,VHT,31,20,2
NN_v1,3,EQUAL_WEIGHT,2010-07-30,VGT,28,14,2
NN_v1,3,EQUAL_WEIGHT,2010-07-30,VDC,21,10,0
NN_v1,3,EQUAL_WEIGHT,2010-08-06,VNQ,57,23,0
NN_v1,3,EQUAL_WEIGHT,2010-08-06,VGT,29,14,0
NN_v1,3,EQUAL_WEIGHT,2010-08-06,VIS,20,8,0
NN_v1,3,EQUAL_WEIGHT,2010-08-13,VNQ,58,23,0
NN_v1,3,EQUAL_WEIGHT,2010-08-13,VIS,21,9,1
NN_v1,3,EQUAL_WEIGHT,2010-08-13,VOX,38,22,0
NN_v1,3,EQUAL_WEIGHT,2010-08-20,VNQ,59,24,1
NN_v1,3,EQUAL_WEIGHT,2010-08-20,VIS,22,9,0
NN_v1,3,EQUAL_WEIGHT,2010-08-20,VCR,30,10,0
NN_v1,3,EQUAL_WEIGHT,2010-08-27,VCR,31,11,1
NN_v1,3,EQUAL_WEIGHT,2010-08-27,VIS,23,10,1
NN_v1,3,EQUAL_WEIGHT,2010-08-27,VDE,44,22,5
NN_v1,3,EQUAL_WEIGHT,2010-09-03,VGT,30,14,0
NN_v1,3,EQUAL_WEIGHT,2010-09-03,VHT,32,21,3
NN_v1,3,EQUAL_WEIGHT,2010-09-03,VIS,24,11,2
NN_v1,3,EQUAL_WEIGHT,2010-09-10,VNQ,60,25,2
NN_v1,3,EQUAL_WEIGHT,2010-09-10,VGT,31,15,1
NN_v1,3,EQUAL_WEIGHT,2010-09-10,VPU,33,18,0
NN_v1,3,EQUAL_WEIGHT,2010-09-17,VNQ,61,25,0
NN_v1,3,EQUAL_WEIGHT,2010-09-17,VDE,45,23,6
NN_v1,3,EQUAL_WEIGHT,2010-09-17,VFH,66,29,0
NN_v1,3,EQUAL_WEIGHT,2010-09-24,VPU,34,19,1
NN_v1,3,EQUAL_WEIGHT,2010-09-24,VFH,67,29,0
NN_v1,3,EQUAL_WEIGHT,2010-09-24,VDC,22,10,0
NN_v1,3,EQUAL_WEIGHT,2010-10-01,VDC,23,11,1
NN_v1,3,EQUAL_WEIGHT,2010-10-01,VFH,68,30,1
NN_v1,3,EQUAL_WEIGHT,2010-10-01,VHT,33,22,4
NN_v1,3,EQUAL_WEIGHT,2010-10-08,VGT,32,16,2
NN_v1,3,EQUAL_WEIGHT,2010-10-08,VFH,69,30,0
NN_v1,3,EQUAL_WEIGHT,2010-10-08,VHT,34,23,5
NN_v1,3,EQUAL_WEIGHT,2010-10-15,VIS,25,12,3
NN_v1,3,EQUAL_WEIGHT,2010-10-15,VFH,70,31,1
NN_v1,3,EQUAL_WEIGHT,2010-10-15,VPU,35,19,0
NN_v1,3,EQUAL_WEIGHT,2010-10-22,VFH,71,31,0
NN_v1,3,EQUAL_WEIGHT,2010-10-22,VPU,36,19,0
NN_v1,3,EQUAL_WEIGHT,2010-10-22,VOX,39,22,0
NN_v1,3,EQUAL_WEIGHT,2010-10-29,VPU,37,20,1
NN_v1,3,EQUAL_WEIGHT,2010-10-29,VHT,35,24,6
NN_v1,3,EQUAL_WEIGHT,2010-10-29,VDE,46,24,7
NN_v1,3,EQUAL_WEIGHT,2010-11-05,VPU,38,20,0
NN_v1,3,EQUAL_WEIGHT,2010-11-05,VHT,36,24,0
NN_v1,3,EQUAL_WEIGHT,2010-11-05,VNQ,62,25,0
NN_v1,3,EQUAL_WEIGHT,2010-11-12,VDC,24,12,2
NN_v1,3,EQUAL_WEIGHT,2010-11-12,VPU,39,20,0
NN_v1,3,EQUAL_WEIGHT,2010-11-12,VHT,37,24,0
NN_v1,3,EQUAL_WEIGHT,2010-11-19,VPU,40,20,0
NN_v1,3,EQUAL_WEIGHT,2010-11-19,VNQ,63,26,1
NN_v1,3,EQUAL_WEIGHT,2010-11-19,VDC,25,12,0
NN_v1,3,EQUAL_WEIGHT,2010-11-26,VNQ,64,27,2
NN_v1,3,EQUAL_WEIGHT,2010-11-26,VAW,45,25,1
NN_v1,3,EQUAL_WEIGHT,2010-11-26,VPU,41,21,1
NN_v1,3,EQUAL_WEIGHT,2010-12-03,VNQ,65,27,0
NN_v1,3,EQUAL_WEIGHT,2010-12-03,VPU,42,21,0
NN_v1,3,EQUAL_WEIGHT,2010-12-03,VHT,38,25,1
NN_v1,3,EQUAL_WEIGHT,2010-12-10,VNQ,66,27,0
NN_v1,3,EQUAL_WEIGHT,2010-12-10,VPU,43,22,1
NN_v1,3,EQUAL_WEIGHT,2010-12-10,VDC,26,13,1
NN_v1,3,EQUAL_WEIGHT,2010-12-17,VNQ,67,28,1
NN_v1,3,EQUAL_WEIGHT,2010-12-17,VPU,44,22,0
NN_v1,3,EQUAL_WEIGHT,2010-12-17,VOX,40,22,0
NN_v1,3,EQUAL_WEIGHT,2010-12-24,VNQ,68,29,2
NN_v1,3,EQUAL_WEIGHT,2010-12-24,VPU,45,22,0
NN_v1,3,EQUAL_WEIGHT,2010-12-24,VOX,41,22,0
NN_v1,3,EQUAL_WEIGHT,2010-12-31,VHT,39,26,2
NN_v1,3,EQUAL_WEIGHT,2010-12-31,VIS,26,13,4
NN_v1,3,EQUAL_WEIGHT,2010-12-31,VDC,27,13,0
NN_v1,3,EQUAL_WEIGHT,2011-01-07,VIS,27,14,5
NN_v1,3,EQUAL_WEIGHT,2011-01-07,VFH,72,32,1
NN_v1,3,EQUAL_WEIGHT,2011-01-07,VAW,46,26,2
NN_v1,3,EQUAL_WEIGHT,2011-01-14,VNQ,69,29,0
NN_v1,3,EQUAL_WEIGHT,2011-01-14,VFH,73,32,0
NN_v1,3,EQUAL_WEIGHT,2011-01-14,VAW,47,26,0
NN_v1,3,EQUAL_WEIGHT,2011-01-21,VAW,48,27,1
NN_v1,3,EQUAL_WEIGHT,2011-01-21,VNQ,70,30,1
NN_v1,3,EQUAL_WEIGHT,2011-01-21,VFH,74,32,0
NN_v1,3,EQUAL_WEIGHT,2011-01-28,VFH,75,33,1
NN_v1,3,EQUAL_WEIGHT,2011-01-28,VGT,33,17,3
NN_v1,3,EQUAL_WEIGHT,2011-01-28,VAW,49,28,2
NN_v1,3,EQUAL_WEIGHT,2011-02-04,VFH,76,34,2
NN_v1,3,EQUAL_WEIGHT,2011-02-04,VGT,34,18,4
NN_v1,3,EQUAL_WEIGHT,2011-02-04,VAW,50,29,3
NN_v1,3,EQUAL_WEIGHT,2011-02-11,VNQ,71,31,2
NN_v1,3,EQUAL_WEIGHT,2011-02-11,VDE,47,25,8
NN_v1,3,EQUAL_WEIGHT,2011-02-11,VFH,77,35,3
NN_v1,3,EQUAL_WEIGHT,2011-02-18,VAW,51,29,0
NN_v1,3,EQUAL_WEIGHT,2011-02-18,VGT,35,18,0
NN_v1,3,EQUAL_WEIGHT,2011-02-18,VIS,28,14,0
NN_v1,3,EQUAL_WEIGHT,2011-02-25,VGT,36,18,0
NN_v1,3,EQUAL_WEIGHT,2011-02-25,VNQ,72,31,0
NN_v1,3,EQUAL_WEIGHT,2011-02-25,VAW,52,29,0
NN_v1,3,EQUAL_WEIGHT,2011-03-04,VIS,29,14,0
NN_v1,3,EQUAL_WEIGHT,2011-03-04,VAW,53,29,0
NN_v1,3,EQUAL_WEIGHT,2011-03-04,VCR,32,11,0
NN_v1,3,EQUAL_WEIGHT,2011-03-11,VAW,54,30,1
NN_v1,3,EQUAL_WEIGHT,2011-03-11,VGT,37,18,0
NN_v1,3,EQUAL_WEIGHT,2011-03-11,VCR,33,11,0
NN_v1,3,EQUAL_WEIGHT,2011-03-18,VGT,38,19,1
NN_v1,3,EQUAL_WEIGHT,2011-03-18,VCR,34,12,1
NN_v1,3,EQUAL_WEIGHT,2011-03-18,VDE,48,26,9
NN_v1,3,EQUAL_WEIGHT,2011-03-25,VAW,55,31,2
NN_v1,3,EQUAL_WEIGHT,2011-03-25,VHT,40,27,3
NN_v1,3,EQUAL_WEIGHT,2011-03-25,VCR,35,13,2
NN_v1,3,EQUAL_WEIGHT,2011-04-01,VIS,30,14,0
NN_v1,3,EQUAL_WEIGHT,2011-04-01,VAW,56,31,0
NN_v1,3,EQUAL_WEIGHT,2011-04-01,VDE,49,26,0
NN_v1,3,EQUAL_WEIGHT,2011-04-08,VAW,57,31,0
NN_v1,3,EQUAL_WEIGHT,2011-04-08,VDE,50,26,0
NN_v1,3,EQUAL_WEIGHT,2011-04-08,VHT,41,28,4
NN_v1,3,EQUAL_WEIGHT,2011-04-15,VDE,51,27,1
NN_v1,3,EQUAL_WEIGHT,2011-04-15,VAW,58,32,1
NN_v1,3,EQUAL_WEIGHT,2011-04-15,VFH,78,36,4
NN_v1,3,EQUAL_WEIGHT,2011-04-22,VAW,59,33,2
NN_v1,3,EQUAL_WEIGHT,2011-04-22,VDE,52,28,2
NN_v1,3,EQUAL_WEIGHT,2011-04-22,VCR,36,14,3
NN_v1,3,EQUAL_WEIGHT,2011-04-29,VNQ,73,31,0
NN_v1,3,EQUAL_WEIGHT,2011-04-29,VDE,53,28,0
NN_v1,3,EQUAL_WEIGHT,2011-04-29,VGT,39,19,0
NN_v1,3,EQUAL_WEIGHT,2011-05-06,VDE,54,28,0
NN_v1,3,EQUAL_WEIGHT,2011-05-06,VAW,60,33,0
NN_v1,3,EQUAL_WEIGHT,2011-05-06,VIS,31,14,0
NN_v1,3,EQUAL_WEIGHT,2011-05-13,VDE,55,29,1
NN_v1,3,EQUAL_WEIGHT,2011-05-13,VAW,61,34,1
NN_v1,3,EQUAL_WEIGHT,2011-05-13,VIS,32,14,0
NN_v1,3,EQUAL_WEIGHT,2011-05-20,VDE,56,30,2
NN_v1,3,EQUAL_WEIGHT,2011-05-20,VAW,62,35,2
NN_v1,3,EQUAL_WEIGHT,2011-05-20,VGT,40,20,1
NN_v1,3,EQUAL_WEIGHT,2011-05-27,VGT,41,20,0
NN_v1,3,EQUAL_WEIGHT,2011-05-27,VDE,57,30,0
NN_v1,3,EQUAL_WEIGHT,2011-05-27,VAW,63,35,0
NN_v1,3,EQUAL_WEIGHT,2011-06-03,VHT,42,28,0
NN_v1,3,EQUAL_WEIGHT,2011-06-03,VPU,46,22,0
NN_v1,3,EQUAL_WEIGHT,2011-06-03,VDE,58,30,0
NN_v1,3,EQUAL_WEIGHT,2011-06-10,VHT,43,29,1
NN_v1,3,EQUAL_WEIGHT,2011-06-10,VPU,47,23,1
NN_v1,3,EQUAL_WEIGHT,2011-06-10,VDC,28,14,1
NN_v1,3,EQUAL_WEIGHT,2011-06-17,VDE,59,30,0
NN_v1,3,EQUAL_WEIGHT,2011-06-17,VAW,64,36,1
NN_v1,3,EQUAL_WEIGHT,2011-06-17,VGT,42,21,1
NN_v1,3,EQUAL_WEIGHT,2011-06-24,VDE,60,31,1
NN_v1,3,EQUAL_WEIGHT,2011-06-24,VIS,33,15,1
NN_v1,3,EQUAL_WEIGHT,2011-06-24,VHT,44,30,2
NN_v1,3,EQUAL_WEIGHT,2011-07-01,VDE,61,32,2
NN_v1,3,EQUAL_WEIGHT,2011-07-01,VOX,42,23,1
NN_v1,3,EQUAL_WEIGHT,2011-07-01,VAW,65,37,2
NN_v1,3,EQUAL_WEIGHT,2011-07-08,VDE,62,33,3
NN_v1,3,EQUAL_WEIGHT,2011-07-08,VAW,66,37,0
NN_v1,3,EQUAL_WEIGHT,2011-07-08,VNQ,74,31,0
NN_v1,3,EQUAL_WEIGHT,2011-07-15,VDE,63,34,4
NN_v1,3,EQUAL_WEIGHT,2011-07-15,VAW,67,38,1
NN_v1,3,EQUAL_WEIGHT,2011-07-15,VGT,43,22,2
NN_v1,3,EQUAL_WEIGHT,2011-07-22,VNQ,75,31,0
NN_v1,3,EQUAL_WEIGHT,2011-07-22,VDE,64,34,0
NN_v1,3,EQUAL_WEIGHT,2011-07-22,VAW,68,38,0
NN_v1,3,EQUAL_WEIGHT,2011-07-29,VPU,48,23,0
NN_v1,3,EQUAL_WEIGHT,2011-07-29,VDE,65,34,0
NN_v1,3,EQUAL_WEIGHT,2011-07-29,VNQ,76,31,0
NN_v1,3,EQUAL_WEIGHT,2011-08-05,VNQ,77,32,1
NN_v1,3,EQUAL_WEIGHT,2011-08-05,VOX,43,24,2
NN_v1,3,EQUAL_WEIGHT,2011-08-05,VHT,45,31,3
NN_v1,3,EQUAL_WEIGHT,2011-08-12,VDE,66,34,0
NN_v1,3,EQUAL_WEIGHT,2011-08-12,VNQ,78,32,0
NN_v1,3,EQUAL_WEIGHT,2011-08-12,VHT,46,31,0
NN_v1,3,EQUAL_WEIGHT,2011-08-19,VGT,44,23,3
NN_v1,3,EQUAL_WEIGHT,2011-08-19,VCR,37,15,4
NN_v1,3,EQUAL_WEIGHT,2011-08-19,VHT,47,32,1
NN_v1,3,EQUAL_WEIGHT,2011-08-26,VGT,45,23,0
NN_v1,3,EQUAL_WEIGHT,2011-08-26,VNQ,79,32,0
NN_v1,3,EQUAL_WEIGHT,2011-08-26,VDE,67,34,0
NN_v1,3,EQUAL_WEIGHT,2011-09-02,VNQ,80,33,1
NN_v1,3,EQUAL_WEIGHT,2011-09-02,VCR,38,16,5
NN_v1,3,EQUAL_WEIGHT,2011-09-02,VHT,48,33,2
NN_v1,3,EQUAL_WEIGHT,2011-09-09,VNQ,81,34,2
NN_v1,3,EQUAL_WEIGHT,2011-09-09,VCR,39,17,6
NN_v1,3,EQUAL_WEIGHT,2011-09-09,VAW,69,39,1
NN_v1,3,EQUAL_WEIGHT,2011-09-16,VAW,70,39,0
NN_v1,3,EQUAL_WEIGHT,2011-09-16,VDE,68,34,0
NN_v1,3,EQUAL_WEIGHT,2011-09-16,VIS,34,15,0
NN_v1,3,EQUAL_WEIGHT,2011-09-23,VNQ,82,34,0
NN_v1,3,EQUAL_WEIGHT,2011-09-23,VDE,69,34,0
NN_v1,3,EQUAL_WEIGHT,2011-09-23,VHT,49,33,0
NN_v1,3,EQUAL_WEIGHT,2011-09-30,VAW,71,40,1
NN_v1,3,EQUAL_WEIGHT,2011-09-30,VCR,40,18,7
NN_v1,3,EQUAL_WEIGHT,2011-09-30,VDE,70,35,1
NN_v1,3,EQUAL_WEIGHT,2011-10-07,VOX,44,25,3
NN_v1,3,EQUAL_WEIGHT,2011-10-07,VNQ,83,35,1
NN_v1,3,EQUAL_WEIGHT,2011-10-07,VIS,35,16,1
NN_v1,3,EQUAL_WEIGHT,2011-10-14,VIS,36,17,2
NN_v1,3,EQUAL_WEIGHT,2011-10-14,VNQ,84,36,2
NN_v1,3,EQUAL_WEIGHT,2011-10-14,VHT,50,34,1
NN_v1,3,EQUAL_WEIGHT,2011-10-21,VIS,37,18,3
NN_v1,3,EQUAL_WEIGHT,2011-10-21,VDE,71,36,2
NN_v1,3,EQUAL_WEIGHT,2011-10-21,VGT,46,24,1
NN_v1,3,EQUAL_WEIGHT,2011-10-28,VIS,38,18,0
NN_v1,3,EQUAL_WEIGHT,2011-10-28,VGT,47,24,0
NN_v1,3,EQUAL_WEIGHT,2011-10-28,VCR,41,18,0
NN_v1,3,EQUAL_WEIGHT,2011-11-04,VGT,48,25,1
NN_v1,3,EQUAL_WEIGHT,2011-11-04,VPU,49,24,1
NN_v1,3,EQUAL_WEIGHT,2011-11-04,VCR,42,19,1
NN_v1,3,EQUAL_WEIGHT,2011-11-11,VDE,72,36,0
NN_v1,3,EQUAL_WEIGHT,2011-11-11,VIS,39,18,0
NN_v1,3,EQUAL_WEIGHT,2011-11-11,VAW,72,40,0
NN_v1,3,EQUAL_WEIGHT,2011-11-18,VPU,50,24,0
NN_v1,3,EQUAL_WEIGHT,2011-11-18,VDC,29,14,0
NN_v1,3,EQUAL_WEIGHT,2011-11-18,VNQ,85,36,0
NN_v1,3,EQUAL_WEIGHT,2011-11-25,VGT,49,26,2
NN_v1,3,EQUAL_WEIGHT,2011-11-25,VPU,51,25,1
NN_v1,3,EQUAL_WEIGHT,2011-11-25,VIS,40,19,1
NN_v1,3,EQUAL_WEIGHT,2011-12-02,VAW,73,40,0
NN_v1,3,EQUAL_WEIGHT,2011-12-02,VDE,73,36,0
NN_v1,3,EQUAL_WEIGHT,2011-12-02,VFH,79,37,5
NN_v1,3,EQUAL_WEIGHT,2011-12-09,VIS,41,19,0
NN_v1,3,EQUAL_WEIGHT,2011-12-09,VDE,74,36,0
NN_v1,3,EQUAL_WEIGHT,2011-12-09,VNQ,86,37,1
NN_v1,3,EQUAL_WEIGHT,2011-12-16,VNQ,87,38,2
NN_v1,3,EQUAL_WEIGHT,2011-12-16,VHT,51,35,2
NN_v1,3,EQUAL_WEIGHT,2011-12-16,VGT,50,27,3
NN_v1,3,EQUAL_WEIGHT,2011-12-23,VDE,75,36,0
NN_v1,3,EQUAL_WEIGHT,2011-12-23,VFH,80,37,0
NN_v1,3,EQUAL_WEIGHT,2011-12-23,VIS,42,19,0
NN_v1,3,EQUAL_WEIGHT,2011-12-30,VNQ,88,38,0
NN_v1,3,EQUAL_WEIGHT,2011-12-30,VGT,51,28,4
NN_v1,3,EQUAL_WEIGHT,2011-12-30,VCR,43,20,2
NN_v1,3,EQUAL_WEIGHT,2012-01-06,VFH,81,38,1
NN_v1,3,EQUAL_WEIGHT,2012-01-06,VIS,43,20,1
NN_v1,3,EQUAL_WEIGHT,2012-01-06,VAW,74,41,1
NN_v1,3,EQUAL_WEIGHT,2012-01-13,VAW,75,42,2
NN_v1,3,EQUAL_WEIGHT,2012-01-13,VDE,76,37,1
NN_v1,3,EQUAL_WEIGHT,2012-01-13,VIS,44,21,2
NN_v1,3,EQUAL_WEIGHT,2012-01-20,VAW,76,43,3
NN_v1,3,EQUAL_WEIGHT,2012-01-20,VFH,82,39,2
NN_v1,3,EQUAL_WEIGHT,2012-01-20,VIS,45,22,3
NN_v1,3,EQUAL_WEIGHT,2012-01-27,VAW,77,44,4
NN_v1,3,EQUAL_WEIGHT,2012-01-27,VFH,83,40,3
NN_v1,3,EQUAL_WEIGHT,2012-01-27,VIS,46,23,4
NN_v1,3,EQUAL_WEIGHT,2012-02-03,VDE,77,38,2
NN_v1,3,EQUAL_WEIGHT,2012-02-03,VFH,84,40,0
NN_v1,3,EQUAL_WEIGHT,2012-02-03,VAW,78,44,0
NN_v1,3,EQUAL_WEIGHT,2012-02-10,VGT,52,29,5
NN_v1,3,EQUAL_WEIGHT,2012-02-10,VAW,79,45,1
NN_v1,3,EQUAL_WEIGHT,2012-02-10,VIS,47,24,5
NN_v1,3,EQUAL_WEIGHT,2012-02-17,VAW,80,45,0
NN_v1,3,EQUAL_WEIGHT,2012-02-17,VDE,78,39,3
NN_v1,3,EQUAL_WEIGHT,2012-02-17,VFH,85,40,0
NN_v1,3,EQUAL_WEIGHT,2012-02-24,VGT,53,30,6
NN_v1,3,EQUAL_WEIGHT,2012-02-24,VAW,81,45,0
NN_v1,3,EQUAL_WEIGHT,2012-02-24,VFH,86,41,1
NN_v1,3,EQUAL_WEIGHT,2012-03-02,VGT,54,31,7
NN_v1,3,EQUAL_WEIGHT,2012-03-02,VDE,79,39,0
NN_v1,3,EQUAL_WEIGHT,2012-03-02,VAW,82,45,0
NN_v1,3,EQUAL_WEIGHT,2012-03-09,VDE,80,40,1
NN_v1,3,EQUAL_WEIGHT,2012-03-09,VFH,87,42,2
NN_v1,3,EQUAL_WEIGHT,2012-03-09,VOX,45,26,4
NN_v1,3,EQUAL_WEIGHT,2012-03-16,VDE,81,40,0
NN_v1,3,EQUAL_WEIGHT,2012-03-16,VIS,48,24,0
NN_v1,3,EQUAL_WEIGHT,2012-03-16,VAW,83,45,0
NN_v1,3,EQUAL_WEIGHT,2012-03-23,VDE,82,40,0
NN_v1,3,EQUAL_WEIGHT,2012-03-23,VIS,49,24,0
NN_v1,3,EQUAL_WEIGHT,2012-03-23,VFH,88,42,0
NN_v1,3,EQUAL_WEIGHT,2012-03-30,VDE,83,40,0
NN_v1,3,EQUAL_WEIGHT,2012-03-30,VFH,89,42,0
NN_v1,3,EQUAL_WEIGHT,2012-03-30,VOX,46,26,0
NN_v1,3,EQUAL_WEIGHT,2012-04-06,VFH,90,42,0
NN_v1,3,EQUAL_WEIGHT,2012-04-06,VDE,84,40,0
NN_v1,3,EQUAL_WEIGHT,2012-04-06,VGT,55,31,0
NN_v1,3,EQUAL_WEIGHT,2012-04-13,VFH,91,42,0
NN_v1,3,EQUAL_WEIGHT,2012-04-13,VNQ,89,39,1
NN_v1,3,EQUAL_WEIGHT,2012-04-13,VCR,44,20,0
NN_v1,3,EQUAL_WEIGHT,2012-04-20,VDE,85,41,1
NN_v1,3,EQUAL_WEIGHT,2012-04-20,VFH,92,43,1
NN_v1,3,EQUAL_WEIGHT,2012-04-20,VNQ,90,40,2
NN_v1,3,EQUAL_WEIGHT,2012-04-27,VCR,45,20,0
NN_v1,3,EQUAL_WEIGHT,2012-04-27,VNQ,91,40,0
NN_v1,3,EQUAL_WEIGHT,2012-04-27,VAW,84,45,0
NN_v1,3,EQUAL_WEIGHT,2012-05-04,VFH,93,43,0
NN_v1,3,EQUAL_WEIGHT,2012-05-04,VAW,85,45,0
NN_v1,3,EQUAL_WEIGHT,2012-05-04,VDE,86,41,0
NN_v1,3,EQUAL_WEIGHT,2012-05-11,VFH,94,43,0
NN_v1,3,EQUAL_WEIGHT,2012-05-11,VDE,87,41,0
NN_v1,3,EQUAL_WEIGHT,2012-05-11,VIS,50,24,0
NN_v1,3,EQUAL_WEIGHT,2012-05-18,VFH,95,44,1
NN_v1,3,EQUAL_WEIGHT,2012-05-18,VGT,56,32,1
NN_v1,3,EQUAL_WEIGHT,2012-05-18,VNQ,92,41,1
NN_v1,3,EQUAL_WEIGHT,2012-05-25,VFH,96,44,0
NN_v1,3,EQUAL_WEIGHT,2012-05-25,VDE,88,41,0
NN_v1,3,EQUAL_WEIGHT,2012-05-25,VNQ,93,41,0
NN_v1,3,EQUAL_WEIGHT,2012-06-01,VCR,46,21,1
NN_v1,3,EQUAL_WEIGHT,2012-06-01,VFH,97,45,1
NN_v1,3,EQUAL_WEIGHT,2012-06-01,VIS,51,25,1
NN_v1,3,EQUAL_WEIGHT,2012-06-08,VDE,89,42,1
NN_v1,3,EQUAL_WEIGHT,2012-06-08,VAW,86,45,0
NN_v1,3,EQUAL_WEIGHT,2012-06-08,VGT,57,32,0
NN_v1,3,EQUAL_WEIGHT,2012-06-15,VAW,87,46,1
NN_v1,3,EQUAL_WEIGHT,2012-06-15,VFH,98,46,2
NN_v1,3,EQUAL_WEIGHT,2012-06-15,VCR,47,22,2
NN_v1,3,EQUAL_WEIGHT,2012-06-22,VDE,90,43,2
NN_v1,3,EQUAL_WEIGHT,2012-06-22,VFH,99,47,3
NN_v1,3,EQUAL_WEIGHT,2012-06-22,VCR,48,23,3
NN_v1,3,EQUAL_WEIGHT,2012-06-29,VFH,100,47,0
NN_v1,3,EQUAL_WEIGHT,2012-06-29,VDE,91,43,0
NN_v1,3,EQUAL_WEIGHT,2012-06-29,VAW,88,47,2
NN_v1,3,EQUAL_WEIGHT,2012-07-06,VFH,101,48,1
NN_v1,3,EQUAL_WEIGHT,2012-07-06,VAW,89,47,0
NN_v1,3,EQUAL_WEIGHT,2012-07-06,VDE,92,44,1
NN_v1,3,EQUAL_WEIGHT,2012-07-13,VFH,102,48,0
NN_v1,3,EQUAL_WEIGHT,2012-07-13,VDE,93,45,2
NN_v1,3,EQUAL_WEIGHT,2012-07-13,VAW,90,48,1
NN_v1,3,EQUAL_WEIGHT,2012-07-20,VNQ,94,42,1
NN_v1,3,EQUAL_WEIGHT,2012-07-20,VAW,91,49,2
NN_v1,3,EQUAL_WEIGHT,2012-07-20,VDE,94,46,3
NN_v1,3,EQUAL_WEIGHT,2012-07-27,VDE,95,47,4
NN_v1,3,EQUAL_WEIGHT,2012-07-27,VFH,103,49,1
NN_v1,3,EQUAL_WEIGHT,2012-07-27,VNQ,95,43,2
NN_v1,3,EQUAL_WEIGHT,2012-08-03,VDE,96,48,5
NN_v1,3,EQUAL_WEIGHT,2012-08-03,VFH,104,50,2
NN_v1,3,EQUAL_WEIGHT,2012-08-03,VNQ,96,43,0
NN_v1,3,EQUAL_WEIGHT,2012-08-10,VDE,97,49,6
NN_v1,3,EQUAL_WEIGHT,2012-08-10,VAW,92,50,3
NN_v1,3,EQUAL_WEIGHT,2012-08-10,VGT,58,33,1
NN_v1,3,EQUAL_WEIGHT,2012-08-17,VDE,98,49,0
NN_v1,3,EQUAL_WEIGHT,2012-08-17,VGT,59,33,0
NN_v1,3,EQUAL_WEIGHT,2012-08-17,VIS,52,25,0
NN_v1,3,EQUAL_WEIGHT,2012-08-24,VDE,99,49,0
NN_v1,3,EQUAL_WEIGHT,2012-08-24,VAW,93,50,0
NN_v1,3,EQUAL_WEIGHT,2012-08-24,VGT,60,33,0
NN_v1,3,EQUAL_WEIGHT,2012-08-31,VGT,61,34,1
NN_v1,3,EQUAL_WEIGHT,2012-08-31,VCR,49,24,4
NN_v1,3,EQUAL_WEIGHT,2012-08-31,VFH,105,51,3
NN_v1,3,EQUAL_WEIGHT,2012-09-07,VCR,50,25,5
NN_v1,3,EQUAL_WEIGHT,2012-09-07,VDE,100,50,1
NN_v1,3,EQUAL_WEIGHT,2012-09-07,VAW,94,51,1
NN_v1,3,EQUAL_WEIGHT,2012-09-14,VPU,52,25,0
NN_v1,3,EQUAL_WEIGHT,2012-09-14,VFH,106,51,0
NN_v1,3,EQUAL_WEIGHT,2012-09-14,VAW,95,51,0
NN_v1,3,EQUAL_WEIGHT,2012-09-21,VAW,96,51,0
NN_v1,3,EQUAL_WEIGHT,2012-09-21,VCR,51,25,0
NN_v1,3,EQUAL_WEIGHT,2012-09-21,VFH,107,51,0
NN_v1,3,EQUAL_WEIGHT,2012-09-28,VCR,52,26,1
NN_v1,3,EQUAL_WEIGHT,2012-09-28,VAW,97,52,1
NN_v1,3,EQUAL_WEIGHT,2012-09-28,VFH,108,52,1
NN_v1,3,EQUAL_WEIGHT,2012-10-05,VFH,109,52,0
NN_v1,3,EQUAL_WEIGHT,2012-10-05,VAW,98,52,0
NN_v1,3,EQUAL_WEIGHT,2012-10-05,VDE,101,50,0
NN_v1,3,EQUAL_WEIGHT,2012-10-12,VOX,47,26,0
NN_v1,3,EQUAL_WEIGHT,2012-10-12,VFH,110,53,1
NN_v1,3,EQUAL_WEIGHT,2012-10-12,VCR,53,27,2
NN_v1,3,EQUAL_WEIGHT,2012-10-19,VGT,62,34,0
NN_v1,3,EQUAL_WEIGHT,2012-10-19,VFH,111,53,0
NN_v1,3,EQUAL_WEIGHT,2012-10-19,VHT,52,35,0
NN_v1,3,EQUAL_WEIGHT,2012-10-26,VHT,53,35,0
NN_v1,3,EQUAL_WEIGHT,2012-10-26,VFH,112,54,1
NN_v1,3,EQUAL_WEIGHT,2012-10-26,VCR,54,28,3
NN_v1,3,EQUAL_WEIGHT,2012-11-02,VFH,113,54,0
NN_v1,3,EQUAL_WEIGHT,2012-11-02,VIS,53,25,0
NN_v1,3,EQUAL_WEIGHT,2012-11-02,VDE,102,50,0
NN_v1,3,EQUAL_WEIGHT,2012-11-09,VAW,99,52,0
NN_v1,3,EQUAL_WEIGHT,2012-11-09,VFH,114,54,0
NN_v1,3,EQUAL_WEIGHT,2012-11-09,VDE,103,50,0
NN_v1,3,EQUAL_WEIGHT,2012-11-16,VFH,115,55,1
NN_v1,3,EQUAL_WEIGHT,2012-11-16,VAW,100,53,1
NN_v1,3,EQUAL_WEIGHT,2012-11-16,VOX,48,27,1
NN_v1,3,EQUAL_WEIGHT,2012-11-23,VPU,53,26,1
NN_v1,3,EQUAL_WEIGHT,2012-11-23,VAW,101,54,2
NN_v1,3,EQUAL_WEIGHT,2012-11-23,VCR,55,29,4
NN_v1,3,EQUAL_WEIGHT,2012-11-30,VCR,56,29,0
NN_v1,3,EQUAL_WEIGHT,2012-11-30,VAW,102,54,0
NN_v1,3,EQUAL_WEIGHT,2012-11-30,VDE,104,51,1
NN_v1,3,EQUAL_WEIGHT,2012-12-07,VCR,57,29,0
NN_v1,3,EQUAL_WEIGHT,2012-12-07,VIS,54,26,1
NN_v1,3,EQUAL_WEIGHT,2012-12-07,VGT,63,34,0
NN_v1,3,EQUAL_WEIGHT,2012-12-14,VIS,55,26,0
NN_v1,3,EQUAL_WEIGHT,2012-12-14,VAW,103,54,0
NN_v1,3,EQUAL_WEIGHT,2012-12-14,VGT,64,35,1
NN_v1,3,EQUAL_WEIGHT,2012-12-21,VGT,65,35,0
NN_v1,3,EQUAL_WEIGHT,2012-12-21,VNQ,97,43,0
NN_v1,3,EQUAL_WEIGHT,2012-12-21,VOX,49,27,0
NN_v1,3,EQUAL_WEIGHT,2012-12-28,VFH,116,56,2
NN_v1,3,EQUAL_WEIGHT,2012-12-28,VIS,56,27,1
NN_v1,3,EQUAL_WEIGHT,2012-12-28,VNQ,98,44,1
NN_v1,3,EQUAL_WEIGHT,2013-01-04,VFH,117,57,3
NN_v1,3,EQUAL_WEIGHT,2013-01-04,VDE,105,52,2
NN_v1,3,EQUAL_WEIGHT,2013-01-04,VIS,57,27,0
NN_v1,3,EQUAL_WEIGHT,2013-01-11,VIS,58,28,1
NN_v1,3,EQUAL_WEIGHT,2013-01-11,VFH,118,58,4
NN_v1,3,EQUAL_WEIGHT,2013-01-11,VCR,58,30,1
NN_v1,3,EQUAL_WEIGHT,2013-01-18,VIS,59,29,2
NN_v1,3,EQUAL_WEIGHT,2013-01-18,VAW,104,55,1
NN_v1,3,EQUAL_WEIGHT,2013-01-18,VOX,50,28,1
NN_v1,3,EQUAL_WEIGHT,2013-01-25,VDE,106,53,3
NN_v1,3,EQUAL_WEIGHT,2013-01-25,VIS,60,29,0
NN_v1,3,EQUAL_WEIGHT,2013-01-25,VAW,105,55,0
NN_v1,3,EQUAL_WEIGHT,2013-02-01,VDE,107,54,4
NN_v1,3,EQUAL_WEIGHT,2013-02-01,VIS,61,30,1
NN_v1,3,EQUAL_WEIGHT,2013-02-01,VFH,119,59,5
NN_v1,3,EQUAL_WEIGHT,2013-02-08,VDE,108,54,0
NN_v1,3,EQUAL_WEIGHT,2013-02-08,VIS,62,31,2
NN_v1,3,EQUAL_WEIGHT,2013-02-08,VFH,120,60,6
NN_v1,3,EQUAL_WEIGHT,2013-02-15,VFH,121,60,0
NN_v1,3,EQUAL_WEIGHT,2013-02-15,VIS,63,31,0
NN_v1,3,EQUAL_WEIGHT,2013-02-15,VDE,109,54,0
NN_v1,3,EQUAL_WEIGHT,2013-02-22,VDE,110,54,0
NN_v1,3,EQUAL_WEIGHT,2013-02-22,VIS,64,31,0
NN_v1,3,EQUAL_WEIGHT,2013-02-22,VFH,122,60,0
NN_v1,3,EQUAL_WEIGHT,2013-03-01,VIS,65,32,1
NN_v1,3,EQUAL_WEIGHT,2013-03-01,VHT,54,36,1
NN_v1,3,EQUAL_WEIGHT,2013-03-01,VDE,111,55,1
NN_v1,3,EQUAL_WEIGHT,2013-03-08,VIS,66,33,2
NN_v1,3,EQUAL_WEIGHT,2013-03-08,VCR,59,31,2
NN_v1,3,EQUAL_WEIGHT,2013-03-08,VFH,123,61,1
NN_v1,3,EQUAL_WEIGHT,2013-03-15,VFH,124,61,0
NN_v1,3,EQUAL_WEIGHT,2013-03-15,VPU,54,26,0
NN_v1,3,EQUAL_WEIGHT,2013-03-15,VIS,67,34,3
NN_v1,3,EQUAL_WEIGHT,2013-03-22,VFH,125,61,0
NN_v1,3,EQUAL_WEIGHT,2013-03-22,VHT,55,37,2
NN_v1,3,EQUAL_WEIGHT,2013-03-22,VPU,55,27,1
NN_v1,3,EQUAL_WEIGHT,2013-03-29,VCR,60,31,0
NN_v1,3,EQUAL_WEIGHT,2013-03-29,VPU,56,28,2
NN_v1,3,EQUAL_WEIGHT,2013-03-29,VFH,126,61,0
NN_v1,3,EQUAL_WEIGHT,2013-04-05,VAW,106,56,1
NN_v1,3,EQUAL_WEIGHT,2013-04-05,VGT,66,36,1
NN_v1,3,EQUAL_WEIGHT,2013-04-05,VDE,112,56,2
NN_v1,3,EQUAL_WEIGHT,2013-04-12,VAW,107,56,0
NN_v1,3,EQUAL_WEIGHT,2013-04-12,VFH,127,61,0
NN_v1,3,EQUAL_WEIGHT,2013-04-12,VDE,113,56,0
NN_v1,3,EQUAL_WEIGHT,2013-04-19,VIS,68,35,4
NN_v1,3,EQUAL_WEIGHT,2013-04-19,VGT,67,37,2
NN_v1,3,EQUAL_WEIGHT,2013-04-19,VDE,114,57,1
NN_v1,3,EQUAL_WEIGHT,2013-04-26,VAW,108,57,1
NN_v1,3,EQUAL_WEIGHT,2013-04-26,VIS,69,36,5
NN_v1,3,EQUAL_WEIGHT,2013-04-26,VDE,115,58,2
NN_v1,3,EQUAL_WEIGHT,2013-05-03,VOX,51,29,2
NN_v1,3,EQUAL_WEIGHT,2013-05-03,VGT,68,38,3
NN_v1,3,EQUAL_WEIGHT,2013-05-03,VCR,61,32,1
NN_v1,3,EQUAL_WEIGHT,2013-05-10,VCR,62,33,2
NN_v1,3,EQUAL_WEIGHT,2013-05-10,VGT,69,39,4
NN_v1,3,EQUAL_WEIGHT,2013-05-10,VPU,57,29,3
NN_v1,3,EQUAL_WEIGHT,2013-05-17,VOX,52,29,0
NN_v1,3,EQUAL_WEIGHT,2013-05-17,VGT,70,39,0
NN_v1,3,EQUAL_WEIGHT,2013-05-17,VNQ,99,44,0
NN_v1,3,EQUAL_WEIGHT,2013-05-24,VOX,53,29,0
NN_v1,3,EQUAL_WEIGHT,2013-05-24,VNQ,100,44,0
NN_v1,3,EQUAL_WEIGHT,2013-05-24,VPU,58,29,0
NN_v1,3,EQUAL_WEIGHT,2013-05-31,VGT,71,39,0
NN_v1,3,EQUAL_WEIGHT,2013-05-31,VNQ,101,44,0
NN_v1,3,EQUAL_WEIGHT,2013-05-31,VOX,54,30,1
NN_v1,3,EQUAL_WEIGHT,2013-06-07,VNQ,102,44,0
NN_v1,3,EQUAL_WEIGHT,2013-06-07,VFH,128,61,0
NN_v1,3,EQUAL_WEIGHT,2013-06-07,VIS,70,36,0
NN_v1,3,EQUAL_WEIGHT,2013-06-14,VCR,63,33,0
NN_v1,3,EQUAL_WEIGHT,2013-06-14,VNQ,103,44,0
NN_v1,3,EQUAL_WEIGHT,2013-06-14,VIS,71,36,0
NN_v1,3,EQUAL_WEIGHT,2013-06-21,VCR,64,34,1
NN_v1,3,EQUAL_WEIGHT,2013-06-21,VNQ,104,45,1
NN_v1,3,EQUAL_WEIGHT,2013-06-21,VIS,72,37,1
NN_v1,3,EQUAL_WEIGHT,2013-06-28,VAW,109,58,2
NN_v1,3,EQUAL_WEIGHT,2013-06-28,VIS,73,38,2
NN_v1,3,EQUAL_WEIGHT,2013-06-28,VFH,129,62,1
NN_v1,3,EQUAL_WEIGHT,2013-07-05,VPU,59,30,1
NN_v1,3,EQUAL_WEIGHT,2013-07-05,VNQ,105,46,2
NN_v1,3,EQUAL_WEIGHT,2013-07-05,VFH,130,63,2
NN_v1,3,EQUAL_WEIGHT,2013-07-12,VNQ,106,47,3
NN_v1,3,EQUAL_WEIGHT,2013-07-12,VPU,60,31,2
NN_v1,3,EQUAL_WEIGHT,2013-07-12,VOX,55,31,2
NN_v1,3,EQUAL_WEIGHT,2013-07-19,VNQ,107,47,0
NN_v1,3,EQUAL_WEIGHT,2013-07-19,VPU,61,31,0
NN_v1,3,EQUAL_WEIGHT,2013-07-19,VOX,56,31,0
NN_v1,3,EQUAL_WEIGHT,2013-07-26,VOX,57,31,0
NN_v1,3,EQUAL_WEIGHT,2013-07-26,VNQ,108,47,0
NN_v1,3,EQUAL_WEIGHT,2013-07-26,VPU,62,32,1
NN_v1,3,EQUAL_WEIGHT,2013-08-02,VNQ,109,48,1
NN_v1,3,EQUAL_WEIGHT,2013-08-02,VPU,63,32,0
NN_v1,3,EQUAL_WEIGHT,2013-08-02,VHT,56,37,0
NN_v1,3,EQUAL_WEIGHT,2013-08-09,VNQ,110,48,0
NN_v1,3,EQUAL_WEIGHT,2013-08-09,VCR,65,34,0
NN_v1,3,EQUAL_WEIGHT,2013-08-09,VIS,74,38,0
NN_v1,3,EQUAL_WEIGHT,2013-08-16,VNQ,111,49,1
NN_v1,3,EQUAL_WEIGHT,2013-08-16,VIS,75,39,1
NN_v1,3,EQUAL_WEIGHT,2013-08-16,VGT,72,40,1
NN_v1,3,EQUAL_WEIGHT,2013-08-23,VNQ,112,49,0
NN_v1,3,EQUAL_WEIGHT,2013-08-23,VCR,66,34,0
NN_v1,3,EQUAL_WEIGHT,2013-08-23,VHT,57,37,0
NN_v1,3,EQUAL_WEIGHT,2013-08-30,VCR,67,35,1
NN_v1,3,EQUAL_WEIGHT,2013-08-30,VOX,58,31,0
NN_v1,3,EQUAL_WEIGHT,2013-08-30,VGT,73,41,2
NN_v1,3,EQUAL_WEIGHT,2013-09-06,VNQ,113,50,1
NN_v1,3,EQUAL_WEIGHT,2013-09-06,VPU,64,33,1
NN_v1,3,EQUAL_WEIGHT,2013-09-06,VOX,59,32,1
NN_v1,3,EQUAL_WEIGHT,2013-09-13,VNQ,114,51,2
NN_v1,3,EQUAL_WEIGHT,2013-09-13,VPU,65,34,2
NN_v1,3,EQUAL_WEIGHT,2013-09-13,VCR,68,36,2
NN_v1,3,EQUAL_WEIGHT,2013-09-20,VNQ,115,51,0
NN_v1,3,EQUAL_WEIGHT,2013-09-20,VIS,76,39,0
NN_v1,3,EQUAL_WEIGHT,2013-09-20,VCR,69,37,3
NN_v1,3,EQUAL_WEIGHT,2013-09-27,VNQ,116,51,0
NN_v1,3,EQUAL_WEIGHT,2013-09-27,VGT,74,42,3
NN_v1,3,EQUAL_WEIGHT,2013-09-27,VCR,70,38,4
NN_v1,3,EQUAL_WEIGHT,2013-10-04,VNQ,117,52,1
NN_v1,3,EQUAL_WEIGHT,2013-10-04,VAW,110,59,3
NN_v1,3,EQUAL_WEIGHT,2013-10-04,VOX,60,33,2
NN_v1,3,EQUAL_WEIGHT,2013-10-11,VNQ,118,53,2
NN_v1,3,EQUAL_WEIGHT,2013-10-11,VIS,77,40,1
NN_v1,3,EQUAL_WEIGHT,2013-10-11,VAW,111,60,4
NN_v1,3,EQUAL_WEIGHT,2013-10-18,VNQ,119,54,3
NN_v1,3,EQUAL_WEIGHT,2013-10-18,VOX,61,34,3
NN_v1,3,EQUAL_WEIGHT,2013-10-18,VDE,116,58,0
NN_v1,3,EQUAL_WEIGHT,2013-10-25,VNQ,120,54,0
NN_v1,3,EQUAL_WEIGHT,2013-10-25,VIS,78,41,2
NN_v1,3,EQUAL_WEIGHT,2013-10-25,VAW,112,60,0
NN_v1,3,EQUAL_WEIGHT,2013-11-01,VNQ,121,54,0
NN_v1,3,EQUAL_WEIGHT,2013-11-01,VOX,62,34,0
NN_v1,3,EQUAL_WEIGHT,2013-11-01,VIS,79,41,0
NN_v1,3,EQUAL_WEIGHT,2013-11-08,VNQ,122,55,1
NN_v1,3,EQUAL_WEIGHT,2013-11-08,VIS,80,42,1
NN_v1,3,EQUAL_WEIGHT,2013-11-08,VOX,63,34,0
NN_v1,3,EQUAL_WEIGHT,2013-11-15,VIS,81,43,2
NN_v1,3,EQUAL_WEIGHT,2013-11-15,VNQ,123,55,0
NN_v1,3,EQUAL_WEIGHT,2013-11-15,VCR,71,38,0
NN_v1,3,EQUAL_WEIGHT,2013-11-22,VNQ,124,55,0
NN_v1,3,EQUAL_WEIGHT,2013-11-22,VIS,82,44,3
NN_v1,3,EQUAL_WEIGHT,2013-11-22,VDC,30,14,0
NN_v1,3,EQUAL_WEIGHT,2013-11-29,VNQ,125,56,1
NN_v1,3,EQUAL_WEIGHT,2013-11-29,VPU,66,35,3
NN_v1,3,EQUAL_WEIGHT,2013-11-29,VHT,58,38,1
NN_v1,3,EQUAL_WEIGHT,2013-12-06,VNQ,126,56,0
NN_v1,3,EQUAL_WEIGHT,2013-12-06,VGT,75,42,0
NN_v1,3,EQUAL_WEIGHT,2013-12-06,VHT,59,38,0
NN_v1,3,EQUAL_WEIGHT,2013-12-13,VIS,83,45,4
NN_v1,3,EQUAL_WEIGHT,2013-12-13,VCR,72,39,1
NN_v1,3,EQUAL_WEIGHT,2013-12-13,VNQ,127,57,1
NN_v1,3,EQUAL_WEIGHT,2013-12-20,VNQ,128,57,0
NN_v1,3,EQUAL_WEIGHT,2013-12-20,VGT,76,43,1
NN_v1,3,EQUAL_WEIGHT,2013-12-20,VIS,84,46,5
NN_v1,3,EQUAL_WEIGHT,2013-12-27,VNQ,129,58,1
NN_v1,3,EQUAL_WEIGHT,2013-12-27,VGT,77,43,0
NN_v1,3,EQUAL_WEIGHT,2013-12-27,VAW,113,60,0
NN_v1,3,EQUAL_WEIGHT,2014-01-03,VNQ,130,59,2
NN_v1,3,EQUAL_WEIGHT,2014-01-03,VPU,67,36,4
NN_v1,3,EQUAL_WEIGHT,2014-01-03,VDE,117,58,0
NN_v1,3,EQUAL_WEIGHT,2014-01-10,VNQ,131,60,3
NN_v1,3,EQUAL_WEIGHT,2014-01-10,VOX,64,35,1
NN_v1,3,EQUAL_WEIGHT,2014-01-10,VDE,118,58,0
NN_v1,3,EQUAL_WEIGHT,2014-01-17,VNQ,132,60,0
NN_v1,3,EQUAL_WEIGHT,2014-01-17,VOX,65,35,0
NN_v1,3,EQUAL_WEIGHT,2014-01-17,VAW,114,60,0
NN_v1,3,EQUAL_WEIGHT,2014-01-24,VOX,66,35,0
NN_v1,3,EQUAL_WEIGHT,2014-01-24,VFH,131,63,0
NN_v1,3,EQUAL_WEIGHT,2014-01-24,VHT,60,39,1
NN_v1,3,EQUAL_WEIGHT,2014-01-31,VIS,85,47,6
NN_v1,3,EQUAL_WEIGHT,2014-01-31,VFH,132,64,1
NN_v1,3,EQUAL_WEIGHT,2014-01-31,VAW,115,61,1
NN_v1,3,EQUAL_WEIGHT,2014-02-07,VOX,67,36,1
NN_v1,3,EQUAL_WEIGHT,2014-02-07,VGT,78,44,1
NN_v1,3,EQUAL_WEIGHT,2014-02-07,VDE,119,59,1
NN_v1,3,EQUAL_WEIGHT,2014-02-14,VOX,68,37,2
NN_v1,3,EQUAL_WEIGHT,2014-02-14,VDE,120,60,2
NN_v1,3,EQUAL_WEIGHT,2014-02-14,VCR,73,40,2
NN_v1,3,EQUAL_WEIGHT,2014-02-21,VFH,133,65,2
NN_v1,3,EQUAL_WEIGHT,2014-02-21,VCR,74,41,3
NN_v1,3,EQUAL_WEIGHT,2014-02-21,VIS,86,48,7
NN_v1,3,EQUAL_WEIGHT,2014-02-28,VOX,69,38,3
NN_v1,3,EQUAL_WEIGHT,2014-02-28,VDC,31,15,1
NN_v1,3,EQUAL_WEIGHT,2014-02-28,VFH,134,66,3
NN_v1,3,EQUAL_WEIGHT,2014-03-07,VOX,70,38,0
NN_v1,3,EQUAL_WEIGHT,2014-03-07,VCR,75,41,0
NN_v1,3,EQUAL_WEIGHT,2014-03-07,VDE,121,60,0
NN_v1,3,EQUAL_WEIGHT,2014-03-14,VCR,76,41,0
NN_v1,3,EQUAL_WEIGHT,2014-03-14,VDC,32,15,0
NN_v1,3,EQUAL_WEIGHT,2014-03-14,VDE,122,61,1
NN_v1,3,EQUAL_WEIGHT,2014-03-21,VCR,77,41,0
NN_v1,3,EQUAL_WEIGHT,2014-03-21,VAW,116,61,0
NN_v1,3,EQUAL_WEIGHT,2014-03-21,VIS,87,48,0
NN_v1,3,EQUAL_WEIGHT,2014-03-28,VAW,117,62,1
NN_v1,3,EQUAL_WEIGHT,2014-03-28,VFH,135,66,0
NN_v1,3,EQUAL_WEIGHT,2014-03-28,VIS,88,49,1
NN_v1,3,EQUAL_WEIGHT,2014-04-04,VFH,136,66,0
NN_v1,3,EQUAL_WEIGHT,2014-04-04,VGT,79,44,0
NN_v1,3,EQUAL_WEIGHT,2014-04-04,VCR,78,41,0
NN_v1,3,EQUAL_WEIGHT,2014-04-11,VOX,71,39,1
NN_v1,3,EQUAL_WEIGHT,2014-04-11,VIS,89,50,2
NN_v1,3,EQUAL_WEIGHT,2014-04-11,VAW,118,63,2
NN_v1,3,EQUAL_WEIGHT,2014-04-18,VCR,79,41,0
NN_v1,3,EQUAL_WEIGHT,2014-04-18,VHT,61,40,2
NN_v1,3,EQUAL_WEIGHT,2014-04-18,VFH,137,66,0
NN_v1,3,EQUAL_WEIGHT,2014-04-25,VFH,138,67,1
NN_v1,3,EQUAL_WEIGHT,2014-04-25,VIS,90,51,3
NN_v1,3,EQUAL_WEIGHT,2014-04-25,VOX,72,40,2
NN_v1,3,EQUAL_WEIGHT,2014-05-02,VIS,91,52,4
NN_v1,3,EQUAL_WEIGHT,2014-05-02,VGT,80,44,0
NN_v1,3,EQUAL_WEIGHT,2014-05-02,VCR,80,41,0
NN_v1,3,EQUAL_WEIGHT,2014-05-09,VIS,92,52,0
NN_v1,3,EQUAL_WEIGHT,2014-05-09,VHT,62,41,3
NN_v1,3,EQUAL_WEIGHT,2014-05-09,VFH,139,67,0
NN_v1,3,EQUAL_WEIGHT,2014-05-16,VHT,63,42,4
NN_v1,3,EQUAL_WEIGHT,2014-05-16,VGT,81,45,1
NN_v1,3,EQUAL_WEIGHT,2014-05-16,VCR,81,42,1
NN_v1,3,EQUAL_WEIGHT,2014-05-23,VOX,73,41,3
NN_v1,3,EQUAL_WEIGHT,2014-05-23,VCR,82,43,2
NN_v1,3,EQUAL_WEIGHT,2014-05-23,VHT,64,43,5
NN_v1,3,EQUAL_WEIGHT,2014-05-30,VHT,65,44,6
NN_v1,3,EQUAL_WEIGHT,2014-05-30,VGT,82,46,2
NN_v1,3,EQUAL_WEIGHT,2014-05-30,VOX,74,41,0
NN_v1,3,EQUAL_WEIGHT,2014-06-06,VHT,66,44,0
NN_v1,3,EQUAL_WEIGHT,2014-06-06,VCR,83,43,0
NN_v1,3,EQUAL_WEIGHT,2014-06-06,VGT,83,47,3
NN_v1,3,EQUAL_WEIGHT,2014-06-13,VHT,67,45,1
NN_v1,3,EQUAL_WEIGHT,2014-06-13,VFH,140,68,1
NN_v1,3,EQUAL_WEIGHT,2014-06-13,VCR,84,44,1
NN_v1,3,EQUAL_WEIGHT,2014-06-20,VCR,85,45,2
NN_v1,3,EQUAL_WEIGHT,2014-06-20,VFH,141,68,0
NN_v1,3,EQUAL_WEIGHT,2014-06-20,VIS,93,52,0
NN_v1,3,EQUAL_WEIGHT,2014-06-27,VFH,142,69,1
NN_v1,3,EQUAL_WEIGHT,2014-06-27,VHT,68,46,2
NN_v1,3,EQUAL_WEIGHT,2014-06-27,VIS,94,53,1
NN_v1,3,EQUAL_WEIGHT,2014-07-04,VPU,68,37,5
NN_v1,3,EQUAL_WEIGHT,2014-07-04,VOX,75,41,0
NN_v1,3,EQUAL_WEIGHT,2014-07-04,VDE,123,61,0
NN_v1,3,EQUAL_WEIGHT,2014-07-11,VPU,69,37,0
NN_v1,3,EQUAL_WEIGHT,2014-07-11,VCR,86,45,0
NN_v1,3,EQUAL_WEIGHT,2014-07-11,VFH,143,70,2
NN_v1,3,EQUAL_WEIGHT,2014-07-18,VCR,87,45,0
NN_v1,3,EQUAL_WEIGHT,2014-07-18,VHT,69,47,3
NN_v1,3,EQUAL_WEIGHT,2014-07-18,VPU,70,37,0
NN_v1,3,EQUAL_WEIGHT,2014-07-25,VOX,76,41,0
NN_v1,3,EQUAL_WEIGHT,2014-07-25,VCR,88,45,0
NN_v1,3,EQUAL_WEIGHT,2014-07-25,VPU,71,37,0
NN_v1,3,EQUAL_WEIGHT,2014-08-01,VNQ,133,60,0
NN_v1,3,EQUAL_WEIGHT,2014-08-01,VCR,89,46,1
NN_v1,3,EQUAL_WEIGHT,2014-08-01,VPU,72,37,0
NN_v1,3,EQUAL_WEIGHT,2014-08-08,VAW,119,64,3
NN_v1,3,EQUAL_WEIGHT,2014-08-08,VNQ,134,61,1
NN_v1,3,EQUAL_WEIGHT,2014-08-08,VFH,144,71,3
NN_v1,3,EQUAL_WEIGHT,2014-08-15,VOX,77,41,0
NN_v1,3,EQUAL_WEIGHT,2014-08-15,VIS,95,54,2
NN_v1,3,EQUAL_WEIGHT,2014-08-15,VPU,73,38,1
NN_v1,3,EQUAL_WEIGHT,2014-08-22,VDE,124,62,1
NN_v1,3,EQUAL_WEIGHT,2014-08-22,VOX,78,42,1
NN_v1,3,EQUAL_WEIGHT,2014-08-22,VDC,33,16,1
NN_v1,3,EQUAL_WEIGHT,2014-08-29,VPU,74,39,2
NN_v1,3,EQUAL_WEIGHT,2014-08-29,VFH,145,72,4
NN_v1,3,EQUAL_WEIGHT,2014-08-29,VIS,96,55,3
NN_v1,3,EQUAL_WEIGHT,2014-09-05,VIS,97,55,0
NN_v1,3,EQUAL_WEIGHT,2014-09-05,VDE,125,62,0
NN_v1,3,EQUAL_WEIGHT,2014-09-05,VGT,84,48,4
NN_v1,3,EQUAL_WEIGHT,2014-09-12,VFH,146,73,5
NN_v1,3,EQUAL_WEIGHT,2014-09-12,VIS,98,56,1
NN_v1,3,EQUAL_WEIGHT,2014-09-12,VDE,126,63,1
NN_v1,3,EQUAL_WEIGHT,2014-09-19,VPU,75,39,0
NN_v1,3,EQUAL_WEIGHT,2014-09-19,VDE,127,63,0
NN_v1,3,EQUAL_WEIGHT,2014-09-19,VNQ,135,61,0
NN_v1,3,EQUAL_WEIGHT,2014-09-26,VNQ,136,62,1
NN_v1,3,EQUAL_WEIGHT,2014-09-26,VIS,99,56,0
NN_v1,3,EQUAL_WEIGHT,2014-09-26,VCR,90,47,2
NN_v1,3,EQUAL_WEIGHT,2014-10-03,VOX,79,42,0
NN_v1,3,EQUAL_WEIGHT,2014-10-03,VFH,147,73,0
NN_v1,3,EQUAL_WEIGHT,2014-10-03,VIS,100,56,0
NN_v1,3,EQUAL_WEIGHT,2014-10-10,VOX,80,43,1
NN_v1,3,EQUAL_WEIGHT,2014-10-10,VDE,128,63,0
NN_v1,3,EQUAL_WEIGHT,2014-10-10,VCR,91,47,0
NN_v1,3,EQUAL_WEIGHT,2014-10-17,VDE,129,64,1
NN_v1,3,EQUAL_WEIGHT,2014-10-17,VFH,148,74,1
NN_v1,3,EQUAL_WEIGHT,2014-10-17,VOX,81,44,2
NN_v1,3,EQUAL_WEIGHT,2014-10-24,VDE,130,65,2
NN_v1,3,EQUAL_WEIGHT,2014-10-24,VOX,82,45,3
NN_v1,3,EQUAL_WEIGHT,2014-10-24,VCR,92,48,1
NN_v1,3,EQUAL_WEIGHT,2014-10-31,VDE,131,66,3
NN_v1,3,EQUAL_WEIGHT,2014-10-31,VIS,101,57,1
NN_v1,3,EQUAL_WEIGHT,2014-10-31,VAW,120,65,4
NN_v1,3,EQUAL_WEIGHT,2014-11-07,VDE,132,66,0
NN_v1,3,EQUAL_WEIGHT,2014-11-07,VAW,121,66,5
NN_v1,3,EQUAL_WEIGHT,2014-11-07,VGT,85,49,5
NN_v1,3,EQUAL_WEIGHT,2014-11-14,VDE,133,67,1
NN_v1,3,EQUAL_WEIGHT,2014-11-14,VHT,70,48,4
NN_v1,3,EQUAL_WEIGHT,2014-11-14,VIS,102,58,2
NN_v1,3,EQUAL_WEIGHT,2014-11-21,VDE,134,67,0
NN_v1,3,EQUAL_WEIGHT,2014-11-21,VGT,86,50,6
NN_v1,3,EQUAL_WEIGHT,2014-11-21,VIS,103,58,0
NN_v1,3,EQUAL_WEIGHT,2014-11-28,VDE,135,68,1
NN_v1,3,EQUAL_WEIGHT,2014-11-28,VAW,122,67,6
NN_v1,3,EQUAL_WEIGHT,2014-11-28,VIS,104,59,1
NN_v1,3,EQUAL_WEIGHT,2014-12-05,VDE,136,68,0
NN_v1,3,EQUAL_WEIGHT,2014-12-05,VAW,123,67,0
NN_v1,3,EQUAL_WEIGHT,2014-12-05,VCR,93,48,0
NN_v1,3,EQUAL_WEIGHT,2014-12-12,VDE,137,69,1
NN_v1,3,EQUAL_WEIGHT,2014-12-12,VCR,94,48,0
NN_v1,3,EQUAL_WEIGHT,2014-12-12,VIS,105,60,2
NN_v1,3,EQUAL_WEIGHT,2014-12-19,VAW,124,68,1
NN_v1,3,EQUAL_WEIGHT,2014-12-19,VDE,138,69,0
NN_v1,3,EQUAL_WEIGHT,2014-12-19,VOX,83,46,4
NN_v1,3,EQUAL_WEIGHT,2014-12-26,VDE,139,69,0
NN_v1,3,EQUAL_WEIGHT,2014-12-26,VAW,125,68,0
NN_v1,3,EQUAL_WEIGHT,2014-12-26,VIS,106,60,0
NN_v1,3,EQUAL_WEIGHT,2015-01-02,VAW,126,68,0
NN_v1,3,EQUAL_WEIGHT,2015-01-02,VDC,34,17,2
NN_v1,3,EQUAL_WEIGHT,2015-01-02,VIS,107,60,0
NN_v1,3,EQUAL_WEIGHT,2015-01-09,VDE,140,69,0
NN_v1,3,EQUAL_WEIGHT,2015-01-09,VPU,76,40,1
NN_v1,3,EQUAL_WEIGHT,2015-01-09,VAW,127,68,0
NN_v1,3,EQUAL_WEIGHT,2015-01-16,VDE,141,70,1
NN_v1,3,EQUAL_WEIGHT,2015-01-16,VAW,128,68,0
NN_v1,3,EQUAL_WEIGHT,2015-01-16,VOX,84,47,5
NN_v1,3,EQUAL_WEIGHT,2015-01-23,VDE,142,70,0
NN_v1,3,EQUAL_WEIGHT,2015-01-23,VAW,129,68,0
NN_v1,3,EQUAL_WEIGHT,2015-01-23,VGT,87,50,0
NN_v1,3,EQUAL_WEIGHT,2015-01-30,VCR,95,49,1
NN_v1,3,EQUAL_WEIGHT,2015-01-30,VGT,88,51,1
NN_v1,3,EQUAL_WEIGHT,2015-01-30,VHT,71,49,5
NN_v1,3,EQUAL_WEIGHT,2015-02-06,VDE,143,71,1
NN_v1,3,EQUAL_WEIGHT,2015-02-06,VOX,85,48,6
NN_v1,3,EQUAL_WEIGHT,2015-02-06,VIS,108,61,1
NN_v1,3,EQUAL_WEIGHT,2015-02-13,VPU,77,41,2
NN_v1,3,EQUAL_WEIGHT,2015-02-13,VDE,144,71,0
NN_v1,3,EQUAL_WEIGHT,2015-02-13,VGT,89,52,2
NN_v1,3,EQUAL_WEIGHT,2015-02-20,VOX,86,49,7
NN_v1,3,EQUAL_WEIGHT,2015-02-20,VDE,145,71,0
NN_v1,3,EQUAL_WEIGHT,2015-02-20,VGT,90,52,0
NN_v1,3,EQUAL_WEIGHT,2015-02-27,VDE,146,71,0
NN_v1,3,EQUAL_WEIGHT,2015-02-27,VOX,87,49,0
NN_v1,3,EQUAL_WEIGHT,2015-02-27,VAW,130,68,0
NN_v1,3,EQUAL_WEIGHT,2015-03-06,VGT,91,52,0
NN_v1,3,EQUAL_WEIGHT,2015-03-06,VPU,78,42,3
NN_v1,3,EQUAL_WEIGHT,2015-03-06,VIS,109,61,0
NN_v1,3,EQUAL_WEIGHT,2015-03-13,VIS,110,62,1
NN_v1,3,EQUAL_WEIGHT,2015-03-13,VGT,92,53,1
NN_v1,3,EQUAL_WEIGHT,2015-03-13,VDE,147,72,1
NN_v1,3,EQUAL_WEIGHT,2015-03-20,VDE,148,72,0
NN_v1,3,EQUAL_WEIGHT,2015-03-20,VGT,93,53,0
NN_v1,3,EQUAL_WEIGHT,2015-03-20,VPU,79,42,0
NN_v1,3,EQUAL_WEIGHT,2015-03-27,VOX,88,50,1
NN_v1,3,EQUAL_WEIGHT,2015-03-27,VFH,149,75,2
NN_v1,3,EQUAL_WEIGHT,2015-03-27,VPU,80,43,1
NN_v1,3,EQUAL_WEIGHT,2015-04-03,VGT,94,54,1
NN_v1,3,EQUAL_WEIGHT,2015-04-03,VFH,150,76,3
NN_v1,3,EQUAL_WEIGHT,2015-04-03,VHT,72,50,6
NN_v1,3,EQUAL_WEIGHT,2015-04-10,VPU,81,43,0
NN_v1,3,EQUAL_WEIGHT,2015-04-10,VNQ,137,62,0
NN_v1,3,EQUAL_WEIGHT,2015-04-10,VHT,73,50,0
NN_v1,3,EQUAL_WEIGHT,2015-04-17,VPU,82,44,1
NN_v1,3,EQUAL_WEIGHT,2015-04-17,VOX,89,51,2
NN_v1,3,EQUAL_WEIGHT,2015-04-17,VDC,35,17,0
NN_v1,3,EQUAL_WEIGHT,2015-04-24,VPU,83,44,0
NN_v1,3,EQUAL_WEIGHT,2015-04-24,VNQ,138,62,0
NN_v1,3,EQUAL_WEIGHT,2015-04-24,VGT,95,54,0
NN_v1,3,EQUAL_WEIGHT,2015-05-01,VPU,84,44,0
NN_v1,3,EQUAL_WEIGHT,2015-05-01,VDE,149,72,0
NN_v1,3,EQUAL_WEIGHT,2015-05-01,VHT,74,51,1
NN_v1,3,EQUAL_WEIGHT,2015-05-08,VGT,96,55,1
NN_v1,3,EQUAL_WEIGHT,2015-05-08,VOX,90,52,3
NN_v1,3,EQUAL_WEIGHT,2015-05-08,VHT,75,52,2
NN_v1,3,EQUAL_WEIGHT,2015-05-15,VGT,97,56,2
NN_v1,3,EQUAL_WEIGHT,2015-05-15,VOX,91,52,0
NN_v1,3,EQUAL_WEIGHT,2015-05-15,VDE,150,72,0
NN_v1,3,EQUAL_WEIGHT,2015-05-22,VAW,131,68,0
NN_v1,3,EQUAL_WEIGHT,2015-05-22,VNQ,139,62,0
NN_v1,3,EQUAL_WEIGHT,2015-05-22,VDE,151,72,0
NN_v1,3,EQUAL_WEIGHT,2015-05-29,VGT,98,56,0
NN_v1,3,EQUAL_WEIGHT,2015-05-29,VDE,152,72,0
NN_v1,3,EQUAL_WEIGHT,2015-05-29,VCR,96,50,2
NN_v1,3,EQUAL_WEIGHT,2015-06-05,VHT,76,52,0
NN_v1,3,EQUAL_WEIGHT,2015-06-05,VPU,85,44,0
NN_v1,3,EQUAL_WEIGHT,2015-06-05,VNQ,140,63,1
NN_v1,3,EQUAL_WEIGHT,2015-06-12,VPU,86,45,1
NN_v1,3,EQUAL_WEIGHT,2015-06-12,VNQ,141,64,2
NN_v1,3,EQUAL_WEIGHT,2015-06-12,VHT,77,53,1
NN_v1,3,EQUAL_WEIGHT,2015-06-19,VNQ,142,64,0
NN_v1,3,EQUAL_WEIGHT,2015-06-19,VPU,87,45,0
NN_v1,3,EQUAL_WEIGHT,2015-06-19,VHT,78,53,0
NN_v1,3,EQUAL_WEIGHT,2015-06-26,VNQ,143,65,1
NN_v1,3,EQUAL_WEIGHT,2015-06-26,VPU,88,46,1
NN_v1,3,EQUAL_WEIGHT,2015-06-26,VDC,36,18,1
NN_v1,3,EQUAL_WEIGHT,2015-07-03,VDC,37,19,2
NN_v1,3,EQUAL_WEIGHT,2015-07-03,VOX,92,52,0
NN_v1,3,EQUAL_WEIGHT,2015-07-03,VGT,99,56,0
NN_v1,3,EQUAL_WEIGHT,2015-07-10,VOX,93,53,1
NN_v1,3,EQUAL_WEIGHT,2015-07-10,VPU,89,47,2
NN_v1,3,EQUAL_WEIGHT,2015-07-10,VDE,153,72,0
NN_v1,3,EQUAL_WEIGHT,2015-07-17,VDE,154,72,0
NN_v1,3,EQUAL_WEIGHT,2015-07-17,VAW,132,68,0
NN_v1,3,EQUAL_WEIGHT,2015-07-17,VOX,94,53,0
NN_v1,3,EQUAL_WEIGHT,2015-07-24,VAW,133,69,1
NN_v1,3,EQUAL_WEIGHT,2015-07-24,VDE,155,73,1
NN_v1,3,EQUAL_WEIGHT,2015-07-24,VPU,90,48,3
NN_v1,3,EQUAL_WEIGHT,2015-07-31,VDE,156,73,0
NN_v1,3,EQUAL_WEIGHT,2015-07-31,VAW,134,69,0
NN_v1,3,EQUAL_WEIGHT,2015-07-31,VGT,100,56,0
NN_v1,3,EQUAL_WEIGHT,2015-08-07,VDE,157,74,1
NN_v1,3,EQUAL_WEIGHT,2015-08-07,VGT,101,56,0
NN_v1,3,EQUAL_WEIGHT,2015-08-07,VAW,135,70,1
NN_v1,3,EQUAL_WEIGHT,2015-08-14,VAW,136,70,0
NN_v1,3,EQUAL_WEIGHT,2015-08-14,VHT,79,53,0
NN_v1,3,EQUAL_WEIGHT,2015-08-14,VOX,95,53,0
NN_v1,3,EQUAL_WEIGHT,2015-08-21,VDE,158,75,2
NN_v1,3,EQUAL_WEIGHT,2015-08-21,VOX,96,53,0
NN_v1,3,EQUAL_WEIGHT,2015-08-21,VIS,111,63,2
NN_v1,3,EQUAL_WEIGHT,2015-08-28,VNQ,144,65,0
NN_v1,3,EQUAL_WEIGHT,2015-08-28,VFH,151,76,0
NN_v1,3,EQUAL_WEIGHT,2015-08-28,VGT,102,56,0
NN_v1,3,EQUAL_WEIGHT,2015-09-04,VCR,97,51,3
NN_v1,3,EQUAL_WEIGHT,2015-09-04,VOX,97,54,1
NN_v1,3,EQUAL_WEIGHT,2015-09-04,VPU,91,49,4
NN_v1,3,EQUAL_WEIGHT,2015-09-11,VPU,92,50,5
NN_v1,3,EQUAL_WEIGHT,2015-09-11,VDE,159,76,3
NN_v1,3,EQUAL_WEIGHT,2015-09-11,VCR,98,52,4
NN_v1,3,EQUAL_WEIGHT,2015-09-18,VGT,103,56,0
NN_v1,3,EQUAL_WEIGHT,2015-09-18,VCR,99,52,0
NN_v1,3,EQUAL_WEIGHT,2015-09-18,VIS,112,63,0
NN_v1,3,EQUAL_WEIGHT,2015-09-25,VHT,80,54,1
NN_v1,3,EQUAL_WEIGHT,2015-09-25,VAW,137,71,1
NN_v1,3,EQUAL_WEIGHT,2015-09-25,VGT,104,57,1
NN_v1,3,EQUAL_WEIGHT,2015-10-02,VGT,105,58,2
NN_v1,3,EQUAL_WEIGHT,2015-10-02,VHT,81,54,0
NN_v1,3,EQUAL_WEIGHT,2015-10-02,VOX,98,55,2
NN_v1,3,EQUAL_WEIGHT,2015-10-09,VHT,82,55,1
NN_v1,3,EQUAL_WEIGHT,2015-10-09,VGT,106,59,3
NN_v1,3,EQUAL_WEIGHT,2015-10-09,VAW,138,71,0
NN_v1,3,EQUAL_WEIGHT,2015-10-16,VHT,83,55,0
NN_v1,3,EQUAL_WEIGHT,2015-10-16,VAW,139,72,1
NN_v1,3,EQUAL_WEIGHT,2015-10-16,VIS,113,64,1
NN_v1,3,EQUAL_WEIGHT,2015-10-23,VDE,160,76,0
NN_v1,3,EQUAL_WEIGHT,2015-10-23,VHT,84,56,1
NN_v1,3,EQUAL_WEIGHT,2015-10-23,VIS,114,64,0
NN_v1,3,EQUAL_WEIGHT,2015-10-30,VDE,161,77,1
NN_v1,3,EQUAL_WEIGHT,2015-10-30,VAW,140,72,0
NN_v1,3,EQUAL_WEIGHT,2015-10-30,VIS,115,65,1
NN_v1,3,EQUAL_WEIGHT,2015-11-06,VPU,93,51,6
NN_v1,3,EQUAL_WEIGHT,2015-11-06,VFH,152,76,0
NN_v1,3,EQUAL_WEIGHT,2015-11-06,VIS,116,65,0
NN_v1,3,EQUAL_WEIGHT,2015-11-13,VIS,117,66,1
NN_v1,3,EQUAL_WEIGHT,2015-11-13,VAW,141,73,1
NN_v1,3,EQUAL_WEIGHT,2015-11-13,VOX,99,56,3
NN_v1,3,EQUAL_WEIGHT,2015-11-20,VHT,85,57,2
NN_v1,3,EQUAL_WEIGHT,2015-11-20,VDE,162,78,2
NN_v1,3,EQUAL_WEIGHT,2015-11-20,VCR,100,53,1
NN_v1,3,EQUAL_WEIGHT,2015-11-27,VHT,86,57,0
NN_v1,3,EQUAL_WEIGHT,2015-11-27,VDE,163,78,0
NN_v1,3,EQUAL_WEIGHT,2015-11-27,VFH,153,77,1
NN_v1,3,EQUAL_WEIGHT,2015-12-04,VDE,164,78,0
NN_v1,3,EQUAL_WEIGHT,2015-12-04,VHT,87,57,0
NN_v1,3,EQUAL_WEIGHT,2015-12-04,VAW,142,73,0
NN_v1,3,EQUAL_WEIGHT,2015-12-11,VCR,101,53,0
NN_v1,3,EQUAL_WEIGHT,2015-12-11,VDC,38,20,3
NN_v1,3,EQUAL_WEIGHT,2015-12-11,VDE,165,78,0
NN_v1,3,EQUAL_WEIGHT,2015-12-18,VDE,166,79,1
NN_v1,3,EQUAL_WEIGHT,2015-12-18,VCR,102,54,1
NN_v1,3,EQUAL_WEIGHT,2015-12-18,VGT,107,60,4
NN_v1,3,EQUAL_WEIGHT,2015-12-25,VDE,167,79,0
NN_v1,3,EQUAL_WEIGHT,2015-12-25,VGT,108,60,0
NN_v1,3,EQUAL_WEIGHT,2015-12-25,VPU,94,51,0
NN_v1,3,EQUAL_WEIGHT,2016-01-01,VGT,109,60,0
NN_v1,3,EQUAL_WEIGHT,2016-01-01,VDE,168,79,0
NN_v1,3,EQUAL_WEIGHT,2016-01-01,VOX,100,56,0
NN_v1,3,EQUAL_WEIGHT,2016-01-08,VDE,169,79,0
NN_v1,3,EQUAL_WEIGHT,2016-01-08,VIS,118,66,0
NN_v1,3,EQUAL_WEIGHT,2016-01-08,VAW,143,73,0
NN_v1,3,EQUAL_WEIGHT,2016-01-15,VDE,170,80,1
NN_v1,3,EQUAL_WEIGHT,2016-01-15,VFH,154,77,0
NN_v1,3,EQUAL_WEIGHT,2016-01-15,VAW,144,73,0
NN_v1,3,EQUAL_WEIGHT,2016-01-22,VFH,155,78,1
NN_v1,3,EQUAL_WEIGHT,2016-01-22,VAW,145,74,1
NN_v1,3,EQUAL_WEIGHT,2016-01-22,VIS,119,67,1
NN_v1,3,EQUAL_WEIGHT,2016-01-29,VHT,88,57,0
NN_v1,3,EQUAL_WEIGHT,2016-01-29,VCR,103,54,0
NN_v1,3,EQUAL_WEIGHT,2016-01-29,VAW,146,75,2
NN_v1,3,EQUAL_WEIGHT,2016-02-05,VGT,110,61,1
NN_v1,3,EQUAL_WEIGHT,2016-02-05,VCR,104,55,1
NN_v1,3,EQUAL_WEIGHT,2016-02-05,VHT,89,58,1
NN_v1,3,EQUAL_WEIGHT,2016-02-12,VNQ,145,66,1
NN_v1,3,EQUAL_WEIGHT,2016-02-12,VAW,147,76,3
NN_v1,3,EQUAL_WEIGHT,2016-02-12,VIS,120,68,2
NN_v1,3,EQUAL_WEIGHT,2016-02-19,VAW,148,77,4
NN_v1,3,EQUAL_WEIGHT,2016-02-19,VFH,156,79,2
NN_v1,3,EQUAL_WEIGHT,2016-02-19,VGT,111,62,2
NN_v1,3,EQUAL_WEIGHT,2016-02-26,VDE,171,81,2
NN_v1,3,EQUAL_WEIGHT,2016-02-26,VGT,112,63,3
NN_v1,3,EQUAL_WEIGHT,2016-02-26,VIS,121,69,3
NN_v1,3,EQUAL_WEIGHT,2016-03-04,VDE,172,82,3
NN_v1,3,EQUAL_WEIGHT,2016-03-04,VGT,113,64,4
NN_v1,3,EQUAL_WEIGHT,2016-03-04,VHT,90,59,2
NN_v1,3,EQUAL_WEIGHT,2016-03-11,VDE,173,83,4
NN_v1,3,EQUAL_WEIGHT,2016-03-11,VGT,114,65,5
NN_v1,3,EQUAL_WEIGHT,2016-03-11,VCR,105,56,2
NN_v1,3,EQUAL_WEIGHT,2016-03-18,VDE,174,83,0
NN_v1,3,EQUAL_WEIGHT,2016-03-18,VHT,91,60,3
NN_v1,3,EQUAL_WEIGHT,2016-03-18,VFH,157,79,0
NN_v1,3,EQUAL_WEIGHT,2016-03-25,VDE,175,83,0
NN_v1,3,EQUAL_WEIGHT,2016-03-25,VFH,158,80,1
NN_v1,3,EQUAL_WEIGHT,2016-03-25,VCR,106,57,3
NN_v1,3,EQUAL_WEIGHT,2016-04-01,VDE,176,84,1
NN_v1,3,EQUAL_WEIGHT,2016-04-01,VFH,159,80,0
NN_v1,3,EQUAL_WEIGHT,2016-04-01,VGT,115,65,0
NN_v1,3,EQUAL_WEIGHT,2016-04-08,VGT,116,66,1
NN_v1,3,EQUAL_WEIGHT,2016-04-08,VCR,107,58,4
NN_v1,3,EQUAL_WEIGHT,2016-04-08,VFH,160,81,1
NN_v1,3,EQUAL_WEIGHT,2016-04-15,VGT,117,66,0
NN_v1,3,EQUAL_WEIGHT,2016-04-15,VCR,108,59,5
NN_v1,3,EQUAL_WEIGHT,2016-04-15,VNQ,146,66,0
NN_v1,3,EQUAL_WEIGHT,2016-04-22,VGT,118,66,0
NN_v1,3,EQUAL_WEIGHT,2016-04-22,VNQ,147,67,1
NN_v1,3,EQUAL_WEIGHT,2016-04-22,VCR,109,59,0
NN_v1,3,EQUAL_WEIGHT,2016-04-29,VHT,92,60,0
NN_v1,3,EQUAL_WEIGHT,2016-04-29,VFH,161,81,0
NN_v1,3,EQUAL_WEIGHT,2016-04-29,VGT,119,66,0
NN_v1,3,EQUAL_WEIGHT,2016-05-06,VDE,177,84,0
NN_v1,3,EQUAL_WEIGHT,2016-05-06,VFH,162,81,0
NN_v1,3,EQUAL_WEIGHT,2016-05-06,VGT,120,66,0
NN_v1,3,EQUAL_WEIGHT,2016-05-13,VDE,178,85,1
NN_v1,3,EQUAL_WEIGHT,2016-05-13,VHT,93,61,1
NN_v1,3,EQUAL_WEIGHT,2016-05-13,VNQ,148,67,0
NN_v1,3,EQUAL_WEIGHT,2016-05-20,VNQ,149,68,1
NN_v1,3,EQUAL_WEIGHT,2016-05-20,VPU,95,52,1
NN_v1,3,EQUAL_WEIGHT,2016-05-20,VDE,179,86,2
NN_v1,3,EQUAL_WEIGHT,2016-05-27,VNQ,150,69,2
NN_v1,3,EQUAL_WEIGHT,2016-05-27,VFH,163,81,0
NN_v1,3,EQUAL_WEIGHT,2016-05-27,VHT,94,62,2
NN_v1,3,EQUAL_WEIGHT,2016-06-03,VDE,180,87,3
NN_v1,3,EQUAL_WEIGHT,2016-06-03,VFH,164,81,0
NN_v1,3,EQUAL_WEIGHT,2016-06-03,VGT,121,66,0
NN_v1,3,EQUAL_WEIGHT,2016-06-10,VFH,165,81,0
NN_v1,3,EQUAL_WEIGHT,2016-06-10,VDE,181,88,4
NN_v1,3,EQUAL_WEIGHT,2016-06-10,VGT,122,66,0
NN_v1,3,EQUAL_WEIGHT,2016-06-17,VGT,123,66,0
NN_v1,3,EQUAL_WEIGHT,2016-06-17,VFH,166,81,0
NN_v1,3,EQUAL_WEIGHT,2016-06-17,VAW,149,77,0
NN_v1,3,EQUAL_WEIGHT,2016-06-24,VAW,150,78,1
NN_v1,3,EQUAL_WEIGHT,2016-06-24,VFH,167,82,1
NN_v1,3,EQUAL_WEIGHT,2016-06-24,VGT,124,67,1
NN_v1,3,EQUAL_WEIGHT,2016-07-01,VAW,151,79,2
NN_v1,3,EQUAL_WEIGHT,2016-07-01,VGT,125,68,2
NN_v1,3,EQUAL_WEIGHT,2016-07-01,VDE,182,88,0
NN_v1,3,EQUAL_WEIGHT,2016-07-08,VDE,183,89,1
NN_v1,3,EQUAL_WEIGHT,2016-07-08,VNQ,151,70,3
NN_v1,3,EQUAL_WEIGHT,2016-07-08,VPU,96,52,0
NN_v1,3,EQUAL_WEIGHT,2016-07-15,VNQ,152,71,4
NN_v1,3,EQUAL_WEIGHT,2016-07-15,VPU,97,53,1
NN_v1,3,EQUAL_WEIGHT,2016-07-15,VDE,184,89,0
NN_v1,3,EQUAL_WEIGHT,2016-07-22,VDE,185,89,0
NN_v1,3,EQUAL_WEIGHT,2016-07-22,VIS,122,69,0
NN_v1,3,EQUAL_WEIGHT,2016-07-22,VAW,152,80,3
NN_v1,3,EQUAL_WEIGHT,2016-07-29,VDE,186,90,1
NN_v1,3,EQUAL_WEIGHT,2016-07-29,VAW,153,81,4
NN_v1,3,EQUAL_WEIGHT,2016-07-29,VIS,123,70,1
NN_v1,3,EQUAL_WEIGHT,2016-08-05,VOX,101,56,0
NN_v1,3,EQUAL_WEIGHT,2016-08-05,VNQ,153,71,0
NN_v1,3,EQUAL_WEIGHT,2016-08-05,VPU,98,53,0
NN_v1,3,EQUAL_WEIGHT,2016-08-12,VFH,168,83,2
NN_v1,3,EQUAL_WEIGHT,2016-08-12,VNQ,154,71,0
NN_v1,3,EQUAL_WEIGHT,2016-08-12,VOX,102,56,0
NN_v1,3,EQUAL_WEIGHT,2016-08-19,VOX,103,57,1
NN_v1,3,EQUAL_WEIGHT,2016-08-19,VNQ,155,71,0
NN_v1,3,EQUAL_WEIGHT,2016-08-19,VPU,99,53,0
NN_v1,3,EQUAL_WEIGHT,2016-08-26,VPU,100,54,1
NN_v1,3,EQUAL_WEIGHT,2016-08-26,VDE,187,90,0
NN_v1,3,EQUAL_WEIGHT,2016-08-26,VOX,104,58,2
NN_v1,3,EQUAL_WEIGHT,2016-09-02,VDE,188,91,1
NN_v1,3,EQUAL_WEIGHT,2016-09-02,VPU,101,54,0
NN_v1,3,EQUAL_WEIGHT,2016-09-02,VOX,105,58,0
NN_v1,3,EQUAL_WEIGHT,2016-09-09,VOX,106,59,1
NN_v1,3,EQUAL_WEIGHT,2016-09-09,VIS,124,71,2
NN_v1,3,EQUAL_WEIGHT,2016-09-09,VNQ,156,71,0
NN_v1,3,EQUAL_WEIGHT,2016-09-16,VDE,189,91,0
NN_v1,3,EQUAL_WEIGHT,2016-09-16,VNQ,157,72,1
NN_v1,3,EQUAL_WEIGHT,2016-09-16,VIS,125,72,3
NN_v1,3,EQUAL_WEIGHT,2016-09-23,VDE,190,92,1
NN_v1,3,EQUAL_WEIGHT,2016-09-23,VOX,107,59,0
NN_v1,3,EQUAL_WEIGHT,2016-09-23,VPU,102,54,0
NN_v1,3,EQUAL_WEIGHT,2016-09-30,VPU,103,54,0
NN_v1,3,EQUAL_WEIGHT,2016-09-30,VOX,108,59,0
NN_v1,3,EQUAL_WEIGHT,2016-09-30,VNQ,158,72,0
NN_v1,3,EQUAL_WEIGHT,2016-10-07,VNQ,159,73,1
NN_v1,3,EQUAL_WEIGHT,2016-10-07,VPU,104,55,1
NN_v1,3,EQUAL_WEIGHT,2016-10-07,VIS,126,72,0
NN_v1,3,EQUAL_WEIGHT,2016-10-14,VIS,127,72,0
NN_v1,3,EQUAL_WEIGHT,2016-10-14,VHT,95,63,3
NN_v1,3,EQUAL_WEIGHT,2016-10-14,VDE,191,93,2
NN_v1,3,EQUAL_WEIGHT,2016-10-21,VOX,109,59,0
NN_v1,3,EQUAL_WEIGHT,2016-10-21,VPU,105,56,2
NN_v1,3,EQUAL_WEIGHT,2016-10-21,VNQ,160,73,0
NN_v1,3,EQUAL_WEIGHT,2016-10-28,VNQ,161,73,0
NN_v1,3,EQUAL_WEIGHT,2016-10-28,VHT,96,63,0
NN_v1,3,EQUAL_WEIGHT,2016-10-28,VDE,192,93,0
NN_v1,3,EQUAL_WEIGHT,2016-11-04,VDE,193,94,1
NN_v1,3,EQUAL_WEIGHT,2016-11-04,VFH,169,84,3
NN_v1,3,EQUAL_WEIGHT,2016-11-04,VHT,97,64,1
NN_v1,3,EQUAL_WEIGHT,2016-11-11,VNQ,162,74,1
NN_v1,3,EQUAL_WEIGHT,2016-11-11,VPU,106,57,3
NN_v1,3,EQUAL_WEIGHT,2016-11-11,VDC,39,21,4
NN_v1,3,EQUAL_WEIGHT,2016-11-18,VNQ,163,75,2
NN_v1,3,EQUAL_WEIGHT,2016-11-18,VPU,107,58,4
NN_v1,3,EQUAL_WEIGHT,2016-11-18,VHT,98,64,0
NN_v1,3,EQUAL_WEIGHT,2016-11-25,VHT,99,64,0
NN_v1,3,EQUAL_WEIGHT,2016-11-25,VNQ,164,75,0
NN_v1,3,EQUAL_WEIGHT,2016-11-25,VPU,108,58,0
NN_v1,3,EQUAL_WEIGHT,2016-12-02,VHT,100,65,1
NN_v1,3,EQUAL_WEIGHT,2016-12-02,VOX,110,60,1
NN_v1,3,EQUAL_WEIGHT,2016-12-02,VPU,109,59,1
NN_v1,3,EQUAL_WEIGHT,2016-12-09,VHT,101,66,2
NN_v1,3,EQUAL_WEIGHT,2016-12-09,VNQ,165,75,0
NN_v1,3,EQUAL_WEIGHT,2016-12-09,VPU,110,60,2
NN_v1,3,EQUAL_WEIGHT,2016-12-16,VNQ,166,75,0
NN_v1,3,EQUAL_WEIGHT,2016-12-16,VOX,111,61,2
NN_v1,3,EQUAL_WEIGHT,2016-12-16,VPU,111,60,0
NN_v1,3,EQUAL_WEIGHT,2016-12-23,VNQ,167,76,1
NN_v1,3,EQUAL_WEIGHT,2016-12-23,VHT,102,66,0
NN_v1,3,EQUAL_WEIGHT,2016-12-23,VCR,110,59,0
NN_v1,3,EQUAL_WEIGHT,2016-12-30,VHT,103,67,1
NN_v1,3,EQUAL_WEIGHT,2016-12-30,VCR,111,60,1
NN_v1,3,EQUAL_WEIGHT,2016-12-30,VOX,112,62,3
NN_v1,3,EQUAL_WEIGHT,2017-01-06,VHT,104,68,2
NN_v1,3,EQUAL_WEIGHT,2017-01-06,VPU,112,60,0
NN_v1,3,EQUAL_WEIGHT,2017-01-06,VGT,126,69,3
NN_v1,3,EQUAL_WEIGHT,2017-01-13,VNQ,168,77,2
NN_v1,3,EQUAL_WEIGHT,2017-01-13,VHT,105,68,0
NN_v1,3,EQUAL_WEIGHT,2017-01-13,VGT,127,70,4
NN_v1,3,EQUAL_WEIGHT,2017-01-20,VNQ,169,77,0
NN_v1,3,EQUAL_WEIGHT,2017-01-20,VGT,128,71,5
NN_v1,3,EQUAL_WEIGHT,2017-01-20,VFH,170,85,4
NN_v1,3,EQUAL_WEIGHT,2017-01-27,VHT,106,69,1
NN_v1,3,EQUAL_WEIGHT,2017-01-27,VNQ,170,78,1
NN_v1,3,EQUAL_WEIGHT,2017-01-27,VFH,171,86,5
NN_v1,3,EQUAL_WEIGHT,2017-02-03,VAW,154,82,5
NN_v1,3,EQUAL_WEIGHT,2017-02-03,VHT,107,70,2
NN_v1,3,EQUAL_WEIGHT,2017-02-03,VDC,40,22,5
NN_v1,3,EQUAL_WEIGHT,2017-02-10,VAW,155,82,0
NN_v1,3,EQUAL_WEIGHT,2017-02-10,VDE,194,94,0
NN_v1,3,EQUAL_WEIGHT,2017-02-10,VOX,113,63,4
NN_v1,3,EQUAL_WEIGHT,2017-02-17,VDE,195,94,0
NN_v1,3,EQUAL_WEIGHT,2017-02-17,VOX,114,64,5
NN_v1,3,EQUAL_WEIGHT,2017-02-17,VAW,156,82,0
NN_v1,3,EQUAL_WEIGHT,2017-02-24,VDE,196,95,1
NN_v1,3,EQUAL_WEIGHT,2017-02-24,VOX,115,64,0
NN_v1,3,EQUAL_WEIGHT,2017-02-24,VFH,172,87,6
NN_v1,3,EQUAL_WEIGHT,2017-03-03,VDE,197,95,0
NN_v1,3,EQUAL_WEIGHT,2017-03-03,VOX,116,64,0
NN_v1,3,EQUAL_WEIGHT,2017-03-03,VFH,173,87,0
NN_v1,3,EQUAL_WEIGHT,2017-03-10,VOX,117,65,1
NN_v1,3,EQUAL_WEIGHT,2017-03-10,VNQ,171,79,2
NN_v1,3,EQUAL_WEIGHT,2017-03-10,VDE,198,96,1
NN_v1,3,EQUAL_WEIGHT,2017-03-17,VNQ,172,79,0
NN_v1,3,EQUAL_WEIGHT,2017-03-17,VFH,174,87,0
NN_v1,3,EQUAL_WEIGHT,2017-03-17,VPU,113,61,1
NN_v1,3,EQUAL_WEIGHT,2017-03-24,VDE,199,97,2
NN_v1,3,EQUAL_WEIGHT,2017-03-24,VFH,175,88,1
NN_v1,3,EQUAL_WEIGHT,2017-03-24,VIS,128,73,1
NN_v1,3,EQUAL_WEIGHT,2017-03-31,VOX,118,66,2
NN_v1,3,EQUAL_WEIGHT,2017-03-31,VFH,176,88,0
NN_v1,3,EQUAL_WEIGHT,2017-03-31,VNQ,173,80,1
NN_v1,3,EQUAL_WEIGHT,2017-04-07,VOX,119,67,3
NN_v1,3,EQUAL_WEIGHT,2017-04-07,VFH,177,88,0
NN_v1,3,EQUAL_WEIGHT,2017-04-07,VDE,200,97,0
NN_v1,3,EQUAL_WEIGHT,2017-04-14,VDE,201,97,0
NN_v1,3,EQUAL_WEIGHT,2017-04-14,VOX,120,67,0
NN_v1,3,EQUAL_WEIGHT,2017-04-14,VFH,178,89,1
NN_v1,3,EQUAL_WEIGHT,2017-04-21,VDE,202,97,0
NN_v1,3,EQUAL_WEIGHT,2017-04-21,VFH,179,89,0
NN_v1,3,EQUAL_WEIGHT,2017-04-21,VOX,121,67,0
NN_v1,3,EQUAL_WEIGHT,2017-04-28,VDE,203,97,0
NN_v1,3,EQUAL_WEIGHT,2017-04-28,VOX,122,67,0
NN_v1,3,EQUAL_WEIGHT,2017-04-28,VFH,180,90,1
NN_v1,3,EQUAL_WEIGHT,2017-05-05,VFH,181,90,0
NN_v1,3,EQUAL_WEIGHT,2017-05-05,VNQ,174,80,0
NN_v1,3,EQUAL_WEIGHT,2017-05-05,VOX,123,67,0
NN_v1,3,EQUAL_WEIGHT,2017-05-12,VOX,124,67,0
NN_v1,3,EQUAL_WEIGHT,2017-05-12,VFH,182,90,0
NN_v1,3,EQUAL_WEIGHT,2017-05-12,VDE,204,97,0
NN_v1,3,EQUAL_WEIGHT,2017-05-19,VOX,125,68,1
NN_v1,3,EQUAL_WEIGHT,2017-05-19,VFH,183,91,1
NN_v1,3,EQUAL_WEIGHT,2017-05-19,VHT,108,71,3
NN_v1,3,EQUAL_WEIGHT,2017-05-26,VFH,184,91,0
NN_v1,3,EQUAL_WEIGHT,2017-05-26,VDE,205,97,0
NN_v1,3,EQUAL_WEIGHT,2017-05-26,VOX,126,69,2
NN_v1,3,EQUAL_WEIGHT,2017-06-02,VDE,206,98,1
NN_v1,3,EQUAL_WEIGHT,2017-06-02,VFH,185,92,1
NN_v1,3,EQUAL_WEIGHT,2017-06-02,VOX,127,69,0
NN_v1,3,EQUAL_WEIGHT,2017-06-09,VDE,207,98,0
NN_v1,3,EQUAL_WEIGHT,2017-06-09,VFH,186,93,2
NN_v1,3,EQUAL_WEIGHT,2017-06-09,VOX,128,70,1
NN_v1,3,EQUAL_WEIGHT,2017-06-16,VDE,208,98,0
NN_v1,3,EQUAL_WEIGHT,2017-06-16,VGT,129,72,6
NN_v1,3,EQUAL_WEIGHT,2017-06-16,VOX,129,70,0
NN_v1,3,EQUAL_WEIGHT,2017-06-23,VFH,187,94,3
NN_v1,3,EQUAL_WEIGHT,2017-06-23,VDE,209,99,1
NN_v1,3,EQUAL_WEIGHT,2017-06-23,VOX,130,70,0
NN_v1,3,EQUAL_WEIGHT,2017-06-30,VDE,210,99,0
NN_v1,3,EQUAL_WEIGHT,2017-06-30,VNQ,175,80,0
NN_v1,3,EQUAL_WEIGHT,2017-06-30,VOX,131,70,0
NN_v1,3,EQUAL_WEIGHT,2017-07-07,VPU,114,62,2
NN_v1,3,EQUAL_WEIGHT,2017-07-07,VGT,130,73,7
NN_v1,3,EQUAL_WEIGHT,2017-07-07,VNQ,176,81,1
NN_v1,3,EQUAL_WEIGHT,2017-07-14,VDE,211,99,0
NN_v1,3,EQUAL_WEIGHT,2017-07-14,VOX,132,71,1
NN_v1,3,EQUAL_WEIGHT,2017-07-14,VPU,115,63,3
NN_v1,3,EQUAL_WEIGHT,2017-07-21,VFH,188,95,4
NN_v1,3,EQUAL_WEIGHT,2017-07-21,VDE,212,100,1
NN_v1,3,EQUAL_WEIGHT,2017-07-21,VOX,133,72,2
NN_v1,3,EQUAL_WEIGHT,2017-07-28,VDE,213,100,0
NN_v1,3,EQUAL_WEIGHT,2017-07-28,VGT,131,73,0
NN_v1,3,EQUAL_WEIGHT,2017-07-28,VPU,116,64,4
NN_v1,3,EQUAL_WEIGHT,2017-08-04,VGT,132,73,0
NN_v1,3,EQUAL_WEIGHT,2017-08-04,VDE,214,100,0
NN_v1,3,EQUAL_WEIGHT,2017-08-04,VCR,112,60,0
NN_v1,3,EQUAL_WEIGHT,2017-08-11,VCR,113,60,0
NN_v1,3,EQUAL_WEIGHT,2017-08-11,VGT,133,73,0
NN_v1,3,EQUAL_WEIGHT,2017-08-11,VHT,109,71,0
NN_v1,3,EQUAL_WEIGHT,2017-08-18,VOX,134,73,3
NN_v1,3,EQUAL_WEIGHT,2017-08-18,VFH,189,96,5
NN_v1,3,EQUAL_WEIGHT,2017-08-18,VDE,215,101,1
NN_v1,3,EQUAL_WEIGHT,2017-08-25,VOX,135,74,4
NN_v1,3,EQUAL_WEIGHT,2017-08-25,VFH,190,96,0
NN_v1,3,EQUAL_WEIGHT,2017-08-25,VDE,216,102,2
NN_v1,3,EQUAL_WEIGHT,2017-09-01,VDE,217,103,3
NN_v1,3,EQUAL_WEIGHT,2017-09-01,VDC,41,23,6
NN_v1,3,EQUAL_WEIGHT,2017-09-01,VOX,136,74,0
NN_v1,3,EQUAL_WEIGHT,2017-09-08,VOX,137,75,1
NN_v1,3,EQUAL_WEIGHT,2017-09-08,VAW,157,83,1
NN_v1,3,EQUAL_WEIGHT,2017-09-08,VDE,218,104,4
NN_v1,3,EQUAL_WEIGHT,2017-09-15,VOX,138,76,2
NN_v1,3,EQUAL_WEIGHT,2017-09-15,VHT,110,71,0
NN_v1,3,EQUAL_WEIGHT,2017-09-15,VGT,134,73,0
NN_v1,3,EQUAL_WEIGHT,2017-09-22,VHT,111,72,1
NN_v1,3,EQUAL_WEIGHT,2017-09-22,VOX,139,76,0
NN_v1,3,EQUAL_WEIGHT,2017-09-22,VNQ,177,82,2
NN_v1,3,EQUAL_WEIGHT,2017-09-29,VOX,140,77,1
NN_v1,3,EQUAL_WEIGHT,2017-09-29,VNQ,178,83,3
NN_v1,3,EQUAL_WEIGHT,2017-09-29,VDC,42,23,0
NN_v1,3,EQUAL_WEIGHT,2017-10-06,VDE,219,105,5
NN_v1,3,EQUAL_WEIGHT,2017-10-06,VDC,43,24,1
NN_v1,3,EQUAL_WEIGHT,2017-10-06,VPU,117,65,5
NN_v1,3,EQUAL_WEIGHT,2017-10-13,VOX,141,77,0
NN_v1,3,EQUAL_WEIGHT,2017-10-13,VFH,191,97,1
NN_v1,3,EQUAL_WEIGHT,2017-10-13,VDE,220,105,0
NN_v1,3,EQUAL_WEIGHT,2017-10-20,VOX,142,77,0
NN_v1,3,EQUAL_WEIGHT,2017-10-20,VFH,192,98,2
NN_v1,3,EQUAL_WEIGHT,2017-10-20,VNQ,179,83,0
NN_v1,3,EQUAL_WEIGHT,2017-10-27,VOX,143,77,0
NN_v1,3,EQUAL_WEIGHT,2017-10-27,VNQ,180,84,1
NN_v1,3,EQUAL_WEIGHT,2017-10-27,VDC,44,24,0
NN_v1,3,EQUAL_WEIGHT,2017-11-03,VOX,144,77,0
NN_v1,3,EQUAL_WEIGHT,2017-11-03,VNQ,181,85,2
NN_v1,3,EQUAL_WEIGHT,2017-11-03,VDC,45,25,1
NN_v1,3,EQUAL_WEIGHT,2017-11-10,VOX,145,78,1
NN_v1,3,EQUAL_WEIGHT,2017-11-10,VFH,193,99,3
NN_v1,3,EQUAL_WEIGHT,2017-11-10,VHT,112,73,2
NN_v1,3,EQUAL_WEIGHT,2017-11-17,VFH,194,100,4
NN_v1,3,EQUAL_WEIGHT,2017-11-17,VOX,146,79,2
NN_v1,3,EQUAL_WEIGHT,2017-11-17,VDE,221,106,1
NN_v1,3,EQUAL_WEIGHT,2017-11-24,VOX,147,80,3
NN_v1,3,EQUAL_WEIGHT,2017-11-24,VDE,222,107,2
NN_v1,3,EQUAL_WEIGHT,2017-11-24,VNQ,182,85,0
NN_v1,3,EQUAL_WEIGHT,2017-12-01,VOX,148,80,0
NN_v1,3,EQUAL_WEIGHT,2017-12-01,VNQ,183,85,0
NN_v1,3,EQUAL_WEIGHT,2017-12-01,VDC,46,26,2
NN_v1,3,EQUAL_WEIGHT,2017-12-08,VDE,223,107,0
NN_v1,3,EQUAL_WEIGHT,2017-12-08,VHT,113,74,3
NN_v1,3,EQUAL_WEIGHT,2017-12-08,VNQ,184,86,1
NN_v1,3,EQUAL_WEIGHT,2017-12-15,VOX,149,81,1
NN_v1,3,EQUAL_WEIGHT,2017-12-15,VDE,224,108,1
NN_v1,3,EQUAL_WEIGHT,2017-12-15,VFH,195,100,0
NN_v1,3,EQUAL_WEIGHT,2017-12-22,VOX,150,81,0
NN_v1,3,EQUAL_WEIGHT,2017-12-22,VFH,196,100,0
NN_v1,3,EQUAL_WEIGHT,2017-12-22,VPU,118,66,6
NN_v1,3,EQUAL_WEIGHT,2017-12-29,VOX,151,81,0
NN_v1,3,EQUAL_WEIGHT,2017-12-29,VPU,119,66,0
NN_v1,3,EQUAL_WEIGHT,2017-12-29,VFH,197,101,1
NN_v1,3,EQUAL_WEIGHT,2018-01-05,VPU,120,66,0
NN_v1,3,EQUAL_WEIGHT,2018-01-05,VOX,152,82,1
NN_v1,3,EQUAL_WEIGHT,2018-01-05,VNQ,185,86,0
NN_v1,3,EQUAL_WEIGHT,2018-01-12,VPU,121,66,0
NN_v1,3,EQUAL_WEIGHT,2018-01-12,VNQ,186,86,0
NN_v1,3,EQUAL_WEIGHT,2018-01-12,VOX,153,82,0
NN_v1,3,EQUAL_WEIGHT,2018-01-19,VPU,122,67,1
NN_v1,3,EQUAL_WEIGHT,2018-01-19,VNQ,187,87,1
NN_v1,3,EQUAL_WEIGHT,2018-01-19,VDE,225,109,2
NN_v1,3,EQUAL_WEIGHT,2018-01-26,VPU,123,67,0
NN_v1,3,EQUAL_WEIGHT,2018-01-26,VDE,226,109,0
NN_v1,3,EQUAL_WEIGHT,2018-01-26,VNQ,188,87,0
NN_v1,3,EQUAL_WEIGHT,2018-02-02,VDE,227,109,0
NN_v1,3,EQUAL_WEIGHT,2018-02-02,VAW,158,83,0
NN_v1,3,EQUAL_WEIGHT,2018-02-02,VPU,124,67,0
NN_v1,3,EQUAL_WEIGHT,2018-02-09,VDE,228,110,1
NN_v1,3,EQUAL_WEIGHT,2018-02-09,VHT,114,75,4
NN_v1,3,EQUAL_WEIGHT,2018-02-09,VDC,47,27,3
NN_v1,3,EQUAL_WEIGHT,2018-02-16,VDE,229,111,2
NN_v1,3,EQUAL_WEIGHT,2018-02-16,VOX,154,82,0
NN_v1,3,EQUAL_WEIGHT,2018-02-16,VNQ,189,87,0
NN_v1,3,EQUAL_WEIGHT,2018-02-23,VDE,230,111,0
NN_v1,3,EQUAL_WEIGHT,2018-02-23,VNQ,190,87,0
NN_v1,3,EQUAL_WEIGHT,2018-02-23,VPU,125,67,0
NN_v1,3,EQUAL_WEIGHT,2018-03-02,VPU,126,68,1
NN_v1,3,EQUAL_WEIGHT,2018-03-02,VNQ,191,88,1
NN_v1,3,EQUAL_WEIGHT,2018-03-02,VAW,159,84,1
NN_v1,3,EQUAL_WEIGHT,2018-03-09,VDE,231,111,0
NN_v1,3,EQUAL_WEIGHT,2018-03-09,VAW,160,84,0
NN_v1,3,EQUAL_WEIGHT,2018-03-09,VIS,129,73,0
NN_v1,3,EQUAL_WEIGHT,2018-03-16,VAW,161,84,0
NN_v1,3,EQUAL_WEIGHT,2018-03-16,VDE,232,111,0
NN_v1,3,EQUAL_WEIGHT,2018-03-16,VIS,130,73,0
NN_v1,3,EQUAL_WEIGHT,2018-03-23,VOX,155,83,1
NN_v1,3,EQUAL_WEIGHT,2018-03-23,VFH,198,102,2
NN_v1,3,EQUAL_WEIGHT,2018-03-23,VGT,135,73,0
NN_v1,3,EQUAL_WEIGHT,2018-03-30,VGT,136,73,0
NN_v1,3,EQUAL_WEIGHT,2018-03-30,VDE,233,112,1
NN_v1,3,EQUAL_WEIGHT,2018-03-30,VHT,115,75,0
NN_v1,3,EQUAL_WEIGHT,2018-04-06,VFH,199,103,3
NN_v1,3,EQUAL_WEIGHT,2018-04-06,VGT,137,74,1
NN_v1,3,EQUAL_WEIGHT,2018-04-06,VIS,131,74,1
NN_v1,3,EQUAL_WEIGHT,2018-04-13,VCR,114,61,1
NN_v1,3,EQUAL_WEIGHT,2018-04-13,VFH,200,104,4
NN_v1,3,EQUAL_WEIGHT,2018-04-13,VOX,156,84,2
NN_v1,3,EQUAL_WEIGHT,2018-04-20,VDC,48,28,4
NN_v1,3,EQUAL_WEIGHT,2018-04-20,VGT,138,74,0
NN_v1,3,EQUAL_WEIGHT,2018-04-20,VHT,116,76,1
NN_v1,3,EQUAL_WEIGHT,2018-04-27,VIS,132,74,0
NN_v1,3,EQUAL_WEIGHT,2018-04-27,VAW,162,84,0
NN_v1,3,EQUAL_WEIGHT,2018-04-27,VFH,201,104,0
NN_v1,3,EQUAL_WEIGHT,2018-05-04,VOX,157,85,3
NN_v1,3,EQUAL_WEIGHT,2018-05-04,VAW,163,85,1
NN_v1,3,EQUAL_WEIGHT,2018-05-04,VHT,117,77,2
NN_v1,3,EQUAL_WEIGHT,2018-05-11,VDC,49,28,0
NN_v1,3,EQUAL_WEIGHT,2018-05-11,VOX,158,85,0
NN_v1,3,EQUAL_WEIGHT,2018-05-11,VAW,164,86,2
NN_v1,3,EQUAL_WEIGHT,2018-05-18,VOX,159,85,0
NN_v1,3,EQUAL_WEIGHT,2018-05-18,VHT,118,77,0
NN_v1,3,EQUAL_WEIGHT,2018-05-18,VFH,202,104,0
NN_v1,3,EQUAL_WEIGHT,2018-05-25,VFH,203,104,0
NN_v1,3,EQUAL_WEIGHT,2018-05-25,VGT,139,75,1
NN_v1,3,EQUAL_WEIGHT,2018-05-25,VDE,234,113,2
NN_v1,3,EQUAL_WEIGHT,2018-06-01,VFH,204,105,1
NN_v1,3,EQUAL_WEIGHT,2018-06-01,VHT,119,78,1
NN_v1,3,EQUAL_WEIGHT,2018-06-01,VAW,165,87,3
NN_v1,3,EQUAL_WEIGHT,2018-06-08,VDE,235,113,0
NN_v1,3,EQUAL_WEIGHT,2018-06-08,VPU,127,69,2
NN_v1,3,EQUAL_WEIGHT,2018-06-08,VGT,140,76,2
NN_v1,3,EQUAL_WEIGHT,2018-06-15,VDE,236,114,1
NN_v1,3,EQUAL_WEIGHT,2018-06-15,VFH,205,105,0
NN_v1,3,EQUAL_WEIGHT,2018-06-15,VAW,166,87,0
NN_v1,3,EQUAL_WEIGHT,2018-06-22,VIS,133,74,0
NN_v1,3,EQUAL_WEIGHT,2018-06-22,VDE,237,115,2
NN_v1,3,EQUAL_WEIGHT,2018-06-22,VGT,141,76,0
NN_v1,3,EQUAL_WEIGHT,2018-06-29,VAW,167,88,1
NN_v1,3,EQUAL_WEIGHT,2018-06-29,VIS,134,75,1
NN_v1,3,EQUAL_WEIGHT,2018-06-29,VOX,160,86,1
NN_v1,3,EQUAL_WEIGHT,2018-07-06,VIS,135,76,2
NN_v1,3,EQUAL_WEIGHT,2018-07-06,VDE,238,115,0
NN_v1,3,EQUAL_WEIGHT,2018-07-06,VFH,206,106,1
NN_v1,3,EQUAL_WEIGHT,2018-07-13,VDE,239,115,0
NN_v1,3,EQUAL_WEIGHT,2018-07-13,VFH,207,107,2
NN_v1,3,EQUAL_WEIGHT,2018-07-13,VPU,128,69,0
NN_v1,3,EQUAL_WEIGHT,2018-07-20,VDE,240,116,1
NN_v1,3,EQUAL_WEIGHT,2018-07-20,VOX,161,86,0
NN_v1,3,EQUAL_WEIGHT,2018-07-20,VPU,129,70,1
NN_v1,3,EQUAL_WEIGHT,2018-07-27,VOX,162,87,1
NN_v1,3,EQUAL_WEIGHT,2018-07-27,VGT,142,77,1
NN_v1,3,EQUAL_WEIGHT,2018-07-27,VPU,130,71,2
NN_v1,3,EQUAL_WEIGHT,2018-08-03,VDE,241,116,0
NN_v1,3,EQUAL_WEIGHT,2018-08-03,VOX,163,88,2
NN_v1,3,EQUAL_WEIGHT,2018-08-03,VFH,208,107,0
NN_v1,3,EQUAL_WEIGHT,2018-08-10,VDE,242,116,0
NN_v1,3,EQUAL_WEIGHT,2018-08-10,VFH,209,108,1
NN_v1,3,EQUAL_WEIGHT,2018-08-10,VIS,136,77,3
NN_v1,3,EQUAL_WEIGHT,2018-08-17,VDE,243,117,1
NN_v1,3,EQUAL_WEIGHT,2018-08-17,VFH,210,109,2
NN_v1,3,EQUAL_WEIGHT,2018-08-17,VAW,168,89,2
NN_v1,3,EQUAL_WEIGHT,2018-08-24,VDE,244,117,0
NN_v1,3,EQUAL_WEIGHT,2018-08-24,VPU,131,71,0
NN_v1,3,EQUAL_WEIGHT,2018-08-24,VNQ,192,89,2
NN_v1,3,EQUAL_WEIGHT,2018-08-31,VDE,245,117,0
NN_v1,3,EQUAL_WEIGHT,2018-08-31,VPU,132,72,1
NN_v1,3,EQUAL_WEIGHT,2018-08-31,VNQ,193,89,0
NN_v1,3,EQUAL_WEIGHT,2018-09-07,VDE,246,118,1
NN_v1,3,EQUAL_WEIGHT,2018-09-07,VGT,143,78,2
NN_v1,3,EQUAL_WEIGHT,2018-09-07,VNQ,194,89,0
NN_v1,3,EQUAL_WEIGHT,2018-09-14,VDE,247,119,2
NN_v1,3,EQUAL_WEIGHT,2018-09-14,VGT,144,78,0
NN_v1,3,EQUAL_WEIGHT,2018-09-14,VOX,164,89,3
NN_v1,3,EQUAL_WEIGHT,2018-09-21,VDE,248,120,3
NN_v1,3,EQUAL_WEIGHT,2018-09-21,VPU,133,72,0
NN_v1,3,EQUAL_WEIGHT,2018-09-21,VNQ,195,89,0
NN_v1,3,EQUAL_WEIGHT,2018-09-28,VDE,249,121,4
NN_v1,3,EQUAL_WEIGHT,2018-09-28,VFH,211,110,3
NN_v1,3,EQUAL_WEIGHT,2018-09-28,VAW,169,89,0
NN_v1,3,EQUAL_WEIGHT,2018-10-05,VCR,115,61,0
NN_v1,3,EQUAL_WEIGHT,2018-10-05,VAW,170,89,0
NN_v1,3,EQUAL_WEIGHT,2018-10-05,VNQ,196,89,0
NN_v1,3,EQUAL_WEIGHT,2018-10-12,VAW,171,89,0
NN_v1,3,EQUAL_WEIGHT,2018-10-12,VIS,137,77,0
NN_v1,3,EQUAL_WEIGHT,2018-10-12,VFH,212,111,4
NN_v1,3,EQUAL_WEIGHT,2018-10-19,VCR,116,61,0
NN_v1,3,EQUAL_WEIGHT,2018-10-19,VAW,172,89,0
NN_v1,3,EQUAL_WEIGHT,2018-10-19,VGT,145,78,0
NN_v1,3,EQUAL_WEIGHT,2018-10-26,VHT,120,79,2
NN_v1,3,EQUAL_WEIGHT,2018-10-26,VDE,250,122,5
NN_v1,3,EQUAL_WEIGHT,2018-10-26,VOX,165,90,4
NN_v1,3,EQUAL_WEIGHT,2018-11-02,VGT,146,79,1
NN_v1,3,EQUAL_WEIGHT,2018-11-02,VDE,251,122,0
NN_v1,3,EQUAL_WEIGHT,2018-11-02,VNQ,197,90,1
NN_v1,3,EQUAL_WEIGHT,2018-11-09,VDE,252,122,0
NN_v1,3,EQUAL_WEIGHT,2018-11-09,VIS,138,77,0
NN_v1,3,EQUAL_WEIGHT,2018-11-09,VAW,173,90,1
NN_v1,3,EQUAL_WEIGHT,2018-11-16,VCR,117,61,0
NN_v1,3,EQUAL_WEIGHT,2018-11-16,VOX,166,90,0
NN_v1,3,EQUAL_WEIGHT,2018-11-16,VIS,139,77,0
NN_v1,3,EQUAL_WEIGHT,2018-11-23,VDE,253,123,1
NN_v1,3,EQUAL_WEIGHT,2018-11-23,VGT,147,80,2
NN_v1,3,EQUAL_WEIGHT,2018-11-23,VCR,118,62,1
NN_v1,3,EQUAL_WEIGHT,2018-11-30,VDE,254,123,0
NN_v1,3,EQUAL_WEIGHT,2018-11-30,VAW,174,90,0
NN_v1,3,EQUAL_WEIGHT,2018-11-30,VIS,140,77,0
NN_v1,3,EQUAL_WEIGHT,2018-12-07,VIS,141,77,0
NN_v1,3,EQUAL_WEIGHT,2018-12-07,VFH,213,111,0
NN_v1,3,EQUAL_WEIGHT,2018-12-07,VAW,175,90,0
NN_v1,3,EQUAL_WEIGHT,2018-12-14,VDE,255,123,0
NN_v1,3,EQUAL_WEIGHT,2018-12-14,VFH,214,111,0
NN_v1,3,EQUAL_WEIGHT,2018-12-14,VIS,142,77,0
NN_v1,3,EQUAL_WEIGHT,2018-12-21,VGT,148,81,3
NN_v1,3,EQUAL_WEIGHT,2018-12-21,VDE,256,124,1
NN_v1,3,EQUAL_WEIGHT,2018-12-21,VNQ,198,91,2
NN_v1,3,EQUAL_WEIGHT,2018-12-28,VPU,134,72,0
NN_v1,3,EQUAL_WEIGHT,2018-12-28,VDE,257,125,2
NN_v1,3,EQUAL_WEIGHT,2018-12-28,VNQ,199,92,3
NN_v1,3,EQUAL_WEIGHT,2019-01-04,VDC,50,29,1
NN_v1,3,EQUAL_WEIGHT,2019-01-04,VHT,121,80,3
NN_v1,3,EQUAL_WEIGHT,2019-01-04,VGT,149,82,4
NN_v1,3,EQUAL_WEIGHT,2019-01-11,VDC,51,30,2
NN_v1,3,EQUAL_WEIGHT,2019-01-11,VHT,122,81,4
NN_v1,3,EQUAL_WEIGHT,2019-01-11,VPU,135,73,1
NN_v1,3,EQUAL_WEIGHT,2019-01-18,VDE,258,125,0
NN_v1,3,EQUAL_WEIGHT,2019-01-18,VGT,150,83,5
NN_v1,3,EQUAL_WEIGHT,2019-01-18,VPU,136,74,2
NN_v1,3,EQUAL_WEIGHT,2019-01-25,VDE,259,126,1
NN_v1,3,EQUAL_WEIGHT,2019-01-25,VOX,167,91,1
NN_v1,3,EQUAL_WEIGHT,2019-01-25,VCR,119,63,2
NN_v1,3,EQUAL_WEIGHT,2019-02-01,VFH,215,111,0
NN_v1,3,EQUAL_WEIGHT,2019-02-01,VCR,120,63,0
NN_v1,3,EQUAL_WEIGHT,2019-02-01,VDE,260,126,0
NN_v1,3,EQUAL_WEIGHT,2019-02-08,VFH,216,112,1
NN_v1,3,EQUAL_WEIGHT,2019-02-08,VDE,261,127,1
NN_v1,3,EQUAL_WEIGHT,2019-02-08,VAW,176,91,1
NN_v1,3,EQUAL_WEIGHT,2019-02-15,VDE,262,127,0
NN_v1,3,EQUAL_WEIGHT,2019-02-15,VDC,52,31,3
NN_v1,3,EQUAL_WEIGHT,2019-02-15,VFH,217,113,2
NN_v1,3,EQUAL_WEIGHT,2019-02-22,VDE,263,128,1
NN_v1,3,EQUAL_WEIGHT,2019-02-22,VHT,123,82,5
NN_v1,3,EQUAL_WEIGHT,2019-02-22,VFH,218,114,3
NN_v1,3,EQUAL_WEIGHT,2019-03-01,VDE,264,128,0
NN_v1,3,EQUAL_WEIGHT,2019-03-01,VCR,121,63,0
NN_v1,3,EQUAL_WEIGHT,2019-03-01,VHT,124,82,0
NN_v1,3,EQUAL_WEIGHT,2019-03-08,VAW,177,92,2
NN_v1,3,EQUAL_WEIGHT,2019-03-08,VDE,265,129,1
NN_v1,3,EQUAL_WEIGHT,2019-03-08,VFH,219,115,4
NN_v1,3,EQUAL_WEIGHT,2019-03-15,VHT,125,82,0
NN_v1,3,EQUAL_WEIGHT,2019-03-15,VDE,266,129,0
NN_v1,3,EQUAL_WEIGHT,2019-03-15,VAW,178,92,0
NN_v1,3,EQUAL_WEIGHT,2019-03-22,VDE,267,130,1
NN_v1,3,EQUAL_WEIGHT,2019-03-22,VFH,220,116,5
NN_v1,3,EQUAL_WEIGHT,2019-03-22,VHT,126,83,1
NN_v1,3,EQUAL_WEIGHT,2019-03-29,VFH,221,117,6
NN_v1,3,EQUAL_WEIGHT,2019-03-29,VDE,268,131,2
NN_v1,3,EQUAL_WEIGHT,2019-03-29,VHT,127,83,0
NN_v1,3,EQUAL_WEIGHT,2019-04-05,VHT,128,83,0
NN_v1,3,EQUAL_WEIGHT,2019-04-05,VDE,269,131,0
NN_v1,3,EQUAL_WEIGHT,2019-04-05,VDC,53,32,4
NN_v1,3,EQUAL_WEIGHT,2019-04-12,VHT,129,83,0
NN_v1,3,EQUAL_WEIGHT,2019-04-12,VDE,270,131,0
NN_v1,3,EQUAL_WEIGHT,2019-04-12,VFH,222,118,7
NN_v1,3,EQUAL_WEIGHT,2019-04-19,VHT,130,84,1
NN_v1,3,EQUAL_WEIGHT,2019-04-19,VAW,179,92,0
NN_v1,3,EQUAL_WEIGHT,2019-04-19,VFH,223,119,8
NN_v1,3,EQUAL_WEIGHT,2019-04-26,VHT,131,85,2
NN_v1,3,EQUAL_WEIGHT,2019-04-26,VAW,180,92,0
NN_v1,3,EQUAL_WEIGHT,2019-04-26,VDE,271,131,0
NN_v1,3,EQUAL_WEIGHT,2019-05-03,VHT,132,86,3
NN_v1,3,EQUAL_WEIGHT,2019-05-03,VDE,272,132,1
NN_v1,3,EQUAL_WEIGHT,2019-05-03,VAW,181,92,0
NN_v1,3,EQUAL_WEIGHT,2019-05-10,VFH,224,119,0
NN_v1,3,EQUAL_WEIGHT,2019-05-10,VOX,168,92,2
NN_v1,3,EQUAL_WEIGHT,2019-05-10,VIS,143,78,1
NN_v1,3,EQUAL_WEIGHT,2019-05-17,VGT,151,83,0
NN_v1,3,EQUAL_WEIGHT,2019-05-17,VHT,133,87,4
NN_v1,3,EQUAL_WEIGHT,2019-05-17,VIS,144,78,0
NN_v1,3,EQUAL_WEIGHT,2019-05-24,VIS,145,78,0
NN_v1,3,EQUAL_WEIGHT,2019-05-24,VFH,225,119,0
NN_v1,3,EQUAL_WEIGHT,2019-05-24,VDE,273,132,0
NN_v1,3,EQUAL_WEIGHT,2019-05-31,VIS,146,79,1
NN_v1,3,EQUAL_WEIGHT,2019-05-31,VOX,169,93,3
NN_v1,3,EQUAL_WEIGHT,2019-05-31,VDE,274,133,1
NN_v1,3,EQUAL_WEIGHT,2019-06-07,VDE,275,133,0
NN_v1,3,EQUAL_WEIGHT,2019-06-07,VOX,170,94,4
NN_v1,3,EQUAL_WEIGHT,2019-06-07,VFH,226,119,0
NN_v1,3,EQUAL_WEIGHT,2019-06-14,VDE,276,134,1
NN_v1,3,EQUAL_WEIGHT,2019-06-14,VGT,152,84,1
NN_v1,3,EQUAL_WEIGHT,2019-06-14,VAW,182,93,1
NN_v1,3,EQUAL_WEIGHT,2019-06-21,VAW,183,94,2
NN_v1,3,EQUAL_WEIGHT,2019-06-21,VDE,277,135,2
NN_v1,3,EQUAL_WEIGHT,2019-06-21,VIS,147,80,2
NN_v1,3,EQUAL_WEIGHT,2019-06-28,VAW,184,94,0
NN_v1,3,EQUAL_WEIGHT,2019-06-28,VDE,278,135,0
NN_v1,3,EQUAL_WEIGHT,2019-06-28,VGT,153,85,2
NN_v1,3,EQUAL_WEIGHT,2019-07-05,VDE,279,136,1
NN_v1,3,EQUAL_WEIGHT,2019-07-05,VIS,148,81,3
NN_v1,3,EQUAL_WEIGHT,2019-07-05,VGT,154,86,3
NN_v1,3,EQUAL_WEIGHT,2019-07-12,VDE,280,136,0
NN_v1,3,EQUAL_WEIGHT,2019-07-12,VAW,185,95,1
NN_v1,3,EQUAL_WEIGHT,2019-07-12,VIS,149,81,0
NN_v1,3,EQUAL_WEIGHT,2019-07-19,VDE,281,136,0
NN_v1,3,EQUAL_WEIGHT,2019-07-19,VOX,171,95,5
NN_v1,3,EQUAL_WEIGHT,2019-07-19,VFH,227,120,1
NN_v1,3,EQUAL_WEIGHT,2019-07-26,VDE,282,136,0
NN_v1,3,EQUAL_WEIGHT,2019-07-26,VNQ,200,93,4
NN_v1,3,EQUAL_WEIGHT,2019-07-26,VOX,172,95,0
NN_v1,3,EQUAL_WEIGHT,2019-08-02,VIS,150,82,1
NN_v1,3,EQUAL_WEIGHT,2019-08-02,VDC,54,33,5
NN_v1,3,EQUAL_WEIGHT,2019-08-02,VHT,134,88,5
NN_v1,3,EQUAL_WEIGHT,2019-08-09,VAW,186,95,0
NN_v1,3,EQUAL_WEIGHT,2019-08-09,VCR,122,63,0
NN_v1,3,EQUAL_WEIGHT,2019-08-09,VIS,151,82,0
NN_v1,3,EQUAL_WEIGHT,2019-08-16,VOX,173,95,0
NN_v1,3,EQUAL_WEIGHT,2019-08-16,VDE,283,136,0
NN_v1,3,EQUAL_WEIGHT,2019-08-16,VGT,155,86,0
NN_v1,3,EQUAL_WEIGHT,2019-08-23,VCR,123,64,1
NN_v1,3,EQUAL_WEIGHT,2019-08-23,VIS,152,83,1
NN_v1,3,EQUAL_WEIGHT,2019-08-23,VDE,284,137,1
NN_v1,3,EQUAL_WEIGHT,2019-08-30,VDE,285,138,2
NN_v1,3,EQUAL_WEIGHT,2019-08-30,VFH,228,121,2
NN_v1,3,EQUAL_WEIGHT,2019-08-30,VAW,187,96,1
NN_v1,3,EQUAL_WEIGHT,2019-09-06,VDE,286,139,3
NN_v1,3,EQUAL_WEIGHT,2019-09-06,VAW,188,97,2
NN_v1,3,EQUAL_WEIGHT,2019-09-06,VFH,229,122,3
NN_v1,3,EQUAL_WEIGHT,2019-09-13,VDE,287,139,0
NN_v1,3,EQUAL_WEIGHT,2019-09-13,VGT,156,87,1
NN_v1,3,EQUAL_WEIGHT,2019-09-13,VHT,135,89,6
NN_v1,3,EQUAL_WEIGHT,2019-09-20,VAW,189,97,0
NN_v1,3,EQUAL_WEIGHT,2019-09-20,VDE,288,139,0
NN_v1,3,EQUAL_WEIGHT,2019-09-20,VIS,153,83,0
NN_v1,3,EQUAL_WEIGHT,2019-09-27,VAW,190,97,0
NN_v1,3,EQUAL_WEIGHT,2019-09-27,VDE,289,139,0
NN_v1,3,EQUAL_WEIGHT,2019-09-27,VFH,230,122,0
NN_v1,3,EQUAL_WEIGHT,2019-10-04,VFH,231,123,1
NN_v1,3,EQUAL_WEIGHT,2019-10-04,VAW,191,98,1
NN_v1,3,EQUAL_WEIGHT,2019-10-04,VIS,154,84,1
NN_v1,3,EQUAL_WEIGHT,2019-10-11,VFH,232,124,2
NN_v1,3,EQUAL_WEIGHT,2019-10-11,VDE,290,139,0
NN_v1,3,EQUAL_WEIGHT,2019-10-11,VCR,124,65,2
NN_v1,3,EQUAL_WEIGHT,2019-10-18,VDE,291,140,1
NN_v1,3,EQUAL_WEIGHT,2019-10-18,VOX,174,96,1
NN_v1,3,EQUAL_WEIGHT,2019-10-18,VGT,157,88,2
NN_v1,3,EQUAL_WEIGHT,2019-10-25,VDE,292,140,0
NN_v1,3,EQUAL_WEIGHT,2019-10-25,VAW,192,99,2
NN_v1,3,EQUAL_WEIGHT,2019-10-25,VOX,175,97,2
NN_v1,3,EQUAL_WEIGHT,2019-11-01,VDE,293,141,1
NN_v1,3,EQUAL_WEIGHT,2019-11-01,VCR,125,65,0
NN_v1,3,EQUAL_WEIGHT,2019-11-01,VOX,176,98,3
NN_v1,3,EQUAL_WEIGHT,2019-11-08,VNQ,201,94,5
NN_v1,3,EQUAL_WEIGHT,2019-11-08,VDE,294,141,0
NN_v1,3,EQUAL_WEIGHT,2019-11-08,VPU,137,75,3
NN_v1,3,EQUAL_WEIGHT,2019-11-15,VPU,138,76,4
NN_v1,3,EQUAL_WEIGHT,2019-11-15,VNQ,202,94,0
NN_v1,3,EQUAL_WEIGHT,2019-11-15,VDE,295,141,0
NN_v1,3,EQUAL_WEIGHT,2019-11-22,VDE,296,141,0
NN_v1,3,EQUAL_WEIGHT,2019-11-22,VAW,193,100,3
NN_v1,3,EQUAL_WEIGHT,2019-11-22,VNQ,203,95,1
NN_v1,3,EQUAL_WEIGHT,2019-11-29,VDE,297,142,1
NN_v1,3,EQUAL_WEIGHT,2019-11-29,VNQ,204,96,2
NN_v1,3,EQUAL_WEIGHT,2019-11-29,VPU,139,77,5
NN_v1,3,EQUAL_WEIGHT,2019-12-06,VDE,298,143,2
NN_v1,3,EQUAL_WEIGHT,2019-12-06,VNQ,205,96,0
NN_v1,3,EQUAL_WEIGHT,2019-12-06,VPU,140,78,6
NN_v1,3,EQUAL_WEIGHT,2019-12-13,VNQ,206,97,1
NN_v1,3,EQUAL_WEIGHT,2019-12-13,VDE,299,144,3
NN_v1,3,EQUAL_WEIGHT,2019-12-13,VCR,126,66,1
NN_v1,3,EQUAL_WEIGHT,2019-12-20,VNQ,207,97,0
NN_v1,3,EQUAL_WEIGHT,2019-12-20,VDE,300,145,4
NN_v1,3,EQUAL_WEIGHT,2019-12-20,VCR,127,67,2
NN_v1,3,EQUAL_WEIGHT,2019-12-27,VNQ,208,98,1
NN_v1,3,EQUAL_WEIGHT,2019-12-27,VPU,141,78,0
NN_v1,3,EQUAL_WEIGHT,2019-12-27,VDE,301,146,5
NN_v1,3,EQUAL_WEIGHT,2020-01-03,VDE,302,146,0
NN_v1,3,EQUAL_WEIGHT,2020-01-03,VAW,194,100,0
NN_v1,3,EQUAL_WEIGHT,2020-01-03,VPU,142,79,1
NN_v1,3,EQUAL_WEIGHT,2020-01-10,VAW,195,101,1
NN_v1,3,EQUAL_WEIGHT,2020-01-10,VDE,303,146,0
NN_v1,3,EQUAL_WEIGHT,2020-01-10,VNQ,209,99,2
NN_v1,3,EQUAL_WEIGHT,2020-01-17,VDE,304,146,0
NN_v1,3,EQUAL_WEIGHT,2020-01-17,VNQ,210,100,3
NN_v1,3,EQUAL_WEIGHT,2020-01-17,VAW,196,101,0
NN_v1,3,EQUAL_WEIGHT,2020-01-24,VDE,305,146,0
NN_v1,3,EQUAL_WEIGHT,2020-01-24,VAW,197,101,0
NN_v1,3,EQUAL_WEIGHT,2020-01-24,VFH,233,125,3
NN_v1,3,EQUAL_WEIGHT,2020-01-31,VDE,306,147,1
NN_v1,3,EQUAL_WEIGHT,2020-01-31,VAW,198,102,1
NN_v1,3,EQUAL_WEIGHT,2020-01-31,VHT,136,90,7
NN_v1,3,EQUAL_WEIGHT,2020-02-07,VDE,307,148,2
NN_v1,3,EQUAL_WEIGHT,2020-02-07,VAW,199,103,2
NN_v1,3,EQUAL_WEIGHT,2020-02-07,VOX,177,99,4
NN_v1,3,EQUAL_WEIGHT,2020-02-14,VDE,308,148,0
NN_v1,3,EQUAL_WEIGHT,2020-02-14,VAW,200,103,0
NN_v1,3,EQUAL_WEIGHT,2020-02-14,VHT,137,90,0
NN_v1,3,EQUAL_WEIGHT,2020-02-21,VDE,309,148,0
NN_v1,3,EQUAL_WEIGHT,2020-02-21,VGT,158,88,0
NN_v1,3,EQUAL_WEIGHT,2020-02-21,VHT,138,90,0
NN_v1,3,EQUAL_WEIGHT,2020-02-28,VDE,310,148,0
NN_v1,3,EQUAL_WEIGHT,2020-02-28,VAW,201,104,1
NN_v1,3,EQUAL_WEIGHT,2020-02-28,VDC,55,34,6
NN_v1,3,EQUAL_WEIGHT,2020-03-06,VDE,311,148,0
NN_v1,3,EQUAL_WEIGHT,2020-03-06,VFH,234,125,0
NN_v1,3,EQUAL_WEIGHT,2020-03-06,VGT,159,89,1
NN_v1,3,EQUAL_WEIGHT,2020-03-13,VDE,312,148,0
NN_v1,3,EQUAL_WEIGHT,2020-03-13,VIS,155,84,0
NN_v1,3,EQUAL_WEIGHT,2020-03-13,VFH,235,125,0
NN_v1,3,EQUAL_WEIGHT,2020-03-20,VDE,313,149,1
NN_v1,3,EQUAL_WEIGHT,2020-03-20,VNQ,211,101,4
NN_v1,3,EQUAL_WEIGHT,2020-03-20,VFH,236,126,1
NN_v1,3,EQUAL_WEIGHT,2020-03-27,VDE,314,150,2
NN_v1,3,EQUAL_WEIGHT,2020-03-27,VDC,56,35,7
NN_v1,3,EQUAL_WEIGHT,2020-03-27,VHT,139,91,1
NN_v1,3,EQUAL_WEIGHT,2020-04-03,VFH,237,127,2
NN_v1,3,EQUAL_WEIGHT,2020-04-03,VCR,128,68,3
NN_v1,3,EQUAL_WEIGHT,2020-04-03,VOX,178,100,5
NN_v1,3,EQUAL_WEIGHT,2020-04-10,VDC,57,36,8
NN_v1,3,EQUAL_WEIGHT,2020-04-10,VHT,140,92,2
NN_v1,3,EQUAL_WEIGHT,2020-04-10,VPU,143,79,0
NN_v1,3,EQUAL_WEIGHT,2020-04-17,VPU,144,79,0
NN_v1,3,EQUAL_WEIGHT,2020-04-17,VNQ,212,101,0
NN_v1,3,EQUAL_WEIGHT,2020-04-17,VAW,202,105,2
NN_v1,3,EQUAL_WEIGHT,2020-04-24,VIS,156,85,1
NN_v1,3,EQUAL_WEIGHT,2020-04-24,VFH,238,128,3
NN_v1,3,EQUAL_WEIGHT,2020-04-24,VDC,58,36,0
NN_v1,3,EQUAL_WEIGHT,2020-05-01,VPU,145,80,1
NN_v1,3,EQUAL_WEIGHT,2020-05-01,VDC,59,37,1
NN_v1,3,EQUAL_WEIGHT,2020-05-01,VHT,141,93,3
NN_v1,3,EQUAL_WEIGHT,2020-05-08,VPU,146,80,0
NN_v1,3,EQUAL_WEIGHT,2020-05-08,VNQ,213,101,0
NN_v1,3,EQUAL_WEIGHT,2020-05-08,VDC,60,37,0
NN_v1,3,EQUAL_WEIGHT,2020-05-15,VNQ,214,102,1
NN_v1,3,EQUAL_WEIGHT,2020-05-15,VFH,239,129,4
NN_v1,3,EQUAL_WEIGHT,2020-05-15,VPU,147,81,1
NN_v1,3,EQUAL_WEIGHT,2020-05-22,VDE,315,150,0
NN_v1,3,EQUAL_WEIGHT,2020-05-22,VAW,203,106,3
NN_v1,3,EQUAL_WEIGHT,2020-05-22,VPU,148,82,2
NN_v1,3,EQUAL_WEIGHT,2020-05-29,VAW,204,107,4
NN_v1,3,EQUAL_WEIGHT,2020-05-29,VDE,316,151,1
NN_v1,3,EQUAL_WEIGHT,2020-05-29,VCR,129,69,4
NN_v1,3,EQUAL_WEIGHT,2020-06-05,VPU,149,82,0
NN_v1,3,EQUAL_WEIGHT,2020-06-05,VNQ,215,102,0
NN_v1,3,EQUAL_WEIGHT,2020-06-05,VIS,157,85,0
NN_v1,3,EQUAL_WEIGHT,2020-06-12,VIS,158,86,1
NN_v1,3,EQUAL_WEIGHT,2020-06-12,VFH,240,130,5
NN_v1,3,EQUAL_WEIGHT,2020-06-12,VNQ,216,103,1
NN_v1,3,EQUAL_WEIGHT,2020-06-19,VNQ,217,103,0
NN_v1,3,EQUAL_WEIGHT,2020-06-19,VFH,241,130,0
NN_v1,3,EQUAL_WEIGHT,2020-06-19,VIS,159,86,0
NN_v1,3,EQUAL_WEIGHT,2020-06-26,VNQ,218,104,1
NN_v1,3,EQUAL_WEIGHT,2020-06-26,VAW,205,108,5
NN_v1,3,EQUAL_WEIGHT,2020-06-26,VOX,179,101,6
NN_v1,3,EQUAL_WEIGHT,2020-07-03,VNQ,219,104,0
NN_v1,3,EQUAL_WEIGHT,2020-07-03,VIS,160,86,0
NN_v1,3,EQUAL_WEIGHT,2020-07-03,VFH,242,130,0
NN_v1,3,EQUAL_WEIGHT,2020-07-10,VFH,243,131,1
NN_v1,3,EQUAL_WEIGHT,2020-07-10,VDE,317,152,2
NN_v1,3,EQUAL_WEIGHT,2020-07-10,VIS,161,87,1
NN_v1,3,EQUAL_WEIGHT,2020-07-17,VFH,244,132,2
NN_v1,3,EQUAL_WEIGHT,2020-07-17,VIS,162,88,2
NN_v1,3,EQUAL_WEIGHT,2020-07-17,VNQ,220,104,0
NN_v1,3,EQUAL_WEIGHT,2020-07-24,VIS,163,88,0
NN_v1,3,EQUAL_WEIGHT,2020-07-24,VFH,245,132,0
NN_v1,3,EQUAL_WEIGHT,2020-07-24,VDE,318,152,0
NN_v1,3,EQUAL_WEIGHT,2020-07-31,VDE,319,153,1
NN_v1,3,EQUAL_WEIGHT,2020-07-31,VNQ,221,105,1
NN_v1,3,EQUAL_WEIGHT,2020-07-31,VFH,246,133,1
NN_v1,3,EQUAL_WEIGHT,2020-08-07,VDE,320,154,2
NN_v1,3,EQUAL_WEIGHT,2020-08-07,VFH,247,134,2
NN_v1,3,EQUAL_WEIGHT,2020-08-07,VAW,206,109,6
NN_v1,3,EQUAL_WEIGHT,2020-08-14,VDE,321,154,0
NN_v1,3,EQUAL_WEIGHT,2020-08-14,VFH,248,134,0
NN_v1,3,EQUAL_WEIGHT,2020-08-14,VNQ,222,105,0
NN_v1,3,EQUAL_WEIGHT,2020-08-21,VDE,322,155,1
NN_v1,3,EQUAL_WEIGHT,2020-08-21,VNQ,223,106,1
NN_v1,3,EQUAL_WEIGHT,2020-08-21,VIS,164,89,1
NN_v1,3,EQUAL_WEIGHT,2020-08-28,VDE,323,155,0
NN_v1,3,EQUAL_WEIGHT,2020-08-28,VPU,150,83,1
NN_v1,3,EQUAL_WEIGHT,2020-08-28,VFH,249,134,0
NN_v1,3,EQUAL_WEIGHT,2020-09-04,VOX,180,101,0
NN_v1,3,EQUAL_WEIGHT,2020-09-04,VIS,165,90,2
NN_v1,3,EQUAL_WEIGHT,2020-09-04,VFH,250,134,0
NN_v1,3,EQUAL_WEIGHT,2020-09-11,VDE,324,156,1
NN_v1,3,EQUAL_WEIGHT,2020-09-11,VOX,181,101,0
NN_v1,3,EQUAL_WEIGHT,2020-09-11,VGT,160,89,0
NN_v1,3,EQUAL_WEIGHT,2020-09-18,VNQ,224,106,0
NN_v1,3,EQUAL_WEIGHT,2020-09-18,VFH,251,134,0
NN_v1,3,EQUAL_WEIGHT,2020-09-18,VDE,325,156,0
NN_v1,3,EQUAL_WEIGHT,2020-09-25,VDE,326,156,0
NN_v1,3,EQUAL_WEIGHT,2020-09-25,VFH,252,135,1
NN_v1,3,EQUAL_WEIGHT,2020-09-25,VNQ,225,107,1
NN_v1,3,EQUAL_WEIGHT,2020-10-02,VDE,327,157,1
NN_v1,3,EQUAL_WEIGHT,2020-10-02,VAW,207,110,7
NN_v1,3,EQUAL_WEIGHT,2020-10-02,VFH,253,136,2
NN_v1,3,EQUAL_WEIGHT,2020-10-09,VDE,328,157,0
NN_v1,3,EQUAL_WEIGHT,2020-10-09,VFH,254,136,0
NN_v1,3,EQUAL_WEIGHT,2020-10-09,VOX,182,101,0
NN_v1,3,EQUAL_WEIGHT,2020-10-16,VDE,329,158,1
NN_v1,3,EQUAL_WEIGHT,2020-10-16,VFH,255,137,1
NN_v1,3,EQUAL_WEIGHT,2020-10-16,VNQ,226,107,0
NN_v1,3,EQUAL_WEIGHT,2020-10-23,VNQ,227,107,0
NN_v1,3,EQUAL_WEIGHT,2020-10-23,VGT,161,89,0
NN_v1,3,EQUAL_WEIGHT,2020-10-23,VDE,330,158,0
NN_v1,3,EQUAL_WEIGHT,2020-10-30,VGT,162,90,1
NN_v1,3,EQUAL_WEIGHT,2020-10-30,VNQ,228,108,1
NN_v1,3,EQUAL_WEIGHT,2020-10-30,VDE,331,158,0
NN_v1,3,EQUAL_WEIGHT,2020-11-06,VDE,332,159,1
NN_v1,3,EQUAL_WEIGHT,2020-11-06,VFH,256,138,2
NN_v1,3,EQUAL_WEIGHT,2020-11-06,VIS,166,90,0
NN_v1,3,EQUAL_WEIGHT,2020-11-13,VCR,130,70,5
NN_v1,3,EQUAL_WEIGHT,2020-11-13,VGT,163,90,0
NN_v1,3,EQUAL_WEIGHT,2020-11-13,VHT,142,93,0
NN_v1,3,EQUAL_WEIGHT,2020-11-20,VGT,164,91,1
NN_v1,3,EQUAL_WEIGHT,2020-11-20,VOX,183,102,1
NN_v1,3,EQUAL_WEIGHT,2020-11-20,VHT,143,94,1
NN_v1,3,EQUAL_WEIGHT,2020-11-27,VGT,165,92,2
NN_v1,3,EQUAL_WEIGHT,2020-11-27,VHT,144,95,2
NN_v1,3,EQUAL_WEIGHT,2020-11-27,VNQ,229,109,2
NN_v1,3,EQUAL_WEIGHT,2020-12-04,VPU,151,84,2
NN_v1,3,EQUAL_WEIGHT,2020-12-04,VNQ,230,109,0
NN_v1,3,EQUAL_WEIGHT,2020-12-04,VCR,131,70,0
NN_v1,3,EQUAL_WEIGHT,2020-12-11,VCR,132,71,1
NN_v1,3,EQUAL_WEIGHT,2020-12-11,VGT,166,93,3
NN_v1,3,EQUAL_WEIGHT,2020-12-11,VAW,208,111,8
NN_v1,3,EQUAL_WEIGHT,2020-12-18,VDE,333,160,2
NN_v1,3,EQUAL_WEIGHT,2020-12-18,VNQ,231,110,1
NN_v1,3,EQUAL_WEIGHT,2020-12-18,VFH,257,139,3
NN_v1,3,EQUAL_WEIGHT,2020-12-25,VDE,334,160,0
NN_v1,3,EQUAL_WEIGHT,2020-12-25,VHT,145,96,3
NN_v1,3,EQUAL_WEIGHT,2020-12-25,VNQ,232,111,2
NN_v1,3,EQUAL_WEIGHT,2021-01-01,VGT,167,94,4
NN_v1,3,EQUAL_WEIGHT,2021-01-01,VPU,152,84,0
NN_v1,3,EQUAL_WEIGHT,2021-01-01,VCR,133,72,2
NN_v1,3,EQUAL_WEIGHT,2021-01-08,VGT,168,94,0
NN_v1,3,EQUAL_WEIGHT,2021-01-08,VPU,153,85,1
NN_v1,3,EQUAL_WEIGHT,2021-01-08,VNQ,233,112,3
NN_v1,3,EQUAL_WEIGHT,2021-01-15,VGT,169,95,1
NN_v1,3,EQUAL_WEIGHT,2021-01-15,VNQ,234,113,4
NN_v1,3,EQUAL_WEIGHT,2021-01-15,VOX,184,103,2
NN_v1,3,EQUAL_WEIGHT,2021-01-22,VAW,209,111,0
NN_v1,3,EQUAL_WEIGHT,2021-01-22,VDE,335,160,0
NN_v1,3,EQUAL_WEIGHT,2021-01-22,VPU,154,85,0
NN_v1,3,EQUAL_WEIGHT,2021-01-29,VFH,258,140,4
NN_v1,3,EQUAL_WEIGHT,2021-01-29,VAW,210,112,1
NN_v1,3,EQUAL_WEIGHT,2021-01-29,VDE,336,161,1
NN_v1,3,EQUAL_WEIGHT,2021-02-05,VAW,211,113,2
NN_v1,3,EQUAL_WEIGHT,2021-02-05,VDE,337,162,2
NN_v1,3,EQUAL_WEIGHT,2021-02-05,VGT,170,96,2
NN_v1,3,EQUAL_WEIGHT,2021-02-12,VAW,212,114,3
NN_v1,3,EQUAL_WEIGHT,2021-02-12,VIS,167,90,0
NN_v1,3,EQUAL_WEIGHT,2021-02-12,VCR,134,72,0
NN_v1,3,EQUAL_WEIGHT,2021-02-19,VGT,171,96,0
NN_v1,3,EQUAL_WEIGHT,2021-02-19,VOX,185,103,0
NN_v1,3,EQUAL_WEIGHT,2021-02-19,VAW,213,114,0
NN_v1,3,EQUAL_WEIGHT,2021-02-26,VOX,186,104,1
NN_v1,3,EQUAL_WEIGHT,2021-02-26,VGT,172,96,0
NN_v1,3,EQUAL_WEIGHT,2021-02-26,VCR,135,72,0
NN_v1,3,EQUAL_WEIGHT,2021-03-05,VGT,173,97,1
NN_v1,3,EQUAL_WEIGHT,2021-03-05,VNQ,235,114,5
NN_v1,3,EQUAL_WEIGHT,2021-03-05,VCR,136,73,1
NN_v1,3,EQUAL_WEIGHT,2021-03-12,VGT,174,97,0
NN_v1,3,EQUAL_WEIGHT,2021-03-12,VPU,155,85,0
NN_v1,3,EQUAL_WEIGHT,2021-03-12,VHT,146,97,4
NN_v1,3,EQUAL_WEIGHT,2021-03-19,VDE,338,163,3
NN_v1,3,EQUAL_WEIGHT,2021-03-19,VGT,175,98,1
NN_v1,3,EQUAL_WEIGHT,2021-03-19,VCR,137,73,0
NN_v1,3,EQUAL_WEIGHT,2021-03-26,VDE,339,164,4
NN_v1,3,EQUAL_WEIGHT,2021-03-26,VGT,176,99,2
NN_v1,3,EQUAL_WEIGHT,2021-03-26,VCR,138,74,1
NN_v1,3,EQUAL_WEIGHT,2021-04-02,VCR,139,75,2
NN_v1,3,EQUAL_WEIGHT,2021-04-02,VDE,340,164,0
NN_v1,3,EQUAL_WEIGHT,2021-04-02,VGT,177,100,3
NN_v1,3,EQUAL_WEIGHT,2021-04-09,VDE,341,164,0
NN_v1,3,EQUAL_WEIGHT,2021-04-09,VGT,178,101,4
NN_v1,3,EQUAL_WEIGHT,2021-04-09,VPU,156,86,1
NN_v1,3,EQUAL_WEIGHT,2021-04-16,VDE,342,164,0
NN_v1,3,EQUAL_WEIGHT,2021-04-16,VGT,179,102,5
NN_v1,3,EQUAL_WEIGHT,2021-04-16,VOX,187,104,0
NN_v1,3,EQUAL_WEIGHT,2021-04-23,VDE,343,165,1
NN_v1,3,EQUAL_WEIGHT,2021-04-23,VGT,180,102,0
NN_v1,3,EQUAL_WEIGHT,2021-04-23,VCR,140,76,3
NN_v1,3,EQUAL_WEIGHT,2021-04-30,VGT,181,102,0
NN_v1,3,EQUAL_WEIGHT,2021-04-30,VCR,141,76,0
NN_v1,3,EQUAL_WEIGHT,2021-04-30,VHT,147,98,5
NN_v1,3,EQUAL_WEIGHT,2021-05-07,VHT,148,98,0
NN_v1,3,EQUAL_WEIGHT,2021-05-07,VGT,182,102,0
NN_v1,3,EQUAL_WEIGHT,2021-05-07,VCR,142,76,0
NN_v1,3,EQUAL_WEIGHT,2021-05-14,VCR,143,76,0
NN_v1,3,EQUAL_WEIGHT,2021-05-14,VGT,183,103,1
NN_v1,3,EQUAL_WEIGHT,2021-05-14,VHT,149,99,1
NN_v1,3,EQUAL_WEIGHT,2021-05-21,VDE,344,165,0
NN_v1,3,EQUAL_WEIGHT,2021-05-21,VCR,144,77,1
NN_v1,3,EQUAL_WEIGHT,2021-05-21,VOX,188,105,1
NN_v1,3,EQUAL_WEIGHT,2021-05-28,VDE,345,166,1
NN_v1,3,EQUAL_WEIGHT,2021-05-28,VAW,214,114,0
NN_v1,3,EQUAL_WEIGHT,2021-05-28,VCR,145,77,0
NN_v1,3,EQUAL_WEIGHT,2021-06-04,VCR,146,78,1
NN_v1,3,EQUAL_WEIGHT,2021-06-04,VGT,184,104,2
NN_v1,3,EQUAL_WEIGHT,2021-06-04,VOX,189,106,2
NN_v1,3,EQUAL_WEIGHT,2021-06-11,VCR,147,78,0
NN_v1,3,EQUAL_WEIGHT,2021-06-11,VDE,346,166,0
NN_v1,3,EQUAL_WEIGHT,2021-06-11,VOX,190,106,0
NN_v1,3,EQUAL_WEIGHT,2021-06-18,VDE,347,167,1
NN_v1,3,EQUAL_WEIGHT,2021-06-18,VAW,215,115,1
NN_v1,3,EQUAL_WEIGHT,2021-06-18,VFH,259,141,5
NN_v1,3,EQUAL_WEIGHT,2021-06-25,VAW,216,116,2
NN_v1,3,EQUAL_WEIGHT,2021-06-25,VDE,348,167,0
NN_v1,3,EQUAL_WEIGHT,2021-06-25,VFH,260,141,0
NN_v1,3,EQUAL_WEIGHT,2021-07-02,VAW,217,117,3
NN_v1,3,EQUAL_WEIGHT,2021-07-02,VDE,349,167,0
NN_v1,3,EQUAL_WEIGHT,2021-07-02,VFH,261,141,0
NN_v1,3,EQUAL_WEIGHT,2021-07-09,VDE,350,167,0
NN_v1,3,EQUAL_WEIGHT,2021-07-09,VFH,262,141,0
NN_v1,3,EQUAL_WEIGHT,2021-07-09,VAW,218,117,0
NN_v1,3,EQUAL_WEIGHT,2021-07-16,VDE,351,168,1
NN_v1,3,EQUAL_WEIGHT,2021-07-16,VFH,263,142,1
NN_v1,3,EQUAL_WEIGHT,2021-07-16,VAW,219,118,1
NN_v1,3,EQUAL_WEIGHT,2021-07-23,VDE,352,169,2
NN_v1,3,EQUAL_WEIGHT,2021-07-23,VAW,220,119,2
NN_v1,3,EQUAL_WEIGHT,2021-07-23,VFH,264,143,2
NN_v1,3,EQUAL_WEIGHT,2021-07-30,VDE,353,169,0
NN_v1,3,EQUAL_WEIGHT,2021-07-30,VCR,148,78,0
NN_v1,3,EQUAL_WEIGHT,2021-07-30,VIS,168,90,0
NN_v1,3,EQUAL_WEIGHT,2021-08-06,VDE,354,170,1
NN_v1,3,EQUAL_WEIGHT,2021-08-06,VAW,221,120,3
NN_v1,3,EQUAL_WEIGHT,2021-08-06,VFH,265,144,3
NN_v1,3,EQUAL_WEIGHT,2021-08-13,VDE,355,170,0
NN_v1,3,EQUAL_WEIGHT,2021-08-13,VAW,222,120,0
NN_v1,3,EQUAL_WEIGHT,2021-08-13,VCR,149,78,0
NN_v1,3,EQUAL_WEIGHT,2021-08-20,VDE,356,171,1
NN_v1,3,EQUAL_WEIGHT,2021-08-20,VAW,223,121,1
NN_v1,3,EQUAL_WEIGHT,2021-08-20,VFH,266,145,4
NN_v1,3,EQUAL_WEIGHT,2021-08-27,VAW,224,121,0
NN_v1,3,EQUAL_WEIGHT,2021-08-27,VFH,267,145,0
NN_v1,3,EQUAL_WEIGHT,2021-08-27,VDE,357,171,0
NN_v1,3,EQUAL_WEIGHT,2021-09-03,VDE,358,171,0
NN_v1,3,EQUAL_WEIGHT,2021-09-03,VAW,225,121,0
NN_v1,3,EQUAL_WEIGHT,2021-09-03,VFH,268,145,0
NN_v1,3,EQUAL_WEIGHT,2021-09-10,VDE,359,172,1
NN_v1,3,EQUAL_WEIGHT,2021-09-10,VAW,226,121,0
NN_v1,3,EQUAL_WEIGHT,2021-09-10,VFH,269,145,0
NN_v1,3,EQUAL_WEIGHT,2021-09-17,VDE,360,173,2
NN_v1,3,EQUAL_WEIGHT,2021-09-17,VNQ,236,114,0
NN_v1,3,EQUAL_WEIGHT,2021-09-17,VAW,227,122,1
NN_v1,3,EQUAL_WEIGHT,2021-09-24,VAW,228,122,0
NN_v1,3,EQUAL_WEIGHT,2021-09-24,VDE,361,174,3
NN_v1,3,EQUAL_WEIGHT,2021-09-24,VNQ,237,114,0
NN_v1,3,EQUAL_WEIGHT,2021-10-01,VIS,169,91,1
NN_v1,3,EQUAL_WEIGHT,2021-10-01,VCR,150,79,1
NN_v1,3,EQUAL_WEIGHT,2021-10-01,VAW,229,123,1
NN_v1,3,EQUAL_WEIGHT,2021-10-08,VAW,230,124,2
NN_v1,3,EQUAL_WEIGHT,2021-10-08,VNQ,238,115,1
NN_v1,3,EQUAL_WEIGHT,2021-10-08,VGT,185,105,3
NN_v1,3,EQUAL_WEIGHT,2021-10-15,VHT,150,100,2
NN_v1,3,EQUAL_WEIGHT,2021-10-15,VOX,191,106,0
NN_v1,3,EQUAL_WEIGHT,2021-10-15,VPU,157,87,2
NN_v1,3,EQUAL_WEIGHT,2021-10-22,VOX,192,107,1
NN_v1,3,EQUAL_WEIGHT,2021-10-22,VAW,231,124,0
NN_v1,3,EQUAL_WEIGHT,2021-10-22,VDE,362,174,0
NN_v1,3,EQUAL_WEIGHT,2021-10-29,VAW,232,125,1
NN_v1,3,EQUAL_WEIGHT,2021-10-29,VOX,193,108,2
NN_v1,3,EQUAL_WEIGHT,2021-10-29,VDE,363,175,1
NN_v1,3,EQUAL_WEIGHT,2021-11-05,VPU,158,87,0
NN_v1,3,EQUAL_WEIGHT,2021-11-05,VNQ,239,115,0
NN_v1,3,EQUAL_WEIGHT,2021-11-05,VAW,233,126,2
NN_v1,3,EQUAL_WEIGHT,2021-11-12,VHT,151,100,0
NN_v1,3,EQUAL_WEIGHT,2021-11-12,VPU,159,88,1
NN_v1,3,EQUAL_WEIGHT,2021-11-12,VCR,151,80,2
NN_v1,3,EQUAL_WEIGHT,2021-11-19,VDE,364,176,2
NN_v1,3,EQUAL_WEIGHT,2021-11-19,VHT,152,100,0
NN_v1,3,EQUAL_WEIGHT,2021-11-19,VFH,270,145,0
NN_v1,3,EQUAL_WEIGHT,2021-11-26,VAW,234,126,0
NN_v1,3,EQUAL_WEIGHT,2021-11-26,VIS,170,91,0
NN_v1,3,EQUAL_WEIGHT,2021-11-26,VOX,194,108,0
NN_v1,3,EQUAL_WEIGHT,2021-12-03,VOX,195,109,1
NN_v1,3,EQUAL_WEIGHT,2021-12-03,VCR,152,81,3
NN_v1,3,EQUAL_WEIGHT,2021-12-03,VDE,365,177,3
NN_v1,3,EQUAL_WEIGHT,2021-12-10,VOX,196,109,0
NN_v1,3,EQUAL_WEIGHT,2021-12-10,VCR,153,81,0
NN_v1,3,EQUAL_WEIGHT,2021-12-10,VDE,366,177,0
NN_v1,3,EQUAL_WEIGHT,2021-12-17,VDE,367,178,1
NN_v1,3,EQUAL_WEIGHT,2021-12-17,VCR,154,82,1
NN_v1,3,EQUAL_WEIGHT,2021-12-17,VGT,186,106,4
NN_v1,3,EQUAL_WEIGHT,2021-12-24,VDE,368,179,2
NN_v1,3,EQUAL_WEIGHT,2021-12-24,VCR,155,83,2
NN_v1,3,EQUAL_WEIGHT,2021-12-24,VOX,197,109,0
NN_v1,3,EQUAL_WEIGHT,2021-12-31,VDE,369,180,3
NN_v1,3,EQUAL_WEIGHT,2021-12-31,VCR,156,83,0
NN_v1,3,EQUAL_WEIGHT,2021-12-31,VOX,198,109,0
NN_v1,3,EQUAL_WEIGHT,2022-01-07,VGT,187,107,5
NN_v1,3,EQUAL_WEIGHT,2022-01-07,VHT,153,100,0
NN_v1,3,EQUAL_WEIGHT,2022-01-07,VCR,157,83,0
NN_v1,3,EQUAL_WEIGHT,2022-01-14,VCR,158,83,0
NN_v1,3,EQUAL_WEIGHT,2022-01-14,VGT,188,107,0
NN_v1,3,EQUAL_WEIGHT,2022-01-14,VHT,154,100,0
NN_v1,3,EQUAL_WEIGHT,2022-01-21,VGT,189,108,1
NN_v1,3,EQUAL_WEIGHT,2022-01-21,VOX,199,110,1
NN_v1,3,EQUAL_WEIGHT,2022-01-21,VFH,271,146,1
NN_v1,3,EQUAL_WEIGHT,2022-01-28,VCR,159,84,1
NN_v1,3,EQUAL_WEIGHT,2022-01-28,VOX,200,110,0
NN_v1,3,EQUAL_WEIGHT,2022-01-28,VAW,235,127,1
NN_v1,3,EQUAL_WEIGHT,2022-02-04,VIS,171,91,0
NN_v1,3,EQUAL_WEIGHT,2022-02-04,VOX,201,110,0
NN_v1,3,EQUAL_WEIGHT,2022-02-04,VAW,236,128,2
NN_v1,3,EQUAL_WEIGHT,2022-02-11,VGT,190,108,0
NN_v1,3,EQUAL_WEIGHT,2022-02-11,VOX,202,110,0
NN_v1,3,EQUAL_WEIGHT,2022-02-11,VCR,160,84,0
NN_v1,3,EQUAL_WEIGHT,2022-02-18,VGT,191,109,1
NN_v1,3,EQUAL_WEIGHT,2022-02-18,VCR,161,84,0
NN_v1,3,EQUAL_WEIGHT,2022-02-18,VNQ,240,116,1
NN_v1,3,EQUAL_WEIGHT,2022-02-25,VCR,162,84,0
NN_v1,3,EQUAL_WEIGHT,2022-02-25,VGT,192,109,0
NN_v1,3,EQUAL_WEIGHT,2022-02-25,VOX,203,110,0
NN_v1,3,EQUAL_WEIGHT,2022-03-04,VCR,163,84,0
NN_v1,3,EQUAL_WEIGHT,2022-03-04,VGT,193,109,0
NN_v1,3,EQUAL_WEIGHT,2022-03-04,VFH,272,146,0
NN_v1,3,EQUAL_WEIGHT,2022-03-11,VGT,194,110,1
NN_v1,3,EQUAL_WEIGHT,2022-03-11,VOX,204,111,1
NN_v1,3,EQUAL_WEIGHT,2022-03-11,VDC,61,38,1
NN_v1,3,EQUAL_WEIGHT,2022-03-18,VDE,370,181,4
NN_v1,3,EQUAL_WEIGHT,2022-03-18,VGT,195,111,2
NN_v1,3,EQUAL_WEIGHT,2022-03-18,VOX,205,112,2
NN_v1,3,EQUAL_WEIGHT,2022-03-25,VCR,164,84,0
NN_v1,3,EQUAL_WEIGHT,2022-03-25,VGT,196,112,3
NN_v1,3,EQUAL_WEIGHT,2022-03-25,VOX,206,113,3
NN_v1,3,EQUAL_WEIGHT,2022-04-01,VFH,273,146,0
NN_v1,3,EQUAL_WEIGHT,2022-04-01,VGT,197,112,0
NN_v1,3,EQUAL_WEIGHT,2022-04-01,VCR,165,84,0
NN_v1,3,EQUAL_WEIGHT,2022-04-08,VGT,198,112,0
NN_v1,3,EQUAL_WEIGHT,2022-04-08,VCR,166,85,1
NN_v1,3,EQUAL_WEIGHT,2022-04-08,VFH,274,146,0
NN_v1,3,EQUAL_WEIGHT,2022-04-15,VGT,199,112,0
NN_v1,3,EQUAL_WEIGHT,2022-04-15,VOX,207,113,0
NN_v1,3,EQUAL_WEIGHT,2022-04-15,VCR,167,85,0
NN_v1,3,EQUAL_WEIGHT,2022-04-22,VFH,275,146,0
NN_v1,3,EQUAL_WEIGHT,2022-04-22,VGT,200,112,0
NN_v1,3,EQUAL_WEIGHT,2022-04-22,VHT,155,100,0
NN_v1,3,EQUAL_WEIGHT,2022-04-29,VOX,208,113,0
NN_v1,3,EQUAL_WEIGHT,2022-04-29,VGT,201,112,0
NN_v1,3,EQUAL_WEIGHT,2022-04-29,VCR,168,85,0
NN_v1,3,EQUAL_WEIGHT,2022-05-06,VOX,209,114,1
NN_v1,3,EQUAL_WEIGHT,2022-05-06,VFH,276,146,0
NN_v1,3,EQUAL_WEIGHT,2022-05-06,VCR,169,85,0
NN_v1,3,EQUAL_WEIGHT,2022-05-13,VGT,202,112,0
NN_v1,3,EQUAL_WEIGHT,2022-05-13,VFH,277,146,0
NN_v1,3,EQUAL_WEIGHT,2022-05-13,VCR,170,85,0
NN_v1,3,EQUAL_WEIGHT,2022-05-20,VCR,171,86,1
NN_v1,3,EQUAL_WEIGHT,2022-05-20,VDC,62,39,2
NN_v1,3,EQUAL_WEIGHT,2022-05-20,VGT,203,113,1
NN_v1,3,EQUAL_WEIGHT,2022-05-27,VOX,210,114,0
NN_v1,3,EQUAL_WEIGHT,2022-05-27,VDC,63,39,0
NN_v1,3,EQUAL_WEIGHT,2022-05-27,VNQ,241,116,0
NN_v1,3,EQUAL_WEIGHT,2022-06-03,VHT,156,100,0
NN_v1,3,EQUAL_WEIGHT,2022-06-03,VOX,211,114,0
NN_v1,3,EQUAL_WEIGHT,2022-06-03,VNQ,242,116,0
NN_v1,3,EQUAL_WEIGHT,2022-06-10,VCR,172,86,0
NN_v1,3,EQUAL_WEIGHT,2022-06-10,VFH,278,146,0
NN_v1,3,EQUAL_WEIGHT,2022-06-10,VOX,212,114,0
NN_v1,3,EQUAL_WEIGHT,2022-06-17,VAW,237,129,3
NN_v1,3,EQUAL_WEIGHT,2022-06-17,VNQ,243,117,1
NN_v1,3,EQUAL_WEIGHT,2022-06-17,VCR,173,87,1
NN_v1,3,EQUAL_WEIGHT,2022-06-24,VDE,371,181,0
NN_v1,3,EQUAL_WEIGHT,2022-06-24,VAW,238,129,0
NN_v1,3,EQUAL_WEIGHT,2022-06-24,VFH,279,146,0
NN_v1,3,EQUAL_WEIGHT,2022-07-01,VAW,239,130,1
NN_v1,3,EQUAL_WEIGHT,2022-07-01,VDE,372,181,0
NN_v1,3,EQUAL_WEIGHT,2022-07-01,VCR,174,88,2
NN_v1,3,EQUAL_WEIGHT,2022-07-08,VDE,373,181,0
NN_v1,3,EQUAL_WEIGHT,2022-07-08,VAW,240,130,0
NN_v1,3,EQUAL_WEIGHT,2022-07-08,VNQ,244,118,2
NN_v1,3,EQUAL_WEIGHT,2022-07-15,VDE,374,182,1
NN_v1,3,EQUAL_WEIGHT,2022-07-15,VAW,241,131,1
NN_v1,3,EQUAL_WEIGHT,2022-07-15,VNQ,245,119,3
NN_v1,3,EQUAL_WEIGHT,2022-07-22,VPU,160,89,2
NN_v1,3,EQUAL_WEIGHT,2022-07-22,VDE,375,183,2
NN_v1,3,EQUAL_WEIGHT,2022-07-22,VHT,157,101,1
NN_v1,3,EQUAL_WEIGHT,2022-07-29,VCR,175,89,3
NN_v1,3,EQUAL_WEIGHT,2022-07-29,VOX,213,115,1
NN_v1,3,EQUAL_WEIGHT,2022-07-29,VGT,204,114,2
NN_v1,3,EQUAL_WEIGHT,2022-08-05,VDE,376,184,3
NN_v1,3,EQUAL_WEIGHT,2022-08-05,VAW,242,132,2
NN_v1,3,EQUAL_WEIGHT,2022-08-05,VCR,176,90,4
NN_v1,3,EQUAL_WEIGHT,2022-08-12,VDE,377,185,4
NN_v1,3,EQUAL_WEIGHT,2022-08-12,VAW,243,132,0
NN_v1,3,EQUAL_WEIGHT,2022-08-12,VCR,177,90,0
NN_v1,3,EQUAL_WEIGHT,2022-08-19,VDE,378,186,5
NN_v1,3,EQUAL_WEIGHT,2022-08-19,VAW,244,133,1
NN_v1,3,EQUAL_WEIGHT,2022-08-19,VGT,205,114,0
NN_v1,3,EQUAL_WEIGHT,2022-08-26,VOX,214,115,0
NN_v1,3,EQUAL_WEIGHT,2022-08-26,VIS,172,91,0
NN_v1,3,EQUAL_WEIGHT,2022-08-26,VGT,206,114,0
NN_v1,3,EQUAL_WEIGHT,2022-09-02,VDE,379,187,6
NN_v1,3,EQUAL_WEIGHT,2022-09-02,VGT,207,115,1
NN_v1,3,EQUAL_WEIGHT,2022-09-02,VAW,245,134,2
NN_v1,3,EQUAL_WEIGHT,2022-09-09,VDE,380,187,0
NN_v1,3,EQUAL_WEIGHT,2022-09-09,VGT,208,115,0
NN_v1,3,EQUAL_WEIGHT,2022-09-09,VDC,64,39,0
NN_v1,3,EQUAL_WEIGHT,2022-09-16,VGT,209,115,0
NN_v1,3,EQUAL_WEIGHT,2022-09-16,VOX,215,115,0
NN_v1,3,EQUAL_WEIGHT,2022-09-16,VAW,246,134,0
NN_v1,3,EQUAL_WEIGHT,2022-09-23,VDE,381,188,1
NN_v1,3,EQUAL_WEIGHT,2022-09-23,VNQ,246,119,0
NN_v1,3,EQUAL_WEIGHT,2022-09-23,VIS,173,91,0
NN_v1,3,EQUAL_WEIGHT,2022-09-30,VPU,161,89,0
NN_v1,3,EQUAL_WEIGHT,2022-09-30,VOX,216,116,1
NN_v1,3,EQUAL_WEIGHT,2022-09-30,VCR,178,90,0
NN_v1,3,EQUAL_WEIGHT,2022-10-07,VNQ,247,119,0
NN_v1,3,EQUAL_WEIGHT,2022-10-07,VPU,162,89,0
NN_v1,3,EQUAL_WEIGHT,2022-10-07,VGT,210,115,0
NN_v1,3,EQUAL_WEIGHT,2022-10-14,VNQ,248,120,1
NN_v1,3,EQUAL_WEIGHT,2022-10-14,VGT,211,116,1
NN_v1,3,EQUAL_WEIGHT,2022-10-14,VCR,179,91,1
NN_v1,3,EQUAL_WEIGHT,2022-10-21,VNQ,249,121,2
NN_v1,3,EQUAL_WEIGHT,2022-10-21,VPU,163,90,1
NN_v1,3,EQUAL_WEIGHT,2022-10-21,VFH,280,147,1
NN_v1,3,EQUAL_WEIGHT,2022-10-28,VOX,217,116,0
NN_v1,3,EQUAL_WEIGHT,2022-10-28,VCR,180,91,0
NN_v1,3,EQUAL_WEIGHT,2022-10-28,VDE,382,189,2
NN_v1,3,EQUAL_WEIGHT,2022-11-04,VCR,181,92,1
NN_v1,3,EQUAL_WEIGHT,2022-11-04,VGT,212,117,2
NN_v1,3,EQUAL_WEIGHT,2022-11-04,VOX,218,117,1
NN_v1,3,EQUAL_WEIGHT,2022-11-11,VPU,164,91,2
NN_v1,3,EQUAL_WEIGHT,2022-11-11,VGT,213,117,0
NN_v1,3,EQUAL_WEIGHT,2022-11-11,VCR,182,92,0
NN_v1,3,EQUAL_WEIGHT,2022-11-18,VCR,183,93,1
NN_v1,3,EQUAL_WEIGHT,2022-11-18,VNQ,250,122,3
NN_v1,3,EQUAL_WEIGHT,2022-11-18,VPU,165,92,3
NN_v1,3,EQUAL_WEIGHT,2022-11-25,VCR,184,94,2
NN_v1,3,EQUAL_WEIGHT,2022-11-25,VGT,214,118,1
NN_v1,3,EQUAL_WEIGHT,2022-11-25,VNQ,251,123,4
NN_v1,3,EQUAL_WEIGHT,2022-12-02,VGT,215,118,0
NN_v1,3,EQUAL_WEIGHT,2022-12-02,VNQ,252,123,0
NN_v1,3,EQUAL_WEIGHT,2022-12-02,VCR,185,94,0
NN_v1,3,EQUAL_WEIGHT,2022-12-09,VDE,383,190,3
NN_v1,3,EQUAL_WEIGHT,2022-12-09,VCR,186,94,0
NN_v1,3,EQUAL_WEIGHT,2022-12-09,VOX,219,117,0
NN_v1,3,EQUAL_WEIGHT,2022-12-16,VCR,187,94,0
NN_v1,3,EQUAL_WEIGHT,2022-12-16,VGT,216,118,0
NN_v1,3,EQUAL_WEIGHT,2022-12-16,VNQ,253,123,0
NN_v1,3,EQUAL_WEIGHT,2022-12-23,VOX,220,118,1
NN_v1,3,EQUAL_WEIGHT,2022-12-23,VNQ,254,123,0
NN_v1,3,EQUAL_WEIGHT,2022-12-23,VGT,217,119,1
NN_v1,3,EQUAL_WEIGHT,2022-12-30,VCR,188,95,1
NN_v1,3,EQUAL_WEIGHT,2022-12-30,VGT,218,119,0
NN_v1,3,EQUAL_WEIGHT,2022-12-30,VOX,221,119,2
NN_v1,3,EQUAL_WEIGHT,2023-01-06,VDE,384,191,4
NN_v1,3,EQUAL_WEIGHT,2023-01-06,VGT,219,120,1
NN_v1,3,EQUAL_WEIGHT,2023-01-06,VCR,189,96,2
NN_v1,3,EQUAL_WEIGHT,2023-01-13,VOX,222,120,3
NN_v1,3,EQUAL_WEIGHT,2023-01-13,VDE,385,192,5
NN_v1,3,EQUAL_WEIGHT,2023-01-13,VGT,220,121,2
NN_v1,3,EQUAL_WEIGHT,2023-01-20,VDE,386,193,6
NN_v1,3,EQUAL_WEIGHT,2023-01-20,VIS,174,92,1
NN_v1,3,EQUAL_WEIGHT,2023-01-20,VPU,166,92,0
NN_v1,3,EQUAL_WEIGHT,2023-01-27,VDE,387,193,0
NN_v1,3,EQUAL_WEIGHT,2023-01-27,VGT,221,122,3
NN_v1,3,EQUAL_WEIGHT,2023-01-27,VAW,247,135,1
NN_v1,3,EQUAL_WEIGHT,2023-02-03,VDE,388,194,1
NN_v1,3,EQUAL_WEIGHT,2023-02-03,VPU,167,92,0
NN_v1,3,EQUAL_WEIGHT,2023-02-03,VCR,190,96,0
NN_v1,3,EQUAL_WEIGHT,2023-02-10,VOX,223,121,4
NN_v1,3,EQUAL_WEIGHT,2023-02-10,VCR,191,97,1
NN_v1,3,EQUAL_WEIGHT,2023-02-10,VAW,248,135,0
NN_v1,3,EQUAL_WEIGHT,2023-02-17,VDE,389,195,2
NN_v1,3,EQUAL_WEIGHT,2023-02-17,VOX,224,121,0
NN_v1,3,EQUAL_WEIGHT,2023-02-17,VCR,192,97,0
NN_v1,3,EQUAL_WEIGHT,2023-02-24,VHT,158,102,2
NN_v1,3,EQUAL_WEIGHT,2023-02-24,VFH,281,147,0
NN_v1,3,EQUAL_WEIGHT,2023-02-24,VPU,168,92,0
NN_v1,3,EQUAL_WEIGHT,2023-03-03,VDE,390,195,0
NN_v1,3,EQUAL_WEIGHT,2023-03-03,VPU,169,92,0
NN_v1,3,EQUAL_WEIGHT,2023-03-03,VCR,193,97,0
NN_v1,3,EQUAL_WEIGHT,2023-03-10,VOX,225,122,1
NN_v1,3,EQUAL_WEIGHT,2023-03-10,VDE,391,195,0
NN_v1,3,EQUAL_WEIGHT,2023-03-10,VNQ,255,124,1
NN_v1,3,EQUAL_WEIGHT,2023-03-17,VDE,392,196,1
NN_v1,3,EQUAL_WEIGHT,2023-03-17,VFH,282,147,0
NN_v1,3,EQUAL_WEIGHT,2023-03-17,VNQ,256,124,0
NN_v1,3,EQUAL_WEIGHT,2023-03-24,VNQ,257,125,1
NN_v1,3,EQUAL_WEIGHT,2023-03-24,VFH,283,148,1
NN_v1,3,EQUAL_WEIGHT,2023-03-24,VDE,393,197,2
NN_v1,3,EQUAL_WEIGHT,2023-03-31,VDE,394,197,0
NN_v1,3,EQUAL_WEIGHT,2023-03-31,VFH,284,148,0
NN_v1,3,EQUAL_WEIGHT,2023-03-31,VOX,226,123,2
NN_v1,3,EQUAL_WEIGHT,2023-04-07,VFH,285,149,1
NN_v1,3,EQUAL_WEIGHT,2023-04-07,VIS,175,93,2
NN_v1,3,EQUAL_WEIGHT,2023-04-07,VCR,194,98,1
NN_v1,3,EQUAL_WEIGHT,2023-04-14,VNQ,258,126,2
NN_v1,3,EQUAL_WEIGHT,2023-04-14,VDE,395,197,0
NN_v1,3,EQUAL_WEIGHT,2023-04-14,VAW,249,135,0
NN_v1,3,EQUAL_WEIGHT,2023-04-21,VDE,396,198,1
NN_v1,3,EQUAL_WEIGHT,2023-04-21,VAW,250,135,0
NN_v1,3,EQUAL_WEIGHT,2023-04-21,VOX,227,124,3
NN_v1,3,EQUAL_WEIGHT,2023-04-28,VFH,286,149,0
NN_v1,3,EQUAL_WEIGHT,2023-04-28,VDE,397,198,0
NN_v1,3,EQUAL_WEIGHT,2023-04-28,VAW,251,135,0
NN_v1,3,EQUAL_WEIGHT,2023-05-05,VDE,398,198,0
NN_v1,3,EQUAL_WEIGHT,2023-05-05,VFH,287,149,0
NN_v1,3,EQUAL_WEIGHT,2023-05-05,VAW,252,135,0
NN_v1,3,EQUAL_WEIGHT,2023-05-12,VAW,253,136,1
NN_v1,3,EQUAL_WEIGHT,2023-05-12,VFH,288,150,1
NN_v1,3,EQUAL_WEIGHT,2023-05-12,VDE,399,199,1
NN_v1,3,EQUAL_WEIGHT,2023-05-19,VFH,289,150,0
NN_v1,3,EQUAL_WEIGHT,2023-05-19,VPU,170,92,0
NN_v1,3,EQUAL_WEIGHT,2023-05-19,VDE,400,199,0
NN_v1,3,EQUAL_WEIGHT,2023-05-26,VNQ,259,127,3
NN_v1,3,EQUAL_WEIGHT,2023-05-26,VDE,401,200,1
NN_v1,3,EQUAL_WEIGHT,2023-05-26,VFH,290,151,1
NN_v1,3,EQUAL_WEIGHT,2023-06-02,VDE,402,201,2
NN_v1,3,EQUAL_WEIGHT,2023-06-02,VFH,291,152,2
NN_v1,3,EQUAL_WEIGHT,2023-06-02,VAW,254,137,2
NN_v1,3,EQUAL_WEIGHT,2023-06-09,VDE,403,202,3
NN_v1,3,EQUAL_WEIGHT,2023-06-09,VFH,292,153,3
NN_v1,3,EQUAL_WEIGHT,2023-06-09,VAW,255,138,3
NN_v1,3,EQUAL_WEIGHT,2023-06-16,VDE,404,202,0
NN_v1,3,EQUAL_WEIGHT,2023-06-16,VFH,293,153,0
NN_v1,3,EQUAL_WEIGHT,2023-06-16,VNQ,260,127,0
NN_v1,3,EQUAL_WEIGHT,2023-06-23,VDE,405,203,1
NN_v1,3,EQUAL_WEIGHT,2023-06-23,VNQ,261,128,1
NN_v1,3,EQUAL_WEIGHT,2023-06-23,VFH,294,154,1
NN_v1,3,EQUAL_WEIGHT,2023-06-30,VDE,406,203,0
NN_v1,3,EQUAL_WEIGHT,2023-06-30,VPU,171,92,0
NN_v1,3,EQUAL_WEIGHT,2023-06-30,VFH,295,154,0
NN_v1,3,EQUAL_WEIGHT,2023-07-07,VDE,407,204,1
NN_v1,3,EQUAL_WEIGHT,2023-07-07,VPU,172,93,1
NN_v1,3,EQUAL_WEIGHT,2023-07-07,VFH,296,155,1
NN_v1,3,EQUAL_WEIGHT,2023-07-14,VDE,408,205,2
NN_v1,3,EQUAL_WEIGHT,2023-07-14,VNQ,262,129,2
NN_v1,3,EQUAL_WEIGHT,2023-07-14,VFH,297,156,2
NN_v1,3,EQUAL_WEIGHT,2023-07-21,VDE,409,206,3
NN_v1,3,EQUAL_WEIGHT,2023-07-21,VNQ,263,129,0
NN_v1,3,EQUAL_WEIGHT,2023-07-21,VOX,228,125,4
NN_v1,3,EQUAL_WEIGHT,2023-07-28,VNQ,264,129,0
NN_v1,3,EQUAL_WEIGHT,2023-07-28,VDE,410,207,4
NN_v1,3,EQUAL_WEIGHT,2023-07-28,VPU,173,93,0
NN_v1,3,EQUAL_WEIGHT,2023-08-04,VGT,222,122,0
NN_v1,3,EQUAL_WEIGHT,2023-08-04,VPU,174,94,1
NN_v1,3,EQUAL_WEIGHT,2023-08-04,VNQ,265,130,1
NN_v1,3,EQUAL_WEIGHT,2023-08-11,VGT,223,122,0
NN_v1,3,EQUAL_WEIGHT,2023-08-11,VAW,256,138,0
NN_v1,3,EQUAL_WEIGHT,2023-08-11,VPU,175,94,0
NN_v1,3,EQUAL_WEIGHT,2023-08-18,VAW,257,138,0
NN_v1,3,EQUAL_WEIGHT,2023-08-18,VNQ,266,131,2
NN_v1,3,EQUAL_WEIGHT,2023-08-18,VCR,195,99,2
NN_v1,3,EQUAL_WEIGHT,2023-08-25,VNQ,267,132,3
NN_v1,3,EQUAL_WEIGHT,2023-08-25,VAW,258,139,1
NN_v1,3,EQUAL_WEIGHT,2023-08-25,VCR,196,100,3
NN_v1,3,EQUAL_WEIGHT,2023-09-01,VPU,176,95,1
NN_v1,3,EQUAL_WEIGHT,2023-09-01,VNQ,268,132,0
NN_v1,3,EQUAL_WEIGHT,2023-09-01,VHT,159,102,0
NN_v1,3,EQUAL_WEIGHT,2023-09-08,VGT,224,122,0
NN_v1,3,EQUAL_WEIGHT,2023-09-08,VIS,176,93,0
NN_v1,3,EQUAL_WEIGHT,2023-09-08,VAW,259,139,0
NN_v1,3,EQUAL_WEIGHT,2023-09-15,VGT,225,122,0
NN_v1,3,EQUAL_WEIGHT,2023-09-15,VIS,177,93,0
NN_v1,3,EQUAL_WEIGHT,2023-09-15,VAW,260,139,0
NN_v1,3,EQUAL_WEIGHT,2023-09-22,VCR,197,101,4
NN_v1,3,EQUAL_WEIGHT,2023-09-22,VOX,229,126,5
NN_v1,3,EQUAL_WEIGHT,2023-09-22,VPU,177,95,0
NN_v1,3,EQUAL_WEIGHT,2023-09-29,VAW,261,139,0
NN_v1,3,EQUAL_WEIGHT,2023-09-29,VOX,230,127,6
NN_v1,3,EQUAL_WEIGHT,2023-09-29,VIS,178,93,0
NN_v1,3,EQUAL_WEIGHT,2023-10-06,VDE,411,208,5
NN_v1,3,EQUAL_WEIGHT,2023-10-06,VNQ,269,133,1
NN_v1,3,EQUAL_WEIGHT,2023-10-06,VIS,179,94,1
NN_v1,3,EQUAL_WEIGHT,2023-10-13,VDC,65,40,1
NN_v1,3,EQUAL_WEIGHT,2023-10-13,VIS,180,94,0
NN_v1,3,EQUAL_WEIGHT,2023-10-13,VAW,262,139,0
NN_v1,3,EQUAL_WEIGHT,2023-10-20,VCR,198,101,0
NN_v1,3,EQUAL_WEIGHT,2023-10-20,VAW,263,140,1
NN_v1,3,EQUAL_WEIGHT,2023-10-20,VHT,160,102,0
NN_v1,3,EQUAL_WEIGHT,2023-10-27,VGT,226,123,1
NN_v1,3,EQUAL_WEIGHT,2023-10-27,VDE,412,209,6
NN_v1,3,EQUAL_WEIGHT,2023-10-27,VNQ,270,134,2
NN_v1,3,EQUAL_WEIGHT,2023-11-03,VDE,413,209,0
NN_v1,3,EQUAL_WEIGHT,2023-11-03,VPU,178,95,0
NN_v1,3,EQUAL_WEIGHT,2023-11-03,VNQ,271,134,0
NN_v1,3,EQUAL_WEIGHT,2023-11-10,VDE,414,210,1
NN_v1,3,EQUAL_WEIGHT,2023-11-10,VPU,179,96,1
NN_v1,3,EQUAL_WEIGHT,2023-11-10,VAW,264,141,2
NN_v1,3,EQUAL_WEIGHT,2023-11-17,VDE,415,210,0
NN_v1,3,EQUAL_WEIGHT,2023-11-17,VNQ,272,135,1
NN_v1,3,EQUAL_WEIGHT,2023-11-17,VPU,180,97,2
NN_v1,3,EQUAL_WEIGHT,2023-11-24,VDE,416,211,1
NN_v1,3,EQUAL_WEIGHT,2023-11-24,VNQ,273,136,2
NN_v1,3,EQUAL_WEIGHT,2023-11-24,VCR,199,102,1
NN_v1,3,EQUAL_WEIGHT,2023-12-01,VDE,417,211,0
NN_v1,3,EQUAL_WEIGHT,2023-12-01,VOX,231,128,7
NN_v1,3,EQUAL_WEIGHT,2023-12-01,VPU,181,98,3
NN_v1,3,EQUAL_WEIGHT,2023-12-08,VDE,418,212,1
NN_v1,3,EQUAL_WEIGHT,2023-12-08,VPU,182,99,4
NN_v1,3,EQUAL_WEIGHT,2023-12-08,VNQ,274,137,3
NN_v1,3,EQUAL_WEIGHT,2023-12-15,VDE,419,212,0
NN_v1,3,EQUAL_WEIGHT,2023-12-15,VPU,183,99,0
NN_v1,3,EQUAL_WEIGHT,2023-12-15,VOX,232,129,8
NN_v1,3,EQUAL_WEIGHT,2023-12-22,VDE,420,212,0
NN_v1,3,EQUAL_WEIGHT,2023-12-22,VPU,184,100,1
NN_v1,3,EQUAL_WEIGHT,2023-12-22,VNQ,275,138,4
NN_v1,3,EQUAL_WEIGHT,2023-12-29,VDE,421,213,1
NN_v1,3,EQUAL_WEIGHT,2023-12-29,VNQ,276,138,0
NN_v1,3,EQUAL_WEIGHT,2023-12-29,VPU,185,101,2
NN_v1,3,EQUAL_WEIGHT,2024-01-05,VGT,227,124,2
NN_v1,3,EQUAL_WEIGHT,2024-01-05,VCR,200,103,2
NN_v1,3,EQUAL_WEIGHT,2024-01-05,VNQ,277,139,1
NN_v1,3,EQUAL_WEIGHT,2024-01-12,VDE,422,213,0
NN_v1,3,EQUAL_WEIGHT,2024-01-12,VCR,201,104,3
NN_v1,3,EQUAL_WEIGHT,2024-01-12,VPU,186,101,0
NN_v1,3,EQUAL_WEIGHT,2024-01-19,VDE,423,214,1
NN_v1,3,EQUAL_WEIGHT,2024-01-19,VPU,187,102,1
NN_v1,3,EQUAL_WEIGHT,2024-01-19,VNQ,278,139,0
NN_v1,3,EQUAL_WEIGHT,2024-01-26,VDE,424,214,0
NN_v1,3,EQUAL_WEIGHT,2024-01-26,VPU,188,103,2
NN_v1,3,EQUAL_WEIGHT,2024-01-26,VNQ,279,139,0
NN_v1,3,EQUAL_WEIGHT,2024-02-02,VDE,425,215,1
NN_v1,3,EQUAL_WEIGHT,2024-02-02,VNQ,280,140,1
NN_v1,3,EQUAL_WEIGHT,2024-02-02,VPU,189,103,0
NN_v1,3,EQUAL_WEIGHT,2024-02-09,VDE,426,216,2
NN_v1,3,EQUAL_WEIGHT,2024-02-09,VPU,190,104,1
NN_v1,3,EQUAL_WEIGHT,2024-02-09,VNQ,281,140,0
NN_v1,3,EQUAL_WEIGHT,2024-02-16,VGT,228,125,3
NN_v1,3,EQUAL_WEIGHT,2024-02-16,VDE,427,217,3
NN_v1,3,EQUAL_WEIGHT,2024-02-16,VNQ,282,141,1
NN_v1,3,EQUAL_WEIGHT,2024-02-23,VDE,428,218,4
NN_v1,3,EQUAL_WEIGHT,2024-02-23,VNQ,283,142,2
NN_v1,3,EQUAL_WEIGHT,2024-02-23,VPU,191,105,2
NN_v1,3,EQUAL_WEIGHT,2024-03-01,VDE,429,219,5
NN_v1,3,EQUAL_WEIGHT,2024-03-01,VPU,192,106,3
NN_v1,3,EQUAL_WEIGHT,2024-03-01,VNQ,284,143,3
NN_v1,3,EQUAL_WEIGHT,2024-03-08,VCR,202,104,0
NN_v1,3,EQUAL_WEIGHT,2024-03-08,VDE,430,220,6
NN_v1,3,EQUAL_WEIGHT,2024-03-08,VGT,229,125,0
NN_v1,3,EQUAL_WEIGHT,2024-03-15,VNQ,285,143,0
NN_v1,3,EQUAL_WEIGHT,2024-03-15,VCR,203,105,1
NN_v1,3,EQUAL_WEIGHT,2024-03-15,VGT,230,126,1
NN_v1,3,EQUAL_WEIGHT,2024-03-22,VNQ,286,144,1
NN_v1,3,EQUAL_WEIGHT,2024-03-22,VPU,193,107,4
NN_v1,3,EQUAL_WEIGHT,2024-03-22,VGT,231,127,2
NN_v1,3,EQUAL_WEIGHT,2024-03-29,VGT,232,127,0
NN_v1,3,EQUAL_WEIGHT,2024-03-29,VNQ,287,144,0
NN_v1,3,EQUAL_WEIGHT,2024-03-29,VDE,431,221,7
NN_v1,3,EQUAL_WEIGHT,2024-04-05,VCR,204,105,0
NN_v1,3,EQUAL_WEIGHT,2024-04-05,VNQ,288,144,0
NN_v1,3,EQUAL_WEIGHT,2024-04-05,VGT,233,127,0
NN_v1,3,EQUAL_WEIGHT,2024-04-12,VNQ,289,144,0
NN_v1,3,EQUAL_WEIGHT,2024-04-12,VCR,205,105,0
NN_v1,3,EQUAL_WEIGHT,2024-04-12,VFH,298,156,0
NN_v1,3,EQUAL_WEIGHT,2024-04-19,VGT,234,128,1
NN_v1,3,EQUAL_WEIGHT,2024-04-19,VNQ,290,145,1
NN_v1,3,EQUAL_WEIGHT,2024-04-19,VCR,206,106,1
NN_v1,3,EQUAL_WEIGHT,2024-04-26,VNQ,291,146,2
NN_v1,3,EQUAL_WEIGHT,2024-04-26,VGT,235,129,2
NN_v1,3,EQUAL_WEIGHT,2024-04-26,VCR,207,106,0
NN_v1,3,EQUAL_WEIGHT,2024-05-03,VGT,236,130,3
NN_v1,3,EQUAL_WEIGHT,2024-05-03,VDE,432,222,8
NN_v1,3,EQUAL_WEIGHT,2024-05-03,VNQ,292,147,3
NN_v1,3,EQUAL_WEIGHT,2024-05-10,VGT,237,131,4
NN_v1,3,EQUAL_WEIGHT,2024-05-10,VNQ,293,148,4
NN_v1,3,EQUAL_WEIGHT,2024-05-10,VCR,208,106,0
NN_v1,3,EQUAL_WEIGHT,2024-05-17,VGT,238,132,5
NN_v1,3,EQUAL_WEIGHT,2024-05-17,VCR,209,106,0
NN_v1,3,EQUAL_WEIGHT,2024-05-17,VNQ,294,148,0
NN_v1,3,EQUAL_WEIGHT,2024-05-24,VNQ,295,149,1
NN_v1,3,EQUAL_WEIGHT,2024-05-24,VDE,433,223,9
NN_v1,3,EQUAL_WEIGHT,2024-05-24,VCR,210,107,1
NN_v1,3,EQUAL_WEIGHT,2024-05-31,VGT,239,133,6
NN_v1,3,EQUAL_WEIGHT,2024-05-31,VNQ,296,149,0
NN_v1,3,EQUAL_WEIGHT,2024-05-31,VDE,434,223,0
NN_v1,3,EQUAL_WEIGHT,2024-06-07,VDE,435,223,0
NN_v1,3,EQUAL_WEIGHT,2024-06-07,VNQ,297,150,1
NN_v1,3,EQUAL_WEIGHT,2024-06-07,VAW,265,141,0
NN_v1,3,EQUAL_WEIGHT,2024-06-14,VDE,436,224,1
NN_v1,3,EQUAL_WEIGHT,2024-06-14,VPU,194,107,0
NN_v1,3,EQUAL_WEIGHT,2024-06-14,VAW,266,142,1
NN_v1,3,EQUAL_WEIGHT,2024-06-21,VDE,437,225,2
NN_v1,3,EQUAL_WEIGHT,2024-06-21,VPU,195,107,0
NN_v1,3,EQUAL_WEIGHT,2024-06-21,VNQ,298,150,0
NN_v1,3,EQUAL_WEIGHT,2024-06-28,VGT,240,134,7
NN_v1,3,EQUAL_WEIGHT,2024-06-28,VPU,196,107,0
NN_v1,3,EQUAL_WEIGHT,2024-06-28,VDE,438,225,0
NN_v1,3,EQUAL_WEIGHT,2024-07-05,VDE,439,226,1
NN_v1,3,EQUAL_WEIGHT,2024-07-05,VPU,197,108,1
NN_v1,3,EQUAL_WEIGHT,2024-07-05,VNQ,299,151,1
NN_v1,3,EQUAL_WEIGHT,2024-07-12,VDE,440,227,2
NN_v1,3,EQUAL_WEIGHT,2024-07-12,VOX,233,129,0
NN_v1,3,EQUAL_WEIGHT,2024-07-12,VAW,267,142,0
NN_v1,3,EQUAL_WEIGHT,2024-07-19,VGT,241,134,0
NN_v1,3,EQUAL_WEIGHT,2024-07-19,VOX,234,129,0
NN_v1,3,EQUAL_WEIGHT,2024-07-19,VCR,211,107,0
NN_v1,3,EQUAL_WEIGHT,2024-07-26,VGT,242,134,0
NN_v1,3,EQUAL_WEIGHT,2024-07-26,VCR,212,107,0
NN_v1,3,EQUAL_WEIGHT,2024-07-26,VOX,235,129,0
NN_v1,3,EQUAL_WEIGHT,2024-08-02,VGT,243,135,1
NN_v1,3,EQUAL_WEIGHT,2024-08-02,VDE,441,228,3
NN_v1,3,EQUAL_WEIGHT,2024-08-02,VCR,213,108,1
NN_v1,3,EQUAL_WEIGHT,2024-08-09,VGT,244,136,2
NN_v1,3,EQUAL_WEIGHT,2024-08-09,VDE,442,229,4
NN_v1,3,EQUAL_WEIGHT,2024-08-09,VCR,214,109,2
NN_v1,3,EQUAL_WEIGHT,2024-08-16,VDE,443,229,0
NN_v1,3,EQUAL_WEIGHT,2024-08-16,VGT,245,137,3
NN_v1,3,EQUAL_WEIGHT,2024-08-16,VAW,268,143,1
NN_v1,3,EQUAL_WEIGHT,2024-08-23,VGT,246,137,0
NN_v1,3,EQUAL_WEIGHT,2024-08-23,VDE,444,229,0
NN_v1,3,EQUAL_WEIGHT,2024-08-23,VPU,198,109,2
NN_v1,3,EQUAL_WEIGHT,2024-08-30,VGT,247,137,0
NN_v1,3,EQUAL_WEIGHT,2024-08-30,VCR,215,109,0
NN_v1,3,EQUAL_WEIGHT,2024-08-30,VDE,445,229,0
NN_v1,3,EQUAL_WEIGHT,2024-09-06,VGT,248,138,1
NN_v1,3,EQUAL_WEIGHT,2024-09-06,VOX,236,130,1
NN_v1,3,EQUAL_WEIGHT,2024-09-06,VDE,446,229,0
NN_v1,3,EQUAL_WEIGHT,2024-09-13,VDE,447,230,1
NN_v1,3,EQUAL_WEIGHT,2024-09-13,VGT,249,139,2
NN_v1,3,EQUAL_WEIGHT,2024-09-13,VAW,269,144,2
NN_v1,3,EQUAL_WEIGHT,2024-09-20,VGT,250,140,3
NN_v1,3,EQUAL_WEIGHT,2024-09-20,VDE,448,230,0
NN_v1,3,EQUAL_WEIGHT,2024-09-20,VAW,270,145,3
NN_v1,3,EQUAL_WEIGHT,2024-09-27,VGT,251,141,4
NN_v1,3,EQUAL_WEIGHT,2024-09-27,VDE,449,231,1
NN_v1,3,EQUAL_WEIGHT,2024-09-27,VCR,216,109,0
NN_v1,3,EQUAL_WEIGHT,2024-10-04,VGT,252,142,5
NN_v1,3,EQUAL_WEIGHT,2024-10-04,VCR,217,109,0
NN_v1,3,EQUAL_WEIGHT,2024-10-04,VNQ,300,152,2
NN_v1,3,EQUAL_WEIGHT,2024-10-11,VCR,218,110,1
NN_v1,3,EQUAL_WEIGHT,2024-10-11,VDE,450,231,0
NN_v1,3,EQUAL_WEIGHT,2024-10-11,VGT,253,142,0
NN_v1,3,EQUAL_WEIGHT,2024-10-18,VDE,451,231,0
NN_v1,3,EQUAL_WEIGHT,2024-10-18,VGT,254,143,1
NN_v1,3,EQUAL_WEIGHT,2024-10-18,VCR,219,111,2
NN_v1,3,EQUAL_WEIGHT,2024-10-25,VDE,452,232,1
NN_v1,3,EQUAL_WEIGHT,2024-10-25,VGT,255,143,0
NN_v1,3,EQUAL_WEIGHT,2024-10-25,VHT,161,102,0
NN_v1,3,EQUAL_WEIGHT,2024-11-01,VNQ,301,153,3
NN_v1,3,EQUAL_WEIGHT,2024-11-01,VGT,256,144,1
NN_v1,3,EQUAL_WEIGHT,2024-11-01,VAW,271,146,4
NN_v1,3,EQUAL_WEIGHT,2024-11-08,VNQ,302,153,0
NN_v1,3,EQUAL_WEIGHT,2024-11-08,VPU,199,110,3
NN_v1,3,EQUAL_WEIGHT,2024-11-08,VAW,272,146,0
NN_v1,3,EQUAL_WEIGHT,2024-11-15,VHT,162,103,1
NN_v1,3,EQUAL_WEIGHT,2024-11-15,VGT,257,145,2
NN_v1,3,EQUAL_WEIGHT,2024-11-15,VAW,273,147,1
NN_v1,3,EQUAL_WEIGHT,2024-11-22,VGT,258,145,0
NN_v1,3,EQUAL_WEIGHT,2024-11-22,VHT,163,104,2
NN_v1,3,EQUAL_WEIGHT,2024-11-22,VIS,181,95,1
NN_v1,3,EQUAL_WEIGHT,2024-11-29,VDE,453,232,0
NN_v1,3,EQUAL_WEIGHT,2024-11-29,VGT,259,146,1
NN_v1,3,EQUAL_WEIGHT,2024-11-29,VHT,164,104,0
NN_v1,3,EQUAL_WEIGHT,2024-12-06,VDE,454,232,0
NN_v1,3,EQUAL_WEIGHT,2024-12-06,VHT,165,104,0
NN_v1,3,EQUAL_WEIGHT,2024-12-06,VPU,200,110,0
NN_v1,3,EQUAL_WEIGHT,2024-12-13,VAW,274,147,0
NN_v1,3,EQUAL_WEIGHT,2024-12-13,VPU,201,110,0
NN_v1,3,EQUAL_WEIGHT,2024-12-13,VHT,166,104,0
NN_v1,3,EQUAL_WEIGHT,2024-12-20,VDE,455,233,1
NN_v1,3,EQUAL_WEIGHT,2024-12-20,VNQ,303,154,1
NN_v1,3,EQUAL_WEIGHT,2024-12-20,VPU,202,111,1
NN_v1,3,EQUAL_WEIGHT,2024-12-27,VAW,275,147,0
NN_v1,3,EQUAL_WEIGHT,2024-12-27,VDE,456,234,2
NN_v1,3,EQUAL_WEIGHT,2024-12-27,VNQ,304,155,2
NN_v1,3,EQUAL_WEIGHT,2025-01-03,VHT,167,105,1
NN_v1,3,EQUAL_WEIGHT,2025-01-03,VAW,276,147,0
NN_v1,3,EQUAL_WEIGHT,2025-01-03,VNQ,305,155,0
NN_v1,3,EQUAL_WEIGHT,2025-01-10,VAW,277,148,1
NN_v1,3,EQUAL_WEIGHT,2025-01-10,VIS,182,96,2
NN_v1,3,EQUAL_WEIGHT,2025-01-10,VPU,203,112,2
NN_v1,3,EQUAL_WEIGHT,2025-01-17,VHT,168,106,2
NN_v1,3,EQUAL_WEIGHT,2025-01-17,VDC,66,41,2
NN_v1,3,EQUAL_WEIGHT,2025-01-17,VGT,260,147,2
NN_v1,3,EQUAL_WEIGHT,2025-01-24,VNQ,306,155,0
NN_v1,3,EQUAL_WEIGHT,2025-01-24,VDC,67,42,3
NN_v1,3,EQUAL_WEIGHT,2025-01-24,VAW,278,148,0
NN_v1,3,EQUAL_WEIGHT,2025-01-31,VIS,183,97,3
NN_v1,3,EQUAL_WEIGHT,2025-01-31,VDE,457,235,3
NN_v1,3,EQUAL_WEIGHT,2025-01-31,VPU,204,113,3
NN_v1,3,EQUAL_WEIGHT,2025-02-07,VIS,184,97,0
NN_v1,3,EQUAL_WEIGHT,2025-02-07,VAW,279,149,1
NN_v1,3,EQUAL_WEIGHT,2025-02-07,VDE,458,236,4
NN_v1,3,EQUAL_WEIGHT,2025-02-14,VIS,185,97,0
NN_v1,3,EQUAL_WEIGHT,2025-02-14,VDE,459,237,5
NN_v1,3,EQUAL_WEIGHT,2025-02-14,VNQ,307,156,1
NN_v1,3,EQUAL_WEIGHT,2025-02-21,VFH,299,157,1
NN_v1,3,EQUAL_WEIGHT,2025-02-21,VNQ,308,157,2
NN_v1,3,EQUAL_WEIGHT,2025-02-21,VAW,280,150,2
NN_v1,3,EQUAL_WEIGHT,2025-02-28,VGT,261,147,0
NN_v1,3,EQUAL_WEIGHT,2025-02-28,VAW,281,150,0
NN_v1,3,EQUAL_WEIGHT,2025-02-28,VCR,220,111,0
NN_v1,3,EQUAL_WEIGHT,2025-03-07,VGT,262,147,0
NN_v1,3,EQUAL_WEIGHT,2025-03-07,VCR,221,111,0
NN_v1,3,EQUAL_WEIGHT,2025-03-07,VDE,460,238,6
NN_v1,3,EQUAL_WEIGHT,2025-03-14,VCR,222,112,1
NN_v1,3,EQUAL_WEIGHT,2025-03-14,VFH,300,158,2
NN_v1,3,EQUAL_WEIGHT,2025-03-14,VGT,263,148,1
NN_v1,3,EQUAL_WEIGHT,2025-03-21,VCR,223,112,0
NN_v1,3,EQUAL_WEIGHT,2025-03-21,VGT,264,148,0
NN_v1,3,EQUAL_WEIGHT,2025-03-21,VOX,237,130,0
NN_v1,3,EQUAL_WEIGHT,2025-03-28,VCR,224,112,0
NN_v1,3,EQUAL_WEIGHT,2025-03-28,VGT,265,148,0
NN_v1,3,EQUAL_WEIGHT,2025-03-28,VOX,238,130,0
NN_v1,3,EQUAL_WEIGHT,2025-04-04,VCR,225,113,1
NN_v1,3,EQUAL_WEIGHT,2025-04-04,VGT,266,149,1
NN_v1,3,EQUAL_WEIGHT,2025-04-04,VFH,301,159,3
NN_v1,3,EQUAL_WEIGHT,2025-04-11,VDE,461,239,7
NN_v1,3,EQUAL_WEIGHT,2025-04-11,VCR,226,113,0
NN_v1,3,EQUAL_WEIGHT,2025-04-11,VFH,302,159,0
NN_v1,3,EQUAL_WEIGHT,2025-04-18,VCR,227,114,1
NN_v1,3,EQUAL_WEIGHT,2025-04-18,VGT,267,150,2
NN_v1,3,EQUAL_WEIGHT,2025-04-18,VOX,239,131,1
NN_v1,3,EQUAL_WEIGHT,2025-04-25,VDE,462,239,0
NN_v1,3,EQUAL_WEIGHT,2025-04-25,VHT,169,107,3
NN_v1,3,EQUAL_WEIGHT,2025-04-25,VOX,240,132,2
NN_v1,3,EQUAL_WEIGHT,2025-05-02,VDE,463,240,1
NN_v1,3,EQUAL_WEIGHT,2025-05-02,VHT,170,107,0
NN_v1,3,EQUAL_WEIGHT,2025-05-02,VCR,228,115,2
NN_v1,3,EQUAL_WEIGHT,2025-05-09,VHT,171,108,1
NN_v1,3,EQUAL_WEIGHT,2025-05-09,VDE,464,241,2
NN_v1,3,EQUAL_WEIGHT,2025-05-09,VOX,241,133,3
NN_v1,3,EQUAL_WEIGHT,2025-05-16,VHT,172,108,0
NN_v1,3,EQUAL_WEIGHT,2025-05-16,VDE,465,241,0
NN_v1,3,EQUAL_WEIGHT,2025-05-16,VNQ,309,157,0
NN_v1,3,EQUAL_WEIGHT,2025-05-23,VDE,466,241,0
NN_v1,3,EQUAL_WEIGHT,2025-05-23,VHT,173,109,1
NN_v1,3,EQUAL_WEIGHT,2025-05-23,VFH,303,160,1
NN_v1,3,EQUAL_WEIGHT,2025-05-30,VHT,174,110,2
NN_v1,3,EQUAL_WEIGHT,2025-05-30,VDE,467,242,1
NN_v1,3,EQUAL_WEIGHT,2025-05-30,VNQ,310,158,1
NN_v1,3,EQUAL_WEIGHT,2025-06-06,VDE,468,243,2
NN_v1,3,EQUAL_WEIGHT,2025-06-06,VHT,175,111,3
NN_v1,3,EQUAL_WEIGHT,2025-06-06,VNQ,311,158,0
NN_v1,3,EQUAL_WEIGHT,2025-06-13,VNQ,312,158,0
NN_v1,3,EQUAL_WEIGHT,2025-06-13,VHT,176,111,0
NN_v1,3,EQUAL_WEIGHT,2025-06-13,VFH,304,161,2
NN_v1,3,EQUAL_WEIGHT,2025-06-20,VHT,177,112,1
NN_v1,3,EQUAL_WEIGHT,2025-06-20,VFH,305,162,3
NN_v1,3,EQUAL_WEIGHT,2025-06-20,VAW,282,151,1
NN_v1,3,EQUAL_WEIGHT,2025-06-27,VHT,178,113,2
NN_v1,3,EQUAL_WEIGHT,2025-06-27,VNQ,313,159,1
NN_v1,3,EQUAL_WEIGHT,2025-06-27,VDC,68,43,4
NN_v1,3,EQUAL_WEIGHT,2025-07-04,VDE,469,244,3
NN_v1,3,EQUAL_WEIGHT,2025-07-04,VHT,179,113,0
NN_v1,3,EQUAL_WEIGHT,2025-07-04,VDC,69,43,0
NN_v1,3,EQUAL_WEIGHT,2025-07-11,VHT,180,113,0
NN_v1,3,EQUAL_WEIGHT,2025-07-11,VDC,70,44,1
NN_v1,3,EQUAL_WEIGHT,2025-07-11,VNQ,314,160,2
NN_v1,3,EQUAL_WEIGHT,2025-07-18,VHT,181,114,1
NN_v1,3,EQUAL_WEIGHT,2025-07-18,VDE,470,245,4
NN_v1,3,EQUAL_WEIGHT,2025-07-18,VNQ,315,161,3
NN_v1,3,EQUAL_WEIGHT,2025-07-25,VDE,471,245,0
NN_v1,3,EQUAL_WEIGHT,2025-07-25,VHT,182,114,0
NN_v1,3,EQUAL_WEIGHT,2025-07-25,VDC,71,44,0
NN_v1,3,EQUAL_WEIGHT,2025-08-01,VDE,472,245,0
NN_v1,3,EQUAL_WEIGHT,2025-08-01,VNQ,316,161,0
NN_v1,3,EQUAL_WEIGHT,2025-08-01,VIS,186,98,1
NN_v1,3,EQUAL_WEIGHT,2025-08-08,VDE,473,246,1
NN_v1,3,EQUAL_WEIGHT,2025-08-08,VNQ,317,162,1
NN_v1,3,EQUAL_WEIGHT,2025-08-08,VHT,183,115,1
NN_v1,3,EQUAL_WEIGHT,2025-08-15,VDE,474,247,2
NN_v1,3,EQUAL_WEIGHT,2025-08-15,VDC,72,45,1
NN_v1,3,EQUAL_WEIGHT,2025-08-15,VNQ,318,163,2
NN_v1,3,EQUAL_WEIGHT,2025-08-22,VPU,205,113,0
NN_v1,3,EQUAL_WEIGHT,2025-08-22,VDC,73,45,0
NN_v1,3,EQUAL_WEIGHT,2025-08-22,VGT,268,151,3
NN_v1,3,EQUAL_WEIGHT,2025-08-29,VDC,74,46,1
NN_v1,3,EQUAL_WEIGHT,2025-08-29,VPU,206,113,0
NN_v1,3,EQUAL_WEIGHT,2025-08-29,VHT,184,116,2
NN_v1,3,EQUAL_WEIGHT,2025-09-05,VDE,475,248,3
NN_v1,3,EQUAL_WEIGHT,2025-09-05,VDC,75,46,0
NN_v1,3,EQUAL_WEIGHT,2025-09-05,VPU,207,114,1
NN_v1,3,EQUAL_WEIGHT,2025-09-12,VDE,476,248,0
NN_v1,3,EQUAL_WEIGHT,2025-09-12,VDC,76,46,0
NN_v1,3,EQUAL_WEIGHT,2025-09-12,VNQ,319,163,0
NN_v1,3,EQUAL_WEIGHT,2025-09-19,VDC,77,46,0
NN_v1,3,EQUAL_WEIGHT,2025-09-19,VNQ,320,163,0
NN_v1,3,EQUAL_WEIGHT,2025-09-19,VHT,185,116,0
NN_v1,3,EQUAL_WEIGHT,2025-09-26,VAW,283,152,2
NN_v1,3,EQUAL_WEIGHT,2025-09-26,VDC,78,46,0
NN_v1,3,EQUAL_WEIGHT,2025-09-26,VHT,186,117,1
NN_v1,3,EQUAL_WEIGHT,2025-10-03,VDC,79,47,1
NN_v1,3,EQUAL_WEIGHT,2025-10-03,VAW,284,152,0
NN_v1,3,EQUAL_WEIGHT,2025-10-03,VDE,477,248,0
NN_v1,3,EQUAL_WEIGHT,2025-10-10,VDE,478,248,0
NN_v1,3,EQUAL_WEIGHT,2025-10-10,VOX,242,134,4
NN_v1,3,EQUAL_WEIGHT,2025-10-10,VFH,306,162,0
NN_v1,3,EQUAL_WEIGHT,2025-10-17,VDE,479,249,1
NN_v1,3,EQUAL_WEIGHT,2025-10-17,VAW,285,152,0
NN_v1,3,EQUAL_WEIGHT,2025-10-17,VCR,229,116,3
NN_v1,3,EQUAL_WEIGHT,2025-10-24,VFH,307,162,0
NN_v1,3,EQUAL_WEIGHT,2025-10-24,VDC,80,47,0
NN_v1,3,EQUAL_WEIGHT,2025-10-24,VDE,480,249,0
NN_v1,3,EQUAL_WEIGHT,2025-10-31,VDC,81,48,1
NN_v1,3,EQUAL_WEIGHT,2025-10-31,VAW,286,152,0
NN_v1,3,EQUAL_WEIGHT,2025-10-31,VNQ,321,164,1
NN_v1,3,EQUAL_WEIGHT,2025-11-07,VDC,82,49,2
NN_v1,3,EQUAL_WEIGHT,2025-11-07,VCR,230,116,0
NN_v1,3,EQUAL_WEIGHT,2025-11-07,VNQ,322,164,0
NN_v1,3,EQUAL_WEIGHT,2025-11-14,VCR,231,116,0
NN_v1,3,EQUAL_WEIGHT,2025-11-14,VAW,287,152,0
NN_v1,3,EQUAL_WEIGHT,2025-11-14,VGT,269,151,0
NN_v1,3,EQUAL_WEIGHT,2025-11-21,VNQ,323,165,1
NN_v1,3,EQUAL_WEIGHT,2025-11-21,VDE,481,250,1
NN_v1,3,EQUAL_WEIGHT,2025-11-21,VGT,270,152,1
NN_v1,3,EQUAL_WEIGHT,2025-11-28,VGT,271,153,2
NN_v1,3,EQUAL_WEIGHT,2025-11-28,VDE,482,251,2
NN_v1,3,EQUAL_WEIGHT,2025-11-28,VNQ,324,165,0
NN_v1,3,EQUAL_WEIGHT,2025-12-05,VPU,208,114,0
NN_v1,3,EQUAL_WEIGHT,2025-12-05,VNQ,325,165,0
NN_v1,3,EQUAL_WEIGHT,2025-12-05,VAW,288,153,1
NN_v1,3,EQUAL_WEIGHT,2025-12-12,VOX,243,134,0
NN_v1,3,EQUAL_WEIGHT,2025-12-12,VNQ,326,165,0
NN_v1,3,EQUAL_WEIGHT,2025-12-12,VGT,272,153,0
NN_v1,3,EQUAL_WEIGHT,2025-12-19,VDE,483,251,0
NN_v1,3,EQUAL_WEIGHT,2025-12-19,VPU,209,115,1
NN_v1,3,EQUAL_WEIGHT,2025-12-19,VNQ,327,166,1
NN_v1,3,EQUAL_WEIGHT,2025-12-26,VDE,484,252,1
NN_v1,3,EQUAL_WEIGHT,2025-12-26,VPU,210,116,2
NN_v1,3,EQUAL_WEIGHT,2025-12-26,VNQ,328,166,0
NN_v1,3,EQUAL_WEIGHT,2026-01-02,VCR,232,117,1
NN_v1,3,EQUAL_WEIGHT,2026-01-02,VGT,273,153,0
NN_v1,3,EQUAL_WEIGHT,2026-01-02,VFH,308,163,1
NN_v1,3,EQUAL_WEIGHT,2026-01-09,VGT,274,154,1
NN_v1,3,EQUAL_WEIGHT,2026-01-09,VPU,211,117,3
NN_v1,3,EQUAL_WEIGHT,2026-01-09,VCR,233,117,0
NN_v1,3,EQUAL_WEIGHT,2026-01-16,VGT,275,155,2
NN_v1,3,EQUAL_WEIGHT,2026-01-16,VCR,234,118,1
NN_v1,3,EQUAL_WEIGHT,2026-01-16,VOX,244,135,1
NN_v1,3,EQUAL_WEIGHT,2026-01-23,VCR,235,118,0
NN_v1,3,EQUAL_WEIGHT,2026-01-23,VGT,276,155,0
NN_v1,3,EQUAL_WEIGHT,2026-01-23,VFH,309,164,2
NN_v1,3,EQUAL_WEIGHT,2026-01-30,VCR,236,118,0
NN_v1,3,EQUAL_WEIGHT,2026-01-30,VNQ,329,167,1
NN_v1,3,EQUAL_WEIGHT,2026-01-30,VPU,212,118,4
NN_v1,3,EQUAL_WEIGHT,2026-02-06,VOX,245,135,0
NN_v1,3,EQUAL_WEIGHT,2026-02-06,VPU,213,119,5
NN_v1,3,EQUAL_WEIGHT,2026-02-06,VGT,277,155,0
NN_v1,3,EQUAL_WEIGHT,2026-02-13,VOX,246,136,1
NN_v1,3,EQUAL_WEIGHT,2026-02-13,VFH,310,165,3
NN_v1,3,EQUAL_WEIGHT,2026-02-13,VCR,237,119,1
NN_v1,3,EQUAL_WEIGHT,2026-02-20,VFH,311,165,0
NN_v1,3,EQUAL_WEIGHT,2026-02-20,VOX,247,137,2
NN_v1,3,EQUAL_WEIGHT,2026-02-20,VCR,238,119,0
NN_v1,3,EQUAL_WEIGHT,2026-02-27,VFH,312,165,0
NN_v1,3,EQUAL_WEIGHT,2026-02-27,VCR,239,120,1
NN_v1,3,EQUAL_WEIGHT,2026-02-27,VGT,278,156,1
NN_v1,3,EQUAL_WEIGHT,2026-03-06,VAW,289,153,0
NN_v1,3,EQUAL_WEIGHT,2026-03-06,VHT,187,117,0
NN_v1,3,EQUAL_WEIGHT,2026-03-06,VCR,240,120,0
NN_v1,3,EQUAL_WEIGHT,2026-03-13,VHT,188,117,0
NN_v1,3,EQUAL_WEIGHT,2026-03-13,VAW,290,153,0
NN_v1,3,EQUAL_WEIGHT,2026-03-13,VCR,241,120,0
NN_v1,3,EQUAL_WEIGHT,2026-03-20,VAW,291,154,1
NN_v1,3,EQUAL_WEIGHT,2026-03-20,VCR,242,120,0
NN_v1,3,EQUAL_WEIGHT,2026-03-20,VHT,189,117,0
NN_v1,3,EQUAL_WEIGHT,2026-03-27,VOX,248,138,3
NN_v1,3,EQUAL_WEIGHT,2026-03-27,VGT,279,157,2
NN_v1,3,EQUAL_WEIGHT,2026-03-27,VCR,243,121,1
NN_v1,3,EQUAL_WEIGHT,2026-04-03,VDC,83,50,3
NN_v1,3,EQUAL_WEIGHT,2026-04-03,VGT,280,158,3
NN_v1,3,EQUAL_WEIGHT,2026-04-03,VCR,244,122,2
NN_v1,3,EQUAL_WEIGHT,2026-04-10,VDE,485,252,0
NN_v1,3,EQUAL_WEIGHT,2026-04-10,VDC,84,51,4
NN_v1,3,EQUAL_WEIGHT,2026-04-10,VHT,190,118,1
NN_v1,3,EQUAL_WEIGHT,2026-04-17,VDE,486,253,1
NN_v1,3,EQUAL_WEIGHT,2026-04-17,VAW,292,155,2
NN_v1,3,EQUAL_WEIGHT,2026-04-17,VDC,85,52,5
NN_v1,3,EQUAL_WEIGHT,2026-04-24,VHT,191,119,2
NN_v1,3,EQUAL_WEIGHT,2026-04-24,VOX,249,139,4
NN_v1,3,EQUAL_WEIGHT,2026-04-24,VFH,313,166,1
NN_v1,3,EQUAL_WEIGHT,2026-05-01,VCR,245,123,3
NN_v1,3,EQUAL_WEIGHT,2026-05-01,VFH,314,166,0
NN_v1,3,EQUAL_WEIGHT,2026-05-01,VOX,250,140,5
NN_v1,3,EQUAL_WEIGHT,2026-05-08,VDE,487,254,2
NN_v1,3,EQUAL_WEIGHT,2026-05-08,VHT,192,120,3
NN_v1,3,EQUAL_WEIGHT,2026-05-08,VPU,214,119,0
NN_v1,3,EQUAL_WEIGHT,2026-05-15,VAW,293,156,3
NN_v1,3,EQUAL_WEIGHT,2026-05-15,VCR,246,124,4
NN_v1,3,EQUAL_WEIGHT,2026-05-15,VHT,193,121,4
NN_v1,3,EQUAL_WEIGHT,2026-05-22,VAW,294,157,4
NN_v1,3,EQUAL_WEIGHT,2026-05-22,VDE,488,254,0
NN_v1,3,EQUAL_WEIGHT,2026-05-22,VPU,215,119,0
NN_v1,3,EQUAL_WEIGHT,2026-05-29,VDE,489,255,1
NN_v1,3,EQUAL_WEIGHT,2026-05-29,VPU,216,120,1
NN_v1,3,EQUAL_WEIGHT,2026-05-29,VDC,86,53,6
NN_v1,3,EQUAL_WEIGHT,2026-06-05,VDE,490,255,0
NN_v1,3,EQUAL_WEIGHT,2026-06-05,VCR,247,125,5
NN_v1,3,EQUAL_WEIGHT,2026-06-05,VOX,251,140,0
NN_v1,3,EQUAL_WEIGHT,2026-06-12,VOX,252,140,0
NN_v1,3,EQUAL_WEIGHT,2026-06-12,VCR,248,125,0
NN_v1,3,EQUAL_WEIGHT,2026-06-12,VDE,491,255,0
NN_v1,3,EQUAL_WEIGHT,2026-06-19,VDE,492,255,0
NN_v1,3,EQUAL_WEIGHT,2026-06-19,VOX,253,140,0
NN_v1,3,EQUAL_WEIGHT,2026-06-19,VCR,249,125,0
NN_v1,3,EQUAL_WEIGHT,2026-06-26,VDE,493,255,0
NN_v1,3,EQUAL_WEIGHT,2026-06-26,VOX,254,141,1
NN_v1,3,EQUAL_WEIGHT,2026-06-26,VGT,281,158,0
NN_v1,3,EQUAL_WEIGHT,2026-07-03,VDE,494,256,1
NN_v1,3,EQUAL_WEIGHT,2026-07-03,VGT,282,159,1
NN_v1,3,EQUAL_WEIGHT,2026-07-03,VOX,255,142,2
NN_v1,3,EQUAL_WEIGHT,2026-07-10,VDE,495,257,2
NN_v1,3,EQUAL_WEIGHT,2026-07-10,VPU,217,120,0
NN_v1,3,EQUAL_WEIGHT,2026-07-10,VAW,295,157,0
NN_v1,3,EQUAL_WEIGHT,2026-07-17,VGT,283,159,0
NN_v1,3,EQUAL_WEIGHT,2026-07-17,VHT,194,122,5
NN_v1,3,EQUAL_WEIGHT,2026-07-17,VPU,218,121,1
NN_v1,3,EQUAL_WEIGHT,2026-07-31,VGT,284,160,1
NN_v1,3,EQUAL_WEIGHT,2026-07-31,VOX,256,143,3
NN_v1,3,EQUAL_WEIGHT,2026-07-31,VPU,219,121,0
NN_v1,3,PAPER_WEIGHT_NORMALIZED,2008-01-04,VFH,1,0,0
NN_v1,3,PAPER_WEIGHT_NORMALIZED,2008-01-04,VNQ,1,1,1
NN_v1,3,PAPER_WEIGHT_NORMALIZED,2008-01-04,VCR,1,0,0
NN_v1,3,PAPER_WEIGHT_NORMALIZED,2008-01-11,VNQ,2,1,0
NN_v1,3,PAPER_WEIGHT_NORMALIZED,2008-01-11,VFH,2,0,0
NN_v1,3,PAPER_WEIGHT_NORMALIZED,2008-01-11,VCR,2,0,0
NN_v1,3,PAPER_WEIGHT_NORMALIZED,2008-01-18,VNQ,3,2,1
NN_v1,3,PAPER_WEIGHT_NORMALIZED,2008-01-18,VFH,3,1,1
NN_v1,3,PAPER_WEIGHT_NORMALIZED,2008-01-18,VCR,3,1,1
NN_v1,3,PAPER_WEIGHT_NORMALIZED,2008-01-25,VOX,1,1,1
NN_v1,3,PAPER_WEIGHT_NORMALIZED,2008-01-25,VPU,1,1,1
NN_v1,3,PAPER_WEIGHT_NORMALIZED,2008-01-25,VGT,1,1,1
NN_v1,3,PAPER_WEIGHT_NORMALIZED,2008-02-01,VGT,2,1,0
NN_v1,3,PAPER_WEIGHT_NORMALIZED,2008-02-01,VHT,1,0,0
NN_v1,3,PAPER_WEIGHT_NORMALIZED,2008-02-01,VDE,1,0,0
NN_v1,3,PAPER_WEIGHT_NORMALIZED,2008-02-08,VGT,3,2,1
NN_v1,3,PAPER_WEIGHT_NORMALIZED,2008-02-08,VOX,2,2,2
NN_v1,3,PAPER_WEIGHT_NORMALIZED,2008-02-08,VFH,4,1,0
NN_v1,3,PAPER_WEIGHT_NORMALIZED,2008-02-15,VFH,5,1,0
NN_v1,3,PAPER_WEIGHT_NORMALIZED,2008-02-15,VNQ,4,2,0
NN_v1,3,PAPER_WEIGHT_NORMALIZED,2008-02-15,VGT,4,2,0
NN_v1,3,PAPER_WEIGHT_NORMALIZED,2008-02-22,VOX,3,2,0
NN_v1,3,PAPER_WEIGHT_NORMALIZED,2008-02-22,VGT,5,2,0
NN_v1,3,PAPER_WEIGHT_NORMALIZED,2008-02-22,VFH,6,1,0
NN_v1,3,PAPER_WEIGHT_NORMALIZED,2008-02-29,VFH,7,1,0
NN_v1,3,PAPER_WEIGHT_NORMALIZED,2008-02-29,VOX,4,2,0
NN_v1,3,PAPER_WEIGHT_NORMALIZED,2008-02-29,VGT,6,2,0
NN_v1,3,PAPER_WEIGHT_NORMALIZED,2008-03-07,VFH,8,1,0
NN_v1,3,PAPER_WEIGHT_NORMALIZED,2008-03-07,VOX,5,2,0
NN_v1,3,PAPER_WEIGHT_NORMALIZED,2008-03-07,VGT,7,2,0
NN_v1,3,PAPER_WEIGHT_NORMALIZED,2008-03-14,VOX,6,3,1
NN_v1,3,PAPER_WEIGHT_NORMALIZED,2008-03-14,VFH,9,2,1
NN_v1,3,PAPER_WEIGHT_NORMALIZED,2008-03-14,VHT,2,1,1
NN_v1,3,PAPER_WEIGHT_NORMALIZED,2008-03-21,VOX,7,4,2
NN_v1,3,PAPER_WEIGHT_NORMALIZED,2008-03-21,VGT,8,2,0
NN_v1,3,PAPER_WEIGHT_NORMALIZED,2008-03-21,VAW,1,1,1
NN_v1,3,PAPER_WEIGHT_NORMALIZED,2008-03-28,VFH,10,3,2
NN_v1,3,PAPER_WEIGHT_NORMALIZED,2008-03-28,VGT,9,3,1
NN_v1,3,PAPER_WEIGHT_NORMALIZED,2008-03-28,VPU,2,2,2
NN_v1,3,PAPER_WEIGHT_NORMALIZED,2008-04-04,VFH,11,3,0
NN_v1,3,PAPER_WEIGHT_NORMALIZED,2008-04-04,VOX,8,4,0
NN_v1,3,PAPER_WEIGHT_NORMALIZED,2008-04-04,VHT,3,1,0
NN_v1,3,PAPER_WEIGHT_NORMALIZED,2008-04-11,VOX,9,5,1
NN_v1,3,PAPER_WEIGHT_NORMALIZED,2008-04-11,VFH,12,4,1
NN_v1,3,PAPER_WEIGHT_NORMALIZED,2008-04-11,VHT,4,2,1
NN_v1,3,PAPER_WEIGHT_NORMALIZED,2008-04-18,VOX,10,6,2
NN_v1,3,PAPER_WEIGHT_NORMALIZED,2008-04-18,VFH,13,5,2
NN_v1,3,PAPER_WEIGHT_NORMALIZED,2008-04-18,VHT,5,3,2
NN_v1,3,PAPER_WEIGHT_NORMALIZED,2008-04-25,VHT,6,4,3
NN_v1,3,PAPER_WEIGHT_NORMALIZED,2008-04-25,VFH,14,6,3
NN_v1,3,PAPER_WEIGHT_NORMALIZED,2008-04-25,VAW,2,1,0
NN_v1,3,PAPER_WEIGHT_NORMALIZED,2008-05-02,VAW,3,2,1
NN_v1,3,PAPER_WEIGHT_NORMALIZED,2008-05-02,VNQ,5,2,0
NN_v1,3,PAPER_WEIGHT_NORMALIZED,2008-05-02,VHT,7,4,0
NN_v1,3,PAPER_WEIGHT_NORMALIZED,2008-05-09,VFH,15,7,4
NN_v1,3,PAPER_WEIGHT_NORMALIZED,2008-05-09,VNQ,6,3,1
NN_v1,3,PAPER_WEIGHT_NORMALIZED,2008-05-09,VAW,4,3,2
NN_v1,3,PAPER_WEIGHT_NORMALIZED,2008-05-16,VFH,16,7,0
NN_v1,3,PAPER_WEIGHT_NORMALIZED,2008-05-16,VOX,11,6,0
NN_v1,3,PAPER_WEIGHT_NORMALIZED,2008-05-16,VCR,4,1,0
NN_v1,3,PAPER_WEIGHT_NORMALIZED,2008-05-23,VFH,17,8,1
NN_v1,3,PAPER_WEIGHT_NORMALIZED,2008-05-23,VIS,1,1,1
NN_v1,3,PAPER_WEIGHT_NORMALIZED,2008-05-23,VCR,5,2,1
NN_v1,3,PAPER_WEIGHT_NORMALIZED,2008-05-30,VFH,18,8,0
NN_v1,3,PAPER_WEIGHT_NORMALIZED,2008-05-30,VAW,5,4,3
NN_v1,3,PAPER_WEIGHT_NORMALIZED,2008-05-30,VDE,2,1,1
NN_v1,3,PAPER_WEIGHT_NORMALIZED,2008-06-06,VFH,19,8,0
NN_v1,3,PAPER_WEIGHT_NORMALIZED,2008-06-06,VNQ,7,3,0
NN_v1,3,PAPER_WEIGHT_NORMALIZED,2008-06-06,VOX,12,6,0
NN_v1,3,PAPER_WEIGHT_NORMALIZED,2008-06-13,VFH,20,8,0
NN_v1,3,PAPER_WEIGHT_NORMALIZED,2008-06-13,VNQ,8,3,0
NN_v1,3,PAPER_WEIGHT_NORMALIZED,2008-06-13,VIS,2,1,0
NN_v1,3,PAPER_WEIGHT_NORMALIZED,2008-06-20,VFH,21,8,0
NN_v1,3,PAPER_WEIGHT_NORMALIZED,2008-06-20,VNQ,9,3,0
NN_v1,3,PAPER_WEIGHT_NORMALIZED,2008-06-20,VIS,3,1,0
NN_v1,3,PAPER_WEIGHT_NORMALIZED,2008-06-27,VFH,22,8,0
NN_v1,3,PAPER_WEIGHT_NORMALIZED,2008-06-27,VNQ,10,3,0
NN_v1,3,PAPER_WEIGHT_NORMALIZED,2008-06-27,VCR,6,2,0
NN_v1,3,PAPER_WEIGHT_NORMALIZED,2008-07-04,VFH,23,8,0
NN_v1,3,PAPER_WEIGHT_NORMALIZED,2008-07-04,VNQ,11,3,0
NN_v1,3,PAPER_WEIGHT_NORMALIZED,2008-07-04,VIS,4,1,0
NN_v1,3,PAPER_WEIGHT_NORMALIZED,2008-07-11,VFH,24,9,1
NN_v1,3,PAPER_WEIGHT_NORMALIZED,2008-07-11,VCR,7,3,1
NN_v1,3,PAPER_WEIGHT_NORMALIZED,2008-07-11,VNQ,12,4,1
NN_v1,3,PAPER_WEIGHT_NORMALIZED,2008-07-18,VDE,3,1,0
NN_v1,3,PAPER_WEIGHT_NORMALIZED,2008-07-18,VAW,6,4,0
NN_v1,3,PAPER_WEIGHT_NORMALIZED,2008-07-18,VOX,13,7,1
NN_v1,3,PAPER_WEIGHT_NORMALIZED,2008-07-25,VDE,4,2,1
NN_v1,3,PAPER_WEIGHT_NORMALIZED,2008-07-25,VAW,7,5,1
NN_v1,3,PAPER_WEIGHT_NORMALIZED,2008-07-25,VOX,14,7,0
NN_v1,3,PAPER_WEIGHT_NORMALIZED,2008-08-01,VDE,5,2,0
NN_v1,3,PAPER_WEIGHT_NORMALIZED,2008-08-01,VAW,8,5,0
NN_v1,3,PAPER_WEIGHT_NORMALIZED,2008-08-01,VOX,15,8,1
NN_v1,3,PAPER_WEIGHT_NORMALIZED,2008-08-08,VDE,6,2,0
NN_v1,3,PAPER_WEIGHT_NORMALIZED,2008-08-08,VAW,9,6,1
NN_v1,3,PAPER_WEIGHT_NORMALIZED,2008-08-08,VFH,25,9,0
NN_v1,3,PAPER_WEIGHT_NORMALIZED,2008-08-15,VDE,7,3,1
NN_v1,3,PAPER_WEIGHT_NORMALIZED,2008-08-15,VAW,10,7,2
NN_v1,3,PAPER_WEIGHT_NORMALIZED,2008-08-15,VFH,26,9,0
NN_v1,3,PAPER_WEIGHT_NORMALIZED,2008-08-22,VFH,27,10,1
NN_v1,3,PAPER_WEIGHT_NORMALIZED,2008-08-22,VAW,11,7,0
NN_v1,3,PAPER_WEIGHT_NORMALIZED,2008-08-22,VNQ,13,5,2
NN_v1,3,PAPER_WEIGHT_NORMALIZED,2008-08-29,VDE,8,3,0
NN_v1,3,PAPER_WEIGHT_NORMALIZED,2008-08-29,VAW,12,7,0
NN_v1,3,PAPER_WEIGHT_NORMALIZED,2008-08-29,VOX,16,8,0
NN_v1,3,PAPER_WEIGHT_NORMALIZED,2008-09-05,VDE,9,3,0
NN_v1,3,PAPER_WEIGHT_NORMALIZED,2008-09-05,VAW,13,8,1
NN_v1,3,PAPER_WEIGHT_NORMALIZED,2008-09-05,VPU,3,3,3
NN_v1,3,PAPER_WEIGHT_NORMALIZED,2008-09-12,VDE,10,4,1
NN_v1,3,PAPER_WEIGHT_NORMALIZED,2008-09-12,VAW,14,9,2
NN_v1,3,PAPER_WEIGHT_NORMALIZED,2008-09-12,VGT,10,4,2
NN_v1,3,PAPER_WEIGHT_NORMALIZED,2008-09-19,VAW,15,9,0
NN_v1,3,PAPER_WEIGHT_NORMALIZED,2008-09-19,VDE,11,4,0
NN_v1,3,PAPER_WEIGHT_NORMALIZED,2008-09-19,VGT,11,4,0
NN_v1,3,PAPER_WEIGHT_NORMALIZED,2008-09-26,VAW,16,9,0
NN_v1,3,PAPER_WEIGHT_NORMALIZED,2008-09-26,VDE,12,4,0
NN_v1,3,PAPER_WEIGHT_NORMALIZED,2008-09-26,VOX,17,8,0
NN_v1,3,PAPER_WEIGHT_NORMALIZED,2008-10-03,VAW,17,9,0
NN_v1,3,PAPER_WEIGHT_NORMALIZED,2008-10-03,VDE,13,4,0
NN_v1,3,PAPER_WEIGHT_NORMALIZED,2008-10-03,VIS,5,1,0
NN_v1,3,PAPER_WEIGHT_NORMALIZED,2008-10-10,VDE,14,5,1
NN_v1,3,PAPER_WEIGHT_NORMALIZED,2008-10-10,VAW,18,9,0
NN_v1,3,PAPER_WEIGHT_NORMALIZED,2008-10-10,VFH,28,10,0
NN_v1,3,PAPER_WEIGHT_NORMALIZED,2008-10-17,VDE,15,5,0
NN_v1,3,PAPER_WEIGHT_NORMALIZED,2008-10-17,VNQ,14,5,0
NN_v1,3,PAPER_WEIGHT_NORMALIZED,2008-10-17,VAW,19,9,0
NN_v1,3,PAPER_WEIGHT_NORMALIZED,2008-10-24,VNQ,15,6,1
NN_v1,3,PAPER_WEIGHT_NORMALIZED,2008-10-24,VAW,20,10,1
NN_v1,3,PAPER_WEIGHT_NORMALIZED,2008-10-24,VDE,16,6,1
NN_v1,3,PAPER_WEIGHT_NORMALIZED,2008-10-31,VAW,21,10,0
NN_v1,3,PAPER_WEIGHT_NORMALIZED,2008-10-31,VNQ,16,6,0
NN_v1,3,PAPER_WEIGHT_NORMALIZED,2008-10-31,VGT,12,4,0
NN_v1,3,PAPER_WEIGHT_NORMALIZED,2008-11-07,VAW,22,10,0
NN_v1,3,PAPER_WEIGHT_NORMALIZED,2008-11-07,VDE,17,6,0
NN_v1,3,PAPER_WEIGHT_NORMALIZED,2008-11-07,VCR,8,3,0
NN_v1,3,PAPER_WEIGHT_NORMALIZED,2008-11-14,VNQ,17,6,0
NN_v1,3,PAPER_WEIGHT_NORMALIZED,2008-11-14,VAW,23,10,0
NN_v1,3,PAPER_WEIGHT_NORMALIZED,2008-11-14,VFH,29,10,0
NN_v1,3,PAPER_WEIGHT_NORMALIZED,2008-11-21,VNQ,18,7,1
NN_v1,3,PAPER_WEIGHT_NORMALIZED,2008-11-21,VFH,30,11,1
NN_v1,3,PAPER_WEIGHT_NORMALIZED,2008-11-21,VAW,24,11,1
NN_v1,3,PAPER_WEIGHT_NORMALIZED,2008-11-28,VNQ,19,8,2
NN_v1,3,PAPER_WEIGHT_NORMALIZED,2008-11-28,VHT,8,5,1
NN_v1,3,PAPER_WEIGHT_NORMALIZED,2008-11-28,VAW,25,11,0
NN_v1,3,PAPER_WEIGHT_NORMALIZED,2008-12-05,VAW,26,12,1
NN_v1,3,PAPER_WEIGHT_NORMALIZED,2008-12-05,VDE,18,7,1
NN_v1,3,PAPER_WEIGHT_NORMALIZED,2008-12-05,VGT,13,5,1
NN_v1,3,PAPER_WEIGHT_NORMALIZED,2008-12-12,VFH,31,12,2
NN_v1,3,PAPER_WEIGHT_NORMALIZED,2008-12-12,VNQ,20,9,3
NN_v1,3,PAPER_WEIGHT_NORMALIZED,2008-12-12,VIS,6,2,1
NN_v1,3,PAPER_WEIGHT_NORMALIZED,2008-12-19,VFH,32,12,0
NN_v1,3,PAPER_WEIGHT_NORMALIZED,2008-12-19,VDE,19,7,0
NN_v1,3,PAPER_WEIGHT_NORMALIZED,2008-12-19,VAW,27,12,0
NN_v1,3,PAPER_WEIGHT_NORMALIZED,2008-12-26,VFH,33,13,1
NN_v1,3,PAPER_WEIGHT_NORMALIZED,2008-12-26,VNQ,21,10,4
NN_v1,3,PAPER_WEIGHT_NORMALIZED,2008-12-26,VAW,28,13,1
NN_v1,3,PAPER_WEIGHT_NORMALIZED,2009-01-02,VNQ,22,10,0
NN_v1,3,PAPER_WEIGHT_NORMALIZED,2009-01-02,VFH,34,13,0
NN_v1,3,PAPER_WEIGHT_NORMALIZED,2009-01-02,VGT,14,5,0
NN_v1,3,PAPER_WEIGHT_NORMALIZED,2009-01-09,VNQ,23,10,0
NN_v1,3,PAPER_WEIGHT_NORMALIZED,2009-01-09,VHT,9,6,2
NN_v1,3,PAPER_WEIGHT_NORMALIZED,2009-01-09,VFH,35,13,0
NN_v1,3,PAPER_WEIGHT_NORMALIZED,2009-01-16,VFH,36,13,0
NN_v1,3,PAPER_WEIGHT_NORMALIZED,2009-01-16,VNQ,24,10,0
NN_v1,3,PAPER_WEIGHT_NORMALIZED,2009-01-16,VCR,9,3,0
NN_v1,3,PAPER_WEIGHT_NORMALIZED,2009-01-23,VFH,37,14,1
NN_v1,3,PAPER_WEIGHT_NORMALIZED,2009-01-23,VNQ,25,10,0
NN_v1,3,PAPER_WEIGHT_NORMALIZED,2009-01-23,VCR,10,3,0
NN_v1,3,PAPER_WEIGHT_NORMALIZED,2009-01-30,VFH,38,15,2
NN_v1,3,PAPER_WEIGHT_NORMALIZED,2009-01-30,VCR,11,4,1
NN_v1,3,PAPER_WEIGHT_NORMALIZED,2009-01-30,VNQ,26,11,1
NN_v1,3,PAPER_WEIGHT_NORMALIZED,2009-02-06,VDC,1,0,0
NN_v1,3,PAPER_WEIGHT_NORMALIZED,2009-02-06,VNQ,27,11,0
NN_v1,3,PAPER_WEIGHT_NORMALIZED,2009-02-06,VCR,12,4,0
NN_v1,3,PAPER_WEIGHT_NORMALIZED,2009-02-13,VNQ,28,11,0
NN_v1,3,PAPER_WEIGHT_NORMALIZED,2009-02-13,VDC,2,0,0
NN_v1,3,PAPER_WEIGHT_NORMALIZED,2009-02-13,VPU,4,3,0
NN_v1,3,PAPER_WEIGHT_NORMALIZED,2009-02-20,VFH,39,15,0
NN_v1,3,PAPER_WEIGHT_NORMALIZED,2009-02-20,VNQ,29,11,0
NN_v1,3,PAPER_WEIGHT_NORMALIZED,2009-02-20,VOX,18,8,0
NN_v1,3,PAPER_WEIGHT_NORMALIZED,2009-02-27,VFH,40,15,0
NN_v1,3,PAPER_WEIGHT_NORMALIZED,2009-02-27,VPU,5,3,0
NN_v1,3,PAPER_WEIGHT_NORMALIZED,2009-02-27,VDE,20,7,0
NN_v1,3,PAPER_WEIGHT_NORMALIZED,2009-03-06,VHT,10,7,3
NN_v1,3,PAPER_WEIGHT_NORMALIZED,2009-03-06,VFH,41,16,1
NN_v1,3,PAPER_WEIGHT_NORMALIZED,2009-03-06,VNQ,30,12,1
NN_v1,3,PAPER_WEIGHT_NORMALIZED,2009-03-13,VPU,6,4,1
NN_v1,3,PAPER_WEIGHT_NORMALIZED,2009-03-13,VDE,21,8,1
NN_v1,3,PAPER_WEIGHT_NORMALIZED,2009-03-13,VDC,3,1,1
NN_v1,3,PAPER_WEIGHT_NORMALIZED,2009-03-20,VNQ,31,12,0
NN_v1,3,PAPER_WEIGHT_NORMALIZED,2009-03-20,VHT,11,8,4
NN_v1,3,PAPER_WEIGHT_NORMALIZED,2009-03-20,VDC,4,2,2
NN_v1,3,PAPER_WEIGHT_NORMALIZED,2009-03-27,VNQ,32,13,1
NN_v1,3,PAPER_WEIGHT_NORMALIZED,2009-03-27,VHT,12,8,0
NN_v1,3,PAPER_WEIGHT_NORMALIZED,2009-03-27,VPU,7,5,2
NN_v1,3,PAPER_WEIGHT_NORMALIZED,2009-04-03,VHT,13,9,1
NN_v1,3,PAPER_WEIGHT_NORMALIZED,2009-04-03,VPU,8,6,3
NN_v1,3,PAPER_WEIGHT_NORMALIZED,2009-04-03,VDC,5,3,3
NN_v1,3,PAPER_WEIGHT_NORMALIZED,2009-04-10,VHT,14,10,2
NN_v1,3,PAPER_WEIGHT_NORMALIZED,2009-04-10,VPU,9,6,0
NN_v1,3,PAPER_WEIGHT_NORMALIZED,2009-04-10,VDE,22,9,2
NN_v1,3,PAPER_WEIGHT_NORMALIZED,2009-04-17,VPU,10,6,0
NN_v1,3,PAPER_WEIGHT_NORMALIZED,2009-04-17,VDE,23,10,3
NN_v1,3,PAPER_WEIGHT_NORMALIZED,2009-04-17,VHT,15,10,0
NN_v1,3,PAPER_WEIGHT_NORMALIZED,2009-04-24,VPU,11,7,1
NN_v1,3,PAPER_WEIGHT_NORMALIZED,2009-04-24,VHT,16,11,1
NN_v1,3,PAPER_WEIGHT_NORMALIZED,2009-04-24,VOX,19,9,1
NN_v1,3,PAPER_WEIGHT_NORMALIZED,2009-05-01,VHT,17,12,2
NN_v1,3,PAPER_WEIGHT_NORMALIZED,2009-05-01,VPU,12,8,2
NN_v1,3,PAPER_WEIGHT_NORMALIZED,2009-05-01,VDC,6,4,4
NN_v1,3,PAPER_WEIGHT_NORMALIZED,2009-05-08,VHT,18,13,3
NN_v1,3,PAPER_WEIGHT_NORMALIZED,2009-05-08,VPU,13,8,0
NN_v1,3,PAPER_WEIGHT_NORMALIZED,2009-05-08,VGT,15,5,0
NN_v1,3,PAPER_WEIGHT_NORMALIZED,2009-05-15,VCR,13,4,0
NN_v1,3,PAPER_WEIGHT_NORMALIZED,2009-05-15,VDE,24,11,4
NN_v1,3,PAPER_WEIGHT_NORMALIZED,2009-05-15,VIS,7,2,0
NN_v1,3,PAPER_WEIGHT_NORMALIZED,2009-05-22,VFH,42,17,2
NN_v1,3,PAPER_WEIGHT_NORMALIZED,2009-05-22,VIS,8,3,1
NN_v1,3,PAPER_WEIGHT_NORMALIZED,2009-05-22,VOX,20,10,2
NN_v1,3,PAPER_WEIGHT_NORMALIZED,2009-05-29,VPU,14,9,1
NN_v1,3,PAPER_WEIGHT_NORMALIZED,2009-05-29,VHT,19,13,0
NN_v1,3,PAPER_WEIGHT_NORMALIZED,2009-05-29,VOX,21,10,0
NN_v1,3,PAPER_WEIGHT_NORMALIZED,2009-06-05,VHT,20,14,1
NN_v1,3,PAPER_WEIGHT_NORMALIZED,2009-06-05,VPU,15,10,2
NN_v1,3,PAPER_WEIGHT_NORMALIZED,2009-06-05,VOX,22,11,1
NN_v1,3,PAPER_WEIGHT_NORMALIZED,2009-06-12,VHT,21,15,2
NN_v1,3,PAPER_WEIGHT_NORMALIZED,2009-06-12,VDC,7,4,0
NN_v1,3,PAPER_WEIGHT_NORMALIZED,2009-06-12,VCR,14,4,0
NN_v1,3,PAPER_WEIGHT_NORMALIZED,2009-06-19,VDE,25,11,0
NN_v1,3,PAPER_WEIGHT_NORMALIZED,2009-06-19,VAW,29,14,2
NN_v1,3,PAPER_WEIGHT_NORMALIZED,2009-06-19,VFH,43,17,0
NN_v1,3,PAPER_WEIGHT_NORMALIZED,2009-06-26,VAW,30,14,0
NN_v1,3,PAPER_WEIGHT_NORMALIZED,2009-06-26,VDE,26,11,0
NN_v1,3,PAPER_WEIGHT_NORMALIZED,2009-06-26,VNQ,33,13,0
NN_v1,3,PAPER_WEIGHT_NORMALIZED,2009-07-03,VAW,31,14,0
NN_v1,3,PAPER_WEIGHT_NORMALIZED,2009-07-03,VFH,44,17,0
NN_v1,3,PAPER_WEIGHT_NORMALIZED,2009-07-03,VDE,27,11,0
NN_v1,3,PAPER_WEIGHT_NORMALIZED,2009-07-10,VFH,45,18,1
NN_v1,3,PAPER_WEIGHT_NORMALIZED,2009-07-10,VNQ,34,14,1
NN_v1,3,PAPER_WEIGHT_NORMALIZED,2009-07-10,VCR,15,5,1
NN_v1,3,PAPER_WEIGHT_NORMALIZED,2009-07-17,VNQ,35,15,2
NN_v1,3,PAPER_WEIGHT_NORMALIZED,2009-07-17,VFH,46,19,2
NN_v1,3,PAPER_WEIGHT_NORMALIZED,2009-07-17,VOX,23,12,2
NN_v1,3,PAPER_WEIGHT_NORMALIZED,2009-07-24,VFH,47,20,3
NN_v1,3,PAPER_WEIGHT_NORMALIZED,2009-07-24,VOX,24,13,3
NN_v1,3,PAPER_WEIGHT_NORMALIZED,2009-07-24,VDE,28,11,0
NN_v1,3,PAPER_WEIGHT_NORMALIZED,2009-07-31,VDE,29,11,0
NN_v1,3,PAPER_WEIGHT_NORMALIZED,2009-07-31,VOX,25,13,0
NN_v1,3,PAPER_WEIGHT_NORMALIZED,2009-07-31,VCR,16,6,2
NN_v1,3,PAPER_WEIGHT_NORMALIZED,2009-08-07,VDE,30,12,1
NN_v1,3,PAPER_WEIGHT_NORMALIZED,2009-08-07,VOX,26,13,0
NN_v1,3,PAPER_WEIGHT_NORMALIZED,2009-08-07,VGT,16,6,1
NN_v1,3,PAPER_WEIGHT_NORMALIZED,2009-08-14,VDE,31,13,2
NN_v1,3,PAPER_WEIGHT_NORMALIZED,2009-08-14,VOX,27,14,1
NN_v1,3,PAPER_WEIGHT_NORMALIZED,2009-08-14,VAW,32,15,1
NN_v1,3,PAPER_WEIGHT_NORMALIZED,2009-08-21,VNQ,36,16,3
NN_v1,3,PAPER_WEIGHT_NORMALIZED,2009-08-21,VCR,17,7,3
NN_v1,3,PAPER_WEIGHT_NORMALIZED,2009-08-21,VOX,28,15,2
NN_v1,3,PAPER_WEIGHT_NORMALIZED,2009-08-28,VIS,9,4,2
NN_v1,3,PAPER_WEIGHT_NORMALIZED,2009-08-28,VAW,33,16,2
NN_v1,3,PAPER_WEIGHT_NORMALIZED,2009-08-28,VDE,32,13,0
NN_v1,3,PAPER_WEIGHT_NORMALIZED,2009-09-04,VDE,33,14,1
NN_v1,3,PAPER_WEIGHT_NORMALIZED,2009-09-04,VNQ,37,17,4
NN_v1,3,PAPER_WEIGHT_NORMALIZED,2009-09-04,VIS,10,5,3
NN_v1,3,PAPER_WEIGHT_NORMALIZED,2009-09-11,VFH,48,21,4
NN_v1,3,PAPER_WEIGHT_NORMALIZED,2009-09-11,VPU,16,11,3
NN_v1,3,PAPER_WEIGHT_NORMALIZED,2009-09-11,VDE,34,15,2
NN_v1,3,PAPER_WEIGHT_NORMALIZED,2009-09-18,VOX,29,16,3
NN_v1,3,PAPER_WEIGHT_NORMALIZED,2009-09-18,VPU,17,11,0
NN_v1,3,PAPER_WEIGHT_NORMALIZED,2009-09-18,VGT,17,6,0
NN_v1,3,PAPER_WEIGHT_NORMALIZED,2009-09-25,VDE,35,15,0
NN_v1,3,PAPER_WEIGHT_NORMALIZED,2009-09-25,VAW,34,16,0
NN_v1,3,PAPER_WEIGHT_NORMALIZED,2009-09-25,VIS,11,5,0
NN_v1,3,PAPER_WEIGHT_NORMALIZED,2009-10-02,VNQ,38,18,5
NN_v1,3,PAPER_WEIGHT_NORMALIZED,2009-10-02,VFH,49,22,5
NN_v1,3,PAPER_WEIGHT_NORMALIZED,2009-10-02,VCR,18,8,4
NN_v1,3,PAPER_WEIGHT_NORMALIZED,2009-10-09,VNQ,39,18,0
NN_v1,3,PAPER_WEIGHT_NORMALIZED,2009-10-09,VPU,18,12,1
NN_v1,3,PAPER_WEIGHT_NORMALIZED,2009-10-09,VAW,35,17,1
NN_v1,3,PAPER_WEIGHT_NORMALIZED,2009-10-16,VNQ,40,18,0
NN_v1,3,PAPER_WEIGHT_NORMALIZED,2009-10-16,VPU,19,12,0
NN_v1,3,PAPER_WEIGHT_NORMALIZED,2009-10-16,VGT,18,7,1
NN_v1,3,PAPER_WEIGHT_NORMALIZED,2009-10-23,VNQ,41,18,0
NN_v1,3,PAPER_WEIGHT_NORMALIZED,2009-10-23,VFH,50,22,0
NN_v1,3,PAPER_WEIGHT_NORMALIZED,2009-10-23,VAW,36,17,0
NN_v1,3,PAPER_WEIGHT_NORMALIZED,2009-10-30,VDE,36,16,1
NN_v1,3,PAPER_WEIGHT_NORMALIZED,2009-10-30,VIS,12,6,1
NN_v1,3,PAPER_WEIGHT_NORMALIZED,2009-10-30,VNQ,42,18,0
NN_v1,3,PAPER_WEIGHT_NORMALIZED,2009-11-06,VNQ,43,19,1
NN_v1,3,PAPER_WEIGHT_NORMALIZED,2009-11-06,VFH,51,23,1
NN_v1,3,PAPER_WEIGHT_NORMALIZED,2009-11-06,VAW,37,18,1
NN_v1,3,PAPER_WEIGHT_NORMALIZED,2009-11-13,VFH,52,23,0
NN_v1,3,PAPER_WEIGHT_NORMALIZED,2009-11-13,VNQ,44,19,0
NN_v1,3,PAPER_WEIGHT_NORMALIZED,2009-11-13,VPU,20,12,0
NN_v1,3,PAPER_WEIGHT_NORMALIZED,2009-11-20,VFH,53,23,0
NN_v1,3,PAPER_WEIGHT_NORMALIZED,2009-11-20,VNQ,45,19,0
NN_v1,3,PAPER_WEIGHT_NORMALIZED,2009-11-20,VCR,19,8,0
NN_v1,3,PAPER_WEIGHT_NORMALIZED,2009-11-27,VNQ,46,20,1
NN_v1,3,PAPER_WEIGHT_NORMALIZED,2009-11-27,VFH,54,24,1
NN_v1,3,PAPER_WEIGHT_NORMALIZED,2009-11-27,VCR,20,9,1
NN_v1,3,PAPER_WEIGHT_NORMALIZED,2009-12-04,VDE,37,16,0
NN_v1,3,PAPER_WEIGHT_NORMALIZED,2009-12-04,VAW,38,19,2
NN_v1,3,PAPER_WEIGHT_NORMALIZED,2009-12-04,VFH,55,24,0
NN_v1,3,PAPER_WEIGHT_NORMALIZED,2009-12-11,VFH,56,24,0
NN_v1,3,PAPER_WEIGHT_NORMALIZED,2009-12-11,VNQ,47,21,2
NN_v1,3,PAPER_WEIGHT_NORMALIZED,2009-12-11,VDE,38,17,1
NN_v1,3,PAPER_WEIGHT_NORMALIZED,2009-12-18,VFH,57,25,1
NN_v1,3,PAPER_WEIGHT_NORMALIZED,2009-12-18,VNQ,48,22,3
NN_v1,3,PAPER_WEIGHT_NORMALIZED,2009-12-18,VAW,39,20,3
NN_v1,3,PAPER_WEIGHT_NORMALIZED,2009-12-25,VFH,58,25,0
NN_v1,3,PAPER_WEIGHT_NORMALIZED,2009-12-25,VDC,8,4,0
NN_v1,3,PAPER_WEIGHT_NORMALIZED,2009-12-25,VIS,13,6,0
NN_v1,3,PAPER_WEIGHT_NORMALIZED,2010-01-01,VFH,59,26,1
NN_v1,3,PAPER_WEIGHT_NORMALIZED,2010-01-01,VIS,14,7,1
NN_v1,3,PAPER_WEIGHT_NORMALIZED,2010-01-01,VCR,21,10,2
NN_v1,3,PAPER_WEIGHT_NORMALIZED,2010-01-08,VDC,9,5,1
NN_v1,3,PAPER_WEIGHT_NORMALIZED,2010-01-08,VNQ,49,22,0
NN_v1,3,PAPER_WEIGHT_NORMALIZED,2010-01-08,VCR,22,10,0
NN_v1,3,PAPER_WEIGHT_NORMALIZED,2010-01-15,VNQ,50,22,0
NN_v1,3,PAPER_WEIGHT_NORMALIZED,2010-01-15,VGT,19,7,0
NN_v1,3,PAPER_WEIGHT_NORMALIZED,2010-01-15,VCR,23,10,0
NN_v1,3,PAPER_WEIGHT_NORMALIZED,2010-01-22,VIS,15,7,0
NN_v1,3,PAPER_WEIGHT_NORMALIZED,2010-01-22,VFH,60,26,0
NN_v1,3,PAPER_WEIGHT_NORMALIZED,2010-01-22,VCR,24,10,0
NN_v1,3,PAPER_WEIGHT_NORMALIZED,2010-01-29,VNQ,51,22,0
NN_v1,3,PAPER_WEIGHT_NORMALIZED,2010-01-29,VFH,61,26,0
NN_v1,3,PAPER_WEIGHT_NORMALIZED,2010-01-29,VIS,16,7,0
NN_v1,3,PAPER_WEIGHT_NORMALIZED,2010-02-05,VGT,20,8,1
NN_v1,3,PAPER_WEIGHT_NORMALIZED,2010-02-05,VNQ,52,22,0
NN_v1,3,PAPER_WEIGHT_NORMALIZED,2010-02-05,VAW,40,21,4
NN_v1,3,PAPER_WEIGHT_NORMALIZED,2010-02-12,VFH,62,27,1
NN_v1,3,PAPER_WEIGHT_NORMALIZED,2010-02-12,VHT,22,16,3
NN_v1,3,PAPER_WEIGHT_NORMALIZED,2010-02-12,VDC,10,6,2
NN_v1,3,PAPER_WEIGHT_NORMALIZED,2010-02-19,VDE,39,17,0
NN_v1,3,PAPER_WEIGHT_NORMALIZED,2010-02-19,VHT,23,16,0
NN_v1,3,PAPER_WEIGHT_NORMALIZED,2010-02-19,VDC,11,6,0
NN_v1,3,PAPER_WEIGHT_NORMALIZED,2010-02-26,VAW,41,22,5
NN_v1,3,PAPER_WEIGHT_NORMALIZED,2010-02-26,VOX,30,17,4
NN_v1,3,PAPER_WEIGHT_NORMALIZED,2010-02-26,VDE,40,18,1
NN_v1,3,PAPER_WEIGHT_NORMALIZED,2010-03-05,VPU,21,12,0
NN_v1,3,PAPER_WEIGHT_NORMALIZED,2010-03-05,VOX,31,18,5
NN_v1,3,PAPER_WEIGHT_NORMALIZED,2010-03-05,VGT,21,9,2
NN_v1,3,PAPER_WEIGHT_NORMALIZED,2010-03-12,VPU,22,13,1
NN_v1,3,PAPER_WEIGHT_NORMALIZED,2010-03-12,VDC,12,7,1
NN_v1,3,PAPER_WEIGHT_NORMALIZED,2010-03-12,VHT,24,17,1
NN_v1,3,PAPER_WEIGHT_NORMALIZED,2010-03-19,VAW,42,23,6
NN_v1,3,PAPER_WEIGHT_NORMALIZED,2010-03-19,VGT,22,10,3
NN_v1,3,PAPER_WEIGHT_NORMALIZED,2010-03-19,VPU,23,13,0
NN_v1,3,PAPER_WEIGHT_NORMALIZED,2010-03-26,VDE,41,19,2
NN_v1,3,PAPER_WEIGHT_NORMALIZED,2010-03-26,VPU,24,14,1
NN_v1,3,PAPER_WEIGHT_NORMALIZED,2010-03-26,VAW,43,24,7
NN_v1,3,PAPER_WEIGHT_NORMALIZED,2010-04-02,VDE,42,20,3
NN_v1,3,PAPER_WEIGHT_NORMALIZED,2010-04-02,VPU,25,15,2
NN_v1,3,PAPER_WEIGHT_NORMALIZED,2010-04-02,VGT,23,11,4
NN_v1,3,PAPER_WEIGHT_NORMALIZED,2010-04-09,VPU,26,15,0
NN_v1,3,PAPER_WEIGHT_NORMALIZED,2010-04-09,VGT,24,12,5
NN_v1,3,PAPER_WEIGHT_NORMALIZED,2010-04-09,VOX,32,18,0
NN_v1,3,PAPER_WEIGHT_NORMALIZED,2010-04-16,VHT,25,17,0
NN_v1,3,PAPER_WEIGHT_NORMALIZED,2010-04-16,VPU,27,16,1
NN_v1,3,PAPER_WEIGHT_NORMALIZED,2010-04-16,VOX,33,19,1
NN_v1,3,PAPER_WEIGHT_NORMALIZED,2010-04-23,VHT,26,17,0
NN_v1,3,PAPER_WEIGHT_NORMALIZED,2010-04-23,VPU,28,16,0
NN_v1,3,PAPER_WEIGHT_NORMALIZED,2010-04-23,VOX,34,19,0
NN_v1,3,PAPER_WEIGHT_NORMALIZED,2010-04-30,VDC,13,7,0
NN_v1,3,PAPER_WEIGHT_NORMALIZED,2010-04-30,VHT,27,17,0
NN_v1,3,PAPER_WEIGHT_NORMALIZED,2010-04-30,VGT,25,12,0
NN_v1,3,PAPER_WEIGHT_NORMALIZED,2010-05-07,VPU,29,17,1
NN_v1,3,PAPER_WEIGHT_NORMALIZED,2010-05-07,VDC,14,7,0
NN_v1,3,PAPER_WEIGHT_NORMALIZED,2010-05-07,VNQ,53,22,0
NN_v1,3,PAPER_WEIGHT_NORMALIZED,2010-05-14,VCR,25,10,0
NN_v1,3,PAPER_WEIGHT_NORMALIZED,2010-05-14,VAW,44,24,0
NN_v1,3,PAPER_WEIGHT_NORMALIZED,2010-05-14,VGT,26,12,0
NN_v1,3,PAPER_WEIGHT_NORMALIZED,2010-05-21,VDC,15,7,0
NN_v1,3,PAPER_WEIGHT_NORMALIZED,2010-05-21,VOX,35,20,1
NN_v1,3,PAPER_WEIGHT_NORMALIZED,2010-05-21,VHT,28,18,1
NN_v1,3,PAPER_WEIGHT_NORMALIZED,2010-05-28,VIS,17,7,0
NN_v1,3,PAPER_WEIGHT_NORMALIZED,2010-05-28,VPU,30,17,0
NN_v1,3,PAPER_WEIGHT_NORMALIZED,2010-05-28,VDC,16,8,1
NN_v1,3,PAPER_WEIGHT_NORMALIZED,2010-06-04,VDC,17,9,2
NN_v1,3,PAPER_WEIGHT_NORMALIZED,2010-06-04,VOX,36,21,2
NN_v1,3,PAPER_WEIGHT_NORMALIZED,2010-06-04,VGT,27,13,1
NN_v1,3,PAPER_WEIGHT_NORMALIZED,2010-06-11,VIS,18,8,1
NN_v1,3,PAPER_WEIGHT_NORMALIZED,2010-06-11,VCR,26,10,0
NN_v1,3,PAPER_WEIGHT_NORMALIZED,2010-06-11,VFH,63,28,2
NN_v1,3,PAPER_WEIGHT_NORMALIZED,2010-06-18,VCR,27,10,0
NN_v1,3,PAPER_WEIGHT_NORMALIZED,2010-06-18,VDC,18,9,0
NN_v1,3,PAPER_WEIGHT_NORMALIZED,2010-06-18,VFH,64,28,0
NN_v1,3,PAPER_WEIGHT_NORMALIZED,2010-06-25,VNQ,54,22,0
NN_v1,3,PAPER_WEIGHT_NORMALIZED,2010-06-25,VPU,31,17,0
NN_v1,3,PAPER_WEIGHT_NORMALIZED,2010-06-25,VDC,19,9,0
NN_v1,3,PAPER_WEIGHT_NORMALIZED,2010-07-02,VPU,32,18,1
NN_v1,3,PAPER_WEIGHT_NORMALIZED,2010-07-02,VDE,43,21,4
NN_v1,3,PAPER_WEIGHT_NORMALIZED,2010-07-02,VDC,20,10,1
NN_v1,3,PAPER_WEIGHT_NORMALIZED,2010-07-09,VNQ,55,22,0
NN_v1,3,PAPER_WEIGHT_NORMALIZED,2010-07-09,VCR,28,10,0
NN_v1,3,PAPER_WEIGHT_NORMALIZED,2010-07-09,VIS,19,8,0
NN_v1,3,PAPER_WEIGHT_NORMALIZED,2010-07-16,VNQ,56,23,1
NN_v1,3,PAPER_WEIGHT_NORMALIZED,2010-07-16,VOX,37,22,3
NN_v1,3,PAPER_WEIGHT_NORMALIZED,2010-07-16,VHT,29,18,0
NN_v1,3,PAPER_WEIGHT_NORMALIZED,2010-07-23,VFH,65,29,1
NN_v1,3,PAPER_WEIGHT_NORMALIZED,2010-07-23,VHT,30,19,1
NN_v1,3,PAPER_WEIGHT_NORMALIZED,2010-07-23,VCR,29,10,0
NN_v1,3,PAPER_WEIGHT_NORMALIZED,2010-07-30,VHT,31,20,2
NN_v1,3,PAPER_WEIGHT_NORMALIZED,2010-07-30,VGT,28,14,2
NN_v1,3,PAPER_WEIGHT_NORMALIZED,2010-07-30,VDC,21,10,0
NN_v1,3,PAPER_WEIGHT_NORMALIZED,2010-08-06,VNQ,57,23,0
NN_v1,3,PAPER_WEIGHT_NORMALIZED,2010-08-06,VGT,29,14,0
NN_v1,3,PAPER_WEIGHT_NORMALIZED,2010-08-06,VIS,20,8,0
NN_v1,3,PAPER_WEIGHT_NORMALIZED,2010-08-13,VNQ,58,23,0
NN_v1,3,PAPER_WEIGHT_NORMALIZED,2010-08-13,VIS,21,9,1
NN_v1,3,PAPER_WEIGHT_NORMALIZED,2010-08-13,VOX,38,22,0
NN_v1,3,PAPER_WEIGHT_NORMALIZED,2010-08-20,VNQ,59,24,1
NN_v1,3,PAPER_WEIGHT_NORMALIZED,2010-08-20,VIS,22,9,0
NN_v1,3,PAPER_WEIGHT_NORMALIZED,2010-08-20,VCR,30,10,0
NN_v1,3,PAPER_WEIGHT_NORMALIZED,2010-08-27,VCR,31,11,1
NN_v1,3,PAPER_WEIGHT_NORMALIZED,2010-08-27,VIS,23,10,1
NN_v1,3,PAPER_WEIGHT_NORMALIZED,2010-08-27,VDE,44,22,5
NN_v1,3,PAPER_WEIGHT_NORMALIZED,2010-09-03,VGT,30,14,0
NN_v1,3,PAPER_WEIGHT_NORMALIZED,2010-09-03,VHT,32,21,3
NN_v1,3,PAPER_WEIGHT_NORMALIZED,2010-09-03,VIS,24,11,2
NN_v1,3,PAPER_WEIGHT_NORMALIZED,2010-09-10,VNQ,60,25,2
NN_v1,3,PAPER_WEIGHT_NORMALIZED,2010-09-10,VGT,31,15,1
NN_v1,3,PAPER_WEIGHT_NORMALIZED,2010-09-10,VPU,33,18,0
NN_v1,3,PAPER_WEIGHT_NORMALIZED,2010-09-17,VNQ,61,25,0
NN_v1,3,PAPER_WEIGHT_NORMALIZED,2010-09-17,VDE,45,23,6
NN_v1,3,PAPER_WEIGHT_NORMALIZED,2010-09-17,VFH,66,29,0
NN_v1,3,PAPER_WEIGHT_NORMALIZED,2010-09-24,VPU,34,19,1
NN_v1,3,PAPER_WEIGHT_NORMALIZED,2010-09-24,VFH,67,29,0
NN_v1,3,PAPER_WEIGHT_NORMALIZED,2010-09-24,VDC,22,10,0
NN_v1,3,PAPER_WEIGHT_NORMALIZED,2010-10-01,VDC,23,11,1
NN_v1,3,PAPER_WEIGHT_NORMALIZED,2010-10-01,VFH,68,30,1
NN_v1,3,PAPER_WEIGHT_NORMALIZED,2010-10-01,VHT,33,22,4
NN_v1,3,PAPER_WEIGHT_NORMALIZED,2010-10-08,VGT,32,16,2
NN_v1,3,PAPER_WEIGHT_NORMALIZED,2010-10-08,VFH,69,30,0
NN_v1,3,PAPER_WEIGHT_NORMALIZED,2010-10-08,VHT,34,23,5
NN_v1,3,PAPER_WEIGHT_NORMALIZED,2010-10-15,VIS,25,12,3
NN_v1,3,PAPER_WEIGHT_NORMALIZED,2010-10-15,VFH,70,31,1
NN_v1,3,PAPER_WEIGHT_NORMALIZED,2010-10-15,VPU,35,19,0
NN_v1,3,PAPER_WEIGHT_NORMALIZED,2010-10-22,VFH,71,31,0
NN_v1,3,PAPER_WEIGHT_NORMALIZED,2010-10-22,VPU,36,19,0
NN_v1,3,PAPER_WEIGHT_NORMALIZED,2010-10-22,VOX,39,22,0
NN_v1,3,PAPER_WEIGHT_NORMALIZED,2010-10-29,VPU,37,20,1
NN_v1,3,PAPER_WEIGHT_NORMALIZED,2010-10-29,VHT,35,24,6
NN_v1,3,PAPER_WEIGHT_NORMALIZED,2010-10-29,VDE,46,24,7
NN_v1,3,PAPER_WEIGHT_NORMALIZED,2010-11-05,VPU,38,20,0
NN_v1,3,PAPER_WEIGHT_NORMALIZED,2010-11-05,VHT,36,24,0
NN_v1,3,PAPER_WEIGHT_NORMALIZED,2010-11-05,VNQ,62,25,0
NN_v1,3,PAPER_WEIGHT_NORMALIZED,2010-11-12,VDC,24,12,2
NN_v1,3,PAPER_WEIGHT_NORMALIZED,2010-11-12,VPU,39,20,0
NN_v1,3,PAPER_WEIGHT_NORMALIZED,2010-11-12,VHT,37,24,0
NN_v1,3,PAPER_WEIGHT_NORMALIZED,2010-11-19,VPU,40,20,0
NN_v1,3,PAPER_WEIGHT_NORMALIZED,2010-11-19,VNQ,63,26,1
NN_v1,3,PAPER_WEIGHT_NORMALIZED,2010-11-19,VDC,25,12,0
NN_v1,3,PAPER_WEIGHT_NORMALIZED,2010-11-26,VNQ,64,27,2
NN_v1,3,PAPER_WEIGHT_NORMALIZED,2010-11-26,VAW,45,25,1
NN_v1,3,PAPER_WEIGHT_NORMALIZED,2010-11-26,VPU,41,21,1
NN_v1,3,PAPER_WEIGHT_NORMALIZED,2010-12-03,VNQ,65,27,0
NN_v1,3,PAPER_WEIGHT_NORMALIZED,2010-12-03,VPU,42,21,0
NN_v1,3,PAPER_WEIGHT_NORMALIZED,2010-12-03,VHT,38,25,1
NN_v1,3,PAPER_WEIGHT_NORMALIZED,2010-12-10,VNQ,66,27,0
NN_v1,3,PAPER_WEIGHT_NORMALIZED,2010-12-10,VPU,43,22,1
NN_v1,3,PAPER_WEIGHT_NORMALIZED,2010-12-10,VDC,26,13,1
NN_v1,3,PAPER_WEIGHT_NORMALIZED,2010-12-17,VNQ,67,28,1
NN_v1,3,PAPER_WEIGHT_NORMALIZED,2010-12-17,VPU,44,22,0
NN_v1,3,PAPER_WEIGHT_NORMALIZED,2010-12-17,VOX,40,22,0
NN_v1,3,PAPER_WEIGHT_NORMALIZED,2010-12-24,VNQ,68,29,2
NN_v1,3,PAPER_WEIGHT_NORMALIZED,2010-12-24,VPU,45,22,0
NN_v1,3,PAPER_WEIGHT_NORMALIZED,2010-12-24,VOX,41,22,0
NN_v1,3,PAPER_WEIGHT_NORMALIZED,2010-12-31,VHT,39,26,2
NN_v1,3,PAPER_WEIGHT_NORMALIZED,2010-12-31,VIS,26,13,4
NN_v1,3,PAPER_WEIGHT_NORMALIZED,2010-12-31,VDC,27,13,0
NN_v1,3,PAPER_WEIGHT_NORMALIZED,2011-01-07,VIS,27,14,5
NN_v1,3,PAPER_WEIGHT_NORMALIZED,2011-01-07,VFH,72,32,1
NN_v1,3,PAPER_WEIGHT_NORMALIZED,2011-01-07,VAW,46,26,2
NN_v1,3,PAPER_WEIGHT_NORMALIZED,2011-01-14,VNQ,69,29,0
NN_v1,3,PAPER_WEIGHT_NORMALIZED,2011-01-14,VFH,73,32,0
NN_v1,3,PAPER_WEIGHT_NORMALIZED,2011-01-14,VAW,47,26,0
NN_v1,3,PAPER_WEIGHT_NORMALIZED,2011-01-21,VAW,48,27,1
NN_v1,3,PAPER_WEIGHT_NORMALIZED,2011-01-21,VNQ,70,30,1
NN_v1,3,PAPER_WEIGHT_NORMALIZED,2011-01-21,VFH,74,32,0
NN_v1,3,PAPER_WEIGHT_NORMALIZED,2011-01-28,VFH,75,33,1
NN_v1,3,PAPER_WEIGHT_NORMALIZED,2011-01-28,VGT,33,17,3
NN_v1,3,PAPER_WEIGHT_NORMALIZED,2011-01-28,VAW,49,28,2
NN_v1,3,PAPER_WEIGHT_NORMALIZED,2011-02-04,VFH,76,34,2
NN_v1,3,PAPER_WEIGHT_NORMALIZED,2011-02-04,VGT,34,18,4
NN_v1,3,PAPER_WEIGHT_NORMALIZED,2011-02-04,VAW,50,29,3
NN_v1,3,PAPER_WEIGHT_NORMALIZED,2011-02-11,VNQ,71,31,2
NN_v1,3,PAPER_WEIGHT_NORMALIZED,2011-02-11,VDE,47,25,8
NN_v1,3,PAPER_WEIGHT_NORMALIZED,2011-02-11,VFH,77,35,3
NN_v1,3,PAPER_WEIGHT_NORMALIZED,2011-02-18,VAW,51,29,0
NN_v1,3,PAPER_WEIGHT_NORMALIZED,2011-02-18,VGT,35,18,0
NN_v1,3,PAPER_WEIGHT_NORMALIZED,2011-02-18,VIS,28,14,0
NN_v1,3,PAPER_WEIGHT_NORMALIZED,2011-02-25,VGT,36,18,0
NN_v1,3,PAPER_WEIGHT_NORMALIZED,2011-02-25,VNQ,72,31,0
NN_v1,3,PAPER_WEIGHT_NORMALIZED,2011-02-25,VAW,52,29,0
NN_v1,3,PAPER_WEIGHT_NORMALIZED,2011-03-04,VIS,29,14,0
NN_v1,3,PAPER_WEIGHT_NORMALIZED,2011-03-04,VAW,53,29,0
NN_v1,3,PAPER_WEIGHT_NORMALIZED,2011-03-04,VCR,32,11,0
NN_v1,3,PAPER_WEIGHT_NORMALIZED,2011-03-11,VAW,54,30,1
NN_v1,3,PAPER_WEIGHT_NORMALIZED,2011-03-11,VGT,37,18,0
NN_v1,3,PAPER_WEIGHT_NORMALIZED,2011-03-11,VCR,33,11,0
NN_v1,3,PAPER_WEIGHT_NORMALIZED,2011-03-18,VGT,38,19,1
NN_v1,3,PAPER_WEIGHT_NORMALIZED,2011-03-18,VCR,34,12,1
NN_v1,3,PAPER_WEIGHT_NORMALIZED,2011-03-18,VDE,48,26,9
NN_v1,3,PAPER_WEIGHT_NORMALIZED,2011-03-25,VAW,55,31,2
NN_v1,3,PAPER_WEIGHT_NORMALIZED,2011-03-25,VHT,40,27,3
NN_v1,3,PAPER_WEIGHT_NORMALIZED,2011-03-25,VCR,35,13,2
NN_v1,3,PAPER_WEIGHT_NORMALIZED,2011-04-01,VIS,30,14,0
NN_v1,3,PAPER_WEIGHT_NORMALIZED,2011-04-01,VAW,56,31,0
NN_v1,3,PAPER_WEIGHT_NORMALIZED,2011-04-01,VDE,49,26,0
NN_v1,3,PAPER_WEIGHT_NORMALIZED,2011-04-08,VAW,57,31,0
NN_v1,3,PAPER_WEIGHT_NORMALIZED,2011-04-08,VDE,50,26,0
NN_v1,3,PAPER_WEIGHT_NORMALIZED,2011-04-08,VHT,41,28,4
NN_v1,3,PAPER_WEIGHT_NORMALIZED,2011-04-15,VDE,51,27,1
NN_v1,3,PAPER_WEIGHT_NORMALIZED,2011-04-15,VAW,58,32,1
NN_v1,3,PAPER_WEIGHT_NORMALIZED,2011-04-15,VFH,78,36,4
NN_v1,3,PAPER_WEIGHT_NORMALIZED,2011-04-22,VAW,59,33,2
NN_v1,3,PAPER_WEIGHT_NORMALIZED,2011-04-22,VDE,52,28,2
NN_v1,3,PAPER_WEIGHT_NORMALIZED,2011-04-22,VCR,36,14,3
NN_v1,3,PAPER_WEIGHT_NORMALIZED,2011-04-29,VNQ,73,31,0
NN_v1,3,PAPER_WEIGHT_NORMALIZED,2011-04-29,VDE,53,28,0
NN_v1,3,PAPER_WEIGHT_NORMALIZED,2011-04-29,VGT,39,19,0
NN_v1,3,PAPER_WEIGHT_NORMALIZED,2011-05-06,VDE,54,28,0
NN_v1,3,PAPER_WEIGHT_NORMALIZED,2011-05-06,VAW,60,33,0
NN_v1,3,PAPER_WEIGHT_NORMALIZED,2011-05-06,VIS,31,14,0
NN_v1,3,PAPER_WEIGHT_NORMALIZED,2011-05-13,VDE,55,29,1
NN_v1,3,PAPER_WEIGHT_NORMALIZED,2011-05-13,VAW,61,34,1
NN_v1,3,PAPER_WEIGHT_NORMALIZED,2011-05-13,VIS,32,14,0
NN_v1,3,PAPER_WEIGHT_NORMALIZED,2011-05-20,VDE,56,30,2
NN_v1,3,PAPER_WEIGHT_NORMALIZED,2011-05-20,VAW,62,35,2
NN_v1,3,PAPER_WEIGHT_NORMALIZED,2011-05-20,VGT,40,20,1
NN_v1,3,PAPER_WEIGHT_NORMALIZED,2011-05-27,VGT,41,20,0
NN_v1,3,PAPER_WEIGHT_NORMALIZED,2011-05-27,VDE,57,30,0
NN_v1,3,PAPER_WEIGHT_NORMALIZED,2011-05-27,VAW,63,35,0
NN_v1,3,PAPER_WEIGHT_NORMALIZED,2011-06-03,VHT,42,28,0
NN_v1,3,PAPER_WEIGHT_NORMALIZED,2011-06-03,VPU,46,22,0
NN_v1,3,PAPER_WEIGHT_NORMALIZED,2011-06-03,VDE,58,30,0
NN_v1,3,PAPER_WEIGHT_NORMALIZED,2011-06-10,VHT,43,29,1
NN_v1,3,PAPER_WEIGHT_NORMALIZED,2011-06-10,VPU,47,23,1
NN_v1,3,PAPER_WEIGHT_NORMALIZED,2011-06-10,VDC,28,14,1
NN_v1,3,PAPER_WEIGHT_NORMALIZED,2011-06-17,VDE,59,30,0
NN_v1,3,PAPER_WEIGHT_NORMALIZED,2011-06-17,VAW,64,36,1
NN_v1,3,PAPER_WEIGHT_NORMALIZED,2011-06-17,VGT,42,21,1
NN_v1,3,PAPER_WEIGHT_NORMALIZED,2011-06-24,VDE,60,31,1
NN_v1,3,PAPER_WEIGHT_NORMALIZED,2011-06-24,VIS,33,15,1
NN_v1,3,PAPER_WEIGHT_NORMALIZED,2011-06-24,VHT,44,30,2
NN_v1,3,PAPER_WEIGHT_NORMALIZED,2011-07-01,VDE,61,32,2
NN_v1,3,PAPER_WEIGHT_NORMALIZED,2011-07-01,VOX,42,23,1
NN_v1,3,PAPER_WEIGHT_NORMALIZED,2011-07-01,VAW,65,37,2
NN_v1,3,PAPER_WEIGHT_NORMALIZED,2011-07-08,VDE,62,33,3
NN_v1,3,PAPER_WEIGHT_NORMALIZED,2011-07-08,VAW,66,37,0
NN_v1,3,PAPER_WEIGHT_NORMALIZED,2011-07-08,VNQ,74,31,0
NN_v1,3,PAPER_WEIGHT_NORMALIZED,2011-07-15,VDE,63,34,4
NN_v1,3,PAPER_WEIGHT_NORMALIZED,2011-07-15,VAW,67,38,1
NN_v1,3,PAPER_WEIGHT_NORMALIZED,2011-07-15,VGT,43,22,2
NN_v1,3,PAPER_WEIGHT_NORMALIZED,2011-07-22,VNQ,75,31,0
NN_v1,3,PAPER_WEIGHT_NORMALIZED,2011-07-22,VDE,64,34,0
NN_v1,3,PAPER_WEIGHT_NORMALIZED,2011-07-22,VAW,68,38,0
NN_v1,3,PAPER_WEIGHT_NORMALIZED,2011-07-29,VPU,48,23,0
NN_v1,3,PAPER_WEIGHT_NORMALIZED,2011-07-29,VDE,65,34,0
NN_v1,3,PAPER_WEIGHT_NORMALIZED,2011-07-29,VNQ,76,31,0
NN_v1,3,PAPER_WEIGHT_NORMALIZED,2011-08-05,VNQ,77,32,1
NN_v1,3,PAPER_WEIGHT_NORMALIZED,2011-08-05,VOX,43,24,2
NN_v1,3,PAPER_WEIGHT_NORMALIZED,2011-08-05,VHT,45,31,3
NN_v1,3,PAPER_WEIGHT_NORMALIZED,2011-08-12,VDE,66,34,0
NN_v1,3,PAPER_WEIGHT_NORMALIZED,2011-08-12,VNQ,78,32,0
NN_v1,3,PAPER_WEIGHT_NORMALIZED,2011-08-12,VHT,46,31,0
NN_v1,3,PAPER_WEIGHT_NORMALIZED,2011-08-19,VGT,44,23,3
NN_v1,3,PAPER_WEIGHT_NORMALIZED,2011-08-19,VCR,37,15,4
NN_v1,3,PAPER_WEIGHT_NORMALIZED,2011-08-19,VHT,47,32,1
NN_v1,3,PAPER_WEIGHT_NORMALIZED,2011-08-26,VGT,45,23,0
NN_v1,3,PAPER_WEIGHT_NORMALIZED,2011-08-26,VNQ,79,32,0
NN_v1,3,PAPER_WEIGHT_NORMALIZED,2011-08-26,VDE,67,34,0
NN_v1,3,PAPER_WEIGHT_NORMALIZED,2011-09-02,VNQ,80,33,1
NN_v1,3,PAPER_WEIGHT_NORMALIZED,2011-09-02,VCR,38,16,5
NN_v1,3,PAPER_WEIGHT_NORMALIZED,2011-09-02,VHT,48,33,2
NN_v1,3,PAPER_WEIGHT_NORMALIZED,2011-09-09,VNQ,81,34,2
NN_v1,3,PAPER_WEIGHT_NORMALIZED,2011-09-09,VCR,39,17,6
NN_v1,3,PAPER_WEIGHT_NORMALIZED,2011-09-09,VAW,69,39,1
NN_v1,3,PAPER_WEIGHT_NORMALIZED,2011-09-16,VAW,70,39,0
NN_v1,3,PAPER_WEIGHT_NORMALIZED,2011-09-16,VDE,68,34,0
NN_v1,3,PAPER_WEIGHT_NORMALIZED,2011-09-16,VIS,34,15,0
NN_v1,3,PAPER_WEIGHT_NORMALIZED,2011-09-23,VNQ,82,34,0
NN_v1,3,PAPER_WEIGHT_NORMALIZED,2011-09-23,VDE,69,34,0
NN_v1,3,PAPER_WEIGHT_NORMALIZED,2011-09-23,VHT,49,33,0
NN_v1,3,PAPER_WEIGHT_NORMALIZED,2011-09-30,VAW,71,40,1
NN_v1,3,PAPER_WEIGHT_NORMALIZED,2011-09-30,VCR,40,18,7
NN_v1,3,PAPER_WEIGHT_NORMALIZED,2011-09-30,VDE,70,35,1
NN_v1,3,PAPER_WEIGHT_NORMALIZED,2011-10-07,VOX,44,25,3
NN_v1,3,PAPER_WEIGHT_NORMALIZED,2011-10-07,VNQ,83,35,1
NN_v1,3,PAPER_WEIGHT_NORMALIZED,2011-10-07,VIS,35,16,1
NN_v1,3,PAPER_WEIGHT_NORMALIZED,2011-10-14,VIS,36,17,2
NN_v1,3,PAPER_WEIGHT_NORMALIZED,2011-10-14,VNQ,84,36,2
NN_v1,3,PAPER_WEIGHT_NORMALIZED,2011-10-14,VHT,50,34,1
NN_v1,3,PAPER_WEIGHT_NORMALIZED,2011-10-21,VIS,37,18,3
NN_v1,3,PAPER_WEIGHT_NORMALIZED,2011-10-21,VDE,71,36,2
NN_v1,3,PAPER_WEIGHT_NORMALIZED,2011-10-21,VGT,46,24,1
NN_v1,3,PAPER_WEIGHT_NORMALIZED,2011-10-28,VIS,38,18,0
NN_v1,3,PAPER_WEIGHT_NORMALIZED,2011-10-28,VGT,47,24,0
NN_v1,3,PAPER_WEIGHT_NORMALIZED,2011-10-28,VCR,41,18,0
NN_v1,3,PAPER_WEIGHT_NORMALIZED,2011-11-04,VGT,48,25,1
NN_v1,3,PAPER_WEIGHT_NORMALIZED,2011-11-04,VPU,49,24,1
NN_v1,3,PAPER_WEIGHT_NORMALIZED,2011-11-04,VCR,42,19,1
NN_v1,3,PAPER_WEIGHT_NORMALIZED,2011-11-11,VDE,72,36,0
NN_v1,3,PAPER_WEIGHT_NORMALIZED,2011-11-11,VIS,39,18,0
NN_v1,3,PAPER_WEIGHT_NORMALIZED,2011-11-11,VAW,72,40,0
NN_v1,3,PAPER_WEIGHT_NORMALIZED,2011-11-18,VPU,50,24,0
NN_v1,3,PAPER_WEIGHT_NORMALIZED,2011-11-18,VDC,29,14,0
NN_v1,3,PAPER_WEIGHT_NORMALIZED,2011-11-18,VNQ,85,36,0
NN_v1,3,PAPER_WEIGHT_NORMALIZED,2011-11-25,VGT,49,26,2
NN_v1,3,PAPER_WEIGHT_NORMALIZED,2011-11-25,VPU,51,25,1
NN_v1,3,PAPER_WEIGHT_NORMALIZED,2011-11-25,VIS,40,19,1
NN_v1,3,PAPER_WEIGHT_NORMALIZED,2011-12-02,VAW,73,40,0
NN_v1,3,PAPER_WEIGHT_NORMALIZED,2011-12-02,VDE,73,36,0
NN_v1,3,PAPER_WEIGHT_NORMALIZED,2011-12-02,VFH,79,37,5
NN_v1,3,PAPER_WEIGHT_NORMALIZED,2011-12-09,VIS,41,19,0
NN_v1,3,PAPER_WEIGHT_NORMALIZED,2011-12-09,VDE,74,36,0
NN_v1,3,PAPER_WEIGHT_NORMALIZED,2011-12-09,VNQ,86,37,1
NN_v1,3,PAPER_WEIGHT_NORMALIZED,2011-12-16,VNQ,87,38,2
NN_v1,3,PAPER_WEIGHT_NORMALIZED,2011-12-16,VHT,51,35,2
NN_v1,3,PAPER_WEIGHT_NORMALIZED,2011-12-16,VGT,50,27,3
NN_v1,3,PAPER_WEIGHT_NORMALIZED,2011-12-23,VDE,75,36,0
NN_v1,3,PAPER_WEIGHT_NORMALIZED,2011-12-23,VFH,80,37,0
NN_v1,3,PAPER_WEIGHT_NORMALIZED,2011-12-23,VIS,42,19,0
NN_v1,3,PAPER_WEIGHT_NORMALIZED,2011-12-30,VNQ,88,38,0
NN_v1,3,PAPER_WEIGHT_NORMALIZED,2011-12-30,VGT,51,28,4
NN_v1,3,PAPER_WEIGHT_NORMALIZED,2011-12-30,VCR,43,20,2
NN_v1,3,PAPER_WEIGHT_NORMALIZED,2012-01-06,VFH,81,38,1
NN_v1,3,PAPER_WEIGHT_NORMALIZED,2012-01-06,VIS,43,20,1
NN_v1,3,PAPER_WEIGHT_NORMALIZED,2012-01-06,VAW,74,41,1
NN_v1,3,PAPER_WEIGHT_NORMALIZED,2012-01-13,VAW,75,42,2
NN_v1,3,PAPER_WEIGHT_NORMALIZED,2012-01-13,VDE,76,37,1
NN_v1,3,PAPER_WEIGHT_NORMALIZED,2012-01-13,VIS,44,21,2
NN_v1,3,PAPER_WEIGHT_NORMALIZED,2012-01-20,VAW,76,43,3
NN_v1,3,PAPER_WEIGHT_NORMALIZED,2012-01-20,VFH,82,39,2
NN_v1,3,PAPER_WEIGHT_NORMALIZED,2012-01-20,VIS,45,22,3
NN_v1,3,PAPER_WEIGHT_NORMALIZED,2012-01-27,VAW,77,44,4
NN_v1,3,PAPER_WEIGHT_NORMALIZED,2012-01-27,VFH,83,40,3
NN_v1,3,PAPER_WEIGHT_NORMALIZED,2012-01-27,VIS,46,23,4
NN_v1,3,PAPER_WEIGHT_NORMALIZED,2012-02-03,VDE,77,38,2
NN_v1,3,PAPER_WEIGHT_NORMALIZED,2012-02-03,VFH,84,40,0
NN_v1,3,PAPER_WEIGHT_NORMALIZED,2012-02-03,VAW,78,44,0
NN_v1,3,PAPER_WEIGHT_NORMALIZED,2012-02-10,VGT,52,29,5
NN_v1,3,PAPER_WEIGHT_NORMALIZED,2012-02-10,VAW,79,45,1
NN_v1,3,PAPER_WEIGHT_NORMALIZED,2012-02-10,VIS,47,24,5
NN_v1,3,PAPER_WEIGHT_NORMALIZED,2012-02-17,VAW,80,45,0
NN_v1,3,PAPER_WEIGHT_NORMALIZED,2012-02-17,VDE,78,39,3
NN_v1,3,PAPER_WEIGHT_NORMALIZED,2012-02-17,VFH,85,40,0
NN_v1,3,PAPER_WEIGHT_NORMALIZED,2012-02-24,VGT,53,30,6
NN_v1,3,PAPER_WEIGHT_NORMALIZED,2012-02-24,VAW,81,45,0
NN_v1,3,PAPER_WEIGHT_NORMALIZED,2012-02-24,VFH,86,41,1
NN_v1,3,PAPER_WEIGHT_NORMALIZED,2012-03-02,VGT,54,31,7
NN_v1,3,PAPER_WEIGHT_NORMALIZED,2012-03-02,VDE,79,39,0
NN_v1,3,PAPER_WEIGHT_NORMALIZED,2012-03-02,VAW,82,45,0
NN_v1,3,PAPER_WEIGHT_NORMALIZED,2012-03-09,VDE,80,40,1
NN_v1,3,PAPER_WEIGHT_NORMALIZED,2012-03-09,VFH,87,42,2
NN_v1,3,PAPER_WEIGHT_NORMALIZED,2012-03-09,VOX,45,26,4
NN_v1,3,PAPER_WEIGHT_NORMALIZED,2012-03-16,VDE,81,40,0
NN_v1,3,PAPER_WEIGHT_NORMALIZED,2012-03-16,VIS,48,24,0
NN_v1,3,PAPER_WEIGHT_NORMALIZED,2012-03-16,VAW,83,45,0
NN_v1,3,PAPER_WEIGHT_NORMALIZED,2012-03-23,VDE,82,40,0
NN_v1,3,PAPER_WEIGHT_NORMALIZED,2012-03-23,VIS,49,24,0
NN_v1,3,PAPER_WEIGHT_NORMALIZED,2012-03-23,VFH,88,42,0
NN_v1,3,PAPER_WEIGHT_NORMALIZED,2012-03-30,VDE,83,40,0
NN_v1,3,PAPER_WEIGHT_NORMALIZED,2012-03-30,VFH,89,42,0
NN_v1,3,PAPER_WEIGHT_NORMALIZED,2012-03-30,VOX,46,26,0
NN_v1,3,PAPER_WEIGHT_NORMALIZED,2012-04-06,VFH,90,42,0
NN_v1,3,PAPER_WEIGHT_NORMALIZED,2012-04-06,VDE,84,40,0
NN_v1,3,PAPER_WEIGHT_NORMALIZED,2012-04-06,VGT,55,31,0
NN_v1,3,PAPER_WEIGHT_NORMALIZED,2012-04-13,VFH,91,42,0
NN_v1,3,PAPER_WEIGHT_NORMALIZED,2012-04-13,VNQ,89,39,1
NN_v1,3,PAPER_WEIGHT_NORMALIZED,2012-04-13,VCR,44,20,0
NN_v1,3,PAPER_WEIGHT_NORMALIZED,2012-04-20,VDE,85,41,1
NN_v1,3,PAPER_WEIGHT_NORMALIZED,2012-04-20,VFH,92,43,1
NN_v1,3,PAPER_WEIGHT_NORMALIZED,2012-04-20,VNQ,90,40,2
NN_v1,3,PAPER_WEIGHT_NORMALIZED,2012-04-27,VCR,45,20,0
NN_v1,3,PAPER_WEIGHT_NORMALIZED,2012-04-27,VNQ,91,40,0
NN_v1,3,PAPER_WEIGHT_NORMALIZED,2012-04-27,VAW,84,45,0
NN_v1,3,PAPER_WEIGHT_NORMALIZED,2012-05-04,VFH,93,43,0
NN_v1,3,PAPER_WEIGHT_NORMALIZED,2012-05-04,VAW,85,45,0
NN_v1,3,PAPER_WEIGHT_NORMALIZED,2012-05-04,VDE,86,41,0
NN_v1,3,PAPER_WEIGHT_NORMALIZED,2012-05-11,VFH,94,43,0
NN_v1,3,PAPER_WEIGHT_NORMALIZED,2012-05-11,VDE,87,41,0
NN_v1,3,PAPER_WEIGHT_NORMALIZED,2012-05-11,VIS,50,24,0
NN_v1,3,PAPER_WEIGHT_NORMALIZED,2012-05-18,VFH,95,44,1
NN_v1,3,PAPER_WEIGHT_NORMALIZED,2012-05-18,VGT,56,32,1
NN_v1,3,PAPER_WEIGHT_NORMALIZED,2012-05-18,VNQ,92,41,1
NN_v1,3,PAPER_WEIGHT_NORMALIZED,2012-05-25,VFH,96,44,0
NN_v1,3,PAPER_WEIGHT_NORMALIZED,2012-05-25,VDE,88,41,0
NN_v1,3,PAPER_WEIGHT_NORMALIZED,2012-05-25,VNQ,93,41,0
NN_v1,3,PAPER_WEIGHT_NORMALIZED,2012-06-01,VCR,46,21,1
NN_v1,3,PAPER_WEIGHT_NORMALIZED,2012-06-01,VFH,97,45,1
NN_v1,3,PAPER_WEIGHT_NORMALIZED,2012-06-01,VIS,51,25,1
NN_v1,3,PAPER_WEIGHT_NORMALIZED,2012-06-08,VDE,89,42,1
NN_v1,3,PAPER_WEIGHT_NORMALIZED,2012-06-08,VAW,86,45,0
NN_v1,3,PAPER_WEIGHT_NORMALIZED,2012-06-08,VGT,57,32,0
NN_v1,3,PAPER_WEIGHT_NORMALIZED,2012-06-15,VAW,87,46,1
NN_v1,3,PAPER_WEIGHT_NORMALIZED,2012-06-15,VFH,98,46,2
NN_v1,3,PAPER_WEIGHT_NORMALIZED,2012-06-15,VCR,47,22,2
NN_v1,3,PAPER_WEIGHT_NORMALIZED,2012-06-22,VDE,90,43,2
NN_v1,3,PAPER_WEIGHT_NORMALIZED,2012-06-22,VFH,99,47,3
NN_v1,3,PAPER_WEIGHT_NORMALIZED,2012-06-22,VCR,48,23,3
NN_v1,3,PAPER_WEIGHT_NORMALIZED,2012-06-29,VFH,100,47,0
NN_v1,3,PAPER_WEIGHT_NORMALIZED,2012-06-29,VDE,91,43,0
NN_v1,3,PAPER_WEIGHT_NORMALIZED,2012-06-29,VAW,88,47,2
NN_v1,3,PAPER_WEIGHT_NORMALIZED,2012-07-06,VFH,101,48,1
NN_v1,3,PAPER_WEIGHT_NORMALIZED,2012-07-06,VAW,89,47,0
NN_v1,3,PAPER_WEIGHT_NORMALIZED,2012-07-06,VDE,92,44,1
NN_v1,3,PAPER_WEIGHT_NORMALIZED,2012-07-13,VFH,102,48,0
NN_v1,3,PAPER_WEIGHT_NORMALIZED,2012-07-13,VDE,93,45,2
NN_v1,3,PAPER_WEIGHT_NORMALIZED,2012-07-13,VAW,90,48,1
NN_v1,3,PAPER_WEIGHT_NORMALIZED,2012-07-20,VNQ,94,42,1
NN_v1,3,PAPER_WEIGHT_NORMALIZED,2012-07-20,VAW,91,49,2
NN_v1,3,PAPER_WEIGHT_NORMALIZED,2012-07-20,VDE,94,46,3
NN_v1,3,PAPER_WEIGHT_NORMALIZED,2012-07-27,VDE,95,47,4
NN_v1,3,PAPER_WEIGHT_NORMALIZED,2012-07-27,VFH,103,49,1
NN_v1,3,PAPER_WEIGHT_NORMALIZED,2012-07-27,VNQ,95,43,2
NN_v1,3,PAPER_WEIGHT_NORMALIZED,2012-08-03,VDE,96,48,5
NN_v1,3,PAPER_WEIGHT_NORMALIZED,2012-08-03,VFH,104,50,2
NN_v1,3,PAPER_WEIGHT_NORMALIZED,2012-08-03,VNQ,96,43,0
NN_v1,3,PAPER_WEIGHT_NORMALIZED,2012-08-10,VDE,97,49,6
NN_v1,3,PAPER_WEIGHT_NORMALIZED,2012-08-10,VAW,92,50,3
NN_v1,3,PAPER_WEIGHT_NORMALIZED,2012-08-10,VGT,58,33,1
NN_v1,3,PAPER_WEIGHT_NORMALIZED,2012-08-17,VDE,98,49,0
NN_v1,3,PAPER_WEIGHT_NORMALIZED,2012-08-17,VGT,59,33,0
NN_v1,3,PAPER_WEIGHT_NORMALIZED,2012-08-17,VIS,52,25,0
NN_v1,3,PAPER_WEIGHT_NORMALIZED,2012-08-24,VDE,99,49,0
NN_v1,3,PAPER_WEIGHT_NORMALIZED,2012-08-24,VAW,93,50,0
NN_v1,3,PAPER_WEIGHT_NORMALIZED,2012-08-24,VGT,60,33,0
NN_v1,3,PAPER_WEIGHT_NORMALIZED,2012-08-31,VGT,61,34,1
NN_v1,3,PAPER_WEIGHT_NORMALIZED,2012-08-31,VCR,49,24,4
NN_v1,3,PAPER_WEIGHT_NORMALIZED,2012-08-31,VFH,105,51,3
NN_v1,3,PAPER_WEIGHT_NORMALIZED,2012-09-07,VCR,50,25,5
NN_v1,3,PAPER_WEIGHT_NORMALIZED,2012-09-07,VDE,100,50,1
NN_v1,3,PAPER_WEIGHT_NORMALIZED,2012-09-07,VAW,94,51,1
NN_v1,3,PAPER_WEIGHT_NORMALIZED,2012-09-14,VPU,52,25,0
NN_v1,3,PAPER_WEIGHT_NORMALIZED,2012-09-14,VFH,106,51,0
NN_v1,3,PAPER_WEIGHT_NORMALIZED,2012-09-14,VAW,95,51,0
NN_v1,3,PAPER_WEIGHT_NORMALIZED,2012-09-21,VAW,96,51,0
NN_v1,3,PAPER_WEIGHT_NORMALIZED,2012-09-21,VCR,51,25,0
NN_v1,3,PAPER_WEIGHT_NORMALIZED,2012-09-21,VFH,107,51,0
NN_v1,3,PAPER_WEIGHT_NORMALIZED,2012-09-28,VCR,52,26,1
NN_v1,3,PAPER_WEIGHT_NORMALIZED,2012-09-28,VAW,97,52,1
NN_v1,3,PAPER_WEIGHT_NORMALIZED,2012-09-28,VFH,108,52,1
NN_v1,3,PAPER_WEIGHT_NORMALIZED,2012-10-05,VFH,109,52,0
NN_v1,3,PAPER_WEIGHT_NORMALIZED,2012-10-05,VAW,98,52,0
NN_v1,3,PAPER_WEIGHT_NORMALIZED,2012-10-05,VDE,101,50,0
NN_v1,3,PAPER_WEIGHT_NORMALIZED,2012-10-12,VOX,47,26,0
NN_v1,3,PAPER_WEIGHT_NORMALIZED,2012-10-12,VFH,110,53,1
NN_v1,3,PAPER_WEIGHT_NORMALIZED,2012-10-12,VCR,53,27,2
NN_v1,3,PAPER_WEIGHT_NORMALIZED,2012-10-19,VGT,62,34,0
NN_v1,3,PAPER_WEIGHT_NORMALIZED,2012-10-19,VFH,111,53,0
NN_v1,3,PAPER_WEIGHT_NORMALIZED,2012-10-19,VHT,52,35,0
NN_v1,3,PAPER_WEIGHT_NORMALIZED,2012-10-26,VHT,53,35,0
NN_v1,3,PAPER_WEIGHT_NORMALIZED,2012-10-26,VFH,112,54,1
NN_v1,3,PAPER_WEIGHT_NORMALIZED,2012-10-26,VCR,54,28,3
NN_v1,3,PAPER_WEIGHT_NORMALIZED,2012-11-02,VFH,113,54,0
NN_v1,3,PAPER_WEIGHT_NORMALIZED,2012-11-02,VIS,53,25,0
NN_v1,3,PAPER_WEIGHT_NORMALIZED,2012-11-02,VDE,102,50,0
NN_v1,3,PAPER_WEIGHT_NORMALIZED,2012-11-09,VAW,99,52,0
NN_v1,3,PAPER_WEIGHT_NORMALIZED,2012-11-09,VFH,114,54,0
NN_v1,3,PAPER_WEIGHT_NORMALIZED,2012-11-09,VDE,103,50,0
NN_v1,3,PAPER_WEIGHT_NORMALIZED,2012-11-16,VFH,115,55,1
NN_v1,3,PAPER_WEIGHT_NORMALIZED,2012-11-16,VAW,100,53,1
NN_v1,3,PAPER_WEIGHT_NORMALIZED,2012-11-16,VOX,48,27,1
NN_v1,3,PAPER_WEIGHT_NORMALIZED,2012-11-23,VPU,53,26,1
NN_v1,3,PAPER_WEIGHT_NORMALIZED,2012-11-23,VAW,101,54,2
NN_v1,3,PAPER_WEIGHT_NORMALIZED,2012-11-23,VCR,55,29,4
NN_v1,3,PAPER_WEIGHT_NORMALIZED,2012-11-30,VCR,56,29,0
NN_v1,3,PAPER_WEIGHT_NORMALIZED,2012-11-30,VAW,102,54,0
NN_v1,3,PAPER_WEIGHT_NORMALIZED,2012-11-30,VDE,104,51,1
NN_v1,3,PAPER_WEIGHT_NORMALIZED,2012-12-07,VCR,57,29,0
NN_v1,3,PAPER_WEIGHT_NORMALIZED,2012-12-07,VIS,54,26,1
NN_v1,3,PAPER_WEIGHT_NORMALIZED,2012-12-07,VGT,63,34,0
NN_v1,3,PAPER_WEIGHT_NORMALIZED,2012-12-14,VIS,55,26,0
NN_v1,3,PAPER_WEIGHT_NORMALIZED,2012-12-14,VAW,103,54,0
NN_v1,3,PAPER_WEIGHT_NORMALIZED,2012-12-14,VGT,64,35,1
NN_v1,3,PAPER_WEIGHT_NORMALIZED,2012-12-21,VGT,65,35,0
NN_v1,3,PAPER_WEIGHT_NORMALIZED,2012-12-21,VNQ,97,43,0
NN_v1,3,PAPER_WEIGHT_NORMALIZED,2012-12-21,VOX,49,27,0
NN_v1,3,PAPER_WEIGHT_NORMALIZED,2012-12-28,VFH,116,56,2
NN_v1,3,PAPER_WEIGHT_NORMALIZED,2012-12-28,VIS,56,27,1
NN_v1,3,PAPER_WEIGHT_NORMALIZED,2012-12-28,VNQ,98,44,1
NN_v1,3,PAPER_WEIGHT_NORMALIZED,2013-01-04,VFH,117,57,3
NN_v1,3,PAPER_WEIGHT_NORMALIZED,2013-01-04,VDE,105,52,2
NN_v1,3,PAPER_WEIGHT_NORMALIZED,2013-01-04,VIS,57,27,0
NN_v1,3,PAPER_WEIGHT_NORMALIZED,2013-01-11,VIS,58,28,1
NN_v1,3,PAPER_WEIGHT_NORMALIZED,2013-01-11,VFH,118,58,4
NN_v1,3,PAPER_WEIGHT_NORMALIZED,2013-01-11,VCR,58,30,1
NN_v1,3,PAPER_WEIGHT_NORMALIZED,2013-01-18,VIS,59,29,2
NN_v1,3,PAPER_WEIGHT_NORMALIZED,2013-01-18,VAW,104,55,1
NN_v1,3,PAPER_WEIGHT_NORMALIZED,2013-01-18,VOX,50,28,1
NN_v1,3,PAPER_WEIGHT_NORMALIZED,2013-01-25,VDE,106,53,3
NN_v1,3,PAPER_WEIGHT_NORMALIZED,2013-01-25,VIS,60,29,0
NN_v1,3,PAPER_WEIGHT_NORMALIZED,2013-01-25,VAW,105,55,0
NN_v1,3,PAPER_WEIGHT_NORMALIZED,2013-02-01,VDE,107,54,4
NN_v1,3,PAPER_WEIGHT_NORMALIZED,2013-02-01,VIS,61,30,1
NN_v1,3,PAPER_WEIGHT_NORMALIZED,2013-02-01,VFH,119,59,5
NN_v1,3,PAPER_WEIGHT_NORMALIZED,2013-02-08,VDE,108,54,0
NN_v1,3,PAPER_WEIGHT_NORMALIZED,2013-02-08,VIS,62,31,2
NN_v1,3,PAPER_WEIGHT_NORMALIZED,2013-02-08,VFH,120,60,6
NN_v1,3,PAPER_WEIGHT_NORMALIZED,2013-02-15,VFH,121,60,0
NN_v1,3,PAPER_WEIGHT_NORMALIZED,2013-02-15,VIS,63,31,0
NN_v1,3,PAPER_WEIGHT_NORMALIZED,2013-02-15,VDE,109,54,0
NN_v1,3,PAPER_WEIGHT_NORMALIZED,2013-02-22,VDE,110,54,0
NN_v1,3,PAPER_WEIGHT_NORMALIZED,2013-02-22,VIS,64,31,0
NN_v1,3,PAPER_WEIGHT_NORMALIZED,2013-02-22,VFH,122,60,0
NN_v1,3,PAPER_WEIGHT_NORMALIZED,2013-03-01,VIS,65,32,1
NN_v1,3,PAPER_WEIGHT_NORMALIZED,2013-03-01,VHT,54,36,1
NN_v1,3,PAPER_WEIGHT_NORMALIZED,2013-03-01,VDE,111,55,1
NN_v1,3,PAPER_WEIGHT_NORMALIZED,2013-03-08,VIS,66,33,2
NN_v1,3,PAPER_WEIGHT_NORMALIZED,2013-03-08,VCR,59,31,2
NN_v1,3,PAPER_WEIGHT_NORMALIZED,2013-03-08,VFH,123,61,1
NN_v1,3,PAPER_WEIGHT_NORMALIZED,2013-03-15,VFH,124,61,0
NN_v1,3,PAPER_WEIGHT_NORMALIZED,2013-03-15,VPU,54,26,0
NN_v1,3,PAPER_WEIGHT_NORMALIZED,2013-03-15,VIS,67,34,3
NN_v1,3,PAPER_WEIGHT_NORMALIZED,2013-03-22,VFH,125,61,0
NN_v1,3,PAPER_WEIGHT_NORMALIZED,2013-03-22,VHT,55,37,2
NN_v1,3,PAPER_WEIGHT_NORMALIZED,2013-03-22,VPU,55,27,1
NN_v1,3,PAPER_WEIGHT_NORMALIZED,2013-03-29,VCR,60,31,0
NN_v1,3,PAPER_WEIGHT_NORMALIZED,2013-03-29,VPU,56,28,2
NN_v1,3,PAPER_WEIGHT_NORMALIZED,2013-03-29,VFH,126,61,0
NN_v1,3,PAPER_WEIGHT_NORMALIZED,2013-04-05,VAW,106,56,1
NN_v1,3,PAPER_WEIGHT_NORMALIZED,2013-04-05,VGT,66,36,1
NN_v1,3,PAPER_WEIGHT_NORMALIZED,2013-04-05,VDE,112,56,2
NN_v1,3,PAPER_WEIGHT_NORMALIZED,2013-04-12,VAW,107,56,0
NN_v1,3,PAPER_WEIGHT_NORMALIZED,2013-04-12,VFH,127,61,0
NN_v1,3,PAPER_WEIGHT_NORMALIZED,2013-04-12,VDE,113,56,0
NN_v1,3,PAPER_WEIGHT_NORMALIZED,2013-04-19,VIS,68,35,4
NN_v1,3,PAPER_WEIGHT_NORMALIZED,2013-04-19,VGT,67,37,2
NN_v1,3,PAPER_WEIGHT_NORMALIZED,2013-04-19,VDE,114,57,1
NN_v1,3,PAPER_WEIGHT_NORMALIZED,2013-04-26,VAW,108,57,1
NN_v1,3,PAPER_WEIGHT_NORMALIZED,2013-04-26,VIS,69,36,5
NN_v1,3,PAPER_WEIGHT_NORMALIZED,2013-04-26,VDE,115,58,2
NN_v1,3,PAPER_WEIGHT_NORMALIZED,2013-05-03,VOX,51,29,2
NN_v1,3,PAPER_WEIGHT_NORMALIZED,2013-05-03,VGT,68,38,3
NN_v1,3,PAPER_WEIGHT_NORMALIZED,2013-05-03,VCR,61,32,1
NN_v1,3,PAPER_WEIGHT_NORMALIZED,2013-05-10,VCR,62,33,2
NN_v1,3,PAPER_WEIGHT_NORMALIZED,2013-05-10,VGT,69,39,4
NN_v1,3,PAPER_WEIGHT_NORMALIZED,2013-05-10,VPU,57,29,3
NN_v1,3,PAPER_WEIGHT_NORMALIZED,2013-05-17,VOX,52,29,0
NN_v1,3,PAPER_WEIGHT_NORMALIZED,2013-05-17,VGT,70,39,0
NN_v1,3,PAPER_WEIGHT_NORMALIZED,2013-05-17,VNQ,99,44,0
NN_v1,3,PAPER_WEIGHT_NORMALIZED,2013-05-24,VOX,53,29,0
NN_v1,3,PAPER_WEIGHT_NORMALIZED,2013-05-24,VNQ,100,44,0
NN_v1,3,PAPER_WEIGHT_NORMALIZED,2013-05-24,VPU,58,29,0
NN_v1,3,PAPER_WEIGHT_NORMALIZED,2013-05-31,VGT,71,39,0
NN_v1,3,PAPER_WEIGHT_NORMALIZED,2013-05-31,VNQ,101,44,0
NN_v1,3,PAPER_WEIGHT_NORMALIZED,2013-05-31,VOX,54,30,1
NN_v1,3,PAPER_WEIGHT_NORMALIZED,2013-06-07,VNQ,102,44,0
NN_v1,3,PAPER_WEIGHT_NORMALIZED,2013-06-07,VFH,128,61,0
NN_v1,3,PAPER_WEIGHT_NORMALIZED,2013-06-07,VIS,70,36,0
NN_v1,3,PAPER_WEIGHT_NORMALIZED,2013-06-14,VCR,63,33,0
NN_v1,3,PAPER_WEIGHT_NORMALIZED,2013-06-14,VNQ,103,44,0
NN_v1,3,PAPER_WEIGHT_NORMALIZED,2013-06-14,VIS,71,36,0
NN_v1,3,PAPER_WEIGHT_NORMALIZED,2013-06-21,VCR,64,34,1
NN_v1,3,PAPER_WEIGHT_NORMALIZED,2013-06-21,VNQ,104,45,1
NN_v1,3,PAPER_WEIGHT_NORMALIZED,2013-06-21,VIS,72,37,1
NN_v1,3,PAPER_WEIGHT_NORMALIZED,2013-06-28,VAW,109,58,2
NN_v1,3,PAPER_WEIGHT_NORMALIZED,2013-06-28,VIS,73,38,2
NN_v1,3,PAPER_WEIGHT_NORMALIZED,2013-06-28,VFH,129,62,1
NN_v1,3,PAPER_WEIGHT_NORMALIZED,2013-07-05,VPU,59,30,1
NN_v1,3,PAPER_WEIGHT_NORMALIZED,2013-07-05,VNQ,105,46,2
NN_v1,3,PAPER_WEIGHT_NORMALIZED,2013-07-05,VFH,130,63,2
NN_v1,3,PAPER_WEIGHT_NORMALIZED,2013-07-12,VNQ,106,47,3
NN_v1,3,PAPER_WEIGHT_NORMALIZED,2013-07-12,VPU,60,31,2
NN_v1,3,PAPER_WEIGHT_NORMALIZED,2013-07-12,VOX,55,31,2
NN_v1,3,PAPER_WEIGHT_NORMALIZED,2013-07-19,VNQ,107,47,0
NN_v1,3,PAPER_WEIGHT_NORMALIZED,2013-07-19,VPU,61,31,0
NN_v1,3,PAPER_WEIGHT_NORMALIZED,2013-07-19,VOX,56,31,0
NN_v1,3,PAPER_WEIGHT_NORMALIZED,2013-07-26,VOX,57,31,0
NN_v1,3,PAPER_WEIGHT_NORMALIZED,2013-07-26,VNQ,108,47,0
NN_v1,3,PAPER_WEIGHT_NORMALIZED,2013-07-26,VPU,62,32,1
NN_v1,3,PAPER_WEIGHT_NORMALIZED,2013-08-02,VNQ,109,48,1
NN_v1,3,PAPER_WEIGHT_NORMALIZED,2013-08-02,VPU,63,32,0
NN_v1,3,PAPER_WEIGHT_NORMALIZED,2013-08-02,VHT,56,37,0
NN_v1,3,PAPER_WEIGHT_NORMALIZED,2013-08-09,VNQ,110,48,0
NN_v1,3,PAPER_WEIGHT_NORMALIZED,2013-08-09,VCR,65,34,0
NN_v1,3,PAPER_WEIGHT_NORMALIZED,2013-08-09,VIS,74,38,0
NN_v1,3,PAPER_WEIGHT_NORMALIZED,2013-08-16,VNQ,111,49,1
NN_v1,3,PAPER_WEIGHT_NORMALIZED,2013-08-16,VIS,75,39,1
NN_v1,3,PAPER_WEIGHT_NORMALIZED,2013-08-16,VGT,72,40,1
NN_v1,3,PAPER_WEIGHT_NORMALIZED,2013-08-23,VNQ,112,49,0
NN_v1,3,PAPER_WEIGHT_NORMALIZED,2013-08-23,VCR,66,34,0
NN_v1,3,PAPER_WEIGHT_NORMALIZED,2013-08-23,VHT,57,37,0
NN_v1,3,PAPER_WEIGHT_NORMALIZED,2013-08-30,VCR,67,35,1
NN_v1,3,PAPER_WEIGHT_NORMALIZED,2013-08-30,VOX,58,31,0
NN_v1,3,PAPER_WEIGHT_NORMALIZED,2013-08-30,VGT,73,41,2
NN_v1,3,PAPER_WEIGHT_NORMALIZED,2013-09-06,VNQ,113,50,1
NN_v1,3,PAPER_WEIGHT_NORMALIZED,2013-09-06,VPU,64,33,1
NN_v1,3,PAPER_WEIGHT_NORMALIZED,2013-09-06,VOX,59,32,1
NN_v1,3,PAPER_WEIGHT_NORMALIZED,2013-09-13,VNQ,114,51,2
NN_v1,3,PAPER_WEIGHT_NORMALIZED,2013-09-13,VPU,65,34,2
NN_v1,3,PAPER_WEIGHT_NORMALIZED,2013-09-13,VCR,68,36,2
NN_v1,3,PAPER_WEIGHT_NORMALIZED,2013-09-20,VNQ,115,51,0
NN_v1,3,PAPER_WEIGHT_NORMALIZED,2013-09-20,VIS,76,39,0
NN_v1,3,PAPER_WEIGHT_NORMALIZED,2013-09-20,VCR,69,37,3
NN_v1,3,PAPER_WEIGHT_NORMALIZED,2013-09-27,VNQ,116,51,0
NN_v1,3,PAPER_WEIGHT_NORMALIZED,2013-09-27,VGT,74,42,3
NN_v1,3,PAPER_WEIGHT_NORMALIZED,2013-09-27,VCR,70,38,4
NN_v1,3,PAPER_WEIGHT_NORMALIZED,2013-10-04,VNQ,117,52,1
NN_v1,3,PAPER_WEIGHT_NORMALIZED,2013-10-04,VAW,110,59,3
NN_v1,3,PAPER_WEIGHT_NORMALIZED,2013-10-04,VOX,60,33,2
NN_v1,3,PAPER_WEIGHT_NORMALIZED,2013-10-11,VNQ,118,53,2
NN_v1,3,PAPER_WEIGHT_NORMALIZED,2013-10-11,VIS,77,40,1
NN_v1,3,PAPER_WEIGHT_NORMALIZED,2013-10-11,VAW,111,60,4
NN_v1,3,PAPER_WEIGHT_NORMALIZED,2013-10-18,VNQ,119,54,3
NN_v1,3,PAPER_WEIGHT_NORMALIZED,2013-10-18,VOX,61,34,3
NN_v1,3,PAPER_WEIGHT_NORMALIZED,2013-10-18,VDE,116,58,0
NN_v1,3,PAPER_WEIGHT_NORMALIZED,2013-10-25,VNQ,120,54,0
NN_v1,3,PAPER_WEIGHT_NORMALIZED,2013-10-25,VIS,78,41,2
NN_v1,3,PAPER_WEIGHT_NORMALIZED,2013-10-25,VAW,112,60,0
NN_v1,3,PAPER_WEIGHT_NORMALIZED,2013-11-01,VNQ,121,54,0
NN_v1,3,PAPER_WEIGHT_NORMALIZED,2013-11-01,VOX,62,34,0
NN_v1,3,PAPER_WEIGHT_NORMALIZED,2013-11-01,VIS,79,41,0
NN_v1,3,PAPER_WEIGHT_NORMALIZED,2013-11-08,VNQ,122,55,1
NN_v1,3,PAPER_WEIGHT_NORMALIZED,2013-11-08,VIS,80,42,1
NN_v1,3,PAPER_WEIGHT_NORMALIZED,2013-11-08,VOX,63,34,0
NN_v1,3,PAPER_WEIGHT_NORMALIZED,2013-11-15,VIS,81,43,2
NN_v1,3,PAPER_WEIGHT_NORMALIZED,2013-11-15,VNQ,123,55,0
NN_v1,3,PAPER_WEIGHT_NORMALIZED,2013-11-15,VCR,71,38,0
NN_v1,3,PAPER_WEIGHT_NORMALIZED,2013-11-22,VNQ,124,55,0
NN_v1,3,PAPER_WEIGHT_NORMALIZED,2013-11-22,VIS,82,44,3
NN_v1,3,PAPER_WEIGHT_NORMALIZED,2013-11-22,VDC,30,14,0
NN_v1,3,PAPER_WEIGHT_NORMALIZED,2013-11-29,VNQ,125,56,1
NN_v1,3,PAPER_WEIGHT_NORMALIZED,2013-11-29,VPU,66,35,3
NN_v1,3,PAPER_WEIGHT_NORMALIZED,2013-11-29,VHT,58,38,1
NN_v1,3,PAPER_WEIGHT_NORMALIZED,2013-12-06,VNQ,126,56,0
NN_v1,3,PAPER_WEIGHT_NORMALIZED,2013-12-06,VGT,75,42,0
NN_v1,3,PAPER_WEIGHT_NORMALIZED,2013-12-06,VHT,59,38,0
NN_v1,3,PAPER_WEIGHT_NORMALIZED,2013-12-13,VIS,83,45,4
NN_v1,3,PAPER_WEIGHT_NORMALIZED,2013-12-13,VCR,72,39,1
NN_v1,3,PAPER_WEIGHT_NORMALIZED,2013-12-13,VNQ,127,57,1
NN_v1,3,PAPER_WEIGHT_NORMALIZED,2013-12-20,VNQ,128,57,0
NN_v1,3,PAPER_WEIGHT_NORMALIZED,2013-12-20,VGT,76,43,1
NN_v1,3,PAPER_WEIGHT_NORMALIZED,2013-12-20,VIS,84,46,5
NN_v1,3,PAPER_WEIGHT_NORMALIZED,2013-12-27,VNQ,129,58,1
NN_v1,3,PAPER_WEIGHT_NORMALIZED,2013-12-27,VGT,77,43,0
NN_v1,3,PAPER_WEIGHT_NORMALIZED,2013-12-27,VAW,113,60,0
NN_v1,3,PAPER_WEIGHT_NORMALIZED,2014-01-03,VNQ,130,59,2
NN_v1,3,PAPER_WEIGHT_NORMALIZED,2014-01-03,VPU,67,36,4
NN_v1,3,PAPER_WEIGHT_NORMALIZED,2014-01-03,VDE,117,58,0
NN_v1,3,PAPER_WEIGHT_NORMALIZED,2014-01-10,VNQ,131,60,3
NN_v1,3,PAPER_WEIGHT_NORMALIZED,2014-01-10,VOX,64,35,1
NN_v1,3,PAPER_WEIGHT_NORMALIZED,2014-01-10,VDE,118,58,0
NN_v1,3,PAPER_WEIGHT_NORMALIZED,2014-01-17,VNQ,132,60,0
NN_v1,3,PAPER_WEIGHT_NORMALIZED,2014-01-17,VOX,65,35,0
NN_v1,3,PAPER_WEIGHT_NORMALIZED,2014-01-17,VAW,114,60,0
NN_v1,3,PAPER_WEIGHT_NORMALIZED,2014-01-24,VOX,66,35,0
NN_v1,3,PAPER_WEIGHT_NORMALIZED,2014-01-24,VFH,131,63,0
NN_v1,3,PAPER_WEIGHT_NORMALIZED,2014-01-24,VHT,60,39,1
NN_v1,3,PAPER_WEIGHT_NORMALIZED,2014-01-31,VIS,85,47,6
NN_v1,3,PAPER_WEIGHT_NORMALIZED,2014-01-31,VFH,132,64,1
NN_v1,3,PAPER_WEIGHT_NORMALIZED,2014-01-31,VAW,115,61,1
NN_v1,3,PAPER_WEIGHT_NORMALIZED,2014-02-07,VOX,67,36,1
NN_v1,3,PAPER_WEIGHT_NORMALIZED,2014-02-07,VGT,78,44,1
NN_v1,3,PAPER_WEIGHT_NORMALIZED,2014-02-07,VDE,119,59,1
NN_v1,3,PAPER_WEIGHT_NORMALIZED,2014-02-14,VOX,68,37,2
NN_v1,3,PAPER_WEIGHT_NORMALIZED,2014-02-14,VDE,120,60,2
NN_v1,3,PAPER_WEIGHT_NORMALIZED,2014-02-14,VCR,73,40,2
NN_v1,3,PAPER_WEIGHT_NORMALIZED,2014-02-21,VFH,133,65,2
NN_v1,3,PAPER_WEIGHT_NORMALIZED,2014-02-21,VCR,74,41,3
NN_v1,3,PAPER_WEIGHT_NORMALIZED,2014-02-21,VIS,86,48,7
NN_v1,3,PAPER_WEIGHT_NORMALIZED,2014-02-28,VOX,69,38,3
NN_v1,3,PAPER_WEIGHT_NORMALIZED,2014-02-28,VDC,31,15,1
NN_v1,3,PAPER_WEIGHT_NORMALIZED,2014-02-28,VFH,134,66,3
NN_v1,3,PAPER_WEIGHT_NORMALIZED,2014-03-07,VOX,70,38,0
NN_v1,3,PAPER_WEIGHT_NORMALIZED,2014-03-07,VCR,75,41,0
NN_v1,3,PAPER_WEIGHT_NORMALIZED,2014-03-07,VDE,121,60,0
NN_v1,3,PAPER_WEIGHT_NORMALIZED,2014-03-14,VCR,76,41,0
NN_v1,3,PAPER_WEIGHT_NORMALIZED,2014-03-14,VDC,32,15,0
NN_v1,3,PAPER_WEIGHT_NORMALIZED,2014-03-14,VDE,122,61,1
NN_v1,3,PAPER_WEIGHT_NORMALIZED,2014-03-21,VCR,77,41,0
NN_v1,3,PAPER_WEIGHT_NORMALIZED,2014-03-21,VAW,116,61,0
NN_v1,3,PAPER_WEIGHT_NORMALIZED,2014-03-21,VIS,87,48,0
NN_v1,3,PAPER_WEIGHT_NORMALIZED,2014-03-28,VAW,117,62,1
NN_v1,3,PAPER_WEIGHT_NORMALIZED,2014-03-28,VFH,135,66,0
NN_v1,3,PAPER_WEIGHT_NORMALIZED,2014-03-28,VIS,88,49,1
NN_v1,3,PAPER_WEIGHT_NORMALIZED,2014-04-04,VFH,136,66,0
NN_v1,3,PAPER_WEIGHT_NORMALIZED,2014-04-04,VGT,79,44,0
NN_v1,3,PAPER_WEIGHT_NORMALIZED,2014-04-04,VCR,78,41,0
NN_v1,3,PAPER_WEIGHT_NORMALIZED,2014-04-11,VOX,71,39,1
NN_v1,3,PAPER_WEIGHT_NORMALIZED,2014-04-11,VIS,89,50,2
NN_v1,3,PAPER_WEIGHT_NORMALIZED,2014-04-11,VAW,118,63,2
NN_v1,3,PAPER_WEIGHT_NORMALIZED,2014-04-18,VCR,79,41,0
NN_v1,3,PAPER_WEIGHT_NORMALIZED,2014-04-18,VHT,61,40,2
NN_v1,3,PAPER_WEIGHT_NORMALIZED,2014-04-18,VFH,137,66,0
NN_v1,3,PAPER_WEIGHT_NORMALIZED,2014-04-25,VFH,138,67,1
NN_v1,3,PAPER_WEIGHT_NORMALIZED,2014-04-25,VIS,90,51,3
NN_v1,3,PAPER_WEIGHT_NORMALIZED,2014-04-25,VOX,72,40,2
NN_v1,3,PAPER_WEIGHT_NORMALIZED,2014-05-02,VIS,91,52,4
NN_v1,3,PAPER_WEIGHT_NORMALIZED,2014-05-02,VGT,80,44,0
NN_v1,3,PAPER_WEIGHT_NORMALIZED,2014-05-02,VCR,80,41,0
NN_v1,3,PAPER_WEIGHT_NORMALIZED,2014-05-09,VIS,92,52,0
NN_v1,3,PAPER_WEIGHT_NORMALIZED,2014-05-09,VHT,62,41,3
NN_v1,3,PAPER_WEIGHT_NORMALIZED,2014-05-09,VFH,139,67,0
NN_v1,3,PAPER_WEIGHT_NORMALIZED,2014-05-16,VHT,63,42,4
NN_v1,3,PAPER_WEIGHT_NORMALIZED,2014-05-16,VGT,81,45,1
NN_v1,3,PAPER_WEIGHT_NORMALIZED,2014-05-16,VCR,81,42,1
NN_v1,3,PAPER_WEIGHT_NORMALIZED,2014-05-23,VOX,73,41,3
NN_v1,3,PAPER_WEIGHT_NORMALIZED,2014-05-23,VCR,82,43,2
NN_v1,3,PAPER_WEIGHT_NORMALIZED,2014-05-23,VHT,64,43,5
NN_v1,3,PAPER_WEIGHT_NORMALIZED,2014-05-30,VHT,65,44,6
NN_v1,3,PAPER_WEIGHT_NORMALIZED,2014-05-30,VGT,82,46,2
NN_v1,3,PAPER_WEIGHT_NORMALIZED,2014-05-30,VOX,74,41,0
NN_v1,3,PAPER_WEIGHT_NORMALIZED,2014-06-06,VHT,66,44,0
NN_v1,3,PAPER_WEIGHT_NORMALIZED,2014-06-06,VCR,83,43,0
NN_v1,3,PAPER_WEIGHT_NORMALIZED,2014-06-06,VGT,83,47,3
NN_v1,3,PAPER_WEIGHT_NORMALIZED,2014-06-13,VHT,67,45,1
NN_v1,3,PAPER_WEIGHT_NORMALIZED,2014-06-13,VFH,140,68,1
NN_v1,3,PAPER_WEIGHT_NORMALIZED,2014-06-13,VCR,84,44,1
NN_v1,3,PAPER_WEIGHT_NORMALIZED,2014-06-20,VCR,85,45,2
NN_v1,3,PAPER_WEIGHT_NORMALIZED,2014-06-20,VFH,141,68,0
NN_v1,3,PAPER_WEIGHT_NORMALIZED,2014-06-20,VIS,93,52,0
NN_v1,3,PAPER_WEIGHT_NORMALIZED,2014-06-27,VFH,142,69,1
NN_v1,3,PAPER_WEIGHT_NORMALIZED,2014-06-27,VHT,68,46,2
NN_v1,3,PAPER_WEIGHT_NORMALIZED,2014-06-27,VIS,94,53,1
NN_v1,3,PAPER_WEIGHT_NORMALIZED,2014-07-04,VPU,68,37,5
NN_v1,3,PAPER_WEIGHT_NORMALIZED,2014-07-04,VOX,75,41,0
NN_v1,3,PAPER_WEIGHT_NORMALIZED,2014-07-04,VDE,123,61,0
NN_v1,3,PAPER_WEIGHT_NORMALIZED,2014-07-11,VPU,69,37,0
NN_v1,3,PAPER_WEIGHT_NORMALIZED,2014-07-11,VCR,86,45,0
NN_v1,3,PAPER_WEIGHT_NORMALIZED,2014-07-11,VFH,143,70,2
NN_v1,3,PAPER_WEIGHT_NORMALIZED,2014-07-18,VCR,87,45,0
NN_v1,3,PAPER_WEIGHT_NORMALIZED,2014-07-18,VHT,69,47,3
NN_v1,3,PAPER_WEIGHT_NORMALIZED,2014-07-18,VPU,70,37,0
NN_v1,3,PAPER_WEIGHT_NORMALIZED,2014-07-25,VOX,76,41,0
NN_v1,3,PAPER_WEIGHT_NORMALIZED,2014-07-25,VCR,88,45,0
NN_v1,3,PAPER_WEIGHT_NORMALIZED,2014-07-25,VPU,71,37,0
NN_v1,3,PAPER_WEIGHT_NORMALIZED,2014-08-01,VNQ,133,60,0
NN_v1,3,PAPER_WEIGHT_NORMALIZED,2014-08-01,VCR,89,46,1
NN_v1,3,PAPER_WEIGHT_NORMALIZED,2014-08-01,VPU,72,37,0
NN_v1,3,PAPER_WEIGHT_NORMALIZED,2014-08-08,VAW,119,64,3
NN_v1,3,PAPER_WEIGHT_NORMALIZED,2014-08-08,VNQ,134,61,1
NN_v1,3,PAPER_WEIGHT_NORMALIZED,2014-08-08,VFH,144,71,3
NN_v1,3,PAPER_WEIGHT_NORMALIZED,2014-08-15,VOX,77,41,0
NN_v1,3,PAPER_WEIGHT_NORMALIZED,2014-08-15,VIS,95,54,2
NN_v1,3,PAPER_WEIGHT_NORMALIZED,2014-08-15,VPU,73,38,1
NN_v1,3,PAPER_WEIGHT_NORMALIZED,2014-08-22,VDE,124,62,1
NN_v1,3,PAPER_WEIGHT_NORMALIZED,2014-08-22,VOX,78,42,1
NN_v1,3,PAPER_WEIGHT_NORMALIZED,2014-08-22,VDC,33,16,1
NN_v1,3,PAPER_WEIGHT_NORMALIZED,2014-08-29,VPU,74,39,2
NN_v1,3,PAPER_WEIGHT_NORMALIZED,2014-08-29,VFH,145,72,4
NN_v1,3,PAPER_WEIGHT_NORMALIZED,2014-08-29,VIS,96,55,3
NN_v1,3,PAPER_WEIGHT_NORMALIZED,2014-09-05,VIS,97,55,0
NN_v1,3,PAPER_WEIGHT_NORMALIZED,2014-09-05,VDE,125,62,0
NN_v1,3,PAPER_WEIGHT_NORMALIZED,2014-09-05,VGT,84,48,4
NN_v1,3,PAPER_WEIGHT_NORMALIZED,2014-09-12,VFH,146,73,5
NN_v1,3,PAPER_WEIGHT_NORMALIZED,2014-09-12,VIS,98,56,1
NN_v1,3,PAPER_WEIGHT_NORMALIZED,2014-09-12,VDE,126,63,1
NN_v1,3,PAPER_WEIGHT_NORMALIZED,2014-09-19,VPU,75,39,0
NN_v1,3,PAPER_WEIGHT_NORMALIZED,2014-09-19,VDE,127,63,0
NN_v1,3,PAPER_WEIGHT_NORMALIZED,2014-09-19,VNQ,135,61,0
NN_v1,3,PAPER_WEIGHT_NORMALIZED,2014-09-26,VNQ,136,62,1
NN_v1,3,PAPER_WEIGHT_NORMALIZED,2014-09-26,VIS,99,56,0
NN_v1,3,PAPER_WEIGHT_NORMALIZED,2014-09-26,VCR,90,47,2
NN_v1,3,PAPER_WEIGHT_NORMALIZED,2014-10-03,VOX,79,42,0
NN_v1,3,PAPER_WEIGHT_NORMALIZED,2014-10-03,VFH,147,73,0
NN_v1,3,PAPER_WEIGHT_NORMALIZED,2014-10-03,VIS,100,56,0
NN_v1,3,PAPER_WEIGHT_NORMALIZED,2014-10-10,VOX,80,43,1
NN_v1,3,PAPER_WEIGHT_NORMALIZED,2014-10-10,VDE,128,63,0
NN_v1,3,PAPER_WEIGHT_NORMALIZED,2014-10-10,VCR,91,47,0
NN_v1,3,PAPER_WEIGHT_NORMALIZED,2014-10-17,VDE,129,64,1
NN_v1,3,PAPER_WEIGHT_NORMALIZED,2014-10-17,VFH,148,74,1
NN_v1,3,PAPER_WEIGHT_NORMALIZED,2014-10-17,VOX,81,44,2
NN_v1,3,PAPER_WEIGHT_NORMALIZED,2014-10-24,VDE,130,65,2
NN_v1,3,PAPER_WEIGHT_NORMALIZED,2014-10-24,VOX,82,45,3
NN_v1,3,PAPER_WEIGHT_NORMALIZED,2014-10-24,VCR,92,48,1
NN_v1,3,PAPER_WEIGHT_NORMALIZED,2014-10-31,VDE,131,66,3
NN_v1,3,PAPER_WEIGHT_NORMALIZED,2014-10-31,VIS,101,57,1
NN_v1,3,PAPER_WEIGHT_NORMALIZED,2014-10-31,VAW,120,65,4
NN_v1,3,PAPER_WEIGHT_NORMALIZED,2014-11-07,VDE,132,66,0
NN_v1,3,PAPER_WEIGHT_NORMALIZED,2014-11-07,VAW,121,66,5
NN_v1,3,PAPER_WEIGHT_NORMALIZED,2014-11-07,VGT,85,49,5
NN_v1,3,PAPER_WEIGHT_NORMALIZED,2014-11-14,VDE,133,67,1
NN_v1,3,PAPER_WEIGHT_NORMALIZED,2014-11-14,VHT,70,48,4
NN_v1,3,PAPER_WEIGHT_NORMALIZED,2014-11-14,VIS,102,58,2
NN_v1,3,PAPER_WEIGHT_NORMALIZED,2014-11-21,VDE,134,67,0
NN_v1,3,PAPER_WEIGHT_NORMALIZED,2014-11-21,VGT,86,50,6
NN_v1,3,PAPER_WEIGHT_NORMALIZED,2014-11-21,VIS,103,58,0
NN_v1,3,PAPER_WEIGHT_NORMALIZED,2014-11-28,VDE,135,68,1
NN_v1,3,PAPER_WEIGHT_NORMALIZED,2014-11-28,VAW,122,67,6
NN_v1,3,PAPER_WEIGHT_NORMALIZED,2014-11-28,VIS,104,59,1
NN_v1,3,PAPER_WEIGHT_NORMALIZED,2014-12-05,VDE,136,68,0
NN_v1,3,PAPER_WEIGHT_NORMALIZED,2014-12-05,VAW,123,67,0
NN_v1,3,PAPER_WEIGHT_NORMALIZED,2014-12-05,VCR,93,48,0
NN_v1,3,PAPER_WEIGHT_NORMALIZED,2014-12-12,VDE,137,69,1
NN_v1,3,PAPER_WEIGHT_NORMALIZED,2014-12-12,VCR,94,48,0
NN_v1,3,PAPER_WEIGHT_NORMALIZED,2014-12-12,VIS,105,60,2
NN_v1,3,PAPER_WEIGHT_NORMALIZED,2014-12-19,VAW,124,68,1
NN_v1,3,PAPER_WEIGHT_NORMALIZED,2014-12-19,VDE,138,69,0
NN_v1,3,PAPER_WEIGHT_NORMALIZED,2014-12-19,VOX,83,46,4
NN_v1,3,PAPER_WEIGHT_NORMALIZED,2014-12-26,VDE,139,69,0
NN_v1,3,PAPER_WEIGHT_NORMALIZED,2014-12-26,VAW,125,68,0
NN_v1,3,PAPER_WEIGHT_NORMALIZED,2014-12-26,VIS,106,60,0
NN_v1,3,PAPER_WEIGHT_NORMALIZED,2015-01-02,VAW,126,68,0
NN_v1,3,PAPER_WEIGHT_NORMALIZED,2015-01-02,VDC,34,17,2
NN_v1,3,PAPER_WEIGHT_NORMALIZED,2015-01-02,VIS,107,60,0
NN_v1,3,PAPER_WEIGHT_NORMALIZED,2015-01-09,VDE,140,69,0
NN_v1,3,PAPER_WEIGHT_NORMALIZED,2015-01-09,VPU,76,40,1
NN_v1,3,PAPER_WEIGHT_NORMALIZED,2015-01-09,VAW,127,68,0
NN_v1,3,PAPER_WEIGHT_NORMALIZED,2015-01-16,VDE,141,70,1
NN_v1,3,PAPER_WEIGHT_NORMALIZED,2015-01-16,VAW,128,68,0
NN_v1,3,PAPER_WEIGHT_NORMALIZED,2015-01-16,VOX,84,47,5
NN_v1,3,PAPER_WEIGHT_NORMALIZED,2015-01-23,VDE,142,70,0
NN_v1,3,PAPER_WEIGHT_NORMALIZED,2015-01-23,VAW,129,68,0
NN_v1,3,PAPER_WEIGHT_NORMALIZED,2015-01-23,VGT,87,50,0
NN_v1,3,PAPER_WEIGHT_NORMALIZED,2015-01-30,VCR,95,49,1
NN_v1,3,PAPER_WEIGHT_NORMALIZED,2015-01-30,VGT,88,51,1
NN_v1,3,PAPER_WEIGHT_NORMALIZED,2015-01-30,VHT,71,49,5
NN_v1,3,PAPER_WEIGHT_NORMALIZED,2015-02-06,VDE,143,71,1
NN_v1,3,PAPER_WEIGHT_NORMALIZED,2015-02-06,VOX,85,48,6
NN_v1,3,PAPER_WEIGHT_NORMALIZED,2015-02-06,VIS,108,61,1
NN_v1,3,PAPER_WEIGHT_NORMALIZED,2015-02-13,VPU,77,41,2
NN_v1,3,PAPER_WEIGHT_NORMALIZED,2015-02-13,VDE,144,71,0
NN_v1,3,PAPER_WEIGHT_NORMALIZED,2015-02-13,VGT,89,52,2
NN_v1,3,PAPER_WEIGHT_NORMALIZED,2015-02-20,VOX,86,49,7
NN_v1,3,PAPER_WEIGHT_NORMALIZED,2015-02-20,VDE,145,71,0
NN_v1,3,PAPER_WEIGHT_NORMALIZED,2015-02-20,VGT,90,52,0
NN_v1,3,PAPER_WEIGHT_NORMALIZED,2015-02-27,VDE,146,71,0
NN_v1,3,PAPER_WEIGHT_NORMALIZED,2015-02-27,VOX,87,49,0
NN_v1,3,PAPER_WEIGHT_NORMALIZED,2015-02-27,VAW,130,68,0
NN_v1,3,PAPER_WEIGHT_NORMALIZED,2015-03-06,VGT,91,52,0
NN_v1,3,PAPER_WEIGHT_NORMALIZED,2015-03-06,VPU,78,42,3
NN_v1,3,PAPER_WEIGHT_NORMALIZED,2015-03-06,VIS,109,61,0
NN_v1,3,PAPER_WEIGHT_NORMALIZED,2015-03-13,VIS,110,62,1
NN_v1,3,PAPER_WEIGHT_NORMALIZED,2015-03-13,VGT,92,53,1
NN_v1,3,PAPER_WEIGHT_NORMALIZED,2015-03-13,VDE,147,72,1
NN_v1,3,PAPER_WEIGHT_NORMALIZED,2015-03-20,VDE,148,72,0
NN_v1,3,PAPER_WEIGHT_NORMALIZED,2015-03-20,VGT,93,53,0
NN_v1,3,PAPER_WEIGHT_NORMALIZED,2015-03-20,VPU,79,42,0
NN_v1,3,PAPER_WEIGHT_NORMALIZED,2015-03-27,VOX,88,50,1
NN_v1,3,PAPER_WEIGHT_NORMALIZED,2015-03-27,VFH,149,75,2
NN_v1,3,PAPER_WEIGHT_NORMALIZED,2015-03-27,VPU,80,43,1
NN_v1,3,PAPER_WEIGHT_NORMALIZED,2015-04-03,VGT,94,54,1
NN_v1,3,PAPER_WEIGHT_NORMALIZED,2015-04-03,VFH,150,76,3
NN_v1,3,PAPER_WEIGHT_NORMALIZED,2015-04-03,VHT,72,50,6
NN_v1,3,PAPER_WEIGHT_NORMALIZED,2015-04-10,VPU,81,43,0
NN_v1,3,PAPER_WEIGHT_NORMALIZED,2015-04-10,VNQ,137,62,0
NN_v1,3,PAPER_WEIGHT_NORMALIZED,2015-04-10,VHT,73,50,0
NN_v1,3,PAPER_WEIGHT_NORMALIZED,2015-04-17,VPU,82,44,1
NN_v1,3,PAPER_WEIGHT_NORMALIZED,2015-04-17,VOX,89,51,2
NN_v1,3,PAPER_WEIGHT_NORMALIZED,2015-04-17,VDC,35,17,0
NN_v1,3,PAPER_WEIGHT_NORMALIZED,2015-04-24,VPU,83,44,0
NN_v1,3,PAPER_WEIGHT_NORMALIZED,2015-04-24,VNQ,138,62,0
NN_v1,3,PAPER_WEIGHT_NORMALIZED,2015-04-24,VGT,95,54,0
NN_v1,3,PAPER_WEIGHT_NORMALIZED,2015-05-01,VPU,84,44,0
NN_v1,3,PAPER_WEIGHT_NORMALIZED,2015-05-01,VDE,149,72,0
NN_v1,3,PAPER_WEIGHT_NORMALIZED,2015-05-01,VHT,74,51,1
NN_v1,3,PAPER_WEIGHT_NORMALIZED,2015-05-08,VGT,96,55,1
NN_v1,3,PAPER_WEIGHT_NORMALIZED,2015-05-08,VOX,90,52,3
NN_v1,3,PAPER_WEIGHT_NORMALIZED,2015-05-08,VHT,75,52,2
NN_v1,3,PAPER_WEIGHT_NORMALIZED,2015-05-15,VGT,97,56,2
NN_v1,3,PAPER_WEIGHT_NORMALIZED,2015-05-15,VOX,91,52,0
NN_v1,3,PAPER_WEIGHT_NORMALIZED,2015-05-15,VDE,150,72,0
NN_v1,3,PAPER_WEIGHT_NORMALIZED,2015-05-22,VAW,131,68,0
NN_v1,3,PAPER_WEIGHT_NORMALIZED,2015-05-22,VNQ,139,62,0
NN_v1,3,PAPER_WEIGHT_NORMALIZED,2015-05-22,VDE,151,72,0
NN_v1,3,PAPER_WEIGHT_NORMALIZED,2015-05-29,VGT,98,56,0
NN_v1,3,PAPER_WEIGHT_NORMALIZED,2015-05-29,VDE,152,72,0
NN_v1,3,PAPER_WEIGHT_NORMALIZED,2015-05-29,VCR,96,50,2
NN_v1,3,PAPER_WEIGHT_NORMALIZED,2015-06-05,VHT,76,52,0
NN_v1,3,PAPER_WEIGHT_NORMALIZED,2015-06-05,VPU,85,44,0
NN_v1,3,PAPER_WEIGHT_NORMALIZED,2015-06-05,VNQ,140,63,1
NN_v1,3,PAPER_WEIGHT_NORMALIZED,2015-06-12,VPU,86,45,1
NN_v1,3,PAPER_WEIGHT_NORMALIZED,2015-06-12,VNQ,141,64,2
NN_v1,3,PAPER_WEIGHT_NORMALIZED,2015-06-12,VHT,77,53,1
NN_v1,3,PAPER_WEIGHT_NORMALIZED,2015-06-19,VNQ,142,64,0
NN_v1,3,PAPER_WEIGHT_NORMALIZED,2015-06-19,VPU,87,45,0
NN_v1,3,PAPER_WEIGHT_NORMALIZED,2015-06-19,VHT,78,53,0
NN_v1,3,PAPER_WEIGHT_NORMALIZED,2015-06-26,VNQ,143,65,1
NN_v1,3,PAPER_WEIGHT_NORMALIZED,2015-06-26,VPU,88,46,1
NN_v1,3,PAPER_WEIGHT_NORMALIZED,2015-06-26,VDC,36,18,1
NN_v1,3,PAPER_WEIGHT_NORMALIZED,2015-07-03,VDC,37,19,2
NN_v1,3,PAPER_WEIGHT_NORMALIZED,2015-07-03,VOX,92,52,0
NN_v1,3,PAPER_WEIGHT_NORMALIZED,2015-07-03,VGT,99,56,0
NN_v1,3,PAPER_WEIGHT_NORMALIZED,2015-07-10,VOX,93,53,1
NN_v1,3,PAPER_WEIGHT_NORMALIZED,2015-07-10,VPU,89,47,2
NN_v1,3,PAPER_WEIGHT_NORMALIZED,2015-07-10,VDE,153,72,0
NN_v1,3,PAPER_WEIGHT_NORMALIZED,2015-07-17,VDE,154,72,0
NN_v1,3,PAPER_WEIGHT_NORMALIZED,2015-07-17,VAW,132,68,0
NN_v1,3,PAPER_WEIGHT_NORMALIZED,2015-07-17,VOX,94,53,0
NN_v1,3,PAPER_WEIGHT_NORMALIZED,2015-07-24,VAW,133,69,1
NN_v1,3,PAPER_WEIGHT_NORMALIZED,2015-07-24,VDE,155,73,1
NN_v1,3,PAPER_WEIGHT_NORMALIZED,2015-07-24,VPU,90,48,3
NN_v1,3,PAPER_WEIGHT_NORMALIZED,2015-07-31,VDE,156,73,0
NN_v1,3,PAPER_WEIGHT_NORMALIZED,2015-07-31,VAW,134,69,0
NN_v1,3,PAPER_WEIGHT_NORMALIZED,2015-07-31,VGT,100,56,0
NN_v1,3,PAPER_WEIGHT_NORMALIZED,2015-08-07,VDE,157,74,1
NN_v1,3,PAPER_WEIGHT_NORMALIZED,2015-08-07,VGT,101,56,0
NN_v1,3,PAPER_WEIGHT_NORMALIZED,2015-08-07,VAW,135,70,1
NN_v1,3,PAPER_WEIGHT_NORMALIZED,2015-08-14,VAW,136,70,0
NN_v1,3,PAPER_WEIGHT_NORMALIZED,2015-08-14,VHT,79,53,0
NN_v1,3,PAPER_WEIGHT_NORMALIZED,2015-08-14,VOX,95,53,0
NN_v1,3,PAPER_WEIGHT_NORMALIZED,2015-08-21,VDE,158,75,2
NN_v1,3,PAPER_WEIGHT_NORMALIZED,2015-08-21,VOX,96,53,0
NN_v1,3,PAPER_WEIGHT_NORMALIZED,2015-08-21,VIS,111,63,2
NN_v1,3,PAPER_WEIGHT_NORMALIZED,2015-08-28,VNQ,144,65,0
NN_v1,3,PAPER_WEIGHT_NORMALIZED,2015-08-28,VFH,151,76,0
NN_v1,3,PAPER_WEIGHT_NORMALIZED,2015-08-28,VGT,102,56,0
NN_v1,3,PAPER_WEIGHT_NORMALIZED,2015-09-04,VCR,97,51,3
NN_v1,3,PAPER_WEIGHT_NORMALIZED,2015-09-04,VOX,97,54,1
NN_v1,3,PAPER_WEIGHT_NORMALIZED,2015-09-04,VPU,91,49,4
NN_v1,3,PAPER_WEIGHT_NORMALIZED,2015-09-11,VPU,92,50,5
NN_v1,3,PAPER_WEIGHT_NORMALIZED,2015-09-11,VDE,159,76,3
NN_v1,3,PAPER_WEIGHT_NORMALIZED,2015-09-11,VCR,98,52,4
NN_v1,3,PAPER_WEIGHT_NORMALIZED,2015-09-18,VGT,103,56,0
NN_v1,3,PAPER_WEIGHT_NORMALIZED,2015-09-18,VCR,99,52,0
NN_v1,3,PAPER_WEIGHT_NORMALIZED,2015-09-18,VIS,112,63,0
NN_v1,3,PAPER_WEIGHT_NORMALIZED,2015-09-25,VHT,80,54,1
NN_v1,3,PAPER_WEIGHT_NORMALIZED,2015-09-25,VAW,137,71,1
NN_v1,3,PAPER_WEIGHT_NORMALIZED,2015-09-25,VGT,104,57,1
NN_v1,3,PAPER_WEIGHT_NORMALIZED,2015-10-02,VGT,105,58,2
NN_v1,3,PAPER_WEIGHT_NORMALIZED,2015-10-02,VHT,81,54,0
NN_v1,3,PAPER_WEIGHT_NORMALIZED,2015-10-02,VOX,98,55,2
NN_v1,3,PAPER_WEIGHT_NORMALIZED,2015-10-09,VHT,82,55,1
NN_v1,3,PAPER_WEIGHT_NORMALIZED,2015-10-09,VGT,106,59,3
NN_v1,3,PAPER_WEIGHT_NORMALIZED,2015-10-09,VAW,138,71,0
NN_v1,3,PAPER_WEIGHT_NORMALIZED,2015-10-16,VHT,83,55,0
NN_v1,3,PAPER_WEIGHT_NORMALIZED,2015-10-16,VAW,139,72,1
NN_v1,3,PAPER_WEIGHT_NORMALIZED,2015-10-16,VIS,113,64,1
NN_v1,3,PAPER_WEIGHT_NORMALIZED,2015-10-23,VDE,160,76,0
NN_v1,3,PAPER_WEIGHT_NORMALIZED,2015-10-23,VHT,84,56,1
NN_v1,3,PAPER_WEIGHT_NORMALIZED,2015-10-23,VIS,114,64,0
NN_v1,3,PAPER_WEIGHT_NORMALIZED,2015-10-30,VDE,161,77,1
NN_v1,3,PAPER_WEIGHT_NORMALIZED,2015-10-30,VAW,140,72,0
NN_v1,3,PAPER_WEIGHT_NORMALIZED,2015-10-30,VIS,115,65,1
NN_v1,3,PAPER_WEIGHT_NORMALIZED,2015-11-06,VPU,93,51,6
NN_v1,3,PAPER_WEIGHT_NORMALIZED,2015-11-06,VFH,152,76,0
NN_v1,3,PAPER_WEIGHT_NORMALIZED,2015-11-06,VIS,116,65,0
NN_v1,3,PAPER_WEIGHT_NORMALIZED,2015-11-13,VIS,117,66,1
NN_v1,3,PAPER_WEIGHT_NORMALIZED,2015-11-13,VAW,141,73,1
NN_v1,3,PAPER_WEIGHT_NORMALIZED,2015-11-13,VOX,99,56,3
NN_v1,3,PAPER_WEIGHT_NORMALIZED,2015-11-20,VHT,85,57,2
NN_v1,3,PAPER_WEIGHT_NORMALIZED,2015-11-20,VDE,162,78,2
NN_v1,3,PAPER_WEIGHT_NORMALIZED,2015-11-20,VCR,100,53,1
NN_v1,3,PAPER_WEIGHT_NORMALIZED,2015-11-27,VHT,86,57,0
NN_v1,3,PAPER_WEIGHT_NORMALIZED,2015-11-27,VDE,163,78,0
NN_v1,3,PAPER_WEIGHT_NORMALIZED,2015-11-27,VFH,153,77,1
NN_v1,3,PAPER_WEIGHT_NORMALIZED,2015-12-04,VDE,164,78,0
NN_v1,3,PAPER_WEIGHT_NORMALIZED,2015-12-04,VHT,87,57,0
NN_v1,3,PAPER_WEIGHT_NORMALIZED,2015-12-04,VAW,142,73,0
NN_v1,3,PAPER_WEIGHT_NORMALIZED,2015-12-11,VCR,101,53,0
NN_v1,3,PAPER_WEIGHT_NORMALIZED,2015-12-11,VDC,38,20,3
NN_v1,3,PAPER_WEIGHT_NORMALIZED,2015-12-11,VDE,165,78,0
NN_v1,3,PAPER_WEIGHT_NORMALIZED,2015-12-18,VDE,166,79,1
NN_v1,3,PAPER_WEIGHT_NORMALIZED,2015-12-18,VCR,102,54,1
NN_v1,3,PAPER_WEIGHT_NORMALIZED,2015-12-18,VGT,107,60,4
NN_v1,3,PAPER_WEIGHT_NORMALIZED,2015-12-25,VDE,167,79,0
NN_v1,3,PAPER_WEIGHT_NORMALIZED,2015-12-25,VGT,108,60,0
NN_v1,3,PAPER_WEIGHT_NORMALIZED,2015-12-25,VPU,94,51,0
NN_v1,3,PAPER_WEIGHT_NORMALIZED,2016-01-01,VGT,109,60,0
NN_v1,3,PAPER_WEIGHT_NORMALIZED,2016-01-01,VDE,168,79,0
NN_v1,3,PAPER_WEIGHT_NORMALIZED,2016-01-01,VOX,100,56,0
NN_v1,3,PAPER_WEIGHT_NORMALIZED,2016-01-08,VDE,169,79,0
NN_v1,3,PAPER_WEIGHT_NORMALIZED,2016-01-08,VIS,118,66,0
NN_v1,3,PAPER_WEIGHT_NORMALIZED,2016-01-08,VAW,143,73,0
NN_v1,3,PAPER_WEIGHT_NORMALIZED,2016-01-15,VDE,170,80,1
NN_v1,3,PAPER_WEIGHT_NORMALIZED,2016-01-15,VFH,154,77,0
NN_v1,3,PAPER_WEIGHT_NORMALIZED,2016-01-15,VAW,144,73,0
NN_v1,3,PAPER_WEIGHT_NORMALIZED,2016-01-22,VFH,155,78,1
NN_v1,3,PAPER_WEIGHT_NORMALIZED,2016-01-22,VAW,145,74,1
NN_v1,3,PAPER_WEIGHT_NORMALIZED,2016-01-22,VIS,119,67,1
NN_v1,3,PAPER_WEIGHT_NORMALIZED,2016-01-29,VHT,88,57,0
NN_v1,3,PAPER_WEIGHT_NORMALIZED,2016-01-29,VCR,103,54,0
NN_v1,3,PAPER_WEIGHT_NORMALIZED,2016-01-29,VAW,146,75,2
NN_v1,3,PAPER_WEIGHT_NORMALIZED,2016-02-05,VGT,110,61,1
NN_v1,3,PAPER_WEIGHT_NORMALIZED,2016-02-05,VCR,104,55,1
NN_v1,3,PAPER_WEIGHT_NORMALIZED,2016-02-05,VHT,89,58,1
NN_v1,3,PAPER_WEIGHT_NORMALIZED,2016-02-12,VNQ,145,66,1
NN_v1,3,PAPER_WEIGHT_NORMALIZED,2016-02-12,VAW,147,76,3
NN_v1,3,PAPER_WEIGHT_NORMALIZED,2016-02-12,VIS,120,68,2
NN_v1,3,PAPER_WEIGHT_NORMALIZED,2016-02-19,VAW,148,77,4
NN_v1,3,PAPER_WEIGHT_NORMALIZED,2016-02-19,VFH,156,79,2
NN_v1,3,PAPER_WEIGHT_NORMALIZED,2016-02-19,VGT,111,62,2
NN_v1,3,PAPER_WEIGHT_NORMALIZED,2016-02-26,VDE,171,81,2
NN_v1,3,PAPER_WEIGHT_NORMALIZED,2016-02-26,VGT,112,63,3
NN_v1,3,PAPER_WEIGHT_NORMALIZED,2016-02-26,VIS,121,69,3
NN_v1,3,PAPER_WEIGHT_NORMALIZED,2016-03-04,VDE,172,82,3
NN_v1,3,PAPER_WEIGHT_NORMALIZED,2016-03-04,VGT,113,64,4
NN_v1,3,PAPER_WEIGHT_NORMALIZED,2016-03-04,VHT,90,59,2
NN_v1,3,PAPER_WEIGHT_NORMALIZED,2016-03-11,VDE,173,83,4
NN_v1,3,PAPER_WEIGHT_NORMALIZED,2016-03-11,VGT,114,65,5
NN_v1,3,PAPER_WEIGHT_NORMALIZED,2016-03-11,VCR,105,56,2
NN_v1,3,PAPER_WEIGHT_NORMALIZED,2016-03-18,VDE,174,83,0
NN_v1,3,PAPER_WEIGHT_NORMALIZED,2016-03-18,VHT,91,60,3
NN_v1,3,PAPER_WEIGHT_NORMALIZED,2016-03-18,VFH,157,79,0
NN_v1,3,PAPER_WEIGHT_NORMALIZED,2016-03-25,VDE,175,83,0
NN_v1,3,PAPER_WEIGHT_NORMALIZED,2016-03-25,VFH,158,80,1
NN_v1,3,PAPER_WEIGHT_NORMALIZED,2016-03-25,VCR,106,57,3
NN_v1,3,PAPER_WEIGHT_NORMALIZED,2016-04-01,VDE,176,84,1
NN_v1,3,PAPER_WEIGHT_NORMALIZED,2016-04-01,VFH,159,80,0
NN_v1,3,PAPER_WEIGHT_NORMALIZED,2016-04-01,VGT,115,65,0
NN_v1,3,PAPER_WEIGHT_NORMALIZED,2016-04-08,VGT,116,66,1
NN_v1,3,PAPER_WEIGHT_NORMALIZED,2016-04-08,VCR,107,58,4
NN_v1,3,PAPER_WEIGHT_NORMALIZED,2016-04-08,VFH,160,81,1
NN_v1,3,PAPER_WEIGHT_NORMALIZED,2016-04-15,VGT,117,66,0
NN_v1,3,PAPER_WEIGHT_NORMALIZED,2016-04-15,VCR,108,59,5
NN_v1,3,PAPER_WEIGHT_NORMALIZED,2016-04-15,VNQ,146,66,0
NN_v1,3,PAPER_WEIGHT_NORMALIZED,2016-04-22,VGT,118,66,0
NN_v1,3,PAPER_WEIGHT_NORMALIZED,2016-04-22,VNQ,147,67,1
NN_v1,3,PAPER_WEIGHT_NORMALIZED,2016-04-22,VCR,109,59,0
NN_v1,3,PAPER_WEIGHT_NORMALIZED,2016-04-29,VHT,92,60,0
NN_v1,3,PAPER_WEIGHT_NORMALIZED,2016-04-29,VFH,161,81,0
NN_v1,3,PAPER_WEIGHT_NORMALIZED,2016-04-29,VGT,119,66,0
NN_v1,3,PAPER_WEIGHT_NORMALIZED,2016-05-06,VDE,177,84,0
NN_v1,3,PAPER_WEIGHT_NORMALIZED,2016-05-06,VFH,162,81,0
NN_v1,3,PAPER_WEIGHT_NORMALIZED,2016-05-06,VGT,120,66,0
NN_v1,3,PAPER_WEIGHT_NORMALIZED,2016-05-13,VDE,178,85,1
NN_v1,3,PAPER_WEIGHT_NORMALIZED,2016-05-13,VHT,93,61,1
NN_v1,3,PAPER_WEIGHT_NORMALIZED,2016-05-13,VNQ,148,67,0
NN_v1,3,PAPER_WEIGHT_NORMALIZED,2016-05-20,VNQ,149,68,1
NN_v1,3,PAPER_WEIGHT_NORMALIZED,2016-05-20,VPU,95,52,1
NN_v1,3,PAPER_WEIGHT_NORMALIZED,2016-05-20,VDE,179,86,2
NN_v1,3,PAPER_WEIGHT_NORMALIZED,2016-05-27,VNQ,150,69,2
NN_v1,3,PAPER_WEIGHT_NORMALIZED,2016-05-27,VFH,163,81,0
NN_v1,3,PAPER_WEIGHT_NORMALIZED,2016-05-27,VHT,94,62,2
NN_v1,3,PAPER_WEIGHT_NORMALIZED,2016-06-03,VDE,180,87,3
NN_v1,3,PAPER_WEIGHT_NORMALIZED,2016-06-03,VFH,164,81,0
NN_v1,3,PAPER_WEIGHT_NORMALIZED,2016-06-03,VGT,121,66,0
NN_v1,3,PAPER_WEIGHT_NORMALIZED,2016-06-10,VFH,165,81,0
NN_v1,3,PAPER_WEIGHT_NORMALIZED,2016-06-10,VDE,181,88,4
NN_v1,3,PAPER_WEIGHT_NORMALIZED,2016-06-10,VGT,122,66,0
NN_v1,3,PAPER_WEIGHT_NORMALIZED,2016-06-17,VGT,123,66,0
NN_v1,3,PAPER_WEIGHT_NORMALIZED,2016-06-17,VFH,166,81,0
NN_v1,3,PAPER_WEIGHT_NORMALIZED,2016-06-17,VAW,149,77,0
NN_v1,3,PAPER_WEIGHT_NORMALIZED,2016-06-24,VAW,150,78,1
NN_v1,3,PAPER_WEIGHT_NORMALIZED,2016-06-24,VFH,167,82,1
NN_v1,3,PAPER_WEIGHT_NORMALIZED,2016-06-24,VGT,124,67,1
NN_v1,3,PAPER_WEIGHT_NORMALIZED,2016-07-01,VAW,151,79,2
NN_v1,3,PAPER_WEIGHT_NORMALIZED,2016-07-01,VGT,125,68,2
NN_v1,3,PAPER_WEIGHT_NORMALIZED,2016-07-01,VDE,182,88,0
NN_v1,3,PAPER_WEIGHT_NORMALIZED,2016-07-08,VDE,183,89,1
NN_v1,3,PAPER_WEIGHT_NORMALIZED,2016-07-08,VNQ,151,70,3
NN_v1,3,PAPER_WEIGHT_NORMALIZED,2016-07-08,VPU,96,52,0
NN_v1,3,PAPER_WEIGHT_NORMALIZED,2016-07-15,VNQ,152,71,4
NN_v1,3,PAPER_WEIGHT_NORMALIZED,2016-07-15,VPU,97,53,1
NN_v1,3,PAPER_WEIGHT_NORMALIZED,2016-07-15,VDE,184,89,0
NN_v1,3,PAPER_WEIGHT_NORMALIZED,2016-07-22,VDE,185,89,0
NN_v1,3,PAPER_WEIGHT_NORMALIZED,2016-07-22,VIS,122,69,0
NN_v1,3,PAPER_WEIGHT_NORMALIZED,2016-07-22,VAW,152,80,3
NN_v1,3,PAPER_WEIGHT_NORMALIZED,2016-07-29,VDE,186,90,1
NN_v1,3,PAPER_WEIGHT_NORMALIZED,2016-07-29,VAW,153,81,4
NN_v1,3,PAPER_WEIGHT_NORMALIZED,2016-07-29,VIS,123,70,1
NN_v1,3,PAPER_WEIGHT_NORMALIZED,2016-08-05,VOX,101,56,0
NN_v1,3,PAPER_WEIGHT_NORMALIZED,2016-08-05,VNQ,153,71,0
NN_v1,3,PAPER_WEIGHT_NORMALIZED,2016-08-05,VPU,98,53,0
NN_v1,3,PAPER_WEIGHT_NORMALIZED,2016-08-12,VFH,168,83,2
NN_v1,3,PAPER_WEIGHT_NORMALIZED,2016-08-12,VNQ,154,71,0
NN_v1,3,PAPER_WEIGHT_NORMALIZED,2016-08-12,VOX,102,56,0
NN_v1,3,PAPER_WEIGHT_NORMALIZED,2016-08-19,VOX,103,57,1
NN_v1,3,PAPER_WEIGHT_NORMALIZED,2016-08-19,VNQ,155,71,0
NN_v1,3,PAPER_WEIGHT_NORMALIZED,2016-08-19,VPU,99,53,0
NN_v1,3,PAPER_WEIGHT_NORMALIZED,2016-08-26,VPU,100,54,1
NN_v1,3,PAPER_WEIGHT_NORMALIZED,2016-08-26,VDE,187,90,0
NN_v1,3,PAPER_WEIGHT_NORMALIZED,2016-08-26,VOX,104,58,2
NN_v1,3,PAPER_WEIGHT_NORMALIZED,2016-09-02,VDE,188,91,1
NN_v1,3,PAPER_WEIGHT_NORMALIZED,2016-09-02,VPU,101,54,0
NN_v1,3,PAPER_WEIGHT_NORMALIZED,2016-09-02,VOX,105,58,0
NN_v1,3,PAPER_WEIGHT_NORMALIZED,2016-09-09,VOX,106,59,1
NN_v1,3,PAPER_WEIGHT_NORMALIZED,2016-09-09,VIS,124,71,2
NN_v1,3,PAPER_WEIGHT_NORMALIZED,2016-09-09,VNQ,156,71,0
NN_v1,3,PAPER_WEIGHT_NORMALIZED,2016-09-16,VDE,189,91,0
NN_v1,3,PAPER_WEIGHT_NORMALIZED,2016-09-16,VNQ,157,72,1
NN_v1,3,PAPER_WEIGHT_NORMALIZED,2016-09-16,VIS,125,72,3
NN_v1,3,PAPER_WEIGHT_NORMALIZED,2016-09-23,VDE,190,92,1
NN_v1,3,PAPER_WEIGHT_NORMALIZED,2016-09-23,VOX,107,59,0
NN_v1,3,PAPER_WEIGHT_NORMALIZED,2016-09-23,VPU,102,54,0
NN_v1,3,PAPER_WEIGHT_NORMALIZED,2016-09-30,VPU,103,54,0
NN_v1,3,PAPER_WEIGHT_NORMALIZED,2016-09-30,VOX,108,59,0
NN_v1,3,PAPER_WEIGHT_NORMALIZED,2016-09-30,VNQ,158,72,0
NN_v1,3,PAPER_WEIGHT_NORMALIZED,2016-10-07,VNQ,159,73,1
NN_v1,3,PAPER_WEIGHT_NORMALIZED,2016-10-07,VPU,104,55,1
NN_v1,3,PAPER_WEIGHT_NORMALIZED,2016-10-07,VIS,126,72,0
NN_v1,3,PAPER_WEIGHT_NORMALIZED,2016-10-14,VIS,127,72,0
NN_v1,3,PAPER_WEIGHT_NORMALIZED,2016-10-14,VHT,95,63,3
NN_v1,3,PAPER_WEIGHT_NORMALIZED,2016-10-14,VDE,191,93,2
NN_v1,3,PAPER_WEIGHT_NORMALIZED,2016-10-21,VOX,109,59,0
NN_v1,3,PAPER_WEIGHT_NORMALIZED,2016-10-21,VPU,105,56,2
NN_v1,3,PAPER_WEIGHT_NORMALIZED,2016-10-21,VNQ,160,73,0
NN_v1,3,PAPER_WEIGHT_NORMALIZED,2016-10-28,VNQ,161,73,0
NN_v1,3,PAPER_WEIGHT_NORMALIZED,2016-10-28,VHT,96,63,0
NN_v1,3,PAPER_WEIGHT_NORMALIZED,2016-10-28,VDE,192,93,0
NN_v1,3,PAPER_WEIGHT_NORMALIZED,2016-11-04,VDE,193,94,1
NN_v1,3,PAPER_WEIGHT_NORMALIZED,2016-11-04,VFH,169,84,3
NN_v1,3,PAPER_WEIGHT_NORMALIZED,2016-11-04,VHT,97,64,1
NN_v1,3,PAPER_WEIGHT_NORMALIZED,2016-11-11,VNQ,162,74,1
NN_v1,3,PAPER_WEIGHT_NORMALIZED,2016-11-11,VPU,106,57,3
NN_v1,3,PAPER_WEIGHT_NORMALIZED,2016-11-11,VDC,39,21,4
NN_v1,3,PAPER_WEIGHT_NORMALIZED,2016-11-18,VNQ,163,75,2
NN_v1,3,PAPER_WEIGHT_NORMALIZED,2016-11-18,VPU,107,58,4
NN_v1,3,PAPER_WEIGHT_NORMALIZED,2016-11-18,VHT,98,64,0
NN_v1,3,PAPER_WEIGHT_NORMALIZED,2016-11-25,VHT,99,64,0
NN_v1,3,PAPER_WEIGHT_NORMALIZED,2016-11-25,VNQ,164,75,0
NN_v1,3,PAPER_WEIGHT_NORMALIZED,2016-11-25,VPU,108,58,0
NN_v1,3,PAPER_WEIGHT_NORMALIZED,2016-12-02,VHT,100,65,1
NN_v1,3,PAPER_WEIGHT_NORMALIZED,2016-12-02,VOX,110,60,1
NN_v1,3,PAPER_WEIGHT_NORMALIZED,2016-12-02,VPU,109,59,1
NN_v1,3,PAPER_WEIGHT_NORMALIZED,2016-12-09,VHT,101,66,2
NN_v1,3,PAPER_WEIGHT_NORMALIZED,2016-12-09,VNQ,165,75,0
NN_v1,3,PAPER_WEIGHT_NORMALIZED,2016-12-09,VPU,110,60,2
NN_v1,3,PAPER_WEIGHT_NORMALIZED,2016-12-16,VNQ,166,75,0
NN_v1,3,PAPER_WEIGHT_NORMALIZED,2016-12-16,VOX,111,61,2
NN_v1,3,PAPER_WEIGHT_NORMALIZED,2016-12-16,VPU,111,60,0
NN_v1,3,PAPER_WEIGHT_NORMALIZED,2016-12-23,VNQ,167,76,1
NN_v1,3,PAPER_WEIGHT_NORMALIZED,2016-12-23,VHT,102,66,0
NN_v1,3,PAPER_WEIGHT_NORMALIZED,2016-12-23,VCR,110,59,0
NN_v1,3,PAPER_WEIGHT_NORMALIZED,2016-12-30,VHT,103,67,1
NN_v1,3,PAPER_WEIGHT_NORMALIZED,2016-12-30,VCR,111,60,1
NN_v1,3,PAPER_WEIGHT_NORMALIZED,2016-12-30,VOX,112,62,3
NN_v1,3,PAPER_WEIGHT_NORMALIZED,2017-01-06,VHT,104,68,2
NN_v1,3,PAPER_WEIGHT_NORMALIZED,2017-01-06,VPU,112,60,0
NN_v1,3,PAPER_WEIGHT_NORMALIZED,2017-01-06,VGT,126,69,3
NN_v1,3,PAPER_WEIGHT_NORMALIZED,2017-01-13,VNQ,168,77,2
NN_v1,3,PAPER_WEIGHT_NORMALIZED,2017-01-13,VHT,105,68,0
NN_v1,3,PAPER_WEIGHT_NORMALIZED,2017-01-13,VGT,127,70,4
NN_v1,3,PAPER_WEIGHT_NORMALIZED,2017-01-20,VNQ,169,77,0
NN_v1,3,PAPER_WEIGHT_NORMALIZED,2017-01-20,VGT,128,71,5
NN_v1,3,PAPER_WEIGHT_NORMALIZED,2017-01-20,VFH,170,85,4
NN_v1,3,PAPER_WEIGHT_NORMALIZED,2017-01-27,VHT,106,69,1
NN_v1,3,PAPER_WEIGHT_NORMALIZED,2017-01-27,VNQ,170,78,1
NN_v1,3,PAPER_WEIGHT_NORMALIZED,2017-01-27,VFH,171,86,5
NN_v1,3,PAPER_WEIGHT_NORMALIZED,2017-02-03,VAW,154,82,5
NN_v1,3,PAPER_WEIGHT_NORMALIZED,2017-02-03,VHT,107,70,2
NN_v1,3,PAPER_WEIGHT_NORMALIZED,2017-02-03,VDC,40,22,5
NN_v1,3,PAPER_WEIGHT_NORMALIZED,2017-02-10,VAW,155,82,0
NN_v1,3,PAPER_WEIGHT_NORMALIZED,2017-02-10,VDE,194,94,0
NN_v1,3,PAPER_WEIGHT_NORMALIZED,2017-02-10,VOX,113,63,4
NN_v1,3,PAPER_WEIGHT_NORMALIZED,2017-02-17,VDE,195,94,0
NN_v1,3,PAPER_WEIGHT_NORMALIZED,2017-02-17,VOX,114,64,5
NN_v1,3,PAPER_WEIGHT_NORMALIZED,2017-02-17,VAW,156,82,0
NN_v1,3,PAPER_WEIGHT_NORMALIZED,2017-02-24,VDE,196,95,1
NN_v1,3,PAPER_WEIGHT_NORMALIZED,2017-02-24,VOX,115,64,0
NN_v1,3,PAPER_WEIGHT_NORMALIZED,2017-02-24,VFH,172,87,6
NN_v1,3,PAPER_WEIGHT_NORMALIZED,2017-03-03,VDE,197,95,0
NN_v1,3,PAPER_WEIGHT_NORMALIZED,2017-03-03,VOX,116,64,0
NN_v1,3,PAPER_WEIGHT_NORMALIZED,2017-03-03,VFH,173,87,0
NN_v1,3,PAPER_WEIGHT_NORMALIZED,2017-03-10,VOX,117,65,1
NN_v1,3,PAPER_WEIGHT_NORMALIZED,2017-03-10,VNQ,171,79,2
NN_v1,3,PAPER_WEIGHT_NORMALIZED,2017-03-10,VDE,198,96,1
NN_v1,3,PAPER_WEIGHT_NORMALIZED,2017-03-17,VNQ,172,79,0
NN_v1,3,PAPER_WEIGHT_NORMALIZED,2017-03-17,VFH,174,87,0
NN_v1,3,PAPER_WEIGHT_NORMALIZED,2017-03-17,VPU,113,61,1
NN_v1,3,PAPER_WEIGHT_NORMALIZED,2017-03-24,VDE,199,97,2
NN_v1,3,PAPER_WEIGHT_NORMALIZED,2017-03-24,VFH,175,88,1
NN_v1,3,PAPER_WEIGHT_NORMALIZED,2017-03-24,VIS,128,73,1
NN_v1,3,PAPER_WEIGHT_NORMALIZED,2017-03-31,VOX,118,66,2
NN_v1,3,PAPER_WEIGHT_NORMALIZED,2017-03-31,VFH,176,88,0
NN_v1,3,PAPER_WEIGHT_NORMALIZED,2017-03-31,VNQ,173,80,1
NN_v1,3,PAPER_WEIGHT_NORMALIZED,2017-04-07,VOX,119,67,3
NN_v1,3,PAPER_WEIGHT_NORMALIZED,2017-04-07,VFH,177,88,0
NN_v1,3,PAPER_WEIGHT_NORMALIZED,2017-04-07,VDE,200,97,0
NN_v1,3,PAPER_WEIGHT_NORMALIZED,2017-04-14,VDE,201,97,0
NN_v1,3,PAPER_WEIGHT_NORMALIZED,2017-04-14,VOX,120,67,0
NN_v1,3,PAPER_WEIGHT_NORMALIZED,2017-04-14,VFH,178,89,1
NN_v1,3,PAPER_WEIGHT_NORMALIZED,2017-04-21,VDE,202,97,0
NN_v1,3,PAPER_WEIGHT_NORMALIZED,2017-04-21,VFH,179,89,0
NN_v1,3,PAPER_WEIGHT_NORMALIZED,2017-04-21,VOX,121,67,0
NN_v1,3,PAPER_WEIGHT_NORMALIZED,2017-04-28,VDE,203,97,0
NN_v1,3,PAPER_WEIGHT_NORMALIZED,2017-04-28,VOX,122,67,0
NN_v1,3,PAPER_WEIGHT_NORMALIZED,2017-04-28,VFH,180,90,1
NN_v1,3,PAPER_WEIGHT_NORMALIZED,2017-05-05,VFH,181,90,0
NN_v1,3,PAPER_WEIGHT_NORMALIZED,2017-05-05,VNQ,174,80,0
NN_v1,3,PAPER_WEIGHT_NORMALIZED,2017-05-05,VOX,123,67,0
NN_v1,3,PAPER_WEIGHT_NORMALIZED,2017-05-12,VOX,124,67,0
NN_v1,3,PAPER_WEIGHT_NORMALIZED,2017-05-12,VFH,182,90,0
NN_v1,3,PAPER_WEIGHT_NORMALIZED,2017-05-12,VDE,204,97,0
NN_v1,3,PAPER_WEIGHT_NORMALIZED,2017-05-19,VOX,125,68,1
NN_v1,3,PAPER_WEIGHT_NORMALIZED,2017-05-19,VFH,183,91,1
NN_v1,3,PAPER_WEIGHT_NORMALIZED,2017-05-19,VHT,108,71,3
NN_v1,3,PAPER_WEIGHT_NORMALIZED,2017-05-26,VFH,184,91,0
NN_v1,3,PAPER_WEIGHT_NORMALIZED,2017-05-26,VDE,205,97,0
NN_v1,3,PAPER_WEIGHT_NORMALIZED,2017-05-26,VOX,126,69,2
NN_v1,3,PAPER_WEIGHT_NORMALIZED,2017-06-02,VDE,206,98,1
NN_v1,3,PAPER_WEIGHT_NORMALIZED,2017-06-02,VFH,185,92,1
NN_v1,3,PAPER_WEIGHT_NORMALIZED,2017-06-02,VOX,127,69,0
NN_v1,3,PAPER_WEIGHT_NORMALIZED,2017-06-09,VDE,207,98,0
NN_v1,3,PAPER_WEIGHT_NORMALIZED,2017-06-09,VFH,186,93,2
NN_v1,3,PAPER_WEIGHT_NORMALIZED,2017-06-09,VOX,128,70,1
NN_v1,3,PAPER_WEIGHT_NORMALIZED,2017-06-16,VDE,208,98,0
NN_v1,3,PAPER_WEIGHT_NORMALIZED,2017-06-16,VGT,129,72,6
NN_v1,3,PAPER_WEIGHT_NORMALIZED,2017-06-16,VOX,129,70,0
NN_v1,3,PAPER_WEIGHT_NORMALIZED,2017-06-23,VFH,187,94,3
NN_v1,3,PAPER_WEIGHT_NORMALIZED,2017-06-23,VDE,209,99,1
NN_v1,3,PAPER_WEIGHT_NORMALIZED,2017-06-23,VOX,130,70,0
NN_v1,3,PAPER_WEIGHT_NORMALIZED,2017-06-30,VDE,210,99,0
NN_v1,3,PAPER_WEIGHT_NORMALIZED,2017-06-30,VNQ,175,80,0
NN_v1,3,PAPER_WEIGHT_NORMALIZED,2017-06-30,VOX,131,70,0
NN_v1,3,PAPER_WEIGHT_NORMALIZED,2017-07-07,VPU,114,62,2
NN_v1,3,PAPER_WEIGHT_NORMALIZED,2017-07-07,VGT,130,73,7
NN_v1,3,PAPER_WEIGHT_NORMALIZED,2017-07-07,VNQ,176,81,1
NN_v1,3,PAPER_WEIGHT_NORMALIZED,2017-07-14,VDE,211,99,0
NN_v1,3,PAPER_WEIGHT_NORMALIZED,2017-07-14,VOX,132,71,1
NN_v1,3,PAPER_WEIGHT_NORMALIZED,2017-07-14,VPU,115,63,3
NN_v1,3,PAPER_WEIGHT_NORMALIZED,2017-07-21,VFH,188,95,4
NN_v1,3,PAPER_WEIGHT_NORMALIZED,2017-07-21,VDE,212,100,1
NN_v1,3,PAPER_WEIGHT_NORMALIZED,2017-07-21,VOX,133,72,2
NN_v1,3,PAPER_WEIGHT_NORMALIZED,2017-07-28,VDE,213,100,0
NN_v1,3,PAPER_WEIGHT_NORMALIZED,2017-07-28,VGT,131,73,0
NN_v1,3,PAPER_WEIGHT_NORMALIZED,2017-07-28,VPU,116,64,4
NN_v1,3,PAPER_WEIGHT_NORMALIZED,2017-08-04,VGT,132,73,0
NN_v1,3,PAPER_WEIGHT_NORMALIZED,2017-08-04,VDE,214,100,0
NN_v1,3,PAPER_WEIGHT_NORMALIZED,2017-08-04,VCR,112,60,0
NN_v1,3,PAPER_WEIGHT_NORMALIZED,2017-08-11,VCR,113,60,0
NN_v1,3,PAPER_WEIGHT_NORMALIZED,2017-08-11,VGT,133,73,0
NN_v1,3,PAPER_WEIGHT_NORMALIZED,2017-08-11,VHT,109,71,0
NN_v1,3,PAPER_WEIGHT_NORMALIZED,2017-08-18,VOX,134,73,3
NN_v1,3,PAPER_WEIGHT_NORMALIZED,2017-08-18,VFH,189,96,5
NN_v1,3,PAPER_WEIGHT_NORMALIZED,2017-08-18,VDE,215,101,1
NN_v1,3,PAPER_WEIGHT_NORMALIZED,2017-08-25,VOX,135,74,4
NN_v1,3,PAPER_WEIGHT_NORMALIZED,2017-08-25,VFH,190,96,0
NN_v1,3,PAPER_WEIGHT_NORMALIZED,2017-08-25,VDE,216,102,2
NN_v1,3,PAPER_WEIGHT_NORMALIZED,2017-09-01,VDE,217,103,3
NN_v1,3,PAPER_WEIGHT_NORMALIZED,2017-09-01,VDC,41,23,6
NN_v1,3,PAPER_WEIGHT_NORMALIZED,2017-09-01,VOX,136,74,0
NN_v1,3,PAPER_WEIGHT_NORMALIZED,2017-09-08,VOX,137,75,1
NN_v1,3,PAPER_WEIGHT_NORMALIZED,2017-09-08,VAW,157,83,1
NN_v1,3,PAPER_WEIGHT_NORMALIZED,2017-09-08,VDE,218,104,4
NN_v1,3,PAPER_WEIGHT_NORMALIZED,2017-09-15,VOX,138,76,2
NN_v1,3,PAPER_WEIGHT_NORMALIZED,2017-09-15,VHT,110,71,0
NN_v1,3,PAPER_WEIGHT_NORMALIZED,2017-09-15,VGT,134,73,0
NN_v1,3,PAPER_WEIGHT_NORMALIZED,2017-09-22,VHT,111,72,1
NN_v1,3,PAPER_WEIGHT_NORMALIZED,2017-09-22,VOX,139,76,0
NN_v1,3,PAPER_WEIGHT_NORMALIZED,2017-09-22,VNQ,177,82,2
NN_v1,3,PAPER_WEIGHT_NORMALIZED,2017-09-29,VOX,140,77,1
NN_v1,3,PAPER_WEIGHT_NORMALIZED,2017-09-29,VNQ,178,83,3
NN_v1,3,PAPER_WEIGHT_NORMALIZED,2017-09-29,VDC,42,23,0
NN_v1,3,PAPER_WEIGHT_NORMALIZED,2017-10-06,VDE,219,105,5
NN_v1,3,PAPER_WEIGHT_NORMALIZED,2017-10-06,VDC,43,24,1
NN_v1,3,PAPER_WEIGHT_NORMALIZED,2017-10-06,VPU,117,65,5
NN_v1,3,PAPER_WEIGHT_NORMALIZED,2017-10-13,VOX,141,77,0
NN_v1,3,PAPER_WEIGHT_NORMALIZED,2017-10-13,VFH,191,97,1
NN_v1,3,PAPER_WEIGHT_NORMALIZED,2017-10-13,VDE,220,105,0
NN_v1,3,PAPER_WEIGHT_NORMALIZED,2017-10-20,VOX,142,77,0
NN_v1,3,PAPER_WEIGHT_NORMALIZED,2017-10-20,VFH,192,98,2
NN_v1,3,PAPER_WEIGHT_NORMALIZED,2017-10-20,VNQ,179,83,0
NN_v1,3,PAPER_WEIGHT_NORMALIZED,2017-10-27,VOX,143,77,0
NN_v1,3,PAPER_WEIGHT_NORMALIZED,2017-10-27,VNQ,180,84,1
NN_v1,3,PAPER_WEIGHT_NORMALIZED,2017-10-27,VDC,44,24,0
NN_v1,3,PAPER_WEIGHT_NORMALIZED,2017-11-03,VOX,144,77,0
NN_v1,3,PAPER_WEIGHT_NORMALIZED,2017-11-03,VNQ,181,85,2
NN_v1,3,PAPER_WEIGHT_NORMALIZED,2017-11-03,VDC,45,25,1
NN_v1,3,PAPER_WEIGHT_NORMALIZED,2017-11-10,VOX,145,78,1
NN_v1,3,PAPER_WEIGHT_NORMALIZED,2017-11-10,VFH,193,99,3
NN_v1,3,PAPER_WEIGHT_NORMALIZED,2017-11-10,VHT,112,73,2
NN_v1,3,PAPER_WEIGHT_NORMALIZED,2017-11-17,VFH,194,100,4
NN_v1,3,PAPER_WEIGHT_NORMALIZED,2017-11-17,VOX,146,79,2
NN_v1,3,PAPER_WEIGHT_NORMALIZED,2017-11-17,VDE,221,106,1
NN_v1,3,PAPER_WEIGHT_NORMALIZED,2017-11-24,VOX,147,80,3
NN_v1,3,PAPER_WEIGHT_NORMALIZED,2017-11-24,VDE,222,107,2
NN_v1,3,PAPER_WEIGHT_NORMALIZED,2017-11-24,VNQ,182,85,0
NN_v1,3,PAPER_WEIGHT_NORMALIZED,2017-12-01,VOX,148,80,0
NN_v1,3,PAPER_WEIGHT_NORMALIZED,2017-12-01,VNQ,183,85,0
NN_v1,3,PAPER_WEIGHT_NORMALIZED,2017-12-01,VDC,46,26,2
NN_v1,3,PAPER_WEIGHT_NORMALIZED,2017-12-08,VDE,223,107,0
NN_v1,3,PAPER_WEIGHT_NORMALIZED,2017-12-08,VHT,113,74,3
NN_v1,3,PAPER_WEIGHT_NORMALIZED,2017-12-08,VNQ,184,86,1
NN_v1,3,PAPER_WEIGHT_NORMALIZED,2017-12-15,VOX,149,81,1
NN_v1,3,PAPER_WEIGHT_NORMALIZED,2017-12-15,VDE,224,108,1
NN_v1,3,PAPER_WEIGHT_NORMALIZED,2017-12-15,VFH,195,100,0
NN_v1,3,PAPER_WEIGHT_NORMALIZED,2017-12-22,VOX,150,81,0
NN_v1,3,PAPER_WEIGHT_NORMALIZED,2017-12-22,VFH,196,100,0
NN_v1,3,PAPER_WEIGHT_NORMALIZED,2017-12-22,VPU,118,66,6
NN_v1,3,PAPER_WEIGHT_NORMALIZED,2017-12-29,VOX,151,81,0
NN_v1,3,PAPER_WEIGHT_NORMALIZED,2017-12-29,VPU,119,66,0
NN_v1,3,PAPER_WEIGHT_NORMALIZED,2017-12-29,VFH,197,101,1
NN_v1,3,PAPER_WEIGHT_NORMALIZED,2018-01-05,VPU,120,66,0
NN_v1,3,PAPER_WEIGHT_NORMALIZED,2018-01-05,VOX,152,82,1
NN_v1,3,PAPER_WEIGHT_NORMALIZED,2018-01-05,VNQ,185,86,0
NN_v1,3,PAPER_WEIGHT_NORMALIZED,2018-01-12,VPU,121,66,0
NN_v1,3,PAPER_WEIGHT_NORMALIZED,2018-01-12,VNQ,186,86,0
NN_v1,3,PAPER_WEIGHT_NORMALIZED,2018-01-12,VOX,153,82,0
NN_v1,3,PAPER_WEIGHT_NORMALIZED,2018-01-19,VPU,122,67,1
NN_v1,3,PAPER_WEIGHT_NORMALIZED,2018-01-19,VNQ,187,87,1
NN_v1,3,PAPER_WEIGHT_NORMALIZED,2018-01-19,VDE,225,109,2
NN_v1,3,PAPER_WEIGHT_NORMALIZED,2018-01-26,VPU,123,67,0
NN_v1,3,PAPER_WEIGHT_NORMALIZED,2018-01-26,VDE,226,109,0
NN_v1,3,PAPER_WEIGHT_NORMALIZED,2018-01-26,VNQ,188,87,0
NN_v1,3,PAPER_WEIGHT_NORMALIZED,2018-02-02,VDE,227,109,0
NN_v1,3,PAPER_WEIGHT_NORMALIZED,2018-02-02,VAW,158,83,0
NN_v1,3,PAPER_WEIGHT_NORMALIZED,2018-02-02,VPU,124,67,0
NN_v1,3,PAPER_WEIGHT_NORMALIZED,2018-02-09,VDE,228,110,1
NN_v1,3,PAPER_WEIGHT_NORMALIZED,2018-02-09,VHT,114,75,4
NN_v1,3,PAPER_WEIGHT_NORMALIZED,2018-02-09,VDC,47,27,3
NN_v1,3,PAPER_WEIGHT_NORMALIZED,2018-02-16,VDE,229,111,2
NN_v1,3,PAPER_WEIGHT_NORMALIZED,2018-02-16,VOX,154,82,0
NN_v1,3,PAPER_WEIGHT_NORMALIZED,2018-02-16,VNQ,189,87,0
NN_v1,3,PAPER_WEIGHT_NORMALIZED,2018-02-23,VDE,230,111,0
NN_v1,3,PAPER_WEIGHT_NORMALIZED,2018-02-23,VNQ,190,87,0
NN_v1,3,PAPER_WEIGHT_NORMALIZED,2018-02-23,VPU,125,67,0
NN_v1,3,PAPER_WEIGHT_NORMALIZED,2018-03-02,VPU,126,68,1
NN_v1,3,PAPER_WEIGHT_NORMALIZED,2018-03-02,VNQ,191,88,1
NN_v1,3,PAPER_WEIGHT_NORMALIZED,2018-03-02,VAW,159,84,1
NN_v1,3,PAPER_WEIGHT_NORMALIZED,2018-03-09,VDE,231,111,0
NN_v1,3,PAPER_WEIGHT_NORMALIZED,2018-03-09,VAW,160,84,0
NN_v1,3,PAPER_WEIGHT_NORMALIZED,2018-03-09,VIS,129,73,0
NN_v1,3,PAPER_WEIGHT_NORMALIZED,2018-03-16,VAW,161,84,0
NN_v1,3,PAPER_WEIGHT_NORMALIZED,2018-03-16,VDE,232,111,0
NN_v1,3,PAPER_WEIGHT_NORMALIZED,2018-03-16,VIS,130,73,0
NN_v1,3,PAPER_WEIGHT_NORMALIZED,2018-03-23,VOX,155,83,1
NN_v1,3,PAPER_WEIGHT_NORMALIZED,2018-03-23,VFH,198,102,2
NN_v1,3,PAPER_WEIGHT_NORMALIZED,2018-03-23,VGT,135,73,0
NN_v1,3,PAPER_WEIGHT_NORMALIZED,2018-03-30,VGT,136,73,0
NN_v1,3,PAPER_WEIGHT_NORMALIZED,2018-03-30,VDE,233,112,1
NN_v1,3,PAPER_WEIGHT_NORMALIZED,2018-03-30,VHT,115,75,0
NN_v1,3,PAPER_WEIGHT_NORMALIZED,2018-04-06,VFH,199,103,3
NN_v1,3,PAPER_WEIGHT_NORMALIZED,2018-04-06,VGT,137,74,1
NN_v1,3,PAPER_WEIGHT_NORMALIZED,2018-04-06,VIS,131,74,1
NN_v1,3,PAPER_WEIGHT_NORMALIZED,2018-04-13,VCR,114,61,1
NN_v1,3,PAPER_WEIGHT_NORMALIZED,2018-04-13,VFH,200,104,4
NN_v1,3,PAPER_WEIGHT_NORMALIZED,2018-04-13,VOX,156,84,2
NN_v1,3,PAPER_WEIGHT_NORMALIZED,2018-04-20,VDC,48,28,4
NN_v1,3,PAPER_WEIGHT_NORMALIZED,2018-04-20,VGT,138,74,0
NN_v1,3,PAPER_WEIGHT_NORMALIZED,2018-04-20,VHT,116,76,1
NN_v1,3,PAPER_WEIGHT_NORMALIZED,2018-04-27,VIS,132,74,0
NN_v1,3,PAPER_WEIGHT_NORMALIZED,2018-04-27,VAW,162,84,0
NN_v1,3,PAPER_WEIGHT_NORMALIZED,2018-04-27,VFH,201,104,0
NN_v1,3,PAPER_WEIGHT_NORMALIZED,2018-05-04,VOX,157,85,3
NN_v1,3,PAPER_WEIGHT_NORMALIZED,2018-05-04,VAW,163,85,1
NN_v1,3,PAPER_WEIGHT_NORMALIZED,2018-05-04,VHT,117,77,2
NN_v1,3,PAPER_WEIGHT_NORMALIZED,2018-05-11,VDC,49,28,0
NN_v1,3,PAPER_WEIGHT_NORMALIZED,2018-05-11,VOX,158,85,0
NN_v1,3,PAPER_WEIGHT_NORMALIZED,2018-05-11,VAW,164,86,2
NN_v1,3,PAPER_WEIGHT_NORMALIZED,2018-05-18,VOX,159,85,0
NN_v1,3,PAPER_WEIGHT_NORMALIZED,2018-05-18,VHT,118,77,0
NN_v1,3,PAPER_WEIGHT_NORMALIZED,2018-05-18,VFH,202,104,0
NN_v1,3,PAPER_WEIGHT_NORMALIZED,2018-05-25,VFH,203,104,0
NN_v1,3,PAPER_WEIGHT_NORMALIZED,2018-05-25,VGT,139,75,1
NN_v1,3,PAPER_WEIGHT_NORMALIZED,2018-05-25,VDE,234,113,2
NN_v1,3,PAPER_WEIGHT_NORMALIZED,2018-06-01,VFH,204,105,1
NN_v1,3,PAPER_WEIGHT_NORMALIZED,2018-06-01,VHT,119,78,1
NN_v1,3,PAPER_WEIGHT_NORMALIZED,2018-06-01,VAW,165,87,3
NN_v1,3,PAPER_WEIGHT_NORMALIZED,2018-06-08,VDE,235,113,0
NN_v1,3,PAPER_WEIGHT_NORMALIZED,2018-06-08,VPU,127,69,2
NN_v1,3,PAPER_WEIGHT_NORMALIZED,2018-06-08,VGT,140,76,2
NN_v1,3,PAPER_WEIGHT_NORMALIZED,2018-06-15,VDE,236,114,1
NN_v1,3,PAPER_WEIGHT_NORMALIZED,2018-06-15,VFH,205,105,0
NN_v1,3,PAPER_WEIGHT_NORMALIZED,2018-06-15,VAW,166,87,0
NN_v1,3,PAPER_WEIGHT_NORMALIZED,2018-06-22,VIS,133,74,0
NN_v1,3,PAPER_WEIGHT_NORMALIZED,2018-06-22,VDE,237,115,2
NN_v1,3,PAPER_WEIGHT_NORMALIZED,2018-06-22,VGT,141,76,0
NN_v1,3,PAPER_WEIGHT_NORMALIZED,2018-06-29,VAW,167,88,1
NN_v1,3,PAPER_WEIGHT_NORMALIZED,2018-06-29,VIS,134,75,1
NN_v1,3,PAPER_WEIGHT_NORMALIZED,2018-06-29,VOX,160,86,1
NN_v1,3,PAPER_WEIGHT_NORMALIZED,2018-07-06,VIS,135,76,2
NN_v1,3,PAPER_WEIGHT_NORMALIZED,2018-07-06,VDE,238,115,0
NN_v1,3,PAPER_WEIGHT_NORMALIZED,2018-07-06,VFH,206,106,1
NN_v1,3,PAPER_WEIGHT_NORMALIZED,2018-07-13,VDE,239,115,0
NN_v1,3,PAPER_WEIGHT_NORMALIZED,2018-07-13,VFH,207,107,2
NN_v1,3,PAPER_WEIGHT_NORMALIZED,2018-07-13,VPU,128,69,0
NN_v1,3,PAPER_WEIGHT_NORMALIZED,2018-07-20,VDE,240,116,1
NN_v1,3,PAPER_WEIGHT_NORMALIZED,2018-07-20,VOX,161,86,0
NN_v1,3,PAPER_WEIGHT_NORMALIZED,2018-07-20,VPU,129,70,1
NN_v1,3,PAPER_WEIGHT_NORMALIZED,2018-07-27,VOX,162,87,1
NN_v1,3,PAPER_WEIGHT_NORMALIZED,2018-07-27,VGT,142,77,1
NN_v1,3,PAPER_WEIGHT_NORMALIZED,2018-07-27,VPU,130,71,2
NN_v1,3,PAPER_WEIGHT_NORMALIZED,2018-08-03,VDE,241,116,0
NN_v1,3,PAPER_WEIGHT_NORMALIZED,2018-08-03,VOX,163,88,2
NN_v1,3,PAPER_WEIGHT_NORMALIZED,2018-08-03,VFH,208,107,0
NN_v1,3,PAPER_WEIGHT_NORMALIZED,2018-08-10,VDE,242,116,0
NN_v1,3,PAPER_WEIGHT_NORMALIZED,2018-08-10,VFH,209,108,1
NN_v1,3,PAPER_WEIGHT_NORMALIZED,2018-08-10,VIS,136,77,3
NN_v1,3,PAPER_WEIGHT_NORMALIZED,2018-08-17,VDE,243,117,1
NN_v1,3,PAPER_WEIGHT_NORMALIZED,2018-08-17,VFH,210,109,2
NN_v1,3,PAPER_WEIGHT_NORMALIZED,2018-08-17,VAW,168,89,2
NN_v1,3,PAPER_WEIGHT_NORMALIZED,2018-08-24,VDE,244,117,0
NN_v1,3,PAPER_WEIGHT_NORMALIZED,2018-08-24,VPU,131,71,0
NN_v1,3,PAPER_WEIGHT_NORMALIZED,2018-08-24,VNQ,192,89,2
NN_v1,3,PAPER_WEIGHT_NORMALIZED,2018-08-31,VDE,245,117,0
NN_v1,3,PAPER_WEIGHT_NORMALIZED,2018-08-31,VPU,132,72,1
NN_v1,3,PAPER_WEIGHT_NORMALIZED,2018-08-31,VNQ,193,89,0
NN_v1,3,PAPER_WEIGHT_NORMALIZED,2018-09-07,VDE,246,118,1
NN_v1,3,PAPER_WEIGHT_NORMALIZED,2018-09-07,VGT,143,78,2
NN_v1,3,PAPER_WEIGHT_NORMALIZED,2018-09-07,VNQ,194,89,0
NN_v1,3,PAPER_WEIGHT_NORMALIZED,2018-09-14,VDE,247,119,2
NN_v1,3,PAPER_WEIGHT_NORMALIZED,2018-09-14,VGT,144,78,0
NN_v1,3,PAPER_WEIGHT_NORMALIZED,2018-09-14,VOX,164,89,3
NN_v1,3,PAPER_WEIGHT_NORMALIZED,2018-09-21,VDE,248,120,3
NN_v1,3,PAPER_WEIGHT_NORMALIZED,2018-09-21,VPU,133,72,0
NN_v1,3,PAPER_WEIGHT_NORMALIZED,2018-09-21,VNQ,195,89,0
NN_v1,3,PAPER_WEIGHT_NORMALIZED,2018-09-28,VDE,249,121,4
NN_v1,3,PAPER_WEIGHT_NORMALIZED,2018-09-28,VFH,211,110,3
NN_v1,3,PAPER_WEIGHT_NORMALIZED,2018-09-28,VAW,169,89,0
NN_v1,3,PAPER_WEIGHT_NORMALIZED,2018-10-05,VCR,115,61,0
NN_v1,3,PAPER_WEIGHT_NORMALIZED,2018-10-05,VAW,170,89,0
NN_v1,3,PAPER_WEIGHT_NORMALIZED,2018-10-05,VNQ,196,89,0
NN_v1,3,PAPER_WEIGHT_NORMALIZED,2018-10-12,VAW,171,89,0
NN_v1,3,PAPER_WEIGHT_NORMALIZED,2018-10-12,VIS,137,77,0
NN_v1,3,PAPER_WEIGHT_NORMALIZED,2018-10-12,VFH,212,111,4
NN_v1,3,PAPER_WEIGHT_NORMALIZED,2018-10-19,VCR,116,61,0
NN_v1,3,PAPER_WEIGHT_NORMALIZED,2018-10-19,VAW,172,89,0
NN_v1,3,PAPER_WEIGHT_NORMALIZED,2018-10-19,VGT,145,78,0
NN_v1,3,PAPER_WEIGHT_NORMALIZED,2018-10-26,VHT,120,79,2
NN_v1,3,PAPER_WEIGHT_NORMALIZED,2018-10-26,VDE,250,122,5
NN_v1,3,PAPER_WEIGHT_NORMALIZED,2018-10-26,VOX,165,90,4
NN_v1,3,PAPER_WEIGHT_NORMALIZED,2018-11-02,VGT,146,79,1
NN_v1,3,PAPER_WEIGHT_NORMALIZED,2018-11-02,VDE,251,122,0
NN_v1,3,PAPER_WEIGHT_NORMALIZED,2018-11-02,VNQ,197,90,1
NN_v1,3,PAPER_WEIGHT_NORMALIZED,2018-11-09,VDE,252,122,0
NN_v1,3,PAPER_WEIGHT_NORMALIZED,2018-11-09,VIS,138,77,0
NN_v1,3,PAPER_WEIGHT_NORMALIZED,2018-11-09,VAW,173,90,1
NN_v1,3,PAPER_WEIGHT_NORMALIZED,2018-11-16,VCR,117,61,0
NN_v1,3,PAPER_WEIGHT_NORMALIZED,2018-11-16,VOX,166,90,0
NN_v1,3,PAPER_WEIGHT_NORMALIZED,2018-11-16,VIS,139,77,0
NN_v1,3,PAPER_WEIGHT_NORMALIZED,2018-11-23,VDE,253,123,1
NN_v1,3,PAPER_WEIGHT_NORMALIZED,2018-11-23,VGT,147,80,2
NN_v1,3,PAPER_WEIGHT_NORMALIZED,2018-11-23,VCR,118,62,1
NN_v1,3,PAPER_WEIGHT_NORMALIZED,2018-11-30,VDE,254,123,0
NN_v1,3,PAPER_WEIGHT_NORMALIZED,2018-11-30,VAW,174,90,0
NN_v1,3,PAPER_WEIGHT_NORMALIZED,2018-11-30,VIS,140,77,0
NN_v1,3,PAPER_WEIGHT_NORMALIZED,2018-12-07,VIS,141,77,0
NN_v1,3,PAPER_WEIGHT_NORMALIZED,2018-12-07,VFH,213,111,0
NN_v1,3,PAPER_WEIGHT_NORMALIZED,2018-12-07,VAW,175,90,0
NN_v1,3,PAPER_WEIGHT_NORMALIZED,2018-12-14,VDE,255,123,0
NN_v1,3,PAPER_WEIGHT_NORMALIZED,2018-12-14,VFH,214,111,0
NN_v1,3,PAPER_WEIGHT_NORMALIZED,2018-12-14,VIS,142,77,0
NN_v1,3,PAPER_WEIGHT_NORMALIZED,2018-12-21,VGT,148,81,3
NN_v1,3,PAPER_WEIGHT_NORMALIZED,2018-12-21,VDE,256,124,1
NN_v1,3,PAPER_WEIGHT_NORMALIZED,2018-12-21,VNQ,198,91,2
NN_v1,3,PAPER_WEIGHT_NORMALIZED,2018-12-28,VPU,134,72,0
NN_v1,3,PAPER_WEIGHT_NORMALIZED,2018-12-28,VDE,257,125,2
NN_v1,3,PAPER_WEIGHT_NORMALIZED,2018-12-28,VNQ,199,92,3
NN_v1,3,PAPER_WEIGHT_NORMALIZED,2019-01-04,VDC,50,29,1
NN_v1,3,PAPER_WEIGHT_NORMALIZED,2019-01-04,VHT,121,80,3
NN_v1,3,PAPER_WEIGHT_NORMALIZED,2019-01-04,VGT,149,82,4
NN_v1,3,PAPER_WEIGHT_NORMALIZED,2019-01-11,VDC,51,30,2
NN_v1,3,PAPER_WEIGHT_NORMALIZED,2019-01-11,VHT,122,81,4
NN_v1,3,PAPER_WEIGHT_NORMALIZED,2019-01-11,VPU,135,73,1
NN_v1,3,PAPER_WEIGHT_NORMALIZED,2019-01-18,VDE,258,125,0
NN_v1,3,PAPER_WEIGHT_NORMALIZED,2019-01-18,VGT,150,83,5
NN_v1,3,PAPER_WEIGHT_NORMALIZED,2019-01-18,VPU,136,74,2
NN_v1,3,PAPER_WEIGHT_NORMALIZED,2019-01-25,VDE,259,126,1
NN_v1,3,PAPER_WEIGHT_NORMALIZED,2019-01-25,VOX,167,91,1
NN_v1,3,PAPER_WEIGHT_NORMALIZED,2019-01-25,VCR,119,63,2
NN_v1,3,PAPER_WEIGHT_NORMALIZED,2019-02-01,VFH,215,111,0
NN_v1,3,PAPER_WEIGHT_NORMALIZED,2019-02-01,VCR,120,63,0
NN_v1,3,PAPER_WEIGHT_NORMALIZED,2019-02-01,VDE,260,126,0
NN_v1,3,PAPER_WEIGHT_NORMALIZED,2019-02-08,VFH,216,112,1
NN_v1,3,PAPER_WEIGHT_NORMALIZED,2019-02-08,VDE,261,127,1
NN_v1,3,PAPER_WEIGHT_NORMALIZED,2019-02-08,VAW,176,91,1
NN_v1,3,PAPER_WEIGHT_NORMALIZED,2019-02-15,VDE,262,127,0
NN_v1,3,PAPER_WEIGHT_NORMALIZED,2019-02-15,VDC,52,31,3
NN_v1,3,PAPER_WEIGHT_NORMALIZED,2019-02-15,VFH,217,113,2
NN_v1,3,PAPER_WEIGHT_NORMALIZED,2019-02-22,VDE,263,128,1
NN_v1,3,PAPER_WEIGHT_NORMALIZED,2019-02-22,VHT,123,82,5
NN_v1,3,PAPER_WEIGHT_NORMALIZED,2019-02-22,VFH,218,114,3
NN_v1,3,PAPER_WEIGHT_NORMALIZED,2019-03-01,VDE,264,128,0
NN_v1,3,PAPER_WEIGHT_NORMALIZED,2019-03-01,VCR,121,63,0
NN_v1,3,PAPER_WEIGHT_NORMALIZED,2019-03-01,VHT,124,82,0
NN_v1,3,PAPER_WEIGHT_NORMALIZED,2019-03-08,VAW,177,92,2
NN_v1,3,PAPER_WEIGHT_NORMALIZED,2019-03-08,VDE,265,129,1
NN_v1,3,PAPER_WEIGHT_NORMALIZED,2019-03-08,VFH,219,115,4
NN_v1,3,PAPER_WEIGHT_NORMALIZED,2019-03-15,VHT,125,82,0
NN_v1,3,PAPER_WEIGHT_NORMALIZED,2019-03-15,VDE,266,129,0
NN_v1,3,PAPER_WEIGHT_NORMALIZED,2019-03-15,VAW,178,92,0
NN_v1,3,PAPER_WEIGHT_NORMALIZED,2019-03-22,VDE,267,130,1
NN_v1,3,PAPER_WEIGHT_NORMALIZED,2019-03-22,VFH,220,116,5
NN_v1,3,PAPER_WEIGHT_NORMALIZED,2019-03-22,VHT,126,83,1
NN_v1,3,PAPER_WEIGHT_NORMALIZED,2019-03-29,VFH,221,117,6
NN_v1,3,PAPER_WEIGHT_NORMALIZED,2019-03-29,VDE,268,131,2
NN_v1,3,PAPER_WEIGHT_NORMALIZED,2019-03-29,VHT,127,83,0
NN_v1,3,PAPER_WEIGHT_NORMALIZED,2019-04-05,VHT,128,83,0
NN_v1,3,PAPER_WEIGHT_NORMALIZED,2019-04-05,VDE,269,131,0
NN_v1,3,PAPER_WEIGHT_NORMALIZED,2019-04-05,VDC,53,32,4
NN_v1,3,PAPER_WEIGHT_NORMALIZED,2019-04-12,VHT,129,83,0
NN_v1,3,PAPER_WEIGHT_NORMALIZED,2019-04-12,VDE,270,131,0
NN_v1,3,PAPER_WEIGHT_NORMALIZED,2019-04-12,VFH,222,118,7
NN_v1,3,PAPER_WEIGHT_NORMALIZED,2019-04-19,VHT,130,84,1
NN_v1,3,PAPER_WEIGHT_NORMALIZED,2019-04-19,VAW,179,92,0
NN_v1,3,PAPER_WEIGHT_NORMALIZED,2019-04-19,VFH,223,119,8
NN_v1,3,PAPER_WEIGHT_NORMALIZED,2019-04-26,VHT,131,85,2
NN_v1,3,PAPER_WEIGHT_NORMALIZED,2019-04-26,VAW,180,92,0
NN_v1,3,PAPER_WEIGHT_NORMALIZED,2019-04-26,VDE,271,131,0
NN_v1,3,PAPER_WEIGHT_NORMALIZED,2019-05-03,VHT,132,86,3
NN_v1,3,PAPER_WEIGHT_NORMALIZED,2019-05-03,VDE,272,132,1
NN_v1,3,PAPER_WEIGHT_NORMALIZED,2019-05-03,VAW,181,92,0
NN_v1,3,PAPER_WEIGHT_NORMALIZED,2019-05-10,VFH,224,119,0
NN_v1,3,PAPER_WEIGHT_NORMALIZED,2019-05-10,VOX,168,92,2
NN_v1,3,PAPER_WEIGHT_NORMALIZED,2019-05-10,VIS,143,78,1
NN_v1,3,PAPER_WEIGHT_NORMALIZED,2019-05-17,VGT,151,83,0
NN_v1,3,PAPER_WEIGHT_NORMALIZED,2019-05-17,VHT,133,87,4
NN_v1,3,PAPER_WEIGHT_NORMALIZED,2019-05-17,VIS,144,78,0
NN_v1,3,PAPER_WEIGHT_NORMALIZED,2019-05-24,VIS,145,78,0
NN_v1,3,PAPER_WEIGHT_NORMALIZED,2019-05-24,VFH,225,119,0
NN_v1,3,PAPER_WEIGHT_NORMALIZED,2019-05-24,VDE,273,132,0
NN_v1,3,PAPER_WEIGHT_NORMALIZED,2019-05-31,VIS,146,79,1
NN_v1,3,PAPER_WEIGHT_NORMALIZED,2019-05-31,VOX,169,93,3
NN_v1,3,PAPER_WEIGHT_NORMALIZED,2019-05-31,VDE,274,133,1
NN_v1,3,PAPER_WEIGHT_NORMALIZED,2019-06-07,VDE,275,133,0
NN_v1,3,PAPER_WEIGHT_NORMALIZED,2019-06-07,VOX,170,94,4
NN_v1,3,PAPER_WEIGHT_NORMALIZED,2019-06-07,VFH,226,119,0
NN_v1,3,PAPER_WEIGHT_NORMALIZED,2019-06-14,VDE,276,134,1
NN_v1,3,PAPER_WEIGHT_NORMALIZED,2019-06-14,VGT,152,84,1
NN_v1,3,PAPER_WEIGHT_NORMALIZED,2019-06-14,VAW,182,93,1
NN_v1,3,PAPER_WEIGHT_NORMALIZED,2019-06-21,VAW,183,94,2
NN_v1,3,PAPER_WEIGHT_NORMALIZED,2019-06-21,VDE,277,135,2
NN_v1,3,PAPER_WEIGHT_NORMALIZED,2019-06-21,VIS,147,80,2
NN_v1,3,PAPER_WEIGHT_NORMALIZED,2019-06-28,VAW,184,94,0
NN_v1,3,PAPER_WEIGHT_NORMALIZED,2019-06-28,VDE,278,135,0
NN_v1,3,PAPER_WEIGHT_NORMALIZED,2019-06-28,VGT,153,85,2
NN_v1,3,PAPER_WEIGHT_NORMALIZED,2019-07-05,VDE,279,136,1
NN_v1,3,PAPER_WEIGHT_NORMALIZED,2019-07-05,VIS,148,81,3
NN_v1,3,PAPER_WEIGHT_NORMALIZED,2019-07-05,VGT,154,86,3
NN_v1,3,PAPER_WEIGHT_NORMALIZED,2019-07-12,VDE,280,136,0
NN_v1,3,PAPER_WEIGHT_NORMALIZED,2019-07-12,VAW,185,95,1
NN_v1,3,PAPER_WEIGHT_NORMALIZED,2019-07-12,VIS,149,81,0
NN_v1,3,PAPER_WEIGHT_NORMALIZED,2019-07-19,VDE,281,136,0
NN_v1,3,PAPER_WEIGHT_NORMALIZED,2019-07-19,VOX,171,95,5
NN_v1,3,PAPER_WEIGHT_NORMALIZED,2019-07-19,VFH,227,120,1
NN_v1,3,PAPER_WEIGHT_NORMALIZED,2019-07-26,VDE,282,136,0
NN_v1,3,PAPER_WEIGHT_NORMALIZED,2019-07-26,VNQ,200,93,4
NN_v1,3,PAPER_WEIGHT_NORMALIZED,2019-07-26,VOX,172,95,0
NN_v1,3,PAPER_WEIGHT_NORMALIZED,2019-08-02,VIS,150,82,1
NN_v1,3,PAPER_WEIGHT_NORMALIZED,2019-08-02,VDC,54,33,5
NN_v1,3,PAPER_WEIGHT_NORMALIZED,2019-08-02,VHT,134,88,5
NN_v1,3,PAPER_WEIGHT_NORMALIZED,2019-08-09,VAW,186,95,0
NN_v1,3,PAPER_WEIGHT_NORMALIZED,2019-08-09,VCR,122,63,0
NN_v1,3,PAPER_WEIGHT_NORMALIZED,2019-08-09,VIS,151,82,0
NN_v1,3,PAPER_WEIGHT_NORMALIZED,2019-08-16,VOX,173,95,0
NN_v1,3,PAPER_WEIGHT_NORMALIZED,2019-08-16,VDE,283,136,0
NN_v1,3,PAPER_WEIGHT_NORMALIZED,2019-08-16,VGT,155,86,0
NN_v1,3,PAPER_WEIGHT_NORMALIZED,2019-08-23,VCR,123,64,1
NN_v1,3,PAPER_WEIGHT_NORMALIZED,2019-08-23,VIS,152,83,1
NN_v1,3,PAPER_WEIGHT_NORMALIZED,2019-08-23,VDE,284,137,1
NN_v1,3,PAPER_WEIGHT_NORMALIZED,2019-08-30,VDE,285,138,2
NN_v1,3,PAPER_WEIGHT_NORMALIZED,2019-08-30,VFH,228,121,2
NN_v1,3,PAPER_WEIGHT_NORMALIZED,2019-08-30,VAW,187,96,1
NN_v1,3,PAPER_WEIGHT_NORMALIZED,2019-09-06,VDE,286,139,3
NN_v1,3,PAPER_WEIGHT_NORMALIZED,2019-09-06,VAW,188,97,2
NN_v1,3,PAPER_WEIGHT_NORMALIZED,2019-09-06,VFH,229,122,3
NN_v1,3,PAPER_WEIGHT_NORMALIZED,2019-09-13,VDE,287,139,0
NN_v1,3,PAPER_WEIGHT_NORMALIZED,2019-09-13,VGT,156,87,1
NN_v1,3,PAPER_WEIGHT_NORMALIZED,2019-09-13,VHT,135,89,6
NN_v1,3,PAPER_WEIGHT_NORMALIZED,2019-09-20,VAW,189,97,0
NN_v1,3,PAPER_WEIGHT_NORMALIZED,2019-09-20,VDE,288,139,0
NN_v1,3,PAPER_WEIGHT_NORMALIZED,2019-09-20,VIS,153,83,0
NN_v1,3,PAPER_WEIGHT_NORMALIZED,2019-09-27,VAW,190,97,0
NN_v1,3,PAPER_WEIGHT_NORMALIZED,2019-09-27,VDE,289,139,0
NN_v1,3,PAPER_WEIGHT_NORMALIZED,2019-09-27,VFH,230,122,0
NN_v1,3,PAPER_WEIGHT_NORMALIZED,2019-10-04,VFH,231,123,1
NN_v1,3,PAPER_WEIGHT_NORMALIZED,2019-10-04,VAW,191,98,1
NN_v1,3,PAPER_WEIGHT_NORMALIZED,2019-10-04,VIS,154,84,1
NN_v1,3,PAPER_WEIGHT_NORMALIZED,2019-10-11,VFH,232,124,2
NN_v1,3,PAPER_WEIGHT_NORMALIZED,2019-10-11,VDE,290,139,0
NN_v1,3,PAPER_WEIGHT_NORMALIZED,2019-10-11,VCR,124,65,2
NN_v1,3,PAPER_WEIGHT_NORMALIZED,2019-10-18,VDE,291,140,1
NN_v1,3,PAPER_WEIGHT_NORMALIZED,2019-10-18,VOX,174,96,1
NN_v1,3,PAPER_WEIGHT_NORMALIZED,2019-10-18,VGT,157,88,2
NN_v1,3,PAPER_WEIGHT_NORMALIZED,2019-10-25,VDE,292,140,0
NN_v1,3,PAPER_WEIGHT_NORMALIZED,2019-10-25,VAW,192,99,2
NN_v1,3,PAPER_WEIGHT_NORMALIZED,2019-10-25,VOX,175,97,2
NN_v1,3,PAPER_WEIGHT_NORMALIZED,2019-11-01,VDE,293,141,1
NN_v1,3,PAPER_WEIGHT_NORMALIZED,2019-11-01,VCR,125,65,0
NN_v1,3,PAPER_WEIGHT_NORMALIZED,2019-11-01,VOX,176,98,3
NN_v1,3,PAPER_WEIGHT_NORMALIZED,2019-11-08,VNQ,201,94,5
NN_v1,3,PAPER_WEIGHT_NORMALIZED,2019-11-08,VDE,294,141,0
NN_v1,3,PAPER_WEIGHT_NORMALIZED,2019-11-08,VPU,137,75,3
NN_v1,3,PAPER_WEIGHT_NORMALIZED,2019-11-15,VPU,138,76,4
NN_v1,3,PAPER_WEIGHT_NORMALIZED,2019-11-15,VNQ,202,94,0
NN_v1,3,PAPER_WEIGHT_NORMALIZED,2019-11-15,VDE,295,141,0
NN_v1,3,PAPER_WEIGHT_NORMALIZED,2019-11-22,VDE,296,141,0
NN_v1,3,PAPER_WEIGHT_NORMALIZED,2019-11-22,VAW,193,100,3
NN_v1,3,PAPER_WEIGHT_NORMALIZED,2019-11-22,VNQ,203,95,1
NN_v1,3,PAPER_WEIGHT_NORMALIZED,2019-11-29,VDE,297,142,1
NN_v1,3,PAPER_WEIGHT_NORMALIZED,2019-11-29,VNQ,204,96,2
NN_v1,3,PAPER_WEIGHT_NORMALIZED,2019-11-29,VPU,139,77,5
NN_v1,3,PAPER_WEIGHT_NORMALIZED,2019-12-06,VDE,298,143,2
NN_v1,3,PAPER_WEIGHT_NORMALIZED,2019-12-06,VNQ,205,96,0
NN_v1,3,PAPER_WEIGHT_NORMALIZED,2019-12-06,VPU,140,78,6
NN_v1,3,PAPER_WEIGHT_NORMALIZED,2019-12-13,VNQ,206,97,1
NN_v1,3,PAPER_WEIGHT_NORMALIZED,2019-12-13,VDE,299,144,3
NN_v1,3,PAPER_WEIGHT_NORMALIZED,2019-12-13,VCR,126,66,1
NN_v1,3,PAPER_WEIGHT_NORMALIZED,2019-12-20,VNQ,207,97,0
NN_v1,3,PAPER_WEIGHT_NORMALIZED,2019-12-20,VDE,300,145,4
NN_v1,3,PAPER_WEIGHT_NORMALIZED,2019-12-20,VCR,127,67,2
NN_v1,3,PAPER_WEIGHT_NORMALIZED,2019-12-27,VNQ,208,98,1
NN_v1,3,PAPER_WEIGHT_NORMALIZED,2019-12-27,VPU,141,78,0
NN_v1,3,PAPER_WEIGHT_NORMALIZED,2019-12-27,VDE,301,146,5
NN_v1,3,PAPER_WEIGHT_NORMALIZED,2020-01-03,VDE,302,146,0
NN_v1,3,PAPER_WEIGHT_NORMALIZED,2020-01-03,VAW,194,100,0
NN_v1,3,PAPER_WEIGHT_NORMALIZED,2020-01-03,VPU,142,79,1
NN_v1,3,PAPER_WEIGHT_NORMALIZED,2020-01-10,VAW,195,101,1
NN_v1,3,PAPER_WEIGHT_NORMALIZED,2020-01-10,VDE,303,146,0
NN_v1,3,PAPER_WEIGHT_NORMALIZED,2020-01-10,VNQ,209,99,2
NN_v1,3,PAPER_WEIGHT_NORMALIZED,2020-01-17,VDE,304,146,0
NN_v1,3,PAPER_WEIGHT_NORMALIZED,2020-01-17,VNQ,210,100,3
NN_v1,3,PAPER_WEIGHT_NORMALIZED,2020-01-17,VAW,196,101,0
NN_v1,3,PAPER_WEIGHT_NORMALIZED,2020-01-24,VDE,305,146,0
NN_v1,3,PAPER_WEIGHT_NORMALIZED,2020-01-24,VAW,197,101,0
NN_v1,3,PAPER_WEIGHT_NORMALIZED,2020-01-24,VFH,233,125,3
NN_v1,3,PAPER_WEIGHT_NORMALIZED,2020-01-31,VDE,306,147,1
NN_v1,3,PAPER_WEIGHT_NORMALIZED,2020-01-31,VAW,198,102,1
NN_v1,3,PAPER_WEIGHT_NORMALIZED,2020-01-31,VHT,136,90,7
NN_v1,3,PAPER_WEIGHT_NORMALIZED,2020-02-07,VDE,307,148,2
NN_v1,3,PAPER_WEIGHT_NORMALIZED,2020-02-07,VAW,199,103,2
NN_v1,3,PAPER_WEIGHT_NORMALIZED,2020-02-07,VOX,177,99,4
NN_v1,3,PAPER_WEIGHT_NORMALIZED,2020-02-14,VDE,308,148,0
NN_v1,3,PAPER_WEIGHT_NORMALIZED,2020-02-14,VAW,200,103,0
NN_v1,3,PAPER_WEIGHT_NORMALIZED,2020-02-14,VHT,137,90,0
NN_v1,3,PAPER_WEIGHT_NORMALIZED,2020-02-21,VDE,309,148,0
NN_v1,3,PAPER_WEIGHT_NORMALIZED,2020-02-21,VGT,158,88,0
NN_v1,3,PAPER_WEIGHT_NORMALIZED,2020-02-21,VHT,138,90,0
NN_v1,3,PAPER_WEIGHT_NORMALIZED,2020-02-28,VDE,310,148,0
NN_v1,3,PAPER_WEIGHT_NORMALIZED,2020-02-28,VAW,201,104,1
NN_v1,3,PAPER_WEIGHT_NORMALIZED,2020-02-28,VDC,55,34,6
NN_v1,3,PAPER_WEIGHT_NORMALIZED,2020-03-06,VDE,311,148,0
NN_v1,3,PAPER_WEIGHT_NORMALIZED,2020-03-06,VFH,234,125,0
NN_v1,3,PAPER_WEIGHT_NORMALIZED,2020-03-06,VGT,159,89,1
NN_v1,3,PAPER_WEIGHT_NORMALIZED,2020-03-13,VDE,312,148,0
NN_v1,3,PAPER_WEIGHT_NORMALIZED,2020-03-13,VIS,155,84,0
NN_v1,3,PAPER_WEIGHT_NORMALIZED,2020-03-13,VFH,235,125,0
NN_v1,3,PAPER_WEIGHT_NORMALIZED,2020-03-20,VDE,313,149,1
NN_v1,3,PAPER_WEIGHT_NORMALIZED,2020-03-20,VNQ,211,101,4
NN_v1,3,PAPER_WEIGHT_NORMALIZED,2020-03-20,VFH,236,126,1
NN_v1,3,PAPER_WEIGHT_NORMALIZED,2020-03-27,VDE,314,150,2
NN_v1,3,PAPER_WEIGHT_NORMALIZED,2020-03-27,VDC,56,35,7
NN_v1,3,PAPER_WEIGHT_NORMALIZED,2020-03-27,VHT,139,91,1
NN_v1,3,PAPER_WEIGHT_NORMALIZED,2020-04-03,VFH,237,127,2
NN_v1,3,PAPER_WEIGHT_NORMALIZED,2020-04-03,VCR,128,68,3
NN_v1,3,PAPER_WEIGHT_NORMALIZED,2020-04-03,VOX,178,100,5
NN_v1,3,PAPER_WEIGHT_NORMALIZED,2020-04-10,VDC,57,36,8
NN_v1,3,PAPER_WEIGHT_NORMALIZED,2020-04-10,VHT,140,92,2
NN_v1,3,PAPER_WEIGHT_NORMALIZED,2020-04-10,VPU,143,79,0
NN_v1,3,PAPER_WEIGHT_NORMALIZED,2020-04-17,VPU,144,79,0
NN_v1,3,PAPER_WEIGHT_NORMALIZED,2020-04-17,VNQ,212,101,0
NN_v1,3,PAPER_WEIGHT_NORMALIZED,2020-04-17,VAW,202,105,2
NN_v1,3,PAPER_WEIGHT_NORMALIZED,2020-04-24,VIS,156,85,1
NN_v1,3,PAPER_WEIGHT_NORMALIZED,2020-04-24,VFH,238,128,3
NN_v1,3,PAPER_WEIGHT_NORMALIZED,2020-04-24,VDC,58,36,0
NN_v1,3,PAPER_WEIGHT_NORMALIZED,2020-05-01,VPU,145,80,1
NN_v1,3,PAPER_WEIGHT_NORMALIZED,2020-05-01,VDC,59,37,1
NN_v1,3,PAPER_WEIGHT_NORMALIZED,2020-05-01,VHT,141,93,3
NN_v1,3,PAPER_WEIGHT_NORMALIZED,2020-05-08,VPU,146,80,0
NN_v1,3,PAPER_WEIGHT_NORMALIZED,2020-05-08,VNQ,213,101,0
NN_v1,3,PAPER_WEIGHT_NORMALIZED,2020-05-08,VDC,60,37,0
NN_v1,3,PAPER_WEIGHT_NORMALIZED,2020-05-15,VNQ,214,102,1
NN_v1,3,PAPER_WEIGHT_NORMALIZED,2020-05-15,VFH,239,129,4
NN_v1,3,PAPER_WEIGHT_NORMALIZED,2020-05-15,VPU,147,81,1
NN_v1,3,PAPER_WEIGHT_NORMALIZED,2020-05-22,VDE,315,150,0
NN_v1,3,PAPER_WEIGHT_NORMALIZED,2020-05-22,VAW,203,106,3
NN_v1,3,PAPER_WEIGHT_NORMALIZED,2020-05-22,VPU,148,82,2
NN_v1,3,PAPER_WEIGHT_NORMALIZED,2020-05-29,VAW,204,107,4
NN_v1,3,PAPER_WEIGHT_NORMALIZED,2020-05-29,VDE,316,151,1
NN_v1,3,PAPER_WEIGHT_NORMALIZED,2020-05-29,VCR,129,69,4
NN_v1,3,PAPER_WEIGHT_NORMALIZED,2020-06-05,VPU,149,82,0
NN_v1,3,PAPER_WEIGHT_NORMALIZED,2020-06-05,VNQ,215,102,0
NN_v1,3,PAPER_WEIGHT_NORMALIZED,2020-06-05,VIS,157,85,0
NN_v1,3,PAPER_WEIGHT_NORMALIZED,2020-06-12,VIS,158,86,1
NN_v1,3,PAPER_WEIGHT_NORMALIZED,2020-06-12,VFH,240,130,5
NN_v1,3,PAPER_WEIGHT_NORMALIZED,2020-06-12,VNQ,216,103,1
NN_v1,3,PAPER_WEIGHT_NORMALIZED,2020-06-19,VNQ,217,103,0
NN_v1,3,PAPER_WEIGHT_NORMALIZED,2020-06-19,VFH,241,130,0
NN_v1,3,PAPER_WEIGHT_NORMALIZED,2020-06-19,VIS,159,86,0
NN_v1,3,PAPER_WEIGHT_NORMALIZED,2020-06-26,VNQ,218,104,1
NN_v1,3,PAPER_WEIGHT_NORMALIZED,2020-06-26,VAW,205,108,5
NN_v1,3,PAPER_WEIGHT_NORMALIZED,2020-06-26,VOX,179,101,6
NN_v1,3,PAPER_WEIGHT_NORMALIZED,2020-07-03,VNQ,219,104,0
NN_v1,3,PAPER_WEIGHT_NORMALIZED,2020-07-03,VIS,160,86,0
NN_v1,3,PAPER_WEIGHT_NORMALIZED,2020-07-03,VFH,242,130,0
NN_v1,3,PAPER_WEIGHT_NORMALIZED,2020-07-10,VFH,243,131,1
NN_v1,3,PAPER_WEIGHT_NORMALIZED,2020-07-10,VDE,317,152,2
NN_v1,3,PAPER_WEIGHT_NORMALIZED,2020-07-10,VIS,161,87,1
NN_v1,3,PAPER_WEIGHT_NORMALIZED,2020-07-17,VFH,244,132,2
NN_v1,3,PAPER_WEIGHT_NORMALIZED,2020-07-17,VIS,162,88,2
NN_v1,3,PAPER_WEIGHT_NORMALIZED,2020-07-17,VNQ,220,104,0
NN_v1,3,PAPER_WEIGHT_NORMALIZED,2020-07-24,VIS,163,88,0
NN_v1,3,PAPER_WEIGHT_NORMALIZED,2020-07-24,VFH,245,132,0
NN_v1,3,PAPER_WEIGHT_NORMALIZED,2020-07-24,VDE,318,152,0
NN_v1,3,PAPER_WEIGHT_NORMALIZED,2020-07-31,VDE,319,153,1
NN_v1,3,PAPER_WEIGHT_NORMALIZED,2020-07-31,VNQ,221,105,1
NN_v1,3,PAPER_WEIGHT_NORMALIZED,2020-07-31,VFH,246,133,1
NN_v1,3,PAPER_WEIGHT_NORMALIZED,2020-08-07,VDE,320,154,2
NN_v1,3,PAPER_WEIGHT_NORMALIZED,2020-08-07,VFH,247,134,2
NN_v1,3,PAPER_WEIGHT_NORMALIZED,2020-08-07,VAW,206,109,6
NN_v1,3,PAPER_WEIGHT_NORMALIZED,2020-08-14,VDE,321,154,0
NN_v1,3,PAPER_WEIGHT_NORMALIZED,2020-08-14,VFH,248,134,0
NN_v1,3,PAPER_WEIGHT_NORMALIZED,2020-08-14,VNQ,222,105,0
NN_v1,3,PAPER_WEIGHT_NORMALIZED,2020-08-21,VDE,322,155,1
NN_v1,3,PAPER_WEIGHT_NORMALIZED,2020-08-21,VNQ,223,106,1
NN_v1,3,PAPER_WEIGHT_NORMALIZED,2020-08-21,VIS,164,89,1
NN_v1,3,PAPER_WEIGHT_NORMALIZED,2020-08-28,VDE,323,155,0
NN_v1,3,PAPER_WEIGHT_NORMALIZED,2020-08-28,VPU,150,83,1
NN_v1,3,PAPER_WEIGHT_NORMALIZED,2020-08-28,VFH,249,134,0
NN_v1,3,PAPER_WEIGHT_NORMALIZED,2020-09-04,VOX,180,101,0
NN_v1,3,PAPER_WEIGHT_NORMALIZED,2020-09-04,VIS,165,90,2
NN_v1,3,PAPER_WEIGHT_NORMALIZED,2020-09-04,VFH,250,134,0
NN_v1,3,PAPER_WEIGHT_NORMALIZED,2020-09-11,VDE,324,156,1
NN_v1,3,PAPER_WEIGHT_NORMALIZED,2020-09-11,VOX,181,101,0
NN_v1,3,PAPER_WEIGHT_NORMALIZED,2020-09-11,VGT,160,89,0
NN_v1,3,PAPER_WEIGHT_NORMALIZED,2020-09-18,VNQ,224,106,0
NN_v1,3,PAPER_WEIGHT_NORMALIZED,2020-09-18,VFH,251,134,0
NN_v1,3,PAPER_WEIGHT_NORMALIZED,2020-09-18,VDE,325,156,0
NN_v1,3,PAPER_WEIGHT_NORMALIZED,2020-09-25,VDE,326,156,0
NN_v1,3,PAPER_WEIGHT_NORMALIZED,2020-09-25,VFH,252,135,1
NN_v1,3,PAPER_WEIGHT_NORMALIZED,2020-09-25,VNQ,225,107,1
NN_v1,3,PAPER_WEIGHT_NORMALIZED,2020-10-02,VDE,327,157,1
NN_v1,3,PAPER_WEIGHT_NORMALIZED,2020-10-02,VAW,207,110,7
NN_v1,3,PAPER_WEIGHT_NORMALIZED,2020-10-02,VFH,253,136,2
NN_v1,3,PAPER_WEIGHT_NORMALIZED,2020-10-09,VDE,328,157,0
NN_v1,3,PAPER_WEIGHT_NORMALIZED,2020-10-09,VFH,254,136,0
NN_v1,3,PAPER_WEIGHT_NORMALIZED,2020-10-09,VOX,182,101,0
NN_v1,3,PAPER_WEIGHT_NORMALIZED,2020-10-16,VDE,329,158,1
NN_v1,3,PAPER_WEIGHT_NORMALIZED,2020-10-16,VFH,255,137,1
NN_v1,3,PAPER_WEIGHT_NORMALIZED,2020-10-16,VNQ,226,107,0
NN_v1,3,PAPER_WEIGHT_NORMALIZED,2020-10-23,VNQ,227,107,0
NN_v1,3,PAPER_WEIGHT_NORMALIZED,2020-10-23,VGT,161,89,0
NN_v1,3,PAPER_WEIGHT_NORMALIZED,2020-10-23,VDE,330,158,0
NN_v1,3,PAPER_WEIGHT_NORMALIZED,2020-10-30,VGT,162,90,1
NN_v1,3,PAPER_WEIGHT_NORMALIZED,2020-10-30,VNQ,228,108,1
NN_v1,3,PAPER_WEIGHT_NORMALIZED,2020-10-30,VDE,331,158,0
NN_v1,3,PAPER_WEIGHT_NORMALIZED,2020-11-06,VDE,332,159,1
NN_v1,3,PAPER_WEIGHT_NORMALIZED,2020-11-06,VFH,256,138,2
NN_v1,3,PAPER_WEIGHT_NORMALIZED,2020-11-06,VIS,166,90,0
NN_v1,3,PAPER_WEIGHT_NORMALIZED,2020-11-13,VCR,130,70,5
NN_v1,3,PAPER_WEIGHT_NORMALIZED,2020-11-13,VGT,163,90,0
NN_v1,3,PAPER_WEIGHT_NORMALIZED,2020-11-13,VHT,142,93,0
NN_v1,3,PAPER_WEIGHT_NORMALIZED,2020-11-20,VGT,164,91,1
NN_v1,3,PAPER_WEIGHT_NORMALIZED,2020-11-20,VOX,183,102,1
NN_v1,3,PAPER_WEIGHT_NORMALIZED,2020-11-20,VHT,143,94,1
NN_v1,3,PAPER_WEIGHT_NORMALIZED,2020-11-27,VGT,165,92,2
NN_v1,3,PAPER_WEIGHT_NORMALIZED,2020-11-27,VHT,144,95,2
NN_v1,3,PAPER_WEIGHT_NORMALIZED,2020-11-27,VNQ,229,109,2
NN_v1,3,PAPER_WEIGHT_NORMALIZED,2020-12-04,VPU,151,84,2
NN_v1,3,PAPER_WEIGHT_NORMALIZED,2020-12-04,VNQ,230,109,0
NN_v1,3,PAPER_WEIGHT_NORMALIZED,2020-12-04,VCR,131,70,0
NN_v1,3,PAPER_WEIGHT_NORMALIZED,2020-12-11,VCR,132,71,1
NN_v1,3,PAPER_WEIGHT_NORMALIZED,2020-12-11,VGT,166,93,3
NN_v1,3,PAPER_WEIGHT_NORMALIZED,2020-12-11,VAW,208,111,8
NN_v1,3,PAPER_WEIGHT_NORMALIZED,2020-12-18,VDE,333,160,2
NN_v1,3,PAPER_WEIGHT_NORMALIZED,2020-12-18,VNQ,231,110,1
NN_v1,3,PAPER_WEIGHT_NORMALIZED,2020-12-18,VFH,257,139,3
NN_v1,3,PAPER_WEIGHT_NORMALIZED,2020-12-25,VDE,334,160,0
NN_v1,3,PAPER_WEIGHT_NORMALIZED,2020-12-25,VHT,145,96,3
NN_v1,3,PAPER_WEIGHT_NORMALIZED,2020-12-25,VNQ,232,111,2
NN_v1,3,PAPER_WEIGHT_NORMALIZED,2021-01-01,VGT,167,94,4
NN_v1,3,PAPER_WEIGHT_NORMALIZED,2021-01-01,VPU,152,84,0
NN_v1,3,PAPER_WEIGHT_NORMALIZED,2021-01-01,VCR,133,72,2
NN_v1,3,PAPER_WEIGHT_NORMALIZED,2021-01-08,VGT,168,94,0
NN_v1,3,PAPER_WEIGHT_NORMALIZED,2021-01-08,VPU,153,85,1
NN_v1,3,PAPER_WEIGHT_NORMALIZED,2021-01-08,VNQ,233,112,3
NN_v1,3,PAPER_WEIGHT_NORMALIZED,2021-01-15,VGT,169,95,1
NN_v1,3,PAPER_WEIGHT_NORMALIZED,2021-01-15,VNQ,234,113,4
NN_v1,3,PAPER_WEIGHT_NORMALIZED,2021-01-15,VOX,184,103,2
NN_v1,3,PAPER_WEIGHT_NORMALIZED,2021-01-22,VAW,209,111,0
NN_v1,3,PAPER_WEIGHT_NORMALIZED,2021-01-22,VDE,335,160,0
NN_v1,3,PAPER_WEIGHT_NORMALIZED,2021-01-22,VPU,154,85,0
NN_v1,3,PAPER_WEIGHT_NORMALIZED,2021-01-29,VFH,258,140,4
NN_v1,3,PAPER_WEIGHT_NORMALIZED,2021-01-29,VAW,210,112,1
NN_v1,3,PAPER_WEIGHT_NORMALIZED,2021-01-29,VDE,336,161,1
NN_v1,3,PAPER_WEIGHT_NORMALIZED,2021-02-05,VAW,211,113,2
NN_v1,3,PAPER_WEIGHT_NORMALIZED,2021-02-05,VDE,337,162,2
NN_v1,3,PAPER_WEIGHT_NORMALIZED,2021-02-05,VGT,170,96,2
NN_v1,3,PAPER_WEIGHT_NORMALIZED,2021-02-12,VAW,212,114,3
NN_v1,3,PAPER_WEIGHT_NORMALIZED,2021-02-12,VIS,167,90,0
NN_v1,3,PAPER_WEIGHT_NORMALIZED,2021-02-12,VCR,134,72,0
NN_v1,3,PAPER_WEIGHT_NORMALIZED,2021-02-19,VGT,171,96,0
NN_v1,3,PAPER_WEIGHT_NORMALIZED,2021-02-19,VOX,185,103,0
NN_v1,3,PAPER_WEIGHT_NORMALIZED,2021-02-19,VAW,213,114,0
NN_v1,3,PAPER_WEIGHT_NORMALIZED,2021-02-26,VOX,186,104,1
NN_v1,3,PAPER_WEIGHT_NORMALIZED,2021-02-26,VGT,172,96,0
NN_v1,3,PAPER_WEIGHT_NORMALIZED,2021-02-26,VCR,135,72,0
NN_v1,3,PAPER_WEIGHT_NORMALIZED,2021-03-05,VGT,173,97,1
NN_v1,3,PAPER_WEIGHT_NORMALIZED,2021-03-05,VNQ,235,114,5
NN_v1,3,PAPER_WEIGHT_NORMALIZED,2021-03-05,VCR,136,73,1
NN_v1,3,PAPER_WEIGHT_NORMALIZED,2021-03-12,VGT,174,97,0
NN_v1,3,PAPER_WEIGHT_NORMALIZED,2021-03-12,VPU,155,85,0
NN_v1,3,PAPER_WEIGHT_NORMALIZED,2021-03-12,VHT,146,97,4
NN_v1,3,PAPER_WEIGHT_NORMALIZED,2021-03-19,VDE,338,163,3
NN_v1,3,PAPER_WEIGHT_NORMALIZED,2021-03-19,VGT,175,98,1
NN_v1,3,PAPER_WEIGHT_NORMALIZED,2021-03-19,VCR,137,73,0
NN_v1,3,PAPER_WEIGHT_NORMALIZED,2021-03-26,VDE,339,164,4
NN_v1,3,PAPER_WEIGHT_NORMALIZED,2021-03-26,VGT,176,99,2
NN_v1,3,PAPER_WEIGHT_NORMALIZED,2021-03-26,VCR,138,74,1
NN_v1,3,PAPER_WEIGHT_NORMALIZED,2021-04-02,VCR,139,75,2
NN_v1,3,PAPER_WEIGHT_NORMALIZED,2021-04-02,VDE,340,164,0
NN_v1,3,PAPER_WEIGHT_NORMALIZED,2021-04-02,VGT,177,100,3
NN_v1,3,PAPER_WEIGHT_NORMALIZED,2021-04-09,VDE,341,164,0
NN_v1,3,PAPER_WEIGHT_NORMALIZED,2021-04-09,VGT,178,101,4
NN_v1,3,PAPER_WEIGHT_NORMALIZED,2021-04-09,VPU,156,86,1
NN_v1,3,PAPER_WEIGHT_NORMALIZED,2021-04-16,VDE,342,164,0
NN_v1,3,PAPER_WEIGHT_NORMALIZED,2021-04-16,VGT,179,102,5
NN_v1,3,PAPER_WEIGHT_NORMALIZED,2021-04-16,VOX,187,104,0
NN_v1,3,PAPER_WEIGHT_NORMALIZED,2021-04-23,VDE,343,165,1
NN_v1,3,PAPER_WEIGHT_NORMALIZED,2021-04-23,VGT,180,102,0
NN_v1,3,PAPER_WEIGHT_NORMALIZED,2021-04-23,VCR,140,76,3
NN_v1,3,PAPER_WEIGHT_NORMALIZED,2021-04-30,VGT,181,102,0
NN_v1,3,PAPER_WEIGHT_NORMALIZED,2021-04-30,VCR,141,76,0
NN_v1,3,PAPER_WEIGHT_NORMALIZED,2021-04-30,VHT,147,98,5
NN_v1,3,PAPER_WEIGHT_NORMALIZED,2021-05-07,VHT,148,98,0
NN_v1,3,PAPER_WEIGHT_NORMALIZED,2021-05-07,VGT,182,102,0
NN_v1,3,PAPER_WEIGHT_NORMALIZED,2021-05-07,VCR,142,76,0
NN_v1,3,PAPER_WEIGHT_NORMALIZED,2021-05-14,VCR,143,76,0
NN_v1,3,PAPER_WEIGHT_NORMALIZED,2021-05-14,VGT,183,103,1
NN_v1,3,PAPER_WEIGHT_NORMALIZED,2021-05-14,VHT,149,99,1
NN_v1,3,PAPER_WEIGHT_NORMALIZED,2021-05-21,VDE,344,165,0
NN_v1,3,PAPER_WEIGHT_NORMALIZED,2021-05-21,VCR,144,77,1
NN_v1,3,PAPER_WEIGHT_NORMALIZED,2021-05-21,VOX,188,105,1
NN_v1,3,PAPER_WEIGHT_NORMALIZED,2021-05-28,VDE,345,166,1
NN_v1,3,PAPER_WEIGHT_NORMALIZED,2021-05-28,VAW,214,114,0
NN_v1,3,PAPER_WEIGHT_NORMALIZED,2021-05-28,VCR,145,77,0
NN_v1,3,PAPER_WEIGHT_NORMALIZED,2021-06-04,VCR,146,78,1
NN_v1,3,PAPER_WEIGHT_NORMALIZED,2021-06-04,VGT,184,104,2
NN_v1,3,PAPER_WEIGHT_NORMALIZED,2021-06-04,VOX,189,106,2
NN_v1,3,PAPER_WEIGHT_NORMALIZED,2021-06-11,VCR,147,78,0
NN_v1,3,PAPER_WEIGHT_NORMALIZED,2021-06-11,VDE,346,166,0
NN_v1,3,PAPER_WEIGHT_NORMALIZED,2021-06-11,VOX,190,106,0
NN_v1,3,PAPER_WEIGHT_NORMALIZED,2021-06-18,VDE,347,167,1
NN_v1,3,PAPER_WEIGHT_NORMALIZED,2021-06-18,VAW,215,115,1
NN_v1,3,PAPER_WEIGHT_NORMALIZED,2021-06-18,VFH,259,141,5
NN_v1,3,PAPER_WEIGHT_NORMALIZED,2021-06-25,VAW,216,116,2
NN_v1,3,PAPER_WEIGHT_NORMALIZED,2021-06-25,VDE,348,167,0
NN_v1,3,PAPER_WEIGHT_NORMALIZED,2021-06-25,VFH,260,141,0
NN_v1,3,PAPER_WEIGHT_NORMALIZED,2021-07-02,VAW,217,117,3
NN_v1,3,PAPER_WEIGHT_NORMALIZED,2021-07-02,VDE,349,167,0
NN_v1,3,PAPER_WEIGHT_NORMALIZED,2021-07-02,VFH,261,141,0
NN_v1,3,PAPER_WEIGHT_NORMALIZED,2021-07-09,VDE,350,167,0
NN_v1,3,PAPER_WEIGHT_NORMALIZED,2021-07-09,VFH,262,141,0
NN_v1,3,PAPER_WEIGHT_NORMALIZED,2021-07-09,VAW,218,117,0
NN_v1,3,PAPER_WEIGHT_NORMALIZED,2021-07-16,VDE,351,168,1
NN_v1,3,PAPER_WEIGHT_NORMALIZED,2021-07-16,VFH,263,142,1
NN_v1,3,PAPER_WEIGHT_NORMALIZED,2021-07-16,VAW,219,118,1
NN_v1,3,PAPER_WEIGHT_NORMALIZED,2021-07-23,VDE,352,169,2
NN_v1,3,PAPER_WEIGHT_NORMALIZED,2021-07-23,VAW,220,119,2
NN_v1,3,PAPER_WEIGHT_NORMALIZED,2021-07-23,VFH,264,143,2
NN_v1,3,PAPER_WEIGHT_NORMALIZED,2021-07-30,VDE,353,169,0
NN_v1,3,PAPER_WEIGHT_NORMALIZED,2021-07-30,VCR,148,78,0
NN_v1,3,PAPER_WEIGHT_NORMALIZED,2021-07-30,VIS,168,90,0
NN_v1,3,PAPER_WEIGHT_NORMALIZED,2021-08-06,VDE,354,170,1
NN_v1,3,PAPER_WEIGHT_NORMALIZED,2021-08-06,VAW,221,120,3
NN_v1,3,PAPER_WEIGHT_NORMALIZED,2021-08-06,VFH,265,144,3
NN_v1,3,PAPER_WEIGHT_NORMALIZED,2021-08-13,VDE,355,170,0
NN_v1,3,PAPER_WEIGHT_NORMALIZED,2021-08-13,VAW,222,120,0
NN_v1,3,PAPER_WEIGHT_NORMALIZED,2021-08-13,VCR,149,78,0
NN_v1,3,PAPER_WEIGHT_NORMALIZED,2021-08-20,VDE,356,171,1
NN_v1,3,PAPER_WEIGHT_NORMALIZED,2021-08-20,VAW,223,121,1
NN_v1,3,PAPER_WEIGHT_NORMALIZED,2021-08-20,VFH,266,145,4
NN_v1,3,PAPER_WEIGHT_NORMALIZED,2021-08-27,VAW,224,121,0
NN_v1,3,PAPER_WEIGHT_NORMALIZED,2021-08-27,VFH,267,145,0
NN_v1,3,PAPER_WEIGHT_NORMALIZED,2021-08-27,VDE,357,171,0
NN_v1,3,PAPER_WEIGHT_NORMALIZED,2021-09-03,VDE,358,171,0
NN_v1,3,PAPER_WEIGHT_NORMALIZED,2021-09-03,VAW,225,121,0
NN_v1,3,PAPER_WEIGHT_NORMALIZED,2021-09-03,VFH,268,145,0
NN_v1,3,PAPER_WEIGHT_NORMALIZED,2021-09-10,VDE,359,172,1
NN_v1,3,PAPER_WEIGHT_NORMALIZED,2021-09-10,VAW,226,121,0
NN_v1,3,PAPER_WEIGHT_NORMALIZED,2021-09-10,VFH,269,145,0
NN_v1,3,PAPER_WEIGHT_NORMALIZED,2021-09-17,VDE,360,173,2
NN_v1,3,PAPER_WEIGHT_NORMALIZED,2021-09-17,VNQ,236,114,0
NN_v1,3,PAPER_WEIGHT_NORMALIZED,2021-09-17,VAW,227,122,1
NN_v1,3,PAPER_WEIGHT_NORMALIZED,2021-09-24,VAW,228,122,0
NN_v1,3,PAPER_WEIGHT_NORMALIZED,2021-09-24,VDE,361,174,3
NN_v1,3,PAPER_WEIGHT_NORMALIZED,2021-09-24,VNQ,237,114,0
NN_v1,3,PAPER_WEIGHT_NORMALIZED,2021-10-01,VIS,169,91,1
NN_v1,3,PAPER_WEIGHT_NORMALIZED,2021-10-01,VCR,150,79,1
NN_v1,3,PAPER_WEIGHT_NORMALIZED,2021-10-01,VAW,229,123,1
NN_v1,3,PAPER_WEIGHT_NORMALIZED,2021-10-08,VAW,230,124,2
NN_v1,3,PAPER_WEIGHT_NORMALIZED,2021-10-08,VNQ,238,115,1
NN_v1,3,PAPER_WEIGHT_NORMALIZED,2021-10-08,VGT,185,105,3
NN_v1,3,PAPER_WEIGHT_NORMALIZED,2021-10-15,VHT,150,100,2
NN_v1,3,PAPER_WEIGHT_NORMALIZED,2021-10-15,VOX,191,106,0
NN_v1,3,PAPER_WEIGHT_NORMALIZED,2021-10-15,VPU,157,87,2
NN_v1,3,PAPER_WEIGHT_NORMALIZED,2021-10-22,VOX,192,107,1
NN_v1,3,PAPER_WEIGHT_NORMALIZED,2021-10-22,VAW,231,124,0
NN_v1,3,PAPER_WEIGHT_NORMALIZED,2021-10-22,VDE,362,174,0
NN_v1,3,PAPER_WEIGHT_NORMALIZED,2021-10-29,VAW,232,125,1
NN_v1,3,PAPER_WEIGHT_NORMALIZED,2021-10-29,VOX,193,108,2
NN_v1,3,PAPER_WEIGHT_NORMALIZED,2021-10-29,VDE,363,175,1
NN_v1,3,PAPER_WEIGHT_NORMALIZED,2021-11-05,VPU,158,87,0
NN_v1,3,PAPER_WEIGHT_NORMALIZED,2021-11-05,VNQ,239,115,0
NN_v1,3,PAPER_WEIGHT_NORMALIZED,2021-11-05,VAW,233,126,2
NN_v1,3,PAPER_WEIGHT_NORMALIZED,2021-11-12,VHT,151,100,0
NN_v1,3,PAPER_WEIGHT_NORMALIZED,2021-11-12,VPU,159,88,1
NN_v1,3,PAPER_WEIGHT_NORMALIZED,2021-11-12,VCR,151,80,2
NN_v1,3,PAPER_WEIGHT_NORMALIZED,2021-11-19,VDE,364,176,2
NN_v1,3,PAPER_WEIGHT_NORMALIZED,2021-11-19,VHT,152,100,0
NN_v1,3,PAPER_WEIGHT_NORMALIZED,2021-11-19,VFH,270,145,0
NN_v1,3,PAPER_WEIGHT_NORMALIZED,2021-11-26,VAW,234,126,0
NN_v1,3,PAPER_WEIGHT_NORMALIZED,2021-11-26,VIS,170,91,0
NN_v1,3,PAPER_WEIGHT_NORMALIZED,2021-11-26,VOX,194,108,0
NN_v1,3,PAPER_WEIGHT_NORMALIZED,2021-12-03,VOX,195,109,1
NN_v1,3,PAPER_WEIGHT_NORMALIZED,2021-12-03,VCR,152,81,3
NN_v1,3,PAPER_WEIGHT_NORMALIZED,2021-12-03,VDE,365,177,3
NN_v1,3,PAPER_WEIGHT_NORMALIZED,2021-12-10,VOX,196,109,0
NN_v1,3,PAPER_WEIGHT_NORMALIZED,2021-12-10,VCR,153,81,0
NN_v1,3,PAPER_WEIGHT_NORMALIZED,2021-12-10,VDE,366,177,0
NN_v1,3,PAPER_WEIGHT_NORMALIZED,2021-12-17,VDE,367,178,1
NN_v1,3,PAPER_WEIGHT_NORMALIZED,2021-12-17,VCR,154,82,1
NN_v1,3,PAPER_WEIGHT_NORMALIZED,2021-12-17,VGT,186,106,4
NN_v1,3,PAPER_WEIGHT_NORMALIZED,2021-12-24,VDE,368,179,2
NN_v1,3,PAPER_WEIGHT_NORMALIZED,2021-12-24,VCR,155,83,2
NN_v1,3,PAPER_WEIGHT_NORMALIZED,2021-12-24,VOX,197,109,0
NN_v1,3,PAPER_WEIGHT_NORMALIZED,2021-12-31,VDE,369,180,3
NN_v1,3,PAPER_WEIGHT_NORMALIZED,2021-12-31,VCR,156,83,0
NN_v1,3,PAPER_WEIGHT_NORMALIZED,2021-12-31,VOX,198,109,0
NN_v1,3,PAPER_WEIGHT_NORMALIZED,2022-01-07,VGT,187,107,5
NN_v1,3,PAPER_WEIGHT_NORMALIZED,2022-01-07,VHT,153,100,0
NN_v1,3,PAPER_WEIGHT_NORMALIZED,2022-01-07,VCR,157,83,0
NN_v1,3,PAPER_WEIGHT_NORMALIZED,2022-01-14,VCR,158,83,0
NN_v1,3,PAPER_WEIGHT_NORMALIZED,2022-01-14,VGT,188,107,0
NN_v1,3,PAPER_WEIGHT_NORMALIZED,2022-01-14,VHT,154,100,0
NN_v1,3,PAPER_WEIGHT_NORMALIZED,2022-01-21,VGT,189,108,1
NN_v1,3,PAPER_WEIGHT_NORMALIZED,2022-01-21,VOX,199,110,1
NN_v1,3,PAPER_WEIGHT_NORMALIZED,2022-01-21,VFH,271,146,1
NN_v1,3,PAPER_WEIGHT_NORMALIZED,2022-01-28,VCR,159,84,1
NN_v1,3,PAPER_WEIGHT_NORMALIZED,2022-01-28,VOX,200,110,0
NN_v1,3,PAPER_WEIGHT_NORMALIZED,2022-01-28,VAW,235,127,1
NN_v1,3,PAPER_WEIGHT_NORMALIZED,2022-02-04,VIS,171,91,0
NN_v1,3,PAPER_WEIGHT_NORMALIZED,2022-02-04,VOX,201,110,0
NN_v1,3,PAPER_WEIGHT_NORMALIZED,2022-02-04,VAW,236,128,2
NN_v1,3,PAPER_WEIGHT_NORMALIZED,2022-02-11,VGT,190,108,0
NN_v1,3,PAPER_WEIGHT_NORMALIZED,2022-02-11,VOX,202,110,0
NN_v1,3,PAPER_WEIGHT_NORMALIZED,2022-02-11,VCR,160,84,0
NN_v1,3,PAPER_WEIGHT_NORMALIZED,2022-02-18,VGT,191,109,1
NN_v1,3,PAPER_WEIGHT_NORMALIZED,2022-02-18,VCR,161,84,0
NN_v1,3,PAPER_WEIGHT_NORMALIZED,2022-02-18,VNQ,240,116,1
NN_v1,3,PAPER_WEIGHT_NORMALIZED,2022-02-25,VCR,162,84,0
NN_v1,3,PAPER_WEIGHT_NORMALIZED,2022-02-25,VGT,192,109,0
NN_v1,3,PAPER_WEIGHT_NORMALIZED,2022-02-25,VOX,203,110,0
NN_v1,3,PAPER_WEIGHT_NORMALIZED,2022-03-04,VCR,163,84,0
NN_v1,3,PAPER_WEIGHT_NORMALIZED,2022-03-04,VGT,193,109,0
NN_v1,3,PAPER_WEIGHT_NORMALIZED,2022-03-04,VFH,272,146,0
NN_v1,3,PAPER_WEIGHT_NORMALIZED,2022-03-11,VGT,194,110,1
NN_v1,3,PAPER_WEIGHT_NORMALIZED,2022-03-11,VOX,204,111,1
NN_v1,3,PAPER_WEIGHT_NORMALIZED,2022-03-11,VDC,61,38,1
NN_v1,3,PAPER_WEIGHT_NORMALIZED,2022-03-18,VDE,370,181,4
NN_v1,3,PAPER_WEIGHT_NORMALIZED,2022-03-18,VGT,195,111,2
NN_v1,3,PAPER_WEIGHT_NORMALIZED,2022-03-18,VOX,205,112,2
NN_v1,3,PAPER_WEIGHT_NORMALIZED,2022-03-25,VCR,164,84,0
NN_v1,3,PAPER_WEIGHT_NORMALIZED,2022-03-25,VGT,196,112,3
NN_v1,3,PAPER_WEIGHT_NORMALIZED,2022-03-25,VOX,206,113,3
NN_v1,3,PAPER_WEIGHT_NORMALIZED,2022-04-01,VFH,273,146,0
NN_v1,3,PAPER_WEIGHT_NORMALIZED,2022-04-01,VGT,197,112,0
NN_v1,3,PAPER_WEIGHT_NORMALIZED,2022-04-01,VCR,165,84,0
NN_v1,3,PAPER_WEIGHT_NORMALIZED,2022-04-08,VGT,198,112,0
NN_v1,3,PAPER_WEIGHT_NORMALIZED,2022-04-08,VCR,166,85,1
NN_v1,3,PAPER_WEIGHT_NORMALIZED,2022-04-08,VFH,274,146,0
NN_v1,3,PAPER_WEIGHT_NORMALIZED,2022-04-15,VGT,199,112,0
NN_v1,3,PAPER_WEIGHT_NORMALIZED,2022-04-15,VOX,207,113,0
NN_v1,3,PAPER_WEIGHT_NORMALIZED,2022-04-15,VCR,167,85,0
NN_v1,3,PAPER_WEIGHT_NORMALIZED,2022-04-22,VFH,275,146,0
NN_v1,3,PAPER_WEIGHT_NORMALIZED,2022-04-22,VGT,200,112,0
NN_v1,3,PAPER_WEIGHT_NORMALIZED,2022-04-22,VHT,155,100,0
NN_v1,3,PAPER_WEIGHT_NORMALIZED,2022-04-29,VOX,208,113,0
NN_v1,3,PAPER_WEIGHT_NORMALIZED,2022-04-29,VGT,201,112,0
NN_v1,3,PAPER_WEIGHT_NORMALIZED,2022-04-29,VCR,168,85,0
NN_v1,3,PAPER_WEIGHT_NORMALIZED,2022-05-06,VOX,209,114,1
NN_v1,3,PAPER_WEIGHT_NORMALIZED,2022-05-06,VFH,276,146,0
NN_v1,3,PAPER_WEIGHT_NORMALIZED,2022-05-06,VCR,169,85,0
NN_v1,3,PAPER_WEIGHT_NORMALIZED,2022-05-13,VGT,202,112,0
NN_v1,3,PAPER_WEIGHT_NORMALIZED,2022-05-13,VFH,277,146,0
NN_v1,3,PAPER_WEIGHT_NORMALIZED,2022-05-13,VCR,170,85,0
NN_v1,3,PAPER_WEIGHT_NORMALIZED,2022-05-20,VCR,171,86,1
NN_v1,3,PAPER_WEIGHT_NORMALIZED,2022-05-20,VDC,62,39,2
NN_v1,3,PAPER_WEIGHT_NORMALIZED,2022-05-20,VGT,203,113,1
NN_v1,3,PAPER_WEIGHT_NORMALIZED,2022-05-27,VOX,210,114,0
NN_v1,3,PAPER_WEIGHT_NORMALIZED,2022-05-27,VDC,63,39,0
NN_v1,3,PAPER_WEIGHT_NORMALIZED,2022-05-27,VNQ,241,116,0
NN_v1,3,PAPER_WEIGHT_NORMALIZED,2022-06-03,VHT,156,100,0
NN_v1,3,PAPER_WEIGHT_NORMALIZED,2022-06-03,VOX,211,114,0
NN_v1,3,PAPER_WEIGHT_NORMALIZED,2022-06-03,VNQ,242,116,0
NN_v1,3,PAPER_WEIGHT_NORMALIZED,2022-06-10,VCR,172,86,0
NN_v1,3,PAPER_WEIGHT_NORMALIZED,2022-06-10,VFH,278,146,0
NN_v1,3,PAPER_WEIGHT_NORMALIZED,2022-06-10,VOX,212,114,0
NN_v1,3,PAPER_WEIGHT_NORMALIZED,2022-06-17,VAW,237,129,3
NN_v1,3,PAPER_WEIGHT_NORMALIZED,2022-06-17,VNQ,243,117,1
NN_v1,3,PAPER_WEIGHT_NORMALIZED,2022-06-17,VCR,173,87,1
NN_v1,3,PAPER_WEIGHT_NORMALIZED,2022-06-24,VDE,371,181,0
NN_v1,3,PAPER_WEIGHT_NORMALIZED,2022-06-24,VAW,238,129,0
NN_v1,3,PAPER_WEIGHT_NORMALIZED,2022-06-24,VFH,279,146,0
NN_v1,3,PAPER_WEIGHT_NORMALIZED,2022-07-01,VAW,239,130,1
NN_v1,3,PAPER_WEIGHT_NORMALIZED,2022-07-01,VDE,372,181,0
NN_v1,3,PAPER_WEIGHT_NORMALIZED,2022-07-01,VCR,174,88,2
NN_v1,3,PAPER_WEIGHT_NORMALIZED,2022-07-08,VDE,373,181,0
NN_v1,3,PAPER_WEIGHT_NORMALIZED,2022-07-08,VAW,240,130,0
NN_v1,3,PAPER_WEIGHT_NORMALIZED,2022-07-08,VNQ,244,118,2
NN_v1,3,PAPER_WEIGHT_NORMALIZED,2022-07-15,VDE,374,182,1
NN_v1,3,PAPER_WEIGHT_NORMALIZED,2022-07-15,VAW,241,131,1
NN_v1,3,PAPER_WEIGHT_NORMALIZED,2022-07-15,VNQ,245,119,3
NN_v1,3,PAPER_WEIGHT_NORMALIZED,2022-07-22,VPU,160,89,2
NN_v1,3,PAPER_WEIGHT_NORMALIZED,2022-07-22,VDE,375,183,2
NN_v1,3,PAPER_WEIGHT_NORMALIZED,2022-07-22,VHT,157,101,1
NN_v1,3,PAPER_WEIGHT_NORMALIZED,2022-07-29,VCR,175,89,3
NN_v1,3,PAPER_WEIGHT_NORMALIZED,2022-07-29,VOX,213,115,1
NN_v1,3,PAPER_WEIGHT_NORMALIZED,2022-07-29,VGT,204,114,2
NN_v1,3,PAPER_WEIGHT_NORMALIZED,2022-08-05,VDE,376,184,3
NN_v1,3,PAPER_WEIGHT_NORMALIZED,2022-08-05,VAW,242,132,2
NN_v1,3,PAPER_WEIGHT_NORMALIZED,2022-08-05,VCR,176,90,4
NN_v1,3,PAPER_WEIGHT_NORMALIZED,2022-08-12,VDE,377,185,4
NN_v1,3,PAPER_WEIGHT_NORMALIZED,2022-08-12,VAW,243,132,0
NN_v1,3,PAPER_WEIGHT_NORMALIZED,2022-08-12,VCR,177,90,0
NN_v1,3,PAPER_WEIGHT_NORMALIZED,2022-08-19,VDE,378,186,5
NN_v1,3,PAPER_WEIGHT_NORMALIZED,2022-08-19,VAW,244,133,1
NN_v1,3,PAPER_WEIGHT_NORMALIZED,2022-08-19,VGT,205,114,0
NN_v1,3,PAPER_WEIGHT_NORMALIZED,2022-08-26,VOX,214,115,0
NN_v1,3,PAPER_WEIGHT_NORMALIZED,2022-08-26,VIS,172,91,0
NN_v1,3,PAPER_WEIGHT_NORMALIZED,2022-08-26,VGT,206,114,0
NN_v1,3,PAPER_WEIGHT_NORMALIZED,2022-09-02,VDE,379,187,6
NN_v1,3,PAPER_WEIGHT_NORMALIZED,2022-09-02,VGT,207,115,1
NN_v1,3,PAPER_WEIGHT_NORMALIZED,2022-09-02,VAW,245,134,2
NN_v1,3,PAPER_WEIGHT_NORMALIZED,2022-09-09,VDE,380,187,0
NN_v1,3,PAPER_WEIGHT_NORMALIZED,2022-09-09,VGT,208,115,0
NN_v1,3,PAPER_WEIGHT_NORMALIZED,2022-09-09,VDC,64,39,0
NN_v1,3,PAPER_WEIGHT_NORMALIZED,2022-09-16,VGT,209,115,0
NN_v1,3,PAPER_WEIGHT_NORMALIZED,2022-09-16,VOX,215,115,0
NN_v1,3,PAPER_WEIGHT_NORMALIZED,2022-09-16,VAW,246,134,0
NN_v1,3,PAPER_WEIGHT_NORMALIZED,2022-09-23,VDE,381,188,1
NN_v1,3,PAPER_WEIGHT_NORMALIZED,2022-09-23,VNQ,246,119,0
NN_v1,3,PAPER_WEIGHT_NORMALIZED,2022-09-23,VIS,173,91,0
NN_v1,3,PAPER_WEIGHT_NORMALIZED,2022-09-30,VPU,161,89,0
NN_v1,3,PAPER_WEIGHT_NORMALIZED,2022-09-30,VOX,216,116,1
NN_v1,3,PAPER_WEIGHT_NORMALIZED,2022-09-30,VCR,178,90,0
NN_v1,3,PAPER_WEIGHT_NORMALIZED,2022-10-07,VNQ,247,119,0
NN_v1,3,PAPER_WEIGHT_NORMALIZED,2022-10-07,VPU,162,89,0
NN_v1,3,PAPER_WEIGHT_NORMALIZED,2022-10-07,VGT,210,115,0
NN_v1,3,PAPER_WEIGHT_NORMALIZED,2022-10-14,VNQ,248,120,1
NN_v1,3,PAPER_WEIGHT_NORMALIZED,2022-10-14,VGT,211,116,1
NN_v1,3,PAPER_WEIGHT_NORMALIZED,2022-10-14,VCR,179,91,1
NN_v1,3,PAPER_WEIGHT_NORMALIZED,2022-10-21,VNQ,249,121,2
NN_v1,3,PAPER_WEIGHT_NORMALIZED,2022-10-21,VPU,163,90,1
NN_v1,3,PAPER_WEIGHT_NORMALIZED,2022-10-21,VFH,280,147,1
NN_v1,3,PAPER_WEIGHT_NORMALIZED,2022-10-28,VOX,217,116,0
NN_v1,3,PAPER_WEIGHT_NORMALIZED,2022-10-28,VCR,180,91,0
NN_v1,3,PAPER_WEIGHT_NORMALIZED,2022-10-28,VDE,382,189,2
NN_v1,3,PAPER_WEIGHT_NORMALIZED,2022-11-04,VCR,181,92,1
NN_v1,3,PAPER_WEIGHT_NORMALIZED,2022-11-04,VGT,212,117,2
NN_v1,3,PAPER_WEIGHT_NORMALIZED,2022-11-04,VOX,218,117,1
NN_v1,3,PAPER_WEIGHT_NORMALIZED,2022-11-11,VPU,164,91,2
NN_v1,3,PAPER_WEIGHT_NORMALIZED,2022-11-11,VGT,213,117,0
NN_v1,3,PAPER_WEIGHT_NORMALIZED,2022-11-11,VCR,182,92,0
NN_v1,3,PAPER_WEIGHT_NORMALIZED,2022-11-18,VCR,183,93,1
NN_v1,3,PAPER_WEIGHT_NORMALIZED,2022-11-18,VNQ,250,122,3
NN_v1,3,PAPER_WEIGHT_NORMALIZED,2022-11-18,VPU,165,92,3
NN_v1,3,PAPER_WEIGHT_NORMALIZED,2022-11-25,VCR,184,94,2
NN_v1,3,PAPER_WEIGHT_NORMALIZED,2022-11-25,VGT,214,118,1
NN_v1,3,PAPER_WEIGHT_NORMALIZED,2022-11-25,VNQ,251,123,4
NN_v1,3,PAPER_WEIGHT_NORMALIZED,2022-12-02,VGT,215,118,0
NN_v1,3,PAPER_WEIGHT_NORMALIZED,2022-12-02,VNQ,252,123,0
NN_v1,3,PAPER_WEIGHT_NORMALIZED,2022-12-02,VCR,185,94,0
NN_v1,3,PAPER_WEIGHT_NORMALIZED,2022-12-09,VDE,383,190,3
NN_v1,3,PAPER_WEIGHT_NORMALIZED,2022-12-09,VCR,186,94,0
NN_v1,3,PAPER_WEIGHT_NORMALIZED,2022-12-09,VOX,219,117,0
NN_v1,3,PAPER_WEIGHT_NORMALIZED,2022-12-16,VCR,187,94,0
NN_v1,3,PAPER_WEIGHT_NORMALIZED,2022-12-16,VGT,216,118,0
NN_v1,3,PAPER_WEIGHT_NORMALIZED,2022-12-16,VNQ,253,123,0
NN_v1,3,PAPER_WEIGHT_NORMALIZED,2022-12-23,VOX,220,118,1
NN_v1,3,PAPER_WEIGHT_NORMALIZED,2022-12-23,VNQ,254,123,0
NN_v1,3,PAPER_WEIGHT_NORMALIZED,2022-12-23,VGT,217,119,1
NN_v1,3,PAPER_WEIGHT_NORMALIZED,2022-12-30,VCR,188,95,1
NN_v1,3,PAPER_WEIGHT_NORMALIZED,2022-12-30,VGT,218,119,0
NN_v1,3,PAPER_WEIGHT_NORMALIZED,2022-12-30,VOX,221,119,2
NN_v1,3,PAPER_WEIGHT_NORMALIZED,2023-01-06,VDE,384,191,4
NN_v1,3,PAPER_WEIGHT_NORMALIZED,2023-01-06,VGT,219,120,1
NN_v1,3,PAPER_WEIGHT_NORMALIZED,2023-01-06,VCR,189,96,2
NN_v1,3,PAPER_WEIGHT_NORMALIZED,2023-01-13,VOX,222,120,3
NN_v1,3,PAPER_WEIGHT_NORMALIZED,2023-01-13,VDE,385,192,5
NN_v1,3,PAPER_WEIGHT_NORMALIZED,2023-01-13,VGT,220,121,2
NN_v1,3,PAPER_WEIGHT_NORMALIZED,2023-01-20,VDE,386,193,6
NN_v1,3,PAPER_WEIGHT_NORMALIZED,2023-01-20,VIS,174,92,1
NN_v1,3,PAPER_WEIGHT_NORMALIZED,2023-01-20,VPU,166,92,0
NN_v1,3,PAPER_WEIGHT_NORMALIZED,2023-01-27,VDE,387,193,0
NN_v1,3,PAPER_WEIGHT_NORMALIZED,2023-01-27,VGT,221,122,3
NN_v1,3,PAPER_WEIGHT_NORMALIZED,2023-01-27,VAW,247,135,1
NN_v1,3,PAPER_WEIGHT_NORMALIZED,2023-02-03,VDE,388,194,1
NN_v1,3,PAPER_WEIGHT_NORMALIZED,2023-02-03,VPU,167,92,0
NN_v1,3,PAPER_WEIGHT_NORMALIZED,2023-02-03,VCR,190,96,0
NN_v1,3,PAPER_WEIGHT_NORMALIZED,2023-02-10,VOX,223,121,4
NN_v1,3,PAPER_WEIGHT_NORMALIZED,2023-02-10,VCR,191,97,1
NN_v1,3,PAPER_WEIGHT_NORMALIZED,2023-02-10,VAW,248,135,0
NN_v1,3,PAPER_WEIGHT_NORMALIZED,2023-02-17,VDE,389,195,2
NN_v1,3,PAPER_WEIGHT_NORMALIZED,2023-02-17,VOX,224,121,0
NN_v1,3,PAPER_WEIGHT_NORMALIZED,2023-02-17,VCR,192,97,0
NN_v1,3,PAPER_WEIGHT_NORMALIZED,2023-02-24,VHT,158,102,2
NN_v1,3,PAPER_WEIGHT_NORMALIZED,2023-02-24,VFH,281,147,0
NN_v1,3,PAPER_WEIGHT_NORMALIZED,2023-02-24,VPU,168,92,0
NN_v1,3,PAPER_WEIGHT_NORMALIZED,2023-03-03,VDE,390,195,0
NN_v1,3,PAPER_WEIGHT_NORMALIZED,2023-03-03,VPU,169,92,0
NN_v1,3,PAPER_WEIGHT_NORMALIZED,2023-03-03,VCR,193,97,0
NN_v1,3,PAPER_WEIGHT_NORMALIZED,2023-03-10,VOX,225,122,1
NN_v1,3,PAPER_WEIGHT_NORMALIZED,2023-03-10,VDE,391,195,0
NN_v1,3,PAPER_WEIGHT_NORMALIZED,2023-03-10,VNQ,255,124,1
NN_v1,3,PAPER_WEIGHT_NORMALIZED,2023-03-17,VDE,392,196,1
NN_v1,3,PAPER_WEIGHT_NORMALIZED,2023-03-17,VFH,282,147,0
NN_v1,3,PAPER_WEIGHT_NORMALIZED,2023-03-17,VNQ,256,124,0
NN_v1,3,PAPER_WEIGHT_NORMALIZED,2023-03-24,VNQ,257,125,1
NN_v1,3,PAPER_WEIGHT_NORMALIZED,2023-03-24,VFH,283,148,1
NN_v1,3,PAPER_WEIGHT_NORMALIZED,2023-03-24,VDE,393,197,2
NN_v1,3,PAPER_WEIGHT_NORMALIZED,2023-03-31,VDE,394,197,0
NN_v1,3,PAPER_WEIGHT_NORMALIZED,2023-03-31,VFH,284,148,0
NN_v1,3,PAPER_WEIGHT_NORMALIZED,2023-03-31,VOX,226,123,2
NN_v1,3,PAPER_WEIGHT_NORMALIZED,2023-04-07,VFH,285,149,1
NN_v1,3,PAPER_WEIGHT_NORMALIZED,2023-04-07,VIS,175,93,2
NN_v1,3,PAPER_WEIGHT_NORMALIZED,2023-04-07,VCR,194,98,1
NN_v1,3,PAPER_WEIGHT_NORMALIZED,2023-04-14,VNQ,258,126,2
NN_v1,3,PAPER_WEIGHT_NORMALIZED,2023-04-14,VDE,395,197,0
NN_v1,3,PAPER_WEIGHT_NORMALIZED,2023-04-14,VAW,249,135,0
NN_v1,3,PAPER_WEIGHT_NORMALIZED,2023-04-21,VDE,396,198,1
NN_v1,3,PAPER_WEIGHT_NORMALIZED,2023-04-21,VAW,250,135,0
NN_v1,3,PAPER_WEIGHT_NORMALIZED,2023-04-21,VOX,227,124,3
NN_v1,3,PAPER_WEIGHT_NORMALIZED,2023-04-28,VFH,286,149,0
NN_v1,3,PAPER_WEIGHT_NORMALIZED,2023-04-28,VDE,397,198,0
NN_v1,3,PAPER_WEIGHT_NORMALIZED,2023-04-28,VAW,251,135,0
NN_v1,3,PAPER_WEIGHT_NORMALIZED,2023-05-05,VDE,398,198,0
NN_v1,3,PAPER_WEIGHT_NORMALIZED,2023-05-05,VFH,287,149,0
NN_v1,3,PAPER_WEIGHT_NORMALIZED,2023-05-05,VAW,252,135,0
NN_v1,3,PAPER_WEIGHT_NORMALIZED,2023-05-12,VAW,253,136,1
NN_v1,3,PAPER_WEIGHT_NORMALIZED,2023-05-12,VFH,288,150,1
NN_v1,3,PAPER_WEIGHT_NORMALIZED,2023-05-12,VDE,399,199,1
NN_v1,3,PAPER_WEIGHT_NORMALIZED,2023-05-19,VFH,289,150,0
NN_v1,3,PAPER_WEIGHT_NORMALIZED,2023-05-19,VPU,170,92,0
NN_v1,3,PAPER_WEIGHT_NORMALIZED,2023-05-19,VDE,400,199,0
NN_v1,3,PAPER_WEIGHT_NORMALIZED,2023-05-26,VNQ,259,127,3
NN_v1,3,PAPER_WEIGHT_NORMALIZED,2023-05-26,VDE,401,200,1
NN_v1,3,PAPER_WEIGHT_NORMALIZED,2023-05-26,VFH,290,151,1
NN_v1,3,PAPER_WEIGHT_NORMALIZED,2023-06-02,VDE,402,201,2
NN_v1,3,PAPER_WEIGHT_NORMALIZED,2023-06-02,VFH,291,152,2
NN_v1,3,PAPER_WEIGHT_NORMALIZED,2023-06-02,VAW,254,137,2
NN_v1,3,PAPER_WEIGHT_NORMALIZED,2023-06-09,VDE,403,202,3
NN_v1,3,PAPER_WEIGHT_NORMALIZED,2023-06-09,VFH,292,153,3
NN_v1,3,PAPER_WEIGHT_NORMALIZED,2023-06-09,VAW,255,138,3
NN_v1,3,PAPER_WEIGHT_NORMALIZED,2023-06-16,VDE,404,202,0
NN_v1,3,PAPER_WEIGHT_NORMALIZED,2023-06-16,VFH,293,153,0
NN_v1,3,PAPER_WEIGHT_NORMALIZED,2023-06-16,VNQ,260,127,0
NN_v1,3,PAPER_WEIGHT_NORMALIZED,2023-06-23,VDE,405,203,1
NN_v1,3,PAPER_WEIGHT_NORMALIZED,2023-06-23,VNQ,261,128,1
NN_v1,3,PAPER_WEIGHT_NORMALIZED,2023-06-23,VFH,294,154,1
NN_v1,3,PAPER_WEIGHT_NORMALIZED,2023-06-30,VDE,406,203,0
NN_v1,3,PAPER_WEIGHT_NORMALIZED,2023-06-30,VPU,171,92,0
NN_v1,3,PAPER_WEIGHT_NORMALIZED,2023-06-30,VFH,295,154,0
NN_v1,3,PAPER_WEIGHT_NORMALIZED,2023-07-07,VDE,407,204,1
NN_v1,3,PAPER_WEIGHT_NORMALIZED,2023-07-07,VPU,172,93,1
NN_v1,3,PAPER_WEIGHT_NORMALIZED,2023-07-07,VFH,296,155,1
NN_v1,3,PAPER_WEIGHT_NORMALIZED,2023-07-14,VDE,408,205,2
NN_v1,3,PAPER_WEIGHT_NORMALIZED,2023-07-14,VNQ,262,129,2
NN_v1,3,PAPER_WEIGHT_NORMALIZED,2023-07-14,VFH,297,156,2
NN_v1,3,PAPER_WEIGHT_NORMALIZED,2023-07-21,VDE,409,206,3
NN_v1,3,PAPER_WEIGHT_NORMALIZED,2023-07-21,VNQ,263,129,0
NN_v1,3,PAPER_WEIGHT_NORMALIZED,2023-07-21,VOX,228,125,4
NN_v1,3,PAPER_WEIGHT_NORMALIZED,2023-07-28,VNQ,264,129,0
NN_v1,3,PAPER_WEIGHT_NORMALIZED,2023-07-28,VDE,410,207,4
NN_v1,3,PAPER_WEIGHT_NORMALIZED,2023-07-28,VPU,173,93,0
NN_v1,3,PAPER_WEIGHT_NORMALIZED,2023-08-04,VGT,222,122,0
NN_v1,3,PAPER_WEIGHT_NORMALIZED,2023-08-04,VPU,174,94,1
NN_v1,3,PAPER_WEIGHT_NORMALIZED,2023-08-04,VNQ,265,130,1
NN_v1,3,PAPER_WEIGHT_NORMALIZED,2023-08-11,VGT,223,122,0
NN_v1,3,PAPER_WEIGHT_NORMALIZED,2023-08-11,VAW,256,138,0
NN_v1,3,PAPER_WEIGHT_NORMALIZED,2023-08-11,VPU,175,94,0
NN_v1,3,PAPER_WEIGHT_NORMALIZED,2023-08-18,VAW,257,138,0
NN_v1,3,PAPER_WEIGHT_NORMALIZED,2023-08-18,VNQ,266,131,2
NN_v1,3,PAPER_WEIGHT_NORMALIZED,2023-08-18,VCR,195,99,2
NN_v1,3,PAPER_WEIGHT_NORMALIZED,2023-08-25,VNQ,267,132,3
NN_v1,3,PAPER_WEIGHT_NORMALIZED,2023-08-25,VAW,258,139,1
NN_v1,3,PAPER_WEIGHT_NORMALIZED,2023-08-25,VCR,196,100,3
NN_v1,3,PAPER_WEIGHT_NORMALIZED,2023-09-01,VPU,176,95,1
NN_v1,3,PAPER_WEIGHT_NORMALIZED,2023-09-01,VNQ,268,132,0
NN_v1,3,PAPER_WEIGHT_NORMALIZED,2023-09-01,VHT,159,102,0
NN_v1,3,PAPER_WEIGHT_NORMALIZED,2023-09-08,VGT,224,122,0
NN_v1,3,PAPER_WEIGHT_NORMALIZED,2023-09-08,VIS,176,93,0
NN_v1,3,PAPER_WEIGHT_NORMALIZED,2023-09-08,VAW,259,139,0
NN_v1,3,PAPER_WEIGHT_NORMALIZED,2023-09-15,VGT,225,122,0
NN_v1,3,PAPER_WEIGHT_NORMALIZED,2023-09-15,VIS,177,93,0
NN_v1,3,PAPER_WEIGHT_NORMALIZED,2023-09-15,VAW,260,139,0
NN_v1,3,PAPER_WEIGHT_NORMALIZED,2023-09-22,VCR,197,101,4
NN_v1,3,PAPER_WEIGHT_NORMALIZED,2023-09-22,VOX,229,126,5
NN_v1,3,PAPER_WEIGHT_NORMALIZED,2023-09-22,VPU,177,95,0
NN_v1,3,PAPER_WEIGHT_NORMALIZED,2023-09-29,VAW,261,139,0
NN_v1,3,PAPER_WEIGHT_NORMALIZED,2023-09-29,VOX,230,127,6
NN_v1,3,PAPER_WEIGHT_NORMALIZED,2023-09-29,VIS,178,93,0
NN_v1,3,PAPER_WEIGHT_NORMALIZED,2023-10-06,VDE,411,208,5
NN_v1,3,PAPER_WEIGHT_NORMALIZED,2023-10-06,VNQ,269,133,1
NN_v1,3,PAPER_WEIGHT_NORMALIZED,2023-10-06,VIS,179,94,1
NN_v1,3,PAPER_WEIGHT_NORMALIZED,2023-10-13,VDC,65,40,1
NN_v1,3,PAPER_WEIGHT_NORMALIZED,2023-10-13,VIS,180,94,0
NN_v1,3,PAPER_WEIGHT_NORMALIZED,2023-10-13,VAW,262,139,0
NN_v1,3,PAPER_WEIGHT_NORMALIZED,2023-10-20,VCR,198,101,0
NN_v1,3,PAPER_WEIGHT_NORMALIZED,2023-10-20,VAW,263,140,1
NN_v1,3,PAPER_WEIGHT_NORMALIZED,2023-10-20,VHT,160,102,0
NN_v1,3,PAPER_WEIGHT_NORMALIZED,2023-10-27,VGT,226,123,1
NN_v1,3,PAPER_WEIGHT_NORMALIZED,2023-10-27,VDE,412,209,6
NN_v1,3,PAPER_WEIGHT_NORMALIZED,2023-10-27,VNQ,270,134,2
NN_v1,3,PAPER_WEIGHT_NORMALIZED,2023-11-03,VDE,413,209,0
NN_v1,3,PAPER_WEIGHT_NORMALIZED,2023-11-03,VPU,178,95,0
NN_v1,3,PAPER_WEIGHT_NORMALIZED,2023-11-03,VNQ,271,134,0
NN_v1,3,PAPER_WEIGHT_NORMALIZED,2023-11-10,VDE,414,210,1
NN_v1,3,PAPER_WEIGHT_NORMALIZED,2023-11-10,VPU,179,96,1
NN_v1,3,PAPER_WEIGHT_NORMALIZED,2023-11-10,VAW,264,141,2
NN_v1,3,PAPER_WEIGHT_NORMALIZED,2023-11-17,VDE,415,210,0
NN_v1,3,PAPER_WEIGHT_NORMALIZED,2023-11-17,VNQ,272,135,1
NN_v1,3,PAPER_WEIGHT_NORMALIZED,2023-11-17,VPU,180,97,2
NN_v1,3,PAPER_WEIGHT_NORMALIZED,2023-11-24,VDE,416,211,1
NN_v1,3,PAPER_WEIGHT_NORMALIZED,2023-11-24,VNQ,273,136,2
NN_v1,3,PAPER_WEIGHT_NORMALIZED,2023-11-24,VCR,199,102,1
NN_v1,3,PAPER_WEIGHT_NORMALIZED,2023-12-01,VDE,417,211,0
NN_v1,3,PAPER_WEIGHT_NORMALIZED,2023-12-01,VOX,231,128,7
NN_v1,3,PAPER_WEIGHT_NORMALIZED,2023-12-01,VPU,181,98,3
NN_v1,3,PAPER_WEIGHT_NORMALIZED,2023-12-08,VDE,418,212,1
NN_v1,3,PAPER_WEIGHT_NORMALIZED,2023-12-08,VPU,182,99,4
NN_v1,3,PAPER_WEIGHT_NORMALIZED,2023-12-08,VNQ,274,137,3
NN_v1,3,PAPER_WEIGHT_NORMALIZED,2023-12-15,VDE,419,212,0
NN_v1,3,PAPER_WEIGHT_NORMALIZED,2023-12-15,VPU,183,99,0
NN_v1,3,PAPER_WEIGHT_NORMALIZED,2023-12-15,VOX,232,129,8
NN_v1,3,PAPER_WEIGHT_NORMALIZED,2023-12-22,VDE,420,212,0
NN_v1,3,PAPER_WEIGHT_NORMALIZED,2023-12-22,VPU,184,100,1
NN_v1,3,PAPER_WEIGHT_NORMALIZED,2023-12-22,VNQ,275,138,4
NN_v1,3,PAPER_WEIGHT_NORMALIZED,2023-12-29,VDE,421,213,1
NN_v1,3,PAPER_WEIGHT_NORMALIZED,2023-12-29,VNQ,276,138,0
NN_v1,3,PAPER_WEIGHT_NORMALIZED,2023-12-29,VPU,185,101,2
NN_v1,3,PAPER_WEIGHT_NORMALIZED,2024-01-05,VGT,227,124,2
NN_v1,3,PAPER_WEIGHT_NORMALIZED,2024-01-05,VCR,200,103,2
NN_v1,3,PAPER_WEIGHT_NORMALIZED,2024-01-05,VNQ,277,139,1
NN_v1,3,PAPER_WEIGHT_NORMALIZED,2024-01-12,VDE,422,213,0
NN_v1,3,PAPER_WEIGHT_NORMALIZED,2024-01-12,VCR,201,104,3
NN_v1,3,PAPER_WEIGHT_NORMALIZED,2024-01-12,VPU,186,101,0
NN_v1,3,PAPER_WEIGHT_NORMALIZED,2024-01-19,VDE,423,214,1
NN_v1,3,PAPER_WEIGHT_NORMALIZED,2024-01-19,VPU,187,102,1
NN_v1,3,PAPER_WEIGHT_NORMALIZED,2024-01-19,VNQ,278,139,0
NN_v1,3,PAPER_WEIGHT_NORMALIZED,2024-01-26,VDE,424,214,0
NN_v1,3,PAPER_WEIGHT_NORMALIZED,2024-01-26,VPU,188,103,2
NN_v1,3,PAPER_WEIGHT_NORMALIZED,2024-01-26,VNQ,279,139,0
NN_v1,3,PAPER_WEIGHT_NORMALIZED,2024-02-02,VDE,425,215,1
NN_v1,3,PAPER_WEIGHT_NORMALIZED,2024-02-02,VNQ,280,140,1
NN_v1,3,PAPER_WEIGHT_NORMALIZED,2024-02-02,VPU,189,103,0
NN_v1,3,PAPER_WEIGHT_NORMALIZED,2024-02-09,VDE,426,216,2
NN_v1,3,PAPER_WEIGHT_NORMALIZED,2024-02-09,VPU,190,104,1
NN_v1,3,PAPER_WEIGHT_NORMALIZED,2024-02-09,VNQ,281,140,0
NN_v1,3,PAPER_WEIGHT_NORMALIZED,2024-02-16,VGT,228,125,3
NN_v1,3,PAPER_WEIGHT_NORMALIZED,2024-02-16,VDE,427,217,3
NN_v1,3,PAPER_WEIGHT_NORMALIZED,2024-02-16,VNQ,282,141,1
NN_v1,3,PAPER_WEIGHT_NORMALIZED,2024-02-23,VDE,428,218,4
NN_v1,3,PAPER_WEIGHT_NORMALIZED,2024-02-23,VNQ,283,142,2
NN_v1,3,PAPER_WEIGHT_NORMALIZED,2024-02-23,VPU,191,105,2
NN_v1,3,PAPER_WEIGHT_NORMALIZED,2024-03-01,VDE,429,219,5
NN_v1,3,PAPER_WEIGHT_NORMALIZED,2024-03-01,VPU,192,106,3
NN_v1,3,PAPER_WEIGHT_NORMALIZED,2024-03-01,VNQ,284,143,3
NN_v1,3,PAPER_WEIGHT_NORMALIZED,2024-03-08,VCR,202,104,0
NN_v1,3,PAPER_WEIGHT_NORMALIZED,2024-03-08,VDE,430,220,6
NN_v1,3,PAPER_WEIGHT_NORMALIZED,2024-03-08,VGT,229,125,0
NN_v1,3,PAPER_WEIGHT_NORMALIZED,2024-03-15,VNQ,285,143,0
NN_v1,3,PAPER_WEIGHT_NORMALIZED,2024-03-15,VCR,203,105,1
NN_v1,3,PAPER_WEIGHT_NORMALIZED,2024-03-15,VGT,230,126,1
NN_v1,3,PAPER_WEIGHT_NORMALIZED,2024-03-22,VNQ,286,144,1
NN_v1,3,PAPER_WEIGHT_NORMALIZED,2024-03-22,VPU,193,107,4
NN_v1,3,PAPER_WEIGHT_NORMALIZED,2024-03-22,VGT,231,127,2
NN_v1,3,PAPER_WEIGHT_NORMALIZED,2024-03-29,VGT,232,127,0
NN_v1,3,PAPER_WEIGHT_NORMALIZED,2024-03-29,VNQ,287,144,0
NN_v1,3,PAPER_WEIGHT_NORMALIZED,2024-03-29,VDE,431,221,7
NN_v1,3,PAPER_WEIGHT_NORMALIZED,2024-04-05,VCR,204,105,0
NN_v1,3,PAPER_WEIGHT_NORMALIZED,2024-04-05,VNQ,288,144,0
NN_v1,3,PAPER_WEIGHT_NORMALIZED,2024-04-05,VGT,233,127,0
NN_v1,3,PAPER_WEIGHT_NORMALIZED,2024-04-12,VNQ,289,144,0
NN_v1,3,PAPER_WEIGHT_NORMALIZED,2024-04-12,VCR,205,105,0
NN_v1,3,PAPER_WEIGHT_NORMALIZED,2024-04-12,VFH,298,156,0
NN_v1,3,PAPER_WEIGHT_NORMALIZED,2024-04-19,VGT,234,128,1
NN_v1,3,PAPER_WEIGHT_NORMALIZED,2024-04-19,VNQ,290,145,1
NN_v1,3,PAPER_WEIGHT_NORMALIZED,2024-04-19,VCR,206,106,1
NN_v1,3,PAPER_WEIGHT_NORMALIZED,2024-04-26,VNQ,291,146,2
NN_v1,3,PAPER_WEIGHT_NORMALIZED,2024-04-26,VGT,235,129,2
NN_v1,3,PAPER_WEIGHT_NORMALIZED,2024-04-26,VCR,207,106,0
NN_v1,3,PAPER_WEIGHT_NORMALIZED,2024-05-03,VGT,236,130,3
NN_v1,3,PAPER_WEIGHT_NORMALIZED,2024-05-03,VDE,432,222,8
NN_v1,3,PAPER_WEIGHT_NORMALIZED,2024-05-03,VNQ,292,147,3
NN_v1,3,PAPER_WEIGHT_NORMALIZED,2024-05-10,VGT,237,131,4
NN_v1,3,PAPER_WEIGHT_NORMALIZED,2024-05-10,VNQ,293,148,4
NN_v1,3,PAPER_WEIGHT_NORMALIZED,2024-05-10,VCR,208,106,0
NN_v1,3,PAPER_WEIGHT_NORMALIZED,2024-05-17,VGT,238,132,5
NN_v1,3,PAPER_WEIGHT_NORMALIZED,2024-05-17,VCR,209,106,0
NN_v1,3,PAPER_WEIGHT_NORMALIZED,2024-05-17,VNQ,294,148,0
NN_v1,3,PAPER_WEIGHT_NORMALIZED,2024-05-24,VNQ,295,149,1
NN_v1,3,PAPER_WEIGHT_NORMALIZED,2024-05-24,VDE,433,223,9
NN_v1,3,PAPER_WEIGHT_NORMALIZED,2024-05-24,VCR,210,107,1
NN_v1,3,PAPER_WEIGHT_NORMALIZED,2024-05-31,VGT,239,133,6
NN_v1,3,PAPER_WEIGHT_NORMALIZED,2024-05-31,VNQ,296,149,0
NN_v1,3,PAPER_WEIGHT_NORMALIZED,2024-05-31,VDE,434,223,0
NN_v1,3,PAPER_WEIGHT_NORMALIZED,2024-06-07,VDE,435,223,0
NN_v1,3,PAPER_WEIGHT_NORMALIZED,2024-06-07,VNQ,297,150,1
NN_v1,3,PAPER_WEIGHT_NORMALIZED,2024-06-07,VAW,265,141,0
NN_v1,3,PAPER_WEIGHT_NORMALIZED,2024-06-14,VDE,436,224,1
NN_v1,3,PAPER_WEIGHT_NORMALIZED,2024-06-14,VPU,194,107,0
NN_v1,3,PAPER_WEIGHT_NORMALIZED,2024-06-14,VAW,266,142,1
NN_v1,3,PAPER_WEIGHT_NORMALIZED,2024-06-21,VDE,437,225,2
NN_v1,3,PAPER_WEIGHT_NORMALIZED,2024-06-21,VPU,195,107,0
NN_v1,3,PAPER_WEIGHT_NORMALIZED,2024-06-21,VNQ,298,150,0
NN_v1,3,PAPER_WEIGHT_NORMALIZED,2024-06-28,VGT,240,134,7
NN_v1,3,PAPER_WEIGHT_NORMALIZED,2024-06-28,VPU,196,107,0
NN_v1,3,PAPER_WEIGHT_NORMALIZED,2024-06-28,VDE,438,225,0
NN_v1,3,PAPER_WEIGHT_NORMALIZED,2024-07-05,VDE,439,226,1
NN_v1,3,PAPER_WEIGHT_NORMALIZED,2024-07-05,VPU,197,108,1
NN_v1,3,PAPER_WEIGHT_NORMALIZED,2024-07-05,VNQ,299,151,1
NN_v1,3,PAPER_WEIGHT_NORMALIZED,2024-07-12,VDE,440,227,2
NN_v1,3,PAPER_WEIGHT_NORMALIZED,2024-07-12,VOX,233,129,0
NN_v1,3,PAPER_WEIGHT_NORMALIZED,2024-07-12,VAW,267,142,0
NN_v1,3,PAPER_WEIGHT_NORMALIZED,2024-07-19,VGT,241,134,0
NN_v1,3,PAPER_WEIGHT_NORMALIZED,2024-07-19,VOX,234,129,0
NN_v1,3,PAPER_WEIGHT_NORMALIZED,2024-07-19,VCR,211,107,0
NN_v1,3,PAPER_WEIGHT_NORMALIZED,2024-07-26,VGT,242,134,0
NN_v1,3,PAPER_WEIGHT_NORMALIZED,2024-07-26,VCR,212,107,0
NN_v1,3,PAPER_WEIGHT_NORMALIZED,2024-07-26,VOX,235,129,0
NN_v1,3,PAPER_WEIGHT_NORMALIZED,2024-08-02,VGT,243,135,1
NN_v1,3,PAPER_WEIGHT_NORMALIZED,2024-08-02,VDE,441,228,3
NN_v1,3,PAPER_WEIGHT_NORMALIZED,2024-08-02,VCR,213,108,1
NN_v1,3,PAPER_WEIGHT_NORMALIZED,2024-08-09,VGT,244,136,2
NN_v1,3,PAPER_WEIGHT_NORMALIZED,2024-08-09,VDE,442,229,4
NN_v1,3,PAPER_WEIGHT_NORMALIZED,2024-08-09,VCR,214,109,2
NN_v1,3,PAPER_WEIGHT_NORMALIZED,2024-08-16,VDE,443,229,0
NN_v1,3,PAPER_WEIGHT_NORMALIZED,2024-08-16,VGT,245,137,3
NN_v1,3,PAPER_WEIGHT_NORMALIZED,2024-08-16,VAW,268,143,1
NN_v1,3,PAPER_WEIGHT_NORMALIZED,2024-08-23,VGT,246,137,0
NN_v1,3,PAPER_WEIGHT_NORMALIZED,2024-08-23,VDE,444,229,0
NN_v1,3,PAPER_WEIGHT_NORMALIZED,2024-08-23,VPU,198,109,2
NN_v1,3,PAPER_WEIGHT_NORMALIZED,2024-08-30,VGT,247,137,0
NN_v1,3,PAPER_WEIGHT_NORMALIZED,2024-08-30,VCR,215,109,0
NN_v1,3,PAPER_WEIGHT_NORMALIZED,2024-08-30,VDE,445,229,0
NN_v1,3,PAPER_WEIGHT_NORMALIZED,2024-09-06,VGT,248,138,1
NN_v1,3,PAPER_WEIGHT_NORMALIZED,2024-09-06,VOX,236,130,1
NN_v1,3,PAPER_WEIGHT_NORMALIZED,2024-09-06,VDE,446,229,0
NN_v1,3,PAPER_WEIGHT_NORMALIZED,2024-09-13,VDE,447,230,1
NN_v1,3,PAPER_WEIGHT_NORMALIZED,2024-09-13,VGT,249,139,2
NN_v1,3,PAPER_WEIGHT_NORMALIZED,2024-09-13,VAW,269,144,2
NN_v1,3,PAPER_WEIGHT_NORMALIZED,2024-09-20,VGT,250,140,3
NN_v1,3,PAPER_WEIGHT_NORMALIZED,2024-09-20,VDE,448,230,0
NN_v1,3,PAPER_WEIGHT_NORMALIZED,2024-09-20,VAW,270,145,3
NN_v1,3,PAPER_WEIGHT_NORMALIZED,2024-09-27,VGT,251,141,4
NN_v1,3,PAPER_WEIGHT_NORMALIZED,2024-09-27,VDE,449,231,1
NN_v1,3,PAPER_WEIGHT_NORMALIZED,2024-09-27,VCR,216,109,0
NN_v1,3,PAPER_WEIGHT_NORMALIZED,2024-10-04,VGT,252,142,5
NN_v1,3,PAPER_WEIGHT_NORMALIZED,2024-10-04,VCR,217,109,0
NN_v1,3,PAPER_WEIGHT_NORMALIZED,2024-10-04,VNQ,300,152,2
NN_v1,3,PAPER_WEIGHT_NORMALIZED,2024-10-11,VCR,218,110,1
NN_v1,3,PAPER_WEIGHT_NORMALIZED,2024-10-11,VDE,450,231,0
NN_v1,3,PAPER_WEIGHT_NORMALIZED,2024-10-11,VGT,253,142,0
NN_v1,3,PAPER_WEIGHT_NORMALIZED,2024-10-18,VDE,451,231,0
NN_v1,3,PAPER_WEIGHT_NORMALIZED,2024-10-18,VGT,254,143,1
NN_v1,3,PAPER_WEIGHT_NORMALIZED,2024-10-18,VCR,219,111,2
NN_v1,3,PAPER_WEIGHT_NORMALIZED,2024-10-25,VDE,452,232,1
NN_v1,3,PAPER_WEIGHT_NORMALIZED,2024-10-25,VGT,255,143,0
NN_v1,3,PAPER_WEIGHT_NORMALIZED,2024-10-25,VHT,161,102,0
NN_v1,3,PAPER_WEIGHT_NORMALIZED,2024-11-01,VNQ,301,153,3
NN_v1,3,PAPER_WEIGHT_NORMALIZED,2024-11-01,VGT,256,144,1
NN_v1,3,PAPER_WEIGHT_NORMALIZED,2024-11-01,VAW,271,146,4
NN_v1,3,PAPER_WEIGHT_NORMALIZED,2024-11-08,VNQ,302,153,0
NN_v1,3,PAPER_WEIGHT_NORMALIZED,2024-11-08,VPU,199,110,3
NN_v1,3,PAPER_WEIGHT_NORMALIZED,2024-11-08,VAW,272,146,0
NN_v1,3,PAPER_WEIGHT_NORMALIZED,2024-11-15,VHT,162,103,1
NN_v1,3,PAPER_WEIGHT_NORMALIZED,2024-11-15,VGT,257,145,2
NN_v1,3,PAPER_WEIGHT_NORMALIZED,2024-11-15,VAW,273,147,1
NN_v1,3,PAPER_WEIGHT_NORMALIZED,2024-11-22,VGT,258,145,0
NN_v1,3,PAPER_WEIGHT_NORMALIZED,2024-11-22,VHT,163,104,2
NN_v1,3,PAPER_WEIGHT_NORMALIZED,2024-11-22,VIS,181,95,1
NN_v1,3,PAPER_WEIGHT_NORMALIZED,2024-11-29,VDE,453,232,0
NN_v1,3,PAPER_WEIGHT_NORMALIZED,2024-11-29,VGT,259,146,1
NN_v1,3,PAPER_WEIGHT_NORMALIZED,2024-11-29,VHT,164,104,0
NN_v1,3,PAPER_WEIGHT_NORMALIZED,2024-12-06,VDE,454,232,0
NN_v1,3,PAPER_WEIGHT_NORMALIZED,2024-12-06,VHT,165,104,0
NN_v1,3,PAPER_WEIGHT_NORMALIZED,2024-12-06,VPU,200,110,0
NN_v1,3,PAPER_WEIGHT_NORMALIZED,2024-12-13,VAW,274,147,0
NN_v1,3,PAPER_WEIGHT_NORMALIZED,2024-12-13,VPU,201,110,0
NN_v1,3,PAPER_WEIGHT_NORMALIZED,2024-12-13,VHT,166,104,0
NN_v1,3,PAPER_WEIGHT_NORMALIZED,2024-12-20,VDE,455,233,1
NN_v1,3,PAPER_WEIGHT_NORMALIZED,2024-12-20,VNQ,303,154,1
NN_v1,3,PAPER_WEIGHT_NORMALIZED,2024-12-20,VPU,202,111,1
NN_v1,3,PAPER_WEIGHT_NORMALIZED,2024-12-27,VAW,275,147,0
NN_v1,3,PAPER_WEIGHT_NORMALIZED,2024-12-27,VDE,456,234,2
NN_v1,3,PAPER_WEIGHT_NORMALIZED,2024-12-27,VNQ,304,155,2
NN_v1,3,PAPER_WEIGHT_NORMALIZED,2025-01-03,VHT,167,105,1
NN_v1,3,PAPER_WEIGHT_NORMALIZED,2025-01-03,VAW,276,147,0
NN_v1,3,PAPER_WEIGHT_NORMALIZED,2025-01-03,VNQ,305,155,0
NN_v1,3,PAPER_WEIGHT_NORMALIZED,2025-01-10,VAW,277,148,1
NN_v1,3,PAPER_WEIGHT_NORMALIZED,2025-01-10,VIS,182,96,2
NN_v1,3,PAPER_WEIGHT_NORMALIZED,2025-01-10,VPU,203,112,2
NN_v1,3,PAPER_WEIGHT_NORMALIZED,2025-01-17,VHT,168,106,2
NN_v1,3,PAPER_WEIGHT_NORMALIZED,2025-01-17,VDC,66,41,2
NN_v1,3,PAPER_WEIGHT_NORMALIZED,2025-01-17,VGT,260,147,2
NN_v1,3,PAPER_WEIGHT_NORMALIZED,2025-01-24,VNQ,306,155,0
NN_v1,3,PAPER_WEIGHT_NORMALIZED,2025-01-24,VDC,67,42,3
NN_v1,3,PAPER_WEIGHT_NORMALIZED,2025-01-24,VAW,278,148,0
NN_v1,3,PAPER_WEIGHT_NORMALIZED,2025-01-31,VIS,183,97,3
NN_v1,3,PAPER_WEIGHT_NORMALIZED,2025-01-31,VDE,457,235,3
NN_v1,3,PAPER_WEIGHT_NORMALIZED,2025-01-31,VPU,204,113,3
NN_v1,3,PAPER_WEIGHT_NORMALIZED,2025-02-07,VIS,184,97,0
NN_v1,3,PAPER_WEIGHT_NORMALIZED,2025-02-07,VAW,279,149,1
NN_v1,3,PAPER_WEIGHT_NORMALIZED,2025-02-07,VDE,458,236,4
NN_v1,3,PAPER_WEIGHT_NORMALIZED,2025-02-14,VIS,185,97,0
NN_v1,3,PAPER_WEIGHT_NORMALIZED,2025-02-14,VDE,459,237,5
NN_v1,3,PAPER_WEIGHT_NORMALIZED,2025-02-14,VNQ,307,156,1
NN_v1,3,PAPER_WEIGHT_NORMALIZED,2025-02-21,VFH,299,157,1
NN_v1,3,PAPER_WEIGHT_NORMALIZED,2025-02-21,VNQ,308,157,2
NN_v1,3,PAPER_WEIGHT_NORMALIZED,2025-02-21,VAW,280,150,2
NN_v1,3,PAPER_WEIGHT_NORMALIZED,2025-02-28,VGT,261,147,0
NN_v1,3,PAPER_WEIGHT_NORMALIZED,2025-02-28,VAW,281,150,0
NN_v1,3,PAPER_WEIGHT_NORMALIZED,2025-02-28,VCR,220,111,0
NN_v1,3,PAPER_WEIGHT_NORMALIZED,2025-03-07,VGT,262,147,0
NN_v1,3,PAPER_WEIGHT_NORMALIZED,2025-03-07,VCR,221,111,0
NN_v1,3,PAPER_WEIGHT_NORMALIZED,2025-03-07,VDE,460,238,6
NN_v1,3,PAPER_WEIGHT_NORMALIZED,2025-03-14,VCR,222,112,1
NN_v1,3,PAPER_WEIGHT_NORMALIZED,2025-03-14,VFH,300,158,2
NN_v1,3,PAPER_WEIGHT_NORMALIZED,2025-03-14,VGT,263,148,1
NN_v1,3,PAPER_WEIGHT_NORMALIZED,2025-03-21,VCR,223,112,0
NN_v1,3,PAPER_WEIGHT_NORMALIZED,2025-03-21,VGT,264,148,0
NN_v1,3,PAPER_WEIGHT_NORMALIZED,2025-03-21,VOX,237,130,0
NN_v1,3,PAPER_WEIGHT_NORMALIZED,2025-03-28,VCR,224,112,0
NN_v1,3,PAPER_WEIGHT_NORMALIZED,2025-03-28,VGT,265,148,0
NN_v1,3,PAPER_WEIGHT_NORMALIZED,2025-03-28,VOX,238,130,0
NN_v1,3,PAPER_WEIGHT_NORMALIZED,2025-04-04,VCR,225,113,1
NN_v1,3,PAPER_WEIGHT_NORMALIZED,2025-04-04,VGT,266,149,1
NN_v1,3,PAPER_WEIGHT_NORMALIZED,2025-04-04,VFH,301,159,3
NN_v1,3,PAPER_WEIGHT_NORMALIZED,2025-04-11,VDE,461,239,7
NN_v1,3,PAPER_WEIGHT_NORMALIZED,2025-04-11,VCR,226,113,0
NN_v1,3,PAPER_WEIGHT_NORMALIZED,2025-04-11,VFH,302,159,0
NN_v1,3,PAPER_WEIGHT_NORMALIZED,2025-04-18,VCR,227,114,1
NN_v1,3,PAPER_WEIGHT_NORMALIZED,2025-04-18,VGT,267,150,2
NN_v1,3,PAPER_WEIGHT_NORMALIZED,2025-04-18,VOX,239,131,1
NN_v1,3,PAPER_WEIGHT_NORMALIZED,2025-04-25,VDE,462,239,0
NN_v1,3,PAPER_WEIGHT_NORMALIZED,2025-04-25,VHT,169,107,3
NN_v1,3,PAPER_WEIGHT_NORMALIZED,2025-04-25,VOX,240,132,2
NN_v1,3,PAPER_WEIGHT_NORMALIZED,2025-05-02,VDE,463,240,1
NN_v1,3,PAPER_WEIGHT_NORMALIZED,2025-05-02,VHT,170,107,0
NN_v1,3,PAPER_WEIGHT_NORMALIZED,2025-05-02,VCR,228,115,2
NN_v1,3,PAPER_WEIGHT_NORMALIZED,2025-05-09,VHT,171,108,1
NN_v1,3,PAPER_WEIGHT_NORMALIZED,2025-05-09,VDE,464,241,2
NN_v1,3,PAPER_WEIGHT_NORMALIZED,2025-05-09,VOX,241,133,3
NN_v1,3,PAPER_WEIGHT_NORMALIZED,2025-05-16,VHT,172,108,0
NN_v1,3,PAPER_WEIGHT_NORMALIZED,2025-05-16,VDE,465,241,0
NN_v1,3,PAPER_WEIGHT_NORMALIZED,2025-05-16,VNQ,309,157,0
NN_v1,3,PAPER_WEIGHT_NORMALIZED,2025-05-23,VDE,466,241,0
NN_v1,3,PAPER_WEIGHT_NORMALIZED,2025-05-23,VHT,173,109,1
NN_v1,3,PAPER_WEIGHT_NORMALIZED,2025-05-23,VFH,303,160,1
NN_v1,3,PAPER_WEIGHT_NORMALIZED,2025-05-30,VHT,174,110,2
NN_v1,3,PAPER_WEIGHT_NORMALIZED,2025-05-30,VDE,467,242,1
NN_v1,3,PAPER_WEIGHT_NORMALIZED,2025-05-30,VNQ,310,158,1
NN_v1,3,PAPER_WEIGHT_NORMALIZED,2025-06-06,VDE,468,243,2
NN_v1,3,PAPER_WEIGHT_NORMALIZED,2025-06-06,VHT,175,111,3
NN_v1,3,PAPER_WEIGHT_NORMALIZED,2025-06-06,VNQ,311,158,0
NN_v1,3,PAPER_WEIGHT_NORMALIZED,2025-06-13,VNQ,312,158,0
NN_v1,3,PAPER_WEIGHT_NORMALIZED,2025-06-13,VHT,176,111,0
NN_v1,3,PAPER_WEIGHT_NORMALIZED,2025-06-13,VFH,304,161,2
NN_v1,3,PAPER_WEIGHT_NORMALIZED,2025-06-20,VHT,177,112,1
NN_v1,3,PAPER_WEIGHT_NORMALIZED,2025-06-20,VFH,305,162,3
NN_v1,3,PAPER_WEIGHT_NORMALIZED,2025-06-20,VAW,282,151,1
NN_v1,3,PAPER_WEIGHT_NORMALIZED,2025-06-27,VHT,178,113,2
NN_v1,3,PAPER_WEIGHT_NORMALIZED,2025-06-27,VNQ,313,159,1
NN_v1,3,PAPER_WEIGHT_NORMALIZED,2025-06-27,VDC,68,43,4
NN_v1,3,PAPER_WEIGHT_NORMALIZED,2025-07-04,VDE,469,244,3
NN_v1,3,PAPER_WEIGHT_NORMALIZED,2025-07-04,VHT,179,113,0
NN_v1,3,PAPER_WEIGHT_NORMALIZED,2025-07-04,VDC,69,43,0
NN_v1,3,PAPER_WEIGHT_NORMALIZED,2025-07-11,VHT,180,113,0
NN_v1,3,PAPER_WEIGHT_NORMALIZED,2025-07-11,VDC,70,44,1
NN_v1,3,PAPER_WEIGHT_NORMALIZED,2025-07-11,VNQ,314,160,2
NN_v1,3,PAPER_WEIGHT_NORMALIZED,2025-07-18,VHT,181,114,1
NN_v1,3,PAPER_WEIGHT_NORMALIZED,2025-07-18,VDE,470,245,4
NN_v1,3,PAPER_WEIGHT_NORMALIZED,2025-07-18,VNQ,315,161,3
NN_v1,3,PAPER_WEIGHT_NORMALIZED,2025-07-25,VDE,471,245,0
NN_v1,3,PAPER_WEIGHT_NORMALIZED,2025-07-25,VHT,182,114,0
NN_v1,3,PAPER_WEIGHT_NORMALIZED,2025-07-25,VDC,71,44,0
NN_v1,3,PAPER_WEIGHT_NORMALIZED,2025-08-01,VDE,472,245,0
NN_v1,3,PAPER_WEIGHT_NORMALIZED,2025-08-01,VNQ,316,161,0
NN_v1,3,PAPER_WEIGHT_NORMALIZED,2025-08-01,VIS,186,98,1
NN_v1,3,PAPER_WEIGHT_NORMALIZED,2025-08-08,VDE,473,246,1
NN_v1,3,PAPER_WEIGHT_NORMALIZED,2025-08-08,VNQ,317,162,1
NN_v1,3,PAPER_WEIGHT_NORMALIZED,2025-08-08,VHT,183,115,1
NN_v1,3,PAPER_WEIGHT_NORMALIZED,2025-08-15,VDE,474,247,2
NN_v1,3,PAPER_WEIGHT_NORMALIZED,2025-08-15,VDC,72,45,1
NN_v1,3,PAPER_WEIGHT_NORMALIZED,2025-08-15,VNQ,318,163,2
NN_v1,3,PAPER_WEIGHT_NORMALIZED,2025-08-22,VPU,205,113,0
NN_v1,3,PAPER_WEIGHT_NORMALIZED,2025-08-22,VDC,73,45,0
NN_v1,3,PAPER_WEIGHT_NORMALIZED,2025-08-22,VGT,268,151,3
NN_v1,3,PAPER_WEIGHT_NORMALIZED,2025-08-29,VDC,74,46,1
NN_v1,3,PAPER_WEIGHT_NORMALIZED,2025-08-29,VPU,206,113,0
NN_v1,3,PAPER_WEIGHT_NORMALIZED,2025-08-29,VHT,184,116,2
NN_v1,3,PAPER_WEIGHT_NORMALIZED,2025-09-05,VDE,475,248,3
NN_v1,3,PAPER_WEIGHT_NORMALIZED,2025-09-05,VDC,75,46,0
NN_v1,3,PAPER_WEIGHT_NORMALIZED,2025-09-05,VPU,207,114,1
NN_v1,3,PAPER_WEIGHT_NORMALIZED,2025-09-12,VDE,476,248,0
NN_v1,3,PAPER_WEIGHT_NORMALIZED,2025-09-12,VDC,76,46,0
NN_v1,3,PAPER_WEIGHT_NORMALIZED,2025-09-12,VNQ,319,163,0
NN_v1,3,PAPER_WEIGHT_NORMALIZED,2025-09-19,VDC,77,46,0
NN_v1,3,PAPER_WEIGHT_NORMALIZED,2025-09-19,VNQ,320,163,0
NN_v1,3,PAPER_WEIGHT_NORMALIZED,2025-09-19,VHT,185,116,0
NN_v1,3,PAPER_WEIGHT_NORMALIZED,2025-09-26,VAW,283,152,2
NN_v1,3,PAPER_WEIGHT_NORMALIZED,2025-09-26,VDC,78,46,0
NN_v1,3,PAPER_WEIGHT_NORMALIZED,2025-09-26,VHT,186,117,1
NN_v1,3,PAPER_WEIGHT_NORMALIZED,2025-10-03,VDC,79,47,1
NN_v1,3,PAPER_WEIGHT_NORMALIZED,2025-10-03,VAW,284,152,0
NN_v1,3,PAPER_WEIGHT_NORMALIZED,2025-10-03,VDE,477,248,0
NN_v1,3,PAPER_WEIGHT_NORMALIZED,2025-10-10,VDE,478,248,0
NN_v1,3,PAPER_WEIGHT_NORMALIZED,2025-10-10,VOX,242,134,4
NN_v1,3,PAPER_WEIGHT_NORMALIZED,2025-10-10,VFH,306,162,0
NN_v1,3,PAPER_WEIGHT_NORMALIZED,2025-10-17,VDE,479,249,1
NN_v1,3,PAPER_WEIGHT_NORMALIZED,2025-10-17,VAW,285,152,0
NN_v1,3,PAPER_WEIGHT_NORMALIZED,2025-10-17,VCR,229,116,3
NN_v1,3,PAPER_WEIGHT_NORMALIZED,2025-10-24,VFH,307,162,0
NN_v1,3,PAPER_WEIGHT_NORMALIZED,2025-10-24,VDC,80,47,0
NN_v1,3,PAPER_WEIGHT_NORMALIZED,2025-10-24,VDE,480,249,0
NN_v1,3,PAPER_WEIGHT_NORMALIZED,2025-10-31,VDC,81,48,1
NN_v1,3,PAPER_WEIGHT_NORMALIZED,2025-10-31,VAW,286,152,0
NN_v1,3,PAPER_WEIGHT_NORMALIZED,2025-10-31,VNQ,321,164,1
NN_v1,3,PAPER_WEIGHT_NORMALIZED,2025-11-07,VDC,82,49,2
NN_v1,3,PAPER_WEIGHT_NORMALIZED,2025-11-07,VCR,230,116,0
NN_v1,3,PAPER_WEIGHT_NORMALIZED,2025-11-07,VNQ,322,164,0
NN_v1,3,PAPER_WEIGHT_NORMALIZED,2025-11-14,VCR,231,116,0
NN_v1,3,PAPER_WEIGHT_NORMALIZED,2025-11-14,VAW,287,152,0
NN_v1,3,PAPER_WEIGHT_NORMALIZED,2025-11-14,VGT,269,151,0
NN_v1,3,PAPER_WEIGHT_NORMALIZED,2025-11-21,VNQ,323,165,1
NN_v1,3,PAPER_WEIGHT_NORMALIZED,2025-11-21,VDE,481,250,1
NN_v1,3,PAPER_WEIGHT_NORMALIZED,2025-11-21,VGT,270,152,1
NN_v1,3,PAPER_WEIGHT_NORMALIZED,2025-11-28,VGT,271,153,2
NN_v1,3,PAPER_WEIGHT_NORMALIZED,2025-11-28,VDE,482,251,2
NN_v1,3,PAPER_WEIGHT_NORMALIZED,2025-11-28,VNQ,324,165,0
NN_v1,3,PAPER_WEIGHT_NORMALIZED,2025-12-05,VPU,208,114,0
NN_v1,3,PAPER_WEIGHT_NORMALIZED,2025-12-05,VNQ,325,165,0
NN_v1,3,PAPER_WEIGHT_NORMALIZED,2025-12-05,VAW,288,153,1
NN_v1,3,PAPER_WEIGHT_NORMALIZED,2025-12-12,VOX,243,134,0
NN_v1,3,PAPER_WEIGHT_NORMALIZED,2025-12-12,VNQ,326,165,0
NN_v1,3,PAPER_WEIGHT_NORMALIZED,2025-12-12,VGT,272,153,0
NN_v1,3,PAPER_WEIGHT_NORMALIZED,2025-12-19,VDE,483,251,0
NN_v1,3,PAPER_WEIGHT_NORMALIZED,2025-12-19,VPU,209,115,1
NN_v1,3,PAPER_WEIGHT_NORMALIZED,2025-12-19,VNQ,327,166,1
NN_v1,3,PAPER_WEIGHT_NORMALIZED,2025-12-26,VDE,484,252,1
NN_v1,3,PAPER_WEIGHT_NORMALIZED,2025-12-26,VPU,210,116,2
NN_v1,3,PAPER_WEIGHT_NORMALIZED,2025-12-26,VNQ,328,166,0
NN_v1,3,PAPER_WEIGHT_NORMALIZED,2026-01-02,VCR,232,117,1
NN_v1,3,PAPER_WEIGHT_NORMALIZED,2026-01-02,VGT,273,153,0
NN_v1,3,PAPER_WEIGHT_NORMALIZED,2026-01-02,VFH,308,163,1
NN_v1,3,PAPER_WEIGHT_NORMALIZED,2026-01-09,VGT,274,154,1
NN_v1,3,PAPER_WEIGHT_NORMALIZED,2026-01-09,VPU,211,117,3
NN_v1,3,PAPER_WEIGHT_NORMALIZED,2026-01-09,VCR,233,117,0
NN_v1,3,PAPER_WEIGHT_NORMALIZED,2026-01-16,VGT,275,155,2
NN_v1,3,PAPER_WEIGHT_NORMALIZED,2026-01-16,VCR,234,118,1
NN_v1,3,PAPER_WEIGHT_NORMALIZED,2026-01-16,VOX,244,135,1
NN_v1,3,PAPER_WEIGHT_NORMALIZED,2026-01-23,VCR,235,118,0
NN_v1,3,PAPER_WEIGHT_NORMALIZED,2026-01-23,VGT,276,155,0
NN_v1,3,PAPER_WEIGHT_NORMALIZED,2026-01-23,VFH,309,164,2
NN_v1,3,PAPER_WEIGHT_NORMALIZED,2026-01-30,VCR,236,118,0
NN_v1,3,PAPER_WEIGHT_NORMALIZED,2026-01-30,VNQ,329,167,1
NN_v1,3,PAPER_WEIGHT_NORMALIZED,2026-01-30,VPU,212,118,4
NN_v1,3,PAPER_WEIGHT_NORMALIZED,2026-02-06,VOX,245,135,0
NN_v1,3,PAPER_WEIGHT_NORMALIZED,2026-02-06,VPU,213,119,5
NN_v1,3,PAPER_WEIGHT_NORMALIZED,2026-02-06,VGT,277,155,0
NN_v1,3,PAPER_WEIGHT_NORMALIZED,2026-02-13,VOX,246,136,1
NN_v1,3,PAPER_WEIGHT_NORMALIZED,2026-02-13,VFH,310,165,3
NN_v1,3,PAPER_WEIGHT_NORMALIZED,2026-02-13,VCR,237,119,1
NN_v1,3,PAPER_WEIGHT_NORMALIZED,2026-02-20,VFH,311,165,0
NN_v1,3,PAPER_WEIGHT_NORMALIZED,2026-02-20,VOX,247,137,2
NN_v1,3,PAPER_WEIGHT_NORMALIZED,2026-02-20,VCR,238,119,0
NN_v1,3,PAPER_WEIGHT_NORMALIZED,2026-02-27,VFH,312,165,0
NN_v1,3,PAPER_WEIGHT_NORMALIZED,2026-02-27,VCR,239,120,1
NN_v1,3,PAPER_WEIGHT_NORMALIZED,2026-02-27,VGT,278,156,1
NN_v1,3,PAPER_WEIGHT_NORMALIZED,2026-03-06,VAW,289,153,0
NN_v1,3,PAPER_WEIGHT_NORMALIZED,2026-03-06,VHT,187,117,0
NN_v1,3,PAPER_WEIGHT_NORMALIZED,2026-03-06,VCR,240,120,0
NN_v1,3,PAPER_WEIGHT_NORMALIZED,2026-03-13,VHT,188,117,0
NN_v1,3,PAPER_WEIGHT_NORMALIZED,2026-03-13,VAW,290,153,0
NN_v1,3,PAPER_WEIGHT_NORMALIZED,2026-03-13,VCR,241,120,0
NN_v1,3,PAPER_WEIGHT_NORMALIZED,2026-03-20,VAW,291,154,1
NN_v1,3,PAPER_WEIGHT_NORMALIZED,2026-03-20,VCR,242,120,0
NN_v1,3,PAPER_WEIGHT_NORMALIZED,2026-03-20,VHT,189,117,0
NN_v1,3,PAPER_WEIGHT_NORMALIZED,2026-03-27,VOX,248,138,3
NN_v1,3,PAPER_WEIGHT_NORMALIZED,2026-03-27,VGT,279,157,2
NN_v1,3,PAPER_WEIGHT_NORMALIZED,2026-03-27,VCR,243,121,1
NN_v1,3,PAPER_WEIGHT_NORMALIZED,2026-04-03,VDC,83,50,3
NN_v1,3,PAPER_WEIGHT_NORMALIZED,2026-04-03,VGT,280,158,3
NN_v1,3,PAPER_WEIGHT_NORMALIZED,2026-04-03,VCR,244,122,2
NN_v1,3,PAPER_WEIGHT_NORMALIZED,2026-04-10,VDE,485,252,0
NN_v1,3,PAPER_WEIGHT_NORMALIZED,2026-04-10,VDC,84,51,4
NN_v1,3,PAPER_WEIGHT_NORMALIZED,2026-04-10,VHT,190,118,1
NN_v1,3,PAPER_WEIGHT_NORMALIZED,2026-04-17,VDE,486,253,1
NN_v1,3,PAPER_WEIGHT_NORMALIZED,2026-04-17,VAW,292,155,2
NN_v1,3,PAPER_WEIGHT_NORMALIZED,2026-04-17,VDC,85,52,5
NN_v1,3,PAPER_WEIGHT_NORMALIZED,2026-04-24,VHT,191,119,2
NN_v1,3,PAPER_WEIGHT_NORMALIZED,2026-04-24,VOX,249,139,4
NN_v1,3,PAPER_WEIGHT_NORMALIZED,2026-04-24,VFH,313,166,1
NN_v1,3,PAPER_WEIGHT_NORMALIZED,2026-05-01,VCR,245,123,3
NN_v1,3,PAPER_WEIGHT_NORMALIZED,2026-05-01,VFH,314,166,0
NN_v1,3,PAPER_WEIGHT_NORMALIZED,2026-05-01,VOX,250,140,5
NN_v1,3,PAPER_WEIGHT_NORMALIZED,2026-05-08,VDE,487,254,2
NN_v1,3,PAPER_WEIGHT_NORMALIZED,2026-05-08,VHT,192,120,3
NN_v1,3,PAPER_WEIGHT_NORMALIZED,2026-05-08,VPU,214,119,0
NN_v1,3,PAPER_WEIGHT_NORMALIZED,2026-05-15,VAW,293,156,3
NN_v1,3,PAPER_WEIGHT_NORMALIZED,2026-05-15,VCR,246,124,4
NN_v1,3,PAPER_WEIGHT_NORMALIZED,2026-05-15,VHT,193,121,4
NN_v1,3,PAPER_WEIGHT_NORMALIZED,2026-05-22,VAW,294,157,4
NN_v1,3,PAPER_WEIGHT_NORMALIZED,2026-05-22,VDE,488,254,0
NN_v1,3,PAPER_WEIGHT_NORMALIZED,2026-05-22,VPU,215,119,0
NN_v1,3,PAPER_WEIGHT_NORMALIZED,2026-05-29,VDE,489,255,1
NN_v1,3,PAPER_WEIGHT_NORMALIZED,2026-05-29,VPU,216,120,1
NN_v1,3,PAPER_WEIGHT_NORMALIZED,2026-05-29,VDC,86,53,6
NN_v1,3,PAPER_WEIGHT_NORMALIZED,2026-06-05,VDE,490,255,0
NN_v1,3,PAPER_WEIGHT_NORMALIZED,2026-06-05,VCR,247,125,5
NN_v1,3,PAPER_WEIGHT_NORMALIZED,2026-06-05,VOX,251,140,0
NN_v1,3,PAPER_WEIGHT_NORMALIZED,2026-06-12,VOX,252,140,0
NN_v1,3,PAPER_WEIGHT_NORMALIZED,2026-06-12,VCR,248,125,0
NN_v1,3,PAPER_WEIGHT_NORMALIZED,2026-06-12,VDE,491,255,0
NN_v1,3,PAPER_WEIGHT_NORMALIZED,2026-06-19,VDE,492,255,0
NN_v1,3,PAPER_WEIGHT_NORMALIZED,2026-06-19,VOX,253,140,0
NN_v1,3,PAPER_WEIGHT_NORMALIZED,2026-06-19,VCR,249,125,0
NN_v1,3,PAPER_WEIGHT_NORMALIZED,2026-06-26,VDE,493,255,0
NN_v1,3,PAPER_WEIGHT_NORMALIZED,2026-06-26,VOX,254,141,1
NN_v1,3,PAPER_WEIGHT_NORMALIZED,2026-06-26,VGT,281,158,0
NN_v1,3,PAPER_WEIGHT_NORMALIZED,2026-07-03,VDE,494,256,1
NN_v1,3,PAPER_WEIGHT_NORMALIZED,2026-07-03,VGT,282,159,1
NN_v1,3,PAPER_WEIGHT_NORMALIZED,2026-07-03,VOX,255,142,2
NN_v1,3,PAPER_WEIGHT_NORMALIZED,2026-07-10,VDE,495,257,2
NN_v1,3,PAPER_WEIGHT_NORMALIZED,2026-07-10,VPU,217,120,0
NN_v1,3,PAPER_WEIGHT_NORMALIZED,2026-07-10,VAW,295,157,0
NN_v1,3,PAPER_WEIGHT_NORMALIZED,2026-07-17,VGT,283,159,0
NN_v1,3,PAPER_WEIGHT_NORMALIZED,2026-07-17,VHT,194,122,5
NN_v1,3,PAPER_WEIGHT_NORMALIZED,2026-07-17,VPU,218,121,1
NN_v1,3,PAPER_WEIGHT_NORMALIZED,2026-07-31,VGT,284,160,1
NN_v1,3,PAPER_WEIGHT_NORMALIZED,2026-07-31,VOX,256,143,3
NN_v1,3,PAPER_WEIGHT_NORMALIZED,2026-07-31,VPU,219,121,0
NN_v2,2,EQUAL_WEIGHT,2008-01-04,VNQ,1,1,1
NN_v2,2,EQUAL_WEIGHT,2008-01-04,VFH,1,0,0
NN_v2,2,EQUAL_WEIGHT,2008-01-11,VFH,2,0,0
NN_v2,2,EQUAL_WEIGHT,2008-01-11,VNQ,2,1,0
NN_v2,2,EQUAL_WEIGHT,2008-01-18,VFH,3,1,1
NN_v2,2,EQUAL_WEIGHT,2008-01-18,VNQ,3,2,1
NN_v2,2,EQUAL_WEIGHT,2008-01-25,VHT,1,1,1
NN_v2,2,EQUAL_WEIGHT,2008-01-25,VOX,1,1,1
NN_v2,2,EQUAL_WEIGHT,2008-02-01,VGT,1,0,0
NN_v2,2,EQUAL_WEIGHT,2008-02-01,VHT,2,1,0
NN_v2,2,EQUAL_WEIGHT,2008-02-08,VFH,4,1,0
NN_v2,2,EQUAL_WEIGHT,2008-02-08,VNQ,4,3,2
NN_v2,2,EQUAL_WEIGHT,2008-02-15,VFH,5,1,0
NN_v2,2,EQUAL_WEIGHT,2008-02-15,VNQ,5,3,0
NN_v2,2,EQUAL_WEIGHT,2008-02-22,VOX,2,1,0
NN_v2,2,EQUAL_WEIGHT,2008-02-22,VFH,6,1,0
NN_v2,2,EQUAL_WEIGHT,2008-02-29,VFH,7,1,0
NN_v2,2,EQUAL_WEIGHT,2008-02-29,VOX,3,1,0
NN_v2,2,EQUAL_WEIGHT,2008-03-07,VFH,8,1,0
NN_v2,2,EQUAL_WEIGHT,2008-03-07,VNQ,6,4,1
NN_v2,2,EQUAL_WEIGHT,2008-03-14,VFH,9,2,1
NN_v2,2,EQUAL_WEIGHT,2008-03-14,VOX,4,2,1
NN_v2,2,EQUAL_WEIGHT,2008-03-21,VDE,1,1,1
NN_v2,2,EQUAL_WEIGHT,2008-03-21,VAW,1,1,1
NN_v2,2,EQUAL_WEIGHT,2008-03-28,VFH,10,3,2
NN_v2,2,EQUAL_WEIGHT,2008-03-28,VCR,1,1,1
NN_v2,2,EQUAL_WEIGHT,2008-04-04,VFH,11,3,0
NN_v2,2,EQUAL_WEIGHT,2008-04-04,VOX,5,2,0
NN_v2,2,EQUAL_WEIGHT,2008-04-11,VFH,12,4,1
NN_v2,2,EQUAL_WEIGHT,2008-04-11,VOX,6,3,1
NN_v2,2,EQUAL_WEIGHT,2008-04-18,VOX,7,4,2
NN_v2,2,EQUAL_WEIGHT,2008-04-18,VFH,13,5,2
NN_v2,2,EQUAL_WEIGHT,2008-04-25,VFH,14,6,3
NN_v2,2,EQUAL_WEIGHT,2008-04-25,VCR,2,2,2
NN_v2,2,EQUAL_WEIGHT,2008-05-02,VFH,15,6,0
NN_v2,2,EQUAL_WEIGHT,2008-05-02,VAW,2,2,2
NN_v2,2,EQUAL_WEIGHT,2008-05-09,VFH,16,7,1
NN_v2,2,EQUAL_WEIGHT,2008-05-09,VOX,8,5,3
NN_v2,2,EQUAL_WEIGHT,2008-05-16,VFH,17,7,0
NN_v2,2,EQUAL_WEIGHT,2008-05-16,VOX,9,5,0
NN_v2,2,EQUAL_WEIGHT,2008-05-23,VFH,18,8,1
NN_v2,2,EQUAL_WEIGHT,2008-05-23,VOX,10,6,1
NN_v2,2,EQUAL_WEIGHT,2008-05-30,VFH,19,8,0
NN_v2,2,EQUAL_WEIGHT,2008-05-30,VCR,3,2,0
NN_v2,2,EQUAL_WEIGHT,2008-06-06,VFH,20,8,0
NN_v2,2,EQUAL_WEIGHT,2008-06-06,VNQ,7,4,0
NN_v2,2,EQUAL_WEIGHT,2008-06-13,VFH,21,8,0
NN_v2,2,EQUAL_WEIGHT,2008-06-13,VOX,11,6,0
NN_v2,2,EQUAL_WEIGHT,2008-06-20,VFH,22,8,0
NN_v2,2,EQUAL_WEIGHT,2008-06-20,VOX,12,6,0
NN_v2,2,EQUAL_WEIGHT,2008-06-27,VFH,23,8,0
NN_v2,2,EQUAL_WEIGHT,2008-06-27,VOX,13,6,0
NN_v2,2,EQUAL_WEIGHT,2008-07-04,VFH,24,8,0
NN_v2,2,EQUAL_WEIGHT,2008-07-04,VAW,3,3,3
NN_v2,2,EQUAL_WEIGHT,2008-07-11,VFH,25,9,1
NN_v2,2,EQUAL_WEIGHT,2008-07-11,VCR,4,3,1
NN_v2,2,EQUAL_WEIGHT,2008-07-18,VPU,1,0,0
NN_v2,2,EQUAL_WEIGHT,2008-07-18,VOX,14,7,1
NN_v2,2,EQUAL_WEIGHT,2008-07-25,VFH,26,10,2
NN_v2,2,EQUAL_WEIGHT,2008-07-25,VDE,2,2,2
NN_v2,2,EQUAL_WEIGHT,2008-08-01,VCR,5,4,2
NN_v2,2,EQUAL_WEIGHT,2008-08-01,VIS,1,1,1
NN_v2,2,EQUAL_WEIGHT,2008-08-08,VFH,27,10,0
NN_v2,2,EQUAL_WEIGHT,2008-08-08,VAW,4,4,4
NN_v2,2,EQUAL_WEIGHT,2008-08-15,VFH,28,10,0
NN_v2,2,EQUAL_WEIGHT,2008-08-15,VAW,5,5,5
NN_v2,2,EQUAL_WEIGHT,2008-08-22,VFH,29,11,1
NN_v2,2,EQUAL_WEIGHT,2008-08-22,VCR,6,5,3
NN_v2,2,EQUAL_WEIGHT,2008-08-29,VCR,7,5,0
NN_v2,2,EQUAL_WEIGHT,2008-08-29,VFH,30,11,0
NN_v2,2,EQUAL_WEIGHT,2008-09-05,VDE,3,2,0
NN_v2,2,EQUAL_WEIGHT,2008-09-05,VAW,6,6,6
NN_v2,2,EQUAL_WEIGHT,2008-09-12,VDE,4,3,1
NN_v2,2,EQUAL_WEIGHT,2008-09-12,VFH,31,12,1
NN_v2,2,EQUAL_WEIGHT,2008-09-19,VCR,8,5,0
NN_v2,2,EQUAL_WEIGHT,2008-09-19,VIS,2,1,0
NN_v2,2,EQUAL_WEIGHT,2008-09-26,VAW,7,6,0
NN_v2,2,EQUAL_WEIGHT,2008-09-26,VFH,32,12,0
NN_v2,2,EQUAL_WEIGHT,2008-10-03,VAW,8,6,0
NN_v2,2,EQUAL_WEIGHT,2008-10-03,VDE,5,3,0
NN_v2,2,EQUAL_WEIGHT,2008-10-10,VDE,6,4,1
NN_v2,2,EQUAL_WEIGHT,2008-10-10,VFH,33,12,0
NN_v2,2,EQUAL_WEIGHT,2008-10-17,VNQ,8,4,0
NN_v2,2,EQUAL_WEIGHT,2008-10-17,VAW,9,6,0
NN_v2,2,EQUAL_WEIGHT,2008-10-24,VNQ,9,5,1
NN_v2,2,EQUAL_WEIGHT,2008-10-24,VAW,10,7,1
NN_v2,2,EQUAL_WEIGHT,2008-10-31,VAW,11,7,0
NN_v2,2,EQUAL_WEIGHT,2008-10-31,VGT,2,0,0
NN_v2,2,EQUAL_WEIGHT,2008-11-07,VDE,7,4,0
NN_v2,2,EQUAL_WEIGHT,2008-11-07,VFH,34,12,0
NN_v2,2,EQUAL_WEIGHT,2008-11-14,VNQ,10,5,0
NN_v2,2,EQUAL_WEIGHT,2008-11-14,VDE,8,4,0
NN_v2,2,EQUAL_WEIGHT,2008-11-21,VNQ,11,6,1
NN_v2,2,EQUAL_WEIGHT,2008-11-21,VFH,35,13,1
NN_v2,2,EQUAL_WEIGHT,2008-11-28,VDE,9,4,0
NN_v2,2,EQUAL_WEIGHT,2008-11-28,VGT,3,1,1
NN_v2,2,EQUAL_WEIGHT,2008-12-05,VDE,10,5,1
NN_v2,2,EQUAL_WEIGHT,2008-12-05,VAW,12,8,1
NN_v2,2,EQUAL_WEIGHT,2008-12-12,VFH,36,14,2
NN_v2,2,EQUAL_WEIGHT,2008-12-12,VCR,9,6,1
NN_v2,2,EQUAL_WEIGHT,2008-12-19,VFH,37,14,0
NN_v2,2,EQUAL_WEIGHT,2008-12-19,VAW,13,8,0
NN_v2,2,EQUAL_WEIGHT,2008-12-26,VNQ,12,7,2
NN_v2,2,EQUAL_WEIGHT,2008-12-26,VFH,38,15,1
NN_v2,2,EQUAL_WEIGHT,2009-01-02,VNQ,13,7,0
NN_v2,2,EQUAL_WEIGHT,2009-01-02,VAW,14,8,0
NN_v2,2,EQUAL_WEIGHT,2009-01-09,VNQ,14,7,0
NN_v2,2,EQUAL_WEIGHT,2009-01-09,VAW,15,8,0
NN_v2,2,EQUAL_WEIGHT,2009-01-16,VNQ,15,7,0
NN_v2,2,EQUAL_WEIGHT,2009-01-16,VAW,16,8,0
NN_v2,2,EQUAL_WEIGHT,2009-01-23,VNQ,16,7,0
NN_v2,2,EQUAL_WEIGHT,2009-01-23,VFH,39,16,2
NN_v2,2,EQUAL_WEIGHT,2009-01-30,VAW,17,9,1
NN_v2,2,EQUAL_WEIGHT,2009-01-30,VNQ,17,8,1
NN_v2,2,EQUAL_WEIGHT,2009-02-06,VNQ,18,8,0
NN_v2,2,EQUAL_WEIGHT,2009-02-06,VCR,10,6,0
NN_v2,2,EQUAL_WEIGHT,2009-02-13,VNQ,19,8,0
NN_v2,2,EQUAL_WEIGHT,2009-02-13,VIS,3,1,0
NN_v2,2,EQUAL_WEIGHT,2009-02-20,VAW,18,9,0
NN_v2,2,EQUAL_WEIGHT,2009-02-20,VDE,11,5,0
NN_v2,2,EQUAL_WEIGHT,2009-02-27,VDE,12,5,0
NN_v2,2,EQUAL_WEIGHT,2009-02-27,VGT,4,1,0
NN_v2,2,EQUAL_WEIGHT,2009-03-06,VGT,5,2,1
NN_v2,2,EQUAL_WEIGHT,2009-03-06,VAW,19,10,1
NN_v2,2,EQUAL_WEIGHT,2009-03-13,VPU,2,1,1
NN_v2,2,EQUAL_WEIGHT,2009-03-13,VDE,13,6,1
NN_v2,2,EQUAL_WEIGHT,2009-03-20,VNQ,20,8,0
NN_v2,2,EQUAL_WEIGHT,2009-03-20,VIS,4,2,1
NN_v2,2,EQUAL_WEIGHT,2009-03-27,VNQ,21,9,1
NN_v2,2,EQUAL_WEIGHT,2009-03-27,VFH,40,17,3
NN_v2,2,EQUAL_WEIGHT,2009-04-03,VHT,3,2,1
NN_v2,2,EQUAL_WEIGHT,2009-04-03,VPU,3,2,2
NN_v2,2,EQUAL_WEIGHT,2009-04-10,VPU,4,2,0
NN_v2,2,EQUAL_WEIGHT,2009-04-10,VDE,14,7,2
NN_v2,2,EQUAL_WEIGHT,2009-04-17,VDE,15,8,3
NN_v2,2,EQUAL_WEIGHT,2009-04-17,VPU,5,2,0
NN_v2,2,EQUAL_WEIGHT,2009-04-24,VFH,41,18,4
NN_v2,2,EQUAL_WEIGHT,2009-04-24,VPU,6,3,1
NN_v2,2,EQUAL_WEIGHT,2009-05-01,VNQ,22,10,2
NN_v2,2,EQUAL_WEIGHT,2009-05-01,VFH,42,19,5
NN_v2,2,EQUAL_WEIGHT,2009-05-08,VPU,7,3,0
NN_v2,2,EQUAL_WEIGHT,2009-05-08,VHT,4,3,2
NN_v2,2,EQUAL_WEIGHT,2009-05-15,VNQ,23,11,3
NN_v2,2,EQUAL_WEIGHT,2009-05-15,VIS,5,2,0
NN_v2,2,EQUAL_WEIGHT,2009-05-22,VIS,6,3,1
NN_v2,2,EQUAL_WEIGHT,2009-05-22,VOX,15,8,2
NN_v2,2,EQUAL_WEIGHT,2009-05-29,VHT,5,3,0
NN_v2,2,EQUAL_WEIGHT,2009-05-29,VPU,8,4,1
NN_v2,2,EQUAL_WEIGHT,2009-06-05,VHT,6,4,1
NN_v2,2,EQUAL_WEIGHT,2009-06-05,VPU,9,5,2
NN_v2,2,EQUAL_WEIGHT,2009-06-12,VFH,43,19,0
NN_v2,2,EQUAL_WEIGHT,2009-06-12,VHT,7,5,2
NN_v2,2,EQUAL_WEIGHT,2009-06-19,VFH,44,19,0
NN_v2,2,EQUAL_WEIGHT,2009-06-19,VIS,7,4,2
NN_v2,2,EQUAL_WEIGHT,2009-06-26,VFH,45,19,0
NN_v2,2,EQUAL_WEIGHT,2009-06-26,VNQ,24,11,0
NN_v2,2,EQUAL_WEIGHT,2009-07-03,VAW,20,10,0
NN_v2,2,EQUAL_WEIGHT,2009-07-03,VFH,46,19,0
NN_v2,2,EQUAL_WEIGHT,2009-07-10,VPU,10,6,3
NN_v2,2,EQUAL_WEIGHT,2009-07-10,VFH,47,20,1
NN_v2,2,EQUAL_WEIGHT,2009-07-17,VNQ,25,12,1
NN_v2,2,EQUAL_WEIGHT,2009-07-17,VFH,48,21,2
NN_v2,2,EQUAL_WEIGHT,2009-07-24,VFH,49,22,3
NN_v2,2,EQUAL_WEIGHT,2009-07-24,VDE,16,8,0
NN_v2,2,EQUAL_WEIGHT,2009-07-31,VDE,17,8,0
NN_v2,2,EQUAL_WEIGHT,2009-07-31,VPU,11,6,0
NN_v2,2,EQUAL_WEIGHT,2009-08-07,VDE,18,9,1
NN_v2,2,EQUAL_WEIGHT,2009-08-07,VHT,8,6,3
NN_v2,2,EQUAL_WEIGHT,2009-08-14,VDE,19,10,2
NN_v2,2,EQUAL_WEIGHT,2009-08-14,VIS,8,5,3
NN_v2,2,EQUAL_WEIGHT,2009-08-21,VDE,20,10,0
NN_v2,2,EQUAL_WEIGHT,2009-08-21,VIS,9,5,0
NN_v2,2,EQUAL_WEIGHT,2009-08-28,VDE,21,10,0
NN_v2,2,EQUAL_WEIGHT,2009-08-28,VPU,12,6,0
NN_v2,2,EQUAL_WEIGHT,2009-09-04,VDE,22,11,1
NN_v2,2,EQUAL_WEIGHT,2009-09-04,VOX,16,9,3
NN_v2,2,EQUAL_WEIGHT,2009-09-11,VPU,13,7,1
NN_v2,2,EQUAL_WEIGHT,2009-09-11,VHT,9,7,4
NN_v2,2,EQUAL_WEIGHT,2009-09-18,VDC,1,0,0
NN_v2,2,EQUAL_WEIGHT,2009-09-18,VHT,10,7,0
NN_v2,2,EQUAL_WEIGHT,2009-09-25,VDE,23,11,0
NN_v2,2,EQUAL_WEIGHT,2009-09-25,VAW,21,10,0
NN_v2,2,EQUAL_WEIGHT,2009-10-02,VDE,24,12,1
NN_v2,2,EQUAL_WEIGHT,2009-10-02,VAW,22,11,1
NN_v2,2,EQUAL_WEIGHT,2009-10-09,VPU,14,8,2
NN_v2,2,EQUAL_WEIGHT,2009-10-09,VOX,17,10,4
NN_v2,2,EQUAL_WEIGHT,2009-10-16,VNQ,26,12,0
NN_v2,2,EQUAL_WEIGHT,2009-10-16,VOX,18,10,0
NN_v2,2,EQUAL_WEIGHT,2009-10-23,VNQ,27,12,0
NN_v2,2,EQUAL_WEIGHT,2009-10-23,VFH,50,22,0
NN_v2,2,EQUAL_WEIGHT,2009-10-30,VCR,11,7,1
NN_v2,2,EQUAL_WEIGHT,2009-10-30,VOX,19,11,1
NN_v2,2,EQUAL_WEIGHT,2009-11-06,VNQ,28,13,1
NN_v2,2,EQUAL_WEIGHT,2009-11-06,VDE,25,12,0
NN_v2,2,EQUAL_WEIGHT,2009-11-13,VDE,26,12,0
NN_v2,2,EQUAL_WEIGHT,2009-11-13,VFH,51,22,0
NN_v2,2,EQUAL_WEIGHT,2009-11-20,VDE,27,12,0
NN_v2,2,EQUAL_WEIGHT,2009-11-20,VIS,10,5,0
NN_v2,2,EQUAL_WEIGHT,2009-11-27,VDE,28,12,0
NN_v2,2,EQUAL_WEIGHT,2009-11-27,VNQ,29,14,2
NN_v2,2,EQUAL_WEIGHT,2009-12-04,VDE,29,12,0
NN_v2,2,EQUAL_WEIGHT,2009-12-04,VAW,23,12,2
NN_v2,2,EQUAL_WEIGHT,2009-12-11,VAW,24,12,0
NN_v2,2,EQUAL_WEIGHT,2009-12-11,VDE,30,13,1
NN_v2,2,EQUAL_WEIGHT,2009-12-18,VFH,52,23,1
NN_v2,2,EQUAL_WEIGHT,2009-12-18,VDE,31,14,2
NN_v2,2,EQUAL_WEIGHT,2009-12-25,VFH,53,23,0
NN_v2,2,EQUAL_WEIGHT,2009-12-25,VDE,32,14,0
NN_v2,2,EQUAL_WEIGHT,2010-01-01,VDE,33,15,1
NN_v2,2,EQUAL_WEIGHT,2010-01-01,VIS,11,6,1
NN_v2,2,EQUAL_WEIGHT,2010-01-08,VCR,12,7,0
NN_v2,2,EQUAL_WEIGHT,2010-01-08,VFH,54,23,0
NN_v2,2,EQUAL_WEIGHT,2010-01-15,VOX,20,11,0
NN_v2,2,EQUAL_WEIGHT,2010-01-15,VFH,55,23,0
NN_v2,2,EQUAL_WEIGHT,2010-01-22,VNQ,30,14,0
NN_v2,2,EQUAL_WEIGHT,2010-01-22,VAW,25,12,0
NN_v2,2,EQUAL_WEIGHT,2010-01-29,VNQ,31,14,0
NN_v2,2,EQUAL_WEIGHT,2010-01-29,VPU,15,8,0
NN_v2,2,EQUAL_WEIGHT,2010-02-05,VOX,21,12,1
NN_v2,2,EQUAL_WEIGHT,2010-02-05,VPU,16,8,0
NN_v2,2,EQUAL_WEIGHT,2010-02-12,VNQ,32,15,1
NN_v2,2,EQUAL_WEIGHT,2010-02-12,VOX,22,13,2
NN_v2,2,EQUAL_WEIGHT,2010-02-19,VPU,17,8,0
NN_v2,2,EQUAL_WEIGHT,2010-02-19,VGT,6,2,0
NN_v2,2,EQUAL_WEIGHT,2010-02-26,VAW,26,13,1
NN_v2,2,EQUAL_WEIGHT,2010-02-26,VGT,7,3,1
NN_v2,2,EQUAL_WEIGHT,2010-03-05,VDE,34,16,2
NN_v2,2,EQUAL_WEIGHT,2010-03-05,VOX,23,14,3
NN_v2,2,EQUAL_WEIGHT,2010-03-12,VDE,35,16,0
NN_v2,2,EQUAL_WEIGHT,2010-03-12,VPU,18,9,1
NN_v2,2,EQUAL_WEIGHT,2010-03-19,VAW,27,14,2
NN_v2,2,EQUAL_WEIGHT,2010-03-19,VGT,8,4,2
NN_v2,2,EQUAL_WEIGHT,2010-03-26,VDE,36,17,1
NN_v2,2,EQUAL_WEIGHT,2010-03-26,VOX,24,15,4
NN_v2,2,EQUAL_WEIGHT,2010-04-02,VGT,9,5,3
NN_v2,2,EQUAL_WEIGHT,2010-04-02,VHT,11,7,0
NN_v2,2,EQUAL_WEIGHT,2010-04-09,VOX,25,15,0
NN_v2,2,EQUAL_WEIGHT,2010-04-09,VPU,19,9,0
NN_v2,2,EQUAL_WEIGHT,2010-04-16,VAW,28,15,3
NN_v2,2,EQUAL_WEIGHT,2010-04-16,VDE,37,18,2
NN_v2,2,EQUAL_WEIGHT,2010-04-23,VPU,20,9,0
NN_v2,2,EQUAL_WEIGHT,2010-04-23,VOX,26,15,0
NN_v2,2,EQUAL_WEIGHT,2010-04-30,VAW,29,15,0
NN_v2,2,EQUAL_WEIGHT,2010-04-30,VDE,38,18,0
NN_v2,2,EQUAL_WEIGHT,2010-05-07,VFH,56,23,0
NN_v2,2,EQUAL_WEIGHT,2010-05-07,VCR,13,7,0
NN_v2,2,EQUAL_WEIGHT,2010-05-14,VFH,57,23,0
NN_v2,2,EQUAL_WEIGHT,2010-05-14,VGT,10,5,0
NN_v2,2,EQUAL_WEIGHT,2010-05-21,VNQ,33,16,2
NN_v2,2,EQUAL_WEIGHT,2010-05-21,VCR,14,8,1
NN_v2,2,EQUAL_WEIGHT,2010-05-28,VIS,12,6,0
NN_v2,2,EQUAL_WEIGHT,2010-05-28,VFH,58,23,0
NN_v2,2,EQUAL_WEIGHT,2010-06-04,VNQ,34,17,3
NN_v2,2,EQUAL_WEIGHT,2010-06-04,VCR,15,9,2
NN_v2,2,EQUAL_WEIGHT,2010-06-11,VDC,2,1,1
NN_v2,2,EQUAL_WEIGHT,2010-06-11,VGT,11,6,1
NN_v2,2,EQUAL_WEIGHT,2010-06-18,VCR,16,9,0
NN_v2,2,EQUAL_WEIGHT,2010-06-18,VHT,12,7,0
NN_v2,2,EQUAL_WEIGHT,2010-06-25,VCR,17,9,0
NN_v2,2,EQUAL_WEIGHT,2010-06-25,VGT,12,6,0
NN_v2,2,EQUAL_WEIGHT,2010-07-02,VNQ,35,18,4
NN_v2,2,EQUAL_WEIGHT,2010-07-02,VCR,18,10,1
NN_v2,2,EQUAL_WEIGHT,2010-07-09,VHT,13,7,0
NN_v2,2,EQUAL_WEIGHT,2010-07-09,VIS,13,6,0
NN_v2,2,EQUAL_WEIGHT,2010-07-16,VHT,14,7,0
NN_v2,2,EQUAL_WEIGHT,2010-07-16,VNQ,36,19,5
NN_v2,2,EQUAL_WEIGHT,2010-07-23,VHT,15,8,1
NN_v2,2,EQUAL_WEIGHT,2010-07-23,VDE,39,19,1
NN_v2,2,EQUAL_WEIGHT,2010-07-30,VGT,13,7,1
NN_v2,2,EQUAL_WEIGHT,2010-07-30,VDE,40,20,2
NN_v2,2,EQUAL_WEIGHT,2010-08-06,VGT,14,7,0
NN_v2,2,EQUAL_WEIGHT,2010-08-06,VCR,19,10,0
NN_v2,2,EQUAL_WEIGHT,2010-08-13,VAW,30,16,1
NN_v2,2,EQUAL_WEIGHT,2010-08-13,VIS,14,7,1
NN_v2,2,EQUAL_WEIGHT,2010-08-20,VIS,15,7,0
NN_v2,2,EQUAL_WEIGHT,2010-08-20,VHT,16,8,0
NN_v2,2,EQUAL_WEIGHT,2010-08-27,VDE,41,21,3
NN_v2,2,EQUAL_WEIGHT,2010-08-27,VIS,16,8,1
NN_v2,2,EQUAL_WEIGHT,2010-09-03,VHT,17,9,1
NN_v2,2,EQUAL_WEIGHT,2010-09-03,VDE,42,22,4
NN_v2,2,EQUAL_WEIGHT,2010-09-10,VFH,59,23,0
NN_v2,2,EQUAL_WEIGHT,2010-09-10,VGT,15,8,1
NN_v2,2,EQUAL_WEIGHT,2010-09-17,VFH,60,23,0
NN_v2,2,EQUAL_WEIGHT,2010-09-17,VIS,17,9,2
NN_v2,2,EQUAL_WEIGHT,2010-09-24,VDE,43,23,5
NN_v2,2,EQUAL_WEIGHT,2010-09-24,VFH,61,23,0
NN_v2,2,EQUAL_WEIGHT,2010-10-01,VIS,18,10,3
NN_v2,2,EQUAL_WEIGHT,2010-10-01,VFH,62,24,1
NN_v2,2,EQUAL_WEIGHT,2010-10-08,VFH,63,24,0
NN_v2,2,EQUAL_WEIGHT,2010-10-08,VPU,21,10,1
NN_v2,2,EQUAL_WEIGHT,2010-10-15,VPU,22,10,0
NN_v2,2,EQUAL_WEIGHT,2010-10-15,VFH,64,25,1
NN_v2,2,EQUAL_WEIGHT,2010-10-22,VPU,23,10,0
NN_v2,2,EQUAL_WEIGHT,2010-10-22,VFH,65,25,0
NN_v2,2,EQUAL_WEIGHT,2010-10-29,VNQ,37,20,6
NN_v2,2,EQUAL_WEIGHT,2010-10-29,VIS,19,11,4
NN_v2,2,EQUAL_WEIGHT,2010-11-05,VDC,3,1,0
NN_v2,2,EQUAL_WEIGHT,2010-11-05,VPU,24,10,0
NN_v2,2,EQUAL_WEIGHT,2010-11-12,VIS,20,12,5
NN_v2,2,EQUAL_WEIGHT,2010-11-12,VNQ,38,20,0
NN_v2,2,EQUAL_WEIGHT,2010-11-19,VFH,66,25,0
NN_v2,2,EQUAL_WEIGHT,2010-11-19,VHT,18,9,0
NN_v2,2,EQUAL_WEIGHT,2010-11-26,VFH,67,26,1
NN_v2,2,EQUAL_WEIGHT,2010-11-26,VNQ,39,21,1
NN_v2,2,EQUAL_WEIGHT,2010-12-03,VOX,27,16,1
NN_v2,2,EQUAL_WEIGHT,2010-12-03,VHT,19,10,1
NN_v2,2,EQUAL_WEIGHT,2010-12-10,VPU,25,11,1
NN_v2,2,EQUAL_WEIGHT,2010-12-10,VNQ,40,21,0
NN_v2,2,EQUAL_WEIGHT,2010-12-17,VNQ,41,22,1
NN_v2,2,EQUAL_WEIGHT,2010-12-17,VFH,68,27,2
NN_v2,2,EQUAL_WEIGHT,2010-12-24,VNQ,42,23,2
NN_v2,2,EQUAL_WEIGHT,2010-12-24,VGT,16,9,2
NN_v2,2,EQUAL_WEIGHT,2010-12-31,VHT,20,11,2
NN_v2,2,EQUAL_WEIGHT,2010-12-31,VGT,17,10,3
NN_v2,2,EQUAL_WEIGHT,2011-01-07,VIS,21,13,6
NN_v2,2,EQUAL_WEIGHT,2011-01-07,VFH,69,28,3
NN_v2,2,EQUAL_WEIGHT,2011-01-14,VNQ,43,23,0
NN_v2,2,EQUAL_WEIGHT,2011-01-14,VFH,70,28,0
NN_v2,2,EQUAL_WEIGHT,2011-01-21,VAW,31,17,2
NN_v2,2,EQUAL_WEIGHT,2011-01-21,VFH,71,28,0
NN_v2,2,EQUAL_WEIGHT,2011-01-28,VFH,72,29,1
NN_v2,2,EQUAL_WEIGHT,2011-01-28,VGT,18,11,4
NN_v2,2,EQUAL_WEIGHT,2011-02-04,VFH,73,30,2
NN_v2,2,EQUAL_WEIGHT,2011-02-04,VNQ,44,24,1
NN_v2,2,EQUAL_WEIGHT,2011-02-11,VNQ,45,25,2
NN_v2,2,EQUAL_WEIGHT,2011-02-11,VFH,74,31,3
NN_v2,2,EQUAL_WEIGHT,2011-02-18,VAW,32,17,0
NN_v2,2,EQUAL_WEIGHT,2011-02-18,VNQ,46,26,3
NN_v2,2,EQUAL_WEIGHT,2011-02-25,VAW,33,17,0
NN_v2,2,EQUAL_WEIGHT,2011-02-25,VNQ,47,26,0
NN_v2,2,EQUAL_WEIGHT,2011-03-04,VAW,34,17,0
NN_v2,2,EQUAL_WEIGHT,2011-03-04,VIS,22,13,0
NN_v2,2,EQUAL_WEIGHT,2011-03-11,VAW,35,18,1
NN_v2,2,EQUAL_WEIGHT,2011-03-11,VDE,44,24,6
NN_v2,2,EQUAL_WEIGHT,2011-03-18,VFH,75,31,0
NN_v2,2,EQUAL_WEIGHT,2011-03-18,VCR,20,11,1
NN_v2,2,EQUAL_WEIGHT,2011-03-25,VAW,36,19,2
NN_v2,2,EQUAL_WEIGHT,2011-03-25,VHT,21,12,3
NN_v2,2,EQUAL_WEIGHT,2011-04-01,VIS,23,13,0
NN_v2,2,EQUAL_WEIGHT,2011-04-01,VAW,37,19,0
NN_v2,2,EQUAL_WEIGHT,2011-04-08,VAW,38,19,0
NN_v2,2,EQUAL_WEIGHT,2011-04-08,VHT,22,13,4
NN_v2,2,EQUAL_WEIGHT,2011-04-15,VDE,45,25,7
NN_v2,2,EQUAL_WEIGHT,2011-04-15,VAW,39,20,1
NN_v2,2,EQUAL_WEIGHT,2011-04-22,VAW,40,21,2
NN_v2,2,EQUAL_WEIGHT,2011-04-22,VNQ,48,27,1
NN_v2,2,EQUAL_WEIGHT,2011-04-29,VNQ,49,27,0
NN_v2,2,EQUAL_WEIGHT,2011-04-29,VDE,46,25,0
NN_v2,2,EQUAL_WEIGHT,2011-05-06,VDE,47,25,0
NN_v2,2,EQUAL_WEIGHT,2011-05-06,VAW,41,21,0
NN_v2,2,EQUAL_WEIGHT,2011-05-13,VDE,48,26,1
NN_v2,2,EQUAL_WEIGHT,2011-05-13,VAW,42,22,1
NN_v2,2,EQUAL_WEIGHT,2011-05-20,VDE,49,27,2
NN_v2,2,EQUAL_WEIGHT,2011-05-20,VAW,43,23,2
NN_v2,2,EQUAL_WEIGHT,2011-05-27,VGT,19,11,0
NN_v2,2,EQUAL_WEIGHT,2011-05-27,VDE,50,27,0
NN_v2,2,EQUAL_WEIGHT,2011-06-03,VDE,51,27,0
NN_v2,2,EQUAL_WEIGHT,2011-06-03,VHT,23,13,0
NN_v2,2,EQUAL_WEIGHT,2011-06-10,VPU,26,12,2
NN_v2,2,EQUAL_WEIGHT,2011-06-10,VHT,24,14,1
NN_v2,2,EQUAL_WEIGHT,2011-06-17,VDE,52,27,0
NN_v2,2,EQUAL_WEIGHT,2011-06-17,VAW,44,24,3
NN_v2,2,EQUAL_WEIGHT,2011-06-24,VDE,53,28,1
NN_v2,2,EQUAL_WEIGHT,2011-06-24,VIS,24,14,1
NN_v2,2,EQUAL_WEIGHT,2011-07-01,VDE,54,29,2
NN_v2,2,EQUAL_WEIGHT,2011-07-01,VAW,45,25,4
NN_v2,2,EQUAL_WEIGHT,2011-07-08,VDE,55,30,3
NN_v2,2,EQUAL_WEIGHT,2011-07-08,VAW,46,25,0
NN_v2,2,EQUAL_WEIGHT,2011-07-15,VAW,47,26,1
NN_v2,2,EQUAL_WEIGHT,2011-07-15,VNQ,50,28,1
NN_v2,2,EQUAL_WEIGHT,2011-07-22,VCR,21,11,0
NN_v2,2,EQUAL_WEIGHT,2011-07-22,VNQ,51,28,0
NN_v2,2,EQUAL_WEIGHT,2011-07-29,VDC,4,1,0
NN_v2,2,EQUAL_WEIGHT,2011-07-29,VPU,27,12,0
NN_v2,2,EQUAL_WEIGHT,2011-08-05,VPU,28,13,1
NN_v2,2,EQUAL_WEIGHT,2011-08-05,VOX,28,17,2
NN_v2,2,EQUAL_WEIGHT,2011-08-12,VOX,29,17,0
NN_v2,2,EQUAL_WEIGHT,2011-08-12,VDC,5,1,0
NN_v2,2,EQUAL_WEIGHT,2011-08-19,VGT,20,12,1
NN_v2,2,EQUAL_WEIGHT,2011-08-19,VCR,22,12,1
NN_v2,2,EQUAL_WEIGHT,2011-08-26,VNQ,52,28,0
NN_v2,2,EQUAL_WEIGHT,2011-08-26,VGT,21,12,0
NN_v2,2,EQUAL_WEIGHT,2011-09-02,VCR,23,13,2
NN_v2,2,EQUAL_WEIGHT,2011-09-02,VNQ,53,29,1
NN_v2,2,EQUAL_WEIGHT,2011-09-09,VNQ,54,30,2
NN_v2,2,EQUAL_WEIGHT,2011-09-09,VGT,22,13,1
NN_v2,2,EQUAL_WEIGHT,2011-09-16,VAW,48,26,0
NN_v2,2,EQUAL_WEIGHT,2011-09-16,VDE,56,30,0
NN_v2,2,EQUAL_WEIGHT,2011-09-23,VGT,23,13,0
NN_v2,2,EQUAL_WEIGHT,2011-09-23,VCR,24,13,0
NN_v2,2,EQUAL_WEIGHT,2011-09-30,VGT,24,14,1
NN_v2,2,EQUAL_WEIGHT,2011-09-30,VHT,25,15,2
NN_v2,2,EQUAL_WEIGHT,2011-10-07,VOX,30,18,1
NN_v2,2,EQUAL_WEIGHT,2011-10-07,VIS,25,15,2
NN_v2,2,EQUAL_WEIGHT,2011-10-14,VIS,26,16,3
NN_v2,2,EQUAL_WEIGHT,2011-10-14,VAW,49,27,1
NN_v2,2,EQUAL_WEIGHT,2011-10-21,VDE,57,31,1
NN_v2,2,EQUAL_WEIGHT,2011-10-21,VIS,27,17,4
NN_v2,2,EQUAL_WEIGHT,2011-10-28,VCR,25,13,0
NN_v2,2,EQUAL_WEIGHT,2011-10-28,VIS,28,17,0
NN_v2,2,EQUAL_WEIGHT,2011-11-04,VGT,25,15,2
NN_v2,2,EQUAL_WEIGHT,2011-11-04,VNQ,55,30,0
NN_v2,2,EQUAL_WEIGHT,2011-11-11,VDE,58,31,0
NN_v2,2,EQUAL_WEIGHT,2011-11-11,VAW,50,27,0
NN_v2,2,EQUAL_WEIGHT,2011-11-18,VGT,26,15,0
NN_v2,2,EQUAL_WEIGHT,2011-11-18,VPU,29,13,0
NN_v2,2,EQUAL_WEIGHT,2011-11-25,VIS,29,18,1
NN_v2,2,EQUAL_WEIGHT,2011-11-25,VDE,59,32,1
NN_v2,2,EQUAL_WEIGHT,2011-12-02,VDE,60,32,0
NN_v2,2,EQUAL_WEIGHT,2011-12-02,VNQ,56,31,1
NN_v2,2,EQUAL_WEIGHT,2011-12-09,VDE,61,32,0
NN_v2,2,EQUAL_WEIGHT,2011-12-09,VIS,30,18,0
NN_v2,2,EQUAL_WEIGHT,2011-12-16,VNQ,57,32,2
NN_v2,2,EQUAL_WEIGHT,2011-12-16,VIS,31,19,1
NN_v2,2,EQUAL_WEIGHT,2011-12-23,VDE,62,32,0
NN_v2,2,EQUAL_WEIGHT,2011-12-23,VIS,32,19,0
NN_v2,2,EQUAL_WEIGHT,2011-12-30,VNQ,58,32,0
NN_v2,2,EQUAL_WEIGHT,2011-12-30,VDE,63,32,0
NN_v2,2,EQUAL_WEIGHT,2012-01-06,VFH,76,32,1
NN_v2,2,EQUAL_WEIGHT,2012-01-06,VDE,64,32,0
NN_v2,2,EQUAL_WEIGHT,2012-01-13,VDE,65,33,1
NN_v2,2,EQUAL_WEIGHT,2012-01-13,VAW,51,28,1
NN_v2,2,EQUAL_WEIGHT,2012-01-20,VAW,52,29,2
NN_v2,2,EQUAL_WEIGHT,2012-01-20,VFH,77,33,2
NN_v2,2,EQUAL_WEIGHT,2012-01-27,VFH,78,34,3
NN_v2,2,EQUAL_WEIGHT,2012-01-27,VAW,53,30,3
NN_v2,2,EQUAL_WEIGHT,2012-02-03,VAW,54,30,0
NN_v2,2,EQUAL_WEIGHT,2012-02-03,VDE,66,34,2
NN_v2,2,EQUAL_WEIGHT,2012-02-10,VDE,67,35,3
NN_v2,2,EQUAL_WEIGHT,2012-02-10,VAW,55,31,1
NN_v2,2,EQUAL_WEIGHT,2012-02-17,VDE,68,36,4
NN_v2,2,EQUAL_WEIGHT,2012-02-17,VAW,56,31,0
NN_v2,2,EQUAL_WEIGHT,2012-02-24,VAW,57,31,0
NN_v2,2,EQUAL_WEIGHT,2012-02-24,VFH,79,35,4
NN_v2,2,EQUAL_WEIGHT,2012-03-02,VDE,69,36,0
NN_v2,2,EQUAL_WEIGHT,2012-03-02,VFH,80,36,5
NN_v2,2,EQUAL_WEIGHT,2012-03-09,VDE,70,37,1
NN_v2,2,EQUAL_WEIGHT,2012-03-09,VFH,81,37,6
NN_v2,2,EQUAL_WEIGHT,2012-03-16,VDE,71,37,0
NN_v2,2,EQUAL_WEIGHT,2012-03-16,VAW,58,31,0
NN_v2,2,EQUAL_WEIGHT,2012-03-23,VDE,72,37,0
NN_v2,2,EQUAL_WEIGHT,2012-03-23,VIS,33,19,0
NN_v2,2,EQUAL_WEIGHT,2012-03-30,VDE,73,37,0
NN_v2,2,EQUAL_WEIGHT,2012-03-30,VFH,82,37,0
NN_v2,2,EQUAL_WEIGHT,2012-04-06,VFH,83,37,0
NN_v2,2,EQUAL_WEIGHT,2012-04-06,VDE,74,37,0
NN_v2,2,EQUAL_WEIGHT,2012-04-13,VFH,84,37,0
NN_v2,2,EQUAL_WEIGHT,2012-04-13,VNQ,59,33,1
NN_v2,2,EQUAL_WEIGHT,2012-04-20,VFH,85,38,1
NN_v2,2,EQUAL_WEIGHT,2012-04-20,VOX,31,19,2
NN_v2,2,EQUAL_WEIGHT,2012-04-27,VFH,86,38,0
NN_v2,2,EQUAL_WEIGHT,2012-04-27,VDE,75,37,0
NN_v2,2,EQUAL_WEIGHT,2012-05-04,VFH,87,38,0
NN_v2,2,EQUAL_WEIGHT,2012-05-04,VCR,26,13,0
NN_v2,2,EQUAL_WEIGHT,2012-05-11,VFH,88,38,0
NN_v2,2,EQUAL_WEIGHT,2012-05-11,VDE,76,37,0
NN_v2,2,EQUAL_WEIGHT,2012-05-18,VNQ,60,34,2
NN_v2,2,EQUAL_WEIGHT,2012-05-18,VFH,89,39,1
NN_v2,2,EQUAL_WEIGHT,2012-05-25,VFH,90,39,0
NN_v2,2,EQUAL_WEIGHT,2012-05-25,VDE,77,37,0
NN_v2,2,EQUAL_WEIGHT,2012-06-01,VFH,91,40,1
NN_v2,2,EQUAL_WEIGHT,2012-06-01,VCR,27,14,1
NN_v2,2,EQUAL_WEIGHT,2012-06-08,VAW,59,31,0
NN_v2,2,EQUAL_WEIGHT,2012-06-08,VDE,78,38,1
NN_v2,2,EQUAL_WEIGHT,2012-06-15,VAW,60,32,1
NN_v2,2,EQUAL_WEIGHT,2012-06-15,VFH,92,41,2
NN_v2,2,EQUAL_WEIGHT,2012-06-22,VFH,93,42,3
NN_v2,2,EQUAL_WEIGHT,2012-06-22,VAW,61,33,2
NN_v2,2,EQUAL_WEIGHT,2012-06-29,VFH,94,42,0
NN_v2,2,EQUAL_WEIGHT,2012-06-29,VDE,79,38,0
NN_v2,2,EQUAL_WEIGHT,2012-07-06,VFH,95,43,1
NN_v2,2,EQUAL_WEIGHT,2012-07-06,VDE,80,39,1
NN_v2,2,EQUAL_WEIGHT,2012-07-13,VDE,81,40,2
NN_v2,2,EQUAL_WEIGHT,2012-07-13,VAW,62,34,3
NN_v2,2,EQUAL_WEIGHT,2012-07-20,VAW,63,35,4
NN_v2,2,EQUAL_WEIGHT,2012-07-20,VDE,82,41,3
NN_v2,2,EQUAL_WEIGHT,2012-07-27,VDE,83,42,4
NN_v2,2,EQUAL_WEIGHT,2012-07-27,VFH,96,44,2
NN_v2,2,EQUAL_WEIGHT,2012-08-03,VDE,84,43,5
NN_v2,2,EQUAL_WEIGHT,2012-08-03,VFH,97,45,3
NN_v2,2,EQUAL_WEIGHT,2012-08-10,VDE,85,44,6
NN_v2,2,EQUAL_WEIGHT,2012-08-10,VAW,64,36,5
NN_v2,2,EQUAL_WEIGHT,2012-08-17,VDE,86,44,0
NN_v2,2,EQUAL_WEIGHT,2012-08-17,VFH,98,46,4
NN_v2,2,EQUAL_WEIGHT,2012-08-24,VDE,87,44,0
NN_v2,2,EQUAL_WEIGHT,2012-08-24,VAW,65,36,0
NN_v2,2,EQUAL_WEIGHT,2012-08-31,VDE,88,45,1
NN_v2,2,EQUAL_WEIGHT,2012-08-31,VGT,27,16,1
NN_v2,2,EQUAL_WEIGHT,2012-09-07,VDE,89,46,2
NN_v2,2,EQUAL_WEIGHT,2012-09-07,VCR,28,15,2
NN_v2,2,EQUAL_WEIGHT,2012-09-14,VAW,66,36,0
NN_v2,2,EQUAL_WEIGHT,2012-09-14,VFH,99,46,0
NN_v2,2,EQUAL_WEIGHT,2012-09-21,VAW,67,36,0
NN_v2,2,EQUAL_WEIGHT,2012-09-21,VFH,100,46,0
NN_v2,2,EQUAL_WEIGHT,2012-09-28,VFH,101,47,1
NN_v2,2,EQUAL_WEIGHT,2012-09-28,VAW,68,37,1
NN_v2,2,EQUAL_WEIGHT,2012-10-05,VCR,29,15,0
NN_v2,2,EQUAL_WEIGHT,2012-10-05,VDE,90,46,0
NN_v2,2,EQUAL_WEIGHT,2012-10-12,VAW,69,38,2
NN_v2,2,EQUAL_WEIGHT,2012-10-12,VDE,91,47,1
NN_v2,2,EQUAL_WEIGHT,2012-10-19,VAW,70,38,0
NN_v2,2,EQUAL_WEIGHT,2012-10-19,VDE,92,47,0
NN_v2,2,EQUAL_WEIGHT,2012-10-26,VAW,71,38,0
NN_v2,2,EQUAL_WEIGHT,2012-10-26,VDE,93,47,0
NN_v2,2,EQUAL_WEIGHT,2012-11-02,VAW,72,38,0
NN_v2,2,EQUAL_WEIGHT,2012-11-02,VDE,94,47,0
NN_v2,2,EQUAL_WEIGHT,2012-11-09,VFH,102,47,0
NN_v2,2,EQUAL_WEIGHT,2012-11-09,VDE,95,47,0
NN_v2,2,EQUAL_WEIGHT,2012-11-16,VFH,103,48,1
NN_v2,2,EQUAL_WEIGHT,2012-11-16,VAW,73,39,1
NN_v2,2,EQUAL_WEIGHT,2012-11-23,VAW,74,40,2
NN_v2,2,EQUAL_WEIGHT,2012-11-23,VDE,96,48,1
NN_v2,2,EQUAL_WEIGHT,2012-11-30,VDE,97,49,2
NN_v2,2,EQUAL_WEIGHT,2012-11-30,VAW,75,40,0
NN_v2,2,EQUAL_WEIGHT,2012-12-07,VOX,32,20,3
NN_v2,2,EQUAL_WEIGHT,2012-12-07,VGT,28,16,0
NN_v2,2,EQUAL_WEIGHT,2012-12-14,VGT,29,17,1
NN_v2,2,EQUAL_WEIGHT,2012-12-14,VAW,76,40,0
NN_v2,2,EQUAL_WEIGHT,2012-12-21,VPU,30,13,0
NN_v2,2,EQUAL_WEIGHT,2012-12-21,VGT,30,17,0
NN_v2,2,EQUAL_WEIGHT,2012-12-28,VDE,98,50,3
NN_v2,2,EQUAL_WEIGHT,2012-12-28,VNQ,61,35,3
NN_v2,2,EQUAL_WEIGHT,2013-01-04,VOX,33,20,0
NN_v2,2,EQUAL_WEIGHT,2013-01-04,VFH,104,49,2
NN_v2,2,EQUAL_WEIGHT,2013-01-11,VIS,34,20,1
NN_v2,2,EQUAL_WEIGHT,2013-01-11,VFH,105,50,3
NN_v2,2,EQUAL_WEIGHT,2013-01-18,VIS,35,21,2
NN_v2,2,EQUAL_WEIGHT,2013-01-18,VAW,77,41,1
NN_v2,2,EQUAL_WEIGHT,2013-01-25,VIS,36,21,0
NN_v2,2,EQUAL_WEIGHT,2013-01-25,VDE,99,51,4
NN_v2,2,EQUAL_WEIGHT,2013-02-01,VDE,100,52,5
NN_v2,2,EQUAL_WEIGHT,2013-02-01,VAW,78,42,2
NN_v2,2,EQUAL_WEIGHT,2013-02-08,VDE,101,52,0
NN_v2,2,EQUAL_WEIGHT,2013-02-08,VIS,37,22,1
NN_v2,2,EQUAL_WEIGHT,2013-02-15,VFH,106,50,0
NN_v2,2,EQUAL_WEIGHT,2013-02-15,VIS,38,22,0
NN_v2,2,EQUAL_WEIGHT,2013-02-22,VDE,102,52,0
NN_v2,2,EQUAL_WEIGHT,2013-02-22,VFH,107,50,0
NN_v2,2,EQUAL_WEIGHT,2013-03-01,VIS,39,23,1
NN_v2,2,EQUAL_WEIGHT,2013-03-01,VHT,26,16,3
NN_v2,2,EQUAL_WEIGHT,2013-03-08,VCR,30,16,1
NN_v2,2,EQUAL_WEIGHT,2013-03-08,VIS,40,24,2
NN_v2,2,EQUAL_WEIGHT,2013-03-15,VFH,108,50,0
NN_v2,2,EQUAL_WEIGHT,2013-03-15,VIS,41,25,3
NN_v2,2,EQUAL_WEIGHT,2013-03-22,VFH,109,50,0
NN_v2,2,EQUAL_WEIGHT,2013-03-22,VHT,27,17,4
NN_v2,2,EQUAL_WEIGHT,2013-03-29,VCR,31,16,0
NN_v2,2,EQUAL_WEIGHT,2013-03-29,VPU,31,14,1
NN_v2,2,EQUAL_WEIGHT,2013-04-05,VAW,79,43,3
NN_v2,2,EQUAL_WEIGHT,2013-04-05,VIS,42,26,4
NN_v2,2,EQUAL_WEIGHT,2013-04-12,VAW,80,43,0
NN_v2,2,EQUAL_WEIGHT,2013-04-12,VFH,110,50,0
NN_v2,2,EQUAL_WEIGHT,2013-04-19,VIS,43,27,5
NN_v2,2,EQUAL_WEIGHT,2013-04-19,VAW,81,44,1
NN_v2,2,EQUAL_WEIGHT,2013-04-26,VIS,44,28,6
NN_v2,2,EQUAL_WEIGHT,2013-04-26,VAW,82,45,2
NN_v2,2,EQUAL_WEIGHT,2013-05-03,VAW,83,46,3
NN_v2,2,EQUAL_WEIGHT,2013-05-03,VDE,103,53,1
NN_v2,2,EQUAL_WEIGHT,2013-05-10,VCR,32,17,1
NN_v2,2,EQUAL_WEIGHT,2013-05-10,VGT,31,18,1
NN_v2,2,EQUAL_WEIGHT,2013-05-17,VOX,34,20,0
NN_v2,2,EQUAL_WEIGHT,2013-05-17,VGT,32,18,0
NN_v2,2,EQUAL_WEIGHT,2013-05-24,VOX,35,20,0
NN_v2,2,EQUAL_WEIGHT,2013-05-24,VNQ,62,35,0
NN_v2,2,EQUAL_WEIGHT,2013-05-31,VOX,36,21,1
NN_v2,2,EQUAL_WEIGHT,2013-05-31,VCR,33,18,2
NN_v2,2,EQUAL_WEIGHT,2013-06-07,VNQ,63,35,0
NN_v2,2,EQUAL_WEIGHT,2013-06-07,VGT,33,18,0
NN_v2,2,EQUAL_WEIGHT,2013-06-14,VCR,34,18,0
NN_v2,2,EQUAL_WEIGHT,2013-06-14,VNQ,64,35,0
NN_v2,2,EQUAL_WEIGHT,2013-06-21,VGT,34,19,1
NN_v2,2,EQUAL_WEIGHT,2013-06-21,VIS,45,29,7
NN_v2,2,EQUAL_WEIGHT,2013-06-28,VIS,46,30,8
NN_v2,2,EQUAL_WEIGHT,2013-06-28,VAW,84,47,4
NN_v2,2,EQUAL_WEIGHT,2013-07-05,VNQ,65,36,1
NN_v2,2,EQUAL_WEIGHT,2013-07-05,VPU,32,15,2
NN_v2,2,EQUAL_WEIGHT,2013-07-12,VNQ,66,37,2
NN_v2,2,EQUAL_WEIGHT,2013-07-12,VPU,33,16,3
NN_v2,2,EQUAL_WEIGHT,2013-07-19,VNQ,67,37,0
NN_v2,2,EQUAL_WEIGHT,2013-07-19,VPU,34,16,0
NN_v2,2,EQUAL_WEIGHT,2013-07-26,VNQ,68,37,0
NN_v2,2,EQUAL_WEIGHT,2013-07-26,VOX,37,21,0
NN_v2,2,EQUAL_WEIGHT,2013-08-02,VNQ,69,38,1
NN_v2,2,EQUAL_WEIGHT,2013-08-02,VPU,35,16,0
NN_v2,2,EQUAL_WEIGHT,2013-08-09,VNQ,70,38,0
NN_v2,2,EQUAL_WEIGHT,2013-08-09,VIS,47,30,0
NN_v2,2,EQUAL_WEIGHT,2013-08-16,VIS,48,31,1
NN_v2,2,EQUAL_WEIGHT,2013-08-16,VNQ,71,39,1
NN_v2,2,EQUAL_WEIGHT,2013-08-23,VCR,35,18,0
NN_v2,2,EQUAL_WEIGHT,2013-08-23,VHT,28,17,0
NN_v2,2,EQUAL_WEIGHT,2013-08-30,VCR,36,19,1
NN_v2,2,EQUAL_WEIGHT,2013-08-30,VAW,85,48,5
NN_v2,2,EQUAL_WEIGHT,2013-09-06,VNQ,72,40,2
NN_v2,2,EQUAL_WEIGHT,2013-09-06,VPU,36,17,1
NN_v2,2,EQUAL_WEIGHT,2013-09-13,VNQ,73,41,3
NN_v2,2,EQUAL_WEIGHT,2013-09-13,VCR,37,20,2
NN_v2,2,EQUAL_WEIGHT,2013-09-20,VNQ,74,41,0
NN_v2,2,EQUAL_WEIGHT,2013-09-20,VIS,49,31,0
NN_v2,2,EQUAL_WEIGHT,2013-09-27,VNQ,75,41,0
NN_v2,2,EQUAL_WEIGHT,2013-09-27,VGT,35,20,2
NN_v2,2,EQUAL_WEIGHT,2013-10-04,VOX,38,22,1
NN_v2,2,EQUAL_WEIGHT,2013-10-04,VNQ,76,42,1
NN_v2,2,EQUAL_WEIGHT,2013-10-11,VNQ,77,43,2
NN_v2,2,EQUAL_WEIGHT,2013-10-11,VIS,50,32,1
NN_v2,2,EQUAL_WEIGHT,2013-10-18,VNQ,78,44,3
NN_v2,2,EQUAL_WEIGHT,2013-10-18,VOX,39,23,2
NN_v2,2,EQUAL_WEIGHT,2013-10-25,VNQ,79,44,0
NN_v2,2,EQUAL_WEIGHT,2013-10-25,VIS,51,33,2
NN_v2,2,EQUAL_WEIGHT,2013-11-01,VNQ,80,44,0
NN_v2,2,EQUAL_WEIGHT,2013-11-01,VOX,40,23,0
NN_v2,2,EQUAL_WEIGHT,2013-11-08,VNQ,81,45,1
NN_v2,2,EQUAL_WEIGHT,2013-11-08,VIS,52,34,3
NN_v2,2,EQUAL_WEIGHT,2013-11-15,VIS,53,35,4
NN_v2,2,EQUAL_WEIGHT,2013-11-15,VNQ,82,45,0
NN_v2,2,EQUAL_WEIGHT,2013-11-22,VNQ,83,45,0
NN_v2,2,EQUAL_WEIGHT,2013-11-22,VIS,54,36,5
NN_v2,2,EQUAL_WEIGHT,2013-11-29,VNQ,84,46,1
NN_v2,2,EQUAL_WEIGHT,2013-11-29,VIS,55,36,0
NN_v2,2,EQUAL_WEIGHT,2013-12-06,VNQ,85,46,0
NN_v2,2,EQUAL_WEIGHT,2013-12-06,VCR,38,20,0
NN_v2,2,EQUAL_WEIGHT,2013-12-13,VCR,39,21,1
NN_v2,2,EQUAL_WEIGHT,2013-12-13,VNQ,86,47,1
NN_v2,2,EQUAL_WEIGHT,2013-12-20,VNQ,87,47,0
NN_v2,2,EQUAL_WEIGHT,2013-12-20,VGT,36,21,3
NN_v2,2,EQUAL_WEIGHT,2013-12-27,VNQ,88,48,1
NN_v2,2,EQUAL_WEIGHT,2013-12-27,VGT,37,21,0
NN_v2,2,EQUAL_WEIGHT,2014-01-03,VOX,41,23,0
NN_v2,2,EQUAL_WEIGHT,2014-01-03,VDE,104,53,0
NN_v2,2,EQUAL_WEIGHT,2014-01-10,VNQ,89,49,2
NN_v2,2,EQUAL_WEIGHT,2014-01-10,VOX,42,24,1
NN_v2,2,EQUAL_WEIGHT,2014-01-17,VNQ,90,49,0
NN_v2,2,EQUAL_WEIGHT,2014-01-17,VOX,43,24,0
NN_v2,2,EQUAL_WEIGHT,2014-01-24,VIS,56,36,0
NN_v2,2,EQUAL_WEIGHT,2014-01-24,VAW,86,49,6
NN_v2,2,EQUAL_WEIGHT,2014-01-31,VIS,57,37,1
NN_v2,2,EQUAL_WEIGHT,2014-01-31,VFH,111,51,1
NN_v2,2,EQUAL_WEIGHT,2014-02-07,VFH,112,52,2
NN_v2,2,EQUAL_WEIGHT,2014-02-07,VIS,58,38,2
NN_v2,2,EQUAL_WEIGHT,2014-02-14,VDE,105,54,1
NN_v2,2,EQUAL_WEIGHT,2014-02-14,VOX,44,25,1
NN_v2,2,EQUAL_WEIGHT,2014-02-21,VCR,40,22,2
NN_v2,2,EQUAL_WEIGHT,2014-02-21,VIS,59,39,3
NN_v2,2,EQUAL_WEIGHT,2014-02-28,VDE,106,55,2
NN_v2,2,EQUAL_WEIGHT,2014-02-28,VAW,87,50,7
NN_v2,2,EQUAL_WEIGHT,2014-03-07,VPU,37,18,2
NN_v2,2,EQUAL_WEIGHT,2014-03-07,VDE,107,55,0
NN_v2,2,EQUAL_WEIGHT,2014-03-14,VCR,41,22,0
NN_v2,2,EQUAL_WEIGHT,2014-03-14,VAW,88,51,8
NN_v2,2,EQUAL_WEIGHT,2014-03-21,VCR,42,22,0
NN_v2,2,EQUAL_WEIGHT,2014-03-21,VIS,60,39,0
NN_v2,2,EQUAL_WEIGHT,2014-03-28,VAW,89,52,9
NN_v2,2,EQUAL_WEIGHT,2014-03-28,VFH,113,52,0
NN_v2,2,EQUAL_WEIGHT,2014-04-04,VAW,90,52,0
NN_v2,2,EQUAL_WEIGHT,2014-04-04,VFH,114,52,0
NN_v2,2,EQUAL_WEIGHT,2014-04-11,VAW,91,53,1
NN_v2,2,EQUAL_WEIGHT,2014-04-11,VIS,61,40,1
NN_v2,2,EQUAL_WEIGHT,2014-04-18,VFH,115,52,0
NN_v2,2,EQUAL_WEIGHT,2014-04-18,VAW,92,53,0
NN_v2,2,EQUAL_WEIGHT,2014-04-25,VIS,62,41,2
NN_v2,2,EQUAL_WEIGHT,2014-04-25,VFH,116,53,1
NN_v2,2,EQUAL_WEIGHT,2014-05-02,VAW,93,54,1
NN_v2,2,EQUAL_WEIGHT,2014-05-02,VGT,38,21,0
NN_v2,2,EQUAL_WEIGHT,2014-05-09,VIS,63,41,0
NN_v2,2,EQUAL_WEIGHT,2014-05-09,VAW,94,54,0
NN_v2,2,EQUAL_WEIGHT,2014-05-16,VAW,95,55,1
NN_v2,2,EQUAL_WEIGHT,2014-05-16,VHT,29,18,1
NN_v2,2,EQUAL_WEIGHT,2014-05-23,VOX,45,26,2
NN_v2,2,EQUAL_WEIGHT,2014-05-23,VHT,30,19,2
NN_v2,2,EQUAL_WEIGHT,2014-05-30,VOX,46,26,0
NN_v2,2,EQUAL_WEIGHT,2014-05-30,VHT,31,20,3
NN_v2,2,EQUAL_WEIGHT,2014-06-06,VOX,47,26,0
NN_v2,2,EQUAL_WEIGHT,2014-06-06,VCR,43,22,0
NN_v2,2,EQUAL_WEIGHT,2014-06-13,VFH,117,54,2
NN_v2,2,EQUAL_WEIGHT,2014-06-13,VAW,96,56,2
NN_v2,2,EQUAL_WEIGHT,2014-06-20,VFH,118,54,0
NN_v2,2,EQUAL_WEIGHT,2014-06-20,VIS,64,41,0
NN_v2,2,EQUAL_WEIGHT,2014-06-27,VNQ,91,49,0
NN_v2,2,EQUAL_WEIGHT,2014-06-27,VAW,97,57,3
NN_v2,2,EQUAL_WEIGHT,2014-07-04,VPU,38,19,3
NN_v2,2,EQUAL_WEIGHT,2014-07-04,VOX,48,26,0
NN_v2,2,EQUAL_WEIGHT,2014-07-11,VCR,44,22,0
NN_v2,2,EQUAL_WEIGHT,2014-07-11,VHT,32,20,0
NN_v2,2,EQUAL_WEIGHT,2014-07-18,VCR,45,22,0
NN_v2,2,EQUAL_WEIGHT,2014-07-18,VHT,33,21,1
NN_v2,2,EQUAL_WEIGHT,2014-07-25,VHT,34,21,0
NN_v2,2,EQUAL_WEIGHT,2014-07-25,VOX,49,26,0
NN_v2,2,EQUAL_WEIGHT,2014-08-01,VAW,98,58,4
NN_v2,2,EQUAL_WEIGHT,2014-08-01,VCR,46,23,1
NN_v2,2,EQUAL_WEIGHT,2014-08-08,VDE,108,55,0
NN_v2,2,EQUAL_WEIGHT,2014-08-08,VFH,119,55,1
NN_v2,2,EQUAL_WEIGHT,2014-08-15,VFH,120,56,2
NN_v2,2,EQUAL_WEIGHT,2014-08-15,VDC,6,2,1
NN_v2,2,EQUAL_WEIGHT,2014-08-22,VIS,65,41,0
NN_v2,2,EQUAL_WEIGHT,2014-08-22,VCR,47,23,0
NN_v2,2,EQUAL_WEIGHT,2014-08-29,VDE,109,55,0
NN_v2,2,EQUAL_WEIGHT,2014-08-29,VFH,121,57,3
NN_v2,2,EQUAL_WEIGHT,2014-09-05,VIS,66,41,0
NN_v2,2,EQUAL_WEIGHT,2014-09-05,VFH,122,57,0
NN_v2,2,EQUAL_WEIGHT,2014-09-12,VCR,48,24,1
NN_v2,2,EQUAL_WEIGHT,2014-09-12,VFH,123,58,1
NN_v2,2,EQUAL_WEIGHT,2014-09-19,VPU,39,19,0
NN_v2,2,EQUAL_WEIGHT,2014-09-19,VNQ,92,49,0
NN_v2,2,EQUAL_WEIGHT,2014-09-26,VAW,99,58,0
NN_v2,2,EQUAL_WEIGHT,2014-09-26,VPU,40,20,1
NN_v2,2,EQUAL_WEIGHT,2014-10-03,VCR,49,24,0
NN_v2,2,EQUAL_WEIGHT,2014-10-03,VGT,39,21,0
NN_v2,2,EQUAL_WEIGHT,2014-10-10,VFH,124,58,0
NN_v2,2,EQUAL_WEIGHT,2014-10-10,VGT,40,21,0
NN_v2,2,EQUAL_WEIGHT,2014-10-17,VFH,125,59,1
NN_v2,2,EQUAL_WEIGHT,2014-10-17,VHT,35,22,1
NN_v2,2,EQUAL_WEIGHT,2014-10-24,VCR,50,25,1
NN_v2,2,EQUAL_WEIGHT,2014-10-24,VGT,41,22,1
NN_v2,2,EQUAL_WEIGHT,2014-10-31,VIS,67,42,1
NN_v2,2,EQUAL_WEIGHT,2014-10-31,VDE,110,56,1
NN_v2,2,EQUAL_WEIGHT,2014-11-07,VDE,111,56,0
NN_v2,2,EQUAL_WEIGHT,2014-11-07,VGT,42,23,2
NN_v2,2,EQUAL_WEIGHT,2014-11-14,VHT,36,23,2
NN_v2,2,EQUAL_WEIGHT,2014-11-14,VPU,41,21,2
NN_v2,2,EQUAL_WEIGHT,2014-11-21,VIS,68,42,0
NN_v2,2,EQUAL_WEIGHT,2014-11-21,VGT,43,24,3
NN_v2,2,EQUAL_WEIGHT,2014-11-28,VIS,69,43,1
NN_v2,2,EQUAL_WEIGHT,2014-11-28,VPU,42,21,0
NN_v2,2,EQUAL_WEIGHT,2014-12-05,VAW,100,58,0
NN_v2,2,EQUAL_WEIGHT,2014-12-05,VPU,43,21,0
NN_v2,2,EQUAL_WEIGHT,2014-12-12,VGT,44,25,4
NN_v2,2,EQUAL_WEIGHT,2014-12-12,VIS,70,44,2
NN_v2,2,EQUAL_WEIGHT,2014-12-19,VIS,71,45,3
NN_v2,2,EQUAL_WEIGHT,2014-12-19,VGT,45,26,5
NN_v2,2,EQUAL_WEIGHT,2014-12-26,VIS,72,45,0
NN_v2,2,EQUAL_WEIGHT,2014-12-26,VHT,37,23,0
NN_v2,2,EQUAL_WEIGHT,2015-01-02,VIS,73,45,0
NN_v2,2,EQUAL_WEIGHT,2015-01-02,VGT,46,27,6
NN_v2,2,EQUAL_WEIGHT,2015-01-09,VGT,47,27,0
NN_v2,2,EQUAL_WEIGHT,2015-01-09,VAW,101,58,0
NN_v2,2,EQUAL_WEIGHT,2015-01-16,VCR,51,26,2
NN_v2,2,EQUAL_WEIGHT,2015-01-16,VGT,48,28,1
NN_v2,2,EQUAL_WEIGHT,2015-01-23,VDE,112,56,0
NN_v2,2,EQUAL_WEIGHT,2015-01-23,VAW,102,58,0
NN_v2,2,EQUAL_WEIGHT,2015-01-30,VGT,49,29,2
NN_v2,2,EQUAL_WEIGHT,2015-01-30,VIS,74,46,1
NN_v2,2,EQUAL_WEIGHT,2015-02-06,VDE,113,57,1
NN_v2,2,EQUAL_WEIGHT,2015-02-06,VIS,75,47,2
NN_v2,2,EQUAL_WEIGHT,2015-02-13,VDE,114,57,0
NN_v2,2,EQUAL_WEIGHT,2015-02-13,VOX,50,26,0
NN_v2,2,EQUAL_WEIGHT,2015-02-20,VDE,115,57,0
NN_v2,2,EQUAL_WEIGHT,2015-02-20,VOX,51,27,1
NN_v2,2,EQUAL_WEIGHT,2015-02-27,VOX,52,27,0
NN_v2,2,EQUAL_WEIGHT,2015-02-27,VDE,116,57,0
NN_v2,2,EQUAL_WEIGHT,2015-03-06,VAW,103,58,0
NN_v2,2,EQUAL_WEIGHT,2015-03-06,VIS,76,47,0
NN_v2,2,EQUAL_WEIGHT,2015-03-13,VGT,50,30,3
NN_v2,2,EQUAL_WEIGHT,2015-03-13,VOX,53,28,1
NN_v2,2,EQUAL_WEIGHT,2015-03-20,VDE,117,57,0
NN_v2,2,EQUAL_WEIGHT,2015-03-20,VOX,54,28,0
NN_v2,2,EQUAL_WEIGHT,2015-03-27,VOX,55,29,1
NN_v2,2,EQUAL_WEIGHT,2015-03-27,VGT,51,30,0
NN_v2,2,EQUAL_WEIGHT,2015-04-03,VDE,118,58,1
NN_v2,2,EQUAL_WEIGHT,2015-04-03,VIS,77,48,1
NN_v2,2,EQUAL_WEIGHT,2015-04-10,VPU,44,21,0
NN_v2,2,EQUAL_WEIGHT,2015-04-10,VDE,119,59,2
NN_v2,2,EQUAL_WEIGHT,2015-04-17,VOX,56,30,2
NN_v2,2,EQUAL_WEIGHT,2015-04-17,VAW,104,59,1
NN_v2,2,EQUAL_WEIGHT,2015-04-24,VDE,120,60,3
NN_v2,2,EQUAL_WEIGHT,2015-04-24,VPU,45,21,0
NN_v2,2,EQUAL_WEIGHT,2015-05-01,VHT,38,24,1
NN_v2,2,EQUAL_WEIGHT,2015-05-01,VDE,121,60,0
NN_v2,2,EQUAL_WEIGHT,2015-05-08,VDE,122,60,0
NN_v2,2,EQUAL_WEIGHT,2015-05-08,VGT,52,31,1
NN_v2,2,EQUAL_WEIGHT,2015-05-15,VDE,123,60,0
NN_v2,2,EQUAL_WEIGHT,2015-05-15,VGT,53,32,2
NN_v2,2,EQUAL_WEIGHT,2015-05-22,VDE,124,60,0
NN_v2,2,EQUAL_WEIGHT,2015-05-22,VAW,105,59,0
NN_v2,2,EQUAL_WEIGHT,2015-05-29,VPU,46,21,0
NN_v2,2,EQUAL_WEIGHT,2015-05-29,VDE,125,60,0
NN_v2,2,EQUAL_WEIGHT,2015-06-05,VDE,126,60,0
NN_v2,2,EQUAL_WEIGHT,2015-06-05,VOX,57,31,3
NN_v2,2,EQUAL_WEIGHT,2015-06-12,VDE,127,61,1
NN_v2,2,EQUAL_WEIGHT,2015-06-12,VOX,58,32,4
NN_v2,2,EQUAL_WEIGHT,2015-06-19,VOX,59,32,0
NN_v2,2,EQUAL_WEIGHT,2015-06-19,VGT,54,32,0
NN_v2,2,EQUAL_WEIGHT,2015-06-26,VGT,55,32,0
NN_v2,2,EQUAL_WEIGHT,2015-06-26,VIS,78,48,0
NN_v2,2,EQUAL_WEIGHT,2015-07-03,VOX,60,32,0
NN_v2,2,EQUAL_WEIGHT,2015-07-03,VGT,56,32,0
NN_v2,2,EQUAL_WEIGHT,2015-07-10,VOX,61,33,1
NN_v2,2,EQUAL_WEIGHT,2015-07-10,VGT,57,33,1
NN_v2,2,EQUAL_WEIGHT,2015-07-17,VPU,47,21,0
NN_v2,2,EQUAL_WEIGHT,2015-07-17,VNQ,93,49,0
NN_v2,2,EQUAL_WEIGHT,2015-07-24,VGT,58,34,2
NN_v2,2,EQUAL_WEIGHT,2015-07-24,VPU,48,22,1
NN_v2,2,EQUAL_WEIGHT,2015-07-31,VNQ,94,49,0
NN_v2,2,EQUAL_WEIGHT,2015-07-31,VGT,59,34,0
NN_v2,2,EQUAL_WEIGHT,2015-08-07,VGT,60,34,0
NN_v2,2,EQUAL_WEIGHT,2015-08-07,VHT,39,24,0
NN_v2,2,EQUAL_WEIGHT,2015-08-14,VOX,62,33,0
NN_v2,2,EQUAL_WEIGHT,2015-08-14,VNQ,95,49,0
NN_v2,2,EQUAL_WEIGHT,2015-08-21,VFH,126,60,2
NN_v2,2,EQUAL_WEIGHT,2015-08-21,VCR,52,27,3
NN_v2,2,EQUAL_WEIGHT,2015-08-28,VNQ,96,49,0
NN_v2,2,EQUAL_WEIGHT,2015-08-28,VFH,127,60,0
NN_v2,2,EQUAL_WEIGHT,2015-09-04,VPU,49,23,2
NN_v2,2,EQUAL_WEIGHT,2015-09-04,VNQ,97,50,1
NN_v2,2,EQUAL_WEIGHT,2015-09-11,VNQ,98,51,2
NN_v2,2,EQUAL_WEIGHT,2015-09-11,VPU,50,24,3
NN_v2,2,EQUAL_WEIGHT,2015-09-18,VGT,61,34,0
NN_v2,2,EQUAL_WEIGHT,2015-09-18,VIS,79,48,0
NN_v2,2,EQUAL_WEIGHT,2015-09-25,VGT,62,35,1
NN_v2,2,EQUAL_WEIGHT,2015-09-25,VCR,53,28,4
NN_v2,2,EQUAL_WEIGHT,2015-10-02,VGT,63,36,2
NN_v2,2,EQUAL_WEIGHT,2015-10-02,VIS,80,49,1
NN_v2,2,EQUAL_WEIGHT,2015-10-09,VGT,64,37,3
NN_v2,2,EQUAL_WEIGHT,2015-10-09,VOX,63,34,1
NN_v2,2,EQUAL_WEIGHT,2015-10-16,VAW,106,60,1
NN_v2,2,EQUAL_WEIGHT,2015-10-16,VIS,81,50,2
NN_v2,2,EQUAL_WEIGHT,2015-10-23,VDE,128,61,0
NN_v2,2,EQUAL_WEIGHT,2015-10-23,VAW,107,61,2
NN_v2,2,EQUAL_WEIGHT,2015-10-30,VDE,129,62,1
NN_v2,2,EQUAL_WEIGHT,2015-10-30,VAW,108,61,0
NN_v2,2,EQUAL_WEIGHT,2015-11-06,VDE,130,62,0
NN_v2,2,EQUAL_WEIGHT,2015-11-06,VAW,109,61,0
NN_v2,2,EQUAL_WEIGHT,2015-11-13,VDE,131,63,1
NN_v2,2,EQUAL_WEIGHT,2015-11-13,VAW,110,62,1
NN_v2,2,EQUAL_WEIGHT,2015-11-20,VDE,132,64,2
NN_v2,2,EQUAL_WEIGHT,2015-11-20,VHT,40,25,1
NN_v2,2,EQUAL_WEIGHT,2015-11-27,VDE,133,64,0
NN_v2,2,EQUAL_WEIGHT,2015-11-27,VAW,111,62,0
NN_v2,2,EQUAL_WEIGHT,2015-12-04,VAW,112,62,0
NN_v2,2,EQUAL_WEIGHT,2015-12-04,VPU,51,24,0
NN_v2,2,EQUAL_WEIGHT,2015-12-11,VAW,113,62,0
NN_v2,2,EQUAL_WEIGHT,2015-12-11,VIS,82,50,0
NN_v2,2,EQUAL_WEIGHT,2015-12-18,VGT,65,38,4
NN_v2,2,EQUAL_WEIGHT,2015-12-18,VIS,83,51,1
NN_v2,2,EQUAL_WEIGHT,2015-12-25,VGT,66,38,0
NN_v2,2,EQUAL_WEIGHT,2015-12-25,VAW,114,62,0
NN_v2,2,EQUAL_WEIGHT,2016-01-01,VGT,67,38,0
NN_v2,2,EQUAL_WEIGHT,2016-01-01,VDE,134,64,0
NN_v2,2,EQUAL_WEIGHT,2016-01-08,VGT,68,38,0
NN_v2,2,EQUAL_WEIGHT,2016-01-08,VDE,135,64,0
NN_v2,2,EQUAL_WEIGHT,2016-01-15,VCR,54,29,5
NN_v2,2,EQUAL_WEIGHT,2016-01-15,VFH,128,60,0
NN_v2,2,EQUAL_WEIGHT,2016-01-22,VFH,129,61,1
NN_v2,2,EQUAL_WEIGHT,2016-01-22,VAW,115,63,1
NN_v2,2,EQUAL_WEIGHT,2016-01-29,VHT,41,25,0
NN_v2,2,EQUAL_WEIGHT,2016-01-29,VCR,55,29,0
NN_v2,2,EQUAL_WEIGHT,2016-02-05,VDE,136,65,1
NN_v2,2,EQUAL_WEIGHT,2016-02-05,VCR,56,30,1
NN_v2,2,EQUAL_WEIGHT,2016-02-12,VAW,116,64,2
NN_v2,2,EQUAL_WEIGHT,2016-02-12,VIS,84,52,2
NN_v2,2,EQUAL_WEIGHT,2016-02-19,VDE,137,65,0
NN_v2,2,EQUAL_WEIGHT,2016-02-19,VAW,117,65,3
NN_v2,2,EQUAL_WEIGHT,2016-02-26,VDE,138,66,1
NN_v2,2,EQUAL_WEIGHT,2016-02-26,VGT,69,39,1
NN_v2,2,EQUAL_WEIGHT,2016-03-04,VGT,70,40,2
NN_v2,2,EQUAL_WEIGHT,2016-03-04,VAW,118,66,4
NN_v2,2,EQUAL_WEIGHT,2016-03-11,VDE,139,67,2
NN_v2,2,EQUAL_WEIGHT,2016-03-11,VGT,71,41,3
NN_v2,2,EQUAL_WEIGHT,2016-03-18,VDE,140,67,0
NN_v2,2,EQUAL_WEIGHT,2016-03-18,VHT,42,26,1
NN_v2,2,EQUAL_WEIGHT,2016-03-25,VDE,141,67,0
NN_v2,2,EQUAL_WEIGHT,2016-03-25,VFH,130,62,2
NN_v2,2,EQUAL_WEIGHT,2016-04-01,VDE,142,68,1
NN_v2,2,EQUAL_WEIGHT,2016-04-01,VFH,131,62,0
NN_v2,2,EQUAL_WEIGHT,2016-04-08,VGT,72,42,4
NN_v2,2,EQUAL_WEIGHT,2016-04-08,VDE,143,69,2
NN_v2,2,EQUAL_WEIGHT,2016-04-15,VDE,144,70,3
NN_v2,2,EQUAL_WEIGHT,2016-04-15,VGT,73,42,0
NN_v2,2,EQUAL_WEIGHT,2016-04-22,VGT,74,42,0
NN_v2,2,EQUAL_WEIGHT,2016-04-22,VCR,57,30,0
NN_v2,2,EQUAL_WEIGHT,2016-04-29,VCR,58,30,0
NN_v2,2,EQUAL_WEIGHT,2016-04-29,VFH,132,62,0
NN_v2,2,EQUAL_WEIGHT,2016-05-06,VCR,59,30,0
NN_v2,2,EQUAL_WEIGHT,2016-05-06,VDE,145,70,0
NN_v2,2,EQUAL_WEIGHT,2016-05-13,VFH,133,63,1
NN_v2,2,EQUAL_WEIGHT,2016-05-13,VDE,146,71,1
NN_v2,2,EQUAL_WEIGHT,2016-05-20,VDE,147,72,2
NN_v2,2,EQUAL_WEIGHT,2016-05-20,VNQ,99,52,3
NN_v2,2,EQUAL_WEIGHT,2016-05-27,VDE,148,72,0
NN_v2,2,EQUAL_WEIGHT,2016-05-27,VNQ,100,53,4
NN_v2,2,EQUAL_WEIGHT,2016-06-03,VDE,149,73,1
NN_v2,2,EQUAL_WEIGHT,2016-06-03,VFH,134,63,0
NN_v2,2,EQUAL_WEIGHT,2016-06-10,VDE,150,74,2
NN_v2,2,EQUAL_WEIGHT,2016-06-10,VFH,135,63,0
NN_v2,2,EQUAL_WEIGHT,2016-06-17,VDE,151,74,0
NN_v2,2,EQUAL_WEIGHT,2016-06-17,VAW,119,66,0
NN_v2,2,EQUAL_WEIGHT,2016-06-24,VAW,120,67,1
NN_v2,2,EQUAL_WEIGHT,2016-06-24,VHT,43,27,2
NN_v2,2,EQUAL_WEIGHT,2016-07-01,VAW,121,68,2
NN_v2,2,EQUAL_WEIGHT,2016-07-01,VGT,75,43,1
NN_v2,2,EQUAL_WEIGHT,2016-07-08,VDE,152,75,1
NN_v2,2,EQUAL_WEIGHT,2016-07-08,VFH,136,64,1
NN_v2,2,EQUAL_WEIGHT,2016-07-15,VGT,76,44,2
NN_v2,2,EQUAL_WEIGHT,2016-07-15,VNQ,101,54,5
NN_v2,2,EQUAL_WEIGHT,2016-07-22,VDE,153,75,0
NN_v2,2,EQUAL_WEIGHT,2016-07-22,VNQ,102,55,6
NN_v2,2,EQUAL_WEIGHT,2016-07-29,VDE,154,76,1
NN_v2,2,EQUAL_WEIGHT,2016-07-29,VPU,52,24,0
NN_v2,2,EQUAL_WEIGHT,2016-08-05,VNQ,103,55,0
NN_v2,2,EQUAL_WEIGHT,2016-08-05,VOX,64,34,0
NN_v2,2,EQUAL_WEIGHT,2016-08-12,VOX,65,34,0
NN_v2,2,EQUAL_WEIGHT,2016-08-12,VNQ,104,55,0
NN_v2,2,EQUAL_WEIGHT,2016-08-19,VNQ,105,55,0
NN_v2,2,EQUAL_WEIGHT,2016-08-19,VOX,66,35,1
NN_v2,2,EQUAL_WEIGHT,2016-08-26,VNQ,106,56,1
NN_v2,2,EQUAL_WEIGHT,2016-08-26,VDE,155,76,0
NN_v2,2,EQUAL_WEIGHT,2016-09-02,VOX,67,35,0
NN_v2,2,EQUAL_WEIGHT,2016-09-02,VNQ,107,56,0
NN_v2,2,EQUAL_WEIGHT,2016-09-09,VNQ,108,56,0
NN_v2,2,EQUAL_WEIGHT,2016-09-09,VIS,85,53,3
NN_v2,2,EQUAL_WEIGHT,2016-09-16,VDE,156,76,0
NN_v2,2,EQUAL_WEIGHT,2016-09-16,VNQ,109,57,1
NN_v2,2,EQUAL_WEIGHT,2016-09-23,VAW,122,69,3
NN_v2,2,EQUAL_WEIGHT,2016-09-23,VDE,157,77,1
NN_v2,2,EQUAL_WEIGHT,2016-09-30,VPU,53,24,0
NN_v2,2,EQUAL_WEIGHT,2016-09-30,VNQ,110,57,0
NN_v2,2,EQUAL_WEIGHT,2016-10-07,VNQ,111,58,1
NN_v2,2,EQUAL_WEIGHT,2016-10-07,VOX,68,36,1
NN_v2,2,EQUAL_WEIGHT,2016-10-14,VIS,86,53,0
NN_v2,2,EQUAL_WEIGHT,2016-10-14,VHT,44,28,3
NN_v2,2,EQUAL_WEIGHT,2016-10-21,VOX,69,36,0
NN_v2,2,EQUAL_WEIGHT,2016-10-21,VPU,54,25,1
NN_v2,2,EQUAL_WEIGHT,2016-10-28,VNQ,112,58,0
NN_v2,2,EQUAL_WEIGHT,2016-10-28,VDE,158,77,0
NN_v2,2,EQUAL_WEIGHT,2016-11-04,VOX,70,37,1
NN_v2,2,EQUAL_WEIGHT,2016-11-04,VDC,7,2,0
NN_v2,2,EQUAL_WEIGHT,2016-11-11,VPU,55,26,2
NN_v2,2,EQUAL_WEIGHT,2016-11-11,VNQ,113,59,1
NN_v2,2,EQUAL_WEIGHT,2016-11-18,VHT,45,28,0
NN_v2,2,EQUAL_WEIGHT,2016-11-18,VNQ,114,60,2
NN_v2,2,EQUAL_WEIGHT,2016-11-25,VHT,46,28,0
NN_v2,2,EQUAL_WEIGHT,2016-11-25,VNQ,115,60,0
NN_v2,2,EQUAL_WEIGHT,2016-12-02,VPU,56,27,3
NN_v2,2,EQUAL_WEIGHT,2016-12-02,VOX,71,38,2
NN_v2,2,EQUAL_WEIGHT,2016-12-09,VNQ,116,60,0
NN_v2,2,EQUAL_WEIGHT,2016-12-09,VHT,47,29,1
NN_v2,2,EQUAL_WEIGHT,2016-12-16,VNQ,117,60,0
NN_v2,2,EQUAL_WEIGHT,2016-12-16,VCR,60,30,0
NN_v2,2,EQUAL_WEIGHT,2016-12-23,VNQ,118,61,1
NN_v2,2,EQUAL_WEIGHT,2016-12-23,VHT,48,29,0
NN_v2,2,EQUAL_WEIGHT,2016-12-30,VIS,87,54,1
NN_v2,2,EQUAL_WEIGHT,2016-12-30,VCR,61,31,1
NN_v2,2,EQUAL_WEIGHT,2017-01-06,VCR,62,32,2
NN_v2,2,EQUAL_WEIGHT,2017-01-06,VIS,88,55,2
NN_v2,2,EQUAL_WEIGHT,2017-01-13,VNQ,119,62,2
NN_v2,2,EQUAL_WEIGHT,2017-01-13,VHT,49,29,0
NN_v2,2,EQUAL_WEIGHT,2017-01-20,VIS,89,56,3
NN_v2,2,EQUAL_WEIGHT,2017-01-20,VDE,159,78,1
NN_v2,2,EQUAL_WEIGHT,2017-01-27,VHT,50,30,1
NN_v2,2,EQUAL_WEIGHT,2017-01-27,VNQ,120,63,3
NN_v2,2,EQUAL_WEIGHT,2017-02-03,VOX,72,38,0
NN_v2,2,EQUAL_WEIGHT,2017-02-03,VNQ,121,64,4
NN_v2,2,EQUAL_WEIGHT,2017-02-10,VOX,73,39,1
NN_v2,2,EQUAL_WEIGHT,2017-02-10,VNQ,122,64,0
NN_v2,2,EQUAL_WEIGHT,2017-02-17,VNQ,123,65,1
NN_v2,2,EQUAL_WEIGHT,2017-02-17,VPU,57,28,4
NN_v2,2,EQUAL_WEIGHT,2017-02-24,VFH,137,65,2
NN_v2,2,EQUAL_WEIGHT,2017-02-24,VNQ,124,65,0
NN_v2,2,EQUAL_WEIGHT,2017-03-03,VNQ,125,65,0
NN_v2,2,EQUAL_WEIGHT,2017-03-03,VPU,58,28,0
NN_v2,2,EQUAL_WEIGHT,2017-03-10,VNQ,126,66,1
NN_v2,2,EQUAL_WEIGHT,2017-03-10,VFH,138,65,0
NN_v2,2,EQUAL_WEIGHT,2017-03-17,VNQ,127,66,0
NN_v2,2,EQUAL_WEIGHT,2017-03-17,VFH,139,65,0
NN_v2,2,EQUAL_WEIGHT,2017-03-24,VFH,140,66,1
NN_v2,2,EQUAL_WEIGHT,2017-03-24,VAW,123,70,4
NN_v2,2,EQUAL_WEIGHT,2017-03-31,VFH,141,66,0
NN_v2,2,EQUAL_WEIGHT,2017-03-31,VNQ,128,67,1
NN_v2,2,EQUAL_WEIGHT,2017-04-07,VFH,142,66,0
NN_v2,2,EQUAL_WEIGHT,2017-04-07,VAW,124,70,0
NN_v2,2,EQUAL_WEIGHT,2017-04-14,VFH,143,67,1
NN_v2,2,EQUAL_WEIGHT,2017-04-14,VGT,77,45,3
NN_v2,2,EQUAL_WEIGHT,2017-04-21,VFH,144,67,0
NN_v2,2,EQUAL_WEIGHT,2017-04-21,VOX,74,39,0
NN_v2,2,EQUAL_WEIGHT,2017-04-28,VNQ,129,67,0
NN_v2,2,EQUAL_WEIGHT,2017-04-28,VFH,145,68,1
NN_v2,2,EQUAL_WEIGHT,2017-05-05,VOX,75,39,0
NN_v2,2,EQUAL_WEIGHT,2017-05-05,VFH,146,68,0
NN_v2,2,EQUAL_WEIGHT,2017-05-12,VFH,147,68,0
NN_v2,2,EQUAL_WEIGHT,2017-05-12,VNQ,130,68,1
NN_v2,2,EQUAL_WEIGHT,2017-05-19,VFH,148,69,1
NN_v2,2,EQUAL_WEIGHT,2017-05-19,VDE,160,78,0
NN_v2,2,EQUAL_WEIGHT,2017-05-26,VFH,149,69,0
NN_v2,2,EQUAL_WEIGHT,2017-05-26,VNQ,131,69,2
NN_v2,2,EQUAL_WEIGHT,2017-06-02,VOX,76,39,0
NN_v2,2,EQUAL_WEIGHT,2017-06-02,VNQ,132,70,3
NN_v2,2,EQUAL_WEIGHT,2017-06-09,VCR,63,33,3
NN_v2,2,EQUAL_WEIGHT,2017-06-09,VGT,78,45,0
NN_v2,2,EQUAL_WEIGHT,2017-06-16,VGT,79,46,1
NN_v2,2,EQUAL_WEIGHT,2017-06-16,VCR,64,33,0
NN_v2,2,EQUAL_WEIGHT,2017-06-23,VFH,150,70,1
NN_v2,2,EQUAL_WEIGHT,2017-06-23,VOX,77,39,0
NN_v2,2,EQUAL_WEIGHT,2017-06-30,VGT,80,47,2
NN_v2,2,EQUAL_WEIGHT,2017-06-30,VPU,59,28,0
NN_v2,2,EQUAL_WEIGHT,2017-07-07,VPU,60,29,1
NN_v2,2,EQUAL_WEIGHT,2017-07-07,VGT,81,48,3
NN_v2,2,EQUAL_WEIGHT,2017-07-14,VFH,151,70,0
NN_v2,2,EQUAL_WEIGHT,2017-07-14,VDE,161,78,0
NN_v2,2,EQUAL_WEIGHT,2017-07-21,VDE,162,79,1
NN_v2,2,EQUAL_WEIGHT,2017-07-21,VFH,152,71,1
NN_v2,2,EQUAL_WEIGHT,2017-07-28,VPU,61,30,2
NN_v2,2,EQUAL_WEIGHT,2017-07-28,VDE,163,79,0
NN_v2,2,EQUAL_WEIGHT,2017-08-04,VDE,164,79,0
NN_v2,2,EQUAL_WEIGHT,2017-08-04,VHT,51,30,0
NN_v2,2,EQUAL_WEIGHT,2017-08-11,VFH,153,71,0
NN_v2,2,EQUAL_WEIGHT,2017-08-11,VHT,52,30,0
NN_v2,2,EQUAL_WEIGHT,2017-08-18,VOX,78,40,1
NN_v2,2,EQUAL_WEIGHT,2017-08-18,VFH,154,72,1
NN_v2,2,EQUAL_WEIGHT,2017-08-25,VFH,155,72,0
NN_v2,2,EQUAL_WEIGHT,2017-08-25,VHT,53,31,1
NN_v2,2,EQUAL_WEIGHT,2017-09-01,VOX,79,40,0
NN_v2,2,EQUAL_WEIGHT,2017-09-01,VNQ,133,71,4
NN_v2,2,EQUAL_WEIGHT,2017-09-08,VOX,80,41,1
NN_v2,2,EQUAL_WEIGHT,2017-09-08,VFH,156,73,1
NN_v2,2,EQUAL_WEIGHT,2017-09-15,VOX,81,42,2
NN_v2,2,EQUAL_WEIGHT,2017-09-15,VFH,157,74,2
NN_v2,2,EQUAL_WEIGHT,2017-09-22,VPU,62,30,0
NN_v2,2,EQUAL_WEIGHT,2017-09-22,VGT,82,49,4
NN_v2,2,EQUAL_WEIGHT,2017-09-29,VOX,82,43,3
NN_v2,2,EQUAL_WEIGHT,2017-09-29,VPU,63,31,1
NN_v2,2,EQUAL_WEIGHT,2017-10-06,VOX,83,43,0
NN_v2,2,EQUAL_WEIGHT,2017-10-06,VDE,165,80,1
NN_v2,2,EQUAL_WEIGHT,2017-10-13,VOX,84,43,0
NN_v2,2,EQUAL_WEIGHT,2017-10-13,VFH,158,75,3
NN_v2,2,EQUAL_WEIGHT,2017-10-20,VDE,166,80,0
NN_v2,2,EQUAL_WEIGHT,2017-10-20,VHT,54,31,0
NN_v2,2,EQUAL_WEIGHT,2017-10-27,VHT,55,31,0
NN_v2,2,EQUAL_WEIGHT,2017-10-27,VDE,167,81,1
NN_v2,2,EQUAL_WEIGHT,2017-11-03,VOX,85,43,0
NN_v2,2,EQUAL_WEIGHT,2017-11-03,VHT,56,31,0
NN_v2,2,EQUAL_WEIGHT,2017-11-10,VFH,159,76,4
NN_v2,2,EQUAL_WEIGHT,2017-11-10,VIS,90,56,0
NN_v2,2,EQUAL_WEIGHT,2017-11-17,VDE,168,82,2
NN_v2,2,EQUAL_WEIGHT,2017-11-17,VFH,160,77,5
NN_v2,2,EQUAL_WEIGHT,2017-11-24,VDE,169,83,3
NN_v2,2,EQUAL_WEIGHT,2017-11-24,VFH,161,78,6
NN_v2,2,EQUAL_WEIGHT,2017-12-01,VDE,170,83,0
NN_v2,2,EQUAL_WEIGHT,2017-12-01,VGT,83,49,0
NN_v2,2,EQUAL_WEIGHT,2017-12-08,VGT,84,50,1
NN_v2,2,EQUAL_WEIGHT,2017-12-08,VDE,171,83,0
NN_v2,2,EQUAL_WEIGHT,2017-12-15,VOX,86,44,1
NN_v2,2,EQUAL_WEIGHT,2017-12-15,VDE,172,84,1
NN_v2,2,EQUAL_WEIGHT,2017-12-22,VOX,87,44,0
NN_v2,2,EQUAL_WEIGHT,2017-12-22,VFH,162,78,0
NN_v2,2,EQUAL_WEIGHT,2017-12-29,VOX,88,44,0
NN_v2,2,EQUAL_WEIGHT,2017-12-29,VGT,85,51,2
NN_v2,2,EQUAL_WEIGHT,2018-01-05,VPU,64,31,0
NN_v2,2,EQUAL_WEIGHT,2018-01-05,VOX,89,45,1
NN_v2,2,EQUAL_WEIGHT,2018-01-12,VPU,65,31,0
NN_v2,2,EQUAL_WEIGHT,2018-01-12,VNQ,134,71,0
NN_v2,2,EQUAL_WEIGHT,2018-01-19,VPU,66,32,1
NN_v2,2,EQUAL_WEIGHT,2018-01-19,VDE,173,85,2
NN_v2,2,EQUAL_WEIGHT,2018-01-26,VPU,67,32,0
NN_v2,2,EQUAL_WEIGHT,2018-01-26,VDE,174,85,0
NN_v2,2,EQUAL_WEIGHT,2018-02-02,VDE,175,85,0
NN_v2,2,EQUAL_WEIGHT,2018-02-02,VAW,125,70,0
NN_v2,2,EQUAL_WEIGHT,2018-02-09,VIS,91,57,1
NN_v2,2,EQUAL_WEIGHT,2018-02-09,VDE,176,86,1
NN_v2,2,EQUAL_WEIGHT,2018-02-16,VDE,177,87,2
NN_v2,2,EQUAL_WEIGHT,2018-02-16,VHT,57,32,1
NN_v2,2,EQUAL_WEIGHT,2018-02-23,VDE,178,87,0
NN_v2,2,EQUAL_WEIGHT,2018-02-23,VHT,58,32,0
NN_v2,2,EQUAL_WEIGHT,2018-03-02,VDE,179,88,1
NN_v2,2,EQUAL_WEIGHT,2018-03-02,VHT,59,33,1
NN_v2,2,EQUAL_WEIGHT,2018-03-09,VDE,180,88,0
NN_v2,2,EQUAL_WEIGHT,2018-03-09,VOX,90,45,0
NN_v2,2,EQUAL_WEIGHT,2018-03-16,VIS,92,57,0
NN_v2,2,EQUAL_WEIGHT,2018-03-16,VHT,60,33,0
NN_v2,2,EQUAL_WEIGHT,2018-03-23,VHT,61,34,1
NN_v2,2,EQUAL_WEIGHT,2018-03-23,VFH,163,79,1
NN_v2,2,EQUAL_WEIGHT,2018-03-30,VDE,181,89,1
NN_v2,2,EQUAL_WEIGHT,2018-03-30,VAW,126,70,0
NN_v2,2,EQUAL_WEIGHT,2018-04-06,VGT,86,52,3
NN_v2,2,EQUAL_WEIGHT,2018-04-06,VHT,62,35,2
NN_v2,2,EQUAL_WEIGHT,2018-04-13,VOX,91,46,1
NN_v2,2,EQUAL_WEIGHT,2018-04-13,VCR,65,34,1
NN_v2,2,EQUAL_WEIGHT,2018-04-20,VGT,87,52,0
NN_v2,2,EQUAL_WEIGHT,2018-04-20,VHT,63,36,3
NN_v2,2,EQUAL_WEIGHT,2018-04-27,VGT,88,53,1
NN_v2,2,EQUAL_WEIGHT,2018-04-27,VAW,127,70,0
NN_v2,2,EQUAL_WEIGHT,2018-05-04,VHT,64,37,4
NN_v2,2,EQUAL_WEIGHT,2018-05-04,VAW,128,71,1
NN_v2,2,EQUAL_WEIGHT,2018-05-11,VAW,129,72,2
NN_v2,2,EQUAL_WEIGHT,2018-05-11,VHT,65,38,5
NN_v2,2,EQUAL_WEIGHT,2018-05-18,VFH,164,79,0
NN_v2,2,EQUAL_WEIGHT,2018-05-18,VHT,66,38,0
NN_v2,2,EQUAL_WEIGHT,2018-05-25,VHT,67,39,1
NN_v2,2,EQUAL_WEIGHT,2018-05-25,VFH,165,79,0
NN_v2,2,EQUAL_WEIGHT,2018-06-01,VHT,68,40,2
NN_v2,2,EQUAL_WEIGHT,2018-06-01,VFH,166,80,1
NN_v2,2,EQUAL_WEIGHT,2018-06-08,VHT,69,41,3
NN_v2,2,EQUAL_WEIGHT,2018-06-08,VDE,182,89,0
NN_v2,2,EQUAL_WEIGHT,2018-06-15,VDE,183,90,1
NN_v2,2,EQUAL_WEIGHT,2018-06-15,VFH,167,80,0
NN_v2,2,EQUAL_WEIGHT,2018-06-22,VDE,184,91,2
NN_v2,2,EQUAL_WEIGHT,2018-06-22,VAW,130,72,0
NN_v2,2,EQUAL_WEIGHT,2018-06-29,VAW,131,73,1
NN_v2,2,EQUAL_WEIGHT,2018-06-29,VGT,89,54,2
NN_v2,2,EQUAL_WEIGHT,2018-07-06,VDE,185,91,0
NN_v2,2,EQUAL_WEIGHT,2018-07-06,VIS,93,58,1
NN_v2,2,EQUAL_WEIGHT,2018-07-13,VIS,94,59,2
NN_v2,2,EQUAL_WEIGHT,2018-07-13,VFH,168,81,1
NN_v2,2,EQUAL_WEIGHT,2018-07-20,VDE,186,92,1
NN_v2,2,EQUAL_WEIGHT,2018-07-20,VIS,95,60,3
NN_v2,2,EQUAL_WEIGHT,2018-07-27,VDE,187,92,0
NN_v2,2,EQUAL_WEIGHT,2018-07-27,VGT,90,55,3
NN_v2,2,EQUAL_WEIGHT,2018-08-03,VDE,188,92,0
NN_v2,2,EQUAL_WEIGHT,2018-08-03,VOX,92,47,2
NN_v2,2,EQUAL_WEIGHT,2018-08-10,VDE,189,92,0
NN_v2,2,EQUAL_WEIGHT,2018-08-10,VNQ,135,72,1
NN_v2,2,EQUAL_WEIGHT,2018-08-17,VDE,190,93,1
NN_v2,2,EQUAL_WEIGHT,2018-08-17,VOX,93,48,3
NN_v2,2,EQUAL_WEIGHT,2018-08-24,VPU,68,32,0
NN_v2,2,EQUAL_WEIGHT,2018-08-24,VNQ,136,73,2
NN_v2,2,EQUAL_WEIGHT,2018-08-31,VDE,191,93,0
NN_v2,2,EQUAL_WEIGHT,2018-08-31,VDC,8,3,1
NN_v2,2,EQUAL_WEIGHT,2018-09-07,VDE,192,94,1
NN_v2,2,EQUAL_WEIGHT,2018-09-07,VNQ,137,73,0
NN_v2,2,EQUAL_WEIGHT,2018-09-14,VDE,193,95,2
NN_v2,2,EQUAL_WEIGHT,2018-09-14,VOX,94,49,4
NN_v2,2,EQUAL_WEIGHT,2018-09-21,VDE,194,96,3
NN_v2,2,EQUAL_WEIGHT,2018-09-21,VOX,95,50,5
NN_v2,2,EQUAL_WEIGHT,2018-09-28,VFH,169,82,2
NN_v2,2,EQUAL_WEIGHT,2018-09-28,VAW,132,73,0
NN_v2,2,EQUAL_WEIGHT,2018-10-05,VCR,66,34,0
NN_v2,2,EQUAL_WEIGHT,2018-10-05,VGT,91,55,0
NN_v2,2,EQUAL_WEIGHT,2018-10-12,VIS,96,60,0
NN_v2,2,EQUAL_WEIGHT,2018-10-12,VNQ,138,74,1
NN_v2,2,EQUAL_WEIGHT,2018-10-19,VGT,92,55,0
NN_v2,2,EQUAL_WEIGHT,2018-10-19,VCR,67,34,0
NN_v2,2,EQUAL_WEIGHT,2018-10-26,VOX,96,51,6
NN_v2,2,EQUAL_WEIGHT,2018-10-26,VGT,93,56,1
NN_v2,2,EQUAL_WEIGHT,2018-11-02,VGT,94,57,2
NN_v2,2,EQUAL_WEIGHT,2018-11-02,VDE,195,96,0
NN_v2,2,EQUAL_WEIGHT,2018-11-09,VDE,196,96,0
NN_v2,2,EQUAL_WEIGHT,2018-11-09,VIS,97,60,0
NN_v2,2,EQUAL_WEIGHT,2018-11-16,VIS,98,60,0
NN_v2,2,EQUAL_WEIGHT,2018-11-16,VOX,97,51,0
NN_v2,2,EQUAL_WEIGHT,2018-11-23,VGT,95,58,3
NN_v2,2,EQUAL_WEIGHT,2018-11-23,VOX,98,52,1
NN_v2,2,EQUAL_WEIGHT,2018-11-30,VAW,133,73,0
NN_v2,2,EQUAL_WEIGHT,2018-11-30,VDE,197,96,0
NN_v2,2,EQUAL_WEIGHT,2018-12-07,VFH,170,82,0
NN_v2,2,EQUAL_WEIGHT,2018-12-07,VIS,99,60,0
NN_v2,2,EQUAL_WEIGHT,2018-12-14,VDE,198,96,0
NN_v2,2,EQUAL_WEIGHT,2018-12-14,VAW,134,73,0
NN_v2,2,EQUAL_WEIGHT,2018-12-21,VOX,99,53,2
NN_v2,2,EQUAL_WEIGHT,2018-12-21,VFH,171,83,1
NN_v2,2,EQUAL_WEIGHT,2018-12-28,VDE,199,97,1
NN_v2,2,EQUAL_WEIGHT,2018-12-28,VAW,135,74,1
NN_v2,2,EQUAL_WEIGHT,2019-01-04,VGT,96,59,4
NN_v2,2,EQUAL_WEIGHT,2019-01-04,VDC,9,4,2
NN_v2,2,EQUAL_WEIGHT,2019-01-11,VFH,172,84,2
NN_v2,2,EQUAL_WEIGHT,2019-01-11,VGT,97,60,5
NN_v2,2,EQUAL_WEIGHT,2019-01-18,VDE,200,97,0
NN_v2,2,EQUAL_WEIGHT,2019-01-18,VGT,98,61,6
NN_v2,2,EQUAL_WEIGHT,2019-01-25,VDE,201,98,1
NN_v2,2,EQUAL_WEIGHT,2019-01-25,VHT,70,42,4
NN_v2,2,EQUAL_WEIGHT,2019-02-01,VDE,202,98,0
NN_v2,2,EQUAL_WEIGHT,2019-02-01,VCR,68,34,0
NN_v2,2,EQUAL_WEIGHT,2019-02-08,VFH,173,85,3
NN_v2,2,EQUAL_WEIGHT,2019-02-08,VCR,69,35,1
NN_v2,2,EQUAL_WEIGHT,2019-02-15,VDE,203,98,0
NN_v2,2,EQUAL_WEIGHT,2019-02-15,VCR,70,36,2
NN_v2,2,EQUAL_WEIGHT,2019-02-22,VDE,204,99,1
NN_v2,2,EQUAL_WEIGHT,2019-02-22,VOX,100,53,0
NN_v2,2,EQUAL_WEIGHT,2019-03-01,VDE,205,99,0
NN_v2,2,EQUAL_WEIGHT,2019-03-01,VAW,136,74,0
NN_v2,2,EQUAL_WEIGHT,2019-03-08,VFH,174,86,4
NN_v2,2,EQUAL_WEIGHT,2019-03-08,VCR,71,37,3
NN_v2,2,EQUAL_WEIGHT,2019-03-15,VDE,206,99,0
NN_v2,2,EQUAL_WEIGHT,2019-03-15,VFH,175,86,0
NN_v2,2,EQUAL_WEIGHT,2019-03-22,VDE,207,100,1
NN_v2,2,EQUAL_WEIGHT,2019-03-22,VIS,100,61,1
NN_v2,2,EQUAL_WEIGHT,2019-03-29,VDE,208,101,2
NN_v2,2,EQUAL_WEIGHT,2019-03-29,VIS,101,62,2
NN_v2,2,EQUAL_WEIGHT,2019-04-05,VDE,209,101,0
NN_v2,2,EQUAL_WEIGHT,2019-04-05,VFH,176,87,1
NN_v2,2,EQUAL_WEIGHT,2019-04-12,VDE,210,101,0
NN_v2,2,EQUAL_WEIGHT,2019-04-12,VIS,102,63,3
NN_v2,2,EQUAL_WEIGHT,2019-04-19,VDE,211,101,0
NN_v2,2,EQUAL_WEIGHT,2019-04-19,VAW,137,74,0
NN_v2,2,EQUAL_WEIGHT,2019-04-26,VAW,138,74,0
NN_v2,2,EQUAL_WEIGHT,2019-04-26,VIS,103,64,4
NN_v2,2,EQUAL_WEIGHT,2019-05-03,VAW,139,74,0
NN_v2,2,EQUAL_WEIGHT,2019-05-03,VDE,212,102,1
NN_v2,2,EQUAL_WEIGHT,2019-05-10,VIS,104,65,5
NN_v2,2,EQUAL_WEIGHT,2019-05-10,VCR,72,38,4
NN_v2,2,EQUAL_WEIGHT,2019-05-17,VGT,99,61,0
NN_v2,2,EQUAL_WEIGHT,2019-05-17,VCR,73,38,0
NN_v2,2,EQUAL_WEIGHT,2019-05-24,VCR,74,38,0
NN_v2,2,EQUAL_WEIGHT,2019-05-24,VGT,100,61,0
NN_v2,2,EQUAL_WEIGHT,2019-05-31,VGT,101,62,1
NN_v2,2,EQUAL_WEIGHT,2019-05-31,VCR,75,39,1
NN_v2,2,EQUAL_WEIGHT,2019-06-07,VCR,76,40,2
NN_v2,2,EQUAL_WEIGHT,2019-06-07,VIS,105,65,0
NN_v2,2,EQUAL_WEIGHT,2019-06-14,VGT,102,63,2
NN_v2,2,EQUAL_WEIGHT,2019-06-14,VIS,106,66,1
NN_v2,2,EQUAL_WEIGHT,2019-06-21,VAW,140,75,1
NN_v2,2,EQUAL_WEIGHT,2019-06-21,VFH,177,88,2
NN_v2,2,EQUAL_WEIGHT,2019-06-28,VDE,213,102,0
NN_v2,2,EQUAL_WEIGHT,2019-06-28,VCR,77,41,3
NN_v2,2,EQUAL_WEIGHT,2019-07-05,VDE,214,103,1
NN_v2,2,EQUAL_WEIGHT,2019-07-05,VIS,107,67,2
NN_v2,2,EQUAL_WEIGHT,2019-07-12,VDE,215,103,0
NN_v2,2,EQUAL_WEIGHT,2019-07-12,VHT,71,42,0
NN_v2,2,EQUAL_WEIGHT,2019-07-19,VHT,72,43,1
NN_v2,2,EQUAL_WEIGHT,2019-07-19,VFH,178,89,3
NN_v2,2,EQUAL_WEIGHT,2019-07-26,VDE,216,103,0
NN_v2,2,EQUAL_WEIGHT,2019-07-26,VPU,69,33,1
NN_v2,2,EQUAL_WEIGHT,2019-08-02,VGT,103,64,3
NN_v2,2,EQUAL_WEIGHT,2019-08-02,VAW,141,76,2
NN_v2,2,EQUAL_WEIGHT,2019-08-09,VAW,142,76,0
NN_v2,2,EQUAL_WEIGHT,2019-08-09,VCR,78,41,0
NN_v2,2,EQUAL_WEIGHT,2019-08-16,VAW,143,76,0
NN_v2,2,EQUAL_WEIGHT,2019-08-16,VGT,104,64,0
NN_v2,2,EQUAL_WEIGHT,2019-08-23,VGT,105,65,1
NN_v2,2,EQUAL_WEIGHT,2019-08-23,VCR,79,42,1
NN_v2,2,EQUAL_WEIGHT,2019-08-30,VCR,80,43,2
NN_v2,2,EQUAL_WEIGHT,2019-08-30,VOX,101,54,1
NN_v2,2,EQUAL_WEIGHT,2019-09-06,VFH,179,90,4
NN_v2,2,EQUAL_WEIGHT,2019-09-06,VOX,102,55,2
NN_v2,2,EQUAL_WEIGHT,2019-09-13,VGT,106,66,2
NN_v2,2,EQUAL_WEIGHT,2019-09-13,VOX,103,55,0
NN_v2,2,EQUAL_WEIGHT,2019-09-20,VOX,104,55,0
NN_v2,2,EQUAL_WEIGHT,2019-09-20,VGT,107,66,0
NN_v2,2,EQUAL_WEIGHT,2019-09-27,VGT,108,67,1
NN_v2,2,EQUAL_WEIGHT,2019-09-27,VAW,144,76,0
NN_v2,2,EQUAL_WEIGHT,2019-10-04,VFH,180,91,5
NN_v2,2,EQUAL_WEIGHT,2019-10-04,VIS,108,68,3
NN_v2,2,EQUAL_WEIGHT,2019-10-11,VIS,109,69,4
NN_v2,2,EQUAL_WEIGHT,2019-10-11,VFH,181,92,6
NN_v2,2,EQUAL_WEIGHT,2019-10-18,VGT,109,68,2
NN_v2,2,EQUAL_WEIGHT,2019-10-18,VIS,110,70,5
NN_v2,2,EQUAL_WEIGHT,2019-10-25,VCR,81,43,0
NN_v2,2,EQUAL_WEIGHT,2019-10-25,VDE,217,103,0
NN_v2,2,EQUAL_WEIGHT,2019-11-01,VDE,218,104,1
NN_v2,2,EQUAL_WEIGHT,2019-11-01,VNQ,139,74,0
NN_v2,2,EQUAL_WEIGHT,2019-11-08,VDE,219,104,0
NN_v2,2,EQUAL_WEIGHT,2019-11-08,VNQ,140,75,1
NN_v2,2,EQUAL_WEIGHT,2019-11-15,VDE,220,104,0
NN_v2,2,EQUAL_WEIGHT,2019-11-15,VOX,105,55,0
NN_v2,2,EQUAL_WEIGHT,2019-11-22,VDE,221,104,0
NN_v2,2,EQUAL_WEIGHT,2019-11-22,VAW,145,77,1
NN_v2,2,EQUAL_WEIGHT,2019-11-29,VDE,222,105,1
NN_v2,2,EQUAL_WEIGHT,2019-11-29,VAW,146,78,2
NN_v2,2,EQUAL_WEIGHT,2019-12-06,VNQ,141,75,0
NN_v2,2,EQUAL_WEIGHT,2019-12-06,VDE,223,106,2
NN_v2,2,EQUAL_WEIGHT,2019-12-13,VDE,224,107,3
NN_v2,2,EQUAL_WEIGHT,2019-12-13,VIS,111,70,0
NN_v2,2,EQUAL_WEIGHT,2019-12-20,VDE,225,108,4
NN_v2,2,EQUAL_WEIGHT,2019-12-20,VNQ,142,75,0
NN_v2,2,EQUAL_WEIGHT,2019-12-27,VDE,226,109,5
NN_v2,2,EQUAL_WEIGHT,2019-12-27,VNQ,143,76,1
NN_v2,2,EQUAL_WEIGHT,2020-01-03,VDE,227,109,0
NN_v2,2,EQUAL_WEIGHT,2020-01-03,VAW,147,78,0
NN_v2,2,EQUAL_WEIGHT,2020-01-10,VDE,228,109,0
NN_v2,2,EQUAL_WEIGHT,2020-01-10,VAW,148,79,1
NN_v2,2,EQUAL_WEIGHT,2020-01-17,VDE,229,109,0
NN_v2,2,EQUAL_WEIGHT,2020-01-17,VAW,149,79,0
NN_v2,2,EQUAL_WEIGHT,2020-01-24,VDE,230,109,0
NN_v2,2,EQUAL_WEIGHT,2020-01-24,VHT,73,43,0
NN_v2,2,EQUAL_WEIGHT,2020-01-31,VHT,74,44,1
NN_v2,2,EQUAL_WEIGHT,2020-01-31,VOX,106,56,1
NN_v2,2,EQUAL_WEIGHT,2020-02-07,VDE,231,110,1
NN_v2,2,EQUAL_WEIGHT,2020-02-07,VOX,107,57,2
NN_v2,2,EQUAL_WEIGHT,2020-02-14,VDE,232,110,0
NN_v2,2,EQUAL_WEIGHT,2020-02-14,VAW,150,79,0
NN_v2,2,EQUAL_WEIGHT,2020-02-21,VDE,233,110,0
NN_v2,2,EQUAL_WEIGHT,2020-02-21,VOX,108,57,0
NN_v2,2,EQUAL_WEIGHT,2020-02-28,VPU,70,34,2
NN_v2,2,EQUAL_WEIGHT,2020-02-28,VDE,234,110,0
NN_v2,2,EQUAL_WEIGHT,2020-03-06,VDE,235,110,0
NN_v2,2,EQUAL_WEIGHT,2020-03-06,VOX,109,57,0
NN_v2,2,EQUAL_WEIGHT,2020-03-13,VDE,236,110,0
NN_v2,2,EQUAL_WEIGHT,2020-03-13,VIS,112,70,0
NN_v2,2,EQUAL_WEIGHT,2020-03-20,VDE,237,111,1
NN_v2,2,EQUAL_WEIGHT,2020-03-20,VFH,182,93,7
NN_v2,2,EQUAL_WEIGHT,2020-03-27,VDE,238,112,2
NN_v2,2,EQUAL_WEIGHT,2020-03-27,VOX,110,57,0
NN_v2,2,EQUAL_WEIGHT,2020-04-03,VFH,183,94,8
NN_v2,2,EQUAL_WEIGHT,2020-04-03,VCR,82,44,1
NN_v2,2,EQUAL_WEIGHT,2020-04-10,VDE,239,112,0
NN_v2,2,EQUAL_WEIGHT,2020-04-10,VDC,10,5,3
NN_v2,2,EQUAL_WEIGHT,2020-04-17,VNQ,144,76,0
NN_v2,2,EQUAL_WEIGHT,2020-04-17,VPU,71,34,0
NN_v2,2,EQUAL_WEIGHT,2020-04-24,VIS,113,71,1
NN_v2,2,EQUAL_WEIGHT,2020-04-24,VCR,83,44,0
NN_v2,2,EQUAL_WEIGHT,2020-05-01,VDC,11,6,4
NN_v2,2,EQUAL_WEIGHT,2020-05-01,VIS,114,72,2
NN_v2,2,EQUAL_WEIGHT,2020-05-08,VPU,72,34,0
NN_v2,2,EQUAL_WEIGHT,2020-05-08,VAW,151,79,0
NN_v2,2,EQUAL_WEIGHT,2020-05-15,VDE,240,113,1
NN_v2,2,EQUAL_WEIGHT,2020-05-15,VNQ,145,77,1
NN_v2,2,EQUAL_WEIGHT,2020-05-22,VPU,73,35,1
NN_v2,2,EQUAL_WEIGHT,2020-05-22,VNQ,146,78,2
NN_v2,2,EQUAL_WEIGHT,2020-05-29,VDE,241,114,2
NN_v2,2,EQUAL_WEIGHT,2020-05-29,VNQ,147,79,3
NN_v2,2,EQUAL_WEIGHT,2020-06-05,VNQ,148,79,0
NN_v2,2,EQUAL_WEIGHT,2020-06-05,VPU,74,35,0
NN_v2,2,EQUAL_WEIGHT,2020-06-12,VAW,152,80,1
NN_v2,2,EQUAL_WEIGHT,2020-06-12,VNQ,149,80,1
NN_v2,2,EQUAL_WEIGHT,2020-06-19,VNQ,150,80,0
NN_v2,2,EQUAL_WEIGHT,2020-06-19,VAW,153,80,0
NN_v2,2,EQUAL_WEIGHT,2020-06-26,VAW,154,81,1
NN_v2,2,EQUAL_WEIGHT,2020-06-26,VNQ,151,81,1
NN_v2,2,EQUAL_WEIGHT,2020-07-03,VNQ,152,81,0
NN_v2,2,EQUAL_WEIGHT,2020-07-03,VIS,115,72,0
NN_v2,2,EQUAL_WEIGHT,2020-07-10,VFH,184,95,9
NN_v2,2,EQUAL_WEIGHT,2020-07-10,VIS,116,73,1
NN_v2,2,EQUAL_WEIGHT,2020-07-17,VNQ,153,81,0
NN_v2,2,EQUAL_WEIGHT,2020-07-17,VFH,185,96,10
NN_v2,2,EQUAL_WEIGHT,2020-07-24,VFH,186,96,0
NN_v2,2,EQUAL_WEIGHT,2020-07-24,VIS,117,73,0
NN_v2,2,EQUAL_WEIGHT,2020-07-31,VIS,118,74,1
NN_v2,2,EQUAL_WEIGHT,2020-07-31,VNQ,154,82,1
NN_v2,2,EQUAL_WEIGHT,2020-08-07,VFH,187,97,1
NN_v2,2,EQUAL_WEIGHT,2020-08-07,VDE,242,115,3
NN_v2,2,EQUAL_WEIGHT,2020-08-14,VFH,188,97,0
NN_v2,2,EQUAL_WEIGHT,2020-08-14,VNQ,155,82,0
NN_v2,2,EQUAL_WEIGHT,2020-08-21,VNQ,156,83,1
NN_v2,2,EQUAL_WEIGHT,2020-08-21,VDE,243,116,4
NN_v2,2,EQUAL_WEIGHT,2020-08-28,VDE,244,116,0
NN_v2,2,EQUAL_WEIGHT,2020-08-28,VIS,119,74,0
NN_v2,2,EQUAL_WEIGHT,2020-09-04,VOX,111,57,0
NN_v2,2,EQUAL_WEIGHT,2020-09-04,VIS,120,75,1
NN_v2,2,EQUAL_WEIGHT,2020-09-11,VIS,121,76,2
NN_v2,2,EQUAL_WEIGHT,2020-09-11,VOX,112,57,0
NN_v2,2,EQUAL_WEIGHT,2020-09-18,VFH,189,97,0
NN_v2,2,EQUAL_WEIGHT,2020-09-18,VOX,113,58,1
NN_v2,2,EQUAL_WEIGHT,2020-09-25,VFH,190,98,1
NN_v2,2,EQUAL_WEIGHT,2020-09-25,VOX,114,59,2
NN_v2,2,EQUAL_WEIGHT,2020-10-02,VFH,191,99,2
NN_v2,2,EQUAL_WEIGHT,2020-10-02,VDE,245,117,1
NN_v2,2,EQUAL_WEIGHT,2020-10-09,VDE,246,117,0
NN_v2,2,EQUAL_WEIGHT,2020-10-09,VFH,192,99,0
NN_v2,2,EQUAL_WEIGHT,2020-10-16,VDE,247,118,1
NN_v2,2,EQUAL_WEIGHT,2020-10-16,VFH,193,100,1
NN_v2,2,EQUAL_WEIGHT,2020-10-23,VDE,248,118,0
NN_v2,2,EQUAL_WEIGHT,2020-10-23,VGT,110,68,0
NN_v2,2,EQUAL_WEIGHT,2020-10-30,VCR,84,45,1
NN_v2,2,EQUAL_WEIGHT,2020-10-30,VIS,122,77,3
NN_v2,2,EQUAL_WEIGHT,2020-11-06,VDE,249,119,1
NN_v2,2,EQUAL_WEIGHT,2020-11-06,VFH,194,101,2
NN_v2,2,EQUAL_WEIGHT,2020-11-13,VGT,111,68,0
NN_v2,2,EQUAL_WEIGHT,2020-11-13,VCR,85,46,2
NN_v2,2,EQUAL_WEIGHT,2020-11-20,VNQ,157,83,0
NN_v2,2,EQUAL_WEIGHT,2020-11-20,VHT,75,45,2
NN_v2,2,EQUAL_WEIGHT,2020-11-27,VGT,112,69,1
NN_v2,2,EQUAL_WEIGHT,2020-11-27,VHT,76,46,3
NN_v2,2,EQUAL_WEIGHT,2020-12-04,VGT,113,69,0
NN_v2,2,EQUAL_WEIGHT,2020-12-04,VNQ,158,83,0
NN_v2,2,EQUAL_WEIGHT,2020-12-11,VGT,114,70,1
NN_v2,2,EQUAL_WEIGHT,2020-12-11,VHT,77,47,4
NN_v2,2,EQUAL_WEIGHT,2020-12-18,VDE,250,120,2
NN_v2,2,EQUAL_WEIGHT,2020-12-18,VNQ,159,84,1
NN_v2,2,EQUAL_WEIGHT,2020-12-25,VDE,251,120,0
NN_v2,2,EQUAL_WEIGHT,2020-12-25,VHT,78,48,5
NN_v2,2,EQUAL_WEIGHT,2021-01-01,VDE,252,121,1
NN_v2,2,EQUAL_WEIGHT,2021-01-01,VGT,115,71,2
NN_v2,2,EQUAL_WEIGHT,2021-01-08,VNQ,160,85,2
NN_v2,2,EQUAL_WEIGHT,2021-01-08,VGT,116,71,0
NN_v2,2,EQUAL_WEIGHT,2021-01-15,VGT,117,72,1
NN_v2,2,EQUAL_WEIGHT,2021-01-15,VOX,115,60,3
NN_v2,2,EQUAL_WEIGHT,2021-01-22,VAW,155,81,0
NN_v2,2,EQUAL_WEIGHT,2021-01-22,VNQ,161,85,0
NN_v2,2,EQUAL_WEIGHT,2021-01-29,VIS,123,78,4
NN_v2,2,EQUAL_WEIGHT,2021-01-29,VGT,118,73,2
NN_v2,2,EQUAL_WEIGHT,2021-02-05,VAW,156,82,1
NN_v2,2,EQUAL_WEIGHT,2021-02-05,VPU,75,35,0
NN_v2,2,EQUAL_WEIGHT,2021-02-12,VAW,157,83,2
NN_v2,2,EQUAL_WEIGHT,2021-02-12,VIS,124,78,0
NN_v2,2,EQUAL_WEIGHT,2021-02-19,VGT,119,73,0
NN_v2,2,EQUAL_WEIGHT,2021-02-19,VHT,79,48,0
NN_v2,2,EQUAL_WEIGHT,2021-02-26,VCR,86,46,0
NN_v2,2,EQUAL_WEIGHT,2021-02-26,VGT,120,73,0
NN_v2,2,EQUAL_WEIGHT,2021-03-05,VGT,121,74,1
NN_v2,2,EQUAL_WEIGHT,2021-03-05,VCR,87,47,1
NN_v2,2,EQUAL_WEIGHT,2021-03-12,VGT,122,74,0
NN_v2,2,EQUAL_WEIGHT,2021-03-12,VHT,80,49,1
NN_v2,2,EQUAL_WEIGHT,2021-03-19,VCR,88,47,0
NN_v2,2,EQUAL_WEIGHT,2021-03-19,VPU,76,36,1
NN_v2,2,EQUAL_WEIGHT,2021-03-26,VCR,89,48,1
NN_v2,2,EQUAL_WEIGHT,2021-03-26,VOX,116,61,4
NN_v2,2,EQUAL_WEIGHT,2021-04-02,VGT,123,75,1
NN_v2,2,EQUAL_WEIGHT,2021-04-02,VCR,90,49,2
NN_v2,2,EQUAL_WEIGHT,2021-04-09,VDE,253,121,0
NN_v2,2,EQUAL_WEIGHT,2021-04-09,VCR,91,50,3
NN_v2,2,EQUAL_WEIGHT,2021-04-16,VDE,254,121,0
NN_v2,2,EQUAL_WEIGHT,2021-04-16,VOX,117,61,0
NN_v2,2,EQUAL_WEIGHT,2021-04-23,VDE,255,122,1
NN_v2,2,EQUAL_WEIGHT,2021-04-23,VOX,118,62,1
NN_v2,2,EQUAL_WEIGHT,2021-04-30,VGT,124,75,0
NN_v2,2,EQUAL_WEIGHT,2021-04-30,VHT,81,50,2
NN_v2,2,EQUAL_WEIGHT,2021-05-07,VPU,77,36,0
NN_v2,2,EQUAL_WEIGHT,2021-05-07,VCR,92,50,0
NN_v2,2,EQUAL_WEIGHT,2021-05-14,VOX,119,62,0
NN_v2,2,EQUAL_WEIGHT,2021-05-14,VCR,93,50,0
NN_v2,2,EQUAL_WEIGHT,2021-05-21,VCR,94,51,1
NN_v2,2,EQUAL_WEIGHT,2021-05-21,VOX,120,63,1
NN_v2,2,EQUAL_WEIGHT,2021-05-28,VCR,95,51,0
NN_v2,2,EQUAL_WEIGHT,2021-05-28,VGT,125,76,1
NN_v2,2,EQUAL_WEIGHT,2021-06-04,VGT,126,77,2
NN_v2,2,EQUAL_WEIGHT,2021-06-04,VCR,96,52,1
NN_v2,2,EQUAL_WEIGHT,2021-06-11,VAW,158,83,0
NN_v2,2,EQUAL_WEIGHT,2021-06-11,VCR,97,52,0
NN_v2,2,EQUAL_WEIGHT,2021-06-18,VCR,98,53,1
NN_v2,2,EQUAL_WEIGHT,2021-06-18,VAW,159,84,1
NN_v2,2,EQUAL_WEIGHT,2021-06-25,VAW,160,85,2
NN_v2,2,EQUAL_WEIGHT,2021-06-25,VFH,195,101,0
NN_v2,2,EQUAL_WEIGHT,2021-07-02,VAW,161,86,3
NN_v2,2,EQUAL_WEIGHT,2021-07-02,VFH,196,101,0
NN_v2,2,EQUAL_WEIGHT,2021-07-09,VDE,256,122,0
NN_v2,2,EQUAL_WEIGHT,2021-07-09,VFH,197,101,0
NN_v2,2,EQUAL_WEIGHT,2021-07-16,VDE,257,123,1
NN_v2,2,EQUAL_WEIGHT,2021-07-16,VFH,198,102,1
NN_v2,2,EQUAL_WEIGHT,2021-07-23,VDE,258,124,2
NN_v2,2,EQUAL_WEIGHT,2021-07-23,VAW,162,87,4
NN_v2,2,EQUAL_WEIGHT,2021-07-30,VDE,259,124,0
NN_v2,2,EQUAL_WEIGHT,2021-07-30,VCR,99,53,0
NN_v2,2,EQUAL_WEIGHT,2021-08-06,VDE,260,125,1
NN_v2,2,EQUAL_WEIGHT,2021-08-06,VAW,163,88,5
NN_v2,2,EQUAL_WEIGHT,2021-08-13,VDE,261,125,0
NN_v2,2,EQUAL_WEIGHT,2021-08-13,VOX,121,63,0
NN_v2,2,EQUAL_WEIGHT,2021-08-20,VDE,262,126,1
NN_v2,2,EQUAL_WEIGHT,2021-08-20,VAW,164,89,6
NN_v2,2,EQUAL_WEIGHT,2021-08-27,VCR,100,54,1
NN_v2,2,EQUAL_WEIGHT,2021-08-27,VDE,263,126,0
NN_v2,2,EQUAL_WEIGHT,2021-09-03,VDE,264,126,0
NN_v2,2,EQUAL_WEIGHT,2021-09-03,VAW,165,89,0
NN_v2,2,EQUAL_WEIGHT,2021-09-10,VDE,265,127,1
NN_v2,2,EQUAL_WEIGHT,2021-09-10,VFH,199,102,0
NN_v2,2,EQUAL_WEIGHT,2021-09-17,VPU,78,36,0
NN_v2,2,EQUAL_WEIGHT,2021-09-17,VNQ,162,85,0
NN_v2,2,EQUAL_WEIGHT,2021-09-24,VNQ,163,85,0
NN_v2,2,EQUAL_WEIGHT,2021-09-24,VPU,79,36,0
NN_v2,2,EQUAL_WEIGHT,2021-10-01,VPU,80,37,1
NN_v2,2,EQUAL_WEIGHT,2021-10-01,VGT,127,78,3
NN_v2,2,EQUAL_WEIGHT,2021-10-08,VGT,128,79,4
NN_v2,2,EQUAL_WEIGHT,2021-10-08,VAW,166,90,1
NN_v2,2,EQUAL_WEIGHT,2021-10-15,VPU,81,38,2
NN_v2,2,EQUAL_WEIGHT,2021-10-15,VAW,167,91,2
NN_v2,2,EQUAL_WEIGHT,2021-10-22,VAW,168,91,0
NN_v2,2,EQUAL_WEIGHT,2021-10-22,VPU,82,38,0
NN_v2,2,EQUAL_WEIGHT,2021-10-29,VAW,169,92,1
NN_v2,2,EQUAL_WEIGHT,2021-10-29,VIS,125,79,1
NN_v2,2,EQUAL_WEIGHT,2021-11-05,VHT,82,51,3
NN_v2,2,EQUAL_WEIGHT,2021-11-05,VNQ,164,85,0
NN_v2,2,EQUAL_WEIGHT,2021-11-12,VCR,101,55,2
NN_v2,2,EQUAL_WEIGHT,2021-11-12,VFH,200,102,0
NN_v2,2,EQUAL_WEIGHT,2021-11-19,VDE,266,128,2
NN_v2,2,EQUAL_WEIGHT,2021-11-19,VAW,170,92,0
NN_v2,2,EQUAL_WEIGHT,2021-11-26,VDE,267,128,0
NN_v2,2,EQUAL_WEIGHT,2021-11-26,VFH,201,102,0
NN_v2,2,EQUAL_WEIGHT,2021-12-03,VAW,171,93,1
NN_v2,2,EQUAL_WEIGHT,2021-12-03,VCR,102,56,3
NN_v2,2,EQUAL_WEIGHT,2021-12-10,VDE,268,128,0
NN_v2,2,EQUAL_WEIGHT,2021-12-10,VCR,103,56,0
NN_v2,2,EQUAL_WEIGHT,2021-12-17,VDE,269,129,1
NN_v2,2,EQUAL_WEIGHT,2021-12-17,VCR,104,57,1
NN_v2,2,EQUAL_WEIGHT,2021-12-24,VDE,270,130,2
NN_v2,2,EQUAL_WEIGHT,2021-12-24,VCR,105,58,2
NN_v2,2,EQUAL_WEIGHT,2021-12-31,VCR,106,58,0
NN_v2,2,EQUAL_WEIGHT,2021-12-31,VDE,271,131,3
NN_v2,2,EQUAL_WEIGHT,2022-01-07,VCR,107,58,0
NN_v2,2,EQUAL_WEIGHT,2022-01-07,VGT,129,80,5
NN_v2,2,EQUAL_WEIGHT,2022-01-14,VCR,108,58,0
NN_v2,2,EQUAL_WEIGHT,2022-01-14,VGT,130,80,0
NN_v2,2,EQUAL_WEIGHT,2022-01-21,VOX,122,64,1
NN_v2,2,EQUAL_WEIGHT,2022-01-21,VGT,131,81,1
NN_v2,2,EQUAL_WEIGHT,2022-01-28,VNQ,165,86,1
NN_v2,2,EQUAL_WEIGHT,2022-01-28,VOX,123,64,0
NN_v2,2,EQUAL_WEIGHT,2022-02-04,VGT,132,81,0
NN_v2,2,EQUAL_WEIGHT,2022-02-04,VNQ,166,86,0
NN_v2,2,EQUAL_WEIGHT,2022-02-11,VCR,109,58,0
NN_v2,2,EQUAL_WEIGHT,2022-02-11,VGT,133,81,0
NN_v2,2,EQUAL_WEIGHT,2022-02-18,VNQ,167,87,1
NN_v2,2,EQUAL_WEIGHT,2022-02-18,VHT,83,52,4
NN_v2,2,EQUAL_WEIGHT,2022-02-25,VCR,110,58,0
NN_v2,2,EQUAL_WEIGHT,2022-02-25,VGT,134,81,0
NN_v2,2,EQUAL_WEIGHT,2022-03-04,VGT,135,81,0
NN_v2,2,EQUAL_WEIGHT,2022-03-04,VOX,124,64,0
NN_v2,2,EQUAL_WEIGHT,2022-03-11,VGT,136,82,1
NN_v2,2,EQUAL_WEIGHT,2022-03-11,VCR,111,59,1
NN_v2,2,EQUAL_WEIGHT,2022-03-18,VNQ,168,87,0
NN_v2,2,EQUAL_WEIGHT,2022-03-18,VOX,125,65,1
NN_v2,2,EQUAL_WEIGHT,2022-03-25,VCR,112,59,0
NN_v2,2,EQUAL_WEIGHT,2022-03-25,VGT,137,83,2
NN_v2,2,EQUAL_WEIGHT,2022-04-01,VGT,138,83,0
NN_v2,2,EQUAL_WEIGHT,2022-04-01,VFH,202,102,0
NN_v2,2,EQUAL_WEIGHT,2022-04-08,VCR,113,60,1
NN_v2,2,EQUAL_WEIGHT,2022-04-08,VGT,139,83,0
NN_v2,2,EQUAL_WEIGHT,2022-04-15,VCR,114,60,0
NN_v2,2,EQUAL_WEIGHT,2022-04-15,VFH,203,102,0
NN_v2,2,EQUAL_WEIGHT,2022-04-22,VFH,204,102,0
NN_v2,2,EQUAL_WEIGHT,2022-04-22,VGT,140,83,0
NN_v2,2,EQUAL_WEIGHT,2022-04-29,VGT,141,83,0
NN_v2,2,EQUAL_WEIGHT,2022-04-29,VFH,205,103,1
NN_v2,2,EQUAL_WEIGHT,2022-05-06,VOX,126,66,2
NN_v2,2,EQUAL_WEIGHT,2022-05-06,VGT,142,83,0
NN_v2,2,EQUAL_WEIGHT,2022-05-13,VFH,206,103,0
NN_v2,2,EQUAL_WEIGHT,2022-05-13,VGT,143,83,0
NN_v2,2,EQUAL_WEIGHT,2022-05-20,VCR,115,61,1
NN_v2,2,EQUAL_WEIGHT,2022-05-20,VGT,144,84,1
NN_v2,2,EQUAL_WEIGHT,2022-05-27,VOX,127,66,0
NN_v2,2,EQUAL_WEIGHT,2022-05-27,VHT,84,52,0
NN_v2,2,EQUAL_WEIGHT,2022-06-03,VGT,145,84,0
NN_v2,2,EQUAL_WEIGHT,2022-06-03,VCR,116,61,0
NN_v2,2,EQUAL_WEIGHT,2022-06-10,VCR,117,61,0
NN_v2,2,EQUAL_WEIGHT,2022-06-10,VOX,128,66,0
NN_v2,2,EQUAL_WEIGHT,2022-06-17,VDE,272,131,0
NN_v2,2,EQUAL_WEIGHT,2022-06-17,VPU,83,39,1
NN_v2,2,EQUAL_WEIGHT,2022-06-24,VFH,207,103,0
NN_v2,2,EQUAL_WEIGHT,2022-06-24,VOX,129,66,0
NN_v2,2,EQUAL_WEIGHT,2022-07-01,VCR,118,62,1
NN_v2,2,EQUAL_WEIGHT,2022-07-01,VGT,146,85,1
NN_v2,2,EQUAL_WEIGHT,2022-07-08,VPU,84,40,2
NN_v2,2,EQUAL_WEIGHT,2022-07-08,VDE,273,131,0
NN_v2,2,EQUAL_WEIGHT,2022-07-15,VDE,274,132,1
NN_v2,2,EQUAL_WEIGHT,2022-07-15,VCR,119,63,2
NN_v2,2,EQUAL_WEIGHT,2022-07-22,VPU,85,41,3
NN_v2,2,EQUAL_WEIGHT,2022-07-22,VDE,275,133,2
NN_v2,2,EQUAL_WEIGHT,2022-07-29,VFH,208,104,1
NN_v2,2,EQUAL_WEIGHT,2022-07-29,VOX,130,67,1
NN_v2,2,EQUAL_WEIGHT,2022-08-05,VDE,276,134,3
NN_v2,2,EQUAL_WEIGHT,2022-08-05,VCR,120,64,3
NN_v2,2,EQUAL_WEIGHT,2022-08-12,VDE,277,135,4
NN_v2,2,EQUAL_WEIGHT,2022-08-12,VCR,121,64,0
NN_v2,2,EQUAL_WEIGHT,2022-08-19,VCR,122,64,0
NN_v2,2,EQUAL_WEIGHT,2022-08-19,VGT,147,85,0
NN_v2,2,EQUAL_WEIGHT,2022-08-26,VCR,123,64,0
NN_v2,2,EQUAL_WEIGHT,2022-08-26,VGT,148,85,0
NN_v2,2,EQUAL_WEIGHT,2022-09-02,VCR,124,65,1
NN_v2,2,EQUAL_WEIGHT,2022-09-02,VGT,149,86,1
NN_v2,2,EQUAL_WEIGHT,2022-09-09,VGT,150,86,0
NN_v2,2,EQUAL_WEIGHT,2022-09-09,VDE,278,135,0
NN_v2,2,EQUAL_WEIGHT,2022-09-16,VCR,125,65,0
NN_v2,2,EQUAL_WEIGHT,2022-09-16,VIS,126,79,0
NN_v2,2,EQUAL_WEIGHT,2022-09-23,VDE,279,136,1
NN_v2,2,EQUAL_WEIGHT,2022-09-23,VCR,126,65,0
NN_v2,2,EQUAL_WEIGHT,2022-09-30,VCR,127,65,0
NN_v2,2,EQUAL_WEIGHT,2022-09-30,VPU,86,41,0
NN_v2,2,EQUAL_WEIGHT,2022-10-07,VNQ,169,87,0
NN_v2,2,EQUAL_WEIGHT,2022-10-07,VCR,128,65,0
NN_v2,2,EQUAL_WEIGHT,2022-10-14,VOX,131,68,2
NN_v2,2,EQUAL_WEIGHT,2022-10-14,VGT,151,87,1
NN_v2,2,EQUAL_WEIGHT,2022-10-21,VNQ,170,88,1
NN_v2,2,EQUAL_WEIGHT,2022-10-21,VCR,129,66,1
NN_v2,2,EQUAL_WEIGHT,2022-10-28,VOX,132,68,0
NN_v2,2,EQUAL_WEIGHT,2022-10-28,VCR,130,66,0
NN_v2,2,EQUAL_WEIGHT,2022-11-04,VGT,152,88,2
NN_v2,2,EQUAL_WEIGHT,2022-11-04,VCR,131,67,1
NN_v2,2,EQUAL_WEIGHT,2022-11-11,VPU,87,42,1
NN_v2,2,EQUAL_WEIGHT,2022-11-11,VCR,132,67,0
NN_v2,2,EQUAL_WEIGHT,2022-11-18,VGT,153,89,3
NN_v2,2,EQUAL_WEIGHT,2022-11-18,VNQ,171,89,2
NN_v2,2,EQUAL_WEIGHT,2022-11-25,VCR,133,68,1
NN_v2,2,EQUAL_WEIGHT,2022-11-25,VGT,154,90,4
NN_v2,2,EQUAL_WEIGHT,2022-12-02,VGT,155,90,0
NN_v2,2,EQUAL_WEIGHT,2022-12-02,VNQ,172,89,0
NN_v2,2,EQUAL_WEIGHT,2022-12-09,VGT,156,90,0
NN_v2,2,EQUAL_WEIGHT,2022-12-09,VNQ,173,89,0
NN_v2,2,EQUAL_WEIGHT,2022-12-16,VGT,157,90,0
NN_v2,2,EQUAL_WEIGHT,2022-12-16,VAW,172,94,2
NN_v2,2,EQUAL_WEIGHT,2022-12-23,VGT,158,91,1
NN_v2,2,EQUAL_WEIGHT,2022-12-23,VFH,209,105,2
NN_v2,2,EQUAL_WEIGHT,2022-12-30,VGT,159,91,0
NN_v2,2,EQUAL_WEIGHT,2022-12-30,VNQ,174,90,1
NN_v2,2,EQUAL_WEIGHT,2023-01-06,VGT,160,92,1
NN_v2,2,EQUAL_WEIGHT,2023-01-06,VDE,280,137,2
NN_v2,2,EQUAL_WEIGHT,2023-01-13,VGT,161,93,2
NN_v2,2,EQUAL_WEIGHT,2023-01-13,VDE,281,138,3
NN_v2,2,EQUAL_WEIGHT,2023-01-20,VCR,134,69,2
NN_v2,2,EQUAL_WEIGHT,2023-01-20,VGT,162,94,3
NN_v2,2,EQUAL_WEIGHT,2023-01-27,VDE,282,138,0
NN_v2,2,EQUAL_WEIGHT,2023-01-27,VGT,163,95,4
NN_v2,2,EQUAL_WEIGHT,2023-02-03,VDE,283,139,1
NN_v2,2,EQUAL_WEIGHT,2023-02-03,VPU,88,42,0
NN_v2,2,EQUAL_WEIGHT,2023-02-10,VOX,133,69,1
NN_v2,2,EQUAL_WEIGHT,2023-02-10,VCR,135,70,3
NN_v2,2,EQUAL_WEIGHT,2023-02-17,VDE,284,140,2
NN_v2,2,EQUAL_WEIGHT,2023-02-17,VNQ,175,90,0
NN_v2,2,EQUAL_WEIGHT,2023-02-24,VOX,134,70,2
NN_v2,2,EQUAL_WEIGHT,2023-02-24,VNQ,176,91,1
NN_v2,2,EQUAL_WEIGHT,2023-03-03,VDE,285,140,0
NN_v2,2,EQUAL_WEIGHT,2023-03-03,VOX,135,70,0
NN_v2,2,EQUAL_WEIGHT,2023-03-10,VOX,136,71,1
NN_v2,2,EQUAL_WEIGHT,2023-03-10,VCR,136,71,4
NN_v2,2,EQUAL_WEIGHT,2023-03-17,VCR,137,72,5
NN_v2,2,EQUAL_WEIGHT,2023-03-17,VAW,173,95,3
NN_v2,2,EQUAL_WEIGHT,2023-03-24,VNQ,177,92,2
NN_v2,2,EQUAL_WEIGHT,2023-03-24,VAW,174,96,4
NN_v2,2,EQUAL_WEIGHT,2023-03-31,VDE,286,140,0
NN_v2,2,EQUAL_WEIGHT,2023-03-31,VNQ,178,92,0
NN_v2,2,EQUAL_WEIGHT,2023-04-07,VCR,138,73,6
NN_v2,2,EQUAL_WEIGHT,2023-04-07,VAW,175,97,5
NN_v2,2,EQUAL_WEIGHT,2023-04-14,VDE,287,140,0
NN_v2,2,EQUAL_WEIGHT,2023-04-14,VNQ,179,93,1
NN_v2,2,EQUAL_WEIGHT,2023-04-21,VDE,288,141,1
NN_v2,2,EQUAL_WEIGHT,2023-04-21,VAW,176,97,0
NN_v2,2,EQUAL_WEIGHT,2023-04-28,VDE,289,141,0
NN_v2,2,EQUAL_WEIGHT,2023-04-28,VFH,210,105,0
NN_v2,2,EQUAL_WEIGHT,2023-05-05,VFH,211,105,0
NN_v2,2,EQUAL_WEIGHT,2023-05-05,VAW,177,97,0
NN_v2,2,EQUAL_WEIGHT,2023-05-12,VAW,178,98,1
NN_v2,2,EQUAL_WEIGHT,2023-05-12,VNQ,180,93,0
NN_v2,2,EQUAL_WEIGHT,2023-05-19,VNQ,181,93,0
NN_v2,2,EQUAL_WEIGHT,2023-05-19,VAW,179,98,0
NN_v2,2,EQUAL_WEIGHT,2023-05-26,VFH,212,106,1
NN_v2,2,EQUAL_WEIGHT,2023-05-26,VNQ,182,94,1
NN_v2,2,EQUAL_WEIGHT,2023-06-02,VDE,290,142,1
NN_v2,2,EQUAL_WEIGHT,2023-06-02,VFH,213,107,2
NN_v2,2,EQUAL_WEIGHT,2023-06-09,VDE,291,143,2
NN_v2,2,EQUAL_WEIGHT,2023-06-09,VFH,214,108,3
NN_v2,2,EQUAL_WEIGHT,2023-06-16,VDE,292,143,0
NN_v2,2,EQUAL_WEIGHT,2023-06-16,VFH,215,108,0
NN_v2,2,EQUAL_WEIGHT,2023-06-23,VDE,293,144,1
NN_v2,2,EQUAL_WEIGHT,2023-06-23,VFH,216,109,1
NN_v2,2,EQUAL_WEIGHT,2023-06-30,VDE,294,144,0
NN_v2,2,EQUAL_WEIGHT,2023-06-30,VFH,217,109,0
NN_v2,2,EQUAL_WEIGHT,2023-07-07,VDE,295,145,1
NN_v2,2,EQUAL_WEIGHT,2023-07-07,VAW,180,99,1
NN_v2,2,EQUAL_WEIGHT,2023-07-14,VDE,296,146,2
NN_v2,2,EQUAL_WEIGHT,2023-07-14,VFH,218,110,1
NN_v2,2,EQUAL_WEIGHT,2023-07-21,VNQ,183,94,0
NN_v2,2,EQUAL_WEIGHT,2023-07-21,VDE,297,147,3
NN_v2,2,EQUAL_WEIGHT,2023-07-28,VNQ,184,94,0
NN_v2,2,EQUAL_WEIGHT,2023-07-28,VDE,298,148,4
NN_v2,2,EQUAL_WEIGHT,2023-08-04,VGT,164,95,0
NN_v2,2,EQUAL_WEIGHT,2023-08-04,VAW,181,99,0
NN_v2,2,EQUAL_WEIGHT,2023-08-11,VGT,165,95,0
NN_v2,2,EQUAL_WEIGHT,2023-08-11,VAW,182,99,0
NN_v2,2,EQUAL_WEIGHT,2023-08-18,VAW,183,99,0
NN_v2,2,EQUAL_WEIGHT,2023-08-18,VGT,166,96,1
NN_v2,2,EQUAL_WEIGHT,2023-08-25,VCR,139,74,7
NN_v2,2,EQUAL_WEIGHT,2023-08-25,VNQ,185,95,1
NN_v2,2,EQUAL_WEIGHT,2023-09-01,VPU,89,43,1
NN_v2,2,EQUAL_WEIGHT,2023-09-01,VNQ,186,95,0
NN_v2,2,EQUAL_WEIGHT,2023-09-08,VAW,184,99,0
NN_v2,2,EQUAL_WEIGHT,2023-09-08,VNQ,187,96,1
NN_v2,2,EQUAL_WEIGHT,2023-09-15,VGT,167,96,0
NN_v2,2,EQUAL_WEIGHT,2023-09-15,VAW,185,99,0
NN_v2,2,EQUAL_WEIGHT,2023-09-22,VCR,140,75,8
NN_v2,2,EQUAL_WEIGHT,2023-09-22,VIS,127,80,1
NN_v2,2,EQUAL_WEIGHT,2023-09-29,VAW,186,99,0
NN_v2,2,EQUAL_WEIGHT,2023-09-29,VIS,128,80,0
NN_v2,2,EQUAL_WEIGHT,2023-10-06,VAW,187,99,0
NN_v2,2,EQUAL_WEIGHT,2023-10-06,VDE,299,149,5
NN_v2,2,EQUAL_WEIGHT,2023-10-13,VIS,129,80,0
NN_v2,2,EQUAL_WEIGHT,2023-10-13,VAW,188,99,0
NN_v2,2,EQUAL_WEIGHT,2023-10-20,VAW,189,100,1
NN_v2,2,EQUAL_WEIGHT,2023-10-20,VCR,141,75,0
NN_v2,2,EQUAL_WEIGHT,2023-10-27,VDE,300,150,6
NN_v2,2,EQUAL_WEIGHT,2023-10-27,VHT,85,53,1
NN_v2,2,EQUAL_WEIGHT,2023-11-03,VDE,301,150,0
NN_v2,2,EQUAL_WEIGHT,2023-11-03,VPU,90,43,0
NN_v2,2,EQUAL_WEIGHT,2023-11-10,VPU,91,44,1
NN_v2,2,EQUAL_WEIGHT,2023-11-10,VNQ,188,97,2
NN_v2,2,EQUAL_WEIGHT,2023-11-17,VNQ,189,98,3
NN_v2,2,EQUAL_WEIGHT,2023-11-17,VPU,92,45,2
NN_v2,2,EQUAL_WEIGHT,2023-11-24,VNQ,190,99,4
NN_v2,2,EQUAL_WEIGHT,2023-11-24,VCR,142,76,1
NN_v2,2,EQUAL_WEIGHT,2023-12-01,VDE,302,150,0
NN_v2,2,EQUAL_WEIGHT,2023-12-01,VOX,137,72,2
NN_v2,2,EQUAL_WEIGHT,2023-12-08,VDE,303,151,1
NN_v2,2,EQUAL_WEIGHT,2023-12-08,VPU,93,46,3
NN_v2,2,EQUAL_WEIGHT,2023-12-15,VDE,304,151,0
NN_v2,2,EQUAL_WEIGHT,2023-12-15,VPU,94,46,0
NN_v2,2,EQUAL_WEIGHT,2023-12-22,VDE,305,151,0
NN_v2,2,EQUAL_WEIGHT,2023-12-22,VPU,95,47,1
NN_v2,2,EQUAL_WEIGHT,2023-12-29,VDE,306,152,1
NN_v2,2,EQUAL_WEIGHT,2023-12-29,VPU,96,48,2
NN_v2,2,EQUAL_WEIGHT,2024-01-05,VCR,143,77,2
NN_v2,2,EQUAL_WEIGHT,2024-01-05,VGT,168,97,1
NN_v2,2,EQUAL_WEIGHT,2024-01-12,VDE,307,152,0
NN_v2,2,EQUAL_WEIGHT,2024-01-12,VCR,144,78,3
NN_v2,2,EQUAL_WEIGHT,2024-01-19,VNQ,191,99,0
NN_v2,2,EQUAL_WEIGHT,2024-01-19,VDE,308,153,1
NN_v2,2,EQUAL_WEIGHT,2024-01-26,VNQ,192,99,0
NN_v2,2,EQUAL_WEIGHT,2024-01-26,VCR,145,79,4
NN_v2,2,EQUAL_WEIGHT,2024-02-02,VNQ,193,100,1
NN_v2,2,EQUAL_WEIGHT,2024-02-02,VDE,309,154,2
NN_v2,2,EQUAL_WEIGHT,2024-02-09,VDE,310,155,3
NN_v2,2,EQUAL_WEIGHT,2024-02-09,VNQ,194,100,0
NN_v2,2,EQUAL_WEIGHT,2024-02-16,VGT,169,98,2
NN_v2,2,EQUAL_WEIGHT,2024-02-16,VNQ,195,101,1
NN_v2,2,EQUAL_WEIGHT,2024-02-23,VGT,170,99,3
NN_v2,2,EQUAL_WEIGHT,2024-02-23,VDE,311,156,4
NN_v2,2,EQUAL_WEIGHT,2024-03-01,VDE,312,157,5
NN_v2,2,EQUAL_WEIGHT,2024-03-01,VPU,97,49,3
NN_v2,2,EQUAL_WEIGHT,2024-03-08,VCR,146,79,0
NN_v2,2,EQUAL_WEIGHT,2024-03-08,VGT,171,99,0
NN_v2,2,EQUAL_WEIGHT,2024-03-15,VGT,172,100,1
NN_v2,2,EQUAL_WEIGHT,2024-03-15,VNQ,196,101,0
NN_v2,2,EQUAL_WEIGHT,2024-03-22,VNQ,197,102,1
NN_v2,2,EQUAL_WEIGHT,2024-03-22,VDE,313,158,6
NN_v2,2,EQUAL_WEIGHT,2024-03-29,VGT,173,100,0
NN_v2,2,EQUAL_WEIGHT,2024-03-29,VNQ,198,102,0
NN_v2,2,EQUAL_WEIGHT,2024-04-05,VCR,147,79,0
NN_v2,2,EQUAL_WEIGHT,2024-04-05,VGT,174,100,0
NN_v2,2,EQUAL_WEIGHT,2024-04-12,VCR,148,79,0
NN_v2,2,EQUAL_WEIGHT,2024-04-12,VNQ,199,102,0
NN_v2,2,EQUAL_WEIGHT,2024-04-19,VCR,149,80,1
NN_v2,2,EQUAL_WEIGHT,2024-04-19,VGT,175,101,1
NN_v2,2,EQUAL_WEIGHT,2024-04-26,VNQ,200,103,1
NN_v2,2,EQUAL_WEIGHT,2024-04-26,VGT,176,102,2
NN_v2,2,EQUAL_WEIGHT,2024-05-03,VGT,177,103,3
NN_v2,2,EQUAL_WEIGHT,2024-05-03,VNQ,201,104,2
NN_v2,2,EQUAL_WEIGHT,2024-05-10,VNQ,202,105,3
NN_v2,2,EQUAL_WEIGHT,2024-05-10,VGT,178,104,4
NN_v2,2,EQUAL_WEIGHT,2024-05-17,VCR,150,80,0
NN_v2,2,EQUAL_WEIGHT,2024-05-17,VGT,179,105,5
NN_v2,2,EQUAL_WEIGHT,2024-05-24,VNQ,203,106,4
NN_v2,2,EQUAL_WEIGHT,2024-05-24,VDE,314,159,7
NN_v2,2,EQUAL_WEIGHT,2024-05-31,VDE,315,159,0
NN_v2,2,EQUAL_WEIGHT,2024-05-31,VGT,180,106,6
NN_v2,2,EQUAL_WEIGHT,2024-06-07,VDE,316,159,0
NN_v2,2,EQUAL_WEIGHT,2024-06-07,VPU,98,49,0
NN_v2,2,EQUAL_WEIGHT,2024-06-14,VDE,317,160,1
NN_v2,2,EQUAL_WEIGHT,2024-06-14,VPU,99,49,0
NN_v2,2,EQUAL_WEIGHT,2024-06-21,VDE,318,161,2
NN_v2,2,EQUAL_WEIGHT,2024-06-21,VPU,100,49,0
NN_v2,2,EQUAL_WEIGHT,2024-06-28,VPU,101,49,0
NN_v2,2,EQUAL_WEIGHT,2024-06-28,VGT,181,107,7
NN_v2,2,EQUAL_WEIGHT,2024-07-05,VDE,319,162,3
NN_v2,2,EQUAL_WEIGHT,2024-07-05,VPU,102,50,1
NN_v2,2,EQUAL_WEIGHT,2024-07-12,VDE,320,163,4
NN_v2,2,EQUAL_WEIGHT,2024-07-12,VOX,138,72,0
NN_v2,2,EQUAL_WEIGHT,2024-07-19,VGT,182,107,0
NN_v2,2,EQUAL_WEIGHT,2024-07-19,VPU,103,51,2
NN_v2,2,EQUAL_WEIGHT,2024-07-26,VGT,183,107,0
NN_v2,2,EQUAL_WEIGHT,2024-07-26,VOX,139,72,0
NN_v2,2,EQUAL_WEIGHT,2024-08-02,VGT,184,108,1
NN_v2,2,EQUAL_WEIGHT,2024-08-02,VCR,151,81,1
NN_v2,2,EQUAL_WEIGHT,2024-08-09,VGT,185,109,2
NN_v2,2,EQUAL_WEIGHT,2024-08-09,VCR,152,82,2
NN_v2,2,EQUAL_WEIGHT,2024-08-16,VDE,321,163,0
NN_v2,2,EQUAL_WEIGHT,2024-08-16,VGT,186,110,3
NN_v2,2,EQUAL_WEIGHT,2024-08-23,VGT,187,110,0
NN_v2,2,EQUAL_WEIGHT,2024-08-23,VDE,322,163,0
NN_v2,2,EQUAL_WEIGHT,2024-08-30,VGT,188,110,0
NN_v2,2,EQUAL_WEIGHT,2024-08-30,VCR,153,82,0
NN_v2,2,EQUAL_WEIGHT,2024-09-06,VGT,189,111,1
NN_v2,2,EQUAL_WEIGHT,2024-09-06,VDE,323,163,0
NN_v2,2,EQUAL_WEIGHT,2024-09-13,VDE,324,164,1
NN_v2,2,EQUAL_WEIGHT,2024-09-13,VGT,190,112,2
NN_v2,2,EQUAL_WEIGHT,2024-09-20,VGT,191,113,3
NN_v2,2,EQUAL_WEIGHT,2024-09-20,VDE,325,164,0
NN_v2,2,EQUAL_WEIGHT,2024-09-27,VGT,192,114,4
NN_v2,2,EQUAL_WEIGHT,2024-09-27,VDE,326,165,1
NN_v2,2,EQUAL_WEIGHT,2024-10-04,VGT,193,115,5
NN_v2,2,EQUAL_WEIGHT,2024-10-04,VCR,154,82,0
NN_v2,2,EQUAL_WEIGHT,2024-10-11,VDE,327,165,0
NN_v2,2,EQUAL_WEIGHT,2024-10-11,VGT,194,115,0
NN_v2,2,EQUAL_WEIGHT,2024-10-18,VDE,328,165,0
NN_v2,2,EQUAL_WEIGHT,2024-10-18,VGT,195,116,1
NN_v2,2,EQUAL_WEIGHT,2024-10-25,VDE,329,166,1
NN_v2,2,EQUAL_WEIGHT,2024-10-25,VGT,196,116,0
NN_v2,2,EQUAL_WEIGHT,2024-11-01,VGT,197,117,1
NN_v2,2,EQUAL_WEIGHT,2024-11-01,VAW,190,101,2
NN_v2,2,EQUAL_WEIGHT,2024-11-08,VPU,104,52,3
NN_v2,2,EQUAL_WEIGHT,2024-11-08,VNQ,204,106,0
NN_v2,2,EQUAL_WEIGHT,2024-11-15,VGT,198,118,2
NN_v2,2,EQUAL_WEIGHT,2024-11-15,VAW,191,102,3
NN_v2,2,EQUAL_WEIGHT,2024-11-22,VGT,199,118,0
NN_v2,2,EQUAL_WEIGHT,2024-11-22,VHT,86,54,2
NN_v2,2,EQUAL_WEIGHT,2024-11-29,VDE,330,166,0
NN_v2,2,EQUAL_WEIGHT,2024-11-29,VGT,200,119,1
NN_v2,2,EQUAL_WEIGHT,2024-12-06,VDE,331,166,0
NN_v2,2,EQUAL_WEIGHT,2024-12-06,VPU,105,52,0
NN_v2,2,EQUAL_WEIGHT,2024-12-13,VDE,332,166,0
NN_v2,2,EQUAL_WEIGHT,2024-12-13,VIS,130,80,0
NN_v2,2,EQUAL_WEIGHT,2024-12-20,VDE,333,167,1
NN_v2,2,EQUAL_WEIGHT,2024-12-20,VIS,131,81,1
NN_v2,2,EQUAL_WEIGHT,2024-12-27,VDE,334,168,2
NN_v2,2,EQUAL_WEIGHT,2024-12-27,VIS,132,82,2
NN_v2,2,EQUAL_WEIGHT,2025-01-03,VIS,133,82,0
NN_v2,2,EQUAL_WEIGHT,2025-01-03,VDC,12,6,0
NN_v2,2,EQUAL_WEIGHT,2025-01-10,VGT,201,120,2
NN_v2,2,EQUAL_WEIGHT,2025-01-10,VFH,219,111,2
NN_v2,2,EQUAL_WEIGHT,2025-01-17,VHT,87,55,3
NN_v2,2,EQUAL_WEIGHT,2025-01-17,VNQ,205,107,1
NN_v2,2,EQUAL_WEIGHT,2025-01-24,VDE,335,168,0
NN_v2,2,EQUAL_WEIGHT,2025-01-24,VPU,106,53,1
NN_v2,2,EQUAL_WEIGHT,2025-01-31,VPU,107,54,2
NN_v2,2,EQUAL_WEIGHT,2025-01-31,VAW,192,103,4
NN_v2,2,EQUAL_WEIGHT,2025-02-07,VGT,202,121,3
NN_v2,2,EQUAL_WEIGHT,2025-02-07,VIS,134,82,0
NN_v2,2,EQUAL_WEIGHT,2025-02-14,VNQ,206,108,2
NN_v2,2,EQUAL_WEIGHT,2025-02-14,VCR,155,82,0
NN_v2,2,EQUAL_WEIGHT,2025-02-21,VGT,203,121,0
NN_v2,2,EQUAL_WEIGHT,2025-02-21,VNQ,207,109,3
NN_v2,2,EQUAL_WEIGHT,2025-02-28,VAW,193,103,0
NN_v2,2,EQUAL_WEIGHT,2025-02-28,VDE,336,168,0
NN_v2,2,EQUAL_WEIGHT,2025-03-07,VDE,337,169,1
NN_v2,2,EQUAL_WEIGHT,2025-03-07,VFH,220,112,3
NN_v2,2,EQUAL_WEIGHT,2025-03-14,VAW,194,103,0
NN_v2,2,EQUAL_WEIGHT,2025-03-14,VFH,221,113,4
NN_v2,2,EQUAL_WEIGHT,2025-03-21,VAW,195,103,0
NN_v2,2,EQUAL_WEIGHT,2025-03-21,VIS,135,82,0
NN_v2,2,EQUAL_WEIGHT,2025-03-28,VAW,196,103,0
NN_v2,2,EQUAL_WEIGHT,2025-03-28,VIS,136,82,0
NN_v2,2,EQUAL_WEIGHT,2025-04-04,VHT,88,56,4
NN_v2,2,EQUAL_WEIGHT,2025-04-04,VAW,197,104,1
NN_v2,2,EQUAL_WEIGHT,2025-04-11,VNQ,208,110,4
NN_v2,2,EQUAL_WEIGHT,2025-04-11,VFH,222,113,0
NN_v2,2,EQUAL_WEIGHT,2025-04-18,VHT,89,57,5
NN_v2,2,EQUAL_WEIGHT,2025-04-18,VAW,198,105,2
NN_v2,2,EQUAL_WEIGHT,2025-04-25,VAW,199,106,3
NN_v2,2,EQUAL_WEIGHT,2025-04-25,VIS,137,83,1
NN_v2,2,EQUAL_WEIGHT,2025-05-02,VDE,338,170,2
NN_v2,2,EQUAL_WEIGHT,2025-05-02,VCR,156,83,1
NN_v2,2,EQUAL_WEIGHT,2025-05-09,VDE,339,171,3
NN_v2,2,EQUAL_WEIGHT,2025-05-09,VOX,140,73,1
NN_v2,2,EQUAL_WEIGHT,2025-05-16,VDE,340,171,0
NN_v2,2,EQUAL_WEIGHT,2025-05-16,VAW,200,106,0
NN_v2,2,EQUAL_WEIGHT,2025-05-23,VAW,201,106,0
NN_v2,2,EQUAL_WEIGHT,2025-05-23,VFH,223,114,1
NN_v2,2,EQUAL_WEIGHT,2025-05-30,VDE,341,172,1
NN_v2,2,EQUAL_WEIGHT,2025-05-30,VAW,202,107,1
NN_v2,2,EQUAL_WEIGHT,2025-06-06,VCR,157,83,0
NN_v2,2,EQUAL_WEIGHT,2025-06-06,VDE,342,173,2
NN_v2,2,EQUAL_WEIGHT,2025-06-13,VCR,158,83,0
NN_v2,2,EQUAL_WEIGHT,2025-06-13,VFH,224,115,2
NN_v2,2,EQUAL_WEIGHT,2025-06-20,VCR,159,84,1
NN_v2,2,EQUAL_WEIGHT,2025-06-20,VFH,225,116,3
NN_v2,2,EQUAL_WEIGHT,2025-06-27,VDE,343,174,3
NN_v2,2,EQUAL_WEIGHT,2025-06-27,VHT,90,58,6
NN_v2,2,EQUAL_WEIGHT,2025-07-04,VDE,344,175,4
NN_v2,2,EQUAL_WEIGHT,2025-07-04,VNQ,209,110,0
NN_v2,2,EQUAL_WEIGHT,2025-07-11,VFH,226,117,4
NN_v2,2,EQUAL_WEIGHT,2025-07-11,VCR,160,85,2
NN_v2,2,EQUAL_WEIGHT,2025-07-18,VCR,161,86,3
NN_v2,2,EQUAL_WEIGHT,2025-07-18,VDE,345,176,5
NN_v2,2,EQUAL_WEIGHT,2025-07-25,VDE,346,176,0
NN_v2,2,EQUAL_WEIGHT,2025-07-25,VCR,162,86,0
NN_v2,2,EQUAL_WEIGHT,2025-08-01,VDE,347,176,0
NN_v2,2,EQUAL_WEIGHT,2025-08-01,VCR,163,87,1
NN_v2,2,EQUAL_WEIGHT,2025-08-08,VFH,227,118,5
NN_v2,2,EQUAL_WEIGHT,2025-08-08,VCR,164,88,2
NN_v2,2,EQUAL_WEIGHT,2025-08-15,VFH,228,119,6
NN_v2,2,EQUAL_WEIGHT,2025-08-15,VIS,138,84,2
NN_v2,2,EQUAL_WEIGHT,2025-08-22,VDE,348,177,1
NN_v2,2,EQUAL_WEIGHT,2025-08-22,VGT,204,122,1
NN_v2,2,EQUAL_WEIGHT,2025-08-29,VHT,91,59,7
NN_v2,2,EQUAL_WEIGHT,2025-08-29,VIS,139,85,3
NN_v2,2,EQUAL_WEIGHT,2025-09-05,VIS,140,86,4
NN_v2,2,EQUAL_WEIGHT,2025-09-05,VFH,229,120,7
NN_v2,2,EQUAL_WEIGHT,2025-09-12,VDE,349,177,0
NN_v2,2,EQUAL_WEIGHT,2025-09-12,VFH,230,121,8
NN_v2,2,EQUAL_WEIGHT,2025-09-19,VDE,350,178,1
NN_v2,2,EQUAL_WEIGHT,2025-09-19,VHT,92,59,0
NN_v2,2,EQUAL_WEIGHT,2025-09-26,VFH,231,121,0
NN_v2,2,EQUAL_WEIGHT,2025-09-26,VIS,141,87,5
NN_v2,2,EQUAL_WEIGHT,2025-10-03,VDE,351,178,0
NN_v2,2,EQUAL_WEIGHT,2025-10-03,VFH,232,121,0
NN_v2,2,EQUAL_WEIGHT,2025-10-10,VOX,141,74,2
NN_v2,2,EQUAL_WEIGHT,2025-10-10,VDE,352,178,0
NN_v2,2,EQUAL_WEIGHT,2025-10-17,VDE,353,179,1
NN_v2,2,EQUAL_WEIGHT,2025-10-17,VCR,165,89,3
NN_v2,2,EQUAL_WEIGHT,2025-10-24,VAW,203,107,0
NN_v2,2,EQUAL_WEIGHT,2025-10-24,VDC,13,6,0
NN_v2,2,EQUAL_WEIGHT,2025-10-31,VPU,108,55,3
NN_v2,2,EQUAL_WEIGHT,2025-10-31,VNQ,210,111,1
NN_v2,2,EQUAL_WEIGHT,2025-11-07,VCR,166,89,0
NN_v2,2,EQUAL_WEIGHT,2025-11-07,VOX,142,74,0
NN_v2,2,EQUAL_WEIGHT,2025-11-14,VOX,143,75,1
NN_v2,2,EQUAL_WEIGHT,2025-11-14,VIS,142,87,0
NN_v2,2,EQUAL_WEIGHT,2025-11-21,VGT,205,123,2
NN_v2,2,EQUAL_WEIGHT,2025-11-21,VIS,143,88,1
NN_v2,2,EQUAL_WEIGHT,2025-11-28,VGT,206,124,3
NN_v2,2,EQUAL_WEIGHT,2025-11-28,VDC,14,6,0
NN_v2,2,EQUAL_WEIGHT,2025-12-05,VPU,109,55,0
NN_v2,2,EQUAL_WEIGHT,2025-12-05,VAW,204,108,1
NN_v2,2,EQUAL_WEIGHT,2025-12-12,VGT,207,124,0
NN_v2,2,EQUAL_WEIGHT,2025-12-12,VPU,110,55,0
NN_v2,2,EQUAL_WEIGHT,2025-12-19,VGT,208,125,1
NN_v2,2,EQUAL_WEIGHT,2025-12-19,VIS,144,89,2
NN_v2,2,EQUAL_WEIGHT,2025-12-26,VDE,354,180,2
NN_v2,2,EQUAL_WEIGHT,2025-12-26,VGT,209,125,0
NN_v2,2,EQUAL_WEIGHT,2026-01-02,VGT,210,125,0
NN_v2,2,EQUAL_WEIGHT,2026-01-02,VCR,167,90,1
NN_v2,2,EQUAL_WEIGHT,2026-01-09,VGT,211,126,1
NN_v2,2,EQUAL_WEIGHT,2026-01-09,VPU,111,56,1
NN_v2,2,EQUAL_WEIGHT,2026-01-16,VCR,168,91,2
NN_v2,2,EQUAL_WEIGHT,2026-01-16,VGT,212,127,2
NN_v2,2,EQUAL_WEIGHT,2026-01-23,VCR,169,91,0
NN_v2,2,EQUAL_WEIGHT,2026-01-23,VPU,112,57,2
NN_v2,2,EQUAL_WEIGHT,2026-01-30,VCR,170,91,0
NN_v2,2,EQUAL_WEIGHT,2026-01-30,VHT,93,60,1
NN_v2,2,EQUAL_WEIGHT,2026-02-06,VOX,144,75,0
NN_v2,2,EQUAL_WEIGHT,2026-02-06,VCR,171,91,0
NN_v2,2,EQUAL_WEIGHT,2026-02-13,VCR,172,92,1
NN_v2,2,EQUAL_WEIGHT,2026-02-13,VOX,145,76,1
NN_v2,2,EQUAL_WEIGHT,2026-02-20,VOX,146,77,2
NN_v2,2,EQUAL_WEIGHT,2026-02-20,VFH,233,121,0
NN_v2,2,EQUAL_WEIGHT,2026-02-27,VCR,173,93,2
NN_v2,2,EQUAL_WEIGHT,2026-02-27,VFH,234,121,0
NN_v2,2,EQUAL_WEIGHT,2026-03-06,VAW,205,108,0
NN_v2,2,EQUAL_WEIGHT,2026-03-06,VIS,145,89,0
NN_v2,2,EQUAL_WEIGHT,2026-03-13,VIS,146,89,0
NN_v2,2,EQUAL_WEIGHT,2026-03-13,VAW,206,108,0
NN_v2,2,EQUAL_WEIGHT,2026-03-20,VDC,15,6,0
NN_v2,2,EQUAL_WEIGHT,2026-03-20,VIS,147,89,0
NN_v2,2,EQUAL_WEIGHT,2026-03-27,VOX,147,78,3
NN_v2,2,EQUAL_WEIGHT,2026-03-27,VIS,148,90,1
NN_v2,2,EQUAL_WEIGHT,2026-04-03,VDC,16,7,1
NN_v2,2,EQUAL_WEIGHT,2026-04-03,VIS,149,91,2
NN_v2,2,EQUAL_WEIGHT,2026-04-10,VFH,235,122,1
NN_v2,2,EQUAL_WEIGHT,2026-04-10,VOX,148,79,4
NN_v2,2,EQUAL_WEIGHT,2026-04-17,VAW,207,109,1
NN_v2,2,EQUAL_WEIGHT,2026-04-17,VDE,355,181,3
NN_v2,2,EQUAL_WEIGHT,2026-04-24,VOX,149,80,5
NN_v2,2,EQUAL_WEIGHT,2026-04-24,VCR,174,94,3
NN_v2,2,EQUAL_WEIGHT,2026-05-01,VCR,175,95,4
NN_v2,2,EQUAL_WEIGHT,2026-05-01,VOX,150,81,6
NN_v2,2,EQUAL_WEIGHT,2026-05-08,VDE,356,182,4
NN_v2,2,EQUAL_WEIGHT,2026-05-08,VCR,176,95,0
NN_v2,2,EQUAL_WEIGHT,2026-05-15,VCR,177,96,1
NN_v2,2,EQUAL_WEIGHT,2026-05-15,VOX,151,82,7
NN_v2,2,EQUAL_WEIGHT,2026-05-22,VDE,357,182,0
NN_v2,2,EQUAL_WEIGHT,2026-05-22,VOX,152,83,8
NN_v2,2,EQUAL_WEIGHT,2026-05-29,VDE,358,183,1
NN_v2,2,EQUAL_WEIGHT,2026-05-29,VCR,178,96,0
NN_v2,2,EQUAL_WEIGHT,2026-06-05,VCR,179,97,1
NN_v2,2,EQUAL_WEIGHT,2026-06-05,VOX,153,83,0
NN_v2,2,EQUAL_WEIGHT,2026-06-12,VCR,180,97,0
NN_v2,2,EQUAL_WEIGHT,2026-06-12,VOX,154,83,0
NN_v2,2,EQUAL_WEIGHT,2026-06-19,VCR,181,97,0
NN_v2,2,EQUAL_WEIGHT,2026-06-19,VDE,359,183,0
NN_v2,2,EQUAL_WEIGHT,2026-06-26,VCR,182,98,1
NN_v2,2,EQUAL_WEIGHT,2026-06-26,VGT,213,127,0
NN_v2,2,EQUAL_WEIGHT,2026-07-03,VDE,360,184,1
NN_v2,2,EQUAL_WEIGHT,2026-07-03,VGT,214,128,1
NN_v2,2,EQUAL_WEIGHT,2026-07-10,VDE,361,185,2
NN_v2,2,EQUAL_WEIGHT,2026-07-10,VPU,113,57,0
NN_v2,2,EQUAL_WEIGHT,2026-07-17,VGT,215,128,0
NN_v2,2,EQUAL_WEIGHT,2026-07-17,VOX,155,83,0
NN_v2,2,EQUAL_WEIGHT,2026-07-31,VGT,216,129,1
NN_v2,2,EQUAL_WEIGHT,2026-07-31,VPU,114,57,0
NN_v2,2,PAPER_WEIGHT_NORMALIZED,2008-01-04,VNQ,1,1,1
NN_v2,2,PAPER_WEIGHT_NORMALIZED,2008-01-04,VFH,1,0,0
NN_v2,2,PAPER_WEIGHT_NORMALIZED,2008-01-11,VFH,2,0,0
NN_v2,2,PAPER_WEIGHT_NORMALIZED,2008-01-11,VNQ,2,1,0
NN_v2,2,PAPER_WEIGHT_NORMALIZED,2008-01-18,VFH,3,1,1
NN_v2,2,PAPER_WEIGHT_NORMALIZED,2008-01-18,VNQ,3,2,1
NN_v2,2,PAPER_WEIGHT_NORMALIZED,2008-01-25,VHT,1,1,1
NN_v2,2,PAPER_WEIGHT_NORMALIZED,2008-01-25,VOX,1,1,1
NN_v2,2,PAPER_WEIGHT_NORMALIZED,2008-02-01,VGT,1,0,0
NN_v2,2,PAPER_WEIGHT_NORMALIZED,2008-02-01,VHT,2,1,0
NN_v2,2,PAPER_WEIGHT_NORMALIZED,2008-02-08,VFH,4,1,0
NN_v2,2,PAPER_WEIGHT_NORMALIZED,2008-02-08,VNQ,4,3,2
NN_v2,2,PAPER_WEIGHT_NORMALIZED,2008-02-15,VFH,5,1,0
NN_v2,2,PAPER_WEIGHT_NORMALIZED,2008-02-15,VNQ,5,3,0
NN_v2,2,PAPER_WEIGHT_NORMALIZED,2008-02-22,VOX,2,1,0
NN_v2,2,PAPER_WEIGHT_NORMALIZED,2008-02-22,VFH,6,1,0
NN_v2,2,PAPER_WEIGHT_NORMALIZED,2008-02-29,VFH,7,1,0
NN_v2,2,PAPER_WEIGHT_NORMALIZED,2008-02-29,VOX,3,1,0
NN_v2,2,PAPER_WEIGHT_NORMALIZED,2008-03-07,VFH,8,1,0
NN_v2,2,PAPER_WEIGHT_NORMALIZED,2008-03-07,VNQ,6,4,1
NN_v2,2,PAPER_WEIGHT_NORMALIZED,2008-03-14,VFH,9,2,1
NN_v2,2,PAPER_WEIGHT_NORMALIZED,2008-03-14,VOX,4,2,1
NN_v2,2,PAPER_WEIGHT_NORMALIZED,2008-03-21,VDE,1,1,1
NN_v2,2,PAPER_WEIGHT_NORMALIZED,2008-03-21,VAW,1,1,1
NN_v2,2,PAPER_WEIGHT_NORMALIZED,2008-03-28,VFH,10,3,2
NN_v2,2,PAPER_WEIGHT_NORMALIZED,2008-03-28,VCR,1,1,1
NN_v2,2,PAPER_WEIGHT_NORMALIZED,2008-04-04,VFH,11,3,0
NN_v2,2,PAPER_WEIGHT_NORMALIZED,2008-04-04,VOX,5,2,0
NN_v2,2,PAPER_WEIGHT_NORMALIZED,2008-04-11,VFH,12,4,1
NN_v2,2,PAPER_WEIGHT_NORMALIZED,2008-04-11,VOX,6,3,1
NN_v2,2,PAPER_WEIGHT_NORMALIZED,2008-04-18,VOX,7,4,2
NN_v2,2,PAPER_WEIGHT_NORMALIZED,2008-04-18,VFH,13,5,2
NN_v2,2,PAPER_WEIGHT_NORMALIZED,2008-04-25,VFH,14,6,3
NN_v2,2,PAPER_WEIGHT_NORMALIZED,2008-04-25,VCR,2,2,2
NN_v2,2,PAPER_WEIGHT_NORMALIZED,2008-05-02,VFH,15,6,0
NN_v2,2,PAPER_WEIGHT_NORMALIZED,2008-05-02,VAW,2,2,2
NN_v2,2,PAPER_WEIGHT_NORMALIZED,2008-05-09,VFH,16,7,1
NN_v2,2,PAPER_WEIGHT_NORMALIZED,2008-05-09,VOX,8,5,3
NN_v2,2,PAPER_WEIGHT_NORMALIZED,2008-05-16,VFH,17,7,0
NN_v2,2,PAPER_WEIGHT_NORMALIZED,2008-05-16,VOX,9,5,0
NN_v2,2,PAPER_WEIGHT_NORMALIZED,2008-05-23,VFH,18,8,1
NN_v2,2,PAPER_WEIGHT_NORMALIZED,2008-05-23,VOX,10,6,1
NN_v2,2,PAPER_WEIGHT_NORMALIZED,2008-05-30,VFH,19,8,0
NN_v2,2,PAPER_WEIGHT_NORMALIZED,2008-05-30,VCR,3,2,0
NN_v2,2,PAPER_WEIGHT_NORMALIZED,2008-06-06,VFH,20,8,0
NN_v2,2,PAPER_WEIGHT_NORMALIZED,2008-06-06,VNQ,7,4,0
NN_v2,2,PAPER_WEIGHT_NORMALIZED,2008-06-13,VFH,21,8,0
NN_v2,2,PAPER_WEIGHT_NORMALIZED,2008-06-13,VOX,11,6,0
NN_v2,2,PAPER_WEIGHT_NORMALIZED,2008-06-20,VFH,22,8,0
NN_v2,2,PAPER_WEIGHT_NORMALIZED,2008-06-20,VOX,12,6,0
NN_v2,2,PAPER_WEIGHT_NORMALIZED,2008-06-27,VFH,23,8,0
NN_v2,2,PAPER_WEIGHT_NORMALIZED,2008-06-27,VOX,13,6,0
NN_v2,2,PAPER_WEIGHT_NORMALIZED,2008-07-04,VFH,24,8,0
NN_v2,2,PAPER_WEIGHT_NORMALIZED,2008-07-04,VAW,3,3,3
NN_v2,2,PAPER_WEIGHT_NORMALIZED,2008-07-11,VFH,25,9,1
NN_v2,2,PAPER_WEIGHT_NORMALIZED,2008-07-11,VCR,4,3,1
NN_v2,2,PAPER_WEIGHT_NORMALIZED,2008-07-18,VPU,1,0,0
NN_v2,2,PAPER_WEIGHT_NORMALIZED,2008-07-18,VOX,14,7,1
NN_v2,2,PAPER_WEIGHT_NORMALIZED,2008-07-25,VFH,26,10,2
NN_v2,2,PAPER_WEIGHT_NORMALIZED,2008-07-25,VDE,2,2,2
NN_v2,2,PAPER_WEIGHT_NORMALIZED,2008-08-01,VCR,5,4,2
NN_v2,2,PAPER_WEIGHT_NORMALIZED,2008-08-01,VIS,1,1,1
NN_v2,2,PAPER_WEIGHT_NORMALIZED,2008-08-08,VFH,27,10,0
NN_v2,2,PAPER_WEIGHT_NORMALIZED,2008-08-08,VAW,4,4,4
NN_v2,2,PAPER_WEIGHT_NORMALIZED,2008-08-15,VFH,28,10,0
NN_v2,2,PAPER_WEIGHT_NORMALIZED,2008-08-15,VAW,5,5,5
NN_v2,2,PAPER_WEIGHT_NORMALIZED,2008-08-22,VFH,29,11,1
NN_v2,2,PAPER_WEIGHT_NORMALIZED,2008-08-22,VCR,6,5,3
NN_v2,2,PAPER_WEIGHT_NORMALIZED,2008-08-29,VCR,7,5,0
NN_v2,2,PAPER_WEIGHT_NORMALIZED,2008-08-29,VFH,30,11,0
NN_v2,2,PAPER_WEIGHT_NORMALIZED,2008-09-05,VDE,3,2,0
NN_v2,2,PAPER_WEIGHT_NORMALIZED,2008-09-05,VAW,6,6,6
NN_v2,2,PAPER_WEIGHT_NORMALIZED,2008-09-12,VDE,4,3,1
NN_v2,2,PAPER_WEIGHT_NORMALIZED,2008-09-12,VFH,31,12,1
NN_v2,2,PAPER_WEIGHT_NORMALIZED,2008-09-19,VCR,8,5,0
NN_v2,2,PAPER_WEIGHT_NORMALIZED,2008-09-19,VIS,2,1,0
NN_v2,2,PAPER_WEIGHT_NORMALIZED,2008-09-26,VAW,7,6,0
NN_v2,2,PAPER_WEIGHT_NORMALIZED,2008-09-26,VFH,32,12,0
NN_v2,2,PAPER_WEIGHT_NORMALIZED,2008-10-03,VAW,8,6,0
NN_v2,2,PAPER_WEIGHT_NORMALIZED,2008-10-03,VDE,5,3,0
NN_v2,2,PAPER_WEIGHT_NORMALIZED,2008-10-10,VDE,6,4,1
NN_v2,2,PAPER_WEIGHT_NORMALIZED,2008-10-10,VFH,33,12,0
NN_v2,2,PAPER_WEIGHT_NORMALIZED,2008-10-17,VNQ,8,4,0
NN_v2,2,PAPER_WEIGHT_NORMALIZED,2008-10-17,VAW,9,6,0
NN_v2,2,PAPER_WEIGHT_NORMALIZED,2008-10-24,VNQ,9,5,1
NN_v2,2,PAPER_WEIGHT_NORMALIZED,2008-10-24,VAW,10,7,1
NN_v2,2,PAPER_WEIGHT_NORMALIZED,2008-10-31,VAW,11,7,0
NN_v2,2,PAPER_WEIGHT_NORMALIZED,2008-10-31,VGT,2,0,0
NN_v2,2,PAPER_WEIGHT_NORMALIZED,2008-11-07,VDE,7,4,0
NN_v2,2,PAPER_WEIGHT_NORMALIZED,2008-11-07,VFH,34,12,0
NN_v2,2,PAPER_WEIGHT_NORMALIZED,2008-11-14,VNQ,10,5,0
NN_v2,2,PAPER_WEIGHT_NORMALIZED,2008-11-14,VDE,8,4,0
NN_v2,2,PAPER_WEIGHT_NORMALIZED,2008-11-21,VNQ,11,6,1
NN_v2,2,PAPER_WEIGHT_NORMALIZED,2008-11-21,VFH,35,13,1
NN_v2,2,PAPER_WEIGHT_NORMALIZED,2008-11-28,VDE,9,4,0
NN_v2,2,PAPER_WEIGHT_NORMALIZED,2008-11-28,VGT,3,1,1
NN_v2,2,PAPER_WEIGHT_NORMALIZED,2008-12-05,VDE,10,5,1
NN_v2,2,PAPER_WEIGHT_NORMALIZED,2008-12-05,VAW,12,8,1
NN_v2,2,PAPER_WEIGHT_NORMALIZED,2008-12-12,VFH,36,14,2
NN_v2,2,PAPER_WEIGHT_NORMALIZED,2008-12-12,VCR,9,6,1
NN_v2,2,PAPER_WEIGHT_NORMALIZED,2008-12-19,VFH,37,14,0
NN_v2,2,PAPER_WEIGHT_NORMALIZED,2008-12-19,VAW,13,8,0
NN_v2,2,PAPER_WEIGHT_NORMALIZED,2008-12-26,VNQ,12,7,2
NN_v2,2,PAPER_WEIGHT_NORMALIZED,2008-12-26,VFH,38,15,1
NN_v2,2,PAPER_WEIGHT_NORMALIZED,2009-01-02,VNQ,13,7,0
NN_v2,2,PAPER_WEIGHT_NORMALIZED,2009-01-02,VAW,14,8,0
NN_v2,2,PAPER_WEIGHT_NORMALIZED,2009-01-09,VNQ,14,7,0
NN_v2,2,PAPER_WEIGHT_NORMALIZED,2009-01-09,VAW,15,8,0
NN_v2,2,PAPER_WEIGHT_NORMALIZED,2009-01-16,VNQ,15,7,0
NN_v2,2,PAPER_WEIGHT_NORMALIZED,2009-01-16,VAW,16,8,0
NN_v2,2,PAPER_WEIGHT_NORMALIZED,2009-01-23,VNQ,16,7,0
NN_v2,2,PAPER_WEIGHT_NORMALIZED,2009-01-23,VFH,39,16,2
NN_v2,2,PAPER_WEIGHT_NORMALIZED,2009-01-30,VAW,17,9,1
NN_v2,2,PAPER_WEIGHT_NORMALIZED,2009-01-30,VNQ,17,8,1
NN_v2,2,PAPER_WEIGHT_NORMALIZED,2009-02-06,VNQ,18,8,0
NN_v2,2,PAPER_WEIGHT_NORMALIZED,2009-02-06,VCR,10,6,0
NN_v2,2,PAPER_WEIGHT_NORMALIZED,2009-02-13,VNQ,19,8,0
NN_v2,2,PAPER_WEIGHT_NORMALIZED,2009-02-13,VIS,3,1,0
NN_v2,2,PAPER_WEIGHT_NORMALIZED,2009-02-20,VAW,18,9,0
NN_v2,2,PAPER_WEIGHT_NORMALIZED,2009-02-20,VDE,11,5,0
NN_v2,2,PAPER_WEIGHT_NORMALIZED,2009-02-27,VDE,12,5,0
NN_v2,2,PAPER_WEIGHT_NORMALIZED,2009-02-27,VGT,4,1,0
NN_v2,2,PAPER_WEIGHT_NORMALIZED,2009-03-06,VGT,5,2,1
NN_v2,2,PAPER_WEIGHT_NORMALIZED,2009-03-06,VAW,19,10,1
NN_v2,2,PAPER_WEIGHT_NORMALIZED,2009-03-13,VPU,2,1,1
NN_v2,2,PAPER_WEIGHT_NORMALIZED,2009-03-13,VDE,13,6,1
NN_v2,2,PAPER_WEIGHT_NORMALIZED,2009-03-20,VNQ,20,8,0
NN_v2,2,PAPER_WEIGHT_NORMALIZED,2009-03-20,VIS,4,2,1
NN_v2,2,PAPER_WEIGHT_NORMALIZED,2009-03-27,VNQ,21,9,1
NN_v2,2,PAPER_WEIGHT_NORMALIZED,2009-03-27,VFH,40,17,3
NN_v2,2,PAPER_WEIGHT_NORMALIZED,2009-04-03,VHT,3,2,1
NN_v2,2,PAPER_WEIGHT_NORMALIZED,2009-04-03,VPU,3,2,2
NN_v2,2,PAPER_WEIGHT_NORMALIZED,2009-04-10,VPU,4,2,0
NN_v2,2,PAPER_WEIGHT_NORMALIZED,2009-04-10,VDE,14,7,2
NN_v2,2,PAPER_WEIGHT_NORMALIZED,2009-04-17,VDE,15,8,3
NN_v2,2,PAPER_WEIGHT_NORMALIZED,2009-04-17,VPU,5,2,0
NN_v2,2,PAPER_WEIGHT_NORMALIZED,2009-04-24,VFH,41,18,4
NN_v2,2,PAPER_WEIGHT_NORMALIZED,2009-04-24,VPU,6,3,1
NN_v2,2,PAPER_WEIGHT_NORMALIZED,2009-05-01,VNQ,22,10,2
NN_v2,2,PAPER_WEIGHT_NORMALIZED,2009-05-01,VFH,42,19,5
NN_v2,2,PAPER_WEIGHT_NORMALIZED,2009-05-08,VPU,7,3,0
NN_v2,2,PAPER_WEIGHT_NORMALIZED,2009-05-08,VHT,4,3,2
NN_v2,2,PAPER_WEIGHT_NORMALIZED,2009-05-15,VNQ,23,11,3
NN_v2,2,PAPER_WEIGHT_NORMALIZED,2009-05-15,VIS,5,2,0
NN_v2,2,PAPER_WEIGHT_NORMALIZED,2009-05-22,VIS,6,3,1
NN_v2,2,PAPER_WEIGHT_NORMALIZED,2009-05-22,VOX,15,8,2
NN_v2,2,PAPER_WEIGHT_NORMALIZED,2009-05-29,VHT,5,3,0
NN_v2,2,PAPER_WEIGHT_NORMALIZED,2009-05-29,VPU,8,4,1
NN_v2,2,PAPER_WEIGHT_NORMALIZED,2009-06-05,VHT,6,4,1
NN_v2,2,PAPER_WEIGHT_NORMALIZED,2009-06-05,VPU,9,5,2
NN_v2,2,PAPER_WEIGHT_NORMALIZED,2009-06-12,VFH,43,19,0
NN_v2,2,PAPER_WEIGHT_NORMALIZED,2009-06-12,VHT,7,5,2
NN_v2,2,PAPER_WEIGHT_NORMALIZED,2009-06-19,VFH,44,19,0
NN_v2,2,PAPER_WEIGHT_NORMALIZED,2009-06-19,VIS,7,4,2
NN_v2,2,PAPER_WEIGHT_NORMALIZED,2009-06-26,VFH,45,19,0
NN_v2,2,PAPER_WEIGHT_NORMALIZED,2009-06-26,VNQ,24,11,0
NN_v2,2,PAPER_WEIGHT_NORMALIZED,2009-07-03,VAW,20,10,0
NN_v2,2,PAPER_WEIGHT_NORMALIZED,2009-07-03,VFH,46,19,0
NN_v2,2,PAPER_WEIGHT_NORMALIZED,2009-07-10,VPU,10,6,3
NN_v2,2,PAPER_WEIGHT_NORMALIZED,2009-07-10,VFH,47,20,1
NN_v2,2,PAPER_WEIGHT_NORMALIZED,2009-07-17,VNQ,25,12,1
NN_v2,2,PAPER_WEIGHT_NORMALIZED,2009-07-17,VFH,48,21,2
NN_v2,2,PAPER_WEIGHT_NORMALIZED,2009-07-24,VFH,49,22,3
NN_v2,2,PAPER_WEIGHT_NORMALIZED,2009-07-24,VDE,16,8,0
NN_v2,2,PAPER_WEIGHT_NORMALIZED,2009-07-31,VDE,17,8,0
NN_v2,2,PAPER_WEIGHT_NORMALIZED,2009-07-31,VPU,11,6,0
NN_v2,2,PAPER_WEIGHT_NORMALIZED,2009-08-07,VDE,18,9,1
NN_v2,2,PAPER_WEIGHT_NORMALIZED,2009-08-07,VHT,8,6,3
NN_v2,2,PAPER_WEIGHT_NORMALIZED,2009-08-14,VDE,19,10,2
NN_v2,2,PAPER_WEIGHT_NORMALIZED,2009-08-14,VIS,8,5,3
NN_v2,2,PAPER_WEIGHT_NORMALIZED,2009-08-21,VDE,20,10,0
NN_v2,2,PAPER_WEIGHT_NORMALIZED,2009-08-21,VIS,9,5,0
NN_v2,2,PAPER_WEIGHT_NORMALIZED,2009-08-28,VDE,21,10,0
NN_v2,2,PAPER_WEIGHT_NORMALIZED,2009-08-28,VPU,12,6,0
NN_v2,2,PAPER_WEIGHT_NORMALIZED,2009-09-04,VDE,22,11,1
NN_v2,2,PAPER_WEIGHT_NORMALIZED,2009-09-04,VOX,16,9,3
NN_v2,2,PAPER_WEIGHT_NORMALIZED,2009-09-11,VPU,13,7,1
NN_v2,2,PAPER_WEIGHT_NORMALIZED,2009-09-11,VHT,9,7,4
NN_v2,2,PAPER_WEIGHT_NORMALIZED,2009-09-18,VDC,1,0,0
NN_v2,2,PAPER_WEIGHT_NORMALIZED,2009-09-18,VHT,10,7,0
NN_v2,2,PAPER_WEIGHT_NORMALIZED,2009-09-25,VDE,23,11,0
NN_v2,2,PAPER_WEIGHT_NORMALIZED,2009-09-25,VAW,21,10,0
NN_v2,2,PAPER_WEIGHT_NORMALIZED,2009-10-02,VDE,24,12,1
NN_v2,2,PAPER_WEIGHT_NORMALIZED,2009-10-02,VAW,22,11,1
NN_v2,2,PAPER_WEIGHT_NORMALIZED,2009-10-09,VPU,14,8,2
NN_v2,2,PAPER_WEIGHT_NORMALIZED,2009-10-09,VOX,17,10,4
NN_v2,2,PAPER_WEIGHT_NORMALIZED,2009-10-16,VNQ,26,12,0
NN_v2,2,PAPER_WEIGHT_NORMALIZED,2009-10-16,VOX,18,10,0
NN_v2,2,PAPER_WEIGHT_NORMALIZED,2009-10-23,VNQ,27,12,0
NN_v2,2,PAPER_WEIGHT_NORMALIZED,2009-10-23,VFH,50,22,0
NN_v2,2,PAPER_WEIGHT_NORMALIZED,2009-10-30,VCR,11,7,1
NN_v2,2,PAPER_WEIGHT_NORMALIZED,2009-10-30,VOX,19,11,1
NN_v2,2,PAPER_WEIGHT_NORMALIZED,2009-11-06,VNQ,28,13,1
NN_v2,2,PAPER_WEIGHT_NORMALIZED,2009-11-06,VDE,25,12,0
NN_v2,2,PAPER_WEIGHT_NORMALIZED,2009-11-13,VDE,26,12,0
NN_v2,2,PAPER_WEIGHT_NORMALIZED,2009-11-13,VFH,51,22,0
NN_v2,2,PAPER_WEIGHT_NORMALIZED,2009-11-20,VDE,27,12,0
NN_v2,2,PAPER_WEIGHT_NORMALIZED,2009-11-20,VIS,10,5,0
NN_v2,2,PAPER_WEIGHT_NORMALIZED,2009-11-27,VDE,28,12,0
NN_v2,2,PAPER_WEIGHT_NORMALIZED,2009-11-27,VNQ,29,14,2
NN_v2,2,PAPER_WEIGHT_NORMALIZED,2009-12-04,VDE,29,12,0
NN_v2,2,PAPER_WEIGHT_NORMALIZED,2009-12-04,VAW,23,12,2
NN_v2,2,PAPER_WEIGHT_NORMALIZED,2009-12-11,VAW,24,12,0
NN_v2,2,PAPER_WEIGHT_NORMALIZED,2009-12-11,VDE,30,13,1
NN_v2,2,PAPER_WEIGHT_NORMALIZED,2009-12-18,VFH,52,23,1
NN_v2,2,PAPER_WEIGHT_NORMALIZED,2009-12-18,VDE,31,14,2
NN_v2,2,PAPER_WEIGHT_NORMALIZED,2009-12-25,VFH,53,23,0
NN_v2,2,PAPER_WEIGHT_NORMALIZED,2009-12-25,VDE,32,14,0
NN_v2,2,PAPER_WEIGHT_NORMALIZED,2010-01-01,VDE,33,15,1
NN_v2,2,PAPER_WEIGHT_NORMALIZED,2010-01-01,VIS,11,6,1
NN_v2,2,PAPER_WEIGHT_NORMALIZED,2010-01-08,VCR,12,7,0
NN_v2,2,PAPER_WEIGHT_NORMALIZED,2010-01-08,VFH,54,23,0
NN_v2,2,PAPER_WEIGHT_NORMALIZED,2010-01-15,VOX,20,11,0
NN_v2,2,PAPER_WEIGHT_NORMALIZED,2010-01-15,VFH,55,23,0
NN_v2,2,PAPER_WEIGHT_NORMALIZED,2010-01-22,VNQ,30,14,0
NN_v2,2,PAPER_WEIGHT_NORMALIZED,2010-01-22,VAW,25,12,0
NN_v2,2,PAPER_WEIGHT_NORMALIZED,2010-01-29,VNQ,31,14,0
NN_v2,2,PAPER_WEIGHT_NORMALIZED,2010-01-29,VPU,15,8,0
NN_v2,2,PAPER_WEIGHT_NORMALIZED,2010-02-05,VOX,21,12,1
NN_v2,2,PAPER_WEIGHT_NORMALIZED,2010-02-05,VPU,16,8,0
NN_v2,2,PAPER_WEIGHT_NORMALIZED,2010-02-12,VNQ,32,15,1
NN_v2,2,PAPER_WEIGHT_NORMALIZED,2010-02-12,VOX,22,13,2
NN_v2,2,PAPER_WEIGHT_NORMALIZED,2010-02-19,VPU,17,8,0
NN_v2,2,PAPER_WEIGHT_NORMALIZED,2010-02-19,VGT,6,2,0
NN_v2,2,PAPER_WEIGHT_NORMALIZED,2010-02-26,VAW,26,13,1
NN_v2,2,PAPER_WEIGHT_NORMALIZED,2010-02-26,VGT,7,3,1
NN_v2,2,PAPER_WEIGHT_NORMALIZED,2010-03-05,VDE,34,16,2
NN_v2,2,PAPER_WEIGHT_NORMALIZED,2010-03-05,VOX,23,14,3
NN_v2,2,PAPER_WEIGHT_NORMALIZED,2010-03-12,VDE,35,16,0
NN_v2,2,PAPER_WEIGHT_NORMALIZED,2010-03-12,VPU,18,9,1
NN_v2,2,PAPER_WEIGHT_NORMALIZED,2010-03-19,VAW,27,14,2
NN_v2,2,PAPER_WEIGHT_NORMALIZED,2010-03-19,VGT,8,4,2
NN_v2,2,PAPER_WEIGHT_NORMALIZED,2010-03-26,VDE,36,17,1
NN_v2,2,PAPER_WEIGHT_NORMALIZED,2010-03-26,VOX,24,15,4
NN_v2,2,PAPER_WEIGHT_NORMALIZED,2010-04-02,VGT,9,5,3
NN_v2,2,PAPER_WEIGHT_NORMALIZED,2010-04-02,VHT,11,7,0
NN_v2,2,PAPER_WEIGHT_NORMALIZED,2010-04-09,VOX,25,15,0
NN_v2,2,PAPER_WEIGHT_NORMALIZED,2010-04-09,VPU,19,9,0
NN_v2,2,PAPER_WEIGHT_NORMALIZED,2010-04-16,VAW,28,15,3
NN_v2,2,PAPER_WEIGHT_NORMALIZED,2010-04-16,VDE,37,18,2
NN_v2,2,PAPER_WEIGHT_NORMALIZED,2010-04-23,VPU,20,9,0
NN_v2,2,PAPER_WEIGHT_NORMALIZED,2010-04-23,VOX,26,15,0
NN_v2,2,PAPER_WEIGHT_NORMALIZED,2010-04-30,VAW,29,15,0
NN_v2,2,PAPER_WEIGHT_NORMALIZED,2010-04-30,VDE,38,18,0
NN_v2,2,PAPER_WEIGHT_NORMALIZED,2010-05-07,VFH,56,23,0
NN_v2,2,PAPER_WEIGHT_NORMALIZED,2010-05-07,VCR,13,7,0
NN_v2,2,PAPER_WEIGHT_NORMALIZED,2010-05-14,VFH,57,23,0
NN_v2,2,PAPER_WEIGHT_NORMALIZED,2010-05-14,VGT,10,5,0
NN_v2,2,PAPER_WEIGHT_NORMALIZED,2010-05-21,VNQ,33,16,2
NN_v2,2,PAPER_WEIGHT_NORMALIZED,2010-05-21,VCR,14,8,1
NN_v2,2,PAPER_WEIGHT_NORMALIZED,2010-05-28,VIS,12,6,0
NN_v2,2,PAPER_WEIGHT_NORMALIZED,2010-05-28,VFH,58,23,0
NN_v2,2,PAPER_WEIGHT_NORMALIZED,2010-06-04,VNQ,34,17,3
NN_v2,2,PAPER_WEIGHT_NORMALIZED,2010-06-04,VCR,15,9,2
NN_v2,2,PAPER_WEIGHT_NORMALIZED,2010-06-11,VDC,2,1,1
NN_v2,2,PAPER_WEIGHT_NORMALIZED,2010-06-11,VGT,11,6,1
NN_v2,2,PAPER_WEIGHT_NORMALIZED,2010-06-18,VCR,16,9,0
NN_v2,2,PAPER_WEIGHT_NORMALIZED,2010-06-18,VHT,12,7,0
NN_v2,2,PAPER_WEIGHT_NORMALIZED,2010-06-25,VCR,17,9,0
NN_v2,2,PAPER_WEIGHT_NORMALIZED,2010-06-25,VGT,12,6,0
NN_v2,2,PAPER_WEIGHT_NORMALIZED,2010-07-02,VNQ,35,18,4
NN_v2,2,PAPER_WEIGHT_NORMALIZED,2010-07-02,VCR,18,10,1
NN_v2,2,PAPER_WEIGHT_NORMALIZED,2010-07-09,VHT,13,7,0
NN_v2,2,PAPER_WEIGHT_NORMALIZED,2010-07-09,VIS,13,6,0
NN_v2,2,PAPER_WEIGHT_NORMALIZED,2010-07-16,VHT,14,7,0
NN_v2,2,PAPER_WEIGHT_NORMALIZED,2010-07-16,VNQ,36,19,5
NN_v2,2,PAPER_WEIGHT_NORMALIZED,2010-07-23,VHT,15,8,1
NN_v2,2,PAPER_WEIGHT_NORMALIZED,2010-07-23,VDE,39,19,1
NN_v2,2,PAPER_WEIGHT_NORMALIZED,2010-07-30,VGT,13,7,1
NN_v2,2,PAPER_WEIGHT_NORMALIZED,2010-07-30,VDE,40,20,2
NN_v2,2,PAPER_WEIGHT_NORMALIZED,2010-08-06,VGT,14,7,0
NN_v2,2,PAPER_WEIGHT_NORMALIZED,2010-08-06,VCR,19,10,0
NN_v2,2,PAPER_WEIGHT_NORMALIZED,2010-08-13,VAW,30,16,1
NN_v2,2,PAPER_WEIGHT_NORMALIZED,2010-08-13,VIS,14,7,1
NN_v2,2,PAPER_WEIGHT_NORMALIZED,2010-08-20,VIS,15,7,0
NN_v2,2,PAPER_WEIGHT_NORMALIZED,2010-08-20,VHT,16,8,0
NN_v2,2,PAPER_WEIGHT_NORMALIZED,2010-08-27,VDE,41,21,3
NN_v2,2,PAPER_WEIGHT_NORMALIZED,2010-08-27,VIS,16,8,1
NN_v2,2,PAPER_WEIGHT_NORMALIZED,2010-09-03,VHT,17,9,1
NN_v2,2,PAPER_WEIGHT_NORMALIZED,2010-09-03,VDE,42,22,4
NN_v2,2,PAPER_WEIGHT_NORMALIZED,2010-09-10,VFH,59,23,0
NN_v2,2,PAPER_WEIGHT_NORMALIZED,2010-09-10,VGT,15,8,1
NN_v2,2,PAPER_WEIGHT_NORMALIZED,2010-09-17,VFH,60,23,0
NN_v2,2,PAPER_WEIGHT_NORMALIZED,2010-09-17,VIS,17,9,2
NN_v2,2,PAPER_WEIGHT_NORMALIZED,2010-09-24,VDE,43,23,5
NN_v2,2,PAPER_WEIGHT_NORMALIZED,2010-09-24,VFH,61,23,0
NN_v2,2,PAPER_WEIGHT_NORMALIZED,2010-10-01,VIS,18,10,3
NN_v2,2,PAPER_WEIGHT_NORMALIZED,2010-10-01,VFH,62,24,1
NN_v2,2,PAPER_WEIGHT_NORMALIZED,2010-10-08,VFH,63,24,0
NN_v2,2,PAPER_WEIGHT_NORMALIZED,2010-10-08,VPU,21,10,1
NN_v2,2,PAPER_WEIGHT_NORMALIZED,2010-10-15,VPU,22,10,0
NN_v2,2,PAPER_WEIGHT_NORMALIZED,2010-10-15,VFH,64,25,1
NN_v2,2,PAPER_WEIGHT_NORMALIZED,2010-10-22,VPU,23,10,0
NN_v2,2,PAPER_WEIGHT_NORMALIZED,2010-10-22,VFH,65,25,0
NN_v2,2,PAPER_WEIGHT_NORMALIZED,2010-10-29,VNQ,37,20,6
NN_v2,2,PAPER_WEIGHT_NORMALIZED,2010-10-29,VIS,19,11,4
NN_v2,2,PAPER_WEIGHT_NORMALIZED,2010-11-05,VDC,3,1,0
NN_v2,2,PAPER_WEIGHT_NORMALIZED,2010-11-05,VPU,24,10,0
NN_v2,2,PAPER_WEIGHT_NORMALIZED,2010-11-12,VIS,20,12,5
NN_v2,2,PAPER_WEIGHT_NORMALIZED,2010-11-12,VNQ,38,20,0
NN_v2,2,PAPER_WEIGHT_NORMALIZED,2010-11-19,VFH,66,25,0
NN_v2,2,PAPER_WEIGHT_NORMALIZED,2010-11-19,VHT,18,9,0
NN_v2,2,PAPER_WEIGHT_NORMALIZED,2010-11-26,VFH,67,26,1
NN_v2,2,PAPER_WEIGHT_NORMALIZED,2010-11-26,VNQ,39,21,1
NN_v2,2,PAPER_WEIGHT_NORMALIZED,2010-12-03,VOX,27,16,1
NN_v2,2,PAPER_WEIGHT_NORMALIZED,2010-12-03,VHT,19,10,1
NN_v2,2,PAPER_WEIGHT_NORMALIZED,2010-12-10,VPU,25,11,1
NN_v2,2,PAPER_WEIGHT_NORMALIZED,2010-12-10,VNQ,40,21,0
NN_v2,2,PAPER_WEIGHT_NORMALIZED,2010-12-17,VNQ,41,22,1
NN_v2,2,PAPER_WEIGHT_NORMALIZED,2010-12-17,VFH,68,27,2
NN_v2,2,PAPER_WEIGHT_NORMALIZED,2010-12-24,VNQ,42,23,2
NN_v2,2,PAPER_WEIGHT_NORMALIZED,2010-12-24,VGT,16,9,2
NN_v2,2,PAPER_WEIGHT_NORMALIZED,2010-12-31,VHT,20,11,2
NN_v2,2,PAPER_WEIGHT_NORMALIZED,2010-12-31,VGT,17,10,3
NN_v2,2,PAPER_WEIGHT_NORMALIZED,2011-01-07,VIS,21,13,6
NN_v2,2,PAPER_WEIGHT_NORMALIZED,2011-01-07,VFH,69,28,3
NN_v2,2,PAPER_WEIGHT_NORMALIZED,2011-01-14,VNQ,43,23,0
NN_v2,2,PAPER_WEIGHT_NORMALIZED,2011-01-14,VFH,70,28,0
NN_v2,2,PAPER_WEIGHT_NORMALIZED,2011-01-21,VAW,31,17,2
NN_v2,2,PAPER_WEIGHT_NORMALIZED,2011-01-21,VFH,71,28,0
NN_v2,2,PAPER_WEIGHT_NORMALIZED,2011-01-28,VFH,72,29,1
NN_v2,2,PAPER_WEIGHT_NORMALIZED,2011-01-28,VGT,18,11,4
NN_v2,2,PAPER_WEIGHT_NORMALIZED,2011-02-04,VFH,73,30,2
NN_v2,2,PAPER_WEIGHT_NORMALIZED,2011-02-04,VNQ,44,24,1
NN_v2,2,PAPER_WEIGHT_NORMALIZED,2011-02-11,VNQ,45,25,2
NN_v2,2,PAPER_WEIGHT_NORMALIZED,2011-02-11,VFH,74,31,3
NN_v2,2,PAPER_WEIGHT_NORMALIZED,2011-02-18,VAW,32,17,0
NN_v2,2,PAPER_WEIGHT_NORMALIZED,2011-02-18,VNQ,46,26,3
NN_v2,2,PAPER_WEIGHT_NORMALIZED,2011-02-25,VAW,33,17,0
NN_v2,2,PAPER_WEIGHT_NORMALIZED,2011-02-25,VNQ,47,26,0
NN_v2,2,PAPER_WEIGHT_NORMALIZED,2011-03-04,VAW,34,17,0
NN_v2,2,PAPER_WEIGHT_NORMALIZED,2011-03-04,VIS,22,13,0
NN_v2,2,PAPER_WEIGHT_NORMALIZED,2011-03-11,VAW,35,18,1
NN_v2,2,PAPER_WEIGHT_NORMALIZED,2011-03-11,VDE,44,24,6
NN_v2,2,PAPER_WEIGHT_NORMALIZED,2011-03-18,VFH,75,31,0
NN_v2,2,PAPER_WEIGHT_NORMALIZED,2011-03-18,VCR,20,11,1
NN_v2,2,PAPER_WEIGHT_NORMALIZED,2011-03-25,VAW,36,19,2
NN_v2,2,PAPER_WEIGHT_NORMALIZED,2011-03-25,VHT,21,12,3
NN_v2,2,PAPER_WEIGHT_NORMALIZED,2011-04-01,VIS,23,13,0
NN_v2,2,PAPER_WEIGHT_NORMALIZED,2011-04-01,VAW,37,19,0
NN_v2,2,PAPER_WEIGHT_NORMALIZED,2011-04-08,VAW,38,19,0
NN_v2,2,PAPER_WEIGHT_NORMALIZED,2011-04-08,VHT,22,13,4
NN_v2,2,PAPER_WEIGHT_NORMALIZED,2011-04-15,VDE,45,25,7
NN_v2,2,PAPER_WEIGHT_NORMALIZED,2011-04-15,VAW,39,20,1
NN_v2,2,PAPER_WEIGHT_NORMALIZED,2011-04-22,VAW,40,21,2
NN_v2,2,PAPER_WEIGHT_NORMALIZED,2011-04-22,VNQ,48,27,1
NN_v2,2,PAPER_WEIGHT_NORMALIZED,2011-04-29,VNQ,49,27,0
NN_v2,2,PAPER_WEIGHT_NORMALIZED,2011-04-29,VDE,46,25,0
NN_v2,2,PAPER_WEIGHT_NORMALIZED,2011-05-06,VDE,47,25,0
NN_v2,2,PAPER_WEIGHT_NORMALIZED,2011-05-06,VAW,41,21,0
NN_v2,2,PAPER_WEIGHT_NORMALIZED,2011-05-13,VDE,48,26,1
NN_v2,2,PAPER_WEIGHT_NORMALIZED,2011-05-13,VAW,42,22,1
NN_v2,2,PAPER_WEIGHT_NORMALIZED,2011-05-20,VDE,49,27,2
NN_v2,2,PAPER_WEIGHT_NORMALIZED,2011-05-20,VAW,43,23,2
NN_v2,2,PAPER_WEIGHT_NORMALIZED,2011-05-27,VGT,19,11,0
NN_v2,2,PAPER_WEIGHT_NORMALIZED,2011-05-27,VDE,50,27,0
NN_v2,2,PAPER_WEIGHT_NORMALIZED,2011-06-03,VDE,51,27,0
NN_v2,2,PAPER_WEIGHT_NORMALIZED,2011-06-03,VHT,23,13,0
NN_v2,2,PAPER_WEIGHT_NORMALIZED,2011-06-10,VPU,26,12,2
NN_v2,2,PAPER_WEIGHT_NORMALIZED,2011-06-10,VHT,24,14,1
NN_v2,2,PAPER_WEIGHT_NORMALIZED,2011-06-17,VDE,52,27,0
NN_v2,2,PAPER_WEIGHT_NORMALIZED,2011-06-17,VAW,44,24,3
NN_v2,2,PAPER_WEIGHT_NORMALIZED,2011-06-24,VDE,53,28,1
NN_v2,2,PAPER_WEIGHT_NORMALIZED,2011-06-24,VIS,24,14,1
NN_v2,2,PAPER_WEIGHT_NORMALIZED,2011-07-01,VDE,54,29,2
NN_v2,2,PAPER_WEIGHT_NORMALIZED,2011-07-01,VAW,45,25,4
NN_v2,2,PAPER_WEIGHT_NORMALIZED,2011-07-08,VDE,55,30,3
NN_v2,2,PAPER_WEIGHT_NORMALIZED,2011-07-08,VAW,46,25,0
NN_v2,2,PAPER_WEIGHT_NORMALIZED,2011-07-15,VAW,47,26,1
NN_v2,2,PAPER_WEIGHT_NORMALIZED,2011-07-15,VNQ,50,28,1
NN_v2,2,PAPER_WEIGHT_NORMALIZED,2011-07-22,VCR,21,11,0
NN_v2,2,PAPER_WEIGHT_NORMALIZED,2011-07-22,VNQ,51,28,0
NN_v2,2,PAPER_WEIGHT_NORMALIZED,2011-07-29,VDC,4,1,0
NN_v2,2,PAPER_WEIGHT_NORMALIZED,2011-07-29,VPU,27,12,0
NN_v2,2,PAPER_WEIGHT_NORMALIZED,2011-08-05,VPU,28,13,1
NN_v2,2,PAPER_WEIGHT_NORMALIZED,2011-08-05,VOX,28,17,2
NN_v2,2,PAPER_WEIGHT_NORMALIZED,2011-08-12,VOX,29,17,0
NN_v2,2,PAPER_WEIGHT_NORMALIZED,2011-08-12,VDC,5,1,0
NN_v2,2,PAPER_WEIGHT_NORMALIZED,2011-08-19,VGT,20,12,1
NN_v2,2,PAPER_WEIGHT_NORMALIZED,2011-08-19,VCR,22,12,1
NN_v2,2,PAPER_WEIGHT_NORMALIZED,2011-08-26,VNQ,52,28,0
NN_v2,2,PAPER_WEIGHT_NORMALIZED,2011-08-26,VGT,21,12,0
NN_v2,2,PAPER_WEIGHT_NORMALIZED,2011-09-02,VCR,23,13,2
NN_v2,2,PAPER_WEIGHT_NORMALIZED,2011-09-02,VNQ,53,29,1
NN_v2,2,PAPER_WEIGHT_NORMALIZED,2011-09-09,VNQ,54,30,2
NN_v2,2,PAPER_WEIGHT_NORMALIZED,2011-09-09,VGT,22,13,1
NN_v2,2,PAPER_WEIGHT_NORMALIZED,2011-09-16,VAW,48,26,0
NN_v2,2,PAPER_WEIGHT_NORMALIZED,2011-09-16,VDE,56,30,0
NN_v2,2,PAPER_WEIGHT_NORMALIZED,2011-09-23,VGT,23,13,0
NN_v2,2,PAPER_WEIGHT_NORMALIZED,2011-09-23,VCR,24,13,0
NN_v2,2,PAPER_WEIGHT_NORMALIZED,2011-09-30,VGT,24,14,1
NN_v2,2,PAPER_WEIGHT_NORMALIZED,2011-09-30,VHT,25,15,2
NN_v2,2,PAPER_WEIGHT_NORMALIZED,2011-10-07,VOX,30,18,1
NN_v2,2,PAPER_WEIGHT_NORMALIZED,2011-10-07,VIS,25,15,2
NN_v2,2,PAPER_WEIGHT_NORMALIZED,2011-10-14,VIS,26,16,3
NN_v2,2,PAPER_WEIGHT_NORMALIZED,2011-10-14,VAW,49,27,1
NN_v2,2,PAPER_WEIGHT_NORMALIZED,2011-10-21,VDE,57,31,1
NN_v2,2,PAPER_WEIGHT_NORMALIZED,2011-10-21,VIS,27,17,4
NN_v2,2,PAPER_WEIGHT_NORMALIZED,2011-10-28,VCR,25,13,0
NN_v2,2,PAPER_WEIGHT_NORMALIZED,2011-10-28,VIS,28,17,0
NN_v2,2,PAPER_WEIGHT_NORMALIZED,2011-11-04,VGT,25,15,2
NN_v2,2,PAPER_WEIGHT_NORMALIZED,2011-11-04,VNQ,55,30,0
NN_v2,2,PAPER_WEIGHT_NORMALIZED,2011-11-11,VDE,58,31,0
NN_v2,2,PAPER_WEIGHT_NORMALIZED,2011-11-11,VAW,50,27,0
NN_v2,2,PAPER_WEIGHT_NORMALIZED,2011-11-18,VGT,26,15,0
NN_v2,2,PAPER_WEIGHT_NORMALIZED,2011-11-18,VPU,29,13,0
NN_v2,2,PAPER_WEIGHT_NORMALIZED,2011-11-25,VIS,29,18,1
NN_v2,2,PAPER_WEIGHT_NORMALIZED,2011-11-25,VDE,59,32,1
NN_v2,2,PAPER_WEIGHT_NORMALIZED,2011-12-02,VDE,60,32,0
NN_v2,2,PAPER_WEIGHT_NORMALIZED,2011-12-02,VNQ,56,31,1
NN_v2,2,PAPER_WEIGHT_NORMALIZED,2011-12-09,VDE,61,32,0
NN_v2,2,PAPER_WEIGHT_NORMALIZED,2011-12-09,VIS,30,18,0
NN_v2,2,PAPER_WEIGHT_NORMALIZED,2011-12-16,VNQ,57,32,2
NN_v2,2,PAPER_WEIGHT_NORMALIZED,2011-12-16,VIS,31,19,1
NN_v2,2,PAPER_WEIGHT_NORMALIZED,2011-12-23,VDE,62,32,0
NN_v2,2,PAPER_WEIGHT_NORMALIZED,2011-12-23,VIS,32,19,0
NN_v2,2,PAPER_WEIGHT_NORMALIZED,2011-12-30,VNQ,58,32,0
NN_v2,2,PAPER_WEIGHT_NORMALIZED,2011-12-30,VDE,63,32,0
NN_v2,2,PAPER_WEIGHT_NORMALIZED,2012-01-06,VFH,76,32,1
NN_v2,2,PAPER_WEIGHT_NORMALIZED,2012-01-06,VDE,64,32,0
NN_v2,2,PAPER_WEIGHT_NORMALIZED,2012-01-13,VDE,65,33,1
NN_v2,2,PAPER_WEIGHT_NORMALIZED,2012-01-13,VAW,51,28,1
NN_v2,2,PAPER_WEIGHT_NORMALIZED,2012-01-20,VAW,52,29,2
NN_v2,2,PAPER_WEIGHT_NORMALIZED,2012-01-20,VFH,77,33,2
NN_v2,2,PAPER_WEIGHT_NORMALIZED,2012-01-27,VFH,78,34,3
NN_v2,2,PAPER_WEIGHT_NORMALIZED,2012-01-27,VAW,53,30,3
NN_v2,2,PAPER_WEIGHT_NORMALIZED,2012-02-03,VAW,54,30,0
NN_v2,2,PAPER_WEIGHT_NORMALIZED,2012-02-03,VDE,66,34,2
NN_v2,2,PAPER_WEIGHT_NORMALIZED,2012-02-10,VDE,67,35,3
NN_v2,2,PAPER_WEIGHT_NORMALIZED,2012-02-10,VAW,55,31,1
NN_v2,2,PAPER_WEIGHT_NORMALIZED,2012-02-17,VDE,68,36,4
NN_v2,2,PAPER_WEIGHT_NORMALIZED,2012-02-17,VAW,56,31,0
NN_v2,2,PAPER_WEIGHT_NORMALIZED,2012-02-24,VAW,57,31,0
NN_v2,2,PAPER_WEIGHT_NORMALIZED,2012-02-24,VFH,79,35,4
NN_v2,2,PAPER_WEIGHT_NORMALIZED,2012-03-02,VDE,69,36,0
NN_v2,2,PAPER_WEIGHT_NORMALIZED,2012-03-02,VFH,80,36,5
NN_v2,2,PAPER_WEIGHT_NORMALIZED,2012-03-09,VDE,70,37,1
NN_v2,2,PAPER_WEIGHT_NORMALIZED,2012-03-09,VFH,81,37,6
NN_v2,2,PAPER_WEIGHT_NORMALIZED,2012-03-16,VDE,71,37,0
NN_v2,2,PAPER_WEIGHT_NORMALIZED,2012-03-16,VAW,58,31,0
NN_v2,2,PAPER_WEIGHT_NORMALIZED,2012-03-23,VDE,72,37,0
NN_v2,2,PAPER_WEIGHT_NORMALIZED,2012-03-23,VIS,33,19,0
NN_v2,2,PAPER_WEIGHT_NORMALIZED,2012-03-30,VDE,73,37,0
NN_v2,2,PAPER_WEIGHT_NORMALIZED,2012-03-30,VFH,82,37,0
NN_v2,2,PAPER_WEIGHT_NORMALIZED,2012-04-06,VFH,83,37,0
NN_v2,2,PAPER_WEIGHT_NORMALIZED,2012-04-06,VDE,74,37,0
NN_v2,2,PAPER_WEIGHT_NORMALIZED,2012-04-13,VFH,84,37,0
NN_v2,2,PAPER_WEIGHT_NORMALIZED,2012-04-13,VNQ,59,33,1
NN_v2,2,PAPER_WEIGHT_NORMALIZED,2012-04-20,VFH,85,38,1
NN_v2,2,PAPER_WEIGHT_NORMALIZED,2012-04-20,VOX,31,19,2
NN_v2,2,PAPER_WEIGHT_NORMALIZED,2012-04-27,VFH,86,38,0
NN_v2,2,PAPER_WEIGHT_NORMALIZED,2012-04-27,VDE,75,37,0
NN_v2,2,PAPER_WEIGHT_NORMALIZED,2012-05-04,VFH,87,38,0
NN_v2,2,PAPER_WEIGHT_NORMALIZED,2012-05-04,VCR,26,13,0
NN_v2,2,PAPER_WEIGHT_NORMALIZED,2012-05-11,VFH,88,38,0
NN_v2,2,PAPER_WEIGHT_NORMALIZED,2012-05-11,VDE,76,37,0
NN_v2,2,PAPER_WEIGHT_NORMALIZED,2012-05-18,VNQ,60,34,2
NN_v2,2,PAPER_WEIGHT_NORMALIZED,2012-05-18,VFH,89,39,1
NN_v2,2,PAPER_WEIGHT_NORMALIZED,2012-05-25,VFH,90,39,0
NN_v2,2,PAPER_WEIGHT_NORMALIZED,2012-05-25,VDE,77,37,0
NN_v2,2,PAPER_WEIGHT_NORMALIZED,2012-06-01,VFH,91,40,1
NN_v2,2,PAPER_WEIGHT_NORMALIZED,2012-06-01,VCR,27,14,1
NN_v2,2,PAPER_WEIGHT_NORMALIZED,2012-06-08,VAW,59,31,0
NN_v2,2,PAPER_WEIGHT_NORMALIZED,2012-06-08,VDE,78,38,1
NN_v2,2,PAPER_WEIGHT_NORMALIZED,2012-06-15,VAW,60,32,1
NN_v2,2,PAPER_WEIGHT_NORMALIZED,2012-06-15,VFH,92,41,2
NN_v2,2,PAPER_WEIGHT_NORMALIZED,2012-06-22,VFH,93,42,3
NN_v2,2,PAPER_WEIGHT_NORMALIZED,2012-06-22,VAW,61,33,2
NN_v2,2,PAPER_WEIGHT_NORMALIZED,2012-06-29,VFH,94,42,0
NN_v2,2,PAPER_WEIGHT_NORMALIZED,2012-06-29,VDE,79,38,0
NN_v2,2,PAPER_WEIGHT_NORMALIZED,2012-07-06,VFH,95,43,1
NN_v2,2,PAPER_WEIGHT_NORMALIZED,2012-07-06,VDE,80,39,1
NN_v2,2,PAPER_WEIGHT_NORMALIZED,2012-07-13,VDE,81,40,2
NN_v2,2,PAPER_WEIGHT_NORMALIZED,2012-07-13,VAW,62,34,3
NN_v2,2,PAPER_WEIGHT_NORMALIZED,2012-07-20,VAW,63,35,4
NN_v2,2,PAPER_WEIGHT_NORMALIZED,2012-07-20,VDE,82,41,3
NN_v2,2,PAPER_WEIGHT_NORMALIZED,2012-07-27,VDE,83,42,4
NN_v2,2,PAPER_WEIGHT_NORMALIZED,2012-07-27,VFH,96,44,2
NN_v2,2,PAPER_WEIGHT_NORMALIZED,2012-08-03,VDE,84,43,5
NN_v2,2,PAPER_WEIGHT_NORMALIZED,2012-08-03,VFH,97,45,3
NN_v2,2,PAPER_WEIGHT_NORMALIZED,2012-08-10,VDE,85,44,6
NN_v2,2,PAPER_WEIGHT_NORMALIZED,2012-08-10,VAW,64,36,5
NN_v2,2,PAPER_WEIGHT_NORMALIZED,2012-08-17,VDE,86,44,0
NN_v2,2,PAPER_WEIGHT_NORMALIZED,2012-08-17,VFH,98,46,4
NN_v2,2,PAPER_WEIGHT_NORMALIZED,2012-08-24,VDE,87,44,0
NN_v2,2,PAPER_WEIGHT_NORMALIZED,2012-08-24,VAW,65,36,0
NN_v2,2,PAPER_WEIGHT_NORMALIZED,2012-08-31,VDE,88,45,1
NN_v2,2,PAPER_WEIGHT_NORMALIZED,2012-08-31,VGT,27,16,1
NN_v2,2,PAPER_WEIGHT_NORMALIZED,2012-09-07,VDE,89,46,2
NN_v2,2,PAPER_WEIGHT_NORMALIZED,2012-09-07,VCR,28,15,2
NN_v2,2,PAPER_WEIGHT_NORMALIZED,2012-09-14,VAW,66,36,0
NN_v2,2,PAPER_WEIGHT_NORMALIZED,2012-09-14,VFH,99,46,0
NN_v2,2,PAPER_WEIGHT_NORMALIZED,2012-09-21,VAW,67,36,0
NN_v2,2,PAPER_WEIGHT_NORMALIZED,2012-09-21,VFH,100,46,0
NN_v2,2,PAPER_WEIGHT_NORMALIZED,2012-09-28,VFH,101,47,1
NN_v2,2,PAPER_WEIGHT_NORMALIZED,2012-09-28,VAW,68,37,1
NN_v2,2,PAPER_WEIGHT_NORMALIZED,2012-10-05,VCR,29,15,0
NN_v2,2,PAPER_WEIGHT_NORMALIZED,2012-10-05,VDE,90,46,0
NN_v2,2,PAPER_WEIGHT_NORMALIZED,2012-10-12,VAW,69,38,2
NN_v2,2,PAPER_WEIGHT_NORMALIZED,2012-10-12,VDE,91,47,1
NN_v2,2,PAPER_WEIGHT_NORMALIZED,2012-10-19,VAW,70,38,0
NN_v2,2,PAPER_WEIGHT_NORMALIZED,2012-10-19,VDE,92,47,0
NN_v2,2,PAPER_WEIGHT_NORMALIZED,2012-10-26,VAW,71,38,0
NN_v2,2,PAPER_WEIGHT_NORMALIZED,2012-10-26,VDE,93,47,0
NN_v2,2,PAPER_WEIGHT_NORMALIZED,2012-11-02,VAW,72,38,0
NN_v2,2,PAPER_WEIGHT_NORMALIZED,2012-11-02,VDE,94,47,0
NN_v2,2,PAPER_WEIGHT_NORMALIZED,2012-11-09,VFH,102,47,0
NN_v2,2,PAPER_WEIGHT_NORMALIZED,2012-11-09,VDE,95,47,0
NN_v2,2,PAPER_WEIGHT_NORMALIZED,2012-11-16,VFH,103,48,1
NN_v2,2,PAPER_WEIGHT_NORMALIZED,2012-11-16,VAW,73,39,1
NN_v2,2,PAPER_WEIGHT_NORMALIZED,2012-11-23,VAW,74,40,2
NN_v2,2,PAPER_WEIGHT_NORMALIZED,2012-11-23,VDE,96,48,1
NN_v2,2,PAPER_WEIGHT_NORMALIZED,2012-11-30,VDE,97,49,2
NN_v2,2,PAPER_WEIGHT_NORMALIZED,2012-11-30,VAW,75,40,0
NN_v2,2,PAPER_WEIGHT_NORMALIZED,2012-12-07,VOX,32,20,3
NN_v2,2,PAPER_WEIGHT_NORMALIZED,2012-12-07,VGT,28,16,0
NN_v2,2,PAPER_WEIGHT_NORMALIZED,2012-12-14,VGT,29,17,1
NN_v2,2,PAPER_WEIGHT_NORMALIZED,2012-12-14,VAW,76,40,0
NN_v2,2,PAPER_WEIGHT_NORMALIZED,2012-12-21,VPU,30,13,0
NN_v2,2,PAPER_WEIGHT_NORMALIZED,2012-12-21,VGT,30,17,0
NN_v2,2,PAPER_WEIGHT_NORMALIZED,2012-12-28,VDE,98,50,3
NN_v2,2,PAPER_WEIGHT_NORMALIZED,2012-12-28,VNQ,61,35,3
NN_v2,2,PAPER_WEIGHT_NORMALIZED,2013-01-04,VOX,33,20,0
NN_v2,2,PAPER_WEIGHT_NORMALIZED,2013-01-04,VFH,104,49,2
NN_v2,2,PAPER_WEIGHT_NORMALIZED,2013-01-11,VIS,34,20,1
NN_v2,2,PAPER_WEIGHT_NORMALIZED,2013-01-11,VFH,105,50,3
NN_v2,2,PAPER_WEIGHT_NORMALIZED,2013-01-18,VIS,35,21,2
NN_v2,2,PAPER_WEIGHT_NORMALIZED,2013-01-18,VAW,77,41,1
NN_v2,2,PAPER_WEIGHT_NORMALIZED,2013-01-25,VIS,36,21,0
NN_v2,2,PAPER_WEIGHT_NORMALIZED,2013-01-25,VDE,99,51,4
NN_v2,2,PAPER_WEIGHT_NORMALIZED,2013-02-01,VDE,100,52,5
NN_v2,2,PAPER_WEIGHT_NORMALIZED,2013-02-01,VAW,78,42,2
NN_v2,2,PAPER_WEIGHT_NORMALIZED,2013-02-08,VDE,101,52,0
NN_v2,2,PAPER_WEIGHT_NORMALIZED,2013-02-08,VIS,37,22,1
NN_v2,2,PAPER_WEIGHT_NORMALIZED,2013-02-15,VFH,106,50,0
NN_v2,2,PAPER_WEIGHT_NORMALIZED,2013-02-15,VIS,38,22,0
NN_v2,2,PAPER_WEIGHT_NORMALIZED,2013-02-22,VDE,102,52,0
NN_v2,2,PAPER_WEIGHT_NORMALIZED,2013-02-22,VFH,107,50,0
NN_v2,2,PAPER_WEIGHT_NORMALIZED,2013-03-01,VIS,39,23,1
NN_v2,2,PAPER_WEIGHT_NORMALIZED,2013-03-01,VHT,26,16,3
NN_v2,2,PAPER_WEIGHT_NORMALIZED,2013-03-08,VCR,30,16,1
NN_v2,2,PAPER_WEIGHT_NORMALIZED,2013-03-08,VIS,40,24,2
NN_v2,2,PAPER_WEIGHT_NORMALIZED,2013-03-15,VFH,108,50,0
NN_v2,2,PAPER_WEIGHT_NORMALIZED,2013-03-15,VIS,41,25,3
NN_v2,2,PAPER_WEIGHT_NORMALIZED,2013-03-22,VFH,109,50,0
NN_v2,2,PAPER_WEIGHT_NORMALIZED,2013-03-22,VHT,27,17,4
NN_v2,2,PAPER_WEIGHT_NORMALIZED,2013-03-29,VCR,31,16,0
NN_v2,2,PAPER_WEIGHT_NORMALIZED,2013-03-29,VPU,31,14,1
NN_v2,2,PAPER_WEIGHT_NORMALIZED,2013-04-05,VAW,79,43,3
NN_v2,2,PAPER_WEIGHT_NORMALIZED,2013-04-05,VIS,42,26,4
NN_v2,2,PAPER_WEIGHT_NORMALIZED,2013-04-12,VAW,80,43,0
NN_v2,2,PAPER_WEIGHT_NORMALIZED,2013-04-12,VFH,110,50,0
NN_v2,2,PAPER_WEIGHT_NORMALIZED,2013-04-19,VIS,43,27,5
NN_v2,2,PAPER_WEIGHT_NORMALIZED,2013-04-19,VAW,81,44,1
NN_v2,2,PAPER_WEIGHT_NORMALIZED,2013-04-26,VIS,44,28,6
NN_v2,2,PAPER_WEIGHT_NORMALIZED,2013-04-26,VAW,82,45,2
NN_v2,2,PAPER_WEIGHT_NORMALIZED,2013-05-03,VAW,83,46,3
NN_v2,2,PAPER_WEIGHT_NORMALIZED,2013-05-03,VDE,103,53,1
NN_v2,2,PAPER_WEIGHT_NORMALIZED,2013-05-10,VCR,32,17,1
NN_v2,2,PAPER_WEIGHT_NORMALIZED,2013-05-10,VGT,31,18,1
NN_v2,2,PAPER_WEIGHT_NORMALIZED,2013-05-17,VOX,34,20,0
NN_v2,2,PAPER_WEIGHT_NORMALIZED,2013-05-17,VGT,32,18,0
NN_v2,2,PAPER_WEIGHT_NORMALIZED,2013-05-24,VOX,35,20,0
NN_v2,2,PAPER_WEIGHT_NORMALIZED,2013-05-24,VNQ,62,35,0
NN_v2,2,PAPER_WEIGHT_NORMALIZED,2013-05-31,VOX,36,21,1
NN_v2,2,PAPER_WEIGHT_NORMALIZED,2013-05-31,VCR,33,18,2
NN_v2,2,PAPER_WEIGHT_NORMALIZED,2013-06-07,VNQ,63,35,0
NN_v2,2,PAPER_WEIGHT_NORMALIZED,2013-06-07,VGT,33,18,0
NN_v2,2,PAPER_WEIGHT_NORMALIZED,2013-06-14,VCR,34,18,0
NN_v2,2,PAPER_WEIGHT_NORMALIZED,2013-06-14,VNQ,64,35,0
NN_v2,2,PAPER_WEIGHT_NORMALIZED,2013-06-21,VGT,34,19,1
NN_v2,2,PAPER_WEIGHT_NORMALIZED,2013-06-21,VIS,45,29,7
NN_v2,2,PAPER_WEIGHT_NORMALIZED,2013-06-28,VIS,46,30,8
NN_v2,2,PAPER_WEIGHT_NORMALIZED,2013-06-28,VAW,84,47,4
NN_v2,2,PAPER_WEIGHT_NORMALIZED,2013-07-05,VNQ,65,36,1
NN_v2,2,PAPER_WEIGHT_NORMALIZED,2013-07-05,VPU,32,15,2
NN_v2,2,PAPER_WEIGHT_NORMALIZED,2013-07-12,VNQ,66,37,2
NN_v2,2,PAPER_WEIGHT_NORMALIZED,2013-07-12,VPU,33,16,3
NN_v2,2,PAPER_WEIGHT_NORMALIZED,2013-07-19,VNQ,67,37,0
NN_v2,2,PAPER_WEIGHT_NORMALIZED,2013-07-19,VPU,34,16,0
NN_v2,2,PAPER_WEIGHT_NORMALIZED,2013-07-26,VNQ,68,37,0
NN_v2,2,PAPER_WEIGHT_NORMALIZED,2013-07-26,VOX,37,21,0
NN_v2,2,PAPER_WEIGHT_NORMALIZED,2013-08-02,VNQ,69,38,1
NN_v2,2,PAPER_WEIGHT_NORMALIZED,2013-08-02,VPU,35,16,0
NN_v2,2,PAPER_WEIGHT_NORMALIZED,2013-08-09,VNQ,70,38,0
NN_v2,2,PAPER_WEIGHT_NORMALIZED,2013-08-09,VIS,47,30,0
NN_v2,2,PAPER_WEIGHT_NORMALIZED,2013-08-16,VIS,48,31,1
NN_v2,2,PAPER_WEIGHT_NORMALIZED,2013-08-16,VNQ,71,39,1
NN_v2,2,PAPER_WEIGHT_NORMALIZED,2013-08-23,VCR,35,18,0
NN_v2,2,PAPER_WEIGHT_NORMALIZED,2013-08-23,VHT,28,17,0
NN_v2,2,PAPER_WEIGHT_NORMALIZED,2013-08-30,VCR,36,19,1
NN_v2,2,PAPER_WEIGHT_NORMALIZED,2013-08-30,VAW,85,48,5
NN_v2,2,PAPER_WEIGHT_NORMALIZED,2013-09-06,VNQ,72,40,2
NN_v2,2,PAPER_WEIGHT_NORMALIZED,2013-09-06,VPU,36,17,1
NN_v2,2,PAPER_WEIGHT_NORMALIZED,2013-09-13,VNQ,73,41,3
NN_v2,2,PAPER_WEIGHT_NORMALIZED,2013-09-13,VCR,37,20,2
NN_v2,2,PAPER_WEIGHT_NORMALIZED,2013-09-20,VNQ,74,41,0
NN_v2,2,PAPER_WEIGHT_NORMALIZED,2013-09-20,VIS,49,31,0
NN_v2,2,PAPER_WEIGHT_NORMALIZED,2013-09-27,VNQ,75,41,0
NN_v2,2,PAPER_WEIGHT_NORMALIZED,2013-09-27,VGT,35,20,2
NN_v2,2,PAPER_WEIGHT_NORMALIZED,2013-10-04,VOX,38,22,1
NN_v2,2,PAPER_WEIGHT_NORMALIZED,2013-10-04,VNQ,76,42,1
NN_v2,2,PAPER_WEIGHT_NORMALIZED,2013-10-11,VNQ,77,43,2
NN_v2,2,PAPER_WEIGHT_NORMALIZED,2013-10-11,VIS,50,32,1
NN_v2,2,PAPER_WEIGHT_NORMALIZED,2013-10-18,VNQ,78,44,3
NN_v2,2,PAPER_WEIGHT_NORMALIZED,2013-10-18,VOX,39,23,2
NN_v2,2,PAPER_WEIGHT_NORMALIZED,2013-10-25,VNQ,79,44,0
NN_v2,2,PAPER_WEIGHT_NORMALIZED,2013-10-25,VIS,51,33,2
NN_v2,2,PAPER_WEIGHT_NORMALIZED,2013-11-01,VNQ,80,44,0
NN_v2,2,PAPER_WEIGHT_NORMALIZED,2013-11-01,VOX,40,23,0
NN_v2,2,PAPER_WEIGHT_NORMALIZED,2013-11-08,VNQ,81,45,1
NN_v2,2,PAPER_WEIGHT_NORMALIZED,2013-11-08,VIS,52,34,3
NN_v2,2,PAPER_WEIGHT_NORMALIZED,2013-11-15,VIS,53,35,4
NN_v2,2,PAPER_WEIGHT_NORMALIZED,2013-11-15,VNQ,82,45,0
NN_v2,2,PAPER_WEIGHT_NORMALIZED,2013-11-22,VNQ,83,45,0
NN_v2,2,PAPER_WEIGHT_NORMALIZED,2013-11-22,VIS,54,36,5
NN_v2,2,PAPER_WEIGHT_NORMALIZED,2013-11-29,VNQ,84,46,1
NN_v2,2,PAPER_WEIGHT_NORMALIZED,2013-11-29,VIS,55,36,0
NN_v2,2,PAPER_WEIGHT_NORMALIZED,2013-12-06,VNQ,85,46,0
NN_v2,2,PAPER_WEIGHT_NORMALIZED,2013-12-06,VCR,38,20,0
NN_v2,2,PAPER_WEIGHT_NORMALIZED,2013-12-13,VCR,39,21,1
NN_v2,2,PAPER_WEIGHT_NORMALIZED,2013-12-13,VNQ,86,47,1
NN_v2,2,PAPER_WEIGHT_NORMALIZED,2013-12-20,VNQ,87,47,0
NN_v2,2,PAPER_WEIGHT_NORMALIZED,2013-12-20,VGT,36,21,3
NN_v2,2,PAPER_WEIGHT_NORMALIZED,2013-12-27,VNQ,88,48,1
NN_v2,2,PAPER_WEIGHT_NORMALIZED,2013-12-27,VGT,37,21,0
NN_v2,2,PAPER_WEIGHT_NORMALIZED,2014-01-03,VOX,41,23,0
NN_v2,2,PAPER_WEIGHT_NORMALIZED,2014-01-03,VDE,104,53,0
NN_v2,2,PAPER_WEIGHT_NORMALIZED,2014-01-10,VNQ,89,49,2
NN_v2,2,PAPER_WEIGHT_NORMALIZED,2014-01-10,VOX,42,24,1
NN_v2,2,PAPER_WEIGHT_NORMALIZED,2014-01-17,VNQ,90,49,0
NN_v2,2,PAPER_WEIGHT_NORMALIZED,2014-01-17,VOX,43,24,0
NN_v2,2,PAPER_WEIGHT_NORMALIZED,2014-01-24,VIS,56,36,0
NN_v2,2,PAPER_WEIGHT_NORMALIZED,2014-01-24,VAW,86,49,6
NN_v2,2,PAPER_WEIGHT_NORMALIZED,2014-01-31,VIS,57,37,1
NN_v2,2,PAPER_WEIGHT_NORMALIZED,2014-01-31,VFH,111,51,1
NN_v2,2,PAPER_WEIGHT_NORMALIZED,2014-02-07,VFH,112,52,2
NN_v2,2,PAPER_WEIGHT_NORMALIZED,2014-02-07,VIS,58,38,2
NN_v2,2,PAPER_WEIGHT_NORMALIZED,2014-02-14,VDE,105,54,1
NN_v2,2,PAPER_WEIGHT_NORMALIZED,2014-02-14,VOX,44,25,1
NN_v2,2,PAPER_WEIGHT_NORMALIZED,2014-02-21,VCR,40,22,2
NN_v2,2,PAPER_WEIGHT_NORMALIZED,2014-02-21,VIS,59,39,3
NN_v2,2,PAPER_WEIGHT_NORMALIZED,2014-02-28,VDE,106,55,2
NN_v2,2,PAPER_WEIGHT_NORMALIZED,2014-02-28,VAW,87,50,7
NN_v2,2,PAPER_WEIGHT_NORMALIZED,2014-03-07,VPU,37,18,2
NN_v2,2,PAPER_WEIGHT_NORMALIZED,2014-03-07,VDE,107,55,0
NN_v2,2,PAPER_WEIGHT_NORMALIZED,2014-03-14,VCR,41,22,0
NN_v2,2,PAPER_WEIGHT_NORMALIZED,2014-03-14,VAW,88,51,8
NN_v2,2,PAPER_WEIGHT_NORMALIZED,2014-03-21,VCR,42,22,0
NN_v2,2,PAPER_WEIGHT_NORMALIZED,2014-03-21,VIS,60,39,0
NN_v2,2,PAPER_WEIGHT_NORMALIZED,2014-03-28,VAW,89,52,9
NN_v2,2,PAPER_WEIGHT_NORMALIZED,2014-03-28,VFH,113,52,0
NN_v2,2,PAPER_WEIGHT_NORMALIZED,2014-04-04,VAW,90,52,0
NN_v2,2,PAPER_WEIGHT_NORMALIZED,2014-04-04,VFH,114,52,0
NN_v2,2,PAPER_WEIGHT_NORMALIZED,2014-04-11,VAW,91,53,1
NN_v2,2,PAPER_WEIGHT_NORMALIZED,2014-04-11,VIS,61,40,1
NN_v2,2,PAPER_WEIGHT_NORMALIZED,2014-04-18,VFH,115,52,0
NN_v2,2,PAPER_WEIGHT_NORMALIZED,2014-04-18,VAW,92,53,0
NN_v2,2,PAPER_WEIGHT_NORMALIZED,2014-04-25,VIS,62,41,2
NN_v2,2,PAPER_WEIGHT_NORMALIZED,2014-04-25,VFH,116,53,1
NN_v2,2,PAPER_WEIGHT_NORMALIZED,2014-05-02,VAW,93,54,1
NN_v2,2,PAPER_WEIGHT_NORMALIZED,2014-05-02,VGT,38,21,0
NN_v2,2,PAPER_WEIGHT_NORMALIZED,2014-05-09,VIS,63,41,0
NN_v2,2,PAPER_WEIGHT_NORMALIZED,2014-05-09,VAW,94,54,0
NN_v2,2,PAPER_WEIGHT_NORMALIZED,2014-05-16,VAW,95,55,1
NN_v2,2,PAPER_WEIGHT_NORMALIZED,2014-05-16,VHT,29,18,1
NN_v2,2,PAPER_WEIGHT_NORMALIZED,2014-05-23,VOX,45,26,2
NN_v2,2,PAPER_WEIGHT_NORMALIZED,2014-05-23,VHT,30,19,2
NN_v2,2,PAPER_WEIGHT_NORMALIZED,2014-05-30,VOX,46,26,0
NN_v2,2,PAPER_WEIGHT_NORMALIZED,2014-05-30,VHT,31,20,3
NN_v2,2,PAPER_WEIGHT_NORMALIZED,2014-06-06,VOX,47,26,0
NN_v2,2,PAPER_WEIGHT_NORMALIZED,2014-06-06,VCR,43,22,0
NN_v2,2,PAPER_WEIGHT_NORMALIZED,2014-06-13,VFH,117,54,2
NN_v2,2,PAPER_WEIGHT_NORMALIZED,2014-06-13,VAW,96,56,2
NN_v2,2,PAPER_WEIGHT_NORMALIZED,2014-06-20,VFH,118,54,0
NN_v2,2,PAPER_WEIGHT_NORMALIZED,2014-06-20,VIS,64,41,0
NN_v2,2,PAPER_WEIGHT_NORMALIZED,2014-06-27,VNQ,91,49,0
NN_v2,2,PAPER_WEIGHT_NORMALIZED,2014-06-27,VAW,97,57,3
NN_v2,2,PAPER_WEIGHT_NORMALIZED,2014-07-04,VPU,38,19,3
NN_v2,2,PAPER_WEIGHT_NORMALIZED,2014-07-04,VOX,48,26,0
NN_v2,2,PAPER_WEIGHT_NORMALIZED,2014-07-11,VCR,44,22,0
NN_v2,2,PAPER_WEIGHT_NORMALIZED,2014-07-11,VHT,32,20,0
NN_v2,2,PAPER_WEIGHT_NORMALIZED,2014-07-18,VCR,45,22,0
NN_v2,2,PAPER_WEIGHT_NORMALIZED,2014-07-18,VHT,33,21,1
NN_v2,2,PAPER_WEIGHT_NORMALIZED,2014-07-25,VHT,34,21,0
NN_v2,2,PAPER_WEIGHT_NORMALIZED,2014-07-25,VOX,49,26,0
NN_v2,2,PAPER_WEIGHT_NORMALIZED,2014-08-01,VAW,98,58,4
NN_v2,2,PAPER_WEIGHT_NORMALIZED,2014-08-01,VCR,46,23,1
NN_v2,2,PAPER_WEIGHT_NORMALIZED,2014-08-08,VDE,108,55,0
NN_v2,2,PAPER_WEIGHT_NORMALIZED,2014-08-08,VFH,119,55,1
NN_v2,2,PAPER_WEIGHT_NORMALIZED,2014-08-15,VFH,120,56,2
NN_v2,2,PAPER_WEIGHT_NORMALIZED,2014-08-15,VDC,6,2,1
NN_v2,2,PAPER_WEIGHT_NORMALIZED,2014-08-22,VIS,65,41,0
NN_v2,2,PAPER_WEIGHT_NORMALIZED,2014-08-22,VCR,47,23,0
NN_v2,2,PAPER_WEIGHT_NORMALIZED,2014-08-29,VDE,109,55,0
NN_v2,2,PAPER_WEIGHT_NORMALIZED,2014-08-29,VFH,121,57,3
NN_v2,2,PAPER_WEIGHT_NORMALIZED,2014-09-05,VIS,66,41,0
NN_v2,2,PAPER_WEIGHT_NORMALIZED,2014-09-05,VFH,122,57,0
NN_v2,2,PAPER_WEIGHT_NORMALIZED,2014-09-12,VCR,48,24,1
NN_v2,2,PAPER_WEIGHT_NORMALIZED,2014-09-12,VFH,123,58,1
NN_v2,2,PAPER_WEIGHT_NORMALIZED,2014-09-19,VPU,39,19,0
NN_v2,2,PAPER_WEIGHT_NORMALIZED,2014-09-19,VNQ,92,49,0
NN_v2,2,PAPER_WEIGHT_NORMALIZED,2014-09-26,VAW,99,58,0
NN_v2,2,PAPER_WEIGHT_NORMALIZED,2014-09-26,VPU,40,20,1
NN_v2,2,PAPER_WEIGHT_NORMALIZED,2014-10-03,VCR,49,24,0
NN_v2,2,PAPER_WEIGHT_NORMALIZED,2014-10-03,VGT,39,21,0
NN_v2,2,PAPER_WEIGHT_NORMALIZED,2014-10-10,VFH,124,58,0
NN_v2,2,PAPER_WEIGHT_NORMALIZED,2014-10-10,VGT,40,21,0
NN_v2,2,PAPER_WEIGHT_NORMALIZED,2014-10-17,VFH,125,59,1
NN_v2,2,PAPER_WEIGHT_NORMALIZED,2014-10-17,VHT,35,22,1
NN_v2,2,PAPER_WEIGHT_NORMALIZED,2014-10-24,VCR,50,25,1
NN_v2,2,PAPER_WEIGHT_NORMALIZED,2014-10-24,VGT,41,22,1
NN_v2,2,PAPER_WEIGHT_NORMALIZED,2014-10-31,VIS,67,42,1
NN_v2,2,PAPER_WEIGHT_NORMALIZED,2014-10-31,VDE,110,56,1
NN_v2,2,PAPER_WEIGHT_NORMALIZED,2014-11-07,VDE,111,56,0
NN_v2,2,PAPER_WEIGHT_NORMALIZED,2014-11-07,VGT,42,23,2
NN_v2,2,PAPER_WEIGHT_NORMALIZED,2014-11-14,VHT,36,23,2
NN_v2,2,PAPER_WEIGHT_NORMALIZED,2014-11-14,VPU,41,21,2
NN_v2,2,PAPER_WEIGHT_NORMALIZED,2014-11-21,VIS,68,42,0
NN_v2,2,PAPER_WEIGHT_NORMALIZED,2014-11-21,VGT,43,24,3
NN_v2,2,PAPER_WEIGHT_NORMALIZED,2014-11-28,VIS,69,43,1
NN_v2,2,PAPER_WEIGHT_NORMALIZED,2014-11-28,VPU,42,21,0
NN_v2,2,PAPER_WEIGHT_NORMALIZED,2014-12-05,VAW,100,58,0
NN_v2,2,PAPER_WEIGHT_NORMALIZED,2014-12-05,VPU,43,21,0
NN_v2,2,PAPER_WEIGHT_NORMALIZED,2014-12-12,VGT,44,25,4
NN_v2,2,PAPER_WEIGHT_NORMALIZED,2014-12-12,VIS,70,44,2
NN_v2,2,PAPER_WEIGHT_NORMALIZED,2014-12-19,VIS,71,45,3
NN_v2,2,PAPER_WEIGHT_NORMALIZED,2014-12-19,VGT,45,26,5
NN_v2,2,PAPER_WEIGHT_NORMALIZED,2014-12-26,VIS,72,45,0
NN_v2,2,PAPER_WEIGHT_NORMALIZED,2014-12-26,VHT,37,23,0
NN_v2,2,PAPER_WEIGHT_NORMALIZED,2015-01-02,VIS,73,45,0
NN_v2,2,PAPER_WEIGHT_NORMALIZED,2015-01-02,VGT,46,27,6
NN_v2,2,PAPER_WEIGHT_NORMALIZED,2015-01-09,VGT,47,27,0
NN_v2,2,PAPER_WEIGHT_NORMALIZED,2015-01-09,VAW,101,58,0
NN_v2,2,PAPER_WEIGHT_NORMALIZED,2015-01-16,VCR,51,26,2
NN_v2,2,PAPER_WEIGHT_NORMALIZED,2015-01-16,VGT,48,28,1
NN_v2,2,PAPER_WEIGHT_NORMALIZED,2015-01-23,VDE,112,56,0
NN_v2,2,PAPER_WEIGHT_NORMALIZED,2015-01-23,VAW,102,58,0
NN_v2,2,PAPER_WEIGHT_NORMALIZED,2015-01-30,VGT,49,29,2
NN_v2,2,PAPER_WEIGHT_NORMALIZED,2015-01-30,VIS,74,46,1
NN_v2,2,PAPER_WEIGHT_NORMALIZED,2015-02-06,VDE,113,57,1
NN_v2,2,PAPER_WEIGHT_NORMALIZED,2015-02-06,VIS,75,47,2
NN_v2,2,PAPER_WEIGHT_NORMALIZED,2015-02-13,VDE,114,57,0
NN_v2,2,PAPER_WEIGHT_NORMALIZED,2015-02-13,VOX,50,26,0
NN_v2,2,PAPER_WEIGHT_NORMALIZED,2015-02-20,VDE,115,57,0
NN_v2,2,PAPER_WEIGHT_NORMALIZED,2015-02-20,VOX,51,27,1
NN_v2,2,PAPER_WEIGHT_NORMALIZED,2015-02-27,VOX,52,27,0
NN_v2,2,PAPER_WEIGHT_NORMALIZED,2015-02-27,VDE,116,57,0
NN_v2,2,PAPER_WEIGHT_NORMALIZED,2015-03-06,VAW,103,58,0
NN_v2,2,PAPER_WEIGHT_NORMALIZED,2015-03-06,VIS,76,47,0
NN_v2,2,PAPER_WEIGHT_NORMALIZED,2015-03-13,VGT,50,30,3
NN_v2,2,PAPER_WEIGHT_NORMALIZED,2015-03-13,VOX,53,28,1
NN_v2,2,PAPER_WEIGHT_NORMALIZED,2015-03-20,VDE,117,57,0
NN_v2,2,PAPER_WEIGHT_NORMALIZED,2015-03-20,VOX,54,28,0
NN_v2,2,PAPER_WEIGHT_NORMALIZED,2015-03-27,VOX,55,29,1
NN_v2,2,PAPER_WEIGHT_NORMALIZED,2015-03-27,VGT,51,30,0
NN_v2,2,PAPER_WEIGHT_NORMALIZED,2015-04-03,VDE,118,58,1
NN_v2,2,PAPER_WEIGHT_NORMALIZED,2015-04-03,VIS,77,48,1
NN_v2,2,PAPER_WEIGHT_NORMALIZED,2015-04-10,VPU,44,21,0
NN_v2,2,PAPER_WEIGHT_NORMALIZED,2015-04-10,VDE,119,59,2
NN_v2,2,PAPER_WEIGHT_NORMALIZED,2015-04-17,VOX,56,30,2
NN_v2,2,PAPER_WEIGHT_NORMALIZED,2015-04-17,VAW,104,59,1
NN_v2,2,PAPER_WEIGHT_NORMALIZED,2015-04-24,VDE,120,60,3
NN_v2,2,PAPER_WEIGHT_NORMALIZED,2015-04-24,VPU,45,21,0
NN_v2,2,PAPER_WEIGHT_NORMALIZED,2015-05-01,VHT,38,24,1
NN_v2,2,PAPER_WEIGHT_NORMALIZED,2015-05-01,VDE,121,60,0
NN_v2,2,PAPER_WEIGHT_NORMALIZED,2015-05-08,VDE,122,60,0
NN_v2,2,PAPER_WEIGHT_NORMALIZED,2015-05-08,VGT,52,31,1
NN_v2,2,PAPER_WEIGHT_NORMALIZED,2015-05-15,VDE,123,60,0
NN_v2,2,PAPER_WEIGHT_NORMALIZED,2015-05-15,VGT,53,32,2
NN_v2,2,PAPER_WEIGHT_NORMALIZED,2015-05-22,VDE,124,60,0
NN_v2,2,PAPER_WEIGHT_NORMALIZED,2015-05-22,VAW,105,59,0
NN_v2,2,PAPER_WEIGHT_NORMALIZED,2015-05-29,VPU,46,21,0
NN_v2,2,PAPER_WEIGHT_NORMALIZED,2015-05-29,VDE,125,60,0
NN_v2,2,PAPER_WEIGHT_NORMALIZED,2015-06-05,VDE,126,60,0
NN_v2,2,PAPER_WEIGHT_NORMALIZED,2015-06-05,VOX,57,31,3
NN_v2,2,PAPER_WEIGHT_NORMALIZED,2015-06-12,VDE,127,61,1
NN_v2,2,PAPER_WEIGHT_NORMALIZED,2015-06-12,VOX,58,32,4
NN_v2,2,PAPER_WEIGHT_NORMALIZED,2015-06-19,VOX,59,32,0
NN_v2,2,PAPER_WEIGHT_NORMALIZED,2015-06-19,VGT,54,32,0
NN_v2,2,PAPER_WEIGHT_NORMALIZED,2015-06-26,VGT,55,32,0
NN_v2,2,PAPER_WEIGHT_NORMALIZED,2015-06-26,VIS,78,48,0
NN_v2,2,PAPER_WEIGHT_NORMALIZED,2015-07-03,VOX,60,32,0
NN_v2,2,PAPER_WEIGHT_NORMALIZED,2015-07-03,VGT,56,32,0
NN_v2,2,PAPER_WEIGHT_NORMALIZED,2015-07-10,VOX,61,33,1
NN_v2,2,PAPER_WEIGHT_NORMALIZED,2015-07-10,VGT,57,33,1
NN_v2,2,PAPER_WEIGHT_NORMALIZED,2015-07-17,VPU,47,21,0
NN_v2,2,PAPER_WEIGHT_NORMALIZED,2015-07-17,VNQ,93,49,0
NN_v2,2,PAPER_WEIGHT_NORMALIZED,2015-07-24,VGT,58,34,2
NN_v2,2,PAPER_WEIGHT_NORMALIZED,2015-07-24,VPU,48,22,1
NN_v2,2,PAPER_WEIGHT_NORMALIZED,2015-07-31,VNQ,94,49,0
NN_v2,2,PAPER_WEIGHT_NORMALIZED,2015-07-31,VGT,59,34,0
NN_v2,2,PAPER_WEIGHT_NORMALIZED,2015-08-07,VGT,60,34,0
NN_v2,2,PAPER_WEIGHT_NORMALIZED,2015-08-07,VHT,39,24,0
NN_v2,2,PAPER_WEIGHT_NORMALIZED,2015-08-14,VOX,62,33,0
NN_v2,2,PAPER_WEIGHT_NORMALIZED,2015-08-14,VNQ,95,49,0
NN_v2,2,PAPER_WEIGHT_NORMALIZED,2015-08-21,VFH,126,60,2
NN_v2,2,PAPER_WEIGHT_NORMALIZED,2015-08-21,VCR,52,27,3
NN_v2,2,PAPER_WEIGHT_NORMALIZED,2015-08-28,VNQ,96,49,0
NN_v2,2,PAPER_WEIGHT_NORMALIZED,2015-08-28,VFH,127,60,0
NN_v2,2,PAPER_WEIGHT_NORMALIZED,2015-09-04,VPU,49,23,2
NN_v2,2,PAPER_WEIGHT_NORMALIZED,2015-09-04,VNQ,97,50,1
NN_v2,2,PAPER_WEIGHT_NORMALIZED,2015-09-11,VNQ,98,51,2
NN_v2,2,PAPER_WEIGHT_NORMALIZED,2015-09-11,VPU,50,24,3
NN_v2,2,PAPER_WEIGHT_NORMALIZED,2015-09-18,VGT,61,34,0
NN_v2,2,PAPER_WEIGHT_NORMALIZED,2015-09-18,VIS,79,48,0
NN_v2,2,PAPER_WEIGHT_NORMALIZED,2015-09-25,VGT,62,35,1
NN_v2,2,PAPER_WEIGHT_NORMALIZED,2015-09-25,VCR,53,28,4
NN_v2,2,PAPER_WEIGHT_NORMALIZED,2015-10-02,VGT,63,36,2
NN_v2,2,PAPER_WEIGHT_NORMALIZED,2015-10-02,VIS,80,49,1
NN_v2,2,PAPER_WEIGHT_NORMALIZED,2015-10-09,VGT,64,37,3
NN_v2,2,PAPER_WEIGHT_NORMALIZED,2015-10-09,VOX,63,34,1
NN_v2,2,PAPER_WEIGHT_NORMALIZED,2015-10-16,VAW,106,60,1
NN_v2,2,PAPER_WEIGHT_NORMALIZED,2015-10-16,VIS,81,50,2
NN_v2,2,PAPER_WEIGHT_NORMALIZED,2015-10-23,VDE,128,61,0
NN_v2,2,PAPER_WEIGHT_NORMALIZED,2015-10-23,VAW,107,61,2
NN_v2,2,PAPER_WEIGHT_NORMALIZED,2015-10-30,VDE,129,62,1
NN_v2,2,PAPER_WEIGHT_NORMALIZED,2015-10-30,VAW,108,61,0
NN_v2,2,PAPER_WEIGHT_NORMALIZED,2015-11-06,VDE,130,62,0
NN_v2,2,PAPER_WEIGHT_NORMALIZED,2015-11-06,VAW,109,61,0
NN_v2,2,PAPER_WEIGHT_NORMALIZED,2015-11-13,VDE,131,63,1
NN_v2,2,PAPER_WEIGHT_NORMALIZED,2015-11-13,VAW,110,62,1
NN_v2,2,PAPER_WEIGHT_NORMALIZED,2015-11-20,VDE,132,64,2
NN_v2,2,PAPER_WEIGHT_NORMALIZED,2015-11-20,VHT,40,25,1
NN_v2,2,PAPER_WEIGHT_NORMALIZED,2015-11-27,VDE,133,64,0
NN_v2,2,PAPER_WEIGHT_NORMALIZED,2015-11-27,VAW,111,62,0
NN_v2,2,PAPER_WEIGHT_NORMALIZED,2015-12-04,VAW,112,62,0
NN_v2,2,PAPER_WEIGHT_NORMALIZED,2015-12-04,VPU,51,24,0
NN_v2,2,PAPER_WEIGHT_NORMALIZED,2015-12-11,VAW,113,62,0
NN_v2,2,PAPER_WEIGHT_NORMALIZED,2015-12-11,VIS,82,50,0
NN_v2,2,PAPER_WEIGHT_NORMALIZED,2015-12-18,VGT,65,38,4
NN_v2,2,PAPER_WEIGHT_NORMALIZED,2015-12-18,VIS,83,51,1
NN_v2,2,PAPER_WEIGHT_NORMALIZED,2015-12-25,VGT,66,38,0
NN_v2,2,PAPER_WEIGHT_NORMALIZED,2015-12-25,VAW,114,62,0
NN_v2,2,PAPER_WEIGHT_NORMALIZED,2016-01-01,VGT,67,38,0
NN_v2,2,PAPER_WEIGHT_NORMALIZED,2016-01-01,VDE,134,64,0
NN_v2,2,PAPER_WEIGHT_NORMALIZED,2016-01-08,VGT,68,38,0
NN_v2,2,PAPER_WEIGHT_NORMALIZED,2016-01-08,VDE,135,64,0
NN_v2,2,PAPER_WEIGHT_NORMALIZED,2016-01-15,VCR,54,29,5
NN_v2,2,PAPER_WEIGHT_NORMALIZED,2016-01-15,VFH,128,60,0
NN_v2,2,PAPER_WEIGHT_NORMALIZED,2016-01-22,VFH,129,61,1
NN_v2,2,PAPER_WEIGHT_NORMALIZED,2016-01-22,VAW,115,63,1
NN_v2,2,PAPER_WEIGHT_NORMALIZED,2016-01-29,VHT,41,25,0
NN_v2,2,PAPER_WEIGHT_NORMALIZED,2016-01-29,VCR,55,29,0
NN_v2,2,PAPER_WEIGHT_NORMALIZED,2016-02-05,VDE,136,65,1
NN_v2,2,PAPER_WEIGHT_NORMALIZED,2016-02-05,VCR,56,30,1
NN_v2,2,PAPER_WEIGHT_NORMALIZED,2016-02-12,VAW,116,64,2
NN_v2,2,PAPER_WEIGHT_NORMALIZED,2016-02-12,VIS,84,52,2
NN_v2,2,PAPER_WEIGHT_NORMALIZED,2016-02-19,VDE,137,65,0
NN_v2,2,PAPER_WEIGHT_NORMALIZED,2016-02-19,VAW,117,65,3
NN_v2,2,PAPER_WEIGHT_NORMALIZED,2016-02-26,VDE,138,66,1
NN_v2,2,PAPER_WEIGHT_NORMALIZED,2016-02-26,VGT,69,39,1
NN_v2,2,PAPER_WEIGHT_NORMALIZED,2016-03-04,VGT,70,40,2
NN_v2,2,PAPER_WEIGHT_NORMALIZED,2016-03-04,VAW,118,66,4
NN_v2,2,PAPER_WEIGHT_NORMALIZED,2016-03-11,VDE,139,67,2
NN_v2,2,PAPER_WEIGHT_NORMALIZED,2016-03-11,VGT,71,41,3
NN_v2,2,PAPER_WEIGHT_NORMALIZED,2016-03-18,VDE,140,67,0
NN_v2,2,PAPER_WEIGHT_NORMALIZED,2016-03-18,VHT,42,26,1
NN_v2,2,PAPER_WEIGHT_NORMALIZED,2016-03-25,VDE,141,67,0
NN_v2,2,PAPER_WEIGHT_NORMALIZED,2016-03-25,VFH,130,62,2
NN_v2,2,PAPER_WEIGHT_NORMALIZED,2016-04-01,VDE,142,68,1
NN_v2,2,PAPER_WEIGHT_NORMALIZED,2016-04-01,VFH,131,62,0
NN_v2,2,PAPER_WEIGHT_NORMALIZED,2016-04-08,VGT,72,42,4
NN_v2,2,PAPER_WEIGHT_NORMALIZED,2016-04-08,VDE,143,69,2
NN_v2,2,PAPER_WEIGHT_NORMALIZED,2016-04-15,VDE,144,70,3
NN_v2,2,PAPER_WEIGHT_NORMALIZED,2016-04-15,VGT,73,42,0
NN_v2,2,PAPER_WEIGHT_NORMALIZED,2016-04-22,VGT,74,42,0
NN_v2,2,PAPER_WEIGHT_NORMALIZED,2016-04-22,VCR,57,30,0
NN_v2,2,PAPER_WEIGHT_NORMALIZED,2016-04-29,VCR,58,30,0
NN_v2,2,PAPER_WEIGHT_NORMALIZED,2016-04-29,VFH,132,62,0
NN_v2,2,PAPER_WEIGHT_NORMALIZED,2016-05-06,VCR,59,30,0
NN_v2,2,PAPER_WEIGHT_NORMALIZED,2016-05-06,VDE,145,70,0
NN_v2,2,PAPER_WEIGHT_NORMALIZED,2016-05-13,VFH,133,63,1
NN_v2,2,PAPER_WEIGHT_NORMALIZED,2016-05-13,VDE,146,71,1
NN_v2,2,PAPER_WEIGHT_NORMALIZED,2016-05-20,VDE,147,72,2
NN_v2,2,PAPER_WEIGHT_NORMALIZED,2016-05-20,VNQ,99,52,3
NN_v2,2,PAPER_WEIGHT_NORMALIZED,2016-05-27,VDE,148,72,0
NN_v2,2,PAPER_WEIGHT_NORMALIZED,2016-05-27,VNQ,100,53,4
NN_v2,2,PAPER_WEIGHT_NORMALIZED,2016-06-03,VDE,149,73,1
NN_v2,2,PAPER_WEIGHT_NORMALIZED,2016-06-03,VFH,134,63,0
NN_v2,2,PAPER_WEIGHT_NORMALIZED,2016-06-10,VDE,150,74,2
NN_v2,2,PAPER_WEIGHT_NORMALIZED,2016-06-10,VFH,135,63,0
NN_v2,2,PAPER_WEIGHT_NORMALIZED,2016-06-17,VDE,151,74,0
NN_v2,2,PAPER_WEIGHT_NORMALIZED,2016-06-17,VAW,119,66,0
NN_v2,2,PAPER_WEIGHT_NORMALIZED,2016-06-24,VAW,120,67,1
NN_v2,2,PAPER_WEIGHT_NORMALIZED,2016-06-24,VHT,43,27,2
NN_v2,2,PAPER_WEIGHT_NORMALIZED,2016-07-01,VAW,121,68,2
NN_v2,2,PAPER_WEIGHT_NORMALIZED,2016-07-01,VGT,75,43,1
NN_v2,2,PAPER_WEIGHT_NORMALIZED,2016-07-08,VDE,152,75,1
NN_v2,2,PAPER_WEIGHT_NORMALIZED,2016-07-08,VFH,136,64,1
NN_v2,2,PAPER_WEIGHT_NORMALIZED,2016-07-15,VGT,76,44,2
NN_v2,2,PAPER_WEIGHT_NORMALIZED,2016-07-15,VNQ,101,54,5
NN_v2,2,PAPER_WEIGHT_NORMALIZED,2016-07-22,VDE,153,75,0
NN_v2,2,PAPER_WEIGHT_NORMALIZED,2016-07-22,VNQ,102,55,6
NN_v2,2,PAPER_WEIGHT_NORMALIZED,2016-07-29,VDE,154,76,1
NN_v2,2,PAPER_WEIGHT_NORMALIZED,2016-07-29,VPU,52,24,0
NN_v2,2,PAPER_WEIGHT_NORMALIZED,2016-08-05,VNQ,103,55,0
NN_v2,2,PAPER_WEIGHT_NORMALIZED,2016-08-05,VOX,64,34,0
NN_v2,2,PAPER_WEIGHT_NORMALIZED,2016-08-12,VOX,65,34,0
NN_v2,2,PAPER_WEIGHT_NORMALIZED,2016-08-12,VNQ,104,55,0
NN_v2,2,PAPER_WEIGHT_NORMALIZED,2016-08-19,VNQ,105,55,0
NN_v2,2,PAPER_WEIGHT_NORMALIZED,2016-08-19,VOX,66,35,1
NN_v2,2,PAPER_WEIGHT_NORMALIZED,2016-08-26,VNQ,106,56,1
NN_v2,2,PAPER_WEIGHT_NORMALIZED,2016-08-26,VDE,155,76,0
NN_v2,2,PAPER_WEIGHT_NORMALIZED,2016-09-02,VOX,67,35,0
NN_v2,2,PAPER_WEIGHT_NORMALIZED,2016-09-02,VNQ,107,56,0
NN_v2,2,PAPER_WEIGHT_NORMALIZED,2016-09-09,VNQ,108,56,0
NN_v2,2,PAPER_WEIGHT_NORMALIZED,2016-09-09,VIS,85,53,3
NN_v2,2,PAPER_WEIGHT_NORMALIZED,2016-09-16,VDE,156,76,0
NN_v2,2,PAPER_WEIGHT_NORMALIZED,2016-09-16,VNQ,109,57,1
NN_v2,2,PAPER_WEIGHT_NORMALIZED,2016-09-23,VAW,122,69,3
NN_v2,2,PAPER_WEIGHT_NORMALIZED,2016-09-23,VDE,157,77,1
NN_v2,2,PAPER_WEIGHT_NORMALIZED,2016-09-30,VPU,53,24,0
NN_v2,2,PAPER_WEIGHT_NORMALIZED,2016-09-30,VNQ,110,57,0
NN_v2,2,PAPER_WEIGHT_NORMALIZED,2016-10-07,VNQ,111,58,1
NN_v2,2,PAPER_WEIGHT_NORMALIZED,2016-10-07,VOX,68,36,1
NN_v2,2,PAPER_WEIGHT_NORMALIZED,2016-10-14,VIS,86,53,0
NN_v2,2,PAPER_WEIGHT_NORMALIZED,2016-10-14,VHT,44,28,3
NN_v2,2,PAPER_WEIGHT_NORMALIZED,2016-10-21,VOX,69,36,0
NN_v2,2,PAPER_WEIGHT_NORMALIZED,2016-10-21,VPU,54,25,1
NN_v2,2,PAPER_WEIGHT_NORMALIZED,2016-10-28,VNQ,112,58,0
NN_v2,2,PAPER_WEIGHT_NORMALIZED,2016-10-28,VDE,158,77,0
NN_v2,2,PAPER_WEIGHT_NORMALIZED,2016-11-04,VOX,70,37,1
NN_v2,2,PAPER_WEIGHT_NORMALIZED,2016-11-04,VDC,7,2,0
NN_v2,2,PAPER_WEIGHT_NORMALIZED,2016-11-11,VPU,55,26,2
NN_v2,2,PAPER_WEIGHT_NORMALIZED,2016-11-11,VNQ,113,59,1
NN_v2,2,PAPER_WEIGHT_NORMALIZED,2016-11-18,VHT,45,28,0
NN_v2,2,PAPER_WEIGHT_NORMALIZED,2016-11-18,VNQ,114,60,2
NN_v2,2,PAPER_WEIGHT_NORMALIZED,2016-11-25,VHT,46,28,0
NN_v2,2,PAPER_WEIGHT_NORMALIZED,2016-11-25,VNQ,115,60,0
NN_v2,2,PAPER_WEIGHT_NORMALIZED,2016-12-02,VPU,56,27,3
NN_v2,2,PAPER_WEIGHT_NORMALIZED,2016-12-02,VOX,71,38,2
NN_v2,2,PAPER_WEIGHT_NORMALIZED,2016-12-09,VNQ,116,60,0
NN_v2,2,PAPER_WEIGHT_NORMALIZED,2016-12-09,VHT,47,29,1
NN_v2,2,PAPER_WEIGHT_NORMALIZED,2016-12-16,VNQ,117,60,0
NN_v2,2,PAPER_WEIGHT_NORMALIZED,2016-12-16,VCR,60,30,0
NN_v2,2,PAPER_WEIGHT_NORMALIZED,2016-12-23,VNQ,118,61,1
NN_v2,2,PAPER_WEIGHT_NORMALIZED,2016-12-23,VHT,48,29,0
NN_v2,2,PAPER_WEIGHT_NORMALIZED,2016-12-30,VIS,87,54,1
NN_v2,2,PAPER_WEIGHT_NORMALIZED,2016-12-30,VCR,61,31,1
NN_v2,2,PAPER_WEIGHT_NORMALIZED,2017-01-06,VCR,62,32,2
NN_v2,2,PAPER_WEIGHT_NORMALIZED,2017-01-06,VIS,88,55,2
NN_v2,2,PAPER_WEIGHT_NORMALIZED,2017-01-13,VNQ,119,62,2
NN_v2,2,PAPER_WEIGHT_NORMALIZED,2017-01-13,VHT,49,29,0
NN_v2,2,PAPER_WEIGHT_NORMALIZED,2017-01-20,VIS,89,56,3
NN_v2,2,PAPER_WEIGHT_NORMALIZED,2017-01-20,VDE,159,78,1
NN_v2,2,PAPER_WEIGHT_NORMALIZED,2017-01-27,VHT,50,30,1
NN_v2,2,PAPER_WEIGHT_NORMALIZED,2017-01-27,VNQ,120,63,3
NN_v2,2,PAPER_WEIGHT_NORMALIZED,2017-02-03,VOX,72,38,0
NN_v2,2,PAPER_WEIGHT_NORMALIZED,2017-02-03,VNQ,121,64,4
NN_v2,2,PAPER_WEIGHT_NORMALIZED,2017-02-10,VOX,73,39,1
NN_v2,2,PAPER_WEIGHT_NORMALIZED,2017-02-10,VNQ,122,64,0
NN_v2,2,PAPER_WEIGHT_NORMALIZED,2017-02-17,VNQ,123,65,1
NN_v2,2,PAPER_WEIGHT_NORMALIZED,2017-02-17,VPU,57,28,4
NN_v2,2,PAPER_WEIGHT_NORMALIZED,2017-02-24,VFH,137,65,2
NN_v2,2,PAPER_WEIGHT_NORMALIZED,2017-02-24,VNQ,124,65,0
NN_v2,2,PAPER_WEIGHT_NORMALIZED,2017-03-03,VNQ,125,65,0
NN_v2,2,PAPER_WEIGHT_NORMALIZED,2017-03-03,VPU,58,28,0
NN_v2,2,PAPER_WEIGHT_NORMALIZED,2017-03-10,VNQ,126,66,1
NN_v2,2,PAPER_WEIGHT_NORMALIZED,2017-03-10,VFH,138,65,0
NN_v2,2,PAPER_WEIGHT_NORMALIZED,2017-03-17,VNQ,127,66,0
NN_v2,2,PAPER_WEIGHT_NORMALIZED,2017-03-17,VFH,139,65,0
NN_v2,2,PAPER_WEIGHT_NORMALIZED,2017-03-24,VFH,140,66,1
NN_v2,2,PAPER_WEIGHT_NORMALIZED,2017-03-24,VAW,123,70,4
NN_v2,2,PAPER_WEIGHT_NORMALIZED,2017-03-31,VFH,141,66,0
NN_v2,2,PAPER_WEIGHT_NORMALIZED,2017-03-31,VNQ,128,67,1
NN_v2,2,PAPER_WEIGHT_NORMALIZED,2017-04-07,VFH,142,66,0
NN_v2,2,PAPER_WEIGHT_NORMALIZED,2017-04-07,VAW,124,70,0
NN_v2,2,PAPER_WEIGHT_NORMALIZED,2017-04-14,VFH,143,67,1
NN_v2,2,PAPER_WEIGHT_NORMALIZED,2017-04-14,VGT,77,45,3
NN_v2,2,PAPER_WEIGHT_NORMALIZED,2017-04-21,VFH,144,67,0
NN_v2,2,PAPER_WEIGHT_NORMALIZED,2017-04-21,VOX,74,39,0
NN_v2,2,PAPER_WEIGHT_NORMALIZED,2017-04-28,VNQ,129,67,0
NN_v2,2,PAPER_WEIGHT_NORMALIZED,2017-04-28,VFH,145,68,1
NN_v2,2,PAPER_WEIGHT_NORMALIZED,2017-05-05,VOX,75,39,0
NN_v2,2,PAPER_WEIGHT_NORMALIZED,2017-05-05,VFH,146,68,0
NN_v2,2,PAPER_WEIGHT_NORMALIZED,2017-05-12,VFH,147,68,0
NN_v2,2,PAPER_WEIGHT_NORMALIZED,2017-05-12,VNQ,130,68,1
NN_v2,2,PAPER_WEIGHT_NORMALIZED,2017-05-19,VFH,148,69,1
NN_v2,2,PAPER_WEIGHT_NORMALIZED,2017-05-19,VDE,160,78,0
NN_v2,2,PAPER_WEIGHT_NORMALIZED,2017-05-26,VFH,149,69,0
NN_v2,2,PAPER_WEIGHT_NORMALIZED,2017-05-26,VNQ,131,69,2
NN_v2,2,PAPER_WEIGHT_NORMALIZED,2017-06-02,VOX,76,39,0
NN_v2,2,PAPER_WEIGHT_NORMALIZED,2017-06-02,VNQ,132,70,3
NN_v2,2,PAPER_WEIGHT_NORMALIZED,2017-06-09,VCR,63,33,3
NN_v2,2,PAPER_WEIGHT_NORMALIZED,2017-06-09,VGT,78,45,0
NN_v2,2,PAPER_WEIGHT_NORMALIZED,2017-06-16,VGT,79,46,1
NN_v2,2,PAPER_WEIGHT_NORMALIZED,2017-06-16,VCR,64,33,0
NN_v2,2,PAPER_WEIGHT_NORMALIZED,2017-06-23,VFH,150,70,1
NN_v2,2,PAPER_WEIGHT_NORMALIZED,2017-06-23,VOX,77,39,0
NN_v2,2,PAPER_WEIGHT_NORMALIZED,2017-06-30,VGT,80,47,2
NN_v2,2,PAPER_WEIGHT_NORMALIZED,2017-06-30,VPU,59,28,0
NN_v2,2,PAPER_WEIGHT_NORMALIZED,2017-07-07,VPU,60,29,1
NN_v2,2,PAPER_WEIGHT_NORMALIZED,2017-07-07,VGT,81,48,3
NN_v2,2,PAPER_WEIGHT_NORMALIZED,2017-07-14,VFH,151,70,0
NN_v2,2,PAPER_WEIGHT_NORMALIZED,2017-07-14,VDE,161,78,0
NN_v2,2,PAPER_WEIGHT_NORMALIZED,2017-07-21,VDE,162,79,1
NN_v2,2,PAPER_WEIGHT_NORMALIZED,2017-07-21,VFH,152,71,1
NN_v2,2,PAPER_WEIGHT_NORMALIZED,2017-07-28,VPU,61,30,2
NN_v2,2,PAPER_WEIGHT_NORMALIZED,2017-07-28,VDE,163,79,0
NN_v2,2,PAPER_WEIGHT_NORMALIZED,2017-08-04,VDE,164,79,0
NN_v2,2,PAPER_WEIGHT_NORMALIZED,2017-08-04,VHT,51,30,0
NN_v2,2,PAPER_WEIGHT_NORMALIZED,2017-08-11,VFH,153,71,0
NN_v2,2,PAPER_WEIGHT_NORMALIZED,2017-08-11,VHT,52,30,0
NN_v2,2,PAPER_WEIGHT_NORMALIZED,2017-08-18,VOX,78,40,1
NN_v2,2,PAPER_WEIGHT_NORMALIZED,2017-08-18,VFH,154,72,1
NN_v2,2,PAPER_WEIGHT_NORMALIZED,2017-08-25,VFH,155,72,0
NN_v2,2,PAPER_WEIGHT_NORMALIZED,2017-08-25,VHT,53,31,1
NN_v2,2,PAPER_WEIGHT_NORMALIZED,2017-09-01,VOX,79,40,0
NN_v2,2,PAPER_WEIGHT_NORMALIZED,2017-09-01,VNQ,133,71,4
NN_v2,2,PAPER_WEIGHT_NORMALIZED,2017-09-08,VOX,80,41,1
NN_v2,2,PAPER_WEIGHT_NORMALIZED,2017-09-08,VFH,156,73,1
NN_v2,2,PAPER_WEIGHT_NORMALIZED,2017-09-15,VOX,81,42,2
NN_v2,2,PAPER_WEIGHT_NORMALIZED,2017-09-15,VFH,157,74,2
NN_v2,2,PAPER_WEIGHT_NORMALIZED,2017-09-22,VPU,62,30,0
NN_v2,2,PAPER_WEIGHT_NORMALIZED,2017-09-22,VGT,82,49,4
NN_v2,2,PAPER_WEIGHT_NORMALIZED,2017-09-29,VOX,82,43,3
NN_v2,2,PAPER_WEIGHT_NORMALIZED,2017-09-29,VPU,63,31,1
NN_v2,2,PAPER_WEIGHT_NORMALIZED,2017-10-06,VOX,83,43,0
NN_v2,2,PAPER_WEIGHT_NORMALIZED,2017-10-06,VDE,165,80,1
NN_v2,2,PAPER_WEIGHT_NORMALIZED,2017-10-13,VOX,84,43,0
NN_v2,2,PAPER_WEIGHT_NORMALIZED,2017-10-13,VFH,158,75,3
NN_v2,2,PAPER_WEIGHT_NORMALIZED,2017-10-20,VDE,166,80,0
NN_v2,2,PAPER_WEIGHT_NORMALIZED,2017-10-20,VHT,54,31,0
NN_v2,2,PAPER_WEIGHT_NORMALIZED,2017-10-27,VHT,55,31,0
NN_v2,2,PAPER_WEIGHT_NORMALIZED,2017-10-27,VDE,167,81,1
NN_v2,2,PAPER_WEIGHT_NORMALIZED,2017-11-03,VOX,85,43,0
NN_v2,2,PAPER_WEIGHT_NORMALIZED,2017-11-03,VHT,56,31,0
NN_v2,2,PAPER_WEIGHT_NORMALIZED,2017-11-10,VFH,159,76,4
NN_v2,2,PAPER_WEIGHT_NORMALIZED,2017-11-10,VIS,90,56,0
NN_v2,2,PAPER_WEIGHT_NORMALIZED,2017-11-17,VDE,168,82,2
NN_v2,2,PAPER_WEIGHT_NORMALIZED,2017-11-17,VFH,160,77,5
NN_v2,2,PAPER_WEIGHT_NORMALIZED,2017-11-24,VDE,169,83,3
NN_v2,2,PAPER_WEIGHT_NORMALIZED,2017-11-24,VFH,161,78,6
NN_v2,2,PAPER_WEIGHT_NORMALIZED,2017-12-01,VDE,170,83,0
NN_v2,2,PAPER_WEIGHT_NORMALIZED,2017-12-01,VGT,83,49,0
NN_v2,2,PAPER_WEIGHT_NORMALIZED,2017-12-08,VGT,84,50,1
NN_v2,2,PAPER_WEIGHT_NORMALIZED,2017-12-08,VDE,171,83,0
NN_v2,2,PAPER_WEIGHT_NORMALIZED,2017-12-15,VOX,86,44,1
NN_v2,2,PAPER_WEIGHT_NORMALIZED,2017-12-15,VDE,172,84,1
NN_v2,2,PAPER_WEIGHT_NORMALIZED,2017-12-22,VOX,87,44,0
NN_v2,2,PAPER_WEIGHT_NORMALIZED,2017-12-22,VFH,162,78,0
NN_v2,2,PAPER_WEIGHT_NORMALIZED,2017-12-29,VOX,88,44,0
NN_v2,2,PAPER_WEIGHT_NORMALIZED,2017-12-29,VGT,85,51,2
NN_v2,2,PAPER_WEIGHT_NORMALIZED,2018-01-05,VPU,64,31,0
NN_v2,2,PAPER_WEIGHT_NORMALIZED,2018-01-05,VOX,89,45,1
NN_v2,2,PAPER_WEIGHT_NORMALIZED,2018-01-12,VPU,65,31,0
NN_v2,2,PAPER_WEIGHT_NORMALIZED,2018-01-12,VNQ,134,71,0
NN_v2,2,PAPER_WEIGHT_NORMALIZED,2018-01-19,VPU,66,32,1
NN_v2,2,PAPER_WEIGHT_NORMALIZED,2018-01-19,VDE,173,85,2
NN_v2,2,PAPER_WEIGHT_NORMALIZED,2018-01-26,VPU,67,32,0
NN_v2,2,PAPER_WEIGHT_NORMALIZED,2018-01-26,VDE,174,85,0
NN_v2,2,PAPER_WEIGHT_NORMALIZED,2018-02-02,VDE,175,85,0
NN_v2,2,PAPER_WEIGHT_NORMALIZED,2018-02-02,VAW,125,70,0
NN_v2,2,PAPER_WEIGHT_NORMALIZED,2018-02-09,VIS,91,57,1
NN_v2,2,PAPER_WEIGHT_NORMALIZED,2018-02-09,VDE,176,86,1
NN_v2,2,PAPER_WEIGHT_NORMALIZED,2018-02-16,VDE,177,87,2
NN_v2,2,PAPER_WEIGHT_NORMALIZED,2018-02-16,VHT,57,32,1
NN_v2,2,PAPER_WEIGHT_NORMALIZED,2018-02-23,VDE,178,87,0
NN_v2,2,PAPER_WEIGHT_NORMALIZED,2018-02-23,VHT,58,32,0
NN_v2,2,PAPER_WEIGHT_NORMALIZED,2018-03-02,VDE,179,88,1
NN_v2,2,PAPER_WEIGHT_NORMALIZED,2018-03-02,VHT,59,33,1
NN_v2,2,PAPER_WEIGHT_NORMALIZED,2018-03-09,VDE,180,88,0
NN_v2,2,PAPER_WEIGHT_NORMALIZED,2018-03-09,VOX,90,45,0
NN_v2,2,PAPER_WEIGHT_NORMALIZED,2018-03-16,VIS,92,57,0
NN_v2,2,PAPER_WEIGHT_NORMALIZED,2018-03-16,VHT,60,33,0
NN_v2,2,PAPER_WEIGHT_NORMALIZED,2018-03-23,VHT,61,34,1
NN_v2,2,PAPER_WEIGHT_NORMALIZED,2018-03-23,VFH,163,79,1
NN_v2,2,PAPER_WEIGHT_NORMALIZED,2018-03-30,VDE,181,89,1
NN_v2,2,PAPER_WEIGHT_NORMALIZED,2018-03-30,VAW,126,70,0
NN_v2,2,PAPER_WEIGHT_NORMALIZED,2018-04-06,VGT,86,52,3
NN_v2,2,PAPER_WEIGHT_NORMALIZED,2018-04-06,VHT,62,35,2
NN_v2,2,PAPER_WEIGHT_NORMALIZED,2018-04-13,VOX,91,46,1
NN_v2,2,PAPER_WEIGHT_NORMALIZED,2018-04-13,VCR,65,34,1
NN_v2,2,PAPER_WEIGHT_NORMALIZED,2018-04-20,VGT,87,52,0
NN_v2,2,PAPER_WEIGHT_NORMALIZED,2018-04-20,VHT,63,36,3
NN_v2,2,PAPER_WEIGHT_NORMALIZED,2018-04-27,VGT,88,53,1
NN_v2,2,PAPER_WEIGHT_NORMALIZED,2018-04-27,VAW,127,70,0
NN_v2,2,PAPER_WEIGHT_NORMALIZED,2018-05-04,VHT,64,37,4
NN_v2,2,PAPER_WEIGHT_NORMALIZED,2018-05-04,VAW,128,71,1
NN_v2,2,PAPER_WEIGHT_NORMALIZED,2018-05-11,VAW,129,72,2
NN_v2,2,PAPER_WEIGHT_NORMALIZED,2018-05-11,VHT,65,38,5
NN_v2,2,PAPER_WEIGHT_NORMALIZED,2018-05-18,VFH,164,79,0
NN_v2,2,PAPER_WEIGHT_NORMALIZED,2018-05-18,VHT,66,38,0
NN_v2,2,PAPER_WEIGHT_NORMALIZED,2018-05-25,VHT,67,39,1
NN_v2,2,PAPER_WEIGHT_NORMALIZED,2018-05-25,VFH,165,79,0
NN_v2,2,PAPER_WEIGHT_NORMALIZED,2018-06-01,VHT,68,40,2
NN_v2,2,PAPER_WEIGHT_NORMALIZED,2018-06-01,VFH,166,80,1
NN_v2,2,PAPER_WEIGHT_NORMALIZED,2018-06-08,VHT,69,41,3
NN_v2,2,PAPER_WEIGHT_NORMALIZED,2018-06-08,VDE,182,89,0
NN_v2,2,PAPER_WEIGHT_NORMALIZED,2018-06-15,VDE,183,90,1
NN_v2,2,PAPER_WEIGHT_NORMALIZED,2018-06-15,VFH,167,80,0
NN_v2,2,PAPER_WEIGHT_NORMALIZED,2018-06-22,VDE,184,91,2
NN_v2,2,PAPER_WEIGHT_NORMALIZED,2018-06-22,VAW,130,72,0
NN_v2,2,PAPER_WEIGHT_NORMALIZED,2018-06-29,VAW,131,73,1
NN_v2,2,PAPER_WEIGHT_NORMALIZED,2018-06-29,VGT,89,54,2
NN_v2,2,PAPER_WEIGHT_NORMALIZED,2018-07-06,VDE,185,91,0
NN_v2,2,PAPER_WEIGHT_NORMALIZED,2018-07-06,VIS,93,58,1
NN_v2,2,PAPER_WEIGHT_NORMALIZED,2018-07-13,VIS,94,59,2
NN_v2,2,PAPER_WEIGHT_NORMALIZED,2018-07-13,VFH,168,81,1
NN_v2,2,PAPER_WEIGHT_NORMALIZED,2018-07-20,VDE,186,92,1
NN_v2,2,PAPER_WEIGHT_NORMALIZED,2018-07-20,VIS,95,60,3
NN_v2,2,PAPER_WEIGHT_NORMALIZED,2018-07-27,VDE,187,92,0
NN_v2,2,PAPER_WEIGHT_NORMALIZED,2018-07-27,VGT,90,55,3
NN_v2,2,PAPER_WEIGHT_NORMALIZED,2018-08-03,VDE,188,92,0
NN_v2,2,PAPER_WEIGHT_NORMALIZED,2018-08-03,VOX,92,47,2
NN_v2,2,PAPER_WEIGHT_NORMALIZED,2018-08-10,VDE,189,92,0
NN_v2,2,PAPER_WEIGHT_NORMALIZED,2018-08-10,VNQ,135,72,1
NN_v2,2,PAPER_WEIGHT_NORMALIZED,2018-08-17,VDE,190,93,1
NN_v2,2,PAPER_WEIGHT_NORMALIZED,2018-08-17,VOX,93,48,3
NN_v2,2,PAPER_WEIGHT_NORMALIZED,2018-08-24,VPU,68,32,0
NN_v2,2,PAPER_WEIGHT_NORMALIZED,2018-08-24,VNQ,136,73,2
NN_v2,2,PAPER_WEIGHT_NORMALIZED,2018-08-31,VDE,191,93,0
NN_v2,2,PAPER_WEIGHT_NORMALIZED,2018-08-31,VDC,8,3,1
NN_v2,2,PAPER_WEIGHT_NORMALIZED,2018-09-07,VDE,192,94,1
NN_v2,2,PAPER_WEIGHT_NORMALIZED,2018-09-07,VNQ,137,73,0
NN_v2,2,PAPER_WEIGHT_NORMALIZED,2018-09-14,VDE,193,95,2
NN_v2,2,PAPER_WEIGHT_NORMALIZED,2018-09-14,VOX,94,49,4
NN_v2,2,PAPER_WEIGHT_NORMALIZED,2018-09-21,VDE,194,96,3
NN_v2,2,PAPER_WEIGHT_NORMALIZED,2018-09-21,VOX,95,50,5
NN_v2,2,PAPER_WEIGHT_NORMALIZED,2018-09-28,VFH,169,82,2
NN_v2,2,PAPER_WEIGHT_NORMALIZED,2018-09-28,VAW,132,73,0
NN_v2,2,PAPER_WEIGHT_NORMALIZED,2018-10-05,VCR,66,34,0
NN_v2,2,PAPER_WEIGHT_NORMALIZED,2018-10-05,VGT,91,55,0
NN_v2,2,PAPER_WEIGHT_NORMALIZED,2018-10-12,VIS,96,60,0
NN_v2,2,PAPER_WEIGHT_NORMALIZED,2018-10-12,VNQ,138,74,1
NN_v2,2,PAPER_WEIGHT_NORMALIZED,2018-10-19,VGT,92,55,0
NN_v2,2,PAPER_WEIGHT_NORMALIZED,2018-10-19,VCR,67,34,0
NN_v2,2,PAPER_WEIGHT_NORMALIZED,2018-10-26,VOX,96,51,6
NN_v2,2,PAPER_WEIGHT_NORMALIZED,2018-10-26,VGT,93,56,1
NN_v2,2,PAPER_WEIGHT_NORMALIZED,2018-11-02,VGT,94,57,2
NN_v2,2,PAPER_WEIGHT_NORMALIZED,2018-11-02,VDE,195,96,0
NN_v2,2,PAPER_WEIGHT_NORMALIZED,2018-11-09,VDE,196,96,0
NN_v2,2,PAPER_WEIGHT_NORMALIZED,2018-11-09,VIS,97,60,0
NN_v2,2,PAPER_WEIGHT_NORMALIZED,2018-11-16,VIS,98,60,0
NN_v2,2,PAPER_WEIGHT_NORMALIZED,2018-11-16,VOX,97,51,0
NN_v2,2,PAPER_WEIGHT_NORMALIZED,2018-11-23,VGT,95,58,3
NN_v2,2,PAPER_WEIGHT_NORMALIZED,2018-11-23,VOX,98,52,1
NN_v2,2,PAPER_WEIGHT_NORMALIZED,2018-11-30,VAW,133,73,0
NN_v2,2,PAPER_WEIGHT_NORMALIZED,2018-11-30,VDE,197,96,0
NN_v2,2,PAPER_WEIGHT_NORMALIZED,2018-12-07,VFH,170,82,0
NN_v2,2,PAPER_WEIGHT_NORMALIZED,2018-12-07,VIS,99,60,0
NN_v2,2,PAPER_WEIGHT_NORMALIZED,2018-12-14,VDE,198,96,0
NN_v2,2,PAPER_WEIGHT_NORMALIZED,2018-12-14,VAW,134,73,0
NN_v2,2,PAPER_WEIGHT_NORMALIZED,2018-12-21,VOX,99,53,2
NN_v2,2,PAPER_WEIGHT_NORMALIZED,2018-12-21,VFH,171,83,1
NN_v2,2,PAPER_WEIGHT_NORMALIZED,2018-12-28,VDE,199,97,1
NN_v2,2,PAPER_WEIGHT_NORMALIZED,2018-12-28,VAW,135,74,1
NN_v2,2,PAPER_WEIGHT_NORMALIZED,2019-01-04,VGT,96,59,4
NN_v2,2,PAPER_WEIGHT_NORMALIZED,2019-01-04,VDC,9,4,2
NN_v2,2,PAPER_WEIGHT_NORMALIZED,2019-01-11,VFH,172,84,2
NN_v2,2,PAPER_WEIGHT_NORMALIZED,2019-01-11,VGT,97,60,5
NN_v2,2,PAPER_WEIGHT_NORMALIZED,2019-01-18,VDE,200,97,0
NN_v2,2,PAPER_WEIGHT_NORMALIZED,2019-01-18,VGT,98,61,6
NN_v2,2,PAPER_WEIGHT_NORMALIZED,2019-01-25,VDE,201,98,1
NN_v2,2,PAPER_WEIGHT_NORMALIZED,2019-01-25,VHT,70,42,4
NN_v2,2,PAPER_WEIGHT_NORMALIZED,2019-02-01,VDE,202,98,0
NN_v2,2,PAPER_WEIGHT_NORMALIZED,2019-02-01,VCR,68,34,0
NN_v2,2,PAPER_WEIGHT_NORMALIZED,2019-02-08,VFH,173,85,3
NN_v2,2,PAPER_WEIGHT_NORMALIZED,2019-02-08,VCR,69,35,1
NN_v2,2,PAPER_WEIGHT_NORMALIZED,2019-02-15,VDE,203,98,0
NN_v2,2,PAPER_WEIGHT_NORMALIZED,2019-02-15,VCR,70,36,2
NN_v2,2,PAPER_WEIGHT_NORMALIZED,2019-02-22,VDE,204,99,1
NN_v2,2,PAPER_WEIGHT_NORMALIZED,2019-02-22,VOX,100,53,0
NN_v2,2,PAPER_WEIGHT_NORMALIZED,2019-03-01,VDE,205,99,0
NN_v2,2,PAPER_WEIGHT_NORMALIZED,2019-03-01,VAW,136,74,0
NN_v2,2,PAPER_WEIGHT_NORMALIZED,2019-03-08,VFH,174,86,4
NN_v2,2,PAPER_WEIGHT_NORMALIZED,2019-03-08,VCR,71,37,3
NN_v2,2,PAPER_WEIGHT_NORMALIZED,2019-03-15,VDE,206,99,0
NN_v2,2,PAPER_WEIGHT_NORMALIZED,2019-03-15,VFH,175,86,0
NN_v2,2,PAPER_WEIGHT_NORMALIZED,2019-03-22,VDE,207,100,1
NN_v2,2,PAPER_WEIGHT_NORMALIZED,2019-03-22,VIS,100,61,1
NN_v2,2,PAPER_WEIGHT_NORMALIZED,2019-03-29,VDE,208,101,2
NN_v2,2,PAPER_WEIGHT_NORMALIZED,2019-03-29,VIS,101,62,2
NN_v2,2,PAPER_WEIGHT_NORMALIZED,2019-04-05,VDE,209,101,0
NN_v2,2,PAPER_WEIGHT_NORMALIZED,2019-04-05,VFH,176,87,1
NN_v2,2,PAPER_WEIGHT_NORMALIZED,2019-04-12,VDE,210,101,0
NN_v2,2,PAPER_WEIGHT_NORMALIZED,2019-04-12,VIS,102,63,3
NN_v2,2,PAPER_WEIGHT_NORMALIZED,2019-04-19,VDE,211,101,0
NN_v2,2,PAPER_WEIGHT_NORMALIZED,2019-04-19,VAW,137,74,0
NN_v2,2,PAPER_WEIGHT_NORMALIZED,2019-04-26,VAW,138,74,0
NN_v2,2,PAPER_WEIGHT_NORMALIZED,2019-04-26,VIS,103,64,4
NN_v2,2,PAPER_WEIGHT_NORMALIZED,2019-05-03,VAW,139,74,0
NN_v2,2,PAPER_WEIGHT_NORMALIZED,2019-05-03,VDE,212,102,1
NN_v2,2,PAPER_WEIGHT_NORMALIZED,2019-05-10,VIS,104,65,5
NN_v2,2,PAPER_WEIGHT_NORMALIZED,2019-05-10,VCR,72,38,4
NN_v2,2,PAPER_WEIGHT_NORMALIZED,2019-05-17,VGT,99,61,0
NN_v2,2,PAPER_WEIGHT_NORMALIZED,2019-05-17,VCR,73,38,0
NN_v2,2,PAPER_WEIGHT_NORMALIZED,2019-05-24,VCR,74,38,0
NN_v2,2,PAPER_WEIGHT_NORMALIZED,2019-05-24,VGT,100,61,0
NN_v2,2,PAPER_WEIGHT_NORMALIZED,2019-05-31,VGT,101,62,1
NN_v2,2,PAPER_WEIGHT_NORMALIZED,2019-05-31,VCR,75,39,1
NN_v2,2,PAPER_WEIGHT_NORMALIZED,2019-06-07,VCR,76,40,2
NN_v2,2,PAPER_WEIGHT_NORMALIZED,2019-06-07,VIS,105,65,0
NN_v2,2,PAPER_WEIGHT_NORMALIZED,2019-06-14,VGT,102,63,2
NN_v2,2,PAPER_WEIGHT_NORMALIZED,2019-06-14,VIS,106,66,1
NN_v2,2,PAPER_WEIGHT_NORMALIZED,2019-06-21,VAW,140,75,1
NN_v2,2,PAPER_WEIGHT_NORMALIZED,2019-06-21,VFH,177,88,2
NN_v2,2,PAPER_WEIGHT_NORMALIZED,2019-06-28,VDE,213,102,0
NN_v2,2,PAPER_WEIGHT_NORMALIZED,2019-06-28,VCR,77,41,3
NN_v2,2,PAPER_WEIGHT_NORMALIZED,2019-07-05,VDE,214,103,1
NN_v2,2,PAPER_WEIGHT_NORMALIZED,2019-07-05,VIS,107,67,2
NN_v2,2,PAPER_WEIGHT_NORMALIZED,2019-07-12,VDE,215,103,0
NN_v2,2,PAPER_WEIGHT_NORMALIZED,2019-07-12,VHT,71,42,0
NN_v2,2,PAPER_WEIGHT_NORMALIZED,2019-07-19,VHT,72,43,1
NN_v2,2,PAPER_WEIGHT_NORMALIZED,2019-07-19,VFH,178,89,3
NN_v2,2,PAPER_WEIGHT_NORMALIZED,2019-07-26,VDE,216,103,0
NN_v2,2,PAPER_WEIGHT_NORMALIZED,2019-07-26,VPU,69,33,1
NN_v2,2,PAPER_WEIGHT_NORMALIZED,2019-08-02,VGT,103,64,3
NN_v2,2,PAPER_WEIGHT_NORMALIZED,2019-08-02,VAW,141,76,2
NN_v2,2,PAPER_WEIGHT_NORMALIZED,2019-08-09,VAW,142,76,0
NN_v2,2,PAPER_WEIGHT_NORMALIZED,2019-08-09,VCR,78,41,0
NN_v2,2,PAPER_WEIGHT_NORMALIZED,2019-08-16,VAW,143,76,0
NN_v2,2,PAPER_WEIGHT_NORMALIZED,2019-08-16,VGT,104,64,0
NN_v2,2,PAPER_WEIGHT_NORMALIZED,2019-08-23,VGT,105,65,1
NN_v2,2,PAPER_WEIGHT_NORMALIZED,2019-08-23,VCR,79,42,1
NN_v2,2,PAPER_WEIGHT_NORMALIZED,2019-08-30,VCR,80,43,2
NN_v2,2,PAPER_WEIGHT_NORMALIZED,2019-08-30,VOX,101,54,1
NN_v2,2,PAPER_WEIGHT_NORMALIZED,2019-09-06,VFH,179,90,4
NN_v2,2,PAPER_WEIGHT_NORMALIZED,2019-09-06,VOX,102,55,2
NN_v2,2,PAPER_WEIGHT_NORMALIZED,2019-09-13,VGT,106,66,2
NN_v2,2,PAPER_WEIGHT_NORMALIZED,2019-09-13,VOX,103,55,0
NN_v2,2,PAPER_WEIGHT_NORMALIZED,2019-09-20,VOX,104,55,0
NN_v2,2,PAPER_WEIGHT_NORMALIZED,2019-09-20,VGT,107,66,0
NN_v2,2,PAPER_WEIGHT_NORMALIZED,2019-09-27,VGT,108,67,1
NN_v2,2,PAPER_WEIGHT_NORMALIZED,2019-09-27,VAW,144,76,0
NN_v2,2,PAPER_WEIGHT_NORMALIZED,2019-10-04,VFH,180,91,5
NN_v2,2,PAPER_WEIGHT_NORMALIZED,2019-10-04,VIS,108,68,3
NN_v2,2,PAPER_WEIGHT_NORMALIZED,2019-10-11,VIS,109,69,4
NN_v2,2,PAPER_WEIGHT_NORMALIZED,2019-10-11,VFH,181,92,6
NN_v2,2,PAPER_WEIGHT_NORMALIZED,2019-10-18,VGT,109,68,2
NN_v2,2,PAPER_WEIGHT_NORMALIZED,2019-10-18,VIS,110,70,5
NN_v2,2,PAPER_WEIGHT_NORMALIZED,2019-10-25,VCR,81,43,0
NN_v2,2,PAPER_WEIGHT_NORMALIZED,2019-10-25,VDE,217,103,0
NN_v2,2,PAPER_WEIGHT_NORMALIZED,2019-11-01,VDE,218,104,1
NN_v2,2,PAPER_WEIGHT_NORMALIZED,2019-11-01,VNQ,139,74,0
NN_v2,2,PAPER_WEIGHT_NORMALIZED,2019-11-08,VDE,219,104,0
NN_v2,2,PAPER_WEIGHT_NORMALIZED,2019-11-08,VNQ,140,75,1
NN_v2,2,PAPER_WEIGHT_NORMALIZED,2019-11-15,VDE,220,104,0
NN_v2,2,PAPER_WEIGHT_NORMALIZED,2019-11-15,VOX,105,55,0
NN_v2,2,PAPER_WEIGHT_NORMALIZED,2019-11-22,VDE,221,104,0
NN_v2,2,PAPER_WEIGHT_NORMALIZED,2019-11-22,VAW,145,77,1
NN_v2,2,PAPER_WEIGHT_NORMALIZED,2019-11-29,VDE,222,105,1
NN_v2,2,PAPER_WEIGHT_NORMALIZED,2019-11-29,VAW,146,78,2
NN_v2,2,PAPER_WEIGHT_NORMALIZED,2019-12-06,VNQ,141,75,0
NN_v2,2,PAPER_WEIGHT_NORMALIZED,2019-12-06,VDE,223,106,2
NN_v2,2,PAPER_WEIGHT_NORMALIZED,2019-12-13,VDE,224,107,3
NN_v2,2,PAPER_WEIGHT_NORMALIZED,2019-12-13,VIS,111,70,0
NN_v2,2,PAPER_WEIGHT_NORMALIZED,2019-12-20,VDE,225,108,4
NN_v2,2,PAPER_WEIGHT_NORMALIZED,2019-12-20,VNQ,142,75,0
NN_v2,2,PAPER_WEIGHT_NORMALIZED,2019-12-27,VDE,226,109,5
NN_v2,2,PAPER_WEIGHT_NORMALIZED,2019-12-27,VNQ,143,76,1
NN_v2,2,PAPER_WEIGHT_NORMALIZED,2020-01-03,VDE,227,109,0
NN_v2,2,PAPER_WEIGHT_NORMALIZED,2020-01-03,VAW,147,78,0
NN_v2,2,PAPER_WEIGHT_NORMALIZED,2020-01-10,VDE,228,109,0
NN_v2,2,PAPER_WEIGHT_NORMALIZED,2020-01-10,VAW,148,79,1
NN_v2,2,PAPER_WEIGHT_NORMALIZED,2020-01-17,VDE,229,109,0
NN_v2,2,PAPER_WEIGHT_NORMALIZED,2020-01-17,VAW,149,79,0
NN_v2,2,PAPER_WEIGHT_NORMALIZED,2020-01-24,VDE,230,109,0
NN_v2,2,PAPER_WEIGHT_NORMALIZED,2020-01-24,VHT,73,43,0
NN_v2,2,PAPER_WEIGHT_NORMALIZED,2020-01-31,VHT,74,44,1
NN_v2,2,PAPER_WEIGHT_NORMALIZED,2020-01-31,VOX,106,56,1
NN_v2,2,PAPER_WEIGHT_NORMALIZED,2020-02-07,VDE,231,110,1
NN_v2,2,PAPER_WEIGHT_NORMALIZED,2020-02-07,VOX,107,57,2
NN_v2,2,PAPER_WEIGHT_NORMALIZED,2020-02-14,VDE,232,110,0
NN_v2,2,PAPER_WEIGHT_NORMALIZED,2020-02-14,VAW,150,79,0
NN_v2,2,PAPER_WEIGHT_NORMALIZED,2020-02-21,VDE,233,110,0
NN_v2,2,PAPER_WEIGHT_NORMALIZED,2020-02-21,VOX,108,57,0
NN_v2,2,PAPER_WEIGHT_NORMALIZED,2020-02-28,VPU,70,34,2
NN_v2,2,PAPER_WEIGHT_NORMALIZED,2020-02-28,VDE,234,110,0
NN_v2,2,PAPER_WEIGHT_NORMALIZED,2020-03-06,VDE,235,110,0
NN_v2,2,PAPER_WEIGHT_NORMALIZED,2020-03-06,VOX,109,57,0
NN_v2,2,PAPER_WEIGHT_NORMALIZED,2020-03-13,VDE,236,110,0
NN_v2,2,PAPER_WEIGHT_NORMALIZED,2020-03-13,VIS,112,70,0
NN_v2,2,PAPER_WEIGHT_NORMALIZED,2020-03-20,VDE,237,111,1
NN_v2,2,PAPER_WEIGHT_NORMALIZED,2020-03-20,VFH,182,93,7
NN_v2,2,PAPER_WEIGHT_NORMALIZED,2020-03-27,VDE,238,112,2
NN_v2,2,PAPER_WEIGHT_NORMALIZED,2020-03-27,VOX,110,57,0
NN_v2,2,PAPER_WEIGHT_NORMALIZED,2020-04-03,VFH,183,94,8
NN_v2,2,PAPER_WEIGHT_NORMALIZED,2020-04-03,VCR,82,44,1
NN_v2,2,PAPER_WEIGHT_NORMALIZED,2020-04-10,VDE,239,112,0
NN_v2,2,PAPER_WEIGHT_NORMALIZED,2020-04-10,VDC,10,5,3
NN_v2,2,PAPER_WEIGHT_NORMALIZED,2020-04-17,VNQ,144,76,0
NN_v2,2,PAPER_WEIGHT_NORMALIZED,2020-04-17,VPU,71,34,0
NN_v2,2,PAPER_WEIGHT_NORMALIZED,2020-04-24,VIS,113,71,1
NN_v2,2,PAPER_WEIGHT_NORMALIZED,2020-04-24,VCR,83,44,0
NN_v2,2,PAPER_WEIGHT_NORMALIZED,2020-05-01,VDC,11,6,4
NN_v2,2,PAPER_WEIGHT_NORMALIZED,2020-05-01,VIS,114,72,2
NN_v2,2,PAPER_WEIGHT_NORMALIZED,2020-05-08,VPU,72,34,0
NN_v2,2,PAPER_WEIGHT_NORMALIZED,2020-05-08,VAW,151,79,0
NN_v2,2,PAPER_WEIGHT_NORMALIZED,2020-05-15,VDE,240,113,1
NN_v2,2,PAPER_WEIGHT_NORMALIZED,2020-05-15,VNQ,145,77,1
NN_v2,2,PAPER_WEIGHT_NORMALIZED,2020-05-22,VPU,73,35,1
NN_v2,2,PAPER_WEIGHT_NORMALIZED,2020-05-22,VNQ,146,78,2
NN_v2,2,PAPER_WEIGHT_NORMALIZED,2020-05-29,VDE,241,114,2
NN_v2,2,PAPER_WEIGHT_NORMALIZED,2020-05-29,VNQ,147,79,3
NN_v2,2,PAPER_WEIGHT_NORMALIZED,2020-06-05,VNQ,148,79,0
NN_v2,2,PAPER_WEIGHT_NORMALIZED,2020-06-05,VPU,74,35,0
NN_v2,2,PAPER_WEIGHT_NORMALIZED,2020-06-12,VAW,152,80,1
NN_v2,2,PAPER_WEIGHT_NORMALIZED,2020-06-12,VNQ,149,80,1
NN_v2,2,PAPER_WEIGHT_NORMALIZED,2020-06-19,VNQ,150,80,0
NN_v2,2,PAPER_WEIGHT_NORMALIZED,2020-06-19,VAW,153,80,0
NN_v2,2,PAPER_WEIGHT_NORMALIZED,2020-06-26,VAW,154,81,1
NN_v2,2,PAPER_WEIGHT_NORMALIZED,2020-06-26,VNQ,151,81,1
NN_v2,2,PAPER_WEIGHT_NORMALIZED,2020-07-03,VNQ,152,81,0
NN_v2,2,PAPER_WEIGHT_NORMALIZED,2020-07-03,VIS,115,72,0
NN_v2,2,PAPER_WEIGHT_NORMALIZED,2020-07-10,VFH,184,95,9
NN_v2,2,PAPER_WEIGHT_NORMALIZED,2020-07-10,VIS,116,73,1
NN_v2,2,PAPER_WEIGHT_NORMALIZED,2020-07-17,VNQ,153,81,0
NN_v2,2,PAPER_WEIGHT_NORMALIZED,2020-07-17,VFH,185,96,10
NN_v2,2,PAPER_WEIGHT_NORMALIZED,2020-07-24,VFH,186,96,0
NN_v2,2,PAPER_WEIGHT_NORMALIZED,2020-07-24,VIS,117,73,0
NN_v2,2,PAPER_WEIGHT_NORMALIZED,2020-07-31,VIS,118,74,1
NN_v2,2,PAPER_WEIGHT_NORMALIZED,2020-07-31,VNQ,154,82,1
NN_v2,2,PAPER_WEIGHT_NORMALIZED,2020-08-07,VFH,187,97,1
NN_v2,2,PAPER_WEIGHT_NORMALIZED,2020-08-07,VDE,242,115,3
NN_v2,2,PAPER_WEIGHT_NORMALIZED,2020-08-14,VFH,188,97,0
NN_v2,2,PAPER_WEIGHT_NORMALIZED,2020-08-14,VNQ,155,82,0
NN_v2,2,PAPER_WEIGHT_NORMALIZED,2020-08-21,VNQ,156,83,1
NN_v2,2,PAPER_WEIGHT_NORMALIZED,2020-08-21,VDE,243,116,4
NN_v2,2,PAPER_WEIGHT_NORMALIZED,2020-08-28,VDE,244,116,0
NN_v2,2,PAPER_WEIGHT_NORMALIZED,2020-08-28,VIS,119,74,0
NN_v2,2,PAPER_WEIGHT_NORMALIZED,2020-09-04,VOX,111,57,0
NN_v2,2,PAPER_WEIGHT_NORMALIZED,2020-09-04,VIS,120,75,1
NN_v2,2,PAPER_WEIGHT_NORMALIZED,2020-09-11,VIS,121,76,2
NN_v2,2,PAPER_WEIGHT_NORMALIZED,2020-09-11,VOX,112,57,0
NN_v2,2,PAPER_WEIGHT_NORMALIZED,2020-09-18,VFH,189,97,0
NN_v2,2,PAPER_WEIGHT_NORMALIZED,2020-09-18,VOX,113,58,1
NN_v2,2,PAPER_WEIGHT_NORMALIZED,2020-09-25,VFH,190,98,1
NN_v2,2,PAPER_WEIGHT_NORMALIZED,2020-09-25,VOX,114,59,2
NN_v2,2,PAPER_WEIGHT_NORMALIZED,2020-10-02,VFH,191,99,2
NN_v2,2,PAPER_WEIGHT_NORMALIZED,2020-10-02,VDE,245,117,1
NN_v2,2,PAPER_WEIGHT_NORMALIZED,2020-10-09,VDE,246,117,0
NN_v2,2,PAPER_WEIGHT_NORMALIZED,2020-10-09,VFH,192,99,0
NN_v2,2,PAPER_WEIGHT_NORMALIZED,2020-10-16,VDE,247,118,1
NN_v2,2,PAPER_WEIGHT_NORMALIZED,2020-10-16,VFH,193,100,1
NN_v2,2,PAPER_WEIGHT_NORMALIZED,2020-10-23,VDE,248,118,0
NN_v2,2,PAPER_WEIGHT_NORMALIZED,2020-10-23,VGT,110,68,0
NN_v2,2,PAPER_WEIGHT_NORMALIZED,2020-10-30,VCR,84,45,1
NN_v2,2,PAPER_WEIGHT_NORMALIZED,2020-10-30,VIS,122,77,3
NN_v2,2,PAPER_WEIGHT_NORMALIZED,2020-11-06,VDE,249,119,1
NN_v2,2,PAPER_WEIGHT_NORMALIZED,2020-11-06,VFH,194,101,2
NN_v2,2,PAPER_WEIGHT_NORMALIZED,2020-11-13,VGT,111,68,0
NN_v2,2,PAPER_WEIGHT_NORMALIZED,2020-11-13,VCR,85,46,2
NN_v2,2,PAPER_WEIGHT_NORMALIZED,2020-11-20,VNQ,157,83,0
NN_v2,2,PAPER_WEIGHT_NORMALIZED,2020-11-20,VHT,75,45,2
NN_v2,2,PAPER_WEIGHT_NORMALIZED,2020-11-27,VGT,112,69,1
NN_v2,2,PAPER_WEIGHT_NORMALIZED,2020-11-27,VHT,76,46,3
NN_v2,2,PAPER_WEIGHT_NORMALIZED,2020-12-04,VGT,113,69,0
NN_v2,2,PAPER_WEIGHT_NORMALIZED,2020-12-04,VNQ,158,83,0
NN_v2,2,PAPER_WEIGHT_NORMALIZED,2020-12-11,VGT,114,70,1
NN_v2,2,PAPER_WEIGHT_NORMALIZED,2020-12-11,VHT,77,47,4
NN_v2,2,PAPER_WEIGHT_NORMALIZED,2020-12-18,VDE,250,120,2
NN_v2,2,PAPER_WEIGHT_NORMALIZED,2020-12-18,VNQ,159,84,1
NN_v2,2,PAPER_WEIGHT_NORMALIZED,2020-12-25,VDE,251,120,0
NN_v2,2,PAPER_WEIGHT_NORMALIZED,2020-12-25,VHT,78,48,5
NN_v2,2,PAPER_WEIGHT_NORMALIZED,2021-01-01,VDE,252,121,1
NN_v2,2,PAPER_WEIGHT_NORMALIZED,2021-01-01,VGT,115,71,2
NN_v2,2,PAPER_WEIGHT_NORMALIZED,2021-01-08,VNQ,160,85,2
NN_v2,2,PAPER_WEIGHT_NORMALIZED,2021-01-08,VGT,116,71,0
NN_v2,2,PAPER_WEIGHT_NORMALIZED,2021-01-15,VGT,117,72,1
NN_v2,2,PAPER_WEIGHT_NORMALIZED,2021-01-15,VOX,115,60,3
NN_v2,2,PAPER_WEIGHT_NORMALIZED,2021-01-22,VAW,155,81,0
NN_v2,2,PAPER_WEIGHT_NORMALIZED,2021-01-22,VNQ,161,85,0
NN_v2,2,PAPER_WEIGHT_NORMALIZED,2021-01-29,VIS,123,78,4
NN_v2,2,PAPER_WEIGHT_NORMALIZED,2021-01-29,VGT,118,73,2
NN_v2,2,PAPER_WEIGHT_NORMALIZED,2021-02-05,VAW,156,82,1
NN_v2,2,PAPER_WEIGHT_NORMALIZED,2021-02-05,VPU,75,35,0
NN_v2,2,PAPER_WEIGHT_NORMALIZED,2021-02-12,VAW,157,83,2
NN_v2,2,PAPER_WEIGHT_NORMALIZED,2021-02-12,VIS,124,78,0
NN_v2,2,PAPER_WEIGHT_NORMALIZED,2021-02-19,VGT,119,73,0
NN_v2,2,PAPER_WEIGHT_NORMALIZED,2021-02-19,VHT,79,48,0
NN_v2,2,PAPER_WEIGHT_NORMALIZED,2021-02-26,VCR,86,46,0
NN_v2,2,PAPER_WEIGHT_NORMALIZED,2021-02-26,VGT,120,73,0
NN_v2,2,PAPER_WEIGHT_NORMALIZED,2021-03-05,VGT,121,74,1
NN_v2,2,PAPER_WEIGHT_NORMALIZED,2021-03-05,VCR,87,47,1
NN_v2,2,PAPER_WEIGHT_NORMALIZED,2021-03-12,VGT,122,74,0
NN_v2,2,PAPER_WEIGHT_NORMALIZED,2021-03-12,VHT,80,49,1
NN_v2,2,PAPER_WEIGHT_NORMALIZED,2021-03-19,VCR,88,47,0
NN_v2,2,PAPER_WEIGHT_NORMALIZED,2021-03-19,VPU,76,36,1
NN_v2,2,PAPER_WEIGHT_NORMALIZED,2021-03-26,VCR,89,48,1
NN_v2,2,PAPER_WEIGHT_NORMALIZED,2021-03-26,VOX,116,61,4
NN_v2,2,PAPER_WEIGHT_NORMALIZED,2021-04-02,VGT,123,75,1
NN_v2,2,PAPER_WEIGHT_NORMALIZED,2021-04-02,VCR,90,49,2
NN_v2,2,PAPER_WEIGHT_NORMALIZED,2021-04-09,VDE,253,121,0
NN_v2,2,PAPER_WEIGHT_NORMALIZED,2021-04-09,VCR,91,50,3
NN_v2,2,PAPER_WEIGHT_NORMALIZED,2021-04-16,VDE,254,121,0
NN_v2,2,PAPER_WEIGHT_NORMALIZED,2021-04-16,VOX,117,61,0
NN_v2,2,PAPER_WEIGHT_NORMALIZED,2021-04-23,VDE,255,122,1
NN_v2,2,PAPER_WEIGHT_NORMALIZED,2021-04-23,VOX,118,62,1
NN_v2,2,PAPER_WEIGHT_NORMALIZED,2021-04-30,VGT,124,75,0
NN_v2,2,PAPER_WEIGHT_NORMALIZED,2021-04-30,VHT,81,50,2
NN_v2,2,PAPER_WEIGHT_NORMALIZED,2021-05-07,VPU,77,36,0
NN_v2,2,PAPER_WEIGHT_NORMALIZED,2021-05-07,VCR,92,50,0
NN_v2,2,PAPER_WEIGHT_NORMALIZED,2021-05-14,VOX,119,62,0
NN_v2,2,PAPER_WEIGHT_NORMALIZED,2021-05-14,VCR,93,50,0
NN_v2,2,PAPER_WEIGHT_NORMALIZED,2021-05-21,VCR,94,51,1
NN_v2,2,PAPER_WEIGHT_NORMALIZED,2021-05-21,VOX,120,63,1
NN_v2,2,PAPER_WEIGHT_NORMALIZED,2021-05-28,VCR,95,51,0
NN_v2,2,PAPER_WEIGHT_NORMALIZED,2021-05-28,VGT,125,76,1
NN_v2,2,PAPER_WEIGHT_NORMALIZED,2021-06-04,VGT,126,77,2
NN_v2,2,PAPER_WEIGHT_NORMALIZED,2021-06-04,VCR,96,52,1
NN_v2,2,PAPER_WEIGHT_NORMALIZED,2021-06-11,VAW,158,83,0
NN_v2,2,PAPER_WEIGHT_NORMALIZED,2021-06-11,VCR,97,52,0
NN_v2,2,PAPER_WEIGHT_NORMALIZED,2021-06-18,VCR,98,53,1
NN_v2,2,PAPER_WEIGHT_NORMALIZED,2021-06-18,VAW,159,84,1
NN_v2,2,PAPER_WEIGHT_NORMALIZED,2021-06-25,VAW,160,85,2
NN_v2,2,PAPER_WEIGHT_NORMALIZED,2021-06-25,VFH,195,101,0
NN_v2,2,PAPER_WEIGHT_NORMALIZED,2021-07-02,VAW,161,86,3
NN_v2,2,PAPER_WEIGHT_NORMALIZED,2021-07-02,VFH,196,101,0
NN_v2,2,PAPER_WEIGHT_NORMALIZED,2021-07-09,VDE,256,122,0
NN_v2,2,PAPER_WEIGHT_NORMALIZED,2021-07-09,VFH,197,101,0
NN_v2,2,PAPER_WEIGHT_NORMALIZED,2021-07-16,VDE,257,123,1
NN_v2,2,PAPER_WEIGHT_NORMALIZED,2021-07-16,VFH,198,102,1
NN_v2,2,PAPER_WEIGHT_NORMALIZED,2021-07-23,VDE,258,124,2
NN_v2,2,PAPER_WEIGHT_NORMALIZED,2021-07-23,VAW,162,87,4
NN_v2,2,PAPER_WEIGHT_NORMALIZED,2021-07-30,VDE,259,124,0
NN_v2,2,PAPER_WEIGHT_NORMALIZED,2021-07-30,VCR,99,53,0
NN_v2,2,PAPER_WEIGHT_NORMALIZED,2021-08-06,VDE,260,125,1
NN_v2,2,PAPER_WEIGHT_NORMALIZED,2021-08-06,VAW,163,88,5
NN_v2,2,PAPER_WEIGHT_NORMALIZED,2021-08-13,VDE,261,125,0
NN_v2,2,PAPER_WEIGHT_NORMALIZED,2021-08-13,VOX,121,63,0
NN_v2,2,PAPER_WEIGHT_NORMALIZED,2021-08-20,VDE,262,126,1
NN_v2,2,PAPER_WEIGHT_NORMALIZED,2021-08-20,VAW,164,89,6
NN_v2,2,PAPER_WEIGHT_NORMALIZED,2021-08-27,VCR,100,54,1
NN_v2,2,PAPER_WEIGHT_NORMALIZED,2021-08-27,VDE,263,126,0
NN_v2,2,PAPER_WEIGHT_NORMALIZED,2021-09-03,VDE,264,126,0
NN_v2,2,PAPER_WEIGHT_NORMALIZED,2021-09-03,VAW,165,89,0
NN_v2,2,PAPER_WEIGHT_NORMALIZED,2021-09-10,VDE,265,127,1
NN_v2,2,PAPER_WEIGHT_NORMALIZED,2021-09-10,VFH,199,102,0
NN_v2,2,PAPER_WEIGHT_NORMALIZED,2021-09-17,VPU,78,36,0
NN_v2,2,PAPER_WEIGHT_NORMALIZED,2021-09-17,VNQ,162,85,0
NN_v2,2,PAPER_WEIGHT_NORMALIZED,2021-09-24,VNQ,163,85,0
NN_v2,2,PAPER_WEIGHT_NORMALIZED,2021-09-24,VPU,79,36,0
NN_v2,2,PAPER_WEIGHT_NORMALIZED,2021-10-01,VPU,80,37,1
NN_v2,2,PAPER_WEIGHT_NORMALIZED,2021-10-01,VGT,127,78,3
NN_v2,2,PAPER_WEIGHT_NORMALIZED,2021-10-08,VGT,128,79,4
NN_v2,2,PAPER_WEIGHT_NORMALIZED,2021-10-08,VAW,166,90,1
NN_v2,2,PAPER_WEIGHT_NORMALIZED,2021-10-15,VPU,81,38,2
NN_v2,2,PAPER_WEIGHT_NORMALIZED,2021-10-15,VAW,167,91,2
NN_v2,2,PAPER_WEIGHT_NORMALIZED,2021-10-22,VAW,168,91,0
NN_v2,2,PAPER_WEIGHT_NORMALIZED,2021-10-22,VPU,82,38,0
NN_v2,2,PAPER_WEIGHT_NORMALIZED,2021-10-29,VAW,169,92,1
NN_v2,2,PAPER_WEIGHT_NORMALIZED,2021-10-29,VIS,125,79,1
NN_v2,2,PAPER_WEIGHT_NORMALIZED,2021-11-05,VHT,82,51,3
NN_v2,2,PAPER_WEIGHT_NORMALIZED,2021-11-05,VNQ,164,85,0
NN_v2,2,PAPER_WEIGHT_NORMALIZED,2021-11-12,VCR,101,55,2
NN_v2,2,PAPER_WEIGHT_NORMALIZED,2021-11-12,VFH,200,102,0
NN_v2,2,PAPER_WEIGHT_NORMALIZED,2021-11-19,VDE,266,128,2
NN_v2,2,PAPER_WEIGHT_NORMALIZED,2021-11-19,VAW,170,92,0
NN_v2,2,PAPER_WEIGHT_NORMALIZED,2021-11-26,VDE,267,128,0
NN_v2,2,PAPER_WEIGHT_NORMALIZED,2021-11-26,VFH,201,102,0
NN_v2,2,PAPER_WEIGHT_NORMALIZED,2021-12-03,VAW,171,93,1
NN_v2,2,PAPER_WEIGHT_NORMALIZED,2021-12-03,VCR,102,56,3
NN_v2,2,PAPER_WEIGHT_NORMALIZED,2021-12-10,VDE,268,128,0
NN_v2,2,PAPER_WEIGHT_NORMALIZED,2021-12-10,VCR,103,56,0
NN_v2,2,PAPER_WEIGHT_NORMALIZED,2021-12-17,VDE,269,129,1
NN_v2,2,PAPER_WEIGHT_NORMALIZED,2021-12-17,VCR,104,57,1
NN_v2,2,PAPER_WEIGHT_NORMALIZED,2021-12-24,VDE,270,130,2
NN_v2,2,PAPER_WEIGHT_NORMALIZED,2021-12-24,VCR,105,58,2
NN_v2,2,PAPER_WEIGHT_NORMALIZED,2021-12-31,VCR,106,58,0
NN_v2,2,PAPER_WEIGHT_NORMALIZED,2021-12-31,VDE,271,131,3
NN_v2,2,PAPER_WEIGHT_NORMALIZED,2022-01-07,VCR,107,58,0
NN_v2,2,PAPER_WEIGHT_NORMALIZED,2022-01-07,VGT,129,80,5
NN_v2,2,PAPER_WEIGHT_NORMALIZED,2022-01-14,VCR,108,58,0
NN_v2,2,PAPER_WEIGHT_NORMALIZED,2022-01-14,VGT,130,80,0
NN_v2,2,PAPER_WEIGHT_NORMALIZED,2022-01-21,VOX,122,64,1
NN_v2,2,PAPER_WEIGHT_NORMALIZED,2022-01-21,VGT,131,81,1
NN_v2,2,PAPER_WEIGHT_NORMALIZED,2022-01-28,VNQ,165,86,1
NN_v2,2,PAPER_WEIGHT_NORMALIZED,2022-01-28,VOX,123,64,0
NN_v2,2,PAPER_WEIGHT_NORMALIZED,2022-02-04,VGT,132,81,0
NN_v2,2,PAPER_WEIGHT_NORMALIZED,2022-02-04,VNQ,166,86,0
NN_v2,2,PAPER_WEIGHT_NORMALIZED,2022-02-11,VCR,109,58,0
NN_v2,2,PAPER_WEIGHT_NORMALIZED,2022-02-11,VGT,133,81,0
NN_v2,2,PAPER_WEIGHT_NORMALIZED,2022-02-18,VNQ,167,87,1
NN_v2,2,PAPER_WEIGHT_NORMALIZED,2022-02-18,VHT,83,52,4
NN_v2,2,PAPER_WEIGHT_NORMALIZED,2022-02-25,VCR,110,58,0
NN_v2,2,PAPER_WEIGHT_NORMALIZED,2022-02-25,VGT,134,81,0
NN_v2,2,PAPER_WEIGHT_NORMALIZED,2022-03-04,VGT,135,81,0
NN_v2,2,PAPER_WEIGHT_NORMALIZED,2022-03-04,VOX,124,64,0
NN_v2,2,PAPER_WEIGHT_NORMALIZED,2022-03-11,VGT,136,82,1
NN_v2,2,PAPER_WEIGHT_NORMALIZED,2022-03-11,VCR,111,59,1
NN_v2,2,PAPER_WEIGHT_NORMALIZED,2022-03-18,VNQ,168,87,0
NN_v2,2,PAPER_WEIGHT_NORMALIZED,2022-03-18,VOX,125,65,1
NN_v2,2,PAPER_WEIGHT_NORMALIZED,2022-03-25,VCR,112,59,0
NN_v2,2,PAPER_WEIGHT_NORMALIZED,2022-03-25,VGT,137,83,2
NN_v2,2,PAPER_WEIGHT_NORMALIZED,2022-04-01,VGT,138,83,0
NN_v2,2,PAPER_WEIGHT_NORMALIZED,2022-04-01,VFH,202,102,0
NN_v2,2,PAPER_WEIGHT_NORMALIZED,2022-04-08,VCR,113,60,1
NN_v2,2,PAPER_WEIGHT_NORMALIZED,2022-04-08,VGT,139,83,0
NN_v2,2,PAPER_WEIGHT_NORMALIZED,2022-04-15,VCR,114,60,0
NN_v2,2,PAPER_WEIGHT_NORMALIZED,2022-04-15,VFH,203,102,0
NN_v2,2,PAPER_WEIGHT_NORMALIZED,2022-04-22,VFH,204,102,0
NN_v2,2,PAPER_WEIGHT_NORMALIZED,2022-04-22,VGT,140,83,0
NN_v2,2,PAPER_WEIGHT_NORMALIZED,2022-04-29,VGT,141,83,0
NN_v2,2,PAPER_WEIGHT_NORMALIZED,2022-04-29,VFH,205,103,1
NN_v2,2,PAPER_WEIGHT_NORMALIZED,2022-05-06,VOX,126,66,2
NN_v2,2,PAPER_WEIGHT_NORMALIZED,2022-05-06,VGT,142,83,0
NN_v2,2,PAPER_WEIGHT_NORMALIZED,2022-05-13,VFH,206,103,0
NN_v2,2,PAPER_WEIGHT_NORMALIZED,2022-05-13,VGT,143,83,0
NN_v2,2,PAPER_WEIGHT_NORMALIZED,2022-05-20,VCR,115,61,1
NN_v2,2,PAPER_WEIGHT_NORMALIZED,2022-05-20,VGT,144,84,1
NN_v2,2,PAPER_WEIGHT_NORMALIZED,2022-05-27,VOX,127,66,0
NN_v2,2,PAPER_WEIGHT_NORMALIZED,2022-05-27,VHT,84,52,0
NN_v2,2,PAPER_WEIGHT_NORMALIZED,2022-06-03,VGT,145,84,0
NN_v2,2,PAPER_WEIGHT_NORMALIZED,2022-06-03,VCR,116,61,0
NN_v2,2,PAPER_WEIGHT_NORMALIZED,2022-06-10,VCR,117,61,0
NN_v2,2,PAPER_WEIGHT_NORMALIZED,2022-06-10,VOX,128,66,0
NN_v2,2,PAPER_WEIGHT_NORMALIZED,2022-06-17,VDE,272,131,0
NN_v2,2,PAPER_WEIGHT_NORMALIZED,2022-06-17,VPU,83,39,1
NN_v2,2,PAPER_WEIGHT_NORMALIZED,2022-06-24,VFH,207,103,0
NN_v2,2,PAPER_WEIGHT_NORMALIZED,2022-06-24,VOX,129,66,0
NN_v2,2,PAPER_WEIGHT_NORMALIZED,2022-07-01,VCR,118,62,1
NN_v2,2,PAPER_WEIGHT_NORMALIZED,2022-07-01,VGT,146,85,1
NN_v2,2,PAPER_WEIGHT_NORMALIZED,2022-07-08,VPU,84,40,2
NN_v2,2,PAPER_WEIGHT_NORMALIZED,2022-07-08,VDE,273,131,0
NN_v2,2,PAPER_WEIGHT_NORMALIZED,2022-07-15,VDE,274,132,1
NN_v2,2,PAPER_WEIGHT_NORMALIZED,2022-07-15,VCR,119,63,2
NN_v2,2,PAPER_WEIGHT_NORMALIZED,2022-07-22,VPU,85,41,3
NN_v2,2,PAPER_WEIGHT_NORMALIZED,2022-07-22,VDE,275,133,2
NN_v2,2,PAPER_WEIGHT_NORMALIZED,2022-07-29,VFH,208,104,1
NN_v2,2,PAPER_WEIGHT_NORMALIZED,2022-07-29,VOX,130,67,1
NN_v2,2,PAPER_WEIGHT_NORMALIZED,2022-08-05,VDE,276,134,3
NN_v2,2,PAPER_WEIGHT_NORMALIZED,2022-08-05,VCR,120,64,3
NN_v2,2,PAPER_WEIGHT_NORMALIZED,2022-08-12,VDE,277,135,4
NN_v2,2,PAPER_WEIGHT_NORMALIZED,2022-08-12,VCR,121,64,0
NN_v2,2,PAPER_WEIGHT_NORMALIZED,2022-08-19,VCR,122,64,0
NN_v2,2,PAPER_WEIGHT_NORMALIZED,2022-08-19,VGT,147,85,0
NN_v2,2,PAPER_WEIGHT_NORMALIZED,2022-08-26,VCR,123,64,0
NN_v2,2,PAPER_WEIGHT_NORMALIZED,2022-08-26,VGT,148,85,0
NN_v2,2,PAPER_WEIGHT_NORMALIZED,2022-09-02,VCR,124,65,1
NN_v2,2,PAPER_WEIGHT_NORMALIZED,2022-09-02,VGT,149,86,1
NN_v2,2,PAPER_WEIGHT_NORMALIZED,2022-09-09,VGT,150,86,0
NN_v2,2,PAPER_WEIGHT_NORMALIZED,2022-09-09,VDE,278,135,0
NN_v2,2,PAPER_WEIGHT_NORMALIZED,2022-09-16,VCR,125,65,0
NN_v2,2,PAPER_WEIGHT_NORMALIZED,2022-09-16,VIS,126,79,0
NN_v2,2,PAPER_WEIGHT_NORMALIZED,2022-09-23,VDE,279,136,1
NN_v2,2,PAPER_WEIGHT_NORMALIZED,2022-09-23,VCR,126,65,0
NN_v2,2,PAPER_WEIGHT_NORMALIZED,2022-09-30,VCR,127,65,0
NN_v2,2,PAPER_WEIGHT_NORMALIZED,2022-09-30,VPU,86,41,0
NN_v2,2,PAPER_WEIGHT_NORMALIZED,2022-10-07,VNQ,169,87,0
NN_v2,2,PAPER_WEIGHT_NORMALIZED,2022-10-07,VCR,128,65,0
NN_v2,2,PAPER_WEIGHT_NORMALIZED,2022-10-14,VOX,131,68,2
NN_v2,2,PAPER_WEIGHT_NORMALIZED,2022-10-14,VGT,151,87,1
NN_v2,2,PAPER_WEIGHT_NORMALIZED,2022-10-21,VNQ,170,88,1
NN_v2,2,PAPER_WEIGHT_NORMALIZED,2022-10-21,VCR,129,66,1
NN_v2,2,PAPER_WEIGHT_NORMALIZED,2022-10-28,VOX,132,68,0
NN_v2,2,PAPER_WEIGHT_NORMALIZED,2022-10-28,VCR,130,66,0
NN_v2,2,PAPER_WEIGHT_NORMALIZED,2022-11-04,VGT,152,88,2
NN_v2,2,PAPER_WEIGHT_NORMALIZED,2022-11-04,VCR,131,67,1
NN_v2,2,PAPER_WEIGHT_NORMALIZED,2022-11-11,VPU,87,42,1
NN_v2,2,PAPER_WEIGHT_NORMALIZED,2022-11-11,VCR,132,67,0
NN_v2,2,PAPER_WEIGHT_NORMALIZED,2022-11-18,VGT,153,89,3
NN_v2,2,PAPER_WEIGHT_NORMALIZED,2022-11-18,VNQ,171,89,2
NN_v2,2,PAPER_WEIGHT_NORMALIZED,2022-11-25,VCR,133,68,1
NN_v2,2,PAPER_WEIGHT_NORMALIZED,2022-11-25,VGT,154,90,4
NN_v2,2,PAPER_WEIGHT_NORMALIZED,2022-12-02,VGT,155,90,0
NN_v2,2,PAPER_WEIGHT_NORMALIZED,2022-12-02,VNQ,172,89,0
NN_v2,2,PAPER_WEIGHT_NORMALIZED,2022-12-09,VGT,156,90,0
NN_v2,2,PAPER_WEIGHT_NORMALIZED,2022-12-09,VNQ,173,89,0
NN_v2,2,PAPER_WEIGHT_NORMALIZED,2022-12-16,VGT,157,90,0
NN_v2,2,PAPER_WEIGHT_NORMALIZED,2022-12-16,VAW,172,94,2
NN_v2,2,PAPER_WEIGHT_NORMALIZED,2022-12-23,VGT,158,91,1
NN_v2,2,PAPER_WEIGHT_NORMALIZED,2022-12-23,VFH,209,105,2
NN_v2,2,PAPER_WEIGHT_NORMALIZED,2022-12-30,VGT,159,91,0
NN_v2,2,PAPER_WEIGHT_NORMALIZED,2022-12-30,VNQ,174,90,1
NN_v2,2,PAPER_WEIGHT_NORMALIZED,2023-01-06,VGT,160,92,1
NN_v2,2,PAPER_WEIGHT_NORMALIZED,2023-01-06,VDE,280,137,2
NN_v2,2,PAPER_WEIGHT_NORMALIZED,2023-01-13,VGT,161,93,2
NN_v2,2,PAPER_WEIGHT_NORMALIZED,2023-01-13,VDE,281,138,3
NN_v2,2,PAPER_WEIGHT_NORMALIZED,2023-01-20,VCR,134,69,2
NN_v2,2,PAPER_WEIGHT_NORMALIZED,2023-01-20,VGT,162,94,3
NN_v2,2,PAPER_WEIGHT_NORMALIZED,2023-01-27,VDE,282,138,0
NN_v2,2,PAPER_WEIGHT_NORMALIZED,2023-01-27,VGT,163,95,4
NN_v2,2,PAPER_WEIGHT_NORMALIZED,2023-02-03,VDE,283,139,1
NN_v2,2,PAPER_WEIGHT_NORMALIZED,2023-02-03,VPU,88,42,0
NN_v2,2,PAPER_WEIGHT_NORMALIZED,2023-02-10,VOX,133,69,1
NN_v2,2,PAPER_WEIGHT_NORMALIZED,2023-02-10,VCR,135,70,3
NN_v2,2,PAPER_WEIGHT_NORMALIZED,2023-02-17,VDE,284,140,2
NN_v2,2,PAPER_WEIGHT_NORMALIZED,2023-02-17,VNQ,175,90,0
NN_v2,2,PAPER_WEIGHT_NORMALIZED,2023-02-24,VOX,134,70,2
NN_v2,2,PAPER_WEIGHT_NORMALIZED,2023-02-24,VNQ,176,91,1
NN_v2,2,PAPER_WEIGHT_NORMALIZED,2023-03-03,VDE,285,140,0
NN_v2,2,PAPER_WEIGHT_NORMALIZED,2023-03-03,VOX,135,70,0
NN_v2,2,PAPER_WEIGHT_NORMALIZED,2023-03-10,VOX,136,71,1
NN_v2,2,PAPER_WEIGHT_NORMALIZED,2023-03-10,VCR,136,71,4
NN_v2,2,PAPER_WEIGHT_NORMALIZED,2023-03-17,VCR,137,72,5
NN_v2,2,PAPER_WEIGHT_NORMALIZED,2023-03-17,VAW,173,95,3
NN_v2,2,PAPER_WEIGHT_NORMALIZED,2023-03-24,VNQ,177,92,2
NN_v2,2,PAPER_WEIGHT_NORMALIZED,2023-03-24,VAW,174,96,4
NN_v2,2,PAPER_WEIGHT_NORMALIZED,2023-03-31,VDE,286,140,0
NN_v2,2,PAPER_WEIGHT_NORMALIZED,2023-03-31,VNQ,178,92,0
NN_v2,2,PAPER_WEIGHT_NORMALIZED,2023-04-07,VCR,138,73,6
NN_v2,2,PAPER_WEIGHT_NORMALIZED,2023-04-07,VAW,175,97,5
NN_v2,2,PAPER_WEIGHT_NORMALIZED,2023-04-14,VDE,287,140,0
NN_v2,2,PAPER_WEIGHT_NORMALIZED,2023-04-14,VNQ,179,93,1
NN_v2,2,PAPER_WEIGHT_NORMALIZED,2023-04-21,VDE,288,141,1
NN_v2,2,PAPER_WEIGHT_NORMALIZED,2023-04-21,VAW,176,97,0
NN_v2,2,PAPER_WEIGHT_NORMALIZED,2023-04-28,VDE,289,141,0
NN_v2,2,PAPER_WEIGHT_NORMALIZED,2023-04-28,VFH,210,105,0
NN_v2,2,PAPER_WEIGHT_NORMALIZED,2023-05-05,VFH,211,105,0
NN_v2,2,PAPER_WEIGHT_NORMALIZED,2023-05-05,VAW,177,97,0
NN_v2,2,PAPER_WEIGHT_NORMALIZED,2023-05-12,VAW,178,98,1
NN_v2,2,PAPER_WEIGHT_NORMALIZED,2023-05-12,VNQ,180,93,0
NN_v2,2,PAPER_WEIGHT_NORMALIZED,2023-05-19,VNQ,181,93,0
NN_v2,2,PAPER_WEIGHT_NORMALIZED,2023-05-19,VAW,179,98,0
NN_v2,2,PAPER_WEIGHT_NORMALIZED,2023-05-26,VFH,212,106,1
NN_v2,2,PAPER_WEIGHT_NORMALIZED,2023-05-26,VNQ,182,94,1
NN_v2,2,PAPER_WEIGHT_NORMALIZED,2023-06-02,VDE,290,142,1
NN_v2,2,PAPER_WEIGHT_NORMALIZED,2023-06-02,VFH,213,107,2
NN_v2,2,PAPER_WEIGHT_NORMALIZED,2023-06-09,VDE,291,143,2
NN_v2,2,PAPER_WEIGHT_NORMALIZED,2023-06-09,VFH,214,108,3
NN_v2,2,PAPER_WEIGHT_NORMALIZED,2023-06-16,VDE,292,143,0
NN_v2,2,PAPER_WEIGHT_NORMALIZED,2023-06-16,VFH,215,108,0
NN_v2,2,PAPER_WEIGHT_NORMALIZED,2023-06-23,VDE,293,144,1
NN_v2,2,PAPER_WEIGHT_NORMALIZED,2023-06-23,VFH,216,109,1
NN_v2,2,PAPER_WEIGHT_NORMALIZED,2023-06-30,VDE,294,144,0
NN_v2,2,PAPER_WEIGHT_NORMALIZED,2023-06-30,VFH,217,109,0
NN_v2,2,PAPER_WEIGHT_NORMALIZED,2023-07-07,VDE,295,145,1
NN_v2,2,PAPER_WEIGHT_NORMALIZED,2023-07-07,VAW,180,99,1
NN_v2,2,PAPER_WEIGHT_NORMALIZED,2023-07-14,VDE,296,146,2
NN_v2,2,PAPER_WEIGHT_NORMALIZED,2023-07-14,VFH,218,110,1
NN_v2,2,PAPER_WEIGHT_NORMALIZED,2023-07-21,VNQ,183,94,0
NN_v2,2,PAPER_WEIGHT_NORMALIZED,2023-07-21,VDE,297,147,3
NN_v2,2,PAPER_WEIGHT_NORMALIZED,2023-07-28,VNQ,184,94,0
NN_v2,2,PAPER_WEIGHT_NORMALIZED,2023-07-28,VDE,298,148,4
NN_v2,2,PAPER_WEIGHT_NORMALIZED,2023-08-04,VGT,164,95,0
NN_v2,2,PAPER_WEIGHT_NORMALIZED,2023-08-04,VAW,181,99,0
NN_v2,2,PAPER_WEIGHT_NORMALIZED,2023-08-11,VGT,165,95,0
NN_v2,2,PAPER_WEIGHT_NORMALIZED,2023-08-11,VAW,182,99,0
NN_v2,2,PAPER_WEIGHT_NORMALIZED,2023-08-18,VAW,183,99,0
NN_v2,2,PAPER_WEIGHT_NORMALIZED,2023-08-18,VGT,166,96,1
NN_v2,2,PAPER_WEIGHT_NORMALIZED,2023-08-25,VCR,139,74,7
NN_v2,2,PAPER_WEIGHT_NORMALIZED,2023-08-25,VNQ,185,95,1
NN_v2,2,PAPER_WEIGHT_NORMALIZED,2023-09-01,VPU,89,43,1
NN_v2,2,PAPER_WEIGHT_NORMALIZED,2023-09-01,VNQ,186,95,0
NN_v2,2,PAPER_WEIGHT_NORMALIZED,2023-09-08,VAW,184,99,0
NN_v2,2,PAPER_WEIGHT_NORMALIZED,2023-09-08,VNQ,187,96,1
NN_v2,2,PAPER_WEIGHT_NORMALIZED,2023-09-15,VGT,167,96,0
NN_v2,2,PAPER_WEIGHT_NORMALIZED,2023-09-15,VAW,185,99,0
NN_v2,2,PAPER_WEIGHT_NORMALIZED,2023-09-22,VCR,140,75,8
NN_v2,2,PAPER_WEIGHT_NORMALIZED,2023-09-22,VIS,127,80,1
NN_v2,2,PAPER_WEIGHT_NORMALIZED,2023-09-29,VAW,186,99,0
NN_v2,2,PAPER_WEIGHT_NORMALIZED,2023-09-29,VIS,128,80,0
NN_v2,2,PAPER_WEIGHT_NORMALIZED,2023-10-06,VAW,187,99,0
NN_v2,2,PAPER_WEIGHT_NORMALIZED,2023-10-06,VDE,299,149,5
NN_v2,2,PAPER_WEIGHT_NORMALIZED,2023-10-13,VIS,129,80,0
NN_v2,2,PAPER_WEIGHT_NORMALIZED,2023-10-13,VAW,188,99,0
NN_v2,2,PAPER_WEIGHT_NORMALIZED,2023-10-20,VAW,189,100,1
NN_v2,2,PAPER_WEIGHT_NORMALIZED,2023-10-20,VCR,141,75,0
NN_v2,2,PAPER_WEIGHT_NORMALIZED,2023-10-27,VDE,300,150,6
NN_v2,2,PAPER_WEIGHT_NORMALIZED,2023-10-27,VHT,85,53,1
NN_v2,2,PAPER_WEIGHT_NORMALIZED,2023-11-03,VDE,301,150,0
NN_v2,2,PAPER_WEIGHT_NORMALIZED,2023-11-03,VPU,90,43,0
NN_v2,2,PAPER_WEIGHT_NORMALIZED,2023-11-10,VPU,91,44,1
NN_v2,2,PAPER_WEIGHT_NORMALIZED,2023-11-10,VNQ,188,97,2
NN_v2,2,PAPER_WEIGHT_NORMALIZED,2023-11-17,VNQ,189,98,3
NN_v2,2,PAPER_WEIGHT_NORMALIZED,2023-11-17,VPU,92,45,2
NN_v2,2,PAPER_WEIGHT_NORMALIZED,2023-11-24,VNQ,190,99,4
NN_v2,2,PAPER_WEIGHT_NORMALIZED,2023-11-24,VCR,142,76,1
NN_v2,2,PAPER_WEIGHT_NORMALIZED,2023-12-01,VDE,302,150,0
NN_v2,2,PAPER_WEIGHT_NORMALIZED,2023-12-01,VOX,137,72,2
NN_v2,2,PAPER_WEIGHT_NORMALIZED,2023-12-08,VDE,303,151,1
NN_v2,2,PAPER_WEIGHT_NORMALIZED,2023-12-08,VPU,93,46,3
NN_v2,2,PAPER_WEIGHT_NORMALIZED,2023-12-15,VDE,304,151,0
NN_v2,2,PAPER_WEIGHT_NORMALIZED,2023-12-15,VPU,94,46,0
NN_v2,2,PAPER_WEIGHT_NORMALIZED,2023-12-22,VDE,305,151,0
NN_v2,2,PAPER_WEIGHT_NORMALIZED,2023-12-22,VPU,95,47,1
NN_v2,2,PAPER_WEIGHT_NORMALIZED,2023-12-29,VDE,306,152,1
NN_v2,2,PAPER_WEIGHT_NORMALIZED,2023-12-29,VPU,96,48,2
NN_v2,2,PAPER_WEIGHT_NORMALIZED,2024-01-05,VCR,143,77,2
NN_v2,2,PAPER_WEIGHT_NORMALIZED,2024-01-05,VGT,168,97,1
NN_v2,2,PAPER_WEIGHT_NORMALIZED,2024-01-12,VDE,307,152,0
NN_v2,2,PAPER_WEIGHT_NORMALIZED,2024-01-12,VCR,144,78,3
NN_v2,2,PAPER_WEIGHT_NORMALIZED,2024-01-19,VNQ,191,99,0
NN_v2,2,PAPER_WEIGHT_NORMALIZED,2024-01-19,VDE,308,153,1
NN_v2,2,PAPER_WEIGHT_NORMALIZED,2024-01-26,VNQ,192,99,0
NN_v2,2,PAPER_WEIGHT_NORMALIZED,2024-01-26,VCR,145,79,4
NN_v2,2,PAPER_WEIGHT_NORMALIZED,2024-02-02,VNQ,193,100,1
NN_v2,2,PAPER_WEIGHT_NORMALIZED,2024-02-02,VDE,309,154,2
NN_v2,2,PAPER_WEIGHT_NORMALIZED,2024-02-09,VDE,310,155,3
NN_v2,2,PAPER_WEIGHT_NORMALIZED,2024-02-09,VNQ,194,100,0
NN_v2,2,PAPER_WEIGHT_NORMALIZED,2024-02-16,VGT,169,98,2
NN_v2,2,PAPER_WEIGHT_NORMALIZED,2024-02-16,VNQ,195,101,1
NN_v2,2,PAPER_WEIGHT_NORMALIZED,2024-02-23,VGT,170,99,3
NN_v2,2,PAPER_WEIGHT_NORMALIZED,2024-02-23,VDE,311,156,4
NN_v2,2,PAPER_WEIGHT_NORMALIZED,2024-03-01,VDE,312,157,5
NN_v2,2,PAPER_WEIGHT_NORMALIZED,2024-03-01,VPU,97,49,3
NN_v2,2,PAPER_WEIGHT_NORMALIZED,2024-03-08,VCR,146,79,0
NN_v2,2,PAPER_WEIGHT_NORMALIZED,2024-03-08,VGT,171,99,0
NN_v2,2,PAPER_WEIGHT_NORMALIZED,2024-03-15,VGT,172,100,1
NN_v2,2,PAPER_WEIGHT_NORMALIZED,2024-03-15,VNQ,196,101,0
NN_v2,2,PAPER_WEIGHT_NORMALIZED,2024-03-22,VNQ,197,102,1
NN_v2,2,PAPER_WEIGHT_NORMALIZED,2024-03-22,VDE,313,158,6
NN_v2,2,PAPER_WEIGHT_NORMALIZED,2024-03-29,VGT,173,100,0
NN_v2,2,PAPER_WEIGHT_NORMALIZED,2024-03-29,VNQ,198,102,0
NN_v2,2,PAPER_WEIGHT_NORMALIZED,2024-04-05,VCR,147,79,0
NN_v2,2,PAPER_WEIGHT_NORMALIZED,2024-04-05,VGT,174,100,0
NN_v2,2,PAPER_WEIGHT_NORMALIZED,2024-04-12,VCR,148,79,0
NN_v2,2,PAPER_WEIGHT_NORMALIZED,2024-04-12,VNQ,199,102,0
NN_v2,2,PAPER_WEIGHT_NORMALIZED,2024-04-19,VCR,149,80,1
NN_v2,2,PAPER_WEIGHT_NORMALIZED,2024-04-19,VGT,175,101,1
NN_v2,2,PAPER_WEIGHT_NORMALIZED,2024-04-26,VNQ,200,103,1
NN_v2,2,PAPER_WEIGHT_NORMALIZED,2024-04-26,VGT,176,102,2
NN_v2,2,PAPER_WEIGHT_NORMALIZED,2024-05-03,VGT,177,103,3
NN_v2,2,PAPER_WEIGHT_NORMALIZED,2024-05-03,VNQ,201,104,2
NN_v2,2,PAPER_WEIGHT_NORMALIZED,2024-05-10,VNQ,202,105,3
NN_v2,2,PAPER_WEIGHT_NORMALIZED,2024-05-10,VGT,178,104,4
NN_v2,2,PAPER_WEIGHT_NORMALIZED,2024-05-17,VCR,150,80,0
NN_v2,2,PAPER_WEIGHT_NORMALIZED,2024-05-17,VGT,179,105,5
NN_v2,2,PAPER_WEIGHT_NORMALIZED,2024-05-24,VNQ,203,106,4
NN_v2,2,PAPER_WEIGHT_NORMALIZED,2024-05-24,VDE,314,159,7
NN_v2,2,PAPER_WEIGHT_NORMALIZED,2024-05-31,VDE,315,159,0
NN_v2,2,PAPER_WEIGHT_NORMALIZED,2024-05-31,VGT,180,106,6
NN_v2,2,PAPER_WEIGHT_NORMALIZED,2024-06-07,VDE,316,159,0
NN_v2,2,PAPER_WEIGHT_NORMALIZED,2024-06-07,VPU,98,49,0
NN_v2,2,PAPER_WEIGHT_NORMALIZED,2024-06-14,VDE,317,160,1
NN_v2,2,PAPER_WEIGHT_NORMALIZED,2024-06-14,VPU,99,49,0
NN_v2,2,PAPER_WEIGHT_NORMALIZED,2024-06-21,VDE,318,161,2
NN_v2,2,PAPER_WEIGHT_NORMALIZED,2024-06-21,VPU,100,49,0
NN_v2,2,PAPER_WEIGHT_NORMALIZED,2024-06-28,VPU,101,49,0
NN_v2,2,PAPER_WEIGHT_NORMALIZED,2024-06-28,VGT,181,107,7
NN_v2,2,PAPER_WEIGHT_NORMALIZED,2024-07-05,VDE,319,162,3
NN_v2,2,PAPER_WEIGHT_NORMALIZED,2024-07-05,VPU,102,50,1
NN_v2,2,PAPER_WEIGHT_NORMALIZED,2024-07-12,VDE,320,163,4
NN_v2,2,PAPER_WEIGHT_NORMALIZED,2024-07-12,VOX,138,72,0
NN_v2,2,PAPER_WEIGHT_NORMALIZED,2024-07-19,VGT,182,107,0
NN_v2,2,PAPER_WEIGHT_NORMALIZED,2024-07-19,VPU,103,51,2
NN_v2,2,PAPER_WEIGHT_NORMALIZED,2024-07-26,VGT,183,107,0
NN_v2,2,PAPER_WEIGHT_NORMALIZED,2024-07-26,VOX,139,72,0
NN_v2,2,PAPER_WEIGHT_NORMALIZED,2024-08-02,VGT,184,108,1
NN_v2,2,PAPER_WEIGHT_NORMALIZED,2024-08-02,VCR,151,81,1
NN_v2,2,PAPER_WEIGHT_NORMALIZED,2024-08-09,VGT,185,109,2
NN_v2,2,PAPER_WEIGHT_NORMALIZED,2024-08-09,VCR,152,82,2
NN_v2,2,PAPER_WEIGHT_NORMALIZED,2024-08-16,VDE,321,163,0
NN_v2,2,PAPER_WEIGHT_NORMALIZED,2024-08-16,VGT,186,110,3
NN_v2,2,PAPER_WEIGHT_NORMALIZED,2024-08-23,VGT,187,110,0
NN_v2,2,PAPER_WEIGHT_NORMALIZED,2024-08-23,VDE,322,163,0
NN_v2,2,PAPER_WEIGHT_NORMALIZED,2024-08-30,VGT,188,110,0
NN_v2,2,PAPER_WEIGHT_NORMALIZED,2024-08-30,VCR,153,82,0
NN_v2,2,PAPER_WEIGHT_NORMALIZED,2024-09-06,VGT,189,111,1
NN_v2,2,PAPER_WEIGHT_NORMALIZED,2024-09-06,VDE,323,163,0
NN_v2,2,PAPER_WEIGHT_NORMALIZED,2024-09-13,VDE,324,164,1
NN_v2,2,PAPER_WEIGHT_NORMALIZED,2024-09-13,VGT,190,112,2
NN_v2,2,PAPER_WEIGHT_NORMALIZED,2024-09-20,VGT,191,113,3
NN_v2,2,PAPER_WEIGHT_NORMALIZED,2024-09-20,VDE,325,164,0
NN_v2,2,PAPER_WEIGHT_NORMALIZED,2024-09-27,VGT,192,114,4
NN_v2,2,PAPER_WEIGHT_NORMALIZED,2024-09-27,VDE,326,165,1
NN_v2,2,PAPER_WEIGHT_NORMALIZED,2024-10-04,VGT,193,115,5
NN_v2,2,PAPER_WEIGHT_NORMALIZED,2024-10-04,VCR,154,82,0
NN_v2,2,PAPER_WEIGHT_NORMALIZED,2024-10-11,VDE,327,165,0
NN_v2,2,PAPER_WEIGHT_NORMALIZED,2024-10-11,VGT,194,115,0
NN_v2,2,PAPER_WEIGHT_NORMALIZED,2024-10-18,VDE,328,165,0
NN_v2,2,PAPER_WEIGHT_NORMALIZED,2024-10-18,VGT,195,116,1
NN_v2,2,PAPER_WEIGHT_NORMALIZED,2024-10-25,VDE,329,166,1
NN_v2,2,PAPER_WEIGHT_NORMALIZED,2024-10-25,VGT,196,116,0
NN_v2,2,PAPER_WEIGHT_NORMALIZED,2024-11-01,VGT,197,117,1
NN_v2,2,PAPER_WEIGHT_NORMALIZED,2024-11-01,VAW,190,101,2
NN_v2,2,PAPER_WEIGHT_NORMALIZED,2024-11-08,VPU,104,52,3
NN_v2,2,PAPER_WEIGHT_NORMALIZED,2024-11-08,VNQ,204,106,0
NN_v2,2,PAPER_WEIGHT_NORMALIZED,2024-11-15,VGT,198,118,2
NN_v2,2,PAPER_WEIGHT_NORMALIZED,2024-11-15,VAW,191,102,3
NN_v2,2,PAPER_WEIGHT_NORMALIZED,2024-11-22,VGT,199,118,0
NN_v2,2,PAPER_WEIGHT_NORMALIZED,2024-11-22,VHT,86,54,2
NN_v2,2,PAPER_WEIGHT_NORMALIZED,2024-11-29,VDE,330,166,0
NN_v2,2,PAPER_WEIGHT_NORMALIZED,2024-11-29,VGT,200,119,1
NN_v2,2,PAPER_WEIGHT_NORMALIZED,2024-12-06,VDE,331,166,0
NN_v2,2,PAPER_WEIGHT_NORMALIZED,2024-12-06,VPU,105,52,0
NN_v2,2,PAPER_WEIGHT_NORMALIZED,2024-12-13,VDE,332,166,0
NN_v2,2,PAPER_WEIGHT_NORMALIZED,2024-12-13,VIS,130,80,0
NN_v2,2,PAPER_WEIGHT_NORMALIZED,2024-12-20,VDE,333,167,1
NN_v2,2,PAPER_WEIGHT_NORMALIZED,2024-12-20,VIS,131,81,1
NN_v2,2,PAPER_WEIGHT_NORMALIZED,2024-12-27,VDE,334,168,2
NN_v2,2,PAPER_WEIGHT_NORMALIZED,2024-12-27,VIS,132,82,2
NN_v2,2,PAPER_WEIGHT_NORMALIZED,2025-01-03,VIS,133,82,0
NN_v2,2,PAPER_WEIGHT_NORMALIZED,2025-01-03,VDC,12,6,0
NN_v2,2,PAPER_WEIGHT_NORMALIZED,2025-01-10,VGT,201,120,2
NN_v2,2,PAPER_WEIGHT_NORMALIZED,2025-01-10,VFH,219,111,2
NN_v2,2,PAPER_WEIGHT_NORMALIZED,2025-01-17,VHT,87,55,3
NN_v2,2,PAPER_WEIGHT_NORMALIZED,2025-01-17,VNQ,205,107,1
NN_v2,2,PAPER_WEIGHT_NORMALIZED,2025-01-24,VDE,335,168,0
NN_v2,2,PAPER_WEIGHT_NORMALIZED,2025-01-24,VPU,106,53,1
NN_v2,2,PAPER_WEIGHT_NORMALIZED,2025-01-31,VPU,107,54,2
NN_v2,2,PAPER_WEIGHT_NORMALIZED,2025-01-31,VAW,192,103,4
NN_v2,2,PAPER_WEIGHT_NORMALIZED,2025-02-07,VGT,202,121,3
NN_v2,2,PAPER_WEIGHT_NORMALIZED,2025-02-07,VIS,134,82,0
NN_v2,2,PAPER_WEIGHT_NORMALIZED,2025-02-14,VNQ,206,108,2
NN_v2,2,PAPER_WEIGHT_NORMALIZED,2025-02-14,VCR,155,82,0
NN_v2,2,PAPER_WEIGHT_NORMALIZED,2025-02-21,VGT,203,121,0
NN_v2,2,PAPER_WEIGHT_NORMALIZED,2025-02-21,VNQ,207,109,3
NN_v2,2,PAPER_WEIGHT_NORMALIZED,2025-02-28,VAW,193,103,0
NN_v2,2,PAPER_WEIGHT_NORMALIZED,2025-02-28,VDE,336,168,0
NN_v2,2,PAPER_WEIGHT_NORMALIZED,2025-03-07,VDE,337,169,1
NN_v2,2,PAPER_WEIGHT_NORMALIZED,2025-03-07,VFH,220,112,3
NN_v2,2,PAPER_WEIGHT_NORMALIZED,2025-03-14,VAW,194,103,0
NN_v2,2,PAPER_WEIGHT_NORMALIZED,2025-03-14,VFH,221,113,4
NN_v2,2,PAPER_WEIGHT_NORMALIZED,2025-03-21,VAW,195,103,0
NN_v2,2,PAPER_WEIGHT_NORMALIZED,2025-03-21,VIS,135,82,0
NN_v2,2,PAPER_WEIGHT_NORMALIZED,2025-03-28,VAW,196,103,0
NN_v2,2,PAPER_WEIGHT_NORMALIZED,2025-03-28,VIS,136,82,0
NN_v2,2,PAPER_WEIGHT_NORMALIZED,2025-04-04,VHT,88,56,4
NN_v2,2,PAPER_WEIGHT_NORMALIZED,2025-04-04,VAW,197,104,1
NN_v2,2,PAPER_WEIGHT_NORMALIZED,2025-04-11,VNQ,208,110,4
NN_v2,2,PAPER_WEIGHT_NORMALIZED,2025-04-11,VFH,222,113,0
NN_v2,2,PAPER_WEIGHT_NORMALIZED,2025-04-18,VHT,89,57,5
NN_v2,2,PAPER_WEIGHT_NORMALIZED,2025-04-18,VAW,198,105,2
NN_v2,2,PAPER_WEIGHT_NORMALIZED,2025-04-25,VAW,199,106,3
NN_v2,2,PAPER_WEIGHT_NORMALIZED,2025-04-25,VIS,137,83,1
NN_v2,2,PAPER_WEIGHT_NORMALIZED,2025-05-02,VDE,338,170,2
NN_v2,2,PAPER_WEIGHT_NORMALIZED,2025-05-02,VCR,156,83,1
NN_v2,2,PAPER_WEIGHT_NORMALIZED,2025-05-09,VDE,339,171,3
NN_v2,2,PAPER_WEIGHT_NORMALIZED,2025-05-09,VOX,140,73,1
NN_v2,2,PAPER_WEIGHT_NORMALIZED,2025-05-16,VDE,340,171,0
NN_v2,2,PAPER_WEIGHT_NORMALIZED,2025-05-16,VAW,200,106,0
NN_v2,2,PAPER_WEIGHT_NORMALIZED,2025-05-23,VAW,201,106,0
NN_v2,2,PAPER_WEIGHT_NORMALIZED,2025-05-23,VFH,223,114,1
NN_v2,2,PAPER_WEIGHT_NORMALIZED,2025-05-30,VDE,341,172,1
NN_v2,2,PAPER_WEIGHT_NORMALIZED,2025-05-30,VAW,202,107,1
NN_v2,2,PAPER_WEIGHT_NORMALIZED,2025-06-06,VCR,157,83,0
NN_v2,2,PAPER_WEIGHT_NORMALIZED,2025-06-06,VDE,342,173,2
NN_v2,2,PAPER_WEIGHT_NORMALIZED,2025-06-13,VCR,158,83,0
NN_v2,2,PAPER_WEIGHT_NORMALIZED,2025-06-13,VFH,224,115,2
NN_v2,2,PAPER_WEIGHT_NORMALIZED,2025-06-20,VCR,159,84,1
NN_v2,2,PAPER_WEIGHT_NORMALIZED,2025-06-20,VFH,225,116,3
NN_v2,2,PAPER_WEIGHT_NORMALIZED,2025-06-27,VDE,343,174,3
NN_v2,2,PAPER_WEIGHT_NORMALIZED,2025-06-27,VHT,90,58,6
NN_v2,2,PAPER_WEIGHT_NORMALIZED,2025-07-04,VDE,344,175,4
NN_v2,2,PAPER_WEIGHT_NORMALIZED,2025-07-04,VNQ,209,110,0
NN_v2,2,PAPER_WEIGHT_NORMALIZED,2025-07-11,VFH,226,117,4
NN_v2,2,PAPER_WEIGHT_NORMALIZED,2025-07-11,VCR,160,85,2
NN_v2,2,PAPER_WEIGHT_NORMALIZED,2025-07-18,VCR,161,86,3
NN_v2,2,PAPER_WEIGHT_NORMALIZED,2025-07-18,VDE,345,176,5
NN_v2,2,PAPER_WEIGHT_NORMALIZED,2025-07-25,VDE,346,176,0
NN_v2,2,PAPER_WEIGHT_NORMALIZED,2025-07-25,VCR,162,86,0
NN_v2,2,PAPER_WEIGHT_NORMALIZED,2025-08-01,VDE,347,176,0
NN_v2,2,PAPER_WEIGHT_NORMALIZED,2025-08-01,VCR,163,87,1
NN_v2,2,PAPER_WEIGHT_NORMALIZED,2025-08-08,VFH,227,118,5
NN_v2,2,PAPER_WEIGHT_NORMALIZED,2025-08-08,VCR,164,88,2
NN_v2,2,PAPER_WEIGHT_NORMALIZED,2025-08-15,VFH,228,119,6
NN_v2,2,PAPER_WEIGHT_NORMALIZED,2025-08-15,VIS,138,84,2
NN_v2,2,PAPER_WEIGHT_NORMALIZED,2025-08-22,VDE,348,177,1
NN_v2,2,PAPER_WEIGHT_NORMALIZED,2025-08-22,VGT,204,122,1
NN_v2,2,PAPER_WEIGHT_NORMALIZED,2025-08-29,VHT,91,59,7
NN_v2,2,PAPER_WEIGHT_NORMALIZED,2025-08-29,VIS,139,85,3
NN_v2,2,PAPER_WEIGHT_NORMALIZED,2025-09-05,VIS,140,86,4
NN_v2,2,PAPER_WEIGHT_NORMALIZED,2025-09-05,VFH,229,120,7
NN_v2,2,PAPER_WEIGHT_NORMALIZED,2025-09-12,VDE,349,177,0
NN_v2,2,PAPER_WEIGHT_NORMALIZED,2025-09-12,VFH,230,121,8
NN_v2,2,PAPER_WEIGHT_NORMALIZED,2025-09-19,VDE,350,178,1
NN_v2,2,PAPER_WEIGHT_NORMALIZED,2025-09-19,VHT,92,59,0
NN_v2,2,PAPER_WEIGHT_NORMALIZED,2025-09-26,VFH,231,121,0
NN_v2,2,PAPER_WEIGHT_NORMALIZED,2025-09-26,VIS,141,87,5
NN_v2,2,PAPER_WEIGHT_NORMALIZED,2025-10-03,VDE,351,178,0
NN_v2,2,PAPER_WEIGHT_NORMALIZED,2025-10-03,VFH,232,121,0
NN_v2,2,PAPER_WEIGHT_NORMALIZED,2025-10-10,VOX,141,74,2
NN_v2,2,PAPER_WEIGHT_NORMALIZED,2025-10-10,VDE,352,178,0
NN_v2,2,PAPER_WEIGHT_NORMALIZED,2025-10-17,VDE,353,179,1
NN_v2,2,PAPER_WEIGHT_NORMALIZED,2025-10-17,VCR,165,89,3
NN_v2,2,PAPER_WEIGHT_NORMALIZED,2025-10-24,VAW,203,107,0
NN_v2,2,PAPER_WEIGHT_NORMALIZED,2025-10-24,VDC,13,6,0
NN_v2,2,PAPER_WEIGHT_NORMALIZED,2025-10-31,VPU,108,55,3
NN_v2,2,PAPER_WEIGHT_NORMALIZED,2025-10-31,VNQ,210,111,1
NN_v2,2,PAPER_WEIGHT_NORMALIZED,2025-11-07,VCR,166,89,0
NN_v2,2,PAPER_WEIGHT_NORMALIZED,2025-11-07,VOX,142,74,0
NN_v2,2,PAPER_WEIGHT_NORMALIZED,2025-11-14,VOX,143,75,1
NN_v2,2,PAPER_WEIGHT_NORMALIZED,2025-11-14,VIS,142,87,0
NN_v2,2,PAPER_WEIGHT_NORMALIZED,2025-11-21,VGT,205,123,2
NN_v2,2,PAPER_WEIGHT_NORMALIZED,2025-11-21,VIS,143,88,1
NN_v2,2,PAPER_WEIGHT_NORMALIZED,2025-11-28,VGT,206,124,3
NN_v2,2,PAPER_WEIGHT_NORMALIZED,2025-11-28,VDC,14,6,0
NN_v2,2,PAPER_WEIGHT_NORMALIZED,2025-12-05,VPU,109,55,0
NN_v2,2,PAPER_WEIGHT_NORMALIZED,2025-12-05,VAW,204,108,1
NN_v2,2,PAPER_WEIGHT_NORMALIZED,2025-12-12,VGT,207,124,0
NN_v2,2,PAPER_WEIGHT_NORMALIZED,2025-12-12,VPU,110,55,0
NN_v2,2,PAPER_WEIGHT_NORMALIZED,2025-12-19,VGT,208,125,1
NN_v2,2,PAPER_WEIGHT_NORMALIZED,2025-12-19,VIS,144,89,2
NN_v2,2,PAPER_WEIGHT_NORMALIZED,2025-12-26,VDE,354,180,2
NN_v2,2,PAPER_WEIGHT_NORMALIZED,2025-12-26,VGT,209,125,0
NN_v2,2,PAPER_WEIGHT_NORMALIZED,2026-01-02,VGT,210,125,0
NN_v2,2,PAPER_WEIGHT_NORMALIZED,2026-01-02,VCR,167,90,1
NN_v2,2,PAPER_WEIGHT_NORMALIZED,2026-01-09,VGT,211,126,1
NN_v2,2,PAPER_WEIGHT_NORMALIZED,2026-01-09,VPU,111,56,1
NN_v2,2,PAPER_WEIGHT_NORMALIZED,2026-01-16,VCR,168,91,2
NN_v2,2,PAPER_WEIGHT_NORMALIZED,2026-01-16,VGT,212,127,2
NN_v2,2,PAPER_WEIGHT_NORMALIZED,2026-01-23,VCR,169,91,0
NN_v2,2,PAPER_WEIGHT_NORMALIZED,2026-01-23,VPU,112,57,2
NN_v2,2,PAPER_WEIGHT_NORMALIZED,2026-01-30,VCR,170,91,0
NN_v2,2,PAPER_WEIGHT_NORMALIZED,2026-01-30,VHT,93,60,1
NN_v2,2,PAPER_WEIGHT_NORMALIZED,2026-02-06,VOX,144,75,0
NN_v2,2,PAPER_WEIGHT_NORMALIZED,2026-02-06,VCR,171,91,0
NN_v2,2,PAPER_WEIGHT_NORMALIZED,2026-02-13,VCR,172,92,1
NN_v2,2,PAPER_WEIGHT_NORMALIZED,2026-02-13,VOX,145,76,1
NN_v2,2,PAPER_WEIGHT_NORMALIZED,2026-02-20,VOX,146,77,2
NN_v2,2,PAPER_WEIGHT_NORMALIZED,2026-02-20,VFH,233,121,0
NN_v2,2,PAPER_WEIGHT_NORMALIZED,2026-02-27,VCR,173,93,2
NN_v2,2,PAPER_WEIGHT_NORMALIZED,2026-02-27,VFH,234,121,0
NN_v2,2,PAPER_WEIGHT_NORMALIZED,2026-03-06,VAW,205,108,0
NN_v2,2,PAPER_WEIGHT_NORMALIZED,2026-03-06,VIS,145,89,0
NN_v2,2,PAPER_WEIGHT_NORMALIZED,2026-03-13,VIS,146,89,0
NN_v2,2,PAPER_WEIGHT_NORMALIZED,2026-03-13,VAW,206,108,0
NN_v2,2,PAPER_WEIGHT_NORMALIZED,2026-03-20,VDC,15,6,0
NN_v2,2,PAPER_WEIGHT_NORMALIZED,2026-03-20,VIS,147,89,0
NN_v2,2,PAPER_WEIGHT_NORMALIZED,2026-03-27,VOX,147,78,3
NN_v2,2,PAPER_WEIGHT_NORMALIZED,2026-03-27,VIS,148,90,1
NN_v2,2,PAPER_WEIGHT_NORMALIZED,2026-04-03,VDC,16,7,1
NN_v2,2,PAPER_WEIGHT_NORMALIZED,2026-04-03,VIS,149,91,2
NN_v2,2,PAPER_WEIGHT_NORMALIZED,2026-04-10,VFH,235,122,1
NN_v2,2,PAPER_WEIGHT_NORMALIZED,2026-04-10,VOX,148,79,4
NN_v2,2,PAPER_WEIGHT_NORMALIZED,2026-04-17,VAW,207,109,1
NN_v2,2,PAPER_WEIGHT_NORMALIZED,2026-04-17,VDE,355,181,3
NN_v2,2,PAPER_WEIGHT_NORMALIZED,2026-04-24,VOX,149,80,5
NN_v2,2,PAPER_WEIGHT_NORMALIZED,2026-04-24,VCR,174,94,3
NN_v2,2,PAPER_WEIGHT_NORMALIZED,2026-05-01,VCR,175,95,4
NN_v2,2,PAPER_WEIGHT_NORMALIZED,2026-05-01,VOX,150,81,6
NN_v2,2,PAPER_WEIGHT_NORMALIZED,2026-05-08,VDE,356,182,4
NN_v2,2,PAPER_WEIGHT_NORMALIZED,2026-05-08,VCR,176,95,0
NN_v2,2,PAPER_WEIGHT_NORMALIZED,2026-05-15,VCR,177,96,1
NN_v2,2,PAPER_WEIGHT_NORMALIZED,2026-05-15,VOX,151,82,7
NN_v2,2,PAPER_WEIGHT_NORMALIZED,2026-05-22,VDE,357,182,0
NN_v2,2,PAPER_WEIGHT_NORMALIZED,2026-05-22,VOX,152,83,8
NN_v2,2,PAPER_WEIGHT_NORMALIZED,2026-05-29,VDE,358,183,1
NN_v2,2,PAPER_WEIGHT_NORMALIZED,2026-05-29,VCR,178,96,0
NN_v2,2,PAPER_WEIGHT_NORMALIZED,2026-06-05,VCR,179,97,1
NN_v2,2,PAPER_WEIGHT_NORMALIZED,2026-06-05,VOX,153,83,0
NN_v2,2,PAPER_WEIGHT_NORMALIZED,2026-06-12,VCR,180,97,0
NN_v2,2,PAPER_WEIGHT_NORMALIZED,2026-06-12,VOX,154,83,0
NN_v2,2,PAPER_WEIGHT_NORMALIZED,2026-06-19,VCR,181,97,0
NN_v2,2,PAPER_WEIGHT_NORMALIZED,2026-06-19,VDE,359,183,0
NN_v2,2,PAPER_WEIGHT_NORMALIZED,2026-06-26,VCR,182,98,1
NN_v2,2,PAPER_WEIGHT_NORMALIZED,2026-06-26,VGT,213,127,0
NN_v2,2,PAPER_WEIGHT_NORMALIZED,2026-07-03,VDE,360,184,1
NN_v2,2,PAPER_WEIGHT_NORMALIZED,2026-07-03,VGT,214,128,1
NN_v2,2,PAPER_WEIGHT_NORMALIZED,2026-07-10,VDE,361,185,2
NN_v2,2,PAPER_WEIGHT_NORMALIZED,2026-07-10,VPU,113,57,0
NN_v2,2,PAPER_WEIGHT_NORMALIZED,2026-07-17,VGT,215,128,0
NN_v2,2,PAPER_WEIGHT_NORMALIZED,2026-07-17,VOX,155,83,0
NN_v2,2,PAPER_WEIGHT_NORMALIZED,2026-07-31,VGT,216,129,1
NN_v2,2,PAPER_WEIGHT_NORMALIZED,2026-07-31,VPU,114,57,0
NN_v2,3,EQUAL_WEIGHT,2008-01-04,VNQ,1,1,1
NN_v2,3,EQUAL_WEIGHT,2008-01-04,VFH,1,0,0
NN_v2,3,EQUAL_WEIGHT,2008-01-04,VCR,1,0,0
NN_v2,3,EQUAL_WEIGHT,2008-01-11,VFH,2,0,0
NN_v2,3,EQUAL_WEIGHT,2008-01-11,VNQ,2,1,0
NN_v2,3,EQUAL_WEIGHT,2008-01-11,VOX,1,0,0
NN_v2,3,EQUAL_WEIGHT,2008-01-18,VFH,3,1,1
NN_v2,3,EQUAL_WEIGHT,2008-01-18,VNQ,3,2,1
NN_v2,3,EQUAL_WEIGHT,2008-01-18,VAW,1,1,1
NN_v2,3,EQUAL_WEIGHT,2008-01-25,VHT,1,1,1
NN_v2,3,EQUAL_WEIGHT,2008-01-25,VOX,2,1,1
NN_v2,3,EQUAL_WEIGHT,2008-01-25,VPU,1,1,1
NN_v2,3,EQUAL_WEIGHT,2008-02-01,VGT,1,0,0
NN_v2,3,EQUAL_WEIGHT,2008-02-01,VHT,2,1,0
NN_v2,3,EQUAL_WEIGHT,2008-02-01,VOX,3,1,0
NN_v2,3,EQUAL_WEIGHT,2008-02-08,VFH,4,1,0
NN_v2,3,EQUAL_WEIGHT,2008-02-08,VNQ,4,3,2
NN_v2,3,EQUAL_WEIGHT,2008-02-08,VCR,2,1,1
NN_v2,3,EQUAL_WEIGHT,2008-02-15,VFH,5,1,0
NN_v2,3,EQUAL_WEIGHT,2008-02-15,VNQ,5,3,0
NN_v2,3,EQUAL_WEIGHT,2008-02-15,VCR,3,1,0
NN_v2,3,EQUAL_WEIGHT,2008-02-22,VOX,4,1,0
NN_v2,3,EQUAL_WEIGHT,2008-02-22,VFH,6,1,0
NN_v2,3,EQUAL_WEIGHT,2008-02-22,VCR,4,1,0
NN_v2,3,EQUAL_WEIGHT,2008-02-29,VFH,7,1,0
NN_v2,3,EQUAL_WEIGHT,2008-02-29,VOX,5,1,0
NN_v2,3,EQUAL_WEIGHT,2008-02-29,VCR,5,1,0
NN_v2,3,EQUAL_WEIGHT,2008-03-07,VFH,8,1,0
NN_v2,3,EQUAL_WEIGHT,2008-03-07,VNQ,6,4,1
NN_v2,3,EQUAL_WEIGHT,2008-03-07,VOX,6,1,0
NN_v2,3,EQUAL_WEIGHT,2008-03-14,VFH,9,2,1
NN_v2,3,EQUAL_WEIGHT,2008-03-14,VOX,7,2,1
NN_v2,3,EQUAL_WEIGHT,2008-03-14,VCR,6,2,1
NN_v2,3,EQUAL_WEIGHT,2008-03-21,VDE,1,1,1
NN_v2,3,EQUAL_WEIGHT,2008-03-21,VAW,2,2,2
NN_v2,3,EQUAL_WEIGHT,2008-03-21,VOX,8,3,2
NN_v2,3,EQUAL_WEIGHT,2008-03-28,VFH,10,3,2
NN_v2,3,EQUAL_WEIGHT,2008-03-28,VCR,7,3,2
NN_v2,3,EQUAL_WEIGHT,2008-03-28,VGT,2,1,1
NN_v2,3,EQUAL_WEIGHT,2008-04-04,VFH,11,3,0
NN_v2,3,EQUAL_WEIGHT,2008-04-04,VOX,9,3,0
NN_v2,3,EQUAL_WEIGHT,2008-04-04,VCR,8,3,0
NN_v2,3,EQUAL_WEIGHT,2008-04-11,VFH,12,4,1
NN_v2,3,EQUAL_WEIGHT,2008-04-11,VOX,10,4,1
NN_v2,3,EQUAL_WEIGHT,2008-04-11,VCR,9,4,1
NN_v2,3,EQUAL_WEIGHT,2008-04-18,VOX,11,5,2
NN_v2,3,EQUAL_WEIGHT,2008-04-18,VFH,13,5,2
NN_v2,3,EQUAL_WEIGHT,2008-04-18,VCR,10,5,2
NN_v2,3,EQUAL_WEIGHT,2008-04-25,VFH,14,6,3
NN_v2,3,EQUAL_WEIGHT,2008-04-25,VCR,11,6,3
NN_v2,3,EQUAL_WEIGHT,2008-04-25,VOX,12,6,3
NN_v2,3,EQUAL_WEIGHT,2008-05-02,VFH,15,6,0
NN_v2,3,EQUAL_WEIGHT,2008-05-02,VAW,3,3,3
NN_v2,3,EQUAL_WEIGHT,2008-05-02,VCR,12,6,0
NN_v2,3,EQUAL_WEIGHT,2008-05-09,VFH,16,7,1
NN_v2,3,EQUAL_WEIGHT,2008-05-09,VOX,13,7,4
NN_v2,3,EQUAL_WEIGHT,2008-05-09,VCR,13,7,1
NN_v2,3,EQUAL_WEIGHT,2008-05-16,VFH,17,7,0
NN_v2,3,EQUAL_WEIGHT,2008-05-16,VOX,14,7,0
NN_v2,3,EQUAL_WEIGHT,2008-05-16,VCR,14,7,0
NN_v2,3,EQUAL_WEIGHT,2008-05-23,VFH,18,8,1
NN_v2,3,EQUAL_WEIGHT,2008-05-23,VOX,15,8,1
NN_v2,3,EQUAL_WEIGHT,2008-05-23,VGT,3,2,2
NN_v2,3,EQUAL_WEIGHT,2008-05-30,VFH,19,8,0
NN_v2,3,EQUAL_WEIGHT,2008-05-30,VCR,15,7,0
NN_v2,3,EQUAL_WEIGHT,2008-05-30,VOX,16,8,0
NN_v2,3,EQUAL_WEIGHT,2008-06-06,VFH,20,8,0
NN_v2,3,EQUAL_WEIGHT,2008-06-06,VNQ,7,4,0
NN_v2,3,EQUAL_WEIGHT,2008-06-06,VCR,16,8,1
NN_v2,3,EQUAL_WEIGHT,2008-06-13,VFH,21,8,0
NN_v2,3,EQUAL_WEIGHT,2008-06-13,VOX,17,8,0
NN_v2,3,EQUAL_WEIGHT,2008-06-13,VIS,1,0,0
NN_v2,3,EQUAL_WEIGHT,2008-06-20,VFH,22,8,0
NN_v2,3,EQUAL_WEIGHT,2008-06-20,VOX,18,8,0
NN_v2,3,EQUAL_WEIGHT,2008-06-20,VGT,4,2,0
NN_v2,3,EQUAL_WEIGHT,2008-06-27,VFH,23,8,0
NN_v2,3,EQUAL_WEIGHT,2008-06-27,VOX,19,8,0
NN_v2,3,EQUAL_WEIGHT,2008-06-27,VCR,17,8,0
NN_v2,3,EQUAL_WEIGHT,2008-07-04,VFH,24,8,0
NN_v2,3,EQUAL_WEIGHT,2008-07-04,VAW,4,4,4
NN_v2,3,EQUAL_WEIGHT,2008-07-04,VOX,20,8,0
NN_v2,3,EQUAL_WEIGHT,2008-07-11,VFH,25,9,1
NN_v2,3,EQUAL_WEIGHT,2008-07-11,VCR,18,9,1
NN_v2,3,EQUAL_WEIGHT,2008-07-11,VOX,21,8,0
NN_v2,3,EQUAL_WEIGHT,2008-07-18,VPU,2,1,0
NN_v2,3,EQUAL_WEIGHT,2008-07-18,VOX,22,9,1
NN_v2,3,EQUAL_WEIGHT,2008-07-18,VDE,2,1,0
NN_v2,3,EQUAL_WEIGHT,2008-07-25,VFH,26,10,2
NN_v2,3,EQUAL_WEIGHT,2008-07-25,VDE,3,2,1
NN_v2,3,EQUAL_WEIGHT,2008-07-25,VAW,5,5,5
NN_v2,3,EQUAL_WEIGHT,2008-08-01,VCR,19,10,2
NN_v2,3,EQUAL_WEIGHT,2008-08-01,VIS,2,1,1
NN_v2,3,EQUAL_WEIGHT,2008-08-01,VNQ,8,5,1
NN_v2,3,EQUAL_WEIGHT,2008-08-08,VFH,27,10,0
NN_v2,3,EQUAL_WEIGHT,2008-08-08,VAW,6,6,6
NN_v2,3,EQUAL_WEIGHT,2008-08-08,VDE,4,2,0
NN_v2,3,EQUAL_WEIGHT,2008-08-15,VFH,28,10,0
NN_v2,3,EQUAL_WEIGHT,2008-08-15,VAW,7,7,7
NN_v2,3,EQUAL_WEIGHT,2008-08-15,VDE,5,3,1
NN_v2,3,EQUAL_WEIGHT,2008-08-22,VFH,29,11,1
NN_v2,3,EQUAL_WEIGHT,2008-08-22,VCR,20,11,3
NN_v2,3,EQUAL_WEIGHT,2008-08-22,VIS,3,2,2
NN_v2,3,EQUAL_WEIGHT,2008-08-29,VCR,21,11,0
NN_v2,3,EQUAL_WEIGHT,2008-08-29,VFH,30,11,0
NN_v2,3,EQUAL_WEIGHT,2008-08-29,VIS,4,2,0
NN_v2,3,EQUAL_WEIGHT,2008-09-05,VDE,6,3,0
NN_v2,3,EQUAL_WEIGHT,2008-09-05,VAW,8,8,8
NN_v2,3,EQUAL_WEIGHT,2008-09-05,VPU,3,2,1
NN_v2,3,EQUAL_WEIGHT,2008-09-12,VDE,7,4,1
NN_v2,3,EQUAL_WEIGHT,2008-09-12,VFH,31,12,1
NN_v2,3,EQUAL_WEIGHT,2008-09-12,VAW,9,9,9
NN_v2,3,EQUAL_WEIGHT,2008-09-19,VCR,22,11,0
NN_v2,3,EQUAL_WEIGHT,2008-09-19,VIS,5,2,0
NN_v2,3,EQUAL_WEIGHT,2008-09-19,VOX,23,9,0
NN_v2,3,EQUAL_WEIGHT,2008-09-26,VAW,10,9,0
NN_v2,3,EQUAL_WEIGHT,2008-09-26,VFH,32,12,0
NN_v2,3,EQUAL_WEIGHT,2008-09-26,VCR,23,11,0
NN_v2,3,EQUAL_WEIGHT,2008-10-03,VAW,11,9,0
NN_v2,3,EQUAL_WEIGHT,2008-10-03,VDE,8,4,0
NN_v2,3,EQUAL_WEIGHT,2008-10-03,VFH,33,12,0
NN_v2,3,EQUAL_WEIGHT,2008-10-10,VDE,9,5,1
NN_v2,3,EQUAL_WEIGHT,2008-10-10,VFH,34,12,0
NN_v2,3,EQUAL_WEIGHT,2008-10-10,VCR,24,11,0
NN_v2,3,EQUAL_WEIGHT,2008-10-17,VNQ,9,5,0
NN_v2,3,EQUAL_WEIGHT,2008-10-17,VAW,12,9,0
NN_v2,3,EQUAL_WEIGHT,2008-10-17,VCR,25,11,0
NN_v2,3,EQUAL_WEIGHT,2008-10-24,VNQ,10,6,1
NN_v2,3,EQUAL_WEIGHT,2008-10-24,VAW,13,10,1
NN_v2,3,EQUAL_WEIGHT,2008-10-24,VCR,26,12,1
NN_v2,3,EQUAL_WEIGHT,2008-10-31,VAW,14,10,0
NN_v2,3,EQUAL_WEIGHT,2008-10-31,VGT,5,2,0
NN_v2,3,EQUAL_WEIGHT,2008-10-31,VIS,6,2,0
NN_v2,3,EQUAL_WEIGHT,2008-11-07,VDE,10,5,0
NN_v2,3,EQUAL_WEIGHT,2008-11-07,VFH,35,12,0
NN_v2,3,EQUAL_WEIGHT,2008-11-07,VAW,15,10,0
NN_v2,3,EQUAL_WEIGHT,2008-11-14,VNQ,11,6,0
NN_v2,3,EQUAL_WEIGHT,2008-11-14,VDE,11,5,0
NN_v2,3,EQUAL_WEIGHT,2008-11-14,VAW,16,10,0
NN_v2,3,EQUAL_WEIGHT,2008-11-21,VNQ,12,7,1
NN_v2,3,EQUAL_WEIGHT,2008-11-21,VFH,36,13,1
NN_v2,3,EQUAL_WEIGHT,2008-11-21,VDE,12,6,1
NN_v2,3,EQUAL_WEIGHT,2008-11-28,VDE,13,6,0
NN_v2,3,EQUAL_WEIGHT,2008-11-28,VGT,6,3,1
NN_v2,3,EQUAL_WEIGHT,2008-11-28,VPU,4,2,0
NN_v2,3,EQUAL_WEIGHT,2008-12-05,VDE,14,7,1
NN_v2,3,EQUAL_WEIGHT,2008-12-05,VAW,17,11,1
NN_v2,3,EQUAL_WEIGHT,2008-12-05,VPU,5,2,0
NN_v2,3,EQUAL_WEIGHT,2008-12-12,VFH,37,14,2
NN_v2,3,EQUAL_WEIGHT,2008-12-12,VCR,27,13,2
NN_v2,3,EQUAL_WEIGHT,2008-12-12,VNQ,13,8,2
NN_v2,3,EQUAL_WEIGHT,2008-12-19,VFH,38,14,0
NN_v2,3,EQUAL_WEIGHT,2008-12-19,VAW,18,11,0
NN_v2,3,EQUAL_WEIGHT,2008-12-19,VDE,15,7,0
NN_v2,3,EQUAL_WEIGHT,2008-12-26,VNQ,14,9,3
NN_v2,3,EQUAL_WEIGHT,2008-12-26,VFH,39,15,1
NN_v2,3,EQUAL_WEIGHT,2008-12-26,VAW,19,12,1
NN_v2,3,EQUAL_WEIGHT,2009-01-02,VNQ,15,9,0
NN_v2,3,EQUAL_WEIGHT,2009-01-02,VAW,20,12,0
NN_v2,3,EQUAL_WEIGHT,2009-01-02,VFH,40,15,0
NN_v2,3,EQUAL_WEIGHT,2009-01-09,VNQ,16,9,0
NN_v2,3,EQUAL_WEIGHT,2009-01-09,VAW,21,12,0
NN_v2,3,EQUAL_WEIGHT,2009-01-09,VFH,41,15,0
NN_v2,3,EQUAL_WEIGHT,2009-01-16,VNQ,17,9,0
NN_v2,3,EQUAL_WEIGHT,2009-01-16,VAW,22,12,0
NN_v2,3,EQUAL_WEIGHT,2009-01-16,VFH,42,15,0
NN_v2,3,EQUAL_WEIGHT,2009-01-23,VNQ,18,9,0
NN_v2,3,EQUAL_WEIGHT,2009-01-23,VFH,43,16,1
NN_v2,3,EQUAL_WEIGHT,2009-01-23,VAW,23,12,0
NN_v2,3,EQUAL_WEIGHT,2009-01-30,VAW,24,13,1
NN_v2,3,EQUAL_WEIGHT,2009-01-30,VNQ,19,10,1
NN_v2,3,EQUAL_WEIGHT,2009-01-30,VDE,16,8,1
NN_v2,3,EQUAL_WEIGHT,2009-02-06,VNQ,20,10,0
NN_v2,3,EQUAL_WEIGHT,2009-02-06,VCR,28,13,0
NN_v2,3,EQUAL_WEIGHT,2009-02-06,VIS,7,2,0
NN_v2,3,EQUAL_WEIGHT,2009-02-13,VNQ,21,10,0
NN_v2,3,EQUAL_WEIGHT,2009-02-13,VIS,8,2,0
NN_v2,3,EQUAL_WEIGHT,2009-02-13,VDE,17,8,0
NN_v2,3,EQUAL_WEIGHT,2009-02-20,VAW,25,13,0
NN_v2,3,EQUAL_WEIGHT,2009-02-20,VDE,18,8,0
NN_v2,3,EQUAL_WEIGHT,2009-02-20,VOX,24,9,0
NN_v2,3,EQUAL_WEIGHT,2009-02-27,VDE,19,8,0
NN_v2,3,EQUAL_WEIGHT,2009-02-27,VGT,7,3,0
NN_v2,3,EQUAL_WEIGHT,2009-02-27,VIS,9,2,0
NN_v2,3,EQUAL_WEIGHT,2009-03-06,VGT,8,4,1
NN_v2,3,EQUAL_WEIGHT,2009-03-06,VAW,26,14,1
NN_v2,3,EQUAL_WEIGHT,2009-03-06,VDE,20,9,1
NN_v2,3,EQUAL_WEIGHT,2009-03-13,VPU,6,3,1
NN_v2,3,EQUAL_WEIGHT,2009-03-13,VDE,21,10,2
NN_v2,3,EQUAL_WEIGHT,2009-03-13,VDC,1,1,1
NN_v2,3,EQUAL_WEIGHT,2009-03-20,VNQ,22,10,0
NN_v2,3,EQUAL_WEIGHT,2009-03-20,VIS,10,3,1
NN_v2,3,EQUAL_WEIGHT,2009-03-20,VDC,2,2,2
NN_v2,3,EQUAL_WEIGHT,2009-03-27,VNQ,23,11,1
NN_v2,3,EQUAL_WEIGHT,2009-03-27,VFH,44,17,2
NN_v2,3,EQUAL_WEIGHT,2009-03-27,VHT,3,1,0
NN_v2,3,EQUAL_WEIGHT,2009-04-03,VHT,4,2,1
NN_v2,3,EQUAL_WEIGHT,2009-04-03,VPU,7,4,2
NN_v2,3,EQUAL_WEIGHT,2009-04-03,VDE,22,10,0
NN_v2,3,EQUAL_WEIGHT,2009-04-10,VPU,8,4,0
NN_v2,3,EQUAL_WEIGHT,2009-04-10,VDE,23,11,1
NN_v2,3,EQUAL_WEIGHT,2009-04-10,VIS,11,4,2
NN_v2,3,EQUAL_WEIGHT,2009-04-17,VDE,24,12,2
NN_v2,3,EQUAL_WEIGHT,2009-04-17,VPU,9,4,0
NN_v2,3,EQUAL_WEIGHT,2009-04-17,VHT,5,2,0
NN_v2,3,EQUAL_WEIGHT,2009-04-24,VFH,45,18,3
NN_v2,3,EQUAL_WEIGHT,2009-04-24,VPU,10,5,1
NN_v2,3,EQUAL_WEIGHT,2009-04-24,VHT,6,3,1
NN_v2,3,EQUAL_WEIGHT,2009-05-01,VNQ,24,12,2
NN_v2,3,EQUAL_WEIGHT,2009-05-01,VFH,46,19,4
NN_v2,3,EQUAL_WEIGHT,2009-05-01,VHT,7,4,2
NN_v2,3,EQUAL_WEIGHT,2009-05-08,VPU,11,5,0
NN_v2,3,EQUAL_WEIGHT,2009-05-08,VHT,8,5,3
NN_v2,3,EQUAL_WEIGHT,2009-05-08,VGT,9,4,0
NN_v2,3,EQUAL_WEIGHT,2009-05-15,VNQ,25,13,3
NN_v2,3,EQUAL_WEIGHT,2009-05-15,VIS,12,4,0
NN_v2,3,EQUAL_WEIGHT,2009-05-15,VCR,29,13,0
NN_v2,3,EQUAL_WEIGHT,2009-05-22,VIS,13,5,1
NN_v2,3,EQUAL_WEIGHT,2009-05-22,VOX,25,10,1
NN_v2,3,EQUAL_WEIGHT,2009-05-22,VNQ,26,14,4
NN_v2,3,EQUAL_WEIGHT,2009-05-29,VHT,9,5,0
NN_v2,3,EQUAL_WEIGHT,2009-05-29,VPU,12,6,1
NN_v2,3,EQUAL_WEIGHT,2009-05-29,VDC,3,3,3
NN_v2,3,EQUAL_WEIGHT,2009-06-05,VHT,10,6,1
NN_v2,3,EQUAL_WEIGHT,2009-06-05,VPU,13,7,2
NN_v2,3,EQUAL_WEIGHT,2009-06-05,VFH,47,20,5
NN_v2,3,EQUAL_WEIGHT,2009-06-12,VFH,48,20,0
NN_v2,3,EQUAL_WEIGHT,2009-06-12,VHT,11,7,2
NN_v2,3,EQUAL_WEIGHT,2009-06-12,VDC,4,3,0
NN_v2,3,EQUAL_WEIGHT,2009-06-19,VFH,49,20,0
NN_v2,3,EQUAL_WEIGHT,2009-06-19,VIS,14,6,2
NN_v2,3,EQUAL_WEIGHT,2009-06-19,VCR,30,14,1
NN_v2,3,EQUAL_WEIGHT,2009-06-26,VFH,50,20,0
NN_v2,3,EQUAL_WEIGHT,2009-06-26,VNQ,27,14,0
NN_v2,3,EQUAL_WEIGHT,2009-06-26,VIS,15,6,0
NN_v2,3,EQUAL_WEIGHT,2009-07-03,VAW,27,14,0
NN_v2,3,EQUAL_WEIGHT,2009-07-03,VFH,51,20,0
NN_v2,3,EQUAL_WEIGHT,2009-07-03,VCR,31,14,0
NN_v2,3,EQUAL_WEIGHT,2009-07-10,VPU,14,8,3
NN_v2,3,EQUAL_WEIGHT,2009-07-10,VFH,52,21,1
NN_v2,3,EQUAL_WEIGHT,2009-07-10,VIS,16,7,1
NN_v2,3,EQUAL_WEIGHT,2009-07-17,VNQ,28,15,1
NN_v2,3,EQUAL_WEIGHT,2009-07-17,VFH,53,22,2
NN_v2,3,EQUAL_WEIGHT,2009-07-17,VDE,25,13,3
NN_v2,3,EQUAL_WEIGHT,2009-07-24,VFH,54,23,3
NN_v2,3,EQUAL_WEIGHT,2009-07-24,VDE,26,13,0
NN_v2,3,EQUAL_WEIGHT,2009-07-24,VOX,26,11,2
NN_v2,3,EQUAL_WEIGHT,2009-07-31,VDE,27,13,0
NN_v2,3,EQUAL_WEIGHT,2009-07-31,VPU,15,8,0
NN_v2,3,EQUAL_WEIGHT,2009-07-31,VOX,27,11,0
NN_v2,3,EQUAL_WEIGHT,2009-08-07,VDE,28,14,1
NN_v2,3,EQUAL_WEIGHT,2009-08-07,VHT,12,8,3
NN_v2,3,EQUAL_WEIGHT,2009-08-07,VPU,16,9,1
NN_v2,3,EQUAL_WEIGHT,2009-08-14,VDE,29,15,2
NN_v2,3,EQUAL_WEIGHT,2009-08-14,VIS,17,8,2
NN_v2,3,EQUAL_WEIGHT,2009-08-14,VOX,28,12,1
NN_v2,3,EQUAL_WEIGHT,2009-08-21,VDE,30,15,0
NN_v2,3,EQUAL_WEIGHT,2009-08-21,VIS,18,8,0
NN_v2,3,EQUAL_WEIGHT,2009-08-21,VOX,29,13,2
NN_v2,3,EQUAL_WEIGHT,2009-08-28,VDE,31,15,0
NN_v2,3,EQUAL_WEIGHT,2009-08-28,VPU,17,9,0
NN_v2,3,EQUAL_WEIGHT,2009-08-28,VIS,19,9,1
NN_v2,3,EQUAL_WEIGHT,2009-09-04,VDE,32,16,1
NN_v2,3,EQUAL_WEIGHT,2009-09-04,VOX,30,14,3
NN_v2,3,EQUAL_WEIGHT,2009-09-04,VPU,18,9,0
NN_v2,3,EQUAL_WEIGHT,2009-09-11,VPU,19,10,1
NN_v2,3,EQUAL_WEIGHT,2009-09-11,VHT,13,9,4
NN_v2,3,EQUAL_WEIGHT,2009-09-11,VDC,5,4,1
NN_v2,3,EQUAL_WEIGHT,2009-09-18,VDC,6,4,0
NN_v2,3,EQUAL_WEIGHT,2009-09-18,VHT,14,9,0
NN_v2,3,EQUAL_WEIGHT,2009-09-18,VPU,20,10,0
NN_v2,3,EQUAL_WEIGHT,2009-09-25,VDE,33,16,0
NN_v2,3,EQUAL_WEIGHT,2009-09-25,VAW,28,14,0
NN_v2,3,EQUAL_WEIGHT,2009-09-25,VFH,55,23,0
NN_v2,3,EQUAL_WEIGHT,2009-10-02,VDE,34,17,1
NN_v2,3,EQUAL_WEIGHT,2009-10-02,VAW,29,15,1
NN_v2,3,EQUAL_WEIGHT,2009-10-02,VIS,20,10,2
NN_v2,3,EQUAL_WEIGHT,2009-10-09,VPU,21,11,1
NN_v2,3,EQUAL_WEIGHT,2009-10-09,VOX,31,15,4
NN_v2,3,EQUAL_WEIGHT,2009-10-09,VHT,15,10,1
NN_v2,3,EQUAL_WEIGHT,2009-10-16,VNQ,29,15,0
NN_v2,3,EQUAL_WEIGHT,2009-10-16,VOX,32,15,0
NN_v2,3,EQUAL_WEIGHT,2009-10-16,VFH,56,23,0
NN_v2,3,EQUAL_WEIGHT,2009-10-23,VNQ,30,15,0
NN_v2,3,EQUAL_WEIGHT,2009-10-23,VFH,57,23,0
NN_v2,3,EQUAL_WEIGHT,2009-10-23,VIS,21,10,0
NN_v2,3,EQUAL_WEIGHT,2009-10-30,VCR,32,15,1
NN_v2,3,EQUAL_WEIGHT,2009-10-30,VOX,33,16,1
NN_v2,3,EQUAL_WEIGHT,2009-10-30,VIS,22,11,1
NN_v2,3,EQUAL_WEIGHT,2009-11-06,VNQ,31,16,1
NN_v2,3,EQUAL_WEIGHT,2009-11-06,VDE,35,17,0
NN_v2,3,EQUAL_WEIGHT,2009-11-06,VAW,30,16,2
NN_v2,3,EQUAL_WEIGHT,2009-11-13,VDE,36,17,0
NN_v2,3,EQUAL_WEIGHT,2009-11-13,VFH,58,23,0
NN_v2,3,EQUAL_WEIGHT,2009-11-13,VPU,22,11,0
NN_v2,3,EQUAL_WEIGHT,2009-11-20,VDE,37,17,0
NN_v2,3,EQUAL_WEIGHT,2009-11-20,VIS,23,11,0
NN_v2,3,EQUAL_WEIGHT,2009-11-20,VNQ,32,16,0
NN_v2,3,EQUAL_WEIGHT,2009-11-27,VDE,38,17,0
NN_v2,3,EQUAL_WEIGHT,2009-11-27,VNQ,33,17,1
NN_v2,3,EQUAL_WEIGHT,2009-11-27,VIS,24,12,1
NN_v2,3,EQUAL_WEIGHT,2009-12-04,VDE,39,17,0
NN_v2,3,EQUAL_WEIGHT,2009-12-04,VAW,31,17,3
NN_v2,3,EQUAL_WEIGHT,2009-12-04,VFH,59,23,0
NN_v2,3,EQUAL_WEIGHT,2009-12-11,VAW,32,17,0
NN_v2,3,EQUAL_WEIGHT,2009-12-11,VDE,40,18,1
NN_v2,3,EQUAL_WEIGHT,2009-12-11,VFH,60,23,0
NN_v2,3,EQUAL_WEIGHT,2009-12-18,VFH,61,24,1
NN_v2,3,EQUAL_WEIGHT,2009-12-18,VDE,41,19,2
NN_v2,3,EQUAL_WEIGHT,2009-12-18,VAW,33,18,1
NN_v2,3,EQUAL_WEIGHT,2009-12-25,VFH,62,24,0
NN_v2,3,EQUAL_WEIGHT,2009-12-25,VDE,42,19,0
NN_v2,3,EQUAL_WEIGHT,2009-12-25,VDC,7,4,0
NN_v2,3,EQUAL_WEIGHT,2010-01-01,VDE,43,20,1
NN_v2,3,EQUAL_WEIGHT,2010-01-01,VIS,25,13,2
NN_v2,3,EQUAL_WEIGHT,2010-01-01,VFH,63,25,1
NN_v2,3,EQUAL_WEIGHT,2010-01-08,VCR,33,15,0
NN_v2,3,EQUAL_WEIGHT,2010-01-08,VFH,64,25,0
NN_v2,3,EQUAL_WEIGHT,2010-01-08,VGT,10,4,0
NN_v2,3,EQUAL_WEIGHT,2010-01-15,VOX,34,16,0
NN_v2,3,EQUAL_WEIGHT,2010-01-15,VFH,65,25,0
NN_v2,3,EQUAL_WEIGHT,2010-01-15,VAW,34,18,0
NN_v2,3,EQUAL_WEIGHT,2010-01-22,VNQ,34,17,0
NN_v2,3,EQUAL_WEIGHT,2010-01-22,VAW,35,18,0
NN_v2,3,EQUAL_WEIGHT,2010-01-22,VOX,35,16,0
NN_v2,3,EQUAL_WEIGHT,2010-01-29,VNQ,35,17,0
NN_v2,3,EQUAL_WEIGHT,2010-01-29,VPU,23,11,0
NN_v2,3,EQUAL_WEIGHT,2010-01-29,VOX,36,16,0
NN_v2,3,EQUAL_WEIGHT,2010-02-05,VOX,37,17,1
NN_v2,3,EQUAL_WEIGHT,2010-02-05,VPU,24,11,0
NN_v2,3,EQUAL_WEIGHT,2010-02-05,VNQ,36,17,0
NN_v2,3,EQUAL_WEIGHT,2010-02-12,VNQ,37,18,1
NN_v2,3,EQUAL_WEIGHT,2010-02-12,VOX,38,18,2
NN_v2,3,EQUAL_WEIGHT,2010-02-12,VIS,26,14,3
NN_v2,3,EQUAL_WEIGHT,2010-02-19,VPU,25,11,0
NN_v2,3,EQUAL_WEIGHT,2010-02-19,VGT,11,4,0
NN_v2,3,EQUAL_WEIGHT,2010-02-19,VOX,39,18,0
NN_v2,3,EQUAL_WEIGHT,2010-02-26,VAW,36,19,1
NN_v2,3,EQUAL_WEIGHT,2010-02-26,VGT,12,5,1
NN_v2,3,EQUAL_WEIGHT,2010-02-26,VDE,44,21,2
NN_v2,3,EQUAL_WEIGHT,2010-03-05,VDE,45,22,3
NN_v2,3,EQUAL_WEIGHT,2010-03-05,VOX,40,19,1
NN_v2,3,EQUAL_WEIGHT,2010-03-05,VAW,37,20,2
NN_v2,3,EQUAL_WEIGHT,2010-03-12,VDE,46,22,0
NN_v2,3,EQUAL_WEIGHT,2010-03-12,VPU,26,12,1
NN_v2,3,EQUAL_WEIGHT,2010-03-12,VOX,41,20,2
NN_v2,3,EQUAL_WEIGHT,2010-03-19,VAW,38,21,3
NN_v2,3,EQUAL_WEIGHT,2010-03-19,VGT,13,6,2
NN_v2,3,EQUAL_WEIGHT,2010-03-19,VDE,47,22,0
NN_v2,3,EQUAL_WEIGHT,2010-03-26,VDE,48,23,1
NN_v2,3,EQUAL_WEIGHT,2010-03-26,VOX,42,21,3
NN_v2,3,EQUAL_WEIGHT,2010-03-26,VHT,16,11,2
NN_v2,3,EQUAL_WEIGHT,2010-04-02,VGT,14,7,3
NN_v2,3,EQUAL_WEIGHT,2010-04-02,VHT,17,11,0
NN_v2,3,EQUAL_WEIGHT,2010-04-02,VPU,27,13,2
NN_v2,3,EQUAL_WEIGHT,2010-04-09,VOX,43,21,0
NN_v2,3,EQUAL_WEIGHT,2010-04-09,VPU,28,13,0
NN_v2,3,EQUAL_WEIGHT,2010-04-09,VHT,18,11,0
NN_v2,3,EQUAL_WEIGHT,2010-04-16,VAW,39,22,4
NN_v2,3,EQUAL_WEIGHT,2010-04-16,VDE,49,24,2
NN_v2,3,EQUAL_WEIGHT,2010-04-16,VOX,44,22,1
NN_v2,3,EQUAL_WEIGHT,2010-04-23,VPU,29,13,0
NN_v2,3,EQUAL_WEIGHT,2010-04-23,VOX,45,22,0
NN_v2,3,EQUAL_WEIGHT,2010-04-23,VDC,8,4,0
NN_v2,3,EQUAL_WEIGHT,2010-04-30,VAW,40,22,0
NN_v2,3,EQUAL_WEIGHT,2010-04-30,VDE,50,24,0
NN_v2,3,EQUAL_WEIGHT,2010-04-30,VFH,66,25,0
NN_v2,3,EQUAL_WEIGHT,2010-05-07,VFH,67,25,0
NN_v2,3,EQUAL_WEIGHT,2010-05-07,VCR,34,15,0
NN_v2,3,EQUAL_WEIGHT,2010-05-07,VIS,27,15,4
NN_v2,3,EQUAL_WEIGHT,2010-05-14,VFH,68,25,0
NN_v2,3,EQUAL_WEIGHT,2010-05-14,VGT,15,7,0
NN_v2,3,EQUAL_WEIGHT,2010-05-14,VAW,41,22,0
NN_v2,3,EQUAL_WEIGHT,2010-05-21,VNQ,38,19,2
NN_v2,3,EQUAL_WEIGHT,2010-05-21,VCR,35,16,1
NN_v2,3,EQUAL_WEIGHT,2010-05-21,VIS,28,16,5
NN_v2,3,EQUAL_WEIGHT,2010-05-28,VIS,29,16,0
NN_v2,3,EQUAL_WEIGHT,2010-05-28,VFH,69,25,0
NN_v2,3,EQUAL_WEIGHT,2010-05-28,VDC,9,5,1
NN_v2,3,EQUAL_WEIGHT,2010-06-04,VNQ,39,20,3
NN_v2,3,EQUAL_WEIGHT,2010-06-04,VCR,36,17,2
NN_v2,3,EQUAL_WEIGHT,2010-06-04,VPU,30,14,1
NN_v2,3,EQUAL_WEIGHT,2010-06-11,VDC,10,6,2
NN_v2,3,EQUAL_WEIGHT,2010-06-11,VGT,16,8,1
NN_v2,3,EQUAL_WEIGHT,2010-06-11,VHT,19,12,1
NN_v2,3,EQUAL_WEIGHT,2010-06-18,VCR,37,17,0
NN_v2,3,EQUAL_WEIGHT,2010-06-18,VHT,20,12,0
NN_v2,3,EQUAL_WEIGHT,2010-06-18,VGT,17,8,0
NN_v2,3,EQUAL_WEIGHT,2010-06-25,VCR,38,17,0
NN_v2,3,EQUAL_WEIGHT,2010-06-25,VGT,18,8,0
NN_v2,3,EQUAL_WEIGHT,2010-06-25,VPU,31,14,0
NN_v2,3,EQUAL_WEIGHT,2010-07-02,VNQ,40,21,4
NN_v2,3,EQUAL_WEIGHT,2010-07-02,VCR,39,18,1
NN_v2,3,EQUAL_WEIGHT,2010-07-02,VGT,19,9,1
NN_v2,3,EQUAL_WEIGHT,2010-07-09,VHT,21,12,0
NN_v2,3,EQUAL_WEIGHT,2010-07-09,VIS,30,16,0
NN_v2,3,EQUAL_WEIGHT,2010-07-09,VGT,20,10,2
NN_v2,3,EQUAL_WEIGHT,2010-07-16,VHT,22,12,0
NN_v2,3,EQUAL_WEIGHT,2010-07-16,VNQ,41,22,5
NN_v2,3,EQUAL_WEIGHT,2010-07-16,VIS,31,17,1
NN_v2,3,EQUAL_WEIGHT,2010-07-23,VHT,23,13,1
NN_v2,3,EQUAL_WEIGHT,2010-07-23,VDE,51,25,1
NN_v2,3,EQUAL_WEIGHT,2010-07-23,VCR,40,18,0
NN_v2,3,EQUAL_WEIGHT,2010-07-30,VGT,21,11,3
NN_v2,3,EQUAL_WEIGHT,2010-07-30,VDE,52,26,2
NN_v2,3,EQUAL_WEIGHT,2010-07-30,VCR,41,19,1
NN_v2,3,EQUAL_WEIGHT,2010-08-06,VGT,22,11,0
NN_v2,3,EQUAL_WEIGHT,2010-08-06,VCR,42,19,0
NN_v2,3,EQUAL_WEIGHT,2010-08-06,VIS,32,17,0
NN_v2,3,EQUAL_WEIGHT,2010-08-13,VAW,42,23,1
NN_v2,3,EQUAL_WEIGHT,2010-08-13,VIS,33,18,1
NN_v2,3,EQUAL_WEIGHT,2010-08-13,VDE,53,26,0
NN_v2,3,EQUAL_WEIGHT,2010-08-20,VIS,34,18,0
NN_v2,3,EQUAL_WEIGHT,2010-08-20,VHT,24,13,0
NN_v2,3,EQUAL_WEIGHT,2010-08-20,VDE,54,27,1
NN_v2,3,EQUAL_WEIGHT,2010-08-27,VDE,55,28,2
NN_v2,3,EQUAL_WEIGHT,2010-08-27,VIS,35,19,1
NN_v2,3,EQUAL_WEIGHT,2010-08-27,VHT,25,14,1
NN_v2,3,EQUAL_WEIGHT,2010-09-03,VHT,26,15,2
NN_v2,3,EQUAL_WEIGHT,2010-09-03,VDE,56,29,3
NN_v2,3,EQUAL_WEIGHT,2010-09-03,VIS,36,20,2
NN_v2,3,EQUAL_WEIGHT,2010-09-10,VFH,70,25,0
NN_v2,3,EQUAL_WEIGHT,2010-09-10,VGT,23,12,1
NN_v2,3,EQUAL_WEIGHT,2010-09-10,VDE,57,29,0
NN_v2,3,EQUAL_WEIGHT,2010-09-17,VFH,71,25,0
NN_v2,3,EQUAL_WEIGHT,2010-09-17,VIS,37,21,3
NN_v2,3,EQUAL_WEIGHT,2010-09-17,VDE,58,30,1
NN_v2,3,EQUAL_WEIGHT,2010-09-24,VDE,59,31,2
NN_v2,3,EQUAL_WEIGHT,2010-09-24,VFH,72,25,0
NN_v2,3,EQUAL_WEIGHT,2010-09-24,VIS,38,21,0
NN_v2,3,EQUAL_WEIGHT,2010-10-01,VIS,39,22,1
NN_v2,3,EQUAL_WEIGHT,2010-10-01,VFH,73,26,1
NN_v2,3,EQUAL_WEIGHT,2010-10-01,VNQ,42,23,6
NN_v2,3,EQUAL_WEIGHT,2010-10-08,VFH,74,26,0
NN_v2,3,EQUAL_WEIGHT,2010-10-08,VPU,32,15,1
NN_v2,3,EQUAL_WEIGHT,2010-10-08,VGT,24,13,2
NN_v2,3,EQUAL_WEIGHT,2010-10-15,VPU,33,15,0
NN_v2,3,EQUAL_WEIGHT,2010-10-15,VFH,75,27,1
NN_v2,3,EQUAL_WEIGHT,2010-10-15,VIS,40,23,2
NN_v2,3,EQUAL_WEIGHT,2010-10-22,VPU,34,15,0
NN_v2,3,EQUAL_WEIGHT,2010-10-22,VFH,76,27,0
NN_v2,3,EQUAL_WEIGHT,2010-10-22,VOX,46,22,0
NN_v2,3,EQUAL_WEIGHT,2010-10-29,VNQ,43,24,7
NN_v2,3,EQUAL_WEIGHT,2010-10-29,VIS,41,24,3
NN_v2,3,EQUAL_WEIGHT,2010-10-29,VFH,77,28,1
NN_v2,3,EQUAL_WEIGHT,2010-11-05,VDC,11,6,0
NN_v2,3,EQUAL_WEIGHT,2010-11-05,VPU,35,15,0
NN_v2,3,EQUAL_WEIGHT,2010-11-05,VHT,27,15,0
NN_v2,3,EQUAL_WEIGHT,2010-11-12,VIS,42,25,4
NN_v2,3,EQUAL_WEIGHT,2010-11-12,VNQ,44,24,0
NN_v2,3,EQUAL_WEIGHT,2010-11-12,VFH,78,28,0
NN_v2,3,EQUAL_WEIGHT,2010-11-19,VFH,79,28,0
NN_v2,3,EQUAL_WEIGHT,2010-11-19,VHT,28,15,0
NN_v2,3,EQUAL_WEIGHT,2010-11-19,VNQ,45,25,1
NN_v2,3,EQUAL_WEIGHT,2010-11-26,VFH,80,29,1
NN_v2,3,EQUAL_WEIGHT,2010-11-26,VNQ,46,26,2
NN_v2,3,EQUAL_WEIGHT,2010-11-26,VOX,47,23,1
NN_v2,3,EQUAL_WEIGHT,2010-12-03,VOX,48,24,2
NN_v2,3,EQUAL_WEIGHT,2010-12-03,VHT,29,16,1
NN_v2,3,EQUAL_WEIGHT,2010-12-03,VDC,12,7,1
NN_v2,3,EQUAL_WEIGHT,2010-12-10,VPU,36,16,1
NN_v2,3,EQUAL_WEIGHT,2010-12-10,VNQ,47,26,0
NN_v2,3,EQUAL_WEIGHT,2010-12-10,VHT,30,17,2
NN_v2,3,EQUAL_WEIGHT,2010-12-17,VNQ,48,27,1
NN_v2,3,EQUAL_WEIGHT,2010-12-17,VFH,81,30,2
NN_v2,3,EQUAL_WEIGHT,2010-12-17,VGT,25,13,0
NN_v2,3,EQUAL_WEIGHT,2010-12-24,VNQ,49,28,2
NN_v2,3,EQUAL_WEIGHT,2010-12-24,VGT,26,14,1
NN_v2,3,EQUAL_WEIGHT,2010-12-24,VHT,31,17,0
NN_v2,3,EQUAL_WEIGHT,2010-12-31,VHT,32,18,1
NN_v2,3,EQUAL_WEIGHT,2010-12-31,VGT,27,15,2
NN_v2,3,EQUAL_WEIGHT,2010-12-31,VDC,13,7,0
NN_v2,3,EQUAL_WEIGHT,2011-01-07,VIS,43,26,5
NN_v2,3,EQUAL_WEIGHT,2011-01-07,VFH,82,31,3
NN_v2,3,EQUAL_WEIGHT,2011-01-07,VAW,43,24,2
NN_v2,3,EQUAL_WEIGHT,2011-01-14,VNQ,50,28,0
NN_v2,3,EQUAL_WEIGHT,2011-01-14,VFH,83,31,0
NN_v2,3,EQUAL_WEIGHT,2011-01-14,VAW,44,24,0
NN_v2,3,EQUAL_WEIGHT,2011-01-21,VAW,45,25,1
NN_v2,3,EQUAL_WEIGHT,2011-01-21,VFH,84,31,0
NN_v2,3,EQUAL_WEIGHT,2011-01-21,VNQ,51,29,1
NN_v2,3,EQUAL_WEIGHT,2011-01-28,VFH,85,32,1
NN_v2,3,EQUAL_WEIGHT,2011-01-28,VGT,28,16,3
NN_v2,3,EQUAL_WEIGHT,2011-01-28,VAW,46,26,2
NN_v2,3,EQUAL_WEIGHT,2011-02-04,VFH,86,33,2
NN_v2,3,EQUAL_WEIGHT,2011-02-04,VNQ,52,30,2
NN_v2,3,EQUAL_WEIGHT,2011-02-04,VGT,29,17,4
NN_v2,3,EQUAL_WEIGHT,2011-02-11,VNQ,53,31,3
NN_v2,3,EQUAL_WEIGHT,2011-02-11,VFH,87,34,3
NN_v2,3,EQUAL_WEIGHT,2011-02-11,VAW,47,27,3
NN_v2,3,EQUAL_WEIGHT,2011-02-18,VAW,48,27,0
NN_v2,3,EQUAL_WEIGHT,2011-02-18,VNQ,54,32,4
NN_v2,3,EQUAL_WEIGHT,2011-02-18,VCR,43,19,0
NN_v2,3,EQUAL_WEIGHT,2011-02-25,VAW,49,27,0
NN_v2,3,EQUAL_WEIGHT,2011-02-25,VNQ,55,32,0
NN_v2,3,EQUAL_WEIGHT,2011-02-25,VGT,30,17,0
NN_v2,3,EQUAL_WEIGHT,2011-03-04,VAW,50,27,0
NN_v2,3,EQUAL_WEIGHT,2011-03-04,VIS,44,26,0
NN_v2,3,EQUAL_WEIGHT,2011-03-04,VNQ,56,32,0
NN_v2,3,EQUAL_WEIGHT,2011-03-11,VAW,51,28,1
NN_v2,3,EQUAL_WEIGHT,2011-03-11,VDE,60,32,3
NN_v2,3,EQUAL_WEIGHT,2011-03-11,VGT,31,17,0
NN_v2,3,EQUAL_WEIGHT,2011-03-18,VFH,88,34,0
NN_v2,3,EQUAL_WEIGHT,2011-03-18,VCR,44,20,1
NN_v2,3,EQUAL_WEIGHT,2011-03-18,VIS,45,27,1
NN_v2,3,EQUAL_WEIGHT,2011-03-25,VAW,52,29,2
NN_v2,3,EQUAL_WEIGHT,2011-03-25,VHT,33,19,2
NN_v2,3,EQUAL_WEIGHT,2011-03-25,VCR,45,21,2
NN_v2,3,EQUAL_WEIGHT,2011-04-01,VIS,46,27,0
NN_v2,3,EQUAL_WEIGHT,2011-04-01,VAW,53,29,0
NN_v2,3,EQUAL_WEIGHT,2011-04-01,VOX,49,24,0
NN_v2,3,EQUAL_WEIGHT,2011-04-08,VAW,54,29,0
NN_v2,3,EQUAL_WEIGHT,2011-04-08,VHT,34,20,3
NN_v2,3,EQUAL_WEIGHT,2011-04-08,VDC,14,8,1
NN_v2,3,EQUAL_WEIGHT,2011-04-15,VDE,61,33,4
NN_v2,3,EQUAL_WEIGHT,2011-04-15,VAW,55,30,1
NN_v2,3,EQUAL_WEIGHT,2011-04-15,VFH,89,35,1
NN_v2,3,EQUAL_WEIGHT,2011-04-22,VAW,56,31,2
NN_v2,3,EQUAL_WEIGHT,2011-04-22,VNQ,57,33,1
NN_v2,3,EQUAL_WEIGHT,2011-04-22,VDE,62,34,5
NN_v2,3,EQUAL_WEIGHT,2011-04-29,VNQ,58,33,0
NN_v2,3,EQUAL_WEIGHT,2011-04-29,VDE,63,34,0
NN_v2,3,EQUAL_WEIGHT,2011-04-29,VOX,50,24,0
NN_v2,3,EQUAL_WEIGHT,2011-05-06,VDE,64,34,0
NN_v2,3,EQUAL_WEIGHT,2011-05-06,VAW,57,31,0
NN_v2,3,EQUAL_WEIGHT,2011-05-06,VNQ,59,34,1
NN_v2,3,EQUAL_WEIGHT,2011-05-13,VDE,65,35,1
NN_v2,3,EQUAL_WEIGHT,2011-05-13,VAW,58,32,1
NN_v2,3,EQUAL_WEIGHT,2011-05-13,VIS,47,27,0
NN_v2,3,EQUAL_WEIGHT,2011-05-20,VDE,66,36,2
NN_v2,3,EQUAL_WEIGHT,2011-05-20,VAW,59,33,2
NN_v2,3,EQUAL_WEIGHT,2011-05-20,VGT,32,18,1
NN_v2,3,EQUAL_WEIGHT,2011-05-27,VGT,33,18,0
NN_v2,3,EQUAL_WEIGHT,2011-05-27,VDE,67,36,0
NN_v2,3,EQUAL_WEIGHT,2011-05-27,VAW,60,33,0
NN_v2,3,EQUAL_WEIGHT,2011-06-03,VDE,68,36,0
NN_v2,3,EQUAL_WEIGHT,2011-06-03,VHT,35,20,0
NN_v2,3,EQUAL_WEIGHT,2011-06-03,VGT,34,18,0
NN_v2,3,EQUAL_WEIGHT,2011-06-10,VPU,37,17,2
NN_v2,3,EQUAL_WEIGHT,2011-06-10,VHT,36,21,1
NN_v2,3,EQUAL_WEIGHT,2011-06-10,VDC,15,9,2
NN_v2,3,EQUAL_WEIGHT,2011-06-17,VDE,69,36,0
NN_v2,3,EQUAL_WEIGHT,2011-06-17,VAW,61,34,1
NN_v2,3,EQUAL_WEIGHT,2011-06-17,VGT,35,19,1
NN_v2,3,EQUAL_WEIGHT,2011-06-24,VDE,70,37,1
NN_v2,3,EQUAL_WEIGHT,2011-06-24,VIS,48,28,1
NN_v2,3,EQUAL_WEIGHT,2011-06-24,VOX,51,25,1
NN_v2,3,EQUAL_WEIGHT,2011-07-01,VDE,71,38,2
NN_v2,3,EQUAL_WEIGHT,2011-07-01,VAW,62,35,2
NN_v2,3,EQUAL_WEIGHT,2011-07-01,VOX,52,26,2
NN_v2,3,EQUAL_WEIGHT,2011-07-08,VDE,72,39,3
NN_v2,3,EQUAL_WEIGHT,2011-07-08,VAW,63,35,0
NN_v2,3,EQUAL_WEIGHT,2011-07-08,VNQ,60,34,0
NN_v2,3,EQUAL_WEIGHT,2011-07-15,VAW,64,36,1
NN_v2,3,EQUAL_WEIGHT,2011-07-15,VNQ,61,35,1
NN_v2,3,EQUAL_WEIGHT,2011-07-15,VGT,36,20,2
NN_v2,3,EQUAL_WEIGHT,2011-07-22,VCR,46,21,0
NN_v2,3,EQUAL_WEIGHT,2011-07-22,VNQ,62,35,0
NN_v2,3,EQUAL_WEIGHT,2011-07-22,VAW,65,36,0
NN_v2,3,EQUAL_WEIGHT,2011-07-29,VDC,16,9,0
NN_v2,3,EQUAL_WEIGHT,2011-07-29,VPU,38,17,0
NN_v2,3,EQUAL_WEIGHT,2011-07-29,VNQ,63,35,0
NN_v2,3,EQUAL_WEIGHT,2011-08-05,VPU,39,18,1
NN_v2,3,EQUAL_WEIGHT,2011-08-05,VOX,53,27,3
NN_v2,3,EQUAL_WEIGHT,2011-08-05,VDE,73,40,4
NN_v2,3,EQUAL_WEIGHT,2011-08-12,VOX,54,27,0
NN_v2,3,EQUAL_WEIGHT,2011-08-12,VDC,17,9,0
NN_v2,3,EQUAL_WEIGHT,2011-08-12,VHT,37,21,0
NN_v2,3,EQUAL_WEIGHT,2011-08-19,VGT,37,21,3
NN_v2,3,EQUAL_WEIGHT,2011-08-19,VCR,47,22,1
NN_v2,3,EQUAL_WEIGHT,2011-08-19,VIS,49,29,2
NN_v2,3,EQUAL_WEIGHT,2011-08-26,VNQ,64,35,0
NN_v2,3,EQUAL_WEIGHT,2011-08-26,VGT,38,21,0
NN_v2,3,EQUAL_WEIGHT,2011-08-26,VCR,48,22,0
NN_v2,3,EQUAL_WEIGHT,2011-09-02,VCR,49,23,1
NN_v2,3,EQUAL_WEIGHT,2011-09-02,VNQ,65,36,1
NN_v2,3,EQUAL_WEIGHT,2011-09-02,VGT,39,22,1
NN_v2,3,EQUAL_WEIGHT,2011-09-09,VNQ,66,37,2
NN_v2,3,EQUAL_WEIGHT,2011-09-09,VGT,40,23,2
NN_v2,3,EQUAL_WEIGHT,2011-09-09,VCR,50,24,2
NN_v2,3,EQUAL_WEIGHT,2011-09-16,VAW,66,36,0
NN_v2,3,EQUAL_WEIGHT,2011-09-16,VDE,74,40,0
NN_v2,3,EQUAL_WEIGHT,2011-09-16,VCR,51,24,0
NN_v2,3,EQUAL_WEIGHT,2011-09-23,VGT,41,23,0
NN_v2,3,EQUAL_WEIGHT,2011-09-23,VCR,52,24,0
NN_v2,3,EQUAL_WEIGHT,2011-09-23,VHT,38,21,0
NN_v2,3,EQUAL_WEIGHT,2011-09-30,VGT,42,24,1
NN_v2,3,EQUAL_WEIGHT,2011-09-30,VHT,39,22,1
NN_v2,3,EQUAL_WEIGHT,2011-09-30,VCR,53,25,1
NN_v2,3,EQUAL_WEIGHT,2011-10-07,VOX,55,28,1
NN_v2,3,EQUAL_WEIGHT,2011-10-07,VIS,50,30,3
NN_v2,3,EQUAL_WEIGHT,2011-10-07,VHT,40,23,2
NN_v2,3,EQUAL_WEIGHT,2011-10-14,VIS,51,31,4
NN_v2,3,EQUAL_WEIGHT,2011-10-14,VAW,67,37,1
NN_v2,3,EQUAL_WEIGHT,2011-10-14,VDE,75,41,1
NN_v2,3,EQUAL_WEIGHT,2011-10-21,VDE,76,42,2
NN_v2,3,EQUAL_WEIGHT,2011-10-21,VIS,52,32,5
NN_v2,3,EQUAL_WEIGHT,2011-10-21,VAW,68,38,2
NN_v2,3,EQUAL_WEIGHT,2011-10-28,VCR,54,25,0
NN_v2,3,EQUAL_WEIGHT,2011-10-28,VIS,53,32,0
NN_v2,3,EQUAL_WEIGHT,2011-10-28,VGT,43,24,0
NN_v2,3,EQUAL_WEIGHT,2011-11-04,VGT,44,25,1
NN_v2,3,EQUAL_WEIGHT,2011-11-04,VNQ,67,37,0
NN_v2,3,EQUAL_WEIGHT,2011-11-04,VDE,77,43,3
NN_v2,3,EQUAL_WEIGHT,2011-11-11,VDE,78,43,0
NN_v2,3,EQUAL_WEIGHT,2011-11-11,VAW,69,38,0
NN_v2,3,EQUAL_WEIGHT,2011-11-11,VIS,54,32,0
NN_v2,3,EQUAL_WEIGHT,2011-11-18,VGT,45,25,0
NN_v2,3,EQUAL_WEIGHT,2011-11-18,VPU,40,18,0
NN_v2,3,EQUAL_WEIGHT,2011-11-18,VIS,55,32,0
NN_v2,3,EQUAL_WEIGHT,2011-11-25,VIS,56,33,1
NN_v2,3,EQUAL_WEIGHT,2011-11-25,VDE,79,44,1
NN_v2,3,EQUAL_WEIGHT,2011-11-25,VNQ,68,38,1
NN_v2,3,EQUAL_WEIGHT,2011-12-02,VDE,80,44,0
NN_v2,3,EQUAL_WEIGHT,2011-12-02,VNQ,69,39,2
NN_v2,3,EQUAL_WEIGHT,2011-12-02,VAW,70,38,0
NN_v2,3,EQUAL_WEIGHT,2011-12-09,VDE,81,44,0
NN_v2,3,EQUAL_WEIGHT,2011-12-09,VIS,57,33,0
NN_v2,3,EQUAL_WEIGHT,2011-12-09,VNQ,70,40,3
NN_v2,3,EQUAL_WEIGHT,2011-12-16,VNQ,71,41,4
NN_v2,3,EQUAL_WEIGHT,2011-12-16,VIS,58,34,1
NN_v2,3,EQUAL_WEIGHT,2011-12-16,VHT,41,24,3
NN_v2,3,EQUAL_WEIGHT,2011-12-23,VDE,82,44,0
NN_v2,3,EQUAL_WEIGHT,2011-12-23,VIS,59,34,0
NN_v2,3,EQUAL_WEIGHT,2011-12-23,VNQ,72,41,0
NN_v2,3,EQUAL_WEIGHT,2011-12-30,VNQ,73,41,0
NN_v2,3,EQUAL_WEIGHT,2011-12-30,VDE,83,44,0
NN_v2,3,EQUAL_WEIGHT,2011-12-30,VIS,60,35,1
NN_v2,3,EQUAL_WEIGHT,2012-01-06,VFH,90,36,2
NN_v2,3,EQUAL_WEIGHT,2012-01-06,VDE,84,44,0
NN_v2,3,EQUAL_WEIGHT,2012-01-06,VAW,71,39,1
NN_v2,3,EQUAL_WEIGHT,2012-01-13,VDE,85,45,1
NN_v2,3,EQUAL_WEIGHT,2012-01-13,VAW,72,40,2
NN_v2,3,EQUAL_WEIGHT,2012-01-13,VCR,55,26,1
NN_v2,3,EQUAL_WEIGHT,2012-01-20,VAW,73,41,3
NN_v2,3,EQUAL_WEIGHT,2012-01-20,VFH,91,37,3
NN_v2,3,EQUAL_WEIGHT,2012-01-20,VDE,86,45,0
NN_v2,3,EQUAL_WEIGHT,2012-01-27,VFH,92,38,4
NN_v2,3,EQUAL_WEIGHT,2012-01-27,VAW,74,42,4
NN_v2,3,EQUAL_WEIGHT,2012-01-27,VDE,87,46,1
NN_v2,3,EQUAL_WEIGHT,2012-02-03,VAW,75,42,0
NN_v2,3,EQUAL_WEIGHT,2012-02-03,VDE,88,47,2
NN_v2,3,EQUAL_WEIGHT,2012-02-03,VFH,93,38,0
NN_v2,3,EQUAL_WEIGHT,2012-02-10,VDE,89,48,3
NN_v2,3,EQUAL_WEIGHT,2012-02-10,VAW,76,43,1
NN_v2,3,EQUAL_WEIGHT,2012-02-10,VFH,94,39,1
NN_v2,3,EQUAL_WEIGHT,2012-02-17,VDE,90,49,4
NN_v2,3,EQUAL_WEIGHT,2012-02-17,VAW,77,43,0
NN_v2,3,EQUAL_WEIGHT,2012-02-17,VFH,95,39,0
NN_v2,3,EQUAL_WEIGHT,2012-02-24,VAW,78,43,0
NN_v2,3,EQUAL_WEIGHT,2012-02-24,VFH,96,40,1
NN_v2,3,EQUAL_WEIGHT,2012-02-24,VDE,91,49,0
NN_v2,3,EQUAL_WEIGHT,2012-03-02,VDE,92,49,0
NN_v2,3,EQUAL_WEIGHT,2012-03-02,VFH,97,41,2
NN_v2,3,EQUAL_WEIGHT,2012-03-02,VAW,79,43,0
NN_v2,3,EQUAL_WEIGHT,2012-03-09,VDE,93,50,1
NN_v2,3,EQUAL_WEIGHT,2012-03-09,VFH,98,42,3
NN_v2,3,EQUAL_WEIGHT,2012-03-09,VAW,80,44,1
NN_v2,3,EQUAL_WEIGHT,2012-03-16,VDE,94,50,0
NN_v2,3,EQUAL_WEIGHT,2012-03-16,VAW,81,44,0
NN_v2,3,EQUAL_WEIGHT,2012-03-16,VIS,61,35,0
NN_v2,3,EQUAL_WEIGHT,2012-03-23,VDE,95,50,0
NN_v2,3,EQUAL_WEIGHT,2012-03-23,VIS,62,35,0
NN_v2,3,EQUAL_WEIGHT,2012-03-23,VAW,82,44,0
NN_v2,3,EQUAL_WEIGHT,2012-03-30,VDE,96,50,0
NN_v2,3,EQUAL_WEIGHT,2012-03-30,VFH,99,42,0
NN_v2,3,EQUAL_WEIGHT,2012-03-30,VNQ,74,41,0
NN_v2,3,EQUAL_WEIGHT,2012-04-06,VFH,100,42,0
NN_v2,3,EQUAL_WEIGHT,2012-04-06,VDE,97,50,0
NN_v2,3,EQUAL_WEIGHT,2012-04-06,VNQ,75,42,1
NN_v2,3,EQUAL_WEIGHT,2012-04-13,VFH,101,42,0
NN_v2,3,EQUAL_WEIGHT,2012-04-13,VNQ,76,43,2
NN_v2,3,EQUAL_WEIGHT,2012-04-13,VHT,42,25,4
NN_v2,3,EQUAL_WEIGHT,2012-04-20,VFH,102,43,1
NN_v2,3,EQUAL_WEIGHT,2012-04-20,VOX,56,29,2
NN_v2,3,EQUAL_WEIGHT,2012-04-20,VGT,46,26,1
NN_v2,3,EQUAL_WEIGHT,2012-04-27,VFH,103,43,0
NN_v2,3,EQUAL_WEIGHT,2012-04-27,VDE,98,50,0
NN_v2,3,EQUAL_WEIGHT,2012-04-27,VCR,56,26,0
NN_v2,3,EQUAL_WEIGHT,2012-05-04,VFH,104,43,0
NN_v2,3,EQUAL_WEIGHT,2012-05-04,VCR,57,26,0
NN_v2,3,EQUAL_WEIGHT,2012-05-04,VDE,99,50,0
NN_v2,3,EQUAL_WEIGHT,2012-05-11,VFH,105,43,0
NN_v2,3,EQUAL_WEIGHT,2012-05-11,VDE,100,50,0
NN_v2,3,EQUAL_WEIGHT,2012-05-11,VIS,63,35,0
NN_v2,3,EQUAL_WEIGHT,2012-05-18,VNQ,77,44,3
NN_v2,3,EQUAL_WEIGHT,2012-05-18,VFH,106,44,1
NN_v2,3,EQUAL_WEIGHT,2012-05-18,VGT,47,27,2
NN_v2,3,EQUAL_WEIGHT,2012-05-25,VFH,107,44,0
NN_v2,3,EQUAL_WEIGHT,2012-05-25,VDE,101,50,0
NN_v2,3,EQUAL_WEIGHT,2012-05-25,VGT,48,27,0
NN_v2,3,EQUAL_WEIGHT,2012-06-01,VFH,108,45,1
NN_v2,3,EQUAL_WEIGHT,2012-06-01,VCR,58,27,1
NN_v2,3,EQUAL_WEIGHT,2012-06-01,VIS,64,36,1
NN_v2,3,EQUAL_WEIGHT,2012-06-08,VAW,83,44,0
NN_v2,3,EQUAL_WEIGHT,2012-06-08,VDE,102,51,1
NN_v2,3,EQUAL_WEIGHT,2012-06-08,VGT,49,27,0
NN_v2,3,EQUAL_WEIGHT,2012-06-15,VAW,84,45,1
NN_v2,3,EQUAL_WEIGHT,2012-06-15,VFH,109,46,2
NN_v2,3,EQUAL_WEIGHT,2012-06-15,VDE,103,51,0
NN_v2,3,EQUAL_WEIGHT,2012-06-22,VFH,110,47,3
NN_v2,3,EQUAL_WEIGHT,2012-06-22,VAW,85,46,2
NN_v2,3,EQUAL_WEIGHT,2012-06-22,VCR,59,28,2
NN_v2,3,EQUAL_WEIGHT,2012-06-29,VFH,111,47,0
NN_v2,3,EQUAL_WEIGHT,2012-06-29,VDE,104,51,0
NN_v2,3,EQUAL_WEIGHT,2012-06-29,VAW,86,47,3
NN_v2,3,EQUAL_WEIGHT,2012-07-06,VFH,112,48,1
NN_v2,3,EQUAL_WEIGHT,2012-07-06,VDE,105,52,1
NN_v2,3,EQUAL_WEIGHT,2012-07-06,VAW,87,47,0
NN_v2,3,EQUAL_WEIGHT,2012-07-13,VDE,106,53,2
NN_v2,3,EQUAL_WEIGHT,2012-07-13,VAW,88,48,1
NN_v2,3,EQUAL_WEIGHT,2012-07-13,VFH,113,48,0
NN_v2,3,EQUAL_WEIGHT,2012-07-20,VAW,89,49,2
NN_v2,3,EQUAL_WEIGHT,2012-07-20,VDE,107,54,3
NN_v2,3,EQUAL_WEIGHT,2012-07-20,VFH,114,49,1
NN_v2,3,EQUAL_WEIGHT,2012-07-27,VDE,108,55,4
NN_v2,3,EQUAL_WEIGHT,2012-07-27,VFH,115,50,2
NN_v2,3,EQUAL_WEIGHT,2012-07-27,VIS,65,37,2
NN_v2,3,EQUAL_WEIGHT,2012-08-03,VDE,109,56,5
NN_v2,3,EQUAL_WEIGHT,2012-08-03,VFH,116,51,3
NN_v2,3,EQUAL_WEIGHT,2012-08-03,VGT,50,28,1
NN_v2,3,EQUAL_WEIGHT,2012-08-10,VDE,110,57,6
NN_v2,3,EQUAL_WEIGHT,2012-08-10,VAW,90,50,3
NN_v2,3,EQUAL_WEIGHT,2012-08-10,VFH,117,52,4
NN_v2,3,EQUAL_WEIGHT,2012-08-17,VDE,111,57,0
NN_v2,3,EQUAL_WEIGHT,2012-08-17,VFH,118,53,5
NN_v2,3,EQUAL_WEIGHT,2012-08-17,VAW,91,50,0
NN_v2,3,EQUAL_WEIGHT,2012-08-24,VDE,112,57,0
NN_v2,3,EQUAL_WEIGHT,2012-08-24,VAW,92,50,0
NN_v2,3,EQUAL_WEIGHT,2012-08-24,VGT,51,28,0
NN_v2,3,EQUAL_WEIGHT,2012-08-31,VDE,113,58,1
NN_v2,3,EQUAL_WEIGHT,2012-08-31,VGT,52,29,1
NN_v2,3,EQUAL_WEIGHT,2012-08-31,VFH,119,54,6
NN_v2,3,EQUAL_WEIGHT,2012-09-07,VDE,114,59,2
NN_v2,3,EQUAL_WEIGHT,2012-09-07,VCR,60,29,3
NN_v2,3,EQUAL_WEIGHT,2012-09-07,VGT,53,30,2
NN_v2,3,EQUAL_WEIGHT,2012-09-14,VAW,93,50,0
NN_v2,3,EQUAL_WEIGHT,2012-09-14,VFH,120,54,0
NN_v2,3,EQUAL_WEIGHT,2012-09-14,VDE,115,59,0
NN_v2,3,EQUAL_WEIGHT,2012-09-21,VAW,94,50,0
NN_v2,3,EQUAL_WEIGHT,2012-09-21,VFH,121,54,0
NN_v2,3,EQUAL_WEIGHT,2012-09-21,VDE,116,59,0
NN_v2,3,EQUAL_WEIGHT,2012-09-28,VFH,122,55,1
NN_v2,3,EQUAL_WEIGHT,2012-09-28,VAW,95,51,1
NN_v2,3,EQUAL_WEIGHT,2012-09-28,VDE,117,59,0
NN_v2,3,EQUAL_WEIGHT,2012-10-05,VCR,61,29,0
NN_v2,3,EQUAL_WEIGHT,2012-10-05,VDE,118,59,0
NN_v2,3,EQUAL_WEIGHT,2012-10-05,VAW,96,51,0
NN_v2,3,EQUAL_WEIGHT,2012-10-12,VAW,97,52,1
NN_v2,3,EQUAL_WEIGHT,2012-10-12,VDE,119,60,1
NN_v2,3,EQUAL_WEIGHT,2012-10-12,VFH,123,56,2
NN_v2,3,EQUAL_WEIGHT,2012-10-19,VAW,98,52,0
NN_v2,3,EQUAL_WEIGHT,2012-10-19,VDE,120,60,0
NN_v2,3,EQUAL_WEIGHT,2012-10-19,VFH,124,56,0
NN_v2,3,EQUAL_WEIGHT,2012-10-26,VAW,99,52,0
NN_v2,3,EQUAL_WEIGHT,2012-10-26,VDE,121,60,0
NN_v2,3,EQUAL_WEIGHT,2012-10-26,VOX,57,29,0
NN_v2,3,EQUAL_WEIGHT,2012-11-02,VAW,100,52,0
NN_v2,3,EQUAL_WEIGHT,2012-11-02,VDE,122,60,0
NN_v2,3,EQUAL_WEIGHT,2012-11-02,VFH,125,56,0
NN_v2,3,EQUAL_WEIGHT,2012-11-09,VFH,126,56,0
NN_v2,3,EQUAL_WEIGHT,2012-11-09,VDE,123,60,0
NN_v2,3,EQUAL_WEIGHT,2012-11-09,VAW,101,52,0
NN_v2,3,EQUAL_WEIGHT,2012-11-16,VFH,127,57,1
NN_v2,3,EQUAL_WEIGHT,2012-11-16,VAW,102,53,1
NN_v2,3,EQUAL_WEIGHT,2012-11-16,VDE,124,61,1
NN_v2,3,EQUAL_WEIGHT,2012-11-23,VAW,103,54,2
NN_v2,3,EQUAL_WEIGHT,2012-11-23,VDE,125,62,2
NN_v2,3,EQUAL_WEIGHT,2012-11-23,VNQ,78,45,4
NN_v2,3,EQUAL_WEIGHT,2012-11-30,VDE,126,63,3
NN_v2,3,EQUAL_WEIGHT,2012-11-30,VAW,104,54,0
NN_v2,3,EQUAL_WEIGHT,2012-11-30,VGT,54,30,0
NN_v2,3,EQUAL_WEIGHT,2012-12-07,VOX,58,30,1
NN_v2,3,EQUAL_WEIGHT,2012-12-07,VGT,55,30,0
NN_v2,3,EQUAL_WEIGHT,2012-12-07,VDE,127,63,0
NN_v2,3,EQUAL_WEIGHT,2012-12-14,VGT,56,31,1
NN_v2,3,EQUAL_WEIGHT,2012-12-14,VAW,105,54,0
NN_v2,3,EQUAL_WEIGHT,2012-12-14,VFH,128,58,2
NN_v2,3,EQUAL_WEIGHT,2012-12-21,VPU,41,18,0
NN_v2,3,EQUAL_WEIGHT,2012-12-21,VGT,57,31,0
NN_v2,3,EQUAL_WEIGHT,2012-12-21,VOX,59,30,0
NN_v2,3,EQUAL_WEIGHT,2012-12-28,VDE,128,64,1
NN_v2,3,EQUAL_WEIGHT,2012-12-28,VNQ,79,46,5
NN_v2,3,EQUAL_WEIGHT,2012-12-28,VFH,129,59,3
NN_v2,3,EQUAL_WEIGHT,2013-01-04,VOX,60,30,0
NN_v2,3,EQUAL_WEIGHT,2013-01-04,VFH,130,60,4
NN_v2,3,EQUAL_WEIGHT,2013-01-04,VIS,66,37,0
NN_v2,3,EQUAL_WEIGHT,2013-01-11,VIS,67,38,1
NN_v2,3,EQUAL_WEIGHT,2013-01-11,VFH,131,61,5
NN_v2,3,EQUAL_WEIGHT,2013-01-11,VGT,58,32,1
NN_v2,3,EQUAL_WEIGHT,2013-01-18,VIS,68,39,2
NN_v2,3,EQUAL_WEIGHT,2013-01-18,VAW,106,55,1
NN_v2,3,EQUAL_WEIGHT,2013-01-18,VOX,61,31,1
NN_v2,3,EQUAL_WEIGHT,2013-01-25,VIS,69,39,0
NN_v2,3,EQUAL_WEIGHT,2013-01-25,VDE,129,65,2
NN_v2,3,EQUAL_WEIGHT,2013-01-25,VAW,107,55,0
NN_v2,3,EQUAL_WEIGHT,2013-02-01,VDE,130,66,3
NN_v2,3,EQUAL_WEIGHT,2013-02-01,VAW,108,56,1
NN_v2,3,EQUAL_WEIGHT,2013-02-01,VFH,132,62,6
NN_v2,3,EQUAL_WEIGHT,2013-02-08,VDE,131,66,0
NN_v2,3,EQUAL_WEIGHT,2013-02-08,VIS,70,40,1
NN_v2,3,EQUAL_WEIGHT,2013-02-08,VFH,133,63,7
NN_v2,3,EQUAL_WEIGHT,2013-02-15,VFH,134,63,0
NN_v2,3,EQUAL_WEIGHT,2013-02-15,VIS,71,40,0
NN_v2,3,EQUAL_WEIGHT,2013-02-15,VDE,132,66,0
NN_v2,3,EQUAL_WEIGHT,2013-02-22,VDE,133,66,0
NN_v2,3,EQUAL_WEIGHT,2013-02-22,VFH,135,63,0
NN_v2,3,EQUAL_WEIGHT,2013-02-22,VIS,72,40,0
NN_v2,3,EQUAL_WEIGHT,2013-03-01,VIS,73,41,1
NN_v2,3,EQUAL_WEIGHT,2013-03-01,VHT,43,26,5
NN_v2,3,EQUAL_WEIGHT,2013-03-01,VDE,134,67,1
NN_v2,3,EQUAL_WEIGHT,2013-03-08,VCR,62,30,1
NN_v2,3,EQUAL_WEIGHT,2013-03-08,VIS,74,42,2
NN_v2,3,EQUAL_WEIGHT,2013-03-08,VFH,136,64,1
NN_v2,3,EQUAL_WEIGHT,2013-03-15,VFH,137,64,0
NN_v2,3,EQUAL_WEIGHT,2013-03-15,VIS,75,43,3
NN_v2,3,EQUAL_WEIGHT,2013-03-15,VCR,63,31,2
NN_v2,3,EQUAL_WEIGHT,2013-03-22,VFH,138,64,0
NN_v2,3,EQUAL_WEIGHT,2013-03-22,VHT,44,27,6
NN_v2,3,EQUAL_WEIGHT,2013-03-22,VIS,76,43,0
NN_v2,3,EQUAL_WEIGHT,2013-03-29,VCR,64,31,0
NN_v2,3,EQUAL_WEIGHT,2013-03-29,VPU,42,19,1
NN_v2,3,EQUAL_WEIGHT,2013-03-29,VDC,18,9,0
NN_v2,3,EQUAL_WEIGHT,2013-04-05,VAW,109,57,2
NN_v2,3,EQUAL_WEIGHT,2013-04-05,VIS,77,44,1
NN_v2,3,EQUAL_WEIGHT,2013-04-05,VFH,139,65,1
NN_v2,3,EQUAL_WEIGHT,2013-04-12,VAW,110,57,0
NN_v2,3,EQUAL_WEIGHT,2013-04-12,VFH,140,65,0
NN_v2,3,EQUAL_WEIGHT,2013-04-12,VCR,65,31,0
NN_v2,3,EQUAL_WEIGHT,2013-04-19,VIS,78,45,2
NN_v2,3,EQUAL_WEIGHT,2013-04-19,VAW,111,58,1
NN_v2,3,EQUAL_WEIGHT,2013-04-19,VGT,59,33,2
NN_v2,3,EQUAL_WEIGHT,2013-04-26,VIS,79,46,3
NN_v2,3,EQUAL_WEIGHT,2013-04-26,VAW,112,59,2
NN_v2,3,EQUAL_WEIGHT,2013-04-26,VDE,135,68,2
NN_v2,3,EQUAL_WEIGHT,2013-05-03,VAW,113,60,3
NN_v2,3,EQUAL_WEIGHT,2013-05-03,VDE,136,69,3
NN_v2,3,EQUAL_WEIGHT,2013-05-03,VCR,66,32,1
NN_v2,3,EQUAL_WEIGHT,2013-05-10,VCR,67,33,2
NN_v2,3,EQUAL_WEIGHT,2013-05-10,VGT,60,34,3
NN_v2,3,EQUAL_WEIGHT,2013-05-10,VPU,43,20,2
NN_v2,3,EQUAL_WEIGHT,2013-05-17,VOX,62,31,0
NN_v2,3,EQUAL_WEIGHT,2013-05-17,VGT,61,34,0
NN_v2,3,EQUAL_WEIGHT,2013-05-17,VNQ,80,46,0
NN_v2,3,EQUAL_WEIGHT,2013-05-24,VOX,63,31,0
NN_v2,3,EQUAL_WEIGHT,2013-05-24,VNQ,81,46,0
NN_v2,3,EQUAL_WEIGHT,2013-05-24,VCR,68,33,0
NN_v2,3,EQUAL_WEIGHT,2013-05-31,VOX,64,32,1
NN_v2,3,EQUAL_WEIGHT,2013-05-31,VCR,69,34,1
NN_v2,3,EQUAL_WEIGHT,2013-05-31,VGT,62,34,0
NN_v2,3,EQUAL_WEIGHT,2013-06-07,VNQ,82,46,0
NN_v2,3,EQUAL_WEIGHT,2013-06-07,VGT,63,34,0
NN_v2,3,EQUAL_WEIGHT,2013-06-07,VIS,80,46,0
NN_v2,3,EQUAL_WEIGHT,2013-06-14,VCR,70,34,0
NN_v2,3,EQUAL_WEIGHT,2013-06-14,VNQ,83,46,0
NN_v2,3,EQUAL_WEIGHT,2013-06-14,VGT,64,34,0
NN_v2,3,EQUAL_WEIGHT,2013-06-21,VGT,65,35,1
NN_v2,3,EQUAL_WEIGHT,2013-06-21,VIS,81,47,1
NN_v2,3,EQUAL_WEIGHT,2013-06-21,VOX,65,33,2
NN_v2,3,EQUAL_WEIGHT,2013-06-28,VIS,82,48,2
NN_v2,3,EQUAL_WEIGHT,2013-06-28,VAW,114,61,4
NN_v2,3,EQUAL_WEIGHT,2013-06-28,VFH,141,66,1
NN_v2,3,EQUAL_WEIGHT,2013-07-05,VNQ,84,47,1
NN_v2,3,EQUAL_WEIGHT,2013-07-05,VPU,44,21,3
NN_v2,3,EQUAL_WEIGHT,2013-07-05,VFH,142,67,2
NN_v2,3,EQUAL_WEIGHT,2013-07-12,VNQ,85,48,2
NN_v2,3,EQUAL_WEIGHT,2013-07-12,VPU,45,22,4
NN_v2,3,EQUAL_WEIGHT,2013-07-12,VOX,66,34,3
NN_v2,3,EQUAL_WEIGHT,2013-07-19,VNQ,86,48,0
NN_v2,3,EQUAL_WEIGHT,2013-07-19,VPU,46,22,0
NN_v2,3,EQUAL_WEIGHT,2013-07-19,VCR,71,34,0
NN_v2,3,EQUAL_WEIGHT,2013-07-26,VNQ,87,48,0
NN_v2,3,EQUAL_WEIGHT,2013-07-26,VOX,67,34,0
NN_v2,3,EQUAL_WEIGHT,2013-07-26,VPU,47,23,1
NN_v2,3,EQUAL_WEIGHT,2013-08-02,VNQ,88,49,1
NN_v2,3,EQUAL_WEIGHT,2013-08-02,VPU,48,23,0
NN_v2,3,EQUAL_WEIGHT,2013-08-02,VOX,68,34,0
NN_v2,3,EQUAL_WEIGHT,2013-08-09,VNQ,89,49,0
NN_v2,3,EQUAL_WEIGHT,2013-08-09,VIS,83,48,0
NN_v2,3,EQUAL_WEIGHT,2013-08-09,VCR,72,34,0
NN_v2,3,EQUAL_WEIGHT,2013-08-16,VIS,84,49,1
NN_v2,3,EQUAL_WEIGHT,2013-08-16,VNQ,90,50,1
NN_v2,3,EQUAL_WEIGHT,2013-08-16,VCR,73,35,1
NN_v2,3,EQUAL_WEIGHT,2013-08-23,VCR,74,35,0
NN_v2,3,EQUAL_WEIGHT,2013-08-23,VHT,45,27,0
NN_v2,3,EQUAL_WEIGHT,2013-08-23,VIS,85,49,0
NN_v2,3,EQUAL_WEIGHT,2013-08-30,VCR,75,36,1
NN_v2,3,EQUAL_WEIGHT,2013-08-30,VAW,115,62,5
NN_v2,3,EQUAL_WEIGHT,2013-08-30,VPU,49,23,0
NN_v2,3,EQUAL_WEIGHT,2013-09-06,VNQ,91,51,2
NN_v2,3,EQUAL_WEIGHT,2013-09-06,VPU,50,24,1
NN_v2,3,EQUAL_WEIGHT,2013-09-06,VOX,69,35,1
NN_v2,3,EQUAL_WEIGHT,2013-09-13,VNQ,92,52,3
NN_v2,3,EQUAL_WEIGHT,2013-09-13,VCR,76,37,2
NN_v2,3,EQUAL_WEIGHT,2013-09-13,VIS,86,50,1
NN_v2,3,EQUAL_WEIGHT,2013-09-20,VNQ,93,52,0
NN_v2,3,EQUAL_WEIGHT,2013-09-20,VIS,87,50,0
NN_v2,3,EQUAL_WEIGHT,2013-09-20,VOX,70,36,2
NN_v2,3,EQUAL_WEIGHT,2013-09-27,VNQ,94,52,0
NN_v2,3,EQUAL_WEIGHT,2013-09-27,VGT,66,36,2
NN_v2,3,EQUAL_WEIGHT,2013-09-27,VIS,88,51,1
NN_v2,3,EQUAL_WEIGHT,2013-10-04,VOX,71,37,3
NN_v2,3,EQUAL_WEIGHT,2013-10-04,VNQ,95,53,1
NN_v2,3,EQUAL_WEIGHT,2013-10-04,VAW,116,63,6
NN_v2,3,EQUAL_WEIGHT,2013-10-11,VNQ,96,54,2
NN_v2,3,EQUAL_WEIGHT,2013-10-11,VIS,89,52,2
NN_v2,3,EQUAL_WEIGHT,2013-10-11,VAW,117,64,7
NN_v2,3,EQUAL_WEIGHT,2013-10-18,VNQ,97,55,3
NN_v2,3,EQUAL_WEIGHT,2013-10-18,VOX,72,38,4
NN_v2,3,EQUAL_WEIGHT,2013-10-18,VPU,51,25,2
NN_v2,3,EQUAL_WEIGHT,2013-10-25,VNQ,98,55,0
NN_v2,3,EQUAL_WEIGHT,2013-10-25,VIS,90,53,3
NN_v2,3,EQUAL_WEIGHT,2013-10-25,VOX,73,38,0
NN_v2,3,EQUAL_WEIGHT,2013-11-01,VNQ,99,55,0
NN_v2,3,EQUAL_WEIGHT,2013-11-01,VOX,74,38,0
NN_v2,3,EQUAL_WEIGHT,2013-11-01,VIS,91,53,0
NN_v2,3,EQUAL_WEIGHT,2013-11-08,VNQ,100,56,1
NN_v2,3,EQUAL_WEIGHT,2013-11-08,VIS,92,54,1
NN_v2,3,EQUAL_WEIGHT,2013-11-08,VOX,75,38,0
NN_v2,3,EQUAL_WEIGHT,2013-11-15,VIS,93,55,2
NN_v2,3,EQUAL_WEIGHT,2013-11-15,VNQ,101,56,0
NN_v2,3,EQUAL_WEIGHT,2013-11-15,VCR,77,37,0
NN_v2,3,EQUAL_WEIGHT,2013-11-22,VNQ,102,56,0
NN_v2,3,EQUAL_WEIGHT,2013-11-22,VIS,94,56,3
NN_v2,3,EQUAL_WEIGHT,2013-11-22,VDC,19,9,0
NN_v2,3,EQUAL_WEIGHT,2013-11-29,VNQ,103,57,1
NN_v2,3,EQUAL_WEIGHT,2013-11-29,VIS,95,56,0
NN_v2,3,EQUAL_WEIGHT,2013-11-29,VPU,52,26,3
NN_v2,3,EQUAL_WEIGHT,2013-12-06,VNQ,104,57,0
NN_v2,3,EQUAL_WEIGHT,2013-12-06,VCR,78,37,0
NN_v2,3,EQUAL_WEIGHT,2013-12-06,VGT,67,36,0
NN_v2,3,EQUAL_WEIGHT,2013-12-13,VCR,79,38,1
NN_v2,3,EQUAL_WEIGHT,2013-12-13,VNQ,105,58,1
NN_v2,3,EQUAL_WEIGHT,2013-12-13,VIS,96,57,1
NN_v2,3,EQUAL_WEIGHT,2013-12-20,VNQ,106,58,0
NN_v2,3,EQUAL_WEIGHT,2013-12-20,VGT,68,37,1
NN_v2,3,EQUAL_WEIGHT,2013-12-20,VHT,46,28,1
NN_v2,3,EQUAL_WEIGHT,2013-12-27,VNQ,107,59,1
NN_v2,3,EQUAL_WEIGHT,2013-12-27,VGT,69,37,0
NN_v2,3,EQUAL_WEIGHT,2013-12-27,VIS,97,57,0
NN_v2,3,EQUAL_WEIGHT,2014-01-03,VOX,76,38,0
NN_v2,3,EQUAL_WEIGHT,2014-01-03,VDE,137,69,0
NN_v2,3,EQUAL_WEIGHT,2014-01-03,VAW,118,64,0
NN_v2,3,EQUAL_WEIGHT,2014-01-10,VNQ,108,60,2
NN_v2,3,EQUAL_WEIGHT,2014-01-10,VOX,77,39,1
NN_v2,3,EQUAL_WEIGHT,2014-01-10,VDE,138,69,0
NN_v2,3,EQUAL_WEIGHT,2014-01-17,VNQ,109,60,0
NN_v2,3,EQUAL_WEIGHT,2014-01-17,VOX,78,39,0
NN_v2,3,EQUAL_WEIGHT,2014-01-17,VCR,80,38,0
NN_v2,3,EQUAL_WEIGHT,2014-01-24,VIS,98,57,0
NN_v2,3,EQUAL_WEIGHT,2014-01-24,VAW,119,65,1
NN_v2,3,EQUAL_WEIGHT,2014-01-24,VFH,143,67,0
NN_v2,3,EQUAL_WEIGHT,2014-01-31,VIS,99,58,1
NN_v2,3,EQUAL_WEIGHT,2014-01-31,VFH,144,68,1
NN_v2,3,EQUAL_WEIGHT,2014-01-31,VAW,120,66,2
NN_v2,3,EQUAL_WEIGHT,2014-02-07,VFH,145,69,2
NN_v2,3,EQUAL_WEIGHT,2014-02-07,VIS,100,59,2
NN_v2,3,EQUAL_WEIGHT,2014-02-07,VOX,79,40,1
NN_v2,3,EQUAL_WEIGHT,2014-02-14,VDE,139,70,1
NN_v2,3,EQUAL_WEIGHT,2014-02-14,VOX,80,41,2
NN_v2,3,EQUAL_WEIGHT,2014-02-14,VCR,81,39,1
NN_v2,3,EQUAL_WEIGHT,2014-02-21,VCR,82,40,2
NN_v2,3,EQUAL_WEIGHT,2014-02-21,VIS,101,60,3
NN_v2,3,EQUAL_WEIGHT,2014-02-21,VDE,140,71,2
NN_v2,3,EQUAL_WEIGHT,2014-02-28,VDE,141,72,3
NN_v2,3,EQUAL_WEIGHT,2014-02-28,VAW,121,67,3
NN_v2,3,EQUAL_WEIGHT,2014-02-28,VCR,83,41,3
NN_v2,3,EQUAL_WEIGHT,2014-03-07,VPU,53,27,4
NN_v2,3,EQUAL_WEIGHT,2014-03-07,VDE,142,72,0
NN_v2,3,EQUAL_WEIGHT,2014-03-07,VCR,84,41,0
NN_v2,3,EQUAL_WEIGHT,2014-03-14,VCR,85,41,0
NN_v2,3,EQUAL_WEIGHT,2014-03-14,VAW,122,68,4
NN_v2,3,EQUAL_WEIGHT,2014-03-14,VFH,146,70,3
NN_v2,3,EQUAL_WEIGHT,2014-03-21,VCR,86,41,0
NN_v2,3,EQUAL_WEIGHT,2014-03-21,VIS,102,60,0
NN_v2,3,EQUAL_WEIGHT,2014-03-21,VHT,47,28,0
NN_v2,3,EQUAL_WEIGHT,2014-03-28,VAW,123,69,5
NN_v2,3,EQUAL_WEIGHT,2014-03-28,VFH,147,70,0
NN_v2,3,EQUAL_WEIGHT,2014-03-28,VHT,48,28,0
NN_v2,3,EQUAL_WEIGHT,2014-04-04,VAW,124,69,0
NN_v2,3,EQUAL_WEIGHT,2014-04-04,VFH,148,70,0
NN_v2,3,EQUAL_WEIGHT,2014-04-04,VHT,49,28,0
NN_v2,3,EQUAL_WEIGHT,2014-04-11,VAW,125,70,1
NN_v2,3,EQUAL_WEIGHT,2014-04-11,VIS,103,61,1
NN_v2,3,EQUAL_WEIGHT,2014-04-11,VFH,149,71,1
NN_v2,3,EQUAL_WEIGHT,2014-04-18,VFH,150,71,0
NN_v2,3,EQUAL_WEIGHT,2014-04-18,VAW,126,70,0
NN_v2,3,EQUAL_WEIGHT,2014-04-18,VCR,87,41,0
NN_v2,3,EQUAL_WEIGHT,2014-04-25,VIS,104,62,2
NN_v2,3,EQUAL_WEIGHT,2014-04-25,VFH,151,72,1
NN_v2,3,EQUAL_WEIGHT,2014-04-25,VAW,127,71,1
NN_v2,3,EQUAL_WEIGHT,2014-05-02,VAW,128,72,2
NN_v2,3,EQUAL_WEIGHT,2014-05-02,VGT,70,37,0
NN_v2,3,EQUAL_WEIGHT,2014-05-02,VIS,105,63,3
NN_v2,3,EQUAL_WEIGHT,2014-05-09,VIS,106,63,0
NN_v2,3,EQUAL_WEIGHT,2014-05-09,VAW,129,72,0
NN_v2,3,EQUAL_WEIGHT,2014-05-09,VFH,152,72,0
NN_v2,3,EQUAL_WEIGHT,2014-05-16,VAW,130,73,1
NN_v2,3,EQUAL_WEIGHT,2014-05-16,VHT,50,29,1
NN_v2,3,EQUAL_WEIGHT,2014-05-16,VGT,71,38,1
NN_v2,3,EQUAL_WEIGHT,2014-05-23,VOX,81,42,3
NN_v2,3,EQUAL_WEIGHT,2014-05-23,VHT,51,30,2
NN_v2,3,EQUAL_WEIGHT,2014-05-23,VAW,131,74,2
NN_v2,3,EQUAL_WEIGHT,2014-05-30,VOX,82,42,0
NN_v2,3,EQUAL_WEIGHT,2014-05-30,VHT,52,31,3
NN_v2,3,EQUAL_WEIGHT,2014-05-30,VGT,72,39,2
NN_v2,3,EQUAL_WEIGHT,2014-06-06,VOX,83,42,0
NN_v2,3,EQUAL_WEIGHT,2014-06-06,VCR,88,41,0
NN_v2,3,EQUAL_WEIGHT,2014-06-06,VHT,53,31,0
NN_v2,3,EQUAL_WEIGHT,2014-06-13,VFH,153,73,1
NN_v2,3,EQUAL_WEIGHT,2014-06-13,VAW,132,75,3
NN_v2,3,EQUAL_WEIGHT,2014-06-13,VCR,89,42,1
NN_v2,3,EQUAL_WEIGHT,2014-06-20,VFH,154,73,0
NN_v2,3,EQUAL_WEIGHT,2014-06-20,VIS,107,63,0
NN_v2,3,EQUAL_WEIGHT,2014-06-20,VNQ,110,60,0
NN_v2,3,EQUAL_WEIGHT,2014-06-27,VNQ,111,60,0
NN_v2,3,EQUAL_WEIGHT,2014-06-27,VAW,133,76,4
NN_v2,3,EQUAL_WEIGHT,2014-06-27,VIS,108,64,1
NN_v2,3,EQUAL_WEIGHT,2014-07-04,VPU,54,28,5
NN_v2,3,EQUAL_WEIGHT,2014-07-04,VOX,84,42,0
NN_v2,3,EQUAL_WEIGHT,2014-07-04,VCR,90,42,0
NN_v2,3,EQUAL_WEIGHT,2014-07-11,VCR,91,42,0
NN_v2,3,EQUAL_WEIGHT,2014-07-11,VHT,54,31,0
NN_v2,3,EQUAL_WEIGHT,2014-07-11,VAW,134,77,5
NN_v2,3,EQUAL_WEIGHT,2014-07-18,VCR,92,42,0
NN_v2,3,EQUAL_WEIGHT,2014-07-18,VHT,55,32,1
NN_v2,3,EQUAL_WEIGHT,2014-07-18,VOX,85,42,0
NN_v2,3,EQUAL_WEIGHT,2014-07-25,VHT,56,32,0
NN_v2,3,EQUAL_WEIGHT,2014-07-25,VOX,86,42,0
NN_v2,3,EQUAL_WEIGHT,2014-07-25,VCR,93,42,0
NN_v2,3,EQUAL_WEIGHT,2014-08-01,VAW,135,78,6
NN_v2,3,EQUAL_WEIGHT,2014-08-01,VCR,94,43,1
NN_v2,3,EQUAL_WEIGHT,2014-08-01,VDE,143,73,1
NN_v2,3,EQUAL_WEIGHT,2014-08-08,VDE,144,73,0
NN_v2,3,EQUAL_WEIGHT,2014-08-08,VFH,155,74,1
NN_v2,3,EQUAL_WEIGHT,2014-08-08,VAW,136,79,7
NN_v2,3,EQUAL_WEIGHT,2014-08-15,VFH,156,75,2
NN_v2,3,EQUAL_WEIGHT,2014-08-15,VDC,20,10,1
NN_v2,3,EQUAL_WEIGHT,2014-08-15,VAW,137,80,8
NN_v2,3,EQUAL_WEIGHT,2014-08-22,VIS,109,64,0
NN_v2,3,EQUAL_WEIGHT,2014-08-22,VCR,95,43,0
NN_v2,3,EQUAL_WEIGHT,2014-08-22,VDE,145,74,1
NN_v2,3,EQUAL_WEIGHT,2014-08-29,VDE,146,74,0
NN_v2,3,EQUAL_WEIGHT,2014-08-29,VFH,157,76,3
NN_v2,3,EQUAL_WEIGHT,2014-08-29,VCR,96,44,1
NN_v2,3,EQUAL_WEIGHT,2014-09-05,VIS,110,64,0
NN_v2,3,EQUAL_WEIGHT,2014-09-05,VFH,158,76,0
NN_v2,3,EQUAL_WEIGHT,2014-09-05,VCR,97,44,0
NN_v2,3,EQUAL_WEIGHT,2014-09-12,VCR,98,45,1
NN_v2,3,EQUAL_WEIGHT,2014-09-12,VFH,159,77,1
NN_v2,3,EQUAL_WEIGHT,2014-09-12,VIS,111,65,1
NN_v2,3,EQUAL_WEIGHT,2014-09-19,VPU,55,28,0
NN_v2,3,EQUAL_WEIGHT,2014-09-19,VNQ,112,60,0
NN_v2,3,EQUAL_WEIGHT,2014-09-19,VOX,87,42,0
NN_v2,3,EQUAL_WEIGHT,2014-09-26,VAW,138,80,0
NN_v2,3,EQUAL_WEIGHT,2014-09-26,VPU,56,29,1
NN_v2,3,EQUAL_WEIGHT,2014-09-26,VFH,160,78,2
NN_v2,3,EQUAL_WEIGHT,2014-10-03,VCR,99,45,0
NN_v2,3,EQUAL_WEIGHT,2014-10-03,VGT,73,39,0
NN_v2,3,EQUAL_WEIGHT,2014-10-03,VIS,112,65,0
NN_v2,3,EQUAL_WEIGHT,2014-10-10,VFH,161,78,0
NN_v2,3,EQUAL_WEIGHT,2014-10-10,VGT,74,39,0
NN_v2,3,EQUAL_WEIGHT,2014-10-10,VCR,100,45,0
NN_v2,3,EQUAL_WEIGHT,2014-10-17,VFH,162,79,1
NN_v2,3,EQUAL_WEIGHT,2014-10-17,VHT,57,33,1
NN_v2,3,EQUAL_WEIGHT,2014-10-17,VGT,75,40,1
NN_v2,3,EQUAL_WEIGHT,2014-10-24,VCR,101,46,1
NN_v2,3,EQUAL_WEIGHT,2014-10-24,VGT,76,41,2
NN_v2,3,EQUAL_WEIGHT,2014-10-24,VOX,88,43,1
NN_v2,3,EQUAL_WEIGHT,2014-10-31,VIS,113,66,1
NN_v2,3,EQUAL_WEIGHT,2014-10-31,VDE,147,75,1
NN_v2,3,EQUAL_WEIGHT,2014-10-31,VAW,139,81,1
NN_v2,3,EQUAL_WEIGHT,2014-11-07,VDE,148,75,0
NN_v2,3,EQUAL_WEIGHT,2014-11-07,VGT,77,42,3
NN_v2,3,EQUAL_WEIGHT,2014-11-07,VAW,140,82,2
NN_v2,3,EQUAL_WEIGHT,2014-11-14,VHT,58,34,2
NN_v2,3,EQUAL_WEIGHT,2014-11-14,VPU,57,30,2
NN_v2,3,EQUAL_WEIGHT,2014-11-14,VIS,114,67,2
NN_v2,3,EQUAL_WEIGHT,2014-11-21,VIS,115,67,0
NN_v2,3,EQUAL_WEIGHT,2014-11-21,VGT,78,43,4
NN_v2,3,EQUAL_WEIGHT,2014-11-21,VDE,149,75,0
NN_v2,3,EQUAL_WEIGHT,2014-11-28,VIS,116,68,1
NN_v2,3,EQUAL_WEIGHT,2014-11-28,VPU,58,30,0
NN_v2,3,EQUAL_WEIGHT,2014-11-28,VFH,163,80,2
NN_v2,3,EQUAL_WEIGHT,2014-12-05,VAW,141,82,0
NN_v2,3,EQUAL_WEIGHT,2014-12-05,VPU,59,30,0
NN_v2,3,EQUAL_WEIGHT,2014-12-05,VCR,102,46,0
NN_v2,3,EQUAL_WEIGHT,2014-12-12,VGT,79,44,5
NN_v2,3,EQUAL_WEIGHT,2014-12-12,VIS,117,69,2
NN_v2,3,EQUAL_WEIGHT,2014-12-12,VAW,142,83,1
NN_v2,3,EQUAL_WEIGHT,2014-12-19,VIS,118,70,3
NN_v2,3,EQUAL_WEIGHT,2014-12-19,VGT,80,45,6
NN_v2,3,EQUAL_WEIGHT,2014-12-19,VCR,103,47,1
NN_v2,3,EQUAL_WEIGHT,2014-12-26,VIS,119,70,0
NN_v2,3,EQUAL_WEIGHT,2014-12-26,VHT,59,34,0
NN_v2,3,EQUAL_WEIGHT,2014-12-26,VAW,143,83,0
NN_v2,3,EQUAL_WEIGHT,2015-01-02,VIS,120,70,0
NN_v2,3,EQUAL_WEIGHT,2015-01-02,VGT,81,46,7
NN_v2,3,EQUAL_WEIGHT,2015-01-02,VHT,60,35,1
NN_v2,3,EQUAL_WEIGHT,2015-01-09,VGT,82,46,0
NN_v2,3,EQUAL_WEIGHT,2015-01-09,VAW,144,83,0
NN_v2,3,EQUAL_WEIGHT,2015-01-09,VDE,150,75,0
NN_v2,3,EQUAL_WEIGHT,2015-01-16,VCR,104,48,2
NN_v2,3,EQUAL_WEIGHT,2015-01-16,VGT,83,47,1
NN_v2,3,EQUAL_WEIGHT,2015-01-16,VIS,121,71,1
NN_v2,3,EQUAL_WEIGHT,2015-01-23,VDE,151,75,0
NN_v2,3,EQUAL_WEIGHT,2015-01-23,VAW,145,83,0
NN_v2,3,EQUAL_WEIGHT,2015-01-23,VOX,89,43,0
NN_v2,3,EQUAL_WEIGHT,2015-01-30,VGT,84,48,2
NN_v2,3,EQUAL_WEIGHT,2015-01-30,VIS,122,72,2
NN_v2,3,EQUAL_WEIGHT,2015-01-30,VCR,105,49,3
NN_v2,3,EQUAL_WEIGHT,2015-02-06,VDE,152,76,1
NN_v2,3,EQUAL_WEIGHT,2015-02-06,VIS,123,73,3
NN_v2,3,EQUAL_WEIGHT,2015-02-06,VPU,60,30,0
NN_v2,3,EQUAL_WEIGHT,2015-02-13,VDE,153,76,0
NN_v2,3,EQUAL_WEIGHT,2015-02-13,VOX,90,43,0
NN_v2,3,EQUAL_WEIGHT,2015-02-13,VPU,61,31,1
NN_v2,3,EQUAL_WEIGHT,2015-02-20,VDE,154,76,0
NN_v2,3,EQUAL_WEIGHT,2015-02-20,VOX,91,44,1
NN_v2,3,EQUAL_WEIGHT,2015-02-20,VGT,85,48,0
NN_v2,3,EQUAL_WEIGHT,2015-02-27,VOX,92,44,0
NN_v2,3,EQUAL_WEIGHT,2015-02-27,VDE,155,76,0
NN_v2,3,EQUAL_WEIGHT,2015-02-27,VAW,146,83,0
NN_v2,3,EQUAL_WEIGHT,2015-03-06,VAW,147,83,0
NN_v2,3,EQUAL_WEIGHT,2015-03-06,VIS,124,73,0
NN_v2,3,EQUAL_WEIGHT,2015-03-06,VDE,156,76,0
NN_v2,3,EQUAL_WEIGHT,2015-03-13,VGT,86,49,1
NN_v2,3,EQUAL_WEIGHT,2015-03-13,VOX,93,45,1
NN_v2,3,EQUAL_WEIGHT,2015-03-13,VAW,148,83,0
NN_v2,3,EQUAL_WEIGHT,2015-03-20,VDE,157,76,0
NN_v2,3,EQUAL_WEIGHT,2015-03-20,VOX,94,45,0
NN_v2,3,EQUAL_WEIGHT,2015-03-20,VGT,87,49,0
NN_v2,3,EQUAL_WEIGHT,2015-03-27,VOX,95,46,1
NN_v2,3,EQUAL_WEIGHT,2015-03-27,VGT,88,49,0
NN_v2,3,EQUAL_WEIGHT,2015-03-27,VIS,125,73,0
NN_v2,3,EQUAL_WEIGHT,2015-04-03,VDE,158,77,1
NN_v2,3,EQUAL_WEIGHT,2015-04-03,VIS,126,74,1
NN_v2,3,EQUAL_WEIGHT,2015-04-03,VGT,89,50,1
NN_v2,3,EQUAL_WEIGHT,2015-04-10,VPU,62,31,0
NN_v2,3,EQUAL_WEIGHT,2015-04-10,VDE,159,78,2
NN_v2,3,EQUAL_WEIGHT,2015-04-10,VOX,96,46,0
NN_v2,3,EQUAL_WEIGHT,2015-04-17,VOX,97,47,1
NN_v2,3,EQUAL_WEIGHT,2015-04-17,VAW,149,84,1
NN_v2,3,EQUAL_WEIGHT,2015-04-17,VIS,127,75,2
NN_v2,3,EQUAL_WEIGHT,2015-04-24,VDE,160,79,3
NN_v2,3,EQUAL_WEIGHT,2015-04-24,VPU,63,31,0
NN_v2,3,EQUAL_WEIGHT,2015-04-24,VOX,98,47,0
NN_v2,3,EQUAL_WEIGHT,2015-05-01,VHT,61,36,2
NN_v2,3,EQUAL_WEIGHT,2015-05-01,VDE,161,79,0
NN_v2,3,EQUAL_WEIGHT,2015-05-01,VGT,90,50,0
NN_v2,3,EQUAL_WEIGHT,2015-05-08,VDE,162,79,0
NN_v2,3,EQUAL_WEIGHT,2015-05-08,VGT,91,51,1
NN_v2,3,EQUAL_WEIGHT,2015-05-08,VCR,106,49,0
NN_v2,3,EQUAL_WEIGHT,2015-05-15,VDE,163,79,0
NN_v2,3,EQUAL_WEIGHT,2015-05-15,VGT,92,52,2
NN_v2,3,EQUAL_WEIGHT,2015-05-15,VOX,99,47,0
NN_v2,3,EQUAL_WEIGHT,2015-05-22,VDE,164,79,0
NN_v2,3,EQUAL_WEIGHT,2015-05-22,VAW,150,84,0
NN_v2,3,EQUAL_WEIGHT,2015-05-22,VPU,64,32,1
NN_v2,3,EQUAL_WEIGHT,2015-05-29,VPU,65,32,0
NN_v2,3,EQUAL_WEIGHT,2015-05-29,VDE,165,79,0
NN_v2,3,EQUAL_WEIGHT,2015-05-29,VFH,164,81,3
NN_v2,3,EQUAL_WEIGHT,2015-06-05,VDE,166,79,0
NN_v2,3,EQUAL_WEIGHT,2015-06-05,VOX,100,48,1
NN_v2,3,EQUAL_WEIGHT,2015-06-05,VPU,66,32,0
NN_v2,3,EQUAL_WEIGHT,2015-06-12,VDE,167,80,1
NN_v2,3,EQUAL_WEIGHT,2015-06-12,VOX,101,49,2
NN_v2,3,EQUAL_WEIGHT,2015-06-12,VGT,93,53,3
NN_v2,3,EQUAL_WEIGHT,2015-06-19,VOX,102,49,0
NN_v2,3,EQUAL_WEIGHT,2015-06-19,VGT,94,53,0
NN_v2,3,EQUAL_WEIGHT,2015-06-19,VPU,67,32,0
NN_v2,3,EQUAL_WEIGHT,2015-06-26,VGT,95,53,0
NN_v2,3,EQUAL_WEIGHT,2015-06-26,VIS,128,75,0
NN_v2,3,EQUAL_WEIGHT,2015-06-26,VAW,151,84,0
NN_v2,3,EQUAL_WEIGHT,2015-07-03,VOX,103,49,0
NN_v2,3,EQUAL_WEIGHT,2015-07-03,VGT,96,53,0
NN_v2,3,EQUAL_WEIGHT,2015-07-03,VPU,68,33,1
NN_v2,3,EQUAL_WEIGHT,2015-07-10,VOX,104,50,1
NN_v2,3,EQUAL_WEIGHT,2015-07-10,VGT,97,54,1
NN_v2,3,EQUAL_WEIGHT,2015-07-10,VPU,69,34,2
NN_v2,3,EQUAL_WEIGHT,2015-07-17,VPU,70,34,0
NN_v2,3,EQUAL_WEIGHT,2015-07-17,VNQ,113,60,0
NN_v2,3,EQUAL_WEIGHT,2015-07-17,VDE,168,80,0
NN_v2,3,EQUAL_WEIGHT,2015-07-24,VGT,98,55,2
NN_v2,3,EQUAL_WEIGHT,2015-07-24,VPU,71,35,1
NN_v2,3,EQUAL_WEIGHT,2015-07-24,VHT,62,37,3
NN_v2,3,EQUAL_WEIGHT,2015-07-31,VNQ,114,60,0
NN_v2,3,EQUAL_WEIGHT,2015-07-31,VGT,99,55,0
NN_v2,3,EQUAL_WEIGHT,2015-07-31,VOX,105,50,0
NN_v2,3,EQUAL_WEIGHT,2015-08-07,VGT,100,55,0
NN_v2,3,EQUAL_WEIGHT,2015-08-07,VHT,63,37,0
NN_v2,3,EQUAL_WEIGHT,2015-08-07,VNQ,115,61,1
NN_v2,3,EQUAL_WEIGHT,2015-08-14,VOX,106,50,0
NN_v2,3,EQUAL_WEIGHT,2015-08-14,VNQ,116,61,0
NN_v2,3,EQUAL_WEIGHT,2015-08-14,VGT,101,55,0
NN_v2,3,EQUAL_WEIGHT,2015-08-21,VFH,165,82,4
NN_v2,3,EQUAL_WEIGHT,2015-08-21,VCR,107,50,1
NN_v2,3,EQUAL_WEIGHT,2015-08-21,VHT,64,38,1
NN_v2,3,EQUAL_WEIGHT,2015-08-28,VNQ,117,61,0
NN_v2,3,EQUAL_WEIGHT,2015-08-28,VFH,166,82,0
NN_v2,3,EQUAL_WEIGHT,2015-08-28,VHT,65,38,0
NN_v2,3,EQUAL_WEIGHT,2015-09-04,VPU,72,36,2
NN_v2,3,EQUAL_WEIGHT,2015-09-04,VNQ,118,62,1
NN_v2,3,EQUAL_WEIGHT,2015-09-04,VDC,21,10,0
NN_v2,3,EQUAL_WEIGHT,2015-09-11,VNQ,119,63,2
NN_v2,3,EQUAL_WEIGHT,2015-09-11,VPU,73,37,3
NN_v2,3,EQUAL_WEIGHT,2015-09-11,VIS,129,75,0
NN_v2,3,EQUAL_WEIGHT,2015-09-18,VGT,102,55,0
NN_v2,3,EQUAL_WEIGHT,2015-09-18,VIS,130,75,0
NN_v2,3,EQUAL_WEIGHT,2015-09-18,VHT,66,38,0
NN_v2,3,EQUAL_WEIGHT,2015-09-25,VGT,103,56,1
NN_v2,3,EQUAL_WEIGHT,2015-09-25,VCR,108,51,2
NN_v2,3,EQUAL_WEIGHT,2015-09-25,VIS,131,76,1
NN_v2,3,EQUAL_WEIGHT,2015-10-02,VGT,104,57,2
NN_v2,3,EQUAL_WEIGHT,2015-10-02,VIS,132,77,2
NN_v2,3,EQUAL_WEIGHT,2015-10-02,VCR,109,52,3
NN_v2,3,EQUAL_WEIGHT,2015-10-09,VGT,105,58,3
NN_v2,3,EQUAL_WEIGHT,2015-10-09,VOX,107,51,1
NN_v2,3,EQUAL_WEIGHT,2015-10-09,VHT,67,39,1
NN_v2,3,EQUAL_WEIGHT,2015-10-16,VAW,152,85,1
NN_v2,3,EQUAL_WEIGHT,2015-10-16,VIS,133,78,3
NN_v2,3,EQUAL_WEIGHT,2015-10-16,VDE,169,80,0
NN_v2,3,EQUAL_WEIGHT,2015-10-23,VDE,170,80,0
NN_v2,3,EQUAL_WEIGHT,2015-10-23,VAW,153,86,2
NN_v2,3,EQUAL_WEIGHT,2015-10-23,VIS,134,78,0
NN_v2,3,EQUAL_WEIGHT,2015-10-30,VDE,171,81,1
NN_v2,3,EQUAL_WEIGHT,2015-10-30,VAW,154,86,0
NN_v2,3,EQUAL_WEIGHT,2015-10-30,VIS,135,79,1
NN_v2,3,EQUAL_WEIGHT,2015-11-06,VDE,172,81,0
NN_v2,3,EQUAL_WEIGHT,2015-11-06,VAW,155,86,0
NN_v2,3,EQUAL_WEIGHT,2015-11-06,VIS,136,79,0
NN_v2,3,EQUAL_WEIGHT,2015-11-13,VDE,173,82,1
NN_v2,3,EQUAL_WEIGHT,2015-11-13,VAW,156,87,1
NN_v2,3,EQUAL_WEIGHT,2015-11-13,VGT,106,59,4
NN_v2,3,EQUAL_WEIGHT,2015-11-20,VDE,174,83,2
NN_v2,3,EQUAL_WEIGHT,2015-11-20,VHT,68,40,2
NN_v2,3,EQUAL_WEIGHT,2015-11-20,VAW,157,88,2
NN_v2,3,EQUAL_WEIGHT,2015-11-27,VDE,175,83,0
NN_v2,3,EQUAL_WEIGHT,2015-11-27,VAW,158,88,0
NN_v2,3,EQUAL_WEIGHT,2015-11-27,VIS,137,79,0
NN_v2,3,EQUAL_WEIGHT,2015-12-04,VAW,159,88,0
NN_v2,3,EQUAL_WEIGHT,2015-12-04,VPU,74,37,0
NN_v2,3,EQUAL_WEIGHT,2015-12-04,VNQ,120,63,0
NN_v2,3,EQUAL_WEIGHT,2015-12-11,VAW,160,88,0
NN_v2,3,EQUAL_WEIGHT,2015-12-11,VIS,138,79,0
NN_v2,3,EQUAL_WEIGHT,2015-12-11,VFH,167,82,0
NN_v2,3,EQUAL_WEIGHT,2015-12-18,VGT,107,60,5
NN_v2,3,EQUAL_WEIGHT,2015-12-18,VIS,139,80,1
NN_v2,3,EQUAL_WEIGHT,2015-12-18,VAW,161,89,1
NN_v2,3,EQUAL_WEIGHT,2015-12-25,VGT,108,60,0
NN_v2,3,EQUAL_WEIGHT,2015-12-25,VAW,162,89,0
NN_v2,3,EQUAL_WEIGHT,2015-12-25,VIS,140,80,0
NN_v2,3,EQUAL_WEIGHT,2016-01-01,VGT,109,60,0
NN_v2,3,EQUAL_WEIGHT,2016-01-01,VDE,176,83,0
NN_v2,3,EQUAL_WEIGHT,2016-01-01,VFH,168,82,0
NN_v2,3,EQUAL_WEIGHT,2016-01-08,VGT,110,60,0
NN_v2,3,EQUAL_WEIGHT,2016-01-08,VDE,177,83,0
NN_v2,3,EQUAL_WEIGHT,2016-01-08,VHT,69,40,0
NN_v2,3,EQUAL_WEIGHT,2016-01-15,VCR,110,53,4
NN_v2,3,EQUAL_WEIGHT,2016-01-15,VFH,169,82,0
NN_v2,3,EQUAL_WEIGHT,2016-01-15,VHT,70,41,1
NN_v2,3,EQUAL_WEIGHT,2016-01-22,VFH,170,83,1
NN_v2,3,EQUAL_WEIGHT,2016-01-22,VAW,163,90,1
NN_v2,3,EQUAL_WEIGHT,2016-01-22,VDE,178,84,1
NN_v2,3,EQUAL_WEIGHT,2016-01-29,VHT,71,41,0
NN_v2,3,EQUAL_WEIGHT,2016-01-29,VCR,111,53,0
NN_v2,3,EQUAL_WEIGHT,2016-01-29,VAW,164,91,2
NN_v2,3,EQUAL_WEIGHT,2016-02-05,VDE,179,85,2
NN_v2,3,EQUAL_WEIGHT,2016-02-05,VCR,112,54,1
NN_v2,3,EQUAL_WEIGHT,2016-02-05,VFH,171,83,0
NN_v2,3,EQUAL_WEIGHT,2016-02-12,VAW,165,92,3
NN_v2,3,EQUAL_WEIGHT,2016-02-12,VIS,141,81,1
NN_v2,3,EQUAL_WEIGHT,2016-02-12,VNQ,121,64,1
NN_v2,3,EQUAL_WEIGHT,2016-02-19,VDE,180,85,0
NN_v2,3,EQUAL_WEIGHT,2016-02-19,VAW,166,93,4
NN_v2,3,EQUAL_WEIGHT,2016-02-19,VGT,111,61,1
NN_v2,3,EQUAL_WEIGHT,2016-02-26,VDE,181,86,1
NN_v2,3,EQUAL_WEIGHT,2016-02-26,VGT,112,62,2
NN_v2,3,EQUAL_WEIGHT,2016-02-26,VFH,172,84,1
NN_v2,3,EQUAL_WEIGHT,2016-03-04,VGT,113,63,3
NN_v2,3,EQUAL_WEIGHT,2016-03-04,VAW,167,94,5
NN_v2,3,EQUAL_WEIGHT,2016-03-04,VHT,72,42,1
NN_v2,3,EQUAL_WEIGHT,2016-03-11,VDE,182,87,2
NN_v2,3,EQUAL_WEIGHT,2016-03-11,VGT,114,64,4
NN_v2,3,EQUAL_WEIGHT,2016-03-11,VFH,173,85,2
NN_v2,3,EQUAL_WEIGHT,2016-03-18,VDE,183,87,0
NN_v2,3,EQUAL_WEIGHT,2016-03-18,VHT,73,43,2
NN_v2,3,EQUAL_WEIGHT,2016-03-18,VFH,174,85,0
NN_v2,3,EQUAL_WEIGHT,2016-03-25,VDE,184,87,0
NN_v2,3,EQUAL_WEIGHT,2016-03-25,VFH,175,86,1
NN_v2,3,EQUAL_WEIGHT,2016-03-25,VCR,113,55,2
NN_v2,3,EQUAL_WEIGHT,2016-04-01,VDE,185,88,1
NN_v2,3,EQUAL_WEIGHT,2016-04-01,VFH,176,86,0
NN_v2,3,EQUAL_WEIGHT,2016-04-01,VGT,115,64,0
NN_v2,3,EQUAL_WEIGHT,2016-04-08,VGT,116,65,1
NN_v2,3,EQUAL_WEIGHT,2016-04-08,VDE,186,89,2
NN_v2,3,EQUAL_WEIGHT,2016-04-08,VFH,177,87,1
NN_v2,3,EQUAL_WEIGHT,2016-04-15,VDE,187,90,3
NN_v2,3,EQUAL_WEIGHT,2016-04-15,VGT,117,65,0
NN_v2,3,EQUAL_WEIGHT,2016-04-15,VCR,114,56,3
NN_v2,3,EQUAL_WEIGHT,2016-04-22,VGT,118,65,0
NN_v2,3,EQUAL_WEIGHT,2016-04-22,VCR,115,56,0
NN_v2,3,EQUAL_WEIGHT,2016-04-22,VFH,178,87,0
NN_v2,3,EQUAL_WEIGHT,2016-04-29,VCR,116,56,0
NN_v2,3,EQUAL_WEIGHT,2016-04-29,VFH,179,87,0
NN_v2,3,EQUAL_WEIGHT,2016-04-29,VHT,74,43,0
NN_v2,3,EQUAL_WEIGHT,2016-05-06,VCR,117,56,0
NN_v2,3,EQUAL_WEIGHT,2016-05-06,VDE,188,90,0
NN_v2,3,EQUAL_WEIGHT,2016-05-06,VGT,119,65,0
NN_v2,3,EQUAL_WEIGHT,2016-05-13,VFH,180,88,1
NN_v2,3,EQUAL_WEIGHT,2016-05-13,VDE,189,91,1
NN_v2,3,EQUAL_WEIGHT,2016-05-13,VHT,75,44,1
NN_v2,3,EQUAL_WEIGHT,2016-05-20,VDE,190,92,2
NN_v2,3,EQUAL_WEIGHT,2016-05-20,VNQ,122,65,2
NN_v2,3,EQUAL_WEIGHT,2016-05-20,VOX,108,52,2
NN_v2,3,EQUAL_WEIGHT,2016-05-27,VDE,191,92,0
NN_v2,3,EQUAL_WEIGHT,2016-05-27,VNQ,123,66,3
NN_v2,3,EQUAL_WEIGHT,2016-05-27,VFH,181,88,0
NN_v2,3,EQUAL_WEIGHT,2016-06-03,VDE,192,93,1
NN_v2,3,EQUAL_WEIGHT,2016-06-03,VFH,182,88,0
NN_v2,3,EQUAL_WEIGHT,2016-06-03,VGT,120,65,0
NN_v2,3,EQUAL_WEIGHT,2016-06-10,VDE,193,94,2
NN_v2,3,EQUAL_WEIGHT,2016-06-10,VFH,183,88,0
NN_v2,3,EQUAL_WEIGHT,2016-06-10,VHT,76,44,0
NN_v2,3,EQUAL_WEIGHT,2016-06-17,VDE,194,94,0
NN_v2,3,EQUAL_WEIGHT,2016-06-17,VAW,168,94,0
NN_v2,3,EQUAL_WEIGHT,2016-06-17,VFH,184,88,0
NN_v2,3,EQUAL_WEIGHT,2016-06-24,VAW,169,95,1
NN_v2,3,EQUAL_WEIGHT,2016-06-24,VHT,77,45,1
NN_v2,3,EQUAL_WEIGHT,2016-06-24,VFH,185,89,1
NN_v2,3,EQUAL_WEIGHT,2016-07-01,VAW,170,96,2
NN_v2,3,EQUAL_WEIGHT,2016-07-01,VGT,121,66,1
NN_v2,3,EQUAL_WEIGHT,2016-07-01,VFH,186,90,2
NN_v2,3,EQUAL_WEIGHT,2016-07-08,VDE,195,95,1
NN_v2,3,EQUAL_WEIGHT,2016-07-08,VFH,187,91,3
NN_v2,3,EQUAL_WEIGHT,2016-07-08,VGT,122,67,2
NN_v2,3,EQUAL_WEIGHT,2016-07-15,VGT,123,68,3
NN_v2,3,EQUAL_WEIGHT,2016-07-15,VNQ,124,67,4
NN_v2,3,EQUAL_WEIGHT,2016-07-15,VCR,118,57,1
NN_v2,3,EQUAL_WEIGHT,2016-07-22,VDE,196,95,0
NN_v2,3,EQUAL_WEIGHT,2016-07-22,VNQ,125,68,5
NN_v2,3,EQUAL_WEIGHT,2016-07-22,VIS,142,81,0
NN_v2,3,EQUAL_WEIGHT,2016-07-29,VDE,197,96,1
NN_v2,3,EQUAL_WEIGHT,2016-07-29,VPU,75,37,0
NN_v2,3,EQUAL_WEIGHT,2016-07-29,VAW,171,97,3
NN_v2,3,EQUAL_WEIGHT,2016-08-05,VNQ,126,68,0
NN_v2,3,EQUAL_WEIGHT,2016-08-05,VOX,109,52,0
NN_v2,3,EQUAL_WEIGHT,2016-08-05,VPU,76,37,0
NN_v2,3,EQUAL_WEIGHT,2016-08-12,VOX,110,52,0
NN_v2,3,EQUAL_WEIGHT,2016-08-12,VNQ,127,68,0
NN_v2,3,EQUAL_WEIGHT,2016-08-12,VHT,78,45,0
NN_v2,3,EQUAL_WEIGHT,2016-08-19,VNQ,128,68,0
NN_v2,3,EQUAL_WEIGHT,2016-08-19,VOX,111,53,1
NN_v2,3,EQUAL_WEIGHT,2016-08-19,VPU,77,37,0
NN_v2,3,EQUAL_WEIGHT,2016-08-26,VNQ,129,69,1
NN_v2,3,EQUAL_WEIGHT,2016-08-26,VDE,198,96,0
NN_v2,3,EQUAL_WEIGHT,2016-08-26,VOX,112,54,2
NN_v2,3,EQUAL_WEIGHT,2016-09-02,VOX,113,54,0
NN_v2,3,EQUAL_WEIGHT,2016-09-02,VNQ,130,69,0
NN_v2,3,EQUAL_WEIGHT,2016-09-02,VPU,78,37,0
NN_v2,3,EQUAL_WEIGHT,2016-09-09,VNQ,131,69,0
NN_v2,3,EQUAL_WEIGHT,2016-09-09,VIS,143,82,1
NN_v2,3,EQUAL_WEIGHT,2016-09-09,VOX,114,55,1
NN_v2,3,EQUAL_WEIGHT,2016-09-16,VDE,199,96,0
NN_v2,3,EQUAL_WEIGHT,2016-09-16,VNQ,132,70,1
NN_v2,3,EQUAL_WEIGHT,2016-09-16,VIS,144,83,2
NN_v2,3,EQUAL_WEIGHT,2016-09-23,VAW,172,98,4
NN_v2,3,EQUAL_WEIGHT,2016-09-23,VDE,200,97,1
NN_v2,3,EQUAL_WEIGHT,2016-09-23,VDC,22,11,1
NN_v2,3,EQUAL_WEIGHT,2016-09-30,VPU,79,37,0
NN_v2,3,EQUAL_WEIGHT,2016-09-30,VNQ,133,70,0
NN_v2,3,EQUAL_WEIGHT,2016-09-30,VOX,115,55,0
NN_v2,3,EQUAL_WEIGHT,2016-10-07,VNQ,134,71,1
NN_v2,3,EQUAL_WEIGHT,2016-10-07,VOX,116,56,1
NN_v2,3,EQUAL_WEIGHT,2016-10-07,VIS,145,83,0
NN_v2,3,EQUAL_WEIGHT,2016-10-14,VIS,146,83,0
NN_v2,3,EQUAL_WEIGHT,2016-10-14,VHT,79,46,1
NN_v2,3,EQUAL_WEIGHT,2016-10-14,VCR,119,58,2
NN_v2,3,EQUAL_WEIGHT,2016-10-21,VOX,117,56,0
NN_v2,3,EQUAL_WEIGHT,2016-10-21,VPU,80,38,1
NN_v2,3,EQUAL_WEIGHT,2016-10-21,VNQ,135,71,0
NN_v2,3,EQUAL_WEIGHT,2016-10-28,VNQ,136,71,0
NN_v2,3,EQUAL_WEIGHT,2016-10-28,VDE,201,97,0
NN_v2,3,EQUAL_WEIGHT,2016-10-28,VAW,173,98,0
NN_v2,3,EQUAL_WEIGHT,2016-11-04,VOX,118,57,1
NN_v2,3,EQUAL_WEIGHT,2016-11-04,VDC,23,11,0
NN_v2,3,EQUAL_WEIGHT,2016-11-04,VDE,202,98,1
NN_v2,3,EQUAL_WEIGHT,2016-11-11,VPU,81,39,2
NN_v2,3,EQUAL_WEIGHT,2016-11-11,VNQ,137,72,1
NN_v2,3,EQUAL_WEIGHT,2016-11-11,VDC,24,12,1
NN_v2,3,EQUAL_WEIGHT,2016-11-18,VHT,80,46,0
NN_v2,3,EQUAL_WEIGHT,2016-11-18,VNQ,138,73,2
NN_v2,3,EQUAL_WEIGHT,2016-11-18,VPU,82,40,3
NN_v2,3,EQUAL_WEIGHT,2016-11-25,VHT,81,46,0
NN_v2,3,EQUAL_WEIGHT,2016-11-25,VNQ,139,73,0
NN_v2,3,EQUAL_WEIGHT,2016-11-25,VPU,83,40,0
NN_v2,3,EQUAL_WEIGHT,2016-12-02,VPU,84,41,1
NN_v2,3,EQUAL_WEIGHT,2016-12-02,VOX,119,58,2
NN_v2,3,EQUAL_WEIGHT,2016-12-02,VHT,82,47,1
NN_v2,3,EQUAL_WEIGHT,2016-12-09,VNQ,140,73,0
NN_v2,3,EQUAL_WEIGHT,2016-12-09,VHT,83,48,2
NN_v2,3,EQUAL_WEIGHT,2016-12-09,VPU,85,42,2
NN_v2,3,EQUAL_WEIGHT,2016-12-16,VNQ,141,73,0
NN_v2,3,EQUAL_WEIGHT,2016-12-16,VCR,120,58,0
NN_v2,3,EQUAL_WEIGHT,2016-12-16,VOX,120,59,3
NN_v2,3,EQUAL_WEIGHT,2016-12-23,VNQ,142,74,1
NN_v2,3,EQUAL_WEIGHT,2016-12-23,VHT,84,48,0
NN_v2,3,EQUAL_WEIGHT,2016-12-23,VIS,147,83,0
NN_v2,3,EQUAL_WEIGHT,2016-12-30,VIS,148,84,1
NN_v2,3,EQUAL_WEIGHT,2016-12-30,VCR,121,59,1
NN_v2,3,EQUAL_WEIGHT,2016-12-30,VOX,121,60,4
NN_v2,3,EQUAL_WEIGHT,2017-01-06,VCR,122,60,2
NN_v2,3,EQUAL_WEIGHT,2017-01-06,VIS,149,85,2
NN_v2,3,EQUAL_WEIGHT,2017-01-06,VPU,86,42,0
NN_v2,3,EQUAL_WEIGHT,2017-01-13,VNQ,143,75,2
NN_v2,3,EQUAL_WEIGHT,2017-01-13,VHT,85,48,0
NN_v2,3,EQUAL_WEIGHT,2017-01-13,VIS,150,86,3
NN_v2,3,EQUAL_WEIGHT,2017-01-20,VIS,151,87,4
NN_v2,3,EQUAL_WEIGHT,2017-01-20,VDE,203,99,2
NN_v2,3,EQUAL_WEIGHT,2017-01-20,VNQ,144,75,0
NN_v2,3,EQUAL_WEIGHT,2017-01-27,VHT,86,49,1
NN_v2,3,EQUAL_WEIGHT,2017-01-27,VNQ,145,76,1
NN_v2,3,EQUAL_WEIGHT,2017-01-27,VIS,152,87,0
NN_v2,3,EQUAL_WEIGHT,2017-02-03,VOX,122,60,0
NN_v2,3,EQUAL_WEIGHT,2017-02-03,VNQ,146,77,2
NN_v2,3,EQUAL_WEIGHT,2017-02-03,VDE,204,99,0
NN_v2,3,EQUAL_WEIGHT,2017-02-10,VOX,123,61,1
NN_v2,3,EQUAL_WEIGHT,2017-02-10,VNQ,147,77,0
NN_v2,3,EQUAL_WEIGHT,2017-02-10,VDE,205,99,0
NN_v2,3,EQUAL_WEIGHT,2017-02-17,VNQ,148,78,1
NN_v2,3,EQUAL_WEIGHT,2017-02-17,VPU,87,43,1
NN_v2,3,EQUAL_WEIGHT,2017-02-17,VAW,174,98,0
NN_v2,3,EQUAL_WEIGHT,2017-02-24,VFH,188,92,4
NN_v2,3,EQUAL_WEIGHT,2017-02-24,VNQ,149,78,0
NN_v2,3,EQUAL_WEIGHT,2017-02-24,VOX,124,61,0
NN_v2,3,EQUAL_WEIGHT,2017-03-03,VNQ,150,78,0
NN_v2,3,EQUAL_WEIGHT,2017-03-03,VPU,88,43,0
NN_v2,3,EQUAL_WEIGHT,2017-03-03,VOX,125,61,0
NN_v2,3,EQUAL_WEIGHT,2017-03-10,VNQ,151,79,1
NN_v2,3,EQUAL_WEIGHT,2017-03-10,VFH,189,92,0
NN_v2,3,EQUAL_WEIGHT,2017-03-10,VPU,89,44,1
NN_v2,3,EQUAL_WEIGHT,2017-03-17,VNQ,152,79,0
NN_v2,3,EQUAL_WEIGHT,2017-03-17,VFH,190,92,0
NN_v2,3,EQUAL_WEIGHT,2017-03-17,VHT,87,49,0
NN_v2,3,EQUAL_WEIGHT,2017-03-24,VFH,191,93,1
NN_v2,3,EQUAL_WEIGHT,2017-03-24,VAW,175,99,1
NN_v2,3,EQUAL_WEIGHT,2017-03-24,VIS,153,88,1
NN_v2,3,EQUAL_WEIGHT,2017-03-31,VFH,192,93,0
NN_v2,3,EQUAL_WEIGHT,2017-03-31,VNQ,153,80,1
NN_v2,3,EQUAL_WEIGHT,2017-03-31,VIS,154,88,0
NN_v2,3,EQUAL_WEIGHT,2017-04-07,VFH,193,93,0
NN_v2,3,EQUAL_WEIGHT,2017-04-07,VAW,176,99,0
NN_v2,3,EQUAL_WEIGHT,2017-04-07,VIS,155,88,0
NN_v2,3,EQUAL_WEIGHT,2017-04-14,VFH,194,94,1
NN_v2,3,EQUAL_WEIGHT,2017-04-14,VGT,124,69,4
NN_v2,3,EQUAL_WEIGHT,2017-04-14,VCR,123,61,3
NN_v2,3,EQUAL_WEIGHT,2017-04-21,VFH,195,94,0
NN_v2,3,EQUAL_WEIGHT,2017-04-21,VOX,126,61,0
NN_v2,3,EQUAL_WEIGHT,2017-04-21,VDE,206,99,0
NN_v2,3,EQUAL_WEIGHT,2017-04-28,VNQ,154,80,0
NN_v2,3,EQUAL_WEIGHT,2017-04-28,VFH,196,95,1
NN_v2,3,EQUAL_WEIGHT,2017-04-28,VOX,127,61,0
NN_v2,3,EQUAL_WEIGHT,2017-05-05,VOX,128,61,0
NN_v2,3,EQUAL_WEIGHT,2017-05-05,VFH,197,95,0
NN_v2,3,EQUAL_WEIGHT,2017-05-05,VNQ,155,80,0
NN_v2,3,EQUAL_WEIGHT,2017-05-12,VFH,198,95,0
NN_v2,3,EQUAL_WEIGHT,2017-05-12,VNQ,156,81,1
NN_v2,3,EQUAL_WEIGHT,2017-05-12,VIS,156,88,0
NN_v2,3,EQUAL_WEIGHT,2017-05-19,VFH,199,96,1
NN_v2,3,EQUAL_WEIGHT,2017-05-19,VDE,207,99,0
NN_v2,3,EQUAL_WEIGHT,2017-05-19,VHT,88,50,1
NN_v2,3,EQUAL_WEIGHT,2017-05-26,VFH,200,96,0
NN_v2,3,EQUAL_WEIGHT,2017-05-26,VNQ,157,82,2
NN_v2,3,EQUAL_WEIGHT,2017-05-26,VDE,208,99,0
NN_v2,3,EQUAL_WEIGHT,2017-06-02,VOX,129,61,0
NN_v2,3,EQUAL_WEIGHT,2017-06-02,VNQ,158,83,3
NN_v2,3,EQUAL_WEIGHT,2017-06-02,VDE,209,100,1
NN_v2,3,EQUAL_WEIGHT,2017-06-09,VCR,124,62,4
NN_v2,3,EQUAL_WEIGHT,2017-06-09,VGT,125,69,0
NN_v2,3,EQUAL_WEIGHT,2017-06-09,VPU,90,45,2
NN_v2,3,EQUAL_WEIGHT,2017-06-16,VGT,126,70,1
NN_v2,3,EQUAL_WEIGHT,2017-06-16,VCR,125,62,0
NN_v2,3,EQUAL_WEIGHT,2017-06-16,VOX,130,61,0
NN_v2,3,EQUAL_WEIGHT,2017-06-23,VFH,201,97,1
NN_v2,3,EQUAL_WEIGHT,2017-06-23,VOX,131,61,0
NN_v2,3,EQUAL_WEIGHT,2017-06-23,VIS,157,88,0
NN_v2,3,EQUAL_WEIGHT,2017-06-30,VGT,127,71,2
NN_v2,3,EQUAL_WEIGHT,2017-06-30,VPU,91,45,0
NN_v2,3,EQUAL_WEIGHT,2017-06-30,VNQ,159,83,0
NN_v2,3,EQUAL_WEIGHT,2017-07-07,VPU,92,46,1
NN_v2,3,EQUAL_WEIGHT,2017-07-07,VGT,128,72,3
NN_v2,3,EQUAL_WEIGHT,2017-07-07,VCR,126,63,1
NN_v2,3,EQUAL_WEIGHT,2017-07-14,VFH,202,97,0
NN_v2,3,EQUAL_WEIGHT,2017-07-14,VDE,210,100,0
NN_v2,3,EQUAL_WEIGHT,2017-07-14,VPU,93,47,2
NN_v2,3,EQUAL_WEIGHT,2017-07-21,VDE,211,101,1
NN_v2,3,EQUAL_WEIGHT,2017-07-21,VFH,203,98,1
NN_v2,3,EQUAL_WEIGHT,2017-07-21,VIS,158,88,0
NN_v2,3,EQUAL_WEIGHT,2017-07-28,VPU,94,48,3
NN_v2,3,EQUAL_WEIGHT,2017-07-28,VDE,212,101,0
NN_v2,3,EQUAL_WEIGHT,2017-07-28,VGT,129,72,0
NN_v2,3,EQUAL_WEIGHT,2017-08-04,VDE,213,101,0
NN_v2,3,EQUAL_WEIGHT,2017-08-04,VHT,89,50,0
NN_v2,3,EQUAL_WEIGHT,2017-08-04,VGT,130,72,0
NN_v2,3,EQUAL_WEIGHT,2017-08-11,VFH,204,98,0
NN_v2,3,EQUAL_WEIGHT,2017-08-11,VHT,90,50,0
NN_v2,3,EQUAL_WEIGHT,2017-08-11,VAW,177,99,0
NN_v2,3,EQUAL_WEIGHT,2017-08-18,VOX,132,62,1
NN_v2,3,EQUAL_WEIGHT,2017-08-18,VFH,205,99,1
NN_v2,3,EQUAL_WEIGHT,2017-08-18,VHT,91,51,1
NN_v2,3,EQUAL_WEIGHT,2017-08-25,VFH,206,99,0
NN_v2,3,EQUAL_WEIGHT,2017-08-25,VHT,92,52,2
NN_v2,3,EQUAL_WEIGHT,2017-08-25,VAW,178,100,1
NN_v2,3,EQUAL_WEIGHT,2017-09-01,VOX,133,62,0
NN_v2,3,EQUAL_WEIGHT,2017-09-01,VNQ,160,84,1
NN_v2,3,EQUAL_WEIGHT,2017-09-01,VPU,95,49,4
NN_v2,3,EQUAL_WEIGHT,2017-09-08,VOX,134,63,1
NN_v2,3,EQUAL_WEIGHT,2017-09-08,VFH,207,100,1
NN_v2,3,EQUAL_WEIGHT,2017-09-08,VAW,179,101,2
NN_v2,3,EQUAL_WEIGHT,2017-09-15,VOX,135,64,2
NN_v2,3,EQUAL_WEIGHT,2017-09-15,VFH,208,101,2
NN_v2,3,EQUAL_WEIGHT,2017-09-15,VDE,214,102,1
NN_v2,3,EQUAL_WEIGHT,2017-09-22,VPU,96,49,0
NN_v2,3,EQUAL_WEIGHT,2017-09-22,VGT,131,73,1
NN_v2,3,EQUAL_WEIGHT,2017-09-22,VHT,93,53,3
NN_v2,3,EQUAL_WEIGHT,2017-09-29,VOX,136,65,3
NN_v2,3,EQUAL_WEIGHT,2017-09-29,VPU,97,50,1
NN_v2,3,EQUAL_WEIGHT,2017-09-29,VNQ,161,85,2
NN_v2,3,EQUAL_WEIGHT,2017-10-06,VOX,137,65,0
NN_v2,3,EQUAL_WEIGHT,2017-10-06,VDE,215,103,2
NN_v2,3,EQUAL_WEIGHT,2017-10-06,VPU,98,51,2
NN_v2,3,EQUAL_WEIGHT,2017-10-13,VOX,138,65,0
NN_v2,3,EQUAL_WEIGHT,2017-10-13,VFH,209,102,3
NN_v2,3,EQUAL_WEIGHT,2017-10-13,VDE,216,103,0
NN_v2,3,EQUAL_WEIGHT,2017-10-20,VDE,217,103,0
NN_v2,3,EQUAL_WEIGHT,2017-10-20,VHT,94,53,0
NN_v2,3,EQUAL_WEIGHT,2017-10-20,VNQ,162,85,0
NN_v2,3,EQUAL_WEIGHT,2017-10-27,VHT,95,53,0
NN_v2,3,EQUAL_WEIGHT,2017-10-27,VDE,218,104,1
NN_v2,3,EQUAL_WEIGHT,2017-10-27,VNQ,163,86,1
NN_v2,3,EQUAL_WEIGHT,2017-11-03,VOX,139,65,0
NN_v2,3,EQUAL_WEIGHT,2017-11-03,VHT,96,53,0
NN_v2,3,EQUAL_WEIGHT,2017-11-03,VIS,159,88,0
NN_v2,3,EQUAL_WEIGHT,2017-11-10,VFH,210,103,4
NN_v2,3,EQUAL_WEIGHT,2017-11-10,VIS,160,88,0
NN_v2,3,EQUAL_WEIGHT,2017-11-10,VHT,97,54,1
NN_v2,3,EQUAL_WEIGHT,2017-11-17,VDE,219,105,2
NN_v2,3,EQUAL_WEIGHT,2017-11-17,VFH,211,104,5
NN_v2,3,EQUAL_WEIGHT,2017-11-17,VHT,98,55,2
NN_v2,3,EQUAL_WEIGHT,2017-11-24,VDE,220,106,3
NN_v2,3,EQUAL_WEIGHT,2017-11-24,VFH,212,105,6
NN_v2,3,EQUAL_WEIGHT,2017-11-24,VNQ,164,86,0
NN_v2,3,EQUAL_WEIGHT,2017-12-01,VDE,221,106,0
NN_v2,3,EQUAL_WEIGHT,2017-12-01,VGT,132,73,0
NN_v2,3,EQUAL_WEIGHT,2017-12-01,VOX,140,65,0
NN_v2,3,EQUAL_WEIGHT,2017-12-08,VGT,133,74,1
NN_v2,3,EQUAL_WEIGHT,2017-12-08,VDE,222,106,0
NN_v2,3,EQUAL_WEIGHT,2017-12-08,VPU,99,51,0
NN_v2,3,EQUAL_WEIGHT,2017-12-15,VOX,141,66,1
NN_v2,3,EQUAL_WEIGHT,2017-12-15,VDE,223,107,1
NN_v2,3,EQUAL_WEIGHT,2017-12-15,VFH,213,105,0
NN_v2,3,EQUAL_WEIGHT,2017-12-22,VOX,142,66,0
NN_v2,3,EQUAL_WEIGHT,2017-12-22,VFH,214,105,0
NN_v2,3,EQUAL_WEIGHT,2017-12-22,VPU,100,52,1
NN_v2,3,EQUAL_WEIGHT,2017-12-29,VOX,143,66,0
NN_v2,3,EQUAL_WEIGHT,2017-12-29,VGT,134,75,2
NN_v2,3,EQUAL_WEIGHT,2017-12-29,VFH,215,106,1
NN_v2,3,EQUAL_WEIGHT,2018-01-05,VPU,101,52,0
NN_v2,3,EQUAL_WEIGHT,2018-01-05,VOX,144,67,1
NN_v2,3,EQUAL_WEIGHT,2018-01-05,VNQ,165,86,0
NN_v2,3,EQUAL_WEIGHT,2018-01-12,VPU,102,52,0
NN_v2,3,EQUAL_WEIGHT,2018-01-12,VNQ,166,86,0
NN_v2,3,EQUAL_WEIGHT,2018-01-12,VOX,145,67,0
NN_v2,3,EQUAL_WEIGHT,2018-01-19,VPU,103,53,1
NN_v2,3,EQUAL_WEIGHT,2018-01-19,VDE,224,108,2
NN_v2,3,EQUAL_WEIGHT,2018-01-19,VNQ,167,87,1
NN_v2,3,EQUAL_WEIGHT,2018-01-26,VPU,104,53,0
NN_v2,3,EQUAL_WEIGHT,2018-01-26,VDE,225,108,0
NN_v2,3,EQUAL_WEIGHT,2018-01-26,VNQ,168,87,0
NN_v2,3,EQUAL_WEIGHT,2018-02-02,VDE,226,108,0
NN_v2,3,EQUAL_WEIGHT,2018-02-02,VAW,180,101,0
NN_v2,3,EQUAL_WEIGHT,2018-02-02,VIS,161,88,0
NN_v2,3,EQUAL_WEIGHT,2018-02-09,VIS,162,89,1
NN_v2,3,EQUAL_WEIGHT,2018-02-09,VDE,227,109,1
NN_v2,3,EQUAL_WEIGHT,2018-02-09,VAW,181,102,1
NN_v2,3,EQUAL_WEIGHT,2018-02-16,VDE,228,110,2
NN_v2,3,EQUAL_WEIGHT,2018-02-16,VHT,99,56,3
NN_v2,3,EQUAL_WEIGHT,2018-02-16,VAW,182,103,2
NN_v2,3,EQUAL_WEIGHT,2018-02-23,VDE,229,110,0
NN_v2,3,EQUAL_WEIGHT,2018-02-23,VHT,100,56,0
NN_v2,3,EQUAL_WEIGHT,2018-02-23,VAW,183,103,0
NN_v2,3,EQUAL_WEIGHT,2018-03-02,VDE,230,111,1
NN_v2,3,EQUAL_WEIGHT,2018-03-02,VHT,101,57,1
NN_v2,3,EQUAL_WEIGHT,2018-03-02,VIS,163,90,2
NN_v2,3,EQUAL_WEIGHT,2018-03-09,VDE,231,111,0
NN_v2,3,EQUAL_WEIGHT,2018-03-09,VOX,146,67,0
NN_v2,3,EQUAL_WEIGHT,2018-03-09,VAW,184,103,0
NN_v2,3,EQUAL_WEIGHT,2018-03-16,VIS,164,90,0
NN_v2,3,EQUAL_WEIGHT,2018-03-16,VHT,102,57,0
NN_v2,3,EQUAL_WEIGHT,2018-03-16,VAW,185,103,0
NN_v2,3,EQUAL_WEIGHT,2018-03-23,VHT,103,58,1
NN_v2,3,EQUAL_WEIGHT,2018-03-23,VFH,216,107,2
NN_v2,3,EQUAL_WEIGHT,2018-03-23,VAW,186,104,1
NN_v2,3,EQUAL_WEIGHT,2018-03-30,VDE,232,112,1
NN_v2,3,EQUAL_WEIGHT,2018-03-30,VAW,187,104,0
NN_v2,3,EQUAL_WEIGHT,2018-03-30,VHT,104,58,0
NN_v2,3,EQUAL_WEIGHT,2018-04-06,VGT,135,76,3
NN_v2,3,EQUAL_WEIGHT,2018-04-06,VHT,105,59,1
NN_v2,3,EQUAL_WEIGHT,2018-04-06,VFH,217,108,3
NN_v2,3,EQUAL_WEIGHT,2018-04-13,VOX,147,68,1
NN_v2,3,EQUAL_WEIGHT,2018-04-13,VCR,127,64,2
NN_v2,3,EQUAL_WEIGHT,2018-04-13,VFH,218,109,4
NN_v2,3,EQUAL_WEIGHT,2018-04-20,VGT,136,76,0
NN_v2,3,EQUAL_WEIGHT,2018-04-20,VHT,106,60,2
NN_v2,3,EQUAL_WEIGHT,2018-04-20,VDC,25,13,2
NN_v2,3,EQUAL_WEIGHT,2018-04-27,VGT,137,77,1
NN_v2,3,EQUAL_WEIGHT,2018-04-27,VAW,188,104,0
NN_v2,3,EQUAL_WEIGHT,2018-04-27,VFH,219,109,0
NN_v2,3,EQUAL_WEIGHT,2018-05-04,VHT,107,61,3
NN_v2,3,EQUAL_WEIGHT,2018-05-04,VAW,189,105,1
NN_v2,3,EQUAL_WEIGHT,2018-05-04,VFH,220,110,1
NN_v2,3,EQUAL_WEIGHT,2018-05-11,VAW,190,106,2
NN_v2,3,EQUAL_WEIGHT,2018-05-11,VHT,108,62,4
NN_v2,3,EQUAL_WEIGHT,2018-05-11,VFH,221,110,0
NN_v2,3,EQUAL_WEIGHT,2018-05-18,VFH,222,110,0
NN_v2,3,EQUAL_WEIGHT,2018-05-18,VHT,109,62,0
NN_v2,3,EQUAL_WEIGHT,2018-05-18,VGT,138,78,2
NN_v2,3,EQUAL_WEIGHT,2018-05-25,VHT,110,63,1
NN_v2,3,EQUAL_WEIGHT,2018-05-25,VFH,223,110,0
NN_v2,3,EQUAL_WEIGHT,2018-05-25,VIS,165,91,1
NN_v2,3,EQUAL_WEIGHT,2018-06-01,VHT,111,64,2
NN_v2,3,EQUAL_WEIGHT,2018-06-01,VFH,224,111,1
NN_v2,3,EQUAL_WEIGHT,2018-06-01,VAW,191,107,3
NN_v2,3,EQUAL_WEIGHT,2018-06-08,VHT,112,65,3
NN_v2,3,EQUAL_WEIGHT,2018-06-08,VDE,233,112,0
NN_v2,3,EQUAL_WEIGHT,2018-06-08,VFH,225,111,0
NN_v2,3,EQUAL_WEIGHT,2018-06-15,VDE,234,113,1
NN_v2,3,EQUAL_WEIGHT,2018-06-15,VFH,226,111,0
NN_v2,3,EQUAL_WEIGHT,2018-06-15,VAW,192,107,0
NN_v2,3,EQUAL_WEIGHT,2018-06-22,VDE,235,114,2
NN_v2,3,EQUAL_WEIGHT,2018-06-22,VAW,193,107,0
NN_v2,3,EQUAL_WEIGHT,2018-06-22,VIS,166,91,0
NN_v2,3,EQUAL_WEIGHT,2018-06-29,VAW,194,108,1
NN_v2,3,EQUAL_WEIGHT,2018-06-29,VGT,139,79,3
NN_v2,3,EQUAL_WEIGHT,2018-06-29,VHT,113,66,4
NN_v2,3,EQUAL_WEIGHT,2018-07-06,VDE,236,114,0
NN_v2,3,EQUAL_WEIGHT,2018-07-06,VIS,167,92,1
NN_v2,3,EQUAL_WEIGHT,2018-07-06,VGT,140,80,4
NN_v2,3,EQUAL_WEIGHT,2018-07-13,VIS,168,93,2
NN_v2,3,EQUAL_WEIGHT,2018-07-13,VFH,227,112,1
NN_v2,3,EQUAL_WEIGHT,2018-07-13,VDE,237,114,0
NN_v2,3,EQUAL_WEIGHT,2018-07-20,VDE,238,115,1
NN_v2,3,EQUAL_WEIGHT,2018-07-20,VIS,169,94,3
NN_v2,3,EQUAL_WEIGHT,2018-07-20,VOX,148,68,0
NN_v2,3,EQUAL_WEIGHT,2018-07-27,VDE,239,115,0
NN_v2,3,EQUAL_WEIGHT,2018-07-27,VGT,141,81,5
NN_v2,3,EQUAL_WEIGHT,2018-07-27,VOX,149,69,1
NN_v2,3,EQUAL_WEIGHT,2018-08-03,VDE,240,115,0
NN_v2,3,EQUAL_WEIGHT,2018-08-03,VOX,150,70,2
NN_v2,3,EQUAL_WEIGHT,2018-08-03,VGT,142,82,6
NN_v2,3,EQUAL_WEIGHT,2018-08-10,VDE,241,115,0
NN_v2,3,EQUAL_WEIGHT,2018-08-10,VNQ,169,88,1
NN_v2,3,EQUAL_WEIGHT,2018-08-10,VFH,228,113,2
NN_v2,3,EQUAL_WEIGHT,2018-08-17,VDE,242,116,1
NN_v2,3,EQUAL_WEIGHT,2018-08-17,VOX,151,71,3
NN_v2,3,EQUAL_WEIGHT,2018-08-17,VFH,229,114,3
NN_v2,3,EQUAL_WEIGHT,2018-08-24,VPU,105,53,0
NN_v2,3,EQUAL_WEIGHT,2018-08-24,VNQ,170,89,2
NN_v2,3,EQUAL_WEIGHT,2018-08-24,VDC,26,13,0
NN_v2,3,EQUAL_WEIGHT,2018-08-31,VDE,243,116,0
NN_v2,3,EQUAL_WEIGHT,2018-08-31,VDC,27,14,1
NN_v2,3,EQUAL_WEIGHT,2018-08-31,VOX,152,71,0
NN_v2,3,EQUAL_WEIGHT,2018-09-07,VDE,244,117,1
NN_v2,3,EQUAL_WEIGHT,2018-09-07,VNQ,171,89,0
NN_v2,3,EQUAL_WEIGHT,2018-09-07,VGT,143,83,7
NN_v2,3,EQUAL_WEIGHT,2018-09-14,VDE,245,118,2
NN_v2,3,EQUAL_WEIGHT,2018-09-14,VOX,153,72,1
NN_v2,3,EQUAL_WEIGHT,2018-09-14,VGT,144,83,0
NN_v2,3,EQUAL_WEIGHT,2018-09-21,VDE,246,119,3
NN_v2,3,EQUAL_WEIGHT,2018-09-21,VOX,154,73,2
NN_v2,3,EQUAL_WEIGHT,2018-09-21,VNQ,172,89,0
NN_v2,3,EQUAL_WEIGHT,2018-09-28,VFH,230,115,4
NN_v2,3,EQUAL_WEIGHT,2018-09-28,VAW,195,108,0
NN_v2,3,EQUAL_WEIGHT,2018-09-28,VDE,247,120,4
NN_v2,3,EQUAL_WEIGHT,2018-10-05,VCR,128,64,0
NN_v2,3,EQUAL_WEIGHT,2018-10-05,VGT,145,83,0
NN_v2,3,EQUAL_WEIGHT,2018-10-05,VNQ,173,89,0
NN_v2,3,EQUAL_WEIGHT,2018-10-12,VIS,170,94,0
NN_v2,3,EQUAL_WEIGHT,2018-10-12,VNQ,174,90,1
NN_v2,3,EQUAL_WEIGHT,2018-10-12,VGT,146,83,0
NN_v2,3,EQUAL_WEIGHT,2018-10-19,VGT,147,83,0
NN_v2,3,EQUAL_WEIGHT,2018-10-19,VCR,129,64,0
NN_v2,3,EQUAL_WEIGHT,2018-10-19,VIS,171,94,0
NN_v2,3,EQUAL_WEIGHT,2018-10-26,VOX,155,74,3
NN_v2,3,EQUAL_WEIGHT,2018-10-26,VGT,148,84,1
NN_v2,3,EQUAL_WEIGHT,2018-10-26,VHT,114,67,5
NN_v2,3,EQUAL_WEIGHT,2018-11-02,VGT,149,85,2
NN_v2,3,EQUAL_WEIGHT,2018-11-02,VDE,248,120,0
NN_v2,3,EQUAL_WEIGHT,2018-11-02,VIS,172,95,1
NN_v2,3,EQUAL_WEIGHT,2018-11-09,VDE,249,120,0
NN_v2,3,EQUAL_WEIGHT,2018-11-09,VIS,173,95,0
NN_v2,3,EQUAL_WEIGHT,2018-11-09,VAW,196,109,1
NN_v2,3,EQUAL_WEIGHT,2018-11-16,VIS,174,95,0
NN_v2,3,EQUAL_WEIGHT,2018-11-16,VOX,156,74,0
NN_v2,3,EQUAL_WEIGHT,2018-11-16,VGT,150,85,0
NN_v2,3,EQUAL_WEIGHT,2018-11-23,VGT,151,86,1
NN_v2,3,EQUAL_WEIGHT,2018-11-23,VOX,157,75,1
NN_v2,3,EQUAL_WEIGHT,2018-11-23,VIS,175,96,1
NN_v2,3,EQUAL_WEIGHT,2018-11-30,VAW,197,109,0
NN_v2,3,EQUAL_WEIGHT,2018-11-30,VDE,250,120,0
NN_v2,3,EQUAL_WEIGHT,2018-11-30,VIS,176,96,0
NN_v2,3,EQUAL_WEIGHT,2018-12-07,VFH,231,115,0
NN_v2,3,EQUAL_WEIGHT,2018-12-07,VIS,177,96,0
NN_v2,3,EQUAL_WEIGHT,2018-12-07,VCR,130,64,0
NN_v2,3,EQUAL_WEIGHT,2018-12-14,VDE,251,120,0
NN_v2,3,EQUAL_WEIGHT,2018-12-14,VAW,198,109,0
NN_v2,3,EQUAL_WEIGHT,2018-12-14,VFH,232,115,0
NN_v2,3,EQUAL_WEIGHT,2018-12-21,VOX,158,76,2
NN_v2,3,EQUAL_WEIGHT,2018-12-21,VFH,233,116,1
NN_v2,3,EQUAL_WEIGHT,2018-12-21,VHT,115,68,6
NN_v2,3,EQUAL_WEIGHT,2018-12-28,VDE,252,121,1
NN_v2,3,EQUAL_WEIGHT,2018-12-28,VAW,199,110,1
NN_v2,3,EQUAL_WEIGHT,2018-12-28,VIS,178,97,1
NN_v2,3,EQUAL_WEIGHT,2019-01-04,VGT,152,87,2
NN_v2,3,EQUAL_WEIGHT,2019-01-04,VDC,28,15,2
NN_v2,3,EQUAL_WEIGHT,2019-01-04,VHT,116,69,7
NN_v2,3,EQUAL_WEIGHT,2019-01-11,VFH,234,117,2
NN_v2,3,EQUAL_WEIGHT,2019-01-11,VGT,153,88,3
NN_v2,3,EQUAL_WEIGHT,2019-01-11,VHT,117,70,8
NN_v2,3,EQUAL_WEIGHT,2019-01-18,VDE,253,121,0
NN_v2,3,EQUAL_WEIGHT,2019-01-18,VGT,154,89,4
NN_v2,3,EQUAL_WEIGHT,2019-01-18,VAW,200,111,2
NN_v2,3,EQUAL_WEIGHT,2019-01-25,VDE,254,122,1
NN_v2,3,EQUAL_WEIGHT,2019-01-25,VHT,118,71,9
NN_v2,3,EQUAL_WEIGHT,2019-01-25,VIS,179,98,2
NN_v2,3,EQUAL_WEIGHT,2019-02-01,VDE,255,122,0
NN_v2,3,EQUAL_WEIGHT,2019-02-01,VCR,131,64,0
NN_v2,3,EQUAL_WEIGHT,2019-02-01,VHT,119,71,0
NN_v2,3,EQUAL_WEIGHT,2019-02-08,VFH,235,118,3
NN_v2,3,EQUAL_WEIGHT,2019-02-08,VCR,132,65,1
NN_v2,3,EQUAL_WEIGHT,2019-02-08,VHT,120,72,1
NN_v2,3,EQUAL_WEIGHT,2019-02-15,VDE,256,122,0
NN_v2,3,EQUAL_WEIGHT,2019-02-15,VCR,133,66,2
NN_v2,3,EQUAL_WEIGHT,2019-02-15,VAW,201,112,3
NN_v2,3,EQUAL_WEIGHT,2019-02-22,VDE,257,123,1
NN_v2,3,EQUAL_WEIGHT,2019-02-22,VOX,159,76,0
NN_v2,3,EQUAL_WEIGHT,2019-02-22,VFH,236,119,4
NN_v2,3,EQUAL_WEIGHT,2019-03-01,VDE,258,123,0
NN_v2,3,EQUAL_WEIGHT,2019-03-01,VAW,202,112,0
NN_v2,3,EQUAL_WEIGHT,2019-03-01,VCR,134,66,0
NN_v2,3,EQUAL_WEIGHT,2019-03-08,VFH,237,120,5
NN_v2,3,EQUAL_WEIGHT,2019-03-08,VCR,135,67,1
NN_v2,3,EQUAL_WEIGHT,2019-03-08,VDE,259,124,1
NN_v2,3,EQUAL_WEIGHT,2019-03-15,VDE,260,124,0
NN_v2,3,EQUAL_WEIGHT,2019-03-15,VFH,238,120,0
NN_v2,3,EQUAL_WEIGHT,2019-03-15,VCR,136,68,2
NN_v2,3,EQUAL_WEIGHT,2019-03-22,VDE,261,125,1
NN_v2,3,EQUAL_WEIGHT,2019-03-22,VIS,180,99,3
NN_v2,3,EQUAL_WEIGHT,2019-03-22,VAW,203,113,1
NN_v2,3,EQUAL_WEIGHT,2019-03-29,VDE,262,126,2
NN_v2,3,EQUAL_WEIGHT,2019-03-29,VIS,181,100,4
NN_v2,3,EQUAL_WEIGHT,2019-03-29,VHT,121,72,0
NN_v2,3,EQUAL_WEIGHT,2019-04-05,VDE,263,126,0
NN_v2,3,EQUAL_WEIGHT,2019-04-05,VFH,239,121,1
NN_v2,3,EQUAL_WEIGHT,2019-04-05,VHT,122,72,0
NN_v2,3,EQUAL_WEIGHT,2019-04-12,VDE,264,126,0
NN_v2,3,EQUAL_WEIGHT,2019-04-12,VIS,182,101,5
NN_v2,3,EQUAL_WEIGHT,2019-04-12,VFH,240,122,2
NN_v2,3,EQUAL_WEIGHT,2019-04-19,VDE,265,126,0
NN_v2,3,EQUAL_WEIGHT,2019-04-19,VAW,204,113,0
NN_v2,3,EQUAL_WEIGHT,2019-04-19,VNQ,175,91,2
NN_v2,3,EQUAL_WEIGHT,2019-04-26,VAW,205,113,0
NN_v2,3,EQUAL_WEIGHT,2019-04-26,VIS,183,102,6
NN_v2,3,EQUAL_WEIGHT,2019-04-26,VDE,266,126,0
NN_v2,3,EQUAL_WEIGHT,2019-05-03,VAW,206,113,0
NN_v2,3,EQUAL_WEIGHT,2019-05-03,VDE,267,127,1
NN_v2,3,EQUAL_WEIGHT,2019-05-03,VOX,160,76,0
NN_v2,3,EQUAL_WEIGHT,2019-05-10,VIS,184,103,7
NN_v2,3,EQUAL_WEIGHT,2019-05-10,VCR,137,69,3
NN_v2,3,EQUAL_WEIGHT,2019-05-10,VFH,241,122,0
NN_v2,3,EQUAL_WEIGHT,2019-05-17,VGT,155,89,0
NN_v2,3,EQUAL_WEIGHT,2019-05-17,VCR,138,69,0
NN_v2,3,EQUAL_WEIGHT,2019-05-17,VFH,242,123,1
NN_v2,3,EQUAL_WEIGHT,2019-05-24,VCR,139,69,0
NN_v2,3,EQUAL_WEIGHT,2019-05-24,VGT,156,89,0
NN_v2,3,EQUAL_WEIGHT,2019-05-24,VFH,243,123,0
NN_v2,3,EQUAL_WEIGHT,2019-05-31,VGT,157,90,1
NN_v2,3,EQUAL_WEIGHT,2019-05-31,VCR,140,70,1
NN_v2,3,EQUAL_WEIGHT,2019-05-31,VFH,244,124,1
NN_v2,3,EQUAL_WEIGHT,2019-06-07,VCR,141,71,2
NN_v2,3,EQUAL_WEIGHT,2019-06-07,VIS,185,103,0
NN_v2,3,EQUAL_WEIGHT,2019-06-07,VFH,245,124,0
NN_v2,3,EQUAL_WEIGHT,2019-06-14,VGT,158,91,2
NN_v2,3,EQUAL_WEIGHT,2019-06-14,VIS,186,104,1
NN_v2,3,EQUAL_WEIGHT,2019-06-14,VFH,246,124,0
NN_v2,3,EQUAL_WEIGHT,2019-06-21,VAW,207,114,1
NN_v2,3,EQUAL_WEIGHT,2019-06-21,VFH,247,125,1
NN_v2,3,EQUAL_WEIGHT,2019-06-21,VDE,268,128,2
NN_v2,3,EQUAL_WEIGHT,2019-06-28,VDE,269,128,0
NN_v2,3,EQUAL_WEIGHT,2019-06-28,VCR,142,72,3
NN_v2,3,EQUAL_WEIGHT,2019-06-28,VHT,123,73,1
NN_v2,3,EQUAL_WEIGHT,2019-07-05,VDE,270,129,1
NN_v2,3,EQUAL_WEIGHT,2019-07-05,VIS,187,105,2
NN_v2,3,EQUAL_WEIGHT,2019-07-05,VHT,124,73,0
NN_v2,3,EQUAL_WEIGHT,2019-07-12,VDE,271,129,0
NN_v2,3,EQUAL_WEIGHT,2019-07-12,VHT,125,73,0
NN_v2,3,EQUAL_WEIGHT,2019-07-12,VAW,208,115,2
NN_v2,3,EQUAL_WEIGHT,2019-07-19,VHT,126,74,1
NN_v2,3,EQUAL_WEIGHT,2019-07-19,VFH,248,126,2
NN_v2,3,EQUAL_WEIGHT,2019-07-19,VNQ,176,92,3
NN_v2,3,EQUAL_WEIGHT,2019-07-26,VDE,272,129,0
NN_v2,3,EQUAL_WEIGHT,2019-07-26,VPU,106,54,1
NN_v2,3,EQUAL_WEIGHT,2019-07-26,VHT,127,74,0
NN_v2,3,EQUAL_WEIGHT,2019-08-02,VGT,159,92,3
NN_v2,3,EQUAL_WEIGHT,2019-08-02,VAW,209,116,3
NN_v2,3,EQUAL_WEIGHT,2019-08-02,VHT,128,75,1
NN_v2,3,EQUAL_WEIGHT,2019-08-09,VAW,210,116,0
NN_v2,3,EQUAL_WEIGHT,2019-08-09,VCR,143,72,0
NN_v2,3,EQUAL_WEIGHT,2019-08-09,VGT,160,93,4
NN_v2,3,EQUAL_WEIGHT,2019-08-16,VAW,211,116,0
NN_v2,3,EQUAL_WEIGHT,2019-08-16,VGT,161,93,0
NN_v2,3,EQUAL_WEIGHT,2019-08-16,VIS,188,105,0
NN_v2,3,EQUAL_WEIGHT,2019-08-23,VGT,162,94,1
NN_v2,3,EQUAL_WEIGHT,2019-08-23,VCR,144,73,1
NN_v2,3,EQUAL_WEIGHT,2019-08-23,VAW,212,117,1
NN_v2,3,EQUAL_WEIGHT,2019-08-30,VCR,145,74,2
NN_v2,3,EQUAL_WEIGHT,2019-08-30,VOX,161,77,1
NN_v2,3,EQUAL_WEIGHT,2019-08-30,VHT,129,76,2
NN_v2,3,EQUAL_WEIGHT,2019-09-06,VFH,249,127,3
NN_v2,3,EQUAL_WEIGHT,2019-09-06,VOX,162,78,2
NN_v2,3,EQUAL_WEIGHT,2019-09-06,VDE,273,130,1
NN_v2,3,EQUAL_WEIGHT,2019-09-13,VGT,163,95,2
NN_v2,3,EQUAL_WEIGHT,2019-09-13,VOX,163,78,0
NN_v2,3,EQUAL_WEIGHT,2019-09-13,VDE,274,130,0
NN_v2,3,EQUAL_WEIGHT,2019-09-20,VOX,164,78,0
NN_v2,3,EQUAL_WEIGHT,2019-09-20,VGT,164,95,0
NN_v2,3,EQUAL_WEIGHT,2019-09-20,VIS,189,105,0
NN_v2,3,EQUAL_WEIGHT,2019-09-27,VGT,165,96,1
NN_v2,3,EQUAL_WEIGHT,2019-09-27,VAW,213,117,0
NN_v2,3,EQUAL_WEIGHT,2019-09-27,VCR,146,74,0
NN_v2,3,EQUAL_WEIGHT,2019-10-04,VFH,250,128,4
NN_v2,3,EQUAL_WEIGHT,2019-10-04,VIS,190,106,1
NN_v2,3,EQUAL_WEIGHT,2019-10-04,VAW,214,118,1
NN_v2,3,EQUAL_WEIGHT,2019-10-11,VIS,191,107,2
NN_v2,3,EQUAL_WEIGHT,2019-10-11,VFH,251,129,5
NN_v2,3,EQUAL_WEIGHT,2019-10-11,VOX,165,79,1
NN_v2,3,EQUAL_WEIGHT,2019-10-18,VGT,166,97,2
NN_v2,3,EQUAL_WEIGHT,2019-10-18,VIS,192,108,3
NN_v2,3,EQUAL_WEIGHT,2019-10-18,VAW,215,119,2
NN_v2,3,EQUAL_WEIGHT,2019-10-25,VCR,147,74,0
NN_v2,3,EQUAL_WEIGHT,2019-10-25,VDE,275,130,0
NN_v2,3,EQUAL_WEIGHT,2019-10-25,VAW,216,120,3
NN_v2,3,EQUAL_WEIGHT,2019-11-01,VDE,276,131,1
NN_v2,3,EQUAL_WEIGHT,2019-11-01,VNQ,177,92,0
NN_v2,3,EQUAL_WEIGHT,2019-11-01,VFH,252,130,6
NN_v2,3,EQUAL_WEIGHT,2019-11-08,VDE,277,131,0
NN_v2,3,EQUAL_WEIGHT,2019-11-08,VNQ,178,93,1
NN_v2,3,EQUAL_WEIGHT,2019-11-08,VCR,148,75,1
NN_v2,3,EQUAL_WEIGHT,2019-11-15,VDE,278,131,0
NN_v2,3,EQUAL_WEIGHT,2019-11-15,VOX,166,79,0
NN_v2,3,EQUAL_WEIGHT,2019-11-15,VAW,217,120,0
NN_v2,3,EQUAL_WEIGHT,2019-11-22,VDE,279,131,0
NN_v2,3,EQUAL_WEIGHT,2019-11-22,VAW,218,121,1
NN_v2,3,EQUAL_WEIGHT,2019-11-22,VIS,193,109,4
NN_v2,3,EQUAL_WEIGHT,2019-11-29,VDE,280,132,1
NN_v2,3,EQUAL_WEIGHT,2019-11-29,VAW,219,122,2
NN_v2,3,EQUAL_WEIGHT,2019-11-29,VIS,194,109,0
NN_v2,3,EQUAL_WEIGHT,2019-12-06,VNQ,179,93,0
NN_v2,3,EQUAL_WEIGHT,2019-12-06,VDE,281,133,2
NN_v2,3,EQUAL_WEIGHT,2019-12-06,VPU,107,55,2
NN_v2,3,EQUAL_WEIGHT,2019-12-13,VDE,282,134,3
NN_v2,3,EQUAL_WEIGHT,2019-12-13,VIS,195,109,0
NN_v2,3,EQUAL_WEIGHT,2019-12-13,VOX,167,80,1
NN_v2,3,EQUAL_WEIGHT,2019-12-20,VDE,283,135,4
NN_v2,3,EQUAL_WEIGHT,2019-12-20,VNQ,180,93,0
NN_v2,3,EQUAL_WEIGHT,2019-12-20,VAW,220,123,3
NN_v2,3,EQUAL_WEIGHT,2019-12-27,VDE,284,136,5
NN_v2,3,EQUAL_WEIGHT,2019-12-27,VNQ,181,94,1
NN_v2,3,EQUAL_WEIGHT,2019-12-27,VAW,221,123,0
NN_v2,3,EQUAL_WEIGHT,2020-01-03,VDE,285,136,0
NN_v2,3,EQUAL_WEIGHT,2020-01-03,VAW,222,123,0
NN_v2,3,EQUAL_WEIGHT,2020-01-03,VOX,168,81,2
NN_v2,3,EQUAL_WEIGHT,2020-01-10,VDE,286,136,0
NN_v2,3,EQUAL_WEIGHT,2020-01-10,VAW,223,124,1
NN_v2,3,EQUAL_WEIGHT,2020-01-10,VNQ,182,95,2
NN_v2,3,EQUAL_WEIGHT,2020-01-17,VDE,287,136,0
NN_v2,3,EQUAL_WEIGHT,2020-01-17,VAW,224,124,0
NN_v2,3,EQUAL_WEIGHT,2020-01-17,VIS,196,109,0
NN_v2,3,EQUAL_WEIGHT,2020-01-24,VDE,288,136,0
NN_v2,3,EQUAL_WEIGHT,2020-01-24,VHT,130,76,0
NN_v2,3,EQUAL_WEIGHT,2020-01-24,VFH,253,131,7
NN_v2,3,EQUAL_WEIGHT,2020-01-31,VHT,131,77,1
NN_v2,3,EQUAL_WEIGHT,2020-01-31,VOX,169,82,3
NN_v2,3,EQUAL_WEIGHT,2020-01-31,VDE,289,137,1
NN_v2,3,EQUAL_WEIGHT,2020-02-07,VDE,290,138,2
NN_v2,3,EQUAL_WEIGHT,2020-02-07,VOX,170,83,4
NN_v2,3,EQUAL_WEIGHT,2020-02-07,VAW,225,125,1
NN_v2,3,EQUAL_WEIGHT,2020-02-14,VDE,291,138,0
NN_v2,3,EQUAL_WEIGHT,2020-02-14,VAW,226,125,0
NN_v2,3,EQUAL_WEIGHT,2020-02-14,VHT,132,77,0
NN_v2,3,EQUAL_WEIGHT,2020-02-21,VDE,292,138,0
NN_v2,3,EQUAL_WEIGHT,2020-02-21,VOX,171,83,0
NN_v2,3,EQUAL_WEIGHT,2020-02-21,VHT,133,77,0
NN_v2,3,EQUAL_WEIGHT,2020-02-28,VPU,108,56,3
NN_v2,3,EQUAL_WEIGHT,2020-02-28,VDE,293,138,0
NN_v2,3,EQUAL_WEIGHT,2020-02-28,VGT,167,97,0
NN_v2,3,EQUAL_WEIGHT,2020-03-06,VDE,294,138,0
NN_v2,3,EQUAL_WEIGHT,2020-03-06,VOX,172,83,0
NN_v2,3,EQUAL_WEIGHT,2020-03-06,VFH,254,131,0
NN_v2,3,EQUAL_WEIGHT,2020-03-13,VDE,295,138,0
NN_v2,3,EQUAL_WEIGHT,2020-03-13,VIS,197,109,0
NN_v2,3,EQUAL_WEIGHT,2020-03-13,VFH,255,131,0
NN_v2,3,EQUAL_WEIGHT,2020-03-20,VDE,296,139,1
NN_v2,3,EQUAL_WEIGHT,2020-03-20,VFH,256,132,1
NN_v2,3,EQUAL_WEIGHT,2020-03-20,VIS,198,110,1
NN_v2,3,EQUAL_WEIGHT,2020-03-27,VDE,297,140,2
NN_v2,3,EQUAL_WEIGHT,2020-03-27,VOX,173,83,0
NN_v2,3,EQUAL_WEIGHT,2020-03-27,VAW,227,125,0
NN_v2,3,EQUAL_WEIGHT,2020-04-03,VFH,257,133,2
NN_v2,3,EQUAL_WEIGHT,2020-04-03,VCR,149,76,2
NN_v2,3,EQUAL_WEIGHT,2020-04-03,VNQ,183,96,3
NN_v2,3,EQUAL_WEIGHT,2020-04-10,VDE,298,140,0
NN_v2,3,EQUAL_WEIGHT,2020-04-10,VDC,29,16,3
NN_v2,3,EQUAL_WEIGHT,2020-04-10,VIS,199,110,0
NN_v2,3,EQUAL_WEIGHT,2020-04-17,VNQ,184,96,0
NN_v2,3,EQUAL_WEIGHT,2020-04-17,VPU,109,56,0
NN_v2,3,EQUAL_WEIGHT,2020-04-17,VAW,228,126,1
NN_v2,3,EQUAL_WEIGHT,2020-04-24,VIS,200,111,1
NN_v2,3,EQUAL_WEIGHT,2020-04-24,VCR,150,76,0
NN_v2,3,EQUAL_WEIGHT,2020-04-24,VGT,168,97,0
NN_v2,3,EQUAL_WEIGHT,2020-05-01,VDC,30,17,4
NN_v2,3,EQUAL_WEIGHT,2020-05-01,VIS,201,112,2
NN_v2,3,EQUAL_WEIGHT,2020-05-01,VPU,110,57,1
NN_v2,3,EQUAL_WEIGHT,2020-05-08,VPU,111,57,0
NN_v2,3,EQUAL_WEIGHT,2020-05-08,VAW,229,126,0
NN_v2,3,EQUAL_WEIGHT,2020-05-08,VIS,202,112,0
NN_v2,3,EQUAL_WEIGHT,2020-05-15,VDE,299,141,1
NN_v2,3,EQUAL_WEIGHT,2020-05-15,VNQ,185,97,1
NN_v2,3,EQUAL_WEIGHT,2020-05-15,VPU,112,58,1
NN_v2,3,EQUAL_WEIGHT,2020-05-22,VPU,113,59,2
NN_v2,3,EQUAL_WEIGHT,2020-05-22,VNQ,186,98,2
NN_v2,3,EQUAL_WEIGHT,2020-05-22,VAW,230,127,1
NN_v2,3,EQUAL_WEIGHT,2020-05-29,VDE,300,142,2
NN_v2,3,EQUAL_WEIGHT,2020-05-29,VNQ,187,99,3
NN_v2,3,EQUAL_WEIGHT,2020-05-29,VPU,114,60,3
NN_v2,3,EQUAL_WEIGHT,2020-06-05,VNQ,188,99,0
NN_v2,3,EQUAL_WEIGHT,2020-06-05,VPU,115,60,0
NN_v2,3,EQUAL_WEIGHT,2020-06-05,VIS,203,112,0
NN_v2,3,EQUAL_WEIGHT,2020-06-12,VAW,231,128,2
NN_v2,3,EQUAL_WEIGHT,2020-06-12,VNQ,189,100,1
NN_v2,3,EQUAL_WEIGHT,2020-06-12,VPU,116,60,0
NN_v2,3,EQUAL_WEIGHT,2020-06-19,VNQ,190,100,0
NN_v2,3,EQUAL_WEIGHT,2020-06-19,VAW,232,128,0
NN_v2,3,EQUAL_WEIGHT,2020-06-19,VOX,174,83,0
NN_v2,3,EQUAL_WEIGHT,2020-06-26,VAW,233,129,1
NN_v2,3,EQUAL_WEIGHT,2020-06-26,VNQ,191,101,1
NN_v2,3,EQUAL_WEIGHT,2020-06-26,VIS,204,113,1
NN_v2,3,EQUAL_WEIGHT,2020-07-03,VNQ,192,101,0
NN_v2,3,EQUAL_WEIGHT,2020-07-03,VIS,205,113,0
NN_v2,3,EQUAL_WEIGHT,2020-07-03,VDE,301,142,0
NN_v2,3,EQUAL_WEIGHT,2020-07-10,VFH,258,134,3
NN_v2,3,EQUAL_WEIGHT,2020-07-10,VIS,206,114,1
NN_v2,3,EQUAL_WEIGHT,2020-07-10,VNQ,193,102,1
NN_v2,3,EQUAL_WEIGHT,2020-07-17,VNQ,194,102,0
NN_v2,3,EQUAL_WEIGHT,2020-07-17,VFH,259,135,4
NN_v2,3,EQUAL_WEIGHT,2020-07-17,VIS,207,115,2
NN_v2,3,EQUAL_WEIGHT,2020-07-24,VFH,260,135,0
NN_v2,3,EQUAL_WEIGHT,2020-07-24,VIS,208,115,0
NN_v2,3,EQUAL_WEIGHT,2020-07-24,VNQ,195,103,1
NN_v2,3,EQUAL_WEIGHT,2020-07-31,VIS,209,116,1
NN_v2,3,EQUAL_WEIGHT,2020-07-31,VNQ,196,104,2
NN_v2,3,EQUAL_WEIGHT,2020-07-31,VFH,261,136,1
NN_v2,3,EQUAL_WEIGHT,2020-08-07,VFH,262,137,2
NN_v2,3,EQUAL_WEIGHT,2020-08-07,VDE,302,143,1
NN_v2,3,EQUAL_WEIGHT,2020-08-07,VNQ,197,104,0
NN_v2,3,EQUAL_WEIGHT,2020-08-14,VFH,263,137,0
NN_v2,3,EQUAL_WEIGHT,2020-08-14,VNQ,198,104,0
NN_v2,3,EQUAL_WEIGHT,2020-08-14,VDE,303,143,0
NN_v2,3,EQUAL_WEIGHT,2020-08-21,VNQ,199,105,1
NN_v2,3,EQUAL_WEIGHT,2020-08-21,VDE,304,144,1
NN_v2,3,EQUAL_WEIGHT,2020-08-21,VIS,210,117,2
NN_v2,3,EQUAL_WEIGHT,2020-08-28,VDE,305,144,0
NN_v2,3,EQUAL_WEIGHT,2020-08-28,VIS,211,117,0
NN_v2,3,EQUAL_WEIGHT,2020-08-28,VFH,264,137,0
NN_v2,3,EQUAL_WEIGHT,2020-09-04,VOX,175,83,0
NN_v2,3,EQUAL_WEIGHT,2020-09-04,VIS,212,118,1
NN_v2,3,EQUAL_WEIGHT,2020-09-04,VFH,265,137,0
NN_v2,3,EQUAL_WEIGHT,2020-09-11,VIS,213,119,2
NN_v2,3,EQUAL_WEIGHT,2020-09-11,VOX,176,83,0
NN_v2,3,EQUAL_WEIGHT,2020-09-11,VNQ,200,105,0
NN_v2,3,EQUAL_WEIGHT,2020-09-18,VFH,266,137,0
NN_v2,3,EQUAL_WEIGHT,2020-09-18,VOX,177,84,1
NN_v2,3,EQUAL_WEIGHT,2020-09-18,VNQ,201,105,0
NN_v2,3,EQUAL_WEIGHT,2020-09-25,VFH,267,138,1
NN_v2,3,EQUAL_WEIGHT,2020-09-25,VOX,178,85,2
NN_v2,3,EQUAL_WEIGHT,2020-09-25,VDE,306,144,0
NN_v2,3,EQUAL_WEIGHT,2020-10-02,VFH,268,139,2
NN_v2,3,EQUAL_WEIGHT,2020-10-02,VDE,307,145,1
NN_v2,3,EQUAL_WEIGHT,2020-10-02,VAW,234,130,2
NN_v2,3,EQUAL_WEIGHT,2020-10-09,VDE,308,145,0
NN_v2,3,EQUAL_WEIGHT,2020-10-09,VFH,269,139,0
NN_v2,3,EQUAL_WEIGHT,2020-10-09,VOX,179,85,0
NN_v2,3,EQUAL_WEIGHT,2020-10-16,VDE,309,146,1
NN_v2,3,EQUAL_WEIGHT,2020-10-16,VFH,270,140,1
NN_v2,3,EQUAL_WEIGHT,2020-10-16,VNQ,202,105,0
NN_v2,3,EQUAL_WEIGHT,2020-10-23,VDE,310,146,0
NN_v2,3,EQUAL_WEIGHT,2020-10-23,VGT,169,97,0
NN_v2,3,EQUAL_WEIGHT,2020-10-23,VFH,271,140,0
NN_v2,3,EQUAL_WEIGHT,2020-10-30,VCR,151,77,1
NN_v2,3,EQUAL_WEIGHT,2020-10-30,VIS,214,120,3
NN_v2,3,EQUAL_WEIGHT,2020-10-30,VDC,31,18,5
NN_v2,3,EQUAL_WEIGHT,2020-11-06,VDE,311,147,1
NN_v2,3,EQUAL_WEIGHT,2020-11-06,VFH,272,141,1
NN_v2,3,EQUAL_WEIGHT,2020-11-06,VNQ,203,106,1
NN_v2,3,EQUAL_WEIGHT,2020-11-13,VGT,170,97,0
NN_v2,3,EQUAL_WEIGHT,2020-11-13,VCR,152,78,2
NN_v2,3,EQUAL_WEIGHT,2020-11-13,VAW,235,130,0
NN_v2,3,EQUAL_WEIGHT,2020-11-20,VNQ,204,106,0
NN_v2,3,EQUAL_WEIGHT,2020-11-20,VHT,134,78,1
NN_v2,3,EQUAL_WEIGHT,2020-11-20,VPU,117,61,1
NN_v2,3,EQUAL_WEIGHT,2020-11-27,VGT,171,98,1
NN_v2,3,EQUAL_WEIGHT,2020-11-27,VHT,135,79,2
NN_v2,3,EQUAL_WEIGHT,2020-11-27,VNQ,205,107,1
NN_v2,3,EQUAL_WEIGHT,2020-12-04,VGT,172,98,0
NN_v2,3,EQUAL_WEIGHT,2020-12-04,VNQ,206,107,0
NN_v2,3,EQUAL_WEIGHT,2020-12-04,VPU,118,62,2
NN_v2,3,EQUAL_WEIGHT,2020-12-11,VGT,173,99,1
NN_v2,3,EQUAL_WEIGHT,2020-12-11,VHT,136,80,3
NN_v2,3,EQUAL_WEIGHT,2020-12-11,VPU,119,62,0
NN_v2,3,EQUAL_WEIGHT,2020-12-18,VDE,312,148,2
NN_v2,3,EQUAL_WEIGHT,2020-12-18,VNQ,207,108,1
NN_v2,3,EQUAL_WEIGHT,2020-12-18,VGT,174,100,2
NN_v2,3,EQUAL_WEIGHT,2020-12-25,VDE,313,148,0
NN_v2,3,EQUAL_WEIGHT,2020-12-25,VHT,137,81,4
NN_v2,3,EQUAL_WEIGHT,2020-12-25,VGT,175,100,0
NN_v2,3,EQUAL_WEIGHT,2021-01-01,VDE,314,149,1
NN_v2,3,EQUAL_WEIGHT,2021-01-01,VGT,176,101,1
NN_v2,3,EQUAL_WEIGHT,2021-01-01,VHT,138,82,5
NN_v2,3,EQUAL_WEIGHT,2021-01-08,VNQ,208,109,2
NN_v2,3,EQUAL_WEIGHT,2021-01-08,VGT,177,101,0
NN_v2,3,EQUAL_WEIGHT,2021-01-08,VPU,120,63,1
NN_v2,3,EQUAL_WEIGHT,2021-01-15,VGT,178,102,1
NN_v2,3,EQUAL_WEIGHT,2021-01-15,VOX,180,86,1
NN_v2,3,EQUAL_WEIGHT,2021-01-15,VNQ,209,110,3
NN_v2,3,EQUAL_WEIGHT,2021-01-22,VAW,236,130,0
NN_v2,3,EQUAL_WEIGHT,2021-01-22,VNQ,210,110,0
NN_v2,3,EQUAL_WEIGHT,2021-01-22,VPU,121,63,0
NN_v2,3,EQUAL_WEIGHT,2021-01-29,VIS,215,121,4
NN_v2,3,EQUAL_WEIGHT,2021-01-29,VGT,179,103,2
NN_v2,3,EQUAL_WEIGHT,2021-01-29,VFH,273,142,2
NN_v2,3,EQUAL_WEIGHT,2021-02-05,VAW,237,131,1
NN_v2,3,EQUAL_WEIGHT,2021-02-05,VPU,122,63,0
NN_v2,3,EQUAL_WEIGHT,2021-02-05,VIS,216,122,5
NN_v2,3,EQUAL_WEIGHT,2021-02-12,VAW,238,132,2
NN_v2,3,EQUAL_WEIGHT,2021-02-12,VIS,217,122,0
NN_v2,3,EQUAL_WEIGHT,2021-02-12,VHT,139,82,0
NN_v2,3,EQUAL_WEIGHT,2021-02-19,VGT,180,103,0
NN_v2,3,EQUAL_WEIGHT,2021-02-19,VHT,140,82,0
NN_v2,3,EQUAL_WEIGHT,2021-02-19,VAW,239,132,0
NN_v2,3,EQUAL_WEIGHT,2021-02-26,VCR,153,78,0
NN_v2,3,EQUAL_WEIGHT,2021-02-26,VGT,181,103,0
NN_v2,3,EQUAL_WEIGHT,2021-02-26,VHT,141,82,0
NN_v2,3,EQUAL_WEIGHT,2021-03-05,VGT,182,104,1
NN_v2,3,EQUAL_WEIGHT,2021-03-05,VCR,154,79,1
NN_v2,3,EQUAL_WEIGHT,2021-03-05,VNQ,211,111,1
NN_v2,3,EQUAL_WEIGHT,2021-03-12,VGT,183,104,0
NN_v2,3,EQUAL_WEIGHT,2021-03-12,VHT,142,83,1
NN_v2,3,EQUAL_WEIGHT,2021-03-12,VPU,123,63,0
NN_v2,3,EQUAL_WEIGHT,2021-03-19,VCR,155,79,0
NN_v2,3,EQUAL_WEIGHT,2021-03-19,VPU,124,64,1
NN_v2,3,EQUAL_WEIGHT,2021-03-19,VGT,184,105,1
NN_v2,3,EQUAL_WEIGHT,2021-03-26,VCR,156,80,1
NN_v2,3,EQUAL_WEIGHT,2021-03-26,VOX,181,87,2
NN_v2,3,EQUAL_WEIGHT,2021-03-26,VGT,185,106,2
NN_v2,3,EQUAL_WEIGHT,2021-04-02,VGT,186,107,3
NN_v2,3,EQUAL_WEIGHT,2021-04-02,VCR,157,81,2
NN_v2,3,EQUAL_WEIGHT,2021-04-02,VPU,125,65,2
NN_v2,3,EQUAL_WEIGHT,2021-04-09,VDE,315,149,0
NN_v2,3,EQUAL_WEIGHT,2021-04-09,VCR,158,82,3
NN_v2,3,EQUAL_WEIGHT,2021-04-09,VPU,126,66,3
NN_v2,3,EQUAL_WEIGHT,2021-04-16,VDE,316,149,0
NN_v2,3,EQUAL_WEIGHT,2021-04-16,VOX,182,87,0
NN_v2,3,EQUAL_WEIGHT,2021-04-16,VGT,187,108,4
NN_v2,3,EQUAL_WEIGHT,2021-04-23,VDE,317,150,1
NN_v2,3,EQUAL_WEIGHT,2021-04-23,VOX,183,88,1
NN_v2,3,EQUAL_WEIGHT,2021-04-23,VGT,188,108,0
NN_v2,3,EQUAL_WEIGHT,2021-04-30,VGT,189,108,0
NN_v2,3,EQUAL_WEIGHT,2021-04-30,VHT,143,84,2
NN_v2,3,EQUAL_WEIGHT,2021-04-30,VPU,127,66,0
NN_v2,3,EQUAL_WEIGHT,2021-05-07,VPU,128,66,0
NN_v2,3,EQUAL_WEIGHT,2021-05-07,VCR,159,82,0
NN_v2,3,EQUAL_WEIGHT,2021-05-07,VGT,190,108,0
NN_v2,3,EQUAL_WEIGHT,2021-05-14,VOX,184,88,0
NN_v2,3,EQUAL_WEIGHT,2021-05-14,VCR,160,82,0
NN_v2,3,EQUAL_WEIGHT,2021-05-14,VPU,129,67,1
NN_v2,3,EQUAL_WEIGHT,2021-05-21,VCR,161,83,1
NN_v2,3,EQUAL_WEIGHT,2021-05-21,VOX,185,89,1
NN_v2,3,EQUAL_WEIGHT,2021-05-21,VGT,191,109,1
NN_v2,3,EQUAL_WEIGHT,2021-05-28,VCR,162,83,0
NN_v2,3,EQUAL_WEIGHT,2021-05-28,VGT,192,110,2
NN_v2,3,EQUAL_WEIGHT,2021-05-28,VDE,318,151,2
NN_v2,3,EQUAL_WEIGHT,2021-06-04,VGT,193,111,3
NN_v2,3,EQUAL_WEIGHT,2021-06-04,VCR,163,84,1
NN_v2,3,EQUAL_WEIGHT,2021-06-04,VPU,130,68,2
NN_v2,3,EQUAL_WEIGHT,2021-06-11,VAW,240,132,0
NN_v2,3,EQUAL_WEIGHT,2021-06-11,VCR,164,84,0
NN_v2,3,EQUAL_WEIGHT,2021-06-11,VPU,131,68,0
NN_v2,3,EQUAL_WEIGHT,2021-06-18,VCR,165,85,1
NN_v2,3,EQUAL_WEIGHT,2021-06-18,VAW,241,133,1
NN_v2,3,EQUAL_WEIGHT,2021-06-18,VIS,218,123,1
NN_v2,3,EQUAL_WEIGHT,2021-06-25,VAW,242,134,2
NN_v2,3,EQUAL_WEIGHT,2021-06-25,VFH,274,142,0
NN_v2,3,EQUAL_WEIGHT,2021-06-25,VIS,219,124,2
NN_v2,3,EQUAL_WEIGHT,2021-07-02,VAW,243,135,3
NN_v2,3,EQUAL_WEIGHT,2021-07-02,VFH,275,142,0
NN_v2,3,EQUAL_WEIGHT,2021-07-02,VDE,319,151,0
NN_v2,3,EQUAL_WEIGHT,2021-07-09,VDE,320,151,0
NN_v2,3,EQUAL_WEIGHT,2021-07-09,VFH,276,142,0
NN_v2,3,EQUAL_WEIGHT,2021-07-09,VAW,244,135,0
NN_v2,3,EQUAL_WEIGHT,2021-07-16,VDE,321,152,1
NN_v2,3,EQUAL_WEIGHT,2021-07-16,VFH,277,143,1
NN_v2,3,EQUAL_WEIGHT,2021-07-16,VCR,166,86,2
NN_v2,3,EQUAL_WEIGHT,2021-07-23,VDE,322,153,2
NN_v2,3,EQUAL_WEIGHT,2021-07-23,VAW,245,136,1
NN_v2,3,EQUAL_WEIGHT,2021-07-23,VFH,278,144,2
NN_v2,3,EQUAL_WEIGHT,2021-07-30,VDE,323,153,0
NN_v2,3,EQUAL_WEIGHT,2021-07-30,VCR,167,86,0
NN_v2,3,EQUAL_WEIGHT,2021-07-30,VOX,186,89,0
NN_v2,3,EQUAL_WEIGHT,2021-08-06,VDE,324,154,1
NN_v2,3,EQUAL_WEIGHT,2021-08-06,VAW,246,137,2
NN_v2,3,EQUAL_WEIGHT,2021-08-06,VCR,168,87,1
NN_v2,3,EQUAL_WEIGHT,2021-08-13,VDE,325,154,0
NN_v2,3,EQUAL_WEIGHT,2021-08-13,VOX,187,89,0
NN_v2,3,EQUAL_WEIGHT,2021-08-13,VCR,169,87,0
NN_v2,3,EQUAL_WEIGHT,2021-08-20,VDE,326,155,1
NN_v2,3,EQUAL_WEIGHT,2021-08-20,VAW,247,138,3
NN_v2,3,EQUAL_WEIGHT,2021-08-20,VFH,279,145,3
NN_v2,3,EQUAL_WEIGHT,2021-08-27,VCR,170,88,1
NN_v2,3,EQUAL_WEIGHT,2021-08-27,VDE,327,155,0
NN_v2,3,EQUAL_WEIGHT,2021-08-27,VAW,248,138,0
NN_v2,3,EQUAL_WEIGHT,2021-09-03,VDE,328,155,0
NN_v2,3,EQUAL_WEIGHT,2021-09-03,VAW,249,138,0
NN_v2,3,EQUAL_WEIGHT,2021-09-03,VFH,280,145,0
NN_v2,3,EQUAL_WEIGHT,2021-09-10,VDE,329,156,1
NN_v2,3,EQUAL_WEIGHT,2021-09-10,VFH,281,145,0
NN_v2,3,EQUAL_WEIGHT,2021-09-10,VNQ,212,111,0
NN_v2,3,EQUAL_WEIGHT,2021-09-17,VPU,132,68,0
NN_v2,3,EQUAL_WEIGHT,2021-09-17,VNQ,213,111,0
NN_v2,3,EQUAL_WEIGHT,2021-09-17,VAW,250,139,1
NN_v2,3,EQUAL_WEIGHT,2021-09-24,VNQ,214,111,0
NN_v2,3,EQUAL_WEIGHT,2021-09-24,VPU,133,68,0
NN_v2,3,EQUAL_WEIGHT,2021-09-24,VAW,251,139,0
NN_v2,3,EQUAL_WEIGHT,2021-10-01,VPU,134,69,1
NN_v2,3,EQUAL_WEIGHT,2021-10-01,VGT,194,112,4
NN_v2,3,EQUAL_WEIGHT,2021-10-01,VHT,144,84,0
NN_v2,3,EQUAL_WEIGHT,2021-10-08,VGT,195,113,5
NN_v2,3,EQUAL_WEIGHT,2021-10-08,VAW,252,140,1
NN_v2,3,EQUAL_WEIGHT,2021-10-08,VCR,171,89,2
NN_v2,3,EQUAL_WEIGHT,2021-10-15,VPU,135,70,2
NN_v2,3,EQUAL_WEIGHT,2021-10-15,VAW,253,141,2
NN_v2,3,EQUAL_WEIGHT,2021-10-15,VOX,188,89,0
NN_v2,3,EQUAL_WEIGHT,2021-10-22,VAW,254,141,0
NN_v2,3,EQUAL_WEIGHT,2021-10-22,VPU,136,70,0
NN_v2,3,EQUAL_WEIGHT,2021-10-22,VOX,189,90,1
NN_v2,3,EQUAL_WEIGHT,2021-10-29,VAW,255,142,1
NN_v2,3,EQUAL_WEIGHT,2021-10-29,VIS,220,125,3
NN_v2,3,EQUAL_WEIGHT,2021-10-29,VNQ,215,112,1
NN_v2,3,EQUAL_WEIGHT,2021-11-05,VHT,145,85,1
NN_v2,3,EQUAL_WEIGHT,2021-11-05,VNQ,216,112,0
NN_v2,3,EQUAL_WEIGHT,2021-11-05,VPU,137,70,0
NN_v2,3,EQUAL_WEIGHT,2021-11-12,VCR,172,90,3
NN_v2,3,EQUAL_WEIGHT,2021-11-12,VFH,282,145,0
NN_v2,3,EQUAL_WEIGHT,2021-11-12,VNQ,217,112,0
NN_v2,3,EQUAL_WEIGHT,2021-11-19,VDE,330,157,2
NN_v2,3,EQUAL_WEIGHT,2021-11-19,VAW,256,142,0
NN_v2,3,EQUAL_WEIGHT,2021-11-19,VIS,221,125,0
NN_v2,3,EQUAL_WEIGHT,2021-11-26,VDE,331,157,0
NN_v2,3,EQUAL_WEIGHT,2021-11-26,VFH,283,145,0
NN_v2,3,EQUAL_WEIGHT,2021-11-26,VIS,222,125,0
NN_v2,3,EQUAL_WEIGHT,2021-12-03,VAW,257,143,1
NN_v2,3,EQUAL_WEIGHT,2021-12-03,VCR,173,91,4
NN_v2,3,EQUAL_WEIGHT,2021-12-03,VFH,284,146,1
NN_v2,3,EQUAL_WEIGHT,2021-12-10,VDE,332,157,0
NN_v2,3,EQUAL_WEIGHT,2021-12-10,VCR,174,91,0
NN_v2,3,EQUAL_WEIGHT,2021-12-10,VIS,223,125,0
NN_v2,3,EQUAL_WEIGHT,2021-12-17,VDE,333,158,1
NN_v2,3,EQUAL_WEIGHT,2021-12-17,VCR,175,92,1
NN_v2,3,EQUAL_WEIGHT,2021-12-17,VGT,196,114,6
NN_v2,3,EQUAL_WEIGHT,2021-12-24,VDE,334,159,2
NN_v2,3,EQUAL_WEIGHT,2021-12-24,VCR,176,93,2
NN_v2,3,EQUAL_WEIGHT,2021-12-24,VIS,224,126,1
NN_v2,3,EQUAL_WEIGHT,2021-12-31,VCR,177,93,0
NN_v2,3,EQUAL_WEIGHT,2021-12-31,VDE,335,160,3
NN_v2,3,EQUAL_WEIGHT,2021-12-31,VGT,197,114,0
NN_v2,3,EQUAL_WEIGHT,2022-01-07,VCR,178,93,0
NN_v2,3,EQUAL_WEIGHT,2022-01-07,VGT,198,115,1
NN_v2,3,EQUAL_WEIGHT,2022-01-07,VNQ,218,112,0
NN_v2,3,EQUAL_WEIGHT,2022-01-14,VCR,179,93,0
NN_v2,3,EQUAL_WEIGHT,2022-01-14,VGT,199,115,0
NN_v2,3,EQUAL_WEIGHT,2022-01-14,VOX,190,90,0
NN_v2,3,EQUAL_WEIGHT,2022-01-21,VOX,191,91,1
NN_v2,3,EQUAL_WEIGHT,2022-01-21,VGT,200,116,1
NN_v2,3,EQUAL_WEIGHT,2022-01-21,VHT,146,86,2
NN_v2,3,EQUAL_WEIGHT,2022-01-28,VNQ,219,113,1
NN_v2,3,EQUAL_WEIGHT,2022-01-28,VOX,192,91,0
NN_v2,3,EQUAL_WEIGHT,2022-01-28,VAW,258,144,2
NN_v2,3,EQUAL_WEIGHT,2022-02-04,VGT,201,116,0
NN_v2,3,EQUAL_WEIGHT,2022-02-04,VNQ,220,113,0
NN_v2,3,EQUAL_WEIGHT,2022-02-04,VHT,147,86,0
NN_v2,3,EQUAL_WEIGHT,2022-02-11,VCR,180,93,0
NN_v2,3,EQUAL_WEIGHT,2022-02-11,VGT,202,116,0
NN_v2,3,EQUAL_WEIGHT,2022-02-11,VOX,193,91,0
NN_v2,3,EQUAL_WEIGHT,2022-02-18,VNQ,221,114,1
NN_v2,3,EQUAL_WEIGHT,2022-02-18,VHT,148,87,1
NN_v2,3,EQUAL_WEIGHT,2022-02-18,VGT,203,117,1
NN_v2,3,EQUAL_WEIGHT,2022-02-25,VCR,181,93,0
NN_v2,3,EQUAL_WEIGHT,2022-02-25,VGT,204,117,0
NN_v2,3,EQUAL_WEIGHT,2022-02-25,VNQ,222,115,2
NN_v2,3,EQUAL_WEIGHT,2022-03-04,VGT,205,117,0
NN_v2,3,EQUAL_WEIGHT,2022-03-04,VOX,194,91,0
NN_v2,3,EQUAL_WEIGHT,2022-03-04,VCR,182,93,0
NN_v2,3,EQUAL_WEIGHT,2022-03-11,VGT,206,118,1
NN_v2,3,EQUAL_WEIGHT,2022-03-11,VCR,183,94,1
NN_v2,3,EQUAL_WEIGHT,2022-03-11,VFH,285,147,2
NN_v2,3,EQUAL_WEIGHT,2022-03-18,VNQ,223,115,0
NN_v2,3,EQUAL_WEIGHT,2022-03-18,VOX,195,92,1
NN_v2,3,EQUAL_WEIGHT,2022-03-18,VCR,184,95,2
NN_v2,3,EQUAL_WEIGHT,2022-03-25,VCR,185,95,0
NN_v2,3,EQUAL_WEIGHT,2022-03-25,VGT,207,119,2
NN_v2,3,EQUAL_WEIGHT,2022-03-25,VOX,196,93,2
NN_v2,3,EQUAL_WEIGHT,2022-04-01,VGT,208,119,0
NN_v2,3,EQUAL_WEIGHT,2022-04-01,VFH,286,147,0
NN_v2,3,EQUAL_WEIGHT,2022-04-01,VOX,197,93,0
NN_v2,3,EQUAL_WEIGHT,2022-04-08,VCR,186,96,1
NN_v2,3,EQUAL_WEIGHT,2022-04-08,VGT,209,119,0
NN_v2,3,EQUAL_WEIGHT,2022-04-08,VOX,198,93,0
NN_v2,3,EQUAL_WEIGHT,2022-04-15,VCR,187,96,0
NN_v2,3,EQUAL_WEIGHT,2022-04-15,VFH,287,147,0
NN_v2,3,EQUAL_WEIGHT,2022-04-15,VGT,210,119,0
NN_v2,3,EQUAL_WEIGHT,2022-04-22,VFH,288,147,0
NN_v2,3,EQUAL_WEIGHT,2022-04-22,VGT,211,119,0
NN_v2,3,EQUAL_WEIGHT,2022-04-22,VCR,188,96,0
NN_v2,3,EQUAL_WEIGHT,2022-04-29,VGT,212,119,0
NN_v2,3,EQUAL_WEIGHT,2022-04-29,VFH,289,148,1
NN_v2,3,EQUAL_WEIGHT,2022-04-29,VCR,189,96,0
NN_v2,3,EQUAL_WEIGHT,2022-05-06,VOX,199,94,1
NN_v2,3,EQUAL_WEIGHT,2022-05-06,VGT,213,119,0
NN_v2,3,EQUAL_WEIGHT,2022-05-06,VHT,149,88,2
NN_v2,3,EQUAL_WEIGHT,2022-05-13,VFH,290,148,0
NN_v2,3,EQUAL_WEIGHT,2022-05-13,VGT,214,119,0
NN_v2,3,EQUAL_WEIGHT,2022-05-13,VNQ,224,115,0
NN_v2,3,EQUAL_WEIGHT,2022-05-20,VCR,190,97,1
NN_v2,3,EQUAL_WEIGHT,2022-05-20,VGT,215,120,1
NN_v2,3,EQUAL_WEIGHT,2022-05-20,VOX,200,95,2
NN_v2,3,EQUAL_WEIGHT,2022-05-27,VOX,201,95,0
NN_v2,3,EQUAL_WEIGHT,2022-05-27,VHT,150,88,0
NN_v2,3,EQUAL_WEIGHT,2022-05-27,VGT,216,120,0
NN_v2,3,EQUAL_WEIGHT,2022-06-03,VGT,217,120,0
NN_v2,3,EQUAL_WEIGHT,2022-06-03,VCR,191,97,0
NN_v2,3,EQUAL_WEIGHT,2022-06-03,VOX,202,95,0
NN_v2,3,EQUAL_WEIGHT,2022-06-10,VCR,192,97,0
NN_v2,3,EQUAL_WEIGHT,2022-06-10,VOX,203,95,0
NN_v2,3,EQUAL_WEIGHT,2022-06-10,VNQ,225,115,0
NN_v2,3,EQUAL_WEIGHT,2022-06-17,VDE,336,160,0
NN_v2,3,EQUAL_WEIGHT,2022-06-17,VPU,138,71,1
NN_v2,3,EQUAL_WEIGHT,2022-06-17,VAW,259,145,3
NN_v2,3,EQUAL_WEIGHT,2022-06-24,VFH,291,148,0
NN_v2,3,EQUAL_WEIGHT,2022-06-24,VOX,204,95,0
NN_v2,3,EQUAL_WEIGHT,2022-06-24,VGT,218,120,0
NN_v2,3,EQUAL_WEIGHT,2022-07-01,VCR,193,98,1
NN_v2,3,EQUAL_WEIGHT,2022-07-01,VGT,219,121,1
NN_v2,3,EQUAL_WEIGHT,2022-07-01,VOX,205,96,1
NN_v2,3,EQUAL_WEIGHT,2022-07-08,VPU,139,72,2
NN_v2,3,EQUAL_WEIGHT,2022-07-08,VDE,337,160,0
NN_v2,3,EQUAL_WEIGHT,2022-07-08,VNQ,226,116,1
NN_v2,3,EQUAL_WEIGHT,2022-07-15,VDE,338,161,1
NN_v2,3,EQUAL_WEIGHT,2022-07-15,VCR,194,99,2
NN_v2,3,EQUAL_WEIGHT,2022-07-15,VGT,220,122,2
NN_v2,3,EQUAL_WEIGHT,2022-07-22,VPU,140,73,3
NN_v2,3,EQUAL_WEIGHT,2022-07-22,VDE,339,162,2
NN_v2,3,EQUAL_WEIGHT,2022-07-22,VDC,32,19,6
NN_v2,3,EQUAL_WEIGHT,2022-07-29,VFH,292,149,1
NN_v2,3,EQUAL_WEIGHT,2022-07-29,VOX,206,97,2
NN_v2,3,EQUAL_WEIGHT,2022-07-29,VCR,195,100,3
NN_v2,3,EQUAL_WEIGHT,2022-08-05,VDE,340,163,3
NN_v2,3,EQUAL_WEIGHT,2022-08-05,VCR,196,101,4
NN_v2,3,EQUAL_WEIGHT,2022-08-05,VFH,293,150,2
NN_v2,3,EQUAL_WEIGHT,2022-08-12,VDE,341,164,4
NN_v2,3,EQUAL_WEIGHT,2022-08-12,VCR,197,101,0
NN_v2,3,EQUAL_WEIGHT,2022-08-12,VGT,221,122,0
NN_v2,3,EQUAL_WEIGHT,2022-08-19,VCR,198,101,0
NN_v2,3,EQUAL_WEIGHT,2022-08-19,VGT,222,122,0
NN_v2,3,EQUAL_WEIGHT,2022-08-19,VAW,260,146,4
NN_v2,3,EQUAL_WEIGHT,2022-08-26,VCR,199,101,0
NN_v2,3,EQUAL_WEIGHT,2022-08-26,VGT,223,122,0
NN_v2,3,EQUAL_WEIGHT,2022-08-26,VNQ,227,116,0
NN_v2,3,EQUAL_WEIGHT,2022-09-02,VCR,200,102,1
NN_v2,3,EQUAL_WEIGHT,2022-09-02,VGT,224,123,1
NN_v2,3,EQUAL_WEIGHT,2022-09-02,VIS,225,127,2
NN_v2,3,EQUAL_WEIGHT,2022-09-09,VGT,225,123,0
NN_v2,3,EQUAL_WEIGHT,2022-09-09,VDE,342,164,0
NN_v2,3,EQUAL_WEIGHT,2022-09-09,VCR,201,102,0
NN_v2,3,EQUAL_WEIGHT,2022-09-16,VCR,202,102,0
NN_v2,3,EQUAL_WEIGHT,2022-09-16,VIS,226,127,0
NN_v2,3,EQUAL_WEIGHT,2022-09-16,VGT,226,123,0
NN_v2,3,EQUAL_WEIGHT,2022-09-23,VDE,343,165,1
NN_v2,3,EQUAL_WEIGHT,2022-09-23,VCR,203,102,0
NN_v2,3,EQUAL_WEIGHT,2022-09-23,VFH,294,150,0
NN_v2,3,EQUAL_WEIGHT,2022-09-30,VCR,204,102,0
NN_v2,3,EQUAL_WEIGHT,2022-09-30,VPU,141,73,0
NN_v2,3,EQUAL_WEIGHT,2022-09-30,VOX,207,98,3
NN_v2,3,EQUAL_WEIGHT,2022-10-07,VNQ,228,116,0
NN_v2,3,EQUAL_WEIGHT,2022-10-07,VCR,205,102,0
NN_v2,3,EQUAL_WEIGHT,2022-10-07,VOX,208,98,0
NN_v2,3,EQUAL_WEIGHT,2022-10-14,VOX,209,99,1
NN_v2,3,EQUAL_WEIGHT,2022-10-14,VGT,227,124,1
NN_v2,3,EQUAL_WEIGHT,2022-10-14,VAW,261,147,5
NN_v2,3,EQUAL_WEIGHT,2022-10-21,VNQ,229,117,1
NN_v2,3,EQUAL_WEIGHT,2022-10-21,VCR,206,103,1
NN_v2,3,EQUAL_WEIGHT,2022-10-21,VOX,210,99,0
NN_v2,3,EQUAL_WEIGHT,2022-10-28,VOX,211,99,0
NN_v2,3,EQUAL_WEIGHT,2022-10-28,VCR,207,103,0
NN_v2,3,EQUAL_WEIGHT,2022-10-28,VGT,228,124,0
NN_v2,3,EQUAL_WEIGHT,2022-11-04,VGT,229,125,1
NN_v2,3,EQUAL_WEIGHT,2022-11-04,VCR,208,104,1
NN_v2,3,EQUAL_WEIGHT,2022-11-04,VNQ,230,118,2
NN_v2,3,EQUAL_WEIGHT,2022-11-11,VPU,142,74,1
NN_v2,3,EQUAL_WEIGHT,2022-11-11,VCR,209,104,0
NN_v2,3,EQUAL_WEIGHT,2022-11-11,VNQ,231,118,0
NN_v2,3,EQUAL_WEIGHT,2022-11-18,VGT,230,126,2
NN_v2,3,EQUAL_WEIGHT,2022-11-18,VNQ,232,119,1
NN_v2,3,EQUAL_WEIGHT,2022-11-18,VCR,210,105,1
NN_v2,3,EQUAL_WEIGHT,2022-11-25,VCR,211,106,2
NN_v2,3,EQUAL_WEIGHT,2022-11-25,VGT,231,127,3
NN_v2,3,EQUAL_WEIGHT,2022-11-25,VNQ,233,120,2
NN_v2,3,EQUAL_WEIGHT,2022-12-02,VGT,232,127,0
NN_v2,3,EQUAL_WEIGHT,2022-12-02,VNQ,234,120,0
NN_v2,3,EQUAL_WEIGHT,2022-12-02,VCR,212,106,0
NN_v2,3,EQUAL_WEIGHT,2022-12-09,VGT,233,127,0
NN_v2,3,EQUAL_WEIGHT,2022-12-09,VNQ,235,120,0
NN_v2,3,EQUAL_WEIGHT,2022-12-09,VDE,344,166,2
NN_v2,3,EQUAL_WEIGHT,2022-12-16,VGT,234,127,0
NN_v2,3,EQUAL_WEIGHT,2022-12-16,VAW,262,148,6
NN_v2,3,EQUAL_WEIGHT,2022-12-16,VDE,345,167,3
NN_v2,3,EQUAL_WEIGHT,2022-12-23,VGT,235,128,1
NN_v2,3,EQUAL_WEIGHT,2022-12-23,VFH,295,151,1
NN_v2,3,EQUAL_WEIGHT,2022-12-23,VNQ,236,120,0
NN_v2,3,EQUAL_WEIGHT,2022-12-30,VGT,236,128,0
NN_v2,3,EQUAL_WEIGHT,2022-12-30,VNQ,237,121,1
NN_v2,3,EQUAL_WEIGHT,2022-12-30,VOX,212,100,1
NN_v2,3,EQUAL_WEIGHT,2023-01-06,VGT,237,129,1
NN_v2,3,EQUAL_WEIGHT,2023-01-06,VDE,346,168,4
NN_v2,3,EQUAL_WEIGHT,2023-01-06,VNQ,238,122,2
NN_v2,3,EQUAL_WEIGHT,2023-01-13,VGT,238,130,2
NN_v2,3,EQUAL_WEIGHT,2023-01-13,VDE,347,169,5
NN_v2,3,EQUAL_WEIGHT,2023-01-13,VOX,213,101,2
NN_v2,3,EQUAL_WEIGHT,2023-01-20,VCR,213,107,1
NN_v2,3,EQUAL_WEIGHT,2023-01-20,VGT,239,131,3
NN_v2,3,EQUAL_WEIGHT,2023-01-20,VNQ,239,123,3
NN_v2,3,EQUAL_WEIGHT,2023-01-27,VDE,348,169,0
NN_v2,3,EQUAL_WEIGHT,2023-01-27,VGT,240,132,4
NN_v2,3,EQUAL_WEIGHT,2023-01-27,VAW,263,149,7
NN_v2,3,EQUAL_WEIGHT,2023-02-03,VDE,349,170,1
NN_v2,3,EQUAL_WEIGHT,2023-02-03,VPU,143,74,0
NN_v2,3,EQUAL_WEIGHT,2023-02-03,VNQ,240,123,0
NN_v2,3,EQUAL_WEIGHT,2023-02-10,VOX,214,102,3
NN_v2,3,EQUAL_WEIGHT,2023-02-10,VCR,214,108,2
NN_v2,3,EQUAL_WEIGHT,2023-02-10,VNQ,241,123,0
NN_v2,3,EQUAL_WEIGHT,2023-02-17,VDE,350,171,2
NN_v2,3,EQUAL_WEIGHT,2023-02-17,VNQ,242,123,0
NN_v2,3,EQUAL_WEIGHT,2023-02-17,VAW,264,149,0
NN_v2,3,EQUAL_WEIGHT,2023-02-24,VOX,215,103,4
NN_v2,3,EQUAL_WEIGHT,2023-02-24,VNQ,243,124,1
NN_v2,3,EQUAL_WEIGHT,2023-02-24,VCR,215,109,3
NN_v2,3,EQUAL_WEIGHT,2023-03-03,VDE,351,171,0
NN_v2,3,EQUAL_WEIGHT,2023-03-03,VOX,216,103,0
NN_v2,3,EQUAL_WEIGHT,2023-03-03,VCR,216,109,0
NN_v2,3,EQUAL_WEIGHT,2023-03-10,VOX,217,104,1
NN_v2,3,EQUAL_WEIGHT,2023-03-10,VCR,217,110,1
NN_v2,3,EQUAL_WEIGHT,2023-03-10,VDE,352,171,0
NN_v2,3,EQUAL_WEIGHT,2023-03-17,VCR,218,111,2
NN_v2,3,EQUAL_WEIGHT,2023-03-17,VAW,265,150,1
NN_v2,3,EQUAL_WEIGHT,2023-03-17,VIS,227,128,1
NN_v2,3,EQUAL_WEIGHT,2023-03-24,VNQ,244,125,2
NN_v2,3,EQUAL_WEIGHT,2023-03-24,VAW,266,151,2
NN_v2,3,EQUAL_WEIGHT,2023-03-24,VCR,219,112,3
NN_v2,3,EQUAL_WEIGHT,2023-03-31,VDE,353,171,0
NN_v2,3,EQUAL_WEIGHT,2023-03-31,VNQ,245,125,0
NN_v2,3,EQUAL_WEIGHT,2023-03-31,VFH,296,151,0
NN_v2,3,EQUAL_WEIGHT,2023-04-07,VCR,220,113,4
NN_v2,3,EQUAL_WEIGHT,2023-04-07,VAW,267,152,3
NN_v2,3,EQUAL_WEIGHT,2023-04-07,VIS,228,129,2
NN_v2,3,EQUAL_WEIGHT,2023-04-14,VDE,354,171,0
NN_v2,3,EQUAL_WEIGHT,2023-04-14,VNQ,246,126,1
NN_v2,3,EQUAL_WEIGHT,2023-04-14,VAW,268,152,0
NN_v2,3,EQUAL_WEIGHT,2023-04-21,VDE,355,172,1
NN_v2,3,EQUAL_WEIGHT,2023-04-21,VAW,269,152,0
NN_v2,3,EQUAL_WEIGHT,2023-04-21,VCR,221,114,5
NN_v2,3,EQUAL_WEIGHT,2023-04-28,VDE,356,172,0
NN_v2,3,EQUAL_WEIGHT,2023-04-28,VFH,297,151,0
NN_v2,3,EQUAL_WEIGHT,2023-04-28,VAW,270,152,0
NN_v2,3,EQUAL_WEIGHT,2023-05-05,VFH,298,151,0
NN_v2,3,EQUAL_WEIGHT,2023-05-05,VAW,271,152,0
NN_v2,3,EQUAL_WEIGHT,2023-05-05,VDE,357,172,0
NN_v2,3,EQUAL_WEIGHT,2023-05-12,VAW,272,153,1
NN_v2,3,EQUAL_WEIGHT,2023-05-12,VNQ,247,126,0
NN_v2,3,EQUAL_WEIGHT,2023-05-12,VDE,358,173,1
NN_v2,3,EQUAL_WEIGHT,2023-05-19,VNQ,248,126,0
NN_v2,3,EQUAL_WEIGHT,2023-05-19,VAW,273,153,0
NN_v2,3,EQUAL_WEIGHT,2023-05-19,VDE,359,173,0
NN_v2,3,EQUAL_WEIGHT,2023-05-26,VFH,299,152,1
NN_v2,3,EQUAL_WEIGHT,2023-05-26,VNQ,249,127,1
NN_v2,3,EQUAL_WEIGHT,2023-05-26,VDE,360,174,1
NN_v2,3,EQUAL_WEIGHT,2023-06-02,VDE,361,175,2
NN_v2,3,EQUAL_WEIGHT,2023-06-02,VFH,300,153,2
NN_v2,3,EQUAL_WEIGHT,2023-06-02,VAW,274,154,1
NN_v2,3,EQUAL_WEIGHT,2023-06-09,VDE,362,176,3
NN_v2,3,EQUAL_WEIGHT,2023-06-09,VFH,301,154,3
NN_v2,3,EQUAL_WEIGHT,2023-06-09,VAW,275,155,2
NN_v2,3,EQUAL_WEIGHT,2023-06-16,VDE,363,176,0
NN_v2,3,EQUAL_WEIGHT,2023-06-16,VFH,302,154,0
NN_v2,3,EQUAL_WEIGHT,2023-06-16,VNQ,250,127,0
NN_v2,3,EQUAL_WEIGHT,2023-06-23,VDE,364,177,1
NN_v2,3,EQUAL_WEIGHT,2023-06-23,VFH,303,155,1
NN_v2,3,EQUAL_WEIGHT,2023-06-23,VNQ,251,128,1
NN_v2,3,EQUAL_WEIGHT,2023-06-30,VDE,365,177,0
NN_v2,3,EQUAL_WEIGHT,2023-06-30,VFH,304,155,0
NN_v2,3,EQUAL_WEIGHT,2023-06-30,VNQ,252,129,2
NN_v2,3,EQUAL_WEIGHT,2023-07-07,VDE,366,178,1
NN_v2,3,EQUAL_WEIGHT,2023-07-07,VAW,276,156,3
NN_v2,3,EQUAL_WEIGHT,2023-07-07,VFH,305,156,1
NN_v2,3,EQUAL_WEIGHT,2023-07-14,VDE,367,179,2
NN_v2,3,EQUAL_WEIGHT,2023-07-14,VFH,306,157,2
NN_v2,3,EQUAL_WEIGHT,2023-07-14,VNQ,253,130,3
NN_v2,3,EQUAL_WEIGHT,2023-07-21,VNQ,254,130,0
NN_v2,3,EQUAL_WEIGHT,2023-07-21,VDE,368,180,3
NN_v2,3,EQUAL_WEIGHT,2023-07-21,VOX,218,105,2
NN_v2,3,EQUAL_WEIGHT,2023-07-28,VNQ,255,130,0
NN_v2,3,EQUAL_WEIGHT,2023-07-28,VDE,369,181,4
NN_v2,3,EQUAL_WEIGHT,2023-07-28,VFH,307,157,0
NN_v2,3,EQUAL_WEIGHT,2023-08-04,VGT,241,132,0
NN_v2,3,EQUAL_WEIGHT,2023-08-04,VAW,277,156,0
NN_v2,3,EQUAL_WEIGHT,2023-08-04,VOX,219,105,0
NN_v2,3,EQUAL_WEIGHT,2023-08-11,VGT,242,132,0
NN_v2,3,EQUAL_WEIGHT,2023-08-11,VAW,278,156,0
NN_v2,3,EQUAL_WEIGHT,2023-08-11,VNQ,256,130,0
NN_v2,3,EQUAL_WEIGHT,2023-08-18,VAW,279,156,0
NN_v2,3,EQUAL_WEIGHT,2023-08-18,VGT,243,133,1
NN_v2,3,EQUAL_WEIGHT,2023-08-18,VCR,222,115,6
NN_v2,3,EQUAL_WEIGHT,2023-08-25,VCR,223,116,7
NN_v2,3,EQUAL_WEIGHT,2023-08-25,VNQ,257,131,1
NN_v2,3,EQUAL_WEIGHT,2023-08-25,VOX,220,106,1
NN_v2,3,EQUAL_WEIGHT,2023-09-01,VPU,144,75,1
NN_v2,3,EQUAL_WEIGHT,2023-09-01,VNQ,258,131,0
NN_v2,3,EQUAL_WEIGHT,2023-09-01,VOX,221,106,0
NN_v2,3,EQUAL_WEIGHT,2023-09-08,VAW,280,156,0
NN_v2,3,EQUAL_WEIGHT,2023-09-08,VNQ,259,132,1
NN_v2,3,EQUAL_WEIGHT,2023-09-08,VGT,244,133,0
NN_v2,3,EQUAL_WEIGHT,2023-09-15,VGT,245,133,0
NN_v2,3,EQUAL_WEIGHT,2023-09-15,VAW,281,156,0
NN_v2,3,EQUAL_WEIGHT,2023-09-15,VNQ,260,132,0
NN_v2,3,EQUAL_WEIGHT,2023-09-22,VCR,224,117,8
NN_v2,3,EQUAL_WEIGHT,2023-09-22,VIS,229,130,3
NN_v2,3,EQUAL_WEIGHT,2023-09-22,VGT,246,134,1
NN_v2,3,EQUAL_WEIGHT,2023-09-29,VAW,282,156,0
NN_v2,3,EQUAL_WEIGHT,2023-09-29,VIS,230,130,0
NN_v2,3,EQUAL_WEIGHT,2023-09-29,VGT,247,135,2
NN_v2,3,EQUAL_WEIGHT,2023-10-06,VAW,283,156,0
NN_v2,3,EQUAL_WEIGHT,2023-10-06,VDE,370,182,5
NN_v2,3,EQUAL_WEIGHT,2023-10-06,VCR,225,118,9
NN_v2,3,EQUAL_WEIGHT,2023-10-13,VIS,231,130,0
NN_v2,3,EQUAL_WEIGHT,2023-10-13,VAW,284,156,0
NN_v2,3,EQUAL_WEIGHT,2023-10-13,VGT,248,135,0
NN_v2,3,EQUAL_WEIGHT,2023-10-20,VAW,285,157,1
NN_v2,3,EQUAL_WEIGHT,2023-10-20,VCR,226,118,0
NN_v2,3,EQUAL_WEIGHT,2023-10-20,VIS,232,130,0
NN_v2,3,EQUAL_WEIGHT,2023-10-27,VDE,371,183,6
NN_v2,3,EQUAL_WEIGHT,2023-10-27,VHT,151,89,1
NN_v2,3,EQUAL_WEIGHT,2023-10-27,VGT,249,136,1
NN_v2,3,EQUAL_WEIGHT,2023-11-03,VDE,372,183,0
NN_v2,3,EQUAL_WEIGHT,2023-11-03,VPU,145,75,0
NN_v2,3,EQUAL_WEIGHT,2023-11-03,VAW,286,157,0
NN_v2,3,EQUAL_WEIGHT,2023-11-10,VPU,146,76,1
NN_v2,3,EQUAL_WEIGHT,2023-11-10,VNQ,261,133,1
NN_v2,3,EQUAL_WEIGHT,2023-11-10,VDE,373,184,1
NN_v2,3,EQUAL_WEIGHT,2023-11-17,VNQ,262,134,2
NN_v2,3,EQUAL_WEIGHT,2023-11-17,VPU,147,77,2
NN_v2,3,EQUAL_WEIGHT,2023-11-17,VDE,374,184,0
NN_v2,3,EQUAL_WEIGHT,2023-11-24,VNQ,263,135,3
NN_v2,3,EQUAL_WEIGHT,2023-11-24,VCR,227,119,1
NN_v2,3,EQUAL_WEIGHT,2023-11-24,VPU,148,78,3
NN_v2,3,EQUAL_WEIGHT,2023-12-01,VDE,375,184,0
NN_v2,3,EQUAL_WEIGHT,2023-12-01,VOX,222,107,1
NN_v2,3,EQUAL_WEIGHT,2023-12-01,VPU,149,79,4
NN_v2,3,EQUAL_WEIGHT,2023-12-08,VDE,376,185,1
NN_v2,3,EQUAL_WEIGHT,2023-12-08,VPU,150,80,5
NN_v2,3,EQUAL_WEIGHT,2023-12-08,VNQ,264,136,4
NN_v2,3,EQUAL_WEIGHT,2023-12-15,VDE,377,185,0
NN_v2,3,EQUAL_WEIGHT,2023-12-15,VPU,151,80,0
NN_v2,3,EQUAL_WEIGHT,2023-12-15,VOX,223,108,2
NN_v2,3,EQUAL_WEIGHT,2023-12-22,VDE,378,185,0
NN_v2,3,EQUAL_WEIGHT,2023-12-22,VPU,152,81,1
NN_v2,3,EQUAL_WEIGHT,2023-12-22,VNQ,265,137,5
NN_v2,3,EQUAL_WEIGHT,2023-12-29,VDE,379,186,1
NN_v2,3,EQUAL_WEIGHT,2023-12-29,VPU,153,82,2
NN_v2,3,EQUAL_WEIGHT,2023-12-29,VNQ,266,137,0
NN_v2,3,EQUAL_WEIGHT,2024-01-05,VCR,228,120,2
NN_v2,3,EQUAL_WEIGHT,2024-01-05,VGT,250,137,2
NN_v2,3,EQUAL_WEIGHT,2024-01-05,VIS,233,131,1
NN_v2,3,EQUAL_WEIGHT,2024-01-12,VDE,380,186,0
NN_v2,3,EQUAL_WEIGHT,2024-01-12,VCR,229,121,3
NN_v2,3,EQUAL_WEIGHT,2024-01-12,VPU,154,82,0
NN_v2,3,EQUAL_WEIGHT,2024-01-19,VNQ,267,137,0
NN_v2,3,EQUAL_WEIGHT,2024-01-19,VDE,381,187,1
NN_v2,3,EQUAL_WEIGHT,2024-01-19,VPU,155,83,1
NN_v2,3,EQUAL_WEIGHT,2024-01-26,VNQ,268,137,0
NN_v2,3,EQUAL_WEIGHT,2024-01-26,VCR,230,122,4
NN_v2,3,EQUAL_WEIGHT,2024-01-26,VPU,156,84,2
NN_v2,3,EQUAL_WEIGHT,2024-02-02,VNQ,269,138,1
NN_v2,3,EQUAL_WEIGHT,2024-02-02,VDE,382,188,2
NN_v2,3,EQUAL_WEIGHT,2024-02-02,VPU,157,84,0
NN_v2,3,EQUAL_WEIGHT,2024-02-09,VDE,383,189,3
NN_v2,3,EQUAL_WEIGHT,2024-02-09,VNQ,270,138,0
NN_v2,3,EQUAL_WEIGHT,2024-02-09,VPU,158,85,1
NN_v2,3,EQUAL_WEIGHT,2024-02-16,VGT,251,138,3
NN_v2,3,EQUAL_WEIGHT,2024-02-16,VNQ,271,139,1
NN_v2,3,EQUAL_WEIGHT,2024-02-16,VDE,384,190,4
NN_v2,3,EQUAL_WEIGHT,2024-02-23,VGT,252,139,4
NN_v2,3,EQUAL_WEIGHT,2024-02-23,VDE,385,191,5
NN_v2,3,EQUAL_WEIGHT,2024-02-23,VNQ,272,140,2
NN_v2,3,EQUAL_WEIGHT,2024-03-01,VDE,386,192,6
NN_v2,3,EQUAL_WEIGHT,2024-03-01,VPU,159,86,2
NN_v2,3,EQUAL_WEIGHT,2024-03-01,VNQ,273,141,3
NN_v2,3,EQUAL_WEIGHT,2024-03-08,VCR,231,122,0
NN_v2,3,EQUAL_WEIGHT,2024-03-08,VGT,253,139,0
NN_v2,3,EQUAL_WEIGHT,2024-03-08,VDE,387,193,7
NN_v2,3,EQUAL_WEIGHT,2024-03-15,VGT,254,140,1
NN_v2,3,EQUAL_WEIGHT,2024-03-15,VNQ,274,141,0
NN_v2,3,EQUAL_WEIGHT,2024-03-15,VPU,160,87,3
NN_v2,3,EQUAL_WEIGHT,2024-03-22,VNQ,275,142,1
NN_v2,3,EQUAL_WEIGHT,2024-03-22,VDE,388,194,8
NN_v2,3,EQUAL_WEIGHT,2024-03-22,VGT,255,141,2
NN_v2,3,EQUAL_WEIGHT,2024-03-29,VGT,256,141,0
NN_v2,3,EQUAL_WEIGHT,2024-03-29,VNQ,276,142,0
NN_v2,3,EQUAL_WEIGHT,2024-03-29,VOX,224,109,3
NN_v2,3,EQUAL_WEIGHT,2024-04-05,VCR,232,122,0
NN_v2,3,EQUAL_WEIGHT,2024-04-05,VGT,257,141,0
NN_v2,3,EQUAL_WEIGHT,2024-04-05,VNQ,277,142,0
NN_v2,3,EQUAL_WEIGHT,2024-04-12,VCR,233,122,0
NN_v2,3,EQUAL_WEIGHT,2024-04-12,VNQ,278,142,0
NN_v2,3,EQUAL_WEIGHT,2024-04-12,VFH,308,157,0
NN_v2,3,EQUAL_WEIGHT,2024-04-19,VCR,234,123,1
NN_v2,3,EQUAL_WEIGHT,2024-04-19,VGT,258,142,1
NN_v2,3,EQUAL_WEIGHT,2024-04-19,VNQ,279,143,1
NN_v2,3,EQUAL_WEIGHT,2024-04-26,VNQ,280,144,2
NN_v2,3,EQUAL_WEIGHT,2024-04-26,VGT,259,143,2
NN_v2,3,EQUAL_WEIGHT,2024-04-26,VCR,235,123,0
NN_v2,3,EQUAL_WEIGHT,2024-05-03,VGT,260,144,3
NN_v2,3,EQUAL_WEIGHT,2024-05-03,VNQ,281,145,3
NN_v2,3,EQUAL_WEIGHT,2024-05-03,VCR,236,124,1
NN_v2,3,EQUAL_WEIGHT,2024-05-10,VNQ,282,146,4
NN_v2,3,EQUAL_WEIGHT,2024-05-10,VGT,261,145,4
NN_v2,3,EQUAL_WEIGHT,2024-05-10,VCR,237,124,0
NN_v2,3,EQUAL_WEIGHT,2024-05-17,VCR,238,124,0
NN_v2,3,EQUAL_WEIGHT,2024-05-17,VGT,262,146,5
NN_v2,3,EQUAL_WEIGHT,2024-05-17,VNQ,283,146,0
NN_v2,3,EQUAL_WEIGHT,2024-05-24,VNQ,284,147,1
NN_v2,3,EQUAL_WEIGHT,2024-05-24,VDE,389,195,9
NN_v2,3,EQUAL_WEIGHT,2024-05-24,VCR,239,125,1
NN_v2,3,EQUAL_WEIGHT,2024-05-31,VDE,390,195,0
NN_v2,3,EQUAL_WEIGHT,2024-05-31,VGT,263,147,6
NN_v2,3,EQUAL_WEIGHT,2024-05-31,VNQ,285,147,0
NN_v2,3,EQUAL_WEIGHT,2024-06-07,VDE,391,195,0
NN_v2,3,EQUAL_WEIGHT,2024-06-07,VPU,161,87,0
NN_v2,3,EQUAL_WEIGHT,2024-06-07,VNQ,286,148,1
NN_v2,3,EQUAL_WEIGHT,2024-06-14,VDE,392,196,1
NN_v2,3,EQUAL_WEIGHT,2024-06-14,VPU,162,87,0
NN_v2,3,EQUAL_WEIGHT,2024-06-14,VCR,240,126,2
NN_v2,3,EQUAL_WEIGHT,2024-06-21,VDE,393,197,2
NN_v2,3,EQUAL_WEIGHT,2024-06-21,VPU,163,87,0
NN_v2,3,EQUAL_WEIGHT,2024-06-21,VNQ,287,148,0
NN_v2,3,EQUAL_WEIGHT,2024-06-28,VPU,164,87,0
NN_v2,3,EQUAL_WEIGHT,2024-06-28,VGT,264,148,7
NN_v2,3,EQUAL_WEIGHT,2024-06-28,VCR,241,127,3
NN_v2,3,EQUAL_WEIGHT,2024-07-05,VDE,394,198,3
NN_v2,3,EQUAL_WEIGHT,2024-07-05,VPU,165,88,1
NN_v2,3,EQUAL_WEIGHT,2024-07-05,VNQ,288,149,1
NN_v2,3,EQUAL_WEIGHT,2024-07-12,VDE,395,199,4
NN_v2,3,EQUAL_WEIGHT,2024-07-12,VOX,225,109,0
NN_v2,3,EQUAL_WEIGHT,2024-07-12,VGT,265,148,0
NN_v2,3,EQUAL_WEIGHT,2024-07-19,VGT,266,148,0
NN_v2,3,EQUAL_WEIGHT,2024-07-19,VPU,166,89,2
NN_v2,3,EQUAL_WEIGHT,2024-07-19,VOX,226,109,0
NN_v2,3,EQUAL_WEIGHT,2024-07-26,VGT,267,148,0
NN_v2,3,EQUAL_WEIGHT,2024-07-26,VOX,227,109,0
NN_v2,3,EQUAL_WEIGHT,2024-07-26,VCR,242,127,0
NN_v2,3,EQUAL_WEIGHT,2024-08-02,VGT,268,149,1
NN_v2,3,EQUAL_WEIGHT,2024-08-02,VCR,243,128,1
NN_v2,3,EQUAL_WEIGHT,2024-08-02,VDE,396,200,5
NN_v2,3,EQUAL_WEIGHT,2024-08-09,VGT,269,150,2
NN_v2,3,EQUAL_WEIGHT,2024-08-09,VCR,244,129,2
NN_v2,3,EQUAL_WEIGHT,2024-08-09,VDE,397,201,6
NN_v2,3,EQUAL_WEIGHT,2024-08-16,VDE,398,201,0
NN_v2,3,EQUAL_WEIGHT,2024-08-16,VGT,270,151,3
NN_v2,3,EQUAL_WEIGHT,2024-08-16,VCR,245,130,3
NN_v2,3,EQUAL_WEIGHT,2024-08-23,VGT,271,151,0
NN_v2,3,EQUAL_WEIGHT,2024-08-23,VDE,399,201,0
NN_v2,3,EQUAL_WEIGHT,2024-08-23,VCR,246,130,0
NN_v2,3,EQUAL_WEIGHT,2024-08-30,VGT,272,151,0
NN_v2,3,EQUAL_WEIGHT,2024-08-30,VCR,247,130,0
NN_v2,3,EQUAL_WEIGHT,2024-08-30,VDE,400,201,0
NN_v2,3,EQUAL_WEIGHT,2024-09-06,VGT,273,152,1
NN_v2,3,EQUAL_WEIGHT,2024-09-06,VDE,401,201,0
NN_v2,3,EQUAL_WEIGHT,2024-09-06,VOX,228,110,1
NN_v2,3,EQUAL_WEIGHT,2024-09-13,VDE,402,202,1
NN_v2,3,EQUAL_WEIGHT,2024-09-13,VGT,274,153,2
NN_v2,3,EQUAL_WEIGHT,2024-09-13,VFH,309,158,1
NN_v2,3,EQUAL_WEIGHT,2024-09-20,VGT,275,154,3
NN_v2,3,EQUAL_WEIGHT,2024-09-20,VDE,403,202,0
NN_v2,3,EQUAL_WEIGHT,2024-09-20,VAW,287,158,1
NN_v2,3,EQUAL_WEIGHT,2024-09-27,VGT,276,155,4
NN_v2,3,EQUAL_WEIGHT,2024-09-27,VDE,404,203,1
NN_v2,3,EQUAL_WEIGHT,2024-09-27,VFH,310,159,2
NN_v2,3,EQUAL_WEIGHT,2024-10-04,VGT,277,156,5
NN_v2,3,EQUAL_WEIGHT,2024-10-04,VCR,248,130,0
NN_v2,3,EQUAL_WEIGHT,2024-10-04,VAW,288,159,2
NN_v2,3,EQUAL_WEIGHT,2024-10-11,VDE,405,203,0
NN_v2,3,EQUAL_WEIGHT,2024-10-11,VGT,278,156,0
NN_v2,3,EQUAL_WEIGHT,2024-10-11,VCR,249,131,1
NN_v2,3,EQUAL_WEIGHT,2024-10-18,VDE,406,203,0
NN_v2,3,EQUAL_WEIGHT,2024-10-18,VGT,279,157,1
NN_v2,3,EQUAL_WEIGHT,2024-10-18,VCR,250,132,2
NN_v2,3,EQUAL_WEIGHT,2024-10-25,VDE,407,204,1
NN_v2,3,EQUAL_WEIGHT,2024-10-25,VGT,280,157,0
NN_v2,3,EQUAL_WEIGHT,2024-10-25,VIS,234,131,0
NN_v2,3,EQUAL_WEIGHT,2024-11-01,VGT,281,158,1
NN_v2,3,EQUAL_WEIGHT,2024-11-01,VAW,289,160,3
NN_v2,3,EQUAL_WEIGHT,2024-11-01,VNQ,289,150,2
NN_v2,3,EQUAL_WEIGHT,2024-11-08,VPU,167,90,3
NN_v2,3,EQUAL_WEIGHT,2024-11-08,VNQ,290,150,0
NN_v2,3,EQUAL_WEIGHT,2024-11-08,VAW,290,160,0
NN_v2,3,EQUAL_WEIGHT,2024-11-15,VGT,282,159,2
NN_v2,3,EQUAL_WEIGHT,2024-11-15,VAW,291,161,1
NN_v2,3,EQUAL_WEIGHT,2024-11-15,VHT,152,90,2
NN_v2,3,EQUAL_WEIGHT,2024-11-22,VGT,283,159,0
NN_v2,3,EQUAL_WEIGHT,2024-11-22,VHT,153,91,3
NN_v2,3,EQUAL_WEIGHT,2024-11-22,VAW,292,162,2
NN_v2,3,EQUAL_WEIGHT,2024-11-29,VDE,408,204,0
NN_v2,3,EQUAL_WEIGHT,2024-11-29,VGT,284,160,1
NN_v2,3,EQUAL_WEIGHT,2024-11-29,VHT,154,91,0
NN_v2,3,EQUAL_WEIGHT,2024-12-06,VDE,409,204,0
NN_v2,3,EQUAL_WEIGHT,2024-12-06,VPU,168,90,0
NN_v2,3,EQUAL_WEIGHT,2024-12-06,VIS,235,131,0
NN_v2,3,EQUAL_WEIGHT,2024-12-13,VDE,410,204,0
NN_v2,3,EQUAL_WEIGHT,2024-12-13,VIS,236,131,0
NN_v2,3,EQUAL_WEIGHT,2024-12-13,VAW,293,162,0
NN_v2,3,EQUAL_WEIGHT,2024-12-20,VDE,411,205,1
NN_v2,3,EQUAL_WEIGHT,2024-12-20,VIS,237,132,1
NN_v2,3,EQUAL_WEIGHT,2024-12-20,VNQ,291,151,1
NN_v2,3,EQUAL_WEIGHT,2024-12-27,VDE,412,206,2
NN_v2,3,EQUAL_WEIGHT,2024-12-27,VIS,238,133,2
NN_v2,3,EQUAL_WEIGHT,2024-12-27,VNQ,292,152,2
NN_v2,3,EQUAL_WEIGHT,2025-01-03,VIS,239,133,0
NN_v2,3,EQUAL_WEIGHT,2025-01-03,VDC,33,19,0
NN_v2,3,EQUAL_WEIGHT,2025-01-03,VNQ,293,152,0
NN_v2,3,EQUAL_WEIGHT,2025-01-10,VGT,285,161,2
NN_v2,3,EQUAL_WEIGHT,2025-01-10,VFH,311,160,3
NN_v2,3,EQUAL_WEIGHT,2025-01-10,VDC,34,20,1
NN_v2,3,EQUAL_WEIGHT,2025-01-17,VHT,155,92,1
NN_v2,3,EQUAL_WEIGHT,2025-01-17,VNQ,294,153,1
NN_v2,3,EQUAL_WEIGHT,2025-01-17,VGT,286,162,3
NN_v2,3,EQUAL_WEIGHT,2025-01-24,VDE,413,206,0
NN_v2,3,EQUAL_WEIGHT,2025-01-24,VPU,169,91,1
NN_v2,3,EQUAL_WEIGHT,2025-01-24,VHT,156,93,2
NN_v2,3,EQUAL_WEIGHT,2025-01-31,VPU,170,92,2
NN_v2,3,EQUAL_WEIGHT,2025-01-31,VAW,294,163,1
NN_v2,3,EQUAL_WEIGHT,2025-01-31,VIS,240,134,1
NN_v2,3,EQUAL_WEIGHT,2025-02-07,VGT,287,163,4
NN_v2,3,EQUAL_WEIGHT,2025-02-07,VIS,241,134,0
NN_v2,3,EQUAL_WEIGHT,2025-02-07,VCR,251,133,3
NN_v2,3,EQUAL_WEIGHT,2025-02-14,VNQ,295,154,2
NN_v2,3,EQUAL_WEIGHT,2025-02-14,VCR,252,133,0
NN_v2,3,EQUAL_WEIGHT,2025-02-14,VHT,157,94,3
NN_v2,3,EQUAL_WEIGHT,2025-02-21,VGT,288,163,0
NN_v2,3,EQUAL_WEIGHT,2025-02-21,VNQ,296,155,3
NN_v2,3,EQUAL_WEIGHT,2025-02-21,VFH,312,161,4
NN_v2,3,EQUAL_WEIGHT,2025-02-28,VAW,295,163,0
NN_v2,3,EQUAL_WEIGHT,2025-02-28,VDE,414,206,0
NN_v2,3,EQUAL_WEIGHT,2025-02-28,VIS,242,134,0
NN_v2,3,EQUAL_WEIGHT,2025-03-07,VDE,415,207,1
NN_v2,3,EQUAL_WEIGHT,2025-03-07,VFH,313,162,5
NN_v2,3,EQUAL_WEIGHT,2025-03-07,VPU,171,93,3
NN_v2,3,EQUAL_WEIGHT,2025-03-14,VAW,296,163,0
NN_v2,3,EQUAL_WEIGHT,2025-03-14,VFH,314,163,6
NN_v2,3,EQUAL_WEIGHT,2025-03-14,VIS,243,135,1
NN_v2,3,EQUAL_WEIGHT,2025-03-21,VAW,297,163,0
NN_v2,3,EQUAL_WEIGHT,2025-03-21,VIS,244,135,0
NN_v2,3,EQUAL_WEIGHT,2025-03-21,VOX,229,110,0
NN_v2,3,EQUAL_WEIGHT,2025-03-28,VAW,298,163,0
NN_v2,3,EQUAL_WEIGHT,2025-03-28,VIS,245,135,0
NN_v2,3,EQUAL_WEIGHT,2025-03-28,VOX,230,110,0
NN_v2,3,EQUAL_WEIGHT,2025-04-04,VHT,158,95,4
NN_v2,3,EQUAL_WEIGHT,2025-04-04,VAW,299,164,1
NN_v2,3,EQUAL_WEIGHT,2025-04-04,VFH,315,164,7
NN_v2,3,EQUAL_WEIGHT,2025-04-11,VNQ,297,156,4
NN_v2,3,EQUAL_WEIGHT,2025-04-11,VFH,316,164,0
NN_v2,3,EQUAL_WEIGHT,2025-04-11,VHT,159,95,0
NN_v2,3,EQUAL_WEIGHT,2025-04-18,VHT,160,96,1
NN_v2,3,EQUAL_WEIGHT,2025-04-18,VAW,300,165,2
NN_v2,3,EQUAL_WEIGHT,2025-04-18,VCR,253,134,1
NN_v2,3,EQUAL_WEIGHT,2025-04-25,VAW,301,166,3
NN_v2,3,EQUAL_WEIGHT,2025-04-25,VIS,246,136,1
NN_v2,3,EQUAL_WEIGHT,2025-04-25,VCR,254,135,2
NN_v2,3,EQUAL_WEIGHT,2025-05-02,VDE,416,208,2
NN_v2,3,EQUAL_WEIGHT,2025-05-02,VCR,255,136,3
NN_v2,3,EQUAL_WEIGHT,2025-05-02,VAW,302,166,0
NN_v2,3,EQUAL_WEIGHT,2025-05-09,VDE,417,209,3
NN_v2,3,EQUAL_WEIGHT,2025-05-09,VOX,231,111,1
NN_v2,3,EQUAL_WEIGHT,2025-05-09,VAW,303,167,1
NN_v2,3,EQUAL_WEIGHT,2025-05-16,VDE,418,209,0
NN_v2,3,EQUAL_WEIGHT,2025-05-16,VAW,304,167,0
NN_v2,3,EQUAL_WEIGHT,2025-05-16,VNQ,298,156,0
NN_v2,3,EQUAL_WEIGHT,2025-05-23,VAW,305,167,0
NN_v2,3,EQUAL_WEIGHT,2025-05-23,VFH,317,165,1
NN_v2,3,EQUAL_WEIGHT,2025-05-23,VNQ,299,157,1
NN_v2,3,EQUAL_WEIGHT,2025-05-30,VDE,419,210,1
NN_v2,3,EQUAL_WEIGHT,2025-05-30,VAW,306,168,1
NN_v2,3,EQUAL_WEIGHT,2025-05-30,VFH,318,166,2
NN_v2,3,EQUAL_WEIGHT,2025-06-06,VCR,256,136,0
NN_v2,3,EQUAL_WEIGHT,2025-06-06,VDE,420,211,2
NN_v2,3,EQUAL_WEIGHT,2025-06-06,VHT,161,97,2
NN_v2,3,EQUAL_WEIGHT,2025-06-13,VCR,257,136,0
NN_v2,3,EQUAL_WEIGHT,2025-06-13,VFH,319,167,3
NN_v2,3,EQUAL_WEIGHT,2025-06-13,VDC,35,20,0
NN_v2,3,EQUAL_WEIGHT,2025-06-20,VCR,258,137,1
NN_v2,3,EQUAL_WEIGHT,2025-06-20,VFH,320,168,4
NN_v2,3,EQUAL_WEIGHT,2025-06-20,VAW,307,169,2
NN_v2,3,EQUAL_WEIGHT,2025-06-27,VDE,421,212,3
NN_v2,3,EQUAL_WEIGHT,2025-06-27,VHT,162,98,3
NN_v2,3,EQUAL_WEIGHT,2025-06-27,VAW,308,170,3
NN_v2,3,EQUAL_WEIGHT,2025-07-04,VDE,422,213,4
NN_v2,3,EQUAL_WEIGHT,2025-07-04,VNQ,300,157,0
NN_v2,3,EQUAL_WEIGHT,2025-07-04,VHT,163,98,0
NN_v2,3,EQUAL_WEIGHT,2025-07-11,VFH,321,169,5
NN_v2,3,EQUAL_WEIGHT,2025-07-11,VCR,259,138,2
NN_v2,3,EQUAL_WEIGHT,2025-07-11,VNQ,301,158,1
NN_v2,3,EQUAL_WEIGHT,2025-07-18,VCR,260,139,3
NN_v2,3,EQUAL_WEIGHT,2025-07-18,VDE,423,214,5
NN_v2,3,EQUAL_WEIGHT,2025-07-18,VFH,322,170,6
NN_v2,3,EQUAL_WEIGHT,2025-07-25,VDE,424,214,0
NN_v2,3,EQUAL_WEIGHT,2025-07-25,VCR,261,139,0
NN_v2,3,EQUAL_WEIGHT,2025-07-25,VHT,164,98,0
NN_v2,3,EQUAL_WEIGHT,2025-08-01,VDE,425,214,0
NN_v2,3,EQUAL_WEIGHT,2025-08-01,VCR,262,140,1
NN_v2,3,EQUAL_WEIGHT,2025-08-01,VFH,323,171,7
NN_v2,3,EQUAL_WEIGHT,2025-08-08,VFH,324,172,8
NN_v2,3,EQUAL_WEIGHT,2025-08-08,VCR,263,141,2
NN_v2,3,EQUAL_WEIGHT,2025-08-08,VAW,309,171,4
NN_v2,3,EQUAL_WEIGHT,2025-08-15,VFH,325,173,9
NN_v2,3,EQUAL_WEIGHT,2025-08-15,VIS,247,137,2
NN_v2,3,EQUAL_WEIGHT,2025-08-15,VDE,426,215,1
NN_v2,3,EQUAL_WEIGHT,2025-08-22,VDE,427,216,2
NN_v2,3,EQUAL_WEIGHT,2025-08-22,VGT,289,164,1
NN_v2,3,EQUAL_WEIGHT,2025-08-22,VIS,248,137,0
NN_v2,3,EQUAL_WEIGHT,2025-08-29,VHT,165,99,1
NN_v2,3,EQUAL_WEIGHT,2025-08-29,VIS,249,138,1
NN_v2,3,EQUAL_WEIGHT,2025-08-29,VGT,290,165,2
NN_v2,3,EQUAL_WEIGHT,2025-09-05,VIS,250,139,2
NN_v2,3,EQUAL_WEIGHT,2025-09-05,VFH,326,174,10
NN_v2,3,EQUAL_WEIGHT,2025-09-05,VDE,428,217,3
NN_v2,3,EQUAL_WEIGHT,2025-09-12,VDE,429,217,0
NN_v2,3,EQUAL_WEIGHT,2025-09-12,VFH,327,175,11
NN_v2,3,EQUAL_WEIGHT,2025-09-12,VIS,251,140,3
NN_v2,3,EQUAL_WEIGHT,2025-09-19,VDE,430,218,1
NN_v2,3,EQUAL_WEIGHT,2025-09-19,VHT,166,99,0
NN_v2,3,EQUAL_WEIGHT,2025-09-19,VIS,252,140,0
NN_v2,3,EQUAL_WEIGHT,2025-09-26,VFH,328,175,0
NN_v2,3,EQUAL_WEIGHT,2025-09-26,VIS,253,141,1
NN_v2,3,EQUAL_WEIGHT,2025-09-26,VNQ,302,159,2
NN_v2,3,EQUAL_WEIGHT,2025-10-03,VDE,431,218,0
NN_v2,3,EQUAL_WEIGHT,2025-10-03,VFH,329,175,0
NN_v2,3,EQUAL_WEIGHT,2025-10-03,VOX,232,111,0
NN_v2,3,EQUAL_WEIGHT,2025-10-10,VOX,233,112,1
NN_v2,3,EQUAL_WEIGHT,2025-10-10,VDE,432,218,0
NN_v2,3,EQUAL_WEIGHT,2025-10-10,VCR,264,142,3
NN_v2,3,EQUAL_WEIGHT,2025-10-17,VDE,433,219,1
NN_v2,3,EQUAL_WEIGHT,2025-10-17,VCR,265,143,4
NN_v2,3,EQUAL_WEIGHT,2025-10-17,VIS,254,142,2
NN_v2,3,EQUAL_WEIGHT,2025-10-24,VAW,310,171,0
NN_v2,3,EQUAL_WEIGHT,2025-10-24,VDC,36,20,0
NN_v2,3,EQUAL_WEIGHT,2025-10-24,VFH,330,175,0
NN_v2,3,EQUAL_WEIGHT,2025-10-31,VPU,172,94,4
NN_v2,3,EQUAL_WEIGHT,2025-10-31,VNQ,303,160,3
NN_v2,3,EQUAL_WEIGHT,2025-10-31,VOX,234,112,0
NN_v2,3,EQUAL_WEIGHT,2025-11-07,VCR,266,143,0
NN_v2,3,EQUAL_WEIGHT,2025-11-07,VOX,235,112,0
NN_v2,3,EQUAL_WEIGHT,2025-11-07,VIS,255,142,0
NN_v2,3,EQUAL_WEIGHT,2025-11-14,VOX,236,113,1
NN_v2,3,EQUAL_WEIGHT,2025-11-14,VIS,256,142,0
NN_v2,3,EQUAL_WEIGHT,2025-11-14,VGT,291,165,0
NN_v2,3,EQUAL_WEIGHT,2025-11-21,VGT,292,166,1
NN_v2,3,EQUAL_WEIGHT,2025-11-21,VIS,257,143,1
NN_v2,3,EQUAL_WEIGHT,2025-11-21,VDE,434,220,2
NN_v2,3,EQUAL_WEIGHT,2025-11-28,VGT,293,167,2
NN_v2,3,EQUAL_WEIGHT,2025-11-28,VDC,37,20,0
NN_v2,3,EQUAL_WEIGHT,2025-11-28,VFH,331,176,1
NN_v2,3,EQUAL_WEIGHT,2025-12-05,VPU,173,94,0
NN_v2,3,EQUAL_WEIGHT,2025-12-05,VAW,311,172,1
NN_v2,3,EQUAL_WEIGHT,2025-12-05,VDC,38,21,1
NN_v2,3,EQUAL_WEIGHT,2025-12-12,VGT,294,167,0
NN_v2,3,EQUAL_WEIGHT,2025-12-12,VPU,174,94,0
NN_v2,3,EQUAL_WEIGHT,2025-12-12,VDE,435,220,0
NN_v2,3,EQUAL_WEIGHT,2025-12-19,VGT,295,168,1
NN_v2,3,EQUAL_WEIGHT,2025-12-19,VIS,258,144,2
NN_v2,3,EQUAL_WEIGHT,2025-12-19,VPU,175,95,1
NN_v2,3,EQUAL_WEIGHT,2025-12-26,VDE,436,221,1
NN_v2,3,EQUAL_WEIGHT,2025-12-26,VGT,296,168,0
NN_v2,3,EQUAL_WEIGHT,2025-12-26,VNQ,304,160,0
NN_v2,3,EQUAL_WEIGHT,2026-01-02,VGT,297,168,0
NN_v2,3,EQUAL_WEIGHT,2026-01-02,VCR,267,144,1
NN_v2,3,EQUAL_WEIGHT,2026-01-02,VNQ,305,161,1
NN_v2,3,EQUAL_WEIGHT,2026-01-09,VGT,298,169,1
NN_v2,3,EQUAL_WEIGHT,2026-01-09,VPU,176,96,2
NN_v2,3,EQUAL_WEIGHT,2026-01-09,VDE,437,222,2
NN_v2,3,EQUAL_WEIGHT,2026-01-16,VCR,268,145,2
NN_v2,3,EQUAL_WEIGHT,2026-01-16,VGT,299,170,2
NN_v2,3,EQUAL_WEIGHT,2026-01-16,VFH,332,176,0
NN_v2,3,EQUAL_WEIGHT,2026-01-23,VCR,269,145,0
NN_v2,3,EQUAL_WEIGHT,2026-01-23,VPU,177,97,3
NN_v2,3,EQUAL_WEIGHT,2026-01-23,VNQ,306,162,2
NN_v2,3,EQUAL_WEIGHT,2026-01-30,VCR,270,145,0
NN_v2,3,EQUAL_WEIGHT,2026-01-30,VHT,167,100,1
NN_v2,3,EQUAL_WEIGHT,2026-01-30,VNQ,307,163,3
NN_v2,3,EQUAL_WEIGHT,2026-02-06,VOX,237,113,0
NN_v2,3,EQUAL_WEIGHT,2026-02-06,VCR,271,145,0
NN_v2,3,EQUAL_WEIGHT,2026-02-06,VPU,178,98,4
NN_v2,3,EQUAL_WEIGHT,2026-02-13,VCR,272,146,1
NN_v2,3,EQUAL_WEIGHT,2026-02-13,VOX,238,114,1
NN_v2,3,EQUAL_WEIGHT,2026-02-13,VGT,300,171,3
NN_v2,3,EQUAL_WEIGHT,2026-02-20,VOX,239,115,2
NN_v2,3,EQUAL_WEIGHT,2026-02-20,VFH,333,176,0
NN_v2,3,EQUAL_WEIGHT,2026-02-20,VCR,273,146,0
NN_v2,3,EQUAL_WEIGHT,2026-02-27,VCR,274,147,1
NN_v2,3,EQUAL_WEIGHT,2026-02-27,VFH,334,176,0
NN_v2,3,EQUAL_WEIGHT,2026-02-27,VGT,301,172,4
NN_v2,3,EQUAL_WEIGHT,2026-03-06,VAW,312,172,0
NN_v2,3,EQUAL_WEIGHT,2026-03-06,VIS,259,144,0
NN_v2,3,EQUAL_WEIGHT,2026-03-06,VHT,168,100,0
NN_v2,3,EQUAL_WEIGHT,2026-03-13,VIS,260,144,0
NN_v2,3,EQUAL_WEIGHT,2026-03-13,VAW,313,172,0
NN_v2,3,EQUAL_WEIGHT,2026-03-13,VOX,240,115,0
NN_v2,3,EQUAL_WEIGHT,2026-03-20,VDC,39,21,0
NN_v2,3,EQUAL_WEIGHT,2026-03-20,VIS,261,144,0
NN_v2,3,EQUAL_WEIGHT,2026-03-20,VAW,314,173,1
NN_v2,3,EQUAL_WEIGHT,2026-03-27,VOX,241,116,1
NN_v2,3,EQUAL_WEIGHT,2026-03-27,VIS,262,145,1
NN_v2,3,EQUAL_WEIGHT,2026-03-27,VGT,302,173,5
NN_v2,3,EQUAL_WEIGHT,2026-04-03,VDC,40,22,1
NN_v2,3,EQUAL_WEIGHT,2026-04-03,VIS,263,146,2
NN_v2,3,EQUAL_WEIGHT,2026-04-03,VGT,303,174,6
NN_v2,3,EQUAL_WEIGHT,2026-04-10,VFH,335,177,1
NN_v2,3,EQUAL_WEIGHT,2026-04-10,VOX,242,117,2
NN_v2,3,EQUAL_WEIGHT,2026-04-10,VCR,275,148,2
NN_v2,3,EQUAL_WEIGHT,2026-04-17,VAW,315,174,2
NN_v2,3,EQUAL_WEIGHT,2026-04-17,VDE,438,223,3
NN_v2,3,EQUAL_WEIGHT,2026-04-17,VPU,179,99,5
NN_v2,3,EQUAL_WEIGHT,2026-04-24,VOX,243,118,3
NN_v2,3,EQUAL_WEIGHT,2026-04-24,VCR,276,149,3
NN_v2,3,EQUAL_WEIGHT,2026-04-24,VFH,336,178,2
NN_v2,3,EQUAL_WEIGHT,2026-05-01,VCR,277,150,4
NN_v2,3,EQUAL_WEIGHT,2026-05-01,VOX,244,119,4
NN_v2,3,EQUAL_WEIGHT,2026-05-01,VAW,316,175,3
NN_v2,3,EQUAL_WEIGHT,2026-05-08,VDE,439,224,4
NN_v2,3,EQUAL_WEIGHT,2026-05-08,VCR,278,150,0
NN_v2,3,EQUAL_WEIGHT,2026-05-08,VOX,245,119,0
NN_v2,3,EQUAL_WEIGHT,2026-05-15,VCR,279,151,1
NN_v2,3,EQUAL_WEIGHT,2026-05-15,VOX,246,120,1
NN_v2,3,EQUAL_WEIGHT,2026-05-15,VAW,317,176,4
NN_v2,3,EQUAL_WEIGHT,2026-05-22,VDE,440,224,0
NN_v2,3,EQUAL_WEIGHT,2026-05-22,VOX,247,121,2
NN_v2,3,EQUAL_WEIGHT,2026-05-22,VFH,337,178,0
NN_v2,3,EQUAL_WEIGHT,2026-05-29,VDE,441,225,1
NN_v2,3,EQUAL_WEIGHT,2026-05-29,VCR,280,151,0
NN_v2,3,EQUAL_WEIGHT,2026-05-29,VAW,318,176,0
NN_v2,3,EQUAL_WEIGHT,2026-06-05,VCR,281,152,1
NN_v2,3,EQUAL_WEIGHT,2026-06-05,VOX,248,121,0
NN_v2,3,EQUAL_WEIGHT,2026-06-05,VAW,319,177,1
NN_v2,3,EQUAL_WEIGHT,2026-06-12,VCR,282,152,0
NN_v2,3,EQUAL_WEIGHT,2026-06-12,VOX,249,121,0
NN_v2,3,EQUAL_WEIGHT,2026-06-12,VDE,442,225,0
NN_v2,3,EQUAL_WEIGHT,2026-06-19,VCR,283,152,0
NN_v2,3,EQUAL_WEIGHT,2026-06-19,VDE,443,225,0
NN_v2,3,EQUAL_WEIGHT,2026-06-19,VOX,250,121,0
NN_v2,3,EQUAL_WEIGHT,2026-06-26,VCR,284,153,1
NN_v2,3,EQUAL_WEIGHT,2026-06-26,VGT,304,174,0
NN_v2,3,EQUAL_WEIGHT,2026-06-26,VOX,251,122,1
NN_v2,3,EQUAL_WEIGHT,2026-07-03,VDE,444,226,1
NN_v2,3,EQUAL_WEIGHT,2026-07-03,VGT,305,175,1
NN_v2,3,EQUAL_WEIGHT,2026-07-03,VCR,285,153,0
NN_v2,3,EQUAL_WEIGHT,2026-07-10,VDE,445,227,2
NN_v2,3,EQUAL_WEIGHT,2026-07-10,VPU,180,99,0
NN_v2,3,EQUAL_WEIGHT,2026-07-10,VDC,41,23,2
NN_v2,3,EQUAL_WEIGHT,2026-07-17,VGT,306,175,0
NN_v2,3,EQUAL_WEIGHT,2026-07-17,VOX,252,122,0
NN_v2,3,EQUAL_WEIGHT,2026-07-17,VPU,181,100,1
NN_v2,3,EQUAL_WEIGHT,2026-07-31,VGT,307,176,1
NN_v2,3,EQUAL_WEIGHT,2026-07-31,VPU,182,100,0
NN_v2,3,EQUAL_WEIGHT,2026-07-31,VDE,446,227,0
NN_v2,3,PAPER_WEIGHT_NORMALIZED,2008-01-04,VNQ,1,1,1
NN_v2,3,PAPER_WEIGHT_NORMALIZED,2008-01-04,VFH,1,0,0
NN_v2,3,PAPER_WEIGHT_NORMALIZED,2008-01-04,VCR,1,0,0
NN_v2,3,PAPER_WEIGHT_NORMALIZED,2008-01-11,VFH,2,0,0
NN_v2,3,PAPER_WEIGHT_NORMALIZED,2008-01-11,VNQ,2,1,0
NN_v2,3,PAPER_WEIGHT_NORMALIZED,2008-01-11,VOX,1,0,0
NN_v2,3,PAPER_WEIGHT_NORMALIZED,2008-01-18,VFH,3,1,1
NN_v2,3,PAPER_WEIGHT_NORMALIZED,2008-01-18,VNQ,3,2,1
NN_v2,3,PAPER_WEIGHT_NORMALIZED,2008-01-18,VAW,1,1,1
NN_v2,3,PAPER_WEIGHT_NORMALIZED,2008-01-25,VHT,1,1,1
NN_v2,3,PAPER_WEIGHT_NORMALIZED,2008-01-25,VOX,2,1,1
NN_v2,3,PAPER_WEIGHT_NORMALIZED,2008-01-25,VPU,1,1,1
NN_v2,3,PAPER_WEIGHT_NORMALIZED,2008-02-01,VGT,1,0,0
NN_v2,3,PAPER_WEIGHT_NORMALIZED,2008-02-01,VHT,2,1,0
NN_v2,3,PAPER_WEIGHT_NORMALIZED,2008-02-01,VOX,3,1,0
NN_v2,3,PAPER_WEIGHT_NORMALIZED,2008-02-08,VFH,4,1,0
NN_v2,3,PAPER_WEIGHT_NORMALIZED,2008-02-08,VNQ,4,3,2
NN_v2,3,PAPER_WEIGHT_NORMALIZED,2008-02-08,VCR,2,1,1
NN_v2,3,PAPER_WEIGHT_NORMALIZED,2008-02-15,VFH,5,1,0
NN_v2,3,PAPER_WEIGHT_NORMALIZED,2008-02-15,VNQ,5,3,0
NN_v2,3,PAPER_WEIGHT_NORMALIZED,2008-02-15,VCR,3,1,0
NN_v2,3,PAPER_WEIGHT_NORMALIZED,2008-02-22,VOX,4,1,0
NN_v2,3,PAPER_WEIGHT_NORMALIZED,2008-02-22,VFH,6,1,0
NN_v2,3,PAPER_WEIGHT_NORMALIZED,2008-02-22,VCR,4,1,0
NN_v2,3,PAPER_WEIGHT_NORMALIZED,2008-02-29,VFH,7,1,0
NN_v2,3,PAPER_WEIGHT_NORMALIZED,2008-02-29,VOX,5,1,0
NN_v2,3,PAPER_WEIGHT_NORMALIZED,2008-02-29,VCR,5,1,0
NN_v2,3,PAPER_WEIGHT_NORMALIZED,2008-03-07,VFH,8,1,0
NN_v2,3,PAPER_WEIGHT_NORMALIZED,2008-03-07,VNQ,6,4,1
NN_v2,3,PAPER_WEIGHT_NORMALIZED,2008-03-07,VOX,6,1,0
NN_v2,3,PAPER_WEIGHT_NORMALIZED,2008-03-14,VFH,9,2,1
NN_v2,3,PAPER_WEIGHT_NORMALIZED,2008-03-14,VOX,7,2,1
NN_v2,3,PAPER_WEIGHT_NORMALIZED,2008-03-14,VCR,6,2,1
NN_v2,3,PAPER_WEIGHT_NORMALIZED,2008-03-21,VDE,1,1,1
NN_v2,3,PAPER_WEIGHT_NORMALIZED,2008-03-21,VAW,2,2,2
NN_v2,3,PAPER_WEIGHT_NORMALIZED,2008-03-21,VOX,8,3,2
NN_v2,3,PAPER_WEIGHT_NORMALIZED,2008-03-28,VFH,10,3,2
NN_v2,3,PAPER_WEIGHT_NORMALIZED,2008-03-28,VCR,7,3,2
NN_v2,3,PAPER_WEIGHT_NORMALIZED,2008-03-28,VGT,2,1,1
NN_v2,3,PAPER_WEIGHT_NORMALIZED,2008-04-04,VFH,11,3,0
NN_v2,3,PAPER_WEIGHT_NORMALIZED,2008-04-04,VOX,9,3,0
NN_v2,3,PAPER_WEIGHT_NORMALIZED,2008-04-04,VCR,8,3,0
NN_v2,3,PAPER_WEIGHT_NORMALIZED,2008-04-11,VFH,12,4,1
NN_v2,3,PAPER_WEIGHT_NORMALIZED,2008-04-11,VOX,10,4,1
NN_v2,3,PAPER_WEIGHT_NORMALIZED,2008-04-11,VCR,9,4,1
NN_v2,3,PAPER_WEIGHT_NORMALIZED,2008-04-18,VOX,11,5,2
NN_v2,3,PAPER_WEIGHT_NORMALIZED,2008-04-18,VFH,13,5,2
NN_v2,3,PAPER_WEIGHT_NORMALIZED,2008-04-18,VCR,10,5,2
NN_v2,3,PAPER_WEIGHT_NORMALIZED,2008-04-25,VFH,14,6,3
NN_v2,3,PAPER_WEIGHT_NORMALIZED,2008-04-25,VCR,11,6,3
NN_v2,3,PAPER_WEIGHT_NORMALIZED,2008-04-25,VOX,12,6,3
NN_v2,3,PAPER_WEIGHT_NORMALIZED,2008-05-02,VFH,15,6,0
NN_v2,3,PAPER_WEIGHT_NORMALIZED,2008-05-02,VAW,3,3,3
NN_v2,3,PAPER_WEIGHT_NORMALIZED,2008-05-02,VCR,12,6,0
NN_v2,3,PAPER_WEIGHT_NORMALIZED,2008-05-09,VFH,16,7,1
NN_v2,3,PAPER_WEIGHT_NORMALIZED,2008-05-09,VOX,13,7,4
NN_v2,3,PAPER_WEIGHT_NORMALIZED,2008-05-09,VCR,13,7,1
NN_v2,3,PAPER_WEIGHT_NORMALIZED,2008-05-16,VFH,17,7,0
NN_v2,3,PAPER_WEIGHT_NORMALIZED,2008-05-16,VOX,14,7,0
NN_v2,3,PAPER_WEIGHT_NORMALIZED,2008-05-16,VCR,14,7,0
NN_v2,3,PAPER_WEIGHT_NORMALIZED,2008-05-23,VFH,18,8,1
NN_v2,3,PAPER_WEIGHT_NORMALIZED,2008-05-23,VOX,15,8,1
NN_v2,3,PAPER_WEIGHT_NORMALIZED,2008-05-23,VGT,3,2,2
NN_v2,3,PAPER_WEIGHT_NORMALIZED,2008-05-30,VFH,19,8,0
NN_v2,3,PAPER_WEIGHT_NORMALIZED,2008-05-30,VCR,15,7,0
NN_v2,3,PAPER_WEIGHT_NORMALIZED,2008-05-30,VOX,16,8,0
NN_v2,3,PAPER_WEIGHT_NORMALIZED,2008-06-06,VFH,20,8,0
NN_v2,3,PAPER_WEIGHT_NORMALIZED,2008-06-06,VNQ,7,4,0
NN_v2,3,PAPER_WEIGHT_NORMALIZED,2008-06-06,VCR,16,8,1
NN_v2,3,PAPER_WEIGHT_NORMALIZED,2008-06-13,VFH,21,8,0
NN_v2,3,PAPER_WEIGHT_NORMALIZED,2008-06-13,VOX,17,8,0
NN_v2,3,PAPER_WEIGHT_NORMALIZED,2008-06-13,VIS,1,0,0
NN_v2,3,PAPER_WEIGHT_NORMALIZED,2008-06-20,VFH,22,8,0
NN_v2,3,PAPER_WEIGHT_NORMALIZED,2008-06-20,VOX,18,8,0
NN_v2,3,PAPER_WEIGHT_NORMALIZED,2008-06-20,VGT,4,2,0
NN_v2,3,PAPER_WEIGHT_NORMALIZED,2008-06-27,VFH,23,8,0
NN_v2,3,PAPER_WEIGHT_NORMALIZED,2008-06-27,VOX,19,8,0
NN_v2,3,PAPER_WEIGHT_NORMALIZED,2008-06-27,VCR,17,8,0
NN_v2,3,PAPER_WEIGHT_NORMALIZED,2008-07-04,VFH,24,8,0
NN_v2,3,PAPER_WEIGHT_NORMALIZED,2008-07-04,VAW,4,4,4
NN_v2,3,PAPER_WEIGHT_NORMALIZED,2008-07-04,VOX,20,8,0
NN_v2,3,PAPER_WEIGHT_NORMALIZED,2008-07-11,VFH,25,9,1
NN_v2,3,PAPER_WEIGHT_NORMALIZED,2008-07-11,VCR,18,9,1
NN_v2,3,PAPER_WEIGHT_NORMALIZED,2008-07-11,VOX,21,8,0
NN_v2,3,PAPER_WEIGHT_NORMALIZED,2008-07-18,VPU,2,1,0
NN_v2,3,PAPER_WEIGHT_NORMALIZED,2008-07-18,VOX,22,9,1
NN_v2,3,PAPER_WEIGHT_NORMALIZED,2008-07-18,VDE,2,1,0
NN_v2,3,PAPER_WEIGHT_NORMALIZED,2008-07-25,VFH,26,10,2
NN_v2,3,PAPER_WEIGHT_NORMALIZED,2008-07-25,VDE,3,2,1
NN_v2,3,PAPER_WEIGHT_NORMALIZED,2008-07-25,VAW,5,5,5
NN_v2,3,PAPER_WEIGHT_NORMALIZED,2008-08-01,VCR,19,10,2
NN_v2,3,PAPER_WEIGHT_NORMALIZED,2008-08-01,VIS,2,1,1
NN_v2,3,PAPER_WEIGHT_NORMALIZED,2008-08-01,VNQ,8,5,1
NN_v2,3,PAPER_WEIGHT_NORMALIZED,2008-08-08,VFH,27,10,0
NN_v2,3,PAPER_WEIGHT_NORMALIZED,2008-08-08,VAW,6,6,6
NN_v2,3,PAPER_WEIGHT_NORMALIZED,2008-08-08,VDE,4,2,0
NN_v2,3,PAPER_WEIGHT_NORMALIZED,2008-08-15,VFH,28,10,0
NN_v2,3,PAPER_WEIGHT_NORMALIZED,2008-08-15,VAW,7,7,7
NN_v2,3,PAPER_WEIGHT_NORMALIZED,2008-08-15,VDE,5,3,1
NN_v2,3,PAPER_WEIGHT_NORMALIZED,2008-08-22,VFH,29,11,1
NN_v2,3,PAPER_WEIGHT_NORMALIZED,2008-08-22,VCR,20,11,3
NN_v2,3,PAPER_WEIGHT_NORMALIZED,2008-08-22,VIS,3,2,2
NN_v2,3,PAPER_WEIGHT_NORMALIZED,2008-08-29,VCR,21,11,0
NN_v2,3,PAPER_WEIGHT_NORMALIZED,2008-08-29,VFH,30,11,0
NN_v2,3,PAPER_WEIGHT_NORMALIZED,2008-08-29,VIS,4,2,0
NN_v2,3,PAPER_WEIGHT_NORMALIZED,2008-09-05,VDE,6,3,0
NN_v2,3,PAPER_WEIGHT_NORMALIZED,2008-09-05,VAW,8,8,8
NN_v2,3,PAPER_WEIGHT_NORMALIZED,2008-09-05,VPU,3,2,1
NN_v2,3,PAPER_WEIGHT_NORMALIZED,2008-09-12,VDE,7,4,1
NN_v2,3,PAPER_WEIGHT_NORMALIZED,2008-09-12,VFH,31,12,1
NN_v2,3,PAPER_WEIGHT_NORMALIZED,2008-09-12,VAW,9,9,9
NN_v2,3,PAPER_WEIGHT_NORMALIZED,2008-09-19,VCR,22,11,0
NN_v2,3,PAPER_WEIGHT_NORMALIZED,2008-09-19,VIS,5,2,0
NN_v2,3,PAPER_WEIGHT_NORMALIZED,2008-09-19,VOX,23,9,0
NN_v2,3,PAPER_WEIGHT_NORMALIZED,2008-09-26,VAW,10,9,0
NN_v2,3,PAPER_WEIGHT_NORMALIZED,2008-09-26,VFH,32,12,0
NN_v2,3,PAPER_WEIGHT_NORMALIZED,2008-09-26,VCR,23,11,0
NN_v2,3,PAPER_WEIGHT_NORMALIZED,2008-10-03,VAW,11,9,0
NN_v2,3,PAPER_WEIGHT_NORMALIZED,2008-10-03,VDE,8,4,0
NN_v2,3,PAPER_WEIGHT_NORMALIZED,2008-10-03,VFH,33,12,0
NN_v2,3,PAPER_WEIGHT_NORMALIZED,2008-10-10,VDE,9,5,1
NN_v2,3,PAPER_WEIGHT_NORMALIZED,2008-10-10,VFH,34,12,0
NN_v2,3,PAPER_WEIGHT_NORMALIZED,2008-10-10,VCR,24,11,0
NN_v2,3,PAPER_WEIGHT_NORMALIZED,2008-10-17,VNQ,9,5,0
NN_v2,3,PAPER_WEIGHT_NORMALIZED,2008-10-17,VAW,12,9,0
NN_v2,3,PAPER_WEIGHT_NORMALIZED,2008-10-17,VCR,25,11,0
NN_v2,3,PAPER_WEIGHT_NORMALIZED,2008-10-24,VNQ,10,6,1
NN_v2,3,PAPER_WEIGHT_NORMALIZED,2008-10-24,VAW,13,10,1
NN_v2,3,PAPER_WEIGHT_NORMALIZED,2008-10-24,VCR,26,12,1
NN_v2,3,PAPER_WEIGHT_NORMALIZED,2008-10-31,VAW,14,10,0
NN_v2,3,PAPER_WEIGHT_NORMALIZED,2008-10-31,VGT,5,2,0
NN_v2,3,PAPER_WEIGHT_NORMALIZED,2008-10-31,VIS,6,2,0
NN_v2,3,PAPER_WEIGHT_NORMALIZED,2008-11-07,VDE,10,5,0
NN_v2,3,PAPER_WEIGHT_NORMALIZED,2008-11-07,VFH,35,12,0
NN_v2,3,PAPER_WEIGHT_NORMALIZED,2008-11-07,VAW,15,10,0
NN_v2,3,PAPER_WEIGHT_NORMALIZED,2008-11-14,VNQ,11,6,0
NN_v2,3,PAPER_WEIGHT_NORMALIZED,2008-11-14,VDE,11,5,0
NN_v2,3,PAPER_WEIGHT_NORMALIZED,2008-11-14,VAW,16,10,0
NN_v2,3,PAPER_WEIGHT_NORMALIZED,2008-11-21,VNQ,12,7,1
NN_v2,3,PAPER_WEIGHT_NORMALIZED,2008-11-21,VFH,36,13,1
NN_v2,3,PAPER_WEIGHT_NORMALIZED,2008-11-21,VDE,12,6,1
NN_v2,3,PAPER_WEIGHT_NORMALIZED,2008-11-28,VDE,13,6,0
NN_v2,3,PAPER_WEIGHT_NORMALIZED,2008-11-28,VGT,6,3,1
NN_v2,3,PAPER_WEIGHT_NORMALIZED,2008-11-28,VPU,4,2,0
NN_v2,3,PAPER_WEIGHT_NORMALIZED,2008-12-05,VDE,14,7,1
NN_v2,3,PAPER_WEIGHT_NORMALIZED,2008-12-05,VAW,17,11,1
NN_v2,3,PAPER_WEIGHT_NORMALIZED,2008-12-05,VPU,5,2,0
NN_v2,3,PAPER_WEIGHT_NORMALIZED,2008-12-12,VFH,37,14,2
NN_v2,3,PAPER_WEIGHT_NORMALIZED,2008-12-12,VCR,27,13,2
NN_v2,3,PAPER_WEIGHT_NORMALIZED,2008-12-12,VNQ,13,8,2
NN_v2,3,PAPER_WEIGHT_NORMALIZED,2008-12-19,VFH,38,14,0
NN_v2,3,PAPER_WEIGHT_NORMALIZED,2008-12-19,VAW,18,11,0
NN_v2,3,PAPER_WEIGHT_NORMALIZED,2008-12-19,VDE,15,7,0
NN_v2,3,PAPER_WEIGHT_NORMALIZED,2008-12-26,VNQ,14,9,3
NN_v2,3,PAPER_WEIGHT_NORMALIZED,2008-12-26,VFH,39,15,1
NN_v2,3,PAPER_WEIGHT_NORMALIZED,2008-12-26,VAW,19,12,1
NN_v2,3,PAPER_WEIGHT_NORMALIZED,2009-01-02,VNQ,15,9,0
NN_v2,3,PAPER_WEIGHT_NORMALIZED,2009-01-02,VAW,20,12,0
NN_v2,3,PAPER_WEIGHT_NORMALIZED,2009-01-02,VFH,40,15,0
NN_v2,3,PAPER_WEIGHT_NORMALIZED,2009-01-09,VNQ,16,9,0
NN_v2,3,PAPER_WEIGHT_NORMALIZED,2009-01-09,VAW,21,12,0
NN_v2,3,PAPER_WEIGHT_NORMALIZED,2009-01-09,VFH,41,15,0
NN_v2,3,PAPER_WEIGHT_NORMALIZED,2009-01-16,VNQ,17,9,0
NN_v2,3,PAPER_WEIGHT_NORMALIZED,2009-01-16,VAW,22,12,0
NN_v2,3,PAPER_WEIGHT_NORMALIZED,2009-01-16,VFH,42,15,0
NN_v2,3,PAPER_WEIGHT_NORMALIZED,2009-01-23,VNQ,18,9,0
NN_v2,3,PAPER_WEIGHT_NORMALIZED,2009-01-23,VFH,43,16,1
NN_v2,3,PAPER_WEIGHT_NORMALIZED,2009-01-23,VAW,23,12,0
NN_v2,3,PAPER_WEIGHT_NORMALIZED,2009-01-30,VAW,24,13,1
NN_v2,3,PAPER_WEIGHT_NORMALIZED,2009-01-30,VNQ,19,10,1
NN_v2,3,PAPER_WEIGHT_NORMALIZED,2009-01-30,VDE,16,8,1
NN_v2,3,PAPER_WEIGHT_NORMALIZED,2009-02-06,VNQ,20,10,0
NN_v2,3,PAPER_WEIGHT_NORMALIZED,2009-02-06,VCR,28,13,0
NN_v2,3,PAPER_WEIGHT_NORMALIZED,2009-02-06,VIS,7,2,0
NN_v2,3,PAPER_WEIGHT_NORMALIZED,2009-02-13,VNQ,21,10,0
NN_v2,3,PAPER_WEIGHT_NORMALIZED,2009-02-13,VIS,8,2,0
NN_v2,3,PAPER_WEIGHT_NORMALIZED,2009-02-13,VDE,17,8,0
NN_v2,3,PAPER_WEIGHT_NORMALIZED,2009-02-20,VAW,25,13,0
NN_v2,3,PAPER_WEIGHT_NORMALIZED,2009-02-20,VDE,18,8,0
NN_v2,3,PAPER_WEIGHT_NORMALIZED,2009-02-20,VOX,24,9,0
NN_v2,3,PAPER_WEIGHT_NORMALIZED,2009-02-27,VDE,19,8,0
NN_v2,3,PAPER_WEIGHT_NORMALIZED,2009-02-27,VGT,7,3,0
NN_v2,3,PAPER_WEIGHT_NORMALIZED,2009-02-27,VIS,9,2,0
NN_v2,3,PAPER_WEIGHT_NORMALIZED,2009-03-06,VGT,8,4,1
NN_v2,3,PAPER_WEIGHT_NORMALIZED,2009-03-06,VAW,26,14,1
NN_v2,3,PAPER_WEIGHT_NORMALIZED,2009-03-06,VDE,20,9,1
NN_v2,3,PAPER_WEIGHT_NORMALIZED,2009-03-13,VPU,6,3,1
NN_v2,3,PAPER_WEIGHT_NORMALIZED,2009-03-13,VDE,21,10,2
NN_v2,3,PAPER_WEIGHT_NORMALIZED,2009-03-13,VDC,1,1,1
NN_v2,3,PAPER_WEIGHT_NORMALIZED,2009-03-20,VNQ,22,10,0
NN_v2,3,PAPER_WEIGHT_NORMALIZED,2009-03-20,VIS,10,3,1
NN_v2,3,PAPER_WEIGHT_NORMALIZED,2009-03-20,VDC,2,2,2
NN_v2,3,PAPER_WEIGHT_NORMALIZED,2009-03-27,VNQ,23,11,1
NN_v2,3,PAPER_WEIGHT_NORMALIZED,2009-03-27,VFH,44,17,2
NN_v2,3,PAPER_WEIGHT_NORMALIZED,2009-03-27,VHT,3,1,0
NN_v2,3,PAPER_WEIGHT_NORMALIZED,2009-04-03,VHT,4,2,1
NN_v2,3,PAPER_WEIGHT_NORMALIZED,2009-04-03,VPU,7,4,2
NN_v2,3,PAPER_WEIGHT_NORMALIZED,2009-04-03,VDE,22,10,0
NN_v2,3,PAPER_WEIGHT_NORMALIZED,2009-04-10,VPU,8,4,0
NN_v2,3,PAPER_WEIGHT_NORMALIZED,2009-04-10,VDE,23,11,1
NN_v2,3,PAPER_WEIGHT_NORMALIZED,2009-04-10,VIS,11,4,2
NN_v2,3,PAPER_WEIGHT_NORMALIZED,2009-04-17,VDE,24,12,2
NN_v2,3,PAPER_WEIGHT_NORMALIZED,2009-04-17,VPU,9,4,0
NN_v2,3,PAPER_WEIGHT_NORMALIZED,2009-04-17,VHT,5,2,0
NN_v2,3,PAPER_WEIGHT_NORMALIZED,2009-04-24,VFH,45,18,3
NN_v2,3,PAPER_WEIGHT_NORMALIZED,2009-04-24,VPU,10,5,1
NN_v2,3,PAPER_WEIGHT_NORMALIZED,2009-04-24,VHT,6,3,1
NN_v2,3,PAPER_WEIGHT_NORMALIZED,2009-05-01,VNQ,24,12,2
NN_v2,3,PAPER_WEIGHT_NORMALIZED,2009-05-01,VFH,46,19,4
NN_v2,3,PAPER_WEIGHT_NORMALIZED,2009-05-01,VHT,7,4,2
NN_v2,3,PAPER_WEIGHT_NORMALIZED,2009-05-08,VPU,11,5,0
NN_v2,3,PAPER_WEIGHT_NORMALIZED,2009-05-08,VHT,8,5,3
NN_v2,3,PAPER_WEIGHT_NORMALIZED,2009-05-08,VGT,9,4,0
NN_v2,3,PAPER_WEIGHT_NORMALIZED,2009-05-15,VNQ,25,13,3
NN_v2,3,PAPER_WEIGHT_NORMALIZED,2009-05-15,VIS,12,4,0
NN_v2,3,PAPER_WEIGHT_NORMALIZED,2009-05-15,VCR,29,13,0
NN_v2,3,PAPER_WEIGHT_NORMALIZED,2009-05-22,VIS,13,5,1
NN_v2,3,PAPER_WEIGHT_NORMALIZED,2009-05-22,VOX,25,10,1
NN_v2,3,PAPER_WEIGHT_NORMALIZED,2009-05-22,VNQ,26,14,4
NN_v2,3,PAPER_WEIGHT_NORMALIZED,2009-05-29,VHT,9,5,0
NN_v2,3,PAPER_WEIGHT_NORMALIZED,2009-05-29,VPU,12,6,1
NN_v2,3,PAPER_WEIGHT_NORMALIZED,2009-05-29,VDC,3,3,3
NN_v2,3,PAPER_WEIGHT_NORMALIZED,2009-06-05,VHT,10,6,1
NN_v2,3,PAPER_WEIGHT_NORMALIZED,2009-06-05,VPU,13,7,2
NN_v2,3,PAPER_WEIGHT_NORMALIZED,2009-06-05,VFH,47,20,5
NN_v2,3,PAPER_WEIGHT_NORMALIZED,2009-06-12,VFH,48,20,0
NN_v2,3,PAPER_WEIGHT_NORMALIZED,2009-06-12,VHT,11,7,2
NN_v2,3,PAPER_WEIGHT_NORMALIZED,2009-06-12,VDC,4,3,0
NN_v2,3,PAPER_WEIGHT_NORMALIZED,2009-06-19,VFH,49,20,0
NN_v2,3,PAPER_WEIGHT_NORMALIZED,2009-06-19,VIS,14,6,2
NN_v2,3,PAPER_WEIGHT_NORMALIZED,2009-06-19,VCR,30,14,1
NN_v2,3,PAPER_WEIGHT_NORMALIZED,2009-06-26,VFH,50,20,0
NN_v2,3,PAPER_WEIGHT_NORMALIZED,2009-06-26,VNQ,27,14,0
NN_v2,3,PAPER_WEIGHT_NORMALIZED,2009-06-26,VIS,15,6,0
NN_v2,3,PAPER_WEIGHT_NORMALIZED,2009-07-03,VAW,27,14,0
NN_v2,3,PAPER_WEIGHT_NORMALIZED,2009-07-03,VFH,51,20,0
NN_v2,3,PAPER_WEIGHT_NORMALIZED,2009-07-03,VCR,31,14,0
NN_v2,3,PAPER_WEIGHT_NORMALIZED,2009-07-10,VPU,14,8,3
NN_v2,3,PAPER_WEIGHT_NORMALIZED,2009-07-10,VFH,52,21,1
NN_v2,3,PAPER_WEIGHT_NORMALIZED,2009-07-10,VIS,16,7,1
NN_v2,3,PAPER_WEIGHT_NORMALIZED,2009-07-17,VNQ,28,15,1
NN_v2,3,PAPER_WEIGHT_NORMALIZED,2009-07-17,VFH,53,22,2
NN_v2,3,PAPER_WEIGHT_NORMALIZED,2009-07-17,VDE,25,13,3
NN_v2,3,PAPER_WEIGHT_NORMALIZED,2009-07-24,VFH,54,23,3
NN_v2,3,PAPER_WEIGHT_NORMALIZED,2009-07-24,VDE,26,13,0
NN_v2,3,PAPER_WEIGHT_NORMALIZED,2009-07-24,VOX,26,11,2
NN_v2,3,PAPER_WEIGHT_NORMALIZED,2009-07-31,VDE,27,13,0
NN_v2,3,PAPER_WEIGHT_NORMALIZED,2009-07-31,VPU,15,8,0
NN_v2,3,PAPER_WEIGHT_NORMALIZED,2009-07-31,VOX,27,11,0
NN_v2,3,PAPER_WEIGHT_NORMALIZED,2009-08-07,VDE,28,14,1
NN_v2,3,PAPER_WEIGHT_NORMALIZED,2009-08-07,VHT,12,8,3
NN_v2,3,PAPER_WEIGHT_NORMALIZED,2009-08-07,VPU,16,9,1
NN_v2,3,PAPER_WEIGHT_NORMALIZED,2009-08-14,VDE,29,15,2
NN_v2,3,PAPER_WEIGHT_NORMALIZED,2009-08-14,VIS,17,8,2
NN_v2,3,PAPER_WEIGHT_NORMALIZED,2009-08-14,VOX,28,12,1
NN_v2,3,PAPER_WEIGHT_NORMALIZED,2009-08-21,VDE,30,15,0
NN_v2,3,PAPER_WEIGHT_NORMALIZED,2009-08-21,VIS,18,8,0
NN_v2,3,PAPER_WEIGHT_NORMALIZED,2009-08-21,VOX,29,13,2
NN_v2,3,PAPER_WEIGHT_NORMALIZED,2009-08-28,VDE,31,15,0
NN_v2,3,PAPER_WEIGHT_NORMALIZED,2009-08-28,VPU,17,9,0
NN_v2,3,PAPER_WEIGHT_NORMALIZED,2009-08-28,VIS,19,9,1
NN_v2,3,PAPER_WEIGHT_NORMALIZED,2009-09-04,VDE,32,16,1
NN_v2,3,PAPER_WEIGHT_NORMALIZED,2009-09-04,VOX,30,14,3
NN_v2,3,PAPER_WEIGHT_NORMALIZED,2009-09-04,VPU,18,9,0
NN_v2,3,PAPER_WEIGHT_NORMALIZED,2009-09-11,VPU,19,10,1
NN_v2,3,PAPER_WEIGHT_NORMALIZED,2009-09-11,VHT,13,9,4
NN_v2,3,PAPER_WEIGHT_NORMALIZED,2009-09-11,VDC,5,4,1
NN_v2,3,PAPER_WEIGHT_NORMALIZED,2009-09-18,VDC,6,4,0
NN_v2,3,PAPER_WEIGHT_NORMALIZED,2009-09-18,VHT,14,9,0
NN_v2,3,PAPER_WEIGHT_NORMALIZED,2009-09-18,VPU,20,10,0
NN_v2,3,PAPER_WEIGHT_NORMALIZED,2009-09-25,VDE,33,16,0
NN_v2,3,PAPER_WEIGHT_NORMALIZED,2009-09-25,VAW,28,14,0
NN_v2,3,PAPER_WEIGHT_NORMALIZED,2009-09-25,VFH,55,23,0
NN_v2,3,PAPER_WEIGHT_NORMALIZED,2009-10-02,VDE,34,17,1
NN_v2,3,PAPER_WEIGHT_NORMALIZED,2009-10-02,VAW,29,15,1
NN_v2,3,PAPER_WEIGHT_NORMALIZED,2009-10-02,VIS,20,10,2
NN_v2,3,PAPER_WEIGHT_NORMALIZED,2009-10-09,VPU,21,11,1
NN_v2,3,PAPER_WEIGHT_NORMALIZED,2009-10-09,VOX,31,15,4
NN_v2,3,PAPER_WEIGHT_NORMALIZED,2009-10-09,VHT,15,10,1
NN_v2,3,PAPER_WEIGHT_NORMALIZED,2009-10-16,VNQ,29,15,0
NN_v2,3,PAPER_WEIGHT_NORMALIZED,2009-10-16,VOX,32,15,0
NN_v2,3,PAPER_WEIGHT_NORMALIZED,2009-10-16,VFH,56,23,0
NN_v2,3,PAPER_WEIGHT_NORMALIZED,2009-10-23,VNQ,30,15,0
NN_v2,3,PAPER_WEIGHT_NORMALIZED,2009-10-23,VFH,57,23,0
NN_v2,3,PAPER_WEIGHT_NORMALIZED,2009-10-23,VIS,21,10,0
NN_v2,3,PAPER_WEIGHT_NORMALIZED,2009-10-30,VCR,32,15,1
NN_v2,3,PAPER_WEIGHT_NORMALIZED,2009-10-30,VOX,33,16,1
NN_v2,3,PAPER_WEIGHT_NORMALIZED,2009-10-30,VIS,22,11,1
NN_v2,3,PAPER_WEIGHT_NORMALIZED,2009-11-06,VNQ,31,16,1
NN_v2,3,PAPER_WEIGHT_NORMALIZED,2009-11-06,VDE,35,17,0
NN_v2,3,PAPER_WEIGHT_NORMALIZED,2009-11-06,VAW,30,16,2
NN_v2,3,PAPER_WEIGHT_NORMALIZED,2009-11-13,VDE,36,17,0
NN_v2,3,PAPER_WEIGHT_NORMALIZED,2009-11-13,VFH,58,23,0
NN_v2,3,PAPER_WEIGHT_NORMALIZED,2009-11-13,VPU,22,11,0
NN_v2,3,PAPER_WEIGHT_NORMALIZED,2009-11-20,VDE,37,17,0
NN_v2,3,PAPER_WEIGHT_NORMALIZED,2009-11-20,VIS,23,11,0
NN_v2,3,PAPER_WEIGHT_NORMALIZED,2009-11-20,VNQ,32,16,0
NN_v2,3,PAPER_WEIGHT_NORMALIZED,2009-11-27,VDE,38,17,0
NN_v2,3,PAPER_WEIGHT_NORMALIZED,2009-11-27,VNQ,33,17,1
NN_v2,3,PAPER_WEIGHT_NORMALIZED,2009-11-27,VIS,24,12,1
NN_v2,3,PAPER_WEIGHT_NORMALIZED,2009-12-04,VDE,39,17,0
NN_v2,3,PAPER_WEIGHT_NORMALIZED,2009-12-04,VAW,31,17,3
NN_v2,3,PAPER_WEIGHT_NORMALIZED,2009-12-04,VFH,59,23,0
NN_v2,3,PAPER_WEIGHT_NORMALIZED,2009-12-11,VAW,32,17,0
NN_v2,3,PAPER_WEIGHT_NORMALIZED,2009-12-11,VDE,40,18,1
NN_v2,3,PAPER_WEIGHT_NORMALIZED,2009-12-11,VFH,60,23,0
NN_v2,3,PAPER_WEIGHT_NORMALIZED,2009-12-18,VFH,61,24,1
NN_v2,3,PAPER_WEIGHT_NORMALIZED,2009-12-18,VDE,41,19,2
NN_v2,3,PAPER_WEIGHT_NORMALIZED,2009-12-18,VAW,33,18,1
NN_v2,3,PAPER_WEIGHT_NORMALIZED,2009-12-25,VFH,62,24,0
NN_v2,3,PAPER_WEIGHT_NORMALIZED,2009-12-25,VDE,42,19,0
NN_v2,3,PAPER_WEIGHT_NORMALIZED,2009-12-25,VDC,7,4,0
NN_v2,3,PAPER_WEIGHT_NORMALIZED,2010-01-01,VDE,43,20,1
NN_v2,3,PAPER_WEIGHT_NORMALIZED,2010-01-01,VIS,25,13,2
NN_v2,3,PAPER_WEIGHT_NORMALIZED,2010-01-01,VFH,63,25,1
NN_v2,3,PAPER_WEIGHT_NORMALIZED,2010-01-08,VCR,33,15,0
NN_v2,3,PAPER_WEIGHT_NORMALIZED,2010-01-08,VFH,64,25,0
NN_v2,3,PAPER_WEIGHT_NORMALIZED,2010-01-08,VGT,10,4,0
NN_v2,3,PAPER_WEIGHT_NORMALIZED,2010-01-15,VOX,34,16,0
NN_v2,3,PAPER_WEIGHT_NORMALIZED,2010-01-15,VFH,65,25,0
NN_v2,3,PAPER_WEIGHT_NORMALIZED,2010-01-15,VAW,34,18,0
NN_v2,3,PAPER_WEIGHT_NORMALIZED,2010-01-22,VNQ,34,17,0
NN_v2,3,PAPER_WEIGHT_NORMALIZED,2010-01-22,VAW,35,18,0
NN_v2,3,PAPER_WEIGHT_NORMALIZED,2010-01-22,VOX,35,16,0
NN_v2,3,PAPER_WEIGHT_NORMALIZED,2010-01-29,VNQ,35,17,0
NN_v2,3,PAPER_WEIGHT_NORMALIZED,2010-01-29,VPU,23,11,0
NN_v2,3,PAPER_WEIGHT_NORMALIZED,2010-01-29,VOX,36,16,0
NN_v2,3,PAPER_WEIGHT_NORMALIZED,2010-02-05,VOX,37,17,1
NN_v2,3,PAPER_WEIGHT_NORMALIZED,2010-02-05,VPU,24,11,0
NN_v2,3,PAPER_WEIGHT_NORMALIZED,2010-02-05,VNQ,36,17,0
NN_v2,3,PAPER_WEIGHT_NORMALIZED,2010-02-12,VNQ,37,18,1
NN_v2,3,PAPER_WEIGHT_NORMALIZED,2010-02-12,VOX,38,18,2
NN_v2,3,PAPER_WEIGHT_NORMALIZED,2010-02-12,VIS,26,14,3
NN_v2,3,PAPER_WEIGHT_NORMALIZED,2010-02-19,VPU,25,11,0
NN_v2,3,PAPER_WEIGHT_NORMALIZED,2010-02-19,VGT,11,4,0
NN_v2,3,PAPER_WEIGHT_NORMALIZED,2010-02-19,VOX,39,18,0
NN_v2,3,PAPER_WEIGHT_NORMALIZED,2010-02-26,VAW,36,19,1
NN_v2,3,PAPER_WEIGHT_NORMALIZED,2010-02-26,VGT,12,5,1
NN_v2,3,PAPER_WEIGHT_NORMALIZED,2010-02-26,VDE,44,21,2
NN_v2,3,PAPER_WEIGHT_NORMALIZED,2010-03-05,VDE,45,22,3
NN_v2,3,PAPER_WEIGHT_NORMALIZED,2010-03-05,VOX,40,19,1
NN_v2,3,PAPER_WEIGHT_NORMALIZED,2010-03-05,VAW,37,20,2
NN_v2,3,PAPER_WEIGHT_NORMALIZED,2010-03-12,VDE,46,22,0
NN_v2,3,PAPER_WEIGHT_NORMALIZED,2010-03-12,VPU,26,12,1
NN_v2,3,PAPER_WEIGHT_NORMALIZED,2010-03-12,VOX,41,20,2
NN_v2,3,PAPER_WEIGHT_NORMALIZED,2010-03-19,VAW,38,21,3
NN_v2,3,PAPER_WEIGHT_NORMALIZED,2010-03-19,VGT,13,6,2
NN_v2,3,PAPER_WEIGHT_NORMALIZED,2010-03-19,VDE,47,22,0
NN_v2,3,PAPER_WEIGHT_NORMALIZED,2010-03-26,VDE,48,23,1
NN_v2,3,PAPER_WEIGHT_NORMALIZED,2010-03-26,VOX,42,21,3
NN_v2,3,PAPER_WEIGHT_NORMALIZED,2010-03-26,VHT,16,11,2
NN_v2,3,PAPER_WEIGHT_NORMALIZED,2010-04-02,VGT,14,7,3
NN_v2,3,PAPER_WEIGHT_NORMALIZED,2010-04-02,VHT,17,11,0
NN_v2,3,PAPER_WEIGHT_NORMALIZED,2010-04-02,VPU,27,13,2
NN_v2,3,PAPER_WEIGHT_NORMALIZED,2010-04-09,VOX,43,21,0
NN_v2,3,PAPER_WEIGHT_NORMALIZED,2010-04-09,VPU,28,13,0
NN_v2,3,PAPER_WEIGHT_NORMALIZED,2010-04-09,VHT,18,11,0
NN_v2,3,PAPER_WEIGHT_NORMALIZED,2010-04-16,VAW,39,22,4
NN_v2,3,PAPER_WEIGHT_NORMALIZED,2010-04-16,VDE,49,24,2
NN_v2,3,PAPER_WEIGHT_NORMALIZED,2010-04-16,VOX,44,22,1
NN_v2,3,PAPER_WEIGHT_NORMALIZED,2010-04-23,VPU,29,13,0
NN_v2,3,PAPER_WEIGHT_NORMALIZED,2010-04-23,VOX,45,22,0
NN_v2,3,PAPER_WEIGHT_NORMALIZED,2010-04-23,VDC,8,4,0
NN_v2,3,PAPER_WEIGHT_NORMALIZED,2010-04-30,VAW,40,22,0
NN_v2,3,PAPER_WEIGHT_NORMALIZED,2010-04-30,VDE,50,24,0
NN_v2,3,PAPER_WEIGHT_NORMALIZED,2010-04-30,VFH,66,25,0
NN_v2,3,PAPER_WEIGHT_NORMALIZED,2010-05-07,VFH,67,25,0
NN_v2,3,PAPER_WEIGHT_NORMALIZED,2010-05-07,VCR,34,15,0
NN_v2,3,PAPER_WEIGHT_NORMALIZED,2010-05-07,VIS,27,15,4
NN_v2,3,PAPER_WEIGHT_NORMALIZED,2010-05-14,VFH,68,25,0
NN_v2,3,PAPER_WEIGHT_NORMALIZED,2010-05-14,VGT,15,7,0
NN_v2,3,PAPER_WEIGHT_NORMALIZED,2010-05-14,VAW,41,22,0
NN_v2,3,PAPER_WEIGHT_NORMALIZED,2010-05-21,VNQ,38,19,2
NN_v2,3,PAPER_WEIGHT_NORMALIZED,2010-05-21,VCR,35,16,1
NN_v2,3,PAPER_WEIGHT_NORMALIZED,2010-05-21,VIS,28,16,5
NN_v2,3,PAPER_WEIGHT_NORMALIZED,2010-05-28,VIS,29,16,0
NN_v2,3,PAPER_WEIGHT_NORMALIZED,2010-05-28,VFH,69,25,0
NN_v2,3,PAPER_WEIGHT_NORMALIZED,2010-05-28,VDC,9,5,1
NN_v2,3,PAPER_WEIGHT_NORMALIZED,2010-06-04,VNQ,39,20,3
NN_v2,3,PAPER_WEIGHT_NORMALIZED,2010-06-04,VCR,36,17,2
NN_v2,3,PAPER_WEIGHT_NORMALIZED,2010-06-04,VPU,30,14,1
NN_v2,3,PAPER_WEIGHT_NORMALIZED,2010-06-11,VDC,10,6,2
NN_v2,3,PAPER_WEIGHT_NORMALIZED,2010-06-11,VGT,16,8,1
NN_v2,3,PAPER_WEIGHT_NORMALIZED,2010-06-11,VHT,19,12,1
NN_v2,3,PAPER_WEIGHT_NORMALIZED,2010-06-18,VCR,37,17,0
NN_v2,3,PAPER_WEIGHT_NORMALIZED,2010-06-18,VHT,20,12,0
NN_v2,3,PAPER_WEIGHT_NORMALIZED,2010-06-18,VGT,17,8,0
NN_v2,3,PAPER_WEIGHT_NORMALIZED,2010-06-25,VCR,38,17,0
NN_v2,3,PAPER_WEIGHT_NORMALIZED,2010-06-25,VGT,18,8,0
NN_v2,3,PAPER_WEIGHT_NORMALIZED,2010-06-25,VPU,31,14,0
NN_v2,3,PAPER_WEIGHT_NORMALIZED,2010-07-02,VNQ,40,21,4
NN_v2,3,PAPER_WEIGHT_NORMALIZED,2010-07-02,VCR,39,18,1
NN_v2,3,PAPER_WEIGHT_NORMALIZED,2010-07-02,VGT,19,9,1
NN_v2,3,PAPER_WEIGHT_NORMALIZED,2010-07-09,VHT,21,12,0
NN_v2,3,PAPER_WEIGHT_NORMALIZED,2010-07-09,VIS,30,16,0
NN_v2,3,PAPER_WEIGHT_NORMALIZED,2010-07-09,VGT,20,10,2
NN_v2,3,PAPER_WEIGHT_NORMALIZED,2010-07-16,VHT,22,12,0
NN_v2,3,PAPER_WEIGHT_NORMALIZED,2010-07-16,VNQ,41,22,5
NN_v2,3,PAPER_WEIGHT_NORMALIZED,2010-07-16,VIS,31,17,1
NN_v2,3,PAPER_WEIGHT_NORMALIZED,2010-07-23,VHT,23,13,1
NN_v2,3,PAPER_WEIGHT_NORMALIZED,2010-07-23,VDE,51,25,1
NN_v2,3,PAPER_WEIGHT_NORMALIZED,2010-07-23,VCR,40,18,0
NN_v2,3,PAPER_WEIGHT_NORMALIZED,2010-07-30,VGT,21,11,3
NN_v2,3,PAPER_WEIGHT_NORMALIZED,2010-07-30,VDE,52,26,2
NN_v2,3,PAPER_WEIGHT_NORMALIZED,2010-07-30,VCR,41,19,1
NN_v2,3,PAPER_WEIGHT_NORMALIZED,2010-08-06,VGT,22,11,0
NN_v2,3,PAPER_WEIGHT_NORMALIZED,2010-08-06,VCR,42,19,0
NN_v2,3,PAPER_WEIGHT_NORMALIZED,2010-08-06,VIS,32,17,0
NN_v2,3,PAPER_WEIGHT_NORMALIZED,2010-08-13,VAW,42,23,1
NN_v2,3,PAPER_WEIGHT_NORMALIZED,2010-08-13,VIS,33,18,1
NN_v2,3,PAPER_WEIGHT_NORMALIZED,2010-08-13,VDE,53,26,0
NN_v2,3,PAPER_WEIGHT_NORMALIZED,2010-08-20,VIS,34,18,0
NN_v2,3,PAPER_WEIGHT_NORMALIZED,2010-08-20,VHT,24,13,0
NN_v2,3,PAPER_WEIGHT_NORMALIZED,2010-08-20,VDE,54,27,1
NN_v2,3,PAPER_WEIGHT_NORMALIZED,2010-08-27,VDE,55,28,2
NN_v2,3,PAPER_WEIGHT_NORMALIZED,2010-08-27,VIS,35,19,1
NN_v2,3,PAPER_WEIGHT_NORMALIZED,2010-08-27,VHT,25,14,1
NN_v2,3,PAPER_WEIGHT_NORMALIZED,2010-09-03,VHT,26,15,2
NN_v2,3,PAPER_WEIGHT_NORMALIZED,2010-09-03,VDE,56,29,3
NN_v2,3,PAPER_WEIGHT_NORMALIZED,2010-09-03,VIS,36,20,2
NN_v2,3,PAPER_WEIGHT_NORMALIZED,2010-09-10,VFH,70,25,0
NN_v2,3,PAPER_WEIGHT_NORMALIZED,2010-09-10,VGT,23,12,1
NN_v2,3,PAPER_WEIGHT_NORMALIZED,2010-09-10,VDE,57,29,0
NN_v2,3,PAPER_WEIGHT_NORMALIZED,2010-09-17,VFH,71,25,0
NN_v2,3,PAPER_WEIGHT_NORMALIZED,2010-09-17,VIS,37,21,3
NN_v2,3,PAPER_WEIGHT_NORMALIZED,2010-09-17,VDE,58,30,1
NN_v2,3,PAPER_WEIGHT_NORMALIZED,2010-09-24,VDE,59,31,2
NN_v2,3,PAPER_WEIGHT_NORMALIZED,2010-09-24,VFH,72,25,0
NN_v2,3,PAPER_WEIGHT_NORMALIZED,2010-09-24,VIS,38,21,0
NN_v2,3,PAPER_WEIGHT_NORMALIZED,2010-10-01,VIS,39,22,1
NN_v2,3,PAPER_WEIGHT_NORMALIZED,2010-10-01,VFH,73,26,1
NN_v2,3,PAPER_WEIGHT_NORMALIZED,2010-10-01,VNQ,42,23,6
NN_v2,3,PAPER_WEIGHT_NORMALIZED,2010-10-08,VFH,74,26,0
NN_v2,3,PAPER_WEIGHT_NORMALIZED,2010-10-08,VPU,32,15,1
NN_v2,3,PAPER_WEIGHT_NORMALIZED,2010-10-08,VGT,24,13,2
NN_v2,3,PAPER_WEIGHT_NORMALIZED,2010-10-15,VPU,33,15,0
NN_v2,3,PAPER_WEIGHT_NORMALIZED,2010-10-15,VFH,75,27,1
NN_v2,3,PAPER_WEIGHT_NORMALIZED,2010-10-15,VIS,40,23,2
NN_v2,3,PAPER_WEIGHT_NORMALIZED,2010-10-22,VPU,34,15,0
NN_v2,3,PAPER_WEIGHT_NORMALIZED,2010-10-22,VFH,76,27,0
NN_v2,3,PAPER_WEIGHT_NORMALIZED,2010-10-22,VOX,46,22,0
NN_v2,3,PAPER_WEIGHT_NORMALIZED,2010-10-29,VNQ,43,24,7
NN_v2,3,PAPER_WEIGHT_NORMALIZED,2010-10-29,VIS,41,24,3
NN_v2,3,PAPER_WEIGHT_NORMALIZED,2010-10-29,VFH,77,28,1
NN_v2,3,PAPER_WEIGHT_NORMALIZED,2010-11-05,VDC,11,6,0
NN_v2,3,PAPER_WEIGHT_NORMALIZED,2010-11-05,VPU,35,15,0
NN_v2,3,PAPER_WEIGHT_NORMALIZED,2010-11-05,VHT,27,15,0
NN_v2,3,PAPER_WEIGHT_NORMALIZED,2010-11-12,VIS,42,25,4
NN_v2,3,PAPER_WEIGHT_NORMALIZED,2010-11-12,VNQ,44,24,0
NN_v2,3,PAPER_WEIGHT_NORMALIZED,2010-11-12,VFH,78,28,0
NN_v2,3,PAPER_WEIGHT_NORMALIZED,2010-11-19,VFH,79,28,0
NN_v2,3,PAPER_WEIGHT_NORMALIZED,2010-11-19,VHT,28,15,0
NN_v2,3,PAPER_WEIGHT_NORMALIZED,2010-11-19,VNQ,45,25,1
NN_v2,3,PAPER_WEIGHT_NORMALIZED,2010-11-26,VFH,80,29,1
NN_v2,3,PAPER_WEIGHT_NORMALIZED,2010-11-26,VNQ,46,26,2
NN_v2,3,PAPER_WEIGHT_NORMALIZED,2010-11-26,VOX,47,23,1
NN_v2,3,PAPER_WEIGHT_NORMALIZED,2010-12-03,VOX,48,24,2
NN_v2,3,PAPER_WEIGHT_NORMALIZED,2010-12-03,VHT,29,16,1
NN_v2,3,PAPER_WEIGHT_NORMALIZED,2010-12-03,VDC,12,7,1
NN_v2,3,PAPER_WEIGHT_NORMALIZED,2010-12-10,VPU,36,16,1
NN_v2,3,PAPER_WEIGHT_NORMALIZED,2010-12-10,VNQ,47,26,0
NN_v2,3,PAPER_WEIGHT_NORMALIZED,2010-12-10,VHT,30,17,2
NN_v2,3,PAPER_WEIGHT_NORMALIZED,2010-12-17,VNQ,48,27,1
NN_v2,3,PAPER_WEIGHT_NORMALIZED,2010-12-17,VFH,81,30,2
NN_v2,3,PAPER_WEIGHT_NORMALIZED,2010-12-17,VGT,25,13,0
NN_v2,3,PAPER_WEIGHT_NORMALIZED,2010-12-24,VNQ,49,28,2
NN_v2,3,PAPER_WEIGHT_NORMALIZED,2010-12-24,VGT,26,14,1
NN_v2,3,PAPER_WEIGHT_NORMALIZED,2010-12-24,VHT,31,17,0
NN_v2,3,PAPER_WEIGHT_NORMALIZED,2010-12-31,VHT,32,18,1
NN_v2,3,PAPER_WEIGHT_NORMALIZED,2010-12-31,VGT,27,15,2
NN_v2,3,PAPER_WEIGHT_NORMALIZED,2010-12-31,VDC,13,7,0
NN_v2,3,PAPER_WEIGHT_NORMALIZED,2011-01-07,VIS,43,26,5
NN_v2,3,PAPER_WEIGHT_NORMALIZED,2011-01-07,VFH,82,31,3
NN_v2,3,PAPER_WEIGHT_NORMALIZED,2011-01-07,VAW,43,24,2
NN_v2,3,PAPER_WEIGHT_NORMALIZED,2011-01-14,VNQ,50,28,0
NN_v2,3,PAPER_WEIGHT_NORMALIZED,2011-01-14,VFH,83,31,0
NN_v2,3,PAPER_WEIGHT_NORMALIZED,2011-01-14,VAW,44,24,0
NN_v2,3,PAPER_WEIGHT_NORMALIZED,2011-01-21,VAW,45,25,1
NN_v2,3,PAPER_WEIGHT_NORMALIZED,2011-01-21,VFH,84,31,0
NN_v2,3,PAPER_WEIGHT_NORMALIZED,2011-01-21,VNQ,51,29,1
NN_v2,3,PAPER_WEIGHT_NORMALIZED,2011-01-28,VFH,85,32,1
NN_v2,3,PAPER_WEIGHT_NORMALIZED,2011-01-28,VGT,28,16,3
NN_v2,3,PAPER_WEIGHT_NORMALIZED,2011-01-28,VAW,46,26,2
NN_v2,3,PAPER_WEIGHT_NORMALIZED,2011-02-04,VFH,86,33,2
NN_v2,3,PAPER_WEIGHT_NORMALIZED,2011-02-04,VNQ,52,30,2
NN_v2,3,PAPER_WEIGHT_NORMALIZED,2011-02-04,VGT,29,17,4
NN_v2,3,PAPER_WEIGHT_NORMALIZED,2011-02-11,VNQ,53,31,3
NN_v2,3,PAPER_WEIGHT_NORMALIZED,2011-02-11,VFH,87,34,3
NN_v2,3,PAPER_WEIGHT_NORMALIZED,2011-02-11,VAW,47,27,3
NN_v2,3,PAPER_WEIGHT_NORMALIZED,2011-02-18,VAW,48,27,0
NN_v2,3,PAPER_WEIGHT_NORMALIZED,2011-02-18,VNQ,54,32,4
NN_v2,3,PAPER_WEIGHT_NORMALIZED,2011-02-18,VCR,43,19,0
NN_v2,3,PAPER_WEIGHT_NORMALIZED,2011-02-25,VAW,49,27,0
NN_v2,3,PAPER_WEIGHT_NORMALIZED,2011-02-25,VNQ,55,32,0
NN_v2,3,PAPER_WEIGHT_NORMALIZED,2011-02-25,VGT,30,17,0
NN_v2,3,PAPER_WEIGHT_NORMALIZED,2011-03-04,VAW,50,27,0
NN_v2,3,PAPER_WEIGHT_NORMALIZED,2011-03-04,VIS,44,26,0
NN_v2,3,PAPER_WEIGHT_NORMALIZED,2011-03-04,VNQ,56,32,0
NN_v2,3,PAPER_WEIGHT_NORMALIZED,2011-03-11,VAW,51,28,1
NN_v2,3,PAPER_WEIGHT_NORMALIZED,2011-03-11,VDE,60,32,3
NN_v2,3,PAPER_WEIGHT_NORMALIZED,2011-03-11,VGT,31,17,0
NN_v2,3,PAPER_WEIGHT_NORMALIZED,2011-03-18,VFH,88,34,0
NN_v2,3,PAPER_WEIGHT_NORMALIZED,2011-03-18,VCR,44,20,1
NN_v2,3,PAPER_WEIGHT_NORMALIZED,2011-03-18,VIS,45,27,1
NN_v2,3,PAPER_WEIGHT_NORMALIZED,2011-03-25,VAW,52,29,2
NN_v2,3,PAPER_WEIGHT_NORMALIZED,2011-03-25,VHT,33,19,2
NN_v2,3,PAPER_WEIGHT_NORMALIZED,2011-03-25,VCR,45,21,2
NN_v2,3,PAPER_WEIGHT_NORMALIZED,2011-04-01,VIS,46,27,0
NN_v2,3,PAPER_WEIGHT_NORMALIZED,2011-04-01,VAW,53,29,0
NN_v2,3,PAPER_WEIGHT_NORMALIZED,2011-04-01,VOX,49,24,0
NN_v2,3,PAPER_WEIGHT_NORMALIZED,2011-04-08,VAW,54,29,0
NN_v2,3,PAPER_WEIGHT_NORMALIZED,2011-04-08,VHT,34,20,3
NN_v2,3,PAPER_WEIGHT_NORMALIZED,2011-04-08,VDC,14,8,1
NN_v2,3,PAPER_WEIGHT_NORMALIZED,2011-04-15,VDE,61,33,4
NN_v2,3,PAPER_WEIGHT_NORMALIZED,2011-04-15,VAW,55,30,1
NN_v2,3,PAPER_WEIGHT_NORMALIZED,2011-04-15,VFH,89,35,1
NN_v2,3,PAPER_WEIGHT_NORMALIZED,2011-04-22,VAW,56,31,2
NN_v2,3,PAPER_WEIGHT_NORMALIZED,2011-04-22,VNQ,57,33,1
NN_v2,3,PAPER_WEIGHT_NORMALIZED,2011-04-22,VDE,62,34,5
NN_v2,3,PAPER_WEIGHT_NORMALIZED,2011-04-29,VNQ,58,33,0
NN_v2,3,PAPER_WEIGHT_NORMALIZED,2011-04-29,VDE,63,34,0
NN_v2,3,PAPER_WEIGHT_NORMALIZED,2011-04-29,VOX,50,24,0
NN_v2,3,PAPER_WEIGHT_NORMALIZED,2011-05-06,VDE,64,34,0
NN_v2,3,PAPER_WEIGHT_NORMALIZED,2011-05-06,VAW,57,31,0
NN_v2,3,PAPER_WEIGHT_NORMALIZED,2011-05-06,VNQ,59,34,1
NN_v2,3,PAPER_WEIGHT_NORMALIZED,2011-05-13,VDE,65,35,1
NN_v2,3,PAPER_WEIGHT_NORMALIZED,2011-05-13,VAW,58,32,1
NN_v2,3,PAPER_WEIGHT_NORMALIZED,2011-05-13,VIS,47,27,0
NN_v2,3,PAPER_WEIGHT_NORMALIZED,2011-05-20,VDE,66,36,2
NN_v2,3,PAPER_WEIGHT_NORMALIZED,2011-05-20,VAW,59,33,2
NN_v2,3,PAPER_WEIGHT_NORMALIZED,2011-05-20,VGT,32,18,1
NN_v2,3,PAPER_WEIGHT_NORMALIZED,2011-05-27,VGT,33,18,0
NN_v2,3,PAPER_WEIGHT_NORMALIZED,2011-05-27,VDE,67,36,0
NN_v2,3,PAPER_WEIGHT_NORMALIZED,2011-05-27,VAW,60,33,0
NN_v2,3,PAPER_WEIGHT_NORMALIZED,2011-06-03,VDE,68,36,0
NN_v2,3,PAPER_WEIGHT_NORMALIZED,2011-06-03,VHT,35,20,0
NN_v2,3,PAPER_WEIGHT_NORMALIZED,2011-06-03,VGT,34,18,0
NN_v2,3,PAPER_WEIGHT_NORMALIZED,2011-06-10,VPU,37,17,2
NN_v2,3,PAPER_WEIGHT_NORMALIZED,2011-06-10,VHT,36,21,1
NN_v2,3,PAPER_WEIGHT_NORMALIZED,2011-06-10,VDC,15,9,2
NN_v2,3,PAPER_WEIGHT_NORMALIZED,2011-06-17,VDE,69,36,0
NN_v2,3,PAPER_WEIGHT_NORMALIZED,2011-06-17,VAW,61,34,1
NN_v2,3,PAPER_WEIGHT_NORMALIZED,2011-06-17,VGT,35,19,1
NN_v2,3,PAPER_WEIGHT_NORMALIZED,2011-06-24,VDE,70,37,1
NN_v2,3,PAPER_WEIGHT_NORMALIZED,2011-06-24,VIS,48,28,1
NN_v2,3,PAPER_WEIGHT_NORMALIZED,2011-06-24,VOX,51,25,1
NN_v2,3,PAPER_WEIGHT_NORMALIZED,2011-07-01,VDE,71,38,2
NN_v2,3,PAPER_WEIGHT_NORMALIZED,2011-07-01,VAW,62,35,2
NN_v2,3,PAPER_WEIGHT_NORMALIZED,2011-07-01,VOX,52,26,2
NN_v2,3,PAPER_WEIGHT_NORMALIZED,2011-07-08,VDE,72,39,3
NN_v2,3,PAPER_WEIGHT_NORMALIZED,2011-07-08,VAW,63,35,0
NN_v2,3,PAPER_WEIGHT_NORMALIZED,2011-07-08,VNQ,60,34,0
NN_v2,3,PAPER_WEIGHT_NORMALIZED,2011-07-15,VAW,64,36,1
NN_v2,3,PAPER_WEIGHT_NORMALIZED,2011-07-15,VNQ,61,35,1
NN_v2,3,PAPER_WEIGHT_NORMALIZED,2011-07-15,VGT,36,20,2
NN_v2,3,PAPER_WEIGHT_NORMALIZED,2011-07-22,VCR,46,21,0
NN_v2,3,PAPER_WEIGHT_NORMALIZED,2011-07-22,VNQ,62,35,0
NN_v2,3,PAPER_WEIGHT_NORMALIZED,2011-07-22,VAW,65,36,0
NN_v2,3,PAPER_WEIGHT_NORMALIZED,2011-07-29,VDC,16,9,0
NN_v2,3,PAPER_WEIGHT_NORMALIZED,2011-07-29,VPU,38,17,0
NN_v2,3,PAPER_WEIGHT_NORMALIZED,2011-07-29,VNQ,63,35,0
NN_v2,3,PAPER_WEIGHT_NORMALIZED,2011-08-05,VPU,39,18,1
NN_v2,3,PAPER_WEIGHT_NORMALIZED,2011-08-05,VOX,53,27,3
NN_v2,3,PAPER_WEIGHT_NORMALIZED,2011-08-05,VDE,73,40,4
NN_v2,3,PAPER_WEIGHT_NORMALIZED,2011-08-12,VOX,54,27,0
NN_v2,3,PAPER_WEIGHT_NORMALIZED,2011-08-12,VDC,17,9,0
NN_v2,3,PAPER_WEIGHT_NORMALIZED,2011-08-12,VHT,37,21,0
NN_v2,3,PAPER_WEIGHT_NORMALIZED,2011-08-19,VGT,37,21,3
NN_v2,3,PAPER_WEIGHT_NORMALIZED,2011-08-19,VCR,47,22,1
NN_v2,3,PAPER_WEIGHT_NORMALIZED,2011-08-19,VIS,49,29,2
NN_v2,3,PAPER_WEIGHT_NORMALIZED,2011-08-26,VNQ,64,35,0
NN_v2,3,PAPER_WEIGHT_NORMALIZED,2011-08-26,VGT,38,21,0
NN_v2,3,PAPER_WEIGHT_NORMALIZED,2011-08-26,VCR,48,22,0
NN_v2,3,PAPER_WEIGHT_NORMALIZED,2011-09-02,VCR,49,23,1
NN_v2,3,PAPER_WEIGHT_NORMALIZED,2011-09-02,VNQ,65,36,1
NN_v2,3,PAPER_WEIGHT_NORMALIZED,2011-09-02,VGT,39,22,1
NN_v2,3,PAPER_WEIGHT_NORMALIZED,2011-09-09,VNQ,66,37,2
NN_v2,3,PAPER_WEIGHT_NORMALIZED,2011-09-09,VGT,40,23,2
NN_v2,3,PAPER_WEIGHT_NORMALIZED,2011-09-09,VCR,50,24,2
NN_v2,3,PAPER_WEIGHT_NORMALIZED,2011-09-16,VAW,66,36,0
NN_v2,3,PAPER_WEIGHT_NORMALIZED,2011-09-16,VDE,74,40,0
NN_v2,3,PAPER_WEIGHT_NORMALIZED,2011-09-16,VCR,51,24,0
NN_v2,3,PAPER_WEIGHT_NORMALIZED,2011-09-23,VGT,41,23,0
NN_v2,3,PAPER_WEIGHT_NORMALIZED,2011-09-23,VCR,52,24,0
NN_v2,3,PAPER_WEIGHT_NORMALIZED,2011-09-23,VHT,38,21,0
NN_v2,3,PAPER_WEIGHT_NORMALIZED,2011-09-30,VGT,42,24,1
NN_v2,3,PAPER_WEIGHT_NORMALIZED,2011-09-30,VHT,39,22,1
NN_v2,3,PAPER_WEIGHT_NORMALIZED,2011-09-30,VCR,53,25,1
NN_v2,3,PAPER_WEIGHT_NORMALIZED,2011-10-07,VOX,55,28,1
NN_v2,3,PAPER_WEIGHT_NORMALIZED,2011-10-07,VIS,50,30,3
NN_v2,3,PAPER_WEIGHT_NORMALIZED,2011-10-07,VHT,40,23,2
NN_v2,3,PAPER_WEIGHT_NORMALIZED,2011-10-14,VIS,51,31,4
NN_v2,3,PAPER_WEIGHT_NORMALIZED,2011-10-14,VAW,67,37,1
NN_v2,3,PAPER_WEIGHT_NORMALIZED,2011-10-14,VDE,75,41,1
NN_v2,3,PAPER_WEIGHT_NORMALIZED,2011-10-21,VDE,76,42,2
NN_v2,3,PAPER_WEIGHT_NORMALIZED,2011-10-21,VIS,52,32,5
NN_v2,3,PAPER_WEIGHT_NORMALIZED,2011-10-21,VAW,68,38,2
NN_v2,3,PAPER_WEIGHT_NORMALIZED,2011-10-28,VCR,54,25,0
NN_v2,3,PAPER_WEIGHT_NORMALIZED,2011-10-28,VIS,53,32,0
NN_v2,3,PAPER_WEIGHT_NORMALIZED,2011-10-28,VGT,43,24,0
NN_v2,3,PAPER_WEIGHT_NORMALIZED,2011-11-04,VGT,44,25,1
NN_v2,3,PAPER_WEIGHT_NORMALIZED,2011-11-04,VNQ,67,37,0
NN_v2,3,PAPER_WEIGHT_NORMALIZED,2011-11-04,VDE,77,43,3
NN_v2,3,PAPER_WEIGHT_NORMALIZED,2011-11-11,VDE,78,43,0
NN_v2,3,PAPER_WEIGHT_NORMALIZED,2011-11-11,VAW,69,38,0
NN_v2,3,PAPER_WEIGHT_NORMALIZED,2011-11-11,VIS,54,32,0
NN_v2,3,PAPER_WEIGHT_NORMALIZED,2011-11-18,VGT,45,25,0
NN_v2,3,PAPER_WEIGHT_NORMALIZED,2011-11-18,VPU,40,18,0
NN_v2,3,PAPER_WEIGHT_NORMALIZED,2011-11-18,VIS,55,32,0
NN_v2,3,PAPER_WEIGHT_NORMALIZED,2011-11-25,VIS,56,33,1
NN_v2,3,PAPER_WEIGHT_NORMALIZED,2011-11-25,VDE,79,44,1
NN_v2,3,PAPER_WEIGHT_NORMALIZED,2011-11-25,VNQ,68,38,1
NN_v2,3,PAPER_WEIGHT_NORMALIZED,2011-12-02,VDE,80,44,0
NN_v2,3,PAPER_WEIGHT_NORMALIZED,2011-12-02,VNQ,69,39,2
NN_v2,3,PAPER_WEIGHT_NORMALIZED,2011-12-02,VAW,70,38,0
NN_v2,3,PAPER_WEIGHT_NORMALIZED,2011-12-09,VDE,81,44,0
NN_v2,3,PAPER_WEIGHT_NORMALIZED,2011-12-09,VIS,57,33,0
NN_v2,3,PAPER_WEIGHT_NORMALIZED,2011-12-09,VNQ,70,40,3
NN_v2,3,PAPER_WEIGHT_NORMALIZED,2011-12-16,VNQ,71,41,4
NN_v2,3,PAPER_WEIGHT_NORMALIZED,2011-12-16,VIS,58,34,1
NN_v2,3,PAPER_WEIGHT_NORMALIZED,2011-12-16,VHT,41,24,3
NN_v2,3,PAPER_WEIGHT_NORMALIZED,2011-12-23,VDE,82,44,0
NN_v2,3,PAPER_WEIGHT_NORMALIZED,2011-12-23,VIS,59,34,0
NN_v2,3,PAPER_WEIGHT_NORMALIZED,2011-12-23,VNQ,72,41,0
NN_v2,3,PAPER_WEIGHT_NORMALIZED,2011-12-30,VNQ,73,41,0
NN_v2,3,PAPER_WEIGHT_NORMALIZED,2011-12-30,VDE,83,44,0
NN_v2,3,PAPER_WEIGHT_NORMALIZED,2011-12-30,VIS,60,35,1
NN_v2,3,PAPER_WEIGHT_NORMALIZED,2012-01-06,VFH,90,36,2
NN_v2,3,PAPER_WEIGHT_NORMALIZED,2012-01-06,VDE,84,44,0
NN_v2,3,PAPER_WEIGHT_NORMALIZED,2012-01-06,VAW,71,39,1
NN_v2,3,PAPER_WEIGHT_NORMALIZED,2012-01-13,VDE,85,45,1
NN_v2,3,PAPER_WEIGHT_NORMALIZED,2012-01-13,VAW,72,40,2
NN_v2,3,PAPER_WEIGHT_NORMALIZED,2012-01-13,VCR,55,26,1
NN_v2,3,PAPER_WEIGHT_NORMALIZED,2012-01-20,VAW,73,41,3
NN_v2,3,PAPER_WEIGHT_NORMALIZED,2012-01-20,VFH,91,37,3
NN_v2,3,PAPER_WEIGHT_NORMALIZED,2012-01-20,VDE,86,45,0
NN_v2,3,PAPER_WEIGHT_NORMALIZED,2012-01-27,VFH,92,38,4
NN_v2,3,PAPER_WEIGHT_NORMALIZED,2012-01-27,VAW,74,42,4
NN_v2,3,PAPER_WEIGHT_NORMALIZED,2012-01-27,VDE,87,46,1
NN_v2,3,PAPER_WEIGHT_NORMALIZED,2012-02-03,VAW,75,42,0
NN_v2,3,PAPER_WEIGHT_NORMALIZED,2012-02-03,VDE,88,47,2
NN_v2,3,PAPER_WEIGHT_NORMALIZED,2012-02-03,VFH,93,38,0
NN_v2,3,PAPER_WEIGHT_NORMALIZED,2012-02-10,VDE,89,48,3
NN_v2,3,PAPER_WEIGHT_NORMALIZED,2012-02-10,VAW,76,43,1
NN_v2,3,PAPER_WEIGHT_NORMALIZED,2012-02-10,VFH,94,39,1
NN_v2,3,PAPER_WEIGHT_NORMALIZED,2012-02-17,VDE,90,49,4
NN_v2,3,PAPER_WEIGHT_NORMALIZED,2012-02-17,VAW,77,43,0
NN_v2,3,PAPER_WEIGHT_NORMALIZED,2012-02-17,VFH,95,39,0
NN_v2,3,PAPER_WEIGHT_NORMALIZED,2012-02-24,VAW,78,43,0
NN_v2,3,PAPER_WEIGHT_NORMALIZED,2012-02-24,VFH,96,40,1
NN_v2,3,PAPER_WEIGHT_NORMALIZED,2012-02-24,VDE,91,49,0
NN_v2,3,PAPER_WEIGHT_NORMALIZED,2012-03-02,VDE,92,49,0
NN_v2,3,PAPER_WEIGHT_NORMALIZED,2012-03-02,VFH,97,41,2
NN_v2,3,PAPER_WEIGHT_NORMALIZED,2012-03-02,VAW,79,43,0
NN_v2,3,PAPER_WEIGHT_NORMALIZED,2012-03-09,VDE,93,50,1
NN_v2,3,PAPER_WEIGHT_NORMALIZED,2012-03-09,VFH,98,42,3
NN_v2,3,PAPER_WEIGHT_NORMALIZED,2012-03-09,VAW,80,44,1
NN_v2,3,PAPER_WEIGHT_NORMALIZED,2012-03-16,VDE,94,50,0
NN_v2,3,PAPER_WEIGHT_NORMALIZED,2012-03-16,VAW,81,44,0
NN_v2,3,PAPER_WEIGHT_NORMALIZED,2012-03-16,VIS,61,35,0
NN_v2,3,PAPER_WEIGHT_NORMALIZED,2012-03-23,VDE,95,50,0
NN_v2,3,PAPER_WEIGHT_NORMALIZED,2012-03-23,VIS,62,35,0
NN_v2,3,PAPER_WEIGHT_NORMALIZED,2012-03-23,VAW,82,44,0
NN_v2,3,PAPER_WEIGHT_NORMALIZED,2012-03-30,VDE,96,50,0
NN_v2,3,PAPER_WEIGHT_NORMALIZED,2012-03-30,VFH,99,42,0
NN_v2,3,PAPER_WEIGHT_NORMALIZED,2012-03-30,VNQ,74,41,0
NN_v2,3,PAPER_WEIGHT_NORMALIZED,2012-04-06,VFH,100,42,0
NN_v2,3,PAPER_WEIGHT_NORMALIZED,2012-04-06,VDE,97,50,0
NN_v2,3,PAPER_WEIGHT_NORMALIZED,2012-04-06,VNQ,75,42,1
NN_v2,3,PAPER_WEIGHT_NORMALIZED,2012-04-13,VFH,101,42,0
NN_v2,3,PAPER_WEIGHT_NORMALIZED,2012-04-13,VNQ,76,43,2
NN_v2,3,PAPER_WEIGHT_NORMALIZED,2012-04-13,VHT,42,25,4
NN_v2,3,PAPER_WEIGHT_NORMALIZED,2012-04-20,VFH,102,43,1
NN_v2,3,PAPER_WEIGHT_NORMALIZED,2012-04-20,VOX,56,29,2
NN_v2,3,PAPER_WEIGHT_NORMALIZED,2012-04-20,VGT,46,26,1
NN_v2,3,PAPER_WEIGHT_NORMALIZED,2012-04-27,VFH,103,43,0
NN_v2,3,PAPER_WEIGHT_NORMALIZED,2012-04-27,VDE,98,50,0
NN_v2,3,PAPER_WEIGHT_NORMALIZED,2012-04-27,VCR,56,26,0
NN_v2,3,PAPER_WEIGHT_NORMALIZED,2012-05-04,VFH,104,43,0
NN_v2,3,PAPER_WEIGHT_NORMALIZED,2012-05-04,VCR,57,26,0
NN_v2,3,PAPER_WEIGHT_NORMALIZED,2012-05-04,VDE,99,50,0
NN_v2,3,PAPER_WEIGHT_NORMALIZED,2012-05-11,VFH,105,43,0
NN_v2,3,PAPER_WEIGHT_NORMALIZED,2012-05-11,VDE,100,50,0
NN_v2,3,PAPER_WEIGHT_NORMALIZED,2012-05-11,VIS,63,35,0
NN_v2,3,PAPER_WEIGHT_NORMALIZED,2012-05-18,VNQ,77,44,3
NN_v2,3,PAPER_WEIGHT_NORMALIZED,2012-05-18,VFH,106,44,1
NN_v2,3,PAPER_WEIGHT_NORMALIZED,2012-05-18,VGT,47,27,2
NN_v2,3,PAPER_WEIGHT_NORMALIZED,2012-05-25,VFH,107,44,0
NN_v2,3,PAPER_WEIGHT_NORMALIZED,2012-05-25,VDE,101,50,0
NN_v2,3,PAPER_WEIGHT_NORMALIZED,2012-05-25,VGT,48,27,0
NN_v2,3,PAPER_WEIGHT_NORMALIZED,2012-06-01,VFH,108,45,1
NN_v2,3,PAPER_WEIGHT_NORMALIZED,2012-06-01,VCR,58,27,1
NN_v2,3,PAPER_WEIGHT_NORMALIZED,2012-06-01,VIS,64,36,1
NN_v2,3,PAPER_WEIGHT_NORMALIZED,2012-06-08,VAW,83,44,0
NN_v2,3,PAPER_WEIGHT_NORMALIZED,2012-06-08,VDE,102,51,1
NN_v2,3,PAPER_WEIGHT_NORMALIZED,2012-06-08,VGT,49,27,0
NN_v2,3,PAPER_WEIGHT_NORMALIZED,2012-06-15,VAW,84,45,1
NN_v2,3,PAPER_WEIGHT_NORMALIZED,2012-06-15,VFH,109,46,2
NN_v2,3,PAPER_WEIGHT_NORMALIZED,2012-06-15,VDE,103,51,0
NN_v2,3,PAPER_WEIGHT_NORMALIZED,2012-06-22,VFH,110,47,3
NN_v2,3,PAPER_WEIGHT_NORMALIZED,2012-06-22,VAW,85,46,2
NN_v2,3,PAPER_WEIGHT_NORMALIZED,2012-06-22,VCR,59,28,2
NN_v2,3,PAPER_WEIGHT_NORMALIZED,2012-06-29,VFH,111,47,0
NN_v2,3,PAPER_WEIGHT_NORMALIZED,2012-06-29,VDE,104,51,0
NN_v2,3,PAPER_WEIGHT_NORMALIZED,2012-06-29,VAW,86,47,3
NN_v2,3,PAPER_WEIGHT_NORMALIZED,2012-07-06,VFH,112,48,1
NN_v2,3,PAPER_WEIGHT_NORMALIZED,2012-07-06,VDE,105,52,1
NN_v2,3,PAPER_WEIGHT_NORMALIZED,2012-07-06,VAW,87,47,0
NN_v2,3,PAPER_WEIGHT_NORMALIZED,2012-07-13,VDE,106,53,2
NN_v2,3,PAPER_WEIGHT_NORMALIZED,2012-07-13,VAW,88,48,1
NN_v2,3,PAPER_WEIGHT_NORMALIZED,2012-07-13,VFH,113,48,0
NN_v2,3,PAPER_WEIGHT_NORMALIZED,2012-07-20,VAW,89,49,2
NN_v2,3,PAPER_WEIGHT_NORMALIZED,2012-07-20,VDE,107,54,3
NN_v2,3,PAPER_WEIGHT_NORMALIZED,2012-07-20,VFH,114,49,1
NN_v2,3,PAPER_WEIGHT_NORMALIZED,2012-07-27,VDE,108,55,4
NN_v2,3,PAPER_WEIGHT_NORMALIZED,2012-07-27,VFH,115,50,2
NN_v2,3,PAPER_WEIGHT_NORMALIZED,2012-07-27,VIS,65,37,2
NN_v2,3,PAPER_WEIGHT_NORMALIZED,2012-08-03,VDE,109,56,5
NN_v2,3,PAPER_WEIGHT_NORMALIZED,2012-08-03,VFH,116,51,3
NN_v2,3,PAPER_WEIGHT_NORMALIZED,2012-08-03,VGT,50,28,1
NN_v2,3,PAPER_WEIGHT_NORMALIZED,2012-08-10,VDE,110,57,6
NN_v2,3,PAPER_WEIGHT_NORMALIZED,2012-08-10,VAW,90,50,3
NN_v2,3,PAPER_WEIGHT_NORMALIZED,2012-08-10,VFH,117,52,4
NN_v2,3,PAPER_WEIGHT_NORMALIZED,2012-08-17,VDE,111,57,0
NN_v2,3,PAPER_WEIGHT_NORMALIZED,2012-08-17,VFH,118,53,5
NN_v2,3,PAPER_WEIGHT_NORMALIZED,2012-08-17,VAW,91,50,0
NN_v2,3,PAPER_WEIGHT_NORMALIZED,2012-08-24,VDE,112,57,0
NN_v2,3,PAPER_WEIGHT_NORMALIZED,2012-08-24,VAW,92,50,0
NN_v2,3,PAPER_WEIGHT_NORMALIZED,2012-08-24,VGT,51,28,0
NN_v2,3,PAPER_WEIGHT_NORMALIZED,2012-08-31,VDE,113,58,1
NN_v2,3,PAPER_WEIGHT_NORMALIZED,2012-08-31,VGT,52,29,1
NN_v2,3,PAPER_WEIGHT_NORMALIZED,2012-08-31,VFH,119,54,6
NN_v2,3,PAPER_WEIGHT_NORMALIZED,2012-09-07,VDE,114,59,2
NN_v2,3,PAPER_WEIGHT_NORMALIZED,2012-09-07,VCR,60,29,3
NN_v2,3,PAPER_WEIGHT_NORMALIZED,2012-09-07,VGT,53,30,2
NN_v2,3,PAPER_WEIGHT_NORMALIZED,2012-09-14,VAW,93,50,0
NN_v2,3,PAPER_WEIGHT_NORMALIZED,2012-09-14,VFH,120,54,0
NN_v2,3,PAPER_WEIGHT_NORMALIZED,2012-09-14,VDE,115,59,0
NN_v2,3,PAPER_WEIGHT_NORMALIZED,2012-09-21,VAW,94,50,0
NN_v2,3,PAPER_WEIGHT_NORMALIZED,2012-09-21,VFH,121,54,0
NN_v2,3,PAPER_WEIGHT_NORMALIZED,2012-09-21,VDE,116,59,0
NN_v2,3,PAPER_WEIGHT_NORMALIZED,2012-09-28,VFH,122,55,1
NN_v2,3,PAPER_WEIGHT_NORMALIZED,2012-09-28,VAW,95,51,1
NN_v2,3,PAPER_WEIGHT_NORMALIZED,2012-09-28,VDE,117,59,0
NN_v2,3,PAPER_WEIGHT_NORMALIZED,2012-10-05,VCR,61,29,0
NN_v2,3,PAPER_WEIGHT_NORMALIZED,2012-10-05,VDE,118,59,0
NN_v2,3,PAPER_WEIGHT_NORMALIZED,2012-10-05,VAW,96,51,0
NN_v2,3,PAPER_WEIGHT_NORMALIZED,2012-10-12,VAW,97,52,1
NN_v2,3,PAPER_WEIGHT_NORMALIZED,2012-10-12,VDE,119,60,1
NN_v2,3,PAPER_WEIGHT_NORMALIZED,2012-10-12,VFH,123,56,2
NN_v2,3,PAPER_WEIGHT_NORMALIZED,2012-10-19,VAW,98,52,0
NN_v2,3,PAPER_WEIGHT_NORMALIZED,2012-10-19,VDE,120,60,0
NN_v2,3,PAPER_WEIGHT_NORMALIZED,2012-10-19,VFH,124,56,0
NN_v2,3,PAPER_WEIGHT_NORMALIZED,2012-10-26,VAW,99,52,0
NN_v2,3,PAPER_WEIGHT_NORMALIZED,2012-10-26,VDE,121,60,0
NN_v2,3,PAPER_WEIGHT_NORMALIZED,2012-10-26,VOX,57,29,0
NN_v2,3,PAPER_WEIGHT_NORMALIZED,2012-11-02,VAW,100,52,0
NN_v2,3,PAPER_WEIGHT_NORMALIZED,2012-11-02,VDE,122,60,0
NN_v2,3,PAPER_WEIGHT_NORMALIZED,2012-11-02,VFH,125,56,0
NN_v2,3,PAPER_WEIGHT_NORMALIZED,2012-11-09,VFH,126,56,0
NN_v2,3,PAPER_WEIGHT_NORMALIZED,2012-11-09,VDE,123,60,0
NN_v2,3,PAPER_WEIGHT_NORMALIZED,2012-11-09,VAW,101,52,0
NN_v2,3,PAPER_WEIGHT_NORMALIZED,2012-11-16,VFH,127,57,1
NN_v2,3,PAPER_WEIGHT_NORMALIZED,2012-11-16,VAW,102,53,1
NN_v2,3,PAPER_WEIGHT_NORMALIZED,2012-11-16,VDE,124,61,1
NN_v2,3,PAPER_WEIGHT_NORMALIZED,2012-11-23,VAW,103,54,2
NN_v2,3,PAPER_WEIGHT_NORMALIZED,2012-11-23,VDE,125,62,2
NN_v2,3,PAPER_WEIGHT_NORMALIZED,2012-11-23,VNQ,78,45,4
NN_v2,3,PAPER_WEIGHT_NORMALIZED,2012-11-30,VDE,126,63,3
NN_v2,3,PAPER_WEIGHT_NORMALIZED,2012-11-30,VAW,104,54,0
NN_v2,3,PAPER_WEIGHT_NORMALIZED,2012-11-30,VGT,54,30,0
NN_v2,3,PAPER_WEIGHT_NORMALIZED,2012-12-07,VOX,58,30,1
NN_v2,3,PAPER_WEIGHT_NORMALIZED,2012-12-07,VGT,55,30,0
NN_v2,3,PAPER_WEIGHT_NORMALIZED,2012-12-07,VDE,127,63,0
NN_v2,3,PAPER_WEIGHT_NORMALIZED,2012-12-14,VGT,56,31,1
NN_v2,3,PAPER_WEIGHT_NORMALIZED,2012-12-14,VAW,105,54,0
NN_v2,3,PAPER_WEIGHT_NORMALIZED,2012-12-14,VFH,128,58,2
NN_v2,3,PAPER_WEIGHT_NORMALIZED,2012-12-21,VPU,41,18,0
NN_v2,3,PAPER_WEIGHT_NORMALIZED,2012-12-21,VGT,57,31,0
NN_v2,3,PAPER_WEIGHT_NORMALIZED,2012-12-21,VOX,59,30,0
NN_v2,3,PAPER_WEIGHT_NORMALIZED,2012-12-28,VDE,128,64,1
NN_v2,3,PAPER_WEIGHT_NORMALIZED,2012-12-28,VNQ,79,46,5
NN_v2,3,PAPER_WEIGHT_NORMALIZED,2012-12-28,VFH,129,59,3
NN_v2,3,PAPER_WEIGHT_NORMALIZED,2013-01-04,VOX,60,30,0
NN_v2,3,PAPER_WEIGHT_NORMALIZED,2013-01-04,VFH,130,60,4
NN_v2,3,PAPER_WEIGHT_NORMALIZED,2013-01-04,VIS,66,37,0
NN_v2,3,PAPER_WEIGHT_NORMALIZED,2013-01-11,VIS,67,38,1
NN_v2,3,PAPER_WEIGHT_NORMALIZED,2013-01-11,VFH,131,61,5
NN_v2,3,PAPER_WEIGHT_NORMALIZED,2013-01-11,VGT,58,32,1
NN_v2,3,PAPER_WEIGHT_NORMALIZED,2013-01-18,VIS,68,39,2
NN_v2,3,PAPER_WEIGHT_NORMALIZED,2013-01-18,VAW,106,55,1
NN_v2,3,PAPER_WEIGHT_NORMALIZED,2013-01-18,VOX,61,31,1
NN_v2,3,PAPER_WEIGHT_NORMALIZED,2013-01-25,VIS,69,39,0
NN_v2,3,PAPER_WEIGHT_NORMALIZED,2013-01-25,VDE,129,65,2
NN_v2,3,PAPER_WEIGHT_NORMALIZED,2013-01-25,VAW,107,55,0
NN_v2,3,PAPER_WEIGHT_NORMALIZED,2013-02-01,VDE,130,66,3
NN_v2,3,PAPER_WEIGHT_NORMALIZED,2013-02-01,VAW,108,56,1
NN_v2,3,PAPER_WEIGHT_NORMALIZED,2013-02-01,VFH,132,62,6
NN_v2,3,PAPER_WEIGHT_NORMALIZED,2013-02-08,VDE,131,66,0
NN_v2,3,PAPER_WEIGHT_NORMALIZED,2013-02-08,VIS,70,40,1
NN_v2,3,PAPER_WEIGHT_NORMALIZED,2013-02-08,VFH,133,63,7
NN_v2,3,PAPER_WEIGHT_NORMALIZED,2013-02-15,VFH,134,63,0
NN_v2,3,PAPER_WEIGHT_NORMALIZED,2013-02-15,VIS,71,40,0
NN_v2,3,PAPER_WEIGHT_NORMALIZED,2013-02-15,VDE,132,66,0
NN_v2,3,PAPER_WEIGHT_NORMALIZED,2013-02-22,VDE,133,66,0
NN_v2,3,PAPER_WEIGHT_NORMALIZED,2013-02-22,VFH,135,63,0
NN_v2,3,PAPER_WEIGHT_NORMALIZED,2013-02-22,VIS,72,40,0
NN_v2,3,PAPER_WEIGHT_NORMALIZED,2013-03-01,VIS,73,41,1
NN_v2,3,PAPER_WEIGHT_NORMALIZED,2013-03-01,VHT,43,26,5
NN_v2,3,PAPER_WEIGHT_NORMALIZED,2013-03-01,VDE,134,67,1
NN_v2,3,PAPER_WEIGHT_NORMALIZED,2013-03-08,VCR,62,30,1
NN_v2,3,PAPER_WEIGHT_NORMALIZED,2013-03-08,VIS,74,42,2
NN_v2,3,PAPER_WEIGHT_NORMALIZED,2013-03-08,VFH,136,64,1
NN_v2,3,PAPER_WEIGHT_NORMALIZED,2013-03-15,VFH,137,64,0
NN_v2,3,PAPER_WEIGHT_NORMALIZED,2013-03-15,VIS,75,43,3
NN_v2,3,PAPER_WEIGHT_NORMALIZED,2013-03-15,VCR,63,31,2
NN_v2,3,PAPER_WEIGHT_NORMALIZED,2013-03-22,VFH,138,64,0
NN_v2,3,PAPER_WEIGHT_NORMALIZED,2013-03-22,VHT,44,27,6
NN_v2,3,PAPER_WEIGHT_NORMALIZED,2013-03-22,VIS,76,43,0
NN_v2,3,PAPER_WEIGHT_NORMALIZED,2013-03-29,VCR,64,31,0
NN_v2,3,PAPER_WEIGHT_NORMALIZED,2013-03-29,VPU,42,19,1
NN_v2,3,PAPER_WEIGHT_NORMALIZED,2013-03-29,VDC,18,9,0
NN_v2,3,PAPER_WEIGHT_NORMALIZED,2013-04-05,VAW,109,57,2
NN_v2,3,PAPER_WEIGHT_NORMALIZED,2013-04-05,VIS,77,44,1
NN_v2,3,PAPER_WEIGHT_NORMALIZED,2013-04-05,VFH,139,65,1
NN_v2,3,PAPER_WEIGHT_NORMALIZED,2013-04-12,VAW,110,57,0
NN_v2,3,PAPER_WEIGHT_NORMALIZED,2013-04-12,VFH,140,65,0
NN_v2,3,PAPER_WEIGHT_NORMALIZED,2013-04-12,VCR,65,31,0
NN_v2,3,PAPER_WEIGHT_NORMALIZED,2013-04-19,VIS,78,45,2
NN_v2,3,PAPER_WEIGHT_NORMALIZED,2013-04-19,VAW,111,58,1
NN_v2,3,PAPER_WEIGHT_NORMALIZED,2013-04-19,VGT,59,33,2
NN_v2,3,PAPER_WEIGHT_NORMALIZED,2013-04-26,VIS,79,46,3
NN_v2,3,PAPER_WEIGHT_NORMALIZED,2013-04-26,VAW,112,59,2
NN_v2,3,PAPER_WEIGHT_NORMALIZED,2013-04-26,VDE,135,68,2
NN_v2,3,PAPER_WEIGHT_NORMALIZED,2013-05-03,VAW,113,60,3
NN_v2,3,PAPER_WEIGHT_NORMALIZED,2013-05-03,VDE,136,69,3
NN_v2,3,PAPER_WEIGHT_NORMALIZED,2013-05-03,VCR,66,32,1
NN_v2,3,PAPER_WEIGHT_NORMALIZED,2013-05-10,VCR,67,33,2
NN_v2,3,PAPER_WEIGHT_NORMALIZED,2013-05-10,VGT,60,34,3
NN_v2,3,PAPER_WEIGHT_NORMALIZED,2013-05-10,VPU,43,20,2
NN_v2,3,PAPER_WEIGHT_NORMALIZED,2013-05-17,VOX,62,31,0
NN_v2,3,PAPER_WEIGHT_NORMALIZED,2013-05-17,VGT,61,34,0
NN_v2,3,PAPER_WEIGHT_NORMALIZED,2013-05-17,VNQ,80,46,0
NN_v2,3,PAPER_WEIGHT_NORMALIZED,2013-05-24,VOX,63,31,0
NN_v2,3,PAPER_WEIGHT_NORMALIZED,2013-05-24,VNQ,81,46,0
NN_v2,3,PAPER_WEIGHT_NORMALIZED,2013-05-24,VCR,68,33,0
NN_v2,3,PAPER_WEIGHT_NORMALIZED,2013-05-31,VOX,64,32,1
NN_v2,3,PAPER_WEIGHT_NORMALIZED,2013-05-31,VCR,69,34,1
NN_v2,3,PAPER_WEIGHT_NORMALIZED,2013-05-31,VGT,62,34,0
NN_v2,3,PAPER_WEIGHT_NORMALIZED,2013-06-07,VNQ,82,46,0
NN_v2,3,PAPER_WEIGHT_NORMALIZED,2013-06-07,VGT,63,34,0
NN_v2,3,PAPER_WEIGHT_NORMALIZED,2013-06-07,VIS,80,46,0
NN_v2,3,PAPER_WEIGHT_NORMALIZED,2013-06-14,VCR,70,34,0
NN_v2,3,PAPER_WEIGHT_NORMALIZED,2013-06-14,VNQ,83,46,0
NN_v2,3,PAPER_WEIGHT_NORMALIZED,2013-06-14,VGT,64,34,0
NN_v2,3,PAPER_WEIGHT_NORMALIZED,2013-06-21,VGT,65,35,1
NN_v2,3,PAPER_WEIGHT_NORMALIZED,2013-06-21,VIS,81,47,1
NN_v2,3,PAPER_WEIGHT_NORMALIZED,2013-06-21,VOX,65,33,2
NN_v2,3,PAPER_WEIGHT_NORMALIZED,2013-06-28,VIS,82,48,2
NN_v2,3,PAPER_WEIGHT_NORMALIZED,2013-06-28,VAW,114,61,4
NN_v2,3,PAPER_WEIGHT_NORMALIZED,2013-06-28,VFH,141,66,1
NN_v2,3,PAPER_WEIGHT_NORMALIZED,2013-07-05,VNQ,84,47,1
NN_v2,3,PAPER_WEIGHT_NORMALIZED,2013-07-05,VPU,44,21,3
NN_v2,3,PAPER_WEIGHT_NORMALIZED,2013-07-05,VFH,142,67,2
NN_v2,3,PAPER_WEIGHT_NORMALIZED,2013-07-12,VNQ,85,48,2
NN_v2,3,PAPER_WEIGHT_NORMALIZED,2013-07-12,VPU,45,22,4
NN_v2,3,PAPER_WEIGHT_NORMALIZED,2013-07-12,VOX,66,34,3
NN_v2,3,PAPER_WEIGHT_NORMALIZED,2013-07-19,VNQ,86,48,0
NN_v2,3,PAPER_WEIGHT_NORMALIZED,2013-07-19,VPU,46,22,0
NN_v2,3,PAPER_WEIGHT_NORMALIZED,2013-07-19,VCR,71,34,0
NN_v2,3,PAPER_WEIGHT_NORMALIZED,2013-07-26,VNQ,87,48,0
NN_v2,3,PAPER_WEIGHT_NORMALIZED,2013-07-26,VOX,67,34,0
NN_v2,3,PAPER_WEIGHT_NORMALIZED,2013-07-26,VPU,47,23,1
NN_v2,3,PAPER_WEIGHT_NORMALIZED,2013-08-02,VNQ,88,49,1
NN_v2,3,PAPER_WEIGHT_NORMALIZED,2013-08-02,VPU,48,23,0
NN_v2,3,PAPER_WEIGHT_NORMALIZED,2013-08-02,VOX,68,34,0
NN_v2,3,PAPER_WEIGHT_NORMALIZED,2013-08-09,VNQ,89,49,0
NN_v2,3,PAPER_WEIGHT_NORMALIZED,2013-08-09,VIS,83,48,0
NN_v2,3,PAPER_WEIGHT_NORMALIZED,2013-08-09,VCR,72,34,0
NN_v2,3,PAPER_WEIGHT_NORMALIZED,2013-08-16,VIS,84,49,1
NN_v2,3,PAPER_WEIGHT_NORMALIZED,2013-08-16,VNQ,90,50,1
NN_v2,3,PAPER_WEIGHT_NORMALIZED,2013-08-16,VCR,73,35,1
NN_v2,3,PAPER_WEIGHT_NORMALIZED,2013-08-23,VCR,74,35,0
NN_v2,3,PAPER_WEIGHT_NORMALIZED,2013-08-23,VHT,45,27,0
NN_v2,3,PAPER_WEIGHT_NORMALIZED,2013-08-23,VIS,85,49,0
NN_v2,3,PAPER_WEIGHT_NORMALIZED,2013-08-30,VCR,75,36,1
NN_v2,3,PAPER_WEIGHT_NORMALIZED,2013-08-30,VAW,115,62,5
NN_v2,3,PAPER_WEIGHT_NORMALIZED,2013-08-30,VPU,49,23,0
NN_v2,3,PAPER_WEIGHT_NORMALIZED,2013-09-06,VNQ,91,51,2
NN_v2,3,PAPER_WEIGHT_NORMALIZED,2013-09-06,VPU,50,24,1
NN_v2,3,PAPER_WEIGHT_NORMALIZED,2013-09-06,VOX,69,35,1
NN_v2,3,PAPER_WEIGHT_NORMALIZED,2013-09-13,VNQ,92,52,3
NN_v2,3,PAPER_WEIGHT_NORMALIZED,2013-09-13,VCR,76,37,2
NN_v2,3,PAPER_WEIGHT_NORMALIZED,2013-09-13,VIS,86,50,1
NN_v2,3,PAPER_WEIGHT_NORMALIZED,2013-09-20,VNQ,93,52,0
NN_v2,3,PAPER_WEIGHT_NORMALIZED,2013-09-20,VIS,87,50,0
NN_v2,3,PAPER_WEIGHT_NORMALIZED,2013-09-20,VOX,70,36,2
NN_v2,3,PAPER_WEIGHT_NORMALIZED,2013-09-27,VNQ,94,52,0
NN_v2,3,PAPER_WEIGHT_NORMALIZED,2013-09-27,VGT,66,36,2
NN_v2,3,PAPER_WEIGHT_NORMALIZED,2013-09-27,VIS,88,51,1
NN_v2,3,PAPER_WEIGHT_NORMALIZED,2013-10-04,VOX,71,37,3
NN_v2,3,PAPER_WEIGHT_NORMALIZED,2013-10-04,VNQ,95,53,1
NN_v2,3,PAPER_WEIGHT_NORMALIZED,2013-10-04,VAW,116,63,6
NN_v2,3,PAPER_WEIGHT_NORMALIZED,2013-10-11,VNQ,96,54,2
NN_v2,3,PAPER_WEIGHT_NORMALIZED,2013-10-11,VIS,89,52,2
NN_v2,3,PAPER_WEIGHT_NORMALIZED,2013-10-11,VAW,117,64,7
NN_v2,3,PAPER_WEIGHT_NORMALIZED,2013-10-18,VNQ,97,55,3
NN_v2,3,PAPER_WEIGHT_NORMALIZED,2013-10-18,VOX,72,38,4
NN_v2,3,PAPER_WEIGHT_NORMALIZED,2013-10-18,VPU,51,25,2
NN_v2,3,PAPER_WEIGHT_NORMALIZED,2013-10-25,VNQ,98,55,0
NN_v2,3,PAPER_WEIGHT_NORMALIZED,2013-10-25,VIS,90,53,3
NN_v2,3,PAPER_WEIGHT_NORMALIZED,2013-10-25,VOX,73,38,0
NN_v2,3,PAPER_WEIGHT_NORMALIZED,2013-11-01,VNQ,99,55,0
NN_v2,3,PAPER_WEIGHT_NORMALIZED,2013-11-01,VOX,74,38,0
NN_v2,3,PAPER_WEIGHT_NORMALIZED,2013-11-01,VIS,91,53,0
NN_v2,3,PAPER_WEIGHT_NORMALIZED,2013-11-08,VNQ,100,56,1
NN_v2,3,PAPER_WEIGHT_NORMALIZED,2013-11-08,VIS,92,54,1
NN_v2,3,PAPER_WEIGHT_NORMALIZED,2013-11-08,VOX,75,38,0
NN_v2,3,PAPER_WEIGHT_NORMALIZED,2013-11-15,VIS,93,55,2
NN_v2,3,PAPER_WEIGHT_NORMALIZED,2013-11-15,VNQ,101,56,0
NN_v2,3,PAPER_WEIGHT_NORMALIZED,2013-11-15,VCR,77,37,0
NN_v2,3,PAPER_WEIGHT_NORMALIZED,2013-11-22,VNQ,102,56,0
NN_v2,3,PAPER_WEIGHT_NORMALIZED,2013-11-22,VIS,94,56,3
NN_v2,3,PAPER_WEIGHT_NORMALIZED,2013-11-22,VDC,19,9,0
NN_v2,3,PAPER_WEIGHT_NORMALIZED,2013-11-29,VNQ,103,57,1
NN_v2,3,PAPER_WEIGHT_NORMALIZED,2013-11-29,VIS,95,56,0
NN_v2,3,PAPER_WEIGHT_NORMALIZED,2013-11-29,VPU,52,26,3
NN_v2,3,PAPER_WEIGHT_NORMALIZED,2013-12-06,VNQ,104,57,0
NN_v2,3,PAPER_WEIGHT_NORMALIZED,2013-12-06,VCR,78,37,0
NN_v2,3,PAPER_WEIGHT_NORMALIZED,2013-12-06,VGT,67,36,0
NN_v2,3,PAPER_WEIGHT_NORMALIZED,2013-12-13,VCR,79,38,1
NN_v2,3,PAPER_WEIGHT_NORMALIZED,2013-12-13,VNQ,105,58,1
NN_v2,3,PAPER_WEIGHT_NORMALIZED,2013-12-13,VIS,96,57,1
NN_v2,3,PAPER_WEIGHT_NORMALIZED,2013-12-20,VNQ,106,58,0
NN_v2,3,PAPER_WEIGHT_NORMALIZED,2013-12-20,VGT,68,37,1
NN_v2,3,PAPER_WEIGHT_NORMALIZED,2013-12-20,VHT,46,28,1
NN_v2,3,PAPER_WEIGHT_NORMALIZED,2013-12-27,VNQ,107,59,1
NN_v2,3,PAPER_WEIGHT_NORMALIZED,2013-12-27,VGT,69,37,0
NN_v2,3,PAPER_WEIGHT_NORMALIZED,2013-12-27,VIS,97,57,0
NN_v2,3,PAPER_WEIGHT_NORMALIZED,2014-01-03,VOX,76,38,0
NN_v2,3,PAPER_WEIGHT_NORMALIZED,2014-01-03,VDE,137,69,0
NN_v2,3,PAPER_WEIGHT_NORMALIZED,2014-01-03,VAW,118,64,0
NN_v2,3,PAPER_WEIGHT_NORMALIZED,2014-01-10,VNQ,108,60,2
NN_v2,3,PAPER_WEIGHT_NORMALIZED,2014-01-10,VOX,77,39,1
NN_v2,3,PAPER_WEIGHT_NORMALIZED,2014-01-10,VDE,138,69,0
NN_v2,3,PAPER_WEIGHT_NORMALIZED,2014-01-17,VNQ,109,60,0
NN_v2,3,PAPER_WEIGHT_NORMALIZED,2014-01-17,VOX,78,39,0
NN_v2,3,PAPER_WEIGHT_NORMALIZED,2014-01-17,VCR,80,38,0
NN_v2,3,PAPER_WEIGHT_NORMALIZED,2014-01-24,VIS,98,57,0
NN_v2,3,PAPER_WEIGHT_NORMALIZED,2014-01-24,VAW,119,65,1
NN_v2,3,PAPER_WEIGHT_NORMALIZED,2014-01-24,VFH,143,67,0
NN_v2,3,PAPER_WEIGHT_NORMALIZED,2014-01-31,VIS,99,58,1
NN_v2,3,PAPER_WEIGHT_NORMALIZED,2014-01-31,VFH,144,68,1
NN_v2,3,PAPER_WEIGHT_NORMALIZED,2014-01-31,VAW,120,66,2
NN_v2,3,PAPER_WEIGHT_NORMALIZED,2014-02-07,VFH,145,69,2
NN_v2,3,PAPER_WEIGHT_NORMALIZED,2014-02-07,VIS,100,59,2
NN_v2,3,PAPER_WEIGHT_NORMALIZED,2014-02-07,VOX,79,40,1
NN_v2,3,PAPER_WEIGHT_NORMALIZED,2014-02-14,VDE,139,70,1
NN_v2,3,PAPER_WEIGHT_NORMALIZED,2014-02-14,VOX,80,41,2
NN_v2,3,PAPER_WEIGHT_NORMALIZED,2014-02-14,VCR,81,39,1
NN_v2,3,PAPER_WEIGHT_NORMALIZED,2014-02-21,VCR,82,40,2
NN_v2,3,PAPER_WEIGHT_NORMALIZED,2014-02-21,VIS,101,60,3
NN_v2,3,PAPER_WEIGHT_NORMALIZED,2014-02-21,VDE,140,71,2
NN_v2,3,PAPER_WEIGHT_NORMALIZED,2014-02-28,VDE,141,72,3
NN_v2,3,PAPER_WEIGHT_NORMALIZED,2014-02-28,VAW,121,67,3
NN_v2,3,PAPER_WEIGHT_NORMALIZED,2014-02-28,VCR,83,41,3
NN_v2,3,PAPER_WEIGHT_NORMALIZED,2014-03-07,VPU,53,27,4
NN_v2,3,PAPER_WEIGHT_NORMALIZED,2014-03-07,VDE,142,72,0
NN_v2,3,PAPER_WEIGHT_NORMALIZED,2014-03-07,VCR,84,41,0
NN_v2,3,PAPER_WEIGHT_NORMALIZED,2014-03-14,VCR,85,41,0
NN_v2,3,PAPER_WEIGHT_NORMALIZED,2014-03-14,VAW,122,68,4
NN_v2,3,PAPER_WEIGHT_NORMALIZED,2014-03-14,VFH,146,70,3
NN_v2,3,PAPER_WEIGHT_NORMALIZED,2014-03-21,VCR,86,41,0
NN_v2,3,PAPER_WEIGHT_NORMALIZED,2014-03-21,VIS,102,60,0
NN_v2,3,PAPER_WEIGHT_NORMALIZED,2014-03-21,VHT,47,28,0
NN_v2,3,PAPER_WEIGHT_NORMALIZED,2014-03-28,VAW,123,69,5
NN_v2,3,PAPER_WEIGHT_NORMALIZED,2014-03-28,VFH,147,70,0
NN_v2,3,PAPER_WEIGHT_NORMALIZED,2014-03-28,VHT,48,28,0
NN_v2,3,PAPER_WEIGHT_NORMALIZED,2014-04-04,VAW,124,69,0
NN_v2,3,PAPER_WEIGHT_NORMALIZED,2014-04-04,VFH,148,70,0
NN_v2,3,PAPER_WEIGHT_NORMALIZED,2014-04-04,VHT,49,28,0
NN_v2,3,PAPER_WEIGHT_NORMALIZED,2014-04-11,VAW,125,70,1
NN_v2,3,PAPER_WEIGHT_NORMALIZED,2014-04-11,VIS,103,61,1
NN_v2,3,PAPER_WEIGHT_NORMALIZED,2014-04-11,VFH,149,71,1
NN_v2,3,PAPER_WEIGHT_NORMALIZED,2014-04-18,VFH,150,71,0
NN_v2,3,PAPER_WEIGHT_NORMALIZED,2014-04-18,VAW,126,70,0
NN_v2,3,PAPER_WEIGHT_NORMALIZED,2014-04-18,VCR,87,41,0
NN_v2,3,PAPER_WEIGHT_NORMALIZED,2014-04-25,VIS,104,62,2
NN_v2,3,PAPER_WEIGHT_NORMALIZED,2014-04-25,VFH,151,72,1
NN_v2,3,PAPER_WEIGHT_NORMALIZED,2014-04-25,VAW,127,71,1
NN_v2,3,PAPER_WEIGHT_NORMALIZED,2014-05-02,VAW,128,72,2
NN_v2,3,PAPER_WEIGHT_NORMALIZED,2014-05-02,VGT,70,37,0
NN_v2,3,PAPER_WEIGHT_NORMALIZED,2014-05-02,VIS,105,63,3
NN_v2,3,PAPER_WEIGHT_NORMALIZED,2014-05-09,VIS,106,63,0
NN_v2,3,PAPER_WEIGHT_NORMALIZED,2014-05-09,VAW,129,72,0
NN_v2,3,PAPER_WEIGHT_NORMALIZED,2014-05-09,VFH,152,72,0
NN_v2,3,PAPER_WEIGHT_NORMALIZED,2014-05-16,VAW,130,73,1
NN_v2,3,PAPER_WEIGHT_NORMALIZED,2014-05-16,VHT,50,29,1
NN_v2,3,PAPER_WEIGHT_NORMALIZED,2014-05-16,VGT,71,38,1
NN_v2,3,PAPER_WEIGHT_NORMALIZED,2014-05-23,VOX,81,42,3
NN_v2,3,PAPER_WEIGHT_NORMALIZED,2014-05-23,VHT,51,30,2
NN_v2,3,PAPER_WEIGHT_NORMALIZED,2014-05-23,VAW,131,74,2
NN_v2,3,PAPER_WEIGHT_NORMALIZED,2014-05-30,VOX,82,42,0
NN_v2,3,PAPER_WEIGHT_NORMALIZED,2014-05-30,VHT,52,31,3
NN_v2,3,PAPER_WEIGHT_NORMALIZED,2014-05-30,VGT,72,39,2
NN_v2,3,PAPER_WEIGHT_NORMALIZED,2014-06-06,VOX,83,42,0
NN_v2,3,PAPER_WEIGHT_NORMALIZED,2014-06-06,VCR,88,41,0
NN_v2,3,PAPER_WEIGHT_NORMALIZED,2014-06-06,VHT,53,31,0
NN_v2,3,PAPER_WEIGHT_NORMALIZED,2014-06-13,VFH,153,73,1
NN_v2,3,PAPER_WEIGHT_NORMALIZED,2014-06-13,VAW,132,75,3
NN_v2,3,PAPER_WEIGHT_NORMALIZED,2014-06-13,VCR,89,42,1
NN_v2,3,PAPER_WEIGHT_NORMALIZED,2014-06-20,VFH,154,73,0
NN_v2,3,PAPER_WEIGHT_NORMALIZED,2014-06-20,VIS,107,63,0
NN_v2,3,PAPER_WEIGHT_NORMALIZED,2014-06-20,VNQ,110,60,0
NN_v2,3,PAPER_WEIGHT_NORMALIZED,2014-06-27,VNQ,111,60,0
NN_v2,3,PAPER_WEIGHT_NORMALIZED,2014-06-27,VAW,133,76,4
NN_v2,3,PAPER_WEIGHT_NORMALIZED,2014-06-27,VIS,108,64,1
NN_v2,3,PAPER_WEIGHT_NORMALIZED,2014-07-04,VPU,54,28,5
NN_v2,3,PAPER_WEIGHT_NORMALIZED,2014-07-04,VOX,84,42,0
NN_v2,3,PAPER_WEIGHT_NORMALIZED,2014-07-04,VCR,90,42,0
NN_v2,3,PAPER_WEIGHT_NORMALIZED,2014-07-11,VCR,91,42,0
NN_v2,3,PAPER_WEIGHT_NORMALIZED,2014-07-11,VHT,54,31,0
NN_v2,3,PAPER_WEIGHT_NORMALIZED,2014-07-11,VAW,134,77,5
NN_v2,3,PAPER_WEIGHT_NORMALIZED,2014-07-18,VCR,92,42,0
NN_v2,3,PAPER_WEIGHT_NORMALIZED,2014-07-18,VHT,55,32,1
NN_v2,3,PAPER_WEIGHT_NORMALIZED,2014-07-18,VOX,85,42,0
NN_v2,3,PAPER_WEIGHT_NORMALIZED,2014-07-25,VHT,56,32,0
NN_v2,3,PAPER_WEIGHT_NORMALIZED,2014-07-25,VOX,86,42,0
NN_v2,3,PAPER_WEIGHT_NORMALIZED,2014-07-25,VCR,93,42,0
NN_v2,3,PAPER_WEIGHT_NORMALIZED,2014-08-01,VAW,135,78,6
NN_v2,3,PAPER_WEIGHT_NORMALIZED,2014-08-01,VCR,94,43,1
NN_v2,3,PAPER_WEIGHT_NORMALIZED,2014-08-01,VDE,143,73,1
NN_v2,3,PAPER_WEIGHT_NORMALIZED,2014-08-08,VDE,144,73,0
NN_v2,3,PAPER_WEIGHT_NORMALIZED,2014-08-08,VFH,155,74,1
NN_v2,3,PAPER_WEIGHT_NORMALIZED,2014-08-08,VAW,136,79,7
NN_v2,3,PAPER_WEIGHT_NORMALIZED,2014-08-15,VFH,156,75,2
NN_v2,3,PAPER_WEIGHT_NORMALIZED,2014-08-15,VDC,20,10,1
NN_v2,3,PAPER_WEIGHT_NORMALIZED,2014-08-15,VAW,137,80,8
NN_v2,3,PAPER_WEIGHT_NORMALIZED,2014-08-22,VIS,109,64,0
NN_v2,3,PAPER_WEIGHT_NORMALIZED,2014-08-22,VCR,95,43,0
NN_v2,3,PAPER_WEIGHT_NORMALIZED,2014-08-22,VDE,145,74,1
NN_v2,3,PAPER_WEIGHT_NORMALIZED,2014-08-29,VDE,146,74,0
NN_v2,3,PAPER_WEIGHT_NORMALIZED,2014-08-29,VFH,157,76,3
NN_v2,3,PAPER_WEIGHT_NORMALIZED,2014-08-29,VCR,96,44,1
NN_v2,3,PAPER_WEIGHT_NORMALIZED,2014-09-05,VIS,110,64,0
NN_v2,3,PAPER_WEIGHT_NORMALIZED,2014-09-05,VFH,158,76,0
NN_v2,3,PAPER_WEIGHT_NORMALIZED,2014-09-05,VCR,97,44,0
NN_v2,3,PAPER_WEIGHT_NORMALIZED,2014-09-12,VCR,98,45,1
NN_v2,3,PAPER_WEIGHT_NORMALIZED,2014-09-12,VFH,159,77,1
NN_v2,3,PAPER_WEIGHT_NORMALIZED,2014-09-12,VIS,111,65,1
NN_v2,3,PAPER_WEIGHT_NORMALIZED,2014-09-19,VPU,55,28,0
NN_v2,3,PAPER_WEIGHT_NORMALIZED,2014-09-19,VNQ,112,60,0
NN_v2,3,PAPER_WEIGHT_NORMALIZED,2014-09-19,VOX,87,42,0
NN_v2,3,PAPER_WEIGHT_NORMALIZED,2014-09-26,VAW,138,80,0
NN_v2,3,PAPER_WEIGHT_NORMALIZED,2014-09-26,VPU,56,29,1
NN_v2,3,PAPER_WEIGHT_NORMALIZED,2014-09-26,VFH,160,78,2
NN_v2,3,PAPER_WEIGHT_NORMALIZED,2014-10-03,VCR,99,45,0
NN_v2,3,PAPER_WEIGHT_NORMALIZED,2014-10-03,VGT,73,39,0
NN_v2,3,PAPER_WEIGHT_NORMALIZED,2014-10-03,VIS,112,65,0
NN_v2,3,PAPER_WEIGHT_NORMALIZED,2014-10-10,VFH,161,78,0
NN_v2,3,PAPER_WEIGHT_NORMALIZED,2014-10-10,VGT,74,39,0
NN_v2,3,PAPER_WEIGHT_NORMALIZED,2014-10-10,VCR,100,45,0
NN_v2,3,PAPER_WEIGHT_NORMALIZED,2014-10-17,VFH,162,79,1
NN_v2,3,PAPER_WEIGHT_NORMALIZED,2014-10-17,VHT,57,33,1
NN_v2,3,PAPER_WEIGHT_NORMALIZED,2014-10-17,VGT,75,40,1
NN_v2,3,PAPER_WEIGHT_NORMALIZED,2014-10-24,VCR,101,46,1
NN_v2,3,PAPER_WEIGHT_NORMALIZED,2014-10-24,VGT,76,41,2
NN_v2,3,PAPER_WEIGHT_NORMALIZED,2014-10-24,VOX,88,43,1
NN_v2,3,PAPER_WEIGHT_NORMALIZED,2014-10-31,VIS,113,66,1
NN_v2,3,PAPER_WEIGHT_NORMALIZED,2014-10-31,VDE,147,75,1
NN_v2,3,PAPER_WEIGHT_NORMALIZED,2014-10-31,VAW,139,81,1
NN_v2,3,PAPER_WEIGHT_NORMALIZED,2014-11-07,VDE,148,75,0
NN_v2,3,PAPER_WEIGHT_NORMALIZED,2014-11-07,VGT,77,42,3
NN_v2,3,PAPER_WEIGHT_NORMALIZED,2014-11-07,VAW,140,82,2
NN_v2,3,PAPER_WEIGHT_NORMALIZED,2014-11-14,VHT,58,34,2
NN_v2,3,PAPER_WEIGHT_NORMALIZED,2014-11-14,VPU,57,30,2
NN_v2,3,PAPER_WEIGHT_NORMALIZED,2014-11-14,VIS,114,67,2
NN_v2,3,PAPER_WEIGHT_NORMALIZED,2014-11-21,VIS,115,67,0
NN_v2,3,PAPER_WEIGHT_NORMALIZED,2014-11-21,VGT,78,43,4
NN_v2,3,PAPER_WEIGHT_NORMALIZED,2014-11-21,VDE,149,75,0
NN_v2,3,PAPER_WEIGHT_NORMALIZED,2014-11-28,VIS,116,68,1
NN_v2,3,PAPER_WEIGHT_NORMALIZED,2014-11-28,VPU,58,30,0
NN_v2,3,PAPER_WEIGHT_NORMALIZED,2014-11-28,VFH,163,80,2
NN_v2,3,PAPER_WEIGHT_NORMALIZED,2014-12-05,VAW,141,82,0
NN_v2,3,PAPER_WEIGHT_NORMALIZED,2014-12-05,VPU,59,30,0
NN_v2,3,PAPER_WEIGHT_NORMALIZED,2014-12-05,VCR,102,46,0
NN_v2,3,PAPER_WEIGHT_NORMALIZED,2014-12-12,VGT,79,44,5
NN_v2,3,PAPER_WEIGHT_NORMALIZED,2014-12-12,VIS,117,69,2
NN_v2,3,PAPER_WEIGHT_NORMALIZED,2014-12-12,VAW,142,83,1
NN_v2,3,PAPER_WEIGHT_NORMALIZED,2014-12-19,VIS,118,70,3
NN_v2,3,PAPER_WEIGHT_NORMALIZED,2014-12-19,VGT,80,45,6
NN_v2,3,PAPER_WEIGHT_NORMALIZED,2014-12-19,VCR,103,47,1
NN_v2,3,PAPER_WEIGHT_NORMALIZED,2014-12-26,VIS,119,70,0
NN_v2,3,PAPER_WEIGHT_NORMALIZED,2014-12-26,VHT,59,34,0
NN_v2,3,PAPER_WEIGHT_NORMALIZED,2014-12-26,VAW,143,83,0
NN_v2,3,PAPER_WEIGHT_NORMALIZED,2015-01-02,VIS,120,70,0
NN_v2,3,PAPER_WEIGHT_NORMALIZED,2015-01-02,VGT,81,46,7
NN_v2,3,PAPER_WEIGHT_NORMALIZED,2015-01-02,VHT,60,35,1
NN_v2,3,PAPER_WEIGHT_NORMALIZED,2015-01-09,VGT,82,46,0
NN_v2,3,PAPER_WEIGHT_NORMALIZED,2015-01-09,VAW,144,83,0
NN_v2,3,PAPER_WEIGHT_NORMALIZED,2015-01-09,VDE,150,75,0
NN_v2,3,PAPER_WEIGHT_NORMALIZED,2015-01-16,VCR,104,48,2
NN_v2,3,PAPER_WEIGHT_NORMALIZED,2015-01-16,VGT,83,47,1
NN_v2,3,PAPER_WEIGHT_NORMALIZED,2015-01-16,VIS,121,71,1
NN_v2,3,PAPER_WEIGHT_NORMALIZED,2015-01-23,VDE,151,75,0
NN_v2,3,PAPER_WEIGHT_NORMALIZED,2015-01-23,VAW,145,83,0
NN_v2,3,PAPER_WEIGHT_NORMALIZED,2015-01-23,VOX,89,43,0
NN_v2,3,PAPER_WEIGHT_NORMALIZED,2015-01-30,VGT,84,48,2
NN_v2,3,PAPER_WEIGHT_NORMALIZED,2015-01-30,VIS,122,72,2
NN_v2,3,PAPER_WEIGHT_NORMALIZED,2015-01-30,VCR,105,49,3
NN_v2,3,PAPER_WEIGHT_NORMALIZED,2015-02-06,VDE,152,76,1
NN_v2,3,PAPER_WEIGHT_NORMALIZED,2015-02-06,VIS,123,73,3
NN_v2,3,PAPER_WEIGHT_NORMALIZED,2015-02-06,VPU,60,30,0
NN_v2,3,PAPER_WEIGHT_NORMALIZED,2015-02-13,VDE,153,76,0
NN_v2,3,PAPER_WEIGHT_NORMALIZED,2015-02-13,VOX,90,43,0
NN_v2,3,PAPER_WEIGHT_NORMALIZED,2015-02-13,VPU,61,31,1
NN_v2,3,PAPER_WEIGHT_NORMALIZED,2015-02-20,VDE,154,76,0
NN_v2,3,PAPER_WEIGHT_NORMALIZED,2015-02-20,VOX,91,44,1
NN_v2,3,PAPER_WEIGHT_NORMALIZED,2015-02-20,VGT,85,48,0
NN_v2,3,PAPER_WEIGHT_NORMALIZED,2015-02-27,VOX,92,44,0
NN_v2,3,PAPER_WEIGHT_NORMALIZED,2015-02-27,VDE,155,76,0
NN_v2,3,PAPER_WEIGHT_NORMALIZED,2015-02-27,VAW,146,83,0
NN_v2,3,PAPER_WEIGHT_NORMALIZED,2015-03-06,VAW,147,83,0
NN_v2,3,PAPER_WEIGHT_NORMALIZED,2015-03-06,VIS,124,73,0
NN_v2,3,PAPER_WEIGHT_NORMALIZED,2015-03-06,VDE,156,76,0
NN_v2,3,PAPER_WEIGHT_NORMALIZED,2015-03-13,VGT,86,49,1
NN_v2,3,PAPER_WEIGHT_NORMALIZED,2015-03-13,VOX,93,45,1
NN_v2,3,PAPER_WEIGHT_NORMALIZED,2015-03-13,VAW,148,83,0
NN_v2,3,PAPER_WEIGHT_NORMALIZED,2015-03-20,VDE,157,76,0
NN_v2,3,PAPER_WEIGHT_NORMALIZED,2015-03-20,VOX,94,45,0
NN_v2,3,PAPER_WEIGHT_NORMALIZED,2015-03-20,VGT,87,49,0
NN_v2,3,PAPER_WEIGHT_NORMALIZED,2015-03-27,VOX,95,46,1
NN_v2,3,PAPER_WEIGHT_NORMALIZED,2015-03-27,VGT,88,49,0
NN_v2,3,PAPER_WEIGHT_NORMALIZED,2015-03-27,VIS,125,73,0
NN_v2,3,PAPER_WEIGHT_NORMALIZED,2015-04-03,VDE,158,77,1
NN_v2,3,PAPER_WEIGHT_NORMALIZED,2015-04-03,VIS,126,74,1
NN_v2,3,PAPER_WEIGHT_NORMALIZED,2015-04-03,VGT,89,50,1
NN_v2,3,PAPER_WEIGHT_NORMALIZED,2015-04-10,VPU,62,31,0
NN_v2,3,PAPER_WEIGHT_NORMALIZED,2015-04-10,VDE,159,78,2
NN_v2,3,PAPER_WEIGHT_NORMALIZED,2015-04-10,VOX,96,46,0
NN_v2,3,PAPER_WEIGHT_NORMALIZED,2015-04-17,VOX,97,47,1
NN_v2,3,PAPER_WEIGHT_NORMALIZED,2015-04-17,VAW,149,84,1
NN_v2,3,PAPER_WEIGHT_NORMALIZED,2015-04-17,VIS,127,75,2
NN_v2,3,PAPER_WEIGHT_NORMALIZED,2015-04-24,VDE,160,79,3
NN_v2,3,PAPER_WEIGHT_NORMALIZED,2015-04-24,VPU,63,31,0
NN_v2,3,PAPER_WEIGHT_NORMALIZED,2015-04-24,VOX,98,47,0
NN_v2,3,PAPER_WEIGHT_NORMALIZED,2015-05-01,VHT,61,36,2
NN_v2,3,PAPER_WEIGHT_NORMALIZED,2015-05-01,VDE,161,79,0
NN_v2,3,PAPER_WEIGHT_NORMALIZED,2015-05-01,VGT,90,50,0
NN_v2,3,PAPER_WEIGHT_NORMALIZED,2015-05-08,VDE,162,79,0
NN_v2,3,PAPER_WEIGHT_NORMALIZED,2015-05-08,VGT,91,51,1
NN_v2,3,PAPER_WEIGHT_NORMALIZED,2015-05-08,VCR,106,49,0
NN_v2,3,PAPER_WEIGHT_NORMALIZED,2015-05-15,VDE,163,79,0
NN_v2,3,PAPER_WEIGHT_NORMALIZED,2015-05-15,VGT,92,52,2
NN_v2,3,PAPER_WEIGHT_NORMALIZED,2015-05-15,VOX,99,47,0
NN_v2,3,PAPER_WEIGHT_NORMALIZED,2015-05-22,VDE,164,79,0
NN_v2,3,PAPER_WEIGHT_NORMALIZED,2015-05-22,VAW,150,84,0
NN_v2,3,PAPER_WEIGHT_NORMALIZED,2015-05-22,VPU,64,32,1
NN_v2,3,PAPER_WEIGHT_NORMALIZED,2015-05-29,VPU,65,32,0
NN_v2,3,PAPER_WEIGHT_NORMALIZED,2015-05-29,VDE,165,79,0
NN_v2,3,PAPER_WEIGHT_NORMALIZED,2015-05-29,VFH,164,81,3
NN_v2,3,PAPER_WEIGHT_NORMALIZED,2015-06-05,VDE,166,79,0
NN_v2,3,PAPER_WEIGHT_NORMALIZED,2015-06-05,VOX,100,48,1
NN_v2,3,PAPER_WEIGHT_NORMALIZED,2015-06-05,VPU,66,32,0
NN_v2,3,PAPER_WEIGHT_NORMALIZED,2015-06-12,VDE,167,80,1
NN_v2,3,PAPER_WEIGHT_NORMALIZED,2015-06-12,VOX,101,49,2
NN_v2,3,PAPER_WEIGHT_NORMALIZED,2015-06-12,VGT,93,53,3
NN_v2,3,PAPER_WEIGHT_NORMALIZED,2015-06-19,VOX,102,49,0
NN_v2,3,PAPER_WEIGHT_NORMALIZED,2015-06-19,VGT,94,53,0
NN_v2,3,PAPER_WEIGHT_NORMALIZED,2015-06-19,VPU,67,32,0
NN_v2,3,PAPER_WEIGHT_NORMALIZED,2015-06-26,VGT,95,53,0
NN_v2,3,PAPER_WEIGHT_NORMALIZED,2015-06-26,VIS,128,75,0
NN_v2,3,PAPER_WEIGHT_NORMALIZED,2015-06-26,VAW,151,84,0
NN_v2,3,PAPER_WEIGHT_NORMALIZED,2015-07-03,VOX,103,49,0
NN_v2,3,PAPER_WEIGHT_NORMALIZED,2015-07-03,VGT,96,53,0
NN_v2,3,PAPER_WEIGHT_NORMALIZED,2015-07-03,VPU,68,33,1
NN_v2,3,PAPER_WEIGHT_NORMALIZED,2015-07-10,VOX,104,50,1
NN_v2,3,PAPER_WEIGHT_NORMALIZED,2015-07-10,VGT,97,54,1
NN_v2,3,PAPER_WEIGHT_NORMALIZED,2015-07-10,VPU,69,34,2
NN_v2,3,PAPER_WEIGHT_NORMALIZED,2015-07-17,VPU,70,34,0
NN_v2,3,PAPER_WEIGHT_NORMALIZED,2015-07-17,VNQ,113,60,0
NN_v2,3,PAPER_WEIGHT_NORMALIZED,2015-07-17,VDE,168,80,0
NN_v2,3,PAPER_WEIGHT_NORMALIZED,2015-07-24,VGT,98,55,2
NN_v2,3,PAPER_WEIGHT_NORMALIZED,2015-07-24,VPU,71,35,1
NN_v2,3,PAPER_WEIGHT_NORMALIZED,2015-07-24,VHT,62,37,3
NN_v2,3,PAPER_WEIGHT_NORMALIZED,2015-07-31,VNQ,114,60,0
NN_v2,3,PAPER_WEIGHT_NORMALIZED,2015-07-31,VGT,99,55,0
NN_v2,3,PAPER_WEIGHT_NORMALIZED,2015-07-31,VOX,105,50,0
NN_v2,3,PAPER_WEIGHT_NORMALIZED,2015-08-07,VGT,100,55,0
NN_v2,3,PAPER_WEIGHT_NORMALIZED,2015-08-07,VHT,63,37,0
NN_v2,3,PAPER_WEIGHT_NORMALIZED,2015-08-07,VNQ,115,61,1
NN_v2,3,PAPER_WEIGHT_NORMALIZED,2015-08-14,VOX,106,50,0
NN_v2,3,PAPER_WEIGHT_NORMALIZED,2015-08-14,VNQ,116,61,0
NN_v2,3,PAPER_WEIGHT_NORMALIZED,2015-08-14,VGT,101,55,0
NN_v2,3,PAPER_WEIGHT_NORMALIZED,2015-08-21,VFH,165,82,4
NN_v2,3,PAPER_WEIGHT_NORMALIZED,2015-08-21,VCR,107,50,1
NN_v2,3,PAPER_WEIGHT_NORMALIZED,2015-08-21,VHT,64,38,1
NN_v2,3,PAPER_WEIGHT_NORMALIZED,2015-08-28,VNQ,117,61,0
NN_v2,3,PAPER_WEIGHT_NORMALIZED,2015-08-28,VFH,166,82,0
NN_v2,3,PAPER_WEIGHT_NORMALIZED,2015-08-28,VHT,65,38,0
NN_v2,3,PAPER_WEIGHT_NORMALIZED,2015-09-04,VPU,72,36,2
NN_v2,3,PAPER_WEIGHT_NORMALIZED,2015-09-04,VNQ,118,62,1
NN_v2,3,PAPER_WEIGHT_NORMALIZED,2015-09-04,VDC,21,10,0
NN_v2,3,PAPER_WEIGHT_NORMALIZED,2015-09-11,VNQ,119,63,2
NN_v2,3,PAPER_WEIGHT_NORMALIZED,2015-09-11,VPU,73,37,3
NN_v2,3,PAPER_WEIGHT_NORMALIZED,2015-09-11,VIS,129,75,0
NN_v2,3,PAPER_WEIGHT_NORMALIZED,2015-09-18,VGT,102,55,0
NN_v2,3,PAPER_WEIGHT_NORMALIZED,2015-09-18,VIS,130,75,0
NN_v2,3,PAPER_WEIGHT_NORMALIZED,2015-09-18,VHT,66,38,0
NN_v2,3,PAPER_WEIGHT_NORMALIZED,2015-09-25,VGT,103,56,1
NN_v2,3,PAPER_WEIGHT_NORMALIZED,2015-09-25,VCR,108,51,2
NN_v2,3,PAPER_WEIGHT_NORMALIZED,2015-09-25,VIS,131,76,1
NN_v2,3,PAPER_WEIGHT_NORMALIZED,2015-10-02,VGT,104,57,2
NN_v2,3,PAPER_WEIGHT_NORMALIZED,2015-10-02,VIS,132,77,2
NN_v2,3,PAPER_WEIGHT_NORMALIZED,2015-10-02,VCR,109,52,3
NN_v2,3,PAPER_WEIGHT_NORMALIZED,2015-10-09,VGT,105,58,3
NN_v2,3,PAPER_WEIGHT_NORMALIZED,2015-10-09,VOX,107,51,1
NN_v2,3,PAPER_WEIGHT_NORMALIZED,2015-10-09,VHT,67,39,1
NN_v2,3,PAPER_WEIGHT_NORMALIZED,2015-10-16,VAW,152,85,1
NN_v2,3,PAPER_WEIGHT_NORMALIZED,2015-10-16,VIS,133,78,3
NN_v2,3,PAPER_WEIGHT_NORMALIZED,2015-10-16,VDE,169,80,0
NN_v2,3,PAPER_WEIGHT_NORMALIZED,2015-10-23,VDE,170,80,0
NN_v2,3,PAPER_WEIGHT_NORMALIZED,2015-10-23,VAW,153,86,2
NN_v2,3,PAPER_WEIGHT_NORMALIZED,2015-10-23,VIS,134,78,0
NN_v2,3,PAPER_WEIGHT_NORMALIZED,2015-10-30,VDE,171,81,1
NN_v2,3,PAPER_WEIGHT_NORMALIZED,2015-10-30,VAW,154,86,0
NN_v2,3,PAPER_WEIGHT_NORMALIZED,2015-10-30,VIS,135,79,1
NN_v2,3,PAPER_WEIGHT_NORMALIZED,2015-11-06,VDE,172,81,0
NN_v2,3,PAPER_WEIGHT_NORMALIZED,2015-11-06,VAW,155,86,0
NN_v2,3,PAPER_WEIGHT_NORMALIZED,2015-11-06,VIS,136,79,0
NN_v2,3,PAPER_WEIGHT_NORMALIZED,2015-11-13,VDE,173,82,1
NN_v2,3,PAPER_WEIGHT_NORMALIZED,2015-11-13,VAW,156,87,1
NN_v2,3,PAPER_WEIGHT_NORMALIZED,2015-11-13,VGT,106,59,4
NN_v2,3,PAPER_WEIGHT_NORMALIZED,2015-11-20,VDE,174,83,2
NN_v2,3,PAPER_WEIGHT_NORMALIZED,2015-11-20,VHT,68,40,2
NN_v2,3,PAPER_WEIGHT_NORMALIZED,2015-11-20,VAW,157,88,2
NN_v2,3,PAPER_WEIGHT_NORMALIZED,2015-11-27,VDE,175,83,0
NN_v2,3,PAPER_WEIGHT_NORMALIZED,2015-11-27,VAW,158,88,0
NN_v2,3,PAPER_WEIGHT_NORMALIZED,2015-11-27,VIS,137,79,0
NN_v2,3,PAPER_WEIGHT_NORMALIZED,2015-12-04,VAW,159,88,0
NN_v2,3,PAPER_WEIGHT_NORMALIZED,2015-12-04,VPU,74,37,0
NN_v2,3,PAPER_WEIGHT_NORMALIZED,2015-12-04,VNQ,120,63,0
NN_v2,3,PAPER_WEIGHT_NORMALIZED,2015-12-11,VAW,160,88,0
NN_v2,3,PAPER_WEIGHT_NORMALIZED,2015-12-11,VIS,138,79,0
NN_v2,3,PAPER_WEIGHT_NORMALIZED,2015-12-11,VFH,167,82,0
NN_v2,3,PAPER_WEIGHT_NORMALIZED,2015-12-18,VGT,107,60,5
NN_v2,3,PAPER_WEIGHT_NORMALIZED,2015-12-18,VIS,139,80,1
NN_v2,3,PAPER_WEIGHT_NORMALIZED,2015-12-18,VAW,161,89,1
NN_v2,3,PAPER_WEIGHT_NORMALIZED,2015-12-25,VGT,108,60,0
NN_v2,3,PAPER_WEIGHT_NORMALIZED,2015-12-25,VAW,162,89,0
NN_v2,3,PAPER_WEIGHT_NORMALIZED,2015-12-25,VIS,140,80,0
NN_v2,3,PAPER_WEIGHT_NORMALIZED,2016-01-01,VGT,109,60,0
NN_v2,3,PAPER_WEIGHT_NORMALIZED,2016-01-01,VDE,176,83,0
NN_v2,3,PAPER_WEIGHT_NORMALIZED,2016-01-01,VFH,168,82,0
NN_v2,3,PAPER_WEIGHT_NORMALIZED,2016-01-08,VGT,110,60,0
NN_v2,3,PAPER_WEIGHT_NORMALIZED,2016-01-08,VDE,177,83,0
NN_v2,3,PAPER_WEIGHT_NORMALIZED,2016-01-08,VHT,69,40,0
NN_v2,3,PAPER_WEIGHT_NORMALIZED,2016-01-15,VCR,110,53,4
NN_v2,3,PAPER_WEIGHT_NORMALIZED,2016-01-15,VFH,169,82,0
NN_v2,3,PAPER_WEIGHT_NORMALIZED,2016-01-15,VHT,70,41,1
NN_v2,3,PAPER_WEIGHT_NORMALIZED,2016-01-22,VFH,170,83,1
NN_v2,3,PAPER_WEIGHT_NORMALIZED,2016-01-22,VAW,163,90,1
NN_v2,3,PAPER_WEIGHT_NORMALIZED,2016-01-22,VDE,178,84,1
NN_v2,3,PAPER_WEIGHT_NORMALIZED,2016-01-29,VHT,71,41,0
NN_v2,3,PAPER_WEIGHT_NORMALIZED,2016-01-29,VCR,111,53,0
NN_v2,3,PAPER_WEIGHT_NORMALIZED,2016-01-29,VAW,164,91,2
NN_v2,3,PAPER_WEIGHT_NORMALIZED,2016-02-05,VDE,179,85,2
NN_v2,3,PAPER_WEIGHT_NORMALIZED,2016-02-05,VCR,112,54,1
NN_v2,3,PAPER_WEIGHT_NORMALIZED,2016-02-05,VFH,171,83,0
NN_v2,3,PAPER_WEIGHT_NORMALIZED,2016-02-12,VAW,165,92,3
NN_v2,3,PAPER_WEIGHT_NORMALIZED,2016-02-12,VIS,141,81,1
NN_v2,3,PAPER_WEIGHT_NORMALIZED,2016-02-12,VNQ,121,64,1
NN_v2,3,PAPER_WEIGHT_NORMALIZED,2016-02-19,VDE,180,85,0
NN_v2,3,PAPER_WEIGHT_NORMALIZED,2016-02-19,VAW,166,93,4
NN_v2,3,PAPER_WEIGHT_NORMALIZED,2016-02-19,VGT,111,61,1
NN_v2,3,PAPER_WEIGHT_NORMALIZED,2016-02-26,VDE,181,86,1
NN_v2,3,PAPER_WEIGHT_NORMALIZED,2016-02-26,VGT,112,62,2
NN_v2,3,PAPER_WEIGHT_NORMALIZED,2016-02-26,VFH,172,84,1
NN_v2,3,PAPER_WEIGHT_NORMALIZED,2016-03-04,VGT,113,63,3
NN_v2,3,PAPER_WEIGHT_NORMALIZED,2016-03-04,VAW,167,94,5
NN_v2,3,PAPER_WEIGHT_NORMALIZED,2016-03-04,VHT,72,42,1
NN_v2,3,PAPER_WEIGHT_NORMALIZED,2016-03-11,VDE,182,87,2
NN_v2,3,PAPER_WEIGHT_NORMALIZED,2016-03-11,VGT,114,64,4
NN_v2,3,PAPER_WEIGHT_NORMALIZED,2016-03-11,VFH,173,85,2
NN_v2,3,PAPER_WEIGHT_NORMALIZED,2016-03-18,VDE,183,87,0
NN_v2,3,PAPER_WEIGHT_NORMALIZED,2016-03-18,VHT,73,43,2
NN_v2,3,PAPER_WEIGHT_NORMALIZED,2016-03-18,VFH,174,85,0
NN_v2,3,PAPER_WEIGHT_NORMALIZED,2016-03-25,VDE,184,87,0
NN_v2,3,PAPER_WEIGHT_NORMALIZED,2016-03-25,VFH,175,86,1
NN_v2,3,PAPER_WEIGHT_NORMALIZED,2016-03-25,VCR,113,55,2
NN_v2,3,PAPER_WEIGHT_NORMALIZED,2016-04-01,VDE,185,88,1
NN_v2,3,PAPER_WEIGHT_NORMALIZED,2016-04-01,VFH,176,86,0
NN_v2,3,PAPER_WEIGHT_NORMALIZED,2016-04-01,VGT,115,64,0
NN_v2,3,PAPER_WEIGHT_NORMALIZED,2016-04-08,VGT,116,65,1
NN_v2,3,PAPER_WEIGHT_NORMALIZED,2016-04-08,VDE,186,89,2
NN_v2,3,PAPER_WEIGHT_NORMALIZED,2016-04-08,VFH,177,87,1
NN_v2,3,PAPER_WEIGHT_NORMALIZED,2016-04-15,VDE,187,90,3
NN_v2,3,PAPER_WEIGHT_NORMALIZED,2016-04-15,VGT,117,65,0
NN_v2,3,PAPER_WEIGHT_NORMALIZED,2016-04-15,VCR,114,56,3
NN_v2,3,PAPER_WEIGHT_NORMALIZED,2016-04-22,VGT,118,65,0
NN_v2,3,PAPER_WEIGHT_NORMALIZED,2016-04-22,VCR,115,56,0
NN_v2,3,PAPER_WEIGHT_NORMALIZED,2016-04-22,VFH,178,87,0
NN_v2,3,PAPER_WEIGHT_NORMALIZED,2016-04-29,VCR,116,56,0
NN_v2,3,PAPER_WEIGHT_NORMALIZED,2016-04-29,VFH,179,87,0
NN_v2,3,PAPER_WEIGHT_NORMALIZED,2016-04-29,VHT,74,43,0
NN_v2,3,PAPER_WEIGHT_NORMALIZED,2016-05-06,VCR,117,56,0
NN_v2,3,PAPER_WEIGHT_NORMALIZED,2016-05-06,VDE,188,90,0
NN_v2,3,PAPER_WEIGHT_NORMALIZED,2016-05-06,VGT,119,65,0
NN_v2,3,PAPER_WEIGHT_NORMALIZED,2016-05-13,VFH,180,88,1
NN_v2,3,PAPER_WEIGHT_NORMALIZED,2016-05-13,VDE,189,91,1
NN_v2,3,PAPER_WEIGHT_NORMALIZED,2016-05-13,VHT,75,44,1
NN_v2,3,PAPER_WEIGHT_NORMALIZED,2016-05-20,VDE,190,92,2
NN_v2,3,PAPER_WEIGHT_NORMALIZED,2016-05-20,VNQ,122,65,2
NN_v2,3,PAPER_WEIGHT_NORMALIZED,2016-05-20,VOX,108,52,2
NN_v2,3,PAPER_WEIGHT_NORMALIZED,2016-05-27,VDE,191,92,0
NN_v2,3,PAPER_WEIGHT_NORMALIZED,2016-05-27,VNQ,123,66,3
NN_v2,3,PAPER_WEIGHT_NORMALIZED,2016-05-27,VFH,181,88,0
NN_v2,3,PAPER_WEIGHT_NORMALIZED,2016-06-03,VDE,192,93,1
NN_v2,3,PAPER_WEIGHT_NORMALIZED,2016-06-03,VFH,182,88,0
NN_v2,3,PAPER_WEIGHT_NORMALIZED,2016-06-03,VGT,120,65,0
NN_v2,3,PAPER_WEIGHT_NORMALIZED,2016-06-10,VDE,193,94,2
NN_v2,3,PAPER_WEIGHT_NORMALIZED,2016-06-10,VFH,183,88,0
NN_v2,3,PAPER_WEIGHT_NORMALIZED,2016-06-10,VHT,76,44,0
NN_v2,3,PAPER_WEIGHT_NORMALIZED,2016-06-17,VDE,194,94,0
NN_v2,3,PAPER_WEIGHT_NORMALIZED,2016-06-17,VAW,168,94,0
NN_v2,3,PAPER_WEIGHT_NORMALIZED,2016-06-17,VFH,184,88,0
NN_v2,3,PAPER_WEIGHT_NORMALIZED,2016-06-24,VAW,169,95,1
NN_v2,3,PAPER_WEIGHT_NORMALIZED,2016-06-24,VHT,77,45,1
NN_v2,3,PAPER_WEIGHT_NORMALIZED,2016-06-24,VFH,185,89,1
NN_v2,3,PAPER_WEIGHT_NORMALIZED,2016-07-01,VAW,170,96,2
NN_v2,3,PAPER_WEIGHT_NORMALIZED,2016-07-01,VGT,121,66,1
NN_v2,3,PAPER_WEIGHT_NORMALIZED,2016-07-01,VFH,186,90,2
NN_v2,3,PAPER_WEIGHT_NORMALIZED,2016-07-08,VDE,195,95,1
NN_v2,3,PAPER_WEIGHT_NORMALIZED,2016-07-08,VFH,187,91,3
NN_v2,3,PAPER_WEIGHT_NORMALIZED,2016-07-08,VGT,122,67,2
NN_v2,3,PAPER_WEIGHT_NORMALIZED,2016-07-15,VGT,123,68,3
NN_v2,3,PAPER_WEIGHT_NORMALIZED,2016-07-15,VNQ,124,67,4
NN_v2,3,PAPER_WEIGHT_NORMALIZED,2016-07-15,VCR,118,57,1
NN_v2,3,PAPER_WEIGHT_NORMALIZED,2016-07-22,VDE,196,95,0
NN_v2,3,PAPER_WEIGHT_NORMALIZED,2016-07-22,VNQ,125,68,5
NN_v2,3,PAPER_WEIGHT_NORMALIZED,2016-07-22,VIS,142,81,0
NN_v2,3,PAPER_WEIGHT_NORMALIZED,2016-07-29,VDE,197,96,1
NN_v2,3,PAPER_WEIGHT_NORMALIZED,2016-07-29,VPU,75,37,0
NN_v2,3,PAPER_WEIGHT_NORMALIZED,2016-07-29,VAW,171,97,3
NN_v2,3,PAPER_WEIGHT_NORMALIZED,2016-08-05,VNQ,126,68,0
NN_v2,3,PAPER_WEIGHT_NORMALIZED,2016-08-05,VOX,109,52,0
NN_v2,3,PAPER_WEIGHT_NORMALIZED,2016-08-05,VPU,76,37,0
NN_v2,3,PAPER_WEIGHT_NORMALIZED,2016-08-12,VOX,110,52,0
NN_v2,3,PAPER_WEIGHT_NORMALIZED,2016-08-12,VNQ,127,68,0
NN_v2,3,PAPER_WEIGHT_NORMALIZED,2016-08-12,VHT,78,45,0
NN_v2,3,PAPER_WEIGHT_NORMALIZED,2016-08-19,VNQ,128,68,0
NN_v2,3,PAPER_WEIGHT_NORMALIZED,2016-08-19,VOX,111,53,1
NN_v2,3,PAPER_WEIGHT_NORMALIZED,2016-08-19,VPU,77,37,0
NN_v2,3,PAPER_WEIGHT_NORMALIZED,2016-08-26,VNQ,129,69,1
NN_v2,3,PAPER_WEIGHT_NORMALIZED,2016-08-26,VDE,198,96,0
NN_v2,3,PAPER_WEIGHT_NORMALIZED,2016-08-26,VOX,112,54,2
NN_v2,3,PAPER_WEIGHT_NORMALIZED,2016-09-02,VOX,113,54,0
NN_v2,3,PAPER_WEIGHT_NORMALIZED,2016-09-02,VNQ,130,69,0
NN_v2,3,PAPER_WEIGHT_NORMALIZED,2016-09-02,VPU,78,37,0
NN_v2,3,PAPER_WEIGHT_NORMALIZED,2016-09-09,VNQ,131,69,0
NN_v2,3,PAPER_WEIGHT_NORMALIZED,2016-09-09,VIS,143,82,1
NN_v2,3,PAPER_WEIGHT_NORMALIZED,2016-09-09,VOX,114,55,1
NN_v2,3,PAPER_WEIGHT_NORMALIZED,2016-09-16,VDE,199,96,0
NN_v2,3,PAPER_WEIGHT_NORMALIZED,2016-09-16,VNQ,132,70,1
NN_v2,3,PAPER_WEIGHT_NORMALIZED,2016-09-16,VIS,144,83,2
NN_v2,3,PAPER_WEIGHT_NORMALIZED,2016-09-23,VAW,172,98,4
NN_v2,3,PAPER_WEIGHT_NORMALIZED,2016-09-23,VDE,200,97,1
NN_v2,3,PAPER_WEIGHT_NORMALIZED,2016-09-23,VDC,22,11,1
NN_v2,3,PAPER_WEIGHT_NORMALIZED,2016-09-30,VPU,79,37,0
NN_v2,3,PAPER_WEIGHT_NORMALIZED,2016-09-30,VNQ,133,70,0
NN_v2,3,PAPER_WEIGHT_NORMALIZED,2016-09-30,VOX,115,55,0
NN_v2,3,PAPER_WEIGHT_NORMALIZED,2016-10-07,VNQ,134,71,1
NN_v2,3,PAPER_WEIGHT_NORMALIZED,2016-10-07,VOX,116,56,1
NN_v2,3,PAPER_WEIGHT_NORMALIZED,2016-10-07,VIS,145,83,0
NN_v2,3,PAPER_WEIGHT_NORMALIZED,2016-10-14,VIS,146,83,0
NN_v2,3,PAPER_WEIGHT_NORMALIZED,2016-10-14,VHT,79,46,1
NN_v2,3,PAPER_WEIGHT_NORMALIZED,2016-10-14,VCR,119,58,2
NN_v2,3,PAPER_WEIGHT_NORMALIZED,2016-10-21,VOX,117,56,0
NN_v2,3,PAPER_WEIGHT_NORMALIZED,2016-10-21,VPU,80,38,1
NN_v2,3,PAPER_WEIGHT_NORMALIZED,2016-10-21,VNQ,135,71,0
NN_v2,3,PAPER_WEIGHT_NORMALIZED,2016-10-28,VNQ,136,71,0
NN_v2,3,PAPER_WEIGHT_NORMALIZED,2016-10-28,VDE,201,97,0
NN_v2,3,PAPER_WEIGHT_NORMALIZED,2016-10-28,VAW,173,98,0
NN_v2,3,PAPER_WEIGHT_NORMALIZED,2016-11-04,VOX,118,57,1
NN_v2,3,PAPER_WEIGHT_NORMALIZED,2016-11-04,VDC,23,11,0
NN_v2,3,PAPER_WEIGHT_NORMALIZED,2016-11-04,VDE,202,98,1
NN_v2,3,PAPER_WEIGHT_NORMALIZED,2016-11-11,VPU,81,39,2
NN_v2,3,PAPER_WEIGHT_NORMALIZED,2016-11-11,VNQ,137,72,1
NN_v2,3,PAPER_WEIGHT_NORMALIZED,2016-11-11,VDC,24,12,1
NN_v2,3,PAPER_WEIGHT_NORMALIZED,2016-11-18,VHT,80,46,0
NN_v2,3,PAPER_WEIGHT_NORMALIZED,2016-11-18,VNQ,138,73,2
NN_v2,3,PAPER_WEIGHT_NORMALIZED,2016-11-18,VPU,82,40,3
NN_v2,3,PAPER_WEIGHT_NORMALIZED,2016-11-25,VHT,81,46,0
NN_v2,3,PAPER_WEIGHT_NORMALIZED,2016-11-25,VNQ,139,73,0
NN_v2,3,PAPER_WEIGHT_NORMALIZED,2016-11-25,VPU,83,40,0
NN_v2,3,PAPER_WEIGHT_NORMALIZED,2016-12-02,VPU,84,41,1
NN_v2,3,PAPER_WEIGHT_NORMALIZED,2016-12-02,VOX,119,58,2
NN_v2,3,PAPER_WEIGHT_NORMALIZED,2016-12-02,VHT,82,47,1
NN_v2,3,PAPER_WEIGHT_NORMALIZED,2016-12-09,VNQ,140,73,0
NN_v2,3,PAPER_WEIGHT_NORMALIZED,2016-12-09,VHT,83,48,2
NN_v2,3,PAPER_WEIGHT_NORMALIZED,2016-12-09,VPU,85,42,2
NN_v2,3,PAPER_WEIGHT_NORMALIZED,2016-12-16,VNQ,141,73,0
NN_v2,3,PAPER_WEIGHT_NORMALIZED,2016-12-16,VCR,120,58,0
NN_v2,3,PAPER_WEIGHT_NORMALIZED,2016-12-16,VOX,120,59,3
NN_v2,3,PAPER_WEIGHT_NORMALIZED,2016-12-23,VNQ,142,74,1
NN_v2,3,PAPER_WEIGHT_NORMALIZED,2016-12-23,VHT,84,48,0
NN_v2,3,PAPER_WEIGHT_NORMALIZED,2016-12-23,VIS,147,83,0
NN_v2,3,PAPER_WEIGHT_NORMALIZED,2016-12-30,VIS,148,84,1
NN_v2,3,PAPER_WEIGHT_NORMALIZED,2016-12-30,VCR,121,59,1
NN_v2,3,PAPER_WEIGHT_NORMALIZED,2016-12-30,VOX,121,60,4
NN_v2,3,PAPER_WEIGHT_NORMALIZED,2017-01-06,VCR,122,60,2
NN_v2,3,PAPER_WEIGHT_NORMALIZED,2017-01-06,VIS,149,85,2
NN_v2,3,PAPER_WEIGHT_NORMALIZED,2017-01-06,VPU,86,42,0
NN_v2,3,PAPER_WEIGHT_NORMALIZED,2017-01-13,VNQ,143,75,2
NN_v2,3,PAPER_WEIGHT_NORMALIZED,2017-01-13,VHT,85,48,0
NN_v2,3,PAPER_WEIGHT_NORMALIZED,2017-01-13,VIS,150,86,3
NN_v2,3,PAPER_WEIGHT_NORMALIZED,2017-01-20,VIS,151,87,4
NN_v2,3,PAPER_WEIGHT_NORMALIZED,2017-01-20,VDE,203,99,2
NN_v2,3,PAPER_WEIGHT_NORMALIZED,2017-01-20,VNQ,144,75,0
NN_v2,3,PAPER_WEIGHT_NORMALIZED,2017-01-27,VHT,86,49,1
NN_v2,3,PAPER_WEIGHT_NORMALIZED,2017-01-27,VNQ,145,76,1
NN_v2,3,PAPER_WEIGHT_NORMALIZED,2017-01-27,VIS,152,87,0
NN_v2,3,PAPER_WEIGHT_NORMALIZED,2017-02-03,VOX,122,60,0
NN_v2,3,PAPER_WEIGHT_NORMALIZED,2017-02-03,VNQ,146,77,2
NN_v2,3,PAPER_WEIGHT_NORMALIZED,2017-02-03,VDE,204,99,0
NN_v2,3,PAPER_WEIGHT_NORMALIZED,2017-02-10,VOX,123,61,1
NN_v2,3,PAPER_WEIGHT_NORMALIZED,2017-02-10,VNQ,147,77,0
NN_v2,3,PAPER_WEIGHT_NORMALIZED,2017-02-10,VDE,205,99,0
NN_v2,3,PAPER_WEIGHT_NORMALIZED,2017-02-17,VNQ,148,78,1
NN_v2,3,PAPER_WEIGHT_NORMALIZED,2017-02-17,VPU,87,43,1
NN_v2,3,PAPER_WEIGHT_NORMALIZED,2017-02-17,VAW,174,98,0
NN_v2,3,PAPER_WEIGHT_NORMALIZED,2017-02-24,VFH,188,92,4
NN_v2,3,PAPER_WEIGHT_NORMALIZED,2017-02-24,VNQ,149,78,0
NN_v2,3,PAPER_WEIGHT_NORMALIZED,2017-02-24,VOX,124,61,0
NN_v2,3,PAPER_WEIGHT_NORMALIZED,2017-03-03,VNQ,150,78,0
NN_v2,3,PAPER_WEIGHT_NORMALIZED,2017-03-03,VPU,88,43,0
NN_v2,3,PAPER_WEIGHT_NORMALIZED,2017-03-03,VOX,125,61,0
NN_v2,3,PAPER_WEIGHT_NORMALIZED,2017-03-10,VNQ,151,79,1
NN_v2,3,PAPER_WEIGHT_NORMALIZED,2017-03-10,VFH,189,92,0
NN_v2,3,PAPER_WEIGHT_NORMALIZED,2017-03-10,VPU,89,44,1
NN_v2,3,PAPER_WEIGHT_NORMALIZED,2017-03-17,VNQ,152,79,0
NN_v2,3,PAPER_WEIGHT_NORMALIZED,2017-03-17,VFH,190,92,0
NN_v2,3,PAPER_WEIGHT_NORMALIZED,2017-03-17,VHT,87,49,0
NN_v2,3,PAPER_WEIGHT_NORMALIZED,2017-03-24,VFH,191,93,1
NN_v2,3,PAPER_WEIGHT_NORMALIZED,2017-03-24,VAW,175,99,1
NN_v2,3,PAPER_WEIGHT_NORMALIZED,2017-03-24,VIS,153,88,1
NN_v2,3,PAPER_WEIGHT_NORMALIZED,2017-03-31,VFH,192,93,0
NN_v2,3,PAPER_WEIGHT_NORMALIZED,2017-03-31,VNQ,153,80,1
NN_v2,3,PAPER_WEIGHT_NORMALIZED,2017-03-31,VIS,154,88,0
NN_v2,3,PAPER_WEIGHT_NORMALIZED,2017-04-07,VFH,193,93,0
NN_v2,3,PAPER_WEIGHT_NORMALIZED,2017-04-07,VAW,176,99,0
NN_v2,3,PAPER_WEIGHT_NORMALIZED,2017-04-07,VIS,155,88,0
NN_v2,3,PAPER_WEIGHT_NORMALIZED,2017-04-14,VFH,194,94,1
NN_v2,3,PAPER_WEIGHT_NORMALIZED,2017-04-14,VGT,124,69,4
NN_v2,3,PAPER_WEIGHT_NORMALIZED,2017-04-14,VCR,123,61,3
NN_v2,3,PAPER_WEIGHT_NORMALIZED,2017-04-21,VFH,195,94,0
NN_v2,3,PAPER_WEIGHT_NORMALIZED,2017-04-21,VOX,126,61,0
NN_v2,3,PAPER_WEIGHT_NORMALIZED,2017-04-21,VDE,206,99,0
NN_v2,3,PAPER_WEIGHT_NORMALIZED,2017-04-28,VNQ,154,80,0
NN_v2,3,PAPER_WEIGHT_NORMALIZED,2017-04-28,VFH,196,95,1
NN_v2,3,PAPER_WEIGHT_NORMALIZED,2017-04-28,VOX,127,61,0
NN_v2,3,PAPER_WEIGHT_NORMALIZED,2017-05-05,VOX,128,61,0
NN_v2,3,PAPER_WEIGHT_NORMALIZED,2017-05-05,VFH,197,95,0
NN_v2,3,PAPER_WEIGHT_NORMALIZED,2017-05-05,VNQ,155,80,0
NN_v2,3,PAPER_WEIGHT_NORMALIZED,2017-05-12,VFH,198,95,0
NN_v2,3,PAPER_WEIGHT_NORMALIZED,2017-05-12,VNQ,156,81,1
NN_v2,3,PAPER_WEIGHT_NORMALIZED,2017-05-12,VIS,156,88,0
NN_v2,3,PAPER_WEIGHT_NORMALIZED,2017-05-19,VFH,199,96,1
NN_v2,3,PAPER_WEIGHT_NORMALIZED,2017-05-19,VDE,207,99,0
NN_v2,3,PAPER_WEIGHT_NORMALIZED,2017-05-19,VHT,88,50,1
NN_v2,3,PAPER_WEIGHT_NORMALIZED,2017-05-26,VFH,200,96,0
NN_v2,3,PAPER_WEIGHT_NORMALIZED,2017-05-26,VNQ,157,82,2
NN_v2,3,PAPER_WEIGHT_NORMALIZED,2017-05-26,VDE,208,99,0
NN_v2,3,PAPER_WEIGHT_NORMALIZED,2017-06-02,VOX,129,61,0
NN_v2,3,PAPER_WEIGHT_NORMALIZED,2017-06-02,VNQ,158,83,3
NN_v2,3,PAPER_WEIGHT_NORMALIZED,2017-06-02,VDE,209,100,1
NN_v2,3,PAPER_WEIGHT_NORMALIZED,2017-06-09,VCR,124,62,4
NN_v2,3,PAPER_WEIGHT_NORMALIZED,2017-06-09,VGT,125,69,0
NN_v2,3,PAPER_WEIGHT_NORMALIZED,2017-06-09,VPU,90,45,2
NN_v2,3,PAPER_WEIGHT_NORMALIZED,2017-06-16,VGT,126,70,1
NN_v2,3,PAPER_WEIGHT_NORMALIZED,2017-06-16,VCR,125,62,0
NN_v2,3,PAPER_WEIGHT_NORMALIZED,2017-06-16,VOX,130,61,0
NN_v2,3,PAPER_WEIGHT_NORMALIZED,2017-06-23,VFH,201,97,1
NN_v2,3,PAPER_WEIGHT_NORMALIZED,2017-06-23,VOX,131,61,0
NN_v2,3,PAPER_WEIGHT_NORMALIZED,2017-06-23,VIS,157,88,0
NN_v2,3,PAPER_WEIGHT_NORMALIZED,2017-06-30,VGT,127,71,2
NN_v2,3,PAPER_WEIGHT_NORMALIZED,2017-06-30,VPU,91,45,0
NN_v2,3,PAPER_WEIGHT_NORMALIZED,2017-06-30,VNQ,159,83,0
NN_v2,3,PAPER_WEIGHT_NORMALIZED,2017-07-07,VPU,92,46,1
NN_v2,3,PAPER_WEIGHT_NORMALIZED,2017-07-07,VGT,128,72,3
NN_v2,3,PAPER_WEIGHT_NORMALIZED,2017-07-07,VCR,126,63,1
NN_v2,3,PAPER_WEIGHT_NORMALIZED,2017-07-14,VFH,202,97,0
NN_v2,3,PAPER_WEIGHT_NORMALIZED,2017-07-14,VDE,210,100,0
NN_v2,3,PAPER_WEIGHT_NORMALIZED,2017-07-14,VPU,93,47,2
NN_v2,3,PAPER_WEIGHT_NORMALIZED,2017-07-21,VDE,211,101,1
NN_v2,3,PAPER_WEIGHT_NORMALIZED,2017-07-21,VFH,203,98,1
NN_v2,3,PAPER_WEIGHT_NORMALIZED,2017-07-21,VIS,158,88,0
NN_v2,3,PAPER_WEIGHT_NORMALIZED,2017-07-28,VPU,94,48,3
NN_v2,3,PAPER_WEIGHT_NORMALIZED,2017-07-28,VDE,212,101,0
NN_v2,3,PAPER_WEIGHT_NORMALIZED,2017-07-28,VGT,129,72,0
NN_v2,3,PAPER_WEIGHT_NORMALIZED,2017-08-04,VDE,213,101,0
NN_v2,3,PAPER_WEIGHT_NORMALIZED,2017-08-04,VHT,89,50,0
NN_v2,3,PAPER_WEIGHT_NORMALIZED,2017-08-04,VGT,130,72,0
NN_v2,3,PAPER_WEIGHT_NORMALIZED,2017-08-11,VFH,204,98,0
NN_v2,3,PAPER_WEIGHT_NORMALIZED,2017-08-11,VHT,90,50,0
NN_v2,3,PAPER_WEIGHT_NORMALIZED,2017-08-11,VAW,177,99,0
NN_v2,3,PAPER_WEIGHT_NORMALIZED,2017-08-18,VOX,132,62,1
NN_v2,3,PAPER_WEIGHT_NORMALIZED,2017-08-18,VFH,205,99,1
NN_v2,3,PAPER_WEIGHT_NORMALIZED,2017-08-18,VHT,91,51,1
NN_v2,3,PAPER_WEIGHT_NORMALIZED,2017-08-25,VFH,206,99,0
NN_v2,3,PAPER_WEIGHT_NORMALIZED,2017-08-25,VHT,92,52,2
NN_v2,3,PAPER_WEIGHT_NORMALIZED,2017-08-25,VAW,178,100,1
NN_v2,3,PAPER_WEIGHT_NORMALIZED,2017-09-01,VOX,133,62,0
NN_v2,3,PAPER_WEIGHT_NORMALIZED,2017-09-01,VNQ,160,84,1
NN_v2,3,PAPER_WEIGHT_NORMALIZED,2017-09-01,VPU,95,49,4
NN_v2,3,PAPER_WEIGHT_NORMALIZED,2017-09-08,VOX,134,63,1
NN_v2,3,PAPER_WEIGHT_NORMALIZED,2017-09-08,VFH,207,100,1
NN_v2,3,PAPER_WEIGHT_NORMALIZED,2017-09-08,VAW,179,101,2
NN_v2,3,PAPER_WEIGHT_NORMALIZED,2017-09-15,VOX,135,64,2
NN_v2,3,PAPER_WEIGHT_NORMALIZED,2017-09-15,VFH,208,101,2
NN_v2,3,PAPER_WEIGHT_NORMALIZED,2017-09-15,VDE,214,102,1
NN_v2,3,PAPER_WEIGHT_NORMALIZED,2017-09-22,VPU,96,49,0
NN_v2,3,PAPER_WEIGHT_NORMALIZED,2017-09-22,VGT,131,73,1
NN_v2,3,PAPER_WEIGHT_NORMALIZED,2017-09-22,VHT,93,53,3
NN_v2,3,PAPER_WEIGHT_NORMALIZED,2017-09-29,VOX,136,65,3
NN_v2,3,PAPER_WEIGHT_NORMALIZED,2017-09-29,VPU,97,50,1
NN_v2,3,PAPER_WEIGHT_NORMALIZED,2017-09-29,VNQ,161,85,2
NN_v2,3,PAPER_WEIGHT_NORMALIZED,2017-10-06,VOX,137,65,0
NN_v2,3,PAPER_WEIGHT_NORMALIZED,2017-10-06,VDE,215,103,2
NN_v2,3,PAPER_WEIGHT_NORMALIZED,2017-10-06,VPU,98,51,2
NN_v2,3,PAPER_WEIGHT_NORMALIZED,2017-10-13,VOX,138,65,0
NN_v2,3,PAPER_WEIGHT_NORMALIZED,2017-10-13,VFH,209,102,3
NN_v2,3,PAPER_WEIGHT_NORMALIZED,2017-10-13,VDE,216,103,0
NN_v2,3,PAPER_WEIGHT_NORMALIZED,2017-10-20,VDE,217,103,0
NN_v2,3,PAPER_WEIGHT_NORMALIZED,2017-10-20,VHT,94,53,0
NN_v2,3,PAPER_WEIGHT_NORMALIZED,2017-10-20,VNQ,162,85,0
NN_v2,3,PAPER_WEIGHT_NORMALIZED,2017-10-27,VHT,95,53,0
NN_v2,3,PAPER_WEIGHT_NORMALIZED,2017-10-27,VDE,218,104,1
NN_v2,3,PAPER_WEIGHT_NORMALIZED,2017-10-27,VNQ,163,86,1
NN_v2,3,PAPER_WEIGHT_NORMALIZED,2017-11-03,VOX,139,65,0
NN_v2,3,PAPER_WEIGHT_NORMALIZED,2017-11-03,VHT,96,53,0
NN_v2,3,PAPER_WEIGHT_NORMALIZED,2017-11-03,VIS,159,88,0
NN_v2,3,PAPER_WEIGHT_NORMALIZED,2017-11-10,VFH,210,103,4
NN_v2,3,PAPER_WEIGHT_NORMALIZED,2017-11-10,VIS,160,88,0
NN_v2,3,PAPER_WEIGHT_NORMALIZED,2017-11-10,VHT,97,54,1
NN_v2,3,PAPER_WEIGHT_NORMALIZED,2017-11-17,VDE,219,105,2
NN_v2,3,PAPER_WEIGHT_NORMALIZED,2017-11-17,VFH,211,104,5
NN_v2,3,PAPER_WEIGHT_NORMALIZED,2017-11-17,VHT,98,55,2
NN_v2,3,PAPER_WEIGHT_NORMALIZED,2017-11-24,VDE,220,106,3
NN_v2,3,PAPER_WEIGHT_NORMALIZED,2017-11-24,VFH,212,105,6
NN_v2,3,PAPER_WEIGHT_NORMALIZED,2017-11-24,VNQ,164,86,0
NN_v2,3,PAPER_WEIGHT_NORMALIZED,2017-12-01,VDE,221,106,0
NN_v2,3,PAPER_WEIGHT_NORMALIZED,2017-12-01,VGT,132,73,0
NN_v2,3,PAPER_WEIGHT_NORMALIZED,2017-12-01,VOX,140,65,0
NN_v2,3,PAPER_WEIGHT_NORMALIZED,2017-12-08,VGT,133,74,1
NN_v2,3,PAPER_WEIGHT_NORMALIZED,2017-12-08,VDE,222,106,0
NN_v2,3,PAPER_WEIGHT_NORMALIZED,2017-12-08,VPU,99,51,0
NN_v2,3,PAPER_WEIGHT_NORMALIZED,2017-12-15,VOX,141,66,1
NN_v2,3,PAPER_WEIGHT_NORMALIZED,2017-12-15,VDE,223,107,1
NN_v2,3,PAPER_WEIGHT_NORMALIZED,2017-12-15,VFH,213,105,0
NN_v2,3,PAPER_WEIGHT_NORMALIZED,2017-12-22,VOX,142,66,0
NN_v2,3,PAPER_WEIGHT_NORMALIZED,2017-12-22,VFH,214,105,0
NN_v2,3,PAPER_WEIGHT_NORMALIZED,2017-12-22,VPU,100,52,1
NN_v2,3,PAPER_WEIGHT_NORMALIZED,2017-12-29,VOX,143,66,0
NN_v2,3,PAPER_WEIGHT_NORMALIZED,2017-12-29,VGT,134,75,2
NN_v2,3,PAPER_WEIGHT_NORMALIZED,2017-12-29,VFH,215,106,1
NN_v2,3,PAPER_WEIGHT_NORMALIZED,2018-01-05,VPU,101,52,0
NN_v2,3,PAPER_WEIGHT_NORMALIZED,2018-01-05,VOX,144,67,1
NN_v2,3,PAPER_WEIGHT_NORMALIZED,2018-01-05,VNQ,165,86,0
NN_v2,3,PAPER_WEIGHT_NORMALIZED,2018-01-12,VPU,102,52,0
NN_v2,3,PAPER_WEIGHT_NORMALIZED,2018-01-12,VNQ,166,86,0
NN_v2,3,PAPER_WEIGHT_NORMALIZED,2018-01-12,VOX,145,67,0
NN_v2,3,PAPER_WEIGHT_NORMALIZED,2018-01-19,VPU,103,53,1
NN_v2,3,PAPER_WEIGHT_NORMALIZED,2018-01-19,VDE,224,108,2
NN_v2,3,PAPER_WEIGHT_NORMALIZED,2018-01-19,VNQ,167,87,1
NN_v2,3,PAPER_WEIGHT_NORMALIZED,2018-01-26,VPU,104,53,0
NN_v2,3,PAPER_WEIGHT_NORMALIZED,2018-01-26,VDE,225,108,0
NN_v2,3,PAPER_WEIGHT_NORMALIZED,2018-01-26,VNQ,168,87,0
NN_v2,3,PAPER_WEIGHT_NORMALIZED,2018-02-02,VDE,226,108,0
NN_v2,3,PAPER_WEIGHT_NORMALIZED,2018-02-02,VAW,180,101,0
NN_v2,3,PAPER_WEIGHT_NORMALIZED,2018-02-02,VIS,161,88,0
NN_v2,3,PAPER_WEIGHT_NORMALIZED,2018-02-09,VIS,162,89,1
NN_v2,3,PAPER_WEIGHT_NORMALIZED,2018-02-09,VDE,227,109,1
NN_v2,3,PAPER_WEIGHT_NORMALIZED,2018-02-09,VAW,181,102,1
NN_v2,3,PAPER_WEIGHT_NORMALIZED,2018-02-16,VDE,228,110,2
NN_v2,3,PAPER_WEIGHT_NORMALIZED,2018-02-16,VHT,99,56,3
NN_v2,3,PAPER_WEIGHT_NORMALIZED,2018-02-16,VAW,182,103,2
NN_v2,3,PAPER_WEIGHT_NORMALIZED,2018-02-23,VDE,229,110,0
NN_v2,3,PAPER_WEIGHT_NORMALIZED,2018-02-23,VHT,100,56,0
NN_v2,3,PAPER_WEIGHT_NORMALIZED,2018-02-23,VAW,183,103,0
NN_v2,3,PAPER_WEIGHT_NORMALIZED,2018-03-02,VDE,230,111,1
NN_v2,3,PAPER_WEIGHT_NORMALIZED,2018-03-02,VHT,101,57,1
NN_v2,3,PAPER_WEIGHT_NORMALIZED,2018-03-02,VIS,163,90,2
NN_v2,3,PAPER_WEIGHT_NORMALIZED,2018-03-09,VDE,231,111,0
NN_v2,3,PAPER_WEIGHT_NORMALIZED,2018-03-09,VOX,146,67,0
NN_v2,3,PAPER_WEIGHT_NORMALIZED,2018-03-09,VAW,184,103,0
NN_v2,3,PAPER_WEIGHT_NORMALIZED,2018-03-16,VIS,164,90,0
NN_v2,3,PAPER_WEIGHT_NORMALIZED,2018-03-16,VHT,102,57,0
NN_v2,3,PAPER_WEIGHT_NORMALIZED,2018-03-16,VAW,185,103,0
NN_v2,3,PAPER_WEIGHT_NORMALIZED,2018-03-23,VHT,103,58,1
NN_v2,3,PAPER_WEIGHT_NORMALIZED,2018-03-23,VFH,216,107,2
NN_v2,3,PAPER_WEIGHT_NORMALIZED,2018-03-23,VAW,186,104,1
NN_v2,3,PAPER_WEIGHT_NORMALIZED,2018-03-30,VDE,232,112,1
NN_v2,3,PAPER_WEIGHT_NORMALIZED,2018-03-30,VAW,187,104,0
NN_v2,3,PAPER_WEIGHT_NORMALIZED,2018-03-30,VHT,104,58,0
NN_v2,3,PAPER_WEIGHT_NORMALIZED,2018-04-06,VGT,135,76,3
NN_v2,3,PAPER_WEIGHT_NORMALIZED,2018-04-06,VHT,105,59,1
NN_v2,3,PAPER_WEIGHT_NORMALIZED,2018-04-06,VFH,217,108,3
NN_v2,3,PAPER_WEIGHT_NORMALIZED,2018-04-13,VOX,147,68,1
NN_v2,3,PAPER_WEIGHT_NORMALIZED,2018-04-13,VCR,127,64,2
NN_v2,3,PAPER_WEIGHT_NORMALIZED,2018-04-13,VFH,218,109,4
NN_v2,3,PAPER_WEIGHT_NORMALIZED,2018-04-20,VGT,136,76,0
NN_v2,3,PAPER_WEIGHT_NORMALIZED,2018-04-20,VHT,106,60,2
NN_v2,3,PAPER_WEIGHT_NORMALIZED,2018-04-20,VDC,25,13,2
NN_v2,3,PAPER_WEIGHT_NORMALIZED,2018-04-27,VGT,137,77,1
NN_v2,3,PAPER_WEIGHT_NORMALIZED,2018-04-27,VAW,188,104,0
NN_v2,3,PAPER_WEIGHT_NORMALIZED,2018-04-27,VFH,219,109,0
NN_v2,3,PAPER_WEIGHT_NORMALIZED,2018-05-04,VHT,107,61,3
NN_v2,3,PAPER_WEIGHT_NORMALIZED,2018-05-04,VAW,189,105,1
NN_v2,3,PAPER_WEIGHT_NORMALIZED,2018-05-04,VFH,220,110,1
NN_v2,3,PAPER_WEIGHT_NORMALIZED,2018-05-11,VAW,190,106,2
NN_v2,3,PAPER_WEIGHT_NORMALIZED,2018-05-11,VHT,108,62,4
NN_v2,3,PAPER_WEIGHT_NORMALIZED,2018-05-11,VFH,221,110,0
NN_v2,3,PAPER_WEIGHT_NORMALIZED,2018-05-18,VFH,222,110,0
NN_v2,3,PAPER_WEIGHT_NORMALIZED,2018-05-18,VHT,109,62,0
NN_v2,3,PAPER_WEIGHT_NORMALIZED,2018-05-18,VGT,138,78,2
NN_v2,3,PAPER_WEIGHT_NORMALIZED,2018-05-25,VHT,110,63,1
NN_v2,3,PAPER_WEIGHT_NORMALIZED,2018-05-25,VFH,223,110,0
NN_v2,3,PAPER_WEIGHT_NORMALIZED,2018-05-25,VIS,165,91,1
NN_v2,3,PAPER_WEIGHT_NORMALIZED,2018-06-01,VHT,111,64,2
NN_v2,3,PAPER_WEIGHT_NORMALIZED,2018-06-01,VFH,224,111,1
NN_v2,3,PAPER_WEIGHT_NORMALIZED,2018-06-01,VAW,191,107,3
NN_v2,3,PAPER_WEIGHT_NORMALIZED,2018-06-08,VHT,112,65,3
NN_v2,3,PAPER_WEIGHT_NORMALIZED,2018-06-08,VDE,233,112,0
NN_v2,3,PAPER_WEIGHT_NORMALIZED,2018-06-08,VFH,225,111,0
NN_v2,3,PAPER_WEIGHT_NORMALIZED,2018-06-15,VDE,234,113,1
NN_v2,3,PAPER_WEIGHT_NORMALIZED,2018-06-15,VFH,226,111,0
NN_v2,3,PAPER_WEIGHT_NORMALIZED,2018-06-15,VAW,192,107,0
NN_v2,3,PAPER_WEIGHT_NORMALIZED,2018-06-22,VDE,235,114,2
NN_v2,3,PAPER_WEIGHT_NORMALIZED,2018-06-22,VAW,193,107,0
NN_v2,3,PAPER_WEIGHT_NORMALIZED,2018-06-22,VIS,166,91,0
NN_v2,3,PAPER_WEIGHT_NORMALIZED,2018-06-29,VAW,194,108,1
NN_v2,3,PAPER_WEIGHT_NORMALIZED,2018-06-29,VGT,139,79,3
NN_v2,3,PAPER_WEIGHT_NORMALIZED,2018-06-29,VHT,113,66,4
NN_v2,3,PAPER_WEIGHT_NORMALIZED,2018-07-06,VDE,236,114,0
NN_v2,3,PAPER_WEIGHT_NORMALIZED,2018-07-06,VIS,167,92,1
NN_v2,3,PAPER_WEIGHT_NORMALIZED,2018-07-06,VGT,140,80,4
NN_v2,3,PAPER_WEIGHT_NORMALIZED,2018-07-13,VIS,168,93,2
NN_v2,3,PAPER_WEIGHT_NORMALIZED,2018-07-13,VFH,227,112,1
NN_v2,3,PAPER_WEIGHT_NORMALIZED,2018-07-13,VDE,237,114,0
NN_v2,3,PAPER_WEIGHT_NORMALIZED,2018-07-20,VDE,238,115,1
NN_v2,3,PAPER_WEIGHT_NORMALIZED,2018-07-20,VIS,169,94,3
NN_v2,3,PAPER_WEIGHT_NORMALIZED,2018-07-20,VOX,148,68,0
NN_v2,3,PAPER_WEIGHT_NORMALIZED,2018-07-27,VDE,239,115,0
NN_v2,3,PAPER_WEIGHT_NORMALIZED,2018-07-27,VGT,141,81,5
NN_v2,3,PAPER_WEIGHT_NORMALIZED,2018-07-27,VOX,149,69,1
NN_v2,3,PAPER_WEIGHT_NORMALIZED,2018-08-03,VDE,240,115,0
NN_v2,3,PAPER_WEIGHT_NORMALIZED,2018-08-03,VOX,150,70,2
NN_v2,3,PAPER_WEIGHT_NORMALIZED,2018-08-03,VGT,142,82,6
NN_v2,3,PAPER_WEIGHT_NORMALIZED,2018-08-10,VDE,241,115,0
NN_v2,3,PAPER_WEIGHT_NORMALIZED,2018-08-10,VNQ,169,88,1
NN_v2,3,PAPER_WEIGHT_NORMALIZED,2018-08-10,VFH,228,113,2
NN_v2,3,PAPER_WEIGHT_NORMALIZED,2018-08-17,VDE,242,116,1
NN_v2,3,PAPER_WEIGHT_NORMALIZED,2018-08-17,VOX,151,71,3
NN_v2,3,PAPER_WEIGHT_NORMALIZED,2018-08-17,VFH,229,114,3
NN_v2,3,PAPER_WEIGHT_NORMALIZED,2018-08-24,VPU,105,53,0
NN_v2,3,PAPER_WEIGHT_NORMALIZED,2018-08-24,VNQ,170,89,2
NN_v2,3,PAPER_WEIGHT_NORMALIZED,2018-08-24,VDC,26,13,0
NN_v2,3,PAPER_WEIGHT_NORMALIZED,2018-08-31,VDE,243,116,0
NN_v2,3,PAPER_WEIGHT_NORMALIZED,2018-08-31,VDC,27,14,1
NN_v2,3,PAPER_WEIGHT_NORMALIZED,2018-08-31,VOX,152,71,0
NN_v2,3,PAPER_WEIGHT_NORMALIZED,2018-09-07,VDE,244,117,1
NN_v2,3,PAPER_WEIGHT_NORMALIZED,2018-09-07,VNQ,171,89,0
NN_v2,3,PAPER_WEIGHT_NORMALIZED,2018-09-07,VGT,143,83,7
NN_v2,3,PAPER_WEIGHT_NORMALIZED,2018-09-14,VDE,245,118,2
NN_v2,3,PAPER_WEIGHT_NORMALIZED,2018-09-14,VOX,153,72,1
NN_v2,3,PAPER_WEIGHT_NORMALIZED,2018-09-14,VGT,144,83,0
NN_v2,3,PAPER_WEIGHT_NORMALIZED,2018-09-21,VDE,246,119,3
NN_v2,3,PAPER_WEIGHT_NORMALIZED,2018-09-21,VOX,154,73,2
NN_v2,3,PAPER_WEIGHT_NORMALIZED,2018-09-21,VNQ,172,89,0
NN_v2,3,PAPER_WEIGHT_NORMALIZED,2018-09-28,VFH,230,115,4
NN_v2,3,PAPER_WEIGHT_NORMALIZED,2018-09-28,VAW,195,108,0
NN_v2,3,PAPER_WEIGHT_NORMALIZED,2018-09-28,VDE,247,120,4
NN_v2,3,PAPER_WEIGHT_NORMALIZED,2018-10-05,VCR,128,64,0
NN_v2,3,PAPER_WEIGHT_NORMALIZED,2018-10-05,VGT,145,83,0
NN_v2,3,PAPER_WEIGHT_NORMALIZED,2018-10-05,VNQ,173,89,0
NN_v2,3,PAPER_WEIGHT_NORMALIZED,2018-10-12,VIS,170,94,0
NN_v2,3,PAPER_WEIGHT_NORMALIZED,2018-10-12,VNQ,174,90,1
NN_v2,3,PAPER_WEIGHT_NORMALIZED,2018-10-12,VGT,146,83,0
NN_v2,3,PAPER_WEIGHT_NORMALIZED,2018-10-19,VGT,147,83,0
NN_v2,3,PAPER_WEIGHT_NORMALIZED,2018-10-19,VCR,129,64,0
NN_v2,3,PAPER_WEIGHT_NORMALIZED,2018-10-19,VIS,171,94,0
NN_v2,3,PAPER_WEIGHT_NORMALIZED,2018-10-26,VOX,155,74,3
NN_v2,3,PAPER_WEIGHT_NORMALIZED,2018-10-26,VGT,148,84,1
NN_v2,3,PAPER_WEIGHT_NORMALIZED,2018-10-26,VHT,114,67,5
NN_v2,3,PAPER_WEIGHT_NORMALIZED,2018-11-02,VGT,149,85,2
NN_v2,3,PAPER_WEIGHT_NORMALIZED,2018-11-02,VDE,248,120,0
NN_v2,3,PAPER_WEIGHT_NORMALIZED,2018-11-02,VIS,172,95,1
NN_v2,3,PAPER_WEIGHT_NORMALIZED,2018-11-09,VDE,249,120,0
NN_v2,3,PAPER_WEIGHT_NORMALIZED,2018-11-09,VIS,173,95,0
NN_v2,3,PAPER_WEIGHT_NORMALIZED,2018-11-09,VAW,196,109,1
NN_v2,3,PAPER_WEIGHT_NORMALIZED,2018-11-16,VIS,174,95,0
NN_v2,3,PAPER_WEIGHT_NORMALIZED,2018-11-16,VOX,156,74,0
NN_v2,3,PAPER_WEIGHT_NORMALIZED,2018-11-16,VGT,150,85,0
NN_v2,3,PAPER_WEIGHT_NORMALIZED,2018-11-23,VGT,151,86,1
NN_v2,3,PAPER_WEIGHT_NORMALIZED,2018-11-23,VOX,157,75,1
NN_v2,3,PAPER_WEIGHT_NORMALIZED,2018-11-23,VIS,175,96,1
NN_v2,3,PAPER_WEIGHT_NORMALIZED,2018-11-30,VAW,197,109,0
NN_v2,3,PAPER_WEIGHT_NORMALIZED,2018-11-30,VDE,250,120,0
NN_v2,3,PAPER_WEIGHT_NORMALIZED,2018-11-30,VIS,176,96,0
NN_v2,3,PAPER_WEIGHT_NORMALIZED,2018-12-07,VFH,231,115,0
NN_v2,3,PAPER_WEIGHT_NORMALIZED,2018-12-07,VIS,177,96,0
NN_v2,3,PAPER_WEIGHT_NORMALIZED,2018-12-07,VCR,130,64,0
NN_v2,3,PAPER_WEIGHT_NORMALIZED,2018-12-14,VDE,251,120,0
NN_v2,3,PAPER_WEIGHT_NORMALIZED,2018-12-14,VAW,198,109,0
NN_v2,3,PAPER_WEIGHT_NORMALIZED,2018-12-14,VFH,232,115,0
NN_v2,3,PAPER_WEIGHT_NORMALIZED,2018-12-21,VOX,158,76,2
NN_v2,3,PAPER_WEIGHT_NORMALIZED,2018-12-21,VFH,233,116,1
NN_v2,3,PAPER_WEIGHT_NORMALIZED,2018-12-21,VHT,115,68,6
NN_v2,3,PAPER_WEIGHT_NORMALIZED,2018-12-28,VDE,252,121,1
NN_v2,3,PAPER_WEIGHT_NORMALIZED,2018-12-28,VAW,199,110,1
NN_v2,3,PAPER_WEIGHT_NORMALIZED,2018-12-28,VIS,178,97,1
NN_v2,3,PAPER_WEIGHT_NORMALIZED,2019-01-04,VGT,152,87,2
NN_v2,3,PAPER_WEIGHT_NORMALIZED,2019-01-04,VDC,28,15,2
NN_v2,3,PAPER_WEIGHT_NORMALIZED,2019-01-04,VHT,116,69,7
NN_v2,3,PAPER_WEIGHT_NORMALIZED,2019-01-11,VFH,234,117,2
NN_v2,3,PAPER_WEIGHT_NORMALIZED,2019-01-11,VGT,153,88,3
NN_v2,3,PAPER_WEIGHT_NORMALIZED,2019-01-11,VHT,117,70,8
NN_v2,3,PAPER_WEIGHT_NORMALIZED,2019-01-18,VDE,253,121,0
NN_v2,3,PAPER_WEIGHT_NORMALIZED,2019-01-18,VGT,154,89,4
NN_v2,3,PAPER_WEIGHT_NORMALIZED,2019-01-18,VAW,200,111,2
NN_v2,3,PAPER_WEIGHT_NORMALIZED,2019-01-25,VDE,254,122,1
NN_v2,3,PAPER_WEIGHT_NORMALIZED,2019-01-25,VHT,118,71,9
NN_v2,3,PAPER_WEIGHT_NORMALIZED,2019-01-25,VIS,179,98,2
NN_v2,3,PAPER_WEIGHT_NORMALIZED,2019-02-01,VDE,255,122,0
NN_v2,3,PAPER_WEIGHT_NORMALIZED,2019-02-01,VCR,131,64,0
NN_v2,3,PAPER_WEIGHT_NORMALIZED,2019-02-01,VHT,119,71,0
NN_v2,3,PAPER_WEIGHT_NORMALIZED,2019-02-08,VFH,235,118,3
NN_v2,3,PAPER_WEIGHT_NORMALIZED,2019-02-08,VCR,132,65,1
NN_v2,3,PAPER_WEIGHT_NORMALIZED,2019-02-08,VHT,120,72,1
NN_v2,3,PAPER_WEIGHT_NORMALIZED,2019-02-15,VDE,256,122,0
NN_v2,3,PAPER_WEIGHT_NORMALIZED,2019-02-15,VCR,133,66,2
NN_v2,3,PAPER_WEIGHT_NORMALIZED,2019-02-15,VAW,201,112,3
NN_v2,3,PAPER_WEIGHT_NORMALIZED,2019-02-22,VDE,257,123,1
NN_v2,3,PAPER_WEIGHT_NORMALIZED,2019-02-22,VOX,159,76,0
NN_v2,3,PAPER_WEIGHT_NORMALIZED,2019-02-22,VFH,236,119,4
NN_v2,3,PAPER_WEIGHT_NORMALIZED,2019-03-01,VDE,258,123,0
NN_v2,3,PAPER_WEIGHT_NORMALIZED,2019-03-01,VAW,202,112,0
NN_v2,3,PAPER_WEIGHT_NORMALIZED,2019-03-01,VCR,134,66,0
NN_v2,3,PAPER_WEIGHT_NORMALIZED,2019-03-08,VFH,237,120,5
NN_v2,3,PAPER_WEIGHT_NORMALIZED,2019-03-08,VCR,135,67,1
NN_v2,3,PAPER_WEIGHT_NORMALIZED,2019-03-08,VDE,259,124,1
NN_v2,3,PAPER_WEIGHT_NORMALIZED,2019-03-15,VDE,260,124,0
NN_v2,3,PAPER_WEIGHT_NORMALIZED,2019-03-15,VFH,238,120,0
NN_v2,3,PAPER_WEIGHT_NORMALIZED,2019-03-15,VCR,136,68,2
NN_v2,3,PAPER_WEIGHT_NORMALIZED,2019-03-22,VDE,261,125,1
NN_v2,3,PAPER_WEIGHT_NORMALIZED,2019-03-22,VIS,180,99,3
NN_v2,3,PAPER_WEIGHT_NORMALIZED,2019-03-22,VAW,203,113,1
NN_v2,3,PAPER_WEIGHT_NORMALIZED,2019-03-29,VDE,262,126,2
NN_v2,3,PAPER_WEIGHT_NORMALIZED,2019-03-29,VIS,181,100,4
NN_v2,3,PAPER_WEIGHT_NORMALIZED,2019-03-29,VHT,121,72,0
NN_v2,3,PAPER_WEIGHT_NORMALIZED,2019-04-05,VDE,263,126,0
NN_v2,3,PAPER_WEIGHT_NORMALIZED,2019-04-05,VFH,239,121,1
NN_v2,3,PAPER_WEIGHT_NORMALIZED,2019-04-05,VHT,122,72,0
NN_v2,3,PAPER_WEIGHT_NORMALIZED,2019-04-12,VDE,264,126,0
NN_v2,3,PAPER_WEIGHT_NORMALIZED,2019-04-12,VIS,182,101,5
NN_v2,3,PAPER_WEIGHT_NORMALIZED,2019-04-12,VFH,240,122,2
NN_v2,3,PAPER_WEIGHT_NORMALIZED,2019-04-19,VDE,265,126,0
NN_v2,3,PAPER_WEIGHT_NORMALIZED,2019-04-19,VAW,204,113,0
NN_v2,3,PAPER_WEIGHT_NORMALIZED,2019-04-19,VNQ,175,91,2
NN_v2,3,PAPER_WEIGHT_NORMALIZED,2019-04-26,VAW,205,113,0
NN_v2,3,PAPER_WEIGHT_NORMALIZED,2019-04-26,VIS,183,102,6
NN_v2,3,PAPER_WEIGHT_NORMALIZED,2019-04-26,VDE,266,126,0
NN_v2,3,PAPER_WEIGHT_NORMALIZED,2019-05-03,VAW,206,113,0
NN_v2,3,PAPER_WEIGHT_NORMALIZED,2019-05-03,VDE,267,127,1
NN_v2,3,PAPER_WEIGHT_NORMALIZED,2019-05-03,VOX,160,76,0
NN_v2,3,PAPER_WEIGHT_NORMALIZED,2019-05-10,VIS,184,103,7
NN_v2,3,PAPER_WEIGHT_NORMALIZED,2019-05-10,VCR,137,69,3
NN_v2,3,PAPER_WEIGHT_NORMALIZED,2019-05-10,VFH,241,122,0
NN_v2,3,PAPER_WEIGHT_NORMALIZED,2019-05-17,VGT,155,89,0
NN_v2,3,PAPER_WEIGHT_NORMALIZED,2019-05-17,VCR,138,69,0
NN_v2,3,PAPER_WEIGHT_NORMALIZED,2019-05-17,VFH,242,123,1
NN_v2,3,PAPER_WEIGHT_NORMALIZED,2019-05-24,VCR,139,69,0
NN_v2,3,PAPER_WEIGHT_NORMALIZED,2019-05-24,VGT,156,89,0
NN_v2,3,PAPER_WEIGHT_NORMALIZED,2019-05-24,VFH,243,123,0
NN_v2,3,PAPER_WEIGHT_NORMALIZED,2019-05-31,VGT,157,90,1
NN_v2,3,PAPER_WEIGHT_NORMALIZED,2019-05-31,VCR,140,70,1
NN_v2,3,PAPER_WEIGHT_NORMALIZED,2019-05-31,VFH,244,124,1
NN_v2,3,PAPER_WEIGHT_NORMALIZED,2019-06-07,VCR,141,71,2
NN_v2,3,PAPER_WEIGHT_NORMALIZED,2019-06-07,VIS,185,103,0
NN_v2,3,PAPER_WEIGHT_NORMALIZED,2019-06-07,VFH,245,124,0
NN_v2,3,PAPER_WEIGHT_NORMALIZED,2019-06-14,VGT,158,91,2
NN_v2,3,PAPER_WEIGHT_NORMALIZED,2019-06-14,VIS,186,104,1
NN_v2,3,PAPER_WEIGHT_NORMALIZED,2019-06-14,VFH,246,124,0
NN_v2,3,PAPER_WEIGHT_NORMALIZED,2019-06-21,VAW,207,114,1
NN_v2,3,PAPER_WEIGHT_NORMALIZED,2019-06-21,VFH,247,125,1
NN_v2,3,PAPER_WEIGHT_NORMALIZED,2019-06-21,VDE,268,128,2
NN_v2,3,PAPER_WEIGHT_NORMALIZED,2019-06-28,VDE,269,128,0
NN_v2,3,PAPER_WEIGHT_NORMALIZED,2019-06-28,VCR,142,72,3
NN_v2,3,PAPER_WEIGHT_NORMALIZED,2019-06-28,VHT,123,73,1
NN_v2,3,PAPER_WEIGHT_NORMALIZED,2019-07-05,VDE,270,129,1
NN_v2,3,PAPER_WEIGHT_NORMALIZED,2019-07-05,VIS,187,105,2
NN_v2,3,PAPER_WEIGHT_NORMALIZED,2019-07-05,VHT,124,73,0
NN_v2,3,PAPER_WEIGHT_NORMALIZED,2019-07-12,VDE,271,129,0
NN_v2,3,PAPER_WEIGHT_NORMALIZED,2019-07-12,VHT,125,73,0
NN_v2,3,PAPER_WEIGHT_NORMALIZED,2019-07-12,VAW,208,115,2
NN_v2,3,PAPER_WEIGHT_NORMALIZED,2019-07-19,VHT,126,74,1
NN_v2,3,PAPER_WEIGHT_NORMALIZED,2019-07-19,VFH,248,126,2
NN_v2,3,PAPER_WEIGHT_NORMALIZED,2019-07-19,VNQ,176,92,3
NN_v2,3,PAPER_WEIGHT_NORMALIZED,2019-07-26,VDE,272,129,0
NN_v2,3,PAPER_WEIGHT_NORMALIZED,2019-07-26,VPU,106,54,1
NN_v2,3,PAPER_WEIGHT_NORMALIZED,2019-07-26,VHT,127,74,0
NN_v2,3,PAPER_WEIGHT_NORMALIZED,2019-08-02,VGT,159,92,3
NN_v2,3,PAPER_WEIGHT_NORMALIZED,2019-08-02,VAW,209,116,3
NN_v2,3,PAPER_WEIGHT_NORMALIZED,2019-08-02,VHT,128,75,1
NN_v2,3,PAPER_WEIGHT_NORMALIZED,2019-08-09,VAW,210,116,0
NN_v2,3,PAPER_WEIGHT_NORMALIZED,2019-08-09,VCR,143,72,0
NN_v2,3,PAPER_WEIGHT_NORMALIZED,2019-08-09,VGT,160,93,4
NN_v2,3,PAPER_WEIGHT_NORMALIZED,2019-08-16,VAW,211,116,0
NN_v2,3,PAPER_WEIGHT_NORMALIZED,2019-08-16,VGT,161,93,0
NN_v2,3,PAPER_WEIGHT_NORMALIZED,2019-08-16,VIS,188,105,0
NN_v2,3,PAPER_WEIGHT_NORMALIZED,2019-08-23,VGT,162,94,1
NN_v2,3,PAPER_WEIGHT_NORMALIZED,2019-08-23,VCR,144,73,1
NN_v2,3,PAPER_WEIGHT_NORMALIZED,2019-08-23,VAW,212,117,1
NN_v2,3,PAPER_WEIGHT_NORMALIZED,2019-08-30,VCR,145,74,2
NN_v2,3,PAPER_WEIGHT_NORMALIZED,2019-08-30,VOX,161,77,1
NN_v2,3,PAPER_WEIGHT_NORMALIZED,2019-08-30,VHT,129,76,2
NN_v2,3,PAPER_WEIGHT_NORMALIZED,2019-09-06,VFH,249,127,3
NN_v2,3,PAPER_WEIGHT_NORMALIZED,2019-09-06,VOX,162,78,2
NN_v2,3,PAPER_WEIGHT_NORMALIZED,2019-09-06,VDE,273,130,1
NN_v2,3,PAPER_WEIGHT_NORMALIZED,2019-09-13,VGT,163,95,2
NN_v2,3,PAPER_WEIGHT_NORMALIZED,2019-09-13,VOX,163,78,0
NN_v2,3,PAPER_WEIGHT_NORMALIZED,2019-09-13,VDE,274,130,0
NN_v2,3,PAPER_WEIGHT_NORMALIZED,2019-09-20,VOX,164,78,0
NN_v2,3,PAPER_WEIGHT_NORMALIZED,2019-09-20,VGT,164,95,0
NN_v2,3,PAPER_WEIGHT_NORMALIZED,2019-09-20,VIS,189,105,0
NN_v2,3,PAPER_WEIGHT_NORMALIZED,2019-09-27,VGT,165,96,1
NN_v2,3,PAPER_WEIGHT_NORMALIZED,2019-09-27,VAW,213,117,0
NN_v2,3,PAPER_WEIGHT_NORMALIZED,2019-09-27,VCR,146,74,0
NN_v2,3,PAPER_WEIGHT_NORMALIZED,2019-10-04,VFH,250,128,4
NN_v2,3,PAPER_WEIGHT_NORMALIZED,2019-10-04,VIS,190,106,1
NN_v2,3,PAPER_WEIGHT_NORMALIZED,2019-10-04,VAW,214,118,1
NN_v2,3,PAPER_WEIGHT_NORMALIZED,2019-10-11,VIS,191,107,2
NN_v2,3,PAPER_WEIGHT_NORMALIZED,2019-10-11,VFH,251,129,5
NN_v2,3,PAPER_WEIGHT_NORMALIZED,2019-10-11,VOX,165,79,1
NN_v2,3,PAPER_WEIGHT_NORMALIZED,2019-10-18,VGT,166,97,2
NN_v2,3,PAPER_WEIGHT_NORMALIZED,2019-10-18,VIS,192,108,3
NN_v2,3,PAPER_WEIGHT_NORMALIZED,2019-10-18,VAW,215,119,2
NN_v2,3,PAPER_WEIGHT_NORMALIZED,2019-10-25,VCR,147,74,0
NN_v2,3,PAPER_WEIGHT_NORMALIZED,2019-10-25,VDE,275,130,0
NN_v2,3,PAPER_WEIGHT_NORMALIZED,2019-10-25,VAW,216,120,3
NN_v2,3,PAPER_WEIGHT_NORMALIZED,2019-11-01,VDE,276,131,1
NN_v2,3,PAPER_WEIGHT_NORMALIZED,2019-11-01,VNQ,177,92,0
NN_v2,3,PAPER_WEIGHT_NORMALIZED,2019-11-01,VFH,252,130,6
NN_v2,3,PAPER_WEIGHT_NORMALIZED,2019-11-08,VDE,277,131,0
NN_v2,3,PAPER_WEIGHT_NORMALIZED,2019-11-08,VNQ,178,93,1
NN_v2,3,PAPER_WEIGHT_NORMALIZED,2019-11-08,VCR,148,75,1
NN_v2,3,PAPER_WEIGHT_NORMALIZED,2019-11-15,VDE,278,131,0
NN_v2,3,PAPER_WEIGHT_NORMALIZED,2019-11-15,VOX,166,79,0
NN_v2,3,PAPER_WEIGHT_NORMALIZED,2019-11-15,VAW,217,120,0
NN_v2,3,PAPER_WEIGHT_NORMALIZED,2019-11-22,VDE,279,131,0
NN_v2,3,PAPER_WEIGHT_NORMALIZED,2019-11-22,VAW,218,121,1
NN_v2,3,PAPER_WEIGHT_NORMALIZED,2019-11-22,VIS,193,109,4
NN_v2,3,PAPER_WEIGHT_NORMALIZED,2019-11-29,VDE,280,132,1
NN_v2,3,PAPER_WEIGHT_NORMALIZED,2019-11-29,VAW,219,122,2
NN_v2,3,PAPER_WEIGHT_NORMALIZED,2019-11-29,VIS,194,109,0
NN_v2,3,PAPER_WEIGHT_NORMALIZED,2019-12-06,VNQ,179,93,0
NN_v2,3,PAPER_WEIGHT_NORMALIZED,2019-12-06,VDE,281,133,2
NN_v2,3,PAPER_WEIGHT_NORMALIZED,2019-12-06,VPU,107,55,2
NN_v2,3,PAPER_WEIGHT_NORMALIZED,2019-12-13,VDE,282,134,3
NN_v2,3,PAPER_WEIGHT_NORMALIZED,2019-12-13,VIS,195,109,0
NN_v2,3,PAPER_WEIGHT_NORMALIZED,2019-12-13,VOX,167,80,1
NN_v2,3,PAPER_WEIGHT_NORMALIZED,2019-12-20,VDE,283,135,4
NN_v2,3,PAPER_WEIGHT_NORMALIZED,2019-12-20,VNQ,180,93,0
NN_v2,3,PAPER_WEIGHT_NORMALIZED,2019-12-20,VAW,220,123,3
NN_v2,3,PAPER_WEIGHT_NORMALIZED,2019-12-27,VDE,284,136,5
NN_v2,3,PAPER_WEIGHT_NORMALIZED,2019-12-27,VNQ,181,94,1
NN_v2,3,PAPER_WEIGHT_NORMALIZED,2019-12-27,VAW,221,123,0
NN_v2,3,PAPER_WEIGHT_NORMALIZED,2020-01-03,VDE,285,136,0
NN_v2,3,PAPER_WEIGHT_NORMALIZED,2020-01-03,VAW,222,123,0
NN_v2,3,PAPER_WEIGHT_NORMALIZED,2020-01-03,VOX,168,81,2
NN_v2,3,PAPER_WEIGHT_NORMALIZED,2020-01-10,VDE,286,136,0
NN_v2,3,PAPER_WEIGHT_NORMALIZED,2020-01-10,VAW,223,124,1
NN_v2,3,PAPER_WEIGHT_NORMALIZED,2020-01-10,VNQ,182,95,2
NN_v2,3,PAPER_WEIGHT_NORMALIZED,2020-01-17,VDE,287,136,0
NN_v2,3,PAPER_WEIGHT_NORMALIZED,2020-01-17,VAW,224,124,0
NN_v2,3,PAPER_WEIGHT_NORMALIZED,2020-01-17,VIS,196,109,0
NN_v2,3,PAPER_WEIGHT_NORMALIZED,2020-01-24,VDE,288,136,0
NN_v2,3,PAPER_WEIGHT_NORMALIZED,2020-01-24,VHT,130,76,0
NN_v2,3,PAPER_WEIGHT_NORMALIZED,2020-01-24,VFH,253,131,7
NN_v2,3,PAPER_WEIGHT_NORMALIZED,2020-01-31,VHT,131,77,1
NN_v2,3,PAPER_WEIGHT_NORMALIZED,2020-01-31,VOX,169,82,3
NN_v2,3,PAPER_WEIGHT_NORMALIZED,2020-01-31,VDE,289,137,1
NN_v2,3,PAPER_WEIGHT_NORMALIZED,2020-02-07,VDE,290,138,2
NN_v2,3,PAPER_WEIGHT_NORMALIZED,2020-02-07,VOX,170,83,4
NN_v2,3,PAPER_WEIGHT_NORMALIZED,2020-02-07,VAW,225,125,1
NN_v2,3,PAPER_WEIGHT_NORMALIZED,2020-02-14,VDE,291,138,0
NN_v2,3,PAPER_WEIGHT_NORMALIZED,2020-02-14,VAW,226,125,0
NN_v2,3,PAPER_WEIGHT_NORMALIZED,2020-02-14,VHT,132,77,0
NN_v2,3,PAPER_WEIGHT_NORMALIZED,2020-02-21,VDE,292,138,0
NN_v2,3,PAPER_WEIGHT_NORMALIZED,2020-02-21,VOX,171,83,0
NN_v2,3,PAPER_WEIGHT_NORMALIZED,2020-02-21,VHT,133,77,0
NN_v2,3,PAPER_WEIGHT_NORMALIZED,2020-02-28,VPU,108,56,3
NN_v2,3,PAPER_WEIGHT_NORMALIZED,2020-02-28,VDE,293,138,0
NN_v2,3,PAPER_WEIGHT_NORMALIZED,2020-02-28,VGT,167,97,0
NN_v2,3,PAPER_WEIGHT_NORMALIZED,2020-03-06,VDE,294,138,0
NN_v2,3,PAPER_WEIGHT_NORMALIZED,2020-03-06,VOX,172,83,0
NN_v2,3,PAPER_WEIGHT_NORMALIZED,2020-03-06,VFH,254,131,0
NN_v2,3,PAPER_WEIGHT_NORMALIZED,2020-03-13,VDE,295,138,0
NN_v2,3,PAPER_WEIGHT_NORMALIZED,2020-03-13,VIS,197,109,0
NN_v2,3,PAPER_WEIGHT_NORMALIZED,2020-03-13,VFH,255,131,0
NN_v2,3,PAPER_WEIGHT_NORMALIZED,2020-03-20,VDE,296,139,1
NN_v2,3,PAPER_WEIGHT_NORMALIZED,2020-03-20,VFH,256,132,1
NN_v2,3,PAPER_WEIGHT_NORMALIZED,2020-03-20,VIS,198,110,1
NN_v2,3,PAPER_WEIGHT_NORMALIZED,2020-03-27,VDE,297,140,2
NN_v2,3,PAPER_WEIGHT_NORMALIZED,2020-03-27,VOX,173,83,0
NN_v2,3,PAPER_WEIGHT_NORMALIZED,2020-03-27,VAW,227,125,0
NN_v2,3,PAPER_WEIGHT_NORMALIZED,2020-04-03,VFH,257,133,2
NN_v2,3,PAPER_WEIGHT_NORMALIZED,2020-04-03,VCR,149,76,2
NN_v2,3,PAPER_WEIGHT_NORMALIZED,2020-04-03,VNQ,183,96,3
NN_v2,3,PAPER_WEIGHT_NORMALIZED,2020-04-10,VDE,298,140,0
NN_v2,3,PAPER_WEIGHT_NORMALIZED,2020-04-10,VDC,29,16,3
NN_v2,3,PAPER_WEIGHT_NORMALIZED,2020-04-10,VIS,199,110,0
NN_v2,3,PAPER_WEIGHT_NORMALIZED,2020-04-17,VNQ,184,96,0
NN_v2,3,PAPER_WEIGHT_NORMALIZED,2020-04-17,VPU,109,56,0
NN_v2,3,PAPER_WEIGHT_NORMALIZED,2020-04-17,VAW,228,126,1
NN_v2,3,PAPER_WEIGHT_NORMALIZED,2020-04-24,VIS,200,111,1
NN_v2,3,PAPER_WEIGHT_NORMALIZED,2020-04-24,VCR,150,76,0
NN_v2,3,PAPER_WEIGHT_NORMALIZED,2020-04-24,VGT,168,97,0
NN_v2,3,PAPER_WEIGHT_NORMALIZED,2020-05-01,VDC,30,17,4
NN_v2,3,PAPER_WEIGHT_NORMALIZED,2020-05-01,VIS,201,112,2
NN_v2,3,PAPER_WEIGHT_NORMALIZED,2020-05-01,VPU,110,57,1
NN_v2,3,PAPER_WEIGHT_NORMALIZED,2020-05-08,VPU,111,57,0
NN_v2,3,PAPER_WEIGHT_NORMALIZED,2020-05-08,VAW,229,126,0
NN_v2,3,PAPER_WEIGHT_NORMALIZED,2020-05-08,VIS,202,112,0
NN_v2,3,PAPER_WEIGHT_NORMALIZED,2020-05-15,VDE,299,141,1
NN_v2,3,PAPER_WEIGHT_NORMALIZED,2020-05-15,VNQ,185,97,1
NN_v2,3,PAPER_WEIGHT_NORMALIZED,2020-05-15,VPU,112,58,1
NN_v2,3,PAPER_WEIGHT_NORMALIZED,2020-05-22,VPU,113,59,2
NN_v2,3,PAPER_WEIGHT_NORMALIZED,2020-05-22,VNQ,186,98,2
NN_v2,3,PAPER_WEIGHT_NORMALIZED,2020-05-22,VAW,230,127,1
NN_v2,3,PAPER_WEIGHT_NORMALIZED,2020-05-29,VDE,300,142,2
NN_v2,3,PAPER_WEIGHT_NORMALIZED,2020-05-29,VNQ,187,99,3
NN_v2,3,PAPER_WEIGHT_NORMALIZED,2020-05-29,VPU,114,60,3
NN_v2,3,PAPER_WEIGHT_NORMALIZED,2020-06-05,VNQ,188,99,0
NN_v2,3,PAPER_WEIGHT_NORMALIZED,2020-06-05,VPU,115,60,0
NN_v2,3,PAPER_WEIGHT_NORMALIZED,2020-06-05,VIS,203,112,0
NN_v2,3,PAPER_WEIGHT_NORMALIZED,2020-06-12,VAW,231,128,2
NN_v2,3,PAPER_WEIGHT_NORMALIZED,2020-06-12,VNQ,189,100,1
NN_v2,3,PAPER_WEIGHT_NORMALIZED,2020-06-12,VPU,116,60,0
NN_v2,3,PAPER_WEIGHT_NORMALIZED,2020-06-19,VNQ,190,100,0
NN_v2,3,PAPER_WEIGHT_NORMALIZED,2020-06-19,VAW,232,128,0
NN_v2,3,PAPER_WEIGHT_NORMALIZED,2020-06-19,VOX,174,83,0
NN_v2,3,PAPER_WEIGHT_NORMALIZED,2020-06-26,VAW,233,129,1
NN_v2,3,PAPER_WEIGHT_NORMALIZED,2020-06-26,VNQ,191,101,1
NN_v2,3,PAPER_WEIGHT_NORMALIZED,2020-06-26,VIS,204,113,1
NN_v2,3,PAPER_WEIGHT_NORMALIZED,2020-07-03,VNQ,192,101,0
NN_v2,3,PAPER_WEIGHT_NORMALIZED,2020-07-03,VIS,205,113,0
NN_v2,3,PAPER_WEIGHT_NORMALIZED,2020-07-03,VDE,301,142,0
NN_v2,3,PAPER_WEIGHT_NORMALIZED,2020-07-10,VFH,258,134,3
NN_v2,3,PAPER_WEIGHT_NORMALIZED,2020-07-10,VIS,206,114,1
NN_v2,3,PAPER_WEIGHT_NORMALIZED,2020-07-10,VNQ,193,102,1
NN_v2,3,PAPER_WEIGHT_NORMALIZED,2020-07-17,VNQ,194,102,0
NN_v2,3,PAPER_WEIGHT_NORMALIZED,2020-07-17,VFH,259,135,4
NN_v2,3,PAPER_WEIGHT_NORMALIZED,2020-07-17,VIS,207,115,2
NN_v2,3,PAPER_WEIGHT_NORMALIZED,2020-07-24,VFH,260,135,0
NN_v2,3,PAPER_WEIGHT_NORMALIZED,2020-07-24,VIS,208,115,0
NN_v2,3,PAPER_WEIGHT_NORMALIZED,2020-07-24,VNQ,195,103,1
NN_v2,3,PAPER_WEIGHT_NORMALIZED,2020-07-31,VIS,209,116,1
NN_v2,3,PAPER_WEIGHT_NORMALIZED,2020-07-31,VNQ,196,104,2
NN_v2,3,PAPER_WEIGHT_NORMALIZED,2020-07-31,VFH,261,136,1
NN_v2,3,PAPER_WEIGHT_NORMALIZED,2020-08-07,VFH,262,137,2
NN_v2,3,PAPER_WEIGHT_NORMALIZED,2020-08-07,VDE,302,143,1
NN_v2,3,PAPER_WEIGHT_NORMALIZED,2020-08-07,VNQ,197,104,0
NN_v2,3,PAPER_WEIGHT_NORMALIZED,2020-08-14,VFH,263,137,0
NN_v2,3,PAPER_WEIGHT_NORMALIZED,2020-08-14,VNQ,198,104,0
NN_v2,3,PAPER_WEIGHT_NORMALIZED,2020-08-14,VDE,303,143,0
NN_v2,3,PAPER_WEIGHT_NORMALIZED,2020-08-21,VNQ,199,105,1
NN_v2,3,PAPER_WEIGHT_NORMALIZED,2020-08-21,VDE,304,144,1
NN_v2,3,PAPER_WEIGHT_NORMALIZED,2020-08-21,VIS,210,117,2
NN_v2,3,PAPER_WEIGHT_NORMALIZED,2020-08-28,VDE,305,144,0
NN_v2,3,PAPER_WEIGHT_NORMALIZED,2020-08-28,VIS,211,117,0
NN_v2,3,PAPER_WEIGHT_NORMALIZED,2020-08-28,VFH,264,137,0
NN_v2,3,PAPER_WEIGHT_NORMALIZED,2020-09-04,VOX,175,83,0
NN_v2,3,PAPER_WEIGHT_NORMALIZED,2020-09-04,VIS,212,118,1
NN_v2,3,PAPER_WEIGHT_NORMALIZED,2020-09-04,VFH,265,137,0
NN_v2,3,PAPER_WEIGHT_NORMALIZED,2020-09-11,VIS,213,119,2
NN_v2,3,PAPER_WEIGHT_NORMALIZED,2020-09-11,VOX,176,83,0
NN_v2,3,PAPER_WEIGHT_NORMALIZED,2020-09-11,VNQ,200,105,0
NN_v2,3,PAPER_WEIGHT_NORMALIZED,2020-09-18,VFH,266,137,0
NN_v2,3,PAPER_WEIGHT_NORMALIZED,2020-09-18,VOX,177,84,1
NN_v2,3,PAPER_WEIGHT_NORMALIZED,2020-09-18,VNQ,201,105,0
NN_v2,3,PAPER_WEIGHT_NORMALIZED,2020-09-25,VFH,267,138,1
NN_v2,3,PAPER_WEIGHT_NORMALIZED,2020-09-25,VOX,178,85,2
NN_v2,3,PAPER_WEIGHT_NORMALIZED,2020-09-25,VDE,306,144,0
NN_v2,3,PAPER_WEIGHT_NORMALIZED,2020-10-02,VFH,268,139,2
NN_v2,3,PAPER_WEIGHT_NORMALIZED,2020-10-02,VDE,307,145,1
NN_v2,3,PAPER_WEIGHT_NORMALIZED,2020-10-02,VAW,234,130,2
NN_v2,3,PAPER_WEIGHT_NORMALIZED,2020-10-09,VDE,308,145,0
NN_v2,3,PAPER_WEIGHT_NORMALIZED,2020-10-09,VFH,269,139,0
NN_v2,3,PAPER_WEIGHT_NORMALIZED,2020-10-09,VOX,179,85,0
NN_v2,3,PAPER_WEIGHT_NORMALIZED,2020-10-16,VDE,309,146,1
NN_v2,3,PAPER_WEIGHT_NORMALIZED,2020-10-16,VFH,270,140,1
NN_v2,3,PAPER_WEIGHT_NORMALIZED,2020-10-16,VNQ,202,105,0
NN_v2,3,PAPER_WEIGHT_NORMALIZED,2020-10-23,VDE,310,146,0
NN_v2,3,PAPER_WEIGHT_NORMALIZED,2020-10-23,VGT,169,97,0
NN_v2,3,PAPER_WEIGHT_NORMALIZED,2020-10-23,VFH,271,140,0
NN_v2,3,PAPER_WEIGHT_NORMALIZED,2020-10-30,VCR,151,77,1
NN_v2,3,PAPER_WEIGHT_NORMALIZED,2020-10-30,VIS,214,120,3
NN_v2,3,PAPER_WEIGHT_NORMALIZED,2020-10-30,VDC,31,18,5
NN_v2,3,PAPER_WEIGHT_NORMALIZED,2020-11-06,VDE,311,147,1
NN_v2,3,PAPER_WEIGHT_NORMALIZED,2020-11-06,VFH,272,141,1
NN_v2,3,PAPER_WEIGHT_NORMALIZED,2020-11-06,VNQ,203,106,1
NN_v2,3,PAPER_WEIGHT_NORMALIZED,2020-11-13,VGT,170,97,0
NN_v2,3,PAPER_WEIGHT_NORMALIZED,2020-11-13,VCR,152,78,2
NN_v2,3,PAPER_WEIGHT_NORMALIZED,2020-11-13,VAW,235,130,0
NN_v2,3,PAPER_WEIGHT_NORMALIZED,2020-11-20,VNQ,204,106,0
NN_v2,3,PAPER_WEIGHT_NORMALIZED,2020-11-20,VHT,134,78,1
NN_v2,3,PAPER_WEIGHT_NORMALIZED,2020-11-20,VPU,117,61,1
NN_v2,3,PAPER_WEIGHT_NORMALIZED,2020-11-27,VGT,171,98,1
NN_v2,3,PAPER_WEIGHT_NORMALIZED,2020-11-27,VHT,135,79,2
NN_v2,3,PAPER_WEIGHT_NORMALIZED,2020-11-27,VNQ,205,107,1
NN_v2,3,PAPER_WEIGHT_NORMALIZED,2020-12-04,VGT,172,98,0
NN_v2,3,PAPER_WEIGHT_NORMALIZED,2020-12-04,VNQ,206,107,0
NN_v2,3,PAPER_WEIGHT_NORMALIZED,2020-12-04,VPU,118,62,2
NN_v2,3,PAPER_WEIGHT_NORMALIZED,2020-12-11,VGT,173,99,1
NN_v2,3,PAPER_WEIGHT_NORMALIZED,2020-12-11,VHT,136,80,3
NN_v2,3,PAPER_WEIGHT_NORMALIZED,2020-12-11,VPU,119,62,0
NN_v2,3,PAPER_WEIGHT_NORMALIZED,2020-12-18,VDE,312,148,2
NN_v2,3,PAPER_WEIGHT_NORMALIZED,2020-12-18,VNQ,207,108,1
NN_v2,3,PAPER_WEIGHT_NORMALIZED,2020-12-18,VGT,174,100,2
NN_v2,3,PAPER_WEIGHT_NORMALIZED,2020-12-25,VDE,313,148,0
NN_v2,3,PAPER_WEIGHT_NORMALIZED,2020-12-25,VHT,137,81,4
NN_v2,3,PAPER_WEIGHT_NORMALIZED,2020-12-25,VGT,175,100,0
NN_v2,3,PAPER_WEIGHT_NORMALIZED,2021-01-01,VDE,314,149,1
NN_v2,3,PAPER_WEIGHT_NORMALIZED,2021-01-01,VGT,176,101,1
NN_v2,3,PAPER_WEIGHT_NORMALIZED,2021-01-01,VHT,138,82,5
NN_v2,3,PAPER_WEIGHT_NORMALIZED,2021-01-08,VNQ,208,109,2
NN_v2,3,PAPER_WEIGHT_NORMALIZED,2021-01-08,VGT,177,101,0
NN_v2,3,PAPER_WEIGHT_NORMALIZED,2021-01-08,VPU,120,63,1
NN_v2,3,PAPER_WEIGHT_NORMALIZED,2021-01-15,VGT,178,102,1
NN_v2,3,PAPER_WEIGHT_NORMALIZED,2021-01-15,VOX,180,86,1
NN_v2,3,PAPER_WEIGHT_NORMALIZED,2021-01-15,VNQ,209,110,3
NN_v2,3,PAPER_WEIGHT_NORMALIZED,2021-01-22,VAW,236,130,0
NN_v2,3,PAPER_WEIGHT_NORMALIZED,2021-01-22,VNQ,210,110,0
NN_v2,3,PAPER_WEIGHT_NORMALIZED,2021-01-22,VPU,121,63,0
NN_v2,3,PAPER_WEIGHT_NORMALIZED,2021-01-29,VIS,215,121,4
NN_v2,3,PAPER_WEIGHT_NORMALIZED,2021-01-29,VGT,179,103,2
NN_v2,3,PAPER_WEIGHT_NORMALIZED,2021-01-29,VFH,273,142,2
NN_v2,3,PAPER_WEIGHT_NORMALIZED,2021-02-05,VAW,237,131,1
NN_v2,3,PAPER_WEIGHT_NORMALIZED,2021-02-05,VPU,122,63,0
NN_v2,3,PAPER_WEIGHT_NORMALIZED,2021-02-05,VIS,216,122,5
NN_v2,3,PAPER_WEIGHT_NORMALIZED,2021-02-12,VAW,238,132,2
NN_v2,3,PAPER_WEIGHT_NORMALIZED,2021-02-12,VIS,217,122,0
NN_v2,3,PAPER_WEIGHT_NORMALIZED,2021-02-12,VHT,139,82,0
NN_v2,3,PAPER_WEIGHT_NORMALIZED,2021-02-19,VGT,180,103,0
NN_v2,3,PAPER_WEIGHT_NORMALIZED,2021-02-19,VHT,140,82,0
NN_v2,3,PAPER_WEIGHT_NORMALIZED,2021-02-19,VAW,239,132,0
NN_v2,3,PAPER_WEIGHT_NORMALIZED,2021-02-26,VCR,153,78,0
NN_v2,3,PAPER_WEIGHT_NORMALIZED,2021-02-26,VGT,181,103,0
NN_v2,3,PAPER_WEIGHT_NORMALIZED,2021-02-26,VHT,141,82,0
NN_v2,3,PAPER_WEIGHT_NORMALIZED,2021-03-05,VGT,182,104,1
NN_v2,3,PAPER_WEIGHT_NORMALIZED,2021-03-05,VCR,154,79,1
NN_v2,3,PAPER_WEIGHT_NORMALIZED,2021-03-05,VNQ,211,111,1
NN_v2,3,PAPER_WEIGHT_NORMALIZED,2021-03-12,VGT,183,104,0
NN_v2,3,PAPER_WEIGHT_NORMALIZED,2021-03-12,VHT,142,83,1
NN_v2,3,PAPER_WEIGHT_NORMALIZED,2021-03-12,VPU,123,63,0
NN_v2,3,PAPER_WEIGHT_NORMALIZED,2021-03-19,VCR,155,79,0
NN_v2,3,PAPER_WEIGHT_NORMALIZED,2021-03-19,VPU,124,64,1
NN_v2,3,PAPER_WEIGHT_NORMALIZED,2021-03-19,VGT,184,105,1
NN_v2,3,PAPER_WEIGHT_NORMALIZED,2021-03-26,VCR,156,80,1
NN_v2,3,PAPER_WEIGHT_NORMALIZED,2021-03-26,VOX,181,87,2
NN_v2,3,PAPER_WEIGHT_NORMALIZED,2021-03-26,VGT,185,106,2
NN_v2,3,PAPER_WEIGHT_NORMALIZED,2021-04-02,VGT,186,107,3
NN_v2,3,PAPER_WEIGHT_NORMALIZED,2021-04-02,VCR,157,81,2
NN_v2,3,PAPER_WEIGHT_NORMALIZED,2021-04-02,VPU,125,65,2
NN_v2,3,PAPER_WEIGHT_NORMALIZED,2021-04-09,VDE,315,149,0
NN_v2,3,PAPER_WEIGHT_NORMALIZED,2021-04-09,VCR,158,82,3
NN_v2,3,PAPER_WEIGHT_NORMALIZED,2021-04-09,VPU,126,66,3
NN_v2,3,PAPER_WEIGHT_NORMALIZED,2021-04-16,VDE,316,149,0
NN_v2,3,PAPER_WEIGHT_NORMALIZED,2021-04-16,VOX,182,87,0
NN_v2,3,PAPER_WEIGHT_NORMALIZED,2021-04-16,VGT,187,108,4
NN_v2,3,PAPER_WEIGHT_NORMALIZED,2021-04-23,VDE,317,150,1
NN_v2,3,PAPER_WEIGHT_NORMALIZED,2021-04-23,VOX,183,88,1
NN_v2,3,PAPER_WEIGHT_NORMALIZED,2021-04-23,VGT,188,108,0
NN_v2,3,PAPER_WEIGHT_NORMALIZED,2021-04-30,VGT,189,108,0
NN_v2,3,PAPER_WEIGHT_NORMALIZED,2021-04-30,VHT,143,84,2
NN_v2,3,PAPER_WEIGHT_NORMALIZED,2021-04-30,VPU,127,66,0
NN_v2,3,PAPER_WEIGHT_NORMALIZED,2021-05-07,VPU,128,66,0
NN_v2,3,PAPER_WEIGHT_NORMALIZED,2021-05-07,VCR,159,82,0
NN_v2,3,PAPER_WEIGHT_NORMALIZED,2021-05-07,VGT,190,108,0
NN_v2,3,PAPER_WEIGHT_NORMALIZED,2021-05-14,VOX,184,88,0
NN_v2,3,PAPER_WEIGHT_NORMALIZED,2021-05-14,VCR,160,82,0
NN_v2,3,PAPER_WEIGHT_NORMALIZED,2021-05-14,VPU,129,67,1
NN_v2,3,PAPER_WEIGHT_NORMALIZED,2021-05-21,VCR,161,83,1
NN_v2,3,PAPER_WEIGHT_NORMALIZED,2021-05-21,VOX,185,89,1
NN_v2,3,PAPER_WEIGHT_NORMALIZED,2021-05-21,VGT,191,109,1
NN_v2,3,PAPER_WEIGHT_NORMALIZED,2021-05-28,VCR,162,83,0
NN_v2,3,PAPER_WEIGHT_NORMALIZED,2021-05-28,VGT,192,110,2
NN_v2,3,PAPER_WEIGHT_NORMALIZED,2021-05-28,VDE,318,151,2
NN_v2,3,PAPER_WEIGHT_NORMALIZED,2021-06-04,VGT,193,111,3
NN_v2,3,PAPER_WEIGHT_NORMALIZED,2021-06-04,VCR,163,84,1
NN_v2,3,PAPER_WEIGHT_NORMALIZED,2021-06-04,VPU,130,68,2
NN_v2,3,PAPER_WEIGHT_NORMALIZED,2021-06-11,VAW,240,132,0
NN_v2,3,PAPER_WEIGHT_NORMALIZED,2021-06-11,VCR,164,84,0
NN_v2,3,PAPER_WEIGHT_NORMALIZED,2021-06-11,VPU,131,68,0
NN_v2,3,PAPER_WEIGHT_NORMALIZED,2021-06-18,VCR,165,85,1
NN_v2,3,PAPER_WEIGHT_NORMALIZED,2021-06-18,VAW,241,133,1
NN_v2,3,PAPER_WEIGHT_NORMALIZED,2021-06-18,VIS,218,123,1
NN_v2,3,PAPER_WEIGHT_NORMALIZED,2021-06-25,VAW,242,134,2
NN_v2,3,PAPER_WEIGHT_NORMALIZED,2021-06-25,VFH,274,142,0
NN_v2,3,PAPER_WEIGHT_NORMALIZED,2021-06-25,VIS,219,124,2
NN_v2,3,PAPER_WEIGHT_NORMALIZED,2021-07-02,VAW,243,135,3
NN_v2,3,PAPER_WEIGHT_NORMALIZED,2021-07-02,VFH,275,142,0
NN_v2,3,PAPER_WEIGHT_NORMALIZED,2021-07-02,VDE,319,151,0
NN_v2,3,PAPER_WEIGHT_NORMALIZED,2021-07-09,VDE,320,151,0
NN_v2,3,PAPER_WEIGHT_NORMALIZED,2021-07-09,VFH,276,142,0
NN_v2,3,PAPER_WEIGHT_NORMALIZED,2021-07-09,VAW,244,135,0
NN_v2,3,PAPER_WEIGHT_NORMALIZED,2021-07-16,VDE,321,152,1
NN_v2,3,PAPER_WEIGHT_NORMALIZED,2021-07-16,VFH,277,143,1
NN_v2,3,PAPER_WEIGHT_NORMALIZED,2021-07-16,VCR,166,86,2
NN_v2,3,PAPER_WEIGHT_NORMALIZED,2021-07-23,VDE,322,153,2
NN_v2,3,PAPER_WEIGHT_NORMALIZED,2021-07-23,VAW,245,136,1
NN_v2,3,PAPER_WEIGHT_NORMALIZED,2021-07-23,VFH,278,144,2
NN_v2,3,PAPER_WEIGHT_NORMALIZED,2021-07-30,VDE,323,153,0
NN_v2,3,PAPER_WEIGHT_NORMALIZED,2021-07-30,VCR,167,86,0
NN_v2,3,PAPER_WEIGHT_NORMALIZED,2021-07-30,VOX,186,89,0
NN_v2,3,PAPER_WEIGHT_NORMALIZED,2021-08-06,VDE,324,154,1
NN_v2,3,PAPER_WEIGHT_NORMALIZED,2021-08-06,VAW,246,137,2
NN_v2,3,PAPER_WEIGHT_NORMALIZED,2021-08-06,VCR,168,87,1
NN_v2,3,PAPER_WEIGHT_NORMALIZED,2021-08-13,VDE,325,154,0
NN_v2,3,PAPER_WEIGHT_NORMALIZED,2021-08-13,VOX,187,89,0
NN_v2,3,PAPER_WEIGHT_NORMALIZED,2021-08-13,VCR,169,87,0
NN_v2,3,PAPER_WEIGHT_NORMALIZED,2021-08-20,VDE,326,155,1
NN_v2,3,PAPER_WEIGHT_NORMALIZED,2021-08-20,VAW,247,138,3
NN_v2,3,PAPER_WEIGHT_NORMALIZED,2021-08-20,VFH,279,145,3
NN_v2,3,PAPER_WEIGHT_NORMALIZED,2021-08-27,VCR,170,88,1
NN_v2,3,PAPER_WEIGHT_NORMALIZED,2021-08-27,VDE,327,155,0
NN_v2,3,PAPER_WEIGHT_NORMALIZED,2021-08-27,VAW,248,138,0
NN_v2,3,PAPER_WEIGHT_NORMALIZED,2021-09-03,VDE,328,155,0
NN_v2,3,PAPER_WEIGHT_NORMALIZED,2021-09-03,VAW,249,138,0
NN_v2,3,PAPER_WEIGHT_NORMALIZED,2021-09-03,VFH,280,145,0
NN_v2,3,PAPER_WEIGHT_NORMALIZED,2021-09-10,VDE,329,156,1
NN_v2,3,PAPER_WEIGHT_NORMALIZED,2021-09-10,VFH,281,145,0
NN_v2,3,PAPER_WEIGHT_NORMALIZED,2021-09-10,VNQ,212,111,0
NN_v2,3,PAPER_WEIGHT_NORMALIZED,2021-09-17,VPU,132,68,0
NN_v2,3,PAPER_WEIGHT_NORMALIZED,2021-09-17,VNQ,213,111,0
NN_v2,3,PAPER_WEIGHT_NORMALIZED,2021-09-17,VAW,250,139,1
NN_v2,3,PAPER_WEIGHT_NORMALIZED,2021-09-24,VNQ,214,111,0
NN_v2,3,PAPER_WEIGHT_NORMALIZED,2021-09-24,VPU,133,68,0
NN_v2,3,PAPER_WEIGHT_NORMALIZED,2021-09-24,VAW,251,139,0
NN_v2,3,PAPER_WEIGHT_NORMALIZED,2021-10-01,VPU,134,69,1
NN_v2,3,PAPER_WEIGHT_NORMALIZED,2021-10-01,VGT,194,112,4
NN_v2,3,PAPER_WEIGHT_NORMALIZED,2021-10-01,VHT,144,84,0
NN_v2,3,PAPER_WEIGHT_NORMALIZED,2021-10-08,VGT,195,113,5
NN_v2,3,PAPER_WEIGHT_NORMALIZED,2021-10-08,VAW,252,140,1
NN_v2,3,PAPER_WEIGHT_NORMALIZED,2021-10-08,VCR,171,89,2
NN_v2,3,PAPER_WEIGHT_NORMALIZED,2021-10-15,VPU,135,70,2
NN_v2,3,PAPER_WEIGHT_NORMALIZED,2021-10-15,VAW,253,141,2
NN_v2,3,PAPER_WEIGHT_NORMALIZED,2021-10-15,VOX,188,89,0
NN_v2,3,PAPER_WEIGHT_NORMALIZED,2021-10-22,VAW,254,141,0
NN_v2,3,PAPER_WEIGHT_NORMALIZED,2021-10-22,VPU,136,70,0
NN_v2,3,PAPER_WEIGHT_NORMALIZED,2021-10-22,VOX,189,90,1
NN_v2,3,PAPER_WEIGHT_NORMALIZED,2021-10-29,VAW,255,142,1
NN_v2,3,PAPER_WEIGHT_NORMALIZED,2021-10-29,VIS,220,125,3
NN_v2,3,PAPER_WEIGHT_NORMALIZED,2021-10-29,VNQ,215,112,1
NN_v2,3,PAPER_WEIGHT_NORMALIZED,2021-11-05,VHT,145,85,1
NN_v2,3,PAPER_WEIGHT_NORMALIZED,2021-11-05,VNQ,216,112,0
NN_v2,3,PAPER_WEIGHT_NORMALIZED,2021-11-05,VPU,137,70,0
NN_v2,3,PAPER_WEIGHT_NORMALIZED,2021-11-12,VCR,172,90,3
NN_v2,3,PAPER_WEIGHT_NORMALIZED,2021-11-12,VFH,282,145,0
NN_v2,3,PAPER_WEIGHT_NORMALIZED,2021-11-12,VNQ,217,112,0
NN_v2,3,PAPER_WEIGHT_NORMALIZED,2021-11-19,VDE,330,157,2
NN_v2,3,PAPER_WEIGHT_NORMALIZED,2021-11-19,VAW,256,142,0
NN_v2,3,PAPER_WEIGHT_NORMALIZED,2021-11-19,VIS,221,125,0
NN_v2,3,PAPER_WEIGHT_NORMALIZED,2021-11-26,VDE,331,157,0
NN_v2,3,PAPER_WEIGHT_NORMALIZED,2021-11-26,VFH,283,145,0
NN_v2,3,PAPER_WEIGHT_NORMALIZED,2021-11-26,VIS,222,125,0
NN_v2,3,PAPER_WEIGHT_NORMALIZED,2021-12-03,VAW,257,143,1
NN_v2,3,PAPER_WEIGHT_NORMALIZED,2021-12-03,VCR,173,91,4
NN_v2,3,PAPER_WEIGHT_NORMALIZED,2021-12-03,VFH,284,146,1
NN_v2,3,PAPER_WEIGHT_NORMALIZED,2021-12-10,VDE,332,157,0
NN_v2,3,PAPER_WEIGHT_NORMALIZED,2021-12-10,VCR,174,91,0
NN_v2,3,PAPER_WEIGHT_NORMALIZED,2021-12-10,VIS,223,125,0
NN_v2,3,PAPER_WEIGHT_NORMALIZED,2021-12-17,VDE,333,158,1
NN_v2,3,PAPER_WEIGHT_NORMALIZED,2021-12-17,VCR,175,92,1
NN_v2,3,PAPER_WEIGHT_NORMALIZED,2021-12-17,VGT,196,114,6
NN_v2,3,PAPER_WEIGHT_NORMALIZED,2021-12-24,VDE,334,159,2
NN_v2,3,PAPER_WEIGHT_NORMALIZED,2021-12-24,VCR,176,93,2
NN_v2,3,PAPER_WEIGHT_NORMALIZED,2021-12-24,VIS,224,126,1
NN_v2,3,PAPER_WEIGHT_NORMALIZED,2021-12-31,VCR,177,93,0
NN_v2,3,PAPER_WEIGHT_NORMALIZED,2021-12-31,VDE,335,160,3
NN_v2,3,PAPER_WEIGHT_NORMALIZED,2021-12-31,VGT,197,114,0
NN_v2,3,PAPER_WEIGHT_NORMALIZED,2022-01-07,VCR,178,93,0
NN_v2,3,PAPER_WEIGHT_NORMALIZED,2022-01-07,VGT,198,115,1
NN_v2,3,PAPER_WEIGHT_NORMALIZED,2022-01-07,VNQ,218,112,0
NN_v2,3,PAPER_WEIGHT_NORMALIZED,2022-01-14,VCR,179,93,0
NN_v2,3,PAPER_WEIGHT_NORMALIZED,2022-01-14,VGT,199,115,0
NN_v2,3,PAPER_WEIGHT_NORMALIZED,2022-01-14,VOX,190,90,0
NN_v2,3,PAPER_WEIGHT_NORMALIZED,2022-01-21,VOX,191,91,1
NN_v2,3,PAPER_WEIGHT_NORMALIZED,2022-01-21,VGT,200,116,1
NN_v2,3,PAPER_WEIGHT_NORMALIZED,2022-01-21,VHT,146,86,2
NN_v2,3,PAPER_WEIGHT_NORMALIZED,2022-01-28,VNQ,219,113,1
NN_v2,3,PAPER_WEIGHT_NORMALIZED,2022-01-28,VOX,192,91,0
NN_v2,3,PAPER_WEIGHT_NORMALIZED,2022-01-28,VAW,258,144,2
NN_v2,3,PAPER_WEIGHT_NORMALIZED,2022-02-04,VGT,201,116,0
NN_v2,3,PAPER_WEIGHT_NORMALIZED,2022-02-04,VNQ,220,113,0
NN_v2,3,PAPER_WEIGHT_NORMALIZED,2022-02-04,VHT,147,86,0
NN_v2,3,PAPER_WEIGHT_NORMALIZED,2022-02-11,VCR,180,93,0
NN_v2,3,PAPER_WEIGHT_NORMALIZED,2022-02-11,VGT,202,116,0
NN_v2,3,PAPER_WEIGHT_NORMALIZED,2022-02-11,VOX,193,91,0
NN_v2,3,PAPER_WEIGHT_NORMALIZED,2022-02-18,VNQ,221,114,1
NN_v2,3,PAPER_WEIGHT_NORMALIZED,2022-02-18,VHT,148,87,1
NN_v2,3,PAPER_WEIGHT_NORMALIZED,2022-02-18,VGT,203,117,1
NN_v2,3,PAPER_WEIGHT_NORMALIZED,2022-02-25,VCR,181,93,0
NN_v2,3,PAPER_WEIGHT_NORMALIZED,2022-02-25,VGT,204,117,0
NN_v2,3,PAPER_WEIGHT_NORMALIZED,2022-02-25,VNQ,222,115,2
NN_v2,3,PAPER_WEIGHT_NORMALIZED,2022-03-04,VGT,205,117,0
NN_v2,3,PAPER_WEIGHT_NORMALIZED,2022-03-04,VOX,194,91,0
NN_v2,3,PAPER_WEIGHT_NORMALIZED,2022-03-04,VCR,182,93,0
NN_v2,3,PAPER_WEIGHT_NORMALIZED,2022-03-11,VGT,206,118,1
NN_v2,3,PAPER_WEIGHT_NORMALIZED,2022-03-11,VCR,183,94,1
NN_v2,3,PAPER_WEIGHT_NORMALIZED,2022-03-11,VFH,285,147,2
NN_v2,3,PAPER_WEIGHT_NORMALIZED,2022-03-18,VNQ,223,115,0
NN_v2,3,PAPER_WEIGHT_NORMALIZED,2022-03-18,VOX,195,92,1
NN_v2,3,PAPER_WEIGHT_NORMALIZED,2022-03-18,VCR,184,95,2
NN_v2,3,PAPER_WEIGHT_NORMALIZED,2022-03-25,VCR,185,95,0
NN_v2,3,PAPER_WEIGHT_NORMALIZED,2022-03-25,VGT,207,119,2
NN_v2,3,PAPER_WEIGHT_NORMALIZED,2022-03-25,VOX,196,93,2
NN_v2,3,PAPER_WEIGHT_NORMALIZED,2022-04-01,VGT,208,119,0
NN_v2,3,PAPER_WEIGHT_NORMALIZED,2022-04-01,VFH,286,147,0
NN_v2,3,PAPER_WEIGHT_NORMALIZED,2022-04-01,VOX,197,93,0
NN_v2,3,PAPER_WEIGHT_NORMALIZED,2022-04-08,VCR,186,96,1
NN_v2,3,PAPER_WEIGHT_NORMALIZED,2022-04-08,VGT,209,119,0
NN_v2,3,PAPER_WEIGHT_NORMALIZED,2022-04-08,VOX,198,93,0
NN_v2,3,PAPER_WEIGHT_NORMALIZED,2022-04-15,VCR,187,96,0
NN_v2,3,PAPER_WEIGHT_NORMALIZED,2022-04-15,VFH,287,147,0
NN_v2,3,PAPER_WEIGHT_NORMALIZED,2022-04-15,VGT,210,119,0
NN_v2,3,PAPER_WEIGHT_NORMALIZED,2022-04-22,VFH,288,147,0
NN_v2,3,PAPER_WEIGHT_NORMALIZED,2022-04-22,VGT,211,119,0
NN_v2,3,PAPER_WEIGHT_NORMALIZED,2022-04-22,VCR,188,96,0
NN_v2,3,PAPER_WEIGHT_NORMALIZED,2022-04-29,VGT,212,119,0
NN_v2,3,PAPER_WEIGHT_NORMALIZED,2022-04-29,VFH,289,148,1
NN_v2,3,PAPER_WEIGHT_NORMALIZED,2022-04-29,VCR,189,96,0
NN_v2,3,PAPER_WEIGHT_NORMALIZED,2022-05-06,VOX,199,94,1
NN_v2,3,PAPER_WEIGHT_NORMALIZED,2022-05-06,VGT,213,119,0
NN_v2,3,PAPER_WEIGHT_NORMALIZED,2022-05-06,VHT,149,88,2
NN_v2,3,PAPER_WEIGHT_NORMALIZED,2022-05-13,VFH,290,148,0
NN_v2,3,PAPER_WEIGHT_NORMALIZED,2022-05-13,VGT,214,119,0
NN_v2,3,PAPER_WEIGHT_NORMALIZED,2022-05-13,VNQ,224,115,0
NN_v2,3,PAPER_WEIGHT_NORMALIZED,2022-05-20,VCR,190,97,1
NN_v2,3,PAPER_WEIGHT_NORMALIZED,2022-05-20,VGT,215,120,1
NN_v2,3,PAPER_WEIGHT_NORMALIZED,2022-05-20,VOX,200,95,2
NN_v2,3,PAPER_WEIGHT_NORMALIZED,2022-05-27,VOX,201,95,0
NN_v2,3,PAPER_WEIGHT_NORMALIZED,2022-05-27,VHT,150,88,0
NN_v2,3,PAPER_WEIGHT_NORMALIZED,2022-05-27,VGT,216,120,0
NN_v2,3,PAPER_WEIGHT_NORMALIZED,2022-06-03,VGT,217,120,0
NN_v2,3,PAPER_WEIGHT_NORMALIZED,2022-06-03,VCR,191,97,0
NN_v2,3,PAPER_WEIGHT_NORMALIZED,2022-06-03,VOX,202,95,0
NN_v2,3,PAPER_WEIGHT_NORMALIZED,2022-06-10,VCR,192,97,0
NN_v2,3,PAPER_WEIGHT_NORMALIZED,2022-06-10,VOX,203,95,0
NN_v2,3,PAPER_WEIGHT_NORMALIZED,2022-06-10,VNQ,225,115,0
NN_v2,3,PAPER_WEIGHT_NORMALIZED,2022-06-17,VDE,336,160,0
NN_v2,3,PAPER_WEIGHT_NORMALIZED,2022-06-17,VPU,138,71,1
NN_v2,3,PAPER_WEIGHT_NORMALIZED,2022-06-17,VAW,259,145,3
NN_v2,3,PAPER_WEIGHT_NORMALIZED,2022-06-24,VFH,291,148,0
NN_v2,3,PAPER_WEIGHT_NORMALIZED,2022-06-24,VOX,204,95,0
NN_v2,3,PAPER_WEIGHT_NORMALIZED,2022-06-24,VGT,218,120,0
NN_v2,3,PAPER_WEIGHT_NORMALIZED,2022-07-01,VCR,193,98,1
NN_v2,3,PAPER_WEIGHT_NORMALIZED,2022-07-01,VGT,219,121,1
NN_v2,3,PAPER_WEIGHT_NORMALIZED,2022-07-01,VOX,205,96,1
NN_v2,3,PAPER_WEIGHT_NORMALIZED,2022-07-08,VPU,139,72,2
NN_v2,3,PAPER_WEIGHT_NORMALIZED,2022-07-08,VDE,337,160,0
NN_v2,3,PAPER_WEIGHT_NORMALIZED,2022-07-08,VNQ,226,116,1
NN_v2,3,PAPER_WEIGHT_NORMALIZED,2022-07-15,VDE,338,161,1
NN_v2,3,PAPER_WEIGHT_NORMALIZED,2022-07-15,VCR,194,99,2
NN_v2,3,PAPER_WEIGHT_NORMALIZED,2022-07-15,VGT,220,122,2
NN_v2,3,PAPER_WEIGHT_NORMALIZED,2022-07-22,VPU,140,73,3
NN_v2,3,PAPER_WEIGHT_NORMALIZED,2022-07-22,VDE,339,162,2
NN_v2,3,PAPER_WEIGHT_NORMALIZED,2022-07-22,VDC,32,19,6
NN_v2,3,PAPER_WEIGHT_NORMALIZED,2022-07-29,VFH,292,149,1
NN_v2,3,PAPER_WEIGHT_NORMALIZED,2022-07-29,VOX,206,97,2
NN_v2,3,PAPER_WEIGHT_NORMALIZED,2022-07-29,VCR,195,100,3
NN_v2,3,PAPER_WEIGHT_NORMALIZED,2022-08-05,VDE,340,163,3
NN_v2,3,PAPER_WEIGHT_NORMALIZED,2022-08-05,VCR,196,101,4
NN_v2,3,PAPER_WEIGHT_NORMALIZED,2022-08-05,VFH,293,150,2
NN_v2,3,PAPER_WEIGHT_NORMALIZED,2022-08-12,VDE,341,164,4
NN_v2,3,PAPER_WEIGHT_NORMALIZED,2022-08-12,VCR,197,101,0
NN_v2,3,PAPER_WEIGHT_NORMALIZED,2022-08-12,VGT,221,122,0
NN_v2,3,PAPER_WEIGHT_NORMALIZED,2022-08-19,VCR,198,101,0
NN_v2,3,PAPER_WEIGHT_NORMALIZED,2022-08-19,VGT,222,122,0
NN_v2,3,PAPER_WEIGHT_NORMALIZED,2022-08-19,VAW,260,146,4
NN_v2,3,PAPER_WEIGHT_NORMALIZED,2022-08-26,VCR,199,101,0
NN_v2,3,PAPER_WEIGHT_NORMALIZED,2022-08-26,VGT,223,122,0
NN_v2,3,PAPER_WEIGHT_NORMALIZED,2022-08-26,VNQ,227,116,0
NN_v2,3,PAPER_WEIGHT_NORMALIZED,2022-09-02,VCR,200,102,1
NN_v2,3,PAPER_WEIGHT_NORMALIZED,2022-09-02,VGT,224,123,1
NN_v2,3,PAPER_WEIGHT_NORMALIZED,2022-09-02,VIS,225,127,2
NN_v2,3,PAPER_WEIGHT_NORMALIZED,2022-09-09,VGT,225,123,0
NN_v2,3,PAPER_WEIGHT_NORMALIZED,2022-09-09,VDE,342,164,0
NN_v2,3,PAPER_WEIGHT_NORMALIZED,2022-09-09,VCR,201,102,0
NN_v2,3,PAPER_WEIGHT_NORMALIZED,2022-09-16,VCR,202,102,0
NN_v2,3,PAPER_WEIGHT_NORMALIZED,2022-09-16,VIS,226,127,0
NN_v2,3,PAPER_WEIGHT_NORMALIZED,2022-09-16,VGT,226,123,0
NN_v2,3,PAPER_WEIGHT_NORMALIZED,2022-09-23,VDE,343,165,1
NN_v2,3,PAPER_WEIGHT_NORMALIZED,2022-09-23,VCR,203,102,0
NN_v2,3,PAPER_WEIGHT_NORMALIZED,2022-09-23,VFH,294,150,0
NN_v2,3,PAPER_WEIGHT_NORMALIZED,2022-09-30,VCR,204,102,0
NN_v2,3,PAPER_WEIGHT_NORMALIZED,2022-09-30,VPU,141,73,0
NN_v2,3,PAPER_WEIGHT_NORMALIZED,2022-09-30,VOX,207,98,3
NN_v2,3,PAPER_WEIGHT_NORMALIZED,2022-10-07,VNQ,228,116,0
NN_v2,3,PAPER_WEIGHT_NORMALIZED,2022-10-07,VCR,205,102,0
NN_v2,3,PAPER_WEIGHT_NORMALIZED,2022-10-07,VOX,208,98,0
NN_v2,3,PAPER_WEIGHT_NORMALIZED,2022-10-14,VOX,209,99,1
NN_v2,3,PAPER_WEIGHT_NORMALIZED,2022-10-14,VGT,227,124,1
NN_v2,3,PAPER_WEIGHT_NORMALIZED,2022-10-14,VAW,261,147,5
NN_v2,3,PAPER_WEIGHT_NORMALIZED,2022-10-21,VNQ,229,117,1
NN_v2,3,PAPER_WEIGHT_NORMALIZED,2022-10-21,VCR,206,103,1
NN_v2,3,PAPER_WEIGHT_NORMALIZED,2022-10-21,VOX,210,99,0
NN_v2,3,PAPER_WEIGHT_NORMALIZED,2022-10-28,VOX,211,99,0
NN_v2,3,PAPER_WEIGHT_NORMALIZED,2022-10-28,VCR,207,103,0
NN_v2,3,PAPER_WEIGHT_NORMALIZED,2022-10-28,VGT,228,124,0
NN_v2,3,PAPER_WEIGHT_NORMALIZED,2022-11-04,VGT,229,125,1
NN_v2,3,PAPER_WEIGHT_NORMALIZED,2022-11-04,VCR,208,104,1
NN_v2,3,PAPER_WEIGHT_NORMALIZED,2022-11-04,VNQ,230,118,2
NN_v2,3,PAPER_WEIGHT_NORMALIZED,2022-11-11,VPU,142,74,1
NN_v2,3,PAPER_WEIGHT_NORMALIZED,2022-11-11,VCR,209,104,0
NN_v2,3,PAPER_WEIGHT_NORMALIZED,2022-11-11,VNQ,231,118,0
NN_v2,3,PAPER_WEIGHT_NORMALIZED,2022-11-18,VGT,230,126,2
NN_v2,3,PAPER_WEIGHT_NORMALIZED,2022-11-18,VNQ,232,119,1
NN_v2,3,PAPER_WEIGHT_NORMALIZED,2022-11-18,VCR,210,105,1
NN_v2,3,PAPER_WEIGHT_NORMALIZED,2022-11-25,VCR,211,106,2
NN_v2,3,PAPER_WEIGHT_NORMALIZED,2022-11-25,VGT,231,127,3
NN_v2,3,PAPER_WEIGHT_NORMALIZED,2022-11-25,VNQ,233,120,2
NN_v2,3,PAPER_WEIGHT_NORMALIZED,2022-12-02,VGT,232,127,0
NN_v2,3,PAPER_WEIGHT_NORMALIZED,2022-12-02,VNQ,234,120,0
NN_v2,3,PAPER_WEIGHT_NORMALIZED,2022-12-02,VCR,212,106,0
NN_v2,3,PAPER_WEIGHT_NORMALIZED,2022-12-09,VGT,233,127,0
NN_v2,3,PAPER_WEIGHT_NORMALIZED,2022-12-09,VNQ,235,120,0
NN_v2,3,PAPER_WEIGHT_NORMALIZED,2022-12-09,VDE,344,166,2
NN_v2,3,PAPER_WEIGHT_NORMALIZED,2022-12-16,VGT,234,127,0
NN_v2,3,PAPER_WEIGHT_NORMALIZED,2022-12-16,VAW,262,148,6
NN_v2,3,PAPER_WEIGHT_NORMALIZED,2022-12-16,VDE,345,167,3
NN_v2,3,PAPER_WEIGHT_NORMALIZED,2022-12-23,VGT,235,128,1
NN_v2,3,PAPER_WEIGHT_NORMALIZED,2022-12-23,VFH,295,151,1
NN_v2,3,PAPER_WEIGHT_NORMALIZED,2022-12-23,VNQ,236,120,0
NN_v2,3,PAPER_WEIGHT_NORMALIZED,2022-12-30,VGT,236,128,0
NN_v2,3,PAPER_WEIGHT_NORMALIZED,2022-12-30,VNQ,237,121,1
NN_v2,3,PAPER_WEIGHT_NORMALIZED,2022-12-30,VOX,212,100,1
NN_v2,3,PAPER_WEIGHT_NORMALIZED,2023-01-06,VGT,237,129,1
NN_v2,3,PAPER_WEIGHT_NORMALIZED,2023-01-06,VDE,346,168,4
NN_v2,3,PAPER_WEIGHT_NORMALIZED,2023-01-06,VNQ,238,122,2
NN_v2,3,PAPER_WEIGHT_NORMALIZED,2023-01-13,VGT,238,130,2
NN_v2,3,PAPER_WEIGHT_NORMALIZED,2023-01-13,VDE,347,169,5
NN_v2,3,PAPER_WEIGHT_NORMALIZED,2023-01-13,VOX,213,101,2
NN_v2,3,PAPER_WEIGHT_NORMALIZED,2023-01-20,VCR,213,107,1
NN_v2,3,PAPER_WEIGHT_NORMALIZED,2023-01-20,VGT,239,131,3
NN_v2,3,PAPER_WEIGHT_NORMALIZED,2023-01-20,VNQ,239,123,3
NN_v2,3,PAPER_WEIGHT_NORMALIZED,2023-01-27,VDE,348,169,0
NN_v2,3,PAPER_WEIGHT_NORMALIZED,2023-01-27,VGT,240,132,4
NN_v2,3,PAPER_WEIGHT_NORMALIZED,2023-01-27,VAW,263,149,7
NN_v2,3,PAPER_WEIGHT_NORMALIZED,2023-02-03,VDE,349,170,1
NN_v2,3,PAPER_WEIGHT_NORMALIZED,2023-02-03,VPU,143,74,0
NN_v2,3,PAPER_WEIGHT_NORMALIZED,2023-02-03,VNQ,240,123,0
NN_v2,3,PAPER_WEIGHT_NORMALIZED,2023-02-10,VOX,214,102,3
NN_v2,3,PAPER_WEIGHT_NORMALIZED,2023-02-10,VCR,214,108,2
NN_v2,3,PAPER_WEIGHT_NORMALIZED,2023-02-10,VNQ,241,123,0
NN_v2,3,PAPER_WEIGHT_NORMALIZED,2023-02-17,VDE,350,171,2
NN_v2,3,PAPER_WEIGHT_NORMALIZED,2023-02-17,VNQ,242,123,0
NN_v2,3,PAPER_WEIGHT_NORMALIZED,2023-02-17,VAW,264,149,0
NN_v2,3,PAPER_WEIGHT_NORMALIZED,2023-02-24,VOX,215,103,4
NN_v2,3,PAPER_WEIGHT_NORMALIZED,2023-02-24,VNQ,243,124,1
NN_v2,3,PAPER_WEIGHT_NORMALIZED,2023-02-24,VCR,215,109,3
NN_v2,3,PAPER_WEIGHT_NORMALIZED,2023-03-03,VDE,351,171,0
NN_v2,3,PAPER_WEIGHT_NORMALIZED,2023-03-03,VOX,216,103,0
NN_v2,3,PAPER_WEIGHT_NORMALIZED,2023-03-03,VCR,216,109,0
NN_v2,3,PAPER_WEIGHT_NORMALIZED,2023-03-10,VOX,217,104,1
NN_v2,3,PAPER_WEIGHT_NORMALIZED,2023-03-10,VCR,217,110,1
NN_v2,3,PAPER_WEIGHT_NORMALIZED,2023-03-10,VDE,352,171,0
NN_v2,3,PAPER_WEIGHT_NORMALIZED,2023-03-17,VCR,218,111,2
NN_v2,3,PAPER_WEIGHT_NORMALIZED,2023-03-17,VAW,265,150,1
NN_v2,3,PAPER_WEIGHT_NORMALIZED,2023-03-17,VIS,227,128,1
NN_v2,3,PAPER_WEIGHT_NORMALIZED,2023-03-24,VNQ,244,125,2
NN_v2,3,PAPER_WEIGHT_NORMALIZED,2023-03-24,VAW,266,151,2
NN_v2,3,PAPER_WEIGHT_NORMALIZED,2023-03-24,VCR,219,112,3
NN_v2,3,PAPER_WEIGHT_NORMALIZED,2023-03-31,VDE,353,171,0
NN_v2,3,PAPER_WEIGHT_NORMALIZED,2023-03-31,VNQ,245,125,0
NN_v2,3,PAPER_WEIGHT_NORMALIZED,2023-03-31,VFH,296,151,0
NN_v2,3,PAPER_WEIGHT_NORMALIZED,2023-04-07,VCR,220,113,4
NN_v2,3,PAPER_WEIGHT_NORMALIZED,2023-04-07,VAW,267,152,3
NN_v2,3,PAPER_WEIGHT_NORMALIZED,2023-04-07,VIS,228,129,2
NN_v2,3,PAPER_WEIGHT_NORMALIZED,2023-04-14,VDE,354,171,0
NN_v2,3,PAPER_WEIGHT_NORMALIZED,2023-04-14,VNQ,246,126,1
NN_v2,3,PAPER_WEIGHT_NORMALIZED,2023-04-14,VAW,268,152,0
NN_v2,3,PAPER_WEIGHT_NORMALIZED,2023-04-21,VDE,355,172,1
NN_v2,3,PAPER_WEIGHT_NORMALIZED,2023-04-21,VAW,269,152,0
NN_v2,3,PAPER_WEIGHT_NORMALIZED,2023-04-21,VCR,221,114,5
NN_v2,3,PAPER_WEIGHT_NORMALIZED,2023-04-28,VDE,356,172,0
NN_v2,3,PAPER_WEIGHT_NORMALIZED,2023-04-28,VFH,297,151,0
NN_v2,3,PAPER_WEIGHT_NORMALIZED,2023-04-28,VAW,270,152,0
NN_v2,3,PAPER_WEIGHT_NORMALIZED,2023-05-05,VFH,298,151,0
NN_v2,3,PAPER_WEIGHT_NORMALIZED,2023-05-05,VAW,271,152,0
NN_v2,3,PAPER_WEIGHT_NORMALIZED,2023-05-05,VDE,357,172,0
NN_v2,3,PAPER_WEIGHT_NORMALIZED,2023-05-12,VAW,272,153,1
NN_v2,3,PAPER_WEIGHT_NORMALIZED,2023-05-12,VNQ,247,126,0
NN_v2,3,PAPER_WEIGHT_NORMALIZED,2023-05-12,VDE,358,173,1
NN_v2,3,PAPER_WEIGHT_NORMALIZED,2023-05-19,VNQ,248,126,0
NN_v2,3,PAPER_WEIGHT_NORMALIZED,2023-05-19,VAW,273,153,0
NN_v2,3,PAPER_WEIGHT_NORMALIZED,2023-05-19,VDE,359,173,0
NN_v2,3,PAPER_WEIGHT_NORMALIZED,2023-05-26,VFH,299,152,1
NN_v2,3,PAPER_WEIGHT_NORMALIZED,2023-05-26,VNQ,249,127,1
NN_v2,3,PAPER_WEIGHT_NORMALIZED,2023-05-26,VDE,360,174,1
NN_v2,3,PAPER_WEIGHT_NORMALIZED,2023-06-02,VDE,361,175,2
NN_v2,3,PAPER_WEIGHT_NORMALIZED,2023-06-02,VFH,300,153,2
NN_v2,3,PAPER_WEIGHT_NORMALIZED,2023-06-02,VAW,274,154,1
NN_v2,3,PAPER_WEIGHT_NORMALIZED,2023-06-09,VDE,362,176,3
NN_v2,3,PAPER_WEIGHT_NORMALIZED,2023-06-09,VFH,301,154,3
NN_v2,3,PAPER_WEIGHT_NORMALIZED,2023-06-09,VAW,275,155,2
NN_v2,3,PAPER_WEIGHT_NORMALIZED,2023-06-16,VDE,363,176,0
NN_v2,3,PAPER_WEIGHT_NORMALIZED,2023-06-16,VFH,302,154,0
NN_v2,3,PAPER_WEIGHT_NORMALIZED,2023-06-16,VNQ,250,127,0
NN_v2,3,PAPER_WEIGHT_NORMALIZED,2023-06-23,VDE,364,177,1
NN_v2,3,PAPER_WEIGHT_NORMALIZED,2023-06-23,VFH,303,155,1
NN_v2,3,PAPER_WEIGHT_NORMALIZED,2023-06-23,VNQ,251,128,1
NN_v2,3,PAPER_WEIGHT_NORMALIZED,2023-06-30,VDE,365,177,0
NN_v2,3,PAPER_WEIGHT_NORMALIZED,2023-06-30,VFH,304,155,0
NN_v2,3,PAPER_WEIGHT_NORMALIZED,2023-06-30,VNQ,252,129,2
NN_v2,3,PAPER_WEIGHT_NORMALIZED,2023-07-07,VDE,366,178,1
NN_v2,3,PAPER_WEIGHT_NORMALIZED,2023-07-07,VAW,276,156,3
NN_v2,3,PAPER_WEIGHT_NORMALIZED,2023-07-07,VFH,305,156,1
NN_v2,3,PAPER_WEIGHT_NORMALIZED,2023-07-14,VDE,367,179,2
NN_v2,3,PAPER_WEIGHT_NORMALIZED,2023-07-14,VFH,306,157,2
NN_v2,3,PAPER_WEIGHT_NORMALIZED,2023-07-14,VNQ,253,130,3
NN_v2,3,PAPER_WEIGHT_NORMALIZED,2023-07-21,VNQ,254,130,0
NN_v2,3,PAPER_WEIGHT_NORMALIZED,2023-07-21,VDE,368,180,3
NN_v2,3,PAPER_WEIGHT_NORMALIZED,2023-07-21,VOX,218,105,2
NN_v2,3,PAPER_WEIGHT_NORMALIZED,2023-07-28,VNQ,255,130,0
NN_v2,3,PAPER_WEIGHT_NORMALIZED,2023-07-28,VDE,369,181,4
NN_v2,3,PAPER_WEIGHT_NORMALIZED,2023-07-28,VFH,307,157,0
NN_v2,3,PAPER_WEIGHT_NORMALIZED,2023-08-04,VGT,241,132,0
NN_v2,3,PAPER_WEIGHT_NORMALIZED,2023-08-04,VAW,277,156,0
NN_v2,3,PAPER_WEIGHT_NORMALIZED,2023-08-04,VOX,219,105,0
NN_v2,3,PAPER_WEIGHT_NORMALIZED,2023-08-11,VGT,242,132,0
NN_v2,3,PAPER_WEIGHT_NORMALIZED,2023-08-11,VAW,278,156,0
NN_v2,3,PAPER_WEIGHT_NORMALIZED,2023-08-11,VNQ,256,130,0
NN_v2,3,PAPER_WEIGHT_NORMALIZED,2023-08-18,VAW,279,156,0
NN_v2,3,PAPER_WEIGHT_NORMALIZED,2023-08-18,VGT,243,133,1
NN_v2,3,PAPER_WEIGHT_NORMALIZED,2023-08-18,VCR,222,115,6
NN_v2,3,PAPER_WEIGHT_NORMALIZED,2023-08-25,VCR,223,116,7
NN_v2,3,PAPER_WEIGHT_NORMALIZED,2023-08-25,VNQ,257,131,1
NN_v2,3,PAPER_WEIGHT_NORMALIZED,2023-08-25,VOX,220,106,1
NN_v2,3,PAPER_WEIGHT_NORMALIZED,2023-09-01,VPU,144,75,1
NN_v2,3,PAPER_WEIGHT_NORMALIZED,2023-09-01,VNQ,258,131,0
NN_v2,3,PAPER_WEIGHT_NORMALIZED,2023-09-01,VOX,221,106,0
NN_v2,3,PAPER_WEIGHT_NORMALIZED,2023-09-08,VAW,280,156,0
NN_v2,3,PAPER_WEIGHT_NORMALIZED,2023-09-08,VNQ,259,132,1
NN_v2,3,PAPER_WEIGHT_NORMALIZED,2023-09-08,VGT,244,133,0
NN_v2,3,PAPER_WEIGHT_NORMALIZED,2023-09-15,VGT,245,133,0
NN_v2,3,PAPER_WEIGHT_NORMALIZED,2023-09-15,VAW,281,156,0
NN_v2,3,PAPER_WEIGHT_NORMALIZED,2023-09-15,VNQ,260,132,0
NN_v2,3,PAPER_WEIGHT_NORMALIZED,2023-09-22,VCR,224,117,8
NN_v2,3,PAPER_WEIGHT_NORMALIZED,2023-09-22,VIS,229,130,3
NN_v2,3,PAPER_WEIGHT_NORMALIZED,2023-09-22,VGT,246,134,1
NN_v2,3,PAPER_WEIGHT_NORMALIZED,2023-09-29,VAW,282,156,0
NN_v2,3,PAPER_WEIGHT_NORMALIZED,2023-09-29,VIS,230,130,0
NN_v2,3,PAPER_WEIGHT_NORMALIZED,2023-09-29,VGT,247,135,2
NN_v2,3,PAPER_WEIGHT_NORMALIZED,2023-10-06,VAW,283,156,0
NN_v2,3,PAPER_WEIGHT_NORMALIZED,2023-10-06,VDE,370,182,5
NN_v2,3,PAPER_WEIGHT_NORMALIZED,2023-10-06,VCR,225,118,9
NN_v2,3,PAPER_WEIGHT_NORMALIZED,2023-10-13,VIS,231,130,0
NN_v2,3,PAPER_WEIGHT_NORMALIZED,2023-10-13,VAW,284,156,0
NN_v2,3,PAPER_WEIGHT_NORMALIZED,2023-10-13,VGT,248,135,0
NN_v2,3,PAPER_WEIGHT_NORMALIZED,2023-10-20,VAW,285,157,1
NN_v2,3,PAPER_WEIGHT_NORMALIZED,2023-10-20,VCR,226,118,0
NN_v2,3,PAPER_WEIGHT_NORMALIZED,2023-10-20,VIS,232,130,0
NN_v2,3,PAPER_WEIGHT_NORMALIZED,2023-10-27,VDE,371,183,6
NN_v2,3,PAPER_WEIGHT_NORMALIZED,2023-10-27,VHT,151,89,1
NN_v2,3,PAPER_WEIGHT_NORMALIZED,2023-10-27,VGT,249,136,1
NN_v2,3,PAPER_WEIGHT_NORMALIZED,2023-11-03,VDE,372,183,0
NN_v2,3,PAPER_WEIGHT_NORMALIZED,2023-11-03,VPU,145,75,0
NN_v2,3,PAPER_WEIGHT_NORMALIZED,2023-11-03,VAW,286,157,0
NN_v2,3,PAPER_WEIGHT_NORMALIZED,2023-11-10,VPU,146,76,1
NN_v2,3,PAPER_WEIGHT_NORMALIZED,2023-11-10,VNQ,261,133,1
NN_v2,3,PAPER_WEIGHT_NORMALIZED,2023-11-10,VDE,373,184,1
NN_v2,3,PAPER_WEIGHT_NORMALIZED,2023-11-17,VNQ,262,134,2
NN_v2,3,PAPER_WEIGHT_NORMALIZED,2023-11-17,VPU,147,77,2
NN_v2,3,PAPER_WEIGHT_NORMALIZED,2023-11-17,VDE,374,184,0
NN_v2,3,PAPER_WEIGHT_NORMALIZED,2023-11-24,VNQ,263,135,3
NN_v2,3,PAPER_WEIGHT_NORMALIZED,2023-11-24,VCR,227,119,1
NN_v2,3,PAPER_WEIGHT_NORMALIZED,2023-11-24,VPU,148,78,3
NN_v2,3,PAPER_WEIGHT_NORMALIZED,2023-12-01,VDE,375,184,0
NN_v2,3,PAPER_WEIGHT_NORMALIZED,2023-12-01,VOX,222,107,1
NN_v2,3,PAPER_WEIGHT_NORMALIZED,2023-12-01,VPU,149,79,4
NN_v2,3,PAPER_WEIGHT_NORMALIZED,2023-12-08,VDE,376,185,1
NN_v2,3,PAPER_WEIGHT_NORMALIZED,2023-12-08,VPU,150,80,5
NN_v2,3,PAPER_WEIGHT_NORMALIZED,2023-12-08,VNQ,264,136,4
NN_v2,3,PAPER_WEIGHT_NORMALIZED,2023-12-15,VDE,377,185,0
NN_v2,3,PAPER_WEIGHT_NORMALIZED,2023-12-15,VPU,151,80,0
NN_v2,3,PAPER_WEIGHT_NORMALIZED,2023-12-15,VOX,223,108,2
NN_v2,3,PAPER_WEIGHT_NORMALIZED,2023-12-22,VDE,378,185,0
NN_v2,3,PAPER_WEIGHT_NORMALIZED,2023-12-22,VPU,152,81,1
NN_v2,3,PAPER_WEIGHT_NORMALIZED,2023-12-22,VNQ,265,137,5
NN_v2,3,PAPER_WEIGHT_NORMALIZED,2023-12-29,VDE,379,186,1
NN_v2,3,PAPER_WEIGHT_NORMALIZED,2023-12-29,VPU,153,82,2
NN_v2,3,PAPER_WEIGHT_NORMALIZED,2023-12-29,VNQ,266,137,0
NN_v2,3,PAPER_WEIGHT_NORMALIZED,2024-01-05,VCR,228,120,2
NN_v2,3,PAPER_WEIGHT_NORMALIZED,2024-01-05,VGT,250,137,2
NN_v2,3,PAPER_WEIGHT_NORMALIZED,2024-01-05,VIS,233,131,1
NN_v2,3,PAPER_WEIGHT_NORMALIZED,2024-01-12,VDE,380,186,0
NN_v2,3,PAPER_WEIGHT_NORMALIZED,2024-01-12,VCR,229,121,3
NN_v2,3,PAPER_WEIGHT_NORMALIZED,2024-01-12,VPU,154,82,0
NN_v2,3,PAPER_WEIGHT_NORMALIZED,2024-01-19,VNQ,267,137,0
NN_v2,3,PAPER_WEIGHT_NORMALIZED,2024-01-19,VDE,381,187,1
NN_v2,3,PAPER_WEIGHT_NORMALIZED,2024-01-19,VPU,155,83,1
NN_v2,3,PAPER_WEIGHT_NORMALIZED,2024-01-26,VNQ,268,137,0
NN_v2,3,PAPER_WEIGHT_NORMALIZED,2024-01-26,VCR,230,122,4
NN_v2,3,PAPER_WEIGHT_NORMALIZED,2024-01-26,VPU,156,84,2
NN_v2,3,PAPER_WEIGHT_NORMALIZED,2024-02-02,VNQ,269,138,1
NN_v2,3,PAPER_WEIGHT_NORMALIZED,2024-02-02,VDE,382,188,2
NN_v2,3,PAPER_WEIGHT_NORMALIZED,2024-02-02,VPU,157,84,0
NN_v2,3,PAPER_WEIGHT_NORMALIZED,2024-02-09,VDE,383,189,3
NN_v2,3,PAPER_WEIGHT_NORMALIZED,2024-02-09,VNQ,270,138,0
NN_v2,3,PAPER_WEIGHT_NORMALIZED,2024-02-09,VPU,158,85,1
NN_v2,3,PAPER_WEIGHT_NORMALIZED,2024-02-16,VGT,251,138,3
NN_v2,3,PAPER_WEIGHT_NORMALIZED,2024-02-16,VNQ,271,139,1
NN_v2,3,PAPER_WEIGHT_NORMALIZED,2024-02-16,VDE,384,190,4
NN_v2,3,PAPER_WEIGHT_NORMALIZED,2024-02-23,VGT,252,139,4
NN_v2,3,PAPER_WEIGHT_NORMALIZED,2024-02-23,VDE,385,191,5
NN_v2,3,PAPER_WEIGHT_NORMALIZED,2024-02-23,VNQ,272,140,2
NN_v2,3,PAPER_WEIGHT_NORMALIZED,2024-03-01,VDE,386,192,6
NN_v2,3,PAPER_WEIGHT_NORMALIZED,2024-03-01,VPU,159,86,2
NN_v2,3,PAPER_WEIGHT_NORMALIZED,2024-03-01,VNQ,273,141,3
NN_v2,3,PAPER_WEIGHT_NORMALIZED,2024-03-08,VCR,231,122,0
NN_v2,3,PAPER_WEIGHT_NORMALIZED,2024-03-08,VGT,253,139,0
NN_v2,3,PAPER_WEIGHT_NORMALIZED,2024-03-08,VDE,387,193,7
NN_v2,3,PAPER_WEIGHT_NORMALIZED,2024-03-15,VGT,254,140,1
NN_v2,3,PAPER_WEIGHT_NORMALIZED,2024-03-15,VNQ,274,141,0
NN_v2,3,PAPER_WEIGHT_NORMALIZED,2024-03-15,VPU,160,87,3
NN_v2,3,PAPER_WEIGHT_NORMALIZED,2024-03-22,VNQ,275,142,1
NN_v2,3,PAPER_WEIGHT_NORMALIZED,2024-03-22,VDE,388,194,8
NN_v2,3,PAPER_WEIGHT_NORMALIZED,2024-03-22,VGT,255,141,2
NN_v2,3,PAPER_WEIGHT_NORMALIZED,2024-03-29,VGT,256,141,0
NN_v2,3,PAPER_WEIGHT_NORMALIZED,2024-03-29,VNQ,276,142,0
NN_v2,3,PAPER_WEIGHT_NORMALIZED,2024-03-29,VOX,224,109,3
NN_v2,3,PAPER_WEIGHT_NORMALIZED,2024-04-05,VCR,232,122,0
NN_v2,3,PAPER_WEIGHT_NORMALIZED,2024-04-05,VGT,257,141,0
NN_v2,3,PAPER_WEIGHT_NORMALIZED,2024-04-05,VNQ,277,142,0
NN_v2,3,PAPER_WEIGHT_NORMALIZED,2024-04-12,VCR,233,122,0
NN_v2,3,PAPER_WEIGHT_NORMALIZED,2024-04-12,VNQ,278,142,0
NN_v2,3,PAPER_WEIGHT_NORMALIZED,2024-04-12,VFH,308,157,0
NN_v2,3,PAPER_WEIGHT_NORMALIZED,2024-04-19,VCR,234,123,1
NN_v2,3,PAPER_WEIGHT_NORMALIZED,2024-04-19,VGT,258,142,1
NN_v2,3,PAPER_WEIGHT_NORMALIZED,2024-04-19,VNQ,279,143,1
NN_v2,3,PAPER_WEIGHT_NORMALIZED,2024-04-26,VNQ,280,144,2
NN_v2,3,PAPER_WEIGHT_NORMALIZED,2024-04-26,VGT,259,143,2
NN_v2,3,PAPER_WEIGHT_NORMALIZED,2024-04-26,VCR,235,123,0
NN_v2,3,PAPER_WEIGHT_NORMALIZED,2024-05-03,VGT,260,144,3
NN_v2,3,PAPER_WEIGHT_NORMALIZED,2024-05-03,VNQ,281,145,3
NN_v2,3,PAPER_WEIGHT_NORMALIZED,2024-05-03,VCR,236,124,1
NN_v2,3,PAPER_WEIGHT_NORMALIZED,2024-05-10,VNQ,282,146,4
NN_v2,3,PAPER_WEIGHT_NORMALIZED,2024-05-10,VGT,261,145,4
NN_v2,3,PAPER_WEIGHT_NORMALIZED,2024-05-10,VCR,237,124,0
NN_v2,3,PAPER_WEIGHT_NORMALIZED,2024-05-17,VCR,238,124,0
NN_v2,3,PAPER_WEIGHT_NORMALIZED,2024-05-17,VGT,262,146,5
NN_v2,3,PAPER_WEIGHT_NORMALIZED,2024-05-17,VNQ,283,146,0
NN_v2,3,PAPER_WEIGHT_NORMALIZED,2024-05-24,VNQ,284,147,1
NN_v2,3,PAPER_WEIGHT_NORMALIZED,2024-05-24,VDE,389,195,9
NN_v2,3,PAPER_WEIGHT_NORMALIZED,2024-05-24,VCR,239,125,1
NN_v2,3,PAPER_WEIGHT_NORMALIZED,2024-05-31,VDE,390,195,0
NN_v2,3,PAPER_WEIGHT_NORMALIZED,2024-05-31,VGT,263,147,6
NN_v2,3,PAPER_WEIGHT_NORMALIZED,2024-05-31,VNQ,285,147,0
NN_v2,3,PAPER_WEIGHT_NORMALIZED,2024-06-07,VDE,391,195,0
NN_v2,3,PAPER_WEIGHT_NORMALIZED,2024-06-07,VPU,161,87,0
NN_v2,3,PAPER_WEIGHT_NORMALIZED,2024-06-07,VNQ,286,148,1
NN_v2,3,PAPER_WEIGHT_NORMALIZED,2024-06-14,VDE,392,196,1
NN_v2,3,PAPER_WEIGHT_NORMALIZED,2024-06-14,VPU,162,87,0
NN_v2,3,PAPER_WEIGHT_NORMALIZED,2024-06-14,VCR,240,126,2
NN_v2,3,PAPER_WEIGHT_NORMALIZED,2024-06-21,VDE,393,197,2
NN_v2,3,PAPER_WEIGHT_NORMALIZED,2024-06-21,VPU,163,87,0
NN_v2,3,PAPER_WEIGHT_NORMALIZED,2024-06-21,VNQ,287,148,0
NN_v2,3,PAPER_WEIGHT_NORMALIZED,2024-06-28,VPU,164,87,0
NN_v2,3,PAPER_WEIGHT_NORMALIZED,2024-06-28,VGT,264,148,7
NN_v2,3,PAPER_WEIGHT_NORMALIZED,2024-06-28,VCR,241,127,3
NN_v2,3,PAPER_WEIGHT_NORMALIZED,2024-07-05,VDE,394,198,3
NN_v2,3,PAPER_WEIGHT_NORMALIZED,2024-07-05,VPU,165,88,1
NN_v2,3,PAPER_WEIGHT_NORMALIZED,2024-07-05,VNQ,288,149,1
NN_v2,3,PAPER_WEIGHT_NORMALIZED,2024-07-12,VDE,395,199,4
NN_v2,3,PAPER_WEIGHT_NORMALIZED,2024-07-12,VOX,225,109,0
NN_v2,3,PAPER_WEIGHT_NORMALIZED,2024-07-12,VGT,265,148,0
NN_v2,3,PAPER_WEIGHT_NORMALIZED,2024-07-19,VGT,266,148,0
NN_v2,3,PAPER_WEIGHT_NORMALIZED,2024-07-19,VPU,166,89,2
NN_v2,3,PAPER_WEIGHT_NORMALIZED,2024-07-19,VOX,226,109,0
NN_v2,3,PAPER_WEIGHT_NORMALIZED,2024-07-26,VGT,267,148,0
NN_v2,3,PAPER_WEIGHT_NORMALIZED,2024-07-26,VOX,227,109,0
NN_v2,3,PAPER_WEIGHT_NORMALIZED,2024-07-26,VCR,242,127,0
NN_v2,3,PAPER_WEIGHT_NORMALIZED,2024-08-02,VGT,268,149,1
NN_v2,3,PAPER_WEIGHT_NORMALIZED,2024-08-02,VCR,243,128,1
NN_v2,3,PAPER_WEIGHT_NORMALIZED,2024-08-02,VDE,396,200,5
NN_v2,3,PAPER_WEIGHT_NORMALIZED,2024-08-09,VGT,269,150,2
NN_v2,3,PAPER_WEIGHT_NORMALIZED,2024-08-09,VCR,244,129,2
NN_v2,3,PAPER_WEIGHT_NORMALIZED,2024-08-09,VDE,397,201,6
NN_v2,3,PAPER_WEIGHT_NORMALIZED,2024-08-16,VDE,398,201,0
NN_v2,3,PAPER_WEIGHT_NORMALIZED,2024-08-16,VGT,270,151,3
NN_v2,3,PAPER_WEIGHT_NORMALIZED,2024-08-16,VCR,245,130,3
NN_v2,3,PAPER_WEIGHT_NORMALIZED,2024-08-23,VGT,271,151,0
NN_v2,3,PAPER_WEIGHT_NORMALIZED,2024-08-23,VDE,399,201,0
NN_v2,3,PAPER_WEIGHT_NORMALIZED,2024-08-23,VCR,246,130,0
NN_v2,3,PAPER_WEIGHT_NORMALIZED,2024-08-30,VGT,272,151,0
NN_v2,3,PAPER_WEIGHT_NORMALIZED,2024-08-30,VCR,247,130,0
NN_v2,3,PAPER_WEIGHT_NORMALIZED,2024-08-30,VDE,400,201,0
NN_v2,3,PAPER_WEIGHT_NORMALIZED,2024-09-06,VGT,273,152,1
NN_v2,3,PAPER_WEIGHT_NORMALIZED,2024-09-06,VDE,401,201,0
NN_v2,3,PAPER_WEIGHT_NORMALIZED,2024-09-06,VOX,228,110,1
NN_v2,3,PAPER_WEIGHT_NORMALIZED,2024-09-13,VDE,402,202,1
NN_v2,3,PAPER_WEIGHT_NORMALIZED,2024-09-13,VGT,274,153,2
NN_v2,3,PAPER_WEIGHT_NORMALIZED,2024-09-13,VFH,309,158,1
NN_v2,3,PAPER_WEIGHT_NORMALIZED,2024-09-20,VGT,275,154,3
NN_v2,3,PAPER_WEIGHT_NORMALIZED,2024-09-20,VDE,403,202,0
NN_v2,3,PAPER_WEIGHT_NORMALIZED,2024-09-20,VAW,287,158,1
NN_v2,3,PAPER_WEIGHT_NORMALIZED,2024-09-27,VGT,276,155,4
NN_v2,3,PAPER_WEIGHT_NORMALIZED,2024-09-27,VDE,404,203,1
NN_v2,3,PAPER_WEIGHT_NORMALIZED,2024-09-27,VFH,310,159,2
NN_v2,3,PAPER_WEIGHT_NORMALIZED,2024-10-04,VGT,277,156,5
NN_v2,3,PAPER_WEIGHT_NORMALIZED,2024-10-04,VCR,248,130,0
NN_v2,3,PAPER_WEIGHT_NORMALIZED,2024-10-04,VAW,288,159,2
NN_v2,3,PAPER_WEIGHT_NORMALIZED,2024-10-11,VDE,405,203,0
NN_v2,3,PAPER_WEIGHT_NORMALIZED,2024-10-11,VGT,278,156,0
NN_v2,3,PAPER_WEIGHT_NORMALIZED,2024-10-11,VCR,249,131,1
NN_v2,3,PAPER_WEIGHT_NORMALIZED,2024-10-18,VDE,406,203,0
NN_v2,3,PAPER_WEIGHT_NORMALIZED,2024-10-18,VGT,279,157,1
NN_v2,3,PAPER_WEIGHT_NORMALIZED,2024-10-18,VCR,250,132,2
NN_v2,3,PAPER_WEIGHT_NORMALIZED,2024-10-25,VDE,407,204,1
NN_v2,3,PAPER_WEIGHT_NORMALIZED,2024-10-25,VGT,280,157,0
NN_v2,3,PAPER_WEIGHT_NORMALIZED,2024-10-25,VIS,234,131,0
NN_v2,3,PAPER_WEIGHT_NORMALIZED,2024-11-01,VGT,281,158,1
NN_v2,3,PAPER_WEIGHT_NORMALIZED,2024-11-01,VAW,289,160,3
NN_v2,3,PAPER_WEIGHT_NORMALIZED,2024-11-01,VNQ,289,150,2
NN_v2,3,PAPER_WEIGHT_NORMALIZED,2024-11-08,VPU,167,90,3
NN_v2,3,PAPER_WEIGHT_NORMALIZED,2024-11-08,VNQ,290,150,0
NN_v2,3,PAPER_WEIGHT_NORMALIZED,2024-11-08,VAW,290,160,0
NN_v2,3,PAPER_WEIGHT_NORMALIZED,2024-11-15,VGT,282,159,2
NN_v2,3,PAPER_WEIGHT_NORMALIZED,2024-11-15,VAW,291,161,1
NN_v2,3,PAPER_WEIGHT_NORMALIZED,2024-11-15,VHT,152,90,2
NN_v2,3,PAPER_WEIGHT_NORMALIZED,2024-11-22,VGT,283,159,0
NN_v2,3,PAPER_WEIGHT_NORMALIZED,2024-11-22,VHT,153,91,3
NN_v2,3,PAPER_WEIGHT_NORMALIZED,2024-11-22,VAW,292,162,2
NN_v2,3,PAPER_WEIGHT_NORMALIZED,2024-11-29,VDE,408,204,0
NN_v2,3,PAPER_WEIGHT_NORMALIZED,2024-11-29,VGT,284,160,1
NN_v2,3,PAPER_WEIGHT_NORMALIZED,2024-11-29,VHT,154,91,0
NN_v2,3,PAPER_WEIGHT_NORMALIZED,2024-12-06,VDE,409,204,0
NN_v2,3,PAPER_WEIGHT_NORMALIZED,2024-12-06,VPU,168,90,0
NN_v2,3,PAPER_WEIGHT_NORMALIZED,2024-12-06,VIS,235,131,0
NN_v2,3,PAPER_WEIGHT_NORMALIZED,2024-12-13,VDE,410,204,0
NN_v2,3,PAPER_WEIGHT_NORMALIZED,2024-12-13,VIS,236,131,0
NN_v2,3,PAPER_WEIGHT_NORMALIZED,2024-12-13,VAW,293,162,0
NN_v2,3,PAPER_WEIGHT_NORMALIZED,2024-12-20,VDE,411,205,1
NN_v2,3,PAPER_WEIGHT_NORMALIZED,2024-12-20,VIS,237,132,1
NN_v2,3,PAPER_WEIGHT_NORMALIZED,2024-12-20,VNQ,291,151,1
NN_v2,3,PAPER_WEIGHT_NORMALIZED,2024-12-27,VDE,412,206,2
NN_v2,3,PAPER_WEIGHT_NORMALIZED,2024-12-27,VIS,238,133,2
NN_v2,3,PAPER_WEIGHT_NORMALIZED,2024-12-27,VNQ,292,152,2
NN_v2,3,PAPER_WEIGHT_NORMALIZED,2025-01-03,VIS,239,133,0
NN_v2,3,PAPER_WEIGHT_NORMALIZED,2025-01-03,VDC,33,19,0
NN_v2,3,PAPER_WEIGHT_NORMALIZED,2025-01-03,VNQ,293,152,0
NN_v2,3,PAPER_WEIGHT_NORMALIZED,2025-01-10,VGT,285,161,2
NN_v2,3,PAPER_WEIGHT_NORMALIZED,2025-01-10,VFH,311,160,3
NN_v2,3,PAPER_WEIGHT_NORMALIZED,2025-01-10,VDC,34,20,1
NN_v2,3,PAPER_WEIGHT_NORMALIZED,2025-01-17,VHT,155,92,1
NN_v2,3,PAPER_WEIGHT_NORMALIZED,2025-01-17,VNQ,294,153,1
NN_v2,3,PAPER_WEIGHT_NORMALIZED,2025-01-17,VGT,286,162,3
NN_v2,3,PAPER_WEIGHT_NORMALIZED,2025-01-24,VDE,413,206,0
NN_v2,3,PAPER_WEIGHT_NORMALIZED,2025-01-24,VPU,169,91,1
NN_v2,3,PAPER_WEIGHT_NORMALIZED,2025-01-24,VHT,156,93,2
NN_v2,3,PAPER_WEIGHT_NORMALIZED,2025-01-31,VPU,170,92,2
NN_v2,3,PAPER_WEIGHT_NORMALIZED,2025-01-31,VAW,294,163,1
NN_v2,3,PAPER_WEIGHT_NORMALIZED,2025-01-31,VIS,240,134,1
NN_v2,3,PAPER_WEIGHT_NORMALIZED,2025-02-07,VGT,287,163,4
NN_v2,3,PAPER_WEIGHT_NORMALIZED,2025-02-07,VIS,241,134,0
NN_v2,3,PAPER_WEIGHT_NORMALIZED,2025-02-07,VCR,251,133,3
NN_v2,3,PAPER_WEIGHT_NORMALIZED,2025-02-14,VNQ,295,154,2
NN_v2,3,PAPER_WEIGHT_NORMALIZED,2025-02-14,VCR,252,133,0
NN_v2,3,PAPER_WEIGHT_NORMALIZED,2025-02-14,VHT,157,94,3
NN_v2,3,PAPER_WEIGHT_NORMALIZED,2025-02-21,VGT,288,163,0
NN_v2,3,PAPER_WEIGHT_NORMALIZED,2025-02-21,VNQ,296,155,3
NN_v2,3,PAPER_WEIGHT_NORMALIZED,2025-02-21,VFH,312,161,4
NN_v2,3,PAPER_WEIGHT_NORMALIZED,2025-02-28,VAW,295,163,0
NN_v2,3,PAPER_WEIGHT_NORMALIZED,2025-02-28,VDE,414,206,0
NN_v2,3,PAPER_WEIGHT_NORMALIZED,2025-02-28,VIS,242,134,0
NN_v2,3,PAPER_WEIGHT_NORMALIZED,2025-03-07,VDE,415,207,1
NN_v2,3,PAPER_WEIGHT_NORMALIZED,2025-03-07,VFH,313,162,5
NN_v2,3,PAPER_WEIGHT_NORMALIZED,2025-03-07,VPU,171,93,3
NN_v2,3,PAPER_WEIGHT_NORMALIZED,2025-03-14,VAW,296,163,0
NN_v2,3,PAPER_WEIGHT_NORMALIZED,2025-03-14,VFH,314,163,6
NN_v2,3,PAPER_WEIGHT_NORMALIZED,2025-03-14,VIS,243,135,1
NN_v2,3,PAPER_WEIGHT_NORMALIZED,2025-03-21,VAW,297,163,0
NN_v2,3,PAPER_WEIGHT_NORMALIZED,2025-03-21,VIS,244,135,0
NN_v2,3,PAPER_WEIGHT_NORMALIZED,2025-03-21,VOX,229,110,0
NN_v2,3,PAPER_WEIGHT_NORMALIZED,2025-03-28,VAW,298,163,0
NN_v2,3,PAPER_WEIGHT_NORMALIZED,2025-03-28,VIS,245,135,0
NN_v2,3,PAPER_WEIGHT_NORMALIZED,2025-03-28,VOX,230,110,0
NN_v2,3,PAPER_WEIGHT_NORMALIZED,2025-04-04,VHT,158,95,4
NN_v2,3,PAPER_WEIGHT_NORMALIZED,2025-04-04,VAW,299,164,1
NN_v2,3,PAPER_WEIGHT_NORMALIZED,2025-04-04,VFH,315,164,7
NN_v2,3,PAPER_WEIGHT_NORMALIZED,2025-04-11,VNQ,297,156,4
NN_v2,3,PAPER_WEIGHT_NORMALIZED,2025-04-11,VFH,316,164,0
NN_v2,3,PAPER_WEIGHT_NORMALIZED,2025-04-11,VHT,159,95,0
NN_v2,3,PAPER_WEIGHT_NORMALIZED,2025-04-18,VHT,160,96,1
NN_v2,3,PAPER_WEIGHT_NORMALIZED,2025-04-18,VAW,300,165,2
NN_v2,3,PAPER_WEIGHT_NORMALIZED,2025-04-18,VCR,253,134,1
NN_v2,3,PAPER_WEIGHT_NORMALIZED,2025-04-25,VAW,301,166,3
NN_v2,3,PAPER_WEIGHT_NORMALIZED,2025-04-25,VIS,246,136,1
NN_v2,3,PAPER_WEIGHT_NORMALIZED,2025-04-25,VCR,254,135,2
NN_v2,3,PAPER_WEIGHT_NORMALIZED,2025-05-02,VDE,416,208,2
NN_v2,3,PAPER_WEIGHT_NORMALIZED,2025-05-02,VCR,255,136,3
NN_v2,3,PAPER_WEIGHT_NORMALIZED,2025-05-02,VAW,302,166,0
NN_v2,3,PAPER_WEIGHT_NORMALIZED,2025-05-09,VDE,417,209,3
NN_v2,3,PAPER_WEIGHT_NORMALIZED,2025-05-09,VOX,231,111,1
NN_v2,3,PAPER_WEIGHT_NORMALIZED,2025-05-09,VAW,303,167,1
NN_v2,3,PAPER_WEIGHT_NORMALIZED,2025-05-16,VDE,418,209,0
NN_v2,3,PAPER_WEIGHT_NORMALIZED,2025-05-16,VAW,304,167,0
NN_v2,3,PAPER_WEIGHT_NORMALIZED,2025-05-16,VNQ,298,156,0
NN_v2,3,PAPER_WEIGHT_NORMALIZED,2025-05-23,VAW,305,167,0
NN_v2,3,PAPER_WEIGHT_NORMALIZED,2025-05-23,VFH,317,165,1
NN_v2,3,PAPER_WEIGHT_NORMALIZED,2025-05-23,VNQ,299,157,1
NN_v2,3,PAPER_WEIGHT_NORMALIZED,2025-05-30,VDE,419,210,1
NN_v2,3,PAPER_WEIGHT_NORMALIZED,2025-05-30,VAW,306,168,1
NN_v2,3,PAPER_WEIGHT_NORMALIZED,2025-05-30,VFH,318,166,2
NN_v2,3,PAPER_WEIGHT_NORMALIZED,2025-06-06,VCR,256,136,0
NN_v2,3,PAPER_WEIGHT_NORMALIZED,2025-06-06,VDE,420,211,2
NN_v2,3,PAPER_WEIGHT_NORMALIZED,2025-06-06,VHT,161,97,2
NN_v2,3,PAPER_WEIGHT_NORMALIZED,2025-06-13,VCR,257,136,0
NN_v2,3,PAPER_WEIGHT_NORMALIZED,2025-06-13,VFH,319,167,3
NN_v2,3,PAPER_WEIGHT_NORMALIZED,2025-06-13,VDC,35,20,0
NN_v2,3,PAPER_WEIGHT_NORMALIZED,2025-06-20,VCR,258,137,1
NN_v2,3,PAPER_WEIGHT_NORMALIZED,2025-06-20,VFH,320,168,4
NN_v2,3,PAPER_WEIGHT_NORMALIZED,2025-06-20,VAW,307,169,2
NN_v2,3,PAPER_WEIGHT_NORMALIZED,2025-06-27,VDE,421,212,3
NN_v2,3,PAPER_WEIGHT_NORMALIZED,2025-06-27,VHT,162,98,3
NN_v2,3,PAPER_WEIGHT_NORMALIZED,2025-06-27,VAW,308,170,3
NN_v2,3,PAPER_WEIGHT_NORMALIZED,2025-07-04,VDE,422,213,4
NN_v2,3,PAPER_WEIGHT_NORMALIZED,2025-07-04,VNQ,300,157,0
NN_v2,3,PAPER_WEIGHT_NORMALIZED,2025-07-04,VHT,163,98,0
NN_v2,3,PAPER_WEIGHT_NORMALIZED,2025-07-11,VFH,321,169,5
NN_v2,3,PAPER_WEIGHT_NORMALIZED,2025-07-11,VCR,259,138,2
NN_v2,3,PAPER_WEIGHT_NORMALIZED,2025-07-11,VNQ,301,158,1
NN_v2,3,PAPER_WEIGHT_NORMALIZED,2025-07-18,VCR,260,139,3
NN_v2,3,PAPER_WEIGHT_NORMALIZED,2025-07-18,VDE,423,214,5
NN_v2,3,PAPER_WEIGHT_NORMALIZED,2025-07-18,VFH,322,170,6
NN_v2,3,PAPER_WEIGHT_NORMALIZED,2025-07-25,VDE,424,214,0
NN_v2,3,PAPER_WEIGHT_NORMALIZED,2025-07-25,VCR,261,139,0
NN_v2,3,PAPER_WEIGHT_NORMALIZED,2025-07-25,VHT,164,98,0
NN_v2,3,PAPER_WEIGHT_NORMALIZED,2025-08-01,VDE,425,214,0
NN_v2,3,PAPER_WEIGHT_NORMALIZED,2025-08-01,VCR,262,140,1
NN_v2,3,PAPER_WEIGHT_NORMALIZED,2025-08-01,VFH,323,171,7
NN_v2,3,PAPER_WEIGHT_NORMALIZED,2025-08-08,VFH,324,172,8
NN_v2,3,PAPER_WEIGHT_NORMALIZED,2025-08-08,VCR,263,141,2
NN_v2,3,PAPER_WEIGHT_NORMALIZED,2025-08-08,VAW,309,171,4
NN_v2,3,PAPER_WEIGHT_NORMALIZED,2025-08-15,VFH,325,173,9
NN_v2,3,PAPER_WEIGHT_NORMALIZED,2025-08-15,VIS,247,137,2
NN_v2,3,PAPER_WEIGHT_NORMALIZED,2025-08-15,VDE,426,215,1
NN_v2,3,PAPER_WEIGHT_NORMALIZED,2025-08-22,VDE,427,216,2
NN_v2,3,PAPER_WEIGHT_NORMALIZED,2025-08-22,VGT,289,164,1
NN_v2,3,PAPER_WEIGHT_NORMALIZED,2025-08-22,VIS,248,137,0
NN_v2,3,PAPER_WEIGHT_NORMALIZED,2025-08-29,VHT,165,99,1
NN_v2,3,PAPER_WEIGHT_NORMALIZED,2025-08-29,VIS,249,138,1
NN_v2,3,PAPER_WEIGHT_NORMALIZED,2025-08-29,VGT,290,165,2
NN_v2,3,PAPER_WEIGHT_NORMALIZED,2025-09-05,VIS,250,139,2
NN_v2,3,PAPER_WEIGHT_NORMALIZED,2025-09-05,VFH,326,174,10
NN_v2,3,PAPER_WEIGHT_NORMALIZED,2025-09-05,VDE,428,217,3
NN_v2,3,PAPER_WEIGHT_NORMALIZED,2025-09-12,VDE,429,217,0
NN_v2,3,PAPER_WEIGHT_NORMALIZED,2025-09-12,VFH,327,175,11
NN_v2,3,PAPER_WEIGHT_NORMALIZED,2025-09-12,VIS,251,140,3
NN_v2,3,PAPER_WEIGHT_NORMALIZED,2025-09-19,VDE,430,218,1
NN_v2,3,PAPER_WEIGHT_NORMALIZED,2025-09-19,VHT,166,99,0
NN_v2,3,PAPER_WEIGHT_NORMALIZED,2025-09-19,VIS,252,140,0
NN_v2,3,PAPER_WEIGHT_NORMALIZED,2025-09-26,VFH,328,175,0
NN_v2,3,PAPER_WEIGHT_NORMALIZED,2025-09-26,VIS,253,141,1
NN_v2,3,PAPER_WEIGHT_NORMALIZED,2025-09-26,VNQ,302,159,2
NN_v2,3,PAPER_WEIGHT_NORMALIZED,2025-10-03,VDE,431,218,0
NN_v2,3,PAPER_WEIGHT_NORMALIZED,2025-10-03,VFH,329,175,0
NN_v2,3,PAPER_WEIGHT_NORMALIZED,2025-10-03,VOX,232,111,0
NN_v2,3,PAPER_WEIGHT_NORMALIZED,2025-10-10,VOX,233,112,1
NN_v2,3,PAPER_WEIGHT_NORMALIZED,2025-10-10,VDE,432,218,0
NN_v2,3,PAPER_WEIGHT_NORMALIZED,2025-10-10,VCR,264,142,3
NN_v2,3,PAPER_WEIGHT_NORMALIZED,2025-10-17,VDE,433,219,1
NN_v2,3,PAPER_WEIGHT_NORMALIZED,2025-10-17,VCR,265,143,4
NN_v2,3,PAPER_WEIGHT_NORMALIZED,2025-10-17,VIS,254,142,2
NN_v2,3,PAPER_WEIGHT_NORMALIZED,2025-10-24,VAW,310,171,0
NN_v2,3,PAPER_WEIGHT_NORMALIZED,2025-10-24,VDC,36,20,0
NN_v2,3,PAPER_WEIGHT_NORMALIZED,2025-10-24,VFH,330,175,0
NN_v2,3,PAPER_WEIGHT_NORMALIZED,2025-10-31,VPU,172,94,4
NN_v2,3,PAPER_WEIGHT_NORMALIZED,2025-10-31,VNQ,303,160,3
NN_v2,3,PAPER_WEIGHT_NORMALIZED,2025-10-31,VOX,234,112,0
NN_v2,3,PAPER_WEIGHT_NORMALIZED,2025-11-07,VCR,266,143,0
NN_v2,3,PAPER_WEIGHT_NORMALIZED,2025-11-07,VOX,235,112,0
NN_v2,3,PAPER_WEIGHT_NORMALIZED,2025-11-07,VIS,255,142,0
NN_v2,3,PAPER_WEIGHT_NORMALIZED,2025-11-14,VOX,236,113,1
NN_v2,3,PAPER_WEIGHT_NORMALIZED,2025-11-14,VIS,256,142,0
NN_v2,3,PAPER_WEIGHT_NORMALIZED,2025-11-14,VGT,291,165,0
NN_v2,3,PAPER_WEIGHT_NORMALIZED,2025-11-21,VGT,292,166,1
NN_v2,3,PAPER_WEIGHT_NORMALIZED,2025-11-21,VIS,257,143,1
NN_v2,3,PAPER_WEIGHT_NORMALIZED,2025-11-21,VDE,434,220,2
NN_v2,3,PAPER_WEIGHT_NORMALIZED,2025-11-28,VGT,293,167,2
NN_v2,3,PAPER_WEIGHT_NORMALIZED,2025-11-28,VDC,37,20,0
NN_v2,3,PAPER_WEIGHT_NORMALIZED,2025-11-28,VFH,331,176,1
NN_v2,3,PAPER_WEIGHT_NORMALIZED,2025-12-05,VPU,173,94,0
NN_v2,3,PAPER_WEIGHT_NORMALIZED,2025-12-05,VAW,311,172,1
NN_v2,3,PAPER_WEIGHT_NORMALIZED,2025-12-05,VDC,38,21,1
NN_v2,3,PAPER_WEIGHT_NORMALIZED,2025-12-12,VGT,294,167,0
NN_v2,3,PAPER_WEIGHT_NORMALIZED,2025-12-12,VPU,174,94,0
NN_v2,3,PAPER_WEIGHT_NORMALIZED,2025-12-12,VDE,435,220,0
NN_v2,3,PAPER_WEIGHT_NORMALIZED,2025-12-19,VGT,295,168,1
NN_v2,3,PAPER_WEIGHT_NORMALIZED,2025-12-19,VIS,258,144,2
NN_v2,3,PAPER_WEIGHT_NORMALIZED,2025-12-19,VPU,175,95,1
NN_v2,3,PAPER_WEIGHT_NORMALIZED,2025-12-26,VDE,436,221,1
NN_v2,3,PAPER_WEIGHT_NORMALIZED,2025-12-26,VGT,296,168,0
NN_v2,3,PAPER_WEIGHT_NORMALIZED,2025-12-26,VNQ,304,160,0
NN_v2,3,PAPER_WEIGHT_NORMALIZED,2026-01-02,VGT,297,168,0
NN_v2,3,PAPER_WEIGHT_NORMALIZED,2026-01-02,VCR,267,144,1
NN_v2,3,PAPER_WEIGHT_NORMALIZED,2026-01-02,VNQ,305,161,1
NN_v2,3,PAPER_WEIGHT_NORMALIZED,2026-01-09,VGT,298,169,1
NN_v2,3,PAPER_WEIGHT_NORMALIZED,2026-01-09,VPU,176,96,2
NN_v2,3,PAPER_WEIGHT_NORMALIZED,2026-01-09,VDE,437,222,2
NN_v2,3,PAPER_WEIGHT_NORMALIZED,2026-01-16,VCR,268,145,2
NN_v2,3,PAPER_WEIGHT_NORMALIZED,2026-01-16,VGT,299,170,2
NN_v2,3,PAPER_WEIGHT_NORMALIZED,2026-01-16,VFH,332,176,0
NN_v2,3,PAPER_WEIGHT_NORMALIZED,2026-01-23,VCR,269,145,0
NN_v2,3,PAPER_WEIGHT_NORMALIZED,2026-01-23,VPU,177,97,3
NN_v2,3,PAPER_WEIGHT_NORMALIZED,2026-01-23,VNQ,306,162,2
NN_v2,3,PAPER_WEIGHT_NORMALIZED,2026-01-30,VCR,270,145,0
NN_v2,3,PAPER_WEIGHT_NORMALIZED,2026-01-30,VHT,167,100,1
NN_v2,3,PAPER_WEIGHT_NORMALIZED,2026-01-30,VNQ,307,163,3
NN_v2,3,PAPER_WEIGHT_NORMALIZED,2026-02-06,VOX,237,113,0
NN_v2,3,PAPER_WEIGHT_NORMALIZED,2026-02-06,VCR,271,145,0
NN_v2,3,PAPER_WEIGHT_NORMALIZED,2026-02-06,VPU,178,98,4
NN_v2,3,PAPER_WEIGHT_NORMALIZED,2026-02-13,VCR,272,146,1
NN_v2,3,PAPER_WEIGHT_NORMALIZED,2026-02-13,VOX,238,114,1
NN_v2,3,PAPER_WEIGHT_NORMALIZED,2026-02-13,VGT,300,171,3
NN_v2,3,PAPER_WEIGHT_NORMALIZED,2026-02-20,VOX,239,115,2
NN_v2,3,PAPER_WEIGHT_NORMALIZED,2026-02-20,VFH,333,176,0
NN_v2,3,PAPER_WEIGHT_NORMALIZED,2026-02-20,VCR,273,146,0
NN_v2,3,PAPER_WEIGHT_NORMALIZED,2026-02-27,VCR,274,147,1
NN_v2,3,PAPER_WEIGHT_NORMALIZED,2026-02-27,VFH,334,176,0
NN_v2,3,PAPER_WEIGHT_NORMALIZED,2026-02-27,VGT,301,172,4
NN_v2,3,PAPER_WEIGHT_NORMALIZED,2026-03-06,VAW,312,172,0
NN_v2,3,PAPER_WEIGHT_NORMALIZED,2026-03-06,VIS,259,144,0
NN_v2,3,PAPER_WEIGHT_NORMALIZED,2026-03-06,VHT,168,100,0
NN_v2,3,PAPER_WEIGHT_NORMALIZED,2026-03-13,VIS,260,144,0
NN_v2,3,PAPER_WEIGHT_NORMALIZED,2026-03-13,VAW,313,172,0
NN_v2,3,PAPER_WEIGHT_NORMALIZED,2026-03-13,VOX,240,115,0
NN_v2,3,PAPER_WEIGHT_NORMALIZED,2026-03-20,VDC,39,21,0
NN_v2,3,PAPER_WEIGHT_NORMALIZED,2026-03-20,VIS,261,144,0
NN_v2,3,PAPER_WEIGHT_NORMALIZED,2026-03-20,VAW,314,173,1
NN_v2,3,PAPER_WEIGHT_NORMALIZED,2026-03-27,VOX,241,116,1
NN_v2,3,PAPER_WEIGHT_NORMALIZED,2026-03-27,VIS,262,145,1
NN_v2,3,PAPER_WEIGHT_NORMALIZED,2026-03-27,VGT,302,173,5
NN_v2,3,PAPER_WEIGHT_NORMALIZED,2026-04-03,VDC,40,22,1
NN_v2,3,PAPER_WEIGHT_NORMALIZED,2026-04-03,VIS,263,146,2
NN_v2,3,PAPER_WEIGHT_NORMALIZED,2026-04-03,VGT,303,174,6
NN_v2,3,PAPER_WEIGHT_NORMALIZED,2026-04-10,VFH,335,177,1
NN_v2,3,PAPER_WEIGHT_NORMALIZED,2026-04-10,VOX,242,117,2
NN_v2,3,PAPER_WEIGHT_NORMALIZED,2026-04-10,VCR,275,148,2
NN_v2,3,PAPER_WEIGHT_NORMALIZED,2026-04-17,VAW,315,174,2
NN_v2,3,PAPER_WEIGHT_NORMALIZED,2026-04-17,VDE,438,223,3
NN_v2,3,PAPER_WEIGHT_NORMALIZED,2026-04-17,VPU,179,99,5
NN_v2,3,PAPER_WEIGHT_NORMALIZED,2026-04-24,VOX,243,118,3
NN_v2,3,PAPER_WEIGHT_NORMALIZED,2026-04-24,VCR,276,149,3
NN_v2,3,PAPER_WEIGHT_NORMALIZED,2026-04-24,VFH,336,178,2
NN_v2,3,PAPER_WEIGHT_NORMALIZED,2026-05-01,VCR,277,150,4
NN_v2,3,PAPER_WEIGHT_NORMALIZED,2026-05-01,VOX,244,119,4
NN_v2,3,PAPER_WEIGHT_NORMALIZED,2026-05-01,VAW,316,175,3
NN_v2,3,PAPER_WEIGHT_NORMALIZED,2026-05-08,VDE,439,224,4
NN_v2,3,PAPER_WEIGHT_NORMALIZED,2026-05-08,VCR,278,150,0
NN_v2,3,PAPER_WEIGHT_NORMALIZED,2026-05-08,VOX,245,119,0
NN_v2,3,PAPER_WEIGHT_NORMALIZED,2026-05-15,VCR,279,151,1
NN_v2,3,PAPER_WEIGHT_NORMALIZED,2026-05-15,VOX,246,120,1
NN_v2,3,PAPER_WEIGHT_NORMALIZED,2026-05-15,VAW,317,176,4
NN_v2,3,PAPER_WEIGHT_NORMALIZED,2026-05-22,VDE,440,224,0
NN_v2,3,PAPER_WEIGHT_NORMALIZED,2026-05-22,VOX,247,121,2
NN_v2,3,PAPER_WEIGHT_NORMALIZED,2026-05-22,VFH,337,178,0
NN_v2,3,PAPER_WEIGHT_NORMALIZED,2026-05-29,VDE,441,225,1
NN_v2,3,PAPER_WEIGHT_NORMALIZED,2026-05-29,VCR,280,151,0
NN_v2,3,PAPER_WEIGHT_NORMALIZED,2026-05-29,VAW,318,176,0
NN_v2,3,PAPER_WEIGHT_NORMALIZED,2026-06-05,VCR,281,152,1
NN_v2,3,PAPER_WEIGHT_NORMALIZED,2026-06-05,VOX,248,121,0
NN_v2,3,PAPER_WEIGHT_NORMALIZED,2026-06-05,VAW,319,177,1
NN_v2,3,PAPER_WEIGHT_NORMALIZED,2026-06-12,VCR,282,152,0
NN_v2,3,PAPER_WEIGHT_NORMALIZED,2026-06-12,VOX,249,121,0
NN_v2,3,PAPER_WEIGHT_NORMALIZED,2026-06-12,VDE,442,225,0
NN_v2,3,PAPER_WEIGHT_NORMALIZED,2026-06-19,VCR,283,152,0
NN_v2,3,PAPER_WEIGHT_NORMALIZED,2026-06-19,VDE,443,225,0
NN_v2,3,PAPER_WEIGHT_NORMALIZED,2026-06-19,VOX,250,121,0
NN_v2,3,PAPER_WEIGHT_NORMALIZED,2026-06-26,VCR,284,153,1
NN_v2,3,PAPER_WEIGHT_NORMALIZED,2026-06-26,VGT,304,174,0
NN_v2,3,PAPER_WEIGHT_NORMALIZED,2026-06-26,VOX,251,122,1
NN_v2,3,PAPER_WEIGHT_NORMALIZED,2026-07-03,VDE,444,226,1
NN_v2,3,PAPER_WEIGHT_NORMALIZED,2026-07-03,VGT,305,175,1
NN_v2,3,PAPER_WEIGHT_NORMALIZED,2026-07-03,VCR,285,153,0
NN_v2,3,PAPER_WEIGHT_NORMALIZED,2026-07-10,VDE,445,227,2
NN_v2,3,PAPER_WEIGHT_NORMALIZED,2026-07-10,VPU,180,99,0
NN_v2,3,PAPER_WEIGHT_NORMALIZED,2026-07-10,VDC,41,23,2
NN_v2,3,PAPER_WEIGHT_NORMALIZED,2026-07-17,VGT,306,175,0
NN_v2,3,PAPER_WEIGHT_NORMALIZED,2026-07-17,VOX,252,122,0
NN_v2,3,PAPER_WEIGHT_NORMALIZED,2026-07-17,VPU,181,100,1
NN_v2,3,PAPER_WEIGHT_NORMALIZED,2026-07-31,VGT,307,176,1
NN_v2,3,PAPER_WEIGHT_NORMALIZED,2026-07-31,VPU,182,100,0
NN_v2,3,PAPER_WEIGHT_NORMALIZED,2026-07-31,VDE,446,227,0
