date,symbol,next_week_open_to_close_return,next_week_spy_return,label_binary,predicted_proba,model
2008-01-04,VAW,-0.0221807313174251,-0.0082092469984223,0,0.6490500467576097,LR
2008-01-11,VAW,-0.0779621055935302,-0.0577234740273066,0,0.5444591641521219,LR
2008-01-18,VAW,0.1280358653289288,0.007420720201619,1,0.7908028651918279,LR
2008-01-25,VAW,0.0629180327651981,0.0491579151276092,1,0.27332117998241645,LR
2008-02-01,VAW,-0.0335156201930619,-0.0466396138391642,0,0.2101163240369099,LR
2008-02-08,VAW,0.0187664311032691,0.015555709746312,1,0.6032783462068514,LR
2008-02-15,VAW,0.0003445448381349,0.0035516877571079,0,0.506366531893631,LR
2008-02-22,VAW,-0.0072214267405387,-0.0132724424976267,0,0.3607818759032769,LR
2008-02-29,VAW,-0.0301057349138764,-0.0307123818366646,0,0.656299309795378,LR
2008-03-07,VAW,0.0158881198182261,-0.0007712062519645,1,0.728362347538967,LR
2008-03-14,VAW,-0.0026903950145539,0.0241019574617474,0,0.3970051055435504,LR
2008-03-21,VAW,0.0360831163746406,-0.0043155602747664,1,0.4408044214105807,LR
2008-03-28,VAW,0.0596335682665629,0.0409095197247231,1,0.3844220512682281,LR
2008-04-04,VAW,-0.0335497664819071,-0.0256409956939802,0,0.19307746051692223,LR
2008-04-11,VAW,0.0584219508656738,0.0382366095990602,1,0.5554171794401891,LR
2008-04-18,VAW,-0.0164713079260234,0.0080876767644737,0,0.13689437133398427,LR
2008-04-25,VAW,-0.0378303022261506,0.0136825242984561,0,0.19589376004577363,LR
2008-05-02,VAW,0.0183819284204063,-0.0184447228113313,1,0.26573514921344965,LR
2008-05-09,VAW,0.049903049619846,0.0270708658746683,1,0.18299765173221513,LR
2008-05-16,VAW,-0.0468189700465955,-0.035189106237495,0,0.22597146657694694,LR
2008-05-23,VAW,0.0246474351078593,0.0196891637078884,1,0.44225796084641994,LR
2008-05-30,VAW,0.0030554554308652,-0.0289280515730526,0,0.29980706576640753,LR
2008-06-06,VAW,0.0005224979451654,-0.0010273023428371,0,0.49721896751542943,LR
2008-06-13,VAW,-0.0188561058326359,-0.0287313390771952,0,0.6404368330857061,LR
2008-06-20,VAW,-0.0482155416850158,-0.0307804343524428,0,0.8395874492382467,LR
2008-06-27,VAW,-0.0672046175419233,-0.0095660157373971,0,0.8074825799626768,LR
2008-07-04,VAW,0.0107299102500346,-0.0195552749283576,1,0.7692393434987151,LR
2008-07-11,VAW,-0.0231194166067009,0.0172806551036959,0,0.4726060024154512,LR
2008-07-18,VAW,-0.013154836206379,-0.0039689478196924,0,0.38153399776255675,LR
2008-07-25,VAW,0.014848495174826,0.0054194840937832,1,0.6049550156299716,LR
2008-08-01,VAW,-0.0223986661669615,0.025443248773295,0,0.5961251743569989,LR
2008-08-08,VAW,0.0116873519796207,0.0061839485733937,1,0.5204242014336591,LR
2008-08-15,VAW,0.0042852112986235,-0.0039943655541088,0,0.419124237401937,LR
2008-08-22,VAW,-0.0065998534904457,-0.006633502833552,0,0.25116882117249956,LR
2008-08-29,VAW,-0.0562893704183229,-0.0339312580134339,0,0.3894166541403207,LR
2008-09-05,VAW,0.0023732506520148,0.0134220167376712,0,0.47361588007599936,LR
2008-09-12,VAW,0.0579098934204358,-0.0099255770967008,1,0.266836036338434,LR
2008-09-19,VAW,-0.1016049797152295,-0.0263454250061761,0,0.367512592189748,LR
2008-09-26,VAW,-0.1698630346010808,-0.0869673941855841,0,0.8765347628591372,LR
2008-10-03,VAW,-0.1097082449789316,-0.1979333982656347,0,0.9842846023535247,LR
2008-10-10,VAW,-0.0479643388574461,0.0532199945883545,0,0.9898884851831822,LR
2008-10-17,VAW,-0.1276922959547776,-0.0661949342776503,0,0.9122588739152314,LR
2008-10-24,VAW,0.1793772747671718,0.1124776176323236,1,0.98617952218661,LR
2008-10-31,VAW,-0.045046776824698,-0.0306722337677158,0,0.021863224537232415,LR
2008-11-07,VAW,-0.1209411079874553,-0.0771361997130092,0,0.9509037318523734,LR
2008-11-14,VAW,-0.1072470004941903,-0.0819675733238804,0,0.9630988109976408,LR
2008-11-21,VAW,0.1337251736373879,0.1329227319544739,1,0.9629714593346114,LR
2008-11-28,VAW,-0.030632654638981,-0.0239762222842815,0,0.027657388789087484,LR
2008-12-05,VAW,0.0328450842683192,0.0120551148525893,1,0.46114586262509,LR
2008-12-12,VAW,-0.007472213342889,-0.0009453192419388,0,0.14360724807144407,LR
2008-12-19,VAW,-0.0244716856540143,-0.0116785283376064,0,0.29054332770393493,LR
2008-12-26,VAW,0.0787726719863366,0.066543670211735,1,0.9861994076141141,LR
2008-01-04,VCR,-0.0329933566598659,-0.0082092469984223,0,0.7143587031348744,LR
2008-01-11,VCR,-0.0275267079742688,-0.0577234740273065,0,0.5126336064694623,LR
2008-01-18,VCR,0.0809742956203725,0.0074207202016189,1,0.6782085751098135,LR
2008-01-25,VCR,0.0756713025274542,0.0491579151276094,1,0.2505627851937422,LR
2008-02-01,VCR,-0.0414922015072046,-0.0466396138391643,0,0.1999396403566676,LR
2008-02-08,VCR,0.0201556238122369,0.0155557097463118,1,0.6280796439469116,LR
2008-02-15,VCR,-0.0147286500776616,0.0035516877571079,0,0.3996057276552828,LR
2008-02-22,VCR,-0.0230814401389395,-0.0132724424976268,0,0.3508408697617109,LR
2008-02-29,VCR,-0.02587612898091,-0.0307123818366646,0,0.7116863636228105,LR
2008-03-07,VCR,-0.0074968889404364,-0.0007712062519645,0,0.8429345172630509,LR
2008-03-14,VCR,0.069247338079637,0.0241019574617473,1,0.6878860889368941,LR
2008-03-21,VCR,-0.0353082070626459,-0.0043155602747665,0,0.34649360812518804,LR
2008-03-28,VCR,0.0530773152975825,0.0409095197247231,1,0.7421544739560682,LR
2008-04-04,VCR,-0.0427734845463412,-0.0256409956939803,0,0.309422793552598,LR
2008-04-11,VCR,0.0389185075328941,0.0382366095990602,1,0.7873332097323421,LR
2008-04-18,VCR,0.0186767055933025,0.0080876767644737,1,0.2873083580169416,LR
2008-04-25,VCR,0.0203646083998063,0.0136825242984561,1,0.25404744456186834,LR
2008-05-02,VCR,-0.0253381937230972,-0.0184447228113312,0,0.31970912299736964,LR
2008-05-09,VCR,0.0366829476705412,0.0270708658746683,1,0.3966351051355859,LR
2008-05-16,VCR,-0.0508474016163684,-0.0351891062374948,0,0.2345108201874739,LR
2008-05-23,VCR,0.0084099412515743,0.0196891637078884,0,0.44476918988783387,LR
2008-05-30,VCR,-0.0260903453400235,-0.0289280515730526,0,0.3812426730571313,LR
2008-06-06,VCR,0.0031929723700514,-0.001027302342837,0,0.49568670758091093,LR
2008-06-13,VCR,-0.0379670437122323,-0.0287313390771952,0,0.5767538596038679,LR
2008-06-20,VCR,-0.0533084369141163,-0.030780434352443,0,0.7652913964588727,LR
2008-06-27,VCR,-0.0322298005049686,-0.0095660157373973,0,0.78876866646328,LR
2008-07-04,VCR,-0.0442038583159152,-0.0195552749283576,0,0.6754813542140438,LR
2008-07-11,VCR,0.044959410384852,0.0172806551036959,1,0.8632840598928816,LR
2008-07-18,VCR,-0.0006637741922062,-0.0039689478196925,0,0.1236730676113895,LR
2008-07-25,VCR,0.0066919300648506,0.0054194840937834,0,0.470504697915983,LR
2008-08-01,VCR,0.0677141284859974,0.0254432487732949,1,0.39810754926708575,LR
2008-08-08,VCR,0.023327850952749,0.0061839485733937,1,0.13027037360927757,LR
2008-08-15,VCR,-0.0286860651744682,-0.0039943655541088,0,0.49963349149604724,LR
2008-08-22,VCR,0.0033174341474333,-0.0066335028335519,0,0.30821399281976725,LR
2008-08-29,VCR,-0.0223667846135683,-0.0339312580134339,0,0.3699289072322467,LR
2008-09-05,VCR,-0.0107417668759183,0.0134220167376711,0,0.5252729932680651,LR
2008-09-12,VCR,0.0164176514744396,-0.0099255770967009,1,0.6269635439456833,LR
2008-09-19,VCR,-0.0318792040275778,-0.0263454250061761,0,0.5393626094336844,LR
2008-09-26,VCR,-0.123622242578633,-0.0869673941855841,0,0.7850828625257734,LR
2008-10-03,VCR,-0.1510719154589999,-0.1979333982656348,0,0.9694922720258614,LR
2008-10-10,VCR,-0.0669630379276708,0.0532199945883545,0,0.9929326965290388,LR
2008-10-17,VCR,-0.1131851761429397,-0.0661949342776503,0,0.7759192067051671,LR
2008-10-24,VCR,0.2010309383086772,0.1124776176323237,1,0.9801671358450572,LR
2008-10-31,VCR,-0.0741270822663408,-0.0306722337677159,0,0.00818930990743474,LR
2008-11-07,VCR,-0.1198558596796479,-0.0771361997130092,0,0.9226618964959161,LR
2008-11-14,VCR,-0.0827224769089314,-0.0819675733238804,0,0.9381750876442275,LR
2008-11-21,VCR,0.1540187229619962,0.1329227319544739,1,0.9455373238582009,LR
2008-11-28,VCR,0.0522486751211914,-0.0239762222842815,1,0.017346142292705986,LR
2008-12-05,VCR,-0.0325353380514742,0.0120551148525893,0,0.15598238688167868,LR
2008-12-12,VCR,0.0253918330918057,-0.0009453192419388,1,0.3591353599508974,LR
2008-12-19,VCR,-0.0273241468299014,-0.0116785283376063,0,0.14189507950273475,LR
2008-12-26,VCR,0.0829032159620715,0.066543670211735,1,0.9906549035325974,LR
2008-01-04,VDC,0.0062102876724781,-0.0082092469984223,0,0.6255333591290586,LR
2008-01-11,VDC,-0.0449985589650088,-0.0577234740273065,0,0.3544371088038702,LR
2008-01-18,VDC,0.0032007176119355,0.007420720201619,0,0.6941009297989603,LR
2008-01-25,VDC,0.0299909642170745,0.0491579151276092,1,0.37918601036461635,LR
2008-02-01,VDC,-0.0187731595538118,-0.046639613839164,0,0.17720552079782803,LR
2008-02-08,VDC,0.0171816038562997,0.015555709746312,1,0.5984002285636562,LR
2008-02-15,VDC,-0.0252052425796913,0.0035516877571079,0,0.4948221144969624,LR
2008-02-22,VDC,-0.0125220758472893,-0.0132724424976267,0,0.3860545092383168,LR
2008-02-29,VDC,-0.0082077754696927,-0.0307123818366644,0,0.515730048897046,LR
2008-03-07,VDC,-0.0015062279716888,-0.0007712062519646,0,0.6425821566885821,LR
2008-03-14,VDC,0.1065041146627285,0.0241019574617474,1,0.43785645014319974,LR
2008-03-21,VDC,0.0007284826952569,-0.0043155602747664,0,0.2088465594070783,LR
2008-03-28,VDC,-0.0038637185700977,0.040909519724723,0,0.5444016443952738,LR
2008-04-04,VDC,-0.0224285670689173,-0.0256409956939802,0,0.31171164831580195,LR
2008-04-11,VDC,0.009927011754391,0.0382366095990601,0,0.5246789991825749,LR
2008-04-18,VDC,-0.0017391702403193,0.0080876767644737,0,0.281743803017087,LR
2008-04-25,VDC,0.0007240523244356,0.0136825242984561,0,0.21935685455715917,LR
2008-05-02,VDC,-0.0085619494402896,-0.0184447228113311,0,0.20974758461500242,LR
2008-05-09,VDC,0.0217740443829406,0.0270708658746682,1,0.3245248680920032,LR
2008-05-16,VDC,-0.0147142682756696,-0.0351891062374948,0,0.1806833334000125,LR
2008-05-23,VDC,0.0098308561974356,0.0196891637078883,0,0.34398740661670524,LR
2008-05-30,VDC,-0.01704874483349,-0.0289280515730526,0,0.30708251443344126,LR
2008-06-06,VDC,-0.0008717882666278,-0.0010273023428371,0,0.3844405258018714,LR
2008-06-13,VDC,-0.0265577079708637,-0.0287313390771953,0,0.4468909690638041,LR
2008-06-20,VDC,-0.0283032023569408,-0.0307804343524428,0,0.6047619538287013,LR
2008-06-27,VDC,0.0044465027614148,-0.0095660157373973,0,0.7220869900413052,LR
2008-07-04,VDC,0.0024304424770555,-0.0195552749283576,0,0.5591107543745727,LR
2008-07-11,VDC,0.0003022924052176,0.0172806551036958,0,0.5595253733824065,LR
2008-07-18,VDC,0.004069393800608,-0.0039689478196925,0,0.3264253155994008,LR
2008-07-25,VDC,0.0005948725886637,0.0054194840937833,0,0.5823681654086228,LR
2008-08-01,VDC,0.0385872099955262,0.0254432487732949,1,0.543653574481221,LR
2008-08-08,VDC,0.0158208797465684,0.0061839485733937,1,0.20588444706067316,LR
2008-08-15,VDC,-0.011931478096708,-0.0039943655541088,0,0.3274353166002676,LR
2008-08-22,VDC,-0.0152573753989712,-0.006633502833552,0,0.2387380654477777,LR
2008-08-29,VDC,-0.0060102774106043,-0.0339312580134339,0,0.2271431533341426,LR
2008-09-05,VDC,0.0087521566718433,0.0134220167376713,0,0.2875357109674269,LR
2008-09-12,VDC,-0.0167983466054362,-0.0099255770967008,0,0.28985432813804135,LR
2008-09-19,VDC,-0.0073223564258066,-0.0263454250061761,0,0.2661049854841275,LR
2008-09-26,VDC,-0.034210108722985,-0.0869673941855839,0,0.45398738104802266,LR
2008-10-03,VDC,-0.1318181933778704,-0.1979333982656348,0,0.7860442877120202,LR
2008-10-10,VDC,-0.028264447677234,0.0532199945883544,0,0.9727383119493278,LR
2008-10-17,VDC,-0.065902638487073,-0.0661949342776501,0,0.28832448368225916,LR
2008-10-24,VDC,0.0981000870885464,0.1124776176323236,1,0.7735074917511312,LR
2008-10-31,VDC,-0.0155129323326164,-0.0306722337677156,0,0.015697961811754903,LR
2008-11-07,VDC,-0.0525965973003017,-0.0771361997130091,0,0.837863918434243,LR
2008-11-14,VDC,-0.0207409709645476,-0.0819675733238803,0,0.8669889021372451,LR
2008-11-21,VDC,0.0450966429777248,0.1329227319544738,1,0.8744966530048716,LR
2008-11-28,VDC,0.0054110238024054,-0.0239762222842815,0,0.0739676739190771,LR
2008-12-05,VDC,-0.0375490827310107,0.0120551148525893,0,0.13844623496183572,LR
2008-12-12,VDC,0.0151675590613691,-0.0009453192419388,1,0.33608227726033735,LR
2008-12-19,VDC,0.0007103018976137,-0.0116785283376063,0,0.17849519699336208,LR
2008-12-26,VDC,0.0408090704782233,0.0665436702117349,1,0.9389358154192982,LR
2008-01-04,VDE,-0.0424839627701122,-0.0082092469984223,0,0.5199812618858836,LR
2008-01-11,VDE,-0.0874035696208881,-0.0577234740273066,0,0.3599423633130197,LR
2008-01-18,VDE,0.0831523643544294,0.0074207202016189,1,0.696074757499259,LR
2008-01-25,VDE,0.0351799779756372,0.0491579151276092,1,0.3348517690302864,LR
2008-02-01,VDE,-0.0270900181900946,-0.0466396138391642,0,0.15153146890075433,LR
2008-02-08,VDE,0.0425870525303171,0.015555709746312,1,0.6312169306277163,LR
2008-02-15,VDE,0.0104907745857696,0.003551687757108,1,0.5341001686704884,LR
2008-02-22,VDE,0.0164040465063561,-0.0132724424976268,1,0.4691786663527696,LR
2008-02-29,VDE,-0.0330111492403026,-0.0307123818366646,0,0.4951706855795362,LR
2008-03-07,VDE,0.0137683805343957,-0.0007712062519646,1,0.6279796618297572,LR
2008-03-14,VDE,-0.046866249436092,0.0241019574617474,0,0.37275185441441416,LR
2008-03-21,VDE,0.0388900087878938,-0.0043155602747664,1,0.36861846752126715,LR
2008-03-28,VDE,0.0521068560141939,0.0409095197247231,1,0.32305033342815087,LR
2008-04-04,VDE,-0.0064584246255232,-0.0256409956939802,0,0.21033984177221343,LR
2008-04-11,VDE,0.0738535854595614,0.0382366095990602,1,0.4973213859444564,LR
2008-04-18,VDE,-0.0093134827805074,0.0080876767644738,0,0.10600341674308317,LR
2008-04-25,VDE,-0.0231979742598003,0.0136825242984561,0,0.19024857417558652,LR
2008-05-02,VDE,0.043914023796219,-0.0184447228113313,1,0.21213364625899667,LR
2008-05-09,VDE,0.0382031655533494,0.0270708658746683,1,0.10518153853577107,LR
2008-05-16,VDE,-0.0269555947057819,-0.0351891062374948,0,0.20046959832561617,LR
2008-05-23,VDE,-0.0018370266225657,0.0196891637078885,0,0.4067198148801129,LR
2008-05-30,VDE,0.01317268586063,-0.0289280515730527,1,0.3434561817474171,LR
2008-06-06,VDE,-0.0071445681281796,-0.0010273023428371,0,0.49329021962721187,LR
2008-06-13,VDE,0.011298950415661,-0.0287313390771952,1,0.6425768667837947,LR
2008-06-20,VDE,0.0163073985099648,-0.0307804343524429,1,0.8041682376335287,LR
2008-06-27,VDE,-0.0323754959756436,-0.0095660157373973,0,0.664753866070145,LR
2008-07-04,VDE,-0.0382470362689864,-0.0195552749283576,0,0.7868279947542708,LR
2008-07-11,VDE,-0.0622152447451761,0.0172806551036959,0,0.6547740388015558,LR
2008-07-18,VDE,-0.0268046598969963,-0.0039689478196923,0,0.47506799975918684,LR
2008-07-25,VDE,0.002545212015814,0.0054194840937832,0,0.718307738502373,LR
2008-08-01,VDE,-0.0410457801336674,0.0254432487732949,0,0.5241589546951358,LR
2008-08-08,VDE,-0.0065552197169181,0.0061839485733937,0,0.6044366985577028,LR
2008-08-15,VDE,0.0591444198633546,-0.0039943655541088,1,0.4057715269126048,LR
2008-08-22,VDE,0.0059523950919795,-0.0066335028335519,0,0.12268293031937265,LR
2008-08-29,VDE,-0.0593014415907442,-0.0339312580134339,0,0.3696593033247859,LR
2008-09-05,VDE,-0.0125195501373386,0.0134220167376712,0,0.47066567258681197,LR
2008-09-12,VDE,0.0710102130867755,-0.0099255770967007,1,0.15934946331726743,LR
2008-09-19,VDE,-0.0293146645454648,-0.0263454250061761,0,0.18454751838517708,LR
2008-09-26,VDE,-0.1291048874330642,-0.0869673941855841,0,0.7530828943930347,LR
2008-10-03,VDE,-0.2267554465888339,-0.1979333982656348,0,0.9682710557678703,LR
2008-10-10,VDE,0.0103015045898813,0.0532199945883545,1,0.9947829996164783,LR
2008-10-17,VDE,-0.0684089333872759,-0.0661949342776501,0,0.482173741637689,LR
2008-10-24,VDE,0.1738582821342889,0.1124776176323235,1,0.9417095698367554,LR
2008-10-31,VDE,-0.0230148942615249,-0.0306722337677157,0,0.030422158211643367,LR
2008-11-07,VDE,-0.0836898647169688,-0.0771361997130091,0,0.9839301680449197,LR
2008-11-14,VDE,-0.0691621521340773,-0.0819675733238803,0,0.986427230198789,LR
2008-11-21,VDE,0.1101916082974137,0.1329227319544739,1,0.9879235542687266,LR
2008-11-28,VDE,-0.1025640635504682,-0.0239762222842814,0,0.13489326887832515,LR
2008-12-05,VDE,0.0509118285524394,0.0120551148525893,1,0.8194121454459701,LR
2008-12-12,VDE,-0.0536273699687509,-0.0009453192419388,0,0.13116688215007735,LR
2008-12-19,VDE,-0.0322825822134285,-0.0116785283376064,0,0.5124550356952968,LR
2008-12-26,VDE,0.0927914621922527,0.0665436702117349,1,0.9887586439071439,LR
2008-01-04,VFH,-0.0105703786547372,-0.0082092469984222,0,0.7367484653677483,LR
2008-01-11,VFH,-0.0821835019715372,-0.0577234740273066,0,0.582303310831278,LR
2008-01-18,VFH,0.1191932516252225,0.0074207202016189,1,0.8035563200455375,LR
2008-01-25,VFH,0.0822862051223174,0.0491579151276092,1,0.1443422880727286,LR
2008-02-01,VFH,-0.0792671816305751,-0.0466396138391643,0,0.24517012831390902,LR
2008-02-08,VFH,-0.0111313345225471,0.0155557097463118,0,0.6889627565492066,LR
2008-02-15,VFH,-0.0066546043565088,0.003551687757108,0,0.32871132195146835,LR
2008-02-22,VFH,-0.0370898656234592,-0.0132724424976268,0,0.44122994698546486,LR
2008-02-29,VFH,-0.0542553029161818,-0.0307123818366646,0,0.832915424787111,LR
2008-03-07,VFH,-0.0118701584743945,-0.0007712062519646,0,0.9249108948827989,LR
2008-03-14,VFH,0.1200923984887456,0.0241019574617473,1,0.7345085620282472,LR
2008-03-21,VFH,-0.0671580419543278,-0.0043155602747664,0,0.1891345006468486,LR
2008-03-28,VFH,0.0590560370244221,0.0409095197247231,1,0.8558928391517119,LR
2008-04-04,VFH,-0.0554532257766132,-0.0256409956939803,0,0.29109340144919366,LR
2008-04-11,VFH,0.0502174211585002,0.0382366095990603,1,0.6720260752965047,LR
2008-04-18,VFH,0.0245475413494298,0.0080876767644738,1,0.3641498008606641,LR
2008-04-25,VFH,0.0231518958324279,0.0136825242984561,1,0.3123212286361836,LR
2008-05-02,VFH,-0.0544190257558366,-0.0184447228113312,0,0.4429096915143388,LR
2008-05-09,VFH,0.0064744684978752,0.0270708658746682,0,0.5998926267852815,LR
2008-05-16,VFH,-0.0552565849711979,-0.0351891062374948,0,0.38264904467779504,LR
2008-05-23,VFH,0.0102754129593116,0.0196891637078883,1,0.6939695410212885,LR
2008-05-30,VFH,-0.049653017213036,-0.0289280515730526,0,0.6573131540878895,LR
2008-06-06,VFH,-0.0066133890746022,-0.001027302342837,0,0.8075395575997909,LR
2008-06-13,VFH,-0.0365486475384702,-0.0287313390771953,0,0.7248895822033464,LR
2008-06-20,VFH,-0.073897550236925,-0.030780434352443,0,0.8455669424220125,LR
2008-06-27,VFH,-0.0271178465561717,-0.0095660157373972,0,0.9100281776639816,LR
2008-07-04,VFH,-0.0596583575106277,-0.0195552749283576,0,0.845464514620068,LR
2008-07-11,VFH,0.0457812412742733,0.0172806551036959,1,0.9159660843249906,LR
2008-07-18,VFH,-0.0140421604386251,-0.0039689478196925,0,0.0762033301690644,LR
2008-07-25,VFH,0.0351493258052046,0.0054194840937833,1,0.4409268809143377,LR
2008-08-01,VFH,0.0131226508093924,0.0254432487732949,1,0.24671229917694806,LR
2008-08-08,VFH,-0.0279971753532041,0.0061839485733936,0,0.22056751720731696,LR
2008-08-15,VFH,-0.0332112474972745,-0.0039943655541089,0,0.589312996483399,LR
2008-08-22,VFH,0.0391757071236436,-0.0066335028335519,1,0.3140148254596281,LR
2008-08-29,VFH,-0.0076591599850114,-0.033931258013434,0,0.5986428364457728,LR
2008-09-05,VFH,-0.0787401561288195,0.0134220167376713,0,0.6847234122659895,LR
2008-09-12,VFH,0.1268968686346858,-0.0099255770967008,1,0.7433562654869676,LR
2008-09-19,VFH,-0.03080512816404,-0.0263454250061762,0,0.27774796163747684,LR
2008-09-26,VFH,-0.1159523555210658,-0.0869673941855841,0,0.825069277169384,LR
2008-10-03,VFH,-0.1531914785398659,-0.1979333982656348,0,0.9735678040312976,LR
2008-10-10,VFH,-0.1135573587575756,0.0532199945883544,0,0.9877552668430476,LR
2008-10-17,VFH,-0.1155957379102146,-0.0661949342776503,0,0.6258680224013524,LR
2008-10-24,VFH,0.1595022424291854,0.1124776176323236,1,0.9765292477856036,LR
2008-10-31,VFH,-0.0664711919201008,-0.0306722337677158,0,0.020899041320438044,LR
2008-11-07,VFH,-0.1238390237104367,-0.0771361997130093,0,0.9587844040060303,LR
2008-11-14,VFH,-0.1923230476578621,-0.0819675733238803,0,0.9818636679761943,LR
2008-11-21,VFH,0.2283127273613259,0.1329227319544739,1,0.9951868010533694,LR
2008-11-28,VFH,0.0433909180469973,-0.0239762222842815,1,0.0011023088315231867,LR
2008-12-05,VFH,-0.0784095363179453,0.0120551148525894,0,0.1830559979965821,LR
2008-12-12,VFH,0.0220353030682332,-0.0009453192419387,1,0.24227476790257388,LR
2008-12-19,VFH,-0.0411925949975984,-0.0116785283376063,0,0.06385709188758916,LR
2008-12-26,VFH,0.0626022400107886,0.0665436702117349,1,0.9972752656805396,LR
2008-01-04,VGT,-0.0335355159126152,-0.0082092469984223,0,0.6597892260724104,LR
2008-01-11,VGT,-0.0498272703188467,-0.0577234740273065,0,0.47339440688367157,LR
2008-01-18,VGT,-0.0261622315396981,0.007420720201619,0,0.7761068032596153,LR
2008-01-25,VGT,0.038948394536135,0.0491579151276092,1,0.47740525145356355,LR
2008-02-01,VGT,-0.0544979821547927,-0.0466396138391642,0,0.23187981369008145,LR
2008-02-08,VGT,0.0072848774407414,0.0155557097463119,0,0.682237883216924,LR
2008-02-15,VGT,-0.0161849735624581,0.003551687757108,0,0.4790502997778416,LR
2008-02-22,VGT,-0.010162139176741,-0.0132724424976268,0,0.42746047888364824,LR
2008-02-29,VGT,-0.0177304519492044,-0.0307123818366645,0,0.5766784772823107,LR
2008-03-07,VGT,-0.0014005541309591,-0.0007712062519646,0,0.7523085623129515,LR
2008-03-14,VGT,0.0410340568552667,0.0241019574617473,1,0.4839969793955626,LR
2008-03-21,VGT,-0.0120763328796662,-0.0043155602747664,0,0.20699613284000823,LR
2008-03-28,VGT,0.0395981521413446,0.0409095197247229,1,0.6206030010631371,LR
2008-04-04,VGT,-0.0360834091708449,-0.0256409956939803,0,0.3018887753654441,LR
2008-04-11,VGT,0.060191556405486,0.0382366095990602,1,0.7475419195560261,LR
2008-04-18,VGT,0.0110659989046992,0.0080876767644738,1,0.24194935143435098,LR
2008-04-25,VGT,0.0235144167184704,0.0136825242984561,1,0.350116142852149,LR
2008-05-02,VGT,-0.0076390175551972,-0.0184447228113312,0,0.19439937926382006,LR
2008-05-09,VGT,0.03552940078739,0.0270708658746684,1,0.31876772901089623,LR
2008-05-16,VGT,-0.0364044279448034,-0.0351891062374949,0,0.18192270021200121,LR
2008-05-23,VGT,0.0348152262341663,0.0196891637078883,1,0.4562367777242186,LR
2008-05-30,VGT,-0.0165774319979653,-0.0289280515730526,0,0.33210775481636245,LR
2008-06-06,VGT,-0.0096406528381381,-0.001027302342837,0,0.48505960670120524,LR
2008-06-13,VGT,-0.0236108962865585,-0.0287313390771952,0,0.5514093758399338,LR
2008-06-20,VGT,-0.0391413820832939,-0.030780434352443,0,0.7321326149548667,LR
2008-06-27,VGT,-0.0242617480770108,-0.0095660157373972,0,0.8728971664235596,LR
2008-07-04,VGT,-0.0208253754186127,-0.0195552749283576,0,0.8434575382510144,LR
2008-07-11,VGT,0.0044418607118292,0.0172806551036958,0,0.7456993262989593,LR
2008-07-18,VGT,-0.0032523815219773,-0.0039689478196925,0,0.3676613565335419,LR
2008-07-25,VGT,-0.0089763410088693,0.0054194840937833,0,0.569729380720475,LR
2008-08-01,VGT,0.0545489197781976,0.025443248773295,1,0.5617126474039793,LR
2008-08-08,VGT,0.0127737367278291,0.0061839485733937,1,0.2023107813645311,LR
2008-08-15,VGT,-0.0177802024612196,-0.0039943655541087,0,0.37611374663197267,LR
2008-08-22,VGT,-0.016019199495176,-0.006633502833552,0,0.19454511752537873,LR
2008-08-29,VGT,-0.077320515462125,-0.033931258013434,0,0.2027893042838824,LR
2008-09-05,VGT,-0.010863109331572,0.0134220167376712,0,0.4812570053913763,LR
2008-09-12,VGT,0.0218556984183715,-0.0099255770967009,1,0.3939046927763924,LR
2008-09-19,VGT,-0.0334328418940453,-0.0263454250061761,0,0.4547428762794961,LR
2008-09-26,VGT,-0.0861701965332031,-0.0869673941855841,0,0.7141239908861959,LR
2008-10-03,VGT,-0.1166667029971167,-0.1979333982656347,0,0.9670252637861599,LR
2008-10-10,VGT,-0.020790492238912,0.0532199945883544,0,0.9823969119604282,LR
2008-10-17,VGT,-0.1170594156673443,-0.0661949342776504,0,0.5268275717173644,LR
2008-10-24,VGT,0.1197058733771829,0.1124776176323236,1,0.9607000773422758,LR
2008-10-31,VGT,-0.0535761101081324,-0.0306722337677159,0,0.014496879750101837,LR
2008-11-07,VGT,-0.1026968278884615,-0.0771361997130092,0,0.8632311678931912,LR
2008-11-14,VGT,-0.0532799933645181,-0.0819675733238801,0,0.9242764688139858,LR
2008-11-21,VGT,0.0795892026437958,0.1329227319544739,1,0.9445349771414788,LR
2008-11-28,VGT,0.0039562101552208,-0.0239762222842814,0,0.09032526821997662,LR
2008-12-05,VGT,0.0127596526837074,0.0120551148525893,1,0.28033141869321543,LR
2008-12-12,VGT,0.0034935298955671,-0.0009453192419388,0,0.2983973986355115,LR
2008-12-19,VGT,-0.0264471861141876,-0.0116785283376064,0,0.280762442333703,LR
2008-12-26,VGT,0.0668673902105447,0.066543670211735,1,0.9760718250178843,LR
2008-01-04,VHT,0.0356905320596989,-0.0082092469984223,1,0.5650210309927526,LR
2008-01-11,VHT,-0.0470851808355323,-0.0577234740273065,0,0.21418352641593796,LR
2008-01-18,VHT,0.0040859751020696,0.007420720201619,0,0.6396567669801434,LR
2008-01-25,VHT,0.0224877483339851,0.0491579151276093,1,0.38314757259565346,LR
2008-02-01,VHT,-0.030090649439636,-0.0466396138391642,0,0.0867193257211897,LR
2008-02-08,VHT,0.0052761033035573,0.0155557097463118,0,0.6272223048366844,LR
2008-02-15,VHT,-0.0219003349026501,0.003551687757108,0,0.5011481490860672,LR
2008-02-22,VHT,-0.0140350743343955,-0.0132724424976267,0,0.378383121189773,LR
2008-02-29,VHT,-0.0296428544180733,-0.0307123818366645,0,0.6211061433905684,LR
2008-03-07,VHT,-0.0285767515448504,-0.0007712062519645,0,0.7258664978069174,LR
2008-03-14,VHT,0.0563629781968917,0.0241019574617472,1,0.5521446919849325,LR
2008-03-21,VHT,-0.0018522371866909,-0.0043155602747664,0,0.1447768337394088,LR
2008-03-28,VHT,0.0266791109306878,0.0409095197247229,1,0.47411699724232625,LR
2008-04-04,VHT,-0.0141329733412857,-0.0256409956939801,0,0.20094129899751262,LR
2008-04-11,VHT,0.0025720997402809,0.0382366095990601,0,0.6426371117424337,LR
2008-04-18,VHT,0.0104914352220473,0.0080876767644737,1,0.3290766443941715,LR
2008-04-25,VHT,0.0054605580498134,0.0136825242984561,0,0.27059587334120394,LR
2008-05-02,VHT,-0.0136264532617116,-0.0184447228113312,0,0.31475285170368705,LR
2008-05-09,VHT,0.0043971758101513,0.0270708658746682,0,0.3691746961317755,LR
2008-05-16,VHT,-0.0049351208605722,-0.0351891062374948,0,0.25288966616128544,LR
2008-05-23,VHT,0.022614443023333,0.0196891637078884,1,0.48163718050859605,LR
2008-05-30,VHT,-0.0195691227586685,-0.0289280515730526,0,0.42609678435494386,LR
2008-06-06,VHT,-0.0098810777758465,-0.001027302342837,0,0.5168572650161232,LR
2008-06-13,VHT,-0.0192985883708715,-0.0287313390771951,0,0.4802788192982908,LR
2008-06-20,VHT,-0.0050991587133771,-0.0307804343524428,0,0.7053055780400646,LR
2008-06-27,VHT,0.0104403802937431,-0.0095660157373972,1,0.7837842043649664,LR
2008-07-04,VHT,0.0117911485030293,-0.0195552749283577,1,0.6966191399859515,LR
2008-07-11,VHT,0.0295106086914391,0.0172806551036959,1,0.552647891030435,LR
2008-07-18,VHT,0.0088113263512232,-0.0039689478196925,0,0.29600093011712125,LR
2008-07-25,VHT,-0.0078236562637713,0.0054194840937834,0,0.5575213761351323,LR
2008-08-01,VHT,0.0468610076736752,0.025443248773295,1,0.40977445048493943,LR
2008-08-08,VHT,0.0081939147701062,0.0061839485733937,0,0.10103496000833424,LR
2008-08-15,VHT,-0.0138583694473491,-0.0039943655541088,0,0.22945200313655478,LR
2008-08-22,VHT,-0.0135832344841811,-0.006633502833552,0,0.2033031555310574,LR
2008-08-29,VHT,-0.0377455809967326,-0.0339312580134339,0,0.21375483049849048,LR
2008-09-05,VHT,-0.014606158530757,0.0134220167376712,0,0.3904726209920181,LR
2008-09-12,VHT,-0.0026954451350581,-0.0099255770967008,0,0.3143512573131418,LR
2008-09-19,VHT,0.0147031655817693,-0.0263454250061761,1,0.3651733156942462,LR
2008-09-26,VHT,-0.0668334153852278,-0.086967394185584,0,0.600598286821291,LR
2008-10-03,VHT,-0.1616556500714678,-0.1979333982656348,0,0.8994528896694162,LR
2008-10-10,VHT,0.0843822564831622,0.0532199945883545,1,0.9856458938566078,LR
2008-10-17,VHT,-0.0579093282949335,-0.0661949342776501,0,0.13489331082847117,LR
2008-10-24,VHT,0.085727543466646,0.1124776176323236,1,0.7597455684210817,LR
2008-10-31,VHT,-0.0147688874866828,-0.0306722337677158,0,0.02172263914972124,LR
2008-11-07,VHT,-0.0580603895291023,-0.0771361997130091,0,0.8453730502671821,LR
2008-11-14,VHT,-0.0772033568988552,-0.0819675733238804,0,0.9438081493775865,LR
2008-11-21,VHT,0.0556641270741253,0.1329227319544739,1,0.9783503065533259,LR
2008-11-28,VHT,0.0259067902151846,-0.0239762222842816,1,0.09432321658850165,LR
2008-12-05,VHT,-0.0160524325530381,0.0120551148525894,0,0.15506331862627445,LR
2008-12-12,VHT,0.0394616682530784,-0.0009453192419388,1,0.41614523934907294,LR
2008-12-19,VHT,-0.0104840776601874,-0.0116785283376064,0,0.25971108275605764,LR
2008-12-26,VHT,0.0428731735156395,0.0665436702117349,1,0.9734565621166315,LR
2008-01-04,VIS,-0.0392517593176292,-0.0082092469984222,0,0.6054024642023765,LR
2008-01-11,VIS,-0.0566783126299779,-0.0577234740273065,0,0.48686729713565385,LR
2008-01-18,VIS,-0.0013540539436175,0.007420720201619,0,0.76214739874921,LR
2008-01-25,VIS,0.0620856345492459,0.0491579151276092,1,0.24442117941835018,LR
2008-02-01,VIS,-0.03978894475533,-0.0466396138391642,0,0.16666879109470653,LR
2008-02-08,VIS,0.0140573678973421,0.0155557097463118,1,0.5844933869127565,LR
2008-02-15,VIS,-0.0086580963505513,0.0035516877571079,0,0.41517274540127,LR
2008-02-22,VIS,-0.016695614726194,-0.0132724424976268,0,0.36559725838836543,LR
2008-02-29,VIS,-0.0201601041922426,-0.0307123818366644,0,0.6235009515469875,LR
2008-03-07,VIS,0.008472090785411,-0.0007712062519645,0,0.7904585110333879,LR
2008-03-14,VIS,0.0690516797599596,0.0241019574617473,1,0.5595036819749938,LR
2008-03-21,VIS,-0.0013083873540818,-0.0043155602747663,0,0.32988729255503096,LR
2008-03-28,VIS,0.040795663473242,0.0409095197247231,1,0.7115375613833714,LR
2008-04-04,VIS,-0.0595320898783405,-0.0256409956939802,0,0.34789663662471826,LR
2008-04-11,VIS,0.0442684929496881,0.0382366095990601,1,0.6121879246217781,LR
2008-04-18,VIS,0.0052047090398403,0.0080876767644736,0,0.2052708301936469,LR
2008-04-25,VIS,0.0101826712606922,0.013682524298456,1,0.19262792497600822,LR
2008-05-02,VIS,-0.0124636689833781,-0.0184447228113312,0,0.20016848884082197,LR
2008-05-09,VIS,0.0281710186295169,0.0270708658746683,1,0.3459054613123031,LR
2008-05-16,VIS,-0.0372696704018238,-0.035189106237495,0,0.2635469467890855,LR
2008-05-23,VIS,0.0305137887285709,0.0196891637078885,1,0.4308437533678054,LR
2008-05-30,VIS,-0.0364762762590574,-0.0289280515730527,0,0.35775744553187555,LR
2008-06-06,VIS,-0.0103973185736803,-0.0010273023428371,0,0.5354760129732451,LR
2008-06-13,VIS,-0.0101936357493416,-0.0287313390771952,0,0.5546957599448971,LR
2008-06-20,VIS,-0.0603663406092604,-0.0307804343524429,0,0.7182999031341972,LR
2008-06-27,VIS,-0.0243255516202381,-0.0095660157373972,0,0.8212492759455636,LR
2008-07-04,VIS,-0.0047574222204961,-0.0195552749283576,0,0.7423659781314325,LR
2008-07-11,VIS,0.0027980771032543,0.0172806551036959,0,0.6198070355494202,LR
2008-07-18,VIS,0.0133209517173702,-0.0039689478196925,1,0.27083435699783404,LR
2008-07-25,VIS,0.0035378514071895,0.0054194840937834,0,0.5996920030249241,LR
2008-08-01,VIS,0.032593801569192,0.0254432487732949,1,0.5384924729499138,LR
2008-08-08,VIS,0.0001477857001384,0.0061839485733936,0,0.2746965896329918,LR
2008-08-15,VIS,-0.0188152109696407,-0.0039943655541087,0,0.38379692793707904,LR
2008-08-22,VIS,0.0018048240402699,-0.0066335028335519,0,0.25916301368728506,LR
2008-08-29,VIS,-0.0589452139837137,-0.0339312580134339,0,0.343792249878706,LR
2008-09-05,VIS,-0.0182852244610479,0.0134220167376712,0,0.5466532334046403,LR
2008-09-12,VIS,0.0187650683604778,-0.0099255770967007,1,0.4648581368244628,LR
2008-09-19,VIS,-0.0451931980937234,-0.0263454250061761,0,0.42778503222156833,LR
2008-09-26,VIS,-0.1419589379766438,-0.086967394185584,0,0.7743318520208582,LR
2008-10-03,VIS,-0.104009558701322,-0.1979333982656347,0,0.9700822067614069,LR
2008-10-10,VIS,-0.0535751434109833,0.0532199945883544,0,0.9851906876795641,LR
2008-10-17,VIS,-0.1049663866519516,-0.0661949342776503,0,0.7178715508473962,LR
2008-10-24,VIS,0.150590527160382,0.1124776176323235,1,0.9657071631401659,LR
2008-10-31,VIS,-0.0508655913987261,-0.0306722337677158,0,0.012561892819747796,LR
2008-11-07,VIS,-0.0969163299118133,-0.0771361997130091,0,0.9132010966149613,LR
2008-11-14,VIS,-0.068819887149408,-0.0819675733238804,0,0.9248085726172983,LR
2008-11-21,VIS,0.1251976850799381,0.1329227319544739,1,0.9265787449229138,LR
2008-11-28,VIS,0.0101083511758035,-0.0239762222842814,1,0.026912752885893777,LR
2008-12-05,VIS,-0.0348538404319718,0.0120551148525894,0,0.20426929356375595,LR
2008-12-12,VIS,0.0198802833785554,-0.0009453192419388,1,0.2914612349359757,LR
2008-12-19,VIS,-0.0134745273047778,-0.0116785283376063,0,0.1615221034900561,LR
2008-12-26,VIS,0.0802138863884107,0.0665436702117349,1,0.9892241384085616,LR
2008-01-04,VNQ,0.0056110766556842,-0.0082092469984223,0,0.7874322345314643,LR
2008-01-11,VNQ,-0.0473884102080824,-0.0577234740273065,0,0.5111872412990724,LR
2008-01-18,VNQ,0.0905948595897199,0.007420720201619,1,0.8034769702154407,LR
2008-01-25,VNQ,0.0590097849939008,0.0491579151276094,1,0.17061579940075114,LR
2008-02-01,VNQ,-0.0685363511132159,-0.0466396138391643,0,0.2769344545965636,LR
2008-02-08,VNQ,0.0047361738676068,0.0155557097463119,0,0.665587345558571,LR
2008-02-15,VNQ,-0.0246934112600378,0.003551687757108,0,0.32821620665942575,LR
2008-02-22,VNQ,-0.023486572782797,-0.0132724424976267,0,0.5589203165810622,LR
2008-02-29,VNQ,-0.0189733856521368,-0.0307123818366644,0,0.7872358370345749,LR
2008-03-07,VNQ,0.0147918923181942,-0.0007712062519645,1,0.9397026213242492,LR
2008-03-14,VNQ,0.0866963018897166,0.0241019574617473,1,0.78884857689287,LR
2008-03-21,VNQ,-0.0451681514429624,-0.0043155602747664,0,0.2908467061871132,LR
2008-03-28,VNQ,0.0457495563308276,0.0409095197247231,1,0.7417881220545535,LR
2008-04-04,VNQ,-0.0541747741045255,-0.0256409956939802,0,0.20508585581679248,LR
2008-04-11,VNQ,0.0455979098492798,0.0382366095990603,1,0.5964571272553688,LR
2008-04-18,VNQ,0.0268233689410064,0.0080876767644737,1,0.2306439568115386,LR
2008-04-25,VNQ,-0.0089246616528092,0.0136825242984562,0,0.16885643403155973,LR
2008-05-02,VNQ,-0.0339683274769194,-0.0184447228113312,0,0.21846295255113787,LR
2008-05-09,VNQ,0.0384087276272455,0.0270708658746682,1,0.28440882949854623,LR
2008-05-16,VNQ,-0.048855658041959,-0.035189106237495,0,0.18276366049795628,LR
2008-05-23,VNQ,0.0212799524330475,0.0196891637078884,1,0.6404594742686188,LR
2008-05-30,VNQ,-0.0313483785104428,-0.0289280515730526,0,0.32865955993801166,LR
2008-06-06,VNQ,-0.0123343053381058,-0.0010273023428371,0,0.5472675179594034,LR
2008-06-13,VNQ,-0.0247920606889427,-0.0287313390771953,0,0.6020675500899988,LR
2008-06-20,VNQ,-0.0677533006456823,-0.0307804343524429,0,0.8106966145396518,LR
2008-06-27,VNQ,-0.0202609936670393,-0.0095660157373972,0,0.8605855353924136,LR
2008-07-04,VNQ,-0.0123779476450096,-0.0195552749283575,0,0.8085925215952823,LR
2008-07-11,VNQ,0.0380683782783857,0.0172806551036958,1,0.647155640612676,LR
2008-07-18,VNQ,0.010022085328565,-0.0039689478196925,1,0.17352567968113997,LR
2008-07-25,VNQ,0.0081940081056577,0.0054194840937834,0,0.5136740216114773,LR
2008-08-01,VNQ,0.0314948051526193,0.025443248773295,1,0.5557724877458041,LR
2008-08-08,VNQ,-0.0020770261670922,0.0061839485733936,0,0.29845402338595795,LR
2008-08-15,VNQ,-0.023021561059521,-0.0039943655541088,0,0.46736122150621473,LR
2008-08-22,VNQ,0.0103210557661985,-0.0066335028335521,1,0.28920287441982573,LR
2008-08-29,VNQ,-0.0114515981366557,-0.0339312580134339,0,0.4205132024369077,LR
2008-09-05,VNQ,-0.017168059911354,0.0134220167376713,0,0.518213987017224,LR
2008-09-12,VNQ,0.057110351261252,-0.0099255770967008,1,0.4683130053576734,LR
2008-09-19,VNQ,-0.0112903348861201,-0.0263454250061761,0,0.1381342283651175,LR
2008-09-26,VNQ,-0.0989309655670007,-0.0869673941855841,0,0.5448181179436258,LR
2008-10-03,VNQ,-0.1062571516479754,-0.1979333982656347,0,0.9256019401403004,LR
2008-10-10,VNQ,-0.1474849440348612,0.0532199945883545,0,0.9612714611584472,LR
2008-10-17,VNQ,-0.1887967321288516,-0.0661949342776503,0,0.9736845770221126,LR
2008-10-24,VNQ,0.1904215541451277,0.1124776176323237,1,0.9967450160303744,LR
2008-10-31,VNQ,-0.0640096963335231,-0.0306722337677158,0,0.006172652132721676,LR
2008-11-07,VNQ,-0.1868609321454855,-0.0771361997130092,0,0.9397656218055785,LR
2008-11-14,VNQ,-0.1730830569913095,-0.0819675733238804,0,0.9836615008589203,LR
2008-11-21,VNQ,0.1938965697468109,0.1329227319544739,1,0.9833721309492338,LR
2008-11-28,VNQ,0.0620204760700617,-0.0239762222842815,1,0.00676869869578167,LR
2008-12-05,VNQ,0.0038258113556961,0.0120551148525893,0,0.2823702649039346,LR
2008-12-12,VNQ,0.0785859965726789,-0.0009453192419388,1,0.27759300109579327,LR
2008-12-19,VNQ,-0.0360458692879672,-0.0116785283376063,0,0.11127371681625661,LR
2008-12-26,VNQ,0.0082857404436385,0.066543670211735,0,0.9960880880809234,LR
2008-01-04,VOX,-0.03202649940136,-0.0082092469984221,0,0.5569335715452631,LR
2008-01-11,VOX,-0.0795808910791077,-0.0577234740273066,0,0.49566932026274946,LR
2008-01-18,VOX,0.0305380418207688,0.0074207202016189,1,0.7665817539836282,LR
2008-01-25,VOX,0.068221234406441,0.0491579151276094,1,0.4823875502279499,LR
2008-02-01,VOX,-0.0561780828035674,-0.0466396138391642,0,0.16583390567801287,LR
2008-02-08,VOX,0.0217220743630472,0.0155557097463118,1,0.6585859914474834,LR
2008-02-15,VOX,-0.0527828423093525,0.0035516877571079,0,0.48000176864956257,LR
2008-02-22,VOX,-0.0204016984340223,-0.0132724424976268,0,0.457171475296973,LR
2008-02-29,VOX,-0.0258452558640583,-0.0307123818366645,0,0.6097891707237648,LR
2008-03-07,VOX,-0.0367965842263986,-0.0007712062519645,0,0.7359086929415029,LR
2008-03-14,VOX,0.0589473791289747,0.0241019574617473,1,0.7636259343686291,LR
2008-03-21,VOX,0.0050936174085582,-0.0043155602747664,0,0.19275214456826442,LR
2008-03-28,VOX,0.0370189248052992,0.040909519724723,1,0.6554654508884822,LR
2008-04-04,VOX,-0.0444063331344555,-0.0256409956939803,0,0.36902313927782454,LR
2008-04-11,VOX,0.0273304094975348,0.0382366095990602,1,0.7607731756819499,LR
2008-04-18,VOX,0.040777279521674,0.0080876767644736,1,0.40922112779835,LR
2008-04-25,VOX,0.0349863572634123,0.0136825242984561,1,0.31527388180782057,LR
2008-05-02,VOX,-0.0216976359390681,-0.0184447228113313,0,0.4035141234982343,LR
2008-05-09,VOX,0.034751342429409,0.0270708658746684,1,0.409815488335121,LR
2008-05-16,VOX,-0.0362612264080652,-0.0351891062374948,0,0.18031368098745532,LR
2008-05-23,VOX,0.0345497687332672,0.0196891637078884,1,0.459465139827514,LR
2008-05-30,VOX,-0.0095791530840747,-0.0289280515730526,0,0.4354024135666883,LR
2008-06-06,VOX,-0.0309202912720462,-0.0010273023428371,0,0.6083597760172477,LR
2008-06-13,VOX,-0.0263037350781105,-0.0287313390771953,0,0.6719655853265524,LR
2008-06-20,VOX,-0.0373274359484132,-0.0307804343524428,0,0.7626649085969953,LR
2008-06-27,VOX,-0.0251059816057462,-0.0095660157373973,0,0.8723192400996441,LR
2008-07-04,VOX,-0.0021616406623643,-0.0195552749283576,0,0.8811557299958697,LR
2008-07-11,VOX,-0.0018181919066373,0.0172806551036958,0,0.7600073341217481,LR
2008-07-18,VOX,0.0067467474794091,-0.0039689478196923,0,0.41335765179706924,LR
2008-07-25,VOX,-0.0129508346807761,0.0054194840937832,0,0.5646353541505849,LR
2008-08-01,VOX,0.0152494304827246,0.0254432487732949,1,0.49485731637834507,LR
2008-08-08,VOX,0.018028270518976,0.0061839485733936,1,0.25495045625383095,LR
2008-08-15,VOX,-0.019508319700555,-0.0039943655541088,0,0.3305238849314791,LR
2008-08-22,VOX,0.0110929904345686,-0.006633502833552,1,0.22844491866480993,LR
2008-08-29,VOX,-0.0425396873837425,-0.0339312580134339,0,0.3006307741383161,LR
2008-09-05,VOX,-0.0136467941552465,0.0134220167376713,0,0.38044789105584315,LR
2008-09-12,VOX,0.0108396606967178,-0.0099255770967008,1,0.44642688083559556,LR
2008-09-19,VOX,-0.0707437814759813,-0.0263454250061761,0,0.4626261837251193,LR
2008-09-26,VOX,-0.0799639022231145,-0.0869673941855841,0,0.781291078959741,LR
2008-10-03,VOX,-0.1716676782868669,-0.1979333982656348,0,0.9676448445545605,LR
2008-10-10,VOX,-0.028131326422761,0.0532199945883545,0,0.9931477253370395,LR
2008-10-17,VOX,-0.1100000034679066,-0.0661949342776504,0,0.2912388057175648,LR
2008-10-24,VOX,0.1689414692055801,0.1124776176323237,1,0.9499832715573447,LR
2008-10-31,VOX,-0.0308642307548693,-0.0306722337677158,0,0.009331788220275077,LR
2008-11-07,VOX,-0.0469472625867987,-0.0771361997130091,0,0.9137095009081903,LR
2008-11-14,VOX,-0.1146723204852961,-0.0819675733238804,0,0.9212042605748494,LR
2008-11-21,VOX,0.1950831852024845,0.1329227319544739,1,0.9815684142363967,LR
2008-11-28,VOX,0.0449129035720741,-0.0239762222842815,1,0.007830651626499477,LR
2008-12-05,VOX,-0.0403347145139858,0.0120551148525893,0,0.11159406419820933,LR
2008-12-12,VOX,0.0008966804523662,-0.0009453192419388,0,0.2936809762886781,LR
2008-12-19,VOX,0.0055568809006254,-0.0116785283376064,0,0.17587471721662837,LR
2008-12-26,VOX,0.0547091170032469,0.0665436702117349,1,0.9981406980066364,LR
2008-01-04,VPU,0.0212323593368959,-0.0082092469984223,1,0.6714255750390681,LR
2008-01-11,VPU,-0.0760734784698116,-0.0577234740273066,0,0.33530677978160905,LR
2008-01-18,VPU,0.0178478693593469,0.0074207202016189,1,0.6741815998498722,LR
2008-01-25,VPU,0.0542537228522237,0.0491579151276093,1,0.3141666945665401,LR
2008-02-01,VPU,-0.0312162137776659,-0.0466396138391642,0,0.07346407242211596,LR
2008-02-08,VPU,-0.011171805537245,0.0155557097463119,0,0.5975672590951127,LR
2008-02-15,VPU,-0.0198187237419751,0.003551687757108,0,0.4453236861452352,LR
2008-02-22,VPU,-0.0357670063947753,-0.0132724424976268,0,0.3992044994452112,LR
2008-02-29,VPU,0.0055190945394649,-0.0307123818366645,0,0.6273014449220713,LR
2008-03-07,VPU,0.0037084517499315,-0.0007712062519646,0,0.7145658678027682,LR
2008-03-14,VPU,0.0281171905464074,0.0241019574617473,1,0.5426124604233659,LR
2008-03-21,VPU,-0.0093231587290111,-0.0043155602747664,0,0.33041462452762066,LR
2008-03-28,VPU,0.0485650923259746,0.040909519724723,1,0.6331384300823184,LR
2008-04-04,VPU,-0.0083190643864352,-0.0256409956939803,0,0.2417611735065075,LR
2008-04-11,VPU,0.0414142477364116,0.0382366095990603,1,0.6862466574940619,LR
2008-04-18,VPU,-0.0057143256777808,0.0080876767644738,0,0.2869880719662284,LR
2008-04-25,VPU,0.0133109559716504,0.0136825242984561,1,0.22400595827102476,LR
2008-05-02,VPU,-0.0167927886700961,-0.0184447228113311,0,0.20012318346218014,LR
2008-05-09,VPU,0.015684928647528,0.0270708658746683,1,0.26305929912930315,LR
2008-05-16,VPU,-0.0010606522039958,-0.0351891062374948,0,0.20202661120214516,LR
2008-05-23,VPU,0.0109734549283277,0.0196891637078883,1,0.3946826252132093,LR
2008-05-30,VPU,-0.0120284808167007,-0.0289280515730526,0,0.36593452942714755,LR
2008-06-06,VPU,0.0104767442215529,-0.0010273023428371,1,0.5083001475565461,LR
2008-06-13,VPU,-0.0074722636105857,-0.0287313390771951,0,0.5477836026324235,LR
2008-06-20,VPU,-0.0317833672188031,-0.0307804343524429,0,0.7175734863823373,LR
2008-06-27,VPU,0.0071566754053646,-0.0095660157373972,0,0.758964852680839,LR
2008-07-04,VPU,0.0,-0.0195552749283576,0,0.48129815210296123,LR
2008-07-11,VPU,-0.0428072234257094,0.0172806551036959,0,0.35154957409289667,LR
2008-07-18,VPU,-0.0214646087594314,-0.0039689478196924,0,0.33076344985721506,LR
2008-07-25,VPU,-0.0103478909277802,0.0054194840937832,0,0.41043286859673367,LR
2008-08-01,VPU,0.0086296548606912,0.0254432487732949,0,0.46834991164064976,LR
2008-08-08,VPU,-0.0047872007012449,0.0061839485733937,0,0.3174548649814451,LR
2008-08-15,VPU,0.0157990313573841,-0.0039943655541088,1,0.43914298345811614,LR
2008-08-22,VPU,0.0008957094492318,-0.0066335028335519,0,0.26513750560911675,LR
2008-08-29,VPU,-0.0670793954312304,-0.0339312580134339,0,0.37483778699976916,LR
2008-09-05,VPU,0.0025175889536639,0.0134220167376711,0,0.4171114644873068,LR
2008-09-12,VPU,-0.0104754067806526,-0.0099255770967008,0,0.2086537830991296,LR
2008-09-19,VPU,0.0231428963797433,-0.0263454250061762,1,0.2964856746809429,LR
2008-09-26,VPU,-0.0710695863178819,-0.086967394185584,0,0.6197958096331374,LR
2008-10-03,VPU,-0.1818321130438183,-0.1979333982656347,0,0.9050419938583566,LR
2008-10-10,VPU,0.0704672982759564,0.0532199945883544,1,0.9912648906268263,LR
2008-10-17,VPU,-0.0161402346826694,-0.0661949342776502,0,0.26352260637795205,LR
2008-10-24,VPU,0.1017347497757814,0.1124776176323236,1,0.7455433237614758,LR
2008-10-31,VPU,-0.0070769667932352,-0.0306722337677158,0,0.03135916414153196,LR
2008-11-07,VPU,-0.0278819965451893,-0.0771361997130091,0,0.9393325742945007,LR
2008-11-14,VPU,0.0008448671308332,-0.0819675733238803,0,0.9549258478901969,LR
2008-11-21,VPU,0.0483681906217312,0.1329227319544738,1,0.9577930218818257,LR
2008-11-28,VPU,-0.0324675332717779,-0.0239762222842815,0,0.2603730585561062,LR
2008-12-05,VPU,-0.0052988855449312,0.0120551148525893,0,0.36453186043458957,LR
2008-12-12,VPU,-0.0084450790973285,-0.0009453192419389,0,0.4934851939063201,LR
2008-12-19,VPU,-0.0060810913127037,-0.0116785283376064,0,0.4829878986669716,LR
2008-12-26,VPU,0.0602860529161903,0.0665436702117349,1,0.9861590669583161,LR
2009-01-02,VAW,-0.0093836347288611,-0.041630183013481,0,0.723389537262643,LR
2009-01-09,VAW,-0.0331455542537799,-0.0452356498674735,0,0.7694063990867319,LR
2009-01-16,VAW,-0.0153395054610491,-0.0229248222049111,0,0.3995409588010534,LR
2009-01-23,VAW,-0.041486203308326,-0.0033693797289381,0,0.5014138157529585,LR
2009-01-30,VAW,0.0994675856898998,0.0501028405925356,1,0.7377979068351428,LR
2009-02-06,VAW,-0.0490109789502489,-0.0485167486209115,0,0.4885134784249425,LR
2009-02-13,VAW,-0.0247239266219262,-0.0645239648714273,0,0.6307624201487674,LR
2009-02-20,VAW,-0.0632015661668928,-0.0450788795277597,0,0.4009785870316823,LR
2009-02-27,VAW,-0.0414439301743153,-0.0677667220158231,0,0.38183816212338945,LR
2009-03-06,VAW,0.1296610156706463,0.1040333055427969,1,0.8008222992291729,LR
2009-03-13,VAW,0.0307540101153813,0.0153646895452395,1,0.15207776841687748,LR
2009-03-20,VAW,0.0539410276693723,0.0638767119207628,1,0.28172316389240465,LR
2009-03-27,VAW,0.054901029425568,0.0324718132630226,1,0.07043560875425578,LR
2009-04-03,VAW,0.0196204307020246,0.0183947400320714,1,0.2022293923769323,LR
2009-04-10,VAW,0.0162601367406312,0.0148004073255667,1,0.35288174346240964,LR
2009-04-17,VAW,0.0383093941151839,-0.0048231543849475,1,0.24560015793974702,LR
2009-04-24,VAW,0.0423399411058798,0.0141933748911111,1,0.22661169225307984,LR
2009-05-01,VAW,0.0362234527580995,0.0579129250697509,1,0.160921537226193,LR
2009-05-08,VAW,-0.033345900465439,-0.0459234191946703,0,0.16970177077040066,LR
2009-05-15,VAW,0.0140384527353139,0.0034940609977403,1,0.3479936748120766,LR
2009-05-22,VAW,0.0385569857090473,0.0394296673183795,1,0.20706726311849694,LR
2009-05-29,VAW,0.0001801823973828,0.0218309131197942,0,0.15141317145787977,LR
2009-06-05,VAW,0.0231498440327038,0.0056055083670182,1,0.2257377431734304,LR
2009-06-12,VAW,-0.052156639552552,-0.0265049955255392,0,0.24486282605084242,LR
2009-06-19,VAW,0.0100755755011436,-0.002173319845361,1,0.2994823824365473,LR
2009-06-26,VAW,-0.0269186677865572,-0.0221033631978906,0,0.26138088667660436,LR
2009-07-03,VAW,-0.0234966204001072,-0.0205989841423594,0,0.41769546806512087,LR
2009-07-10,VAW,0.0973721483894696,0.0701454221332243,1,0.42997419723837277,LR
2009-07-17,VAW,0.0653330418229842,0.0417511106673989,1,0.1294872761551547,LR
2009-07-24,VAW,0.0084352156512255,0.0076481924163218,0,0.18556582462192006,LR
2009-07-31,VAW,0.0261612867793137,0.0241877234811433,1,0.25041102644329893,LR
2009-08-07,VAW,-0.0103261313022461,-0.004051477840907,0,0.20295454523835518,LR
2009-08-14,VAW,0.0468324240945421,0.0216291488126297,1,0.2815725545654949,LR
2009-08-21,VAW,-0.0121280724150938,0.0039815345054623,0,0.2756775980762787,LR
2009-08-28,VAW,0.0074528114438388,-0.0127683995073285,0,0.2673807614455644,LR
2009-09-04,VAW,0.016682843396425,0.0265536189799985,1,0.3641559332630367,LR
2009-09-11,VAW,0.0589087362705744,0.0234635895745592,1,0.2993740574171756,LR
2009-09-18,VAW,-0.0347906150459508,-0.021270815231492,0,0.3814103753501639,LR
2009-09-25,VAW,-0.0337364565044079,-0.0187646389640205,0,0.45773654290993515,LR
2009-10-02,VAW,0.0617021991262032,0.0465413395324004,1,0.2884020040485684,LR
2009-10-09,VAW,0.0130347873954117,0.0151966404511339,1,0.17496683476207672,LR
2009-10-16,VAW,-0.0206886548071175,-0.0074386597745474,0,0.2774707882792238,LR
2009-10-23,VAW,-0.0747461865052642,-0.0418211538225628,0,0.21973610457583573,LR
2009-10-30,VAW,0.0440594397833655,0.0344727552638329,1,0.20383728069483692,LR
2009-11-06,VAW,0.0244586327326805,0.0232430830507846,1,0.19993560919678538,LR
2009-11-13,VAW,0.006928740604031,-0.0017335265287033,0,0.3078310832900842,LR
2009-11-20,VAW,-0.0171242407631557,0.0012796968325411,0,0.36493311696953384,LR
2009-11-27,VAW,0.0058287157121961,0.0131418470757675,0,0.28554166174649437,LR
2009-12-04,VAW,0.0008929343856145,0.0009010461189881,0,0.4020815746993406,LR
2009-12-11,VAW,-0.0135652930269111,-0.002759906539108,0,0.4436439948704489,LR
2009-12-18,VAW,0.0213999468244019,0.0205972260549548,1,0.42845114624887903,LR
2009-12-25,VAW,-0.0195171101613125,-0.0092459805646364,0,0.26417999365613914,LR
2009-01-02,VCR,-0.035287091914929,-0.0416301830134809,0,0.7199577411026956,LR
2009-01-09,VCR,-0.0381395206894985,-0.0452356498674735,0,0.7095014422600909,LR
2009-01-16,VCR,-0.0310153079209892,-0.0229248222049112,0,0.38172453810623846,LR
2009-01-23,VCR,-0.0242669130941379,-0.003369379728938,0,0.5067538880979309,LR
2009-01-30,VCR,0.0654991554888015,0.0501028405925357,1,0.7544408014117898,LR
2009-02-06,VCR,-0.0538588261381296,-0.0485167486209116,0,0.46120015558897964,LR
2009-02-13,VCR,-0.0241093938186807,-0.0645239648714273,0,0.5986071781559198,LR
2009-02-20,VCR,-0.0215643325813619,-0.0450788795277596,0,0.30951692275538756,LR
2009-02-27,VCR,-0.0642585047807732,-0.0677667220158231,0,0.3288065568412596,LR
2009-03-06,VCR,0.1407927309697276,0.1040333055427969,1,0.779845430807743,LR
2009-03-13,VCR,0.0153736258752954,0.0153646895452395,1,0.12419253995317876,LR
2009-03-20,VCR,0.072866079240343,0.0638767119207628,1,0.24402020687176265,LR
2009-03-27,VCR,0.0639195730113508,0.0324718132630227,1,0.0730101786014187,LR
2009-04-03,VCR,0.0325052909768197,0.0183947400320714,1,0.17956645963207593,LR
2009-04-10,VCR,0.0244476582534709,0.0148004073255668,1,0.3078639221556439,LR
2009-04-17,VCR,0.0379522517542949,-0.0048231543849475,1,0.1745376660236479,LR
2009-04-24,VCR,0.0376920607073261,0.0141933748911112,1,0.2202205284410872,LR
2009-05-01,VCR,0.0218413313663261,0.0579129250697509,1,0.1418102676000261,LR
2009-05-08,VCR,-0.0623120735115826,-0.0459234191946702,0,0.1913220724607862,LR
2009-05-15,VCR,-0.0028718688971142,0.0034940609977403,0,0.40999880204389677,LR
2009-05-22,VCR,0.0343136855893102,0.0394296673183795,1,0.252562492041789,LR
2009-05-29,VCR,0.0188627280527691,0.0218309131197943,1,0.18509800745891347,LR
2009-06-05,VCR,-0.0096359904836782,0.0056055083670181,0,0.22083293189802117,LR
2009-06-12,VCR,-0.0148067150384628,-0.0265049955255392,0,0.29339187218316154,LR
2009-06-19,VCR,0.0078608254461092,-0.0021733198453609,0,0.2955282658055527,LR
2009-06-26,VCR,-0.0285794275202245,-0.0221033631978907,0,0.23814470959740675,LR
2009-07-03,VCR,-0.0017391702403193,-0.0205989841423593,0,0.4232876878046649,LR
2009-07-10,VCR,0.073304386406247,0.0701454221332242,1,0.39895861610360944,LR
2009-07-17,VCR,0.0483569692368057,0.0417511106673988,1,0.1423564874267756,LR
2009-07-24,VCR,0.0137860847784125,0.0076481924163218,1,0.18900622472356826,LR
2009-07-31,VCR,0.0359980339345176,0.0241877234811434,1,0.2552417256579232,LR
2009-08-07,VCR,-0.0281959461935336,-0.0040514778409071,0,0.1763459638246478,LR
2009-08-14,VCR,0.0455117262372994,0.0216291488126299,1,0.27449641028818833,LR
2009-08-21,VCR,0.004295949847749,0.0039815345054624,0,0.25501285463956447,LR
2009-08-28,VCR,0.0004819387412933,-0.0127683995073285,0,0.2580361549204917,LR
2009-09-04,VCR,0.0272989284043594,0.0265536189799985,1,0.33404934854894547,LR
2009-09-11,VCR,0.0411280853437894,0.0234635895745592,1,0.2605175809189695,LR
2009-09-18,VCR,-0.0256585159996403,-0.0212708152314919,0,0.3185909316082492,LR
2009-09-25,VCR,-0.0252665778398095,-0.0187646389640206,0,0.42678798486884567,LR
2009-10-02,VCR,0.0506628623251066,0.0465413395324003,1,0.3056038815927426,LR
2009-10-09,VCR,0.0089766090407124,0.0151966404511338,0,0.18303043313380896,LR
2009-10-16,VCR,-0.0046562991480622,-0.0074386597745474,0,0.26363776228181274,LR
2009-10-23,VCR,-0.0641025954528035,-0.0418211538225628,0,0.2573816977571964,LR
2009-10-30,VCR,0.0426182601028846,0.0344727552638328,1,0.2636480281421299,LR
2009-11-06,VCR,0.0228648384624092,0.0232430830507846,1,0.19834884033836075,LR
2009-11-13,VCR,-0.0210549430676922,-0.0017335265287033,0,0.297281094188996,LR
2009-11-20,VCR,-0.0072558931327816,0.0012796968325411,0,0.27497197725774286,LR
2009-11-27,VCR,0.0180080342715527,0.0131418470757675,1,0.2579211388313531,LR
2009-12-04,VCR,0.0143665621928945,0.0009010461189883,1,0.330133782943621,LR
2009-12-11,VCR,-0.0017116351771879,-0.002759906539108,0,0.448216998484486,LR
2009-12-18,VCR,0.008957176137974,0.0205972260549548,0,0.4696302400889014,LR
2009-12-25,VCR,-0.0128746432376521,-0.0092459805646364,0,0.23989539843497942,LR
2009-01-02,VDC,-0.044235699168865,-0.041630183013481,0,0.4080942956852714,LR
2009-01-09,VDC,-0.0028694378089735,-0.0452356498674735,0,0.41142639640866246,LR
2009-01-16,VDC,-0.0185753395820068,-0.0229248222049112,0,0.23794128611484763,LR
2009-01-23,VDC,-0.0196258196228948,-0.0033693797289382,0,0.26601441170340806,LR
2009-01-30,VDC,0.0371141646185213,0.0501028405925356,1,0.4797098995129301,LR
2009-02-06,VDC,-0.0360343419057382,-0.0485167486209115,0,0.2334066002875678,LR
2009-02-13,VDC,-0.008070752810407,-0.0645239648714273,0,0.5258158720247372,LR
2009-02-20,VDC,-0.0438224033049712,-0.0450788795277595,0,0.2896998044499938,LR
2009-02-27,VDC,-0.0223452271394993,-0.0677667220158232,0,0.35985706123380257,LR
2009-03-06,VDC,0.0613848614538954,0.1040333055427968,1,0.6906669386994226,LR
2009-03-13,VDC,0.0001979081837413,0.0153646895452394,0,0.1412300379837281,LR
2009-03-20,VDC,0.0355468685098459,0.0638767119207627,1,0.25633372400891385,LR
2009-03-27,VDC,0.0291132059838652,0.0324718132630225,1,0.0955898919122762,LR
2009-04-03,VDC,0.001495361328125,0.0183947400320714,0,0.210917103549969,LR
2009-04-10,VDC,0.0227144560554684,0.0148004073255668,1,0.30592155978835217,LR
2009-04-17,VDC,-0.0084095862896168,-0.0048231543849476,0,0.26822599308659106,LR
2009-04-24,VDC,0.0341168140451431,0.0141933748911111,1,0.3751906647683365,LR
2009-05-01,VDC,0.0192552477380854,0.0579129250697509,1,0.31791001953856163,LR
2009-05-08,VDC,0.0027022433870389,-0.0459234191946703,0,0.2637119696874068,LR
2009-05-15,VDC,0.0115946788308736,0.0034940609977403,1,0.42629511254630376,LR
2009-05-22,VDC,0.0172138641875669,0.0394296673183795,1,0.24700273306100326,LR
2009-05-29,VDC,0.0164075461693653,0.0218309131197943,1,0.2703897229071816,LR
2009-06-05,VDC,-0.0079782926824056,0.005605508367018,0,0.2810854009997919,LR
2009-06-12,VDC,-0.0076124330885261,-0.0265049955255391,0,0.34627605891664076,LR
2009-06-19,VDC,0.0115748832359443,-0.002173319845361,1,0.2957515503389039,LR
2009-06-26,VDC,-0.0050086512588038,-0.0221033631978907,0,0.25146942877496015,LR
2009-07-03,VDC,0.0013980778512894,-0.0205989841423593,0,0.4150228355240706,LR
2009-07-10,VDC,0.0466375226016648,0.0701454221332242,1,0.45141700569874144,LR
2009-07-17,VDC,0.0237537974680313,0.0417511106673988,1,0.18557508064129094,LR
2009-07-24,VDC,0.0081967213114753,0.0076481924163218,0,0.16982521013958765,LR
2009-07-31,VDC,-0.0108695356193957,0.0241877234811433,0,0.19597932773971713,LR
2009-08-07,VDC,0.0019733420354348,-0.004051477840907,0,0.19425248891987093,LR
2009-08-14,VDC,0.0348333358764647,0.0216291488126298,1,0.2772587023840285,LR
2009-08-21,VDC,0.0001614455269487,0.0039815345054623,0,0.19106731704346797,LR
2009-08-28,VDC,0.0159921599503591,-0.0127683995073287,1,0.24482717004157598,LR
2009-09-04,VDC,0.0132503486453074,0.0265536189799985,1,0.2811385454310813,LR
2009-09-11,VDC,0.0148898877048133,0.0234635895745591,1,0.22235833290506715,LR
2009-09-18,VDC,-0.0025113773302675,-0.0212708152314919,0,0.3171122426843699,LR
2009-09-25,VDC,0.0040867988147694,-0.0187646389640206,0,0.3416356129400013,LR
2009-10-02,VDC,0.0226668269590857,0.0465413395324003,1,0.284243591780951,LR
2009-10-09,VDC,0.011732505023392,0.0151966404511338,1,0.17435194573880758,LR
2009-10-16,VDC,-0.0133794262561979,-0.0074386597745475,0,0.23048561136363427,LR
2009-10-23,VDC,-0.0144640216782599,-0.0418211538225627,0,0.2108530347175601,LR
2009-10-30,VDC,0.0144704811369207,0.0344727552638327,1,0.2568327561169312,LR
2009-11-06,VDC,0.0131359666781056,0.0232430830507845,1,0.22892077093287588,LR
2009-11-13,VDC,0.0047597750832362,-0.0017335265287033,0,0.2608895895104624,LR
2009-11-20,VDC,-0.0096831517994221,0.0012796968325412,0,0.2677865241964033,LR
2009-11-27,VDC,0.0082939161112323,0.0131418470757674,0,0.21523657001895113,LR
2009-12-04,VDC,-0.0016167050098681,0.0009010461189881,0,0.34268912828849735,LR
2009-12-11,VDC,-0.0233070058462946,-0.0027599065391081,0,0.3706160273349646,LR
2009-12-18,VDC,-0.0085342070221727,0.0205972260549546,0,0.29577449760483304,LR
2009-12-25,VDC,-0.0124773638536656,-0.0092459805646362,0,0.19874978237335555,LR
2009-01-02,VDE,-0.0258935603871,-0.041630183013481,0,0.3985123573139209,LR
2009-01-09,VDE,-0.0330167218056242,-0.0452356498674735,0,0.6005014614365124,LR
2009-01-16,VDE,0.0173365641013696,-0.0229248222049112,1,0.42153340937289835,LR
2009-01-23,VDE,-0.0132895232705073,-0.003369379728938,0,0.4528961845357813,LR
2009-01-30,VDE,0.0712643912012092,0.0501028405925357,1,0.6751236539840488,LR
2009-02-06,VDE,-0.0539152581142434,-0.0485167486209116,0,0.5434116953650127,LR
2009-02-13,VDE,-0.0756055839494767,-0.0645239648714274,0,0.6705406353900728,LR
2009-02-20,VDE,-0.0444810663756687,-0.0450788795277596,0,0.5211155455569064,LR
2009-02-27,VDE,-0.0428145704429446,-0.0677667220158232,0,0.44145315390384077,LR
2009-03-06,VDE,0.0963355198548367,0.1040333055427968,1,0.8168915872815008,LR
2009-03-13,VDE,0.0437177449610211,0.0153646895452395,1,0.16002149088053313,LR
2009-03-20,VDE,0.0149110200593629,0.0638767119207626,1,0.23924610385229492,LR
2009-03-27,VDE,0.071149509554879,0.0324718132630226,1,0.07709699104321956,LR
2009-04-03,VDE,-0.0071374522641459,0.0183947400320715,0,0.2185736792155024,LR
2009-04-10,VDE,0.0211180213995034,0.0148004073255666,1,0.37474372640822073,LR
2009-04-17,VDE,0.0326827864024708,-0.0048231543849477,1,0.2655556454181186,LR
2009-04-24,VDE,0.0449179848902205,0.0141933748911111,1,0.28603814601675004,LR
2009-05-01,VDE,0.084598674548572,0.0579129250697509,1,0.248206856751065,LR
2009-05-08,VDE,-0.0675675675675675,-0.0459234191946704,0,0.15094471249508803,LR
2009-05-15,VDE,0.0044260073463966,0.0034940609977403,0,0.3831634724534699,LR
2009-05-22,VDE,0.0723356768315011,0.0394296673183796,1,0.18824710221857976,LR
2009-05-29,VDE,-0.011347269309573,0.0218309131197941,0,0.14135390723783656,LR
2009-06-05,VDE,0.0343496446556961,0.0056055083670181,1,0.272534560531563,LR
2009-06-12,VDE,-0.0615343953554785,-0.0265049955255392,0,0.2765576158438086,LR
2009-06-19,VDE,-0.012906022330721,-0.002173319845361,0,0.36924483595328905,LR
2009-06-26,VDE,-0.0401084449973559,-0.0221033631978908,0,0.33390866434432326,LR
2009-07-03,VDE,-0.0166742224309052,-0.0205989841423593,0,0.4813907497534122,LR
2009-07-10,VDE,0.0915547415859034,0.0701454221332242,1,0.5132183196920344,LR
2009-07-17,VDE,0.0513827861887721,0.0417511106673989,1,0.1707470888335545,LR
2009-07-24,VDE,-0.0146764312062709,0.0076481924163219,0,0.2503440051822726,LR
2009-07-31,VDE,-0.0109129584972712,0.0241877234811433,0,0.26804693327175577,LR
2009-08-07,VDE,0.0005410647282866,-0.0040514778409071,0,0.281259588594328,LR
2009-08-14,VDE,0.0542368252115799,0.0216291488126298,1,0.3212701078264207,LR
2009-08-21,VDE,-0.0094707231394938,0.0039815345054623,0,0.3383984229867892,LR
2009-08-28,VDE,-0.0054571549008833,-0.0127683995073287,0,0.31175571757422493,LR
2009-09-04,VDE,0.034781386160505,0.0265536189799986,1,0.36583402860489855,LR
2009-09-11,VDE,0.0478635101030002,0.0234635895745592,1,0.25469159469977865,LR
2009-09-18,VDE,-0.0161832817393917,-0.0212708152314919,0,0.36884203671354304,LR
2009-09-25,VDE,-0.0272186553237653,-0.0187646389640206,0,0.4030406117224216,LR
2009-10-02,VDE,0.0798701496867391,0.0465413395324003,1,0.26794760071068086,LR
2009-10-09,VDE,0.0359942833014053,0.0151966404511338,1,0.16620741150193352,LR
2009-10-16,VDE,-0.0147580466935335,-0.0074386597745475,0,0.25719053119295093,LR
2009-10-23,VDE,-0.0579979126910877,-0.0418211538225627,0,0.2347885180759806,LR
2009-10-30,VDE,0.025932755309872,0.0344727552638328,1,0.21382822198211657,LR
2009-11-06,VDE,-0.0080009450790403,0.0232430830507845,0,0.2113850033368736,LR
2009-11-13,VDE,-0.0259237429263654,-0.0017335265287034,0,0.3881453578125093,LR
2009-11-20,VDE,-0.0170728475571878,0.0012796968325413,0,0.305747077677849,LR
2009-11-27,VDE,-0.0118719015591265,0.0131418470757676,0,0.2859532726844871,LR
2009-12-04,VDE,-0.0003660210717577,0.0009010461189882,0,0.34639080344793804,LR
2009-12-11,VDE,0.0028859770707163,-0.0027599065391081,0,0.4273371147224186,LR
2009-12-18,VDE,0.0059502559474413,0.0205972260549547,0,0.4197866646441557,LR
2009-12-25,VDE,-0.0211341488911713,-0.0092459805646364,0,0.2573252842496713,LR
2009-01-02,VFH,-0.0756756414417229,-0.0416301830134811,0,0.8387793358547493,LR
2009-01-09,VFH,-0.1246861753054531,-0.0452356498674736,0,0.8346573699768001,LR
2009-01-16,VFH,-0.0323382888653828,-0.0229248222049111,0,0.6404030097799552,LR
2009-01-23,VFH,0.0055923035040621,-0.0033693797289382,0,0.8037239210635848,LR
2009-01-30,VFH,0.0795632201282714,0.0501028405925356,1,0.9054126147338644,LR
2009-02-06,VFH,-0.0926993435862331,-0.0485167486209115,0,0.7610257348029842,LR
2009-02-13,VFH,-0.0922222137451171,-0.0645239648714274,0,0.8343075695077087,LR
2009-02-20,VFH,-0.0300885077242551,-0.0450788795277597,0,0.6487783626174235,LR
2009-02-27,VFH,-0.1420454531771202,-0.0677667220158232,0,0.5469103633271306,LR
2009-03-06,VFH,0.3130173674211505,0.1040333055427969,1,0.9473563540135977,LR
2009-03-13,VFH,-0.0135440056669353,0.0153646895452395,0,0.07230349367321749,LR
2009-03-20,VFH,0.0206349896755921,0.0638767119207628,1,0.36637937172898627,LR
2009-03-27,VFH,0.1153428148004864,0.0324718132630225,1,0.2093114643523939,LR
2009-04-03,VFH,0.1068930739618716,0.0183947400320713,1,0.33898686526755295,LR
2009-04-10,VFH,0.0575771558136093,0.0148004073255668,1,0.6304225535026694,LR
2009-04-17,VFH,0.0212959323607671,-0.0048231543849475,1,0.3294076684660615,LR
2009-04-24,VFH,0.003177471295616,0.0141933748911111,0,0.5350326480112657,LR
2009-05-01,VFH,0.1672613732042358,0.0579129250697509,1,0.18362080162202266,LR
2009-05-08,VFH,-0.0814960522012793,-0.0459234191946703,0,0.13305204218968378,LR
2009-05-15,VFH,-0.017183563995142,0.0034940609977403,0,0.4560984502061466,LR
2009-05-22,VFH,0.0577835326316582,0.0394296673183796,1,0.31183016572045064,LR
2009-05-29,VFH,0.0020136623928384,0.0218309131197941,0,0.06972569123668902,LR
2009-06-05,VFH,0.0145572429039764,0.005605508367018,1,0.36935147149475256,LR
2009-06-12,VFH,-0.0213279951110472,-0.0265049955255392,0,0.34456790172838003,LR
2009-06-19,VFH,-0.0099792007788644,-0.0021733198453611,0,0.328757317069431,LR
2009-06-26,VFH,-0.0332640025962148,-0.0221033631978907,0,0.32861580418861397,LR
2009-07-03,VFH,-0.0247396518890201,-0.0205989841423593,0,0.5244628050642315,LR
2009-07-10,VFH,0.0659388757220751,0.0701454221332243,1,0.4625354547366913,LR
2009-07-17,VFH,0.0231613035630915,0.0417511106673988,1,0.17002049540792574,LR
2009-07-24,VFH,0.0404601544944882,0.0076481924163217,1,0.2187819510017037,LR
2009-07-31,VFH,0.0787900914451855,0.0241877234811433,1,0.1726070877697297,LR
2009-08-07,VFH,-0.0131442117873485,-0.0040514778409071,0,0.09258010259874752,LR
2009-08-14,VFH,0.0538683940469206,0.0216291488126298,1,0.2229230734123631,LR
2009-08-21,VFH,0.0003388759337266,0.0039815345054623,0,0.17762828869270142,LR
2009-08-28,VFH,-0.0199862134582043,-0.0127683995073287,0,0.16305968964797726,LR
2009-09-04,VFH,0.0083131196446661,0.0265536189799985,0,0.3607884008689003,LR
2009-09-11,VFH,0.0555747976117002,0.0234635895745592,1,0.2836139969803216,LR
2009-09-18,VFH,-0.0308661939505837,-0.021270815231492,0,0.2926025266940581,LR
2009-09-25,VFH,-0.0238501108634193,-0.0187646389640205,0,0.43448942111865807,LR
2009-10-02,VFH,0.0478979795907126,0.0465413395324003,1,0.3187678169372502,LR
2009-10-09,VFH,-0.0084883554899417,0.0151966404511339,0,0.1603735967625571,LR
2009-10-16,VFH,-0.0134691143304476,-0.0074386597745474,0,0.253619011163826,LR
2009-10-23,VFH,-0.0626040967408728,-0.0418211538225627,0,0.26206605264835797,LR
2009-10-30,VFH,0.0088308020033964,0.0344727552638328,0,0.19439681557034205,LR
2009-11-06,VFH,0.0124481538520693,0.0232430830507846,1,0.17327994257462362,LR
2009-11-13,VFH,-0.0121662929535361,-0.0017335265287033,0,0.2711942772919742,LR
2009-11-20,VFH,-0.0318536267965741,0.0012796968325411,0,0.26238280964743,LR
2009-11-27,VFH,0.0237264587856298,0.0131418470757676,1,0.22882940365442728,LR
2009-12-04,VFH,-0.0095791578406385,0.0009010461189882,0,0.3234435789625114,LR
2009-12-11,VFH,-0.0065494840592402,-0.002759906539108,0,0.418336986578717,LR
2009-12-18,VFH,0.0113871611083051,0.0205972260549547,1,0.40669248316896656,LR
2009-12-25,VFH,-0.0108991719404594,-0.0092459805646363,0,0.21330291176789118,LR
2009-01-02,VGT,-0.0122298153311121,-0.041630183013481,0,0.5424730998847843,LR
2009-01-09,VGT,-0.0354466719075695,-0.0452356498674736,0,0.6036270133942472,LR
2009-01-16,VGT,-0.0122644284675232,-0.0229248222049112,0,0.35921741492534937,LR
2009-01-23,VGT,-0.0060422041529262,-0.0033693797289381,0,0.4154308771767851,LR
2009-01-30,VGT,0.1039360707422225,0.0501028405925357,1,0.6297540597793526,LR
2009-02-06,VGT,-0.0294608501049783,-0.0485167486209115,0,0.37834529884563145,LR
2009-02-13,VGT,-0.0396449758235091,-0.0645239648714273,0,0.5782903324407801,LR
2009-02-20,VGT,-0.0298095019487311,-0.0450788795277596,0,0.3720301073215187,LR
2009-02-27,VGT,-0.0296582869992733,-0.0677667220158231,0,0.39816802887275554,LR
2009-03-06,VGT,0.1118621614133899,0.1040333055427968,1,0.81096308175818,LR
2009-03-13,VGT,0.0123717518093913,0.0153646895452395,1,0.1543220044010377,LR
2009-03-20,VGT,0.0328202456607402,0.0638767119207628,1,0.2645860747693637,LR
2009-03-27,VGT,0.0767475748918689,0.0324718132630226,1,0.08302097678717213,LR
2009-04-03,VGT,0.023879779412856,0.0183947400320713,1,0.18320677932841423,LR
2009-04-10,VGT,0.0136590612537979,0.0148004073255667,1,0.31215609095530533,LR
2009-04-17,VGT,0.0337197741007775,-0.0048231543849475,1,0.17962271768743934,LR
2009-04-24,VGT,0.0335483674080141,0.0141933748911112,1,0.19893457443200321,LR
2009-05-01,VGT,-0.0249628854272715,0.057912925069751,0,0.20013560558167176,LR
2009-05-08,VGT,-0.0074264000305566,-0.0459234191946702,0,0.30901954041933527,LR
2009-05-15,VGT,0.0017971679962283,0.0034940609977403,0,0.35749302075524625,LR
2009-05-22,VGT,0.0553257335254488,0.0394296673183795,1,0.22341228461111096,LR
2009-05-29,VGT,0.0301277404056781,0.0218309131197942,1,0.22961614686862905,LR
2009-06-05,VGT,0.0138888926305489,0.0056055083670181,1,0.18826712140191468,LR
2009-06-12,VGT,-0.0063275522533982,-0.0265049955255391,0,0.26781651002676077,LR
2009-06-19,VGT,0.0126010166902523,-0.0021733198453611,1,0.3039673748762444,LR
2009-06-26,VGT,-0.0201075660777892,-0.0221033631978907,0,0.2976861318078376,LR
2009-07-03,VGT,-0.0141826964958886,-0.0205989841423594,0,0.3798435897342895,LR
2009-07-10,VGT,0.0930572415547201,0.0701454221332242,1,0.42619081726991176,LR
2009-07-17,VGT,0.029470374138703,0.0417511106673988,1,0.1395919978397254,LR
2009-07-24,VGT,0.0060553367027074,0.0076481924163218,0,0.2023910517759026,LR
2009-07-31,VGT,-0.0010645742060524,0.0241877234811433,0,0.20428118047951585,LR
2009-08-07,VGT,0.0027824753857319,-0.004051477840907,0,0.1876623509235425,LR
2009-08-14,VGT,0.0358227890140365,0.0216291488126298,1,0.3024100065908654,LR
2009-08-21,VGT,0.0045947661048062,0.0039815345054623,0,0.2807826317607756,LR
2009-08-28,VGT,0.0037767584085621,-0.0127683995073285,0,0.2870776478695447,LR
2009-09-04,VGT,0.0205308552199803,0.0265536189799985,1,0.2937372123566109,LR
2009-09-11,VGT,0.0228945786693224,0.023463589574559,1,0.25910440846582,LR
2009-09-18,VGT,-0.0064335243008248,-0.0212708152314919,0,0.37128813262192906,LR
2009-09-25,VGT,-0.0273806492005186,-0.0187646389640206,0,0.3942018378177998,LR
2009-10-02,VGT,0.0461570520257748,0.0465413395324004,1,0.28784544508855525,LR
2009-10-09,VGT,0.0007847184593323,0.0151966404511338,0,0.15972722060412556,LR
2009-10-16,VGT,0.0054815733997615,-0.0074386597745475,0,0.20557046874802046,LR
2009-10-23,VGT,-0.040101179704622,-0.0418211538225627,0,0.2303851505939558,LR
2009-10-30,VGT,0.0311237051288326,0.0344727552638329,1,0.25846818423872386,LR
2009-11-06,VGT,0.0223517530442878,0.0232430830507845,1,0.2630999378367011,LR
2009-11-13,VGT,-0.0174045019489162,-0.0017335265287034,0,0.33420662796364337,LR
2009-11-20,VGT,-0.0133333478655134,0.0012796968325412,0,0.25500650226968913,LR
2009-11-27,VGT,0.0247342759284421,0.0131418470757676,1,0.20857511590080524,LR
2009-12-04,VGT,-0.0005662283796918,0.0009010461189881,0,0.39059494285981955,LR
2009-12-11,VGT,0.0069353843892143,-0.0027599065391081,0,0.43458467241586946,LR
2009-12-18,VGT,0.0231610148550542,0.0205972260549547,1,0.42610901608390644,LR
2009-12-25,VGT,-0.0083138059632548,-0.0092459805646364,0,0.23585050825840712,LR
2009-01-02,VHT,-0.0365591561922462,-0.041630183013481,0,0.41551124351194857,LR
2009-01-09,VHT,0.0004455437299089,-0.0452356498674736,0,0.4846125499256711,LR
2009-01-16,VHT,0.0013420124025869,-0.0229248222049112,0,0.24309044434382818,LR
2009-01-23,VHT,0.0042476778147422,-0.0033693797289381,0,0.2721830086651636,LR
2009-01-30,VHT,0.0541992852462209,0.0501028405925356,1,0.5148357359753352,LR
2009-02-06,VHT,-0.0186876420739802,-0.0485167486209115,0,0.3022677501659741,LR
2009-02-13,VHT,-0.0097951612788169,-0.0645239648714274,0,0.4769083600475745,LR
2009-02-20,VHT,-0.111659186381496,-0.0450788795277597,0,0.2604882405626967,LR
2009-02-27,VHT,-0.0208226565942972,-0.0677667220158231,0,0.4854482985085033,LR
2009-03-06,VHT,0.1006622314453125,0.1040333055427968,1,0.6865002095500579,LR
2009-03-13,VHT,-0.023111774898511,0.0153646895452395,0,0.12229428073226398,LR
2009-03-20,VHT,0.0129248667138528,0.0638767119207626,1,0.31597838198995903,LR
2009-03-27,VHT,-0.0158430354489913,0.0324718132630227,0,0.102830871497966,LR
2009-04-03,VHT,0.0168674882636012,0.0183947400320713,1,0.23388651646480202,LR
2009-04-10,VHT,0.0242337955349463,0.0148004073255667,1,0.44829491149882705,LR
2009-04-17,VHT,-0.020759638612548,-0.0048231543849475,0,0.3944685659006533,LR
2009-04-24,VHT,0.0151514484289283,0.0141933748911112,1,0.433266439276669,LR
2009-05-01,VHT,0.0549762950919581,0.0579129250697509,1,0.3303956465593862,LR
2009-05-08,VHT,0.0018222782135954,-0.0459234191946703,0,0.39017234305824294,LR
2009-05-15,VHT,-0.0085952784729061,0.0034940609977403,0,0.5762186721662665,LR
2009-05-22,VHT,0.0330654986597755,0.0394296673183795,1,0.2804744792868569,LR
2009-05-29,VHT,-0.0008847802773144,0.0218309131197941,0,0.2630642821915312,LR
2009-06-05,VHT,0.0057996500315353,0.0056055083670181,0,0.3408435455601775,LR
2009-06-12,VHT,0.0308173538573932,-0.0265049955255392,1,0.4020886507874982,LR
2009-06-19,VHT,0.020573483687013,-0.0021733198453611,1,0.2822250324158574,LR
2009-06-26,VHT,-0.025332766397383,-0.0221033631978908,0,0.3166654792303672,LR
2009-07-03,VHT,-0.0013289340257635,-0.0205989841423593,0,0.4246806660321238,LR
2009-07-10,VHT,0.0294117200454322,0.0701454221332242,1,0.414937627756987,LR
2009-07-17,VHT,0.049562051415533,0.0417511106673989,1,0.17578277218329552,LR
2009-07-24,VHT,0.0026449084309696,0.0076481924163218,0,0.19290091450559535,LR
2009-07-31,VHT,-0.0123257342829505,0.0241877234811433,0,0.19862186074899219,LR
2009-08-07,VHT,0.0096568982614635,-0.004051477840907,0,0.18183905929576152,LR
2009-08-14,VHT,0.0394737254879815,0.0216291488126299,1,0.22658678469152443,LR
2009-08-21,VHT,-0.0039454912933615,0.0039815345054623,0,0.2050208347994331,LR
2009-08-28,VHT,0.003388518832911,-0.0127683995073286,0,0.2413404824782724,LR
2009-09-04,VHT,0.010063108099096,0.0265536189799985,1,0.27941950528228676,LR
2009-09-11,VHT,0.0096022279088432,0.023463589574559,0,0.22653024284418952,LR
2009-09-18,VHT,-0.021022182925076,-0.0212708152314919,0,0.3422532129524527,LR
2009-09-25,VHT,-0.0160752739032744,-0.0187646389640205,0,0.37243244136793796,LR
2009-10-02,VHT,0.0258500539549435,0.0465413395324003,1,0.27810039131272263,LR
2009-10-09,VHT,0.0100619283028833,0.0151966404511338,1,0.19016584732991293,LR
2009-10-16,VHT,-0.0183872649168109,-0.0074386597745474,0,0.18675264328150926,LR
2009-10-23,VHT,-0.0301791125124742,-0.0418211538225627,0,0.1904264712629453,LR
2009-10-30,VHT,0.0357714005351248,0.0344727552638328,1,0.2605027223659136,LR
2009-11-06,VHT,0.015183565905477,0.0232430830507845,1,0.214231279471485,LR
2009-11-13,VHT,0.0067593057021559,-0.0017335265287033,0,0.26190292439928653,LR
2009-11-20,VHT,0.0081662698215752,0.0012796968325413,0,0.2507112546491161,LR
2009-11-27,VHT,0.0060617531113011,0.0131418470757675,0,0.22828603835955824,LR
2009-12-04,VHT,0.0062043824328732,0.0009010461189881,0,0.37592032477972004,LR
2009-12-11,VHT,-0.000904799829519,-0.002759906539108,0,0.46459674514628574,LR
2009-12-18,VHT,-0.0136985999964658,0.0205972260549547,0,0.46103394961045097,LR
2009-12-25,VHT,-0.0093236221045175,-0.0092459805646364,0,0.21758686405911307,LR
2009-01-02,VIS,-0.036285793308744,-0.041630183013481,0,0.6220719850440304,LR
2009-01-09,VIS,-0.0624560975191885,-0.0452356498674736,0,0.6375065988823292,LR
2009-01-16,VIS,-0.0524335203358005,-0.0229248222049112,0,0.3469414716432851,LR
2009-01-23,VIS,-0.0084633611002793,-0.0033693797289382,0,0.44586840636391584,LR
2009-01-30,VIS,0.051100766692955,0.0501028405925356,1,0.6655385579601165,LR
2009-02-06,VIS,-0.0399999803112399,-0.0485167486209115,0,0.4068225322991982,LR
2009-02-13,VIS,-0.0525580386932086,-0.0645239648714273,0,0.6489129044323785,LR
2009-02-20,VIS,-0.0886483516557102,-0.0450788795277597,0,0.419333906634856,LR
2009-02-27,VIS,-0.0752723875117721,-0.0677667220158232,0,0.5719226482234028,LR
2009-03-06,VIS,0.1393088133991717,0.1040333055427969,1,0.8883284556791539,LR
2009-03-13,VIS,-0.0009380481465378,0.0153646895452394,0,0.1560488191651085,LR
2009-03-20,VIS,0.0687254175494096,0.0638767119207628,1,0.33302614048416457,LR
2009-03-27,VIS,0.0653879689037317,0.0324718132630226,1,0.09690889501232013,LR
2009-04-03,VIS,0.0423659141725611,0.0183947400320713,1,0.2580858952299476,LR
2009-04-10,VIS,0.0421221514730822,0.0148004073255667,1,0.5276722724367704,LR
2009-04-17,VIS,0.0383112134903287,-0.0048231543849475,1,0.3699883835029194,LR
2009-04-24,VIS,0.0404298347576301,0.0141933748911111,1,0.35748510091779834,LR
2009-05-01,VIS,0.068634612450233,0.057912925069751,1,0.21623178019402794,LR
2009-05-08,VIS,-0.0705854964518282,-0.0459234191946704,0,0.30833007428201553,LR
2009-05-15,VIS,-0.0118255614789822,0.0034940609977402,0,0.5059621819008258,LR
2009-05-22,VIS,0.0126829379942359,0.0394296673183795,1,0.2872422812419382,LR
2009-05-29,VIS,0.0408501397701526,0.0218309131197943,1,0.1652867672099872,LR
2009-06-05,VIS,-0.0108818756652586,0.0056055083670182,0,0.29156366790336946,LR
2009-06-12,VIS,-0.0425433561291997,-0.0265049955255392,0,0.3095732855246736,LR
2009-06-19,VIS,0.0031824008071283,-0.0021733198453611,0,0.3207131182250455,LR
2009-06-26,VIS,-0.0317961492483611,-0.0221033631978908,0,0.25055094040078163,LR
2009-07-03,VIS,-0.0237793740383642,-0.0205989841423593,0,0.4564997332883366,LR
2009-07-10,VIS,0.0777000764717854,0.0701454221332243,1,0.44846241837406836,LR
2009-07-17,VIS,0.0353080056121246,0.0417511106673989,1,0.11878595037874973,LR
2009-07-24,VIS,0.0245469073429378,0.0076481924163218,1,0.16511510433476037,LR
2009-07-31,VIS,0.0404714175099094,0.0241877234811434,1,0.22384483094363553,LR
2009-08-07,VIS,-0.0118279405819472,-0.004051477840907,0,0.1860346324655967,LR
2009-08-14,VIS,0.0449288367192448,0.0216291488126298,1,0.2612589346805757,LR
2009-08-21,VIS,-0.0048635977539346,0.0039815345054623,0,0.24686168613777446,LR
2009-08-28,VIS,0.0158179743900328,-0.0127683995073286,1,0.24707269905868573,LR
2009-09-04,VIS,0.0315723016837099,0.0265536189799986,1,0.33734266965481036,LR
2009-09-11,VIS,0.0493624347717744,0.0234635895745592,1,0.24263384022148,LR
2009-09-18,VIS,-0.0266272636785674,-0.021270815231492,0,0.32511492466299935,LR
2009-09-25,VIS,-0.0392632793503356,-0.0187646389640205,0,0.39546495275813953,LR
2009-10-02,VIS,0.0456448991161899,0.0465413395324003,1,0.28828081146548873,LR
2009-10-09,VIS,0.0095598396930616,0.0151966404511338,0,0.18100955241171116,LR
2009-10-16,VIS,-0.0132253882937889,-0.0074386597745475,0,0.3087664592410618,LR
2009-10-23,VIS,-0.0575424797605726,-0.0418211538225628,0,0.24149164897350134,LR
2009-10-30,VIS,0.0562367841504729,0.0344727552638328,1,0.23331146147072082,LR
2009-11-06,VIS,0.0128788923213856,0.0232430830507845,1,0.1837102507499295,LR
2009-11-13,VIS,-0.0154828578558255,-0.0017335265287033,0,0.3063450615265375,LR
2009-11-20,VIS,-0.0170081376027761,0.0012796968325412,0,0.2925125736011892,LR
2009-11-27,VIS,0.0307449252461453,0.0131418470757676,1,0.22561299171149798,LR
2009-12-04,VIS,-0.0026672356614371,0.0009010461189881,0,0.3791191202340697,LR
2009-12-11,VIS,-0.009863437893083,-0.002759906539108,0,0.4416603118787471,LR
2009-12-18,VIS,0.0001905894877614,0.0205972260549547,0,0.4051671441560286,LR
2009-12-25,VIS,-0.0178979173365568,-0.0092459805646364,0,0.22337360015122137,LR
2009-01-02,VNQ,-0.0607265352559088,-0.041630183013481,0,0.9402079677932824,LR
2009-01-09,VNQ,-0.0082116924876106,-0.0452356498674736,0,0.8748113271902678,LR
2009-01-16,VNQ,-0.0310945275107167,-0.0229248222049112,0,0.41736989556022547,LR
2009-01-23,VNQ,-0.0371556653723536,-0.003369379728938,0,0.7849376392290314,LR
2009-01-30,VNQ,0.0599250347716076,0.0501028405925354,1,0.8914647004343433,LR
2009-02-06,VNQ,-0.1404066118350379,-0.0485167486209115,0,0.6139060395330695,LR
2009-02-13,VNQ,-0.0023076717670147,-0.0645239648714273,0,0.8575230765148657,LR
2009-02-20,VNQ,-0.0874713861280821,-0.0450788795277596,0,0.44766268855516006,LR
2009-02-27,VNQ,-0.102292016215702,-0.0677667220158233,0,0.5125792434566755,LR
2009-03-06,VNQ,0.2506094262451728,0.1040333055427969,1,0.8669672334449661,LR
2009-03-13,VNQ,-0.1099071259991251,0.0153646895452394,0,0.08257559342107555,LR
2009-03-20,VNQ,-0.0033208768451361,0.0638767119207629,0,0.6761232493996642,LR
2009-03-27,VNQ,0.2088525400686645,0.0324718132630225,1,0.17931123427676995,LR
2009-04-03,VNQ,0.0747731916638267,0.0183947400320714,1,0.12724252113312226,LR
2009-04-10,VNQ,0.0761773139497923,0.0148004073255667,1,0.483475427223652,LR
2009-04-17,VNQ,0.067243688288956,-0.0048231543849477,1,0.389373280530252,LR
2009-04-24,VNQ,-0.0250952674608135,0.0141933748911111,0,0.28444872577060537,LR
2009-05-01,VNQ,0.0657516588240931,0.0579129250697509,1,0.378552470069301,LR
2009-05-08,VNQ,-0.0852640844178274,-0.0459234191946704,0,0.33074345011265677,LR
2009-05-15,VNQ,0.017373887486187,0.0034940609977403,1,0.574557390441893,LR
2009-05-22,VNQ,0.0752972468607329,0.0394296673183796,1,0.328106410195479,LR
2009-05-29,VNQ,0.0329933554015209,0.0218309131197943,1,0.25995775682018996,LR
2009-06-05,VNQ,-0.0293609789430697,0.0056055083670181,0,0.4370276828546138,LR
2009-06-12,VNQ,-0.0538508070138553,-0.0265049955255392,0,0.31724610250769986,LR
2009-06-19,VNQ,-0.0009714630865336,-0.002173319845361,0,0.38945483957450466,LR
2009-06-26,VNQ,-0.0333225717156301,-0.0221033631978906,0,0.2750882478675847,LR
2009-07-03,VNQ,-0.0380471730332506,-0.0205989841423594,0,0.46220431193819406,LR
2009-07-10,VNQ,0.0679678919237383,0.0701454221332242,1,0.425735407049143,LR
2009-07-17,VNQ,0.0686432199043842,0.0417511106673988,1,0.14907061493111118,LR
2009-07-24,VNQ,0.0346384844805593,0.0076481924163218,1,0.1748310265452845,LR
2009-07-31,VNQ,0.1433456471195231,0.0241877234811433,1,0.25964949836089374,LR
2009-08-07,VNQ,-0.0427607608751539,-0.004051477840907,0,0.053815590266861106,LR
2009-08-14,VNQ,0.053561753292173,0.0216291488126297,1,0.19736723649984975,LR
2009-08-21,VNQ,0.0155255942004952,0.0039815345054623,1,0.17275414394239355,LR
2009-08-28,VNQ,-0.0405921984227,-0.0127683995073287,0,0.15295452122433006,LR
2009-09-04,VNQ,0.052397173066337,0.0265536189799985,1,0.4463016563052175,LR
2009-09-11,VNQ,0.1015663581882984,0.0234635895745591,1,0.16206621252945563,LR
2009-09-18,VNQ,-0.0497790909698336,-0.021270815231492,0,0.19259805424770035,LR
2009-09-25,VNQ,-0.045178452231686,-0.0187646389640205,0,0.39047130034948996,LR
2009-10-02,VNQ,0.0407546901103086,0.0465413395324004,1,0.27485972008143206,LR
2009-10-09,VNQ,-0.0216034932591295,0.0151966404511339,0,0.19866851907344,LR
2009-10-16,VNQ,-0.0031668957498509,-0.0074386597745475,0,0.3482897835698568,LR
2009-10-23,VNQ,-0.0320215443211223,-0.0418211538225627,0,0.33309781775292907,LR
2009-10-30,VNQ,-0.0040302227792768,0.0344727552638329,0,0.2574032500122045,LR
2009-11-06,VNQ,0.0485920934721528,0.0232430830507845,1,0.24581444259308763,LR
2009-11-13,VNQ,-0.0127447985471558,-0.0017335265287032,0,0.32323038605792154,LR
2009-11-20,VNQ,-0.0446219221271424,0.0012796968325411,0,0.29479322432181243,LR
2009-11-27,VNQ,0.0849864621697527,0.0131418470757675,1,0.2781055277096833,LR
2009-12-04,VNQ,-0.0144829013246815,0.0009010461189882,0,0.28981556470033243,LR
2009-12-11,VNQ,0.0116625232464933,-0.002759906539108,1,0.394137232915254,LR
2009-12-18,VNQ,0.0342341574511086,0.0205972260549546,1,0.42527014098321025,LR
2009-12-25,VNQ,-0.0295010160665786,-0.0092459805646364,0,0.21138274541208157,LR
2009-01-02,VOX,0.0050896116226122,-0.0416301830134809,0,0.6890858393417654,LR
2009-01-09,VOX,-0.0576204679182877,-0.0452356498674736,0,0.7264648317264178,LR
2009-01-16,VOX,0.0060989517949523,-0.0229248222049112,0,0.3278974822923467,LR
2009-01-23,VOX,-0.0238867997405085,-0.0033693797289382,0,0.464384594998652,LR
2009-01-30,VOX,0.0505818341781652,0.0501028405925357,1,0.7002259812681867,LR
2009-02-06,VOX,-0.0300089807201136,-0.0485167486209115,0,0.4800782649663975,LR
2009-02-13,VOX,-0.0180897254356401,-0.0645239648714273,0,0.5293543054127212,LR
2009-02-20,VOX,-0.0075553879555602,-0.0450788795277595,0,0.3402617550991119,LR
2009-02-27,VOX,-0.0473313446711408,-0.0677667220158232,0,0.26596661517994225,LR
2009-03-06,VOX,0.1126647646175789,0.1040333055427968,1,0.7418563506312006,LR
2009-03-13,VOX,0.0296456855260793,0.0153646895452395,1,0.08908232342461227,LR
2009-03-20,VOX,0.0110559946263721,0.0638767119207626,1,0.2018696441740089,LR
2009-03-27,VOX,0.0592575500636352,0.0324718132630226,1,0.05313552769044465,LR
2009-04-03,VOX,0.0083013919422842,0.0183947400320714,0,0.1414772315117534,LR
2009-04-10,VOX,-0.0150564873546215,0.0148004073255668,0,0.28440512323530265,LR
2009-04-17,VOX,-0.0002167310054119,-0.0048231543849475,0,0.19607621335889794,LR
2009-04-24,VOX,0.0289192861017038,0.0141933748911112,1,0.31494390013464946,LR
2009-05-01,VOX,0.0103220481869359,0.0579129250697509,1,0.2516624878903469,LR
2009-05-08,VOX,-0.0222870179594301,-0.0459234191946702,0,0.2699976090655287,LR
2009-05-15,VOX,-0.0127172206494299,0.0034940609977402,0,0.3959127049041184,LR
2009-05-22,VOX,0.0509719362686837,0.0394296673183796,1,0.2650117706486392,LR
2009-05-29,VOX,-0.0022208886142258,0.0218309131197942,0,0.2482425717068126,LR
2009-06-05,VOX,0.0158697610392988,0.0056055083670181,1,0.30539529904410356,LR
2009-06-12,VOX,-0.005687564125542,-0.0265049955255391,0,0.33859443019710395,LR
2009-06-19,VOX,0.0260994751694643,-0.002173319845361,1,0.2727974585782092,LR
2009-06-26,VOX,-0.0353666308212975,-0.0221033631978908,0,0.22947381691541424,LR
2009-07-03,VOX,-0.0275761565204392,-0.0205989841423594,0,0.32980052761575346,LR
2009-07-10,VOX,0.0424035340044535,0.0701454221332242,1,0.45558779535012395,LR
2009-07-17,VOX,0.0396242336128129,0.0417511106673988,1,0.1511710103958845,LR
2009-07-24,VOX,0.0015738346149054,0.0076481924163217,0,0.1811413363266137,LR
2009-07-31,VOX,-0.0349328166627153,0.0241877234811433,0,0.19910502550565326,LR
2009-08-07,VOX,-0.0123432000305601,-0.004051477840907,0,0.22201978988083904,LR
2009-08-14,VOX,0.0310204175053809,0.0216291488126298,1,0.27728609730425,LR
2009-08-21,VOX,0.0068978806177222,0.0039815345054623,0,0.2638117595981248,LR
2009-08-28,VOX,-0.0011827591924391,-0.0127683995073285,0,0.27724468349680764,LR
2009-09-04,VOX,0.0459703117746468,0.0265536189799987,1,0.3324073853704373,LR
2009-09-11,VOX,0.0195635989185949,0.0234635895745591,1,0.1939911540614964,LR
2009-09-18,VOX,0.0035257458444646,-0.0212708152314919,0,0.34741209719950733,LR
2009-09-25,VOX,-0.026136608426008,-0.0187646389640205,0,0.4026985770378978,LR
2009-10-02,VOX,0.0104868453668931,0.0465413395324002,1,0.2940163819091083,LR
2009-10-09,VOX,0.0049806394082934,0.0151966404511338,0,0.21106703668224955,LR
2009-10-16,VOX,-0.0211949544512038,-0.0074386597745474,0,0.2365640989277736,LR
2009-10-23,VOX,-0.0552866930978124,-0.0418211538225628,0,0.24052090317633035,LR
2009-10-30,VOX,0.0133281124867632,0.0344727552638328,1,0.31704433675350646,LR
2009-11-06,VOX,0.0057659630750785,0.0232430830507845,0,0.19993916118975372,LR
2009-11-13,VOX,0.0056904254574019,-0.0017335265287033,0,0.240478065982976,LR
2009-11-20,VOX,0.0037237156274179,0.0012796968325411,0,0.22783100015006102,LR
2009-11-27,VOX,0.0363974550549308,0.0131418470757675,1,0.22726120742771597,LR
2009-12-04,VOX,0.0164697128337449,0.0009010461189882,1,0.2843420131439017,LR
2009-12-11,VOX,-0.0073464786146075,-0.002759906539108,0,0.38974235843942373,LR
2009-12-18,VOX,0.0007039935892676,0.0205972260549547,0,0.353640173397511,LR
2009-12-25,VOX,-0.0103327525105852,-0.0092459805646364,0,0.20156789856044807,LR
2009-01-02,VPU,-0.0250763154083234,-0.0416301830134809,0,0.31552912695591184,LR
2009-01-09,VPU,-0.0047815483632527,-0.0452356498674735,0,0.35907654739894584,LR
2009-01-16,VPU,-0.0046472826439315,-0.0229248222049111,0,0.24569160009127236,LR
2009-01-23,VPU,0.003328353510261,-0.0033693797289381,0,0.24473855715788384,LR
2009-01-30,VPU,0.0481927903113326,0.0501028405925356,1,0.45732314031785193,LR
2009-02-06,VPU,-0.0527830968153928,-0.0485167486209116,0,0.22097565177269782,LR
2009-02-13,VPU,-0.0744138807797588,-0.0645239648714273,0,0.42652989790631574,LR
2009-02-20,VPU,-0.0398464694142992,-0.0450788795277595,0,0.2990245871277098,LR
2009-02-27,VPU,-0.0705041818351295,-0.0677667220158232,0,0.3239120215974843,LR
2009-03-06,VPU,0.0355340323362156,0.1040333055427968,1,0.7942494732428899,LR
2009-03-13,VPU,0.072408152587885,0.0153646895452395,1,0.19636186215522175,LR
2009-03-20,VPU,-0.0103550546288895,0.0638767119207626,0,0.18892155961629994,LR
2009-03-27,VPU,0.0274050419036313,0.0324718132630224,1,0.11196287822033714,LR
2009-04-03,VPU,0.002214002402133,0.0183947400320714,0,0.25364128665647995,LR
2009-04-10,VPU,-0.0060829830609159,0.0148004073255668,0,0.36570382576032706,LR
2009-04-17,VPU,-0.0130914671209773,-0.0048231543849475,0,0.4065573040549991,LR
2009-04-24,VPU,0.0563326790336733,0.0141933748911111,1,0.49532207821510643,LR
2009-05-01,VPU,0.027241535508204,0.0579129250697509,1,0.3553805660115934,LR
2009-05-08,VPU,-0.0399361021282611,-0.0459234191946704,0,0.35370342643157265,LR
2009-05-15,VPU,-0.0057184571818696,0.0034940609977403,0,0.6005785330852025,LR
2009-05-22,VPU,0.0366395171852673,0.0394296673183795,1,0.31618958483833803,LR
2009-05-29,VPU,0.0008801132873066,0.0218309131197941,0,0.29179807792648543,LR
2009-06-05,VPU,0.0378255017612103,0.0056055083670182,1,0.3425654473489147,LR
2009-06-12,VPU,-0.0105856058582078,-0.0265049955255391,0,0.34964369299194814,LR
2009-06-19,VPU,0.0017330757850755,-0.0021733198453611,0,0.31562407844111207,LR
2009-06-26,VPU,-0.0111875684725045,-0.0221033631978906,0,0.33149922753758015,LR
2009-07-03,VPU,-0.0129755896827787,-0.0205989841423593,0,0.4413082048342028,LR
2009-07-10,VPU,0.0302656581134574,0.0701454221332242,1,0.5090213111245213,LR
2009-07-17,VPU,0.0529902995931617,0.0417511106673988,1,0.1853681630091674,LR
2009-07-24,VPU,-0.0152004952197537,0.0076481924163218,0,0.1954805957123051,LR
2009-07-31,VPU,-0.0066829642642135,0.0241877234811433,0,0.21799760294204887,LR
2009-08-07,VPU,0.0044320496697143,-0.0040514778409071,0,0.21154390630851488,LR
2009-08-14,VPU,0.0327868779971494,0.0216291488126298,1,0.2634409942150559,LR
2009-08-21,VPU,-0.0057710901601053,0.0039815345054624,0,0.22466090024996152,LR
2009-08-28,VPU,-0.0139746603437987,-0.0127683995073286,0,0.24628072109052176,LR
2009-09-04,VPU,-0.0047462701812162,0.0265536189799985,0,0.2743029306191445,LR
2009-09-11,VPU,0.0400923986257271,0.023463589574559,1,0.22470377105933054,LR
2009-09-18,VPU,-0.0261821884146882,-0.0212708152314919,0,0.317169694852116,LR
2009-09-25,VPU,-0.0253452084147945,-0.0187646389640206,0,0.3564992636273956,LR
2009-10-02,VPU,0.0261274703084952,0.0465413395324003,1,0.26321162376751417,LR
2009-10-09,VPU,0.0098609861676834,0.0151966404511337,0,0.17181363346446038,LR
2009-10-16,VPU,-0.0122983620868447,-0.0074386597745474,0,0.25060812274993916,LR
2009-10-23,VPU,-0.0374737473839809,-0.0418211538225627,0,0.20162035442774495,LR
2009-10-30,VPU,0.0152506065030009,0.0344727552638328,1,0.16709284213717923,LR
2009-11-06,VPU,0.0081980650309856,0.0232430830507845,0,0.16300090097623213,LR
2009-11-13,VPU,-0.0098625191706274,-0.0017335265287033,0,0.26413015686811053,LR
2009-11-20,VPU,0.0004852601010185,0.0012796968325412,0,0.26857599386189435,LR
2009-11-27,VPU,0.0343825834040905,0.0131418470757676,1,0.23545761328255319,LR
2009-12-04,VPU,0.0261286708941312,0.0009010461189881,1,0.3177641866674288,LR
2009-12-11,VPU,-0.0117892984680298,-0.002759906539108,0,0.4208040501514984,LR
2009-12-18,VPU,-0.0060141559619798,0.0205972260549546,0,0.3836861369101952,LR
2009-12-25,VPU,-0.0151103051584874,-0.0092459805646365,0,0.18036880196827784,LR
2010-01-01,VAW,0.0437944763541509,0.0280862409269757,1,0.43653027449778503,LR
2010-01-08,VAW,-0.0458916789490346,-0.0081173078220325,0,0.42283558123905113,LR
2010-01-15,VAW,-0.0627518767947277,-0.0389826839982613,0,0.36103548166546323,LR
2010-01-22,VAW,-0.0519025295450349,-0.016665023847094,0,0.3537414511477712,LR
2010-01-29,VAW,-0.0033402113574103,-0.0067975443279719,0,0.31017931335383947,LR
2010-02-05,VAW,0.0213819053205137,0.0129385236819847,1,0.36043610383609503,LR
2010-02-12,VAW,0.0298967862483248,0.0286926821246224,1,0.42316969742270955,LR
2010-02-19,VAW,-0.0245865222898596,-0.003598811403426,0,0.3817392139980985,LR
2010-02-26,VAW,0.0511769601316913,0.0316960411797068,1,0.42297952626140556,LR
2010-03-05,VAW,0.0034561903129546,0.0105904078323044,0,0.3621306453486441,LR
2010-03-12,VAW,0.0,0.0085534864056631,0,0.3733991180517504,LR
2010-03-19,VAW,0.0203311285720269,0.0052600205603981,1,0.4614144854754036,LR
2010-03-26,VAW,0.0169731913639998,0.0104648203706553,1,0.3945138380005761,LR
2010-04-02,VAW,0.0113354626172303,0.0148556994915379,1,0.4653100351381317,LR
2010-04-09,VAW,-0.0161202234203661,-0.0015892744836795,0,0.47025898851818776,LR
2010-04-16,VAW,0.0322626429778933,0.0205261893261087,1,0.3856654469118792,LR
2010-04-23,VAW,-0.0366428815532184,-0.0246288002589003,0,0.3472602061204069,LR
2010-04-30,VAW,-0.0904291526602785,-0.0635469672173712,0,0.31081468126369916,LR
2010-05-07,VAW,0.0085740021967788,0.0236389362968226,0,0.35015818906422463,LR
2010-05-14,VAW,-0.0496432849760345,-0.0419706557797637,0,0.22580616921204552,LR
2010-05-21,VAW,0.0253504088741718,0.002382937651348,1,0.2999168692509926,LR
2010-05-28,VAW,-0.0443617272560735,-0.0233152948058387,0,0.3519724872216013,LR
2010-06-04,VAW,0.0446918437919001,0.0267740592537468,1,0.4351499793487385,LR
2010-06-11,VAW,0.006265220315081,0.0235372428806353,0,0.34294890944069173,LR
2010-06-18,VAW,-0.0455362615076602,-0.0345472516906648,0,0.329940503866605,LR
2010-06-25,VAW,-0.0709475158583272,-0.0525637676491251,0,0.47113333350568215,LR
2010-07-02,VAW,0.0643390693102887,0.0563605274841547,1,0.41501229311716575,LR
2010-07-09,VAW,-0.0171168364849912,-0.0120418353821974,0,0.3125771088020757,LR
2010-07-16,VAW,0.073295130845153,0.0351585782629323,1,0.42494874581249736,LR
2010-07-23,VAW,-0.0063571896667046,-0.0012675851978866,0,0.343232353581537,LR
2010-07-30,VAW,0.0038157049979363,0.019224907665952,0,0.261476193674865,LR
2010-08-06,VAW,-0.0438073377432293,-0.0363019703360491,0,0.34657246480765697,LR
2010-08-13,VAW,0.0114678896406941,-0.0072015680329638,1,0.3179768963636349,LR
2010-08-20,VAW,-0.0052694743114993,-0.006230821979059,0,0.38737994963074596,LR
2010-08-27,VAW,0.0495439871677763,0.0377130163860836,1,0.3516055040951365,LR
2010-09-03,VAW,0.0014494633601607,0.0053202391407425,0,0.33786105198908667,LR
2010-09-10,VAW,0.0104643879756982,0.0144624057799449,1,0.40362196237963355,LR
2010-09-17,VAW,0.0157023705193901,0.0207126267514307,1,0.42641918426234515,LR
2010-09-24,VAW,-0.0041671819872947,-0.0018287086453598,0,0.3390126484981227,LR
2010-10-01,VAW,0.0367049992630332,0.0168395879507455,1,0.4208248265193766,LR
2010-10-08,VAW,0.0077925813338248,0.009953430158383,0,0.39051561568226917,LR
2010-10-15,VAW,-0.0059999593098958,0.0055228928257711,0,0.513762085533125,LR
2010-10-22,VAW,0.0043813307540063,0.0011828041784181,0,0.4370991287270139,LR
2010-10-29,VAW,0.0356861870524913,0.0356990872060931,1,0.4611278543136224,LR
2010-11-05,VAW,-0.0199137464199712,-0.0205347185486743,0,0.36622266217686145,LR
2010-11-12,VAW,-0.006185512074451,0.0007490368508018,0,0.3912071167217966,LR
2010-11-19,VAW,0.0002603367180415,-0.0123866822679507,0,0.33092163734628566,LR
2010-11-26,VAW,0.0577074557416237,0.0344281166813056,1,0.37476439399385497,LR
2010-12-03,VAW,0.0056916491735907,0.0129379520258034,0,0.38522161342275296,LR
2010-12-10,VAW,0.003283831659667,0.0038053901502588,0,0.3464887647245758,LR
2010-12-17,VAW,-0.0121731001732039,0.0104586050988098,0,0.3543065464300212,LR
2010-12-24,VAW,0.0152408782505806,0.0011941918849234,1,0.31987914025512965,LR
2010-12-31,VAW,-0.0153219866563224,0.0110535102924034,0,0.4017992465489626,LR
2010-01-01,VCR,0.0169707095337006,0.0280862409269756,1,0.37580824138685426,LR
2010-01-08,VCR,-0.0141548770236595,-0.0081173078220324,0,0.3862808692555011,LR
2010-01-15,VCR,-0.0363903977475793,-0.0389826839982613,0,0.3447946493061583,LR
2010-01-22,VCR,-0.0091284108730068,-0.0166650238470939,0,0.36573865344834466,LR
2010-01-29,VCR,-0.0094256973968327,-0.0067975443279719,0,0.4146753645217594,LR
2010-02-05,VCR,0.0189887523287004,0.0129385236819848,1,0.3962371813541019,LR
2010-02-12,VCR,0.0198633129269025,0.0286926821246225,1,0.43001471160173754,LR
2010-02-19,VCR,0.0062512862381323,-0.0035988114034261,0,0.3553034051159187,LR
2010-02-26,VCR,0.0400826149906563,0.0316960411797068,1,0.42641307733493206,LR
2010-03-05,VCR,0.0160682677195564,0.0105904078323045,1,0.3762998087787383,LR
2010-03-12,VCR,0.0037102605897889,0.008553486405663,0,0.3250745580460848,LR
2010-03-19,VCR,0.0317211463004756,0.0052600205603981,1,0.40456638042974546,LR
2010-03-26,VCR,-0.0041548860723927,0.0104648203706553,0,0.38624221717274815,LR
2010-04-02,VCR,0.0220380140437479,0.0148556994915379,1,0.3723161171828516,LR
2010-04-09,VCR,0.0112235626030792,-0.0015892744836794,1,0.34907952354927674,LR
2010-04-16,VCR,0.0429325187910443,0.0205261893261086,1,0.305299119750844,LR
2010-04-23,VCR,-0.0318427317241024,-0.0246288002589003,0,0.2743637801554956,LR
2010-04-30,VCR,-0.0839885782672139,-0.0635469672173712,0,0.2530338262494775,LR
2010-05-07,VCR,-0.024038517154992,0.0236389362968225,0,0.31296283995827157,LR
2010-05-14,VCR,-0.0435111466232207,-0.0419706557797635,0,0.2122033363200849,LR
2010-05-21,VCR,0.0252134303095994,0.002382937651348,1,0.3453928627822183,LR
2010-05-28,VCR,-0.015901012572251,-0.0233152948058386,0,0.3456933527282719,LR
2010-06-04,VCR,0.0152717272060103,0.0267740592537468,1,0.4167009221010766,LR
2010-06-11,VCR,-0.0005778998147766,0.0235372428806353,0,0.32901308548783514,LR
2010-06-18,VCR,-0.0657045023641923,-0.0345472516906648,0,0.30779825305448727,LR
2010-06-25,VCR,-0.0580802627235741,-0.0525637676491251,0,0.4128687632894618,LR
2010-07-02,VCR,0.0392872036157234,0.0563605274841546,1,0.3687067557112678,LR
2010-07-09,VCR,-0.0120157825886534,-0.0120418353821974,0,0.23580039949611878,LR
2010-07-16,VCR,0.0518719822422297,0.0351585782629322,1,0.37736734473710565,LR
2010-07-23,VCR,-0.0003984154872451,-0.0012675851978867,0,0.2848739437470636,LR
2010-07-30,VCR,0.0001963513250906,0.0192249076659519,0,0.22523630177550089,LR
2010-08-06,VCR,-0.0495126891481974,-0.0363019703360491,0,0.28357780250430215,LR
2010-08-13,VCR,0.0119859855005239,-0.0072015680329637,1,0.2526152599258967,LR
2010-08-20,VCR,-0.0115688997265759,-0.006230821979059,0,0.33877498353772595,LR
2010-08-27,VCR,0.056070940317797,0.0377130163860837,1,0.3095430463526779,LR
2010-09-03,VCR,0.0021518116715559,0.0053202391407425,0,0.28423729503587886,LR
2010-09-10,VCR,0.0100522030227181,0.014462405779945,1,0.3366494226244371,LR
2010-09-17,VCR,0.0261251484069309,0.0207126267514309,1,0.4021025422128612,LR
2010-09-24,VCR,0.0009298723569812,-0.0018287086453599,0,0.30655321564188986,LR
2010-10-01,VCR,0.0268006446859732,0.0168395879507455,1,0.369115859885362,LR
2010-10-08,VCR,0.005049572145074,0.009953430158383,0,0.3337323082371018,LR
2010-10-15,VCR,0.0016077197807047,0.0055228928257711,0,0.42350557009882334,LR
2010-10-22,VCR,0.0044341964395844,0.0011828041784181,0,0.44502217101669184,LR
2010-10-29,VCR,0.0332336807657083,0.0356990872060932,1,0.4431626353997221,LR
2010-11-05,VCR,-0.0132946787734814,-0.0205347185486742,0,0.36058171312743986,LR
2010-11-12,VCR,0.0008567381175057,0.0007490368508018,0,0.38564076848581164,LR
2010-11-19,VCR,0.0116698180853571,-0.0123866822679508,1,0.333699148571019,LR
2010-11-26,VCR,0.0311701900799157,0.0344281166813055,1,0.37446551186673144,LR
2010-12-03,VCR,0.0066115954690728,0.0129379520258034,0,0.38785417427245067,LR
2010-12-10,VCR,-0.0062071391789964,0.0038053901502588,0,0.3577151710388377,LR
2010-12-17,VCR,-0.0102606034602409,0.0104586050988097,0,0.3330431001373875,LR
2010-12-24,VCR,-0.0042812172483613,0.0011941918849234,0,0.2976662112478823,LR
2010-12-31,VCR,-0.0013140905001821,0.0110535102924034,0,0.36003657456627025,LR
2010-01-01,VDC,0.0034944296262535,0.0280862409269756,0,0.3140923549106795,LR
2010-01-08,VDC,0.0063444987568235,-0.0081173078220324,0,0.30594078046126305,LR
2010-01-15,VDC,-0.0202672040497068,-0.0389826839982613,0,0.26898693674684226,LR
2010-01-22,VDC,-0.0058069203642335,-0.0166650238470939,0,0.29623736484341057,LR
2010-01-29,VDC,-0.014519286929715,-0.0067975443279719,0,0.31486733526614336,LR
2010-02-05,VDC,0.0147219060221259,0.0129385236819847,1,0.3059350170453215,LR
2010-02-12,VDC,0.0246313338796986,0.0286926821246225,1,0.32526814747822935,LR
2010-02-19,VDC,-0.0081372311312725,-0.003598811403426,0,0.2799690748099092,LR
2010-02-26,VDC,0.020526508768583,0.0316960411797068,1,0.32870834555290385,LR
2010-03-05,VDC,-0.002770522547875,0.0105904078323045,0,0.24871635490427157,LR
2010-03-12,VDC,0.0136064422229342,0.0085534864056631,1,0.2497491282665725,LR
2010-03-19,VDC,0.0097074156900462,0.005260020560398,0,0.3382029513515116,LR
2010-03-26,VDC,0.0032890512788481,0.0104648203706553,0,0.3073752593956222,LR
2010-04-02,VDC,-0.0051129185006035,0.0148556994915378,0,0.32120136638972585,LR
2010-04-09,VDC,-0.0017140800302865,-0.0015892744836795,0,0.3328202903170852,LR
2010-04-16,VDC,0.0037244255167354,0.0205261893261086,0,0.31671348193981336,LR
2010-04-23,VDC,-0.0152573753989712,-0.0246288002589003,0,0.2762791598797209,LR
2010-04-30,VDC,-0.0361689800442553,-0.0635469672173711,0,0.2521537644215176,LR
2010-05-07,VDC,-0.0156092179931528,0.0236389362968225,0,0.3014553789257448,LR
2010-05-14,VDC,-0.0280058081844837,-0.0419706557797635,0,0.20346661007988992,LR
2010-05-21,VDC,-0.0045503268674225,0.0023829376513479,0,0.31619326785680685,LR
2010-05-28,VDC,0.0001539500699174,-0.0233152948058386,0,0.2606101848976378,LR
2010-06-04,VDC,0.0163102819330789,0.0267740592537468,1,0.3726854031390653,LR
2010-06-11,VDC,0.0063053320086599,0.0235372428806353,0,0.30672102926976996,LR
2010-06-18,VDC,-0.0405724409785616,-0.0345472516906648,0,0.2760020384980763,LR
2010-06-25,VDC,-0.0225115030934681,-0.052563767649125,0,0.37285973045463383,LR
2010-07-02,VDC,0.0356642415227992,0.0563605274841547,1,0.31729422358797166,LR
2010-07-09,VDC,-0.0001502481560479,-0.0120418353821974,0,0.2311677314052451,LR
2010-07-16,VDC,0.0226149799632686,0.0351585782629321,1,0.34682038171057583,LR
2010-07-23,VDC,-0.0075967372717283,-0.0012675851978867,0,0.23731006272819732,LR
2010-07-30,VDC,-0.0042311192245935,0.0192249076659519,0,0.2136393179602716,LR
2010-08-06,VDC,-0.0160725608456454,-0.036301970336049,0,0.2496027025305508,LR
2010-08-13,VDC,0.0025361505600656,-0.0072015680329637,0,0.25366547076152524,LR
2010-08-20,VDC,-0.004594030417404,-0.006230821979059,0,0.3201382657186766,LR
2010-08-27,VDC,0.0207931306669471,0.0377130163860836,1,0.3233154170500715,LR
2010-09-03,VDC,0.0087361454783785,0.0053202391407425,0,0.2673416096874784,LR
2010-09-10,VDC,-0.0032824797764424,0.0144624057799449,0,0.32567066802495087,LR
2010-09-17,VDC,0.0153010108702233,0.0207126267514307,1,0.3128408963980313,LR
2010-09-24,VDC,-0.0042164869335764,-0.0018287086453599,0,0.2670130017046723,LR
2010-10-01,VDC,0.0077541667755736,0.0168395879507454,0,0.28633622905273365,LR
2010-10-08,VDC,0.0132607056998308,0.009953430158383,1,0.26381056287403354,LR
2010-10-15,VDC,0.001235469720938,0.005522892825771,0,0.36742433564926175,LR
2010-10-22,VDC,-0.004100642929754,0.0011828041784181,0,0.29715791061476965,LR
2010-10-29,VDC,0.0109439544248557,0.035699087206093,1,0.3214677843754315,LR
2010-11-05,VDC,-0.0080261726314705,-0.0205347185486743,0,0.2880575794809535,LR
2010-11-12,VDC,0.0019149143548031,0.0007490368508017,0,0.29921408477841266,LR
2010-11-19,VDC,-0.0038392812028688,-0.0123866822679507,0,0.2937087670566564,LR
2010-11-26,VDC,0.0140825160674964,0.0344281166813055,1,0.2860868301613954,LR
2010-12-03,VDC,0.0102110283343987,0.0129379520258034,1,0.36251836978976276,LR
2010-12-10,VDC,0.0119495079153428,0.0038053901502587,1,0.2874325042515403,LR
2010-12-17,VDC,-0.0269876092732423,0.0104586050988097,0,0.29262270084081266,LR
2010-12-24,VDC,-0.0016324682777132,0.0011941918849235,0,0.24393774448825134,LR
2010-12-31,VDC,-0.014903109477112,0.0110535102924034,0,0.31711374029715955,LR
2010-01-01,VDE,0.0452177976211065,0.0280862409269758,1,0.41260208878939963,LR
2010-01-08,VDE,-0.0255920852286215,-0.0081173078220324,0,0.42083764307672705,LR
2010-01-15,VDE,-0.0481413722710184,-0.0389826839982614,0,0.3776397452555507,LR
2010-01-22,VDE,-0.0393643512107795,-0.016665023847094,0,0.3630806287916647,LR
2010-01-29,VDE,-0.0173869095237342,-0.0067975443279719,0,0.36682215772361054,LR
2010-02-05,VDE,0.0241313454945462,0.0129385236819848,1,0.3944460052707703,LR
2010-02-12,VDE,0.016027193844609,0.0286926821246225,1,0.4150090765487603,LR
2010-02-19,VDE,-0.0262092508178376,-0.003598811403426,0,0.3368814836827771,LR
2010-02-26,VDE,0.0302698492475828,0.0316960411797068,1,0.4025076304607181,LR
2010-03-05,VDE,0.0050618048337043,0.0105904078323043,0,0.33185409546506445,LR
2010-03-12,VDE,-0.0171582929522646,0.0085534864056631,0,0.32531162231567046,LR
2010-03-19,VDE,-0.0091820048043894,0.0052600205603981,0,0.4463401339616557,LR
2010-03-26,VDE,0.037221139304987,0.0104648203706553,1,0.38644734328946984,LR
2010-04-02,VDE,0.0171833670513075,0.0148556994915378,1,0.39727276299650793,LR
2010-04-09,VDE,-0.0063897485451134,-0.0015892744836795,0,0.43015728747174886,LR
2010-04-16,VDE,0.0526802741423249,0.0205261893261086,1,0.3839083913459037,LR
2010-04-23,VDE,-0.0359183242484263,-0.0246288002589003,0,0.3334382260949106,LR
2010-04-30,VDE,-0.0892289726699854,-0.0635469672173712,0,0.2989253572163004,LR
2010-05-07,VDE,-0.0186669566146996,0.0236389362968224,0,0.33075987207286484,LR
2010-05-14,VDE,-0.0597106100165976,-0.0419706557797635,0,0.21726838414605976,LR
2010-05-21,VDE,0.001036158943185,0.0023829376513479,0,0.31367578554698017,LR
2010-05-28,VDE,-0.0128422979805048,-0.0233152948058386,0,0.3171319034899443,LR
2010-06-04,VDE,0.0456349821067483,0.0267740592537469,1,0.3995814831403349,LR
2010-06-11,VDE,0.0143230976804797,0.0235372428806355,1,0.3322207316976516,LR
2010-06-18,VDE,-0.0697590184996879,-0.0345472516906649,0,0.35935484188236116,LR
2010-06-25,VDE,-0.0593131857635572,-0.052563767649125,0,0.4430500141944588,LR
2010-07-02,VDE,0.046802754304847,0.0563605274841547,1,0.38994171765716656,LR
2010-07-09,VDE,-0.0156821354010203,-0.0120418353821974,0,0.27995827162838643,LR
2010-07-16,VDE,0.0349327907270975,0.0351585782629322,1,0.3932256086428606,LR
2010-07-23,VDE,0.0029314728475329,-0.0012675851978867,0,0.3169210990673472,LR
2010-07-30,VDE,0.0128236900300093,0.0192249076659521,1,0.24902419009688032,LR
2010-08-06,VDE,-0.0470660875291115,-0.0363019703360491,0,0.34280293195186395,LR
2010-08-13,VDE,-0.0167611586292428,-0.0072015680329638,0,0.2955659423543157,LR
2010-08-20,VDE,0.0011782166252687,-0.006230821979059,0,0.31705924167769045,LR
2010-08-27,VDE,0.04279903130626,0.0377130163860837,1,0.3453449729721668,LR
2010-09-03,VDE,0.0117736464150779,0.0053202391407426,1,0.30697332313209347,LR
2010-09-10,VDE,-0.0129000357243406,0.0144624057799449,0,0.37530492902037144,LR
2010-09-17,VDE,0.0191273761739887,0.0207126267514308,1,0.34076610957360326,LR
2010-09-24,VDE,0.0250887660595675,-0.0018287086453598,1,0.271284757349708,LR
2010-10-01,VDE,0.0289404220217419,0.0168395879507455,1,0.32282047765541405,LR
2010-10-08,VDE,0.0141613604073662,0.0099534301583831,1,0.33510240662938495,LR
2010-10-15,VDE,-0.0014899398672546,0.005522892825771,0,0.4872996648364595,LR
2010-10-22,VDE,-0.0095683330507471,0.0011828041784181,0,0.4141652998628341,LR
2010-10-29,VDE,0.0432056641904476,0.0356990872060931,1,0.4322781185287691,LR
2010-11-05,VDE,0.0186444060380823,-0.0205347185486743,1,0.38047222373788625,LR
2010-11-12,VDE,0.0024583514636107,0.0007490368508018,0,0.36045186670085183,LR
2010-11-19,VDE,-0.0109183971639755,-0.0123866822679508,0,0.3432675183589521,LR
2010-11-26,VDE,0.0551206730787972,0.0344281166813057,1,0.3471607871535314,LR
2010-12-03,VDE,0.0027820364201578,0.0129379520258034,0,0.36076231606351655,LR
2010-12-10,VDE,-0.0035739658228369,0.0038053901502587,0,0.3131960276119412,LR
2010-12-17,VDE,0.0060130077596349,0.0104586050988098,0,0.32362774036284947,LR
2010-12-24,VDE,0.0138337976210505,0.0011941918849233,1,0.29585292301243127,LR
2010-12-31,VDE,-0.0079365379716012,0.0110535102924033,0,0.3830941980890843,LR
2010-01-01,VFH,0.037529866991226,0.0280862409269757,1,0.4607732433213,LR
2010-01-08,VFH,-0.0228161915246578,-0.0081173078220324,0,0.3837479456371626,LR
2010-01-15,VFH,-0.0401606053980904,-0.0389826839982614,0,0.3605830585658992,LR
2010-01-22,VFH,-0.0113363076876302,-0.016665023847094,0,0.3376208031697507,LR
2010-01-29,VFH,-0.0234969002289938,-0.006797544327972,0,0.37285828343088195,LR
2010-02-05,VFH,0.0021178773774785,0.0129385236819847,0,0.39369583065960595,LR
2010-02-12,VFH,0.028351399180768,0.0286926821246224,1,0.3927850881708213,LR
2010-02-19,VFH,0.00812188442177,-0.0035988114034261,0,0.3532515932030257,LR
2010-02-26,VFH,0.0321285481520963,0.0316960411797068,1,0.44288054993751536,LR
2010-03-05,VFH,0.0193923843281538,0.0105904078323045,1,0.37766137597284877,LR
2010-03-12,VFH,0.018141301509871,0.0085534864056631,1,0.38128183414354605,LR
2010-03-19,VFH,0.0268307596569759,0.0052600205603981,1,0.4448789924426461,LR
2010-03-26,VFH,-0.0015266942613907,0.0104648203706554,0,0.4069478908685419,LR
2010-04-02,VFH,0.0246275885777593,0.0148556994915379,1,0.4228425896199167,LR
2010-04-09,VFH,-0.0130177111432162,-0.0015892744836794,0,0.42155056234145666,LR
2010-04-16,VFH,0.0432939860134691,0.0205261893261086,1,0.3139433139048942,LR
2010-04-23,VFH,-0.0360045851688242,-0.0246288002589004,0,0.3133894024331484,LR
2010-04-30,VFH,-0.077084007677263,-0.0635469672173712,0,0.2642637889925585,LR
2010-05-07,VFH,-0.0273930825182729,0.0236389362968225,0,0.34070509587017433,LR
2010-05-14,VFH,-0.0427080150396336,-0.0419706557797636,0,0.21048625355991438,LR
2010-05-21,VFH,-0.0042762882367722,0.0023829376513479,0,0.3260359754596383,LR
2010-05-28,VFH,-0.0293823387545338,-0.0233152948058386,0,0.3087089611132881,LR
2010-06-04,VFH,0.0250085484371469,0.0267740592537469,1,0.3851058627103381,LR
2010-06-11,VFH,0.0136031803488663,0.0235372428806353,1,0.30377230247723974,LR
2010-06-18,VFH,-0.0320181037734598,-0.0345472516906646,0,0.31294787658623596,LR
2010-06-25,VFH,-0.0745569894220268,-0.0525637676491251,0,0.43447690151127605,LR
2010-07-02,VFH,0.0510276601380415,0.0563605274841548,1,0.3512807801579107,LR
2010-07-09,VFH,-0.0259871269734831,-0.0120418353821974,0,0.2840305103616006,LR
2010-07-16,VFH,0.0314878844091275,0.0351585782629321,1,0.35423953064365243,LR
2010-07-23,VFH,0.0113941069319465,-0.0012675851978867,1,0.280526040316671,LR
2010-07-30,VFH,-0.0104507378642143,0.019224907665952,0,0.24334950530795427,LR
2010-08-06,VFH,-0.0532194747309833,-0.0363019703360491,0,0.2491920664295882,LR
2010-08-13,VFH,-0.0111420509218265,-0.0072015680329637,0,0.25317195109294227,LR
2010-08-20,VFH,-0.0098073130220406,-0.006230821979059,0,0.2827896772115585,LR
2010-08-27,VFH,0.0589907563403413,0.0377130163860836,1,0.2929583453852876,LR
2010-09-03,VFH,0.0064254493073556,0.0053202391407425,0,0.2553775396975556,LR
2010-09-10,VFH,-0.003978744446017,0.0144624057799449,0,0.29331971736034507,LR
2010-09-17,VFH,-0.0023271175200054,0.0207126267514307,0,0.27723987520270943,LR
2010-09-24,VFH,-0.0043361962225335,-0.0018287086453598,0,0.2338108159272947,LR
2010-10-01,VFH,0.0157823808770178,0.0168395879507454,1,0.2679189928223714,LR
2010-10-08,VFH,-0.0191229780799545,0.009953430158383,0,0.27140123107937003,LR
2010-10-15,VFH,0.0212335409216923,0.0055228928257711,1,0.36505950349162775,LR
2010-10-22,VFH,-0.0117839185595203,0.001182804178418,0,0.3506059006977866,LR
2010-10-29,VFH,0.0618181465085871,0.0356990872060932,1,0.3551532844575959,LR
2010-11-05,VFH,-0.0382938849046888,-0.0205347185486743,0,0.36883668553748855,LR
2010-11-12,VFH,-0.0119278154021044,0.0007490368508019,0,0.3703070918884183,LR
2010-11-19,VFH,-0.0154047626951366,-0.0123866822679509,0,0.3264508146793114,LR
2010-11-26,VFH,0.0498327689005972,0.0344281166813057,1,0.3381396350429474,LR
2010-12-03,VFH,0.0363984483000114,0.0129379520258035,1,0.4251149328924525,LR
2010-12-10,VFH,-0.0125998720306264,0.0038053901502587,0,0.3727270282496141,LR
2010-12-17,VFH,0.0207944799367294,0.0104586050988098,1,0.35953919730865896,LR
2010-12-24,VFH,0.0095180035675677,0.0011941918849234,0,0.3377024014138021,LR
2010-12-31,VFH,0.0012012287220362,0.0110535102924035,0,0.38411843759860037,LR
2010-01-01,VGT,0.0003600442491153,0.0280862409269757,0,0.4040475640978676,LR
2010-01-08,VGT,-0.0152575567777742,-0.0081173078220325,0,0.34079429496112873,LR
2010-01-15,VGT,-0.0468209095172423,-0.0389826839982613,0,0.30271804109359335,LR
2010-01-22,VGT,-0.0449288897039765,-0.0166650238470939,0,0.2911949243444601,LR
2010-01-29,VGT,0.0023710517770716,-0.0067975443279719,0,0.3000890321708039,LR
2010-02-05,VGT,0.0185185672279166,0.0129385236819848,1,0.32372253578109583,LR
2010-02-12,VGT,0.0207692659818208,0.0286926821246224,1,0.3507876684776957,LR
2010-02-19,VGT,-0.0118242730452683,-0.0035988114034261,0,0.30498934651734877,LR
2010-02-26,VGT,0.0295007096649695,0.0316960411797068,1,0.363084753029324,LR
2010-03-05,VGT,0.0179717506725562,0.0105904078323045,1,0.29039103008285366,LR
2010-03-12,VGT,0.003250276303794,0.0085534864056629,0,0.3259381295024584,LR
2010-03-19,VGT,0.0177311296204027,0.0052600205603981,1,0.3893455345333442,LR
2010-03-26,VGT,-0.0053126092663837,0.0104648203706554,0,0.3894769749557424,LR
2010-04-02,VGT,0.0172138641875669,0.0148556994915378,1,0.3809999935465787,LR
2010-04-09,VGT,0.0154998821443197,-0.0015892744836795,1,0.3851072778855782,LR
2010-04-16,VGT,0.0187156614212615,0.0205261893261085,1,0.3320684354348347,LR
2010-04-23,VGT,-0.0333333889910922,-0.0246288002589004,0,0.2848752647487608,LR
2010-04-30,VGT,-0.0799304697672146,-0.0635469672173712,0,0.2955316836674253,LR
2010-05-07,VGT,-0.0052717162275672,0.0236389362968226,0,0.36643100554093055,LR
2010-05-14,VGT,-0.0503544215158086,-0.0419706557797637,0,0.2256770390148715,LR
2010-05-21,VGT,0.0089763410088694,0.002382937651348,0,0.3106143387074441,LR
2010-05-28,VGT,-0.0049656633536987,-0.0233152948058385,0,0.33430708776490214,LR
2010-06-04,VGT,0.0082359761102479,0.0267740592537467,0,0.40445812189195995,LR
2010-06-11,VGT,0.0235006586251784,0.0235372428806356,1,0.32163676134351915,LR
2010-06-18,VGT,-0.0518868045314341,-0.0345472516906649,0,0.3377420290968924,LR
2010-06-25,VGT,-0.0598927928424423,-0.0525637676491251,0,0.42173936052873295,LR
2010-07-02,VGT,0.0370073697140518,0.0563605274841547,1,0.40908718450127374,LR
2010-07-09,VGT,0.0013529124962001,-0.0120418353821972,0,0.26558027507230725,LR
2010-07-16,VGT,0.0371153904841496,0.0351585782629322,1,0.4047132776620496,LR
2010-07-23,VGT,-0.0183298999173423,-0.0012675851978867,0,0.29407584573488615,LR
2010-07-30,VGT,0.0026085934250452,0.019224907665952,0,0.21816959602051697,LR
2010-08-06,VGT,-0.0591616976082582,-0.0363019703360491,0,0.2786911249735394,LR
2010-08-13,VGT,0.0128764170319584,-0.0072015680329638,1,0.24689089345606258,LR
2010-08-20,VGT,-0.0208049715822485,-0.006230821979059,0,0.3028450019620592,LR
2010-08-27,VGT,0.0382394347470986,0.0377130163860836,1,0.28488888779781907,LR
2010-09-03,VGT,-0.0005775660394694,0.0053202391407425,0,0.2653631738697884,LR
2010-09-10,VGT,0.0332124775479687,0.0144624057799449,1,0.3138919846844241,LR
2010-09-17,VGT,0.0266985253466642,0.0207126267514307,1,0.29588699820192615,LR
2010-09-24,VGT,-0.0032269686108811,-0.0018287086453599,0,0.3288442116519361,LR
2010-10-01,VGT,0.0138888974898478,0.0168395879507452,1,0.3182371374796349,LR
2010-10-08,VGT,0.0342684715133823,0.009953430158383,1,0.3269025064504078,LR
2010-10-15,VGT,0.001371472892957,0.005522892825771,0,0.45055625607342037,LR
2010-10-22,VGT,0.0081799512566462,0.0011828041784181,0,0.4267198157172725,LR
2010-10-29,VGT,0.0296296006114817,0.0356990872060931,1,0.44398341544137826,LR
2010-11-05,VGT,-0.0286462595454072,-0.0205347185486744,0,0.3577901133139991,LR
2010-11-12,VGT,-0.0051970052868569,0.0007490368508018,0,0.36943162985014677,LR
2010-11-19,VGT,0.0106563105463024,-0.0123866822679508,1,0.3143602398753862,LR
2010-11-26,VGT,0.0259258764523624,0.0344281166813055,1,0.3410967388084359,LR
2010-12-03,VGT,0.0179070177708995,0.0129379520258034,1,0.4054797419854873,LR
2010-12-10,VGT,-0.0075502204129016,0.0038053901502588,0,0.3627776902064426,LR
2010-12-17,VGT,-0.0053259848488299,0.0104586050988097,0,0.340281159633804,LR
2010-12-24,VGT,0.0026075594168935,0.0011941918849233,0,0.3012370324860497,LR
2010-12-31,VGT,0.0170775153617313,0.0110535102924035,1,0.34374017784770444,LR
2010-01-01,VHT,0.0074694817265643,0.0280862409269756,0,0.3491427964872256,LR
2010-01-08,VHT,0.0086361915513311,-0.0081173078220324,0,0.3301130615026313,LR
2010-01-15,VHT,-0.0241734240353463,-0.0389826839982612,0,0.3324577023685497,LR
2010-01-22,VHT,-0.0194594924514358,-0.0166650238470939,0,0.3427734790601608,LR
2010-01-29,VHT,-0.0224945050360561,-0.0067975443279719,0,0.3286333258935287,LR
2010-02-05,VHT,0.0091846615273003,0.0129385236819847,0,0.3317357570218595,LR
2010-02-12,VHT,0.0134810622652974,0.0286926821246224,1,0.3638043713334301,LR
2010-02-19,VHT,-0.0059956727028612,-0.003598811403426,0,0.30375632147629195,LR
2010-02-26,VHT,0.0213231639587785,0.0316960411797068,1,0.370080176214318,LR
2010-03-05,VHT,-0.000713410303996,0.0105904078323045,0,0.29150585931665984,LR
2010-03-12,VHT,0.0141046409427159,0.0085534864056631,1,0.27504150741367794,LR
2010-03-19,VHT,-0.0119193744832523,0.005260020560398,0,0.3645969581015269,LR
2010-03-26,VHT,0.0067114283872096,0.0104648203706555,0,0.33598240621330516,LR
2010-04-02,VHT,-0.0094273238885831,0.0148556994915378,0,0.33387892170146083,LR
2010-04-09,VHT,-0.0126471318609436,-0.0015892744836794,0,0.3170037371150861,LR
2010-04-16,VHT,-0.0053485333614623,0.0205261893261086,0,0.30638621043786335,LR
2010-04-23,VHT,-0.0095186561852013,-0.0246288002589003,0,0.2966989260025386,LR
2010-04-30,VHT,-0.050623810924545,-0.0635469672173711,0,0.27171155322487933,LR
2010-05-07,VHT,-0.0056064146228878,0.0236389362968224,0,0.2952066438031198,LR
2010-05-14,VHT,-0.0449269523295646,-0.0419706557797635,0,0.19660162754678465,LR
2010-05-21,VHT,0.0146274298524378,0.002382937651348,1,0.31213257218056933,LR
2010-05-28,VHT,0.0017825341571788,-0.0233152948058386,0,0.2784896100904041,LR
2010-06-04,VHT,0.0198897629088217,0.0267740592537467,1,0.35171785419519597,LR
2010-06-11,VHT,0.0093690570863254,0.0235372428806353,0,0.3007790855030074,LR
2010-06-18,VHT,-0.0310977859534674,-0.0345472516906647,0,0.27421702420286675,LR
2010-06-25,VHT,-0.0397376806949754,-0.0525637676491249,0,0.3748971567486133,LR
2010-07-02,VHT,0.0265203983228414,0.0563605274841546,1,0.32788420793010475,LR
2010-07-09,VHT,-0.0109077010445389,-0.0120418353821974,0,0.23187834854590628,LR
2010-07-16,VHT,-0.005510777138875,0.0351585782629323,0,0.32266609085116305,LR
2010-07-23,VHT,0.002767333252148,-0.0012675851978867,0,0.24997141307336423,LR
2010-07-30,VHT,0.025501292593524,0.0192249076659521,1,0.19926684846205933,LR
2010-08-06,VHT,-0.0270525972127163,-0.036301970336049,0,0.2215335852608207,LR
2010-08-13,VHT,-0.0052816992058907,-0.0072015680329637,0,0.23965561574549538,LR
2010-08-20,VHT,-0.0090160541032033,-0.006230821979059,0,0.2696525803053764,LR
2010-08-27,VHT,0.0229248988615162,0.0377130163860837,1,0.24741726194424854,LR
2010-09-03,VHT,0.0225242688817886,0.0053202391407425,1,0.2309118418716664,LR
2010-09-10,VHT,0.0048917838959348,0.0144624057799449,0,0.30662375354181753,LR
2010-09-17,VHT,0.0205415929876815,0.0207126267514307,1,0.30466500734430974,LR
2010-09-24,VHT,-0.0018298679968198,-0.0018287086453598,0,0.29159163016628203,LR
2010-10-01,VHT,0.0100972870338673,0.0168395879507454,1,0.2899385289221827,LR
2010-10-08,VHT,0.0063302309337238,0.0099534301583831,0,0.2701421169969867,LR
2010-10-15,VHT,-0.0051813633947193,0.0055228928257711,0,0.3618830047019104,LR
2010-10-22,VHT,-0.0055465657895706,0.0011828041784181,0,0.313750938652143,LR
2010-10-29,VHT,0.0057275765337736,0.0356990872060931,0,0.309017061877115,LR
2010-11-05,VHT,-0.0137230520297234,-0.0205347185486743,0,0.29604219769281503,LR
2010-11-12,VHT,-0.0027036357681915,0.0007490368508018,0,0.2943903082237819,LR
2010-11-19,VHT,-0.0084990490504542,-0.0123866822679507,0,0.2733307406970585,LR
2010-11-26,VHT,0.0227231388198891,0.0344281166813055,1,0.2920338782390936,LR
2010-12-03,VHT,0.0103980251657869,0.0129379520258034,1,0.3928930362219784,LR
2010-12-10,VHT,0.0191218456056652,0.0038053901502587,1,0.30141757819819953,LR
2010-12-17,VHT,-0.0171666012693344,0.0104586050988097,0,0.3162961161636574,LR
2010-12-24,VHT,-0.0044247787610619,0.0011941918849233,0,0.24748411270399034,LR
2010-12-31,VHT,0.0068589410035537,0.0110535102924034,0,0.28240610621462586,LR
2010-01-01,VIS,0.0390654357170199,0.0280862409269758,1,0.37789139439221003,LR
2010-01-08,VIS,-0.0113782845932089,-0.0081173078220324,0,0.36948326303275203,LR
2010-01-15,VIS,-0.0437766762573057,-0.0389826839982613,0,0.3241630809095267,LR
2010-01-22,VIS,-0.0320291175392085,-0.016665023847094,0,0.3729688125802389,LR
2010-01-29,VIS,-0.0118554096341116,-0.006797544327972,0,0.37572798201276963,LR
2010-02-05,VIS,0.0186372800949408,0.0129385236819847,1,0.4032422331787014,LR
2010-02-12,VIS,0.0308977882020144,0.0286926821246225,1,0.4339691808201731,LR
2010-02-19,VIS,-0.0048854214631119,-0.003598811403426,0,0.37999253172374314,LR
2010-02-26,VIS,0.0328885553488136,0.0316960411797068,1,0.4673172532929014,LR
2010-03-05,VIS,0.0187921684635972,0.0105904078323045,1,0.3810693989125922,LR
2010-03-12,VIS,0.0165200575745991,0.0085534864056631,1,0.34755274793366614,LR
2010-03-19,VIS,0.0157913303763337,0.0052600205603981,1,0.45850177745334936,LR
2010-03-26,VIS,0.0079986595826013,0.0104648203706554,0,0.39422861113742563,LR
2010-04-02,VIS,0.0077226833602932,0.0148556994915378,0,0.42604053764884725,LR
2010-04-09,VIS,0.0071210916734885,-0.0015892744836794,0,0.4281663741428693,LR
2010-04-16,VIS,0.0332377460011488,0.0205261893261087,1,0.3431151879024057,LR
2010-04-23,VIS,-0.0246833454460395,-0.0246288002589002,0,0.2987711048166788,LR
2010-04-30,VIS,-0.0862868964393105,-0.0635469672173712,0,0.2618757110420439,LR
2010-05-07,VIS,0.028490001397228,0.0236389362968226,1,0.31248391518900936,LR
2010-05-14,VIS,-0.0540634542356411,-0.0419706557797637,0,0.2259543778967882,LR
2010-05-21,VIS,0.0103454193154193,0.0023829376513479,1,0.3218685102309653,LR
2010-05-28,VIS,-0.0269820563297747,-0.0233152948058387,0,0.34456741852280987,LR
2010-06-04,VIS,0.0216195600141302,0.0267740592537467,1,0.39036083215334877,LR
2010-06-11,VIS,0.0235035368254181,0.0235372428806354,1,0.33738989919450685,LR
2010-06-18,VIS,-0.0534324209714127,-0.0345472516906648,0,0.3463151124145181,LR
2010-06-25,VIS,-0.068766280976554,-0.0525637676491251,0,0.4265646675350254,LR
2010-07-02,VIS,0.04438745434912,0.0563605274841548,1,0.3745083269054739,LR
2010-07-09,VIS,-0.0172479127437861,-0.0120418353821974,0,0.2780931647401997,LR
2010-07-16,VIS,0.0746037238197607,0.0351585782629321,1,0.38693540923673503,LR
2010-07-23,VIS,0.0048516915662768,-0.0012675851978867,0,0.31429678810911377,LR
2010-07-30,VIS,0.0012402497612942,0.019224907665952,0,0.26823351890951036,LR
2010-08-06,VIS,-0.0552233442832005,-0.036301970336049,0,0.33451452960811046,LR
2010-08-13,VIS,0.0011242528478891,-0.0072015680329637,0,0.2700890274927698,LR
2010-08-20,VIS,-0.0178770776691532,-0.0062308219790591,0,0.3427574195527319,LR
2010-08-27,VIS,0.0481790030731756,0.0377130163860837,1,0.32346764401832534,LR
2010-09-03,VIS,0.0147702657008981,0.0053202391407426,1,0.30394548205174643,LR
2010-09-10,VIS,0.0042598806854239,0.014462405779945,0,0.37636178275487014,LR
2010-09-17,VIS,0.0213328465872988,0.0207126267514309,1,0.37888820167325465,LR
2010-09-24,VIS,-0.0049871179349545,-0.0018287086453598,0,0.29949199829872797,LR
2010-10-01,VIS,0.0306228456942396,0.0168395879507455,1,0.3492734838807013,LR
2010-10-08,VIS,-0.0011733103419921,0.0099534301583829,0,0.34584563404491,LR
2010-10-15,VIS,0.0102417189655714,0.0055228928257711,1,0.426708197012942,LR
2010-10-22,VIS,-0.0162802443037211,0.001182804178418,0,0.4376739526969265,LR
2010-10-29,VIS,0.0357916020776034,0.0356990872060932,1,0.3942407792306588,LR
2010-11-05,VIS,-0.0273928573206749,-0.0205347185486743,0,0.36010737096282597,LR
2010-11-12,VIS,0.0046044856598186,0.0007490368508017,0,0.3852932266210631,LR
2010-11-19,VIS,0.00525969253816,-0.0123866822679508,0,0.3534854485801233,LR
2010-11-26,VIS,0.0446560700626679,0.0344281166813057,1,0.3679862893738735,LR
2010-12-03,VIS,0.0152443405582767,0.0129379520258034,1,0.4429220993277623,LR
2010-12-10,VIS,-0.0019959658974366,0.0038053901502587,0,0.30391391491822045,LR
2010-12-17,VIS,-0.0107000453658598,0.0104586050988097,0,0.3390594963680925,LR
2010-12-24,VIS,0.0018547566034359,0.0011941918849234,0,0.31773001183833677,LR
2010-12-31,VIS,0.0022957075954397,0.0110535102924033,0,0.40090138630541855,LR
2010-01-01,VNQ,-0.0143742040763439,0.0280862409269757,0,0.518468180728284,LR
2010-01-08,VNQ,-0.0062402225532015,-0.0081173078220325,0,0.4620622033665448,LR
2010-01-15,VNQ,-0.0435564077577271,-0.0389826839982613,0,0.4170197068079332,LR
2010-01-22,VNQ,-0.0201668739961439,-0.0166650238470939,0,0.42094958883121014,LR
2010-01-29,VNQ,-0.0117398449919849,-0.0067975443279719,0,0.4210714248285643,LR
2010-02-05,VNQ,-0.0061523504936042,0.0129385236819848,0,0.46207718594398856,LR
2010-02-12,VNQ,0.0428840658274392,0.0286926821246224,1,0.44059726486866857,LR
2010-02-19,VNQ,0.0051801696921625,-0.0035988114034261,0,0.37340765847701346,LR
2010-02-26,VNQ,0.0338529307663904,0.0316960411797068,1,0.47368057456266593,LR
2010-03-05,VNQ,0.0350915186510771,0.0105904078323043,1,0.4223099314962078,LR
2010-03-12,VNQ,0.0227272763426884,0.0085534864056631,1,0.4013458681773746,LR
2010-03-19,VNQ,0.0121149926764863,0.0052600205603981,1,0.516530591926764,LR
2010-03-26,VNQ,-0.0114849825217999,0.0104648203706553,0,0.436940113112736,LR
2010-04-02,VNQ,0.0336918983557779,0.0148556994915378,1,0.40980414294883166,LR
2010-04-09,VNQ,-0.0346244228236805,-0.0015892744836794,0,0.4200158070121083,LR
2010-04-16,VNQ,0.0767190831463151,0.0205261893261087,1,0.35451087474992443,LR
2010-04-23,VNQ,-0.0119025328638365,-0.0246288002589002,0,0.3010915121025871,LR
2010-04-30,VNQ,-0.0689916509751447,-0.0635469672173711,0,0.29330178274734625,LR
2010-05-07,VNQ,-0.0150695286821982,0.0236389362968224,0,0.35369205944474646,LR
2010-05-14,VNQ,-0.0565964369805555,-0.0419706557797637,0,0.23064790469427998,LR
2010-05-21,VNQ,0.0233567017046365,0.002382937651348,1,0.34273623244384005,LR
2010-05-28,VNQ,-0.0479115508861008,-0.0233152948058387,0,0.3453087841203012,LR
2010-06-04,VNQ,0.0692900298282253,0.0267740592537469,1,0.43766063396260046,LR
2010-06-11,VNQ,0.0112514744678455,0.0235372428806355,1,0.3209816678491386,LR
2010-06-18,VNQ,-0.0535232740238719,-0.0345472516906647,0,0.35025351042610714,LR
2010-06-25,VNQ,-0.079043403198578,-0.0525637676491251,0,0.4661238975271352,LR
2010-07-02,VNQ,0.0310813418907263,0.0563605274841547,1,0.35925387962336697,LR
2010-07-09,VNQ,-0.0130006070400163,-0.0120418353821974,0,0.2681807913975989,LR
2010-07-16,VNQ,0.0591727891949007,0.0351585782629323,1,0.39787169227388824,LR
2010-07-23,VNQ,0.0179820487432191,-0.0012675851978866,1,0.3328558620432175,LR
2010-07-30,VNQ,-0.0030899932635009,0.019224907665952,0,0.31089782545772005,LR
2010-08-06,VNQ,-0.040478069498518,-0.036301970336049,0,0.38089708902843167,LR
2010-08-13,VNQ,-0.0012113377765482,-0.0072015680329637,0,0.3671309635288498,LR
2010-08-20,VNQ,0.0128851062600974,-0.006230821979059,1,0.3997572406504021,LR
2010-08-27,VNQ,0.0623008986633752,0.0377130163860837,1,0.3883133822720575,LR
2010-09-03,VNQ,-0.0111488351909438,0.0053202391407425,0,0.38923351896567776,LR
2010-09-10,VNQ,0.0094643191873995,0.0144624057799448,0,0.44169682002203,LR
2010-09-17,VNQ,-0.0138266381191604,0.0207126267514309,0,0.44909674041593645,LR
2010-09-24,VNQ,-0.012080018784036,-0.0018287086453599,0,0.3398843452754212,LR
2010-10-01,VNQ,0.027176998448714,0.0168395879507455,1,0.3475790125140622,LR
2010-10-08,VNQ,0.0120952305709005,0.009953430158383,1,0.34011861277636796,LR
2010-10-15,VNQ,0.0220710094999785,0.0055228928257712,1,0.4418867769750333,LR
2010-10-22,VNQ,-0.0258928707667759,0.001182804178418,0,0.4441287631025995,LR
2010-10-29,VNQ,0.0452472081754924,0.0356990872060931,1,0.4015694461442103,LR
2010-11-05,VNQ,-0.0477857428880736,-0.0205347185486744,0,0.3804469111654623,LR
2010-11-12,VNQ,-0.0245781390560695,0.0007490368508018,0,0.39133423840225456,LR
2010-11-19,VNQ,0.0145173537796501,-0.0123866822679508,1,0.3343955552138754,LR
2010-11-26,VNQ,0.021296458353168,0.0344281166813056,1,0.38519455879771564,LR
2010-12-03,VNQ,-0.0124451008926,0.0129379520258034,0,0.39120823563835666,LR
2010-12-10,VNQ,-0.0134512536590903,0.0038053901502588,0,0.3793888422823533,LR
2010-12-17,VNQ,0.0225283765611246,0.0104586050988098,1,0.34568000723706593,LR
2010-12-24,VNQ,0.0195175387919441,0.0011941918849233,1,0.32603337105040864,LR
2010-12-31,VNQ,-0.013271124211705,0.0110535102924034,0,0.3858023428235778,LR
2010-01-01,VOX,-0.0064809761936565,0.0280862409269756,0,0.4005566273592208,LR
2010-01-08,VOX,-0.0295618555524618,-0.0081173078220325,0,0.3687218467418342,LR
2010-01-15,VOX,-0.0380935301246074,-0.0389826839982612,0,0.3089441749560888,LR
2010-01-22,VOX,-0.0308607514251393,-0.016665023847094,0,0.3186455300499061,LR
2010-01-29,VOX,-0.026135043489879,-0.0067975443279719,0,0.3273832830892716,LR
2010-02-05,VOX,0.0179898708373626,0.0129385236819848,1,0.3514770192840389,LR
2010-02-12,VOX,0.0157525498707065,0.0286926821246224,1,0.36399842106147007,LR
2010-02-19,VOX,-0.0171417589031639,-0.003598811403426,0,0.31032247395194945,LR
2010-02-26,VOX,0.0181783574987404,0.0316960411797068,1,0.3265039389559109,LR
2010-03-05,VOX,0.0215613357595185,0.0105904078323045,1,0.2971514345700102,LR
2010-03-12,VOX,0.0125294830312816,0.0085534864056631,1,0.324313097563719,LR
2010-03-19,VOX,0.0074060665262247,0.005260020560398,0,0.4206746629157446,LR
2010-03-26,VOX,0.0101622337898659,0.0104648203706553,1,0.40091243353435335,LR
2010-04-02,VOX,-0.0001755068597277,0.0148556994915377,0,0.3958706080926162,LR
2010-04-09,VOX,-0.0068337023258089,-0.0015892744836795,0,0.3969019386038622,LR
2010-04-16,VOX,0.0061826262205886,0.0205261893261085,0,0.34526259930898834,LR
2010-04-23,VOX,-0.0040428817842135,-0.0246288002589003,0,0.3177278672965055,LR
2010-04-30,VOX,-0.0645445294450883,-0.0635469672173711,0,0.2828221094930315,LR
2010-05-07,VOX,-0.0014424453241619,0.0236389362968226,0,0.2933155817058419,LR
2010-05-14,VOX,-0.0358042751512632,-0.0419706557797636,0,0.2281926986729992,LR
2010-05-21,VOX,0.0087572430918225,0.0023829376513479,0,0.2984920395417799,LR
2010-05-28,VOX,-0.0129942598258552,-0.0233152948058386,0,0.32834162606884026,LR
2010-06-04,VOX,0.0319069219573635,0.0267740592537469,1,0.41343818420457346,LR
2010-06-11,VOX,0.0014332108830539,0.0235372428806355,0,0.35493117073257924,LR
2010-06-18,VOX,-0.0301525493212674,-0.0345472516906647,0,0.3276828978357645,LR
2010-06-25,VOX,-0.0315521302053605,-0.0525637676491249,0,0.43123831537821894,LR
2010-07-02,VOX,0.0262130474700381,0.0563605274841546,1,0.3635844954718017,LR
2010-07-09,VOX,-0.0113924245353881,-0.0120418353821972,0,0.25168954546181393,LR
2010-07-16,VOX,0.0397315399826581,0.0351585782629323,1,0.35469483022400605,LR
2010-07-23,VOX,0.0071279527842349,-0.0012675851978867,0,0.31301180274954954,LR
2010-07-30,VOX,-0.0029059516059027,0.019224907665952,0,0.2662115784546239,LR
2010-08-06,VOX,-0.0221276465882646,-0.0363019703360489,0,0.3010982288715096,LR
2010-08-13,VOX,-0.0041739422342051,-0.0072015680329637,0,0.2981848714970739,LR
2010-08-20,VOX,0.0017351808479562,-0.0062308219790591,0,0.39952236042252637,LR
2010-08-27,VOX,0.0291161227549729,0.0377130163860836,1,0.3092576018831412,LR
2010-09-03,VOX,0.014384810829686,0.0053202391407425,1,0.26039461255869323,LR
2010-09-10,VOX,0.0047814854663497,0.0144624057799449,0,0.37589743993393643,LR
2010-09-17,VOX,0.017880339173214,0.0207126267514309,1,0.38157858302051717,LR
2010-09-24,VOX,0.0079782992597527,-0.0018287086453598,0,0.36283459351331887,LR
2010-10-01,VOX,-0.0042627164053241,0.0168395879507455,0,0.3060680161142374,LR
2010-10-08,VOX,-0.0006338684912406,0.009953430158383,0,0.286539650433587,LR
2010-10-15,VOX,0.0,0.0055228928257711,0,0.3684452005969981,LR
2010-10-22,VOX,-0.004079684974121,0.001182804178418,0,0.31923434206522117,LR
2010-10-29,VOX,0.0181932226779928,0.035699087206093,1,0.3644776557276708,LR
2010-11-05,VOX,-0.0137366781458887,-0.0205347185486743,0,0.3160346286970841,LR
2010-11-12,VOX,-0.0028037432045502,0.0007490368508018,0,0.3271478106197154,LR
2010-11-19,VOX,-0.0010968300714344,-0.0123866822679507,0,0.29787877129338997,LR
2010-11-26,VOX,0.0155391285197932,0.0344281166813056,1,0.3003710109303191,LR
2010-12-03,VOX,0.0169544721036138,0.0129379520258034,1,0.34910399138573667,LR
2010-12-10,VOX,0.0004532222116691,0.0038053901502587,0,0.310977301660181,LR
2010-12-17,VOX,-0.0199520215719802,0.0104586050988098,0,0.30910245306823986,LR
2010-12-24,VOX,-0.000761313208366,0.0011941918849233,0,0.2997825585161871,LR
2010-12-31,VOX,-0.006314926850845,0.0110535102924034,0,0.3240791042598327,LR
2010-01-01,VPU,-0.0143009644515268,0.0280862409269758,0,0.349893642050744,LR
2010-01-08,VPU,0.0037008152570012,-0.0081173078220325,0,0.36354297962836923,LR
2010-01-15,VPU,-0.0344827586206896,-0.0389826839982612,0,0.33696924302989806,LR
2010-01-22,VPU,-0.0215340923433772,-0.0166650238470939,0,0.35445113024752073,LR
2010-01-29,VPU,-0.0267114838678027,-0.0067975443279719,0,0.3362369399521117,LR
2010-02-05,VPU,-0.0024618664882258,0.0129385236819847,0,0.3042249895458438,LR
2010-02-12,VPU,0.0304219926221731,0.0286926821246225,1,0.33791546631123126,LR
2010-02-19,VPU,-0.0266813802121523,-0.003598811403426,0,0.30355829052713895,LR
2010-02-26,VPU,0.0227529420628938,0.0316960411797068,1,0.3474570524408639,LR
2010-03-05,VPU,-0.0040906565546382,0.0105904078323044,0,0.30891694089262617,LR
2010-03-12,VPU,0.0139417155102439,0.0085534864056631,1,0.29984639053318485,LR
2010-03-19,VPU,-0.0225599624016563,0.0052600205603981,0,0.38289941408138667,LR
2010-03-26,VPU,0.0156449481447198,0.0104648203706553,1,0.3567506365598814,LR
2010-04-02,VPU,0.0051780640001215,0.0148556994915378,0,0.33784541509422195,LR
2010-04-09,VPU,-0.0133706563189048,-0.0015892744836795,0,0.3276949766510383,LR
2010-04-16,VPU,0.0290724650224993,0.0205261893261086,1,0.30658081358880396,LR
2010-04-23,VPU,-0.0043023781717729,-0.0246288002589002,0,0.3188078159008942,LR
2010-04-30,VPU,-0.0499306194212476,-0.0635469672173711,0,0.31118016328395515,LR
2010-05-07,VPU,0.0029930470711891,0.0236389362968226,0,0.37142708765826726,LR
2010-05-14,VPU,-0.0510172466100833,-0.0419706557797635,0,0.23493784505640813,LR
2010-05-21,VPU,0.0056050140692902,0.0023829376513479,0,0.3154246373580334,LR
2010-05-28,VPU,-0.0168150422078707,-0.0233152948058386,0,0.30150951883493415,LR
2010-06-04,VPU,0.0358099609178637,0.0267740592537469,1,0.3792183703247683,LR
2010-06-11,VPU,0.0309046672041652,0.0235372428806355,1,0.32059775153809794,LR
2010-06-18,VPU,-0.0587602427933557,-0.0345472516906648,0,0.3256919038977269,LR
2010-06-25,VPU,-0.0304114928531037,-0.052563767649125,0,0.4341296728163354,LR
2010-07-02,VPU,0.043988751343061,0.0563605274841548,1,0.3522531495204298,LR
2010-07-09,VPU,-0.0034959672594349,-0.0120418353821972,0,0.2571116116724339,LR
2010-07-16,VPU,0.0255473942234152,0.0351585782629321,1,0.3937794136221637,LR
2010-07-23,VPU,-0.0072575850092534,-0.0012675851978867,0,0.29731909442884324,LR
2010-07-30,VPU,0.0055214820122972,0.019224907665952,0,0.2708344620396557,LR
2010-08-06,VPU,-0.0141423399477567,-0.036301970336049,0,0.3402069114050595,LR
2010-08-13,VPU,-0.0020170249739867,-0.0072015680329637,0,0.31066816174738526,LR
2010-08-20,VPU,0.0150131746098098,-0.006230821979059,1,0.36202183732582643,LR
2010-08-27,VPU,0.015070753950003,0.0377130163860836,1,0.344714570218135,LR
2010-09-03,VPU,-0.003757703360695,0.0053202391407425,0,0.31562584744222744,LR
2010-09-10,VPU,-0.0183774593056214,0.014462405779945,0,0.3555561710961547,LR
2010-09-17,VPU,0.0069728524474894,0.0207126267514309,0,0.3164793013117229,LR
2010-09-24,VPU,0.0054135430128054,-0.0018287086453599,0,0.2659811591341755,LR
2010-10-01,VPU,0.0067245156896245,0.0168395879507454,0,0.31577547607736184,LR
2010-10-08,VPU,0.0004443605147033,0.0099534301583829,0,0.2882341561893459,LR
2010-10-15,VPU,-0.0004446239625629,0.0055228928257711,0,0.360824506823072,LR
2010-10-22,VPU,-0.0110180696835969,0.001182804178418,0,0.32307215615444024,LR
2010-10-29,VPU,0.009906932212776,0.0356990872060931,0,0.3382823042011898,LR
2010-11-05,VPU,-0.0190756129515882,-0.0205347185486744,0,0.3547074853483431,LR
2010-11-12,VPU,-0.0117489729420858,0.0007490368508017,0,0.3156905310125615,LR
2010-11-19,VPU,-0.0052680025685474,-0.0123866822679507,0,0.2949999966184673,LR
2010-11-26,VPU,0.0144049222380144,0.0344281166813056,1,0.30490586663534774,LR
2010-12-03,VPU,-0.0058182813180789,0.0129379520258034,0,0.34919032255141874,LR
2010-12-10,VPU,0.0061275745071738,0.0038053901502588,0,0.29689427799056817,LR
2010-12-17,VPU,-0.0059136831680711,0.0104586050988097,0,0.2945952348432081,LR
2010-12-24,VPU,-0.0020827043603998,0.0011941918849235,0,0.27215292889621523,LR
2010-12-31,VPU,0.0078833668426734,0.0110535102924032,0,0.34025465288817525,LR
2011-01-07,VAW,0.018170705655726,0.0169894934868954,1,0.33601338868095104,LR
2011-01-14,VAW,-0.036381055580999,-0.0071924293547517,0,0.3050235165018967,LR
2011-01-21,VAW,0.0115255952043267,-0.0050636610910915,1,0.3944787908735962,LR
2011-01-28,VAW,0.0413809652398322,0.0268556983107211,1,0.35233985623734043,LR
2011-02-04,VAW,0.0045613963701571,0.0149444336865695,0,0.27706727970209627,LR
2011-02-11,VAW,0.0111524054838754,0.010667847313074,1,0.2589425986682633,LR
2011-02-18,VAW,-0.0193758643814304,-0.0163529170911286,0,0.2596602474147964,LR
2011-02-25,VAW,-0.000470599006204,0.0010578434752305,0,0.29231793981104665,LR
2011-03-04,VAW,-0.0342353372012868,-0.0123047002719846,0,0.32314485915116026,LR
2011-03-11,VAW,0.0089494098279359,-0.0192981023048694,0,0.377389290273506,LR
2011-03-18,VAW,0.0219569960725918,0.0277082600639766,1,0.4493573032952561,LR
2011-03-25,VAW,0.0205670964754076,0.0140894918233578,1,0.3312529869945572,LR
2011-04-01,VAW,-0.0035099361375101,-0.0021776837275383,0,0.3722297305754021,LR
2011-04-08,VAW,-0.0249319696453153,-0.0061722240301077,0,0.35223147670798555,LR
2011-04-15,VAW,0.0323824715153071,0.0131778332727115,1,0.2934362832041825,LR
2011-04-22,VAW,0.0128857168974658,0.0198090698891601,1,0.31924285666756386,LR
2011-04-29,VAW,-0.0414300165137856,-0.0163455455410336,0,0.31587903131138423,LR
2011-05-06,VAW,-0.0196645113736669,-0.001192200374762,0,0.40631466516094794,LR
2011-05-13,VAW,0.0010666864402142,-0.0032081189330627,0,0.3404345119495222,LR
2011-05-20,VAW,0.0380676539139086,-0.0007482755480061,1,0.32124183121451844,LR
2011-05-27,VAW,-0.0437377744449355,-0.0231441506458906,0,0.34483356338838395,LR
2011-06-03,VAW,-0.0138387671118554,-0.0216229249205483,0,0.3943234639403461,LR
2011-06-10,VAW,-0.0266520002532918,0.0006261116160721,0,0.3711452933565683,LR
2011-06-17,VAW,0.029054473877994,-0.0018892001286309,1,0.43289144225429543,LR
2011-06-24,VAW,0.0584225317479745,0.0560684059556762,1,0.377896857532656,LR
2011-07-01,VAW,0.0131245611517136,0.0035841998802816,1,0.29627321582370736,LR
2011-07-08,VAW,-0.0061116094538331,-0.0201636497762636,0,0.3208937929486843,LR
2011-07-15,VAW,0.0215366524011497,0.0219453206365124,1,0.3288342943255858,LR
2011-07-22,VAW,-0.0335022293536868,-0.0390099430843123,0,0.25664807123326033,LR
2011-07-29,VAW,-0.1240509598279094,-0.071522632916728,0,0.4058805302123136,LR
2011-08-05,VAW,0.0449064143485486,-0.0163227516488324,1,0.43961214703307644,LR
2011-08-12,VAW,-0.0783616083804572,-0.0463931514419158,0,0.3259167062070665,LR
2011-08-19,VAW,0.0345548763122756,0.0473184612055182,1,0.5350185145821663,LR
2011-08-26,VAW,-0.0106199791890621,-0.0010167576822673,0,0.3012596627647621,LR
2011-09-02,VAW,0.0167985437314825,-0.0163770614934654,1,0.3824860937975869,LR
2011-09-09,VAW,0.0553939904544344,0.0537328780769548,1,0.36207293965203335,LR
2011-09-16,VAW,-0.1105017008191366,-0.0656684170339955,0,0.2942507675867108,LR
2011-09-23,VAW,-0.038191818666487,-0.0034346303100619,0,0.5727236866398058,LR
2011-09-30,VAW,0.064273372241371,0.0226248841235408,1,0.4057818773596574,LR
2011-10-07,VAW,0.0593587628127607,0.0592860445639676,1,0.3618439311426102,LR
2011-10-14,VAW,0.0041191186986262,0.01142175781855,0,0.41160890486296403,LR
2011-10-21,VAW,0.0810295100573872,0.037348111573374,1,0.4419701697655627,LR
2011-10-28,VAW,-0.021499898252225,-0.0242611936937941,0,0.23792430670640952,LR
2011-11-04,VAW,0.0029753650512156,0.0094038349507414,0,0.28831929257117384,LR
2011-11-11,VAW,-0.0442477102879272,-0.0369494608511954,0,0.27150166894054906,LR
2011-11-18,VAW,-0.0367534362014602,-0.0462368603808218,0,0.39073446281680824,LR
2011-11-25,VAW,0.0550124917748588,0.0732331715975538,1,0.5097378984283859,LR
2011-12-02,VAW,-0.0139796143457734,0.0095311061740628,0,0.24220557286922564,LR
2011-12-09,VAW,-0.0211106580185835,-0.0292653452138023,0,0.3083190555420437,LR
2011-12-16,VAW,0.0141153729212852,0.0394768244381195,1,0.26611516209097835,LR
2011-12-23,VAW,-0.0110885696911946,-0.0070413386701623,0,0.18722842238404883,LR
2011-12-30,VAW,0.0167672696020169,0.017609162110176,1,0.40686018612271335,LR
2011-01-07,VCR,0.0095646740912351,0.0169894934868954,0,0.3373808384669212,LR
2011-01-14,VCR,-0.0072024656344733,-0.0071924293547517,0,0.2993948336553138,LR
2011-01-21,VCR,-0.0143422178383318,-0.0050636610910916,0,0.36553692561708934,LR
2011-01-28,VCR,0.0268512447454072,0.0268556983107211,1,0.36356409501104375,LR
2011-02-04,VCR,0.0328797979285588,0.0149444336865697,1,0.2738265530586604,LR
2011-02-11,VCR,0.0101849189750407,0.0106678473130741,1,0.25536589460557596,LR
2011-02-18,VCR,-0.0095972403582718,-0.0163529170911287,0,0.2816243974874173,LR
2011-02-25,VCR,-0.0039525691699604,0.0010578434752303,0,0.2790445186952574,LR
2011-03-04,VCR,-0.0091786363184421,-0.0123047002719846,0,0.27591626151214177,LR
2011-03-11,VCR,-0.0244530318773311,-0.0192981023048694,0,0.3474148402762951,LR
2011-03-18,VCR,0.0167180452701345,0.0277082600639766,1,0.4470633250206222,LR
2011-03-25,VCR,0.0117740922264539,0.0140894918233578,1,0.29106816284321396,LR
2011-04-01,VCR,-0.0051805624348858,-0.0021776837275384,0,0.33988663578399836,LR
2011-04-08,VCR,-0.0017287538661803,-0.0061722240301077,0,0.26308617694391706,LR
2011-04-15,VCR,0.032556608774303,0.0131778332727114,1,0.27344590204571223,LR
2011-04-22,VCR,0.0162463731452855,0.0198090698891601,1,0.31976802275268607,LR
2011-04-29,VCR,-0.0128787647594105,-0.0163455455410336,0,0.33700254793395257,LR
2011-05-06,VCR,0.0082834927949682,-0.001192200374762,0,0.3687960904397223,LR
2011-05-13,VCR,-0.00458720251924,-0.0032081189330627,0,0.3314426240297826,LR
2011-05-20,VCR,0.0138542873481379,-0.0007482755480063,1,0.33646643427494066,LR
2011-05-27,VCR,-0.0425791204501063,-0.0231441506458906,0,0.3578009695503832,LR
2011-06-03,VCR,-0.0278662423767556,-0.0216229249205484,0,0.3938959825368421,LR
2011-06-10,VCR,0.0065477414450778,0.0006261116160721,0,0.329523069386137,LR
2011-06-17,VCR,0.0221968434827917,-0.0018892001286309,1,0.38677946041406674,LR
2011-06-24,VCR,0.0606591512496155,0.0560684059556762,1,0.36218149767479135,LR
2011-07-01,VCR,0.0085470036580823,0.0035841998802816,0,0.27712543810390444,LR
2011-07-08,VCR,-0.0139870707633537,-0.0201636497762638,0,0.2829831211260735,LR
2011-07-15,VCR,0.020664295672488,0.0219453206365124,1,0.2782636654521668,LR
2011-07-22,VCR,-0.0277147033906726,-0.0390099430843122,0,0.2711562498873417,LR
2011-07-29,VCR,-0.0985221336419542,-0.071522632916728,0,0.41748787064748955,LR
2011-08-05,VCR,0.0245713169020154,-0.0163227516488323,1,0.4304723282595949,LR
2011-08-12,VCR,-0.0695324131021231,-0.0463931514419159,0,0.3090921043021322,LR
2011-08-19,VCR,0.0381158358017643,0.0473184612055181,1,0.5245176463269569,LR
2011-08-26,VCR,-0.0128227043678836,-0.0010167576822673,0,0.32545355701719036,LR
2011-09-02,VCR,0.0133785226833285,-0.0163770614934653,1,0.3911713203116343,LR
2011-09-09,VCR,0.0809702325706704,0.0537328780769548,1,0.3736381590716946,LR
2011-09-16,VCR,-0.0399396050011904,-0.0656684170339955,0,0.28223879138856184,LR
2011-09-23,VCR,-0.0344589035232345,-0.003434630310062,0,0.5064238500450048,LR
2011-09-30,VCR,0.0484716994175911,0.0226248841235407,1,0.39494149275236445,LR
2011-10-07,VCR,0.0505255945297578,0.0592860445639674,1,0.34873151129929447,LR
2011-10-14,VCR,0.0183233517377379,0.01142175781855,1,0.38200079812194326,LR
2011-10-21,VCR,0.0145962557743974,0.0373481115733739,1,0.4048251665208012,LR
2011-10-28,VCR,-0.0082265537936292,-0.024261193693794,0,0.2611264359066429,LR
2011-11-04,VCR,0.0062121598794462,0.0094038349507414,0,0.31370766027375635,LR
2011-11-11,VCR,-0.0335773489056026,-0.0369494608511953,0,0.2653314950550914,LR
2011-11-18,VCR,-0.0308487952503108,-0.0462368603808216,0,0.41176121276184413,LR
2011-11-25,VCR,0.0476589017588497,0.0732331715975539,1,0.4610508856621614,LR
2011-12-02,VCR,-0.009278190771696,0.0095311061740627,0,0.21400142105846415,LR
2011-12-09,VCR,-0.0207529105324,-0.0292653452138023,0,0.284757251224173,LR
2011-12-16,VCR,0.016369291168804,0.0394768244381196,1,0.243307769720728,LR
2011-12-23,VCR,-0.0022598771254929,-0.0070413386701623,0,0.18722321227716632,LR
2011-12-30,VCR,0.0046009982729462,0.0176091621101759,0,0.39097412209285815,LR
2011-01-07,VDC,0.0128116869003109,0.0169894934868954,1,0.2661856815667089,LR
2011-01-14,VDC,0.0005437564170414,-0.0071924293547518,0,0.25821244510441427,LR
2011-01-21,VDC,-0.017381841253475,-0.0050636610910915,0,0.32567981948451213,LR
2011-01-28,VDC,0.0111910088246105,0.026855698310721,1,0.29376581227710746,LR
2011-02-04,VDC,0.0095497533301316,0.0149444336865695,0,0.22325412159759928,LR
2011-02-11,VDC,0.0087921212389525,0.010667847313074,0,0.21689621770401354,LR
2011-02-18,VDC,-0.000540625985704,-0.0163529170911285,0,0.23440840018144227,LR
2011-02-25,VDC,-0.0017517484843248,0.0010578434752304,0,0.26726890105645923,LR
2011-03-04,VDC,0.0049918389567864,-0.0123047002719846,0,0.29030561790051623,LR
2011-03-11,VDC,-0.0134898156893414,-0.0192981023048693,0,0.33862717012641486,LR
2011-03-18,VDC,0.0146242634173261,0.0277082600639766,1,0.38206164236783624,LR
2011-03-25,VDC,0.0122470465296564,0.0140894918233579,1,0.24996064290532044,LR
2011-04-01,VDC,0.00275599373068,-0.0021776837275384,0,0.2833770823879963,LR
2011-04-08,VDC,0.017110831109754,-0.0061722240301076,1,0.2539244431382441,LR
2011-04-15,VDC,0.0055469598012971,0.0131778332727114,0,0.24704625753493203,LR
2011-04-22,VDC,0.022225121252883,0.0198090698891602,1,0.2928031532521565,LR
2011-04-29,VDC,-0.0057586266936554,-0.0163455455410337,0,0.27155444692107683,LR
2011-05-06,VDC,0.0198616485361058,-0.0011922003747619,1,0.3235106538337295,LR
2011-05-13,VDC,0.0079061076439279,-0.0032081189330626,0,0.27814644088937057,LR
2011-05-20,VDC,-0.0024639269773779,-0.0007482755480063,0,0.29346279455594787,LR
2011-05-27,VDC,-0.0289498660223234,-0.0231441506458905,0,0.31869307347344344,LR
2011-06-03,VDC,-0.0119017776836258,-0.0216229249205484,0,0.3624116220964219,LR
2011-06-10,VDC,0.013179766592273,0.0006261116160722,1,0.34082577419679805,LR
2011-06-17,VDC,-0.0118927433010895,-0.0018892001286311,0,0.356245096868944,LR
2011-06-24,VDC,0.0295547268469946,0.056068405955676,1,0.3461985347241245,LR
2011-07-01,VDC,0.0090671433134958,0.0035841998802816,0,0.25795158420981107,LR
2011-07-08,VDC,-0.0037285039246436,-0.0201636497762636,0,0.22594142257334662,LR
2011-07-15,VDC,0.0155193722163811,0.0219453206365125,1,0.27001432586679697,LR
2011-07-22,VDC,-0.0200298664514211,-0.0390099430843122,0,0.23200424904088116,LR
2011-07-29,VDC,-0.0367434015866682,-0.0715226329167279,0,0.42381591443562683,LR
2011-08-05,VDC,0.0089428481756561,-0.0163227516488323,0,0.40619945087752457,LR
2011-08-12,VDC,-0.0141861846922852,-0.0463931514419157,0,0.3126706604186383,LR
2011-08-19,VDC,0.0081183068598913,0.047318461205518,0,0.40977091437520496,LR
2011-08-26,VDC,-0.0024472236334353,-0.0010167576822674,0,0.2663781390457763,LR
2011-09-02,VDC,0.0077611680260309,-0.0163770614934653,0,0.3261158586610159,LR
2011-09-09,VDC,0.0465637632631306,0.0537328780769547,1,0.3071463560020532,LR
2011-09-16,VDC,-0.0346541125586991,-0.0656684170339955,0,0.20665879822345729,LR
2011-09-23,VDC,-0.004440333541148,-0.0034346303100619,0,0.37130508556187625,LR
2011-09-30,VDC,0.013161357670679,0.0226248841235407,1,0.2997512536324119,LR
2011-10-07,VDC,0.0168034578498945,0.0592860445639674,1,0.32109241745948264,LR
2011-10-14,VDC,0.0151667960892989,0.0114217578185501,1,0.30123271948986347,LR
2011-10-21,VDC,0.0056039468386088,0.0373481115733739,0,0.30268483036411803,LR
2011-10-28,VDC,-0.007988010081237,-0.024261193693794,0,0.17826885305360932,LR
2011-11-04,VDC,0.0132576148007177,0.0094038349507415,1,0.23215824175664485,LR
2011-11-11,VDC,-0.0088705531778038,-0.0369494608511952,0,0.22079288383781437,LR
2011-11-18,VDC,-0.0141383337173458,-0.0462368603808217,0,0.316103636793904,LR
2011-11-25,VDC,0.0341836766966279,0.0732331715975537,1,0.4039938592891774,LR
2011-12-02,VDC,-0.0011004275128705,0.0095311061740627,0,0.21147860637417368,LR
2011-12-09,VDC,-0.0038101961193238,-0.0292653452138022,0,0.24697995155729247,LR
2011-12-16,VDC,0.0078914846077668,0.0394768244381195,0,0.20800920386408975,LR
2011-12-23,VDC,-0.0050072795123076,-0.0070413386701623,0,0.157867915162867,LR
2011-12-30,VDC,-0.0173001722376675,0.0176091621101759,0,0.32118756432139933,LR
2011-01-07,VDE,0.0358825493786711,0.0169894934868954,1,0.3247573474624083,LR
2011-01-14,VDE,-0.0112087743420559,-0.0071924293547516,0,0.2737311479860988,LR
2011-01-21,VDE,0.0142591961439182,-0.0050636610910916,1,0.3312582563259109,LR
2011-01-28,VDE,0.0347992298541857,0.0268556983107211,1,0.2996381357924051,LR
2011-02-04,VDE,-0.0028505522629311,0.0149444336865696,0,0.2551764431727651,LR
2011-02-11,VDE,0.0386353394127425,0.0106678473130742,1,0.27495075260908186,LR
2011-02-18,VDE,0.0047610732167617,-0.0163529170911286,0,0.22075987579359344,LR
2011-02-25,VDE,0.0007871629183007,0.0010578434752304,0,0.2452471686027955,LR
2011-03-04,VDE,-0.046127092962345,-0.0123047002719845,0,0.2614337181467292,LR
2011-03-11,VDE,0.0143289934714612,-0.0192981023048693,1,0.34156382700329707,LR
2011-03-18,VDE,0.0244337246181798,0.0277082600639766,1,0.35819635416802537,LR
2011-03-25,VDE,0.0202785187128993,0.0140894918233577,1,0.2622734317627781,LR
2011-04-01,VDE,-0.0077268918965229,-0.0021776837275384,0,0.3147741254484524,LR
2011-04-08,VDE,-0.0327043105720566,-0.0061722240301076,0,0.31036245473990454,LR
2011-04-15,VDE,0.0345813152582159,0.0131778332727115,1,0.3071112939913847,LR
2011-04-22,VDE,0.0181049962306885,0.0198090698891602,1,0.29622648442853844,LR
2011-04-29,VDE,-0.0743906621792535,-0.0163455455410336,0,0.32006654509396826,LR
2011-05-06,VDE,-0.018105772239639,-0.001192200374762,0,0.4330337367299266,LR
2011-05-13,VDE,0.0185530283809058,-0.0032081189330626,1,0.31251406090067635,LR
2011-05-20,VDE,0.0422613926310257,-0.0007482755480062,1,0.3520528147193346,LR
2011-05-27,VDE,-0.0297413748989348,-0.0231441506458905,0,0.37479078180327285,LR
2011-06-03,VDE,-0.0228206292136646,-0.0216229249205484,0,0.4363184451708037,LR
2011-06-10,VDE,-0.018399189561204,0.000626111616072,0,0.4070809458919942,LR
2011-06-17,VDE,-0.0022019696913255,-0.0018892001286309,0,0.4388987145604118,LR
2011-06-24,VDE,0.0753609404818385,0.0560684059556761,1,0.3960580422090453,LR
2011-07-01,VDE,0.0111886858784635,0.0035841998802816,1,0.3029308612745008,LR
2011-07-08,VDE,0.0191426705048367,-0.0201636497762637,1,0.3205515947520323,LR
2011-07-15,VDE,0.0386760140649873,0.0219453206365125,1,0.31361575823202475,LR
2011-07-22,VDE,-0.0309802936052858,-0.0390099430843123,0,0.26520653229486635,LR
2011-07-29,VDE,-0.1274997659746067,-0.071522632916728,0,0.4295572012434439,LR
2011-08-05,VDE,0.0240650613542743,-0.0163227516488322,1,0.45791346603191097,LR
2011-08-12,VDE,-0.0698773075831163,-0.0463931514419159,0,0.2953090794848197,LR
2011-08-19,VDE,0.007112974017043,0.047318461205518,0,0.5374443488425603,LR
2011-08-26,VDE,-0.010732935010786,-0.0010167576822673,0,0.3314139431399209,LR
2011-09-02,VDE,0.0172266277137065,-0.0163770614934654,1,0.4010281002966405,LR
2011-09-09,VDE,0.0586658231019612,0.0537328780769548,1,0.37056971267609995,LR
2011-09-16,VDE,-0.1021382261981729,-0.0656684170339957,0,0.28894996603635786,LR
2011-09-23,VDE,-0.007700330788302,-0.0034346303100619,0,0.5851896535177432,LR
2011-09-30,VDE,0.0489896385619272,0.0226248841235408,1,0.4000453525643852,LR
2011-10-07,VDE,0.0740252349023884,0.0592860445639676,1,0.36404073722044666,LR
2011-10-14,VDE,0.0310546150330428,0.0114217578185501,1,0.42807014593912013,LR
2011-10-21,VDE,0.0587245009709005,0.0373481115733741,1,0.4974513884951733,LR
2011-10-28,VDE,-0.0084456197840674,-0.024261193693794,0,0.29828199918860443,LR
2011-11-04,VDE,0.0064842212965223,0.0094038349507415,0,0.32810891364461686,LR
2011-11-11,VDE,-0.0433661363038778,-0.0369494608511953,0,0.2884447882894484,LR
2011-11-18,VDE,-0.0476965560263524,-0.0462368603808217,0,0.39943482657219764,LR
2011-11-25,VDE,0.0653830137411579,0.0732331715975538,1,0.5096629029019354,LR
2011-12-02,VDE,-0.0160859970615283,0.0095311061740628,0,0.27754586765855854,LR
2011-12-09,VDE,-0.0431000395413206,-0.0292653452138023,0,0.34657880184278517,LR
2011-12-16,VDE,0.0329837906245051,0.0394768244381196,1,0.2567728869185578,LR
2011-12-23,VDE,-0.0063085205411583,-0.0070413386701624,0,0.18669773812851626,LR
2011-12-30,VDE,-0.002620128718728,0.017609162110176,0,0.4088366752469579,LR
2011-01-07,VFH,0.0352940607870542,0.0169894934868954,1,0.3484605699977406,LR
2011-01-14,VFH,-0.0146070700171365,-0.0071924293547517,0,0.3103019098353096,LR
2011-01-21,VFH,-0.0124297713010589,-0.0050636610910916,0,0.394480696628212,LR
2011-01-28,VFH,0.0158208590834887,0.026855698310721,1,0.4054645265145719,LR
2011-02-04,VFH,0.0233917900354978,0.0149444336865695,1,0.3092867285743975,LR
2011-02-11,VFH,0.0080138123926569,0.010667847313074,0,0.32342480430239595,LR
2011-02-18,VFH,-0.0080621590264162,-0.0163529170911286,0,0.2781950945102073,LR
2011-02-25,VFH,-0.020196213676317,0.0010578434752303,0,0.3458064884290816,LR
2011-03-04,VFH,-0.0049883208482597,-0.0123047002719845,0,0.3214220632625048,LR
2011-03-11,VFH,-0.0065418142645171,-0.0192981023048693,0,0.3983417096869829,LR
2011-03-18,VFH,-0.0062075934910871,0.0277082600639764,0,0.5024012304205595,LR
2011-03-25,VFH,0.0142390849977038,0.0140894918233578,1,0.33006024590865246,LR
2011-04-01,VFH,-0.0043846160536649,-0.0021776837275383,0,0.35429722436628497,LR
2011-04-08,VFH,-0.0170188321564634,-0.0061722240301075,0,0.32449271716888367,LR
2011-04-15,VFH,0.008737599503664,0.0131778332727115,0,0.3184526122448242,LR
2011-04-22,VFH,0.0200239689771388,0.0198090698891601,1,0.3191635115176442,LR
2011-04-29,VFH,-0.0224555391427533,-0.0163455455410337,0,0.33063698888113857,LR
2011-05-06,VFH,-0.0149432161889098,-0.0011922003747619,0,0.40381401950059875,LR
2011-05-13,VFH,0.0018275222432975,-0.0032081189330626,0,0.3442517750211394,LR
2011-05-20,VFH,0.0113845825195313,-0.0007482755480062,1,0.33343833676221274,LR
2011-05-27,VFH,-0.0382414509312295,-0.0231441506458906,0,0.3183556276169165,LR
2011-06-03,VFH,-0.0226414883845464,-0.0216229249205484,0,0.3615743172574641,LR
2011-06-10,VFH,0.0038461195176413,0.0006261116160721,0,0.30951001739520057,LR
2011-06-17,VFH,-0.0080205325437305,-0.0018892001286309,0,0.34386406619203747,LR
2011-06-24,VFH,0.054962843393667,0.0560684059556761,1,0.32812911340290735,LR
2011-07-01,VFH,-0.00306743800005,0.0035841998802817,0,0.24708119937364853,LR
2011-07-08,VFH,-0.0249454083153501,-0.0201636497762636,0,0.22734540121211128,LR
2011-07-15,VFH,0.0347154611111792,0.0219453206365126,1,0.215392081598413,LR
2011-07-22,VFH,-0.0251098910572289,-0.0390099430843122,0,0.18031813620077747,LR
2011-07-29,VFH,-0.1057142832922557,-0.071522632916728,0,0.34861860474586653,LR
2011-08-05,VFH,-0.0088300135549469,-0.0163227516488323,0,0.403588437236448,LR
2011-08-12,VFH,-0.0585866134294527,-0.0463931514419158,0,0.28692911919591,LR
2011-08-19,VFH,0.0258456981747956,0.0473184612055182,1,0.468551794659802,LR
2011-08-26,VFH,-0.0313639900787264,-0.0010167576822674,0,0.2704998777657815,LR
2011-09-02,VFH,0.0136505612247022,-0.0163770614934654,1,0.3310672348697251,LR
2011-09-09,VFH,0.0748432528664415,0.0537328780769548,1,0.3340759061832964,LR
2011-09-16,VFH,-0.0807291720254673,-0.0656684170339957,0,0.23559589084145371,LR
2011-09-23,VFH,-0.00399681773142,-0.0034346303100619,0,0.4927652165068783,LR
2011-09-30,VFH,0.0060704788116792,0.0226248841235408,0,0.3654383835097206,LR
2011-10-07,VFH,0.0433241594294089,0.0592860445639676,1,0.33125282301665226,LR
2011-10-14,VFH,0.0487619309198288,0.01142175781855,1,0.33097926582323545,LR
2011-10-21,VFH,0.0615050940839065,0.0373481115733741,1,0.36823091733742247,LR
2011-10-28,VFH,-0.0253824595419591,-0.0242611936937941,0,0.2316217623144964,LR
2011-11-04,VFH,-0.0025017761247119,0.0094038349507415,0,0.28783275724781415,LR
2011-11-11,VFH,-0.0442765089698594,-0.0369494608511953,0,0.23152095761127847,LR
2011-11-18,VFH,-0.0361677776966434,-0.0462368603808218,0,0.3665374628110581,LR
2011-11-25,VFH,0.0496536157912612,0.0732331715975538,1,0.43649745998379247,LR
2011-12-02,VFH,0.0014461647052788,0.0095311061740629,0,0.2440965284694067,LR
2011-12-09,VFH,-0.0193500836475807,-0.0292653452138023,0,0.28109208465802227,LR
2011-12-16,VFH,0.0364448297444817,0.0394768244381196,1,0.22900692610188775,LR
2011-12-23,VFH,-0.0057595336017765,-0.0070413386701624,0,0.17714255988537256,LR
2011-12-30,VFH,0.0103276679599459,0.0176091621101759,1,0.36268919963625024,LR
2011-01-07,VGT,0.0250833144031736,0.0169894934868955,1,0.3367102571383572,LR
2011-01-14,VGT,-0.0158754935060493,-0.0071924293547517,0,0.3352996346643666,LR
2011-01-21,VGT,0.0037926941070882,-0.0050636610910915,0,0.3877024650098106,LR
2011-01-28,VGT,0.0366006600996267,0.0268556983107211,1,0.3425357589799106,LR
2011-02-04,VGT,0.0046813281920754,0.0149444336865695,0,0.2800351549170122,LR
2011-02-11,VGT,0.0055522621544246,0.0106678473130741,0,0.25464468077517616,LR
2011-02-18,VGT,-0.0096822905358916,-0.0163529170911286,0,0.25836536360927814,LR
2011-02-25,VGT,-0.0050173972708411,0.0010578434752304,0,0.29874560524611776,LR
2011-03-04,VGT,-0.0349809769895139,-0.0123047002719846,0,0.2948778209497692,LR
2011-03-11,VGT,-0.0288202636713853,-0.0192981023048693,0,0.34411951552918635,LR
2011-03-18,VGT,0.0276394220368865,0.0277082600639766,1,0.390513384020591,LR
2011-03-25,VGT,-0.0003121549145879,0.0140894918233577,0,0.2839620884893443,LR
2011-04-01,VGT,-0.0062276429234489,-0.0021776837275384,0,0.3259722994233763,LR
2011-04-08,VGT,-0.0103367245604494,-0.0061722240301076,0,0.29258968415340625,LR
2011-04-15,VGT,0.0390213095960287,0.0131778332727115,1,0.2812982480995368,LR
2011-04-22,VGT,0.0172122752702443,0.0198090698891601,1,0.3210137971729783,LR
2011-04-29,VGT,-0.0170258375176983,-0.0163455455410336,0,0.3199114797566083,LR
2011-05-06,VGT,-0.0016845421931201,-0.0011922003747619,0,0.4017547916635889,LR
2011-05-13,VGT,-0.0094019826784044,-0.0032081189330626,0,0.3427687828057355,LR
2011-05-20,VGT,0.0086627692946981,-0.0007482755480062,0,0.3489641671361314,LR
2011-05-27,VGT,-0.0316797908524842,-0.0231441506458905,0,0.3689632075438213,LR
2011-06-03,VGT,-0.0307052327910968,-0.0216229249205484,0,0.3903499755963586,LR
2011-06-10,VGT,-0.0148416510593711,0.0006261116160721,0,0.34910683424288536,LR
2011-06-17,VGT,0.0149555239362804,-0.001889200128631,1,0.4092182828717321,LR
2011-06-24,VGT,0.0667771148498868,0.0560684059556762,1,0.3512974961441023,LR
2011-07-01,VGT,0.0150621303993809,0.0035841998802816,1,0.2532838288571573,LR
2011-07-08,VGT,-0.0149899153103003,-0.0201636497762637,0,0.2688214769127219,LR
2011-07-15,VGT,0.0383401143819321,0.0219453206365126,1,0.2955212956913881,LR
2011-07-22,VGT,-0.0291590735695588,-0.0390099430843122,0,0.25444887674672007,LR
2011-07-29,VGT,-0.0796694833018079,-0.0715226329167279,0,0.38483297669006344,LR
2011-08-05,VGT,0.0282258166989841,-0.0163227516488324,1,0.4235391735896089,LR
2011-08-12,VGT,-0.0878618360169678,-0.0463931514419158,0,0.2987633221875937,LR
2011-08-19,VGT,0.0407346389415856,0.0473184612055182,1,0.5499135817812012,LR
2011-08-26,VGT,-0.0160594078332974,-0.0010167576822674,0,0.32484762256989785,LR
2011-09-02,VGT,0.0210848465228887,-0.0163770614934653,1,0.3898156157740589,LR
2011-09-09,VGT,0.0830357415335518,0.0537328780769547,1,0.37501985795552184,LR
2011-09-16,VGT,-0.0302220333451296,-0.0656684170339955,0,0.2625797199769317,LR
2011-09-23,VGT,-0.0284149246737657,-0.003434630310062,0,0.49499576267804535,LR
2011-09-30,VGT,0.0426211623628198,0.0226248841235408,1,0.3993001154691575,LR
2011-10-07,VGT,0.0638833234789117,0.0592860445639676,1,0.33017553757838214,LR
2011-10-14,VGT,-0.0181875331252132,0.01142175781855,0,0.3825036899309943,LR
2011-10-21,VGT,0.0418671284771556,0.0373481115733741,1,0.43082921370247323,LR
2011-10-28,VGT,-0.0062121092556796,-0.024261193693794,0,0.2754166571547052,LR
2011-11-04,VGT,0.0015644317425791,0.0094038349507413,0,0.36996747394131574,LR
2011-11-11,VGT,-0.0353622019547652,-0.0369494608511952,0,0.2952063970404967,LR
2011-11-18,VGT,-0.0394802021670291,-0.0462368603808217,0,0.44372696379988397,LR
2011-11-25,VGT,0.0492899053993296,0.0732331715975538,1,0.5124533648551027,LR
2011-12-02,VGT,-0.0014111030779307,0.0095311061740628,0,0.26834926458088554,LR
2011-12-09,VGT,-0.0344007913863799,-0.0292653452138023,0,0.3489440730298519,LR
2011-12-16,VGT,0.0098263750512057,0.0394768244381195,0,0.27385630967849744,LR
2011-12-23,VGT,-0.004864589686523,-0.0070413386701624,0,0.1947631317560771,LR
2011-12-30,VGT,0.0041580384024659,0.0176091621101759,0,0.38844671988776586,LR
2011-01-07,VHT,0.0071690830085215,0.0169894934868954,0,0.29919213076263773,LR
2011-01-14,VHT,-0.0020873672478423,-0.0071924293547516,0,0.3142918823947606,LR
2011-01-21,VHT,-0.0158315910692281,-0.0050636610910915,0,0.365364511779216,LR
2011-01-28,VHT,0.0167047789833318,0.026855698310721,1,0.3188113525709482,LR
2011-02-04,VHT,0.0020693038180981,0.0149444336865695,0,0.25619974674051177,LR
2011-02-11,VHT,0.0130628792978124,0.010667847313074,1,0.2455169653942758,LR
2011-02-18,VHT,-0.0058109752579288,-0.0163529170911286,0,0.24870404778072747,LR
2011-02-25,VHT,0.0202020254795132,0.0010578434752303,1,0.27026044987793946,LR
2011-03-04,VHT,-0.0149003749618162,-0.0123047002719846,0,0.3107271449471746,LR
2011-03-11,VHT,-0.0129582628552042,-0.0192981023048693,0,0.340576278861303,LR
2011-03-18,VHT,0.0090552298829298,0.0277082600639765,0,0.4094412530207587,LR
2011-03-25,VHT,0.0192373141517869,0.0140894918233578,1,0.2932377817510987,LR
2011-04-01,VHT,-0.0019769181281136,-0.0021776837275383,0,0.36683047500519406,LR
2011-04-08,VHT,0.0156688231272199,-0.0061722240301076,1,0.31287383137966546,LR
2011-04-15,VHT,0.0143696477677823,0.0131778332727113,1,0.27349170331608347,LR
2011-04-22,VHT,0.0311491338556111,0.0198090698891602,1,0.3040732097143252,LR
2011-04-29,VHT,-0.0060511932989172,-0.0163455455410337,0,0.29048910859821714,LR
2011-05-06,VHT,0.0151183531163268,-0.0011922003747619,1,0.3142297892819109,LR
2011-05-13,VHT,0.0009243191374024,-0.0032081189330626,0,0.24924184171958685,LR
2011-05-20,VHT,-0.0021698604608263,-0.0007482755480062,0,0.29499404599249174,LR
2011-05-27,VHT,-0.0225134790875173,-0.0231441506458905,0,0.3388478321664332,LR
2011-06-03,VHT,-0.0128002145104142,-0.0216229249205483,0,0.39314345666086487,LR
2011-06-10,VHT,0.0009600219726562,0.0006261116160722,0,0.3470978169730234,LR
2011-06-17,VHT,0.000960329285061,-0.0018892001286309,0,0.377500874518985,LR
2011-06-24,VHT,0.0373622882433444,0.0560684059556761,1,0.3518991885234246,LR
2011-07-01,VHT,0.0,0.0035841998802817,0,0.2563987797194286,LR
2011-07-08,VHT,-0.0086997257945705,-0.0201636497762635,0,0.23715807534609232,LR
2011-07-15,VHT,0.0155611709381942,0.0219453206365124,1,0.25481614941932623,LR
2011-07-22,VHT,-0.0358147818269345,-0.0390099430843123,0,0.2538334181429244,LR
2011-07-29,VHT,-0.0888817704601309,-0.071522632916728,0,0.35877881413447427,LR
2011-08-05,VHT,0.0226326273829511,-0.0163227516488324,1,0.3439806575593836,LR
2011-08-12,VHT,-0.0331928246440436,-0.0463931514419159,0,0.29324981917577253,LR
2011-08-19,VHT,0.0239072287391197,0.0473184612055181,1,0.4947934464673464,LR
2011-08-26,VHT,-0.0060282859204231,-0.0010167576822673,0,0.30378311266518326,LR
2011-09-02,VHT,0.0040557140883343,-0.0163770614934653,0,0.411903818296186,LR
2011-09-09,VHT,0.0539818051244982,0.0537328780769547,1,0.3380476537489482,LR
2011-09-16,VHT,-0.03138933173766,-0.0656684170339955,0,0.24853781158625388,LR
2011-09-23,VHT,-0.0085694591789368,-0.0034346303100619,0,0.4789240231761083,LR
2011-09-30,VHT,0.0113717022659898,0.0226248841235407,1,0.36035779302996995,LR
2011-10-07,VHT,0.0195671180626013,0.0592860445639674,1,0.338830044601113,LR
2011-10-14,VHT,0.0090320173234581,0.01142175781855,0,0.33752515673028133,LR
2011-10-21,VHT,0.034401364954022,0.0373481115733739,1,0.3201959392175748,LR
2011-10-28,VHT,-0.0207612184881265,-0.0242611936937941,0,0.19748558828413523,LR
2011-11-04,VHT,0.0227464586946368,0.0094038349507415,1,0.23494727776723193,LR
2011-11-11,VHT,-0.0288940824177299,-0.0369494608511952,0,0.2171365848820232,LR
2011-11-18,VHT,-0.0178571215992946,-0.0462368603808217,0,0.30751518477080486,LR
2011-11-25,VHT,0.040575693200697,0.0732331715975537,1,0.4123704655734706,LR
2011-12-02,VHT,-0.0062510456060573,0.0095311061740627,0,0.19891214659359385,LR
2011-12-09,VHT,0.0025049717519378,-0.0292653452138022,0,0.25655342866683445,LR
2011-12-16,VHT,0.0177504929743248,0.0394768244381196,1,0.21232393289748944,LR
2011-12-23,VHT,-0.0014681917407509,-0.0070413386701624,0,0.20823323425276913,LR
2011-12-30,VHT,0.0,0.0176091621101759,0,0.3580314843244277,LR
2011-01-07,VIS,0.0253417525788899,0.0169894934868955,1,0.37649016796025625,LR
2011-01-14,VIS,-0.0091058460935027,-0.0071924293547517,0,0.31839065608027833,LR
2011-01-21,VIS,-0.0016514128410691,-0.0050636610910916,0,0.3721847685148859,LR
2011-01-28,VIS,0.0232313458334039,0.026855698310721,1,0.35227445595094703,LR
2011-02-04,VIS,0.0229918772262578,0.0149444336865696,1,0.2745572259964159,LR
2011-02-11,VIS,0.0033989217064862,0.0106678473130739,0,0.2506958611458112,LR
2011-02-18,VIS,-0.0222381347691458,-0.0163529170911287,0,0.24458643863306898,LR
2011-02-25,VIS,-0.0037752595594803,0.0010578434752303,0,0.2959218319166687,LR
2011-03-04,VIS,-0.0093009651555859,-0.0123047002719845,0,0.3031186235535001,LR
2011-03-11,VIS,-0.008122809478658,-0.0192981023048693,0,0.340088054417048,LR
2011-03-18,VIS,0.0137447353384321,0.0277082600639767,1,0.41793314497251677,LR
2011-03-25,VIS,0.0193770419061507,0.0140894918233578,1,0.3165387447963071,LR
2011-04-01,VIS,-0.0225332495327863,-0.0021776837275383,0,0.38543390867253363,LR
2011-04-08,VIS,-0.0085775339570786,-0.0061722240301077,0,0.3122623822984964,LR
2011-04-15,VIS,0.0240595141706709,0.0131778332727114,1,0.26873055735000756,LR
2011-04-22,VIS,0.0290888492146335,0.0198090698891602,1,0.29694683132044536,LR
2011-04-29,VIS,-0.023727428216173,-0.0163455455410337,0,0.33199474582124894,LR
2011-05-06,VIS,-0.0103005972716545,-0.001192200374762,0,0.38787864782256654,LR
2011-05-13,VIS,-0.0037205855331258,-0.0032081189330626,0,0.3385873755652414,LR
2011-05-20,VIS,0.0137467458198714,-0.0007482755480062,1,0.32305841927710777,LR
2011-05-27,VIS,-0.0421247608119951,-0.0231441506458905,0,0.3300988241278737,LR
2011-06-03,VIS,-0.0240478070760216,-0.0216229249205484,0,0.3550511432568901,LR
2011-06-10,VIS,0.0102369110707474,0.0006261116160722,1,0.3348556110146133,LR
2011-06-17,VIS,0.0095642512091842,-0.0018892001286309,0,0.3988871600583228,LR
2011-06-24,VIS,0.0622370298852756,0.0560684059556762,1,0.36830394720143916,LR
2011-07-01,VIS,0.0008495830679735,0.0035841998802816,0,0.2759083558236438,LR
2011-07-08,VIS,-0.0269999912806919,-0.0201636497762636,0,0.25391199693580796,LR
2011-07-15,VIS,0.0151828783062022,0.0219453206365125,1,0.24783073311147244,LR
2011-07-22,VIS,-0.0503671128051379,-0.0390099430843123,0,0.21755103971250078,LR
2011-07-29,VIS,-0.1071320365678376,-0.071522632916728,0,0.37056921082403066,LR
2011-08-05,VIS,0.026912189626117,-0.0163227516488324,1,0.3905151489190883,LR
2011-08-12,VIS,-0.0827927985186107,-0.0463931514419159,0,0.307706463087601,LR
2011-08-19,VIS,0.04088678993114,0.0473184612055181,1,0.5346800232585679,LR
2011-08-26,VIS,-0.01703082161149,-0.0010167576822673,0,0.30267608522276157,LR
2011-09-02,VIS,0.008676781360887,-0.0163770614934654,0,0.3653755037109925,LR
2011-09-09,VIS,0.0800944376574488,0.0537328780769549,1,0.371985525598388,LR
2011-09-16,VIS,-0.0712328722383454,-0.0656684170339957,0,0.25499621565146646,LR
2011-09-23,VIS,-0.0171095495122929,-0.0034346303100619,0,0.531331123377516,LR
2011-09-30,VIS,0.0431291542077085,0.0226248841235408,1,0.38274539351116676,LR
2011-10-07,VIS,0.0502106856797897,0.0592860445639676,1,0.36368852162762527,LR
2011-10-14,VIS,0.01611547908999,0.0114217578185501,1,0.403142041014384,LR
2011-10-21,VIS,0.0480421527194436,0.037348111573374,1,0.402525582497697,LR
2011-10-28,VIS,-0.0071394091219623,-0.024261193693794,0,0.2523209970207746,LR
2011-11-04,VIS,0.0084867697809765,0.0094038349507414,0,0.31567048606311415,LR
2011-11-11,VIS,-0.0274147461697223,-0.0369494608511952,0,0.26272413148115165,LR
2011-11-18,VIS,-0.0417429251894929,-0.0462368603808218,0,0.39285192111477535,LR
2011-11-25,VIS,0.0545271251819075,0.0732331715975538,1,0.4697783924916091,LR
2011-12-02,VIS,-0.0066006911298488,0.0095311061740628,0,0.24690527586236058,LR
2011-12-09,VIS,-0.0193754855034481,-0.0292653452138023,0,0.31413189951522325,LR
2011-12-16,VIS,0.020690785853104,0.0394768244381196,1,0.2465047360911268,LR
2011-12-23,VIS,-0.0086220805734946,-0.0070413386701625,0,0.1863246601182166,LR
2011-12-30,VIS,0.0047423815952851,0.017609162110176,0,0.40347816582524704,LR
2011-01-07,VNQ,0.0158758931386333,0.0169894934868954,1,0.35860616573849896,LR
2011-01-14,VNQ,-0.0034142396441425,-0.0071924293547517,0,0.35722116347983124,LR
2011-01-21,VNQ,0.0158443867286999,-0.0050636610910916,1,0.3940051372207037,LR
2011-01-28,VNQ,0.0063503372565254,0.026855698310721,0,0.37385834432177206,LR
2011-02-04,VNQ,0.0243304632182863,0.0149444336865696,1,0.3044988803814885,LR
2011-02-11,VNQ,0.0022184483191181,0.010667847313074,0,0.2974330447721848,LR
2011-02-18,VNQ,0.0022306292182252,-0.0163529170911285,0,0.299302543622592,LR
2011-02-25,VNQ,-0.0181694635067749,0.0010578434752304,0,0.3511619831702018,LR
2011-03-04,VNQ,-0.0031023837255363,-0.0123047002719847,0,0.34792935449347717,LR
2011-03-11,VNQ,-0.006608714228091,-0.0192981023048693,0,0.3743089520432164,LR
2011-03-18,VNQ,-0.0105866126632989,0.0277082600639766,0,0.45826617545683257,LR
2011-03-25,VNQ,0.0261083176175647,0.0140894918233578,1,0.3154142820257609,LR
2011-04-01,VNQ,-0.020429021597719,-0.0021776837275384,0,0.3548342230520429,LR
2011-04-08,VNQ,0.0228967850804249,-0.0061722240301076,1,0.2935625398445297,LR
2011-04-15,VNQ,0.0249445229731724,0.0131778332727114,1,0.3029125985500164,LR
2011-04-22,VNQ,0.0284431625008398,0.0198090698891602,1,0.34419874905567116,LR
2011-04-29,VNQ,-0.0268791558817406,-0.0163455455410338,0,0.38281021170046065,LR
2011-05-06,VNQ,0.000661218378579,-0.001192200374762,0,0.3878686442447182,LR
2011-05-13,VNQ,0.0073017333830396,-0.0032081189330627,0,0.31539923239518836,LR
2011-05-20,VNQ,0.0269640293360877,-0.0007482755480062,1,0.3268080143412096,LR
2011-05-27,VNQ,-0.0241235122650061,-0.0231441506458905,0,0.3365738430812598,LR
2011-06-03,VNQ,-0.0409376573452378,-0.0216229249205484,0,0.39626722326937636,LR
2011-06-10,VNQ,0.0176823824771996,0.0006261116160722,1,0.33783002929751216,LR
2011-06-17,VNQ,-0.0086308735863299,-0.001889200128631,0,0.34993374471285005,LR
2011-06-24,VNQ,0.0429960831175728,0.0560684059556761,1,0.32026864530279225,LR
2011-07-01,VNQ,0.0236502514396266,0.0035841998802816,1,0.24437311951922336,LR
2011-07-08,VNQ,-0.0080814612676892,-0.0201636497762637,0,0.28672255629857724,LR
2011-07-15,VNQ,0.0325216820253069,0.0219453206365125,1,0.3001920202005218,LR
2011-07-22,VNQ,-0.0230473533492193,-0.0390099430843121,0,0.2615291315400462,LR
2011-07-29,VNQ,-0.1333981158718146,-0.071522632916728,0,0.41113898576459745,LR
2011-08-05,VNQ,0.0595629836702036,-0.0163227516488324,1,0.46549055871282097,LR
2011-08-12,VNQ,-0.0362253221004396,-0.0463931514419158,0,0.2590737424631694,LR
2011-08-19,VNQ,0.0095570751557061,0.047318461205518,0,0.515289949214421,LR
2011-08-26,VNQ,-0.0034154671536605,-0.0010167576822674,0,0.35324872571774,LR
2011-09-02,VNQ,0.0247534309023991,-0.0163770614934653,1,0.41096496048811515,LR
2011-09-09,VNQ,0.0555453443903006,0.0537328780769547,1,0.4067502467781458,LR
2011-09-16,VNQ,-0.0830517198464053,-0.0656684170339955,0,0.2829477854475264,LR
2011-09-23,VNQ,-0.0219188507294463,-0.0034346303100619,0,0.5045975202650448,LR
2011-09-30,VNQ,-0.0089392284778592,0.0226248841235408,0,0.4028331964273277,LR
2011-10-07,VNQ,0.0430678959119497,0.0592860445639676,1,0.40073492536975125,LR
2011-10-14,VNQ,0.0443014041292617,0.0114217578185499,1,0.36518344327452457,LR
2011-10-21,VNQ,0.0632911401136946,0.037348111573374,1,0.4060766357533885,LR
2011-10-28,VNQ,-0.0097871478896648,-0.024261193693794,0,0.27374508171473855,LR
2011-11-04,VNQ,-0.0059038053774447,0.0094038349507415,0,0.3334411354112598,LR
2011-11-11,VNQ,-0.0279045308066263,-0.0369494608511953,0,0.25283022589168147,LR
2011-11-18,VNQ,-0.0408575170780733,-0.0462368603808217,0,0.3819788799823618,LR
2011-11-25,VNQ,0.0285819797754496,0.0732331715975537,1,0.5048925061392167,LR
2011-12-02,VNQ,0.0028479858765213,0.0095311061740628,0,0.2828679286083247,LR
2011-12-09,VNQ,0.0125335860709792,-0.0292653452138023,1,0.33072104822350534,LR
2011-12-16,VNQ,0.0270079212371767,0.0394768244381197,1,0.2702760501396897,LR
2011-12-23,VNQ,-0.0017211441780955,-0.0070413386701624,0,0.20877491954633193,LR
2011-12-30,VNQ,-0.0204910939899427,0.0176091621101759,0,0.3939231265174158,LR
2011-01-07,VOX,-0.0074242100571141,0.0169894934868954,0,0.25943820707341475,LR
2011-01-14,VOX,-0.0138035880154844,-0.0071924293547517,0,0.27534191832743243,LR
2011-01-21,VOX,-0.0043269785699017,-0.0050636610910916,0,0.3166145765239139,LR
2011-01-28,VOX,0.0183983060573829,0.026855698310721,1,0.2831747988930565,LR
2011-02-04,VOX,0.0184569024034209,0.0149444336865697,1,0.2479504450143682,LR
2011-02-11,VOX,-0.01492529236242,0.010667847313074,0,0.27215042135708956,LR
2011-02-18,VOX,-0.002584737382121,-0.0163529170911285,0,0.27165619310388717,LR
2011-02-25,VOX,-0.0184848669803503,0.0010578434752303,0,0.25465055172163864,LR
2011-03-04,VOX,0.0038592158800703,-0.0123047002719846,0,0.2641444958588372,LR
2011-03-11,VOX,0.0015448550739243,-0.0192981023048692,0,0.32417802882318497,LR
2011-03-18,VOX,0.0083625221199672,0.0277082600639766,0,0.37786882919420706,LR
2011-03-25,VOX,0.0315741754122895,0.0140894918233578,1,0.2744790510135647,LR
2011-04-01,VOX,-0.0069636349167048,-0.0021776837275384,0,0.42187295597786895,LR
2011-04-08,VOX,-0.0002887035964298,-0.0061722240301076,0,0.28476423726979017,LR
2011-04-15,VOX,0.0008711711369393,0.0131778332727114,0,0.32027503260667006,LR
2011-04-22,VOX,0.0152262625536234,0.0198090698891601,1,0.284290041524052,LR
2011-04-29,VOX,-0.006664685389698,-0.0163455455410337,0,0.3553162901842111,LR
2011-05-06,VOX,0.012705201297291,-0.0011922003747619,1,0.3165720654396245,LR
2011-05-13,VOX,0.0059397281061135,-0.0032081189330627,0,0.29982633380278323,LR
2011-05-20,VOX,0.0225213031395175,-0.0007482755480062,1,0.3273135920180579,LR
2011-05-27,VOX,-0.0429430972606905,-0.0231441506458906,0,0.3522390885412437,LR
2011-06-03,VOX,-0.0244076383679934,-0.0216229249205484,0,0.317850127287433,LR
2011-06-10,VOX,0.0045327907787737,0.0006261116160721,0,0.30351339809660616,LR
2011-06-17,VOX,0.0129907949481404,-0.001889200128631,1,0.35286864105715354,LR
2011-06-24,VOX,0.0433592943766019,0.0560684059556761,1,0.3800744959672339,LR
2011-07-01,VOX,0.0013803465524928,0.0035841998802816,0,0.3030523069867484,LR
2011-07-08,VOX,-0.0159373606752861,-0.0201636497762636,0,0.26333982056434324,LR
2011-07-15,VOX,0.0031373870891544,0.0219453206365125,0,0.25332342357993853,LR
2011-07-22,VOX,-0.0365591835377464,-0.0390099430843123,0,0.2386364675990658,LR
2011-07-29,VOX,-0.0755848226361007,-0.0715226329167279,0,0.34426741969351576,LR
2011-08-05,VOX,0.0212135680266021,-0.0163227516488324,1,0.45439563677244577,LR
2011-08-12,VOX,-0.016157388396302,-0.0463931514419158,0,0.3406560251372295,LR
2011-08-19,VOX,0.0087454164795408,0.047318461205518,0,0.46574497086014444,LR
2011-08-26,VOX,-0.0123630813249261,-0.0010167576822673,0,0.28021742821098716,LR
2011-09-02,VOX,0.0008129957245617,-0.0163770614934654,0,0.3227336147522171,LR
2011-09-09,VOX,0.0516587070512088,0.0537328780769547,1,0.3058410848311576,LR
2011-09-16,VOX,-0.0396244696438666,-0.0656684170339956,0,0.26239882219813687,LR
2011-09-23,VOX,-0.0001647441383991,-0.0034346303100619,0,0.4498143667451559,LR
2011-09-30,VOX,-0.013417220025259,0.0226248841235407,0,0.3320635698235265,LR
2011-10-07,VOX,0.036216282164704,0.0592860445639675,1,0.346267397834347,LR
2011-10-14,VOX,0.0080141049028918,0.01142175781855,0,0.30168099802033405,LR
2011-10-21,VOX,0.0212361965085423,0.0373481115733739,1,0.3123740446635271,LR
2011-10-28,VOX,-0.0095670767207076,-0.024261193693794,0,0.16671979015597985,LR
2011-11-04,VOX,0.0077409428810848,0.0094038349507415,0,0.20888548655406547,LR
2011-11-11,VOX,-0.0313386091097133,-0.0369494608511951,0,0.22081773019737796,LR
2011-11-18,VOX,-0.0359261749210939,-0.0462368603808217,0,0.2749252794357652,LR
2011-11-25,VOX,0.0425882789431488,0.0732331715975538,1,0.3581338553838489,LR
2011-12-02,VOX,-0.0083451234971483,0.0095311061740628,0,0.16875111297256934,LR
2011-12-09,VOX,-0.0022371876038557,-0.0292653452138022,0,0.20106542370587704,LR
2011-12-16,VOX,-0.0126197623016981,0.0394768244381195,0,0.15689700617535823,LR
2011-12-23,VOX,0.0059870378066748,-0.0070413386701624,0,0.08288974797675792,LR
2011-12-30,VOX,-0.0268126076382551,0.0176091621101759,0,0.29666538978977575,LR
2011-01-07,VPU,0.0073898902296396,0.0169894934868954,0,0.286391111554527,LR
2011-01-14,VPU,0.0038117891763709,-0.0071924293547517,0,0.2807209718166158,LR
2011-01-21,VPU,-0.0094765116079369,-0.0050636610910914,0,0.34060743751494255,LR
2011-01-28,VPU,0.0076640277694224,0.026855698310721,0,0.3042248688571252,LR
2011-02-04,VPU,0.008052641256055,0.0149444336865695,0,0.2512398824793051,LR
2011-02-11,VPU,0.001310181026233,0.010667847313074,0,0.2496595741097923,LR
2011-02-18,VPU,-0.0033484255169417,-0.0163529170911285,0,0.22898735820495308,LR
2011-02-25,VPU,0.0050879265803598,0.0010578434752303,0,0.27318740154900734,LR
2011-03-04,VPU,0.0080737824922996,-0.0123047002719846,0,0.3089920787757606,LR
2011-03-11,VPU,-0.027428814617599,-0.0192981023048694,0,0.3391512725056133,LR
2011-03-18,VPU,-0.004389106496862,0.0277082600639765,0,0.35097142653332136,LR
2011-03-25,VPU,0.0209831294667361,0.0140894918233577,1,0.24087423701283278,LR
2011-04-01,VPU,-0.0041595081820111,-0.0021776837275383,0,0.2864272348175358,LR
2011-04-08,VPU,-0.0027310973442534,-0.0061722240301075,0,0.28153725541158564,LR
2011-04-15,VPU,0.0075154881445014,0.0131778332727114,0,0.2919678427172232,LR
2011-04-22,VPU,0.0292641076218538,0.0198090698891602,1,0.30035598269954217,LR
2011-04-29,VPU,-0.0038894122462225,-0.0163455455410336,0,0.3045249452689849,LR
2011-05-06,VPU,0.0143334089973345,-0.001192200374762,1,0.3541238225506577,LR
2011-05-13,VPU,0.0045224314860099,-0.0032081189330626,0,0.29645003856863866,LR
2011-05-20,VPU,-0.0091818303102236,-0.0007482755480062,0,0.2910982652776255,LR
2011-05-27,VPU,-0.0231634109459016,-0.0231441506458905,0,0.31679581409378993,LR
2011-06-03,VPU,-0.0051973975824283,-0.0216229249205483,0,0.3805072652468591,LR
2011-06-10,VPU,0.0084614080261526,0.0006261116160721,0,0.33742480447124895,LR
2011-06-17,VPU,-0.0131634560033641,-0.001889200128631,0,0.38522139837951724,LR
2011-06-24,VPU,0.0315551636438775,0.0560684059556761,1,0.33612807364968744,LR
2011-07-01,VPU,-0.0024667713055308,0.0035841998802816,0,0.21785293622401633,LR
2011-07-08,VPU,-0.0036025289376799,-0.0201636497762636,0,0.2314825551255417,LR
2011-07-15,VPU,0.0161853452176032,0.0219453206365125,1,0.2621801334941948,LR
2011-07-22,VPU,-0.0146732778230793,-0.0390099430843121,0,0.24556983483883288,LR
2011-07-29,VPU,-0.0485355073313483,-0.0715226329167279,0,0.4176592110634388,LR
2011-08-05,VPU,0.0233751034357703,-0.0163227516488324,1,0.46863663439922515,LR
2011-08-12,VPU,0.0051080869915811,-0.0463931514419159,0,0.2771585688123911,LR
2011-08-19,VPU,0.004128714754374,0.0473184612055181,0,0.39524420191739823,LR
2011-08-26,VPU,-0.0046173474943091,-0.0010167576822674,0,0.277166159955961,LR
2011-09-02,VPU,0.0007143293108258,-0.0163770614934653,0,0.32081050014967216,LR
2011-09-09,VPU,0.0562769657249742,0.0537328780769547,1,0.32146805768621506,LR
2011-09-16,VPU,-0.0215172077047414,-0.0656684170339955,0,0.22875426141071034,LR
2011-09-23,VPU,0.0035107429183285,-0.0034346303100619,0,0.34360974537967554,LR
2011-09-30,VPU,-0.0086701542170407,0.0226248841235408,0,0.2811909100556446,LR
2011-10-07,VPU,0.004856368469587,0.0592860445639674,0,0.2857789625122422,LR
2011-10-14,VPU,0.0278200987713559,0.01142175781855,1,0.28935554588943296,LR
2011-10-21,VPU,0.0076695330619587,0.0373481115733739,0,0.2887374100852459,LR
2011-10-28,VPU,0.0033593120955535,-0.024261193693794,0,0.20424679186183006,LR
2011-11-04,VPU,0.0068127455526623,0.0094038349507414,0,0.24770052192075523,LR
2011-11-11,VPU,-0.0208084792356084,-0.0369494608511952,0,0.22974024357263562,LR
2011-11-18,VPU,-0.0315517439594659,-0.0462368603808216,0,0.33176520856997216,LR
2011-11-25,VPU,0.0211887852099756,0.0732331715975538,1,0.4002974323607193,LR
2011-12-02,VPU,-0.0046598118929166,0.0095311061740628,0,0.2139771746076319,LR
2011-12-09,VPU,0.0032262113958685,-0.0292653452138022,0,0.2504330191712125,LR
2011-12-16,VPU,0.0220235126295402,0.0394768244381195,1,0.1932938920757712,LR
2011-12-23,VPU,0.0019546720100929,-0.0070413386701624,0,0.16208302400569485,LR
2011-12-30,VPU,-0.0345985068015964,0.0176091621101759,0,0.31894201055693827,LR
2012-01-06,VAW,0.0344148540799322,0.0088485320471803,1,0.45713520557768833,LR
2012-01-13,VAW,0.0028790006094729,0.0241382335457839,0,0.4896835402219771,LR
2012-01-20,VAW,0.0221945944691264,-0.000985357175603,1,0.6609931726860203,LR
2012-01-27,VAW,0.0352868661648932,0.0206346893421034,1,0.5839723444403032,LR
2012-02-03,VAW,-0.0188995437786256,-0.0013379801703614,0,0.4620317094625739,LR
2012-02-10,VAW,0.001815467096321,0.0152575201698616,0,0.5227202361194103,LR
2012-02-17,VAW,-0.0031242746024592,0.0038117686458218,0,0.38435166332637305,LR
2012-02-24,VAW,-0.0020639285258114,0.0027752685121412,0,0.49063443610019586,LR
2012-03-02,VAW,-0.0113304128219928,0.0018936427584792,0,0.599207541749637,LR
2012-03-09,VAW,0.0166358404034112,0.0243135652576633,1,0.5030648826026802,LR
2012-03-16,VAW,-0.0055825130576991,-0.0046327223595928,0,0.49635406398314663,LR
2012-03-23,VAW,-0.0066457592745401,0.0083064812439579,0,0.41532578937251224,LR
2012-03-30,VAW,-0.0125487177914167,-0.0072441503428699,0,0.3168225620243712,LR
2012-04-06,VAW,0.0061326389788718,-0.018956813282995,0,0.39601486704931455,LR
2012-04-13,VAW,0.0033383318698063,0.0059064070535815,0,0.4871100716279437,LR
2012-04-20,VAW,0.0278575345724498,0.017687613192113,1,0.41767346237827646,LR
2012-04-27,VAW,-0.034272443368796,-0.0241470968221801,0,0.4567350218087384,LR
2012-05-04,VAW,-0.0106679751165846,-0.0101460561638531,0,0.4580719834053294,LR
2012-05-11,VAW,-0.0614604441762964,-0.043285583190627,0,0.41221068688687984,LR
2012-05-18,VAW,0.0347681639949226,0.0181899146063566,1,0.4572227498288629,LR
2012-05-25,VAW,-0.0420443689735953,-0.0298257439375783,0,0.33769793374116,LR
2012-06-01,VAW,0.0409757134952768,0.0385453803645468,1,0.43486588466949033,LR
2012-06-08,VAW,-0.007556042403768,0.0130356019870922,0,0.36083262787098075,LR
2012-06-15,VAW,0.0027821817055253,-0.0050690631391529,0,0.3070877897865226,LR
2012-06-22,VAW,0.0416666751846581,0.0197809779132543,1,0.3297268501018914,LR
2012-06-29,VAW,0.0008993921775328,-0.0044815622168294,0,0.2671509044533372,LR
2012-07-06,VAW,-0.012581791439445,0.0019185165998639,0,0.36538041816284966,LR
2012-07-13,VAW,0.0181272741799221,0.0053039372507028,1,0.4328117625019711,LR
2012-07-20,VAW,0.0134254270452087,0.0161940702591447,1,0.3738831376568291,LR
2012-07-27,VAW,0.0014169858848824,0.0048309426092969,0,0.35500274274229804,LR
2012-08-03,VAW,0.0241749729121363,0.0106930289188245,1,0.3262596556291734,LR
2012-08-10,VAW,0.0130276949977818,0.0095141867470191,1,0.3152014156050511,LR
2012-08-17,VAW,-0.0060869299847147,-0.0047124310816447,0,0.3748655554086376,LR
2012-08-24,VAW,-0.0049844426900798,-0.0024731219824456,0,0.3309096176046515,LR
2012-08-31,VAW,0.0373620316916392,0.02245646887741,1,0.34305284312505724,LR
2012-09-07,VAW,0.0433147266941986,0.0201624427976435,1,0.3615205902384817,LR
2012-09-14,VAW,-0.0158562788175994,-0.0040159846653755,0,0.32331733583655947,LR
2012-09-21,VAW,-0.0101492355118936,-0.0130255819636053,0,0.37897057466721695,LR
2012-09-28,VAW,0.0044386125704525,0.015072646559724,0,0.31325757670289944,LR
2012-10-05,VAW,-0.0181272758812774,-0.0222386940047943,0,0.32896963289117875,LR
2012-10-12,VAW,0.0205153293161233,0.0034988833149432,1,0.39692301227562027,LR
2012-10-19,VAW,-0.0192192008903434,-0.0142270923307934,0,0.41179650782720967,LR
2012-10-26,VAW,-0.0003665987855995,0.0014858789140103,0,0.4497157678497749,LR
2012-11-02,VAW,-0.0160029018913554,-0.0240179183682478,0,0.4086650396646992,LR
2012-11-09,VAW,-0.0309723853390226,-0.0129563858283756,0,0.46456626904404963,LR
2012-11-16,VAW,0.0245757672319042,0.0365183199269861,1,0.4407516516615609,LR
2012-11-23,VAW,0.0130822800201373,0.0056597283897124,1,0.30636037759046747,LR
2012-11-30,VAW,-0.0164624216112269,0.0018293354013662,0,0.3461149574088784,LR
2012-12-07,VAW,0.0160322796875749,-0.0021772393933377,1,0.3570516148818926,LR
2012-12-14,VAW,-0.0013211699198804,0.0119832769696247,0,0.2845648101152672,LR
2012-12-21,VAW,-0.0069762068235822,-0.0193292090116095,0,0.3705380850547279,LR
2012-12-28,VAW,0.0553599296654505,0.0452757897547565,1,0.39222522796173165,LR
2012-01-06,VCR,0.0095942213397925,0.0088485320471802,0,0.43078420394178607,LR
2012-01-13,VCR,0.012345607788387,0.024138233545784,1,0.4480844354641678,LR
2012-01-20,VCR,0.007924361799779,-0.000985357175603,0,0.5876079478740557,LR
2012-01-27,VCR,0.0293670156623155,0.0206346893421034,1,0.45913924570528664,LR
2012-02-03,VCR,0.0035539444411052,-0.0013379801703615,0,0.38595679854454834,LR
2012-02-10,VCR,0.0111272982851846,0.0152575201698617,1,0.4209912493179313,LR
2012-02-17,VCR,-0.0073507426783706,0.0038117686458219,0,0.3085208462477313,LR
2012-02-24,VCR,0.0164794700079786,0.002775268512141,1,0.37220599176380714,LR
2012-03-02,VCR,0.0120550564611325,0.0018936427584792,1,0.46948943914050856,LR
2012-03-09,VCR,0.0083462486563028,0.0243135652576633,0,0.3656931813005556,LR
2012-03-16,VCR,0.0078652417414479,-0.0046327223595929,0,0.3734414724907594,LR
2012-03-23,VCR,-0.0020732761443327,0.0083064812439579,0,0.3808053843402813,LR
2012-03-30,VCR,-0.0005539236540617,-0.0072441503428697,0,0.29632837925013256,LR
2012-04-06,VCR,0.0039442004186871,-0.018956813282995,0,0.36229988117364476,LR
2012-04-13,VCR,-0.0029351041916136,0.0059064070535813,0,0.44629298340050827,LR
2012-04-20,VCR,0.0360933526863296,0.0176876131921131,1,0.408776559319292,LR
2012-04-27,VCR,-0.023383004904909,-0.02414709682218,0,0.4342405062803015,LR
2012-05-04,VCR,-0.011223280528389,-0.0101460561638531,0,0.4092151339193378,LR
2012-05-11,VCR,-0.0442883257354679,-0.0432855831906269,0,0.35873289159078275,LR
2012-05-18,VCR,0.0336134136297348,0.0181899146063566,1,0.379209757153485,LR
2012-05-25,VCR,-0.0440687106301024,-0.0298257439375784,0,0.31351289031318474,LR
2012-06-01,VCR,0.0374566287755047,0.0385453803645467,1,0.42605276698646105,LR
2012-06-08,VCR,-0.0106474512772594,0.0130356019870922,0,0.31207482505443285,LR
2012-06-15,VCR,0.0029172197310214,-0.0050690631391528,0,0.30091843657167466,LR
2012-06-22,VCR,0.0191063404595959,0.0197809779132542,1,0.3581648900502064,LR
2012-06-29,VCR,0.0014362502866638,-0.0044815622168294,0,0.26289141122964044,LR
2012-07-06,VCR,-0.0044584720845134,0.0019185165998637,0,0.3131170420998156,LR
2012-07-13,VCR,0.004342206797792,0.0053039372507028,0,0.4095557867224687,LR
2012-07-20,VCR,0.0270230572430827,0.0161940702591447,1,0.39597067554381254,LR
2012-07-27,VCR,-0.0002848118975524,0.0048309426092969,0,0.3431377514927144,LR
2012-08-03,VCR,0.0110874029312708,0.0106930289188245,1,0.3054249358348015,LR
2012-08-10,VCR,0.0176619316079393,0.0095141867470192,1,0.30254833535886366,LR
2012-08-17,VCR,-0.0033075781676498,-0.0047124310816446,0,0.2955045106179261,LR
2012-08-24,VCR,0.0013773894796531,-0.0024731219824456,0,0.3211105918241329,LR
2012-08-31,VCR,0.0318093840708713,0.0224564688774101,1,0.3659137677974681,LR
2012-09-07,VCR,0.0221924594249844,0.0201624427976434,1,0.3826701657311078,LR
2012-09-14,VCR,-0.0039220215811429,-0.0040159846653754,0,0.3169361798545152,LR
2012-09-21,VCR,-0.0121211877529624,-0.0130255819636054,0,0.360900232218398,LR
2012-09-28,VCR,0.0131405036008231,0.0150726465597242,1,0.3482378705343873,LR
2012-10-05,VCR,-0.0232466070036119,-0.0222386940047943,0,0.4157701398276589,LR
2012-10-12,VCR,0.0064333966440481,0.0034988833149431,0,0.37644381598359933,LR
2012-10-19,VCR,-0.0168000284830729,-0.0142270923307935,0,0.42624640788316737,LR
2012-10-26,VCR,0.0094085609393261,0.0014858789140103,0,0.43669536165347006,LR
2012-11-02,VCR,-0.0238253824166871,-0.0240179183682479,0,0.42335180784558424,LR
2012-11-09,VCR,-0.0150753857362128,-0.0129563858283756,0,0.44453100348215835,LR
2012-11-16,VCR,0.030934919016438,0.0365183199269861,1,0.40991147486408913,LR
2012-11-23,VCR,0.0112522963174386,0.0056597283897125,1,0.3143767692763176,LR
2012-11-30,VCR,-0.0058715677430312,0.0018293354013663,0,0.33420396334450064,LR
2012-12-07,VCR,-0.0101036170097958,-0.0021772393933377,0,0.3531483266693591,LR
2012-12-14,VCR,-0.0005286930160086,0.0119832769696246,0,0.29209736719542034,LR
2012-12-21,VCR,-0.0137675523288691,-0.0193292090116094,0,0.38740997761455837,LR
2012-12-28,VCR,0.0524046775391271,0.0452757897547564,1,0.37976437674804586,LR
2012-01-06,VDC,-0.0029692624981711,0.0088485320471802,0,0.3090217041674355,LR
2012-01-13,VDC,0.0029542774430708,0.0241382335457839,0,0.2729891161991672,LR
2012-01-20,VDC,-0.0053988029620398,-0.000985357175603,0,0.3689059869423463,LR
2012-01-27,VDC,0.0143688341939751,0.0206346893421034,1,0.32774538343569043,LR
2012-02-03,VDC,0.0024428599185619,-0.0013379801703613,0,0.3301211714713556,LR
2012-02-10,VDC,0.0109369487892312,0.0152575201698616,1,0.334944855943259,LR
2012-02-17,VDC,0.0002402338569398,0.0038117686458218,0,0.28701614776390394,LR
2012-02-24,VDC,0.0072288972785674,0.0027752685121412,0,0.3147248250908872,LR
2012-03-02,VDC,0.0065789839927816,0.0018936427584793,0,0.38113132533526894,LR
2012-03-09,VDC,0.009615446445027,0.0243135652576633,0,0.3546748069166304,LR
2012-03-16,VDC,0.0059992294320692,-0.0046327223595927,0,0.327068040013899,LR
2012-03-23,VDC,0.0065328692326067,0.008306481243958,0,0.34218659670245866,LR
2012-03-30,VDC,-0.0020852676762297,-0.0072441503428697,0,0.31555922277946197,LR
2012-04-06,VDC,-0.0044439816783899,-0.0189568132829951,0,0.338786637910734,LR
2012-04-13,VDC,0.0158042437726473,0.0059064070535813,1,0.3619213570206884,LR
2012-04-20,VDC,0.0090677335402369,0.017687613192113,0,0.3104055219689624,LR
2012-04-27,VDC,-0.0095798919309993,-0.02414709682218,0,0.34026358747415614,LR
2012-05-04,VDC,0.0025743180793351,-0.010146056163853,0,0.3594183397238824,LR
2012-05-11,VDC,-0.0104374272861051,-0.0432855831906269,0,0.3181839393259421,LR
2012-05-18,VDC,0.0100568639052986,0.0181899146063565,1,0.36454559108007634,LR
2012-05-25,VDC,-0.0255185556885795,-0.0298257439375783,0,0.30663978360243116,LR
2012-06-01,VDC,0.0263158447104248,0.0385453803645467,1,0.37750688068712285,LR
2012-06-08,VDC,0.0077546082999158,0.0130356019870923,0,0.269469223942863,LR
2012-06-15,VDC,-0.0100034809057232,-0.0050690631391529,0,0.26323783639544834,LR
2012-06-22,VDC,0.0282083942548054,0.0197809779132542,1,0.29484272067410083,LR
2012-06-29,VDC,0.0011258553756436,-0.0044815622168294,0,0.26424292792300436,LR
2012-07-06,VDC,0.0077667995255417,0.0019185165998639,0,0.31577335585568544,LR
2012-07-13,VDC,-0.0091548475786318,0.0053039372507029,0,0.3470916767434647,LR
2012-07-20,VDC,0.0251107718535423,0.0161940702591447,1,0.32962544476788,LR
2012-07-27,VDC,0.0037672724420014,0.0048309426092968,0,0.3425751673629395,LR
2012-08-03,VDC,-0.0062809883727186,0.0106930289188245,0,0.3160512451608104,LR
2012-08-10,VDC,0.0070866947951493,0.0095141867470191,0,0.2533616454924426,LR
2012-08-17,VDC,-0.0073666651063947,-0.0047124310816446,0,0.29152978593489415,LR
2012-08-24,VDC,-0.0036472349559146,-0.0024731219824455,0,0.2544598019915558,LR
2012-08-31,VDC,0.0078731324248166,0.0224564688774099,0,0.29427105464133674,LR
2012-09-07,VDC,0.0034174574106771,0.0201624427976433,0,0.27741539389444597,LR
2012-09-14,VDC,0.0114285814893113,-0.0040159846653755,1,0.25311593749063066,LR
2012-09-21,VDC,-0.0041322015789596,-0.0130255819636052,0,0.28103652406621094,LR
2012-09-28,VDC,0.0164667632113744,0.0150726465597241,1,0.2748818341140176,LR
2012-10-05,VDC,-0.0175965605509536,-0.0222386940047942,0,0.2987074245375018,LR
2012-10-12,VDC,-0.0053418235607972,0.0034988833149432,0,0.2980907928377648,LR
2012-10-19,VDC,-0.0112765362447204,-0.0142270923307933,0,0.31455452111763577,LR
2012-10-26,VDC,-0.003975710637423,0.0014858789140104,0,0.33699148413142455,LR
2012-11-02,VDC,-0.0114827069603045,-0.0240179183682478,0,0.3466687506435042,LR
2012-11-09,VDC,-0.0081017351012833,-0.0129563858283756,0,0.40305411395950724,LR
2012-11-16,VDC,0.023761433402621,0.0365183199269859,1,0.32649689802710796,LR
2012-11-23,VDC,0.0122793855698293,0.0056597283897123,1,0.2523576574476154,LR
2012-11-30,VDC,0.0006473625204594,0.0018293354013663,0,0.3075245557327781,LR
2012-12-07,VDC,-0.0037821317339362,-0.0021772393933376,0,0.35148400290714293,LR
2012-12-14,VDC,-0.0412382030930138,0.0119832769696246,0,0.28913911775240086,LR
2012-12-21,VDC,-0.0158389131750901,-0.0193292090116095,0,0.34290258697944986,LR
2012-12-28,VDC,0.0406635051096995,0.0452757897547563,1,0.3575307618635738,LR
2012-01-06,VDE,-0.0170907174097695,0.0088485320471803,0,0.45904822495490594,LR
2012-01-13,VDE,0.0101108390954323,0.024138233545784,1,0.45218043410432074,LR
2012-01-20,VDE,-0.0011505536248399,-0.000985357175603,0,0.6078693897974747,LR
2012-01-27,VDE,0.022318816991244,0.0206346893421034,1,0.5794804437659348,LR
2012-02-03,VDE,0.0077850534564642,-0.0013379801703615,0,0.49442467774316445,LR
2012-02-10,VDE,0.0196114908312607,0.0152575201698617,1,0.5273879128182384,LR
2012-02-17,VDE,0.0114649874316312,0.0038117686458219,1,0.3802380664734635,LR
2012-02-24,VDE,-0.0172304561028998,0.0027752685121411,0,0.4647224221130727,LR
2012-03-02,VDE,-0.0056990784204831,0.0018936427584792,0,0.5139650547547744,LR
2012-03-09,VDE,0.0137163642873914,0.0243135652576633,1,0.46615662892247883,LR
2012-03-16,VDE,-0.0282863090288968,-0.0046327223595928,0,0.4756170327636207,LR
2012-03-23,VDE,-0.0199403596322563,0.0083064812439579,0,0.44609506141676836,LR
2012-03-30,VDE,-0.0154433052718533,-0.0072441503428698,0,0.3912567828209943,LR
2012-04-06,VDE,-0.0111176432526921,-0.0189568132829951,0,0.38772759356912156,LR
2012-04-13,VDE,0.0016870676193629,0.0059064070535814,0,0.4791403113410733,LR
2012-04-20,VDE,0.0427780580299359,0.017687613192113,1,0.42802135006170866,LR
2012-04-27,VDE,-0.0359836882389313,-0.02414709682218,0,0.4612609532900014,LR
2012-05-04,VDE,-0.0072749440418569,-0.0101460561638531,0,0.47413134516029687,LR
2012-05-11,VDE,-0.0407826894614016,-0.043285583190627,0,0.4400708338123728,LR
2012-05-18,VDE,0.0183436930066558,0.0181899146063567,1,0.47236625045169434,LR
2012-05-25,VDE,-0.0576380582286054,-0.0298257439375784,0,0.37386164337774247,LR
2012-06-01,VDE,0.0390962315151535,0.0385453803645468,1,0.4623224357157605,LR
2012-06-08,VDE,0.0090526380037005,0.0130356019870923,0,0.3383089277564601,LR
2012-06-15,VDE,-0.023370894521831,-0.0050690631391528,0,0.282182724398917,LR
2012-06-22,VDE,0.0631624810880477,0.0197809779132542,1,0.3452383584215442,LR
2012-06-29,VDE,-0.0020519603481264,-0.0044815622168292,0,0.23429663195395264,LR
2012-07-06,VDE,0.0063917808925983,0.0019185165998638,0,0.3008831428480871,LR
2012-07-13,VDE,0.0322680039916529,0.0053039372507028,1,0.3872053193699485,LR
2012-07-20,VDE,0.0346997350147724,0.0161940702591446,1,0.33475333816002,LR
2012-07-27,VDE,9.803132755203948e-05,0.0048309426092969,0,0.37038570222869416,LR
2012-08-03,VDE,0.0266118896885534,0.0106930289188245,1,0.33045590700450295,LR
2012-08-10,VDE,0.0023841312087053,0.0095141867470191,0,0.3197723713130958,LR
2012-08-17,VDE,-0.0060091308224348,-0.0047124310816446,0,0.3847622552167921,LR
2012-08-24,VDE,-0.0095831338248462,-0.0024731219824457,0,0.35571441250412,LR
2012-08-31,VDE,0.0304907714676145,0.02245646887741,1,0.3702326300032873,LR
2012-09-07,VDE,0.0463781765159061,0.0201624427976435,1,0.37732455131605447,LR
2012-09-14,VDE,-0.0186587312896218,-0.0040159846653755,0,0.32822758334484914,LR
2012-09-21,VDE,-0.0094444133617259,-0.0130255819636053,0,0.38620147739154886,LR
2012-09-28,VDE,-0.0061343624424161,0.0150726465597242,0,0.33154630944743896,LR
2012-10-05,VDE,-0.0070535125278343,-0.0222386940047942,0,0.3419768157683405,LR
2012-10-12,VDE,0.0172544523786704,0.0034988833149431,1,0.429767557689557,LR
2012-10-19,VDE,-0.0242719010161582,-0.0142270923307935,0,0.43977832233093417,LR
2012-10-26,VDE,-0.0134670112112026,0.0014858789140103,0,0.48256180372153024,LR
2012-11-02,VDE,-0.0228526489558619,-0.0240179183682478,0,0.42295195374633987,LR
2012-11-09,VDE,-0.0151141594186917,-0.0129563858283756,0,0.4740569679051396,LR
2012-11-16,VDE,0.0252600607116928,0.036518319926986,1,0.4499258279722283,LR
2012-11-23,VDE,0.0024333268950569,0.0056597283897124,0,0.33112482130112436,LR
2012-11-30,VDE,0.0041489801978784,0.0018293354013662,0,0.3454034928840609,LR
2012-12-07,VDE,-0.0040415528901619,-0.0021772393933377,0,0.3522017746293069,LR
2012-12-14,VDE,-0.0041493806481942,0.0119832769696245,0,0.2728373464706287,LR
2012-12-21,VDE,-0.0273759793839709,-0.0193292090116096,0,0.3153240689748766,LR
2012-12-28,VDE,0.0591710434984733,0.0452757897547564,1,0.3460974546483984,LR
2012-01-06,VFH,0.0228070041589569,0.0088485320471802,1,0.4562243686408397,LR
2012-01-13,VFH,0.0195005030362929,0.024138233545784,1,0.45715605480083377,LR
2012-01-20,VFH,0.0006700320773225,-0.0009853571756029,0,0.6010088758502037,LR
2012-01-27,VFH,0.0510307611049394,0.0206346893421035,1,0.5446447967100583,LR
2012-02-03,VFH,-0.0109748275536398,-0.0013379801703614,0,0.47192654525693883,LR
2012-02-10,VFH,0.0035460574268109,0.0152575201698617,0,0.49730700293043895,LR
2012-02-17,VFH,-0.0102498302966758,0.0038117686458218,0,0.35553751932562017,LR
2012-02-24,VFH,0.0139928510114286,0.0027752685121412,1,0.45152041903647766,LR
2012-03-02,VFH,0.0044973113000759,0.0018936427584793,0,0.5536285576266877,LR
2012-03-09,VFH,0.0524799804687499,0.0243135652576634,1,0.44314125601877613,LR
2012-03-16,VFH,-0.0012147256348812,-0.0046327223595928,0,0.42491649084507427,LR
2012-03-23,VFH,-0.005429873209365,0.0083064812439578,0,0.378780609467985,LR
2012-03-30,VFH,-0.0148620461123643,-0.0072441503428697,0,0.35516446243092853,LR
2012-04-06,VFH,-0.0087554341246026,-0.0189568132829952,0,0.37771700633840466,LR
2012-04-13,VFH,-0.0021854416950357,0.0059064070535815,0,0.49003806240850545,LR
2012-04-20,VFH,0.0328905433452204,0.0176876131921131,1,0.45841438784840405,LR
2012-04-27,VFH,-0.0215120080898777,-0.02414709682218,0,0.49427397913237797,LR
2012-05-04,VFH,-0.006016483043592,-0.010146056163853,0,0.4623770673816644,LR
2012-05-11,VFH,-0.0564516129032257,-0.043285583190627,0,0.4034590228531006,LR
2012-05-18,VFH,0.0177414011340362,0.0181899146063567,1,0.4433286437465551,LR
2012-05-25,VFH,-0.0464653055932794,-0.0298257439375784,0,0.35024203581556157,LR
2012-06-01,VFH,0.0398475257868773,0.0385453803645468,1,0.46941358277912937,LR
2012-06-08,VFH,0.0039460979886722,0.0130356019870923,0,0.36021858739118967,LR
2012-06-15,VFH,0.0049406987982447,-0.0050690631391528,0,0.34652121657979407,LR
2012-06-22,VFH,0.0349883115312348,0.0197809779132542,1,0.37164065740946606,LR
2012-06-29,VFH,-0.0089743807627755,-0.0044815622168293,0,0.28637137850857,LR
2012-07-06,VFH,0.0145961973419739,0.0019185165998637,1,0.36177180854303376,LR
2012-07-13,VFH,-0.0207866840107094,0.0053039372507029,0,0.44720436182610973,LR
2012-07-20,VFH,0.0382059669088323,0.0161940702591448,1,0.41340684223105956,LR
2012-07-27,VFH,0.0064122748370085,0.0048309426092969,0,0.3920843774897499,LR
2012-08-03,VFH,0.0047724981569781,0.0106930289188245,0,0.33346104328748316,LR
2012-08-10,VFH,0.013312205592721,0.0095141867470192,1,0.329240623557447,LR
2012-08-17,VFH,0.001567434012762,-0.0047124310816445,0,0.3445898237167029,LR
2012-08-24,VFH,0.0012492478124761,-0.0024731219824457,0,0.3246899660749398,LR
2012-08-31,VFH,0.0343643344735318,0.02245646887741,1,0.37561812856077037,LR
2012-09-07,VFH,0.0362756010223572,0.0201624427976435,1,0.3497992621856454,LR
2012-09-14,VFH,-0.0225014737082422,-0.0040159846653754,0,0.32034086804261513,LR
2012-09-21,VFH,-0.010869583996423,-0.0130255819636053,0,0.36192602619164876,LR
2012-09-28,VFH,0.018165374235328,0.0150726465597242,1,0.3138645120372176,LR
2012-10-05,VFH,-0.0110645618145821,-0.0222386940047941,0,0.3150201163470594,LR
2012-10-12,VFH,0.0120373617631408,0.0034988833149432,1,0.41638146631690026,LR
2012-10-19,VFH,-0.017538649324989,-0.0142270923307934,0,0.41733971428977823,LR
2012-10-26,VFH,0.0008984360540651,0.0014858789140105,0,0.4266588640575909,LR
2012-11-02,VFH,-0.0290419513888809,-0.024017918368248,0,0.42551754527736074,LR
2012-11-09,VFH,-0.0220656205067268,-0.0129563858283756,0,0.4853838175140734,LR
2012-11-16,VFH,0.0216516210515584,0.036518319926986,1,0.459272704496069,LR
2012-11-23,VFH,-0.0003031868966831,0.0056597283897124,0,0.3175698031692466,LR
2012-11-30,VFH,0.0114769272458554,0.0018293354013663,1,0.32679345562494666,LR
2012-12-07,VFH,-0.0011976321467036,-0.0021772393933377,0,0.3430585308321773,LR
2012-12-14,VFH,0.0223147868604622,0.0119832769696246,1,0.2988941425446649,LR
2012-12-21,VFH,-0.0126247882512704,-0.0193292090116094,0,0.3658278328547796,LR
2012-12-28,VFH,0.051662643943092,0.0452757897547564,1,0.4016622270550908,LR
2012-01-06,VGT,0.0019047449505518,0.0088485320471802,0,0.449160293448464,LR
2012-01-13,VGT,0.0284859542416442,0.0241382335457841,1,0.44098224511230444,LR
2012-01-20,VGT,0.0085534985207342,-0.0009853571756029,0,0.5451909960977577,LR
2012-01-27,VGT,0.0403717481797663,0.0206346893421035,1,0.45245678172848824,LR
2012-02-03,VGT,0.0114487955399451,-0.0013379801703615,1,0.3725812290761982,LR
2012-02-10,VGT,0.009490883290562,0.0152575201698617,0,0.41893149871500474,LR
2012-02-17,VGT,0.0054007568237863,0.0038117686458219,0,0.30400845202166993,LR
2012-02-24,VGT,0.0092290433488915,0.0027752685121411,0,0.39600580002822655,LR
2012-03-02,VGT,0.0015460380603302,0.0018936427584792,0,0.4655576659076313,LR
2012-03-09,VGT,0.0291888035266087,0.0243135652576634,1,0.38091353463227773,LR
2012-03-16,VGT,0.0012247104354528,-0.0046327223595929,0,0.3581784951592821,LR
2012-03-23,VGT,0.0010796468650755,0.0083064812439578,0,0.3859708283908957,LR
2012-03-30,VGT,-0.0031014474861886,-0.0072441503428698,0,0.34034666556516774,LR
2012-04-06,VGT,-0.0045261529897053,-0.0189568132829951,0,0.3630614149139254,LR
2012-04-13,VGT,-0.0194494693438062,0.0059064070535814,0,0.4723276563554525,LR
2012-04-20,VGT,0.0341229305051644,0.0176876131921131,1,0.4193890960916088,LR
2012-04-27,VGT,-0.0360606395664928,-0.0241470968221801,0,0.4060381707176714,LR
2012-05-04,VGT,-0.0105563178299171,-0.010146056163853,0,0.40579788711217757,LR
2012-05-11,VGT,-0.0441924825565913,-0.0432855831906269,0,0.3761694821037683,LR
2012-05-18,VGT,0.0151768099751583,0.0181899146063566,1,0.4358308243223904,LR
2012-05-25,VGT,-0.0386609469376814,-0.0298257439375783,0,0.3384436913628281,LR
2012-06-01,VGT,0.0428022561865053,0.0385453803645468,1,0.4192662328223353,LR
2012-06-08,VGT,-0.0076111921163518,0.0130356019870921,0,0.3586011700461967,LR
2012-06-15,VGT,0.0103719751043658,-0.0050690631391528,1,0.3212227027388075,LR
2012-06-22,VGT,0.0174685455494598,0.0197809779132542,1,0.34540329478889764,LR
2012-06-29,VGT,-0.0052302862236615,-0.0044815622168293,0,0.2683181360237971,LR
2012-07-06,VGT,-0.0181286233349041,0.0019185165998639,0,0.3384528840971095,LR
2012-07-13,VGT,0.0189270387681268,0.0053039372507029,1,0.39558846879109294,LR
2012-07-20,VGT,0.02906117171357,0.0161940702591446,1,0.35898612514533457,LR
2012-07-27,VGT,0.009247209913517,0.0048309426092969,0,0.33171036804031884,LR
2012-08-03,VGT,0.0223965724536188,0.0106930289188245,1,0.3098651592078544,LR
2012-08-10,VGT,0.0230318472911283,0.0095141867470192,1,0.3191885057317873,LR
2012-08-17,VGT,-0.0066857396322628,-0.0047124310816445,0,0.3501153486581918,LR
2012-08-24,VGT,-0.0073800864977543,-0.0024731219824455,0,0.3111350563840105,LR
2012-08-31,VGT,0.0222955551271502,0.02245646887741,1,0.3391014242053903,LR
2012-09-07,VGT,0.0198300455303921,0.0201624427976433,1,0.3523031168591735,LR
2012-09-14,VGT,-0.0051519076006708,-0.0040159846653754,0,0.3123537903499727,LR
2012-09-21,VGT,-0.01740288454448,-0.0130255819636054,0,0.37089425367256457,LR
2012-09-28,VGT,-0.0054296394165993,0.0150726465597242,0,0.32837619259617334,LR
2012-10-05,VGT,-0.0242898889220085,-0.0222386940047943,0,0.31902751289619374,LR
2012-10-12,VGT,-0.024954419369185,0.0034988833149432,0,0.33453735802753576,LR
2012-10-19,VGT,-0.0073317211721628,-0.0142270923307934,0,0.3815085696655719,LR
2012-10-26,VGT,-0.0013036495667965,0.0014858789140104,0,0.4078916848324848,LR
2012-11-02,VGT,-0.0233232020689884,-0.0240179183682479,0,0.39632479782856705,LR
2012-11-09,VGT,-0.02483003568202,-0.0129563858283757,0,0.45726775619412957,LR
2012-11-16,VGT,0.0317841505784042,0.0365183199269859,1,0.39663163491376036,LR
2012-11-23,VGT,0.0157342925503807,0.0056597283897125,1,0.2891214843660098,LR
2012-11-30,VGT,-0.0187927069329409,0.0018293354013663,0,0.3332255125563334,LR
2012-12-07,VGT,0.0,-0.0021772393933376,0,0.3410706127339217,LR
2012-12-14,VGT,0.0074225315532818,0.0119832769696245,0,0.2916859255352821,LR
2012-12-21,VGT,-0.0196843689831139,-0.0193292090116096,0,0.33199541374623776,LR
2012-12-28,VGT,0.0419684357046203,0.0452757897547564,1,0.34954706055819507,LR
2012-01-06,VHT,0.0091743068569933,0.0088485320471803,0,0.38185511130693683,LR
2012-01-13,VHT,0.0036363563989934,0.0241382335457839,0,0.3747154518782271,LR
2012-01-20,VHT,0.0077409428810848,-0.000985357175603,0,0.5185209123757456,LR
2012-01-27,VHT,0.0203149750476747,0.0206346893421033,1,0.4298704449943528,LR
2012-02-03,VHT,-0.0088154545613299,-0.0013379801703613,0,0.34410983177515136,LR
2012-02-10,VHT,0.0051122259652809,0.0152575201698616,0,0.34042160988286463,LR
2012-02-17,VHT,-0.003378396981328,0.0038117686458218,0,0.2656860718468269,LR
2012-02-24,VHT,0.0061966518601657,0.0027752685121409,0,0.33300220303964306,LR
2012-03-02,VHT,0.0046204073671303,0.0018936427584792,0,0.42387742695057795,LR
2012-03-09,VHT,0.0136273070420798,0.0243135652576633,1,0.3355845410802553,LR
2012-03-16,VHT,-0.0033247880730088,-0.0046327223595928,0,0.35615070435257434,LR
2012-03-23,VHT,0.018694374031948,0.008306481243958,1,0.40013070369151577,LR
2012-03-30,VHT,-0.0035472284979858,-0.0072441503428698,0,0.32617176165814377,LR
2012-04-06,VHT,-0.0201885157479618,-0.0189568132829952,0,0.3624535222811177,LR
2012-04-13,VHT,0.022483959658262,0.0059064070535815,1,0.4029680143196271,LR
2012-04-20,VHT,0.0167118434349873,0.017687613192113,1,0.3386312387166751,LR
2012-04-27,VHT,-0.0183621780865437,-0.0241470968221799,0,0.3713412181129393,LR
2012-05-04,VHT,0.0084848114938447,-0.010146056163853,0,0.3765616494757772,LR
2012-05-11,VHT,-0.0222390507509413,-0.0432855831906269,0,0.30393227019497326,LR
2012-05-18,VHT,0.0143851551929741,0.0181899146063566,1,0.357122388510199,LR
2012-05-25,VHT,-0.0320473407201573,-0.0298257439375784,0,0.30458313712162105,LR
2012-06-01,VHT,0.0336266406375316,0.0385453803645467,1,0.3823684884162085,LR
2012-06-08,VHT,0.013781670133768,0.0130356019870922,1,0.2650945292938332,LR
2012-06-15,VHT,0.0137744895393681,-0.0050690631391529,1,0.2549010993168518,LR
2012-06-22,VHT,0.0274421514413694,0.0197809779132542,1,0.30766674915106057,LR
2012-06-29,VHT,-0.0091158623622353,-0.0044815622168294,0,0.2646288052425183,LR
2012-07-06,VHT,0.011977792956328,0.0019185165998639,1,0.3012411375146976,LR
2012-07-13,VHT,0.0011549841061628,0.0053039372507027,0,0.3752739351249538,LR
2012-07-20,VHT,0.0205269469005711,0.0161940702591446,1,0.3637672340929784,LR
2012-07-27,VHT,-0.0101211556525873,0.004830942609297,0,0.3741489858240203,LR
2012-08-03,VHT,0.0037340535184022,0.0106930289188243,0,0.34197470072017344,LR
2012-08-10,VHT,-0.001145337620649,0.0095141867470191,0,0.3005715389076761,LR
2012-08-17,VHT,0.0061657630964622,-0.0047124310816447,0,0.2985791134054287,LR
2012-08-24,VHT,0.0028458250015741,-0.0024731219824457,0,0.33019948622140377,LR
2012-08-31,VHT,0.0214610875942533,0.02245646887741,1,0.3723163645782678,LR
2012-09-07,VHT,0.0045915429114944,0.0201624427976433,0,0.2964949888982135,LR
2012-09-14,VHT,0.0188365743467622,-0.0040159846653756,1,0.2593545013642069,LR
2012-09-21,VHT,-0.0025885890661632,-0.0130255819636053,0,0.2975969039930723,LR
2012-09-28,VHT,0.0210855037045269,0.0150726465597242,1,0.3017618351833129,LR
2012-10-05,VHT,-0.0214695380212753,-0.0222386940047943,0,0.2925327133193982,LR
2012-10-12,VHT,-0.0037929935038526,0.0034988833149431,0,0.3230141091526467,LR
2012-10-19,VHT,-0.0148849587470696,-0.0142270923307934,0,0.32964643917583497,LR
2012-10-26,VHT,-0.0116151745091066,0.0014858789140104,0,0.36090674215707264,LR
2012-11-02,VHT,-0.0208563826575435,-0.0240179183682478,0,0.395357599196411,LR
2012-11-09,VHT,-0.0146976905917521,-0.0129563858283756,0,0.42878258628453114,LR
2012-11-16,VHT,0.0208303400980987,0.036518319926986,1,0.40863365311473016,LR
2012-11-23,VHT,0.0087136545895714,0.0056597283897123,0,0.27877260716553703,LR
2012-11-30,VHT,-0.001771907836252,0.0018293354013663,0,0.2894285489153566,LR
2012-12-07,VHT,0.0030091809446923,-0.0021772393933377,0,0.3105742174662625,LR
2012-12-14,VHT,-0.0182189518923905,0.0119832769696245,0,0.28972958500149887,LR
2012-12-21,VHT,-0.0181691759544758,-0.0193292090116096,0,0.3599928636195134,LR
2012-12-28,VHT,0.0424929187654257,0.0452757897547564,1,0.3723756896040751,LR
2012-01-06,VIS,0.0235183447586848,0.0088485320471802,1,0.5126570340343927,LR
2012-01-13,VIS,0.0077191181865621,0.024138233545784,0,0.4673105579704414,LR
2012-01-20,VIS,0.0099024158680414,-0.000985357175603,0,0.6429472428550669,LR
2012-01-27,VIS,0.0340023452730611,0.0206346893421034,1,0.5588408254775273,LR
2012-02-03,VIS,-0.0065425553391785,-0.0013379801703613,0,0.45704534708756156,LR
2012-02-10,VIS,0.0005803963521486,0.0152575201698616,0,0.4950098548713244,LR
2012-02-17,VIS,-0.0021663999206649,0.0038117686458218,0,0.3410134902167854,LR
2012-02-24,VIS,-0.0056744798485977,0.0027752685121412,0,0.41586875764071796,LR
2012-03-02,VIS,0.0019063975474948,0.0018936427584792,0,0.510128252950943,LR
2012-03-09,VIS,0.0288053990098631,0.0243135652576634,1,0.4055940498476282,LR
2012-03-16,VIS,-0.0186184983972416,-0.0046327223595929,0,0.4276234790641956,LR
2012-03-23,VIS,-0.0008620339067401,0.0083064812439579,0,0.40446268634543003,LR
2012-03-30,VIS,-0.0092272114189243,-0.0072441503428698,0,0.3329563530712567,LR
2012-04-06,VIS,-0.0029580971222704,-0.0189568132829951,0,0.3588691361515762,LR
2012-04-13,VIS,0.0061846288660951,0.0059064070535815,0,0.4516493969340158,LR
2012-04-20,VIS,0.0299037239349737,0.0176876131921131,1,0.3819098217430977,LR
2012-04-27,VIS,-0.025803673701246,-0.02414709682218,0,0.4018205404995822,LR
2012-05-04,VIS,-0.0090773904472255,-0.0101460561638531,0,0.4124068498639409,LR
2012-05-11,VIS,-0.0400302607598761,-0.043285583190627,0,0.3683204889180856,LR
2012-05-18,VIS,0.0224772735599083,0.0181899146063567,1,0.4325788721848843,LR
2012-05-25,VIS,-0.0459874634882284,-0.0298257439375784,0,0.3304261882264564,LR
2012-06-01,VIS,0.032067679107278,0.0385453803645466,1,0.4220633389504063,LR
2012-06-08,VIS,-0.0041271270349036,0.0130356019870922,0,0.31306855181390286,LR
2012-06-15,VIS,0.0,-0.0050690631391529,0,0.29642594807685996,LR
2012-06-22,VIS,0.0379036075813641,0.0197809779132543,1,0.3369076117557809,LR
2012-06-29,VIS,-0.0118281315271502,-0.0044815622168294,0,0.27796695366087665,LR
2012-07-06,VIS,-0.0098529864158153,0.0019185165998639,0,0.3525327426398746,LR
2012-07-13,VIS,0.0053688980060351,0.0053039372507028,0,0.4449987293948042,LR
2012-07-20,VIS,0.0399006295405022,0.0161940702591447,1,0.3536576040461191,LR
2012-07-27,VIS,0.0041872105248446,0.0048309426092968,0,0.3789806858582212,LR
2012-08-03,VIS,0.0135234956209497,0.0106930289188245,1,0.34314710055627007,LR
2012-08-10,VIS,0.0168745634648623,0.0095141867470192,1,0.29641843732213097,LR
2012-08-17,VIS,-0.013421854421817,-0.0047124310816446,0,0.3244310726067965,LR
2012-08-24,VIS,-0.0102099908571896,-0.0024731219824455,0,0.29231990527739177,LR
2012-08-31,VIS,0.0231495090222484,0.0224564688774099,1,0.321685468200227,LR
2012-09-07,VIS,0.0248519179808659,0.0201624427976434,1,0.30959078760347264,LR
2012-09-14,VIS,-0.0119954624160265,-0.0040159846653755,0,0.26837468085380584,LR
2012-09-21,VIS,-0.0054715229678291,-0.0130255819636054,0,0.33826890859384473,LR
2012-09-28,VIS,0.0178261356077331,0.0150726465597242,1,0.31450681392016866,LR
2012-10-05,VIS,-0.0145797120699618,-0.0222386940047942,0,0.3206312866235435,LR
2012-10-12,VIS,0.0108995789363508,0.0034988833149432,1,0.37036091324968473,LR
2012-10-19,VIS,-0.0123812355555272,-0.0142270923307933,0,0.3466308786838016,LR
2012-10-26,VIS,0.0141029548984972,0.0014858789140105,1,0.40502069733848767,LR
2012-11-02,VIS,-0.0146363070272315,-0.0240179183682478,0,0.4207934408428012,LR
2012-11-09,VIS,-0.025968386879478,-0.0129563858283757,0,0.5094872898544521,LR
2012-11-16,VIS,0.0240130369588431,0.0365183199269859,1,0.3540496427870148,LR
2012-11-23,VIS,0.0170225088051159,0.0056597283897123,1,0.26058286436747874,LR
2012-11-30,VIS,0.005801665101635,0.0018293354013662,0,0.31931318722175017,LR
2012-12-07,VIS,0.0066197355028609,-0.0021772393933377,0,0.3434403625740439,LR
2012-12-14,VIS,-0.0060039135532747,0.0119832769696246,0,0.3248166869579226,LR
2012-12-21,VIS,-0.014102382574468,-0.0193292090116096,0,0.28302304063175043,LR
2012-12-28,VIS,0.0532569978806993,0.0452757897547564,1,0.39572438724302506,LR
2012-01-06,VNQ,0.0065506133271888,0.0088485320471803,0,0.4528458795681661,LR
2012-01-13,VNQ,0.0154315724703195,0.0241382335457841,1,0.39484856020863085,LR
2012-01-20,VNQ,0.0297985837293348,-0.000985357175603,1,0.5975515492075375,LR
2012-01-27,VNQ,0.0282558917186008,0.0206346893421035,1,0.5476752444850256,LR
2012-02-03,VNQ,-0.0178910872521405,-0.0013379801703615,0,0.42385942816960187,LR
2012-02-10,VNQ,-0.0003206743323102,0.0152575201698616,0,0.40743206311886965,LR
2012-02-17,VNQ,-0.0124839754323237,0.0038117686458218,0,0.2784589490907383,LR
2012-02-24,VNQ,-0.0014667560575726,0.0027752685121411,0,0.38258259058808314,LR
2012-03-02,VNQ,0.002122466418208,0.0018936427584791,0,0.46571731249459464,LR
2012-03-09,VNQ,0.0298288814436828,0.0243135652576634,1,0.4315544997087569,LR
2012-03-16,VNQ,-0.0034821338974432,-0.0046327223595928,0,0.4483277253323391,LR
2012-03-23,VNQ,0.0101571690429165,0.0083064812439579,1,0.39278333322823666,LR
2012-03-30,VNQ,-0.0128667770392932,-0.0072441503428699,0,0.33877147509692535,LR
2012-04-06,VNQ,0.0016085297050614,-0.018956813282995,0,0.3429688525403932,LR
2012-04-13,VNQ,0.0215482592376865,0.0059064070535814,1,0.43102791546897046,LR
2012-04-20,VNQ,0.032724952350795,0.0176876131921131,1,0.38916825030490065,LR
2012-04-27,VNQ,-0.0042716460054215,-0.02414709682218,0,0.43165790511297175,LR
2012-05-04,VNQ,0.0079913423314148,-0.0101460561638532,0,0.41932909639899296,LR
2012-05-11,VNQ,-0.0582613893236214,-0.043285583190627,0,0.360103242473231,LR
2012-05-18,VNQ,0.023517861137916,0.0181899146063566,1,0.4040010929787176,LR
2012-05-25,VNQ,-0.032672443830624,-0.0298257439375784,0,0.306158087403987,LR
2012-06-01,VNQ,0.0437992457962923,0.0385453803645468,1,0.39639540703382364,LR
2012-06-08,VNQ,-0.006078603212051,0.0130356019870921,0,0.32126345613941554,LR
2012-06-15,VNQ,0.0001575635838468,-0.0050690631391528,0,0.306985459371758,LR
2012-06-22,VNQ,0.0499037327596434,0.0197809779132543,1,0.3460666946844164,LR
2012-06-29,VNQ,0.0053078322893922,-0.0044815622168294,0,0.26505079621986305,LR
2012-07-06,VNQ,0.0066375386231618,0.0019185165998638,0,0.3386660606321972,LR
2012-07-13,VNQ,-0.0094480691441908,0.0053039372507029,0,0.44312221229083565,LR
2012-07-20,VNQ,0.0193044614835953,0.0161940702591447,1,0.39337698423629547,LR
2012-07-27,VNQ,0.0076552759803376,0.0048309426092969,0,0.4076444684155244,LR
2012-08-03,VNQ,-0.0250779411887908,0.0106930289188245,0,0.3938340394213199,LR
2012-08-10,VNQ,0.0100503073018431,0.0095141867470191,1,0.35842949741903085,LR
2012-08-17,VNQ,-0.0012058216170637,-0.0047124310816446,0,0.3537434239212921,LR
2012-08-24,VNQ,0.0033077915146131,-0.0024731219824455,0,0.31965023273932913,LR
2012-08-31,VNQ,0.0149835186096531,0.02245646887741,1,0.36356178719694265,LR
2012-09-07,VNQ,0.0165582903117742,0.0201624427976433,1,0.31560345309287247,LR
2012-09-14,VNQ,-0.0327082420417896,-0.0040159846653755,0,0.2861329404683581,LR
2012-09-21,VNQ,-0.0115624843665902,-0.0130255819636054,0,0.3068717206099834,LR
2012-09-28,VNQ,0.0010752641546074,0.015072646559724,0,0.26775502668429474,LR
2012-10-05,VNQ,-0.0009255774532391,-0.0222386940047942,0,0.31114026562544594,LR
2012-10-12,VNQ,0.0115758603087201,0.0034988833149431,1,0.3805225501272624,LR
2012-10-19,VNQ,-0.0264162406270805,-0.0142270923307934,0,0.37871343845296873,LR
2012-10-26,VNQ,0.016864488063941,0.0014858789140104,1,0.39312818780778186,LR
2012-11-02,VNQ,-0.0211916617001013,-0.0240179183682478,0,0.36910914748725965,LR
2012-11-09,VNQ,-0.0222361724095003,-0.0129563858283756,0,0.45484930082873126,LR
2012-11-16,VNQ,0.0144146971648273,0.036518319926986,1,0.401056658174343,LR
2012-11-23,VNQ,0.0048512918809275,0.0056597283897123,0,0.2758333022240397,LR
2012-11-30,VNQ,0.0113212731007179,0.0018293354013663,1,0.31059514876146765,LR
2012-12-07,VNQ,-0.0099540810949687,-0.0021772393933377,0,0.3233441458249691,LR
2012-12-14,VNQ,0.0210931918545549,0.0119832769696246,1,0.26005715302483967,LR
2012-12-21,VNQ,-0.0070153894557508,-0.0193292090116095,0,0.35031969714119443,LR
2012-12-28,VNQ,0.0276412061800437,0.0452757897547562,1,0.37413867490848024,LR
2012-01-06,VOX,0.0162601626016261,0.0088485320471802,1,0.38759684005226175,LR
2012-01-13,VOX,-0.0030082113231159,0.024138233545784,0,0.3377244173777688,LR
2012-01-20,VOX,-0.0246913796415922,-0.000985357175603,0,0.44638072828190206,LR
2012-01-27,VOX,0.0335942821843309,0.0206346893421035,1,0.4497120913594607,LR
2012-02-03,VOX,0.0033169969975905,-0.0013379801703615,0,0.3700983131690469,LR
2012-02-10,VOX,0.0220680602378233,0.0152575201698617,1,0.3807255230984234,LR
2012-02-17,VOX,-0.0027692354642427,0.0038117686458218,0,0.33899301526602416,LR
2012-02-24,VOX,0.0029627701472594,0.0027752685121412,0,0.3623194189006124,LR
2012-03-02,VOX,0.0168381952187699,0.0018936427584792,1,0.4867239839268894,LR
2012-03-09,VOX,0.0116154995061241,0.0243135652576632,1,0.40178324879431065,LR
2012-03-16,VOX,0.0009090539180871,-0.0046327223595928,0,0.3928147264228745,LR
2012-03-23,VOX,-0.0225529988245616,0.008306481243958,0,0.44917251163674377,LR
2012-03-30,VOX,-0.0096773773914665,-0.0072441503428698,0,0.3436937923964008,LR
2012-04-06,VOX,-0.0025169081041404,-0.018956813282995,0,0.3908739263244349,LR
2012-04-13,VOX,-0.0025109831190669,0.0059064070535813,0,0.4375103708706932,LR
2012-04-20,VOX,0.0260731216194596,0.017687613192113,1,0.4611815248157193,LR
2012-04-27,VOX,0.0024853008533001,-0.02414709682218,0,0.3788259961112296,LR
2012-05-04,VOX,0.0103303125436609,-0.0101460561638531,1,0.44256712369134726,LR
2012-05-11,VOX,-0.0098437666893005,-0.0432855831906269,0,0.34951196193425454,LR
2012-05-18,VOX,-0.002509801528033,0.0181899146063566,0,0.39512430428768947,LR
2012-05-25,VOX,-0.0223297983249881,-0.0298257439375783,0,0.35211952243462163,LR
2012-06-01,VOX,0.0376635301851466,0.0385453803645467,1,0.42393779737615944,LR
2012-06-08,VOX,0.0221543872459364,0.0130356019870923,1,0.3308718384723369,LR
2012-06-15,VOX,-0.0066983766924383,-0.0050690631391528,0,0.26396350650766853,LR
2012-06-22,VOX,0.0232382826850265,0.0197809779132542,1,0.294571583838677,LR
2012-06-29,VOX,0.0151470408720129,-0.0044815622168292,1,0.25768340556818436,LR
2012-07-06,VOX,-0.0044424987677947,0.0019185165998639,0,0.3728643644192887,LR
2012-07-13,VOX,-0.0119287411499354,0.0053039372507028,0,0.3114490525558456,LR
2012-07-20,VOX,0.0347914712511725,0.0161940702591446,1,0.34817832792342046,LR
2012-07-27,VOX,0.0036974137849663,0.0048309426092969,0,0.3612230508690142,LR
2012-08-03,VOX,0.0091459339900101,0.0106930289188245,0,0.35456328598815967,LR
2012-08-10,VOX,0.0040294693706899,0.0095141867470191,0,0.3155090753388836,LR
2012-08-17,VOX,-0.0175584714545888,-0.0047124310816446,0,0.33065163079594556,LR
2012-08-24,VOX,-0.0046374622550842,-0.0024731219824457,0,0.3722860180110911,LR
2012-08-31,VOX,0.0248869076053583,0.0224564688774101,1,0.34101580279186655,LR
2012-09-07,VOX,0.0147443805887259,0.0201624427976433,1,0.3677430572217448,LR
2012-09-14,VOX,0.0421802516112159,-0.0040159846653756,1,0.29664906477925257,LR
2012-09-21,VOX,-0.0124999598452919,-0.0130255819636054,0,0.3480802494838648,LR
2012-09-28,VOX,0.0079407904036834,0.015072646559724,0,0.34636338204270256,LR
2012-10-05,VOX,-0.0213158256129214,-0.0222386940047943,0,0.3108362906224772,LR
2012-10-12,VOX,-0.0126157886787816,0.0034988833149431,0,0.3151216285069146,LR
2012-10-19,VOX,-0.0191653668419689,-0.0142270923307934,0,0.3635076010982347,LR
2012-10-26,VOX,-0.0071733571305055,0.0014858789140104,0,0.3871719824650883,LR
2012-11-02,VOX,-0.0357440840095003,-0.0240179183682478,0,0.3089729544194165,LR
2012-11-09,VOX,-0.0191725786131703,-0.0129563858283756,0,0.39489541599552935,LR
2012-11-16,VOX,0.02712557413781,0.036518319926986,1,0.4172386986039116,LR
2012-11-23,VOX,0.0149615709203747,0.0056597283897124,1,0.29154224939064,LR
2012-11-30,VOX,-0.0033552057579371,0.0018293354013662,0,0.31260828683695346,LR
2012-12-07,VOX,0.0157127211807324,-0.0021772393933376,1,0.35928940629288136,LR
2012-12-14,VOX,-0.0323293233860978,0.0119832769696245,0,0.30592246025305986,LR
2012-12-21,VOX,-0.013283820551328,-0.0193292090116094,0,0.3729885619266713,LR
2012-12-28,VOX,0.0458581130372119,0.0452757897547563,1,0.38650736996893936,LR
2012-01-06,VPU,-0.0073274106082129,0.0088485320471802,0,0.3273836382885355,LR
2012-01-13,VPU,-0.01279657594548,0.024138233545784,0,0.256687111652507,LR
2012-01-20,VPU,0.002295721295602,-0.000985357175603,0,0.37626147485054934,LR
2012-01-27,VPU,0.0115269663513066,0.0206346893421034,1,0.3344852643483417,LR
2012-02-03,VPU,0.0033670033670034,-0.0013379801703613,0,0.3132887780277913,LR
2012-02-10,VPU,0.000667763063032,0.0152575201698616,0,0.33944860092383783,LR
2012-02-17,VPU,0.0024012847835408,0.0038117686458217,0,0.28233761415186864,LR
2012-02-24,VPU,-0.0041321990464578,0.0027752685121411,0,0.3224829352046076,LR
2012-03-02,VPU,0.0092430649418342,0.0018936427584792,0,0.4199839857534997,LR
2012-03-09,VPU,-0.003321817604356,0.0243135652576634,0,0.3449896813054362,LR
2012-03-16,VPU,-0.0047980889805224,-0.0046327223595928,0,0.3657048945182359,LR
2012-03-23,VPU,0.0059139086423092,0.008306481243958,0,0.358354599659061,LR
2012-03-30,VPU,-0.0054769390698171,-0.0072441503428698,0,0.28082511293897683,LR
2012-04-06,VPU,-0.0082688492437984,-0.018956813282995,0,0.30885733134633214,LR
2012-04-13,VPU,0.0191126488174595,0.0059064070535814,1,0.36771492335799105,LR
2012-04-20,VPU,0.0236973504211781,0.0176876131921131,1,0.3130131675005149,LR
2012-04-27,VPU,-0.0036822563903954,-0.02414709682218,0,0.3335875301404074,LR
2012-05-04,VPU,0.0118984866888043,-0.0101460561638531,1,0.35048233258833195,LR
2012-05-11,VPU,-0.0112920242778221,-0.0432855831906269,0,0.3423112928496794,LR
2012-05-18,VPU,0.0096957858767738,0.0181899146063565,0,0.36487886373493844,LR
2012-05-25,VPU,-0.0060193548219631,-0.0298257439375784,0,0.3132186888419536,LR
2012-06-01,VPU,0.0290559973101518,0.0385453803645467,1,0.36544486318180314,LR
2012-06-08,VPU,0.0048303659801343,0.0130356019870922,0,0.267002498611309,LR
2012-06-15,VPU,-0.0116840004305946,-0.0050690631391529,0,0.2623711680015239,LR
2012-06-22,VPU,0.0235985040417887,0.0197809779132541,1,0.2568601050867622,LR
2012-06-29,VPU,0.0003826374835844,-0.0044815622168293,0,0.25312755220972805,LR
2012-07-06,VPU,0.0168431753038542,0.0019185165998637,1,0.3129822953368907,LR
2012-07-13,VPU,0.0084139874601223,0.0053039372507029,0,0.3692878659196819,LR
2012-07-20,VPU,0.0145218290184623,0.0161940702591446,1,0.3493046046436892,LR
2012-07-27,VPU,-0.0053073355096537,0.0048309426092969,0,0.36275893721463726,LR
2012-08-03,VPU,-0.0116092679663428,0.0106930289188245,0,0.15758837724690994,LR
2012-08-10,VPU,-0.0102346438681218,0.0095141867470191,0,0.26529608563277823,LR
2012-08-17,VPU,-0.0117483610681151,-0.0047124310816447,0,0.3057181054007754,LR
2012-08-24,VPU,-0.0071565183206868,-0.0024731219824455,0,0.318622633757329,LR
2012-08-31,VPU,0.0109578248996411,0.02245646887741,1,0.35102792347835937,LR
2012-09-07,VPU,-0.0030581738391689,0.0201624427976435,0,0.33747449549408326,LR
2012-09-14,VPU,-0.001280160010235,-0.0040159846653755,0,0.30009240722255964,LR
2012-09-21,VPU,0.0103654191318287,-0.0130255819636053,1,0.3169429123556968,LR
2012-09-28,VPU,0.009229601345809,0.015072646559724,0,0.287909407081623,LR
2012-10-05,VPU,-0.0071174066652477,-0.0222386940047942,0,0.30611771433311263,LR
2012-10-12,VPU,0.0177908541982909,0.0034988833149431,1,0.33423590480624144,LR
2012-10-19,VPU,-0.0165641818846068,-0.0142270923307935,0,0.303721402764262,LR
2012-10-26,VPU,-0.008790862922551,0.0014858789140104,0,0.35707415520379254,LR
2012-11-02,VPU,-0.0419292879257937,-0.0240179183682479,0,0.30354848646235305,LR
2012-11-09,VPU,-0.0095225202215798,-0.0129563858283756,0,0.3643717410716717,LR
2012-11-16,VPU,-0.0079805757452952,0.0365183199269861,0,0.31294130158757577,LR
2012-11-23,VPU,0.036133101420811,0.0056597283897124,1,0.2711326588483435,LR
2012-11-30,VPU,0.0027599779731177,0.0018293354013662,0,0.29227316691687116,LR
2012-12-07,VPU,-0.0060280317021298,-0.0021772393933376,0,0.3276149402790458,LR
2012-12-14,VPU,0.0019739640754803,0.0119832769696246,0,0.2990554319940154,LR
2012-12-21,VPU,-0.0186311265383668,-0.0193292090116096,0,0.31777561351569383,LR
2012-12-28,VPU,0.0397627288201267,0.0452757897547564,1,0.3312290134463461,LR
2013-01-04,VAW,0.0101592845245284,0.0047826524145153,1,0.23014672856754065,LR
2013-01-11,VAW,0.0068492977690901,0.0085673664170131,0,0.1811685124473207,LR
2013-01-18,VAW,0.0076949223044138,0.0129440263414291,0,0.26497705773223046,LR
2013-01-25,VAW,-0.0071764901038163,0.0065890596289755,0,0.2546994514144253,LR
2013-02-01,VAW,0.0039736429024197,0.0037027529931343,0,0.3508937074546093,LR
2013-02-08,VAW,0.0012440693579451,0.0020420353217808,0,0.29563170410096595,LR
2013-02-15,VAW,-0.0299886823476103,-0.0014462677336588,0,0.3188406116708833,LR
2013-02-22,VAW,-0.0024297013043059,0.0014483624535419,0,0.3748271595220067,LR
2013-03-01,VAW,0.0323853844005939,0.0218920812309955,1,0.32958598021393964,LR
2013-03-08,VAW,0.009321673658136,0.0069680760360966,0,0.27912904240895453,LR
2013-03-15,VAW,-0.0097544873053858,-0.0014759523857895,0,0.33992642842824006,LR
2013-03-22,VAW,0.0006767248136618,0.0068762399741732,0,0.334856694716105,LR
2013-03-29,VAW,-0.0293819718175342,-0.0096378282515332,0,0.30716194324154483,LR
2013-04-05,VAW,0.0100764742122212,0.0234593615439415,1,0.4421079530741835,LR
2013-04-12,VAW,-0.0186407382094853,-0.02090688408538,0,0.26266767842202876,LR
2013-04-19,VAW,0.0258823170381434,0.0177516758499821,1,0.3584602295543377,LR
2013-04-26,VAW,0.0184888731614505,0.019779866420865,1,0.3261905486853618,LR
2013-05-03,VAW,0.0174594875727962,0.0126417250897773,1,0.32052327922806134,LR
2013-05-10,VAW,0.0169510285238587,0.0216020615935487,1,0.29372684765207946,LR
2013-05-17,VAW,-0.0167749245255552,-0.0097643488856606,0,0.24471784463312135,LR
2013-05-24,VAW,-0.015113617170808,-0.0112507290114142,0,0.3019007533446047,LR
2013-05-31,VAW,-0.0083690620776151,0.0082590048256135,0,0.3603755074145603,LR
2013-06-07,VAW,-0.005089611622612,-0.0098299711103059,0,0.3233755433356907,LR
2013-06-14,VAW,-0.0274932512465704,-0.0200287884784189,0,0.3977734376170858,LR
2013-06-21,VAW,0.0038283276419699,0.0084866687748114,0,0.4135245023632424,LR
2013-06-28,VAW,0.0080441807014537,0.0162072956731595,0,0.3195572026775284,LR
2013-07-05,VAW,0.0291647709341893,0.0275426471331492,1,0.32451594778684145,LR
2013-07-12,VAW,0.008933552490858,0.0099099337546729,0,0.2771355935016034,LR
2013-07-19,VAW,-0.0038163611123659,-0.0003545386913968,0,0.3285078271547208,LR
2013-07-26,VAW,0.0191439968693374,0.0108806142355913,1,0.32979734762912677,LR
2013-08-02,VAW,0.0079983303071113,-0.0095936396959341,0,0.30520379693908706,LR
2013-08-09,VAW,-0.0109724252701374,-0.0205538817305522,0,0.40404204141248395,LR
2013-08-16,VAW,0.0126526617457849,0.0047637953390172,1,0.4436529305232384,LR
2013-08-23,VAW,-0.0238146448362208,-0.0178251010459074,0,0.36114377640272716,LR
2013-08-30,VAW,0.0016269146512346,0.0146045524754162,0,0.4532583349758064,LR
2013-09-06,VAW,0.023639922882501,0.0198143786523301,1,0.3669910578236639,LR
2013-09-13,VAW,-0.0014531803505306,0.0131231784834756,0,0.28454846507503617,LR
2013-09-20,VAW,-0.0065604213415213,-0.0106020487119237,0,0.25418773679915635,LR
2013-09-27,VAW,0.0195891404732746,-0.0001182731183026,1,0.2896889135950067,LR
2013-10-04,VAW,0.0102736488437378,0.0081115805097377,1,0.31474516313568396,LR
2013-10-11,VAW,0.0275553870888458,0.0242572728999643,1,0.3583797241176474,LR
2013-10-18,VAW,0.013650136029248,0.0089451799889005,1,0.32232048420714926,LR
2013-10-25,VAW,-0.0131474071191521,0.0014778607696307,0,0.34486164426687954,LR
2013-11-01,VAW,0.0024081663149766,0.006129143915437,0,0.33045725074000537,LR
2013-11-08,VAW,0.015115136267934,0.0155677240964453,1,0.310202870872094,LR
2013-11-15,VAW,-0.0068734973823024,0.0042207201474918,0,0.30286038427367734,LR
2013-11-22,VAW,-0.0086741969432186,0.001050954593525,0,0.31312049879424664,LR
2013-11-29,VAW,-0.000397504885413,-0.0003312236222911,0,0.3365489852564411,LR
2013-12-06,VAW,-0.010010924198044,-0.0156406931376841,0,0.3750392698529195,LR
2013-12-13,VAW,0.0020941273138108,0.0249039988713442,0,0.3716733652258696,LR
2013-12-20,VAW,0.013991583685379,0.0126130133401825,1,0.2565111393308509,LR
2013-12-27,VAW,-0.0083333394940204,-0.0052219313124724,0,0.25832738981541103,LR
2013-01-04,VCR,0.0029441336335478,0.0047826524145152,0,0.2286808026837929,LR
2013-01-11,VCR,0.0170678423312926,0.0085673664170131,1,0.23373122462873486,LR
2013-01-18,VCR,0.0186367173238124,0.0129440263414291,1,0.25742758294205265,LR
2013-01-25,VCR,-0.0103975348516341,0.0065890596289755,0,0.2566739436380969,LR
2013-02-01,VCR,0.0083137588880226,0.0037027529931343,0,0.3266871119788455,LR
2013-02-08,VCR,0.0002453575836369,0.0020420353217809,0,0.2804171834407992,LR
2013-02-15,VCR,-0.0182195877477407,-0.0014462677336587,0,0.3074343472471047,LR
2013-02-22,VCR,0.0050704431068524,0.0014483624535419,0,0.3701792011677742,LR
2013-03-01,VCR,0.0326394114644452,0.0218920812309956,1,0.3438539315808525,LR
2013-03-08,VCR,0.0033404769782428,0.0069680760360966,0,0.30109311139116235,LR
2013-03-15,VCR,0.0102114187402095,-0.0014759523857894,1,0.3261669637951081,LR
2013-03-22,VCR,0.0044997619484272,0.0068762399741733,0,0.30878405619484817,LR
2013-03-29,VCR,-0.0091915952590946,-0.0096378282515332,0,0.30856493943280316,LR
2013-04-05,VCR,0.0338962703622165,0.0234593615439415,1,0.3830361082092386,LR
2013-04-12,VCR,-0.0209943435640616,-0.02090688408538,0,0.26822219150488097,LR
2013-04-19,VCR,0.0212716566680857,0.0177516758499822,1,0.3575870395964166,LR
2013-04-26,VCR,0.0194819723427022,0.0197798664208651,1,0.28254866404506057,LR
2013-05-03,VCR,0.0206162054665617,0.0126417250897773,1,0.26539731554139245,LR
2013-05-10,VCR,0.0156043754829156,0.0216020615935487,1,0.3113802822332637,LR
2013-05-17,VCR,-0.0115825906758684,-0.0097643488856606,0,0.24300019637119621,LR
2013-05-24,VCR,-0.0256466034972548,-0.0112507290114141,0,0.2614819304577803,LR
2013-05-31,VCR,0.0117295288965102,0.0082590048256134,1,0.32686219092801116,LR
2013-06-07,VCR,-0.0116532313045143,-0.0098299711103059,0,0.29318901171265194,LR
2013-06-14,VCR,-0.0292058436055876,-0.0200287884784189,0,0.38718558314495927,LR
2013-06-21,VCR,0.0362706373177423,0.0084866687748116,1,0.41189188615419536,LR
2013-06-28,VCR,0.0151317154410273,0.0162072956731596,1,0.2780461493576158,LR
2013-07-05,VCR,0.026212031161098,0.0275426471331492,1,0.32331969670845084,LR
2013-07-12,VCR,-0.0045591382412899,0.009909933754673,0,0.20305560360678324,LR
2013-07-19,VCR,-0.0019744615481462,-0.0003545386913967,0,0.28684620801845473,LR
2013-07-26,VCR,0.0225188042466899,0.0108806142355912,1,0.2963671356750517,LR
2013-08-02,VCR,-0.0092857516541773,-0.0095936396959341,0,0.317551787074757,LR
2013-08-09,VCR,-0.0292113365182853,-0.0205538817305523,0,0.4029372067149247,LR
2013-08-16,VCR,0.0093616729087016,0.0047637953390171,0,0.43326619330780175,LR
2013-08-23,VCR,-0.0172449991163219,-0.0178251010459073,0,0.3509026421947294,LR
2013-08-30,VCR,0.0060342970606477,0.014604552475416,0,0.43479966306255124,LR
2013-09-06,VCR,0.0234850656077558,0.0198143786523302,1,0.3708156451219261,LR
2013-09-13,VCR,0.0043544334701344,0.0131231784834756,0,0.2991607221493193,LR
2013-09-20,VCR,0.0027306258086654,-0.0106020487119237,0,0.3205344635908624,LR
2013-09-27,VCR,0.0124173152234414,-0.0001182731183027,1,0.3293816028935169,LR
2013-10-04,VCR,0.0051813688372368,0.0081115805097378,0,0.31271770165384644,LR
2013-10-11,VCR,0.0289751774749496,0.0242572728999643,1,0.33355891511593067,LR
2013-10-18,VCR,0.015284443017355,0.0089451799889004,1,0.2741118187586754,LR
2013-10-25,VCR,0.0013593493790884,0.0014778607696307,0,0.33252669028817333,LR
2013-11-01,VCR,-0.0080146216804473,0.0061291439154369,0,0.34709246574123426,LR
2013-11-08,VCR,0.0236105747027595,0.0155677240964453,1,0.309115367628655,LR
2013-11-15,VCR,-0.0039727408635621,0.0042207201474918,0,0.29734779212116963,LR
2013-11-22,VCR,0.0087079806498626,0.0010509545935251,0,0.31232563568097815,LR
2013-11-29,VCR,-0.0094649249826244,-0.0003312236222911,0,0.33581939925354487,LR
2013-12-06,VCR,-0.0156205522268937,-0.0156406931376841,0,0.3497931971257425,LR
2013-12-13,VCR,0.0090346831617342,0.024903998871344,0,0.3675482649498347,LR
2013-12-20,VCR,0.0068506322603112,0.0126130133401823,0,0.2537284191548877,LR
2013-12-27,VCR,-0.0007444801017708,-0.0052219313124723,0,0.263788840580799,LR
2013-01-04,VDC,0.0019933587939373,0.0047826524145152,0,0.20891166043661716,LR
2013-01-11,VDC,0.0168929975096854,0.0085673664170132,1,0.2528785071444122,LR
2013-01-18,VDC,0.0072715234793088,0.012944026341429,0,0.2399946109216549,LR
2013-01-25,VDC,0.0079519182525027,0.0065890596289755,0,0.20100273966262763,LR
2013-02-01,VDC,0.0108043909987836,0.0037027529931343,1,0.3132767074731616,LR
2013-02-08,VDC,0.0022201788983793,0.0020420353217809,0,0.30588407236818504,LR
2013-02-15,VDC,0.0112430357823978,-0.0014462677336587,1,0.32638093829687614,LR
2013-02-22,VDC,-0.0045506508459638,0.0014483624535419,0,0.37492296239168227,LR
2013-03-01,VDC,0.0112126436303625,0.0218920812309954,1,0.322942305435862,LR
2013-03-08,VDC,-0.0003076002844968,0.0069680760360965,0,0.2533023459632544,LR
2013-03-15,VDC,0.0257731958762885,-0.0014759523857895,1,0.25919438188859933,LR
2013-03-22,VDC,0.0084092899431151,0.0068762399741732,0,0.2748487412823121,LR
2013-03-29,VDC,-0.0043672698898882,-0.0096378282515331,0,0.2969805708993329,LR
2013-04-05,VDC,0.0240795837706002,0.0234593615439416,1,0.33152302206700773,LR
2013-04-12,VDC,0.0072957196277745,-0.02090688408538,0,0.23698278277122983,LR
2013-04-19,VDC,-0.0021206981418296,0.0177516758499821,0,0.279883753152707,LR
2013-04-26,VDC,0.0072358899079489,0.0197798664208649,0,0.2829308283159549,LR
2013-05-03,VDC,0.0010534439023219,0.0126417250897771,0,0.24380802802910526,LR
2013-05-10,VDC,0.021286807951045,0.0216020615935487,1,0.26273877652034466,LR
2013-05-17,VDC,-0.0071367689180364,-0.0097643488856605,0,0.2427130040647245,LR
2013-05-24,VDC,-0.0433436089306363,-0.0112507290114142,0,0.274385132881055,LR
2013-05-31,VDC,0.0155805613948314,0.0082590048256134,1,0.3416395813898835,LR
2013-06-07,VDC,-0.001251417566953,-0.009829971110306,0,0.29126982285439373,LR
2013-06-14,VDC,-0.0286866103508109,-0.0200287884784189,0,0.37818866936936263,LR
2013-06-21,VDC,0.014521574211038,0.0084866687748114,1,0.4012305102713544,LR
2013-06-28,VDC,0.0046870003942462,0.0162072956731595,0,0.2801303310872563,LR
2013-07-05,VDC,0.0338539685434182,0.0275426471331493,1,0.32218738072007785,LR
2013-07-12,VDC,0.0073983978699998,0.009909933754673,0,0.2708147692387291,LR
2013-07-19,VDC,-0.0064970945064178,-0.0003545386913967,0,0.2942718916711368,LR
2013-07-26,VDC,0.0067314998772063,0.010880614235591,0,0.3028134887446375,LR
2013-08-02,VDC,-0.0052983796720819,-0.0095936396959339,0,0.2933682967501479,LR
2013-08-09,VDC,-0.0286489806997244,-0.0205538817305523,0,0.3866195635548364,LR
2013-08-16,VDC,0.0013503027511223,0.004763795339017,0,0.40543201437213855,LR
2013-08-23,VDC,-0.0180032992888659,-0.0178251010459073,0,0.3164774168908249,LR
2013-08-30,VDC,-0.001363453342738,0.014604552475416,0,0.3971538417988649,LR
2013-09-06,VDC,0.0221789757938912,0.0198143786523301,1,0.33494535213699256,LR
2013-09-13,VDC,0.0045283335559773,0.0131231784834756,0,0.26833552594413546,LR
2013-09-20,VDC,-0.0156235638786764,-0.0106020487119237,0,0.29487547505965056,LR
2013-09-27,VDC,-0.0021180438517931,-0.0001182731183026,0,0.3109133181274477,LR
2013-10-04,VDC,0.0214209472103863,0.0081115805097377,1,0.3147540221977299,LR
2013-10-11,VDC,0.0279526837789187,0.0242572728999643,1,0.33300972515146554,LR
2013-10-18,VDC,0.0128086589026803,0.0089451799889005,1,0.31150828370986894,LR
2013-10-25,VDC,0.0084187241876105,0.0014778607696307,0,0.3398216652507952,LR
2013-11-01,VDC,-0.0011746386154225,0.0061291439154369,0,0.31355415281925175,LR
2013-11-08,VDC,0.0170135498046872,0.0155677240964453,1,0.2898939277004318,LR
2013-11-15,VDC,-0.0046218492808428,0.0042207201474918,0,0.3063964090564676,LR
2013-11-22,VDC,-0.0051670541742064,0.0010509545935251,0,0.31530071260792264,LR
2013-11-29,VDC,0.0030439031027251,-0.0003312236222911,0,0.3363654115897737,LR
2013-12-06,VDC,-0.0261055085216244,-0.0156406931376841,0,0.35721837453182076,LR
2013-12-13,VDC,-0.0088181929154829,0.0249039988713441,0,0.3557745151085827,LR
2013-12-20,VDC,0.0052169108885198,0.0126130133401824,0,0.2430083531385818,LR
2013-12-27,VDC,-0.0105541226772725,-0.0052219313124723,0,0.23304152719600124,LR
2013-01-04,VDE,0.0036994820377764,0.0047826524145152,0,0.22302091817096587,LR
2013-01-11,VDE,0.0215358337597706,0.0085673664170132,1,0.23453140050650143,LR
2013-01-18,VDE,0.0189639507927337,0.0129440263414291,1,0.26713518569479217,LR
2013-01-25,VDE,0.0094185920374323,0.0065890596289755,0,0.25993996394049784,LR
2013-02-01,VDE,0.0113677569276473,0.0037027529931343,1,0.3719950435179545,LR
2013-02-08,VDE,-0.0034796518850553,0.0020420353217808,0,0.3106080727633796,LR
2013-02-15,VDE,-0.0091906735263821,-0.0014462677336588,0,0.32961436894183455,LR
2013-02-22,VDE,-0.0105706381278229,0.0014483624535419,0,0.37959666274396103,LR
2013-03-01,VDE,0.0189792615852026,0.0218920812309954,1,0.3496520983466007,LR
2013-03-08,VDE,0.0124677310042242,0.0069680760360967,1,0.3168556244783864,LR
2013-03-15,VDE,0.001157141829801,-0.0014759523857896,0,0.3400966464943193,LR
2013-03-22,VDE,0.0031872564858637,0.0068762399741733,0,0.3069685017191981,LR
2013-03-29,VDE,-0.0249823610659492,-0.0096378282515332,0,0.3040218445207822,LR
2013-04-05,VDE,0.0078562647946978,0.0234593615439415,0,0.38095992963923136,LR
2013-04-12,VDE,-0.0341710930648861,-0.0209068840853799,0,0.28059125835462917,LR
2013-04-19,VDE,0.0282491023582907,0.0177516758499823,1,0.3471232782271684,LR
2013-04-26,VDE,0.0261945763694404,0.0197798664208651,1,0.3114515989455751,LR
2013-05-03,VDE,0.0085349864292105,0.0126417250897771,0,0.3048906913628599,LR
2013-05-10,VDE,0.0218340611353711,0.0216020615935487,1,0.31842237772389276,LR
2013-05-17,VDE,-0.0053799936945105,-0.0097643488856604,0,0.25983513282487253,LR
2013-05-24,VDE,-0.0263648748261218,-0.0112507290114141,0,0.2968373586256614,LR
2013-05-31,VDE,0.0065087214974455,0.0082590048256135,0,0.35628618041008436,LR
2013-06-07,VDE,-0.0221287784775551,-0.0098299711103061,0,0.3403166630782674,LR
2013-06-14,VDE,-0.0243965801538814,-0.0200287884784188,0,0.40073552854805133,LR
2013-06-21,VDE,0.014801438127058,0.0084866687748114,1,0.40457295569343754,LR
2013-06-28,VDE,0.0122542483109295,0.0162072956731596,1,0.266797453054863,LR
2013-07-05,VDE,0.0187094302226591,0.0275426471331492,1,0.34078327488347826,LR
2013-07-12,VDE,0.0202072075690227,0.009909933754673,1,0.24462463690548736,LR
2013-07-19,VDE,-0.0076640966505215,-0.0003545386913968,0,0.3031563387891307,LR
2013-07-26,VDE,0.003450918866547,0.0108806142355912,0,0.3004155591607159,LR
2013-08-02,VDE,-0.0069748053029804,-0.0095936396959339,0,0.30809247471924084,LR
2013-08-09,VDE,-0.0118096807620112,-0.0205538817305521,0,0.3908894068391363,LR
2013-08-16,VDE,0.0059390810775847,0.0047637953390171,0,0.4244537246629276,LR
2013-08-23,VDE,-0.005885886050053,-0.0178251010459072,0,0.35642673525787805,LR
2013-08-30,VDE,0.0059488789711008,0.0146045524754161,0,0.42228441839336467,LR
2013-09-06,VDE,0.0108686569129037,0.0198143786523301,1,0.3675696871293561,LR
2013-09-13,VDE,-0.0015702681107953,0.0131231784834754,0,0.2806535560608492,LR
2013-09-20,VDE,-0.0009140059139696,-0.0106020487119237,0,0.2890485397388071,LR
2013-09-27,VDE,0.0151438923314379,-0.0001182731183027,1,0.31716802754862994,LR
2013-10-04,VDE,0.0158916156296151,0.0081115805097378,1,0.3144380562924082,LR
2013-10-11,VDE,0.0348250401665,0.0242572728999644,1,0.3395602963152907,LR
2013-10-18,VDE,-0.0041527253425305,0.0089451799889004,0,0.2980318522663595,LR
2013-10-25,VDE,-0.0044882389489497,0.0014778607696307,0,0.307118057501015,LR
2013-11-01,VDE,0.0047283536869457,0.0061291439154369,0,0.29271808780441894,LR
2013-11-08,VDE,0.0117131571370767,0.0155677240964453,1,0.27993315132658,LR
2013-11-15,VDE,-0.0018009218478416,0.0042207201474917,0,0.2711124851695466,LR
2013-11-22,VDE,-0.0196186140941134,0.0010509545935251,0,0.2920444916488054,LR
2013-11-29,VDE,-0.0015188649578221,-0.0003312236222911,0,0.32330385241989185,LR
2013-12-06,VDE,-0.0193841759201069,-0.015640693137684,0,0.31873541569192,LR
2013-12-13,VDE,0.0007271843595439,0.0249039988713442,0,0.2750187265033326,LR
2013-12-20,VDE,0.0153450310434892,0.0126130133401825,1,0.1969101678374232,LR
2013-12-27,VDE,-0.0172332039934844,-0.0052219313124723,0,0.24083977748947097,LR
2013-01-04,VFH,0.0033898001896142,0.0047826524145152,0,0.2582193390683234,LR
2013-01-11,VFH,0.0039380982462156,0.008567366417013,0,0.2506282990234293,LR
2013-01-18,VFH,0.0165358785745948,0.0129440263414291,1,0.22070658648995473,LR
2013-01-25,VFH,0.0077049746318433,0.0065890596289755,0,0.23063848886988128,LR
2013-02-01,VFH,0.0129619757986589,0.0037027529931343,1,0.34389038563277824,LR
2013-02-08,VFH,0.0076129038414147,0.0020420353217809,0,0.29956840769531773,LR
2013-02-15,VFH,-0.0026990142018968,-0.0014462677336588,0,0.33915899153919327,LR
2013-02-22,VFH,-0.0091545546089226,0.0014483624535419,0,0.37746407853265196,LR
2013-03-01,VFH,0.0348869621669145,0.0218920812309954,1,0.3563718957190935,LR
2013-03-08,VFH,0.0136842225727282,0.0069680760360967,1,0.28627993288382675,LR
2013-03-15,VFH,-0.0044584835793444,-0.0014759523857896,0,0.31560077954872295,LR
2013-03-22,VFH,-0.0010485167477701,0.0068762399741732,0,0.30192048300571217,LR
2013-03-29,VFH,-0.0102281505041592,-0.0096378282515331,0,0.29183936614107414,LR
2013-04-05,VFH,0.0233173612686949,0.0234593615439415,1,0.3727657519656269,LR
2013-04-12,VFH,-0.0189610270710735,-0.02090688408538,0,0.27638872590431485,LR
2013-04-19,VFH,0.0205858746862364,0.0177516758499823,1,0.35237738131500884,LR
2013-04-26,VFH,0.0113343284432751,0.0197798664208649,1,0.2985424201927415,LR
2013-05-03,VFH,0.0170267346791184,0.0126417250897773,1,0.28074525979725506,LR
2013-05-10,VFH,0.0342415097239507,0.0216020615935488,1,0.3085929132650393,LR
2013-05-17,VFH,-0.0145137511346509,-0.0097643488856606,0,0.23794429436357128,LR
2013-05-24,VFH,-0.0193704419331481,-0.0112507290114141,0,0.25999321994072266,LR
2013-05-31,VFH,0.00294620508798,0.0082590048256135,0,0.2860755643426242,LR
2013-06-07,VFH,-0.0214425206745618,-0.009829971110306,0,0.26957909514443623,LR
2013-06-14,VFH,-0.0279425640897933,-0.0200287884784189,0,0.3698395006102628,LR
2013-06-21,VFH,0.0309997621110975,0.0084866687748115,1,0.38585838024223656,LR
2013-06-28,VFH,0.0117060370646042,0.0162072956731596,1,0.2817123770925673,LR
2013-07-05,VFH,0.0208128910613443,0.0275426471331491,1,0.3560971795584527,LR
2013-07-12,VFH,0.0128786289434079,0.0099099337546731,1,0.2573646356175052,LR
2013-07-19,VFH,-0.0051740644010965,-0.0003545386913966,0,0.2966955902514267,LR
2013-07-26,VFH,0.0071056188627829,0.0108806142355912,0,0.2931095884883286,LR
2013-08-02,VFH,-0.0136696164714364,-0.0095936396959341,0,0.30185120165795853,LR
2013-08-09,VFH,-0.0196736969486631,-0.0205538817305522,0,0.37926625100520367,LR
2013-08-16,VFH,0.0068711356882669,0.004763795339017,0,0.4271355645935127,LR
2013-08-23,VFH,-0.02974161889538,-0.0178251010459074,0,0.3417436584811284,LR
2013-08-30,VFH,0.0054698508037989,0.014604552475416,0,0.39422134482347226,LR
2013-09-06,VFH,0.0177601724160318,0.0198143786523301,1,0.36157860026543204,LR
2013-09-13,VFH,0.0050419946405566,0.0131231784834755,0,0.296190212951383,LR
2013-09-20,VFH,-0.0084479476597389,-0.0106020487119238,0,0.3195904905942516,LR
2013-09-27,VFH,0.0113328180030403,-0.0001182731183027,1,0.3198875913394912,LR
2013-10-04,VFH,0.0235930924445835,0.0081115805097377,1,0.3170743661944403,LR
2013-10-11,VFH,0.0342168233480797,0.0242572728999644,1,0.34612582654620094,LR
2013-10-18,VFH,0.0025689073128334,0.0089451799889004,0,0.3169805603541369,LR
2013-10-25,VFH,-0.0107325963117591,0.0014778607696305,0,0.3541087033822349,LR
2013-11-01,VFH,0.0051825065265469,0.006129143915437,0,0.33046023696537985,LR
2013-11-08,VFH,0.01431590240821,0.0155677240964453,1,0.28833293983425434,LR
2013-11-15,VFH,0.0117700969301064,0.0042207201474917,1,0.2908444046456832,LR
2013-11-22,VFH,-0.0006828768287838,0.0010509545935251,0,0.309203989986766,LR
2013-11-29,VFH,-0.0052332090612902,-0.0003312236222912,0,0.33843886049695465,LR
2013-12-06,VFH,-0.0166438561805226,-0.015640693137684,0,0.33372739683987485,LR
2013-12-13,VFH,0.019815593673228,0.0249039988713442,1,0.35264323883729193,LR
2013-12-20,VFH,-0.0035955021890361,0.0126130133401824,0,0.26623199152483396,LR
2013-12-27,VFH,0.0020288582360137,-0.0052219313124723,0,0.2640644967621642,LR
2013-01-04,VGT,0.0122542121204314,0.0047826524145153,1,0.20954982342863382,LR
2013-01-11,VGT,0.0034027770866766,0.0085673664170131,0,0.2150362191767818,LR
2013-01-18,VGT,-0.0011294907381974,0.0129440263414291,0,0.22694105880646687,LR
2013-01-25,VGT,0.0080440261066121,0.0065890596289755,0,0.2062689513508865,LR
2013-02-01,VGT,0.0130875364076523,0.0037027529931342,1,0.27254698192536997,LR
2013-02-08,VGT,-0.0015284230719162,0.0020420353217809,0,0.268113235740371,LR
2013-02-15,VGT,-0.0104181139360396,-0.0014462677336588,0,0.2933723834732415,LR
2013-02-22,VGT,-0.0071189578528131,0.001448362453542,0,0.33779403897008375,LR
2013-03-01,VGT,0.0261077964745435,0.0218920812309954,1,0.3193775739746404,LR
2013-03-08,VGT,0.0045492394112176,0.0069680760360965,0,0.2772854393332686,LR
2013-03-15,VGT,0.0037400835840886,-0.0014759523857896,0,0.29528531236024597,LR
2013-03-22,VGT,0.0020618766443836,0.0068762399741732,0,0.31026775514465793,LR
2013-03-29,VGT,-0.0260810098239584,-0.0096378282515332,0,0.30150665685340444,LR
2013-04-05,VGT,0.020016889203213,0.0234593615439415,1,0.3917893980689632,LR
2013-04-12,VGT,-0.0388457683217131,-0.02090688408538,0,0.2676084496596159,LR
2013-04-19,VGT,0.0277618008971562,0.0177516758499822,1,0.35073061485036733,LR
2013-04-26,VGT,0.0387672404795613,0.019779866420865,1,0.29063726261156597,LR
2013-05-03,VGT,0.0092308018917222,0.0126417250897773,0,0.2704706589455706,LR
2013-05-10,VGT,0.0218949245291311,0.0216020615935488,1,0.3315510312175812,LR
2013-05-17,VGT,-0.0144268335733011,-0.0097643488856606,0,0.26131143041857446,LR
2013-05-24,VGT,-0.0039112833676604,-0.0112507290114142,0,0.2773406683236072,LR
2013-05-31,VGT,-0.001567843547774,0.0082590048256134,0,0.3528061809447778,LR
2013-06-07,VGT,-0.017463885164343,-0.009829971110306,0,0.32695604007841395,LR
2013-06-14,VGT,-0.0258234393289753,-0.0200287884784188,0,0.4221028602038642,LR
2013-06-21,VGT,0.0099659161356122,0.0084866687748114,0,0.43267963117955,LR
2013-06-28,VGT,0.0113545079774362,0.0162072956731595,1,0.29432353426093366,LR
2013-07-05,VGT,0.0219649900796794,0.0275426471331491,1,0.35590866862835596,LR
2013-07-12,VGT,-0.0141442525601441,0.0099099337546731,0,0.24827749497589108,LR
2013-07-19,VGT,0.0109445776923859,-0.0003545386913968,1,0.3059380303750424,LR
2013-07-26,VGT,0.0242674225351058,0.0108806142355912,1,0.2732276651756149,LR
2013-08-02,VGT,-0.0045420212042487,-0.009593639695934,0,0.3096565733978965,LR
2013-08-09,VGT,-0.0013989649522311,-0.0205538817305521,0,0.41553572795279464,LR
2013-08-16,VGT,0.0104458559850217,0.0047637953390172,1,0.4260202995439832,LR
2013-08-23,VGT,-0.0203077779407332,-0.0178251010459074,0,0.37050389408826856,LR
2013-08-30,VGT,0.0110058947666882,0.0146045524754162,1,0.4331635313374286,LR
2013-09-06,VGT,0.0108271510392468,0.0198143786523301,1,0.39225570601347154,LR
2013-09-13,VGT,0.0056867237970521,0.0131231784834755,0,0.2869689406768659,LR
2013-09-20,VGT,-0.0074626942291852,-0.0106020487119237,0,0.2865055189857552,LR
2013-09-27,VGT,0.0134663575081142,-0.0001182731183027,1,0.34370929522568056,LR
2013-10-04,VGT,0.0101750510172589,0.0081115805097377,1,0.3384267776348296,LR
2013-10-11,VGT,0.0309876806942033,0.0242572728999643,1,0.2983017124262278,LR
2013-10-18,VGT,-0.0013121866628758,0.0089451799889003,0,0.27984326531428433,LR
2013-10-25,VGT,-0.0014316719997489,0.0014778607696306,0,0.3491526565970212,LR
2013-11-01,VGT,0.0045194724683939,0.0061291439154369,0,0.33873670916822607,LR
2013-11-08,VGT,0.0156342495564731,0.0155677240964451,1,0.3198540736942635,LR
2013-11-15,VGT,-0.0062951844627173,0.0042207201474917,0,0.30165946559719015,LR
2013-11-22,VGT,0.0138092492371946,0.001050954593525,1,0.2949619249784073,LR
2013-11-29,VGT,0.004031311625793,-0.0003312236222911,0,0.3247199553468343,LR
2013-12-06,VGT,-0.0182856968470982,-0.015640693137684,0,0.3496170690283811,LR
2013-12-13,VGT,0.0164713859647989,0.0249039988713442,1,0.3830322031525572,LR
2013-12-20,VGT,0.0072430894661341,0.0126130133401825,0,0.26367593484322127,LR
2013-12-27,VGT,-0.0063006027891412,-0.0052219313124723,0,0.2588704577422578,LR
2013-01-04,VHT,0.0213518253894799,0.0047826524145153,1,0.21718081107357703,LR
2013-01-11,VHT,0.0097048087701725,0.0085673664170132,0,0.21525983224812106,LR
2013-01-18,VHT,0.0156517487901142,0.0129440263414291,1,0.23152069629300576,LR
2013-01-25,VHT,0.0043916814172897,0.0065890596289755,0,0.2286950511804057,LR
2013-02-01,VHT,0.0071058838697746,0.0037027529931342,0,0.3054055843105523,LR
2013-02-08,VHT,-0.001665350467381,0.002042035321781,0,0.2744468481717215,LR
2013-02-15,VHT,0.0011557253719831,-0.0014462677336589,0,0.29350601206107046,LR
2013-02-22,VHT,0.0034451529106036,0.001448362453542,0,0.36776274592339564,LR
2013-03-01,VHT,0.0215258535986184,0.0218920812309953,1,0.3379850589283452,LR
2013-03-08,VHT,0.0068578936743945,0.0069680760360965,0,0.2756639991888935,LR
2013-03-15,VHT,0.0083374584850239,-0.0014759523857896,0,0.2872266620631854,LR
2013-03-22,VHT,0.01904873258012,0.0068762399741733,1,0.2915702751444552,LR
2013-03-29,VHT,0.002650936575083,-0.0096378282515332,0,0.28610810452633995,LR
2013-04-05,VHT,0.0310850213246705,0.0234593615439414,1,0.3156772154960341,LR
2013-04-12,VHT,-0.0032608175117655,-0.0209068840853798,0,0.22940095976603003,LR
2013-04-19,VHT,-0.0046544276764668,0.0177516758499823,0,0.26985686536271836,LR
2013-04-26,VHT,-0.000582629341402,0.0197798664208649,0,0.27529435655160406,LR
2013-05-03,VHT,0.0116360248032549,0.0126417250897771,1,0.2466572644596291,LR
2013-05-10,VHT,0.0165536553255394,0.0216020615935487,1,0.25826409838816844,LR
2013-05-17,VHT,-0.0007910464065327,-0.0097643488856604,0,0.2203098165612388,LR
2013-05-24,VHT,-0.0265397834892389,-0.0112507290114142,0,0.27298866480466333,LR
2013-05-31,VHT,0.0033211282242426,0.0082590048256134,0,0.3282945441107299,LR
2013-06-07,VHT,-0.0044297976555297,-0.009829971110306,0,0.2849336042506794,LR
2013-06-14,VHT,-0.029551637447577,-0.0200287884784189,0,0.37815353400473883,LR
2013-06-21,VHT,0.0150393463766607,0.0084866687748114,1,0.39925029908192655,LR
2013-06-28,VHT,0.011162269317271,0.0162072956731596,1,0.26623463516961093,LR
2013-07-05,VHT,0.0300011487710309,0.0275426471331492,1,0.29414931415826945,LR
2013-07-12,VHT,0.009643805516909,0.0099099337546731,0,0.23164437238856406,LR
2013-07-19,VHT,0.0081291998984842,-0.0003545386913968,0,0.2840075807923626,LR
2013-07-26,VHT,0.0077444467166767,0.0108806142355912,0,0.2916414605910086,LR
2013-08-02,VHT,-0.0093927298525029,-0.009593639695934,0,0.3044030808840864,LR
2013-08-09,VHT,-0.027423891602304,-0.0205538817305523,0,0.3714807343680895,LR
2013-08-16,VHT,0.0116667005750865,0.0047637953390172,1,0.3946465554258004,LR
2013-08-23,VHT,-0.0150186661724259,-0.0178251010459072,0,0.3377481556201738,LR
2013-08-30,VHT,0.0133495045523008,0.0146045524754161,1,0.42882430949181877,LR
2013-09-06,VHT,0.0176029856358801,0.0198143786523301,1,0.35757152108896634,LR
2013-09-13,VHT,-0.0005281268651948,0.0131231784834754,0,0.2809733404622792,LR
2013-09-20,VHT,-0.0091246749108918,-0.0106020487119238,0,0.287158148330142,LR
2013-09-27,VHT,0.0179091162907696,-0.0001182731183026,1,0.2963913920553099,LR
2013-10-04,VHT,0.0033098179209143,0.0081115805097378,0,0.2944526827227246,LR
2013-10-11,VHT,0.0319718306297196,0.0242572728999643,1,0.3225537017045711,LR
2013-10-18,VHT,0.0022768948981048,0.0089451799889004,0,0.3007329302875952,LR
2013-10-25,VHT,0.0017525584427353,0.0014778607696306,0,0.33078395335272703,LR
2013-11-01,VHT,-0.0009230393629807,0.0061291439154367,0,0.3430907104383925,LR
2013-11-08,VHT,0.0208226364117225,0.0155677240964453,1,0.29556363159021865,LR
2013-11-15,VHT,0.01311440150764,0.0042207201474917,1,0.29631222838668114,LR
2013-11-22,VHT,-0.0037328572831109,0.001050954593525,0,0.32393514480952296,LR
2013-11-29,VHT,0.0008888527199073,-0.0003312236222911,0,0.33886545686281605,LR
2013-12-06,VHT,-0.0313910584755581,-0.0156406931376841,0,0.3300989656092725,LR
2013-12-13,VHT,0.0070500245924833,0.0249039988713441,0,0.3429647976078021,LR
2013-12-20,VHT,0.0044784726632987,0.0126130133401824,0,0.25253102970480956,LR
2013-12-27,VHT,-0.0013868191568169,-0.0052219313124722,0,0.24850281838522298,LR
2013-01-04,VIS,0.0,0.0047826524145153,0,0.26391067360224724,LR
2013-01-11,VIS,0.0169399645546957,0.0085673664170131,1,0.2671669012716686,LR
2013-01-18,VIS,0.0147665376797911,0.0129440263414291,1,0.29416835487698295,LR
2013-01-25,VIS,-0.0028713288020985,0.0065890596289754,0,0.26554666777923275,LR
2013-02-01,VIS,0.00696084559424,0.0037027529931343,0,0.3517466295582014,LR
2013-02-08,VIS,0.0134341829124247,0.0020420353217809,1,0.30356981850956927,LR
2013-02-15,VIS,-0.0071980098460372,-0.0014462677336587,0,0.33905110265944355,LR
2013-02-22,VIS,-0.0023222848692406,0.0014483624535418,0,0.3811458178182419,LR
2013-03-01,VIS,0.0276986711167188,0.0218920812309955,1,0.3717496964409931,LR
2013-03-08,VIS,0.0141736622900794,0.0069680760360966,1,0.2816594774900901,LR
2013-03-15,VIS,0.0042886474838588,-0.0014759523857896,0,0.3000779519224222,LR
2013-03-22,VIS,-0.0010005529044853,0.0068762399741732,0,0.2888724479296471,LR
2013-03-29,VIS,-0.0254099235799957,-0.0096378282515333,0,0.26174784856983935,LR
2013-04-05,VIS,0.0184615697616186,0.0234593615439414,1,0.334225400189977,LR
2013-04-12,VIS,-0.0304715658655335,-0.02090688408538,0,0.25668599913449475,LR
2013-04-19,VIS,0.0196384724699809,0.0177516758499823,1,0.3528738250530516,LR
2013-04-26,VIS,0.0177958759179373,0.0197798664208651,1,0.31167940166332386,LR
2013-05-03,VIS,0.0224439291801901,0.0126417250897771,1,0.2731718340497349,LR
2013-05-10,VIS,0.0251373430714016,0.0216020615935489,1,0.31111661184773665,LR
2013-05-17,VIS,-0.0100024283604152,-0.0097643488856604,0,0.2469715717692756,LR
2013-05-24,VIS,-0.0134523482549757,-0.0112507290114141,0,0.30072953991381757,LR
2013-05-31,VIS,-0.0021593126662409,0.0082590048256134,0,0.34454819770480993,LR
2013-06-07,VIS,-0.0129341536653255,-0.0098299711103059,0,0.3329382147417526,LR
2013-06-14,VIS,-0.0262682294407853,-0.0200287884784188,0,0.40245349499319105,LR
2013-06-21,VIS,0.0192355853421086,0.0084866687748115,1,0.42711917850823,LR
2013-06-28,VIS,0.0115727204290081,0.0162072956731595,1,0.29867019566030395,LR
2013-07-05,VIS,0.0236437977426624,0.0275426471331492,1,0.3383737687517913,LR
2013-07-12,VIS,0.0172978424399796,0.0099099337546731,1,0.23987284746196785,LR
2013-07-19,VIS,-0.0090606823420866,-0.0003545386913967,0,0.2027323533050486,LR
2013-07-26,VIS,0.0234149107576588,0.0108806142355912,1,0.2665042798976134,LR
2013-08-02,VIS,-0.0117994204984018,-0.0095936396959341,0,0.32146724874593147,LR
2013-08-09,VIS,-0.0109447528137786,-0.0205538817305521,0,0.4018138832296131,LR
2013-08-16,VIS,0.006290051544848,0.0047637953390171,0,0.4546605152172103,LR
2013-08-23,VIS,-0.0273924550293822,-0.0178251010459074,0,0.36846915514243755,LR
2013-08-30,VIS,0.0095305942857728,0.014604552475416,0,0.4188589666329357,LR
2013-09-06,VIS,0.0265630546322532,0.0198143786523302,1,0.3739835488525898,LR
2013-09-13,VIS,0.0061294483649518,0.0131231784834755,0,0.29574266928886533,LR
2013-09-20,VIS,-0.0032186561646906,-0.0106020487119237,0,0.339099246852838,LR
2013-09-27,VIS,0.0056287289169592,-0.0001182731183027,0,0.3314287816812303,LR
2013-10-04,VIS,0.0192849793592477,0.0081115805097377,1,0.28577572204324664,LR
2013-10-11,VIS,0.025686617933446,0.0242572728999643,1,0.34589595089654435,LR
2013-10-18,VIS,0.0162162162162162,0.0089451799889004,1,0.2968878744984459,LR
2013-10-25,VIS,0.0025518113342055,0.0014778607696305,0,0.35086046634428625,LR
2013-11-01,VIS,-0.0004219950959066,0.0061291439154367,0,0.32603340937993275,LR
2013-11-08,VIS,0.0155112511635893,0.0155677240964454,1,0.30435767079295745,LR
2013-11-15,VIS,0.0008275832674264,0.0042207201474917,0,0.3041461062729791,LR
2013-11-22,VIS,0.0007214976009712,0.0010509545935251,0,0.3114255175829187,LR
2013-11-29,VIS,-0.0006183403004077,-0.0003312236222911,0,0.34292453126789463,LR
2013-12-06,VIS,-0.0147934545529788,-0.015640693137684,0,0.3326631185035455,LR
2013-12-13,VIS,0.01666667324827,0.0249039988713442,1,0.367097720403831,LR
2013-12-20,VIS,0.0057593178518116,0.0126130133401825,0,0.25724057898160024,LR
2013-12-27,VIS,-0.0062161131989825,-0.0052219313124723,0,0.2501031697455295,LR
2013-01-04,VNQ,0.0032865433624043,0.0047826524145153,0,0.24937650702526123,LR
2013-01-11,VNQ,0.0111375117431955,0.0085673664170131,1,0.26017396569525847,LR
2013-01-18,VNQ,0.0117387440124927,0.012944026341429,1,0.26084645923364214,LR
2013-01-25,VNQ,-0.0073730594236867,0.0065890596289755,0,0.25110848796503427,LR
2013-02-01,VNQ,0.0073078049310288,0.0037027529931343,0,0.3320161507896333,LR
2013-02-08,VNQ,0.0056644792780209,0.002042035321781,0,0.2576774696473182,LR
2013-02-15,VNQ,0.0008640056245503,-0.0014462677336587,0,0.2972766704076256,LR
2013-02-22,VNQ,-0.0060223427274221,0.0014483624535419,0,0.36156676316997827,LR
2013-03-01,VNQ,0.0099596197107965,0.0218920812309954,0,0.3495106288451899,LR
2013-03-08,VNQ,0.0067171818279754,0.0069680760360965,0,0.2700264247161799,LR
2013-03-15,VNQ,-0.0047222984348932,-0.0014759523857896,0,0.2813356192026892,LR
2013-03-22,VNQ,0.0123439160751248,0.0068762399741732,1,0.2798046523132008,LR
2013-03-29,VNQ,0.0225020698483666,-0.0096378282515332,1,0.27683862777422386,LR
2013-04-05,VNQ,0.0224128773373202,0.0234593615439414,1,0.3336725156467999,LR
2013-04-12,VNQ,0.00203668055358,-0.0209068840853798,0,0.2662644387970029,LR
2013-04-19,VNQ,-0.0031077334183861,0.0177516758499823,0,0.2955159742017075,LR
2013-04-26,VNQ,0.0149273883975338,0.019779866420865,1,0.2623808153650443,LR
2013-05-03,VNQ,0.008214031393926,0.0126417250897772,0,0.24801898770702133,LR
2013-05-10,VNQ,0.0193268638954489,0.0216020615935487,1,0.26823542992245547,LR
2013-05-17,VNQ,-0.0390163052512159,-0.0097643488856605,0,0.2374683925764963,LR
2013-05-24,VNQ,-0.0623923594881059,-0.0112507290114141,0,0.27019345963628344,LR
2013-05-31,VNQ,-0.000282705933536,0.0082590048256134,0,0.31359040524605813,LR
2013-06-07,VNQ,-0.0101551650946061,-0.0098299711103059,0,0.24896638386749637,LR
2013-06-14,VNQ,-0.0577168155346512,-0.0200287884784189,0,0.349835870595275,LR
2013-06-21,VNQ,0.0600030738821459,0.0084866687748115,1,0.398022827717941,LR
2013-06-28,VNQ,-0.0062084939635144,0.0162072956731595,0,0.24609841264957413,LR
2013-07-05,VNQ,0.0299610281363338,0.0275426471331493,1,0.3634435426269917,LR
2013-07-12,VNQ,0.0133091147967399,0.0099099337546731,1,0.3036910911998824,LR
2013-07-19,VNQ,-0.0158882832291081,-0.0003545386913968,0,0.3475960935246696,LR
2013-07-26,VNQ,-0.032925233543529,0.0108806142355913,0,0.3557895245962659,LR
2013-08-02,VNQ,0.0051064848182953,-0.0095936396959341,0,0.3973178485878965,LR
2013-08-09,VNQ,-0.0648161494363495,-0.0205538817305523,0,0.40864106029710273,LR
2013-08-16,VNQ,0.0229885588703566,0.0047637953390172,1,0.49094990248421744,LR
2013-08-23,VNQ,-0.0206498724225308,-0.0178251010459074,0,0.3353908468662043,LR
2013-08-30,VNQ,0.0007722479035956,0.014604552475416,0,0.38696390522904134,LR
2013-09-06,VNQ,0.0234314256005869,0.0198143786523301,1,0.3782391964201737,LR
2013-09-13,VNQ,0.0106871539551054,0.0131231784834755,1,0.265407565289577,LR
2013-09-20,VNQ,-0.0088954559120514,-0.0106020487119237,0,0.3178030303312918,LR
2013-09-27,VNQ,-0.005883231019191,-0.0001182731183028,0,0.3297830152797011,LR
2013-10-04,VNQ,0.0349405078354951,0.0081115805097377,1,0.3294056763684307,LR
2013-10-11,VNQ,0.0358837200672979,0.0242572728999643,1,0.3701997983130565,LR
2013-10-18,VNQ,0.0174710180253865,0.0089451799889004,1,0.36417295851230613,LR
2013-10-25,VNQ,-0.0226441722208695,0.0014778607696305,0,0.3875260575532443,LR
2013-11-01,VNQ,-0.0463784402442367,0.006129143915437,0,0.35614848618245565,LR
2013-11-08,VNQ,0.0156391115116893,0.0155677240964453,1,0.31694925568009674,LR
2013-11-15,VNQ,-0.0250775122389375,0.0042207201474917,0,0.3110759228085256,LR
2013-11-22,VNQ,-0.0099758710032745,0.0010509545935251,0,0.382622186145092,LR
2013-11-29,VNQ,0.0076417545112015,-0.0003312236222912,0,0.4038037524043314,LR
2013-12-06,VNQ,-0.0286749390978362,-0.0156406931376842,0,0.3836090309527074,LR
2013-12-13,VNQ,0.0156564016957101,0.0249039988713442,1,0.4199634904067988,LR
2013-12-20,VNQ,-0.0126293642062992,0.0126130133401823,0,0.2934991742054842,LR
2013-12-27,VNQ,0.000770700583764,-0.0052219313124723,0,0.2865018673573706,LR
2013-01-04,VOX,-0.003761446749206,0.0047826524145153,0,0.27324120012228104,LR
2013-01-11,VOX,-0.0147899760802986,0.0085673664170132,0,0.25504164155931885,LR
2013-01-18,VOX,0.0119148416722074,0.012944026341429,1,0.28120193903519236,LR
2013-01-25,VOX,0.0226098406516066,0.0065890596289754,1,0.2544854445589395,LR
2013-02-01,VOX,-0.0077836906827104,0.0037027529931343,0,0.3382275833129978,LR
2013-02-08,VOX,-0.0179574724248883,0.0020420353217809,0,0.29150436541626135,LR
2013-02-15,VOX,0.0002774228989792,-0.0014462677336588,0,0.32038315448689414,LR
2013-02-22,VOX,-0.0121378931505926,0.0014483624535419,0,0.35150094272411897,LR
2013-03-01,VOX,0.0238893411669456,0.0218920812309955,1,0.34073350097381744,LR
2013-03-08,VOX,0.0004093719950408,0.0069680760360965,0,0.3118190358663494,LR
2013-03-15,VOX,0.0124827985413937,-0.0014759523857896,1,0.2963521893266463,LR
2013-03-22,VOX,0.0029758044068035,0.0068762399741732,0,0.3265091656029908,LR
2013-03-29,VOX,0.0125185125012079,-0.0096378282515333,1,0.29478842131456323,LR
2013-04-05,VOX,0.0433745098678157,0.0234593615439416,1,0.3330424912084489,LR
2013-04-12,VOX,0.0011441181502762,-0.02090688408538,0,0.20034639156301134,LR
2013-04-19,VOX,0.002140226215437,0.0177516758499822,0,0.2729539945088781,LR
2013-04-26,VOX,-0.0013758675991292,0.0197798664208649,0,0.2884251710380254,LR
2013-05-03,VOX,0.0072148505468128,0.0126417250897773,0,0.24752910835596795,LR
2013-05-10,VOX,0.0079012270326968,0.0216020615935488,0,0.28779088815630377,LR
2013-05-17,VOX,-0.0227857487802828,-0.0097643488856605,0,0.2559662539483407,LR
2013-05-24,VOX,-0.0404768077870976,-0.0112507290114142,0,0.3069315213584574,LR
2013-05-31,VOX,0.0141227822438545,0.0082590048256135,1,0.3492801954335048,LR
2013-06-07,VOX,0.0125320127260646,-0.0098299711103061,1,0.29287592194985373,LR
2013-06-14,VOX,-0.0281956736729637,-0.0200287884784189,0,0.39566393420591095,LR
2013-06-21,VOX,0.0358362213966558,0.0084866687748114,1,0.5597661402993941,LR
2013-06-28,VOX,0.0136742739396875,0.0162072956731595,1,0.2950528946876045,LR
2013-07-05,VOX,0.0171470824534833,0.0275426471331492,1,0.3685140951824933,LR
2013-07-12,VOX,0.0027628030862894,0.0099099337546731,0,0.3249024902139328,LR
2013-07-19,VOX,-0.0010778004537799,-0.0003545386913968,0,0.3327464062163034,LR
2013-07-26,VOX,-0.0073185437494753,0.0108806142355912,0,0.3421176364256705,LR
2013-08-02,VOX,-0.0061788482017635,-0.009593639695934,0,0.3502683903013228,LR
2013-08-09,VOX,-0.0263671396605775,-0.0205538817305523,0,0.385381923669958,LR
2013-08-16,VOX,0.0066733668032759,0.0047637953390171,0,0.4016544284084487,LR
2013-08-23,VOX,-0.0201099257987517,-0.0178251010459074,0,0.32484996682901657,LR
2013-08-30,VOX,-0.0062261484468898,0.0146045524754162,0,0.4087036321621364,LR
2013-09-06,VOX,0.0268892644007614,0.0198143786523301,1,0.40432289419834877,LR
2013-09-13,VOX,-0.0098219208390104,0.0131231784834754,0,0.29683170601280656,LR
2013-09-20,VOX,0.0043381070004611,-0.0106020487119238,0,0.3141861613167102,LR
2013-09-27,VOX,0.0066051694093598,-0.0001182731183027,0,0.33772807707506197,LR
2013-10-04,VOX,0.0187508029196528,0.0081115805097378,1,0.39778757390021324,LR
2013-10-11,VOX,0.0412031141809445,0.0242572728999644,1,0.356099380472452,LR
2013-10-18,VOX,0.0033850930515424,0.0089451799889004,0,0.36980737727161234,LR
2013-10-25,VOX,-0.0095953968908056,0.0014778607696305,0,0.3830417636747425,LR
2013-11-01,VOX,-0.0118206543242416,0.0061291439154369,0,0.3315774107153805,LR
2013-11-08,VOX,-0.0039882268374267,0.0155677240964453,0,0.3139074587629602,LR
2013-11-15,VOX,-0.0055183894658635,0.0042207201474918,0,0.32464109832686017,LR
2013-11-22,VOX,0.0027116642037388,0.0010509545935251,0,0.2968102433044898,LR
2013-11-29,VOX,-0.0083627688069738,-0.0003312236222911,0,0.326883202002637,LR
2013-12-06,VOX,-0.0193518321007917,-0.0156406931376842,0,0.34568407753996616,LR
2013-12-13,VOX,-0.0164842105224505,0.0249039988713442,0,0.3465260262304401,LR
2013-12-20,VOX,0.0312422286689926,0.0126130133401825,1,0.24603373272294682,LR
2013-12-27,VOX,-0.0134797191713037,-0.0052219313124723,0,0.2737411117472452,LR
2013-01-04,VPU,-0.0079169446617906,0.0047826524145153,0,0.22152426596712815,LR
2013-01-11,VPU,0.0091574689414584,0.0085673664170132,0,0.2302259310409919,LR
2013-01-18,VPU,0.0135869962259769,0.0129440263414291,1,0.26530299689495446,LR
2013-01-25,VPU,0.011841103823974,0.0065890596289755,1,0.25651638933232623,LR
2013-02-01,VPU,0.0034047494662792,0.0037027529931342,0,0.35004945943618887,LR
2013-02-08,VPU,0.0012567358866988,0.0020420353217808,0,0.29627205410884333,LR
2013-02-15,VPU,0.0090100557916754,-0.0014462677336588,0,0.32483486610940165,LR
2013-02-22,VPU,0.0065642654609816,0.0014483624535419,0,0.36963288552871987,LR
2013-03-01,VPU,0.0156539420122738,0.0218920812309954,1,0.3503306076666454,LR
2013-03-08,VPU,0.0116377634784046,0.0069680760360966,1,0.28741970677254697,LR
2013-03-15,VPU,-0.0042108528867922,-0.0014759523857896,0,0.2940290467051554,LR
2013-03-22,VPU,0.0210843373493976,0.0068762399741733,1,0.28918535728062433,LR
2013-03-29,VPU,0.0094317738108484,-0.0096378282515332,0,0.2960518539771845,LR
2013-04-05,VPU,0.0177259083739522,0.0234593615439414,1,0.3509827221881808,LR
2013-04-12,VPU,0.0093007833511169,-0.02090688408538,0,0.2531040982190051,LR
2013-04-19,VPU,0.0030625752251691,0.0177516758499822,0,0.27609894407036956,LR
2013-04-26,VPU,-0.0024814032440328,0.019779866420865,0,0.2751728516395829,LR
2013-05-03,VPU,-0.0232978692745241,0.0126417250897771,0,0.24980601334467487,LR
2013-05-10,VPU,0.0156486166227771,0.0216020615935487,1,0.2720871821514905,LR
2013-05-17,VPU,-0.0369736159456876,-0.0097643488856606,0,0.2049341750738188,LR
2013-05-24,VPU,-0.0244510095975519,-0.0112507290114141,0,0.265542038067934,LR
2013-05-31,VPU,0.0072921546308051,0.0082590048256135,0,0.3339007426701601,LR
2013-06-07,VPU,-0.0046869293827598,-0.009829971110306,0,0.27071651149923215,LR
2013-06-14,VPU,-0.0322154132290524,-0.0200287884784189,0,0.36543089928840355,LR
2013-06-21,VPU,0.0422267538077798,0.0084866687748115,1,0.34453467394542214,LR
2013-06-28,VPU,-0.0206260250668474,0.0162072956731595,0,0.2758269384361038,LR
2013-07-05,VPU,0.0436341002807976,0.0275426471331492,1,0.3784544196475469,LR
2013-07-12,VPU,0.0177325932727119,0.009909933754673,1,0.28325223058848376,LR
2013-07-19,VPU,-0.0018573953314198,-0.0003545386913968,0,0.3656201142988138,LR
2013-07-26,VPU,0.0067481309092303,0.010880614235591,0,0.32355013986462416,LR
2013-08-02,VPU,-0.011208703610368,-0.0095936396959341,0,0.32894574478499483,LR
2013-08-09,VPU,-0.0402527788235287,-0.0205538817305523,0,0.41274140838875495,LR
2013-08-16,VPU,0.0030484086512363,0.0047637953390171,0,0.4635541813809001,LR
2013-08-23,VPU,-0.0140742059995812,-0.0178251010459073,0,0.2991619775107907,LR
2013-08-30,VPU,-0.0166340579111714,0.0146045524754162,0,0.40673722547833246,LR
2013-09-06,VPU,0.0077066845258044,0.01981437865233,0,0.3986371838334369,LR
2013-09-13,VPU,0.0092829422418416,0.0131231784834755,0,0.28391442793938726,LR
2013-09-20,VPU,0.0003672755178976,-0.0106020487119237,0,0.2985790919877195,LR
2013-09-27,VPU,-0.0025831083146884,-0.0001182731183028,0,0.30025036597699833,LR
2013-10-04,VPU,0.0302391218017814,0.0081115805097378,1,0.29505308257613433,LR
2013-10-11,VPU,0.0171870990285589,0.0242572728999643,1,0.3576776454540266,LR
2013-10-18,VPU,0.0207044008188252,0.0089451799889004,1,0.3671479951283186,LR
2013-10-25,VPU,-0.0047818526117329,0.0014778607696306,0,0.3617998136158967,LR
2013-11-01,VPU,-0.0033930140562241,0.006129143915437,0,0.3201097196066253,LR
2013-11-08,VPU,0.0101164638129687,0.0155677240964452,1,0.316691748063619,LR
2013-11-15,VPU,-0.0157159307350464,0.0042207201474917,0,0.30644658060778585,LR
2013-11-22,VPU,-0.0165621855683948,0.0010509545935251,0,0.34023094033977896,LR
2013-11-29,VPU,0.0086549008242937,-0.0003312236222911,0,0.3565396353364515,LR
2013-12-06,VPU,-0.0221270600091922,-0.0156406931376842,0,0.3113713480151804,LR
2013-12-13,VPU,0.0072869338134706,0.024903998871344,0,0.38289569579471494,LR
2013-12-20,VPU,-0.0027647956507225,0.0126130133401824,0,0.28261642350256916,LR
2013-12-27,VPU,-0.014094756875439,-0.0052219313124724,0,0.270081423229723,LR
2014-01-03,VAW,-0.0047674437593808,0.0068349072094307,0,0.2652627783599739,LR
2014-01-10,VAW,0.0051884363326475,-0.0027152192503491,0,0.226135335674218,LR
2014-01-17,VAW,-0.0515543915127075,-0.0258659909313964,0,0.30279490106543366,LR
2014-01-24,VAW,0.0041683207622071,-0.003968476228939,0,0.379171318277533,LR
2014-01-31,VAW,0.0127685663998156,0.0084178041663469,1,0.3013277919505396,LR
2014-02-07,VAW,0.0382684339234338,0.0241544815152563,1,0.2730045858212122,LR
2014-02-14,VAW,0.0,-0.0007064970814393,0,0.22231793942565872,LR
2014-02-21,VAW,0.0156054598273893,0.0130513226458691,1,0.35386406366080064,LR
2014-02-28,VAW,0.0233024779174892,0.0105750839452448,1,0.365089950602318,LR
2014-03-07,VAW,-0.0191571162586096,-0.0191225976328224,0,0.262320337222322,LR
2014-03-14,VAW,0.00880932374599,0.0127900604637172,0,0.3297518053297532,LR
2014-03-21,VAW,-0.0155765791260996,-0.003813143962121,0,0.32584653703073585,LR
2014-03-28,VAW,0.0092820203688501,0.0049056530150185,0,0.370612160566632,LR
2014-04-04,VAW,-0.0299361381859796,-0.0262338331494612,0,0.3817102196012692,LR
2014-04-11,VAW,0.0239607923117548,0.0268854227746187,1,0.3765969229325882,LR
2014-04-18,VAW,-0.0104987133799968,-0.0005364047501798,0,0.2474361503629159,LR
2014-04-25,VAW,0.0067088639534005,0.0095013318170659,0,0.2925541777438238,LR
2014-05-02,VAW,0.0015984783392986,-0.00053154162626,0,0.2924800914584884,LR
2014-05-09,VAW,-0.002804290917405,0.0004786518577886,0,0.31946700276478873,LR
2014-05-16,VAW,0.0142349156193812,0.012231092799377,1,0.40655959751450216,LR
2014-05-23,VAW,0.0059879675560623,0.0122403227598663,0,0.3861326197654417,LR
2014-05-30,VAW,0.0151862016209409,0.014013053118983,1,0.3397878000431896,LR
2014-06-06,VAW,-0.0120558160044033,-0.0063979775231511,0,0.3787145888848537,LR
2014-06-13,VAW,0.0174990717060166,0.0141602934946412,1,0.32321691262179997,LR
2014-06-20,VAW,-0.0027765802396019,-0.0006124021823233,0,0.2916838226182348,LR
2014-06-27,VAW,0.0157232700091318,0.0121537688290879,1,0.3055675133509346,LR
2014-07-04,VAW,-0.0131100694086351,-0.0080220414061621,0,0.314542597616609,LR
2014-07-11,VAW,0.0031342211861735,0.0055947783587322,0,0.3205451240193794,LR
2014-07-18,VAW,0.0059118923837127,5.059237440759989e-05,0,0.29651888017449435,LR
2014-07-25,VAW,-0.029108035870244,-0.0264008989885624,0,0.3115939284347116,LR
2014-08-01,VAW,0.0086924415800531,0.0038439987203473,0,0.35486059938545444,LR
2014-08-08,VAW,0.0056905180979838,0.0128336664428767,0,0.3278870489136336,LR
2014-08-15,VAW,0.0049119890717799,0.0177297640964148,0,0.32790377121146314,LR
2014-08-22,VAW,0.0046017402041274,0.0076306534388765,0,0.3159045715346695,LR
2014-08-29,VAW,0.0020261043317044,0.001992982210809,0,0.3542774852996129,LR
2014-09-05,VAW,-0.0179324971626179,-0.0098455237673516,0,0.3759109044062041,LR
2014-09-12,VAW,0.013522003769947,0.0125956696604456,1,0.43136488035830417,LR
2014-09-19,VAW,-0.0132088766488924,-0.013951073463844,0,0.3388938278625367,LR
2014-09-26,VAW,-0.0312331347287229,-0.0069727208919946,0,0.38966994752882156,LR
2014-10-03,VAW,-0.0485878461277845,-0.0304300258649738,0,0.36936952088862246,LR
2014-10-10,VAW,0.0126952676073424,-0.0108641092408196,1,0.3104827019053837,LR
2014-10-17,VAW,0.0396718211475477,0.042235230033293,1,0.32129084508839917,LR
2014-10-24,VAW,0.0122327503294981,0.0266250090424719,1,0.20744554827368933,LR
2014-10-31,VAW,0.0058064262987829,0.0083314780968026,0,0.1985127803217342,LR
2014-11-07,VAW,0.0083356570245707,0.0044257346848377,0,0.27018783758256054,LR
2014-11-14,VAW,0.0249272701856553,0.0119470062365183,1,0.3021627395491666,LR
2014-11-21,VAW,-0.0286373200701776,0.0025155204646892,0,0.39313570227789973,LR
2014-11-28,VAW,0.0161835658646511,0.0038609000232363,1,0.5299860659607006,LR
2014-12-05,VAW,-0.0567484075600117,-0.034182415042713,0,0.41793861969823143,LR
2014-12-12,VAW,0.0242718742719902,0.0336990344890332,1,0.4580002925244101,LR
2014-12-19,VAW,0.0088142938244233,0.0092966982561557,0,0.2959854126523474,LR
2014-12-26,VAW,-0.0073699035399966,-0.0144404242545953,0,0.31419210291980637,LR
2014-01-03,VCR,-0.0037136898085495,0.0068349072094307,0,0.2916172323402927,LR
2014-01-10,VCR,-0.017342663033581,-0.0027152192503492,0,0.2248571691486497,LR
2014-01-17,VCR,-0.0310729221842809,-0.0258659909313964,0,0.3162478368469926,LR
2014-01-24,VCR,-0.0087582863679369,-0.003968476228939,0,0.36933885295989055,LR
2014-01-31,VCR,0.0172922200563876,0.0084178041663468,1,0.3051040520583524,LR
2014-02-07,VCR,0.0156912295524622,0.0241544815152562,1,0.3174112770530104,LR
2014-02-14,VCR,0.001135349743738,-0.0007064970814393,0,0.27748128971365577,LR
2014-02-21,VCR,0.0244408446546722,0.0130513226458693,1,0.3836232912272707,LR
2014-02-28,VCR,0.0184100015932702,0.0105750839452448,1,0.386127022450451,LR
2014-03-07,VCR,-0.0220863208513782,-0.0191225976328223,0,0.2686825622428438,LR
2014-03-14,VCR,-0.004082412751806,0.0127900604637172,0,0.33038100796425873,LR
2014-03-21,VCR,-0.0219800740428562,-0.003813143962121,0,0.30455456818143245,LR
2014-03-28,VCR,0.0022809148544498,0.0049056530150184,0,0.42999701524678197,LR
2014-04-04,VCR,-0.0322427246377399,-0.0262338331494612,0,0.2948359484540189,LR
2014-04-11,VCR,0.0159647885129563,0.0268854227746185,1,0.34338358375361844,LR
2014-04-18,VCR,-0.0052043263724914,-0.0005364047501798,0,0.24088149009573878,LR
2014-04-25,VCR,0.0125604159590124,0.009501331817066,1,0.30605281632903514,LR
2014-05-02,VCR,-0.0047961630695443,-0.00053154162626,0,0.27678035090913683,LR
2014-05-09,VCR,-0.0033660905194835,0.0004786518577886,0,0.2876542714278985,LR
2014-05-16,VCR,0.0244186467730689,0.012231092799377,1,0.36013968643783695,LR
2014-05-23,VCR,0.0057617889347909,0.0122403227598663,0,0.3766985707460075,LR
2014-05-30,VCR,0.0180315374569368,0.014013053118983,1,0.3318489369889859,LR
2014-06-06,VCR,-0.0156782896196399,-0.0063979775231511,0,0.36993783138673175,LR
2014-06-13,VCR,0.0128662197031974,0.0141602934946411,1,0.30506201811929345,LR
2014-06-20,VCR,0.0120538068627766,-0.0006124021823233,1,0.30540703253149937,LR
2014-06-27,VCR,0.0199046584586171,0.0121537688290879,1,0.32251050643298595,LR
2014-07-04,VCR,-0.0128828856322142,-0.0080220414061621,0,0.34446295685333095,LR
2014-07-11,VCR,-0.0042684698764676,0.005594778358732,0,0.3337508563818128,LR
2014-07-18,VCR,-0.0051281829143199,5.059237440759902e-05,0,0.2980789715453388,LR
2014-07-25,VCR,-0.0183924962230146,-0.0264008989885623,0,0.3086687394801375,LR
2014-08-01,VCR,0.0077541276527988,0.0038439987203473,0,0.3735834323601646,LR
2014-08-08,VCR,0.0068353764009567,0.0128336664428766,0,0.2596543261644799,LR
2014-08-15,VCR,0.015034182468145,0.017729764096415,1,0.31727387131793866,LR
2014-08-22,VCR,-0.0014295571419982,0.0076306534388765,0,0.33797111433177957,LR
2014-08-29,VCR,0.0061728614147564,0.001992982210809,0,0.3694630974974985,LR
2014-09-05,VCR,-0.0076676228804556,-0.0098455237673516,0,0.3885954664648881,LR
2014-09-12,VCR,0.0034160813566168,0.0125956696604455,0,0.4218843341358546,LR
2014-09-19,VCR,-0.0137565074852029,-0.0139510734638442,0,0.3684853655061042,LR
2014-09-26,VCR,0.0009179082727566,-0.0069727208919945,0,0.3852990871315786,LR
2014-10-03,VCR,-0.0402451427072884,-0.0304300258649738,0,0.42714196114744835,LR
2014-10-10,VCR,-0.0030545980173627,-0.0108641092408195,0,0.36040861778797434,LR
2014-10-17,VCR,0.040030702143071,0.042235230033293,1,0.31916953976462314,LR
2014-10-24,VCR,0.0277110654055308,0.026625009042472,1,0.2082257895755871,LR
2014-10-31,VCR,0.0004493848590487,0.0083314780968026,0,0.26525701338076496,LR
2014-11-07,VCR,0.0190475746546177,0.0044257346848378,1,0.2824844481377796,LR
2014-11-14,VCR,0.0115622023239958,0.0119470062365183,1,0.2577836826682294,LR
2014-11-21,VCR,0.0219168252695518,0.0025155204646892,1,0.3190996976000399,LR
2014-11-28,VCR,-0.004613815031641,0.0038609000232362,0,0.45279863530328557,LR
2014-12-05,VCR,-0.0178909495341089,-0.0341824150427128,0,0.3603208722499514,LR
2014-12-12,VCR,-0.0010451626142251,0.0336990344890333,0,0.3704060885739709,LR
2014-12-19,VCR,0.0162665515089985,0.0092966982561556,1,0.21212773253925676,LR
2014-12-26,VCR,-0.0058323415141944,-0.0144404242545953,0,0.2800594433194966,LR
2014-01-03,VDC,-0.0022016832259497,0.0068349072094306,0,0.283881187019007,LR
2014-01-10,VDC,-0.009943852545672,-0.0027152192503491,0,0.25688927945231554,LR
2014-01-17,VDC,-0.019444430315936,-0.0258659909313963,0,0.33595834747078346,LR
2014-01-24,VDC,-0.0156780891176424,-0.003968476228939,0,0.36622999160802205,LR
2014-01-31,VDC,0.0054802392377379,0.0084178041663468,0,0.31674547663677854,LR
2014-02-07,VDC,0.0205094103627307,0.0241544815152561,1,0.31392450063740673,LR
2014-02-14,VDC,-0.0039277861006885,-0.0007064970814394,0,0.2618928876660201,LR
2014-02-21,VDC,0.0151884029773665,0.0130513226458691,1,0.3566807960867188,LR
2014-02-28,VDC,0.0151571251584641,0.0105750839452449,1,0.35954402145564324,LR
2014-03-07,VDC,-0.0006421990350845,-0.0191225976328222,0,0.27110691891684163,LR
2014-03-14,VDC,-0.0003655388414126,0.012790060463717,0,0.33153669263398894,LR
2014-03-21,VDC,0.0029181076430584,-0.0038131439621209,0,0.3160287819494129,LR
2014-03-28,VDC,0.0005441955428004,0.0049056530150183,0,0.32417171599147887,LR
2014-04-04,VDC,-0.0019980130731417,-0.0262338331494612,0,0.2931610989736528,LR
2014-04-11,VDC,0.0169507138483953,0.0268854227746185,1,0.33425389276848116,LR
2014-04-18,VDC,0.0024956008583543,-0.0005364047501798,0,0.22382621821933577,LR
2014-04-25,VDC,0.0062035147142385,0.0095013318170659,0,0.2965496444393026,LR
2014-05-02,VDC,0.0083811609212645,-0.0005315416262601,0,0.24751791707030985,LR
2014-05-09,VDC,-0.008888151389629,0.0004786518577886,0,0.24731468730975423,LR
2014-05-16,VDC,0.0014959360248008,0.0122310927993769,0,0.31705955674995284,LR
2014-05-23,VDC,0.0150572839075751,0.0122403227598664,1,0.35207257423472604,LR
2014-05-30,VDC,0.0037918169418711,0.0140130531189829,0,0.28991181100558877,LR
2014-06-06,VDC,-0.0108163321310164,-0.0063979775231511,0,0.3262889906245453,LR
2014-06-13,VDC,0.0192841690266072,0.0141602934946411,1,0.30863850955578837,LR
2014-06-20,VDC,-0.0121005384525715,-0.0006124021823232,0,0.3330683113593492,LR
2014-06-27,VDC,0.0114952624557944,0.0121537688290879,1,0.30059283509016427,LR
2014-07-04,VDC,0.0036779801754518,-0.0080220414061621,0,0.2926676669957319,LR
2014-07-11,VDC,-0.0056924229933493,0.0055947783587322,0,0.30773250476508635,LR
2014-07-18,VDC,-0.00386137441309,5.059237440759902e-05,0,0.2988007741403828,LR
2014-07-25,VDC,-0.0292039915245893,-0.0264008989885624,0,0.31597653382208846,LR
2014-08-01,VDC,0.0075307739296286,0.0038439987203472,0,0.28184198483624057,LR
2014-08-08,VDC,0.0120164467285113,0.0128336664428767,1,0.31420513234830516,LR
2014-08-15,VDC,0.0044904717561535,0.0177297640964148,0,0.40627764083619716,LR
2014-08-22,VDC,0.0036843484581348,0.0076306534388764,0,0.2759953225704181,LR
2014-08-29,VDC,0.008200914953822,0.0019929822108092,0,0.31854756281023594,LR
2014-09-05,VDC,-0.0084788873944343,-0.0098455237673515,0,0.3589595838542127,LR
2014-09-12,VDC,0.0109252196934748,0.0125956696604457,1,0.4190649525017147,LR
2014-09-19,VDC,-0.00625744528832,-0.0139510734638441,0,0.32129086039495725,LR
2014-09-26,VDC,0.0120740167567061,-0.0069727208919946,1,0.37279879306871067,LR
2014-10-03,VDC,0.0006753489082642,-0.0304300258649738,0,0.3944791799388032,LR
2014-10-10,VDC,-0.018746843903307,-0.0108641092408195,0,0.3075171382103293,LR
2014-10-17,VDC,0.0307187641499957,0.042235230033293,1,0.3678605610730185,LR
2014-10-24,VDC,0.0244722558497583,0.0266250090424719,1,0.19000395237774714,LR
2014-10-31,VDC,0.0198850111670014,0.0083314780968027,1,0.21835426227871818,LR
2014-11-07,VDC,0.0012079362659869,0.0044257346848376,0,0.27292185902272753,LR
2014-11-14,VDC,0.0155394553349308,0.0119470062365183,1,0.26185035742552387,LR
2014-11-21,VDC,0.0132109652762069,0.0025155204646892,1,0.33373245495053505,LR
2014-11-28,VDC,-0.0034461344012733,0.0038609000232363,0,0.4187226255019244,LR
2014-12-05,VDC,-0.0168503888948695,-0.0341824150427128,0,0.35639170949652005,LR
2014-12-12,VDC,0.0007188779945328,0.0336990344890332,0,0.35708998039325135,LR
2014-12-19,VDC,0.0152227306458307,0.0092966982561558,1,0.22291283603713807,LR
2014-12-26,VDC,-0.0221523929868064,-0.0144404242545953,0,0.27429224041092753,LR
2014-01-03,VDE,-0.0047267772739394,0.0068349072094307,0,0.2856209008302808,LR
2014-01-10,VDE,-0.0066193066919976,-0.0027152192503491,0,0.2500421504281521,LR
2014-01-17,VDE,-0.0286636694880951,-0.0258659909313963,0,0.3101090423778306,LR
2014-01-24,VDE,-0.0162466768434088,-0.003968476228939,0,0.36770373294589015,LR
2014-01-31,VDE,0.006743114091988,0.0084178041663468,0,0.3061831978491605,LR
2014-02-07,VDE,0.0266945810996337,0.0241544815152564,1,0.3013509204165287,LR
2014-02-14,VDE,0.0026817894634374,-0.0007064970814393,0,0.2595081601258382,LR
2014-02-21,VDE,0.012526289627581,0.0130513226458693,1,0.36750204857807817,LR
2014-02-28,VDE,0.0094771527180979,0.0105750839452449,0,0.3901660015326625,LR
2014-03-07,VDE,-0.0171028680418187,-0.0191225976328222,0,0.26267748773147376,LR
2014-03-14,VDE,0.0106297285519429,0.0127900604637173,1,0.33744524983497065,LR
2014-03-21,VDE,0.01921395972673,-0.0038131439621209,1,0.31385587963777356,LR
2014-03-28,VDE,0.0050391027893925,0.0049056530150185,0,0.35258535630207544,LR
2014-04-04,VDE,-0.0147524804518495,-0.0262338331494612,0,0.35681668622451834,LR
2014-04-11,VDE,0.0416276612777177,0.0268854227746186,1,0.3579296769619716,LR
2014-04-18,VDE,0.0012705393502834,-0.0005364047501799,0,0.22200194222600436,LR
2014-04-25,VDE,0.0025278538133131,0.009501331817066,0,0.2898274320390866,LR
2014-05-02,VDE,0.0019366443712174,-0.0005315416262601,0,0.2415407144906153,LR
2014-05-09,VDE,-0.0103503914929822,0.0004786518577885,0,0.26926334272397495,LR
2014-05-16,VDE,0.009789250387798,0.0122310927993768,0,0.36617229282294156,LR
2014-05-23,VDE,0.0087103614464345,0.0122403227598663,0,0.3789031718954836,LR
2014-05-30,VDE,0.0132875231744875,0.0140130531189831,1,0.33269811274459216,LR
2014-06-06,VDE,0.0168467364975091,-0.0063979775231511,1,0.3647994180666577,LR
2014-06-13,VDE,0.0255793881281838,0.0141602934946411,1,0.2968848931700414,LR
2014-06-20,VDE,-0.0113449472468083,-0.0006124021823233,0,0.2692205571789436,LR
2014-06-27,VDE,0.006054352083876,0.0121537688290879,0,0.30538469630314113,LR
2014-07-04,VDE,-0.020712146581618,-0.0080220414061621,0,0.29323318075564225,LR
2014-07-11,VDE,0.0020401586871192,0.0055947783587322,0,0.3027283499158988,LR
2014-07-18,VDE,0.0099880297336565,5.0592374407600754e-05,0,0.3085660639513093,LR
2014-07-25,VDE,-0.0422181819844016,-0.0264008989885623,0,0.32586546483707485,LR
2014-08-01,VDE,0.0076341653556244,0.0038439987203474,0,0.35508395178466806,LR
2014-08-08,VDE,-0.0063867911780879,0.0128336664428767,0,0.30785602475401214,LR
2014-08-15,VDE,0.0027317728781453,0.0177297640964148,0,0.29684754330339336,LR
2014-08-22,VDE,0.0154174754405389,0.0076306534388765,1,0.3108547995119242,LR
2014-08-29,VDE,-0.0152762979396392,0.0019929822108092,0,0.37237034055083224,LR
2014-09-05,VDE,-0.031938540800696,-0.0098455237673516,0,0.3828508951782892,LR
2014-09-12,VDE,0.0087583164253683,0.0125956696604456,0,0.42554520324888767,LR
2014-09-19,VDE,-0.0174182634487429,-0.013951073463844,0,0.28462658218989373,LR
2014-09-26,VDE,-0.0327782684359314,-0.0069727208919947,0,0.3549218328335996,LR
2014-10-03,VDE,-0.0579597371559844,-0.0304300258649738,0,0.40138456046290844,LR
2014-10-10,VDE,-0.0078202565380802,-0.0108641092408195,0,0.35053611012095937,LR
2014-10-17,VDE,0.0363804566726724,0.042235230033293,1,0.3483020547775628,LR
2014-10-24,VDE,0.0339191621300822,0.0266250090424719,1,0.23458051604437563,LR
2014-10-31,VDE,0.0023809766012523,0.0083314780968026,0,0.27958862098967896,LR
2014-11-07,VDE,-0.024925288263396,0.0044257346848378,0,0.28955311024777974,LR
2014-11-14,VDE,0.03356629732353,0.0119470062365182,1,0.29653652243809725,LR
2014-11-21,VDE,-0.100330801357381,0.0025155204646891,0,0.33684197364538404,LR
2014-11-28,VDE,0.0117118867528016,0.0038609000232363,1,0.6208460665645043,LR
2014-12-05,VDE,-0.0700501991178565,-0.034182415042713,0,0.36793866329987956,LR
2014-12-12,VDE,0.0676260577694141,0.0336990344890332,1,0.406656647672528,LR
2014-12-19,VDE,-0.001679883417993,0.0092966982561557,0,0.23581606560526763,LR
2014-12-26,VDE,-0.0121521423308057,-0.0144404242545953,0,0.3409514327517572,LR
2014-01-03,VFH,0.0033587444333051,0.0068349072094307,0,0.3123393961751087,LR
2014-01-10,VFH,-0.0031263821675932,-0.0027152192503491,0,0.25666154683477316,LR
2014-01-17,VFH,-0.035443605237513,-0.0258659909313964,0,0.32251342576459413,LR
2014-01-24,VFH,-0.0055440441993779,-0.003968476228939,0,0.37350221126277733,LR
2014-01-31,VFH,0.0086086304286989,0.0084178041663468,0,0.3379089466165572,LR
2014-02-07,VFH,0.0149425638133082,0.0241544815152563,1,0.3146833599321295,LR
2014-02-14,VFH,-0.0045331089705651,-0.0007064970814393,0,0.2084895594749157,LR
2014-02-21,VFH,0.0115908709439365,0.0130513226458691,1,0.3618200153454214,LR
2014-02-28,VFH,0.0323969262562142,0.010575083945245,1,0.37268840590023644,LR
2014-03-07,VFH,-0.0193236945635455,-0.0191225976328223,0,0.2699217322849705,LR
2014-03-14,VFH,0.0189098656216688,0.0127900604637171,1,0.3472791153948449,LR
2014-03-21,VFH,-0.0193688656119949,-0.0038131439621209,0,0.3086116049860277,LR
2014-03-28,VFH,-0.0028640905455681,0.0049056530150182,0,0.32591781570818595,LR
2014-04-04,VFH,-0.0347883815126571,-0.0262338331494612,0,0.31765290712110644,LR
2014-04-11,VFH,0.0138605006502148,0.0268854227746186,1,0.3580087283601956,LR
2014-04-18,VFH,-0.0017925572292186,-0.00053640475018,0,0.25151205445945146,LR
2014-04-25,VFH,0.0071877738439782,0.0095013318170659,0,0.3088292265556041,LR
2014-05-02,VFH,0.0029173529939765,-0.0005315416262601,0,0.27852432322124365,LR
2014-05-09,VFH,-0.0118145067339695,0.0004786518577886,0,0.28681955445889457,LR
2014-05-16,VFH,0.0163043755251579,0.012231092799377,1,0.3528955761900853,LR
2014-05-23,VFH,0.0075471733262137,0.0122403227598663,0,0.3735297915201079,LR
2014-05-30,VFH,0.0233120195763514,0.014013053118983,1,0.3389933410593766,LR
2014-06-06,VFH,-0.0103136985989225,-0.0063979775231511,0,0.3808875813369145,LR
2014-06-13,VFH,0.017635562114284,0.0141602934946411,1,0.31119765631219387,LR
2014-06-20,VFH,-0.0094077105495504,-0.0006124021823232,0,0.28645703419626367,LR
2014-06-27,VFH,0.0116530192867767,0.0121537688290879,1,0.29898395754329216,LR
2014-07-04,VFH,-0.0134558110256647,-0.0080220414061622,0,0.32995442814267606,LR
2014-07-11,VFH,0.0008602347425235,0.0055947783587322,0,0.30429445701486574,LR
2014-07-18,VFH,0.0023696814883795,5.0592374407599995e-05,0,0.3075716100518161,LR
2014-07-25,VFH,-0.0302835009841935,-0.0264008989885623,0,0.322160316048981,LR
2014-08-01,VFH,0.0037518906156008,0.0038439987203474,0,0.3389954688080567,LR
2014-08-08,VFH,0.0063554042086735,0.0128336664428766,0,0.3157284304746306,LR
2014-08-15,VFH,0.0160312322554803,0.0177297640964149,1,0.34404755325187036,LR
2014-08-22,VFH,0.0040296632144263,0.0076306534388766,0,0.3216793805523323,LR
2014-08-29,VFH,0.0016859434156195,0.0019929822108092,0,0.34331976890795507,LR
2014-09-05,VFH,-0.0063171834313461,-0.0098455237673515,0,0.3845822863751675,LR
2014-09-12,VFH,0.0118769361711768,0.0125956696604456,1,0.4210679378152496,LR
2014-09-19,VFH,-0.020741627346832,-0.0139510734638442,0,0.3378597278564952,LR
2014-09-26,VFH,0.0069084563241044,-0.0069727208919946,0,0.36204190105801215,LR
2014-10-03,VFH,-0.0309366502236688,-0.0304300258649737,0,0.39060265990055887,LR
2014-10-10,VFH,-0.0066006431688593,-0.0108641092408195,0,0.3633148222448352,LR
2014-10-17,VFH,0.0359600212945634,0.042235230033293,1,0.3657738402782426,LR
2014-10-24,VFH,0.0356605773280123,0.026625009042472,1,0.17151774058861013,LR
2014-10-31,VFH,0.0101533712289452,0.0083314780968026,1,0.2455595941600088,LR
2014-11-07,VFH,-0.0034879355311487,0.0044257346848378,0,0.2772178227579785,LR
2014-11-14,VFH,0.006394417826282,0.0119470062365183,0,0.2783786383465877,LR
2014-11-21,VFH,0.0059341297701183,0.0025155204646891,0,0.3370300102751659,LR
2014-11-28,VFH,0.0173327581209723,0.0038609000232363,1,0.4429539313973451,LR
2014-12-05,VFH,-0.0240964012313965,-0.0341824150427128,0,0.3760498139519198,LR
2014-12-12,VFH,0.0212809686568011,0.0336990344890333,1,0.3615461760969227,LR
2014-12-19,VFH,0.0088549497598444,0.0092966982561557,0,0.23394131951881564,LR
2014-12-26,VFH,-0.0061962335830004,-0.0144404242545953,0,0.30411481830330656,LR
2014-01-03,VGT,0.0048653577567199,0.0068349072094306,0,0.28569564910295586,LR
2014-01-10,VGT,0.0153446987757761,-0.0027152192503491,1,0.22383328147913026,LR
2014-01-17,VGT,-0.0255220984804686,-0.0258659909313963,0,0.29088438277569,LR
2014-01-24,VGT,-0.0086167180627219,-0.003968476228939,0,0.3558235881516464,LR
2014-01-31,VGT,0.0090347769152538,0.008417804166347,0,0.31678307516420023,LR
2014-02-07,VGT,0.0292384620751902,0.0241544815152562,1,0.31888782808167127,LR
2014-02-14,VGT,-0.0013191463666235,-0.0007064970814392,0,0.2602627776912317,LR
2014-02-21,VGT,0.008136399318245,0.0130513226458692,0,0.3406240425629682,LR
2014-02-28,VGT,0.0169547603708273,0.0105750839452448,1,0.318928650667674,LR
2014-03-07,VGT,-0.0233917708293054,-0.0191225976328223,0,0.25262171992609517,LR
2014-03-14,VGT,0.0152132870394239,0.0127900604637173,1,0.3256039914062394,LR
2014-03-21,VGT,-0.0181049241936427,-0.0038131439621209,0,0.31216446698580813,LR
2014-03-28,VGT,-0.0134912334347072,0.0049056530150185,0,0.3448177786334781,LR
2014-04-04,VGT,-0.0193296464461854,-0.0262338331494612,0,0.3120436741256648,LR
2014-04-11,VGT,0.0174366046291729,0.0268854227746186,1,0.33888984889019025,LR
2014-04-18,VGT,-0.008446344830814,-0.0005364047501798,0,0.24021073280524166,LR
2014-04-25,VGT,0.0109424227741008,0.009501331817066,1,0.30062225514079255,LR
2014-05-02,VGT,-0.003885418150607,-0.0005315416262601,0,0.27484232340311293,LR
2014-05-09,VGT,0.0043261162844958,0.0004786518577886,0,0.2943658574155072,LR
2014-05-16,VGT,0.0264762059147205,0.0122310927993768,1,0.3588838170690658,LR
2014-05-23,VGT,0.0080558540525483,0.0122403227598664,0,0.3552756734476405,LR
2014-05-30,VGT,0.0125518591464961,0.014013053118983,1,0.33762861871549427,LR
2014-06-06,VGT,0.0008397379434621,-0.006397977523151,0,0.3487977278068935,LR
2014-06-13,VGT,0.0070378762585898,0.0141602934946412,0,0.31676237010805175,LR
2014-06-20,VGT,0.0060472753572555,-0.0006124021823231,0,0.285726983832364,LR
2014-06-27,VGT,0.0178201541703708,0.0121537688290881,1,0.3222197990605013,LR
2014-07-04,VGT,-0.0089659181776016,-0.0080220414061621,0,0.2943381022750425,LR
2014-07-11,VGT,0.00674574495925,0.0055947783587323,0,0.30641755439817653,LR
2014-07-18,VGT,0.0077251693174251,5.059237440759989e-05,0,0.30080332264450504,LR
2014-07-25,VGT,-0.0238814507074142,-0.0264008989885622,0,0.3014162019432411,LR
2014-08-01,VGT,-0.0019560878964716,0.0038439987203472,0,0.3463458028814998,LR
2014-08-08,VGT,0.0143914632344428,0.0128336664428768,1,0.30147209865328406,LR
2014-08-15,VGT,0.018451319070617,0.0177297640964149,1,0.33069553619251646,LR
2014-08-22,VGT,-0.0003942142016962,0.0076306534388765,0,0.315045616891524,LR
2014-08-29,VGT,-0.0020659034069882,0.001992982210809,0,0.33714997654383305,LR
2014-09-05,VGT,0.0002958167657385,-0.0098455237673515,0,0.36854099617162106,LR
2014-09-12,VGT,9.839779715026252e-05,0.0125956696604456,0,0.4139531413865715,LR
2014-09-19,VGT,-0.0142814632687443,-0.0139510734638442,0,0.32001092565161704,LR
2014-09-26,VGT,0.0025227043778943,-0.0069727208919946,0,0.38621606735944,LR
2014-10-03,VGT,-0.051192152133582,-0.0304300258649737,0,0.39372911383791803,LR
2014-10-10,VGT,-0.0043363685761589,-0.0108641092408195,0,0.36916799812453577,LR
2014-10-17,VGT,0.0521590958759514,0.0422352300332931,1,0.3531019328106883,LR
2014-10-24,VGT,0.0385947152068135,0.026625009042472,1,0.21719994651487654,LR
2014-10-31,VGT,0.004790749605178,0.0083314780968026,0,0.26928015610214945,LR
2014-11-07,VGT,0.0166212979211159,0.0044257346848377,1,0.281173657465501,LR
2014-11-14,VGT,0.0051694516586264,0.0119470062365182,0,0.26921846336326966,LR
2014-11-21,VGT,0.0175805228081769,0.0025155204646892,1,0.33345176527036885,LR
2014-11-28,VGT,-0.0004680618824371,0.0038609000232363,0,0.4616824858421142,LR
2014-12-05,VGT,-0.0312704880125939,-0.0341824150427129,0,0.38517706271072816,LR
2014-12-12,VGT,0.0126192584413544,0.0336990344890333,1,0.3897765187959457,LR
2014-12-19,VGT,0.0120242057379373,0.0092966982561556,1,0.2224695079282094,LR
2014-12-26,VGT,-0.0248831021902785,-0.0144404242545953,0,0.29915982266426505,LR
2014-01-03,VHT,0.0280355010101982,0.0068349072094307,1,0.30520198313243124,LR
2014-01-10,VHT,0.0060367693535205,-0.0027152192503491,0,0.2261024701097442,LR
2014-01-17,VHT,-0.030635452228817,-0.0258659909313963,0,0.28803400753901326,LR
2014-01-24,VHT,0.0043885015040412,-0.003968476228939,0,0.3598897054102572,LR
2014-01-31,VHT,0.0029111636436596,0.0084178041663468,0,0.31361618436383065,LR
2014-02-07,VHT,0.0309576527041417,0.0241544815152563,1,0.3171951243189904,LR
2014-02-14,VHT,0.0082736766028945,-0.0007064970814393,0,0.2438746974162541,LR
2014-02-21,VHT,0.0016524401420314,0.0130513226458691,0,0.33600882943717053,LR
2014-02-28,VHT,0.0107407746491607,0.0105750839452448,1,0.3171926181834632,LR
2014-03-07,VHT,-0.0183116643256445,-0.0191225976328222,0,0.25964401606654053,LR
2014-03-14,VHT,-0.0066815256721405,0.0127900604637173,0,0.32417814217721597,LR
2014-03-21,VHT,-0.0192791249126622,-0.0038131439621209,0,0.3282694984654977,LR
2014-03-28,VHT,-0.0040524013071566,0.0049056530150184,0,0.3423057354537049,LR
2014-04-04,VHT,-0.0365365974656616,-0.0262338331494612,0,0.31524224786085153,LR
2014-04-11,VHT,0.0142366676422203,0.0268854227746186,1,0.3538679618655714,LR
2014-04-18,VHT,0.0059914485608292,-0.0005364047501798,0,0.2287948729090678,LR
2014-04-25,VHT,0.0022920243135131,0.0095013318170659,0,0.2988623061521454,LR
2014-05-02,VHT,0.0043144480831787,-0.0005315416262602,0,0.2865444561181291,LR
2014-05-09,VHT,0.0029481460208771,0.0004786518577885,0,0.3106839872704389,LR
2014-05-16,VHT,0.0162192836908179,0.012231092799377,1,0.36893763901262827,LR
2014-05-23,VHT,0.0076151531621495,0.0122403227598664,0,0.39815707025056185,LR
2014-05-30,VHT,0.0084606015855586,0.014013053118983,0,0.3404199312990545,LR
2014-06-06,VHT,-0.0072008105197326,-0.0063979775231511,0,0.36681010834034505,LR
2014-06-13,VHT,0.0198499650110046,0.0141602934946412,1,0.3066072650563943,LR
2014-06-20,VHT,0.0039472722399551,-0.0006124021823232,0,0.29507467743681265,LR
2014-06-27,VHT,0.0199249767103046,0.012153768829088,1,0.31217720108003155,LR
2014-07-04,VHT,-0.0139461796113753,-0.0080220414061622,0,0.31125106348805937,LR
2014-07-11,VHT,-0.0083273815988975,0.0055947783587323,0,0.3161014044951893,LR
2014-07-18,VHT,0.0103812751412759,5.0592374407600754e-05,1,0.2935456425554971,LR
2014-07-25,VHT,-0.0146981018790979,-0.0264008989885623,0,0.31256574311350555,LR
2014-08-01,VHT,-0.0058290871977997,0.0038439987203472,0,0.362926587749985,LR
2014-08-08,VHT,0.017669757453133,0.0128336664428768,1,0.3263637737498811,LR
2014-08-15,VHT,0.0094587653544238,0.0177297640964148,0,0.3224818229754662,LR
2014-08-22,VHT,0.0106960912663276,0.0076306534388765,1,0.3072776907698679,LR
2014-08-29,VHT,-0.0012762828846837,0.001992982210809,0,0.3514625134453042,LR
2014-09-05,VHT,-0.0019616490996468,-0.0098455237673515,0,0.36221717945149395,LR
2014-09-12,VHT,0.0183933744298514,0.0125956696604457,1,0.4094067660548253,LR
2014-09-19,VHT,-0.0076554525202578,-0.0139510734638441,0,0.31674844099108435,LR
2014-09-26,VHT,0.0070940327440569,-0.0069727208919945,0,0.3743256990549179,LR
2014-10-03,VHT,-0.033633229544572,-0.0304300258649736,0,0.39118603997024387,LR
2014-10-10,VHT,-0.0199390591724154,-0.0108641092408195,0,0.3197343870688807,LR
2014-10-17,VHT,0.0647424601626687,0.0422352300332931,1,0.30883689001777603,LR
2014-10-24,VHT,0.0310833613077798,0.026625009042472,1,0.17762617609770612,LR
2014-10-31,VHT,-0.008071676526972,0.0083314780968027,0,0.23285984623710343,LR
2014-11-07,VHT,0.0010558343678426,0.0044257346848376,0,0.27912889777401373,LR
2014-11-14,VHT,0.0185290428504731,0.0119470062365182,1,0.27145458172020004,LR
2014-11-21,VHT,0.0163047432405101,0.0025155204646891,1,0.340002956017411,LR
2014-11-28,VHT,0.019322965682526,0.0038609000232363,1,0.4608075400289279,LR
2014-12-05,VHT,-0.0251290727988816,-0.0341824150427129,0,0.3869919673668025,LR
2014-12-12,VHT,0.0150109719017741,0.0336990344890332,1,0.38780485288424493,LR
2014-12-19,VHT,-0.011761057274,0.0092966982561558,0,0.23573534038366764,LR
2014-12-26,VHT,-0.008350442473621,-0.0144404242545953,0,0.3135133060480548,LR
2014-01-03,VIS,0.0023103537969706,0.0068349072094306,0,0.2842581255859147,LR
2014-01-10,VIS,-0.0006017205811317,-0.002715219250349,0,0.2358312183305647,LR
2014-01-17,VIS,-0.0442450909768248,-0.0258659909313964,0,0.31895236344721706,LR
2014-01-24,VIS,-0.001560323528242,-0.003968476228939,0,0.39158518542067056,LR
2014-01-31,VIS,0.0053202809616443,0.0084178041663468,0,0.3311905626055387,LR
2014-02-07,VIS,0.0180105356875766,0.0241544815152562,1,0.3252456275853463,LR
2014-02-14,VIS,-0.0011152855461297,-0.0007064970814394,0,0.25826607957257686,LR
2014-02-21,VIS,0.0133901366433979,0.0130513226458693,1,0.3679687847847672,LR
2014-02-28,VIS,0.0294236196948227,0.0105750839452448,1,0.3719737665482192,LR
2014-03-07,VIS,-0.0292322959183866,-0.0191225976328223,0,0.27885205057757534,LR
2014-03-14,VIS,0.0051375254707042,0.0127900604637171,0,0.33928494847285756,LR
2014-03-21,VIS,-0.0067986435512734,-0.003813143962121,0,0.323749550476509,LR
2014-03-28,VIS,0.0097243230145676,0.0049056530150185,0,0.3397218389212714,LR
2014-04-04,VIS,-0.0282727369255568,-0.0262338331494613,0,0.31945441517641293,LR
2014-04-11,VIS,0.0283824333623246,0.0268854227746186,1,0.35184360795864583,LR
2014-04-18,VIS,-0.005636306835803,-0.0005364047501799,0,0.24779550817169677,LR
2014-04-25,VIS,0.0032669457942895,0.009501331817066,0,0.32205984713621305,LR
2014-05-02,VIS,0.003567188038875,-0.0005315416262601,0,0.2789330219646803,LR
2014-05-09,VIS,-0.0047174777094211,0.0004786518577885,0,0.3000361934049501,LR
2014-05-16,VIS,0.0142687521555004,0.0122310927993769,1,0.3655717046894441,LR
2014-05-23,VIS,0.0044716542450748,0.0122403227598663,0,0.38087846994476793,LR
2014-05-30,VIS,0.0216300265157562,0.014013053118983,1,0.3365910529208051,LR
2014-06-06,VIS,-0.0152245920600621,-0.0063979775231511,0,0.3809476022777204,LR
2014-06-13,VIS,0.0168333976088057,0.0141602934946412,1,0.27770114204129753,LR
2014-06-20,VIS,-0.0124787266974573,-0.0006124021823233,0,0.2837184951464715,LR
2014-06-27,VIS,0.0095712094933966,0.0121537688290879,0,0.3280423388747078,LR
2014-07-04,VIS,-0.0146179491014005,-0.0080220414061622,0,0.3330724321593806,LR
2014-07-11,VIS,-0.0026804401852469,0.005594778358732,0,0.33668218815106166,LR
2014-07-18,VIS,-0.0067366427963275,5.0592374407600754e-05,0,0.3083129220961202,LR
2014-07-25,VIS,-0.0368145999497975,-0.0264008989885622,0,0.34057809418100116,LR
2014-08-01,VIS,0.0051133160933798,0.0038439987203474,0,0.3028466351954843,LR
2014-08-08,VIS,0.0111288031933081,0.0128336664428767,1,0.31382289126811913,LR
2014-08-15,VIS,0.0166894309950449,0.0177297640964149,1,0.3366890120287581,LR
2014-08-22,VIS,-0.0066890068555192,0.0076306534388766,0,0.3870908615212336,LR
2014-08-29,VIS,0.0045200382394223,0.001992982210809,0,0.34349746477643645,LR
2014-09-05,VIS,-0.0069923692170887,-0.0098455237673515,0,0.39633616084631296,LR
2014-09-12,VIS,0.008102671767354,0.0125956696604456,0,0.4120161322540528,LR
2014-09-19,VIS,-0.0194798848203746,-0.0139510734638441,0,0.3460210710672847,LR
2014-09-26,VIS,-0.0061179705900156,-0.0069727208919946,0,0.3529282436741623,LR
2014-10-03,VIS,-0.0547214641685596,-0.0304300258649738,0,0.4147961599968424,LR
2014-10-10,VIS,0.0195650427147655,-0.0108641092408196,1,0.3526793087630222,LR
2014-10-17,VIS,0.0466591364162705,0.0422352300332931,1,0.31148690015538655,LR
2014-10-24,VIS,0.0338434065687336,0.026625009042472,1,0.19582301919731943,LR
2014-10-31,VIS,0.0151802509578544,0.0083314780968027,1,0.27196246039806216,LR
2014-11-07,VIS,0.0017743258196007,0.0044257346848377,0,0.30415419933958543,LR
2014-11-14,VIS,0.0145658749786559,0.0119470062365184,1,0.29322552715987027,LR
2014-11-21,VIS,-0.0055091918404218,0.0025155204646892,0,0.36820750062715457,LR
2014-11-28,VIS,0.0093640101104686,0.0038609000232364,0,0.4711221561835141,LR
2014-12-05,VIS,-0.0414979952481254,-0.0341824150427129,0,0.4118346575567662,LR
2014-12-12,VIS,0.0158548587439784,0.0336990344890333,1,0.4358218494166828,LR
2014-12-19,VIS,0.0143500163185459,0.0092966982561557,1,0.2673485181162101,LR
2014-12-26,VIS,-0.0116785813639681,-0.0144404242545952,0,0.31181037483990764,LR
2014-01-03,VNQ,0.01504457117157,0.0068349072094307,1,0.3488668482756958,LR
2014-01-10,VNQ,0.0043873059337646,-0.002715219250349,0,0.3156590080409902,LR
2014-01-17,VNQ,-0.0065947606917866,-0.0258659909313963,0,0.4153559388797141,LR
2014-01-24,VNQ,0.0150784077895289,-0.003968476228939,1,0.4078121283765874,LR
2014-01-31,VNQ,0.0102648382754526,0.008417804166347,1,0.36132633526369856,LR
2014-02-07,VNQ,0.0186435201388792,0.0241544815152561,1,0.3714138812263648,LR
2014-02-14,VNQ,0.0014365532717179,-0.0007064970814393,0,0.2521673685332572,LR
2014-02-21,VNQ,0.0107173472995509,0.0130513226458693,1,0.3480540736834554,LR
2014-02-28,VNQ,0.0005690840091951,0.0105750839452448,0,0.34162075604688,LR
2014-03-07,VNQ,0.0014212403816604,-0.0191225976328223,0,0.25751513018397315,LR
2014-03-14,VNQ,-0.0111220741813894,0.0127900604637172,0,0.3065558450732295,LR
2014-03-21,VNQ,-0.0058206082893087,-0.003813143962121,0,0.3102092362426703,LR
2014-03-28,VNQ,0.0090844487916532,0.0049056530150183,0,0.3408021489557656,LR
2014-04-04,VNQ,-0.0090001319667444,-0.0262338331494612,0,0.33294849757411854,LR
2014-04-11,VNQ,0.0132711391742417,0.0268854227746185,1,0.3599250580141879,LR
2014-04-18,VNQ,0.0027827597133589,-0.0005364047501798,0,0.2502346534306185,LR
2014-04-25,VNQ,0.013003215237259,0.009501331817066,1,0.3294948005009596,LR
2014-05-02,VNQ,0.0167123454890838,-0.00053154162626,1,0.28475801191088557,LR
2014-05-09,VNQ,0.0067439978974401,0.0004786518577887,0,0.28259277222814827,LR
2014-05-16,VNQ,-0.0062994399793359,0.0122310927993769,0,0.33660038929731856,LR
2014-05-23,VNQ,0.0047081802630817,0.0122403227598663,0,0.34416152608764017,LR
2014-05-30,VNQ,0.0156166337098266,0.0140130531189831,1,0.2818692208620778,LR
2014-06-06,VNQ,-0.023106138232172,-0.0063979775231511,0,0.33410805895450835,LR
2014-06-13,VNQ,0.0170814297044401,0.0141602934946412,1,0.2783639859215264,LR
2014-06-20,VNQ,-0.0075406763121973,-0.0006124021823231,0,0.29825945871788995,LR
2014-06-27,VNQ,-0.0058612287624211,0.012153768829088,0,0.29502336623811454,LR
2014-07-04,VNQ,0.013823631053099,-0.0080220414061621,1,0.2849471318551373,LR
2014-07-11,VNQ,0.0110934538345062,0.0055947783587323,1,0.28646096339125837,LR
2014-07-18,VNQ,-0.0043216583082367,5.05923744077005e-05,0,0.29009119544922707,LR
2014-07-25,VNQ,-0.0187787298295694,-0.0264008989885623,0,0.31559142538066276,LR
2014-08-01,VNQ,0.0,0.0038439987203472,0,0.33313080573796516,LR
2014-08-08,VNQ,0.0147763654122345,0.0128336664428767,1,0.3033505423079426,LR
2014-08-15,VNQ,0.0044496312209867,0.0177297640964149,0,0.326239904523251,LR
2014-08-22,VNQ,0.0006482957803501,0.0076306534388764,0,0.29341493778243616,LR
2014-08-29,VNQ,0.0112913054215337,0.0019929822108091,1,0.3283866144395214,LR
2014-09-05,VNQ,-0.0513742610922635,-0.0098455237673515,0,0.3508028627827671,LR
2014-09-12,VNQ,-0.0025735126194501,0.0125956696604457,0,0.4228027257108804,LR
2014-09-19,VNQ,-0.0168593533883535,-0.013951073463844,0,0.262798252120715,LR
2014-09-26,VNQ,0.0050083559280387,-0.0069727208919946,0,0.2979278023025117,LR
2014-10-03,VNQ,0.014634786057263,-0.0304300258649738,1,0.38241539925170026,LR
2014-10-10,VNQ,0.0117885512359308,-0.0108641092408196,1,0.343676836633881,LR
2014-10-17,VNQ,0.0300802126765036,0.042235230033293,1,0.3839752815639231,LR
2014-10-24,VNQ,0.025710890437796,0.0266250090424719,1,0.24439430612770213,LR
2014-10-31,VNQ,-0.0012653229870388,0.0083314780968026,0,0.2379342214520174,LR
2014-11-07,VNQ,-0.0038095625620039,0.0044257346848376,0,0.2580949810038093,LR
2014-11-14,VNQ,0.0105935143231539,0.0119470062365182,1,0.26925058382124456,LR
2014-11-21,VNQ,0.0155029419423626,0.0025155204646891,1,0.3196399660729166,LR
2014-11-28,VNQ,0.0011179669303182,0.0038609000232363,0,0.4463461070595959,LR
2014-12-05,VNQ,0.0047234915752325,-0.034182415042713,0,0.3716086648366176,LR
2014-12-12,VNQ,0.0092273623433054,0.0336990344890332,0,0.3285230327070142,LR
2014-12-19,VNQ,0.0104744110676329,0.0092966982561557,1,0.20246993667634972,LR
2014-12-26,VNQ,0.0039072001082087,-0.0144404242545953,0,0.25919254521882423,LR
2014-01-03,VOX,-0.0092670198219189,0.0068349072094307,0,0.289745200044402,LR
2014-01-10,VOX,0.0083767729635089,-0.0027152192503491,0,0.2673839904620024,LR
2014-01-17,VOX,-0.0242793776399703,-0.0258659909313963,0,0.35609170723110306,LR
2014-01-24,VOX,-0.0051382209435005,-0.0039684762289389,0,0.4302789602817159,LR
2014-01-31,VOX,-0.0113580020857445,0.0084178041663469,0,0.30658005503779795,LR
2014-02-07,VOX,0.0180550942811175,0.0241544815152563,1,0.33690315242077445,LR
2014-02-14,VOX,0.0008555328169801,-0.0007064970814394,0,0.28526822957046094,LR
2014-02-21,VOX,-0.0091968114277567,0.0130513226458693,0,0.36028649567443155,LR
2014-02-28,VOX,0.0191804819774203,0.010575083945245,1,0.33956206087346147,LR
2014-03-07,VOX,-0.00392637662361,-0.0191225976328222,0,0.2755152814232703,LR
2014-03-14,VOX,0.029307164932067,0.0127900604637171,1,0.333510197133176,LR
2014-03-21,VOX,0.0023735692282422,-0.0038131439621209,0,0.34952342977939754,LR
2014-03-28,VOX,-0.0005882711971507,0.0049056530150185,0,0.36103047512440917,LR
2014-04-04,VOX,-0.0165543517905982,-0.0262338331494612,0,0.3450356676459249,LR
2014-04-11,VOX,0.0181731741218671,0.0268854227746186,1,0.31003046014462693,LR
2014-04-18,VOX,-0.035233549402763,-0.0005364047501798,0,0.23400108062201833,LR
2014-04-25,VOX,0.0316998798404999,0.0095013318170659,1,0.33208356397113675,LR
2014-05-02,VOX,0.0112412068772826,-0.00053154162626,1,0.2538294592329992,LR
2014-05-09,VOX,0.004263195560306,0.0004786518577886,0,0.30862344548857673,LR
2014-05-16,VOX,0.0004613715909496,0.0122310927993769,0,0.4084371701126414,LR
2014-05-23,VOX,0.0092070785749496,0.0122403227598663,0,0.36860122549121577,LR
2014-05-30,VOX,-0.0251380425042681,0.014013053118983,0,0.32393022625945866,LR
2014-06-06,VOX,-0.0026617677026491,-0.006397977523151,0,0.3969606477149034,LR
2014-06-13,VOX,0.0099387567604742,0.0141602934946411,0,0.29407913541057157,LR
2014-06-20,VOX,0.002284983210625,-0.0006124021823232,0,0.29763711039264157,LR
2014-06-27,VOX,0.0119589451693333,0.012153768829088,1,0.3678258382597117,LR
2014-07-04,VOX,-0.0003379382722914,-0.008022041406162,0,0.35247277653931547,LR
2014-07-11,VOX,-0.0008982057472831,0.0055947783587322,0,0.32747126592657555,LR
2014-07-18,VOX,-0.0043844789547926,5.0592374407699633e-05,0,0.32772398672294256,LR
2014-07-25,VOX,-0.0010165631891059,-0.0264008989885622,0,0.3367774277829678,LR
2014-08-01,VOX,-0.0240542609757732,0.0038439987203473,0,0.38696529241804084,LR
2014-08-08,VOX,0.0003458154875219,0.0128336664428766,0,0.34311303226769835,LR
2014-08-15,VOX,-0.0052626323600829,0.0177297640964148,0,0.29695033249898867,LR
2014-08-22,VOX,0.0138745453179127,0.0076306534388765,1,0.28477833068209285,LR
2014-08-29,VOX,0.0048642567619174,0.001992982210809,0,0.33840798467122607,LR
2014-09-05,VOX,-0.0066463485434491,-0.0098455237673515,0,0.3547597985801922,LR
2014-09-12,VOX,0.0069043646959454,0.0125956696604456,0,0.40489843050800844,LR
2014-09-19,VOX,-0.020910631525191,-0.0139510734638441,0,0.3012195521014369,LR
2014-09-26,VOX,0.0031159450468765,-0.0069727208919944,0,0.3413032595482309,LR
2014-10-03,VOX,-0.0394026442840718,-0.0304300258649737,0,0.40600782792769907,LR
2014-10-10,VOX,0.0120828111075372,-0.0108641092408196,1,0.37954748998530946,LR
2014-10-17,VOX,0.0167001779890838,0.042235230033293,1,0.3745840616948277,LR
2014-10-24,VOX,0.0413648146738268,0.026625009042472,1,0.22741537212464163,LR
2014-10-31,VOX,-0.0077423969944021,0.0083314780968027,0,0.24903004107039922,LR
2014-11-07,VOX,0.0253393419129497,0.0044257346848377,1,0.24469282371522547,LR
2014-11-14,VOX,-0.011612424724909,0.0119470062365183,0,0.2659444770108226,LR
2014-11-21,VOX,0.006830913656274,0.0025155204646892,0,0.31453367339329213,LR
2014-11-28,VOX,-0.0292709771628484,0.0038609000232363,0,0.4472918652075102,LR
2014-12-05,VOX,-0.0475206526529966,-0.034182415042713,0,0.3754745978507383,LR
2014-12-12,VOX,0.0141656694111114,0.0336990344890332,1,0.3947879581098252,LR
2014-12-19,VOX,0.0190532616609653,0.0092966982561557,1,0.21413045735799605,LR
2014-12-26,VOX,-0.0146307721324413,-0.0144404242545952,0,0.31467851110216355,LR
2014-01-03,VPU,0.0207316701005144,0.0068349072094307,1,0.3241396223100308,LR
2014-01-10,VPU,-0.0053699828311316,-0.0027152192503491,0,0.2729173398163907,LR
2014-01-17,VPU,-0.0038240881173183,-0.0258659909313964,0,0.3503070311947019,LR
2014-01-24,VPU,0.0256502383054129,-0.0039684762289389,1,0.40064663343250423,LR
2014-01-31,VPU,-0.0090961956769315,0.0084178041663468,0,0.3492296280031891,LR
2014-02-07,VPU,0.0345638669855477,0.0241544815152563,1,0.3276421506400137,LR
2014-02-14,VPU,0.0053318345157957,-0.0007064970814393,0,0.28113444524567927,LR
2014-02-21,VPU,-0.0049521082675074,0.0130513226458693,0,0.36182669359610736,LR
2014-02-28,VPU,-0.0090692147224396,0.010575083945245,0,0.37116389665642646,LR
2014-03-07,VPU,0.0234393216695307,-0.0191225976328223,1,0.25945704615965903,LR
2014-03-14,VPU,-0.0042363128912616,0.0127900604637171,0,0.28434989875583094,LR
2014-03-21,VPU,0.0103931973930084,-0.0038131439621209,1,0.32869432394010517,LR
2014-03-28,VPU,0.0075757607953677,0.0049056530150184,0,0.31623845439318665,LR
2014-04-04,VPU,0.0004416574545889,-0.0262338331494613,0,0.3069384899143163,LR
2014-04-11,VPU,0.0118642408605669,0.0268854227746185,1,0.2767910752340918,LR
2014-04-18,VPU,0.0150531413706866,-0.0005364047501798,1,0.22456139174355427,LR
2014-04-25,VPU,-0.014485042274923,0.009501331817066,0,0.31616500690994437,LR
2014-05-02,VPU,-0.0038956887359067,-0.0005315416262601,0,0.27943653005462976,LR
2014-05-09,VPU,-0.0041196580899662,0.0004786518577885,0,0.2902329389735411,LR
2014-05-16,VPU,-0.0067538423308379,0.0122310927993769,0,0.3446583105993975,LR
2014-05-23,VPU,0.0132608828337297,0.0122403227598663,1,0.3725434254986605,LR
2014-05-30,VPU,0.0078259366047035,0.0140130531189829,0,0.3266624984412723,LR
2014-06-06,VPU,-0.0107550004988231,-0.0063979775231511,0,0.3624578397476045,LR
2014-06-13,VPU,0.027741955172631,0.0141602934946412,1,0.3247760540593657,LR
2014-06-20,VPU,0.0053452938608207,-0.0006124021823233,0,0.291478854466196,LR
2014-06-27,VPU,-0.0292001571548667,0.012153768829088,0,0.3042127625766063,LR
2014-07-04,VPU,0.007420894677353,-0.0080220414061621,0,0.32278355320716073,LR
2014-07-11,VPU,-0.005644890645886,0.0055947783587322,0,0.2423507516910834,LR
2014-07-18,VPU,-0.0078292121864439,5.0592374407699633e-05,0,0.28269169788258586,LR
2014-07-25,VPU,-0.0242161931218326,-0.0264008989885623,0,0.3295427239411555,LR
2014-08-01,VPU,-0.0003318816185357,0.0038439987203473,0,0.35025633202370793,LR
2014-08-08,VPU,0.0124821042532801,0.0128336664428768,1,0.23310583439677895,LR
2014-08-15,VPU,0.0095704721263647,0.0177297640964148,0,0.2799656274768781,LR
2014-08-22,VPU,0.0165466951818737,0.0076306534388765,1,0.3101876037022796,LR
2014-08-29,VPU,0.0078248690510469,0.001992982210809,0,0.35102644972547137,LR
2014-09-05,VPU,-0.0311778412145715,-0.0098455237673515,0,0.3677269058044628,LR
2014-09-12,VPU,0.0097350087137673,0.0125956696604456,0,0.4354988452003094,LR
2014-09-19,VPU,-0.0188107877164271,-0.013951073463844,0,0.30772629237002325,LR
2014-09-26,VPU,0.0195774424441064,-0.0069727208919946,1,0.36072534115870664,LR
2014-10-03,VPU,0.0050843921277592,-0.0304300258649737,0,0.4064160286788876,LR
2014-10-10,VPU,0.0026878829615961,-0.0108641092408196,0,0.3492201572359196,LR
2014-10-17,VPU,0.0366716501244499,0.042235230033293,1,0.4228725108089318,LR
2014-10-24,VPU,0.0248550288583275,0.0266250090424719,1,0.24818526179702063,LR
2014-10-31,VPU,0.0147310975227676,0.0083314780968027,1,0.23352951773756128,LR
2014-11-07,VPU,-0.0294176009110993,0.0044257346848377,0,0.24664423255757686,LR
2014-11-14,VPU,0.0149299424358715,0.0119470062365184,1,0.2716516928856994,LR
2014-11-21,VPU,0.0036217364670547,0.0025155204646892,0,0.3213464758747448,LR
2014-11-28,VPU,-0.0018043334134055,0.0038609000232362,0,0.4539458850505856,LR
2014-12-05,VPU,-0.0018075949173123,-0.0341824150427129,0,0.42715362860109757,LR
2014-12-12,VPU,0.0183900528828735,0.0336990344890333,1,0.35396481140592634,LR
2014-12-19,VPU,0.0352105702368581,0.0092966982561558,1,0.24244735472800802,LR
2014-12-26,VPU,-0.0199029037688598,-0.0144404242545953,0,0.2883199089741706,LR
2015-01-02,VAW,-0.0057009402836594,-0.0057441724242675,0,0.3304532364984687,LR
2015-01-09,VAW,-0.0128590457556712,-0.0128271487285223,0,0.30144518988651126,LR
2015-01-16,VAW,-0.0016080038496256,0.0165648858318804,0,0.36048028260235904,LR
2015-01-23,VAW,-0.0088226949327967,-0.026930644955312,0,0.36417674936180827,LR
2015-01-30,VAW,0.0433123538327153,0.0305839290651197,1,0.399678008227192,LR
2015-02-06,VAW,0.0334370994323385,0.020579109238855,1,0.3263298987534767,LR
2015-02-13,VAW,0.0132739230625347,0.0069596680915926,1,0.33775245854001124,LR
2015-02-20,VAW,-0.0057405414343222,-0.0027457372774193,0,0.3806214394466342,LR
2015-02-27,VAW,-0.0214672733635733,-0.0150003744371824,0,0.36337414180666217,LR
2015-03-06,VAW,-0.0133815167084776,-0.0080483615679585,0,0.38368824469748997,LR
2015-03-13,VAW,-0.0029277189925848,0.0268147124888578,0,0.43121443950251204,LR
2015-03-20,VAW,-0.0098318448665032,-0.022195080295643,0,0.4002125665130775,LR
2015-03-27,VAW,0.0017523050896568,0.00340229395169,0,0.4133018818078438,LR
2015-04-03,VAW,0.0192094740903561,0.0174388564322124,1,0.37279810399966157,LR
2015-04-10,VAW,-0.0026292013372949,-0.0099508141818013,0,0.32995896965641885,LR
2015-04-17,VAW,0.0064235871918387,0.0177930646208427,0,0.38760137864185923,LR
2015-04-24,VAW,0.0111051211096306,-0.0043940493125136,1,0.30681758152999894,LR
2015-05-01,VAW,0.000794596715393,0.0042706592365999,0,0.3553686050397491,LR
2015-05-08,VAW,0.0018547878661765,0.0038750719895212,0,0.39729411979842094,LR
2015-05-15,VAW,-0.0043237049787974,0.0025887607580435,0,0.3878452510932402,LR
2015-05-22,VAW,-0.0079082937836163,-0.0086856683795026,0,0.41138006939357813,LR
2015-05-29,VAW,-0.0106250217982699,-0.0064885807024519,0,0.38534705153045706,LR
2015-06-05,VAW,0.0042438033472065,0.0011440178056127,0,0.3946233878095538,LR
2015-06-12,VAW,0.0113101704484934,0.0086922711820472,1,0.39678245253754646,LR
2015-06-19,VAW,-0.0181088207576158,-0.0046963172607782,0,0.35330845493171853,LR
2015-06-26,VAW,-0.0131988527236623,-0.0119624876957182,0,0.38801504487436517,LR
2015-07-03,VAW,-0.0096442544874482,0.0008197849437306,0,0.37469542980694887,LR
2015-07-10,VAW,-0.008940377927141,0.0240989244879901,0,0.36023243646137365,LR
2015-07-17,VAW,-0.0596157639184535,-0.0210845999017386,0,0.3305125107212881,LR
2015-07-24,VAW,0.027802984079412,0.0120199112032766,1,0.3783768912140438,LR
2015-07-31,VAW,-0.0155806361561666,-0.0121147666781491,0,0.27680926560161034,LR
2015-08-07,VAW,0.0054428046091357,0.0070692391681068,0,0.33614843058920213,LR
2015-08-14,VAW,-0.0524810057283304,-0.0553430416331043,0,0.34602645965454715,LR
2015-08-21,VAW,0.0846318028162824,0.007329376398901,1,0.3935509783677551,LR
2015-08-28,VAW,-0.0283902168569625,-0.0335712456803461,0,0.26247836914542905,LR
2015-09-04,VAW,-0.0024233837115045,0.0215487700345717,0,0.3346356955030863,LR
2015-09-11,VAW,-0.0118267703619848,-0.0013923955370784,0,0.3276955682995932,LR
2015-09-18,VAW,-0.0616104003543851,-0.0133022805812581,0,0.33609610044848875,LR
2015-09-25,VAW,0.0290499326409106,0.0111483581133893,1,0.42652076498858404,LR
2015-10-02,VAW,0.0636004245529842,0.0324619563689987,1,0.2864168971394918,LR
2015-10-09,VAW,-0.0015528108514316,0.0096356339669097,0,0.2772331739051815,LR
2015-10-16,VAW,0.0216734584203168,0.0208589692304743,1,0.3255700895352932,LR
2015-10-23,VAW,0.0072522887988411,0.002023911940045,0,0.29669715280848685,LR
2015-10-30,VAW,-0.0013164278827134,0.0101476300714288,0,0.2584721070840851,LR
2015-11-06,VAW,-0.0225472399080414,-0.0357074531793031,0,0.38951625319567584,LR
2015-11-13,VAW,0.0262145463899028,0.0334254053504487,1,0.3044186968788249,LR
2015-11-20,VAW,0.0055712663650975,0.001194492460745,0,0.23561448210688496,LR
2015-11-27,VAW,-0.0020107024749396,0.0002861033197021,0,0.24881935808324554,LR
2015-12-04,VAW,-0.0400606893839192,-0.0369236108957771,0,0.2895743838312984,LR
2015-12-11,VAW,-0.0250581803837927,-0.0033170950796872,0,0.2923132115072763,LR
2015-12-18,VAW,0.030906770705557,0.0282972898504102,1,0.32021690697481775,LR
2015-12-25,VAW,-0.0099852528309514,-0.0087999292499837,0,0.2514673152374507,LR
2015-01-02,VCR,-0.0070915827579504,-0.0057441724242675,0,0.3019778020151082,LR
2015-01-09,VCR,-0.0173359861303072,-0.0128271487285225,0,0.2485958295398658,LR
2015-01-16,VCR,0.0139748970915714,0.0165648858318804,1,0.3255066548545649,LR
2015-01-23,VCR,-0.0115203322894905,-0.0269306449553121,0,0.3068996800394827,LR
2015-01-30,VCR,0.0384242580721507,0.0305839290651197,1,0.37716106321267595,LR
2015-02-06,VCR,0.0298151462492353,0.020579109238855,1,0.3596699937128701,LR
2015-02-13,VCR,0.0090172401724997,0.0069596680915927,0,0.3291232060632061,LR
2015-02-20,VCR,0.0056603347282586,-0.0027457372774193,0,0.35280832598516126,LR
2015-02-27,VCR,-0.0083251442296226,-0.0150003744371823,0,0.3376620304238295,LR
2015-03-06,VCR,-0.0036979584896745,-0.0080483615679584,0,0.3062184975547358,LR
2015-03-13,VCR,0.0211018940430647,0.0268147124888577,1,0.38574811375818435,LR
2015-03-20,VCR,-0.0212423512679356,-0.022195080295643,0,0.33820731140558813,LR
2015-03-27,VCR,0.00130258104966,0.00340229395169,0,0.38260737295084496,LR
2015-04-03,VCR,0.0165032403421934,0.0174388564322125,1,0.34871229985236396,LR
2015-04-10,VCR,-0.0196802714297033,-0.0099508141818013,0,0.288723628120563,LR
2015-04-17,VCR,0.0217338070989701,0.0177930646208428,1,0.36382702735216194,LR
2015-04-24,VCR,-0.0193850988175379,-0.0043940493125136,0,0.2691892814756288,LR
2015-05-01,VCR,-0.0016142419303758,0.0042706592365999,0,0.36742712002611033,LR
2015-05-08,VCR,-0.0002424339729655,0.0038750719895212,0,0.35779004253803265,LR
2015-05-15,VCR,0.0070252161846668,0.0025887607580435,0,0.3532602043040219,LR
2015-05-22,VCR,-0.0080237504777171,-0.0086856683795026,0,0.4164820015264437,LR
2015-05-29,VCR,0.0016929948639363,-0.0064885807024519,0,0.3949185443564649,LR
2015-06-05,VCR,0.0011269370189599,0.0011440178056126,0,0.41142109709517277,LR
2015-06-12,VCR,0.0186666469381313,0.0086922711820474,1,0.3967345268479538,LR
2015-06-19,VCR,-0.0014982636674519,-0.0046963172607782,0,0.33151630455966563,LR
2015-06-26,VCR,0.0130185221491807,-0.011962487695718,1,0.3770758547510705,LR
2015-07-03,VCR,0.0121500012154973,0.0008197849437306,1,0.37328129422171585,LR
2015-07-10,VCR,0.0088306796579522,0.02409892448799,0,0.3435755180279051,LR
2015-07-17,VCR,-0.0107618911284234,-0.0210845999017385,0,0.3040387469179531,LR
2015-07-24,VCR,0.0217632161025387,0.0120199112032766,1,0.3385325650313563,LR
2015-07-31,VCR,-0.0252744175997117,-0.012114766678149,0,0.26417497472524987,LR
2015-08-07,VCR,-0.0063734171212046,0.0070692391681068,0,0.3045563181500873,LR
2015-08-14,VCR,-0.0505626663337096,-0.0553430416331043,0,0.321355699334759,LR
2015-08-21,VCR,0.0252929768532366,0.007329376398901,1,0.4105191513921643,LR
2015-08-28,VCR,-0.0161130143970624,-0.0335712456803461,0,0.3302672200444686,LR
2015-09-04,VCR,0.0020627063225651,0.0215487700345716,0,0.36984286958948126,LR
2015-09-11,VCR,0.0037884952348012,-0.0013923955370783,0,0.3498141951402551,LR
2015-09-18,VCR,-0.0264040162559174,-0.0133022805812581,0,0.3674212300442426,LR
2015-09-25,VCR,0.0151259166040231,0.0111483581133892,1,0.44539284693106834,LR
2015-10-02,VCR,0.0179323868328038,0.0324619563689987,1,0.3623771459259575,LR
2015-10-09,VCR,0.0041312446240422,0.0096356339669096,0,0.33589544270648175,LR
2015-10-16,VCR,0.01172099740011,0.0208589692304742,1,0.32036808683931084,LR
2015-10-23,VCR,0.0139731717490412,0.0020239119400451,1,0.3401370949068649,LR
2015-10-30,VCR,-0.0021858422743956,0.0101476300714288,0,0.300326402091998,LR
2015-11-06,VCR,-0.0464296918924124,-0.0357074531793032,0,0.41080661437025867,LR
2015-11-13,VCR,0.0445854938634113,0.0334254053504488,1,0.32580543986276833,LR
2015-11-20,VCR,0.0030711032066228,0.001194492460745,0,0.21969399642248835,LR
2015-11-27,VCR,-0.0063429724193498,0.0002861033197021,0,0.26185196832667584,LR
2015-12-04,VCR,-0.0354660183087391,-0.0369236108957772,0,0.33629786794592675,LR
2015-12-11,VCR,-0.005648812384665,-0.0033170950796874,0,0.30724827013158135,LR
2015-12-18,VCR,0.005476973423663,0.0282972898504103,0,0.32718009023091527,LR
2015-12-25,VCR,-0.0016293030406696,-0.0087999292499838,0,0.2800714614837655,LR
2015-01-02,VDC,0.0158397808780519,-0.0057441724242674,1,0.2557315075320763,LR
2015-01-09,VDC,0.0012648510838686,-0.0128271487285226,0,0.20837063237475173,LR
2015-01-16,VDC,0.0042479617987725,0.0165648858318804,0,0.3076559154076918,LR
2015-01-23,VDC,-0.0322984885233714,-0.0269306449553121,0,0.3162219518170253,LR
2015-01-30,VDC,0.021501929365411,0.0305839290651197,1,0.34894062917545765,LR
2015-02-06,VDC,0.0106231486742429,0.0205791092388549,1,0.32295450137900367,LR
2015-02-13,VDC,0.003061940655088,0.0069596680915925,0,0.3082679086889753,LR
2015-02-20,VDC,0.0079875042821992,-0.0027457372774193,0,0.3386296937528334,LR
2015-02-27,VDC,-0.0237669713288836,-0.0150003744371823,0,0.3363133326362274,LR
2015-03-06,VDC,-0.0119066515322285,-0.0080483615679585,0,0.35050414518488127,LR
2015-03-13,VDC,0.0149503924673213,0.0268147124888577,1,0.3694731006592018,LR
2015-03-20,VDC,-0.0013393064566026,-0.022195080295643,0,0.2697639287540068,LR
2015-03-27,VDC,0.0048727032143294,0.00340229395169,0,0.33183195536729354,LR
2015-04-03,VDC,0.0118440831557939,0.0174388564322124,1,0.33237199272647144,LR
2015-04-10,VDC,-0.0093972624005812,-0.0099508141818013,0,0.31921963349652355,LR
2015-04-17,VDC,-0.0025759256067634,0.0177930646208427,0,0.37218182916459897,LR
2015-04-24,VDC,-0.0103913917013716,-0.0043940493125136,0,0.28475791281182117,LR
2015-05-01,VDC,0.0042519757128136,0.0042706592366,0,0.33268514340577615,LR
2015-05-08,VDC,0.014134239842406,0.0038750719895212,1,0.3583635225034835,LR
2015-05-15,VDC,-0.0059721481223392,0.0025887607580434,0,0.37892367505797114,LR
2015-05-22,VDC,-0.0076568149378526,-0.0086856683795026,0,0.3998068241088856,LR
2015-05-29,VDC,-0.0259209448248122,-0.0064885807024518,0,0.34749329616754526,LR
2015-06-05,VDC,0.0100015956621619,0.0011440178056127,1,0.3722378292096198,LR
2015-06-12,VDC,0.0230078787536649,0.0086922711820474,1,0.3699208693112821,LR
2015-06-19,VDC,-0.0092043707743002,-0.0046963172607781,0,0.3323922781329427,LR
2015-06-26,VDC,0.0026207261424187,-0.011962487695718,0,0.3884579104436632,LR
2015-07-03,VDC,0.0248863578067288,0.0008197849437306,1,0.3705096015999845,LR
2015-07-10,VDC,0.0117702050460344,0.02409892448799,1,0.3560194956795932,LR
2015-07-17,VDC,-0.0110058275887403,-0.0210845999017385,0,0.3519475881662234,LR
2015-07-24,VDC,0.0153464242905911,0.0120199112032767,1,0.359844783944945,LR
2015-07-31,VDC,-0.0012974978125614,-0.012114766678149,0,0.28804238572203084,LR
2015-08-07,VDC,-0.002814293099202,0.0070692391681068,0,0.31816930663046594,LR
2015-08-14,VDC,-0.0459514857049324,-0.0553430416331042,0,0.34247961985813785,LR
2015-08-21,VDC,0.0602809877821852,0.007329376398901,1,0.3888725378429726,LR
2015-08-28,VDC,-0.017258059593939,-0.0335712456803461,0,0.24967489444051005,LR
2015-09-04,VDC,-0.0037213743402743,0.0215487700345717,0,0.3585753881537046,LR
2015-09-11,VDC,0.0063291041286701,-0.0013923955370782,0,0.3537809259768832,LR
2015-09-18,VDC,-0.0175100426118536,-0.0133022805812582,0,0.3686122383825716,LR
2015-09-25,VDC,0.0082861772195252,0.0111483581133892,0,0.41313101248980094,LR
2015-10-02,VDC,0.0304428341170999,0.0324619563689987,1,0.3638323009182267,LR
2015-10-09,VDC,0.0007054110095547,0.0096356339669096,0,0.33245355532140003,LR
2015-10-16,VDC,0.0229271211915178,0.0208589692304743,1,0.3541700124850535,LR
2015-10-23,VDC,-0.0154991501886069,0.002023911940045,0,0.35311034702794714,LR
2015-10-30,VDC,-0.0170189224173301,0.0101476300714289,0,0.309442135734729,LR
2015-11-06,VDC,-0.0265928029357259,-0.0357074531793032,0,0.37699396534226254,LR
2015-11-13,VDC,0.02573286607642,0.0334254053504487,1,0.29901225518481966,LR
2015-11-20,VDC,0.0171949145912837,0.0011944924607449,1,0.2434250946547592,LR
2015-11-27,VDC,0.004432286457054,0.0002861033197022,0,0.2567895026691295,LR
2015-12-04,VDC,-0.0223903754649235,-0.036923610895777,0,0.3212631533756486,LR
2015-12-11,VDC,0.0031580126710832,-0.0033170950796874,0,0.266846892727396,LR
2015-12-18,VDC,0.0166432036064059,0.0282972898504102,1,0.2982679758472535,LR
2015-12-25,VDC,-0.0057005642731098,-0.0087999292499837,0,0.25167031072038837,LR
2015-01-02,VDE,-0.025907159675144,-0.0057441724242675,0,0.33837310851442726,LR
2015-01-09,VDE,-0.0033755331008055,-0.0128271487285225,0,0.28727838143513973,LR
2015-01-16,VDE,0.0207053277007909,0.0165648858318805,1,0.3868123167218531,LR
2015-01-23,VDE,-0.0211981848088276,-0.0269306449553121,0,0.38604509052509445,LR
2015-01-30,VDE,0.0490551673470722,0.0305839290651198,1,0.4651378221395611,LR
2015-02-06,VDE,0.0240622894433248,0.0205791092388549,1,0.3434820281969218,LR
2015-02-13,VDE,-0.0187748584060175,0.0069596680915926,0,0.3538467094416502,LR
2015-02-20,VDE,-0.0091604300687703,-0.0027457372774194,0,0.3298424384611176,LR
2015-02-27,VDE,-0.0293142463738318,-0.0150003744371824,0,0.3129085271735268,LR
2015-03-06,VDE,-0.0280778921251355,-0.0080483615679585,0,0.33498560820921724,LR
2015-03-13,VDE,0.0363011371864689,0.0268147124888578,1,0.4375109846536079,LR
2015-03-20,VDE,-0.0075402270788433,-0.022195080295643,0,0.35076360857607425,LR
2015-03-27,VDE,0.0082613720976227,0.0034022939516901,0,0.4267417201090181,LR
2015-04-03,VDE,0.0260892949482889,0.0174388564322126,1,0.3893294384200154,LR
2015-04-10,VDE,0.0182122085881499,-0.0099508141818015,1,0.33513439011986595,LR
2015-04-17,VDE,-0.0033600361047112,0.0177930646208429,0,0.42188405260509276,LR
2015-04-24,VDE,0.0085153779939679,-0.0043940493125136,0,0.35631890630261415,LR
2015-05-01,VDE,-0.016491010298126,0.0042706592366,0,0.39905012514706156,LR
2015-05-08,VDE,-0.0150129235622228,0.0038750719895213,0,0.42048335499808176,LR
2015-05-15,VDE,-0.00499736723676,0.0025887607580435,0,0.44468816259872507,LR
2015-05-22,VDE,-0.0134150190084175,-0.0086856683795027,0,0.524122507500033,LR
2015-05-29,VDE,-0.0102462643156575,-0.0064885807024519,0,0.4543930512096445,LR
2015-06-05,VDE,-0.0046452512248621,0.0011440178056128,0,0.4598935927689656,LR
2015-06-12,VDE,0.0005534319395537,0.0086922711820474,0,0.4427213961138214,LR
2015-06-19,VDE,-0.009780618646254,-0.0046963172607781,0,0.3891290068854032,LR
2015-06-26,VDE,-0.0121484256219605,-0.0119624876957182,0,0.39763296295453904,LR
2015-07-03,VDE,-0.0031633611198244,0.0008197849437306,0,0.41643085774590705,LR
2015-07-10,VDE,-0.0177594173623842,0.0240989244879901,0,0.3845551962179413,LR
2015-07-17,VDE,-0.0425095123256507,-0.0210845999017385,0,0.3642156636925715,LR
2015-07-24,VDE,0.0082457542716787,0.0120199112032766,0,0.38618386218642403,LR
2015-07-31,VDE,-0.0270159069487669,-0.012114766678149,0,0.26464634715235086,LR
2015-08-07,VDE,0.0283516285758467,0.0070692391681067,1,0.32029533038886093,LR
2015-08-14,VDE,-0.0809808449212725,-0.0553430416331043,0,0.3150798897726559,LR
2015-08-21,VDE,0.0927543168337994,0.007329376398901,1,0.4537511244847032,LR
2015-08-28,VDE,-0.0220796032781332,-0.0335712456803461,0,0.2999095432786667,LR
2015-09-04,VDE,-0.0220976490376151,0.0215487700345718,0,0.333625977392031,LR
2015-09-11,VDE,0.0111048539029301,-0.0013923955370782,1,0.3597304210763905,LR
2015-09-18,VDE,-0.0451770436260128,-0.0133022805812582,0,0.29875151859017884,LR
2015-09-25,VDE,0.0397227057031541,0.0111483581133893,1,0.3912845399862172,LR
2015-10-02,VDE,0.0678173288522112,0.0324619563689987,1,0.3214620038574357,LR
2015-10-09,VDE,0.0030235979049118,0.0096356339669095,0,0.2608197680552212,LR
2015-10-16,VDE,-0.005140556707284,0.0208589692304744,0,0.3305111884332282,LR
2015-10-23,VDE,-0.001690298499042,0.0020239119400451,0,0.30878898338009225,LR
2015-10-30,VDE,0.0301255495860279,0.0101476300714288,1,0.25649794791646,LR
2015-11-06,VDE,-0.0536843239699227,-0.0357074531793032,0,0.3816713983475685,LR
2015-11-13,VDE,0.015818987814089,0.0334254053504487,1,0.3470383347343432,LR
2015-11-20,VDE,0.0171310218383657,0.001194492460745,1,0.23430312525865013,LR
2015-11-27,VDE,-0.0500637648044552,0.0002861033197021,0,0.24272990530909075,LR
2015-12-04,VDE,-0.0459376548317622,-0.036923610895777,0,0.35137365942114346,LR
2015-12-11,VDE,-0.0164583752083899,-0.0033170950796873,0,0.2797262721646455,LR
2015-12-18,VDE,0.0376370770367207,0.0282972898504103,1,0.30041123990875357,LR
2015-12-25,VDE,-0.0098867686936531,-0.0087999292499838,0,0.28265552182505277,LR
2015-01-02,VFH,-0.0171405217081197,-0.0057441724242675,0,0.3073666691780052,LR
2015-01-09,VFH,-0.02010255471254,-0.0128271487285226,0,0.2545663380833456,LR
2015-01-16,VFH,0.0075141016801945,0.0165648858318804,0,0.3257121396374596,LR
2015-01-23,VFH,-0.0255239588563633,-0.0269306449553122,0,0.28956597217182045,LR
2015-01-30,VFH,0.0405951089985912,0.0305839290651197,1,0.37974604271542095,LR
2015-02-06,VFH,0.0151639690581144,0.0205791092388549,1,0.33339952122255717,LR
2015-02-13,VFH,0.0016164480429232,0.0069596680915925,0,0.3333167502279285,LR
2015-02-20,VFH,-0.0028294137215771,-0.0027457372774194,0,0.362728119899311,LR
2015-02-27,VFH,-0.0066896780621431,-0.0150003744371823,0,0.3350179701298909,LR
2015-03-06,VFH,0.0063187433737521,-0.0080483615679585,0,0.3589026191643801,LR
2015-03-13,VFH,0.0169286612388079,0.0268147124888578,1,0.38801948560517247,LR
2015-03-20,VFH,-0.0303330456176244,-0.0221950802956431,0,0.33919605746071535,LR
2015-03-27,VFH,0.0073200611654669,0.00340229395169,0,0.3577102833230695,LR
2015-04-03,VFH,0.0046728877800106,0.0174388564322124,0,0.32979148729029795,LR
2015-04-10,VFH,-0.0040468829553268,-0.0099508141818012,0,0.3267592638635013,LR
2015-04-17,VFH,0.0020235186670078,0.0177930646208428,0,0.3779082490421935,LR
2015-04-24,VFH,-0.0032264538600482,-0.0043940493125136,0,0.27593555933148745,LR
2015-05-01,VFH,0.0117101119594036,0.0042706592366,1,0.2573580242651567,LR
2015-05-08,VFH,0.0005986585298638,0.0038750719895212,0,0.3581965333700159,LR
2015-05-15,VFH,0.0059880850478024,0.0025887607580435,0,0.3879032214974086,LR
2015-05-22,VFH,-0.0073544570956514,-0.0086856683795027,0,0.39928925097199935,LR
2015-05-29,VFH,0.002192557591514,-0.0064885807024519,0,0.35424778891311687,LR
2015-06-05,VFH,0.0105325672200151,0.0011440178056128,1,0.37083764576837447,LR
2015-06-12,VFH,0.0055281099873967,0.0086922711820473,0,0.409488646082439,LR
2015-06-19,VFH,-0.0118978077804794,-0.0046963172607781,0,0.34897839703515526,LR
2015-06-26,VFH,0.0009981879997651,-0.011962487695718,0,0.38093531472909636,LR
2015-07-03,VFH,0.0108607620187513,0.0008197849437305,1,0.3901899975517517,LR
2015-07-10,VFH,0.0163934030979138,0.02409892448799,1,0.3817227654782642,LR
2015-07-17,VFH,-0.0129794301202796,-0.0210845999017385,0,0.34508696374338477,LR
2015-07-24,VFH,0.0090837103083909,0.0120199112032766,0,0.3555189528458745,LR
2015-07-31,VFH,-0.0033241722912441,-0.0121147666781489,0,0.274303846887347,LR
2015-08-07,VFH,-0.0027269066854761,0.0070692391681068,0,0.2964183862409033,LR
2015-08-14,VFH,-0.0503625270684285,-0.0553430416331042,0,0.3344790177806265,LR
2015-08-21,VFH,0.0113684403268914,0.0073293763989011,1,0.42035277774224766,LR
2015-08-28,VFH,-0.0338770167758931,-0.0335712456803462,0,0.35565412636890087,LR
2015-09-04,VFH,0.0057581672270885,0.0215487700345716,0,0.37921996536299274,LR
2015-09-11,VFH,-0.0084853143054871,-0.0013923955370782,0,0.34568849158922527,LR
2015-09-18,VFH,-0.0074467760451296,-0.0133022805812582,0,0.36410878087322746,LR
2015-09-25,VFH,0.0006468041959037,0.0111483581133892,0,0.41265716111661066,LR
2015-10-02,VFH,0.02098949606042,0.0324619563689987,1,0.353003317577358,LR
2015-10-09,VFH,0.0098594763741632,0.0096356339669097,0,0.3341617758839308,LR
2015-10-16,VFH,0.0271286123003293,0.0208589692304744,1,0.3428191896762704,LR
2015-10-23,VFH,-0.0034553248172027,0.0020239119400452,0,0.34699985285046886,LR
2015-10-30,VFH,0.0248422155475593,0.010147630071429,1,0.2971340663090773,LR
2015-11-06,VFH,-0.0362448360114663,-0.0357074531793031,0,0.36911270056204326,LR
2015-11-13,VFH,0.0316937828913614,0.0334254053504486,1,0.3064079035359778,LR
2015-11-20,VFH,-0.0007963550844493,0.0011944924607449,0,0.2241005871829857,LR
2015-11-27,VFH,0.0013921976237805,0.0002861033197021,0,0.22603661356781596,LR
2015-12-04,VFH,-0.0493237788871523,-0.0369236108957771,0,0.30581161780570454,LR
2015-12-11,VFH,-0.0006266718188058,-0.0033170950796874,0,0.2988057832562212,LR
2015-12-18,VFH,0.0134939080462319,0.0282972898504102,1,0.25849579123835065,LR
2015-12-25,VFH,-0.0047247235167308,-0.0087999292499838,0,0.24254292341075034,LR
2015-01-02,VGT,0.0025047639613873,-0.0057441724242673,0,0.2971565234122411,LR
2015-01-09,VGT,-0.0272109216494024,-0.0128271487285226,0,0.25791026810869816,LR
2015-01-16,VGT,0.0247602150297578,0.0165648858318805,1,0.3313743923398221,LR
2015-01-23,VGT,-0.0372457411897467,-0.026930644955312,0,0.32531960133949517,LR
2015-01-30,VGT,0.0271286917204904,0.0305839290651197,1,0.4097239735619237,LR
2015-02-06,VGT,0.044268334347415,0.020579109238855,1,0.32173754048476483,LR
2015-02-13,VGT,0.0124931161763499,0.0069596680915925,1,0.31073867606526906,LR
2015-02-20,VGT,-0.0014629574663184,-0.0027457372774192,0,0.4005944728152582,LR
2015-02-27,VGT,-0.0144516766175146,-0.0150003744371822,0,0.393764837388485,LR
2015-03-06,VGT,-0.0237654864927828,-0.0080483615679585,0,0.35574703163222743,LR
2015-03-13,VGT,0.0272950459446215,0.0268147124888578,1,0.42590706537503015,LR
2015-03-20,VGT,-0.0275608639600785,-0.0221950802956431,0,0.37781906224081874,LR
2015-03-27,VGT,-0.0086319961825825,0.00340229395169,0,0.41621592288995535,LR
2015-04-03,VGT,0.0260753503618589,0.0174388564322126,1,0.3735705388036485,LR
2015-04-10,VGT,-0.0161379880235063,-0.0099508141818013,0,0.30685011807351664,LR
2015-04-17,VGT,0.0302063908704917,0.0177930646208429,1,0.41133794444477034,LR
2015-04-24,VGT,-0.0076287708893734,-0.0043940493125136,0,0.2987937192186424,LR
2015-05-01,VGT,-0.0015526365171441,0.0042706592365999,0,0.3881332725697069,LR
2015-05-08,VGT,0.0091524801432196,0.0038750719895213,0,0.3978602011064391,LR
2015-05-15,VGT,0.0093593707472452,0.0025887607580435,0,0.3889362638552887,LR
2015-05-22,VGT,-0.0010839667614768,-0.0086856683795026,0,0.43250412784029,LR
2015-05-29,VGT,-0.0090106322738503,-0.0064885807024519,0,0.4194292201423591,LR
2015-06-05,VGT,-0.0074477720816404,0.0011440178056128,0,0.41841984505067764,LR
2015-06-12,VGT,0.0106931784367494,0.0086922711820472,1,0.42538559483787863,LR
2015-06-19,VGT,-0.0177455784393648,-0.0046963172607782,0,0.3840740747028532,LR
2015-06-26,VGT,-0.0053042964794381,-0.0119624876957182,0,0.42068173961772154,LR
2015-07-03,VGT,-0.0010367635432001,0.0008197849437305,0,0.41787343831378737,LR
2015-07-10,VGT,0.0375327805473568,0.0240989244879901,1,0.3927806751434098,LR
2015-07-17,VGT,-0.0268643792558893,-0.0210845999017387,0,0.33918878162727745,LR
2015-07-24,VGT,0.0081662698215752,0.0120199112032765,0,0.421403533308011,LR
2015-07-31,VGT,-0.0113301009137846,-0.012114766678149,0,0.32938016934228104,LR
2015-08-07,VGT,-0.0020327193373318,0.0070692391681068,0,0.33340818665090277,LR
2015-08-14,VGT,-0.0670505312058035,-0.0553430416331044,0,0.36261181369120915,LR
2015-08-21,VGT,0.0374019832590555,0.007329376398901,1,0.4496154359812035,LR
2015-08-28,VGT,-0.0268508815220133,-0.0335712456803461,0,0.29685245809193705,LR
2015-09-04,VGT,0.0089067600902235,0.0215487700345718,0,0.3973707232161925,LR
2015-09-11,VGT,-0.0068598945359676,-0.0013923955370784,0,0.37291221294089316,LR
2015-09-18,VGT,-0.0242864264469144,-0.013302280581258,0,0.3814547975008344,LR
2015-09-25,VGT,0.0126619801039391,0.0111483581133893,1,0.4503882127465412,LR
2015-10-02,VGT,0.0327097866803069,0.0324619563689987,1,0.36111608871587664,LR
2015-10-09,VGT,0.0075679033079787,0.0096356339669097,0,0.3584079011380721,LR
2015-10-16,VGT,0.0425251350468858,0.0208589692304742,1,0.3700286731013976,LR
2015-10-23,VGT,-0.0020779054283184,0.0020239119400451,0,0.3709608045638424,LR
2015-10-30,VGT,0.016310692427532,0.0101476300714289,1,0.3598209680211339,LR
2015-11-06,VGT,-0.0463652767326064,-0.0357074531793032,0,0.39919163549662134,LR
2015-11-13,VGT,0.0436563569587953,0.0334254053504488,1,0.338364094785214,LR
2015-11-20,VGT,-0.0084399162122199,0.0011944924607449,0,0.258875367690874,LR
2015-11-27,VGT,0.0088368997104057,0.0002861033197021,0,0.2743374519468075,LR
2015-12-04,VGT,-0.0408885317686062,-0.0369236108957772,0,0.3436539962179166,LR
2015-12-11,VGT,-0.0121804896315353,-0.0033170950796874,0,0.3267668429790543,LR
2015-12-18,VGT,0.0112869022299657,0.0282972898504103,1,0.3773043658517835,LR
2015-12-25,VGT,-0.0068782097735033,-0.0087999292499838,0,0.28604271950609755,LR
2015-01-02,VHT,0.0248708565066975,-0.0057441724242675,1,0.2851093657853317,LR
2015-01-09,VHT,-0.0051585936538102,-0.0128271487285226,0,0.25081918085904537,LR
2015-01-16,VHT,0.0073392840723425,0.0165648858318804,0,0.3421050445653076,LR
2015-01-23,VHT,-0.0213793173603628,-0.0269306449553121,0,0.341972423240535,LR
2015-01-30,VHT,0.0031997844977473,0.0305839290651196,0,0.377472666466975,LR
2015-02-06,VHT,0.0196016747131306,0.0205791092388549,1,0.3716026769331577,LR
2015-02-13,VHT,0.0216891625055242,0.0069596680915926,1,0.3142724738223623,LR
2015-02-20,VHT,-7.490657232089859e-05,-0.0027457372774194,0,0.3477741908995476,LR
2015-02-27,VHT,-0.007630079814155,-0.0150003744371823,0,0.3647862515128457,LR
2015-03-06,VHT,0.0045136999667114,-0.0080483615679585,0,0.3467745650673871,LR
2015-03-13,VHT,0.0355126193354016,0.0268147124888578,1,0.38393418083867237,LR
2015-03-20,VHT,-0.024432373281111,-0.0221950802956431,0,0.3004106573187945,LR
2015-03-27,VHT,-0.0227339715177435,0.00340229395169,0,0.34069935849647065,LR
2015-04-03,VHT,0.0321687971172337,0.0174388564322126,1,0.33368193271966995,LR
2015-04-10,VHT,-0.0089899971015711,-0.0099508141818013,0,0.27530545039133364,LR
2015-04-17,VHT,0.0088681100309813,0.0177930646208428,0,0.37578279649873353,LR
2015-04-24,VHT,-0.0355301325000606,-0.0043940493125135,0,0.28641124516504696,LR
2015-05-01,VHT,0.011111111111111,0.0042706592366,1,0.3466358728862995,LR
2015-05-08,VHT,0.0084795587443846,0.0038750719895212,0,0.3511372982658855,LR
2015-05-15,VHT,0.012325964115514,0.0025887607580433,1,0.3840178717202813,LR
2015-05-22,VHT,-0.0006432444824172,-0.0086856683795026,0,0.4298584985967071,LR
2015-05-29,VHT,-0.0126546191735694,-0.0064885807024519,0,0.389072209798433,LR
2015-06-05,VHT,-0.0031543653600889,0.0011440178056127,0,0.4020546796006909,LR
2015-06-12,VHT,0.0277656995889836,0.0086922711820474,1,0.3954802761581158,LR
2015-06-19,VHT,-0.0057936748770088,-0.0046963172607783,0,0.3483417393236212,LR
2015-06-26,VHT,-0.0043259388278465,-0.0119624876957182,0,0.37280848034173636,LR
2015-07-03,VHT,0.0149425422173541,0.0008197849437306,1,0.34472171253037776,LR
2015-07-10,VHT,0.0188904673925878,0.0240989244879901,1,0.3477728165706722,LR
2015-07-17,VHT,-0.0315138793699696,-0.0210845999017386,0,0.3391976220231769,LR
2015-07-24,VHT,0.0248415552560059,0.0120199112032766,1,0.38027679908263434,LR
2015-07-31,VHT,-0.0210905598654466,-0.0121147666781491,0,0.2886573208598898,LR
2015-08-07,VHT,-0.0084393904468542,0.0070692391681069,0,0.340128517062377,LR
2015-08-14,VHT,-0.0452021002124912,-0.0553430416331043,0,0.3516645885126338,LR
2015-08-21,VHT,0.0689955579203349,0.0073293763989009,1,0.40666262481691057,LR
2015-08-28,VHT,-0.0420872781886078,-0.0335712456803462,0,0.33371571924354443,LR
2015-09-04,VHT,0.0128575959374288,0.0215487700345718,1,0.40408161154588534,LR
2015-09-11,VHT,0.0105246869006019,-0.0013923955370784,1,0.35437254247315825,LR
2015-09-18,VHT,-0.0799615725480406,-0.013302280581258,0,0.38549242905487185,LR
2015-09-25,VHT,0.0216916247590304,0.0111483581133893,1,0.534974651893208,LR
2015-10-02,VHT,-0.0115338848686326,0.0324619563689987,0,0.3150770440733117,LR
2015-10-09,VHT,0.0204243187477681,0.0096356339669097,1,0.3498678266080367,LR
2015-10-16,VHT,-0.0072548583154982,0.0208589692304744,0,0.3654466927466895,LR
2015-10-23,VHT,0.0302147804590484,0.0020239119400451,1,0.4153421861544289,LR
2015-10-30,VHT,0.0063753159661532,0.010147630071429,0,0.30571435009661363,LR
2015-11-06,VHT,-0.026487059302001,-0.0357074531793031,0,0.39927669473382227,LR
2015-11-13,VHT,0.0256450360552351,0.0334254053504487,1,0.3402246592720689,LR
2015-11-20,VHT,0.013207758932918,0.0011944924607449,1,0.23030448349024651,LR
2015-11-27,VHT,-0.0082317298759382,0.0002861033197021,0,0.23722729744507703,LR
2015-12-04,VHT,-0.0225899477136314,-0.0369236108957771,0,0.33297600368721636,LR
2015-12-11,VHT,0.0096607157113874,-0.0033170950796874,0,0.28165509845403186,LR
2015-12-18,VHT,0.0151848750895966,0.0282972898504102,1,0.29584302396244805,LR
2015-12-25,VHT,-0.0018028113219485,-0.0087999292499837,0,0.24897251654797867,LR
2015-01-02,VIS,-0.0171552432618399,-0.0057441724242674,0,0.32762162990548555,LR
2015-01-09,VIS,-0.0147636942917412,-0.0128271487285225,0,0.30540775529545067,LR
2015-01-16,VIS,0.0196533910475715,0.0165648858318805,1,0.33942502928314255,LR
2015-01-23,VIS,-0.0240494187518048,-0.026930644955312,0,0.3424379388191256,LR
2015-01-30,VIS,0.032927396036773,0.0305839290651198,1,0.42827538719941216,LR
2015-02-06,VIS,0.0220581453340831,0.0205791092388549,1,0.3579605120059742,LR
2015-02-13,VIS,0.0197643588119156,0.0069596680915926,1,0.33749275694687625,LR
2015-02-20,VIS,-0.0070159147432018,-0.0027457372774193,0,0.3674679271086772,LR
2015-02-27,VIS,-0.0169818805035426,-0.0150003744371823,0,0.3783857256560224,LR
2015-03-06,VIS,-0.0067976136668963,-0.0080483615679585,0,0.37299342785818035,LR
2015-03-13,VIS,0.02016614714225,0.0268147124888577,1,0.4048223864082792,LR
2015-03-20,VIS,-0.0256762164227175,-0.0221950802956431,0,0.36388879728269746,LR
2015-03-27,VIS,-0.0044793144879605,0.0034022939516899,0,0.39386261231108105,LR
2015-04-03,VIS,0.031895793285672,0.0174388564322126,1,0.3576560641460211,LR
2015-04-10,VIS,-0.0158569729764882,-0.0099508141818014,0,0.30034391642348446,LR
2015-04-17,VIS,0.0035237842703725,0.0177930646208427,0,0.38299045327879455,LR
2015-04-24,VIS,-0.0047025774198902,-0.0043940493125135,0,0.2903787159982657,LR
2015-05-01,VIS,0.0023122455942399,0.0042706592365999,0,0.33622975367533375,LR
2015-05-08,VIS,0.011185053439261,0.0038750719895213,1,0.38284922544917804,LR
2015-05-15,VIS,-0.0020139255309897,0.0025887607580434,0,0.3829641303874917,LR
2015-05-22,VIS,-0.0157183479187618,-0.0086856683795026,0,0.42035640022748083,LR
2015-05-29,VIS,-0.0006515842374138,-0.006488580702452,0,0.3772584130821273,LR
2015-06-05,VIS,0.0024244884502959,0.0011440178056128,0,0.3876034961104208,LR
2015-06-12,VIS,0.0099325107427763,0.0086922711820473,0,0.40096597967861813,LR
2015-06-19,VIS,-0.0148743592214211,-0.0046963172607782,0,0.3606387067545449,LR
2015-06-26,VIS,-0.0086997462784428,-0.0119624876957182,0,0.39138934352818777,LR
2015-07-03,VIS,0.0058631353804661,0.0008197849437304,0,0.3874622612753801,LR
2015-07-10,VIS,0.0064620382351339,0.02409892448799,0,0.3564205624219904,LR
2015-07-17,VIS,-0.0371558129704742,-0.0210845999017385,0,0.33862564041841986,LR
2015-07-24,VIS,0.0320418021317323,0.0120199112032766,1,0.3709235954396171,LR
2015-07-31,VIS,-0.0113680018908771,-0.0121147666781489,0,0.28611752291948694,LR
2015-08-07,VIS,0.0048822720725667,0.0070692391681068,0,0.3372272609736153,LR
2015-08-14,VIS,-0.0508604184744843,-0.0553430416331042,0,0.33366254871364387,LR
2015-08-21,VIS,0.0257673176519168,0.0073293763989009,1,0.3840976023013746,LR
2015-08-28,VIS,-0.019923483419808,-0.0335712456803461,0,0.26248309049688423,LR
2015-09-04,VIS,0.0057622291283374,0.0215487700345716,0,0.3477702820664902,LR
2015-09-11,VIS,-0.0067350801742119,-0.0013923955370783,0,0.3389653387198266,LR
2015-09-18,VIS,-0.0420946644180567,-0.0133022805812581,0,0.3519295337818411,LR
2015-09-25,VIS,0.0149175170565647,0.0111483581133892,1,0.4281853197048399,LR
2015-10-02,VIS,0.053964575727831,0.0324619563689987,1,0.33271667789813697,LR
2015-10-09,VIS,-0.0155974487856134,0.0096356339669097,0,0.31989222769295933,LR
2015-10-16,VIS,0.0387271363430745,0.0208589692304742,1,0.3794681327907871,LR
2015-10-23,VIS,-0.0041473794744415,0.0020239119400451,0,0.3313950577166977,LR
2015-10-30,VIS,0.0099315281881153,0.0101476300714289,0,0.29970374661875526,LR
2015-11-06,VIS,-0.0241449095156173,-0.0357074531793032,0,0.41877018848181213,LR
2015-11-13,VIS,0.0364603550044067,0.0334254053504487,1,0.32622687304115744,LR
2015-11-20,VIS,-0.0007604011785239,0.0011944924607448,0,0.26884911699777325,LR
2015-11-27,VIS,-0.0107353682299002,0.000286103319702,0,0.27784594347170893,LR
2015-12-04,VIS,-0.0366417105691909,-0.0369236108957771,0,0.3460448443408442,LR
2015-12-11,VIS,-0.010586213798758,-0.0033170950796874,0,0.3167775828258419,LR
2015-12-18,VIS,0.0221865181300178,0.0282972898504103,1,0.35224052158235963,LR
2015-12-25,VIS,-0.0035506520615318,-0.0087999292499837,0,0.2926034327745569,LR
2015-01-02,VNQ,0.0381706982124141,-0.0057441724242675,1,0.2610530541862199,LR
2015-01-09,VNQ,0.0234356700940236,-0.0128271487285225,1,0.20885484553637912,LR
2015-01-16,VNQ,0.0017097217684367,0.0165648858318805,0,0.26936057831384186,LR
2015-01-23,VNQ,-0.0164772380482066,-0.0269306449553121,0,0.29825590809924685,LR
2015-01-30,VNQ,-0.0153704131493979,0.0305839290651197,0,0.32268269770722185,LR
2015-02-06,VNQ,-0.0007049481444089,0.020579109238855,0,0.3307365747247002,LR
2015-02-13,VNQ,-0.004588228113511,0.0069596680915927,0,0.2735131401829076,LR
2015-02-20,VNQ,-0.0147719210520882,-0.0027457372774192,0,0.3041860686892462,LR
2015-02-27,VNQ,-0.038406305505487,-0.0150003744371824,0,0.31182764117561135,LR
2015-03-06,VNQ,0.0214506595760439,-0.0080483615679585,1,0.3322243599965621,LR
2015-03-13,VNQ,0.0505794619342561,0.0268147124888578,1,0.33584381078651626,LR
2015-03-20,VNQ,-0.0364242010043485,-0.0221950802956431,0,0.2948137196646079,LR
2015-03-27,VNQ,0.007242942311922,0.00340229395169,0,0.36880215281735973,LR
2015-04-03,VNQ,-0.0304312530691034,0.0174388564322124,0,0.2892751244764439,LR
2015-04-10,VNQ,-0.0083645875849243,-0.0099508141818013,0,0.3477896843224201,LR
2015-04-17,VNQ,0.0059662183069617,0.0177930646208427,0,0.3921363050129037,LR
2015-04-24,VNQ,-0.0327729955793985,-0.0043940493125136,0,0.31671071052227245,LR
2015-05-01,VNQ,0.0029910954580474,0.0042706592366,0,0.3785037933217035,LR
2015-05-08,VNQ,0.0114755917420201,0.0038750719895213,1,0.33593640663942903,LR
2015-05-15,VNQ,-0.0095273032167026,0.0025887607580435,0,0.34208056923722513,LR
2015-05-22,VNQ,-0.0107500076293944,-0.0086856683795026,0,0.3963726150905426,LR
2015-05-29,VNQ,-0.0274593818105007,-0.0064885807024519,0,0.34203881658716784,LR
2015-06-05,VNQ,0.0032383420969253,0.0011440178056128,0,0.3887943289237604,LR
2015-06-12,VNQ,0.0180925507310878,0.0086922711820474,1,0.39659621692674724,LR
2015-06-19,VNQ,-0.0365574676065471,-0.0046963172607783,0,0.3347765333571526,LR
2015-06-26,VNQ,0.0064797387724464,-0.0119624876957182,0,0.4079050471516133,LR
2015-07-03,VNQ,0.0268057399882712,0.0008197849437306,1,0.3359562792591215,LR
2015-07-10,VNQ,0.0088666466732476,0.02409892448799,0,0.32837615143324944,LR
2015-07-17,VNQ,-0.0031920326988524,-0.0210845999017385,0,0.3724854758937414,LR
2015-07-24,VNQ,0.0136001735359276,0.0120199112032765,1,0.363424482639759,LR
2015-07-31,VNQ,-0.0060552005533741,-0.0121147666781488,0,0.2973990331727314,LR
2015-08-07,VNQ,0.0092288668902114,0.0070692391681068,0,0.32848600760120455,LR
2015-08-14,VNQ,-0.0216493965417486,-0.0553430416331042,0,0.31702657553235997,LR
2015-08-21,VNQ,0.0031780389808333,0.007329376398901,0,0.3702121879689212,LR
2015-08-28,VNQ,-0.0447208891363601,-0.0335712456803461,0,0.36073020345342444,LR
2015-09-04,VNQ,0.015925366837312,0.0215487700345718,1,0.332879626879484,LR
2015-09-11,VNQ,0.0295507006256905,-0.0013923955370784,1,0.3017659538100081,LR
2015-09-18,VNQ,-0.0137541979661076,-0.013302280581258,0,0.3307196318764565,LR
2015-09-25,VNQ,0.0178380762632706,0.0111483581133892,1,0.4072477026596612,LR
2015-10-02,VNQ,0.0287835259131128,0.0324619563689987,1,0.37553811097804174,LR
2015-10-09,VNQ,0.0107377265639005,0.0096356339669097,1,0.33290383477076774,LR
2015-10-16,VNQ,0.0092522859803727,0.0208589692304742,0,0.3745453599357904,LR
2015-10-23,VNQ,-0.0106501623572948,0.0020239119400451,0,0.3957391386645715,LR
2015-10-30,VNQ,-0.0231047643458487,0.0101476300714288,0,0.32580772641983097,LR
2015-11-06,VNQ,-0.0164693612865758,-0.0357074531793031,0,0.40651556108537845,LR
2015-11-13,VNQ,0.038678441162681,0.0334254053504488,1,0.33542989024573455,LR
2015-11-20,VNQ,0.0090840424084974,0.0011944924607449,0,0.2668316624649791,LR
2015-11-27,VNQ,-0.0147003906132305,0.0002861033197021,0,0.2828692430870877,LR
2015-12-04,VNQ,-0.0164639746382535,-0.036923610895777,0,0.3283810527167241,LR
2015-12-11,VNQ,0.0168446090334899,-0.0033170950796873,1,0.27080645674493264,LR
2015-12-18,VNQ,-0.0010063123403105,0.0282972898504103,0,0.3295543399322348,LR
2015-12-25,VNQ,0.0072006021785602,-0.0087999292499837,0,0.2684074347338777,LR
2015-01-02,VOX,-0.0068436794224742,-0.0057441724242675,0,0.3099887950167969,LR
2015-01-09,VOX,0.0092067843255208,-0.0128271487285225,0,0.2948252483725553,LR
2015-01-16,VOX,0.0025731136924342,0.0165648858318805,0,0.2990481083841966,LR
2015-01-23,VOX,-0.0279532092356542,-0.0269306449553121,0,0.3480673629692469,LR
2015-01-30,VOX,0.0553028812060178,0.0305839290651197,1,0.37121443596459475,LR
2015-02-06,VOX,0.008935564454358,0.0205791092388548,0,0.2996495133790744,LR
2015-02-13,VOX,-0.0042643614725081,0.0069596680915926,0,0.3432946519298747,LR
2015-02-20,VOX,0.001469227491929,-0.0027457372774193,0,0.35636578473071084,LR
2015-02-27,VOX,-0.0191457446049927,-0.0150003744371823,0,0.3339500021823163,LR
2015-03-06,VOX,-0.0119608202718153,-0.0080483615679584,0,0.3619834220214301,LR
2015-03-13,VOX,0.0263462923233914,0.0268147124888578,1,0.43791987420427353,LR
2015-03-20,VOX,-0.0221019291579576,-0.022195080295643,0,0.35465570962517456,LR
2015-03-27,VOX,0.0234996080278704,0.0034022939516899,1,0.41489414999693963,LR
2015-04-03,VOX,0.0016962741757462,0.0174388564322125,0,0.3660404507764528,LR
2015-04-10,VOX,-0.0065625053143767,-0.0099508141818013,0,0.3405177502422017,LR
2015-04-17,VOX,0.029415062443191,0.0177930646208428,1,0.3989497762619441,LR
2015-04-24,VOX,-0.0134198786883518,-0.0043940493125136,0,0.303438084844545,LR
2015-05-01,VOX,-0.0249220953740555,0.0042706592366,0,0.39058944606195406,LR
2015-05-08,VOX,0.0056967075210603,0.0038750719895213,0,0.39136507242221935,LR
2015-05-15,VOX,-0.0052124542149876,0.0025887607580434,0,0.36173089846453493,LR
2015-05-22,VOX,0.0050251536509215,-0.0086856683795027,0,0.43735064811809415,LR
2015-05-29,VOX,-0.0099852182099533,-0.0064885807024519,0,0.4338285875440052,LR
2015-06-05,VOX,0.0058452966903206,0.0011440178056127,0,0.4027597852835619,LR
2015-06-12,VOX,0.0135073294062679,0.0086922711820474,1,0.41767427422635967,LR
2015-06-19,VOX,-0.0020268022759152,-0.0046963172607782,0,0.37141807991904835,LR
2015-06-26,VOX,-0.0101378218517711,-0.0119624876957181,0,0.3936740063693713,LR
2015-07-03,VOX,-0.0053222154674122,0.0008197849437306,0,0.4085070179751702,LR
2015-07-10,VOX,0.0077653938157691,0.0240989244879901,0,0.4096867609718898,LR
2015-07-17,VOX,-0.034300767770748,-0.0210845999017386,0,0.3765847236431452,LR
2015-07-24,VOX,0.0297867269261267,0.0120199112032765,1,0.40758073577984905,LR
2015-07-31,VOX,-0.0174425567928094,-0.012114766678149,0,0.3055382755448474,LR
2015-08-07,VOX,0.0206257408774062,0.0070692391681069,1,0.3441966276401723,LR
2015-08-14,VOX,-0.0229805817310406,-0.0553430416331042,0,0.3323348509459294,LR
2015-08-21,VOX,-0.0039183308747514,0.0073293763989009,0,0.37980138517370693,LR
2015-08-28,VOX,-0.0131296071872576,-0.0335712456803461,0,0.2677160874839856,LR
2015-09-04,VOX,0.0002390513174135,0.0215487700345715,0,0.34875601287919783,LR
2015-09-11,VOX,-0.000598317661848,-0.0013923955370783,0,0.3409912125691554,LR
2015-09-18,VOX,-0.0451889923859791,-0.0133022805812581,0,0.35658215371229524,LR
2015-09-25,VOX,-0.0196471937463218,0.0111483581133893,0,0.4689776837331271,LR
2015-10-02,VOX,0.0343690442221389,0.0324619563689988,1,0.33180647361575,LR
2015-10-09,VOX,0.0161903558762153,0.0096356339669097,1,0.3024592391498974,LR
2015-10-16,VOX,0.0348247278003523,0.0208589692304744,1,0.3497085387156777,LR
2015-10-23,VOX,0.0031589638377238,0.002023911940045,0,0.3548052357263811,LR
2015-10-30,VOX,-0.0100763858476757,0.010147630071429,0,0.32902809569008185,LR
2015-11-06,VOX,-0.034047076407488,-0.0357074531793032,0,0.4069956610973638,LR
2015-11-13,VOX,0.0272694211822353,0.0334254053504487,1,0.3132233383306839,LR
2015-11-20,VOX,0.0030659728476336,0.001194492460745,0,0.2525027522211624,LR
2015-11-27,VOX,-0.0051449348606515,0.000286103319702,0,0.2767849429463247,LR
2015-12-04,VOX,-0.0343974342082676,-0.036923610895777,0,0.3206647196455345,LR
2015-12-11,VOX,0.0127138538793791,-0.0033170950796874,1,0.3121854813826251,LR
2015-12-18,VOX,0.0222062916544256,0.0282972898504104,1,0.31145896412909946,LR
2015-12-25,VOX,-0.0111948732195307,-0.0087999292499837,0,0.260091242234045,LR
2015-01-02,VPU,-0.0001946145310599,-0.0057441724242673,0,0.29066112302023095,LR
2015-01-09,VPU,0.0245989189774606,-0.0128271487285224,1,0.2207513410168323,LR
2015-01-16,VPU,0.0065173778606895,0.0165648858318804,0,0.29339045334938113,LR
2015-01-23,VPU,-0.0213363163604176,-0.026930644955312,0,0.3514412031752334,LR
2015-01-30,VPU,-0.0369946353454114,0.0305839290651196,0,0.3819942077204847,LR
2015-02-06,VPU,-0.028047589576387,0.020579109238855,0,0.3789945831021918,LR
2015-02-13,VPU,0.0239150566306165,0.0069596680915925,1,0.29019949837577336,LR
2015-02-20,VPU,-0.0088664710671834,-0.0027457372774193,0,0.23268695867790837,LR
2015-02-27,VPU,-0.0399796559833929,-0.0150003744371823,0,0.3173194268789835,LR
2015-03-06,VPU,0.0016941553216722,-0.0080483615679585,0,0.39993065577890224,LR
2015-03-13,VPU,0.0393044854327204,0.0268147124888578,1,0.37856634560805325,LR
2015-03-20,VPU,-0.0240016955941045,-0.0221950802956431,0,0.3537270410482932,LR
2015-03-27,VPU,0.0123958587646482,0.00340229395169,1,0.3874418403281188,LR
2015-04-03,VPU,-0.0011289060713818,0.0174388564322125,0,0.31734754745148314,LR
2015-04-10,VPU,-0.0108002781174024,-0.0099508141818014,0,0.32180968820328765,LR
2015-04-17,VPU,0.0187409145193426,0.0177930646208428,1,0.388160757919887,LR
2015-04-24,VPU,-0.0193770522332175,-0.0043940493125136,0,0.3034064376459505,LR
2015-05-01,VPU,-0.0138200943744151,0.0042706592366,0,0.355872188504522,LR
2015-05-08,VPU,0.0066953346957006,0.0038750719895213,0,0.3517639411044474,LR
2015-05-15,VPU,0.0080233055462364,0.0025887607580434,0,0.31531610663444104,LR
2015-05-22,VPU,0.0002070835691194,-0.0086856683795026,0,0.36322616309884176,LR
2015-05-29,VPU,-0.0417398582220618,-0.0064885807024519,0,0.3579286073062795,LR
2015-06-05,VPU,-0.0052785250834728,0.0011440178056128,0,0.39018821399215897,LR
2015-06-12,VPU,0.0170466853510902,0.0086922711820474,1,0.3456355644568846,LR
2015-06-19,VPU,-0.033656364397242,-0.0046963172607782,0,0.3113066713845025,LR
2015-06-26,VPU,0.011487914829898,-0.0119624876957182,1,0.39069593280261833,LR
2015-07-03,VPU,0.0187213354765354,0.0008197849437305,1,0.3275761089214477,LR
2015-07-10,VPU,0.0046087919733213,0.0240989244879899,0,0.32013894864300696,LR
2015-07-17,VPU,-0.0259227689412498,-0.0210845999017386,0,0.35578093854837756,LR
2015-07-24,VPU,0.0392285132353604,0.0120199112032765,1,0.367023293167637,LR
2015-07-31,VPU,0.0038987893702677,-0.012114766678149,0,0.31282690191078794,LR
2015-08-07,VPU,0.0278098593810285,0.0070692391681069,1,0.36993041133296084,LR
2015-08-14,VPU,-0.0157030786205725,-0.0553430416331042,0,0.34956472506434894,LR
2015-08-21,VPU,-0.0287747201923338,0.007329376398901,0,0.39447659083632036,LR
2015-08-28,VPU,-0.0469087386009526,-0.0335712456803461,0,0.3737517463419639,LR
2015-09-04,VPU,0.0035914668945495,0.0215487700345717,0,0.37076091877234807,LR
2015-09-11,VPU,0.0256037662457306,-0.0013923955370783,1,0.3494637515060302,LR
2015-09-18,VPU,-0.0004349460300182,-0.0133022805812582,0,0.3662043850061781,LR
2015-09-25,VPU,0.0176701869675992,0.0111483581133894,1,0.4522100206720518,LR
2015-10-02,VPU,0.0100352563230632,0.0324619563689986,1,0.4310374100716015,LR
2015-10-09,VPU,0.0209036708406027,0.0096356339669097,1,0.37990191052354727,LR
2015-10-16,VPU,-0.0027997124183499,0.0208589692304744,0,0.3619586984051845,LR
2015-10-23,VPU,-0.0151625202055349,0.0020239119400452,0,0.42780272330744296,LR
2015-10-30,VPU,-0.035936305771405,0.010147630071429,0,0.3468357848923413,LR
2015-11-06,VPU,0.0081318446568079,-0.0357074531793032,0,0.41121282460615083,LR
2015-11-13,VPU,0.0212627259524951,0.0334254053504487,1,0.33034081795840037,LR
2015-11-20,VPU,-0.0111087469025452,0.0011944924607449,0,0.2850676977254424,LR
2015-11-27,VPU,-0.0078833233214691,0.0002861033197021,0,0.3042767233696621,LR
2015-12-04,VPU,-0.016238071692195,-0.036923610895777,0,0.3029531302706627,LR
2015-12-11,VPU,0.0199534760007291,-0.0033170950796874,1,0.27113157355306877,LR
2015-12-18,VPU,0.0209865292165196,0.0282972898504102,1,0.295690419552853,LR
2015-12-25,VPU,-0.0008509927586084,-0.0087999292499837,0,0.2651436153787843,LR
2016-01-01,VAW,-0.0631668987065227,-0.0586159228469793,0,0.3973445264900079,LR
2016-01-08,VAW,-0.0461627292991286,-0.0214148713666712,0,0.4188064225396079,LR
2016-01-15,VAW,-0.0048740329139614,0.0144291561353883,0,0.34098706624622466,LR
2016-01-22,VAW,0.0203467672896817,0.0167962224340713,1,0.3898332748734882,LR
2016-01-29,VAW,0.0391154546623846,-0.0297851344434978,1,0.4221411660005384,LR
2016-02-05,VAW,-0.0048543479570161,-0.0070232521725213,0,0.4056769323917695,LR
2016-02-12,VAW,0.010251087223875,0.0287736978504728,1,0.4515003585937937,LR
2016-02-19,VAW,0.0208544526345837,0.0160934128911893,1,0.37841820173499263,LR
2016-02-26,VAW,0.039421375784759,0.0273722150322157,1,0.4298711152790196,LR
2016-03-04,VAW,0.0216560613759699,0.0116251821514226,1,0.3795948830465892,LR
2016-03-11,VAW,0.0326960946794041,0.0131884244650829,1,0.3244910088775267,LR
2016-03-18,VAW,-0.0121852613396792,-0.0061650842809381,0,0.4013950028385954,LR
2016-03-25,VAW,0.0153830373001566,0.0187081198213254,1,0.3041293849360219,LR
2016-04-01,VAW,-0.0097136402578814,-0.0116953232369406,0,0.26344781681985724,LR
2016-04-08,VAW,0.0283191332784491,0.016039045402255,1,0.25788394516676666,LR
2016-04-15,VAW,0.0287271086037352,0.0057271779278114,1,0.22984076669429843,LR
2016-04-22,VAW,-9.667636109578216e-05,-0.0126336482417741,0,0.26311915736906966,LR
2016-04-29,VAW,-0.0213687672898793,-0.0029561918272998,0,0.32625270334899953,LR
2016-05-06,VAW,-0.0044352153785012,-0.0046665202598526,0,0.2844795725565662,LR
2016-05-13,VAW,-0.0014791590618484,0.0035653252661287,0,0.30331045070006013,LR
2016-05-20,VAW,0.0202916199380012,0.023115635309309,1,0.3894107167876139,LR
2016-05-27,VAW,0.0076034735700225,0.0001900510217189,0,0.3112283753832484,LR
2016-06-03,VAW,0.0025690226106658,-0.0009985416205865,0,0.40908652812194235,LR
2016-06-10,VAW,-0.0071333460562473,-0.011786785435401,0,0.4006701152459515,LR
2016-06-17,VAW,-0.0374489352313637,-0.0158820546105985,0,0.41582649224948626,LR
2016-06-24,VAW,0.0217780677662624,0.0328676115894934,1,0.48719258566734974,LR
2016-07-01,VAW,0.0205418996885775,0.0130048921093158,1,0.32744375184091895,LR
2016-07-08,VAW,0.0301216824656662,0.0149540896365928,1,0.3349337860026519,LR
2016-07-15,VAW,-0.004893872518527,0.006532881695349,0,0.28257816793313073,LR
2016-07-22,VAW,0.0047415595742519,-0.0005525549792617,0,0.30576081196621646,LR
2016-07-29,VAW,0.0018509666135446,0.0048821019489217,0,0.3094669399412248,LR
2016-08-05,VAW,-0.0086692099858031,0.0012836035614128,0,0.30749060551936275,LR
2016-08-12,VAW,0.0092721373588147,0.0003660394441944,0,0.3395706390425145,LR
2016-08-19,VAW,-0.0006459920120887,-0.0057198965464471,0,0.3595917157172922,LR
2016-08-26,VAW,0.012760029902429,0.0049706148075253,1,0.3700036825638676,LR
2016-09-02,VAW,-0.0401346572892969,-0.0233090297491062,0,0.37937054594151526,LR
2016-09-09,VAW,-0.0012419724437957,0.0054751135896251,0,0.3338376084523519,LR
2016-09-16,VAW,0.005700156393162,0.012279323472352,0,0.3167019850061319,LR
2016-09-23,VAW,0.0133636243405086,0.0014354999568425,1,0.2979489174753514,LR
2016-09-30,VAW,-0.0215787493893989,-0.0058257281624598,0,0.3495223247238189,LR
2016-10-07,VAW,-0.0123162205636585,-0.0089281318498065,0,0.4289302407291495,LR
2016-10-14,VAW,0.0174828318355557,0.0040351571323639,1,0.34574634500503354,LR
2016-10-21,VAW,-0.016252491646451,-0.006729912983492,0,0.39943446667728766,LR
2016-10-28,VAW,-0.0071818442766281,-0.0187727214483763,0,0.47829554334020546,LR
2016-11-04,VAW,0.0398467047118162,0.0377367085223699,1,0.40159123765174387,LR
2016-11-11,VAW,-0.0030032236067415,0.0096107481862748,0,0.3012439989062435,LR
2016-11-18,VAW,0.0218633399194507,0.0138218080225137,1,0.26840450309688085,LR
2016-11-25,VAW,-0.000265261739417,-0.0083062622423351,0,0.28809717237285704,LR
2016-12-02,VAW,0.0266116174517339,0.0310905257159186,1,0.2656653216703769,LR
2016-12-09,VAW,-0.024094323929983,-0.000633740887319,0,0.23003981520761893,LR
2016-12-16,VAW,-0.0026253210044308,0.0029771798362439,0,0.30005837189124274,LR
2016-12-23,VAW,-0.0152390774138986,-0.0096584176595812,0,0.2719434728053187,LR
2016-12-30,VAW,0.0135314299409776,0.0164632259853421,1,0.2543101693383576,LR
2016-01-01,VCR,-0.0460618766765877,-0.0586159228469793,0,0.4006982144633755,LR
2016-01-08,VCR,-0.0358441505597267,-0.0214148713666712,0,0.3956883330472706,LR
2016-01-15,VCR,0.0135075472225152,0.0144291561353885,1,0.3073494756802761,LR
2016-01-22,VCR,0.0128103805285162,0.0167962224340713,1,0.34918042483640904,LR
2016-01-29,VCR,-0.04805435832224,-0.0297851344434978,0,0.39593249060962155,LR
2016-02-05,VCR,0.0082667597935597,-0.0070232521725213,0,0.46473480264606004,LR
2016-02-12,VCR,0.0303443624652086,0.0287736978504729,1,0.3561856833305964,LR
2016-02-19,VCR,0.0222649356407638,0.0160934128911893,1,0.30113358406256907,LR
2016-02-26,VCR,0.028798520280779,0.0273722150322156,1,0.41212368321162723,LR
2016-03-04,VCR,0.011848128385683,0.0116251821514226,1,0.34865802992576334,LR
2016-03-11,VCR,0.0177598014970905,0.0131884244650831,1,0.3111605819381235,LR
2016-03-18,VCR,-0.010508316170407,-0.0061650842809381,0,0.4025595648979819,LR
2016-03-25,VCR,0.0217372965046347,0.0187081198213255,1,0.3598028922020582,LR
2016-04-01,VCR,-0.0207848804638397,-0.0116953232369406,0,0.31972982895226254,LR
2016-04-08,VCR,0.0174679565123896,0.016039045402255,1,0.2964178461598365,LR
2016-04-15,VCR,0.0015271053223151,0.0057271779278114,0,0.28334076826152027,LR
2016-04-22,VCR,-0.0009672345602849,-0.012633648241774,0,0.3253576529571234,LR
2016-04-29,VCR,-0.0053884364539033,-0.0029561918272998,0,0.35495284526843407,LR
2016-05-06,VCR,-0.0155188987229336,-0.0046665202598526,0,0.3249843856873634,LR
2016-05-13,VCR,-0.0038619030656877,0.0035653252661287,0,0.34645695253244974,LR
2016-05-20,VCR,0.0218790772489405,0.0231156353093091,1,0.3889107583762615,LR
2016-05-27,VCR,0.0008072820934201,0.0001900510217189,0,0.2915239836123082,LR
2016-06-03,VCR,-0.0097596925399624,-0.0009985416205865,0,0.393873229488969,LR
2016-06-10,VCR,-0.0017158189845568,-0.011786785435401,0,0.3965594458229084,LR
2016-06-17,VCR,-0.0341332836830913,-0.0158820546105985,0,0.3837360333640201,LR
2016-06-24,VCR,0.0425352009426265,0.0328676115894934,1,0.42344437637100046,LR
2016-07-01,VCR,0.0264770596637091,0.0130048921093157,1,0.2884829885338321,LR
2016-07-08,VCR,0.0048416590260693,0.0149540896365929,0,0.33469500130378355,LR
2016-07-15,VCR,0.008760165877766,0.006532881695349,0,0.32909124809007073,LR
2016-07-22,VCR,-0.0001563581449826,-0.0005525549792616,0,0.30710237214805874,LR
2016-07-29,VCR,-0.003362003909662,0.0048821019489218,0,0.3571113224588697,LR
2016-08-05,VCR,0.0068965302816712,0.0012836035614126,0,0.31655166072572677,LR
2016-08-12,VCR,-0.0071439523036648,0.0003660394441945,0,0.3110757174695728,LR
2016-08-19,VCR,-0.0063400530247688,-0.0057198965464473,0,0.3617245064458471,LR
2016-08-26,VCR,0.0001574414827971,0.0049706148075251,0,0.36030963065892213,LR
2016-09-02,VCR,-0.0281844929638925,-0.0233090297491062,0,0.36024371156044993,LR
2016-09-09,VCR,0.0095199198894959,0.005475113589625,0,0.3448987528329376,LR
2016-09-16,VCR,0.0081066069982964,0.0122793234723518,0,0.3082037374520269,LR
2016-09-23,VCR,0.0051159024576712,0.0014354999568426,0,0.30123493737098167,LR
2016-09-30,VCR,-0.0024702969469349,-0.0058257281624598,0,0.3523432965600057,LR
2016-10-07,VCR,-0.0156759867065068,-0.0089281318498064,0,0.4001975035613604,LR
2016-10-14,VCR,0.0095600769849977,0.0040351571323639,0,0.3518146136244371,LR
2016-10-21,VCR,-0.0229306700432039,-0.0067299129834919,0,0.396661021128387,LR
2016-10-28,VCR,-0.0176398210416277,-0.0187727214483763,0,0.4335632093566074,LR
2016-11-04,VCR,0.0289581520517656,0.0377367085223699,1,0.3797810642233026,LR
2016-11-11,VCR,0.0147572246655103,0.0096107481862748,1,0.2838222363142961,LR
2016-11-18,VCR,0.021611955309617,0.0138218080225135,1,0.25818013100805337,LR
2016-11-25,VCR,-0.0183654272344412,-0.0083062622423352,0,0.28707841177960014,LR
2016-12-02,VCR,0.0328861066782679,0.0310905257159186,1,0.27100319921365346,LR
2016-12-09,VCR,-0.0178235323413571,-0.0006337408873191,0,0.21692542486961167,LR
2016-12-16,VCR,-0.0051227020669657,0.0029771798362439,0,0.31116960660142107,LR
2016-12-23,VCR,-0.0119029568209786,-0.0096584176595812,0,0.2898341991437022,LR
2016-12-30,VCR,0.0134321876126755,0.0164632259853421,1,0.26540281289934115,LR
2016-01-01,VDC,-0.0196862912645527,-0.0586159228469792,0,0.3481084205861158,LR
2016-01-08,VDC,-0.0207835688190451,-0.021414871366671,0,0.33632601174880333,LR
2016-01-15,VDC,0.01000407844852,0.0144291561353884,1,0.28139734709211933,LR
2016-01-22,VDC,0.0333040072063601,0.0167962224340714,1,0.32513914568862035,LR
2016-01-29,VDC,-0.0179697015414167,-0.0297851344434977,0,0.328219672351273,LR
2016-02-05,VDC,0.0138833307137031,-0.0070232521725213,1,0.3754623625460495,LR
2016-02-12,VDC,0.008428295896667,0.0287736978504727,0,0.3322410188280363,LR
2016-02-19,VDC,0.0011543319506401,0.0160934128911893,0,0.29633274505795154,LR
2016-02-26,VDC,0.0193740975764722,0.0273722150322156,1,0.3941874319424021,LR
2016-03-04,VDC,0.0134130715642488,0.0116251821514225,1,0.32387636385696,LR
2016-03-11,VDC,0.0104034083025126,0.0131884244650829,1,0.28369314983327715,LR
2016-03-18,VDC,-0.0065554592282649,-0.0061650842809381,0,0.3697161475977614,LR
2016-03-25,VDC,0.0258408534864751,0.0187081198213255,1,0.336046931404914,LR
2016-04-01,VDC,-0.0065692985144845,-0.0116953232369406,0,0.294007116317926,LR
2016-04-08,VDC,-0.0079882474332636,0.0160390454022548,0,0.26663991241613455,LR
2016-04-15,VDC,-0.0186321942510975,0.0057271779278114,0,0.2792093933376501,LR
2016-04-22,VDC,0.0106446348471511,-0.0126336482417742,1,0.30459082436966844,LR
2016-04-29,VDC,0.013867147861335,-0.0029561918272998,1,0.3162834199838516,LR
2016-05-06,VDC,-0.0013206744720464,-0.0046665202598526,0,0.2853444055877346,LR
2016-05-13,VDC,-0.0204097636080867,0.0035653252661287,0,0.304902857075812,LR
2016-05-20,VDC,0.0153568634999698,0.023115635309309,1,0.33410603738420863,LR
2016-05-27,VDC,0.0081617691937614,0.0001900510217189,0,0.2238781855828808,LR
2016-06-03,VDC,0.0076374969769328,-0.0009985416205865,0,0.32961907968506204,LR
2016-06-10,VDC,-0.0046249412275308,-0.011786785435401,0,0.34723509513956474,LR
2016-06-17,VDC,-0.0186922371790269,-0.0158820546105985,0,0.33762901433498604,LR
2016-06-24,VDC,0.0382034668815958,0.0328676115894935,1,0.3675401027021463,LR
2016-07-01,VDC,0.0163548866750402,0.0130048921093158,1,0.24629893237105907,LR
2016-07-08,VDC,0.0012599421902594,0.0149540896365928,0,0.2825905870561189,LR
2016-07-15,VDC,-0.0046807193782464,0.0065328816953488,0,0.25597294986937486,LR
2016-07-22,VDC,-0.0112429967829055,-0.0005525549792617,0,0.26902337147636923,LR
2016-07-29,VDC,-0.0014203394164775,0.0048821019489217,0,0.32050577870435343,LR
2016-08-05,VDC,0.006396653694346,0.0012836035614128,0,0.30900425007795473,LR
2016-08-12,VDC,-0.0060567686251196,0.0003660394441944,0,0.32766534311908163,LR
2016-08-19,VDC,-0.010413723310902,-0.0057198965464472,0,0.3768540618080305,LR
2016-08-26,VDC,0.0087292592204806,0.0049706148075252,0,0.36660017574748227,LR
2016-09-02,VDC,-0.0386442387819281,-0.0233090297491063,0,0.3627934276908745,LR
2016-09-09,VDC,0.00634499522614,0.0054751135896251,0,0.3629911166178131,LR
2016-09-16,VDC,0.003293544113009,0.0122793234723518,0,0.3211887502316697,LR
2016-09-23,VDC,0.0007311456675547,0.0014354999568427,0,0.30549898489175786,LR
2016-09-30,VDC,-0.0136083220019961,-0.0058257281624598,0,0.35609051511237283,LR
2016-10-07,VDC,0.0002225098477017,-0.0089281318498065,0,0.41673354731597173,LR
2016-10-14,VDC,-0.0027438662160128,0.0040351571323641,0,0.3425585485187826,LR
2016-10-21,VDC,0.0057117742482435,-0.0067299129834919,0,0.38576504171801695,LR
2016-10-28,VDC,-0.0216814329577675,-0.0187727214483764,0,0.4116688846509368,LR
2016-11-04,VDC,-0.0247643084535698,0.0377367085223699,0,0.38761002123736843,LR
2016-11-11,VDC,0.0033012873380517,0.0096107481862747,0,0.37665449545708557,LR
2016-11-18,VDC,0.0101448246403244,0.0138218080225136,1,0.22556039085546165,LR
2016-11-25,VDC,-0.0131460069895766,-0.0083062622423352,0,0.2638835784502245,LR
2016-12-02,VDC,0.0287197873466502,0.0310905257159185,1,0.2688939479031372,LR
2016-12-09,VDC,0.0026795727130386,-0.000633740887319,0,0.236509733801171,LR
2016-12-16,VDC,-0.0002966892333038,0.0029771798362438,0,0.28266586144239486,LR
2016-12-23,VDC,-0.0058613540086643,-0.0096584176595811,0,0.2751621387945644,LR
2016-12-30,VDC,0.0026771815801556,0.016463225985342,0,0.24870315461728684,LR
2016-01-01,VDE,-0.0688864655147498,-0.0586159228469793,0,0.46868372655813845,LR
2016-01-08,VDE,-0.0314798396872411,-0.0214148713666712,0,0.47324585212332193,LR
2016-01-15,VDE,0.0134921202784163,0.0144291561353884,1,0.36365965256262983,LR
2016-01-22,VDE,0.0622925007886274,0.0167962224340714,1,0.4364593598452212,LR
2016-01-29,VDE,-0.0199567780776175,-0.0297851344434978,0,0.446601791044935,LR
2016-02-05,VDE,0.0108810998962702,-0.0070232521725214,1,0.4900158663540479,LR
2016-02-12,VDE,0.0099509472705094,0.0287736978504729,0,0.42012134672869983,LR
2016-02-19,VDE,-0.009912086780202,0.0160934128911893,0,0.32289416940112653,LR
2016-02-26,VDE,0.0716177087381628,0.0273722150322157,1,0.4247617365769068,LR
2016-03-04,VDE,0.0179872892453698,0.0116251821514227,1,0.2824717512651262,LR
2016-03-11,VDE,0.0284123489836927,0.013188424465083,1,0.30449477294450444,LR
2016-03-18,VDE,-0.0256439486526257,-0.0061650842809381,0,0.4132383894572722,LR
2016-03-25,VDE,-0.0146990447770333,0.0187081198213255,0,0.32061686644431864,LR
2016-04-01,VDE,0.0260725841342404,-0.0116953232369406,1,0.3518970430798442,LR
2016-04-08,VDE,0.0158292870909297,0.016039045402255,1,0.25502705783034496,LR
2016-04-15,VDE,0.0836984357278027,0.0057271779278113,1,0.31675666394287455,LR
2016-04-22,VDE,0.0083102362478659,-0.0126336482417742,0,0.305595883113572,LR
2016-04-29,VDE,-0.0378675882841746,-0.0029561918272998,0,0.3954766930239859,LR
2016-05-06,VDE,-0.0006632496042556,-0.0046665202598526,0,0.39030688487223797,LR
2016-05-13,VDE,0.0067885153263702,0.0035653252661287,0,0.33419656206127074,LR
2016-05-20,VDE,0.0222149974798284,0.0231156353093091,1,0.4125676280510077,LR
2016-05-27,VDE,-0.006844913258272,0.0001900510217189,0,0.37401108583406467,LR
2016-06-03,VDE,0.0072680667263793,-0.0009985416205864,0,0.44342580621200145,LR
2016-06-10,VDE,0.0052389379895725,-0.0117867854354011,0,0.4191673668836565,LR
2016-06-17,VDE,-0.0250026769804683,-0.0158820546105984,0,0.43501587538960096,LR
2016-06-24,VDE,0.0432131650443026,0.0328676115894933,1,0.48315326544158727,LR
2016-07-01,VDE,-0.0010581849113343,0.0130048921093157,0,0.32639292151327776,LR
2016-07-08,VDE,0.0161341215834063,0.0149540896365929,1,0.3679220166573908,LR
2016-07-15,VDE,-0.0103190063369934,0.0065328816953489,0,0.3126860605383835,LR
2016-07-22,VDE,-0.0108153607196597,-0.0005525549792616,0,0.3457977868837866,LR
2016-07-29,VDE,0.015284592543191,0.0048821019489217,1,0.38013327876608016,LR
2016-08-05,VDE,0.0094429643464024,0.0012836035614127,0,0.3059936120670738,LR
2016-08-12,VDE,0.0187890956683041,0.0003660394441944,1,0.343062963913274,LR
2016-08-19,VDE,-0.0039346125037065,-0.0057198965464472,0,0.369794869668653,LR
2016-08-26,VDE,-0.001043280915107,0.0049706148075253,0,0.38997326007769934,LR
2016-09-02,VDE,0.0034346567939806,-0.0233090297491062,0,0.3683958215169469,LR
2016-09-09,VDE,-0.0236031554697701,0.005475113589625,0,0.3264598860336259,LR
2016-09-16,VDE,-0.0139934238227654,0.0122793234723518,0,0.40893407877995236,LR
2016-09-23,VDE,0.042582770790996,0.0014354999568425,1,0.3117452812785597,LR
2016-09-30,VDE,0.0004093421513269,-0.0058257281624598,0,0.24495345639068056,LR
2016-10-07,VDE,-0.0106383070049251,-0.0089281318498065,0,0.41707987117921813,LR
2016-10-14,VDE,0.0079826278226129,0.004035157132364,0,0.3683824220752853,LR
2016-10-21,VDE,-0.0209660930271724,-0.0067299129834919,0,0.3800560852541582,LR
2016-10-28,VDE,-0.0220022779754979,-0.0187727214483763,0,0.46720484180522376,LR
2016-11-04,VDE,0.0153748766320966,0.0377367085223698,1,0.43025071963280637,LR
2016-11-11,VDE,0.0270778494152963,0.0096107481862748,1,0.32885335522510056,LR
2016-11-18,VDE,0.0090334392320585,0.0138218080225137,0,0.28176446547293,LR
2016-11-25,VDE,0.027640190687997,-0.0083062622423353,1,0.3056244516232513,LR
2016-12-02,VDE,0.0152818161428081,0.0310905257159186,1,0.27646253875414933,LR
2016-12-09,VDE,-0.0270493032668305,-0.0006337408873189,0,0.26424503771750907,LR
2016-12-16,VDE,-0.0020725503301052,0.0029771798362439,0,0.29715351101122883,LR
2016-12-23,VDE,-0.0125460032473686,-0.0096584176595812,0,0.2763541806754571,LR
2016-12-30,VDE,-0.001230058471089,0.016463225985342,0,0.28054865848261534,LR
2016-01-01,VFH,-0.0531624032608727,-0.0586159228469792,0,0.3835853749708488,LR
2016-01-08,VFH,-0.0381477309910727,-0.0214148713666711,0,0.3975977408365851,LR
2016-01-15,VFH,-0.0138479142092322,0.0144291561353884,0,0.3168765640894767,LR
2016-01-22,VFH,0.0237875891949799,0.0167962224340714,1,0.3854374675559984,LR
2016-01-29,VFH,-0.0290052699527118,-0.0297851344434978,0,0.4041395602596333,LR
2016-02-05,VFH,-0.0118091638686363,-0.0070232521725213,0,0.4543963824737499,LR
2016-02-12,VFH,0.0124823976783352,0.0287736978504727,1,0.3770944311812461,LR
2016-02-19,VFH,0.005983850793277,0.0160934128911893,0,0.3285262494546648,LR
2016-02-26,VFH,0.0449026120494091,0.0273722150322157,1,0.4462852511776692,LR
2016-03-04,VFH,0.0152083415836568,0.0116251821514225,1,0.36574012337839557,LR
2016-03-11,VFH,0.0171926202918479,0.0131884244650831,1,0.3259743463201626,LR
2016-03-18,VFH,-0.0167561502058174,-0.0061650842809381,0,0.397860275090546,LR
2016-03-25,VFH,0.0163363102263716,0.0187081198213255,1,0.34601831789919524,LR
2016-04-01,VFH,-0.0270096912115102,-0.0116953232369406,0,0.3054054895700632,LR
2016-04-08,VFH,0.0333406548075518,0.016039045402255,1,0.28087504031230065,LR
2016-04-15,VFH,0.0264222854401467,0.0057271779278115,1,0.23727194593420217,LR
2016-04-22,VFH,-0.0068735269296897,-0.012633648241774,0,0.27787919029028785,LR
2016-04-29,VFH,-0.0052312198202694,-0.0029561918272998,0,0.3376020140433043,LR
2016-05-06,VFH,-0.0084175404466679,-0.0046665202598526,0,0.2836121367898343,LR
2016-05-13,VFH,0.0123115688567827,0.0035653252661287,1,0.3208316285481408,LR
2016-05-20,VFH,0.0270610649271583,0.0231156353093092,1,0.33830736248661075,LR
2016-05-27,VFH,-0.0124160512332544,0.0001900510217189,0,0.2695810075746291,LR
2016-06-03,VFH,-0.0133855335151703,-0.0009985416205865,0,0.3999404427863326,LR
2016-06-10,VFH,-0.0140520549361206,-0.011786785435401,0,0.4016201886428447,LR
2016-06-17,VFH,-0.038057218692754,-0.0158820546105986,0,0.41404246055315214,LR
2016-06-24,VFH,0.0429109152995434,0.0328676115894933,1,0.47808273597750417,LR
2016-07-01,VFH,0.0160324929365309,0.0130048921093157,1,0.3007542253590434,LR
2016-07-08,VFH,0.0211517973095958,0.0149540896365929,1,0.3508253992158265,LR
2016-07-15,VFH,0.0077916970381068,0.0065328816953488,0,0.3363377121569686,LR
2016-07-22,VFH,0.0012207030871027,-0.0005525549792617,0,0.32793596133108394,LR
2016-07-29,VFH,0.0121976480091334,0.0048821019489217,1,0.3796324220085543,LR
2016-08-05,VFH,-0.0076183051318766,0.0012836035614128,0,0.3215482664864145,LR
2016-08-12,VFH,0.00141043105617,0.0003660394441945,0,0.3322870623012388,LR
2016-08-19,VFH,0.0054369806402192,-0.0057198965464471,0,0.3634007938356176,LR
2016-08-26,VFH,0.0165933228460934,0.0049706148075252,1,0.3633907709824056,LR
2016-09-02,VFH,-0.0176990705641746,-0.0233090297491061,0,0.3675996063212754,LR
2016-09-09,VFH,-0.00725368935329,0.0054751135896251,0,0.32694023978486525,LR
2016-09-16,VFH,0.0002021450348221,0.0122793234723518,0,0.2957166341578113,LR
2016-09-23,VFH,0.0036600305827334,0.0014354999568427,0,0.19758978303347385,LR
2016-09-30,VFH,0.018503453472251,-0.0058257281624598,1,0.33056130443497744,LR
2016-10-07,VFH,-0.0101816394485847,-0.0089281318498064,0,0.38427104732811695,LR
2016-10-14,VFH,0.0100765822402852,0.004035157132364,1,0.3522671943069774,LR
2016-10-21,VFH,-0.0013902621041825,-0.006729912983492,0,0.39548507411876765,LR
2016-10-28,VFH,-0.0186285898486715,-0.0187727214483763,0,0.40689443505682915,LR
2016-11-04,VFH,0.0932724909678202,0.0377367085223698,1,0.4088132976330932,LR
2016-11-11,VFH,0.0140111841144132,0.0096107481862749,1,0.24187542053649558,LR
2016-11-18,VFH,0.0074008487919878,0.0138218080225136,0,0.267560342050707,LR
2016-11-25,VFH,0.0124846652453838,-0.0083062622423351,1,0.30302155339626097,LR
2016-12-02,VFH,0.0416738762934465,0.0310905257159186,1,0.2552539473547144,LR
2016-12-09,VFH,-0.0168790410824524,-0.0006337408873191,0,0.23920478477151402,LR
2016-12-16,VFH,0.009075645639115,0.0029771798362438,0,0.3043073536156278,LR
2016-12-23,VFH,-0.0142833519918346,-0.0096584176595812,0,0.2555162231677849,LR
2016-12-30,VFH,0.0001665276712314,0.016463225985342,0,0.25120271849618314,LR
2016-01-01,VGT,-0.0554040026800125,-0.0586159228469791,0,0.42222346066852023,LR
2016-01-08,VGT,-0.0290012901175665,-0.0214148713666712,0,0.4440867558762684,LR
2016-01-15,VGT,0.0118027421644009,0.0144291561353884,1,0.34007612702639156,LR
2016-01-22,VGT,0.0178749842863725,0.0167962224340714,1,0.38025953948671043,LR
2016-01-29,VGT,-0.0500738723950071,-0.0297851344434978,0,0.4130027485239353,LR
2016-02-05,VGT,0.0097097432078661,-0.0070232521725213,0,0.47916421308680895,LR
2016-02-12,VGT,0.0313016392951637,0.0287736978504728,1,0.381375890230084,LR
2016-02-19,VGT,0.0038564164959993,0.0160934128911893,0,0.32054540509509155,LR
2016-02-26,VGT,0.0306343647871265,0.0273722150322158,1,0.46509402628637075,LR
2016-03-04,VGT,0.0130505769340727,0.0116251821514226,1,0.37310500670418717,LR
2016-03-11,VGT,0.0262332683228565,0.0131884244650831,1,0.32063067198651696,LR
2016-03-18,VGT,-0.0008380327628467,-0.006165084280938,0,0.4193589997182909,LR
2016-03-25,VGT,0.0266046568404794,0.0187081198213255,1,0.3571996831984491,LR
2016-04-01,VGT,-0.0184026726881089,-0.0116953232369407,0,0.3037454282317827,LR
2016-04-08,VGT,0.0075416138095054,0.0160390454022548,0,0.28038357434872124,LR
2016-04-15,VGT,-0.0103564957116382,0.0057271779278113,0,0.27348282534362317,LR
2016-04-22,VGT,-0.0296467923536164,-0.0126336482417741,0,0.338387024743247,LR
2016-04-29,VGT,-0.0021052748392643,-0.0029561918272998,0,0.36580213098766,LR
2016-05-06,VGT,-0.0022007784157709,-0.0046665202598525,0,0.32064031677395244,LR
2016-05-13,VGT,0.014272009980768,0.0035653252661287,1,0.34855096365134913,LR
2016-05-20,VGT,0.0367258256882123,0.0231156353093092,1,0.3805988162790949,LR
2016-05-27,VGT,-0.0030939697859589,0.0001900510217189,0,0.27426414981482533,LR
2016-06-03,VGT,-0.0057402938808015,-0.0009985416205865,0,0.38964372664907654,LR
2016-06-10,VGT,-0.0117018027950873,-0.0117867854354011,0,0.38608365796799393,LR
2016-06-17,VGT,-0.0334225389971888,-0.0158820546105985,0,0.4028235612309063,LR
2016-06-24,VGT,0.0320716726604035,0.0328676115894934,1,0.45967757899638156,LR
2016-07-01,VGT,0.0242094570558584,0.0130048921093157,1,0.30601645549372436,LR
2016-07-08,VGT,0.0176239637250197,0.0149540896365929,1,0.3475949188388023,LR
2016-07-15,VGT,0.0169278939885224,0.0065328816953488,1,0.3491817988504272,LR
2016-07-22,VGT,0.0147097523729546,-0.0005525549792616,1,0.3158627939312263,LR
2016-07-29,VGT,0.0148205852416243,0.0048821019489218,1,0.33974764879518815,LR
2016-08-05,VGT,0.0008529382117294,0.0012836035614127,0,0.2917256299299508,LR
2016-08-12,VGT,0.0012760007876673,0.0003660394441945,0,0.3181720943750033,LR
2016-08-19,VGT,0.00263632279652,-0.0057198965464471,0,0.3530047066148339,LR
2016-08-26,VGT,0.0074608300600351,0.0049706148075251,0,0.36418766453536017,LR
2016-09-02,VGT,-0.027213152445892,-0.0233090297491062,0,0.36774329929470845,LR
2016-09-09,VGT,0.033278320904714,0.0054751135896251,1,0.3321184336493219,LR
2016-09-16,VGT,0.0010896394725732,0.0122793234723519,0,0.2586724615428696,LR
2016-09-23,VGT,0.0130449676463459,0.0014354999568427,1,0.2674899124198665,LR
2016-09-30,VGT,0.0,-0.0058257281624598,0,0.32039247957984857,LR
2016-10-07,VGT,-0.0093193771321182,-0.0089281318498064,0,0.38805405186688513,LR
2016-10-14,VGT,0.0076458048040315,0.004035157132364,0,0.36695250595364237,LR
2016-10-21,VGT,-0.0073797628599424,-0.0067299129834919,0,0.4025658114171996,LR
2016-10-28,VGT,-0.0283333460489908,-0.0187727214483763,0,0.40225909148263067,LR
2016-11-04,VGT,0.0035487805184648,0.0377367085223698,0,0.38840493699951983,LR
2016-11-11,VGT,0.0128722763876854,0.0096107481862748,1,0.31256654561888564,LR
2016-11-18,VGT,0.0069548267575338,0.0138218080225136,0,0.26407339775327116,LR
2016-11-25,VGT,-0.0304351152219317,-0.0083062622423352,0,0.2941018734537736,LR
2016-12-02,VGT,0.0377931136573177,0.0310905257159187,1,0.3122900155948938,LR
2016-12-09,VGT,0.0009790548003654,-0.0006337408873191,0,0.245544635822378,LR
2016-12-16,VGT,0.0010565446395536,0.0029771798362439,0,0.31021313776881193,LR
2016-12-23,VGT,-0.0149180832862192,-0.0096584176595812,0,0.2919982755933625,LR
2016-12-30,VGT,0.0174175912786955,0.0164632259853421,1,0.24523820155351386,LR
2016-01-01,VHT,-0.0473900471096506,-0.0586159228469793,0,0.34680930243483427,LR
2016-01-08,VHT,-0.0265133338321299,-0.0214148713666712,0,0.35275955722804286,LR
2016-01-15,VHT,0.0011360820079096,0.0144291561353883,0,0.28467876345997417,LR
2016-01-22,VHT,-0.0211193116824861,0.0167962224340714,0,0.33154296030238145,LR
2016-01-29,VHT,-0.0270270098265049,-0.0297851344434979,0,0.4298013978383386,LR
2016-02-05,VHT,0.0082529488593954,-0.0070232521725212,0,0.42225147933101104,LR
2016-02-12,VHT,0.0177308147160752,0.0287736978504728,1,0.393582312823108,LR
2016-02-19,VHT,0.0123015824700085,0.0160934128911894,1,0.3659766641940403,LR
2016-02-26,VHT,0.0075701322980845,0.0273722150322156,0,0.4471708870423756,LR
2016-03-04,VHT,0.022096291182923,0.0116251821514227,1,0.4059807931693312,LR
2016-03-11,VHT,-0.0188785509923631,0.013188424465083,0,0.33424442355547757,LR
2016-03-18,VHT,0.0072636998954556,-0.006165084280938,0,0.4532923574831401,LR
2016-03-25,VHT,0.0209167217204044,0.0187081198213254,1,0.3356427964386553,LR
2016-04-01,VHT,0.008789440357247,-0.0116953232369407,0,0.2949754040731762,LR
2016-04-08,VHT,0.0106753003629183,0.0160390454022549,1,0.25740871667254406,LR
2016-04-15,VHT,0.0301247062141469,0.0057271779278114,1,0.2603938741108052,LR
2016-04-22,VHT,-0.0286675335982652,-0.0126336482417741,0,0.2729443312306855,LR
2016-04-29,VHT,-0.0127368717311592,-0.0029561918272998,0,0.32467026445186264,LR
2016-05-06,VHT,-0.0016707699927887,-0.0046665202598525,0,0.29218974925979485,LR
2016-05-13,VHT,0.0101983806669649,0.0035653252661288,1,0.27511395664947486,LR
2016-05-20,VHT,0.0253774933882904,0.023115635309309,1,0.3553211049562402,LR
2016-05-27,VHT,0.0130760116826391,0.0001900510217188,1,0.26878672519022323,LR
2016-06-03,VHT,-0.0082758449708963,-0.0009985416205865,0,0.3572337130464813,LR
2016-06-10,VHT,-0.0188852415078909,-0.0117867854354012,0,0.3691096552108851,LR
2016-06-17,VHT,-0.0217138075892094,-0.0158820546105985,0,0.38524851141177663,LR
2016-06-24,VHT,0.0497242097913392,0.0328676115894934,1,0.41718645035400437,LR
2016-07-01,VHT,0.0252370999570918,0.0130048921093157,1,0.2998023274228988,LR
2016-07-08,VHT,0.0048380637659484,0.0149540896365929,0,0.33543384518089403,LR
2016-07-15,VHT,0.0124425464569764,0.0065328816953489,1,0.3060141266278628,LR
2016-07-22,VHT,0.0062174735058391,-0.0005525549792616,0,0.28834137026365936,LR
2016-07-29,VHT,7.257120786641202e-05,0.0048821019489217,0,0.3327982253390548,LR
2016-08-05,VHT,-0.0071143065520077,0.0012836035614128,0,0.3188981992228054,LR
2016-08-12,VHT,-0.0080310001731193,0.0003660394441945,0,0.3227756566211411,LR
2016-08-19,VHT,-0.0161777492327687,-0.0057198965464472,0,0.37734253601559337,LR
2016-08-26,VHT,-0.0054522050255196,0.0049706148075253,0,0.38204153203489727,LR
2016-09-02,VHT,-0.0155957254795358,-0.0233090297491061,0,0.38543578404130485,LR
2016-09-09,VHT,0.0197308193594318,0.0054751135896251,1,0.3558321561748995,LR
2016-09-16,VHT,0.0085316526815364,0.012279323472352,0,0.3163989070614072,LR
2016-09-23,VHT,-0.0110143319291506,0.0014354999568427,0,0.31125936766287815,LR
2016-09-30,VHT,-0.0015097527470312,-0.0058257281624598,0,0.3496801472335706,LR
2016-10-07,VHT,-0.0340213766087512,-0.0089281318498064,0,0.3864348987925176,LR
2016-10-14,VHT,0.0030549849479926,0.0040351571323639,0,0.38235832603699815,LR
2016-10-21,VHT,-0.0357087021754636,-0.006729912983492,0,0.38864032950299837,LR
2016-10-28,VHT,-0.0188908041931058,-0.0187727214483764,0,0.43034494031935283,LR
2016-11-04,VHT,0.0525503041502182,0.0377367085223699,1,0.3823198064044119,LR
2016-11-11,VHT,-0.0106923029972956,0.0096107481862748,0,0.23239735817439272,LR
2016-11-18,VHT,-0.0031033741824697,0.0138218080225136,0,0.29161278053201956,LR
2016-11-25,VHT,-0.0181024286667109,-0.0083062622423352,0,0.30674150522362403,LR
2016-12-02,VHT,0.0048274818566405,0.0310905257159185,0,0.2773268012782129,LR
2016-12-09,VHT,0.0100938317478116,-0.000633740887319,1,0.2962257987242575,LR
2016-12-16,VHT,-0.0039716698207754,0.0029771798362439,0,0.3201182474613044,LR
2016-12-23,VHT,-0.0104597920607368,-0.009658417659581,0,0.3077858315277837,LR
2016-12-30,VHT,0.0256108265596908,0.0164632259853421,1,0.29392891777130187,LR
2016-01-01,VIS,-0.0524936935463239,-0.0586159228469792,0,0.39319599817910916,LR
2016-01-08,VIS,-0.0295113273588842,-0.0214148713666712,0,0.411524590730046,LR
2016-01-15,VIS,-0.0080827674598557,0.0144291561353883,0,0.3172688706948514,LR
2016-01-22,VIS,0.0299662209937301,0.0167962224340714,1,0.3537136855324491,LR
2016-01-29,VIS,-0.0002128434669075,-0.0297851344434977,0,0.38223301101939033,LR
2016-02-05,VIS,0.0017222392904943,-0.0070232521725213,0,0.43900826575434454,LR
2016-02-12,VIS,0.0254498913475469,0.0287736978504729,1,0.42881226448619275,LR
2016-02-19,VIS,0.0153213147945452,0.0160934128911894,1,0.3323388110624456,LR
2016-02-26,VIS,0.030395137717919,0.0273722150322158,1,0.41533047713144394,LR
2016-03-04,VIS,0.0079921578705806,0.0116251821514225,0,0.3497971301512261,LR
2016-03-11,VIS,0.0384841757849641,0.013188424465083,1,0.3061716986585435,LR
2016-03-18,VIS,-0.0101653018535894,-0.006165084280938,0,0.3854282479361908,LR
2016-03-25,VIS,0.0112143980486068,0.0187081198213254,1,0.3470235601964426,LR
2016-04-01,VIS,-0.0149891070691865,-0.0116953232369406,0,0.3022862888895923,LR
2016-04-08,VIS,0.0208253921486938,0.016039045402255,1,0.2627452413939234,LR
2016-04-15,VIS,0.0102811167873815,0.0057271779278114,1,0.26015672143212193,LR
2016-04-22,VIS,-0.0048662200027216,-0.012633648241774,0,0.3003228500824099,LR
2016-04-29,VIS,-0.0142628943175294,-0.0029561918272998,0,0.34194308620742486,LR
2016-05-06,VIS,-0.009047589983259,-0.0046665202598526,0,0.31127663036923214,LR
2016-05-13,VIS,-9.585218334795532e-05,0.0035653252661286,0,0.3452446320184884,LR
2016-05-20,VIS,0.0179169787101372,0.0231156353093091,1,0.3821571383840443,LR
2016-05-27,VIS,0.001503935172735,0.000190051021719,0,0.2759182072003533,LR
2016-06-03,VIS,0.0056248100161284,-0.0009985416205865,0,0.38044221191994604,LR
2016-06-10,VIS,-0.0050533493584411,-0.0117867854354011,0,0.3893412131322351,LR
2016-06-17,VIS,-0.038017162156696,-0.0158820546105986,0,0.3874298251950425,LR
2016-06-24,VIS,0.0416829025898235,0.0328676115894934,1,0.413512501469749,LR
2016-07-01,VIS,0.022220135869454,0.0130048921093158,1,0.27613655530189735,LR
2016-07-08,VIS,0.0234223877838868,0.0149540896365929,1,0.31566236436906175,LR
2016-07-15,VIS,-0.005119451352364,0.006532881695349,0,0.2668447862717696,LR
2016-07-22,VIS,-0.0014478658855887,-0.0005525549792616,0,0.2940166587373721,LR
2016-07-29,VIS,0.0052536397014335,0.0048821019489218,0,0.3249587759708071,LR
2016-08-05,VIS,0.0013505134265872,0.0012836035614128,0,0.307992564833392,LR
2016-08-12,VIS,0.0074499073187126,0.0003660394441945,0,0.3536912411657211,LR
2016-08-19,VIS,-0.0030356815883091,-0.0057198965464471,0,0.35166247484154334,LR
2016-08-26,VIS,0.0042957165393793,0.0049706148075252,0,0.37312936504753125,LR
2016-09-02,VIS,-0.0324016335081605,-0.0233090297491062,0,0.3681612401956221,LR
2016-09-09,VIS,9.243264314839904e-05,0.0054751135896251,0,0.34156448892356484,LR
2016-09-16,VIS,0.0073516178459966,0.0122793234723518,0,0.33280747962137464,LR
2016-09-23,VIS,0.0154747958572827,0.0014354999568425,1,0.277639966918635,LR
2016-09-30,VIS,-0.0086987955705267,-0.0058257281624598,0,0.3322175467496412,LR
2016-10-07,VIS,-0.0086837711552679,-0.0089281318498063,0,0.42124923548210896,LR
2016-10-14,VIS,-0.0013846720515414,0.0040351571323639,0,0.36433685590543374,LR
2016-10-21,VIS,-0.004690968823622,-0.0067299129834921,0,0.40262286075255893,LR
2016-10-28,VIS,-0.013732699205249,-0.0187727214483762,0,0.4300533084667968,LR
2016-11-04,VIS,0.0705198530582034,0.0377367085223699,1,0.4035869828167591,LR
2016-11-11,VIS,0.0023966342113199,0.0096107481862747,0,0.2499927126433404,LR
2016-11-18,VIS,0.0207694479255198,0.0138218080225136,1,0.25849007359462955,LR
2016-11-25,VIS,-0.0003338974499861,-0.0083062622423351,0,0.28187432779782595,LR
2016-12-02,VIS,0.0191125404832144,0.0310905257159185,1,0.24122906388996798,LR
2016-12-09,VIS,-0.0214763781894512,-0.000633740887319,0,0.2502278224296228,LR
2016-12-16,VIS,0.0042429463326032,0.0029771798362438,0,0.3158676108880997,LR
2016-12-23,VIS,-0.0135649244743588,-0.0096584176595812,0,0.2910816624451936,LR
2016-12-30,VIS,0.0039127004708794,0.016463225985342,0,0.27607825330618074,LR
2016-01-01,VNQ,-0.0203617126162319,-0.0586159228469791,0,0.3572343847945921,LR
2016-01-08,VNQ,-0.0252805251558451,-0.0214148713666712,0,0.3383642640314401,LR
2016-01-15,VNQ,0.006454234786382,0.0144291561353883,0,0.3100215313543807,LR
2016-01-22,VNQ,0.0097048900166496,0.0167962224340713,0,0.3424001734238935,LR
2016-01-29,VNQ,-0.0131990924091011,-0.0297851344434978,0,0.3390826192364578,LR
2016-02-05,VNQ,-0.0363902405984895,-0.0070232521725212,0,0.3812615435177657,LR
2016-02-12,VNQ,0.0354152626642978,0.0287736978504728,1,0.386585642387156,LR
2016-02-19,VNQ,0.0128896931825341,0.0160934128911894,1,0.3027264786568872,LR
2016-02-26,VNQ,0.0382165920933768,0.0273722150322157,1,0.3991092317868727,LR
2016-03-04,VNQ,0.0217720032326511,0.0116251821514226,1,0.34429861462120886,LR
2016-03-11,VNQ,0.024053249729649,0.0131884244650829,1,0.2911090418825365,LR
2016-03-18,VNQ,-0.0123231106333896,-0.006165084280938,0,0.38969761968805006,LR
2016-03-25,VNQ,0.0341035725419853,0.0187081198213255,1,0.3238685127899527,LR
2016-04-01,VNQ,-0.0083472089571602,-0.0116953232369404,0,0.2922192365594261,LR
2016-04-08,VNQ,0.0007200859195091,0.0160390454022548,0,0.26004203810090465,LR
2016-04-15,VNQ,-0.0172973266234984,0.0057271779278114,0,0.2824152052490924,LR
2016-04-22,VNQ,0.0034334612975939,-0.0126336482417742,0,0.3283140122542486,LR
2016-04-29,VNQ,0.0465883787657659,-0.0029561918272998,1,0.3470137245878987,LR
2016-05-06,VNQ,-0.017004415025553,-0.0046665202598526,0,0.23338412221554633,LR
2016-05-13,VNQ,-0.0278468834117487,0.0035653252661287,0,0.30961929252937154,LR
2016-05-20,VNQ,0.018252616140542,0.023115635309309,1,0.35205627265538375,LR
2016-05-27,VNQ,0.0114901142957224,0.0001900510217189,1,0.22296394211207649,LR
2016-06-03,VNQ,0.0013003973887428,-0.0009985416205865,0,0.35823383148530497,LR
2016-06-10,VNQ,0.0107399503913789,-0.011786785435401,1,0.3953409343088267,LR
2016-06-17,VNQ,-0.0138291969692375,-0.0158820546105985,0,0.37474531451224796,LR
2016-06-24,VNQ,0.0494557556932733,0.0328676115894933,1,0.43836766529530213,LR
2016-07-01,VNQ,0.0122872728952145,0.0130048921093156,1,0.30311370570890034,LR
2016-07-08,VNQ,0.0026705002385087,0.0149540896365928,0,0.33114023854622393,LR
2016-07-15,VNQ,0.0170656133863413,0.006532881695349,1,0.3123708174383739,LR
2016-07-22,VNQ,0.0069709117380161,-0.0005525549792616,0,0.29173408175204624,LR
2016-07-29,VNQ,-0.0216614313910618,0.0048821019489217,0,0.36859597959478174,LR
2016-08-05,VNQ,-0.0004430407402246,0.0012836035614128,0,0.3517906289356604,LR
2016-08-12,VNQ,-0.0204714622915689,0.0003660394441944,0,0.2796517217534377,LR
2016-08-19,VNQ,-0.0064225317726672,-0.0057198965464471,0,0.36002675730298905,LR
2016-08-26,VNQ,0.0130133966362115,0.0049706148075253,1,0.3697236628482641,LR
2016-09-02,VNQ,-0.0424870111069588,-0.0233090297491062,0,0.36949829021339575,LR
2016-09-09,VNQ,-0.01105676173752,0.0054751135896252,0,0.38418397312150077,LR
2016-09-16,VNQ,0.0384750589946847,0.012279323472352,1,0.342688897551477,LR
2016-09-23,VNQ,-0.0174445054012449,0.0014354999568427,0,0.28932632113203527,LR
2016-09-30,VNQ,-0.0448785084813477,-0.0058257281624599,0,0.4044458522458579,LR
2016-10-07,VNQ,0.0113207582215664,-0.0089281318498065,1,0.46426000788287164,LR
2016-10-14,VNQ,0.0038484628857717,0.004035157132364,0,0.3317337002612555,LR
2016-10-21,VNQ,-0.0405486176237469,-0.006729912983492,0,0.4428579269860094,LR
2016-10-28,VNQ,-0.0245049911157214,-0.0187727214483764,0,0.5088909248381307,LR
2016-11-04,VNQ,-0.0109558330998686,0.0377367085223699,0,0.40937694624459464,LR
2016-11-11,VNQ,0.0066326101141052,0.0096107481862747,0,0.37028077728882786,LR
2016-11-18,VNQ,0.0126294518331118,0.0138218080225136,1,0.2801622085674716,LR
2016-11-25,VNQ,-0.0022449526626424,-0.0083062622423351,0,0.3085945805222838,LR
2016-12-02,VNQ,0.0399949614148698,0.0310905257159186,1,0.30885568790670126,LR
2016-12-09,VNQ,-0.0042179572108487,-0.0006337408873191,0,0.26510491715374207,LR
2016-12-16,VNQ,-0.0252081036662685,0.0029771798362439,0,0.3396241608105569,LR
2016-12-23,VNQ,0.0196441350374514,-0.0096584176595812,1,0.2880055421822121,LR
2016-12-30,VNQ,0.0157869065509539,0.0164632259853422,1,0.21010922775158128,LR
2016-01-01,VOX,-0.030677023992961,-0.0586159228469791,0,0.37576892042303944,LR
2016-01-08,VOX,-0.0300344027101443,-0.0214148713666712,0,0.3614058991762387,LR
2016-01-15,VOX,0.0242614736786377,0.0144291561353885,1,0.3068951783364317,LR
2016-01-22,VOX,0.0416973447106185,0.0167962224340714,1,0.27044706083880377,LR
2016-01-29,VOX,-0.005532029493501,-0.0297851344434977,0,0.30435924992340224,LR
2016-02-05,VOX,-0.0051196608657287,-0.0070232521725212,0,0.33681830771118976,LR
2016-02-12,VOX,0.0072386452432799,0.0287736978504727,0,0.349914436131317,LR
2016-02-19,VOX,0.0276184984743887,0.0160934128911893,1,0.31651960532651496,LR
2016-02-26,VOX,0.0300717548936886,0.0273722150322157,1,0.3822261496685595,LR
2016-03-04,VOX,0.0077673871161607,0.0116251821514225,0,0.3139985741707842,LR
2016-03-11,VOX,0.0064024931504729,0.013188424465083,0,0.28025243173468223,LR
2016-03-18,VOX,-0.0019900531923598,-0.006165084280938,0,0.3854912352151706,LR
2016-03-25,VOX,0.0350082613153903,0.0187081198213255,1,0.3415896678611348,LR
2016-04-01,VOX,-0.0242166621598,-0.0116953232369407,0,0.27104281819841136,LR
2016-04-08,VOX,0.0019514344031279,0.0160390454022549,0,0.2771369592044959,LR
2016-04-15,VOX,0.0058568430954553,0.0057271779278113,0,0.26309634096008766,LR
2016-04-22,VOX,-0.0048391973177741,-0.0126336482417741,0,0.30985605019337764,LR
2016-04-29,VOX,-0.0120611968470867,-0.0029561918272999,0,0.3746963475027014,LR
2016-05-06,VOX,0.0038093830428649,-0.0046665202598526,0,0.35110387202583115,LR
2016-05-13,VOX,-0.0172935422846342,0.0035653252661287,0,0.3287975316620717,LR
2016-05-20,VOX,0.0117582384046617,0.0231156353093091,1,0.39655017532967646,LR
2016-05-27,VOX,-0.0081274383389812,0.0001900510217189,0,0.2614753514021807,LR
2016-06-03,VOX,0.0113401038699108,-0.0009985416205864,1,0.3405289940352473,LR
2016-06-10,VOX,0.0204523245833758,-0.011786785435401,1,0.35380035697522405,LR
2016-06-17,VOX,-0.0046277075403097,-0.0158820546105985,0,0.3543562214741951,LR
2016-06-24,VOX,0.0504996823654075,0.0328676115894933,1,0.4222074893483563,LR
2016-07-01,VOX,0.011424499156609,0.0130048921093157,1,0.27081960622477974,LR
2016-07-08,VOX,0.014067604364869,0.014954089636593,1,0.2877724070380464,LR
2016-07-15,VOX,-0.0018727926833614,0.0065328816953489,0,0.22842153480353725,LR
2016-07-22,VOX,-0.0037463990168064,-0.0005525549792617,0,0.26417773146430606,LR
2016-07-29,VOX,-0.0275991036423361,0.0048821019489217,0,0.3105065821092746,LR
2016-08-05,VOX,-0.013022675423484,0.0012836035614127,0,0.32719002032099753,LR
2016-08-12,VOX,-0.0300411343685554,0.0003660394441944,0,0.30950563829637945,LR
2016-08-19,VOX,0.0016976515873674,-0.0057198965464473,0,0.3339102175930543,LR
2016-08-26,VOX,0.0073886910852931,0.0049706148075252,0,0.3661761060884778,LR
2016-09-02,VOX,-0.0278010415303634,-0.0233090297491062,0,0.3940316165286122,LR
2016-09-09,VOX,0.0158747434657242,0.0054751135896251,1,0.387825294105521,LR
2016-09-16,VOX,0.0078407026350839,0.012279323472352,0,0.3449678155573533,LR
2016-09-23,VOX,-0.0046399075494074,0.0014354999568426,0,0.3299630610419781,LR
2016-09-30,VOX,-0.0196369652064459,-0.0058257281624598,0,0.37284153058715974,LR
2016-10-07,VOX,0.0004316490376357,-0.0089281318498064,0,0.4458281959262049,LR
2016-10-14,VOX,-0.0151122790922142,0.004035157132364,0,0.33701628244011195,LR
2016-10-21,VOX,-0.0019678616242878,-0.006729912983492,0,0.4254816285677541,LR
2016-10-28,VOX,-0.0357181398788141,-0.0187727214483763,0,0.44281977135591893,LR
2016-11-04,VOX,0.0099887699763197,0.0377367085223698,0,0.4174528651074864,LR
2016-11-11,VOX,0.0205820576941599,0.0096107481862748,1,0.2903761020142699,LR
2016-11-18,VOX,0.0341215420784872,0.0138218080225136,1,0.23278375171308027,LR
2016-11-25,VOX,-0.0192126595216273,-0.0083062622423352,0,0.2740980511080939,LR
2016-12-02,VOX,0.0388441790701521,0.0310905257159187,1,0.2763599501486415,LR
2016-12-09,VOX,0.0004068492867876,-0.000633740887319,0,0.24598216376570178,LR
2016-12-16,VOX,0.0244864729748988,0.0029771798362439,1,0.29403606572707175,LR
2016-12-23,VOX,-0.0105710302501494,-0.0096584176595812,0,0.2896170014836617,LR
2016-12-30,VOX,0.0089073784414484,0.0164632259853421,0,0.2748545084366561,LR
2016-01-01,VPU,0.0013937058802937,-0.0586159228469791,0,0.36256849522261686,LR
2016-01-08,VPU,0.0022442992963296,-0.0214148713666712,0,0.34914210597091583,LR
2016-01-15,VPU,0.0051978944586088,0.0144291561353883,0,0.3078318205861812,LR
2016-01-22,VPU,0.0384371648041113,0.0167962224340714,1,0.35275559310150373,LR
2016-01-29,VPU,0.0231872138395183,-0.0297851344434979,1,0.2926651176796298,LR
2016-02-05,VPU,-0.0181184644113231,-0.0070232521725212,0,0.29630813657575084,LR
2016-02-12,VPU,0.0087736495064283,0.0287736978504727,0,0.3224337288944277,LR
2016-02-19,VPU,-0.0071620534113782,0.0160934128911894,0,0.24349799610365355,LR
2016-02-26,VPU,0.0228526258936168,0.0273722150322156,1,0.2891996714184763,LR
2016-03-04,VPU,0.0235409671183934,0.0116251821514226,1,0.26655840817972987,LR
2016-03-11,VPU,0.0171702725710056,0.0131884244650829,1,0.24338393260596503,LR
2016-03-18,VPU,0.0061775472185703,-0.006165084280938,0,0.34873440363387787,LR
2016-03-25,VPU,0.0187682531989059,0.0187081198213255,1,0.29915654089208615,LR
2016-04-01,VPU,-0.0199852296957373,-0.0116953232369407,0,0.30803527236680445,LR
2016-04-08,VPU,0.0,0.0160390454022548,0,0.2835046318665458,LR
2016-04-15,VPU,-0.0297496104857269,0.0057271779278113,0,0.278641599477533,LR
2016-04-22,VPU,0.0242883512347011,-0.0126336482417742,1,0.31379538410088215,LR
2016-04-29,VPU,0.008525163668472,-0.0029561918272998,0,0.2885650789526062,LR
2016-05-06,VPU,0.0097606124481071,-0.0046665202598526,0,0.27595928125654934,LR
2016-05-13,VPU,-0.0201991823771851,0.0035653252661288,0,0.31358753811303236,LR
2016-05-20,VPU,0.0112924888254128,0.0231156353093091,1,0.34800063994703734,LR
2016-05-27,VPU,0.0242781808256609,0.000190051021719,1,0.25286165836541447,LR
2016-06-03,VPU,0.0083097070127238,-0.0009985416205865,0,0.28947405609980204,LR
2016-06-10,VPU,0.0035258962796889,-0.0117867854354011,0,0.3518646892820272,LR
2016-06-17,VPU,-0.0110710688067701,-0.0158820546105985,0,0.34949045211812857,LR
2016-06-24,VPU,0.0403820151399942,0.0328676115894934,1,0.39237831033461085,LR
2016-07-01,VPU,-0.0029637723471694,0.0130048921093157,0,0.2215346989319632,LR
2016-07-08,VPU,-0.007008349023775,0.014954089636593,0,0.27693229275527875,LR
2016-07-15,VPU,0.011360574649609,0.0065328816953489,1,0.26333335642130556,LR
2016-07-22,VPU,-0.0113259752238101,-0.0005525549792615,0,0.2549010170443045,LR
2016-07-29,VPU,-0.0242418894641722,0.0048821019489217,0,0.34255568318094365,LR
2016-08-05,VPU,0.0,0.0012836035614126,0,0.37535728023902426,LR
2016-08-12,VPU,-0.0119198096468091,0.0003660394441944,0,0.32286035210565855,LR
2016-08-19,VPU,-0.0215308876672762,-0.0057198965464472,0,0.39987124756933545,LR
2016-08-26,VPU,0.008282145888991,0.0049706148075252,0,0.3946580633980693,LR
2016-09-02,VPU,-0.0238600082401674,-0.0233090297491061,0,0.3959226195420061,LR
2016-09-09,VPU,0.0238342623953122,0.0054751135896251,1,0.3809145621211843,LR
2016-09-16,VPU,0.0237788187193979,0.0122793234723519,1,0.33727590019508874,LR
2016-09-23,VPU,-0.0383889611039445,0.0014354999568426,0,0.3251958021526515,LR
2016-09-30,VPU,-0.0376811490817261,-0.0058257281624599,0,0.40195245400559254,LR
2016-10-07,VPU,0.0138942900370868,-0.0089281318498063,1,0.41706075374364876,LR
2016-10-14,VPU,0.003923031521714,0.004035157132364,0,0.3267162099542928,LR
2016-10-21,VPU,0.0048424054093072,-0.006729912983492,0,0.41373888371886497,LR
2016-10-28,VPU,-0.0131157480186286,-0.0187727214483763,0,0.4266018925209996,LR
2016-11-04,VPU,-0.0363774842121089,0.0377367085223699,0,0.38953551676346987,LR
2016-11-11,VPU,0.0134141343631599,0.0096107481862748,1,0.3798668387671456,LR
2016-11-18,VPU,0.0138387892066931,0.0138218080225137,1,0.23421670142719683,LR
2016-11-25,VPU,-0.0140804712568777,-0.0083062622423352,0,0.2774457171987393,LR
2016-12-02,VPU,0.0303649902343752,0.0310905257159185,1,0.3270446587145605,LR
2016-12-09,VPU,0.0103327707778779,-0.000633740887319,1,0.279670054781308,LR
2016-12-16,VPU,-0.0011195330147287,0.0029771798362439,0,0.331051825142312,LR
2016-12-23,VPU,0.0020601294017887,-0.0096584176595811,0,0.2783071217492577,LR
2016-12-30,VPU,0.0044884581688886,0.016463225985342,0,0.25868901047355614,LR
2017-01-06,VAW,0.0078630223054143,-0.0007039650929391,0,0.32816511005118937,LR
2017-01-13,VAW,0.0022549392884165,-0.0013657662697171,0,0.3213628661546205,LR
2017-01-20,VAW,0.0334688475180056,0.009835071965876,1,0.33497529419042643,LR
2017-01-27,VAW,-0.0060504304260766,0.0016160303274789,0,0.26301091295387286,LR
2017-02-03,VAW,0.003803219653506,0.0094618145357024,0,0.3091819250553355,LR
2017-02-10,VAW,-0.0005019876194686,0.0154637052766024,0,0.28804489801449956,LR
2017-02-17,VAW,-0.0049256665879396,0.0070185707488375,0,0.304078349276661,LR
2017-02-24,VAW,0.0060417993770744,0.0070962917080122,0,0.3156733043397969,LR
2017-03-03,VAW,-0.0119735435110251,-0.003061668500457,0,0.36014492044827984,LR
2017-03-10,VAW,0.0141333625354382,0.0015616639201439,1,0.3580752771636095,LR
2017-03-17,VAW,-0.0236325831403313,-0.0133738360209796,0,0.3394737960381334,LR
2017-03-24,VAW,0.0300511057765622,0.0080388943619636,1,0.3587818775714995,LR
2017-03-31,VAW,-0.0003357189678143,-0.0022905376406047,0,0.34846606869087116,LR
2017-04-07,VAW,-0.0250944005495469,-0.0114369762787473,0,0.36599971686569416,LR
2017-04-14,VAW,0.0175287932949961,0.0089457066822225,1,0.38292001047620816,LR
2017-04-21,VAW,0.0043434400080548,0.014877063040655,0,0.34509851341915276,LR
2017-04-28,VAW,8.305352657234089e-05,0.006804369972769,0,0.33089393032877995,LR
2017-05-05,VAW,-0.0131250559703373,-0.0030034969896212,0,0.3258268011432958,LR
2017-05-12,VAW,-0.0062090775455166,-0.002803775366951,0,0.30785891093864454,LR
2017-05-19,VAW,0.0040298524479844,0.0142670576732777,0,0.34221612601819335,LR
2017-05-26,VAW,0.0157400972453953,0.0101776828309026,1,0.3534657891104886,LR
2017-06-02,VAW,0.0139301223677661,-0.0031128156140485,1,0.3806141537997341,LR
2017-06-09,VAW,-0.0088776376342042,0.0016981078878703,0,0.31816997134728575,LR
2017-06-16,VAW,-0.0053965956307461,0.0020192394658678,0,0.3213768927620016,LR
2017-06-23,VAW,-0.0031969784119838,-0.0054702845233949,0,0.26991928765525663,LR
2017-06-30,VAW,0.0021313397883722,0.0012819561477477,0,0.3186841234001464,LR
2017-07-07,VAW,0.0213531286040742,0.0142497388392674,1,0.32592063504247054,LR
2017-07-14,VAW,-0.0006401170499747,0.0053756141386057,0,0.27816857667829914,LR
2017-07-21,VAW,-0.0064097062576073,0.0001213193946405,0,0.3158324490708059,LR
2017-07-28,VAW,-0.0096524851286026,0.0020250628548082,0,0.30341252468245655,LR
2017-08-04,VAW,-0.0229652012818472,-0.0132976721019746,0,0.3191411304240872,LR
2017-08-11,VAW,-0.0030548442717277,-0.0057758276664244,0,0.3571671291843312,LR
2017-08-18,VAW,0.0134061800370484,0.007621956181528,1,0.37675687862729673,LR
2017-08-25,VAW,0.0195487626578383,0.0134120799818806,1,0.36817812312710346,LR
2017-09-01,VAW,-0.0088474463450632,-0.0050840371434356,0,0.3238240267287952,LR
2017-09-08,VAW,0.0164918541205569,0.015600182385658,1,0.343911976912458,LR
2017-09-15,VAW,0.0076928780299427,0.0010035706503922,0,0.3001065402116763,LR
2017-09-22,VAW,0.0011685686763212,0.0071757425193034,0,0.2866367337684811,LR
2017-09-29,VAW,0.0208397554322354,0.0124982954752089,1,0.2990073717939876,LR
2017-10-06,VAW,0.0059338059901514,0.0022805414922775,0,0.3144255821918386,LR
2017-10-13,VAW,0.00090378182817,0.008472306323864,0,0.28239227400086925,LR
2017-10-20,VAW,0.0035280079297137,0.0023333563899013,0,0.2939710801198665,LR
2017-10-27,VAW,-0.0070948244327524,0.0028718593508154,0,0.3009420807585515,LR
2017-11-03,VAW,-0.0165966255113286,-0.0013933902982613,0,0.2654957983225482,LR
2017-11-10,VAW,0.0082758761000358,-0.0008910538437763,0,0.2865989507034722,LR
2017-11-17,VAW,0.0108612535014898,0.0096952281767768,1,0.30483276723302327,LR
2017-11-24,VAW,0.0019520572270452,0.015747418099382,0,0.3055747965568023,LR
2017-12-01,VAW,-0.0044567041651517,0.0039702341435379,0,0.3507517616683268,LR
2017-12-08,VAW,-0.0080537045630035,0.0088972073893761,0,0.3004117908436887,LR
2017-12-15,VAW,0.0171035424346253,0.0037520525355182,1,0.2954717928256179,LR
2017-12-22,VAW,0.0027874824208282,-0.0024296657411478,0,0.2926633588857887,LR
2017-12-29,VAW,0.0314955045506109,0.0245824255935623,1,0.3111732682878285,LR
2017-01-06,VCR,0.007541175368446,-0.0007039650929389,0,0.3378570826731808,LR
2017-01-13,VCR,0.0034165737248785,-0.001365766269717,0,0.32116354715109346,LR
2017-01-20,VCR,0.0147047870014958,0.0098350719658759,1,0.3186175961361656,LR
2017-01-27,VCR,-0.0041158649379691,0.001616030327479,0,0.25949548081204116,LR
2017-02-03,VCR,0.015498025782211,0.0094618145357026,1,0.32446847343916396,LR
2017-02-10,VCR,0.0066455674809644,0.0154637052766023,0,0.3156004283060005,LR
2017-02-17,VCR,-0.0025555350931519,0.0070185707488374,0,0.321631619401429,LR
2017-02-24,VCR,0.0014645353823792,0.0070962917080123,0,0.3012417632663444,LR
2017-03-03,VCR,0.0013208683312495,-0.003061668500457,0,0.3407870490358549,LR
2017-03-10,VCR,0.010470000414483,0.0015616639201439,1,0.34122106197202445,LR
2017-03-17,VCR,-0.0152053152866196,-0.0133738360209795,0,0.3346941786513931,LR
2017-03-24,VCR,0.0269208319593556,0.0080388943619636,1,0.3381991033364708,LR
2017-03-31,VCR,-0.0089466481858445,-0.0022905376406047,0,0.31940632349830966,LR
2017-04-07,VCR,-0.0093016406774187,-0.0114369762787472,0,0.34533551869973333,LR
2017-04-14,VCR,0.0187367157074278,0.0089457066822224,1,0.3460970957466932,LR
2017-04-21,VCR,0.0093910596695085,0.014877063040655,0,0.3162085352470883,LR
2017-04-28,VCR,-0.0016879210144395,0.006804369972769,0,0.2896848570300536,LR
2017-05-05,VCR,-0.0062570258385655,-0.0030034969896213,0,0.2850640718506521,LR
2017-05-12,VCR,-0.0096882139912117,-0.0028037753669509,0,0.2868274920557268,LR
2017-05-19,VCR,0.01308220175277,0.0142670576732777,1,0.284209986080569,LR
2017-05-26,VCR,0.0179661552382812,0.0101776828309026,1,0.32486075731686065,LR
2017-06-02,VCR,-0.0174362417151929,-0.0031128156140485,0,0.33068383402457874,LR
2017-06-09,VCR,0.0028836944945151,0.0016981078878702,0,0.34758271753778364,LR
2017-06-16,VCR,-0.0080268662035245,0.0020192394658678,0,0.28544857452613054,LR
2017-06-23,VCR,-0.0043480968729273,-0.005470284523395,0,0.32390811041411155,LR
2017-06-30,VCR,-0.0115878495930685,0.0012819561477477,0,0.3302579335730896,LR
2017-07-07,VCR,0.0106473590858244,0.0142497388392674,1,0.3052170366472776,LR
2017-07-14,VCR,0.0093372775081339,0.0053756141386058,0,0.27886936901049825,LR
2017-07-21,VCR,0.0037559523550507,0.0001213193946404,0,0.30846732474924227,LR
2017-07-28,VCR,-0.0061476781334718,0.0020250628548081,0,0.3334358009579251,LR
2017-08-04,VCR,-0.0145752781567705,-0.0132976721019745,0,0.30147801621549186,LR
2017-08-11,VCR,-0.02430313244411,-0.0057758276664244,0,0.319380823341713,LR
2017-08-18,VCR,0.004590441816481,0.0076219561815278,0,0.36425350316636085,LR
2017-08-25,VCR,0.0140955058755081,0.0134120799818806,1,0.35614408628843597,LR
2017-09-01,VCR,-0.0089260913927259,-0.0050840371434356,0,0.3201955916594732,LR
2017-09-08,VCR,0.008186912570554,0.0156001823856579,0,0.353508111340878,LR
2017-09-15,VCR,-0.002655598810179,0.001003570650392,0,0.3027837378026764,LR
2017-09-22,VCR,0.0050483890432861,0.0071757425193035,0,0.3123998823219244,LR
2017-09-29,VCR,0.0155313811053088,0.0124982954752089,1,0.315472980582763,LR
2017-10-06,VCR,-0.0101999279469293,0.0022805414922775,0,0.3095163996032321,LR
2017-10-13,VCR,0.0035265508425148,0.008472306323864,0,0.3185820829088647,LR
2017-10-20,VCR,0.00481438952143,0.0023333563899013,0,0.3210965501420755,LR
2017-10-27,VCR,-0.0008270392185278,0.0028718593508155,0,0.3258904330997269,LR
2017-11-03,VCR,0.0066266773398495,-0.0013933902982615,0,0.30138190065630255,LR
2017-11-10,VCR,0.0168326822182955,-0.0008910538437764,1,0.2866214145193122,LR
2017-11-17,VCR,0.0093792133486607,0.0096952281767768,0,0.2887860810635042,LR
2017-11-24,VCR,0.0204857337042985,0.0157474180993822,1,0.29241797011754844,LR
2017-12-01,VCR,-0.0046574890857064,0.0039702341435379,0,0.2780462539611488,LR
2017-12-08,VCR,0.0048008660704184,0.008897207389376,0,0.2684769144342216,LR
2017-12-15,VCR,0.0046171682020696,0.0037520525355181,0,0.26804699992713543,LR
2017-12-22,VCR,-0.0038957759817229,-0.0024296657411478,0,0.2769473746497422,LR
2017-12-29,VCR,0.0242470841128084,0.0245824255935622,1,0.28801689611588077,LR
2017-01-06,VDC,-0.0078821950644714,-0.0007039650929389,0,0.28141292768361803,LR
2017-01-13,VDC,0.0173072416083519,-0.0013657662697169,1,0.30883833733482824,LR
2017-01-20,VDC,-0.0014766460767653,0.009835071965876,0,0.30433146163491903,LR
2017-01-27,VDC,0.0113249349383786,0.0016160303274789,1,0.26737429305780214,LR
2017-02-03,VDC,0.0116338359493144,0.0094618145357026,1,0.29094096423099514,LR
2017-02-10,VDC,0.0128417774436107,0.0154637052766024,1,0.2804645373649089,LR
2017-02-17,VDC,0.0102960798792124,0.0070185707488374,1,0.29847595827231194,LR
2017-02-24,VDC,-0.0021110622086364,0.0070962917080124,0,0.2781545764172045,LR
2017-03-03,VDC,0.0009899546843523,-0.0030616685004569,0,0.29673888104463103,LR
2017-03-10,VDC,0.0067119701292535,0.0015616639201439,0,0.31694251019041225,LR
2017-03-17,VDC,-0.0118587274419978,-0.0133738360209794,0,0.3177466394854353,LR
2017-03-24,VDC,0.0024233523199939,0.0080388943619636,0,0.3446374198884197,LR
2017-03-31,VDC,0.0009953034693839,-0.0022905376406047,0,0.32341501581592363,LR
2017-04-07,VDC,0.0014185186215336,-0.0114369762787473,0,0.34233017594784537,LR
2017-04-14,VDC,0.0021942069738973,0.0089457066822224,0,0.32874698986033446,LR
2017-04-21,VDC,-0.0009135542213571,0.0148770630406548,0,0.3590092985722931,LR
2017-04-28,VDC,-0.0021792447001317,0.006804369972769,0,0.3411389841560669,LR
2017-05-05,VDC,-0.0045095786210944,-0.0030034969896213,0,0.31777036854405066,LR
2017-05-12,VDC,0.0053804920837943,-0.002803775366951,0,0.30250244304198876,LR
2017-05-19,VDC,0.0198201247428537,0.0142670576732776,1,0.32140556711055207,LR
2017-05-26,VDC,0.0147047948517258,0.0101776828309026,1,0.30099147734228654,LR
2017-06-02,VDC,-0.0094609270825749,-0.0031128156140485,0,0.2970868066842906,LR
2017-06-09,VDC,-0.0085710369678282,0.0016981078878704,0,0.2908100340645248,LR
2017-06-16,VDC,-0.0103548253049835,0.0020192394658678,0,0.2938306104896114,LR
2017-06-23,VDC,-0.0185816558116774,-0.0054702845233948,0,0.31881017389768745,LR
2017-06-30,VDC,-0.0104719147269823,0.0012819561477477,0,0.34396146869314825,LR
2017-07-07,VDC,0.0035049372223088,0.0142497388392674,0,0.3260947819020714,LR
2017-07-14,VDC,0.0079082402787458,0.0053756141386059,0,0.2703253485112677,LR
2017-07-21,VDC,0.0038172858794291,0.0001213193946404,0,0.31754126766266977,LR
2017-07-28,VDC,-0.0048015301456448,0.0020250628548082,0,0.3204085286362632,LR
2017-08-04,VDC,0.0009930443601304,-0.0132976721019746,0,0.2872260139711336,LR
2017-08-11,VDC,-0.0025445336529755,-0.0057758276664243,0,0.30449588330518423,LR
2017-08-18,VDC,-0.0090677156849667,0.0076219561815281,0,0.3187664661186613,LR
2017-08-25,VDC,0.0054308596082393,0.0134120799818806,0,0.34802464235768665,LR
2017-09-01,VDC,0.0014934342281278,-0.0050840371434357,0,0.2911545030846718,LR
2017-09-08,VDC,0.0070153452906651,0.0156001823856578,0,0.3280378669632561,LR
2017-09-15,VDC,-0.0221658847579719,0.0010035706503921,0,0.2842080264929252,LR
2017-09-22,VDC,-0.0039537276209089,0.0071757425193034,0,0.31622523511951545,LR
2017-09-29,VDC,-0.0025962830004593,0.0124982954752087,0,0.26723394936954,LR
2017-10-06,VDC,0.012574000382848,0.0022805414922775,1,0.2838874886069944,LR
2017-10-13,VDC,-0.0107127549937878,0.0084723063238641,0,0.31780849680374107,LR
2017-10-20,VDC,-0.0151351791244369,0.0023333563899013,0,0.32173545603561365,LR
2017-10-27,VDC,-0.0060486942404243,0.0028718593508155,0,0.3144362619502174,LR
2017-11-03,VDC,0.0207859122873435,-0.0013933902982615,1,0.2860148848331037,LR
2017-11-10,VDC,0.0110128418537853,-0.0008910538437764,1,0.27110235314897685,LR
2017-11-17,VDC,0.0022812042130269,0.0096952281767767,0,0.300669742701952,LR
2017-11-24,VDC,0.0266714070925366,0.0157474180993821,1,0.2776086582735581,LR
2017-12-01,VDC,0.0032440723692912,0.0039702341435379,0,0.2894822478280079,LR
2017-12-08,VDC,0.0045504942957859,0.0088972073893761,0,0.31303319610168717,LR
2017-12-15,VDC,-0.0009575881844785,0.003752052535518,0,0.2713673791004431,LR
2017-12-22,VDC,0.0001368922961717,-0.0024296657411477,0,0.279625451959525,LR
2017-12-29,VDC,-0.0002052461586291,0.0245824255935622,0,0.30920048945620177,LR
2017-01-06,VDE,-0.015072038571563,-0.000703965092939,0,0.3041077406633611,LR
2017-01-13,VDE,0.0011611296405784,-0.001365766269717,0,0.3460476314186323,LR
2017-01-20,VDE,0.0005827268757503,0.009835071965876,0,0.35743364715892595,LR
2017-01-27,VDE,-0.0050751185605389,0.0016160303274791,0,0.2929980763688536,LR
2017-02-03,VDE,-0.0072484855550424,0.0094618145357026,0,0.3533905725836075,LR
2017-02-10,VDE,-0.0179806330060778,0.0154637052766025,0,0.3213342134404804,LR
2017-02-17,VDE,-0.0261978012691286,0.0070185707488374,0,0.3428292169527931,LR
2017-02-24,VDE,0.012051809127221,0.0070962917080123,1,0.31876105393454685,LR
2017-03-03,VDE,-0.0267017226288053,-0.0030616685004569,0,0.3282991080463488,LR
2017-03-10,VDE,0.0052029137142457,0.0015616639201439,0,0.3756696887424693,LR
2017-03-17,VDE,-0.0213097244011997,-0.0133738360209795,0,0.34433551128360934,LR
2017-03-24,VDE,0.0368821975470927,0.0080388943619636,1,0.349822637271428,LR
2017-03-31,VDE,0.0049658153254055,-0.0022905376406049,0,0.3727448732511868,LR
2017-04-07,VDE,-0.0226133903402797,-0.0114369762787473,0,0.36134115013820306,LR
2017-04-14,VDE,-0.0234554750132933,0.0089457066822224,0,0.35409494761467253,LR
2017-04-21,VDE,-0.0065992031647333,0.0148770630406548,0,0.3875623106169149,LR
2017-04-28,VDE,-0.0070784646915066,0.0068043699727691,0,0.3138872486988348,LR
2017-05-05,VDE,0.0064808647899576,-0.0030034969896212,0,0.28891704713608773,LR
2017-05-12,VDE,-0.0085714027364419,-0.0028037753669509,0,0.28738351067507517,LR
2017-05-19,VDE,-0.0296493194555642,0.0142670576732777,0,0.3110129156208198,LR
2017-05-26,VDE,-0.0194784221300964,0.0101776828309026,0,0.3696281208949912,LR
2017-06-02,VDE,0.0223023584608939,-0.0031128156140485,1,0.35156724517731136,LR
2017-06-09,VDE,-0.0074406424085479,0.0016981078878704,0,0.2779002482822322,LR
2017-06-16,VDE,-0.0331089281513289,0.0020192394658678,0,0.28746565113915096,LR
2017-06-23,VDE,0.0072843089597365,-0.0054702845233949,0,0.32761600581319933,LR
2017-06-30,VDE,-0.0196894695553413,0.0012819561477476,0,0.30739185207866804,LR
2017-07-07,VDE,0.0260919154375449,0.0142497388392675,1,0.3234642312445794,LR
2017-07-14,VDE,-0.002468872395873,0.0053756141386058,0,0.2721690741970651,LR
2017-07-21,VDE,0.0175201880340694,0.0001213193946405,1,0.30460780905922774,LR
2017-07-28,VDE,-0.0128063991903305,0.0020250628548081,0,0.2831091147053681,LR
2017-08-04,VDE,-0.0239380175596107,-0.0132976721019746,0,0.286458218572299,LR
2017-08-11,VDE,-0.0275830532922094,-0.0057758276664243,0,0.3695165204183721,LR
2017-08-18,VDE,0.0133727485611594,0.007621956181528,1,0.3466850977255178,LR
2017-08-25,VDE,0.0100350133136055,0.0134120799818806,1,0.34599468981095444,LR
2017-09-01,VDE,0.0063306062286525,-0.0050840371434356,0,0.3404524675969678,LR
2017-09-08,VDE,0.0351037372469154,0.0156001823856579,1,0.3563114353726121,LR
2017-09-15,VDE,0.0230633003150007,0.0010035706503921,1,0.27223449120159926,LR
2017-09-22,VDE,0.0054797693983319,0.0071757425193034,0,0.2996094818540446,LR
2017-09-29,VDE,0.00237633631834,0.0124982954752089,0,0.3274299020392257,LR
2017-10-06,VDE,0.0003229147341672,0.0022805414922774,0,0.3390266717969992,LR
2017-10-13,VDE,-0.0113599569856182,0.0084723063238641,0,0.3461262255287087,LR
2017-10-20,VDE,-0.0052054628815183,0.0023333563899013,0,0.3670741732511182,LR
2017-10-27,VDE,0.0349619304396437,0.0028718593508154,1,0.38986456659726176,LR
2017-11-03,VDE,0.0132809175894907,-0.0013933902982615,1,0.29944869998136064,LR
2017-11-10,VDE,-0.0298632637587626,-0.0008910538437763,0,0.2901405362983398,LR
2017-11-17,VDE,0.0106498955953551,0.0096952281767768,1,0.38150605426953343,LR
2017-11-24,VDE,0.0308755337920085,0.0157474180993822,1,0.31220386708002995,LR
2017-12-01,VDE,-0.0094181029664902,0.003970234143538,0,0.31903770282759586,LR
2017-12-08,VDE,-0.0099208700939972,0.0088972073893761,0,0.3518782912534496,LR
2017-12-15,VDE,0.0472850591794888,0.0037520525355181,1,0.3319283080006696,LR
2017-12-22,VDE,0.0029393196368205,-0.0024296657411477,0,0.2602425708361723,LR
2017-12-29,VDE,0.0349411066962899,0.0245824255935622,1,0.34465719363144975,LR
2017-01-06,VFH,0.0013362591027554,-0.000703965092939,0,0.3365087048392389,LR
2017-01-13,VFH,-0.0090695483242176,-0.0013657662697171,0,0.3453836404542622,LR
2017-01-20,VFH,0.0225845108649886,0.0098350719658759,1,0.37176121993941375,LR
2017-01-27,VFH,0.0080066644892031,0.0016160303274791,0,0.2908784324023331,LR
2017-02-03,VFH,0.005974122475588,0.0094618145357025,0,0.37034090483495496,LR
2017-02-10,VFH,0.0221529753731677,0.0154637052766023,1,0.35126484655555934,LR
2017-02-17,VFH,-0.0055901978183416,0.0070185707488375,0,0.3101182202850534,LR
2017-02-24,VFH,0.0155773440432371,0.0070962917080125,1,0.3201250931298064,LR
2017-03-03,VFH,-0.0033364964895874,-0.0030616685004571,0,0.3356938205337884,LR
2017-03-10,VFH,-0.0070063476441784,0.0015616639201439,0,0.32960661500655264,LR
2017-03-17,VFH,-0.038925498475471,-0.0133738360209795,0,0.34369378008926205,LR
2017-03-24,VFH,0.0324398418265112,0.0080388943619636,1,0.373993442425465,LR
2017-03-31,VFH,-0.0107456027085925,-0.0022905376406048,0,0.36020032172202365,LR
2017-04-07,VFH,-0.0254010771037395,-0.0114369762787473,0,0.3737643721121234,LR
2017-04-14,VFH,0.0136939930988062,0.0089457066822225,1,0.3883018858289252,LR
2017-04-21,VFH,-0.0036495920779848,0.0148770630406548,0,0.3772504708069405,LR
2017-04-28,VFH,0.0061319014078407,0.0068043699727692,0,0.3751470558662829,LR
2017-05-05,VFH,-0.0146501957143775,-0.0030034969896213,0,0.35388138132266,LR
2017-05-12,VFH,-0.0121727451621981,-0.0028037753669509,0,0.3183138774056486,LR
2017-05-19,VFH,0.0077298422474241,0.0142670576732776,0,0.35495406344165403,LR
2017-05-26,VFH,-0.001338654929791,0.0101776828309026,0,0.3557607460594066,LR
2017-06-02,VFH,0.035839883142871,-0.0031128156140485,1,0.39991570658062636,LR
2017-06-09,VFH,0.0012913319672673,0.0016981078878704,0,0.293339800079277,LR
2017-06-16,VFH,-0.0238858873509765,0.0020192394658678,0,0.29251176006640095,LR
2017-06-23,VFH,0.0254098235583695,-0.0054702845233949,1,0.3205090065857821,LR
2017-06-30,VFH,0.0081145926589076,0.0012819561477476,0,0.28997707864085265,LR
2017-07-07,VFH,-0.0045776970452263,0.0142497388392675,0,0.3101274534573607,LR
2017-07-14,VFH,-0.0011113431918737,0.0053756141386059,0,0.29157689094084605,LR
2017-07-21,VFH,0.003018786869271,0.0001213193946404,0,0.2944213036424512,LR
2017-07-28,VFH,0.0127942087461829,0.0020250628548081,1,0.33917031311854107,LR
2017-08-04,VFH,-0.0282108024419769,-0.0132976721019746,0,0.32860509938066407,LR
2017-08-11,VFH,-0.0146124234803587,-0.0057758276664243,0,0.3509738663046063,LR
2017-08-18,VFH,0.0083830480089777,0.0076219561815279,0,0.3520445071282488,LR
2017-08-25,VFH,-0.0004795810955169,0.0134120799818807,0,0.35660997939727257,LR
2017-09-01,VFH,-0.0223724346652518,-0.0050840371434356,0,0.38294319331073595,LR
2017-09-08,VFH,0.0218241061773118,0.0156001823856578,1,0.42036817386411346,LR
2017-09-15,VFH,0.0243127089127161,0.0010035706503921,1,0.31456085901654224,LR
2017-09-22,VFH,0.0152221714622946,0.0071757425193035,1,0.3141283778643216,LR
2017-09-29,VFH,0.0144972469912032,0.0124982954752089,1,0.32741099896735815,LR
2017-10-06,VFH,-0.0116906289722135,0.0022805414922774,0,0.3370106058217641,LR
2017-10-13,VFH,0.0187935404771273,0.0084723063238641,1,0.31142605222044667,LR
2017-10-20,VFH,0.0049062472670127,0.0023333563899012,0,0.3155331783370529,LR
2017-10-27,VFH,-0.0004447558288237,0.0028718593508153,0,0.3366436464400467,LR
2017-11-03,VFH,-0.0234769949392062,-0.0013933902982613,0,0.29249781545347525,LR
2017-11-10,VFH,0.0113254596669594,-0.0008910538437764,1,0.3110273016552398,LR
2017-11-17,VFH,0.0013595766077683,0.0096952281767767,0,0.3327501428534878,LR
2017-11-24,VFH,0.0485817936030035,0.0157474180993822,1,0.32749800443983423,LR
2017-12-01,VFH,-0.0119465700055105,0.003970234143538,0,0.2836201274257652,LR
2017-12-08,VFH,-0.0062589249261099,0.008897207389376,0,0.2911868889421118,LR
2017-12-15,VFH,-0.0004254542389449,0.003752052535518,0,0.28446724732875595,LR
2017-12-22,VFH,-0.005819674243791,-0.0024296657411477,0,0.27390849860890026,LR
2017-12-29,VFH,0.010080918378478,0.0245824255935622,1,0.33914593098134016,LR
2017-01-06,VGT,0.0076274341627065,-0.000703965092939,0,0.2991902013326854,LR
2017-01-13,VGT,0.0032752518909995,-0.0013657662697171,0,0.2960035385621854,LR
2017-01-20,VGT,0.0232724805972466,0.009835071965876,1,0.29907097586130454,LR
2017-01-27,VGT,0.0057816851013403,0.0016160303274789,0,0.2376354117016039,LR
2017-02-03,VGT,0.0149288403688163,0.0094618145357026,1,0.2887983010319324,LR
2017-02-10,VGT,0.014507092301867,0.0154637052766025,1,0.2834463174292983,LR
2017-02-17,VGT,0.0042032393346238,0.0070185707488374,0,0.27328295179325957,LR
2017-02-24,VGT,0.003141931857769,0.0070962917080123,0,0.2699988849212622,LR
2017-03-03,VGT,0.0086844975646713,-0.0030616685004571,0,0.300257306860404,LR
2017-03-10,VGT,0.0080920294178585,0.0015616639201439,0,0.3077289612139523,LR
2017-03-17,VGT,-0.0128733262363615,-0.0133738360209793,0,0.3145191390054319,LR
2017-03-24,VGT,0.0188552423203998,0.0080388943619636,1,0.3212915379451851,LR
2017-03-31,VGT,-0.0077387076182837,-0.0022905376406047,0,0.30423011930074206,LR
2017-04-07,VGT,-0.0140950230879736,-0.0114369762787473,0,0.345670516347696,LR
2017-04-14,VGT,0.0162101588150798,0.0089457066822225,1,0.3625025120882889,LR
2017-04-21,VGT,0.0139528356390203,0.014877063040655,1,0.3337351056192083,LR
2017-04-28,VGT,0.0117022396538142,0.0068043699727691,1,0.295164418854897,LR
2017-05-05,VGT,0.0104994016532879,-0.0030034969896213,1,0.2841203780228283,LR
2017-05-12,VGT,-0.0077818326913994,-0.002803775366951,0,0.29420384347891476,LR
2017-05-19,VGT,0.0211327124409537,0.0142670576732777,1,0.27546576382588916,LR
2017-05-26,VGT,0.0143567211551183,0.0101776828309025,1,0.29857842359309017,LR
2017-06-02,VGT,-0.0223174712666113,-0.0031128156140484,0,0.29995382065371945,LR
2017-06-09,VGT,-0.001124647904016,0.0016981078878703,0,0.3250622558468361,LR
2017-06-16,VGT,0.0141650883670336,0.0020192394658677,1,0.27429553899827014,LR
2017-06-23,VGT,-0.0370572841002806,-0.005470284523395,0,0.2727018575382329,LR
2017-06-30,VGT,0.0008475428424608,0.0012819561477478,0,0.36117583609902876,LR
2017-07-07,VGT,0.0357041879410777,0.0142497388392675,1,0.31801667223363783,LR
2017-07-14,VGT,0.0087760612145348,0.0053756141386057,0,0.24676555398654246,LR
2017-07-21,VGT,-0.0062028949723773,0.0001213193946405,0,0.3140778609088918,LR
2017-07-28,VGT,-0.0018954696519297,0.0020250628548081,0,0.3066890070701896,LR
2017-08-04,VGT,-0.0113089875374327,-0.0132976721019745,0,0.2875250031944275,LR
2017-08-11,VGT,-0.0076045296474088,-0.0057758276664243,0,0.34675104688786473,LR
2017-08-18,VGT,0.0106710276526535,0.007621956181528,1,0.3778347152416813,LR
2017-08-25,VGT,0.0199108860375698,0.0134120799818807,1,0.3429978034219253,LR
2017-09-01,VGT,-0.0063118529195018,-0.0050840371434356,0,0.30656781266171274,LR
2017-09-08,VGT,0.0068311366735354,0.0156001823856578,0,0.3457253786805408,LR
2017-09-15,VGT,-0.0069056430824299,0.0010035706503921,0,0.2933600689780134,LR
2017-09-22,VGT,0.0094308168949455,0.0071757425193035,0,0.30582903138643647,LR
2017-09-29,VGT,0.0145659810206737,0.0124982954752089,1,0.3130741290844664,LR
2017-10-06,VGT,0.0103272844455877,0.0022805414922776,1,0.32675412465710396,LR
2017-10-13,VGT,0.0066284804676794,0.0084723063238641,0,0.3169984460825915,LR
2017-10-20,VGT,0.0225350799487547,0.0023333563899013,1,0.30144053530345233,LR
2017-10-27,VGT,0.0254828432267328,0.0028718593508154,1,0.29162263976858627,LR
2017-11-03,VGT,0.0006072016112244,-0.0013933902982614,0,0.2656579439012698,LR
2017-11-10,VGT,0.002191384301355,-0.0008910538437763,0,0.27899315155200466,LR
2017-11-17,VGT,0.0174045511352669,0.0096952281767768,1,0.287959537992479,LR
2017-11-24,VGT,-0.0211166386245609,0.0157474180993821,0,0.2792149382705009,LR
2017-12-01,VGT,-0.0061772592286476,0.0039702341435379,0,0.34937134493260763,LR
2017-12-08,VGT,0.0144433568704351,0.008897207389376,1,0.27244423328716166,LR
2017-12-15,VGT,-0.0076955706457425,0.0037520525355181,0,0.2783831918561063,LR
2017-12-22,VGT,-0.0037496846270959,-0.0024296657411476,0,0.31596703319670644,LR
2017-12-29,VGT,0.0363790453703709,0.0245824255935622,1,0.31554629983969795,LR
2017-01-06,VHT,0.0031392678725861,-0.0007039650929391,0,0.2974179993920755,LR
2017-01-13,VHT,-0.0121736186391581,-0.0013657662697171,0,0.30786377767739914,LR
2017-01-20,VHT,0.0005437040012845,0.009835071965876,0,0.32114819653806687,LR
2017-01-27,VHT,0.0278621034944632,0.0016160303274789,1,0.2677220623169846,LR
2017-02-03,VHT,0.0073546229827281,0.0094618145357025,0,0.3119149305111879,LR
2017-02-10,VHT,0.0225806034352993,0.0154637052766024,1,0.33199242651762584,LR
2017-02-17,VHT,0.0111290397721706,0.0070185707488374,1,0.3043342515491441,LR
2017-02-24,VHT,0.0164457313086741,0.0070962917080124,1,0.27645281208492795,LR
2017-03-03,VHT,0.0034345378162179,-0.003061668500457,0,0.31625866043125844,LR
2017-03-10,VHT,-0.0059175949205833,0.0015616639201439,0,0.34108265444446206,LR
2017-03-17,VHT,-0.016536599027999,-0.0133738360209793,0,0.33909443435676506,LR
2017-03-24,VHT,0.0101143715781237,0.0080388943619634,1,0.3487783165233638,LR
2017-03-31,VHT,-0.0029724383751983,-0.0022905376406047,0,0.3874488727370509,LR
2017-04-07,VHT,-0.0045791893765645,-0.0114369762787472,0,0.4015506335095388,LR
2017-04-14,VHT,-0.00241158900823,0.0089457066822224,0,0.38000479761605066,LR
2017-04-21,VHT,0.0160238307947193,0.0148770630406548,1,0.4020652256038613,LR
2017-04-28,VHT,0.0032771014452421,0.006804369972769,0,0.3386590986141131,LR
2017-05-05,VHT,-0.0073915658044781,-0.0030034969896214,0,0.3294771684662126,LR
2017-05-12,VHT,-0.0048662366383231,-0.0028037753669509,0,0.32211940855530463,LR
2017-05-19,VHT,0.0113610878626198,0.0142670576732777,1,0.2950837568355849,LR
2017-05-26,VHT,0.0234331103130074,0.0101776828309025,1,0.33662863484018785,LR
2017-06-02,VHT,0.001322860370027,-0.0031128156140485,0,0.33728218871724164,LR
2017-06-09,VHT,0.0065418778302934,0.0016981078878702,0,0.31745948606515223,LR
2017-06-16,VHT,0.0373103700835129,0.0020192394658678,1,0.287993164321692,LR
2017-06-23,VHT,-0.0230693460094398,-0.005470284523395,0,0.23981937156126376,LR
2017-06-30,VHT,-0.0053270972937616,0.0012819561477476,0,0.2964827110784525,LR
2017-07-07,VHT,0.0079816555992966,0.0142497388392674,0,0.2703343682931131,LR
2017-07-14,VHT,0.0088447602307957,0.0053756141386058,0,0.232301840769919,LR
2017-07-21,VHT,-0.013283740916784,0.0001213193946405,0,0.3201748499299426,LR
2017-07-28,VHT,-0.008475109452844,0.0020250628548082,0,0.3185557183893711,LR
2017-08-04,VHT,-0.0128804417818368,-0.0132976721019745,0,0.3000034521934534,LR
2017-08-11,VHT,-0.0120925672796174,-0.0057758276664244,0,0.3313709655940971,LR
2017-08-18,VHT,0.012034065545571,0.007621956181528,1,0.39359664617104273,LR
2017-08-25,VHT,0.0304765887809874,0.0134120799818806,1,0.3714927899603924,LR
2017-09-01,VHT,0.0159245822411839,-0.0050840371434357,1,0.3013356407256454,LR
2017-09-08,VHT,-0.0011687836089691,0.0156001823856578,0,0.33496285173425966,LR
2017-09-15,VHT,-0.0132891732527444,0.0010035706503921,0,0.28472262553728084,LR
2017-09-22,VHT,0.0007228797507734,0.0071757425193033,0,0.29623282423026587,LR
2017-09-29,VHT,0.0110522686608569,0.0124982954752089,1,0.28621770793248386,LR
2017-10-06,VHT,-0.0087895084851314,0.0022805414922775,0,0.3112388405074287,LR
2017-10-13,VHT,0.0166275628691259,0.008472306323864,1,0.344482478239345,LR
2017-10-20,VHT,-0.0246006779777355,0.0023333563899012,0,0.3140476331904097,LR
2017-10-27,VHT,-0.0012473899177395,0.0028718593508153,0,0.32050011280566526,LR
2017-11-03,VHT,-0.0060522215787853,-0.0013933902982614,0,0.3129620805599637,LR
2017-11-10,VHT,0.0045795609596579,-0.0008910538437764,0,0.3136179360777326,LR
2017-11-17,VHT,0.0077304137546256,0.0096952281767767,0,0.33673444539321995,LR
2017-11-24,VHT,0.0174944191742056,0.0157474180993821,1,0.3151759387125018,LR
2017-12-01,VHT,-0.0101152487959281,0.0039702341435379,0,0.3336485608160869,LR
2017-12-08,VHT,0.0042605619166402,0.008897207389376,0,0.3270659398965361,LR
2017-12-15,VHT,-0.0113207816013071,0.0037520525355181,0,0.30839652417308905,LR
2017-12-22,VHT,-0.0023301010378742,-0.0024296657411478,0,0.3132363077911679,LR
2017-12-29,VHT,0.0256261377977407,0.0245824255935623,1,0.33675365228710585,LR
2017-01-06,VIS,0.0042316806375368,-0.0007039650929389,0,0.3411889101188245,LR
2017-01-13,VIS,0.0029848321741958,-0.001365766269717,0,0.3390356585327632,LR
2017-01-20,VIS,0.0163825559948695,0.0098350719658759,1,0.3538603917301495,LR
2017-01-27,VIS,-0.0073475511598902,0.0016160303274789,0,0.27947383628650774,LR
2017-02-03,VIS,0.0142245986554021,0.0094618145357026,1,0.3510162552112158,LR
2017-02-10,VIS,0.0112259682852069,0.0154637052766024,1,0.3344804588821627,LR
2017-02-17,VIS,-0.0028696741260193,0.0070185707488375,0,0.3145821927149116,LR
2017-02-24,VIS,0.0074340552879237,0.0070962917080124,0,0.3212245183360511,LR
2017-03-03,VIS,-0.0052602507028625,-0.0030616685004571,0,0.3551159659049256,LR
2017-03-10,VIS,0.0036847703249054,0.0015616639201439,0,0.3447662256022662,LR
2017-03-17,VIS,-0.0247307420172094,-0.0133738360209796,0,0.360081725467622,LR
2017-03-24,VIS,0.0226465455123754,0.0080388943619636,1,0.3656816375862233,LR
2017-03-31,VIS,-0.001938185331625,-0.0022905376406047,0,0.36633036270729347,LR
2017-04-07,VIS,-0.0185858832465276,-0.0114369762787472,0,0.3808548740117158,LR
2017-04-14,VIS,0.0204466898401123,0.0089457066822224,1,0.3769461064261206,LR
2017-04-21,VIS,0.0017486783639801,0.0148770630406548,0,0.3396439203935085,LR
2017-04-28,VIS,0.0055454086162292,0.0068043699727691,0,0.3144454833215015,LR
2017-05-05,VIS,-0.0134688019597015,-0.0030034969896212,0,0.31408645241469313,LR
2017-05-12,VIS,-0.0035092903305972,-0.0028037753669509,0,0.28588906507333706,LR
2017-05-19,VIS,0.008825639182465,0.0142670576732777,0,0.30858558603589986,LR
2017-05-26,VIS,0.0165915973705019,0.0101776828309026,1,0.31786699884138997,LR
2017-06-02,VIS,-0.0031864744535943,-0.0031128156140484,0,0.35346757117648775,LR
2017-06-09,VIS,0.0090103181126701,0.0016981078878703,0,0.33386276548197935,LR
2017-06-16,VIS,-0.0150283045744193,0.0020192394658678,0,0.29058172624848994,LR
2017-06-23,VIS,-0.0035694224606731,-0.005470284523395,0,0.31130259117037795,LR
2017-06-30,VIS,0.0022504523107189,0.0012819561477478,0,0.3172831363869959,LR
2017-07-07,VIS,0.0104480363329451,0.0142497388392674,1,0.29137628438755125,LR
2017-07-14,VIS,-0.0065890329619995,0.0053756141386058,0,0.26987193400711523,LR
2017-07-21,VIS,-0.0063257524749771,0.0001213193946405,0,0.3003549877836054,LR
2017-07-28,VIS,0.004494744739862,0.0020250628548082,0,0.3276979482586479,LR
2017-08-04,VIS,-0.0171190138548118,-0.0132976721019747,0,0.3062161713571252,LR
2017-08-11,VIS,-0.0179364852140389,-0.0057758276664243,0,0.35658874937141405,LR
2017-08-18,VIS,0.004205732604426,0.0076219561815278,0,0.3632865572503561,LR
2017-08-25,VIS,0.0147856644188504,0.0134120799818806,1,0.3557661001843264,LR
2017-09-01,VIS,-0.0030281808368602,-0.0050840371434356,0,0.3269594361877185,LR
2017-09-08,VIS,0.0165180685011372,0.015600182385658,1,0.36194367015028206,LR
2017-09-15,VIS,0.0167855946651027,0.0010035706503921,1,0.2924670393369483,LR
2017-09-22,VIS,0.002613627325481,0.0071757425193036,0,0.26548358311921344,LR
2017-09-29,VIS,0.0120517418483476,0.0124982954752089,1,0.29454623547315173,LR
2017-10-06,VIS,-0.0012486094496233,0.0022805414922776,0,0.2947917995714482,LR
2017-10-13,VIS,0.0119039636973339,0.0084723063238641,1,0.29277240727106435,LR
2017-10-20,VIS,-0.008281268046793,0.0023333563899013,0,0.2976149355017617,LR
2017-10-27,VIS,-0.0063735906021061,0.0028718593508154,0,0.324239265911177,LR
2017-11-03,VIS,-0.0122310908280197,-0.0013933902982615,0,0.27882410130824214,LR
2017-11-10,VIS,-0.0049375601941371,-0.0008910538437763,0,0.2911138270019292,LR
2017-11-17,VIS,0.0131440589456399,0.0096952281767768,1,0.3242025777795479,LR
2017-11-24,VIS,0.0286709919874963,0.0157474180993822,1,0.31161661781033145,LR
2017-12-01,VIS,0.0005702604240027,0.0039702341435379,0,0.2829956966045999,LR
2017-12-08,VIS,-0.0017802464789498,0.008897207389376,0,0.28198724244192397,LR
2017-12-15,VIS,0.0057389652975523,0.003752052535518,0,0.279103848322937,LR
2017-12-22,VIS,0.0007732364304728,-0.0024296657411477,0,0.2835541812957709,LR
2017-12-29,VIS,0.0197313697197589,0.0245824255935622,1,0.3073617931566828,LR
2017-01-06,VNQ,-0.0227138080760928,-0.000703965092939,0,0.28313456197652775,LR
2017-01-13,VNQ,0.0021697240496891,-0.0013657662697171,0,0.29462979567287956,LR
2017-01-20,VNQ,-0.0110497931147602,0.0098350719658759,0,0.28215768671813773,LR
2017-01-27,VNQ,0.0085262434914339,0.001616030327479,0,0.2789451088704946,LR
2017-02-03,VNQ,0.0109770327619447,0.0094618145357026,1,0.3448776341876474,LR
2017-02-10,VNQ,-0.0013114045535699,0.0154637052766024,0,0.3204853728868679,LR
2017-02-17,VNQ,0.0205545078206308,0.0070185707488375,1,0.32620817431892385,LR
2017-02-24,VNQ,-0.0138189520272888,0.0070962917080124,0,0.311967435832731,LR
2017-03-03,VNQ,-0.0434212943432475,-0.0030616685004571,0,0.36622779730978916,LR
2017-03-10,VNQ,0.0240994092100155,0.0015616639201439,1,0.38245578054206636,LR
2017-03-17,VNQ,-0.0075151848070549,-0.0133738360209795,0,0.3458640556290116,LR
2017-03-24,VNQ,0.0101515922208172,0.0080388943619636,1,0.3877684798782761,LR
2017-03-31,VNQ,0.0139631073015602,-0.0022905376406048,1,0.38165155300427367,LR
2017-04-07,VNQ,0.0084968777551099,-0.0114369762787472,0,0.3688946726667704,LR
2017-04-14,VNQ,0.0082938025543466,0.0089457066822224,0,0.37539708103189035,LR
2017-04-21,VNQ,-0.0316958957248263,0.014877063040655,0,0.3784974257478242,LR
2017-04-28,VNQ,-0.0090198434905208,0.0068043699727691,0,0.3923675725214913,LR
2017-05-05,VNQ,-0.0157423470929124,-0.0030034969896212,0,0.3087102485632606,LR
2017-05-12,VNQ,0.010325801881267,-0.002803775366951,1,0.3179513782108775,LR
2017-05-19,VNQ,0.0053515256005063,0.0142670576732777,0,0.36052443935851936,LR
2017-05-26,VNQ,0.0099213512363633,0.0101776828309025,0,0.36395901737967423,LR
2017-06-02,VNQ,0.0049242856377063,-0.0031128156140485,0,0.3667459228180426,LR
2017-06-09,VNQ,0.0160287558820944,0.0016981078878703,1,0.3515845240904247,LR
2017-06-16,VNQ,-0.0093006933461333,0.0020192394658677,0,0.33130870402806967,LR
2017-06-23,VNQ,-0.0133949412665047,-0.0054702845233949,0,0.32496071925816794,LR
2017-06-30,VNQ,-0.0186691910504168,0.0012819561477478,0,0.34052042783387826,LR
2017-07-07,VNQ,0.0109515882518465,0.0142497388392674,1,0.3333984844489794,LR
2017-07-14,VNQ,0.0080644939116367,0.0053756141386058,0,0.3122264479227526,LR
2017-07-21,VNQ,0.0050161011836449,0.0001213193946404,0,0.3406128594876842,LR
2017-07-28,VNQ,-0.0030863546228525,0.0020250628548082,0,0.34517140687840986,LR
2017-08-04,VNQ,-0.0226190657842726,-0.0132976721019747,0,0.3127009022886909,LR
2017-08-11,VNQ,-0.003032508401218,-0.0057758276664244,0,0.3663094076145887,LR
2017-08-18,VNQ,0.0197080633421686,0.007621956181528,1,0.3765815319343913,LR
2017-08-25,VNQ,0.005604593575988,0.0134120799818805,0,0.3634778602105599,LR
2017-09-01,VNQ,0.0060412478949576,-0.0050840371434356,0,0.3346708838032097,LR
2017-09-08,VNQ,0.0025845110926929,0.0156001823856578,0,0.3208488774395937,LR
2017-09-15,VNQ,-0.0331692667742281,0.0010035706503922,0,0.2925043613483721,LR
2017-09-22,VNQ,0.0072735906129126,0.0071757425193034,0,0.3221656888561252,LR
2017-09-29,VNQ,0.0009613293665127,0.0124982954752087,0,0.28416414433534565,LR
2017-10-06,VNQ,0.017398663803126,0.0022805414922775,1,0.30647419533708936,LR
2017-10-13,VNQ,-0.0127463919304365,0.0084723063238641,0,0.33520910515856106,LR
2017-10-20,VNQ,-0.0175522533815298,0.0023333563899013,0,0.3492961515678865,LR
2017-10-27,VNQ,0.0150256012505272,0.0028718593508155,1,0.3360118718719802,LR
2017-11-03,VNQ,0.0212842299798128,-0.0013933902982615,1,0.2821256246565039,LR
2017-11-10,VNQ,-0.0038832880444663,-0.0008910538437764,0,0.281905821848821,LR
2017-11-17,VNQ,0.0028331704210053,0.0096952281767767,0,0.3146848791131596,LR
2017-11-24,VNQ,-0.005291681241675,0.0157474180993822,0,0.2837971669197625,LR
2017-12-01,VNQ,-0.0086125924791777,0.0039702341435379,0,0.32145668256897386,LR
2017-12-08,VNQ,0.0122545953824964,0.0088972073893761,1,0.3360245220083092,LR
2017-12-15,VNQ,-0.0402298876288467,0.003752052535518,0,0.3102623944016782,LR
2017-12-22,VNQ,0.0138058021243552,-0.0024296657411477,1,0.32669008838585656,LR
2017-12-29,VNQ,-0.0239643285384095,0.0245824255935622,0,0.34313640370307813,LR
2017-01-06,VOX,-0.0045151069579283,-0.0007039650929389,0,0.33453710809136167,LR
2017-01-13,VOX,-0.0011844351009694,-0.001365766269717,0,0.290102386455042,LR
2017-01-20,VOX,-0.0003953831793154,0.009835071965876,0,0.3580811610144371,LR
2017-01-27,VOX,-0.0224997190682836,0.0016160303274789,0,0.29041141316856783,LR
2017-02-03,VOX,-0.0009134829573399,0.0094618145357026,0,0.36169631857051643,LR
2017-02-10,VOX,0.0094136717215209,0.0154637052766024,0,0.3358082346985565,LR
2017-02-17,VOX,0.0013114585535616,0.0070185707488374,0,0.3263356256836213,LR
2017-02-24,VOX,-0.0184587637918197,0.0070962917080124,0,0.32538087714149566,LR
2017-03-03,VOX,-0.016099124493529,-0.003061668500457,0,0.38943401345302553,LR
2017-03-10,VOX,0.0245462739215891,0.0015616639201439,1,0.3676012591470514,LR
2017-03-17,VOX,-0.0311220403975189,-0.0133738360209795,0,0.36479113289346504,LR
2017-03-24,VOX,0.0083971184114772,0.0080388943619635,0,0.40461409154460964,LR
2017-03-31,VOX,0.0159131852243978,-0.0022905376406049,1,0.38976703922663186,LR
2017-04-07,VOX,0.0010345382819421,-0.0114369762787473,0,0.35929706581627424,LR
2017-04-14,VOX,-0.0036064512365747,0.0089457066822225,0,0.3664974690226865,LR
2017-04-21,VOX,-0.0025720165416581,0.0148770630406548,0,0.3564738699438019,LR
2017-04-28,VOX,-0.0334603118696745,0.006804369972769,0,0.31206003861881326,LR
2017-05-05,VOX,-0.0101053564094175,-0.0030034969896213,0,0.3355987784518637,LR
2017-05-12,VOX,-0.0030087984810078,-0.0028037753669509,0,0.3015145112265921,LR
2017-05-19,VOX,0.0022565988607556,0.0142670576732776,0,0.33496077223688886,LR
2017-05-26,VOX,0.0285929667527988,0.0101776828309025,1,0.3411195498624827,LR
2017-06-02,VOX,-0.0038711314029479,-0.0031128156140485,0,0.35439717928760067,LR
2017-06-09,VOX,0.0048375931389521,0.0016981078878704,0,0.33557160316071355,LR
2017-06-16,VOX,-0.0270608751715137,0.0020192394658678,0,0.3170012407638451,LR
2017-06-23,VOX,-0.0168094182995192,-0.0054702845233949,0,0.32980401087770783,LR
2017-06-30,VOX,-0.0158868232886975,0.0012819561477478,0,0.3428829833344541,LR
2017-07-07,VOX,-0.0062990353440203,0.0142497388392675,0,0.3457869529243396,LR
2017-07-14,VOX,0.0166592623805863,0.0053756141386059,1,0.3129173848779758,LR
2017-07-21,VOX,0.0263445118526242,0.0001213193946406,1,0.3445774326108699,LR
2017-07-28,VOX,0.0087289724666093,0.0020250628548082,0,0.2994005724520472,LR
2017-08-04,VOX,-0.0094896028177599,-0.0132976721019746,0,0.29308197586207657,LR
2017-08-11,VOX,-0.0276600317239213,-0.0057758276664242,0,0.33246769826415845,LR
2017-08-18,VOX,0.0195758902827478,0.0076219561815279,1,0.3364765218062269,LR
2017-08-25,VOX,0.004048553707084,0.0134120799818805,0,0.3535995294766583,LR
2017-09-01,VOX,-0.0489413616200777,-0.0050840371434356,0,0.34673067487990333,LR
2017-09-08,VOX,0.0162909957568408,0.015600182385658,1,0.379267175834076,LR
2017-09-15,VOX,0.023141046318156,0.0010035706503922,1,0.28191329167983004,LR
2017-09-22,VOX,-0.009767050022527,0.0071757425193034,0,0.2987442914318724,LR
2017-09-29,VOX,0.0145646611129879,0.0124982954752089,1,0.35339131840374,LR
2017-10-06,VOX,-0.0274088417820119,0.0022805414922775,0,0.3532442567029545,LR
2017-10-13,VOX,-0.0018527222578684,0.0084723063238639,0,0.37301930646865017,LR
2017-10-20,VOX,-0.0134220398923092,0.0023333563899013,0,0.38296524832370216,LR
2017-10-27,VOX,-0.045378857900004,0.0028718593508153,0,0.4099504860183922,LR
2017-11-03,VOX,-0.0049266647383614,-0.0013933902982615,0,0.3859447587064316,LR
2017-11-10,VOX,0.020285425193198,-0.0008910538437763,1,0.3294635787361814,LR
2017-11-17,VOX,0.0192484800348793,0.0096952281767768,1,0.3741431058730261,LR
2017-11-24,VOX,0.0358552285222528,0.0157474180993821,1,0.38707749152631393,LR
2017-12-01,VOX,-0.0332326480461037,0.0039702341435379,0,0.3393222000067994,LR
2017-12-08,VOX,0.0089126047607388,0.0088972073893759,0,0.2897877850768031,LR
2017-12-15,VOX,0.0013150985926799,0.0037520525355181,0,0.32974123455822735,LR
2017-12-22,VOX,-0.0029533652206759,-0.0024296657411477,0,0.36653970906374467,LR
2017-12-29,VOX,-0.0091894096229354,0.0245824255935623,0,0.3983005260585888,LR
2017-01-06,VPU,-0.0074328295343134,-0.000703965092939,0,0.2924619447259136,LR
2017-01-13,VPU,-0.0003736657112282,-0.0013657662697171,0,0.32714963872366337,LR
2017-01-20,VPU,-0.0056908349329034,0.009835071965876,0,0.347628951954337,LR
2017-01-27,VPU,0.0097515321204657,0.001616030327479,0,0.28580359854549053,LR
2017-02-03,VPU,0.005095380859027,0.0094618145357025,0,0.334356492711334,LR
2017-02-10,VPU,0.0044239940731207,0.0154637052766024,0,0.324690427507857,LR
2017-02-17,VPU,0.0401653951710705,0.0070185707488375,1,0.3446318634284383,LR
2017-02-24,VPU,0.0012389326517561,0.0070962917080124,0,0.2536009019563333,LR
2017-03-03,VPU,-0.0115878385902256,-0.003061668500457,0,0.3112634852324012,LR
2017-03-10,VPU,0.0145874790941,0.0015616639201439,1,0.3359942760084638,LR
2017-03-17,VPU,0.0018495603556396,-0.0133738360209795,0,0.3214198111738082,LR
2017-03-24,VPU,-0.0118442363902029,0.0080388943619636,0,0.3365376340980408,LR
2017-03-31,VPU,0.001419285265239,-0.0022905376406049,0,0.34360297235073145,LR
2017-04-07,VPU,0.0039851628137952,-0.0114369762787472,0,0.33229897912145623,LR
2017-04-14,VPU,-0.0007927097582868,0.0089457066822224,0,0.3056277385582278,LR
2017-04-21,VPU,-0.0006170092261543,0.014877063040655,0,0.34472641012622857,LR
2017-04-28,VPU,-0.0012321720318975,0.006804369972769,0,0.32412128713448884,LR
2017-05-05,VPU,-0.0003525190586921,-0.0030034969896211,0,0.3354906034725588,LR
2017-05-12,VPU,0.0050220237429445,-0.0028037753669509,0,0.32775102076762264,LR
2017-05-19,VPU,0.0265696137756197,0.0142670576732777,1,0.33446830371936254,LR
2017-05-26,VPU,0.0170823365965264,0.0101776828309026,1,0.31356961046664533,LR
2017-06-02,VPU,-0.0084952657197038,-0.0031128156140485,0,0.3186872776717336,LR
2017-06-09,VPU,0.0159456932068429,0.0016981078878704,1,0.27825308673506854,LR
2017-06-16,VPU,-0.0180300801927039,0.0020192394658677,0,0.27005880331941906,LR
2017-06-23,VPU,-0.0300509407794492,-0.0054702845233949,0,0.30937720146816866,LR
2017-06-30,VPU,-0.010565832343184,0.0012819561477477,0,0.3413313392150032,LR
2017-07-07,VPU,0.0050229086884263,0.0142497388392674,0,0.30486210966173405,LR
2017-07-14,VPU,0.0279701422766647,0.0053756141386058,1,0.2808802135362737,LR
2017-07-21,VPU,-0.0031575588463765,0.0001213193946404,0,0.3249035626443272,LR
2017-07-28,VPU,0.0120626543713904,0.0020250628548081,1,0.32702361568785404,LR
2017-08-04,VPU,-0.0026182870269686,-0.0132976721019745,0,0.3014783758307679,LR
2017-08-11,VPU,0.012354028437151,-0.0057758276664243,1,0.3313553145675169,LR
2017-08-18,VPU,0.0114414796310646,0.007621956181528,1,0.34503002068714067,LR
2017-08-25,VPU,-0.0056128790475543,0.0134120799818805,0,0.3471042749373813,LR
2017-09-01,VPU,0.0076247152413622,-0.0050840371434357,0,0.2849647471410667,LR
2017-09-08,VPU,-0.0018934992559661,0.0156001823856578,0,0.3142084652427243,LR
2017-09-15,VPU,-0.0259900493052783,0.0010035706503922,0,0.2906178770704346,LR
2017-09-22,VPU,-0.0124312999636627,0.0071757425193035,0,0.3308150263968541,LR
2017-09-29,VPU,0.004780175427228,0.0124982954752088,0,0.2839000191854453,LR
2017-10-06,VPU,0.0129042926500737,0.0022805414922774,1,0.30454876793461805,LR
2017-10-13,VPU,0.0125680772448877,0.0084723063238641,1,0.34522231908195183,LR
2017-10-20,VPU,0.0026457189160669,0.0023333563899013,0,0.34173278231013854,LR
2017-10-27,VPU,0.0089701147621874,0.0028718593508153,0,0.3329942267933668,LR
2017-11-03,VPU,0.0030422225689175,-0.0013933902982614,0,0.29411221122399217,LR
2017-11-10,VPU,0.0067191059379931,-0.0008910538437764,0,0.2975096338032661,LR
2017-11-17,VPU,-8.130903827552327e-05,0.0096952281767767,0,0.3141703556761099,LR
2017-11-24,VPU,0.0108120817702872,0.0157474180993821,1,0.2954795245888967,LR
2017-12-01,VPU,-0.0104425692398667,0.0039702341435379,0,0.30756046660652947,LR
2017-12-08,VPU,-0.0166328848012803,0.008897207389376,0,0.3004060287594911,LR
2017-12-15,VPU,-0.0436108885609022,0.0037520525355181,0,0.3002413792540282,LR
2017-12-22,VPU,0.0042204812248878,-0.0024296657411478,0,0.3349944833677017,LR
2017-12-29,VPU,-0.0248628390008058,0.0245824255935622,0,0.32187902473691704,LR
2018-01-05,VAW,0.008943062612398,0.016457843855206,0,0.25535691237517355,LR
2018-01-12,VAW,-0.0052894943316909,0.0089593212331829,0,0.2449435313322533,LR
2018-01-19,VAW,0.0130370830183161,0.0220035110211875,1,0.2469848243299558,LR
2018-01-26,VAW,-0.0573701957517841,-0.0388369611330781,0,0.19523989905867456,LR
2018-02-02,VAW,-0.0343556744550163,-0.0506445234093187,0,0.2930456181181654,LR
2018-02-09,VAW,0.0351355404772721,0.0443978648911135,1,0.30295850626425297,LR
2018-02-16,VAW,0.0135989870245325,0.0058583214473636,1,0.21057715940701316,LR
2018-02-23,VAW,-0.0353374708563534,-0.0204944468792884,0,0.2865432074550796,LR
2018-03-02,VAW,0.0423288012076474,0.0363830333258684,1,0.31850750847822534,LR
2018-03-09,VAW,-0.0327655410372893,-0.0128078645799412,0,0.25034061389389084,LR
2018-03-16,VAW,-0.0523560221374561,-0.0588988716402913,0,0.3548232172867719,LR
2018-03-23,VAW,0.0049114337182469,0.0197636646727971,0,0.43123061605780816,LR
2018-03-30,VAW,-0.0039688882196924,-0.0130343849143668,0,0.30060817465325684,LR
2018-04-06,VAW,0.0260659098456348,0.0209073577014105,1,0.46712427895668296,LR
2018-04-13,VAW,0.0109186514677794,0.0055060851077415,1,0.39099790269857376,LR
2018-04-20,VAW,-0.0208986650324417,-0.0001873296339248,0,0.45180428772826514,LR
2018-04-27,VAW,-0.0026613250653612,-0.0020256173375697,0,0.4386236838182048,LR
2018-05-04,VAW,0.017819039044929,0.0256746049951891,1,0.3475035487021233,LR
2018-05-11,VAW,0.0151526368649697,-0.00557136943856,1,0.36120571328233125,LR
2018-05-18,VAW,-0.0175785096165129,0.0030224001893667,0,0.3653691868488899,LR
2018-05-25,VAW,0.0077286617113865,0.0053283968195766,0,0.3516334739327434,LR
2018-06-01,VAW,0.0218712695836957,0.0167757899962558,1,0.380180162066212,LR
2018-06-08,VAW,-0.0142131366339972,0.0006630542912959,0,0.3577095572976028,LR
2018-06-15,VAW,-0.0129524090895898,-0.008624006536225,0,0.314885817060084,LR
2018-06-22,VAW,-0.0094119420448638,-0.0125936914678264,0,0.319634395682771,LR
2018-06-29,VAW,0.0154588222297917,0.0152607334193518,1,0.3113211405806953,LR
2018-07-06,VAW,-0.0019505928421633,0.0151407239318973,0,0.3362622124516186,LR
2018-07-13,VAW,-0.0032308414427301,0.0003219509128107,0,0.3561205601559645,LR
2018-07-20,VAW,0.0156803763796464,0.0062213950746089,1,0.3583953300494667,LR
2018-07-27,VAW,-0.0041533601645681,0.007746328576096,0,0.35933148120677627,LR
2018-08-03,VAW,-0.0053140237304375,-0.0015515647334659,0,0.3617202864739553,LR
2018-08-10,VAW,-0.0069892732064099,0.0067103612306037,0,0.37678997732642944,LR
2018-08-17,VAW,0.0124830477129824,0.0085944289261797,1,0.3542213416403942,LR
2018-08-24,VAW,-0.0001488828727075,0.0097388757970093,0,0.36321239733496496,LR
2018-08-31,VAW,-0.0041812707326087,-0.0093344074410254,0,0.3377668220553437,LR
2018-09-07,VAW,0.0041132882009773,0.0114042922018494,0,0.36214714295410577,LR
2018-09-14,VAW,0.0177668697126092,0.0083597265657957,1,0.28665484680862213,LR
2018-09-21,VAW,-0.036734993590322,-0.0043495683688266,0,0.2752298810633938,LR
2018-09-28,VAW,-0.0149491670887207,-0.0099750760306763,0,0.35646802526590604,LR
2018-10-05,VAW,-0.0651116106101323,-0.0412409197486544,0,0.31982462316936794,LR
2018-10-12,VAW,-0.0122304217073515,0.001087275291725,0,0.379201805046489,LR
2018-10-19,VAW,-0.0525308445197136,-0.0395293524652722,0,0.37592025137754387,LR
2018-10-26,VAW,0.04664474643342,0.0247237676233927,1,0.44438486216910017,LR
2018-11-02,VAW,0.0121061285484673,0.0215895795949911,1,0.31143307497056255,LR
2018-11-09,VAW,0.0057433918067888,-0.0145090020582168,0,0.349586501349568,LR
2018-11-16,VAW,-0.0322000851728739,-0.038285799705356,0,0.4028331215918586,LR
2018-11-23,VAW,0.0143288651444699,0.0471036204963752,1,0.4012107105820192,LR
2018-11-30,VAW,-0.0749878989362605,-0.0438233373638081,0,0.3327052185758508,LR
2018-12-07,VAW,-0.0199440061702528,-0.0117623510511852,0,0.42688241948981787,LR
2018-12-14,VAW,-0.0456902105532867,-0.0705043400525583,0,0.4139692498743637,LR
2018-12-21,VAW,0.0367154271042473,0.029289309867474,1,0.36545977635954874,LR
2018-12-28,VAW,0.0212727296836554,0.0187285501714543,1,0.3996504032461042,LR
2018-01-05,VCR,0.0302198933187347,0.0164578438552061,1,0.2415431578589049,LR
2018-01-12,VCR,0.0006011066084674,0.0089593212331828,0,0.2305585712592172,LR
2018-01-19,VCR,0.0264690213429803,0.0220035110211876,1,0.23178245451015328,LR
2018-01-26,VCR,-0.031292075015016,-0.0388369611330779,0,0.18660280269014703,LR
2018-02-02,VCR,-0.0355748209503875,-0.0506445234093187,0,0.2290295324221522,LR
2018-02-09,VCR,0.0289899782692917,0.0443978648911135,1,0.26436140519050266,LR
2018-02-16,VCR,0.0124535045194185,0.0058583214473634,1,0.1711675567832527,LR
2018-02-23,VCR,-0.0306833242245425,-0.0204944468792884,0,0.2616076817759044,LR
2018-03-02,VCR,0.0336150340502139,0.0363830333258682,1,0.30528512705472716,LR
2018-03-09,VCR,-0.0136057843652466,-0.0128078645799411,0,0.23156636452011686,LR
2018-03-16,VCR,-0.0425844111425742,-0.0588988716402913,0,0.3191834629197969,LR
2018-03-23,VCR,-0.0048933425919915,0.0197636646727971,0,0.39771705345000824,LR
2018-03-30,VCR,0.0017755154389049,-0.0130343849143668,0,0.28739744030722836,LR
2018-04-06,VCR,-0.0030778281643705,0.0209073577014104,0,0.41960907965035543,LR
2018-04-13,VCR,0.00782913673637,0.0055060851077415,0,0.38810332919524415,LR
2018-04-20,VCR,0.0050129814916122,-0.0001873296339249,0,0.4553358936841945,LR
2018-04-27,VCR,-0.0069720471405236,-0.0020256173375697,0,0.4023472953690129,LR
2018-05-04,VCR,0.0036157104005511,0.0256746049951892,0,0.34661576212108913,LR
2018-05-11,VCR,-0.0002438355952912,-0.00557136943856,0,0.356083494400195,LR
2018-05-18,VCR,0.0043662901598111,0.0030224001893666,0,0.3550768061251173,LR
2018-05-25,VCR,0.0101891838065828,0.0053283968195768,1,0.31849322957133863,LR
2018-06-01,VCR,0.0312406567425329,0.0167757899962558,1,0.3522810077061811,LR
2018-06-08,VCR,0.0164685206619226,0.000663054291296,1,0.33271403456830795,LR
2018-06-15,VCR,-0.0041896864285668,-0.0086240065362252,0,0.25379830095691197,LR
2018-06-22,VCR,-0.0177764453947834,-0.0125936914678264,0,0.2800220253024976,LR
2018-06-29,VCR,0.0163904894402273,0.0152607334193517,1,0.2743896695878212,LR
2018-07-06,VCR,0.0114829848079338,0.0151407239318975,1,0.2847657517710965,LR
2018-07-13,VCR,-0.0025714111328124,0.0003219509128107,0,0.3096338844577986,LR
2018-07-20,VCR,-0.0106047055149873,0.0062213950746087,0,0.3158428901450735,LR
2018-07-27,VCR,0.0029527240807754,0.0077463285760958,0,0.31694783143785066,LR
2018-08-03,VCR,0.0115991104131796,-0.0015515647334658,1,0.31463135726198294,LR
2018-08-10,VCR,-0.0024477297219968,0.0067103612306037,0,0.34440771138337445,LR
2018-08-17,VCR,0.0145076121623406,0.0085944289261796,1,0.33909387335337005,LR
2018-08-24,VCR,0.0103322581021783,0.0097388757970093,1,0.3186396282135446,LR
2018-08-31,VCR,-0.0117796969170193,-0.0093344074410256,0,0.30009155154329803,LR
2018-09-07,VCR,0.0038895201616615,0.0114042922018495,0,0.350271465389325,LR
2018-09-14,VCR,0.0023280204003097,0.0083597265657956,0,0.2710351652785868,LR
2018-09-21,VCR,0.004285420212869,-0.0043495683688267,0,0.25383543231826333,LR
2018-09-28,VCR,-0.0505005651745376,-0.0099750760306763,0,0.29144582251758294,LR
2018-10-05,VCR,-0.0306009338851199,-0.0412409197486543,0,0.3488528027296487,LR
2018-10-12,VCR,-0.0187841612620354,0.001087275291725,0,0.33989147420522964,LR
2018-10-19,VCR,-0.0320223711356391,-0.0395293524652721,0,0.36327609598595884,LR
2018-10-26,VCR,0.0328358126809074,0.0247237676233927,1,0.44106885463733525,LR
2018-11-02,VCR,0.0133027833029744,0.0215895795949911,1,0.29652792950231277,LR
2018-11-09,VCR,-0.0283518644597089,-0.0145090020582168,0,0.3225609603967352,LR
2018-11-16,VCR,-0.036168247890052,-0.038285799705356,0,0.3948713224064693,LR
2018-11-23,VCR,0.04323742931322,0.0471036204963753,1,0.40522159858335355,LR
2018-11-30,VCR,-0.064860749143134,-0.0438233373638081,0,0.28112735778505615,LR
2018-12-07,VCR,-0.0163064202449082,-0.0117623510511852,0,0.4069252578909399,LR
2018-12-14,VCR,-0.0791567296556722,-0.0705043400525584,0,0.4004421440404883,LR
2018-12-21,VCR,0.0570131402818494,0.029289309867474,1,0.4313217738746127,LR
2018-12-28,VCR,0.0216755977255476,0.0187285501714543,1,0.3886483429495581,LR
2018-01-05,VDC,-0.0046524898572275,0.0164578438552061,0,0.325862125771844,LR
2018-01-12,VDC,0.0210959029524293,0.0089593212331827,1,0.2807694035382028,LR
2018-01-19,VDC,0.0118728484754568,0.0220035110211875,1,0.2404680730835706,LR
2018-01-26,VDC,-0.0406960964478281,-0.0388369611330781,0,0.22079868739043682,LR
2018-02-02,VDC,-0.0440290809603161,-0.0506445234093187,0,0.28482577112263746,LR
2018-02-09,VDC,0.0295176838277702,0.0443978648911136,1,0.295972551021889,LR
2018-02-16,VDC,-0.012778858842088,0.0058583214473635,0,0.2160223111787258,LR
2018-02-23,VDC,-0.0125598351837413,-0.0204944468792883,0,0.31683048471695596,LR
2018-03-02,VDC,0.0206716922060754,0.0363830333258682,1,0.319914980577967,LR
2018-03-09,VDC,-0.0230016007321098,-0.0128078645799412,0,0.24661532822074528,LR
2018-03-16,VDC,-0.0415969005328626,-0.0588988716402913,0,0.36710822156010814,LR
2018-03-23,VDC,0.0262363973428263,0.0197636646727972,1,0.41878769986013026,LR
2018-03-30,VDC,-0.000220952922979,-0.0130343849143667,0,0.289153229814806,LR
2018-04-06,VDC,0.0016925140081838,0.0209073577014104,0,0.42399766996278293,LR
2018-04-13,VDC,-0.037618169741922,0.0055060851077416,0,0.3823598388139294,LR
2018-04-20,VDC,0.0054106953854082,-0.0001873296339247,0,0.47223939712446106,LR
2018-04-27,VDC,-0.0213426717627071,-0.0020256173375697,0,0.38215605229479904,LR
2018-05-04,VDC,-0.0027803569835537,0.0256746049951893,0,0.3456490895191061,LR
2018-05-11,VDC,-0.0010050226357193,-0.0055713694385601,0,0.36107786935887565,LR
2018-05-18,VDC,0.0029294239842472,0.0030224001893666,0,0.3451947470509054,LR
2018-05-25,VDC,0.0002314542022652,0.0053283968195768,0,0.345043712391342,LR
2018-06-01,VDC,0.0211733900262882,0.0167757899962557,1,0.3772302677784686,LR
2018-06-08,VDC,0.0220311873822909,0.000663054291296,1,0.3464848164565293,LR
2018-06-15,VDC,0.0081627051673693,-0.0086240065362252,0,0.23946998678332163,LR
2018-06-22,VDC,-0.0092237305238486,-0.0125936914678265,0,0.2637166672184247,LR
2018-06-29,VDC,0.0184659189753249,0.0152607334193518,1,0.2455873350730414,LR
2018-07-06,VDC,0.0062367462424852,0.0151407239318973,0,0.2643631045467354,LR
2018-07-13,VDC,0.0025542297791256,0.0003219509128106,0,0.2807032557147473,LR
2018-07-20,VDC,0.0102114794614036,0.0062213950746087,1,0.2789659385389795,LR
2018-07-27,VDC,0.0218745786315055,0.0077463285760959,1,0.28551534750701585,LR
2018-08-03,VDC,-0.0189254191543226,-0.0015515647334659,0,0.29854993008075076,LR
2018-08-10,VDC,0.0309725558808693,0.0067103612306036,1,0.32360386719150724,LR
2018-08-17,VDC,-0.0159507397534255,0.0085944289261797,0,0.29066640985364345,LR
2018-08-24,VDC,-0.0065261982051412,0.0097388757970094,0,0.33412428745058126,LR
2018-08-31,VDC,0.0106558354691599,-0.0093344074410255,1,0.3179959333171412,LR
2018-09-07,VDC,0.0055790483904025,0.0114042922018494,0,0.30726376807856887,LR
2018-09-14,VDC,0.0090614869387617,0.0083597265657958,0,0.31948661354447105,LR
2018-09-21,VDC,-0.0171846256657591,-0.0043495683688266,0,0.2821527174479661,LR
2018-09-28,VDC,-0.0118275995006729,-0.0099750760306763,0,0.32988092318418916,LR
2018-10-05,VDC,-0.0197661977412324,-0.0412409197486543,0,0.34240304561660945,LR
2018-10-12,VDC,0.043318029954843,0.0010872752917249,1,0.3952595542408591,LR
2018-10-19,VDC,-0.0154584772337937,-0.0395293524652721,0,0.29642824887503705,LR
2018-10-26,VDC,0.0178151497711072,0.0247237676233926,1,0.4044312804800669,LR
2018-11-02,VDC,0.0277913969273917,0.0215895795949912,1,0.2842092699321296,LR
2018-11-09,VDC,-0.011948654375108,-0.0145090020582168,0,0.2586994947368268,LR
2018-11-16,VDC,-0.0221914385794947,-0.0382857997053559,0,0.3410413052012417,LR
2018-11-23,VDC,0.0230281991018375,0.0471036204963752,1,0.37677147604310446,LR
2018-11-30,VDC,-0.0314131990626983,-0.043823337363808,0,0.26519751131112307,LR
2018-12-07,VDC,-0.0144989253879853,-0.0117623510511851,0,0.37554295344794203,LR
2018-12-14,VDC,-0.0682259513188063,-0.0705043400525585,0,0.3706362752825395,LR
2018-12-21,VDC,0.0128762308849399,0.029289309867474,1,0.39931682465073404,LR
2018-12-28,VDC,0.0118338914515014,0.0187285501714541,1,0.3778357966309128,LR
2018-01-05,VDE,0.0325377134753239,0.0164578438552061,1,0.2999488155535456,LR
2018-01-12,VDE,-0.0153584970847199,0.0089593212331829,0,0.25753062217155037,LR
2018-01-19,VDE,0.0138742409205205,0.0220035110211875,1,0.2519487049594325,LR
2018-01-26,VDE,-0.0624229352286792,-0.038836961133078,0,0.2238466138973459,LR
2018-02-02,VDE,-0.0697674164123667,-0.0506445234093188,0,0.32345131176579095,LR
2018-02-09,VDE,0.0126087354577106,0.0443978648911135,1,0.3715928501887806,LR
2018-02-16,VDE,0.0094309817365483,0.0058583214473636,0,0.22653787936041844,LR
2018-02-23,VDE,-0.0302580732388,-0.0204944468792884,0,0.3368526608101992,LR
2018-03-02,VDE,0.0255230781869604,0.0363830333258683,1,0.40205185143906397,LR
2018-03-09,VDE,-0.0148409883055055,-0.0128078645799411,0,0.3016771624910023,LR
2018-03-16,VDE,-0.0050021649527215,-0.0588988716402913,0,0.4119331719154039,LR
2018-03-23,VDE,-0.0015133432754901,0.0197636646727971,0,0.4273239353392615,LR
2018-03-30,VDE,0.0014130136241081,-0.0130343849143667,0,0.3732515778193243,LR
2018-04-06,VDE,0.058543941042862,0.0209073577014104,1,0.47188781327790585,LR
2018-04-13,VDE,0.025876051256845,0.0055060851077415,1,0.3461400073197641,LR
2018-04-20,VDE,0.0090609980080618,-0.0001873296339249,0,0.4556998152308357,LR
2018-04-27,VDE,0.0031598667466345,-0.0020256173375697,0,0.3946534137739379,LR
2018-05-04,VDE,0.0307527239724094,0.0256746049951892,1,0.3176935262532861,LR
2018-05-11,VDE,0.0181268712437367,-0.00557136943856,1,0.3651546131249672,LR
2018-05-18,VDE,-0.0525491335253049,0.0030224001893666,0,0.3595920853591649,LR
2018-05-25,VDE,0.0337420553641865,0.0053283968195768,1,0.3916549954280859,LR
2018-06-01,VDE,0.0017980736699025,0.0167757899962555,0,0.31949495059002203,LR
2018-06-08,VDE,-0.0299763420231236,0.000663054291296,0,0.3912786709035964,LR
2018-06-15,VDE,0.0210979070136405,-0.0086240065362252,1,0.3793056441286932,LR
2018-06-22,VDE,0.0079616482595172,-0.0125936914678265,0,0.32341223793722135,LR
2018-06-29,VDE,0.0053747724874917,0.015260733419352,0,0.36914198587058916,LR
2018-07-06,VDE,-0.0003794433335434,0.0151407239318974,0,0.411579275364865,LR
2018-07-13,VDE,-0.0097636092710103,0.0003219509128107,0,0.40323883313847564,LR
2018-07-20,VDE,0.0164803300816003,0.0062213950746088,1,0.4311936268740182,LR
2018-07-27,VDE,-0.0213526168299955,0.0077463285760959,0,0.42648326298716616,LR
2018-08-03,VDE,-0.0024934738199515,-0.0015515647334659,0,0.4174774030875966,LR
2018-08-10,VDE,-0.0341138421571813,0.0067103612306037,0,0.3754555486198283,LR
2018-08-17,VDE,0.0312530924186673,0.0085944289261797,1,0.3809789164549438,LR
2018-08-24,VDE,-0.0050192726903979,0.0097388757970093,0,0.33609413467071664,LR
2018-08-31,VDE,-0.0290079293474676,-0.0093344074410255,0,0.3452820433067721,LR
2018-09-07,VDE,0.0181565811532082,0.0114042922018496,1,0.36875378792456787,LR
2018-09-14,VDE,0.0174944412716062,0.0083597265657957,1,0.28558724543170294,LR
2018-09-21,VDE,0.0035325831022383,-0.0043495683688267,0,0.3268786641275869,LR
2018-09-28,VDE,0.0116521730331684,-0.0099750760306764,1,0.32262808920830544,LR
2018-10-05,VDE,-0.0473228147229473,-0.0412409197486544,0,0.32318203536887385,LR
2018-10-12,VDE,-0.0199801847037959,0.001087275291725,0,0.3804355707902887,LR
2018-10-19,VDE,-0.073823447853102,-0.0395293524652721,0,0.35683066904593297,LR
2018-10-26,VDE,0.0085692688426759,0.0247237676233926,0,0.4668442921784726,LR
2018-11-02,VDE,-0.000957509734398,0.0215895795949911,0,0.3438471594659123,LR
2018-11-09,VDE,-0.029396201631256,-0.0145090020582168,0,0.3380273875074634,LR
2018-11-16,VDE,-0.0445420199673346,-0.0382857997053561,0,0.4479801001400862,LR
2018-11-23,VDE,0.0215090398380801,0.0471036204963752,1,0.4634243568573709,LR
2018-11-30,VDE,-0.0546126712692037,-0.043823337363808,0,0.3211454366812592,LR
2018-12-07,VDE,-0.0369768741873262,-0.0117623510511851,0,0.43113154590336417,LR
2018-12-14,VDE,-0.0924207539026068,-0.0705043400525585,0,0.4332032045453123,LR
2018-12-21,VDE,0.0284297003521267,0.0292893098674739,1,0.4209168792427769,LR
2018-12-28,VDE,0.0469477142750294,0.0187285501714541,1,0.41017501064580236,LR
2018-01-05,VFH,0.0285272438845838,0.0164578438552061,1,0.31514637266170953,LR
2018-01-12,VFH,0.0018988116543368,0.0089593212331829,0,0.26133167682162894,LR
2018-01-19,VFH,0.0187118271649893,0.0220035110211875,1,0.27337709976655666,LR
2018-01-26,VFH,-0.0255183176961498,-0.0388369611330779,0,0.2452013682602884,LR
2018-02-02,VFH,-0.0373611450195312,-0.0506445234093188,0,0.2734276031756169,LR
2018-02-09,VFH,0.0384560766085044,0.0443978648911135,1,0.3178043774275585,LR
2018-02-16,VFH,0.0042781888284646,0.0058583214473635,0,0.2027721746819259,LR
2018-02-23,VFH,-0.0248871839625175,-0.0204944468792882,0,0.2785352303011605,LR
2018-03-02,VFH,0.0506846850922517,0.0363830333258684,1,0.332991860389839,LR
2018-03-09,VFH,-0.0249832194304137,-0.0128078645799412,0,0.21085149339562984,LR
2018-03-16,VFH,-0.0683477897937266,-0.0588988716402913,0,0.3334894979558983,LR
2018-03-23,VFH,0.0116499646583594,0.0197636646727972,1,0.42241498710970604,LR
2018-03-30,VFH,-0.0135466558535015,-0.0130343849143668,0,0.2923651684134599,LR
2018-04-06,VFH,0.0047972354508314,0.0209073577014104,0,0.47072550475826,LR
2018-04-13,VFH,0.0092033273112244,0.0055060851077416,0,0.44256180165042214,LR
2018-04-20,VFH,-0.0071053002768894,-0.0001873296339248,0,0.47362496717839075,LR
2018-04-27,VFH,-0.0162694362011341,-0.0020256173375698,0,0.47540900302850964,LR
2018-05-04,VFH,0.0299262649937956,0.0256746049951893,1,0.4199174571945976,LR
2018-05-11,VFH,-0.0103597628532546,-0.0055713694385601,0,0.3672541405702904,LR
2018-05-18,VFH,-0.007313595699382,0.0030224001893666,0,0.3905828201620737,LR
2018-05-25,VFH,-0.0007156583625618,0.0053283968195766,0,0.3804948600180081,LR
2018-06-01,VFH,0.0186903303814283,0.0167757899962558,1,0.3948616400456811,LR
2018-06-08,VFH,-0.0198601142509834,0.0006630542912959,0,0.41461150448994555,LR
2018-06-15,VFH,-0.0054573785495778,-0.0086240065362252,0,0.31707813408047714,LR
2018-06-22,VFH,-0.0221804339552502,-0.0125936914678266,0,0.31970154930924627,LR
2018-06-29,VFH,0.0123825428341055,0.0152607334193518,1,0.31454961147755783,LR
2018-07-06,VFH,0.0032276053328748,0.0151407239318974,0,0.33303877635301554,LR
2018-07-13,VFH,0.0198366490487293,0.0003219509128106,1,0.3581204128483245,LR
2018-07-20,VFH,0.016170648643768,0.0062213950746087,1,0.3236628785242712,LR
2018-07-27,VFH,-0.0016873276426834,0.0077463285760958,0,0.32552292222256846,LR
2018-08-03,VFH,-0.0050688960570681,-0.0015515647334659,0,0.33834506258231,LR
2018-08-10,VFH,0.0084950605528528,0.0067103612306037,0,0.3210614287054166,LR
2018-08-17,VFH,0.0029490111946715,0.0085944289261795,0,0.33724444481596577,LR
2018-08-24,VFH,-0.0020911964151526,0.0097388757970093,0,0.34609241571515253,LR
2018-08-31,VFH,0.0,-0.0093344074410255,0,0.33020308682968863,LR
2018-09-07,VFH,-0.0068406796392296,0.0114042922018496,0,0.3529707152580196,LR
2018-09-14,VFH,0.016844534160872,0.0083597265657958,1,0.3297730151091535,LR
2018-09-21,VFH,-0.0371963940549812,-0.0043495683688268,0,0.26827485480511953,LR
2018-09-28,VFH,0.0061719580375623,-0.0099750760306763,0,0.3548437453496058,LR
2018-10-05,VFH,-0.0530530397294745,-0.0412409197486544,0,0.2914252126994107,LR
2018-10-12,VFH,0.0048309134230701,0.0010872752917251,0,0.372111943749255,LR
2018-10-19,VFH,-0.0502700856062953,-0.0395293524652722,0,0.3587362928146368,LR
2018-10-26,VFH,0.0320612962322495,0.0247237676233926,1,0.4023422989440997,LR
2018-11-02,VFH,0.0220743740239761,0.0215895795949912,1,0.3195785140636737,LR
2018-11-09,VFH,-0.0083110356399627,-0.0145090020582166,0,0.31258945153635165,LR
2018-11-16,VFH,-0.0252994365897978,-0.038285799705356,0,0.40503272228684845,LR
2018-11-23,VFH,0.0257111627217565,0.0471036204963752,1,0.41498044582372084,LR
2018-11-30,VFH,-0.0789165880455547,-0.0438233373638081,0,0.30744966731191314,LR
2018-12-07,VFH,-0.0379645446730633,-0.0117623510511852,0,0.44525064530337793,LR
2018-12-14,VFH,-0.0516580330082884,-0.0705043400525584,0,0.43045965850539825,LR
2018-12-21,VFH,0.0449698305985515,0.029289309867474,1,0.40034673398770765,LR
2018-12-28,VFH,0.0267253359201695,0.0187285501714542,1,0.43563219379884094,LR
2018-01-05,VGT,0.010664257034826,0.016457843855206,1,0.2756119152660611,LR
2018-01-12,VGT,0.0083065820836498,0.0089593212331827,0,0.2815137226093093,LR
2018-01-19,VGT,0.018530153477769,0.0220035110211875,1,0.2628821819953784,LR
2018-01-26,VGT,-0.0381798974473578,-0.0388369611330781,0,0.20612091035095448,LR
2018-02-02,VGT,-0.033188492557352,-0.0506445234093187,0,0.25947000908296247,LR
2018-02-09,VGT,0.0489741836281949,0.0443978648911135,1,0.2806205406090198,LR
2018-02-16,VGT,0.0237614345215428,0.0058583214473635,1,0.18212313382901246,LR
2018-02-23,VGT,-0.0102064112240061,-0.0204944468792883,0,0.25816923310107776,LR
2018-03-02,VGT,0.0498405110599278,0.0363830333258683,1,0.29193046955898816,LR
2018-03-09,VGT,-0.0145483357026131,-0.012807864579941,0,0.20410590031896741,LR
2018-03-16,VGT,-0.0664857979817077,-0.0588988716402913,0,0.30923508092278335,LR
2018-03-23,VGT,-0.0056405257534321,0.0197636646727971,0,0.38717929359129083,LR
2018-03-30,VGT,-0.0180302299124055,-0.0130343849143669,0,0.28428375340000583,LR
2018-04-06,VGT,0.0283780498101076,0.0209073577014105,1,0.44726225365733946,LR
2018-04-13,VGT,-0.0066533043963339,0.0055060851077415,0,0.3957783901644793,LR
2018-04-20,VGT,-0.0131094687402313,-0.0001873296339249,0,0.47714872207803943,LR
2018-04-27,VGT,0.028013526633797,-0.0020256173375698,1,0.4787672607446567,LR
2018-05-04,VGT,0.0305674845374195,0.0256746049951893,1,0.3452162439882039,LR
2018-05-11,VGT,-0.0168217992096563,-0.00557136943856,0,0.4014525434202097,LR
2018-05-18,VGT,0.003676864034996,0.0030224001893666,0,0.4118034114241168,LR
2018-05-25,VGT,0.023455117829616,0.0053283968195766,1,0.37257360792636973,LR
2018-06-01,VGT,0.0056200987072048,0.0167757899962555,0,0.3876214011539768,LR
2018-06-08,VGT,0.0059599570460862,0.000663054291296,0,0.4177980781181058,LR
2018-06-15,VGT,-0.0100133415862182,-0.0086240065362252,0,0.3040783474727253,LR
2018-06-22,VGT,-0.0167489376371349,-0.0125936914678265,0,0.32456348278884417,LR
2018-06-29,VGT,0.0324462256773052,0.0152607334193519,1,0.3317423768951865,LR
2018-07-06,VGT,0.0155196076582038,0.0151407239318974,1,0.33104818768686145,LR
2018-07-13,VGT,0.0020546830760483,0.0003219509128107,0,0.3603377487599784,LR
2018-07-20,VGT,-0.0042151210351889,0.0062213950746088,0,0.34952301685746834,LR
2018-07-27,VGT,0.0124768738382465,0.0077463285760959,1,0.36014686711616783,LR
2018-08-03,VGT,0.0066346478142793,-0.0015515647334659,0,0.33369606993731055,LR
2018-08-10,VGT,0.0036262548247898,0.0067103612306035,0,0.3491586869323983,LR
2018-08-17,VGT,0.0186395911232364,0.0085944289261797,1,0.3600422990310715,LR
2018-08-24,VGT,0.0204286879660642,0.0097388757970094,1,0.32825313834509784,LR
2018-08-31,VGT,-0.0206975024247937,-0.0093344074410255,0,0.3010698004897188,LR
2018-09-07,VGT,0.0164766095273953,0.0114042922018494,1,0.35497527933021794,LR
2018-09-14,VGT,-0.0033148534787806,0.0083597265657957,0,0.27757147469052257,LR
2018-09-21,VGT,0.0136615908648547,-0.0043495683688267,1,0.25122619452363354,LR
2018-09-28,VGT,-0.0306021989955043,-0.0099750760306763,0,0.2929320130804507,LR
2018-10-05,VGT,-0.0368448116700461,-0.0412409197486543,0,0.32010426390142654,LR
2018-10-12,VGT,-0.0082093272167793,0.0010872752917251,0,0.35376260259158293,LR
2018-10-19,VGT,-0.0338225953915761,-0.0395293524652722,0,0.3403651933556575,LR
2018-10-26,VGT,0.0010307463925118,0.0247237676233926,0,0.42210458233893655,LR
2018-11-02,VGT,0.0136695900745285,0.0215895795949911,1,0.32874115444978047,LR
2018-11-09,VGT,-0.0133872913767291,-0.0145090020582168,0,0.3267222807091981,LR
2018-11-16,VGT,-0.051893065547129,-0.0382857997053561,0,0.3895198973870889,LR
2018-11-23,VGT,0.0474197509282576,0.0471036204963753,1,0.43846498378166865,LR
2018-11-30,VGT,-0.0720277647190043,-0.0438233373638081,0,0.29115726753504123,LR
2018-12-07,VGT,-0.0001735036457827,-0.0117623510511851,0,0.4434920815801917,LR
2018-12-14,VGT,-0.0776107856526818,-0.0705043400525585,0,0.40724766645625265,LR
2018-12-21,VGT,0.0492979755180824,0.029289309867474,1,0.4306419708026561,LR
2018-12-28,VGT,-0.0061820945652939,0.0187285501714541,0,0.39726723533474867,LR
2018-01-05,VHT,0.0195287308646341,0.0164578438552061,1,0.2807415657948169,LR
2018-01-12,VHT,0.0093251795856499,0.0089593212331829,0,0.27234322201867167,LR
2018-01-19,VHT,0.0370618278099526,0.0220035110211875,1,0.23200474128763487,LR
2018-01-26,VHT,-0.0465567301668666,-0.0388369611330781,0,0.19093839968571374,LR
2018-02-02,VHT,-0.0511788427569428,-0.0506445234093188,0,0.24015744050607413,LR
2018-02-09,VHT,0.0366027071400871,0.0443978648911136,1,0.2730397952422614,LR
2018-02-16,VHT,0.0040188344718896,0.0058583214473635,0,0.18393306725658318,LR
2018-02-23,VHT,-0.0197141963670772,-0.0204944468792881,0,0.2935478662983952,LR
2018-03-02,VHT,0.0421995291629226,0.0363830333258683,1,0.3369499889489243,LR
2018-03-09,VHT,-0.0130530072289896,-0.0128078645799411,0,0.24761833519347415,LR
2018-03-16,VHT,-0.0623833738987962,-0.0588988716402914,0,0.3543272715285474,LR
2018-03-23,VHT,0.0066220461483312,0.0197636646727971,0,0.43685378111844536,LR
2018-03-30,VHT,-0.0182352502361621,-0.0130343849143669,0,0.315486508911737,LR
2018-04-06,VHT,0.0205402584712428,0.0209073577014105,1,0.48416049990595816,LR
2018-04-13,VHT,-0.0026359034397416,0.0055060851077414,0,0.4038702048258449,LR
2018-04-20,VHT,0.0113204765743679,-0.0001873296339247,1,0.4743927089132669,LR
2018-04-27,VHT,-0.0279662857114104,-0.0020256173375698,0,0.4175041389892287,LR
2018-05-04,VHT,0.0251007975093782,0.0256746049951893,1,0.3812927131708218,LR
2018-05-11,VHT,0.0024700702460958,-0.00557136943856,0,0.36059571604959034,LR
2018-05-18,VHT,-0.0046610623581442,0.0030224001893666,0,0.34839472840759006,LR
2018-05-25,VHT,0.0119654082308893,0.0053283968195768,1,0.3743470685993346,LR
2018-06-01,VHT,0.0194253862803472,0.0167757899962557,1,0.3718105262904073,LR
2018-06-08,VHT,0.0105393325970242,0.0006630542912959,1,0.3864035956886114,LR
2018-06-15,VHT,0.001104859565006,-0.0086240065362251,0,0.2942111196828738,LR
2018-06-22,VHT,-0.0217604711428034,-0.0125936914678265,0,0.30811629086271747,LR
2018-06-29,VHT,0.0377763462555578,0.0152607334193519,1,0.2994957384679007,LR
2018-07-06,VHT,0.0115771833650892,0.0151407239318975,1,0.29855482491395235,LR
2018-07-13,VHT,-0.0070671852784535,0.0003219509128106,0,0.32927436616306605,LR
2018-07-20,VHT,0.0085691757372097,0.0062213950746089,0,0.3247142609988683,LR
2018-07-27,VHT,0.0205265861789163,0.0077463285760958,1,0.30749382849133233,LR
2018-08-03,VHT,-0.000586924724889,-0.0015515647334657,0,0.3206170184523202,LR
2018-08-10,VHT,0.01490615396656,0.0067103612306036,1,0.31411018982861527,LR
2018-08-17,VHT,0.0072054417269136,0.0085944289261796,0,0.30082619614218714,LR
2018-08-24,VHT,0.0095791574239252,0.0097388757970094,0,0.28706814077008697,LR
2018-08-31,VHT,-0.0051398116149331,-0.0093344074410254,0,0.3036352972708076,LR
2018-09-07,VHT,0.0064524263962897,0.0114042922018495,0,0.32803184388706846,LR
2018-09-14,VHT,0.0073665722606148,0.0083597265657956,0,0.29603952487756646,LR
2018-09-21,VHT,0.0101343644834179,-0.0043495683688267,1,0.24377661469406126,LR
2018-09-28,VHT,-0.0185553378417038,-0.0099750760306764,0,0.28127810659596886,LR
2018-10-05,VHT,-0.0344788457306337,-0.0412409197486543,0,0.27806283490142436,LR
2018-10-12,VHT,0.0047911618665597,0.001087275291725,0,0.330204889551813,LR
2018-10-19,VHT,-0.0443100253712747,-0.0395293524652723,0,0.3078962493239548,LR
2018-10-26,VHT,0.0127511755444535,0.0247237676233926,1,0.4255619216576012,LR
2018-11-02,VHT,0.0324894515149642,0.0215895795949912,1,0.2968468326777539,LR
2018-11-09,VHT,-0.0110319365836145,-0.0145090020582167,0,0.28744551998955975,LR
2018-11-16,VHT,-0.0257483746352369,-0.038285799705356,0,0.37240468260488224,LR
2018-11-23,VHT,0.0481535828448116,0.0471036204963753,1,0.3968628674680564,LR
2018-11-30,VHT,-0.0562782747847979,-0.0438233373638081,0,0.2661680629756418,LR
2018-12-07,VHT,-0.0213786604127861,-0.0117623510511852,0,0.3903710181627536,LR
2018-12-14,VHT,-0.0654245061376779,-0.0705043400525584,0,0.37278394870170395,LR
2018-12-21,VHT,0.0433836744939182,0.029289309867474,1,0.4063216218158414,LR
2018-12-28,VHT,0.0038946862722468,0.0187285501714542,0,0.4012868592444926,LR
2018-01-05,VIS,0.0282191446382704,0.0164578438552061,1,0.2772709375716484,LR
2018-01-12,VIS,-0.0087585911048685,0.0089593212331829,0,0.2328296153796432,LR
2018-01-19,VIS,0.011879223305107,0.0220035110211875,1,0.241458983333539,LR
2018-01-26,VIS,-0.0328043200845956,-0.0388369611330779,0,0.1978134529735909,LR
2018-02-02,VIS,-0.0454010040741927,-0.0506445234093188,0,0.26088933606912856,LR
2018-02-09,VIS,0.0389470565668041,0.0443978648911136,1,0.3329839950264045,LR
2018-02-16,VIS,0.0099134188389364,0.0058583214473635,0,0.20184063727542642,LR
2018-02-23,VIS,-0.0359157929835605,-0.0204944468792882,0,0.27552393497233973,LR
2018-03-02,VIS,0.0511053312006952,0.0363830333258684,1,0.3247912701967463,LR
2018-03-09,VIS,-0.0232368222290246,-0.0128078645799412,0,0.23141269972240622,LR
2018-03-16,VIS,-0.0458997875919309,-0.0588988716402913,0,0.3404355393981598,LR
2018-03-23,VIS,0.0033177550242853,0.0197636646727972,0,0.39838507740256635,LR
2018-03-30,VIS,-0.0155799456983455,-0.0130343849143668,0,0.2970608299215868,LR
2018-04-06,VIS,0.0077750861951972,0.0209073577014104,0,0.46892458169317547,LR
2018-04-13,VIS,0.0135966353355934,0.0055060851077415,1,0.40933276745317054,LR
2018-04-20,VIS,-0.0333122811700704,-0.0001873296339247,0,0.4425084632689871,LR
2018-04-27,VIS,-0.0125090997869318,-0.0020256173375698,0,0.4724882819994844,LR
2018-05-04,VIS,0.0297981472190367,0.0256746049951893,1,0.3671286718097411,LR
2018-05-11,VIS,0.0066126844326392,-0.0055713694385601,0,0.3499147681515345,LR
2018-05-18,VIS,-0.0046958102280519,0.0030224001893665,0,0.39943263791638284,LR
2018-05-25,VIS,0.0027655607561529,0.0053283968195768,0,0.3552398338156889,LR
2018-06-01,VIS,0.0156558615862145,0.0167757899962557,1,0.3566215742290427,LR
2018-06-08,VIS,-0.0107616681586795,0.0006630542912959,0,0.3708781881257191,LR
2018-06-15,VIS,-0.0214870891852951,-0.0086240065362252,0,0.3168492387834696,LR
2018-06-22,VIS,-0.0120753884292493,-0.0125936914678265,0,0.32641281836421815,LR
2018-06-29,VIS,0.0170623367929354,0.0152607334193518,1,0.31538939197914756,LR
2018-07-06,VIS,0.015316497491925,0.0151407239318975,1,0.3370267862382744,LR
2018-07-13,VIS,0.0060641086867327,0.0003219509128108,0,0.3481537091071751,LR
2018-07-20,VIS,0.0174079639947235,0.0062213950746089,1,0.3160775704179993,LR
2018-07-27,VIS,0.0016754413932666,0.0077463285760958,0,0.3294417599267385,LR
2018-08-03,VIS,-0.005441598989986,-0.0015515647334659,0,0.3382490066888449,LR
2018-08-10,VIS,0.012333635622034,0.0067103612306037,1,0.35298138361065856,LR
2018-08-17,VIS,0.004977884566796,0.0085944289261796,0,0.3354793063484044,LR
2018-08-24,VIS,0.0015084073465652,0.0097388757970093,0,0.3476915741430844,LR
2018-08-31,VIS,0.0071383984398729,-0.0093344074410255,0,0.3181383864575205,LR
2018-09-07,VIS,0.0131641616725546,0.0114042922018496,1,0.3203034625272946,LR
2018-09-14,VIS,0.0091779666240705,0.0083597265657958,0,0.27912139331218455,LR
2018-09-21,VIS,-0.0137534889530156,-0.0043495683688267,0,0.25921373091756783,LR
2018-09-28,VIS,-0.0111923688264211,-0.0099750760306762,0,0.30144500482080366,LR
2018-10-05,VIS,-0.0631958481843781,-0.0412409197486543,0,0.2837231779735375,LR
2018-10-12,VIS,-0.0092082677590036,0.001087275291725,0,0.39189654632427356,LR
2018-10-19,VIS,-0.0540857240106545,-0.0395293524652723,0,0.35922266431533934,LR
2018-10-26,VIS,0.018765785205504,0.0247237676233927,1,0.40583376993805065,LR
2018-11-02,VIS,0.0159299193558601,0.0215895795949911,1,0.32429380840537375,LR
2018-11-09,VIS,-0.0064805189449353,-0.0145090020582166,0,0.34946520015895566,LR
2018-11-16,VIS,-0.0291823919894245,-0.038285799705356,0,0.436508158829078,LR
2018-11-23,VIS,0.0313330169130501,0.0471036204963752,1,0.44955823339179024,LR
2018-11-30,VIS,-0.081559024199635,-0.0438233373638081,0,0.32852682219709056,LR
2018-12-07,VIS,-0.0227915873512022,-0.011762351051185,0,0.4450476178791624,LR
2018-12-14,VIS,-0.0639909922971891,-0.0705043400525584,0,0.4119005526300122,LR
2018-12-21,VIS,0.035813653631725,0.029289309867474,1,0.4116188328406459,LR
2018-12-28,VIS,0.0173492521615132,0.0187285501714543,1,0.42224017783622525,LR
2018-01-05,VNQ,-0.0314194546167611,0.016457843855206,0,0.34022831943129994,LR
2018-01-12,VNQ,-0.0024081424300598,0.0089593212331828,0,0.3023303682295763,LR
2018-01-19,VNQ,0.0109095596901631,0.0220035110211875,1,0.24404115198841358,LR
2018-01-26,VNQ,-0.0301962937155505,-0.0388369611330779,0,0.22933854067278198,LR
2018-02-02,VNQ,-0.0332463562428045,-0.0506445234093187,0,0.30066551636906386,LR
2018-02-09,VNQ,0.0093846978415941,0.0443978648911135,0,0.32210596051996965,LR
2018-02-16,VNQ,-0.0015986560230544,0.0058583214473635,0,0.22411460654053356,LR
2018-02-23,VNQ,-0.0254945987410435,-0.0204944468792884,0,0.2840536676965893,LR
2018-03-02,VNQ,0.032654724824771,0.0363830333258682,1,0.3210317975946971,LR
2018-03-09,VNQ,0.0122967121373755,-0.0128078645799412,1,0.2515573536498691,LR
2018-03-16,VNQ,-0.0411980324823022,-0.0588988716402913,0,0.2894649122201554,LR
2018-03-23,VNQ,0.0334109610049446,0.0197636646727971,1,0.34390624287622307,LR
2018-03-30,VNQ,-0.0009291173112124,-0.0130343849143667,0,0.244792519309009,LR
2018-04-06,VNQ,-0.0087625602149358,0.0209073577014105,0,0.35369354947465237,LR
2018-04-13,VNQ,-0.0093645076687918,0.0055060851077415,0,0.334961597444719,LR
2018-04-20,VNQ,0.0311824716724749,-0.0001873296339248,1,0.3741626212712644,LR
2018-04-27,VNQ,0.011384490544722,-0.0020256173375698,1,0.3263167297426603,LR
2018-05-04,VNQ,0.0113694733342315,0.0256746049951892,1,0.31336292718601494,LR
2018-05-11,VNQ,-0.0304270627163141,-0.0055713694385601,0,0.329673937421655,LR
2018-05-18,VNQ,0.0226286169236045,0.0030224001893666,1,0.35090841260301914,LR
2018-05-25,VNQ,0.0219241285551978,0.0053283968195766,1,0.30502991336678487,LR
2018-06-01,VNQ,0.0100755089041471,0.0167757899962555,1,0.36087656801766815,LR
2018-06-08,VNQ,-0.0052427682654522,0.000663054291296,0,0.387556363858095,LR
2018-06-15,VNQ,0.025514117382275,-0.0086240065362252,1,0.28846638241711964,LR
2018-06-22,VNQ,0.0099193478887484,-0.0125936914678265,0,0.27855194731224303,LR
2018-06-29,VNQ,0.0184003932994221,0.0152607334193518,1,0.31833756365213606,LR
2018-07-06,VNQ,-0.0104654775163213,0.0151407239318975,0,0.311787072107561,LR
2018-07-13,VNQ,-0.012544133134095,0.0003219509128107,0,0.2918834879833653,LR
2018-07-20,VNQ,-0.0061697926252638,0.0062213950746089,0,0.3248407441501388,LR
2018-07-27,VNQ,0.0319214957971996,0.0077463285760959,1,0.33258117918357877,LR
2018-08-03,VNQ,-0.0164822269166535,-0.001551564733466,0,0.31178396374834444,LR
2018-08-10,VNQ,0.0293900782372604,0.0067103612306036,1,0.340699340281319,LR
2018-08-17,VNQ,-0.008910538390349,0.0085944289261797,0,0.31348671515362436,LR
2018-08-24,VNQ,0.006707452417259,0.0097388757970093,0,0.33905451146242754,LR
2018-08-31,VNQ,-0.0119246362118027,-0.0093344074410255,0,0.327896276239276,LR
2018-09-07,VNQ,-0.0013213286528716,0.0114042922018495,0,0.34315861869969466,LR
2018-09-14,VNQ,-0.0042102548500529,0.0083597265657957,0,0.31638072447955784,LR
2018-09-21,VNQ,-0.0093320495266103,-0.0043495683688268,0,0.2989845594032309,LR
2018-09-28,VNQ,-0.0297766944331828,-0.0099750760306763,0,0.35398818213355887,LR
2018-10-05,VNQ,-0.0319203269885254,-0.0412409197486544,0,0.36776387919667813,LR
2018-10-12,VNQ,0.0307428658518109,0.001087275291725,1,0.40860122709825103,LR
2018-10-19,VNQ,-0.0126615355192749,-0.0395293524652722,0,0.3121902566495466,LR
2018-10-26,VNQ,0.0041173403216439,0.0247237676233926,0,0.3991960286883144,LR
2018-11-02,VNQ,0.030690557794617,0.0215895795949912,1,0.31331357756145406,LR
2018-11-09,VNQ,0.0009912257708113,-0.0145090020582168,0,0.28852629260293206,LR
2018-11-16,VNQ,-0.0117385017256873,-0.038285799705356,0,0.35408303033155153,LR
2018-11-23,VNQ,0.0213031865626083,0.0471036204963752,1,0.3944144345846006,LR
2018-11-30,VNQ,-0.0043647016937384,-0.0438233373638081,0,0.2707488664266659,LR
2018-12-07,VNQ,-0.0306680868835506,-0.011762351051185,0,0.32315367612155144,LR
2018-12-14,VNQ,-0.0670930350821078,-0.0705043400525584,0,0.36415285775364953,LR
2018-12-21,VNQ,0.0039146990869238,0.029289309867474,0,0.40142374336292047,LR
2018-12-28,VNQ,0.0001346001420949,0.0187285501714541,0,0.3688523196378034,LR
2018-01-05,VOX,0.0047466643399778,0.016457843855206,0,0.36453657845241505,LR
2018-01-12,VOX,-0.0047169842902772,0.0089593212331829,0,0.31459518758291377,LR
2018-01-19,VOX,0.0249090094039241,0.0220035110211875,1,0.3162035915574855,LR
2018-01-26,VOX,-0.0123778437408852,-0.0388369611330779,0,0.27010980641097326,LR
2018-02-02,VOX,-0.0545152151683691,-0.0506445234093188,0,0.32167654484375574,LR
2018-02-09,VOX,0.0405972430935823,0.0443978648911135,1,0.3904256278431494,LR
2018-02-16,VOX,-0.0101384919513193,0.0058583214473635,0,0.23844940526696692,LR
2018-02-23,VOX,-0.0107611798978068,-0.0204944468792883,0,0.3407892285686078,LR
2018-03-02,VOX,0.030264639899169,0.0363830333258683,1,0.3594565218662875,LR
2018-03-09,VOX,-0.0227222203526891,-0.0128078645799411,0,0.27308125292994134,LR
2018-03-16,VOX,-0.0571004630592169,-0.0588988716402913,0,0.3786185892551861,LR
2018-03-23,VOX,0.0002390513174135,0.0197636646727972,0,0.43278520894906114,LR
2018-03-30,VOX,0.00418558314548,-0.0130343849143667,0,0.35794003622358106,LR
2018-04-06,VOX,0.0154047050735881,0.0209073577014104,1,0.46663106771351415,LR
2018-04-13,VOX,0.0103356100724663,0.0055060851077414,1,0.3998579362257274,LR
2018-04-20,VOX,0.0024071422468463,-0.0001873296339248,0,0.4605064283361248,LR
2018-04-27,VOX,-0.0392111685517096,-0.0020256173375697,0,0.4236794406874499,LR
2018-05-04,VOX,0.0004758614880933,0.0256746049951892,0,0.3766101643456591,LR
2018-05-11,VOX,-0.0116307065284562,-0.00557136943856,0,0.3572715564770799,LR
2018-05-18,VOX,-0.0105439403674961,0.0030224001893666,0,0.3793598689766395,LR
2018-05-25,VOX,0.0127784236966752,0.0053283968195768,1,0.38652344924249604,LR
2018-06-01,VOX,0.0153311631578365,0.0167757899962557,1,0.4026481080518375,LR
2018-06-08,VOX,0.0231159224355395,0.000663054291296,1,0.3824251975860753,LR
2018-06-15,VOX,0.0057971014492752,-0.0086240065362251,0,0.30195264423832,LR
2018-06-22,VOX,-0.0188331002349906,-0.0125936914678264,0,0.3201708194916966,LR
2018-06-29,VOX,0.0351895872868255,0.015260733419352,1,0.3136175281896288,LR
2018-07-06,VOX,0.0,0.0151407239318974,0,0.27557714118349697,LR
2018-07-13,VOX,-0.0211772807875988,0.0003219509128106,0,0.29704237997604854,LR
2018-07-20,VOX,-0.0146665357062042,0.0062213950746089,0,0.3251008802512222,LR
2018-07-27,VOX,0.0075659894402464,0.0077463285760958,0,0.29615694221778766,LR
2018-08-03,VOX,0.0125248705490101,-0.0015515647334659,1,0.3335718721463539,LR
2018-08-10,VOX,-0.0050867334266618,0.0067103612306037,0,0.3665300200650936,LR
2018-08-17,VOX,0.0111381721461869,0.0085944289261796,1,0.3727622696099232,LR
2018-08-24,VOX,-0.0079991379333643,0.0097388757970093,0,0.34422598412628225,LR
2018-08-31,VOX,-0.0193712815993533,-0.0093344074410255,0,0.3353755922198848,LR
2018-09-07,VOX,0.0138969806252382,0.0114042922018496,1,0.3691464732113097,LR
2018-09-14,VOX,0.0035995999617643,0.0083597265657957,0,0.29811569071847605,LR
2018-09-21,VOX,0.0144589299543134,-0.0043495683688267,1,0.28894393720634487,LR
2018-09-28,VOX,-0.0238806184557246,-0.0099750760306763,0,0.2541541012741336,LR
2018-10-05,VOX,-0.029644437948701,-0.0412409197486543,0,0.3185239724738472,LR
2018-10-12,VOX,0.0114465998608461,0.0010872752917249,1,0.3675311105812745,LR
2018-10-19,VOX,-0.0536099033167737,-0.0395293524652722,0,0.3277889544296476,LR
2018-10-26,VOX,0.0198849923147874,0.0247237676233927,1,0.4453281666738734,LR
2018-11-02,VOX,-0.0080951311492284,0.0215895795949912,0,0.2815624071200813,LR
2018-11-09,VOX,-0.0079315822318034,-0.0145090020582166,0,0.30655528878261595,LR
2018-11-16,VOX,-0.0330372531354891,-0.0382857997053559,0,0.37674343401590127,LR
2018-11-23,VOX,0.0380574216537739,0.0471036204963753,1,0.41450369623047945,LR
2018-11-30,VOX,-0.0557110069585164,-0.0438233373638079,0,0.28803177408139524,LR
2018-12-07,VOX,-0.006566171222595,-0.0117623510511851,0,0.39044448207244875,LR
2018-12-14,VOX,-0.0784415703315239,-0.0705043400525585,0,0.39009151057811153,LR
2018-12-21,VOX,0.0472608838251962,0.029289309867474,1,0.4662158257533955,LR
2018-12-28,VOX,0.0379644553199722,0.0187285501714542,1,0.39067874996951674,LR
2018-01-05,VPU,-0.0225834765018005,0.016457843855206,0,0.3194846930800477,LR
2018-01-12,VPU,-0.0069009164709172,0.0089593212331829,0,0.2795592498565352,LR
2018-01-19,VPU,0.0161812575182014,0.0220035110211875,1,0.24330949350503273,LR
2018-01-26,VPU,-0.0203302639198859,-0.0388369611330779,0,0.21870330759386625,LR
2018-02-02,VPU,-0.0231628259350357,-0.0506445234093187,0,0.2833732775645476,LR
2018-02-09,VPU,0.0288952958256514,0.0443978648911135,1,0.2989831104117526,LR
2018-02-16,VPU,0.0077948028285947,0.0058583214473633,0,0.20684381166569935,LR
2018-02-23,VPU,-0.031659181877102,-0.0204944468792884,0,0.2785512471837143,LR
2018-03-02,VPU,0.0122483041286161,0.0363830333258683,1,0.29486462384043666,LR
2018-03-09,VPU,0.0182418696486184,-0.0128078645799411,1,0.245333530976467,LR
2018-03-16,VPU,-0.0232348866154765,-0.0588988716402913,0,0.23874643881204896,LR
2018-03-23,VPU,0.0270989980865541,0.0197636646727972,1,0.3020235006006193,LR
2018-03-30,VPU,-0.0024144171335059,-0.0130343849143667,0,0.2326111842882167,LR
2018-04-06,VPU,-0.0113789469179802,0.0209073577014105,0,0.3354065070455989,LR
2018-04-13,VPU,0.0096815031426382,0.0055060851077415,0,0.29717919546968186,LR
2018-04-20,VPU,0.0296435379727375,-0.0001873296339249,1,0.3256300505223621,LR
2018-04-27,VPU,-0.0013042476575318,-0.0020256173375697,0,0.31772193739657906,LR
2018-05-04,VPU,-0.0202696325664911,0.0256746049951893,0,0.30760780463021015,LR
2018-05-11,VPU,-0.0281889936530147,-0.00557136943856,0,0.3422048098821979,LR
2018-05-18,VPU,0.0294332369219043,0.0030224001893666,1,0.3579286728318191,LR
2018-05-25,VPU,-0.0024823262510277,0.0053283968195767,0,0.32753098700036154,LR
2018-06-01,VPU,-0.0309699655475531,0.0167757899962557,0,0.3995335733122895,LR
2018-06-08,VPU,0.0210083609046365,0.0006630542912959,1,0.43132107590060564,LR
2018-06-15,VPU,0.0262333265388987,-0.0086240065362252,1,0.29057940565390805,LR
2018-06-22,VPU,0.0116025635777903,-0.0125936914678266,1,0.3223659193972573,LR
2018-06-29,VPU,0.0248361269071759,0.015260733419352,1,0.3338765884408653,LR
2018-07-06,VPU,-0.0130405775180755,0.0151407239318975,0,0.3279585245438192,LR
2018-07-13,VPU,-0.0040934960616489,0.0003219509128106,0,0.29012361467388187,LR
2018-07-20,VPU,0.0041074424527818,0.0062213950746087,0,0.2985657623773737,LR
2018-07-27,VPU,0.0128850113096545,0.0077463285760958,1,0.30840719193110927,LR
2018-08-03,VPU,-0.0044613332918895,-0.0015515647334659,0,0.3241614496639354,LR
2018-08-10,VPU,0.0272166451453808,0.0067103612306036,1,0.33072402307039445,LR
2018-08-17,VPU,-0.015110424477419,0.0085944289261797,0,0.27759102271898517,LR
2018-08-24,VPU,-0.0064978238366204,0.0097388757970094,0,0.344202649324797,LR
2018-08-31,VPU,0.0098827494982904,-0.0093344074410256,0,0.30738569060258236,LR
2018-09-07,VPU,0.0035587213329437,0.0114042922018495,0,0.30780663034388084,LR
2018-09-14,VPU,-0.0131242587474957,0.0083597265657956,0,0.31063216541087074,LR
2018-09-21,VPU,-0.0063227110321544,-0.0043495683688267,0,0.3256450452558894,LR
2018-09-28,VPU,0.0182729375281904,-0.0099750760306764,1,0.32905154957592475,LR
2018-10-05,VPU,-0.0164862260840552,-0.0412409197486543,0,0.3118147044178239,LR
2018-10-12,VPU,0.0303030459586102,0.001087275291725,1,0.3759649437503141,LR
2018-10-19,VPU,-0.0247926828962764,-0.0395293524652721,0,0.31523443957830605,LR
2018-10-26,VPU,-0.0052927603115084,0.0247237676233927,0,0.40651657198486396,LR
2018-11-02,VPU,0.0302493792438427,0.0215895795949912,1,0.3190307004755178,LR
2018-11-09,VPU,0.0082331632433532,-0.0145090020582168,0,0.2724413776786737,LR
2018-11-16,VPU,-0.0114425953685239,-0.038285799705356,0,0.3531992492938246,LR
2018-11-23,VPU,0.0231175310342559,0.0471036204963752,1,0.39695645578502126,LR
2018-11-30,VPU,0.0153472847305993,-0.0438233373638081,1,0.2722680692477345,LR
2018-12-07,VPU,-0.0011931397106461,-0.0117623510511852,0,0.28920991338104857,LR
2018-12-14,VPU,-0.0468426872094417,-0.0705043400525584,0,0.3443525277674866,LR
2018-12-21,VPU,-0.019943253193281,0.029289309867474,0,0.37873556305872447,LR
2018-12-28,VPU,-0.0015286650121085,0.0187285501714541,0,0.3991536860133105,LR
2019-01-04,VAW,0.0235439542722548,0.0261104461450841,1,0.2736009238627108,LR
2019-01-11,VAW,0.0327025382391221,0.0288825191574383,1,0.2910481804706605,LR
2019-01-18,VAW,0.0011032610659242,-0.0025520109785059,0,0.27408266452424035,LR
2019-01-25,VAW,0.0221405049031151,0.016103267303648,1,0.3219199523522531,LR
2019-02-01,VAW,-0.0142200295628659,0.0015186146828517,0,0.3464038554513401,LR
2019-02-08,VAW,0.0328395869937261,0.0255107951462124,1,0.3513989490642061,LR
2019-02-15,VAW,0.0285478692240841,0.0063814856970952,1,0.32052758202225756,LR
2019-02-22,VAW,-0.0182266867769184,0.0045857704423702,0,0.3490228607484927,LR
2019-03-01,VAW,-0.0147213438102206,-0.0212541352812697,0,0.3062679968490053,LR
2019-03-08,VAW,0.0102216043064995,0.0294725319348373,1,0.27636691365485117,LR
2019-03-15,VAW,-0.025246825540975,-0.0073222839653365,0,0.18426347162161447,LR
2019-03-22,VAW,0.0217481123154272,0.0115665180144973,1,0.340025120451545,LR
2019-03-29,VAW,0.0322372658040925,0.0215589763900379,1,0.29218884489900243,LR
2019-04-05,VAW,0.0029680925285922,0.0055100572226769,0,0.28872882970922414,LR
2019-04-12,VAW,-0.005212311922713,-0.0004824948142343,0,0.3089814093798257,LR
2019-04-19,VAW,-0.0072202023400244,0.0116888736645793,0,0.33944483001522757,LR
2019-04-26,VAW,-0.0048313052433929,0.0021127968675228,0,0.31860164201957136,LR
2019-05-03,VAW,-0.0111976410040465,-0.0201678680398538,0,0.3658215740654517,LR
2019-05-10,VAW,0.0066119288913375,-0.0078445551777294,0,0.42470139754265296,LR
2019-05-17,VAW,-0.0118278336007345,-0.0107051495246558,0,0.440376132172199,LR
2019-05-24,VAW,-0.0224108601125289,-0.0265578380096253,0,0.4612917553551172,LR
2019-05-31,VAW,0.0809408566218776,0.0449740607109905,1,0.49756021002901146,LR
2019-06-07,VAW,0.000795593523815,0.0055967538827479,0,0.23230495184801123,LR
2019-06-14,VAW,0.0011933295904584,0.0213304730352916,0,0.30498266078152747,LR
2019-06-21,VAW,0.0185920572584057,-0.0034016006423355,1,0.273793879992195,LR
2019-06-28,VAW,-0.0034029577031805,0.0186351539509521,0,0.27194056572059244,LR
2019-07-05,VAW,-0.0073214615302975,0.0073376494244986,0,0.37471648164029164,LR
2019-07-12,VAW,0.0015682943585912,-0.0115751480746779,0,0.34313542944536835,LR
2019-07-19,VAW,0.0112500190734863,0.0162873388713703,1,0.37480198791506286,LR
2019-07-26,VAW,-0.0350809745016462,-0.0310921594409911,0,0.3588104781649659,LR
2019-08-02,VAW,0.0127352345098163,-0.0034175280946637,1,0.3989480349374179,LR
2019-08-09,VAW,-0.0177509966624309,-0.0094987853274979,0,0.3793005553879377,LR
2019-08-16,VAW,-0.0364122776146842,-0.0138477157312887,0,0.3402510694450354,LR
2019-08-23,VAW,0.0243820818041045,0.0266806050872466,1,0.39825728186283144,LR
2019-08-30,VAW,0.0190444894158277,0.0191489133011347,1,0.3483216747408429,LR
2019-09-06,VAW,0.036587351474965,0.010199498054055,1,0.3198895382707613,LR
2019-09-13,VAW,-0.0093233199832272,-0.0047577346303966,0,0.2931094413014902,LR
2019-09-20,VAW,-0.0090815282431298,-0.0096555927891944,0,0.307251575979226,LR
2019-09-27,VAW,-0.0236427412495335,-0.0035543134447285,0,0.4048084735507042,LR
2019-10-04,VAW,0.0206388558882337,0.0065569917985595,1,0.4590348424374465,LR
2019-10-11,VAW,0.0064350309984044,0.0057041662148067,0,0.4661699723552512,LR
2019-10-18,VAW,0.0101732537148426,0.0121818877974153,1,0.41803303525131746,LR
2019-10-25,VAW,0.0099608178232231,0.0150529069984709,0,0.34945263450513087,LR
2019-11-01,VAW,0.0158141457668072,0.009146573993868,1,0.3053177637184993,LR
2019-11-08,VAW,0.0046572043842516,0.009225066733054,0,0.3114414805499751,LR
2019-11-15,VAW,-0.0119774740790916,-0.0026622956904951,0,0.27802141501104416,LR
2019-11-22,VAW,0.0079274539840556,0.0107732546477053,0,0.30484391377856807,LR
2019-11-29,VAW,0.0030539713568591,0.0017817212208403,0,0.316839463330818,LR
2019-12-06,VAW,0.0050936100192504,0.0077811798282567,0,0.3622149563735657,LR
2019-12-13,VAW,0.0034739932207232,0.0157154327753095,0,0.3277621096109223,LR
2019-12-20,VAW,0.0039831563882561,0.0066410724757921,0,0.3001661117222777,LR
2019-12-27,VAW,-0.0224399726622402,-0.0013936996067153,0,0.27060505148680253,LR
2019-01-04,VCR,0.0360892021276491,0.0261104461450843,1,0.28020709608323063,LR
2019-01-11,VCR,0.0293154034700231,0.0288825191574383,1,0.2921272681664525,LR
2019-01-18,VCR,0.0056671072422007,-0.0025520109785058,0,0.2660780376135632,LR
2019-01-25,VCR,0.0115091925210502,0.016103267303648,1,0.324425694912859,LR
2019-02-01,VCR,-0.0020210793331811,0.0015186146828515,0,0.36380422265135987,LR
2019-02-08,VCR,0.0228647677869318,0.0255107951462124,1,0.37621559554358297,LR
2019-02-15,VCR,0.0125838373878357,0.0063814856970952,1,0.33811855534827756,LR
2019-02-22,VCR,-0.0024715952865757,0.0045857704423701,0,0.3726496913644019,LR
2019-03-01,VCR,-0.0309708754057487,-0.0212541352812698,0,0.3297197680298554,LR
2019-03-08,VCR,0.0170433455276377,0.0294725319348373,1,0.35622842284703526,LR
2019-03-15,VCR,0.0019588422124789,-0.0073222839653365,0,0.2107847687489286,LR
2019-03-22,VCR,0.0239948248624108,0.0115665180144972,1,0.29666783412548875,LR
2019-03-29,VCR,0.0244169630992996,0.0215589763900379,1,0.30637737480046723,LR
2019-04-05,VCR,0.0084526087188678,0.0055100572226769,0,0.28426156228479454,LR
2019-04-12,VCR,0.0074814155174156,-0.0004824948142341,0,0.30787492215264484,LR
2019-04-19,VCR,0.0134008213477794,0.0116888736645791,1,0.33375194604567077,LR
2019-04-26,VCR,-0.0004938365862172,0.0021127968675226,0,0.3292742424701393,LR
2019-05-03,VCR,-0.011263460772387,-0.0201678680398538,0,0.3791947786357998,LR
2019-05-10,VCR,0.0050022718856195,-0.0078445551777294,0,0.4130048800281371,LR
2019-05-17,VCR,-0.0157113018752521,-0.0107051495246557,0,0.4034117007602051,LR
2019-05-24,VCR,-0.0263680102715098,-0.0265578380096253,0,0.4418697312674282,LR
2019-05-31,VCR,0.0452471994344065,0.0449740607109903,1,0.5104738809029961,LR
2019-06-07,VCR,0.0152828048953772,0.0055967538827479,1,0.31675664159250877,LR
2019-06-14,VCR,0.0080722150699765,0.0213304730352915,0,0.3268956175323358,LR
2019-06-21,VCR,-0.0030565913320853,-0.0034016006423354,0,0.2786621106370731,LR
2019-06-28,VCR,0.0073221858375016,0.0186351539509522,0,0.319108424751849,LR
2019-07-05,VCR,0.0219526911399623,0.0073376494244985,1,0.32283143071511106,LR
2019-07-12,VCR,-0.0163899175608559,-0.0115751480746779,0,0.3040453532044941,LR
2019-07-19,VCR,0.0086932399793366,0.0162873388713704,0,0.35906843482689604,LR
2019-07-26,VCR,-0.0440319627649992,-0.0310921594409911,0,0.311132812356265,LR
2019-08-02,VCR,0.0206416534940583,-0.0034175280946636,1,0.3121971398001789,LR
2019-08-09,VCR,-0.0149761709095183,-0.0094987853274979,0,0.346416962944926,LR
2019-08-16,VCR,-0.0120454268022016,-0.0138477157312888,0,0.3234379360075815,LR
2019-08-23,VCR,0.0179245049647247,0.0266806050872465,1,0.33771297746551393,LR
2019-08-30,VCR,0.0323089683131703,0.0191489133011349,1,0.29881587098395457,LR
2019-09-06,VCR,0.0072408639159862,0.0101994980540552,0,0.27166743480479266,LR
2019-09-13,VCR,-0.0169260940316413,-0.0047577346303967,0,0.3162768875563483,LR
2019-09-20,VCR,-0.008942460955288,-0.0096555927891942,0,0.3105025105247492,LR
2019-09-27,VCR,-0.0049231042395104,-0.0035543134447283,0,0.38350496188335076,LR
2019-10-04,VCR,0.0151113198959631,0.0065569917985595,1,0.4378984354597287,LR
2019-10-11,VCR,0.0149527656068411,0.0057041662148067,1,0.40053132808045877,LR
2019-10-18,VCR,-0.0071319556338728,0.0121818877974154,0,0.3697672158215954,LR
2019-10-25,VCR,-0.0018595293409563,0.0150529069984709,0,0.3327235476846433,LR
2019-11-01,VCR,-0.0026725768744536,0.009146573993868,0,0.31417030082767106,LR
2019-11-08,VCR,0.0056078084330291,0.0092250667330539,0,0.3209502385906601,LR
2019-11-15,VCR,-0.0073348093490799,-0.002662295690495,0,0.29933323360760605,LR
2019-11-22,VCR,0.0145500127680195,0.0107732546477052,1,0.3172100311361626,LR
2019-11-29,VCR,-0.0064864699904982,0.0017817212208405,0,0.3268551426953175,LR
2019-12-06,VCR,0.0118165877595164,0.0077811798282568,1,0.34118834883360155,LR
2019-12-13,VCR,0.0113978232106854,0.0157154327753095,1,0.3041427470826206,LR
2019-12-20,VCR,0.0102830616121518,0.0066410724757921,1,0.29036020996201567,LR
2019-12-27,VCR,-0.0023583072516428,-0.0013936996067153,0,0.24546481218894073,LR
2019-01-04,VDC,0.0092808853759018,0.0261104461450842,0,0.3022006785280687,LR
2019-01-11,VDC,0.0202399724930002,0.0288825191574383,1,0.34514443789904004,LR
2019-01-18,VDC,-0.0105425588485396,-0.0025520109785058,0,0.31780160891792286,LR
2019-01-25,VDC,0.0299655827780709,0.016103267303648,1,0.3564091894286472,LR
2019-02-01,VDC,0.0100804945666914,0.0015186146828517,1,0.38457702105872343,LR
2019-02-08,VDC,0.0114151171894556,0.0255107951462123,1,0.34780466638208407,LR
2019-02-15,VDC,0.0009203234310348,0.0063814856970951,0,0.34532890784714676,LR
2019-02-22,VDC,-0.0060640288107268,0.0045857704423702,0,0.3424929678687758,LR
2019-03-01,VDC,-0.0122425571964341,-0.0212541352812697,0,0.305945264984917,LR
2019-03-08,VDC,0.0208110106844259,0.0294725319348372,1,0.30913175234806045,LR
2019-03-15,VDC,-0.0005601976921949,-0.0073222839653366,0,0.16958107575143958,LR
2019-03-22,VDC,0.0178746879734945,0.0115665180144973,1,0.2538002477256261,LR
2019-03-29,VDC,-0.0116103494761735,0.0215589763900379,0,0.22362888174051018,LR
2019-04-05,VDC,0.0098727536040308,0.0055100572226769,0,0.27607266260224256,LR
2019-04-12,VDC,0.0103973683815143,-0.0004824948142342,1,0.2780790838248372,LR
2019-04-19,VDC,0.0032748564068587,0.0116888736645792,0,0.30843080042039606,LR
2019-04-26,VDC,0.0076855396326889,0.0021127968675226,0,0.3273317427662584,LR
2019-05-03,VDC,0.0056497298370754,-0.0201678680398537,0,0.33123749490917803,LR
2019-05-10,VDC,0.0168112582812531,-0.0078445551777294,1,0.35411615487185794,LR
2019-05-17,VDC,-0.0033007089555269,-0.0107051495246557,0,0.36152639279746834,LR
2019-05-24,VDC,-0.035950751581483,-0.0265578380096254,0,0.39130978464932964,LR
2019-05-31,VDC,0.0502241415300837,0.0449740607109905,1,0.4140121979196214,LR
2019-06-07,VDC,0.0063211940213647,0.0055967538827478,0,0.25423729743498996,LR
2019-06-14,VDC,-0.0076012555193217,0.0213304730352917,0,0.31085193655272336,LR
2019-06-21,VDC,-0.011495853034617,-0.0034016006423355,0,0.2685986155005417,LR
2019-06-28,VDC,0.0165863807963777,0.0186351539509522,1,0.2755906307370639,LR
2019-07-05,VDC,0.0069115525566958,0.0073376494244984,0,0.3425470071889279,LR
2019-07-12,VDC,0.0007830023960031,-0.0115751480746778,0,0.33509865979284337,LR
2019-07-19,VDC,0.0050143545500327,0.0162873388713703,0,0.36272960003729626,LR
2019-07-26,VDC,-0.0185209211518221,-0.031092159440991,0,0.30893403740093506,LR
2019-08-02,VDC,0.0067747362446919,-0.0034175280946636,0,0.2955503095954487,LR
2019-08-09,VDC,0.0162004695990085,-0.0094987853274979,1,0.32350279549345534,LR
2019-08-16,VDC,-0.0166612962826102,-0.0138477157312886,0,0.26159248035045496,LR
2019-08-23,VDC,0.009659285444119,0.0266806050872465,0,0.31729249246946667,LR
2019-08-30,VDC,0.0167986231658872,0.0191489133011348,1,0.27441004834794225,LR
2019-09-06,VDC,-0.0026780473381474,0.0101994980540552,0,0.23371718926849264,LR
2019-09-13,VDC,-0.0036604631373645,-0.0047577346303966,0,0.30794581682344124,LR
2019-09-20,VDC,0.0037366436444616,-0.0096555927891944,0,0.277617826575983,LR
2019-09-27,VDC,0.0005768996018629,-0.0035543134447284,0,0.3414066541757948,LR
2019-10-04,VDC,-0.0068028030262969,0.0065569917985595,0,0.3798577566447866,LR
2019-10-11,VDC,-0.0033537843419929,0.0057041662148067,0,0.39251812722633006,LR
2019-10-18,VDC,0.0043316101594261,0.0121818877974153,0,0.3543823687593231,LR
2019-10-25,VDC,0.0033455851313435,0.015052906998471,0,0.33021137356448277,LR
2019-11-01,VDC,-0.0066589405487537,0.0091465739938681,0,0.30457275999097716,LR
2019-11-08,VDC,0.0095434337765316,0.0092250667330539,0,0.2986545113748062,LR
2019-11-15,VDC,-0.0014059383097516,-0.002662295690495,0,0.26241243341604203,LR
2019-11-22,VDC,0.0100294326789001,0.0107732546477053,1,0.31043369907183926,LR
2019-11-29,VDC,0.0119063011746851,0.0017817212208403,1,0.3184091981170287,LR
2019-12-06,VDC,0.001188927127895,0.0077811798282566,0,0.31752127320878953,LR
2019-12-13,VDC,0.0129886891362243,0.0157154327753094,1,0.2750320568368005,LR
2019-12-20,VDC,0.0011128519207874,0.0066410724757921,0,0.25452765377086717,LR
2019-12-27,VDC,-0.01310995169104,-0.0013936996067154,0,0.2075224525610355,LR
2019-01-04,VDE,0.0320835975329716,0.0261104461450843,1,0.32579852169864126,LR
2019-01-11,VDE,0.0397931900270478,0.0288825191574383,1,0.36014650550975463,LR
2019-01-18,VDE,-0.0049088146438723,-0.0025520109785059,0,0.29570090280684524,LR
2019-01-25,VDE,0.0429915512429635,0.016103267303648,1,0.3202762180480593,LR
2019-02-01,VDE,-0.0267538672595676,0.0015186146828517,0,0.34663845711976793,LR
2019-02-08,VDE,0.0585724763564745,0.0255107951462124,1,0.37288102594916517,LR
2019-02-15,VDE,-0.0007875753486425,0.0063814856970952,0,0.2606008084271936,LR
2019-02-22,VDE,0.0134585214436726,0.0045857704423702,1,0.30008862796273084,LR
2019-03-01,VDE,-0.0446864904844165,-0.0212541352812697,0,0.29497233940855794,LR
2019-03-08,VDE,0.0284130172377785,0.0294725319348375,1,0.29495927680060635,LR
2019-03-15,VDE,-0.0089636196275385,-0.0073222839653365,0,0.18961886725096347,LR
2019-03-22,VDE,0.0145289307771425,0.0115665180144972,1,0.25037235489824694,LR
2019-03-29,VDE,0.016557456701129,0.0215589763900379,1,0.285502592544645,LR
2019-04-05,VDE,-0.0016381077468472,0.0055100572226769,0,0.29806105642608877,LR
2019-04-12,VDE,-0.0059126344541877,-0.0004824948142342,0,0.3615649229056534,LR
2019-04-19,VDE,-0.0223627736807108,0.0116888736645793,0,0.4140179322351551,LR
2019-04-26,VDE,-0.0332848851577127,0.0021127968675226,0,0.39191578098625746,LR
2019-05-03,VDE,0.0071112219518798,-0.0201678680398538,0,0.44974614890938514,LR
2019-05-10,VDE,0.0030356349281781,-0.0078445551777294,0,0.4732088622040794,LR
2019-05-17,VDE,-0.0385781476719944,-0.0107051495246559,0,0.4872516139287803,LR
2019-05-24,VDE,-0.0471755366186028,-0.0265578380096253,0,0.5223416500425243,LR
2019-05-31,VDE,0.0325593374635151,0.0449740607109905,1,0.5092271700125974,LR
2019-06-07,VDE,-0.0113289403979665,0.0055967538827479,0,0.32377438271982517,LR
2019-06-14,VDE,0.0480662223524006,0.0213304730352917,1,0.3804586721792236,LR
2019-06-21,VDE,0.0035410224036915,-0.0034016006423355,0,0.28962951009923593,LR
2019-06-28,VDE,-0.0208042874997728,0.0186351539509521,0,0.3311671840798915,LR
2019-07-05,VDE,0.0211803755343367,0.0073376494244984,1,0.41103176997877117,LR
2019-07-12,VDE,-0.0321154533142146,-0.0115751480746779,0,0.337995638767322,LR
2019-07-19,VDE,-0.0085101172465009,0.0162873388713703,0,0.43833625400726267,LR
2019-07-26,VDE,-0.0356754685033063,-0.0310921594409911,0,0.35113707897152924,LR
2019-08-02,VDE,-0.0065175991850539,-0.0034175280946637,0,0.3559162907062785,LR
2019-08-09,VDE,-0.0323578979773793,-0.0094987853274979,0,0.3779797012127447,LR
2019-08-16,VDE,-0.0325929274135619,-0.0138477157312888,0,0.34283325622454963,LR
2019-08-23,VDE,0.0191065416412292,0.0266806050872466,1,0.3743047519022273,LR
2019-08-30,VDE,0.0441670158394182,0.0191489133011348,1,0.34430432609813,LR
2019-09-06,VDE,0.0315332715813096,0.0101994980540551,1,0.30251674751762275,LR
2019-09-13,VDE,-0.0352162994588648,-0.0047577346303967,0,0.29881009258829616,LR
2019-09-20,VDE,-0.0328980492590388,-0.0096555927891943,0,0.2992880749759081,LR
2019-09-27,VDE,-0.0348837628726531,-0.0035543134447284,0,0.3944957360128218,LR
2019-10-04,VDE,0.008197841717547,0.0065569917985595,0,0.46921579214961256,LR
2019-10-11,VDE,-0.0099206351208689,0.0057041662148067,0,0.40504322150068567,LR
2019-10-18,VDE,0.0424000040690104,0.0121818877974154,1,0.4375645433552736,LR
2019-10-25,VDE,-0.0063799921204137,0.015052906998471,0,0.32982840713082145,LR
2019-11-01,VDE,0.0127016379697884,0.0091465739938681,1,0.31078258941853726,LR
2019-11-08,VDE,-0.0040542213808053,0.009225066733054,0,0.3222901678422778,LR
2019-11-15,VDE,-0.0024305336633255,-0.0026622956904952,0,0.30433170103648505,LR
2019-11-22,VDE,-0.0147549588126257,0.0107732546477053,0,0.34963720483142685,LR
2019-11-29,VDE,0.0131015979272273,0.0017817212208403,1,0.352032087647103,LR
2019-12-06,VDE,0.0203766032034995,0.0077811798282567,1,0.38379658737284866,LR
2019-12-13,VDE,0.0234534250498525,0.0157154327753095,1,0.32590545476456495,LR
2019-12-20,VDE,0.0066939497679971,0.006641072475792,0,0.31478854871120243,LR
2019-12-27,VDE,0.0071227045177577,-0.0013936996067154,0,0.2625146287125058,LR
2019-01-04,VFH,0.0140240631176618,0.0261104461450841,1,0.3011318855076877,LR
2019-01-11,VFH,0.06827500429803,0.0288825191574384,1,0.33491060211598955,LR
2019-01-18,VFH,0.0082106700889217,-0.0025520109785058,0,0.26708349994628133,LR
2019-01-25,VFH,0.010524691204953,0.0161032673036479,1,0.32972346163603655,LR
2019-02-01,VFH,-0.0079778557936753,0.0015186146828515,0,0.35902767426745497,LR
2019-02-08,VFH,0.0262022911467858,0.0255107951462123,1,0.3098396446142256,LR
2019-02-15,VFH,0.0073862755534128,0.0063814856970951,0,0.3491042849480334,LR
2019-02-22,VFH,0.0022331625720999,0.0045857704423701,0,0.38524867110808164,LR
2019-03-01,VFH,-0.031856594961208,-0.0212541352812698,0,0.3182171915449972,LR
2019-03-08,VFH,0.0243976582715408,0.0294725319348373,1,0.3273178047412485,LR
2019-03-15,VFH,-0.0579581137288849,-0.0073222839653364,0,0.1957324254813347,LR
2019-03-22,VFH,0.0191062537421136,0.0115665180144972,1,0.33410121187495084,LR
2019-03-29,VFH,0.0277178219078044,0.0215589763900379,1,0.2890015712703629,LR
2019-04-05,VFH,0.021925316025831,0.005510057222677,1,0.30793463453062864,LR
2019-04-12,VFH,0.0049962721916709,-0.0004824948142342,0,0.35831490278302314,LR
2019-04-19,VFH,0.0170037527405204,0.0116888736645793,1,0.36055122111807014,LR
2019-04-26,VFH,0.0116596738788072,0.0021127968675228,1,0.3473361976757019,LR
2019-05-03,VFH,-0.0030395005876919,-0.0201678680398537,0,0.381801210150407,LR
2019-05-10,VFH,-0.0011847483062392,-0.0078445551777295,0,0.4251691976805918,LR
2019-05-17,VFH,0.0019354605680577,-0.0107051495246557,0,0.39995436393020656,LR
2019-05-24,VFH,-0.0294949472448883,-0.0265578380096255,0,0.42091799660016405,LR
2019-05-31,VFH,0.0416282511212338,0.0449740607109903,1,0.48983521247222706,LR
2019-06-07,VFH,-0.0011710467650294,0.0055967538827478,0,0.3022043133664091,LR
2019-06-14,VFH,-0.0013195944562713,0.0213304730352916,0,0.31015678581292255,LR
2019-06-21,VFH,0.0151514964465182,-0.0034016006423354,1,0.3128751268340333,LR
2019-06-28,VFH,0.0098981846287233,0.0186351539509522,0,0.3282868522408168,LR
2019-07-05,VFH,0.0098487363038968,0.0073376494244985,0,0.37168222751079844,LR
2019-07-12,VFH,-0.0131318880144495,-0.0115751480746777,0,0.33820151609166726,LR
2019-07-19,VFH,0.0280802148822154,0.0162873388713705,1,0.36836834493648707,LR
2019-07-26,VFH,-0.0364321696341148,-0.031092159440991,0,0.3042648363946264,LR
2019-08-02,VFH,0.0065060248303354,-0.0034175280946637,0,0.3208020843249824,LR
2019-08-09,VFH,-0.0114227003505379,-0.009498785327498,0,0.3734240542648288,LR
2019-08-16,VFH,-0.0327019684017988,-0.0138477157312887,0,0.3117966568878285,LR
2019-08-23,VFH,0.0211085713266143,0.0266806050872466,1,0.3870728167364607,LR
2019-08-30,VFH,0.0272659130310743,0.0191489133011349,1,0.3571336030811451,LR
2019-09-06,VFH,0.0336280586557689,0.0101994980540552,1,0.3210894116320192,LR
2019-09-13,VFH,0.0005661842132118,-0.0047577346303966,0,0.299108261925231,LR
2019-09-20,VFH,-0.0041227367249179,-0.0096555927891942,0,0.2863517800715138,LR
2019-09-27,VFH,-0.0257687587363576,-0.0035543134447284,0,0.3568534216279109,LR
2019-10-04,VFH,0.0105541074145367,0.0065569917985595,1,0.40790351335634195,LR
2019-10-11,VFH,0.0203755136738938,0.0057041662148067,1,0.392890909078735,LR
2019-10-18,VFH,0.0101925428500022,0.0121818877974154,1,0.3639430459714312,LR
2019-10-25,VFH,0.0106041880235427,0.015052906998471,1,0.31763905801511494,LR
2019-11-01,VFH,0.0161621732728345,0.009146573993868,1,0.29060637509530285,LR
2019-11-08,VFH,0.0031191126064109,0.009225066733054,0,0.28294336274999343,LR
2019-11-15,VFH,0.0070451739555761,-0.002662295690495,0,0.26975720860089286,LR
2019-11-22,VFH,0.0067150148555974,0.0107732546477052,0,0.2968024062193388,LR
2019-11-29,VFH,0.0038615302452673,0.0017817212208404,0,0.30392968102614937,LR
2019-12-06,VFH,0.0120849401837255,0.0077811798282567,1,0.36739328212443284,LR
2019-12-13,VFH,-0.0017008668441568,0.0157154327753094,0,0.3066439926512163,LR
2019-12-20,VFH,-0.001439421787323,0.006641072475792,0,0.2988329256401953,LR
2019-12-27,VFH,-0.0048327472438113,-0.0013936996067154,0,0.24261591819910847,LR
2019-01-04,VGT,0.0360523974339253,0.0261104461450841,1,0.3130879525139127,LR
2019-01-11,VGT,0.0381182057004205,0.0288825191574383,1,0.3122214514102086,LR
2019-01-18,VGT,0.0189228120944233,-0.0025520109785059,1,0.25673599910362044,LR
2019-01-25,VGT,0.0288145305905824,0.016103267303648,1,0.32130260453622145,LR
2019-02-01,VGT,0.018883549582118,0.0015186146828515,1,0.34319237802772373,LR
2019-02-08,VGT,0.0216876472955107,0.0255107951462124,1,0.3324281910998749,LR
2019-02-15,VGT,0.0176855988591433,0.0063814856970951,1,0.31906881669796167,LR
2019-02-22,VGT,0.0013379117552978,0.0045857704423702,0,0.356266002056995,LR
2019-03-01,VGT,-0.028042143991842,-0.0212541352812698,0,0.31952402989730355,LR
2019-03-08,VGT,0.0431111412369118,0.0294725319348374,1,0.3083252454082846,LR
2019-03-15,VGT,-0.002309734411572,-0.0073222839653365,0,0.17342397416386654,LR
2019-03-22,VGT,0.0127202274731064,0.0115665180144971,1,0.2536431575506059,LR
2019-03-29,VGT,0.0141060449339165,0.0215589763900379,1,0.27781009878794677,LR
2019-04-05,VGT,0.0155480941164676,0.005510057222677,1,0.266004489984067,LR
2019-04-12,VGT,0.0089195828956971,-0.0004824948142342,0,0.3183952200238143,LR
2019-04-19,VGT,0.015938899018129,0.0116888736645793,1,0.3622731958108752,LR
2019-04-26,VGT,0.0036635140006606,0.0021127968675226,0,0.34048025189889625,LR
2019-05-03,VGT,-0.010491531971709,-0.0201678680398537,0,0.3546855605914062,LR
2019-05-10,VGT,0.0154811121499351,-0.0078445551777294,1,0.40746375269128216,LR
2019-05-17,VGT,-0.012048859119711,-0.0107051495246557,0,0.42146188744659796,LR
2019-05-24,VGT,-0.0230595140292316,-0.0265578380096253,0,0.4497412475527728,LR
2019-05-31,VGT,0.0552390273447944,0.0449740607109905,1,0.516102619578837,LR
2019-06-07,VGT,-0.0089268773136403,0.005596753882748,0,0.2893101787800996,LR
2019-06-14,VGT,0.0283101080532752,0.0213304730352917,1,0.34755827125007627,LR
2019-06-21,VGT,-0.0042965233663712,-0.0034016006423353,0,0.252275610060608,LR
2019-06-28,VGT,0.0020894842235863,0.0186351539509521,0,0.3010863429061437,LR
2019-07-05,VGT,0.0223465973862375,0.0073376494244985,1,0.3268820145215416,LR
2019-07-12,VGT,-0.0088801720513791,-0.0115751480746777,0,0.28446853403702654,LR
2019-07-19,VGT,0.0218296846477277,0.0162873388713705,1,0.3407025027370005,LR
2019-07-26,VGT,-0.0451451177273534,-0.0310921594409911,0,0.28819965698421435,LR
2019-08-02,VGT,0.0192696789898649,-0.0034175280946636,1,0.3112574161281165,LR
2019-08-09,VGT,0.0015222494420317,-0.0094987853274977,0,0.3181916561535962,LR
2019-08-16,VGT,-0.0282921958256964,-0.0138477157312886,0,0.28259618898636524,LR
2019-08-23,VGT,0.0151637710483818,0.0266806050872465,1,0.35253700119710646,LR
2019-08-30,VGT,0.0313738143321604,0.0191489133011349,1,0.3174718845606504,LR
2019-09-06,VGT,-0.0088842870209504,0.0101994980540552,0,0.2705522975513276,LR
2019-09-13,VGT,0.0024551757598787,-0.0047577346303966,0,0.3429038859534725,LR
2019-09-20,VGT,-0.0140115550487717,-0.0096555927891944,0,0.31595161752732365,LR
2019-09-27,VGT,0.0086895612419206,-0.0035543134447284,0,0.4037084306957725,LR
2019-10-04,VGT,0.0154761437904558,0.0065569917985595,1,0.4387092171947086,LR
2019-10-11,VGT,-0.0089797346199734,0.0057041662148067,0,0.3977129477023953,LR
2019-10-18,VGT,0.0190309805894084,0.0121818877974154,1,0.40220546572209237,LR
2019-10-25,VGT,0.0149180262200707,0.015052906998471,1,0.3002032555428383,LR
2019-11-01,VGT,0.0081015581137664,0.0091465739938681,0,0.3043249387635793,LR
2019-11-08,VGT,0.0196600987898099,0.009225066733054,1,0.28591038673265756,LR
2019-11-15,VGT,-0.0048439852911761,-0.0026622956904951,0,0.2542669777259034,LR
2019-11-22,VGT,0.0129540983589391,0.0107732546477053,1,0.27984926750119654,LR
2019-11-29,VGT,-0.0063869153139781,0.0017817212208403,0,0.29334996653258394,LR
2019-12-06,VGT,0.0188445879831002,0.0077811798282567,1,0.3137263456674912,LR
2019-12-13,VGT,0.0124994794744455,0.0157154327753095,1,0.2807045625564547,LR
2019-12-20,VGT,0.0070514973500115,0.0066410724757921,0,0.2553788207404551,LR
2019-12-27,VGT,0.0049694550741472,-0.0013936996067154,0,0.230447636788948,LR
2019-01-04,VHT,0.0264979114419416,0.0261104461450843,1,0.3122874741170626,LR
2019-01-11,VHT,0.0322777767465123,0.0288825191574383,1,0.3194439074152657,LR
2019-01-18,VHT,-0.0038170179318757,-0.0025520109785059,0,0.2878132048373044,LR
2019-01-25,VHT,0.0264473717957025,0.016103267303648,1,0.37441793134034546,LR
2019-02-01,VHT,-0.0090973295418315,0.0015186146828517,0,0.3720579410195304,LR
2019-02-08,VHT,0.0314881650411928,0.0255107951462122,1,0.3702954173601206,LR
2019-02-15,VHT,-0.002179426941284,0.0063814856970952,0,0.34476658663155685,LR
2019-02-22,VHT,0.0033142961774552,0.0045857704423702,0,0.37323053300258363,LR
2019-03-01,VHT,-0.0447142360271421,-0.0212541352812697,0,0.3314836777341576,LR
2019-03-08,VHT,0.0320327057946627,0.0294725319348375,1,0.34365190395275386,LR
2019-03-15,VHT,-0.0226477659841958,-0.0073222839653365,0,0.18970259034170386,LR
2019-03-22,VHT,0.0122659566017793,0.0115665180144973,1,0.28359377864736374,LR
2019-03-29,VHT,-0.0011521888819706,0.0215589763900377,0,0.3038901798314431,LR
2019-04-05,VHT,-0.0226904892899949,0.0055100572226769,0,0.3050373679308928,LR
2019-04-12,VHT,-0.0473746240666482,-0.0004824948142342,0,0.3602341800100253,LR
2019-04-19,VHT,0.0399528652141265,0.0116888736645793,1,0.3781205798611461,LR
2019-04-26,VHT,0.0115703612011224,0.0021127968675228,1,0.30557984601522264,LR
2019-05-03,VHT,0.0009586798559657,-0.0201678680398537,0,0.3980799722279216,LR
2019-05-10,VHT,0.0110833200841469,-0.0078445551777293,1,0.4590454074596023,LR
2019-05-17,VHT,0.0159844958289625,-0.0107051495246558,1,0.3984539525907143,LR
2019-05-24,VHT,-0.0277381170363653,-0.0265578380096253,0,0.44370269333747625,LR
2019-05-31,VHT,0.0411142747092823,0.0449740607109905,1,0.48202700507916435,LR
2019-06-07,VHT,-0.0015785107725443,0.0055967538827478,0,0.29385001519787474,LR
2019-06-14,VHT,0.0246625048544815,0.0213304730352917,1,0.30912502210139875,LR
2019-06-21,VHT,-0.0066815039967291,-0.0034016006423354,0,0.2647596810241771,LR
2019-06-28,VHT,0.0017094190983351,0.0186351539509521,0,0.29878189385526693,LR
2019-07-05,VHT,-0.009761339916499,0.0073376494244985,0,0.34055115699424354,LR
2019-07-12,VHT,-0.007659007307875,-0.0115751480746777,0,0.3364924330763899,LR
2019-07-19,VHT,0.002782100103954,0.0162873388713703,0,0.4192269504084147,LR
2019-07-26,VHT,-0.0118964975457812,-0.031092159440991,0,0.363233839802812,LR
2019-08-02,VHT,0.0159180252984014,-0.0034175280946637,1,0.35850030038806485,LR
2019-08-09,VHT,-0.0059081282530921,-0.0094987853274979,0,0.3677149266274815,LR
2019-08-16,VHT,-0.0284847342644412,-0.0138477157312888,0,0.3481497579673544,LR
2019-08-23,VHT,0.0117485764954214,0.0266806050872465,1,0.36275653247012174,LR
2019-08-30,VHT,0.0107335438900781,0.0191489133011348,1,0.34113243470979676,LR
2019-09-06,VHT,0.0028134090957265,0.010199498054055,0,0.3037286388566441,LR
2019-09-13,VHT,0.0161119930171702,-0.0047577346303965,1,0.3512768993341881,LR
2019-09-20,VHT,-0.0347209886540273,-0.0096555927891942,0,0.28865095156675347,LR
2019-09-27,VHT,0.0064272426218097,-0.0035543134447284,0,0.4292288888432316,LR
2019-10-04,VHT,0.000718237947255,0.0065569917985595,0,0.43260069160012576,LR
2019-10-11,VHT,0.0214294378269641,0.0057041662148067,1,0.3883824022181228,LR
2019-10-18,VHT,-5.832121795357192e-05,0.0121818877974152,0,0.3749644758548359,LR
2019-10-25,VHT,0.0278829310910073,0.0150529069984709,1,0.3049858798522588,LR
2019-11-01,VHT,-0.0002819615021449,0.009146573993868,0,0.2616179586664225,LR
2019-11-08,VHT,0.0273406641624036,0.0092250667330539,1,0.26278972710325393,LR
2019-11-15,VHT,0.0122381548809198,-0.0026622956904951,1,0.25087977907984865,LR
2019-11-22,VHT,0.0110611539659284,0.0107732546477053,1,0.2831441660453105,LR
2019-11-29,VHT,0.0062107853337525,0.0017817212208403,0,0.28930609062244167,LR
2019-12-06,VHT,0.0029777601077511,0.0077811798282567,0,0.30989679389307534,LR
2019-12-13,VHT,0.0157134612296689,0.0157154327753095,1,0.2817022261053352,LR
2019-12-20,VHT,-0.0001557326404842,0.006641072475792,0,0.26089686638241044,LR
2019-12-27,VHT,-0.0112178843306939,-0.0013936996067154,0,0.22378484145157118,LR
2019-01-04,VIS,0.0403173074451361,0.0261104461450842,1,0.29160617884313755,LR
2019-01-11,VIS,0.0420994632808842,0.0288825191574385,1,0.29501732548407344,LR
2019-01-18,VIS,0.004752858493531,-0.0025520109785059,0,0.2622294205842309,LR
2019-01-25,VIS,0.0377693623506856,0.0161032673036481,1,0.31801182590995425,LR
2019-02-01,VIS,0.0126393825148118,0.0015186146828517,1,0.316023406331072,LR
2019-02-08,VIS,0.0351390013067152,0.0255107951462124,1,0.31410737015980783,LR
2019-02-15,VIS,0.0114241161855126,0.0063814856970952,1,0.3232649122282238,LR
2019-02-22,VIS,-0.0075051189581183,0.0045857704423701,0,0.3388683809398088,LR
2019-03-01,VIS,-0.034939636851673,-0.0212541352812697,0,0.29570983111817195,LR
2019-03-08,VIS,0.0156923526857464,0.0294725319348373,1,0.3041919858985841,LR
2019-03-15,VIS,-0.0220096208405449,-0.0073222839653365,0,0.2096126771896418,LR
2019-03-22,VIS,0.0290547777632241,0.0115665180144973,1,0.31735905593401276,LR
2019-03-29,VIS,0.0201318224317059,0.0215589763900379,1,0.30381885741883996,LR
2019-04-05,VIS,0.0113962448208342,0.0055100572226767,1,0.3150395049314361,LR
2019-04-12,VIS,0.0134911602159202,-0.0004824948142341,1,0.34880129250626507,LR
2019-04-19,VIS,-0.0045180973017284,0.0116888736645793,0,0.3560414036530669,LR
2019-04-26,VIS,0.0108568806727664,0.0021127968675227,1,0.3592865158635567,LR
2019-05-03,VIS,-0.0082455819083551,-0.0201678680398538,0,0.37380474828866544,LR
2019-05-10,VIS,0.0037181908543284,-0.0078445551777294,0,0.41977468500099235,LR
2019-05-17,VIS,-0.0062441333937712,-0.0107051495246559,0,0.4238750613754231,LR
2019-05-24,VIS,-0.0244553420073531,-0.0265578380096253,0,0.4406131034313837,LR
2019-05-31,VIS,0.0522885301080806,0.0449740607109905,1,0.50517364096799,LR
2019-06-07,VIS,-0.0088761829480581,0.005596753882748,0,0.29712554925175527,LR
2019-06-14,VIS,0.0205204408166428,0.0213304730352916,1,0.32768858564947145,LR
2019-06-21,VIS,0.006906077202516,-0.0034016006423354,0,0.25670489815942715,LR
2019-06-28,VIS,-0.0092246179144381,0.018635153950952,0,0.2908538960506827,LR
2019-07-05,VIS,0.0132719568069865,0.0073376494244985,1,0.3700371059182305,LR
2019-07-12,VIS,-0.0107227808999527,-0.0115751480746777,0,0.3081644426769384,LR
2019-07-19,VIS,0.0158991731999109,0.0162873388713703,1,0.36772982460376624,LR
2019-07-26,VIS,-0.0345688683822047,-0.0310921594409911,0,0.3186215457301717,LR
2019-08-02,VIS,0.0105285313397296,-0.0034175280946637,1,0.3393916775746364,LR
2019-08-09,VIS,-0.0088545726160884,-0.009498785327498,0,0.35480134331113483,LR
2019-08-16,VIS,-0.0278504446696057,-0.0138477157312887,0,0.3081891495335913,LR
2019-08-23,VIS,0.0250540758765016,0.0266806050872466,1,0.37165328041009216,LR
2019-08-30,VIS,0.0274923084374949,0.0191489133011347,1,0.3285452487779225,LR
2019-09-06,VIS,0.0278791418231243,0.0101994980540552,1,0.2763456734063018,LR
2019-09-13,VIS,-0.0092162473827044,-0.0047577346303967,0,0.29145609453174876,LR
2019-09-20,VIS,-0.0061404728818944,-0.0096555927891943,0,0.2792984237518984,LR
2019-09-27,VIS,-0.025075387049579,-0.0035543134447284,0,0.36076496746372383,LR
2019-10-04,VIS,0.0185355197274346,0.0065569917985595,1,0.42905998980644827,LR
2019-10-11,VIS,0.0076277012240149,0.0057041662148066,0,0.4049654000162537,LR
2019-10-18,VIS,0.0177750066471182,0.0121818877974153,1,0.3686230359521587,LR
2019-10-25,VIS,0.0155231341743971,0.0150529069984711,1,0.31577175105158617,LR
2019-11-01,VIS,0.0118413467324798,0.009146573993868,1,0.29042351076371503,LR
2019-11-08,VIS,0.0125531102141507,0.0092250667330539,1,0.30220942323347155,LR
2019-11-15,VIS,-0.0064060455376234,-0.0026622956904951,0,0.25324685216014114,LR
2019-11-22,VIS,0.0020114038957634,0.0107732546477051,0,0.2917023580155991,LR
2019-11-29,VIS,-0.0091790445827895,0.0017817212208404,0,0.3062051687746863,LR
2019-12-06,VIS,0.0079105086425732,0.0077811798282567,0,0.35669966625583427,LR
2019-12-13,VIS,-0.0002594607907822,0.0157154327753095,0,0.29911993878401155,LR
2019-12-20,VIS,-0.0018724724675809,0.0066410724757921,0,0.3047725008597456,LR
2019-12-27,VIS,0.0096924273277467,-0.0013936996067154,0,0.2684912213463169,LR
2019-01-04,VNQ,0.0422252223902075,0.0261104461450843,1,0.29716032868452236,LR
2019-01-11,VNQ,0.0249032297442035,0.0288825191574383,1,0.2934841055796355,LR
2019-01-18,VNQ,0.0151400065089533,-0.0025520109785057,1,0.2937237621198474,LR
2019-01-25,VNQ,0.0320009933128084,0.0161032673036481,1,0.31602472881531607,LR
2019-02-01,VNQ,0.0152063978632539,0.0015186146828515,1,0.3635638208825178,LR
2019-02-08,VNQ,0.009970282942322,0.0255107951462121,0,0.3258671413286885,LR
2019-02-15,VNQ,0.0024731960359856,0.0063814856970951,0,0.33804332032225837,LR
2019-02-22,VNQ,-0.0182905093428102,0.0045857704423701,0,0.33470648067984005,LR
2019-03-01,VNQ,-0.0030908479284498,-0.0212541352812698,0,0.331566458243852,LR
2019-03-08,VNQ,0.0191325083916538,0.0294725319348373,1,0.31301773525303683,LR
2019-03-15,VNQ,0.0048950833800314,-0.0073222839653365,0,0.18119791428565798,LR
2019-03-22,VNQ,0.0076522163722825,0.0115665180144972,0,0.25694680625345345,LR
2019-03-29,VNQ,0.0096551303205818,0.0215589763900378,0,0.23776059222267718,LR
2019-04-05,VNQ,0.0031902292286749,0.0055100572226769,0,0.24996743876710897,LR
2019-04-12,VNQ,-0.0296254330937161,-0.0004824948142341,0,0.2737704233757422,LR
2019-04-19,VNQ,0.0165125151913316,0.0116888736645793,1,0.3329333315816836,LR
2019-04-26,VNQ,0.0110713769416308,0.0021127968675228,1,0.29645909726475356,LR
2019-05-03,VNQ,-0.0044699070446811,-0.0201678680398537,0,0.331097664707202,LR
2019-05-10,VNQ,0.0178406038110734,-0.0078445551777294,1,0.3878158489458959,LR
2019-05-17,VNQ,0.0073209723524769,-0.0107051495246558,0,0.3592187470197107,LR
2019-05-24,VNQ,-0.0163025292828645,-0.0265578380096253,0,0.3848878823917591,LR
2019-05-31,VNQ,0.0208715568637518,0.0449740607109905,1,0.42932732406883783,LR
2019-06-07,VNQ,0.0057180680892006,0.0055967538827479,0,0.26774169385188185,LR
2019-06-14,VNQ,0.0032243818952113,0.0213304730352915,0,0.2996493116488836,LR
2019-06-21,VNQ,-0.0356393669361745,-0.0034016006423354,0,0.2633441417735248,LR
2019-06-28,VNQ,0.0186405924877608,0.0186351539509522,1,0.281307799742832,LR
2019-07-05,VNQ,-0.00078185743079,0.0073376494244986,0,0.3067315466896683,LR
2019-07-12,VNQ,-0.0240009095995973,-0.0115751480746779,0,0.30994841380578747,LR
2019-07-19,VNQ,0.0086827618739808,0.0162873388713703,0,0.3857024464892164,LR
2019-07-26,VNQ,0.0099502174256609,-0.0310921594409911,0,0.2974005363236847,LR
2019-08-02,VNQ,0.0196408533105449,-0.0034175280946637,1,0.2696880910090696,LR
2019-08-09,VNQ,0.0048490461953376,-0.0094987853274979,0,0.31559653978964536,LR
2019-08-16,VNQ,-0.0095009582776179,-0.0138477157312886,0,0.28875078492850037,LR
2019-08-23,VNQ,0.0111842577477254,0.0266806050872464,1,0.3119569934592088,LR
2019-08-30,VNQ,0.0135574841797632,0.0191489133011348,1,0.27031813111905967,LR
2019-09-06,VNQ,-0.019368620842184,0.0101994980540552,0,0.24440578949956032,LR
2019-09-13,VNQ,0.0179737891245397,-0.0047577346303965,1,0.2871127647128982,LR
2019-09-20,VNQ,-0.0018229229513797,-0.0096555927891943,0,0.24969095048410972,LR
2019-09-27,VNQ,0.0025753606339955,-0.0035543134447285,0,0.3341309490399417,LR
2019-10-04,VNQ,0.0003225675193212,0.0065569917985596,0,0.38713312639691727,LR
2019-10-11,VNQ,0.014923764212553,0.0057041662148066,1,0.3590006082803386,LR
2019-10-18,VNQ,-0.0054939700378005,0.0121818877974154,0,0.3153761812256023,LR
2019-10-25,VNQ,0.0015935571045975,0.0150529069984709,0,0.30897431852569907,LR
2019-11-01,VNQ,-0.0335278903141578,0.009146573993868,0,0.2761408916212824,LR
2019-11-08,VNQ,0.0169045108816858,0.009225066733054,1,0.2883615295313913,LR
2019-11-15,VNQ,-0.0131507344556941,-0.0026622956904951,0,0.26029730537964696,LR
2019-11-22,VNQ,0.0144975132115188,0.0107732546477052,1,0.3064202754306393,LR
2019-11-29,VNQ,0.0018339353175464,0.0017817212208404,0,0.3383063842421973,LR
2019-12-06,VNQ,-0.028494640063214,0.0077811798282567,0,0.33806662037801827,LR
2019-12-13,VNQ,0.0105948469043821,0.0157154327753095,1,0.33807928156342504,LR
2019-12-20,VNQ,-0.0001086598142189,0.0066410724757921,0,0.28499575292922463,LR
2019-12-27,VNQ,0.0041353493953857,-0.0013936996067154,0,0.25916342275037424,LR
2019-01-04,VOX,0.0252362451449865,0.0261104461450843,1,0.26581702055797013,LR
2019-01-11,VOX,0.0206932201634919,0.0288825191574383,1,0.3035670274668711,LR
2019-01-18,VOX,-0.002750015258789,-0.0025520109785059,0,0.26831162890614624,LR
2019-01-25,VOX,0.0327020715540904,0.0161032673036481,1,0.3096437814306649,LR
2019-02-01,VOX,-0.004890592021047,0.0015186146828515,0,0.3592309483200089,LR
2019-02-08,VOX,0.0138514001968044,0.0255107951462123,1,0.3517141119179134,LR
2019-02-15,VOX,0.0058288204714955,0.006381485697095,0,0.34829306475781274,LR
2019-02-22,VOX,-0.0033617334160057,0.0045857704423701,0,0.3702603752384735,LR
2019-03-01,VOX,-0.008883619040257,-0.0212541352812696,0,0.3603392099264075,LR
2019-03-08,VOX,0.0195605258699762,0.0294725319348372,1,0.3397675944989825,LR
2019-03-15,VOX,-0.0029663028431534,-0.0073222839653364,0,0.2347784795325895,LR
2019-03-22,VOX,-0.0031033915017759,0.0115665180144973,0,0.2590422688133892,LR
2019-03-29,VOX,0.0247619265601748,0.0215589763900379,1,0.31067120589154346,LR
2019-04-05,VOX,0.0188328622390454,0.0055100572226768,1,0.29779278148756233,LR
2019-04-12,VOX,0.0029659422310555,-0.0004824948142343,0,0.3119541877599159,LR
2019-04-19,VOX,0.0235897401119569,0.0116888736645792,1,0.35034922573722016,LR
2019-04-26,VOX,-0.0132251877862877,0.0021127968675227,0,0.32406137539645813,LR
2019-05-03,VOX,-0.0010297936580527,-0.0201678680398537,0,0.3498929694212447,LR
2019-05-10,VOX,0.0164297793885264,-0.0078445551777293,1,0.380657077705904,LR
2019-05-17,VOX,-0.0088792004338338,-0.0107051495246558,0,0.35540779111260523,LR
2019-05-24,VOX,-0.0300603975998223,-0.0265578380096254,0,0.4114577784493165,LR
2019-05-31,VOX,0.0183243439226328,0.0449740607109904,1,0.45926659467982095,LR
2019-06-07,VOX,0.0048264117344134,0.005596753882748,0,0.3359170009117711,LR
2019-06-14,VOX,0.0212517481059697,0.0213304730352916,1,0.34423357553262246,LR
2019-06-21,VOX,-0.0088039864066624,-0.0034016006423355,0,0.2807028000510841,LR
2019-06-28,VOX,0.0178142921551929,0.0186351539509522,1,0.33225078452340234,LR
2019-07-05,VOX,0.0182473841952768,0.0073376494244985,1,0.3293417488967837,LR
2019-07-12,VOX,-0.0274366162660144,-0.0115751480746777,0,0.29518765142263437,LR
2019-07-19,VOX,0.039872795466356,0.0162873388713705,1,0.3752419604930143,LR
2019-07-26,VOX,-0.0330632446260962,-0.0310921594409911,0,0.2752275980222387,LR
2019-08-02,VOX,0.0081900918730801,-0.0034175280946637,0,0.30528640924285877,LR
2019-08-09,VOX,-0.0089778867858584,-0.0094987853274979,0,0.3304499211322802,LR
2019-08-16,VOX,-0.0279438860482885,-0.0138477157312887,0,0.271677939586949,LR
2019-08-23,VOX,0.0232421137550842,0.0266806050872466,1,0.3554945000421329,LR
2019-08-30,VOX,0.0241061596407303,0.0191489133011348,1,0.3214867588412075,LR
2019-09-06,VOX,0.0094128640451949,0.010199498054055,0,0.30259852408461635,LR
2019-09-13,VOX,-0.0066994025287746,-0.0047577346303967,0,0.2855427177032903,LR
2019-09-20,VOX,-0.0260604419505842,-0.0096555927891942,0,0.30090444772454844,LR
2019-09-27,VOX,0.0010411101268059,-0.0035543134447284,0,0.42035700352119515,LR
2019-10-04,VOX,0.0101945928698923,0.0065569917985595,1,0.44310850933092244,LR
2019-10-11,VOX,0.0125071293035714,0.0057041662148068,1,0.4434636236343745,LR
2019-10-18,VOX,0.0005643048348198,0.0121818877974153,0,0.3916035171058938,LR
2019-10-25,VOX,0.008187479784159,0.0150529069984709,0,0.33895134014155054,LR
2019-11-01,VOX,0.0032129504615965,0.0091465739938679,0,0.3041687307999305,LR
2019-11-08,VOX,0.0155347742323217,0.009225066733054,1,0.29847896270401963,LR
2019-11-15,VOX,-0.0009846183533461,-0.002662295690495,0,0.2634269990069676,LR
2019-11-22,VOX,0.0066637601513077,0.0107732546477052,0,0.3031791597414335,LR
2019-11-29,VOX,0.0070805432993061,0.0017817212208404,0,0.330470286084998,LR
2019-12-06,VOX,-0.0058441656559508,0.0077811798282568,0,0.3517277345365773,LR
2019-12-13,VOX,0.0259726918738487,0.0157154327753095,1,0.33162524326028253,LR
2019-12-20,VOX,0.0006341032413599,0.006641072475792,0,0.2760445792034226,LR
2019-12-27,VOX,-0.0010555042893801,-0.0013936996067153,0,0.23483396344555532,LR
2019-01-04,VPU,0.0140290792835051,0.0261104461450841,1,0.2864205861182074,LR
2019-01-11,VPU,0.0123530806914762,0.0288825191574383,1,0.29527512427649766,LR
2019-01-18,VPU,0.0035344455312089,-0.0025520109785058,0,0.2818642772608963,LR
2019-01-25,VPU,0.0207006472261184,0.016103267303648,1,0.33449942211980743,LR
2019-02-01,VPU,0.0224839680291792,0.0015186146828515,1,0.3691462094431656,LR
2019-02-08,VPU,0.0016928583579725,0.0255107951462121,0,0.336970304229788,LR
2019-02-15,VPU,0.0243863080828723,0.0063814856970951,1,0.30713926891079635,LR
2019-02-22,VPU,-0.0004713683153949,0.0045857704423701,0,0.28635612352867584,LR
2019-03-01,VPU,0.0041526789947277,-0.0212541352812698,0,0.26774594114229733,LR
2019-03-08,VPU,0.016999318328144,0.0294725319348373,1,0.2621265223463761,LR
2019-03-15,VPU,-0.0026057353542575,-0.0073222839653364,0,0.1511575313272491,LR
2019-03-22,VPU,-0.0051431499729132,0.0115665180144973,0,0.2117246137387411,LR
2019-03-29,VPU,-0.0017747953857439,0.0215589763900379,0,0.21074305849213468,LR
2019-04-05,VPU,0.0030188047238819,0.0055100572226769,0,0.2474040894639561,LR
2019-04-12,VPU,-0.0169570254700862,-0.0004824948142342,0,0.2535491956688843,LR
2019-04-19,VPU,0.0151384448781473,0.0116888736645793,1,0.3234632483485883,LR
2019-04-26,VPU,0.0055701783328254,0.0021127968675228,0,0.2997159070128399,LR
2019-05-03,VPU,-0.0046962861899911,-0.0201678680398537,0,0.311025230083579,LR
2019-05-10,VPU,0.017716984505731,-0.0078445551777295,1,0.330882166054414,LR
2019-05-17,VPU,0.0134866575707668,-0.0107051495246558,1,0.33045672255732744,LR
2019-05-24,VPU,-0.0281257027563212,-0.0265578380096252,0,0.33493566778898015,LR
2019-05-31,VPU,0.0278376696622191,0.0449740607109904,1,0.3766621270246279,LR
2019-06-07,VPU,0.0133503244194983,0.0055967538827479,1,0.22526633629850593,LR
2019-06-14,VPU,0.0036979511513381,0.0213304730352915,0,0.26340086693501286,LR
2019-06-21,VPU,-0.0219263549851476,-0.0034016006423355,0,0.25871240260645917,LR
2019-06-28,VPU,0.0149489600823093,0.0186351539509521,1,0.2861626620095631,LR
2019-07-05,VPU,-0.001776502459816,0.0073376494244985,0,0.3132075773355073,LR
2019-07-12,VPU,-0.0055576140567653,-0.0115751480746777,0,0.31764198742926963,LR
2019-07-19,VPU,-0.0076579834891961,0.0162873388713703,0,0.37630947062356307,LR
2019-07-26,VPU,0.0014949689794221,-0.0310921594409911,0,0.3226574723083873,LR
2019-08-02,VPU,0.0076808257450919,-0.0034175280946635,0,0.2803152727607406,LR
2019-08-09,VPU,0.0098402026858448,-0.0094987853274979,0,0.3187924674296371,LR
2019-08-16,VPU,-7.324666221675269e-05,-0.0138477157312886,0,0.2688485356241618,LR
2019-08-23,VPU,0.0160747986148686,0.0266806050872464,1,0.30166221538901433,LR
2019-08-30,VPU,0.0050407736130511,0.0191489133011348,0,0.2632728427574217,LR
2019-09-06,VPU,0.0045207009188668,0.0101994980540551,0,0.24262101056674185,LR
2019-09-13,VPU,0.0177476135439313,-0.0047577346303966,1,0.2734593554794177,LR
2019-09-20,VPU,0.0046179937766945,-0.0096555927891944,0,0.2483017921944672,LR
2019-09-27,VPU,0.0003479925597342,-0.0035543134447284,0,0.3250852234516773,LR
2019-10-04,VPU,-0.0092153537670852,0.0065569917985594,0,0.3596842445492982,LR
2019-10-11,VPU,-0.0041458530532804,0.0057041662148066,0,0.3180539571425816,LR
2019-10-18,VPU,0.0023255943992177,0.0121818877974153,0,0.31427724312118593,LR
2019-10-25,VPU,0.0036001305495685,0.015052906998471,0,0.2980112816406945,LR
2019-11-01,VPU,-0.0368469534194396,0.009146573993868,0,0.27290875287976013,LR
2019-11-08,VPU,0.0163671305215136,0.009225066733054,1,0.3219227090539382,LR
2019-11-15,VPU,0.0007177062838783,-0.002662295690495,0,0.25252320367673486,LR
2019-11-22,VPU,0.0004299975569315,0.0107732546477052,0,0.31419320558734687,LR
2019-11-29,VPU,0.0055367007486868,0.0017817212208403,0,0.34316171491251857,LR
2019-12-06,VPU,0.0004279426526372,0.0077811798282566,0,0.34496668359486427,LR
2019-12-13,VPU,0.0257439685654714,0.0157154327753095,1,0.30706322332383335,LR
2019-12-20,VPU,-0.0071887129262434,0.0066410724757921,0,0.28600974105776455,LR
2019-12-27,VPU,-0.0053550910135385,-0.0013936996067154,0,0.23825890308671122,LR
2020-01-03,VAW,-0.0046743341789391,0.0102352471319189,0,0.3509031007232657,LR
2020-01-10,VAW,0.0240547571493034,0.0191582010958908,1,0.28326483997145724,LR
2020-01-17,VAW,-0.0192540244997804,-0.0095801230148068,0,0.2949431207292716,LR
2020-01-24,VAW,-0.0196231886824189,-0.0214127042608707,0,0.3279162343801887,LR
2020-01-31,VAW,0.0338230239685959,0.0325425065041412,1,0.34988951721456296,LR
2020-02-07,VAW,0.0096982337176256,0.0162553922354631,0,0.25756456223562946,LR
2020-02-14,VAW,-0.0013753661969334,-0.0122037026036476,0,0.27059454783414816,LR
2020-02-21,VAW,-0.1025016215163806,-0.1116111143070354,0,0.3709414043445318,LR
2020-02-28,VAW,0.0023503157983659,0.0040504519832942,0,0.5196079217789858,LR
2020-03-06,VAW,-0.079382871491602,-0.094600725671942,0,0.3120737618814276,LR
2020-03-13,VAW,-0.0173185238438916,-0.1454573831749443,0,0.7025219473249515,LR
2020-03-20,VAW,0.1098293368596494,0.107604715152223,1,0.7890514169727065,LR
2020-03-27,VAW,-0.0451721686889073,-0.0206375217925917,0,0.2499193413886506,LR
2020-04-03,VAW,0.1549042329778571,0.1209154242653466,1,0.5185119440676424,LR
2020-04-10,VAW,-0.0181617147463175,0.0303377770067566,0,0.15686192145634592,LR
2020-04-17,VAW,0.0129050613349055,-0.0128033332489539,1,0.4622623413565398,LR
2020-04-24,VAW,0.01745823722891,-0.0006361127862786,1,0.48481328953637975,LR
2020-05-01,VAW,0.0422809944599347,0.0341240802242973,1,0.4243197567386123,LR
2020-05-08,VAW,-0.022324667700009,-0.0210638214326972,0,0.6442821563645406,LR
2020-05-15,VAW,0.0152152232808171,0.0319963120931836,1,0.7598645313595861,LR
2020-05-22,VAW,0.0233038013856512,0.0300569337092262,1,0.4079502730235288,LR
2020-05-29,VAW,0.0797143216388593,0.0493561142730646,1,0.37967212167675574,LR
2020-06-05,VAW,-0.0871112098510916,-0.0473787226209928,0,0.24606268495482211,LR
2020-06-12,VAW,0.0467688796451379,0.0190267140974164,1,0.27549850074180127,LR
2020-06-19,VAW,-0.0269366002680435,-0.0278323897930366,0,0.25604156386692706,LR
2020-06-26,VAW,0.0447303389038464,0.0405939217351364,1,0.3021957779779264,LR
2020-07-03,VAW,-0.0131862377743262,0.0171668162277389,0,0.3984227324653681,LR
2020-07-10,VAW,0.044451584992516,0.0130041848915054,1,0.43101386128067726,LR
2020-07-17,VAW,0.0086201065120612,-0.0026112465609642,0,0.3361669295724601,LR
2020-07-24,VAW,-0.0225826828941421,0.0175769198079238,0,0.4574824863027678,LR
2020-07-31,VAW,0.0214945548577552,0.0246536239816416,1,0.5663283664528497,LR
2020-08-07,VAW,0.0155932755120056,0.0067851573197914,1,0.42135829006311376,LR
2020-08-14,VAW,-0.0211667172704649,0.0078370558225318,0,0.5209567047492933,LR
2020-08-21,VAW,0.0217812786970181,0.0326973386227684,1,0.5914990549845305,LR
2020-08-28,VAW,0.0059201689463026,-0.0228480533934155,0,0.4739341334782406,LR
2020-09-04,VAW,0.0065938446791948,-0.0248414375298789,0,0.4425873062740068,LR
2020-09-11,VAW,0.0002163009500959,-0.0062457555308792,0,0.445498514547315,LR
2020-09-18,VAW,-0.0301050446436373,-0.0058065619970205,0,0.30141004524223114,LR
2020-09-25,VAW,0.0054563945209777,0.0155448467740033,0,0.45243481914919237,LR
2020-10-02,VAW,0.0434302070769776,0.0389706574431685,1,0.34673064093684086,LR
2020-10-09,VAW,-0.0051930210046601,0.0012685772436597,0,0.3043728427386174,LR
2020-10-16,VAW,-0.0060456984910478,-0.0043480517021838,0,0.3371313740876285,LR
2020-10-23,VAW,-0.0327961816859121,-0.055642196352801,0,0.3563540348170069,LR
2020-10-30,VAW,0.0616823966123101,0.0723339113348094,1,0.39302047808203466,LR
2020-11-06,VAW,-0.026355535114672,0.0226756672814017,0,0.2725022369692211,LR
2020-11-13,VAW,-0.0076235274030037,-0.0077354937831518,0,0.19328512279020055,LR
2020-11-20,VAW,0.0210295744555288,0.0234711802275092,1,0.29490885459054617,LR
2020-11-27,VAW,0.0103582823315349,0.0169933028220612,1,0.263893147090433,LR
2020-12-04,VAW,-0.0074222869314096,-0.0095980896454128,0,0.3675271987735494,LR
2020-12-11,VAW,0.0027687073680371,0.0121583274973986,0,0.3536856401386612,LR
2020-12-18,VAW,0.0161385244786165,-0.0004874991542653,1,0.26405088693471207,LR
2020-12-25,VAW,-0.0010818262034212,0.0132248317592623,0,0.2970937708499289,LR
2020-01-03,VCR,0.0120074278540978,0.0102352471319188,1,0.3174566152049249,LR
2020-01-10,VCR,0.0124152578022997,0.0191582010958907,1,0.2484850505388903,LR
2020-01-17,VCR,-0.0082679106458832,-0.0095801230148068,0,0.26338233306429926,LR
2020-01-24,VCR,0.0212493483708149,-0.0214127042608705,1,0.2842596275866603,LR
2020-01-31,VCR,0.01955497901214,0.0325425065041411,1,0.2778386941096259,LR
2020-02-07,VCR,0.0275066293653343,0.0162553922354631,1,0.22142420652446926,LR
2020-02-14,VCR,-0.0029709871443096,-0.0122037026036475,0,0.2156352751489005,LR
2020-02-21,VCR,-0.0887449703230723,-0.1116111143070354,0,0.3010840580006367,LR
2020-02-28,VCR,-0.0192956389613825,0.0040504519832943,0,0.3967014235790958,LR
2020-03-06,VCR,-0.0740898488733289,-0.094600725671942,0,0.30388513266309114,LR
2020-03-13,VCR,-0.0459157002465498,-0.1454573831749444,0,0.6629972340780382,LR
2020-03-20,VCR,0.1334580364861275,0.1076047151522231,1,0.804063367527005,LR
2020-03-27,VCR,-0.0665251183010851,-0.0206375217925917,0,0.22892913246206806,LR
2020-04-03,VCR,0.1223133678813714,0.1209154242653467,1,0.5447846095948339,LR
2020-04-10,VCR,0.0733864509582276,0.0303377770067566,1,0.18741715919465923,LR
2020-04-17,VCR,0.0098927510841424,-0.0128033332489539,0,0.3463802695052001,LR
2020-04-24,VCR,-0.0088821611002805,-0.0006361127862788,0,0.5512073535630502,LR
2020-05-01,VCR,0.0700602119785085,0.0341240802242973,1,0.47191724214030123,LR
2020-05-08,VCR,-0.0063637147953103,-0.0210638214326972,0,0.5693701388549228,LR
2020-05-15,VCR,0.0276056961983111,0.0319963120931836,1,0.7463285245617212,LR
2020-05-22,VCR,-0.0012083581767946,0.0300569337092261,0,0.4503535192371877,LR
2020-05-29,VCR,0.0675158008888441,0.0493561142730645,1,0.3921374071409321,LR
2020-06-05,VCR,-0.0548451348262815,-0.0473787226209928,0,0.2275794033753298,LR
2020-06-12,VCR,0.0456654908773537,0.0190267140974165,1,0.24315694901176657,LR
2020-06-19,VCR,-0.0252100632621042,-0.0278323897930367,0,0.27119699525931423,LR
2020-06-26,VCR,0.0523459559754928,0.0405939217351363,1,0.29220421361034743,LR
2020-07-03,VCR,0.0244243742014582,0.0171668162277389,1,0.35193955024155277,LR
2020-07-10,VCR,-0.0113524741346725,0.0130041848915054,0,0.3903384906155822,LR
2020-07-17,VCR,0.0081282231539867,-0.0026112465609642,0,0.3788249404720329,LR
2020-07-24,VCR,0.012657034153823,0.0175769198079238,1,0.4068461138240388,LR
2020-07-31,VCR,0.0250193942323819,0.0246536239816416,1,0.4763027129451957,LR
2020-08-07,VCR,0.0217439257349414,0.0067851573197914,1,0.4686502564499744,LR
2020-08-14,VCR,0.0213240048300182,0.0078370558225317,1,0.48944558517679354,LR
2020-08-21,VCR,0.0221769239921318,0.0326973386227684,1,0.514783105331846,LR
2020-08-28,VCR,-0.0296377952951292,-0.0228480533934155,0,0.4344364778383549,LR
2020-09-04,VCR,-0.0085223419787983,-0.0248414375298787,0,0.3959718024837013,LR
2020-09-11,VCR,-0.013580080831122,-0.0062457555308791,0,0.3930019027956131,LR
2020-09-18,VCR,0.0111453690717924,-0.0058065619970204,1,0.25751191405805235,LR
2020-09-25,VCR,0.01636117609269,0.0155448467740034,1,0.3991211801653597,LR
2020-10-02,VCR,0.031509919998643,0.0389706574431685,1,0.29332264927965385,LR
2020-10-09,VCR,-0.0090368705864313,0.0012685772436598,0,0.26293265536309296,LR
2020-10-16,VCR,-0.0108625562228922,-0.0043480517021838,0,0.2804457184097527,LR
2020-10-23,VCR,-0.05801093967932,-0.0556421963528011,0,0.3054563517551862,LR
2020-10-30,VCR,0.0653589302072386,0.0723339113348094,1,0.4105992139385694,LR
2020-11-06,VCR,-0.0471156929357297,0.0226756672814019,0,0.23513863486509412,LR
2020-11-13,VCR,0.0146266952532387,-0.007735493783152,1,0.2032557993009476,LR
2020-11-20,VCR,0.0388589823704657,0.0234711802275091,1,0.27615419167918287,LR
2020-11-27,VCR,0.0032116908174792,0.0169933028220611,0,0.2278134857618149,LR
2020-12-04,VCR,-0.007988526182007,-0.0095980896454128,0,0.33288532608897725,LR
2020-12-11,VCR,0.0248937513613161,0.0121583274973986,1,0.3113099694909333,LR
2020-12-18,VCR,0.0090370460792823,-0.0004874991542654,0,0.2293930914840095,LR
2020-12-25,VCR,0.0007636885992867,0.0132248317592624,0,0.2949759224754169,LR
2020-01-03,VDC,0.0045830972697995,0.0102352471319188,0,0.28782414861312533,LR
2020-01-10,VDC,0.0180376942181361,0.0191582010958908,1,0.23222407008116933,LR
2020-01-17,VDC,-0.0040538276027665,-0.0095801230148067,0,0.24033384774279873,LR
2020-01-24,VDC,-0.0021157208733496,-0.0214127042608705,0,0.26116065929086674,LR
2020-01-31,VDC,0.0156637800670598,0.032542506504141,1,0.2860002665772716,LR
2020-02-07,VDC,0.0095512002761586,0.0162553922354631,0,0.22098003203996192,LR
2020-02-14,VDC,-0.0007895352843504,-0.0122037026036475,0,0.22591615436134696,LR
2020-02-21,VDC,-0.0899883082865278,-0.1116111143070353,0,0.32329979937341535,LR
2020-02-28,VDC,0.0537743313390806,0.0040504519832942,1,0.3961014475477165,LR
2020-03-06,VDC,-0.0352405452138799,-0.0946007256719419,0,0.22246817186325554,LR
2020-03-13,VDC,-0.018989338835107,-0.1454573831749443,0,0.5827550293105469,LR
2020-03-20,VDC,0.0696312360627566,0.107604715152223,1,0.7293602213650775,LR
2020-03-27,VDC,0.0208683509693359,-0.0206375217925917,1,0.22221707267125507,LR
2020-04-03,VDC,0.0263084730786731,0.1209154242653466,1,0.376573756296063,LR
2020-04-10,VDC,0.0392478194413989,0.0303377770067565,1,0.22557837261466868,LR
2020-04-17,VDC,-0.0172721897942522,-0.0128033332489539,0,0.3399969747942243,LR
2020-04-24,VDC,-0.021682328803996,-0.0006361127862787,0,0.429382006695515,LR
2020-05-01,VDC,0.0159307284738234,0.0341240802242971,1,0.4584566010038543,LR
2020-05-08,VDC,-0.0103856500272818,-0.0210638214326972,0,0.48961365603633483,LR
2020-05-15,VDC,-0.0116804788360668,0.0319963120931836,0,0.6526298767761197,LR
2020-05-22,VDC,0.0163416811327583,0.0300569337092262,1,0.4093584825336623,LR
2020-05-29,VDC,0.0227844915800246,0.0493561142730644,1,0.344082178305689,LR
2020-06-05,VDC,-0.0414614788233888,-0.0473787226209928,0,0.19076245480063564,LR
2020-06-12,VDC,0.0358655542073726,0.0190267140974166,1,0.19301568202048913,LR
2020-06-19,VDC,-0.0311521853749433,-0.0278323897930368,0,0.19395301164270745,LR
2020-06-26,VDC,0.0264290826302597,0.0405939217351363,1,0.257837353753303,LR
2020-07-03,VDC,0.0123978164757287,0.017166816227739,1,0.2619628425063808,LR
2020-07-10,VDC,0.0181629669514986,0.0130041848915054,1,0.28748379287972237,LR
2020-07-17,VDC,0.0101449093346737,-0.0026112465609642,1,0.27081447941269166,LR
2020-07-24,VDC,0.0101073329998826,0.0175769198079237,1,0.31773574864304077,LR
2020-07-31,VDC,0.0147022407242043,0.0246536239816416,1,0.3618278723949878,LR
2020-08-07,VDC,0.0100381178409236,0.0067851573197915,1,0.3549923924194293,LR
2020-08-14,VDC,-0.0007917953643913,0.0078370558225317,0,0.3811388477787783,LR
2020-08-21,VDC,0.0201640294399649,0.0326973386227684,1,0.41091859683247967,LR
2020-08-28,VDC,-0.0034017192273494,-0.0228480533934153,0,0.33072686562999704,LR
2020-09-04,VDC,-0.0169004393737477,-0.0248414375298788,0,0.33118599103540436,LR
2020-09-11,VDC,-0.0180240395843253,-0.0062457555308793,0,0.375522617683947,LR
2020-09-18,VDC,-0.0009317917271566,-0.0058065619970204,0,0.2641457221156278,LR
2020-09-25,VDC,0.0101184561396903,0.0155448467740034,1,0.3665730416842248,LR
2020-10-02,VDC,0.0243099379496383,0.0389706574431685,1,0.3465747189532933,LR
2020-10-09,VDC,0.0042083541391961,0.0012685772436597,0,0.3267615506178536,LR
2020-10-16,VDC,-0.0116195944315588,-0.0043480517021839,0,0.30662466159395324,LR
2020-10-23,VDC,-0.0411732346322518,-0.055642196352801,0,0.34458038378088063,LR
2020-10-30,VDC,0.0333849457511998,0.0723339113348092,1,0.3946724537399043,LR
2020-11-06,VDC,0.0107941309884114,0.0226756672814019,1,0.2739648128099698,LR
2020-11-13,VDC,-0.0232105968505238,-0.0077354937831518,0,0.1711847236946273,LR
2020-11-20,VDC,0.0062500428930629,0.0234711802275091,0,0.3086748378918715,LR
2020-11-27,VDC,0.0139042375829594,0.0169933028220612,1,0.25605741314995584,LR
2020-12-04,VDC,-0.001495166529119,-0.0095980896454129,0,0.2909862530814911,LR
2020-12-11,VDC,-0.0064228142253421,0.0121583274973986,0,0.3553608093689113,LR
2020-12-18,VDC,0.0026784176101382,-0.0004874991542655,0,0.2861603948774486,LR
2020-12-25,VDC,0.0060156944514073,0.0132248317592623,0,0.2881112703987768,LR
2020-01-03,VDE,-0.0190511740620223,0.0102352471319188,0,0.33369312589193373,LR
2020-01-10,VDE,-0.0108911491284078,0.0191582010958908,0,0.29283628171120446,LR
2020-01-17,VDE,-0.0425156887222386,-0.0095801230148067,0,0.36103367478034687,LR
2020-01-24,VDE,-0.0360782577802226,-0.0214127042608706,0,0.3515046342977336,LR
2020-01-31,VDE,0.008775557116363,0.032542506504141,0,0.37687373059756835,LR
2020-02-07,VDE,0.012203539675073,0.0162553922354631,1,0.288636487171204,LR
2020-02-14,VDE,-0.0017933129707393,-0.0122037026036476,0,0.2791906464195057,LR
2020-02-21,VDE,-0.1269636675401281,-0.1116111143070353,0,0.3912796225632426,LR
2020-02-28,VDE,-0.0952457682526811,0.0040504519832942,0,0.5601030472411106,LR
2020-03-06,VDE,-0.0873765007442218,-0.094600725671942,0,0.39030686761316374,LR
2020-03-13,VDE,-0.0887206514929014,-0.1454573831749444,0,0.7735039451677018,LR
2020-03-20,VDE,0.1095564241875199,0.1076047151522228,1,0.8407874627103351,LR
2020-03-27,VDE,0.0617885822497283,-0.0206375217925917,1,0.2658727230446888,LR
2020-04-03,VDE,0.1145495429884111,0.1209154242653468,1,0.5328291870014129,LR
2020-04-10,VDE,-0.0382467245160769,0.0303377770067564,0,0.3030785338760731,LR
2020-04-17,VDE,0.0867504139972901,-0.012803333248954,1,0.511251920287794,LR
2020-04-24,VDE,0.040508043857911,-0.0006361127862787,1,0.5355795350876073,LR
2020-05-01,VDE,0.0937233000714645,0.0341240802242972,1,0.5322002371396789,LR
2020-05-08,VDE,-0.0623401821842454,-0.0210638214326972,0,0.6449360992106522,LR
2020-05-15,VDE,0.011710999207606,0.0319963120931836,1,0.7857116370049466,LR
2020-05-22,VDE,-0.0226408373347373,0.0300569337092261,0,0.4127154585428968,LR
2020-05-29,VDE,0.1668290261058067,0.0493561142730645,1,0.36931305451359026,LR
2020-06-05,VDE,-0.1467904883056662,-0.0473787226209929,0,0.11703532861942154,LR
2020-06-12,VDE,0.0364706002029717,0.0190267140974166,1,0.22111678023239317,LR
2020-06-19,VDE,-0.068687607247193,-0.0278323897930366,0,0.2226897593252305,LR
2020-06-26,VDE,0.020743523613008,0.0405939217351362,1,0.28489948677196053,LR
2020-07-03,VDE,-0.0599169230291095,0.0171668162277389,0,0.45452227283531166,LR
2020-07-10,VDE,0.0215120876424286,0.0130041848915054,1,0.5700490965548588,LR
2020-07-17,VDE,0.0255885371350053,-0.0026112465609642,1,0.494368867302743,LR
2020-07-24,VDE,-0.0381237506104658,0.0175769198079238,0,0.5882206000226315,LR
2020-07-31,VDE,0.0372902262272722,0.0246536239816416,1,0.6941583242479661,LR
2020-08-07,VDE,0.0211965076174169,0.0067851573197913,1,0.5633586246276594,LR
2020-08-14,VDE,-0.0611056791038132,0.0078370558225318,0,0.612003975327828,LR
2020-08-21,VDE,0.0059498787616618,0.0326973386227684,0,0.7865048951951268,LR
2020-08-28,VDE,-0.048577222613556,-0.0228480533934154,0,0.6233970710448546,LR
2020-09-04,VDE,-0.0608108293499208,-0.0248414375298788,0,0.559937740110434,LR
2020-09-11,VDE,0.0305697009146614,-0.0062457555308792,1,0.5537632388399383,LR
2020-09-18,VDE,-0.0658531105285468,-0.0058065619970205,0,0.2873159151970693,LR
2020-09-25,VDE,-0.0413944043167116,0.0155448467740032,0,0.5703410914248811,LR
2020-10-02,VDE,0.0404393129393365,0.0389706574431685,1,0.4526292753486222,LR
2020-10-09,VDE,-0.0170631837072365,0.0012685772436598,0,0.33148086447717956,LR
2020-10-16,VDE,0.0065805621690613,-0.0043480517021839,0,0.41317500847602173,LR
2020-10-23,VDE,-0.0418616285985998,-0.0556421963528011,0,0.4477496832526444,LR
2020-10-30,VDE,-0.0050825147648663,0.0723339113348092,0,0.48160863394504505,LR
2020-11-06,VDE,0.0528978670946473,0.0226756672814019,1,0.42531325764398326,LR
2020-11-13,VDE,0.0165827230404835,-0.007735493783152,1,0.11029060037554995,LR
2020-11-20,VDE,0.072387176722249,0.0234711802275092,1,0.3286948231622973,LR
2020-11-27,VDE,0.0551618678149288,0.0169933028220612,1,0.32214186815862395,LR
2020-12-04,VDE,0.0260407484949678,-0.009598089645413,1,0.42091848776378615,LR
2020-12-11,VDE,-0.0663382075716133,0.0121583274973985,0,0.5126952093993224,LR
2020-12-18,VDE,0.021743401115386,-0.0004874991542655,1,0.40673286569175304,LR
2020-12-25,VDE,-0.0116257022328956,0.0132248317592625,0,0.41473666848245444,LR
2020-01-03,VFH,0.0064814533552837,0.0102352471319188,0,0.32266746183748624,LR
2020-01-10,VFH,0.0102269102271201,0.0191582010958907,1,0.28380071646007604,LR
2020-01-17,VFH,-0.0151258785393266,-0.0095801230148068,0,0.2798713407932208,LR
2020-01-24,VFH,0.0051302451057593,-0.0214127042608705,0,0.3066677616462839,LR
2020-01-31,VFH,0.0264529511997007,0.032542506504141,1,0.336529595681456,LR
2020-02-07,VFH,0.0133351327094763,0.016255392235463,1,0.24796661340675172,LR
2020-02-14,VFH,-0.0100918459057771,-0.0122037026036476,0,0.24304008500900534,LR
2020-02-21,VFH,-0.1091496910665762,-0.1116111143070354,0,0.3217754970627692,LR
2020-02-28,VFH,-0.0392274973145175,0.0040504519832942,0,0.4093425126310849,LR
2020-03-06,VFH,-0.0335917448504379,-0.094600725671942,0,0.3346824524321683,LR
2020-03-13,VFH,-0.0673926217936398,-0.1454573831749444,0,0.6517567059696577,LR
2020-03-20,VFH,0.1424755517978502,0.1076047151522229,1,0.8403930224909612,LR
2020-03-27,VFH,-0.0776717529050401,-0.0206375217925916,0,0.2474215830891169,LR
2020-04-03,VFH,0.1458752492697388,0.1209154242653466,1,0.5757245133874046,LR
2020-04-10,VFH,-0.0482854851102341,0.0303377770067566,0,0.1854113904114538,LR
2020-04-17,VFH,-0.0103325050120306,-0.012803333248954,0,0.48956930024455964,LR
2020-04-24,VFH,0.0141110061800246,-0.0006361127862786,1,0.5539394066337417,LR
2020-05-01,VFH,0.0295057267776266,0.0341240802242972,1,0.45287176251194317,LR
2020-05-08,VFH,-0.0492683786759913,-0.0210638214326972,0,0.7015474206513478,LR
2020-05-15,VFH,0.0165818932198158,0.0319963120931836,1,0.8002109506956235,LR
2020-05-22,VFH,0.0290322393196165,0.0300569337092263,1,0.44904591279796585,LR
2020-05-29,VFH,0.118717542430573,0.0493561142730644,1,0.38117680239870255,LR
2020-06-05,VFH,-0.1092730434001278,-0.0473787226209929,0,0.1762965888864286,LR
2020-06-12,VFH,0.0419753269151781,0.0190267140974165,1,0.2562753240109779,LR
2020-06-19,VFH,-0.0495117259299754,-0.0278323897930367,0,0.22855550919410003,LR
2020-06-26,VFH,0.0096514907625351,0.0405939217351363,0,0.286482935906565,LR
2020-07-03,VFH,-0.0060595305452183,0.0171668162277388,0,0.4144534986409835,LR
2020-07-10,VFH,0.0118821875380599,0.0130041848915054,1,0.4429329292383194,LR
2020-07-17,VFH,0.0155369617919347,-0.0026112465609642,1,0.39096613663491764,LR
2020-07-24,VFH,-0.0079151433521191,0.0175769198079238,0,0.4926368684506435,LR
2020-07-31,VFH,0.0312553190022133,0.0246536239816416,1,0.5582871201671299,LR
2020-08-07,VFH,0.0057021581627652,0.0067851573197913,0,0.4539196992432727,LR
2020-08-14,VFH,-0.0334361524571207,0.0078370558225318,0,0.5260886327916694,LR
2020-08-21,VFH,0.0347303698823246,0.0326973386227684,1,0.6625684581660626,LR
2020-08-28,VFH,-0.0014549006094388,-0.0228480533934153,0,0.5296174270547135,LR
2020-09-04,VFH,-0.0263886455121536,-0.0248414375298789,0,0.5310498357824206,LR
2020-09-11,VFH,-0.0094652886627351,-0.0062457555308791,0,0.6036912302242194,LR
2020-09-18,VFH,-0.0229491379790192,-0.0058065619970204,0,0.36949037269323604,LR
2020-09-25,VFH,0.0259470673649391,0.0155448467740033,1,0.5347070248374645,LR
2020-10-02,VFH,0.0330937570055132,0.0389706574431686,1,0.43292631227286005,LR
2020-10-09,VFH,-0.0072709770136905,0.0012685772436597,0,0.4015332861160471,LR
2020-10-16,VFH,0.0113599606470822,-0.0043480517021837,1,0.383732298710095,LR
2020-10-23,VFH,-0.0416260385900978,-0.055642196352801,0,0.3680484235882793,LR
2020-10-30,VFH,0.031307533002113,0.0723339113348092,1,0.4750709371090117,LR
2020-11-06,VFH,0.0124468689892314,0.0226756672814019,1,0.35672003774890804,LR
2020-11-13,VFH,-0.0179692590559078,-0.007735493783152,0,0.14978790701614542,LR
2020-11-20,VFH,0.0325240149098249,0.0234711802275092,1,0.33280334732332684,LR
2020-11-27,VFH,0.0262290657747443,0.0169933028220612,1,0.29534579318595316,LR
2020-12-04,VFH,-0.0070274067361494,-0.0095980896454128,0,0.3526697672734634,LR
2020-12-11,VFH,-0.0160884369316045,0.0121583274973985,0,0.37773649297519013,LR
2020-12-18,VFH,0.0110013929832168,-0.0004874991542654,1,0.27976721153217776,LR
2020-12-25,VFH,0.0081649089461457,0.0132248317592625,0,0.2952341870535841,LR
2020-01-03,VGT,0.0325247000992072,0.010235247131919,1,0.29534991009823236,LR
2020-01-10,VGT,0.0240199248952681,0.0191582010958909,1,0.22477696073613668,LR
2020-01-17,VGT,0.0053306738905432,-0.0095801230148068,0,0.2567646293104094,LR
2020-01-24,VGT,0.0004723101564221,-0.0214127042608706,0,0.2636297345344611,LR
2020-01-31,VGT,0.0413834315754693,0.032542506504141,1,0.28401277558487537,LR
2020-02-07,VGT,0.0288727288389889,0.0162553922354631,1,0.2056188835201625,LR
2020-02-14,VGT,-0.017046074665445,-0.0122037026036476,0,0.2143081135647431,LR
2020-02-21,VGT,-0.0655484148599722,-0.1116111143070353,0,0.31349632411466644,LR
2020-02-28,VGT,-0.0148299898878173,0.0040504519832942,0,0.3598588263882554,LR
2020-03-06,VGT,0.0097002600630173,-0.0946007256719419,0,0.27726763966891826,LR
2020-03-13,VGT,-0.0316655985961945,-0.1454573831749444,0,0.5643707523947555,LR
2020-03-20,VGT,0.111937150565929,0.1076047151522231,1,0.7874394158615762,LR
2020-03-27,VGT,-0.0347474186791285,-0.0206375217925917,0,0.2260268376110324,LR
2020-04-03,VGT,0.062860397658838,0.1209154242653466,1,0.4630296122607851,LR
2020-04-10,VGT,0.0503389005099461,0.0303377770067566,1,0.2058653702958806,LR
2020-04-17,VGT,0.0060217379818743,-0.0128033332489539,0,0.31837534631596137,LR
2020-04-24,VGT,-0.0047002057636301,-0.0006361127862787,0,0.46324877666821607,LR
2020-05-01,VGT,0.0774868284797156,0.0341240802242973,1,0.42958793751395224,LR
2020-05-08,VGT,-0.0084470982307708,-0.0210638214326972,0,0.4949827383522705,LR
2020-05-15,VGT,0.0163506272722209,0.0319963120931836,1,0.6599263667535948,LR
2020-05-22,VGT,-0.0033218600132207,0.0300569337092262,0,0.3875374853162536,LR
2020-05-29,VGT,0.0401953275169399,0.0493561142730644,1,0.3394256622733886,LR
2020-06-05,VGT,-0.0222057724979032,-0.0473787226209928,0,0.22623659532032334,LR
2020-06-12,VGT,0.0517419934782323,0.0190267140974165,1,0.20218638310515488,LR
2020-06-19,VGT,-0.0051398556112322,-0.0278323897930365,0,0.2263027570128016,LR
2020-06-26,VGT,0.0354614979374647,0.0405939217351362,1,0.24642039482519734,LR
2020-07-03,VGT,0.01325325052555,0.0171668162277389,1,0.300140276225734,LR
2020-07-10,VGT,-0.020022043039991,0.0130041848915054,0,0.3424199767217516,LR
2020-07-17,VGT,-0.0167688032461772,-0.0026112465609643,0,0.3447029063120445,LR
2020-07-24,VGT,0.0445748575632296,0.0175769198079238,1,0.3644018421634932,LR
2020-07-31,VGT,0.0123881104547156,0.0246536239816416,1,0.35405849397770106,LR
2020-08-07,VGT,-0.001809587096445,0.0067851573197914,0,0.4035157937485984,LR
2020-08-14,VGT,0.0277258588788318,0.0078370558225318,1,0.4213553053611886,LR
2020-08-21,VGT,0.028094662900201,0.0326973386227684,1,0.38780393020113474,LR
2020-08-28,VGT,-0.0456913083236508,-0.0228480533934156,0,0.34872806333970036,LR
2020-09-04,VGT,-0.0092966236611077,-0.0248414375298789,0,0.3699951801577692,LR
2020-09-11,VGT,-0.0230304542124042,-0.0062457555308792,0,0.38632434873356364,LR
2020-09-18,VGT,0.0410096467989786,-0.0058065619970205,1,0.2606851413613638,LR
2020-09-25,VGT,-0.0034934064162629,0.0155448467740032,0,0.3957315582729813,LR
2020-10-02,VGT,0.0417512042208068,0.0389706574431686,1,0.36512899682926214,LR
2020-10-09,VGT,-0.0077665394488952,0.0012685772436598,0,0.2793008888456431,LR
2020-10-16,VGT,-0.0280362494335967,-0.0043480517021839,0,0.2816559099439447,LR
2020-10-23,VGT,-0.0550798957509574,-0.0556421963528011,0,0.3569045667135545,LR
2020-10-30,VGT,0.0906850981808931,0.0723339113348094,1,0.4114401884609622,LR
2020-11-06,VGT,-0.0326543077660316,0.0226756672814019,0,0.21626840196713157,LR
2020-11-13,VGT,-0.0037394673431513,-0.0077354937831519,0,0.2166183702829312,LR
2020-11-20,VGT,0.0215918074175547,0.0234711802275092,1,0.33084178893575744,LR
2020-11-27,VGT,0.0253871750707534,0.0169933028220612,1,0.24524668299845265,LR
2020-12-04,VGT,-0.0114091625945165,-0.0095980896454128,0,0.35675977766045147,LR
2020-12-11,VGT,0.0285832526689393,0.0121583274973986,1,0.3701116029731907,LR
2020-12-18,VGT,0.0205628484109403,-0.0004874991542655,1,0.2656722504998679,LR
2020-12-25,VGT,-0.0069052391721491,0.0132248317592623,0,0.3198275242333458,LR
2020-01-03,VHT,0.0229289748831365,0.0102352471319188,1,0.29566813219996463,LR
2020-01-10,VHT,0.0146914313316361,0.0191582010958906,1,0.22846701933392982,LR
2020-01-17,VHT,-0.0186458226527377,-0.0095801230148068,0,0.2633381357380683,LR
2020-01-24,VHT,-0.0168805566472902,-0.0214127042608706,0,0.2707118232831123,LR
2020-01-31,VHT,0.0324278671188305,0.0325425065041412,1,0.2999250772240855,LR
2020-02-07,VHT,0.0152790315343327,0.0162553922354631,1,0.245870696472356,LR
2020-02-14,VHT,-0.0035619628181552,-0.0122037026036475,0,0.26739002386828065,LR
2020-02-21,VHT,-0.0817224901953747,-0.1116111143070353,0,0.3480484696141277,LR
2020-02-28,VHT,0.0375568216497248,0.0040504519832942,1,0.4054122433824545,LR
2020-03-06,VHT,-0.0167336902169459,-0.0946007256719419,0,0.2469717414521735,LR
2020-03-13,VHT,-0.0458763826719114,-0.1454573831749443,0,0.5748596857241116,LR
2020-03-20,VHT,0.0980634477278004,0.107604715152223,1,0.7728692825034692,LR
2020-03-27,VHT,0.0007407590892269,-0.0206375217925917,0,0.20852961270200307,LR
2020-04-03,VHT,0.0599320347393366,0.1209154242653466,1,0.3987800284833432,LR
2020-04-10,VHT,0.0636588498878223,0.0303377770067566,1,0.19532506952962955,LR
2020-04-17,VHT,0.0104521726238351,-0.012803333248954,1,0.3071960869841706,LR
2020-04-24,VHT,-0.0335043922737265,-0.0006361127862788,0,0.4306995635169969,LR
2020-05-01,VHT,0.0281957243228418,0.0341240802242972,1,0.44681901499784,LR
2020-05-08,VHT,0.0149618388589911,-0.0210638214326972,1,0.4879545129014094,LR
2020-05-15,VHT,-0.0204102345002001,0.0319963120931836,0,0.6362998811988424,LR
2020-05-22,VHT,0.0104840850392429,0.0300569337092261,1,0.4721142740485373,LR
2020-05-29,VHT,0.005419764539676,0.0493561142730645,0,0.3890395787646752,LR
2020-06-05,VHT,-0.0521336654706278,-0.0473787226209928,0,0.24640064093708508,LR
2020-06-12,VHT,0.0534139026624536,0.0190267140974165,1,0.22374132689244716,LR
2020-06-19,VHT,-0.02200257855677,-0.0278323897930365,0,0.22430547424036656,LR
2020-06-26,VHT,0.0354591005898639,0.0405939217351362,1,0.31794603005199634,LR
2020-07-03,VHT,-0.0159709069663473,0.0171668162277389,0,0.3076851228187393,LR
2020-07-10,VHT,0.0422003583249825,0.0130041848915054,1,0.37254555597666483,LR
2020-07-17,VHT,-0.014840168193042,-0.0026112465609642,0,0.29493395319376364,LR
2020-07-24,VHT,0.0025721139495009,0.0175769198079238,0,0.36953318340554137,LR
2020-07-31,VHT,0.0054888267602888,0.0246536239816416,0,0.42272269397554096,LR
2020-08-07,VHT,-0.0024348672273618,0.0067851573197915,0,0.3653565474148806,LR
2020-08-14,VHT,-0.0018030815451044,0.0078370558225317,0,0.44336600347019095,LR
2020-08-21,VHT,0.0031553101771086,0.0326973386227684,0,0.44986769120410613,LR
2020-08-28,VHT,-0.022995740008433,-0.0228480533934156,0,0.3629453014916688,LR
2020-09-04,VHT,-0.0067749356039441,-0.0248414375298788,0,0.3814267953542434,LR
2020-09-11,VHT,0.0089378969025923,-0.0062457555308793,0,0.4239910573984507,LR
2020-09-18,VHT,-0.0053916521602412,-0.0058065619970204,0,0.27694868138221707,LR
2020-09-25,VHT,0.0018876781831231,0.0155448467740032,0,0.4268807815655273,LR
2020-10-02,VHT,0.0376634291445414,0.0389706574431685,1,0.3621503160791801,LR
2020-10-09,VHT,-0.0077274627652248,0.0012685772436599,0,0.29426034171044607,LR
2020-10-16,VHT,-0.0059213641111267,-0.0043480517021838,0,0.31028445192584014,LR
2020-10-23,VHT,-0.0494123444593537,-0.0556421963528011,0,0.35074244467679005,LR
2020-10-30,VHT,0.066038155876186,0.0723339113348094,1,0.39511217817903177,LR
2020-11-06,VHT,-0.0335252755620361,0.0226756672814018,0,0.24280586967696116,LR
2020-11-13,VHT,-0.034259020258088,-0.0077354937831519,0,0.1829459280440714,LR
2020-11-20,VHT,0.0051895862991211,0.0234711802275091,0,0.32978997749320216,LR
2020-11-27,VHT,0.0267496143493983,0.0169933028220612,1,0.25737521086343645,LR
2020-12-04,VHT,-0.0020815977191221,-0.0095980896454128,0,0.34560866129040996,LR
2020-12-11,VHT,0.0030117690763493,0.0121583274973985,0,0.379153058713497,LR
2020-12-18,VHT,0.0065696928283001,-0.0004874991542655,0,0.29012389156391355,LR
2020-12-25,VHT,0.0015219854909331,0.0132248317592623,0,0.29422644890012783,LR
2020-01-03,VIS,0.0026992169181914,0.0102352471319188,0,0.33144635163337516,LR
2020-01-10,VIS,0.0182225461300333,0.0191582010958908,1,0.2841934132827511,LR
2020-01-17,VIS,-0.0080030515654561,-0.0095801230148068,0,0.2738645220906026,LR
2020-01-24,VIS,-0.0113761856974132,-0.0214127042608706,0,0.2866741438365928,LR
2020-01-31,VIS,0.0259384493235972,0.032542506504141,1,0.33077778649868594,LR
2020-02-07,VIS,0.0156557715180674,0.016255392235463,1,0.24385840204187137,LR
2020-02-14,VIS,-0.0060983354431763,-0.0122037026036476,0,0.24894799666544015,LR
2020-02-21,VIS,-0.0945205818963479,-0.1116111143070354,0,0.3443561602743155,LR
2020-02-28,VIS,-0.0222015755576129,0.0040504519832942,0,0.3598054441974262,LR
2020-03-06,VIS,-0.0729396735199725,-0.094600725671942,0,0.31504840263750356,LR
2020-03-13,VIS,-0.0796000677418672,-0.1454573831749444,0,0.6781634328479498,LR
2020-03-20,VIS,0.1522172593077573,0.107604715152223,1,0.8297916637453032,LR
2020-03-27,VIS,-0.0509878756328825,-0.0206375217925918,0,0.2217620869807243,LR
2020-04-03,VIS,0.0891152640056913,0.1209154242653468,1,0.5599350070113661,LR
2020-04-10,VIS,-0.0027091067336899,0.0303377770067566,0,0.23131745335453116,LR
2020-04-17,VIS,-0.0053600339500479,-0.0128033332489539,0,0.4377340631545825,LR
2020-04-24,VIS,0.0101926262364322,-0.0006361127862786,1,0.5594859175490917,LR
2020-05-01,VIS,0.0367314657261585,0.0341240802242972,1,0.5080677087419638,LR
2020-05-08,VIS,-0.049496623933279,-0.0210638214326972,0,0.6699152939872298,LR
2020-05-15,VIS,0.0398622229237455,0.0319963120931836,1,0.7648943324283437,LR
2020-05-22,VIS,0.0267191037827241,0.0300569337092262,1,0.40662086517745566,LR
2020-05-29,VIS,0.1055468320846557,0.0493561142730645,1,0.3874201706642871,LR
2020-06-05,VIS,-0.0988083981503169,-0.0473787226209929,0,0.19436344432128322,LR
2020-06-12,VIS,0.0418429906835853,0.0190267140974164,1,0.2367896874239459,LR
2020-06-19,VIS,-0.0328566480777229,-0.0278323897930366,0,0.2225777840042403,LR
2020-06-26,VIS,0.0283183189598723,0.0405939217351363,1,0.2687938594712457,LR
2020-07-03,VIS,-0.0270433468220834,0.017166816227739,0,0.3861880452821038,LR
2020-07-10,VIS,0.0496794274776581,0.0130041848915055,1,0.444504766240726,LR
2020-07-17,VIS,0.0019199122016793,-0.0026112465609642,0,0.36748544647857806,LR
2020-07-24,VIS,-7.362435974911374e-05,0.0175769198079238,0,0.46559017256828067,LR
2020-07-31,VIS,0.0451309437415732,0.0246536239816417,1,0.539454205716427,LR
2020-08-07,VIS,0.0252588906843127,0.0067851573197914,1,0.3864557382711167,LR
2020-08-14,VIS,-0.0174997093390832,0.0078370558225318,0,0.4505359317493547,LR
2020-08-21,VIS,0.0237076984005297,0.0326973386227684,1,0.6143255227706925,LR
2020-08-28,VIS,-0.0130124584632161,-0.0228480533934154,0,0.5218339773329257,LR
2020-09-04,VIS,0.0004823434236815,-0.0248414375298788,0,0.5204257733090406,LR
2020-09-11,VIS,0.006825938566553,-0.0062457555308792,0,0.5448475394445633,LR
2020-09-18,VIS,-0.0094633579853887,-0.0058065619970204,0,0.3016117091018888,LR
2020-09-25,VIS,0.009651801909889,0.0155448467740034,0,0.4891074048390772,LR
2020-10-02,VIS,0.03299231147653,0.0389706574431686,1,0.38464691146089597,LR
2020-10-09,VIS,0.0031323134320853,0.0012685772436598,0,0.3498319560577337,LR
2020-10-16,VIS,-0.0055212137809416,-0.0043480517021838,0,0.36183087734705605,LR
2020-10-23,VIS,-0.0526002182105783,-0.0556421963528011,0,0.370850031147356,LR
2020-10-30,VIS,0.0632064933361646,0.0723339113348094,1,0.4321644577676327,LR
2020-11-06,VIS,-0.0125106128554507,0.0226756672814019,0,0.27690934442380183,LR
2020-11-13,VIS,-0.0097945253019277,-0.0077354937831519,0,0.1467399761437961,LR
2020-11-20,VIS,0.0174498697507801,0.0234711802275092,1,0.30035863138588215,LR
2020-11-27,VIS,0.0087168004389435,0.0169933028220612,0,0.26699127369530856,LR
2020-12-04,VIS,-0.0042913157657977,-0.0095980896454128,0,0.3435422882211329,LR
2020-12-11,VIS,-0.0094163098057221,0.0121583274973986,0,0.36297916619088233,LR
2020-12-18,VIS,0.0198663719200069,-0.0004874991542655,1,0.29150161846808786,LR
2020-12-25,VIS,-0.0039842543099352,0.0132248317592624,0,0.33093938077943125,LR
2020-01-03,VNQ,0.0011934535373421,0.0102352471319188,0,0.3406122124905711,LR
2020-01-10,VNQ,0.0254411432742762,0.0191582010958909,1,0.26428558628169263,LR
2020-01-17,VNQ,0.0064318919644228,-0.0095801230148068,0,0.2615620694651388,LR
2020-01-24,VNQ,-0.0108466595327221,-0.0214127042608705,0,0.2657203550189275,LR
2020-01-31,VNQ,0.0180017308356359,0.0325425065041411,1,0.3027400584528299,LR
2020-02-07,VNQ,0.0376237699340302,0.0162553922354631,1,0.2306540480419636,LR
2020-02-14,VNQ,-0.0005019378676893,-0.0122037026036477,0,0.2072437601949466,LR
2020-02-21,VNQ,-0.1124097736274339,-0.1116111143070354,0,0.32977791286352376,LR
2020-02-28,VNQ,0.0344551807243809,0.0040504519832942,1,0.42048304896066263,LR
2020-03-06,VNQ,-0.0758139144542605,-0.094600725671942,0,0.22246067504489472,LR
2020-03-13,VNQ,-0.1697272873457443,-0.1454573831749444,0,0.6374798279548736,LR
2020-03-20,VNQ,0.1794915603916875,0.1076047151522231,1,0.8795423474712701,LR
2020-03-27,VNQ,-0.0880441374908285,-0.0206375217925917,0,0.18759960416925758,LR
2020-04-03,VNQ,0.1811107101583662,0.1209154242653467,1,0.6151725305983123,LR
2020-04-10,VNQ,-0.0293330307911878,0.0303377770067564,0,0.22901470539211805,LR
2020-04-17,VNQ,-0.0240139642278226,-0.0128033332489539,0,0.5291060498987247,LR
2020-04-24,VNQ,0.0017708383998495,-0.0006361127862786,0,0.6562223002268701,LR
2020-05-01,VNQ,0.0320670807077758,0.0341240802242972,1,0.5337412736564542,LR
2020-05-08,VNQ,-0.0719006394056543,-0.0210638214326973,0,0.764154125616632,LR
2020-05-15,VNQ,0.0360512249201523,0.0319963120931837,1,0.8564840626496191,LR
2020-05-22,VNQ,0.0220432698238624,0.0300569337092262,1,0.5371241150884101,LR
2020-05-29,VNQ,0.0947518326424865,0.0493561142730646,1,0.5402254781750955,LR
2020-06-05,VNQ,-0.0604754423195279,-0.0473787226209929,0,0.30455872462624867,LR
2020-06-12,VNQ,0.0248239894322881,0.0190267140974166,1,0.26721329412089695,LR
2020-06-19,VNQ,-0.0475356884626455,-0.0278323897930367,0,0.3135450357755785,LR
2020-06-26,VNQ,0.04201357274099,0.0405939217351363,1,0.32098772166831285,LR
2020-07-03,VNQ,-0.0426470072624171,0.017166816227739,0,0.41621648001896056,LR
2020-07-10,VNQ,0.0034438346659633,0.0130041848915054,0,0.5119339059554239,LR
2020-07-17,VNQ,-0.005089078036186,-0.0026112465609643,0,0.4376767669645392,LR
2020-07-24,VNQ,0.0413254295829172,0.0175769198079238,1,0.49869966316109515,LR
2020-07-31,VNQ,0.0119135500186378,0.0246536239816416,1,0.5375328850814166,LR
2020-08-07,VNQ,-0.0180299839638693,0.0067851573197913,0,0.4916491509559816,LR
2020-08-14,VNQ,-0.003940883089296,0.0078370558225318,0,0.5669524286015255,LR
2020-08-21,VNQ,0.0196295844184026,0.0326973386227684,1,0.6010583539870363,LR
2020-08-28,VNQ,-0.0070320296732375,-0.0228480533934155,0,0.5675795823258372,LR
2020-09-04,VNQ,-0.0158204672681294,-0.0248414375298786,0,0.6061228659703924,LR
2020-09-11,VNQ,-0.0076751067907467,-0.0062457555308791,0,0.6446587479011053,LR
2020-09-18,VNQ,-0.018443742373979,-0.0058065619970204,0,0.4014137843931957,LR
2020-09-25,VNQ,0.0398527649849238,0.0155448467740034,1,0.569958936664275,LR
2020-10-02,VNQ,0.009607117279367,0.0389706574431684,0,0.38631045648197226,LR
2020-10-09,VNQ,-0.0276708731443393,0.0012685772436598,0,0.39790371793100887,LR
2020-10-16,VNQ,-0.0082685200424376,-0.0043480517021839,0,0.39661546430698663,LR
2020-10-23,VNQ,-0.0395034061984861,-0.055642196352801,0,0.36496548694381203,LR
2020-10-30,VNQ,0.0322997409653036,0.0723339113348092,1,0.49113533456633035,LR
2020-11-06,VNQ,0.0100555836554592,0.0226756672814019,1,0.35301871238267457,LR
2020-11-13,VNQ,-0.0293678744105533,-0.007735493783152,0,0.15644903753570436,LR
2020-11-20,VNQ,-0.0035215758089003,0.0234711802275091,0,0.32798001248492525,LR
2020-11-27,VNQ,0.0193441780285672,0.0169933028220612,1,0.29539347696840795,LR
2020-12-04,VNQ,-0.0211112366796443,-0.009598089645413,0,0.30246081676035697,LR
2020-12-11,VNQ,-0.0017630644411217,0.0121583274973986,0,0.4098057977686415,LR
2020-12-18,VNQ,0.0021505413588853,-0.0004874991542655,0,0.3143212665273014,LR
2020-12-25,VNQ,0.007592826939103,0.0132248317592624,0,0.34066812531356017,LR
2020-01-03,VOX,0.0248803430298973,0.0102352471319188,1,0.3305948735227792,LR
2020-01-10,VOX,0.0252405346811113,0.0191582010958909,1,0.2380178434065636,LR
2020-01-17,VOX,-0.0142424612334279,-0.0095801230148068,0,0.25685447210298396,LR
2020-01-24,VOX,-0.0144942582641495,-0.0214127042608706,0,0.28019064656140014,LR
2020-01-31,VOX,0.0250839569717518,0.0325425065041411,1,0.3081457816963508,LR
2020-02-07,VOX,0.0212394799329935,0.0162553922354631,1,0.21840494795268967,LR
2020-02-14,VOX,-0.0065379354038447,-0.0122037026036476,0,0.23979778989821254,LR
2020-02-21,VOX,-0.0681224188217985,-0.1116111143070353,0,0.3399956359060749,LR
2020-02-28,VOX,-0.0292481906914258,0.0040504519832942,0,0.36292615782572046,LR
2020-03-06,VOX,-0.0234518838882047,-0.0946007256719419,0,0.31342320030366827,LR
2020-03-13,VOX,-0.0340592191819423,-0.1454573831749443,0,0.6054232893685215,LR
2020-03-20,VOX,0.0763446862306866,0.107604715152223,1,0.7780780343148761,LR
2020-03-27,VOX,-0.0341515153396531,-0.0206375217925917,0,0.24800656483434516,LR
2020-04-03,VOX,0.0726278902152102,0.1209154242653467,1,0.43188857072247805,LR
2020-04-10,VOX,0.0432345019728914,0.0303377770067565,1,0.199456741325943,LR
2020-04-17,VOX,0.0143476582708375,-0.012803333248954,1,0.34963627908352113,LR
2020-04-24,VOX,0.0109566486247538,-0.0006361127862786,1,0.44716563505073564,LR
2020-05-01,VOX,0.0510923009784514,0.0341240802242973,1,0.42125107492423863,LR
2020-05-08,VOX,-0.0099054174886615,-0.021063821432697,0,0.529284860656227,LR
2020-05-15,VOX,0.031347996656118,0.0319963120931836,1,0.6579559546435664,LR
2020-05-22,VOX,-0.009671549241504,0.0300569337092262,0,0.348944631827344,LR
2020-05-29,VOX,0.0368579453595634,0.0493561142730644,1,0.3355300432413705,LR
2020-06-05,VOX,-0.0362168876459544,-0.0473787226209928,0,0.19739858649975967,LR
2020-06-12,VOX,0.0412798819689252,0.0190267140974165,1,0.1872403719470739,LR
2020-06-19,VOX,-0.0531187868724979,-0.0278323897930367,0,0.2247162808842878,LR
2020-06-26,VOX,0.0573752384504475,0.0405939217351363,1,0.2710773969628924,LR
2020-07-03,VOX,0.0306217555108487,0.017166816227739,1,0.27043218272247804,LR
2020-07-10,VOX,-0.0137164112420977,0.0130041848915055,0,0.3124124593190539,LR
2020-07-17,VOX,-0.0093533770154176,-0.0026112465609643,0,0.3678702860259492,LR
2020-07-24,VOX,0.0218903369771441,0.0175769198079238,1,0.36763922205796085,LR
2020-07-31,VOX,0.0268677061348119,0.0246536239816417,1,0.39105911714527514,LR
2020-08-07,VOX,-0.0016522321892676,0.0067851573197914,0,0.43073759562310276,LR
2020-08-14,VOX,0.0070818365790827,0.0078370558225317,0,0.4650518419624837,LR
2020-08-21,VOX,0.0394258636036559,0.0326973386227684,1,0.4336388688920134,LR
2020-08-28,VOX,-0.0281379085847702,-0.0228480533934154,0,0.36586139728527073,LR
2020-09-04,VOX,-0.0097887394189103,-0.0248414375298789,0,0.411885357359548,LR
2020-09-11,VOX,-0.0246004931285941,-0.0062457555308792,0,0.41283951827630544,LR
2020-09-18,VOX,0.0090607219298122,-0.0058065619970204,0,0.24026533565740182,LR
2020-09-25,VOX,0.0018696595835125,0.0155448467740033,0,0.394435920744204,LR
2020-10-02,VOX,0.018174718359482,0.0389706574431685,1,0.3856904153935399,LR
2020-10-09,VOX,-0.0077769316752421,0.0012685772436598,0,0.3541636011004259,LR
2020-10-16,VOX,0.0207500509788221,-0.0043480517021839,1,0.3147795940229899,LR
2020-10-23,VOX,-0.0350663087395046,-0.055642196352801,0,0.3430495682969911,LR
2020-10-30,VOX,0.0778240354808577,0.0723339113348093,1,0.4256620976785045,LR
2020-11-06,VOX,-0.0059181889794504,0.0226756672814018,0,0.24024771320918265,LR
2020-11-13,VOX,0.0021283953460693,-0.007735493783152,0,0.16320331685519385,LR
2020-11-20,VOX,0.022819350994631,0.0234711802275092,1,0.29985251525383244,LR
2020-11-27,VOX,0.0229805931931694,0.0169933028220612,1,0.25142410048062486,LR
2020-12-04,VOX,0.0087051959259085,-0.009598089645413,0,0.3402991026690273,LR
2020-12-11,VOX,-0.004263518847353,0.0121583274973987,0,0.34344332512780773,LR
2020-12-18,VOX,0.0049140204782958,-0.0004874991542654,0,0.25565707145966066,LR
2020-12-25,VOX,0.0059419122701982,0.0132248317592625,0,0.28804094056352303,LR
2020-01-03,VPU,0.0068740784955532,0.0102352471319188,0,0.301130143672035,LR
2020-01-10,VPU,0.0368728834751856,0.0191582010958908,1,0.2441382536111134,LR
2020-01-17,VPU,0.0201924087990625,-0.0095801230148068,1,0.26050464362586745,LR
2020-01-24,VPU,0.0076437964679325,-0.0214127042608706,0,0.23535942694075104,LR
2020-01-31,VPU,-0.0059872598803892,0.0325425065041411,0,0.26918086055714185,LR
2020-02-07,VPU,0.0245175209853716,0.0162553922354631,1,0.22344631240118437,LR
2020-02-14,VPU,-0.0053967001016991,-0.0122037026036476,0,0.20406067968585964,LR
2020-02-21,VPU,-0.1135507044973084,-0.1116111143070354,0,0.3095583349515819,LR
2020-02-28,VPU,0.076117211645776,0.0040504519832942,1,0.4070081447931281,LR
2020-03-06,VPU,-0.1088009008378644,-0.094600725671942,0,0.20647527641148358,LR
2020-03-13,VPU,-0.0878928531951054,-0.1454573831749444,0,0.658769545365546,LR
2020-03-20,VPU,0.1800211969314398,0.107604715152223,1,0.8034563911416144,LR
2020-03-27,VPU,-0.0737218547087434,-0.0206375217925916,0,0.17968126811723215,LR
2020-04-03,VPU,0.1375616385593558,0.1209154242653468,1,0.6141532036347903,LR
2020-04-10,VPU,-0.0051689445877023,0.0303377770067566,0,0.20575580784220165,LR
2020-04-17,VPU,-0.0243343878337547,-0.0128033332489539,0,0.4387792363936881,LR
2020-04-24,VPU,-0.0439415262515132,-0.0006361127862786,0,0.6157848035323452,LR
2020-05-01,VPU,0.0135921043104987,0.0341240802242972,1,0.564694826326477,LR
2020-05-08,VPU,-0.0209368610576311,-0.0210638214326973,0,0.6848972945893351,LR
2020-05-15,VPU,0.0089256612559913,0.0319963120931836,0,0.7860048178541513,LR
2020-05-22,VPU,0.036309027990224,0.0300569337092262,1,0.562282343817299,LR
2020-05-29,VPU,0.0250456247780617,0.0493561142730644,1,0.47889491704319515,LR
2020-06-05,VPU,-0.0485113527217816,-0.0473787226209927,0,0.27106787692420653,LR
2020-06-12,VPU,-0.0019817677128503,0.0190267140974165,0,0.24423981590682806,LR
2020-06-19,VPU,-0.0317282201901621,-0.0278323897930367,0,0.2999653395027665,LR
2020-06-26,VPU,0.0420195755670163,0.0405939217351363,1,0.33627953786928066,LR
2020-07-03,VPU,-0.0081690435588037,0.0171668162277389,0,0.3376477565983014,LR
2020-07-10,VPU,0.040743682466052,0.0130041848915054,1,0.4161700762715606,LR
2020-07-17,VPU,0.0034293319925011,-0.0026112465609643,0,0.3293808412813492,LR
2020-07-24,VPU,0.0069090301187002,0.0175769198079238,0,0.40344463438395817,LR
2020-07-31,VPU,0.0143299585772027,0.0246536239816416,1,0.4701775686782166,LR
2020-08-07,VPU,-0.0205413729854382,0.0067851573197914,0,0.3827494711692765,LR
2020-08-14,VPU,-0.0190635012173325,0.0078370558225317,0,0.4837852417163315,LR
2020-08-21,VPU,-0.0081538273737981,0.0326973386227685,0,0.5345228323082681,LR
2020-08-28,VPU,0.0036453986457987,-0.0228480533934155,0,0.4717734896070502,LR
2020-09-04,VPU,-0.0199830565163835,-0.0248414375298788,0,0.520039637822927,LR
2020-09-11,VPU,-0.0133072168159859,-0.0062457555308792,0,0.5529412672221699,LR
2020-09-18,VPU,0.0189282226971594,-0.0058065619970204,1,0.4085203929633557,LR
2020-09-25,VPU,0.0279098909473045,0.0155448467740034,1,0.47434750810670884,LR
2020-10-02,VPU,0.0428365109676656,0.0389706574431684,1,0.3981966947298683,LR
2020-10-09,VPU,0.0087904596260073,0.0012685772436598,0,0.34468794048270535,LR
2020-10-16,VPU,0.0133189790122982,-0.0043480517021839,1,0.32104658008013254,LR
2020-10-23,VPU,-0.030916712212983,-0.055642196352801,0,0.33333869070677846,LR
2020-10-30,VPU,0.016745837558558,0.0723339113348093,1,0.3914147378782672,LR
2020-11-06,VPU,0.0072078294142055,0.0226756672814019,0,0.29199422650103346,LR
2020-11-13,VPU,-0.0464172746870621,-0.0077354937831519,0,0.15188642370681707,LR
2020-11-20,VPU,0.0022257148284798,0.023471180227509,0,0.322990555889731,LR
2020-11-27,VPU,-0.0189627881518495,0.0169933028220612,0,0.2669786898769456,LR
2020-12-04,VPU,0.0001469713641262,-0.0095980896454129,0,0.34583096517369677,LR
2020-12-11,VPU,-0.0154025879680459,0.0121583274973986,0,0.37374698873364154,LR
2020-12-18,VPU,-0.0012676024768595,-0.0004874991542654,0,0.29061536405380634,LR
2020-12-25,VPU,0.0190108234737416,0.0132248317592625,1,0.3162723276923382,LR
2021-01-01,VAW,0.0504610690789315,0.0197389310190963,1,0.3035485269600333,LR
2021-01-08,VAW,-0.0037807814818471,-0.0145830429336391,0,0.2087649760536671,LR
2021-01-15,VAW,-0.0199526550931588,0.0191108177235993,0,0.2553871414454577,LR
2021-01-22,VAW,-0.0484912310752548,-0.0334567930695447,0,0.26673612815950154,LR
2021-01-29,VAW,0.0320790128164774,0.0476667642694827,1,0.3494166394307093,LR
2021-02-05,VAW,0.0077630106001294,0.0127153949279645,0,0.25466448826273985,LR
2021-02-12,VAW,0.0039263766236099,-0.0066474735498941,0,0.292940064528639,LR
2021-02-19,VAW,-0.019111761820444,-0.0247928138910945,0,0.3035053973343022,LR
2021-02-26,VAW,0.0127850623876153,0.0085973334328752,1,0.35541164275324155,LR
2021-03-05,VAW,0.0465243073008909,0.0271876539943785,1,0.2949257194556334,LR
2021-03-12,VAW,-0.0113892652298098,-0.0083856748190053,0,0.26885547966602674,LR
2021-03-19,VAW,0.0211968330194551,0.0166888588731271,1,0.37628064683427026,LR
2021-03-26,VAW,0.0037378331114856,0.01169251988463,0,0.31322147588716376,LR
2021-04-02,VAW,-0.0064680816433954,0.0271587424842978,0,0.27592478220288363,LR
2021-04-09,VAW,0.0324274523694245,0.0140221587285919,1,0.32048518682652033,LR
2021-04-16,VAW,0.002212317685275,-0.001246258535446,0,0.26875111074621794,LR
2021-04-23,VAW,-0.0016496373625368,0.0013437146438719,0,0.2927590347671603,LR
2021-04-30,VAW,0.0538843435925788,0.0115504557231613,1,0.31619040377820534,LR
2021-05-07,VAW,-0.0105284935600171,-0.0131241026376487,0,0.2212058172895699,LR
2021-05-14,VAW,-0.0146562406867934,-0.0039368326422663,0,0.33629248848137216,LR
2021-05-21,VAW,0.0048832131765434,0.0122910779255997,0,0.3251049164853413,LR
2021-05-28,VAW,-0.0022794510914818,0.0060944347260492,0,0.2662575251672902,LR
2021-06-04,VAW,-0.0157304478045149,0.0040464843778462,0,0.308585258116431,LR
2021-06-11,VAW,-0.0645723818898369,-0.0189308888182892,0,0.348607866749443,LR
2021-06-18,VAW,0.0134793252195941,0.0281741281332696,1,0.417594723952561,LR
2021-06-25,VAW,0.0045828602962703,0.0166663732697555,0,0.26618422833493105,LR
2021-07-02,VAW,0.0002198150987824,0.0041499342548147,0,0.3056514705853303,LR
2021-07-09,VAW,-0.0231274630664783,-0.0095977531044983,0,0.3588065526900736,LR
2021-07-16,VAW,0.0254285926976225,0.0199381402671221,1,0.38326926610110407,LR
2021-07-23,VAW,0.0273067508292181,-0.0032506540941261,1,0.3513555351129603,LR
2021-07-30,VAW,-0.0053165286052418,0.0090761603413545,0,0.3441348686191881,LR
2021-08-06,VAW,0.0316376630714867,0.0077517274783978,1,0.32303837350835146,LR
2021-08-13,VAW,-0.0270328298678812,-0.0057408291789737,0,0.3073723791084943,LR
2021-08-20,VAW,0.0246772272079067,0.0155401946497571,1,0.374448133907405,LR
2021-08-27,VAW,-0.0111693429116943,0.006285359270457,0,0.2898634526055477,LR
2021-09-03,VAW,-0.0155780462947192,-0.0168624024558054,0,0.3281135751513133,LR
2021-09-10,VAW,-0.0394522856060847,-0.0058949416271106,0,0.3799092166005341,LR
2021-09-17,VAW,0.0253317906078589,0.0056863429844937,1,0.3912306957934006,LR
2021-09-24,VAW,-0.0117885152728796,-0.021783623286974,0,0.36162681891744647,LR
2021-10-01,VAW,0.0066421428797887,0.0083364620112789,0,0.4007870039839124,LR
2021-10-08,VAW,0.0317674340252416,0.0182935173676543,1,0.351317179023633,LR
2021-10-15,VAW,0.0169351979841607,0.0162603667594158,1,0.3111813444464363,LR
2021-10-22,VAW,-0.004818212585434,0.0135283018176728,0,0.3520034667423742,LR
2021-10-29,VAW,0.0325352356711277,0.0202068881448954,1,0.3539292955644464,LR
2021-11-05,VAW,0.0137211481535206,-0.002689237215842,1,0.29695246088908567,LR
2021-11-12,VAW,-0.0226950145190398,0.0034668742574766,0,0.30455959386466663,LR
2021-11-19,VAW,-0.0227155102681798,-0.0211562089153157,0,0.34895789894151874,LR
2021-11-26,VAW,-0.0282340844746729,-0.0120921701678813,0,0.35469683927041157,LR
2021-12-03,VAW,0.026749411774982,0.0381983331756502,1,0.3643062545290613,LR
2021-12-10,VAW,-0.0124061179600502,-0.0196589794967316,0,0.2714690891041244,LR
2021-12-17,VAW,0.0270893141991372,0.0233324829986545,1,0.3201928319570945,LR
2021-12-24,VAW,0.022965800762527,0.0092648596552506,1,0.2715060588061851,LR
2021-12-31,VAW,-0.014641062863289,-0.0186752444775106,0,0.24652532346748934,LR
2021-01-01,VCR,0.0386795871590979,0.0197389310190962,1,0.30888776883094826,LR
2021-01-08,VCR,0.0056637771626404,-0.0145830429336391,0,0.222114513990032,LR
2021-01-15,VCR,0.0192520737354995,0.0191108177235993,1,0.2876134546275982,LR
2021-01-22,VCR,-0.0399227250716579,-0.0334567930695448,0,0.23470232248758385,LR
2021-01-29,VCR,0.0413102534886824,0.0476667642694828,1,0.3156740944253754,LR
2021-02-05,VCR,-0.0107791282823683,0.0127153949279645,0,0.23343613799267665,LR
2021-02-12,VCR,-0.0075455246037033,-0.0066474735498939,0,0.2720815573365002,LR
2021-02-19,VCR,-0.0337071487849706,-0.0247928138910946,0,0.3053917155732528,LR
2021-02-26,VCR,-0.0345845056870636,0.0085973334328753,0,0.3483935878283308,LR
2021-03-05,VCR,0.0586970722558253,0.0271876539943785,1,0.3402322282271647,LR
2021-03-12,VCR,-0.0065465427056098,-0.0083856748190052,0,0.2480012666062318,LR
2021-03-19,VCR,-0.0107810412095064,0.0166888588731271,0,0.38826277751168053,LR
2021-03-26,VCR,0.0202922097417936,0.01169251988463,1,0.3847549541156135,LR
2021-04-02,VCR,0.0223678437506469,0.0271587424842979,1,0.29639894037217157,LR
2021-04-09,VCR,0.0189961325901375,0.0140221587285921,1,0.3040442386713636,LR
2021-04-16,VCR,-0.0041133193699098,-0.001246258535446,0,0.3093980449871462,LR
2021-04-23,VCR,0.0019462587607932,0.0013437146438718,0,0.29194160029574256,LR
2021-04-30,VCR,-0.0101679501062267,0.0115504557231614,0,0.29161086079545057,LR
2021-05-07,VCR,-0.0324950445889103,-0.0131241026376487,0,0.2980759975354053,LR
2021-05-14,VCR,-0.0105158191750728,-0.0039368326422663,0,0.3826406807647284,LR
2021-05-21,VCR,0.0201993470899555,0.0122910779255998,1,0.36264254306410665,LR
2021-05-28,VCR,-0.0157272208740999,0.0060944347260491,0,0.32522625267880323,LR
2021-06-04,VCR,0.0143504164368488,0.0040464843778462,1,0.35731915023085836,LR
2021-06-11,VCR,-0.0133568094137623,-0.0189308888182891,0,0.34111536771477946,LR
2021-06-18,VCR,0.0303459356015753,0.0281741281332697,1,0.37776694832434904,LR
2021-06-25,VCR,0.0137799276689594,0.0166663732697555,1,0.2883265999896007,LR
2021-07-02,VCR,0.0059373714732746,0.0041499342548148,0,0.2955704464144042,LR
2021-07-09,VCR,-0.0323737788876193,-0.0095977531044983,0,0.3133497935167672,LR
2021-07-16,VCR,0.0494089786089175,0.0199381402671221,1,0.3174116666056633,LR
2021-07-23,VCR,-0.0178921800382066,-0.0032506540941261,0,0.27603355902018845,LR
2021-07-30,VCR,-0.0012931421979008,0.0090761603413544,0,0.3675824398531532,LR
2021-08-06,VCR,0.0053051839597835,0.0077517274783977,0,0.31898846060774483,LR
2021-08-13,VCR,-0.0183369839292092,-0.0057408291789738,0,0.31548360285460075,LR
2021-08-20,VCR,0.0219751579475475,0.0155401946497571,1,0.39612048395096855,LR
2021-08-27,VCR,0.0025340139967469,0.006285359270457,0,0.28808022490837853,LR
2021-09-03,VCR,-0.0067403224106126,-0.0168624024558053,0,0.3238922609054037,LR
2021-09-10,VCR,0.0010934615499391,-0.0058949416271105,0,0.35074394755290433,LR
2021-09-17,VCR,0.0257128861409945,0.0056863429844938,1,0.3446477648823981,LR
2021-09-24,VCR,-0.0269790458443459,-0.0217836232869741,0,0.3222508858925577,LR
2021-10-01,VCR,0.0039377994749991,0.0083364620112789,0,0.36312840061410273,LR
2021-10-08,VCR,0.0301262829242627,0.0182935173676544,1,0.2965087521747521,LR
2021-10-15,VCR,0.0184513665907142,0.0162603667594159,1,0.28779977527350536,LR
2021-10-22,VCR,0.0249886857378993,0.0135283018176728,1,0.3215453884934558,LR
2021-10-29,VCR,0.042613715949433,0.0202068881448953,1,0.2896025307736398,LR
2021-11-05,VCR,-0.0208374211647932,-0.002689237215842,0,0.27122707932507695,LR
2021-11-12,VCR,0.025816350513776,0.0034668742574766,1,0.302291405929062,LR
2021-11-19,VCR,-0.0406731833050008,-0.0211562089153157,0,0.23943359468167166,LR
2021-11-26,VCR,-0.0383005425200401,-0.0120921701678813,0,0.3012726954673082,LR
2021-12-03,VCR,0.019992835272929,0.0381983331756503,1,0.3452544583759563,LR
2021-12-10,VCR,-0.0416715432192601,-0.0196589794967317,0,0.23424523568742486,LR
2021-12-17,VCR,0.0548500391146007,0.0233324829986548,1,0.38911815145675266,LR
2021-12-24,VCR,0.0057868065675772,0.0092648596552506,0,0.29379666642636254,LR
2021-12-31,VCR,-0.0441495048117663,-0.0186752444775106,0,0.2839840748916138,LR
2021-01-01,VDC,-0.0045973669227219,0.0197389310190963,0,0.3043662508983113,LR
2021-01-08,VDC,-0.0141505961042698,-0.0145830429336391,0,0.2750099951221998,LR
2021-01-15,VDC,-0.0091431110258929,0.0191108177235993,0,0.2602492009140457,LR
2021-01-22,VDC,-0.0115563123358453,-0.0334567930695447,0,0.25257311666759874,LR
2021-01-29,VDC,0.0232571640509522,0.0476667642694827,1,0.3445979091363611,LR
2021-02-05,VDC,0.0003485393215201,0.0127153949279644,0,0.2587423846418217,LR
2021-02-12,VDC,-0.014730577011093,-0.006647473549894,0,0.2841392855805218,LR
2021-02-19,VDC,-0.0223612509415768,-0.0247928138910945,0,0.2943721816468277,LR
2021-02-26,VDC,0.0142009414935291,0.0085973334328753,1,0.31721361344475507,LR
2021-03-05,VDC,0.023686096179279,0.0271876539943784,1,0.27137425087242206,LR
2021-03-12,VDC,-0.0021829324380482,-0.0083856748190052,0,0.24510682634777722,LR
2021-03-19,VDC,0.0285352160055227,0.0166888588731271,1,0.3467029886522021,LR
2021-03-26,VDC,-0.0036999867924825,0.01169251988463,0,0.3230761891806809,LR
2021-04-02,VDC,0.0099932563894682,0.0271587424842977,0,0.30573738844632004,LR
2021-04-09,VDC,0.0141190029521813,0.0140221587285919,1,0.2940916414436474,LR
2021-04-16,VDC,-0.0028521514456513,-0.0012462585354459,0,0.26699294121838185,LR
2021-04-23,VDC,-0.001155724539694,0.001343714643872,0,0.2947627571471643,LR
2021-04-30,VDC,0.0146154047368645,0.0115504557231614,1,0.31077765949031416,LR
2021-05-07,VDC,0.0019457388500618,-0.0131241026376487,0,0.2572763357451507,LR
2021-05-14,VDC,-0.0017259442203662,-0.0039368326422663,0,0.34615592564895575,LR
2021-05-21,VDC,-0.0036118499673601,0.0122910779255998,0,0.3200692198381921,LR
2021-05-28,VDC,0.007501750985019,0.0060944347260491,0,0.2812227598730682,LR
2021-06-04,VDC,-0.0091453176497544,0.0040464843778462,0,0.28024088948646403,LR
2021-06-11,VDC,-0.0315857993167364,-0.0189308888182892,0,0.3195168354850722,LR
2021-06-18,VDC,0.0142729569016626,0.0281741281332696,1,0.36298350608137975,LR
2021-06-25,VDC,0.0003844028159372,0.0166663732697555,0,0.2143573923956194,LR
2021-07-02,VDC,0.0037338455567865,0.0041499342548147,0,0.27743853204625213,LR
2021-07-09,VDC,0.0092035060609259,-0.0095977531044983,0,0.3122123621683051,LR
2021-07-16,VDC,0.0083378680070673,0.0199381402671221,0,0.3086136793657771,LR
2021-07-23,VDC,0.0030822870642626,-0.0032506540941262,0,0.2592458802670789,LR
2021-07-30,VDC,-0.0074373746166286,0.0090761603413545,0,0.3162282804243153,LR
2021-08-06,VDC,0.0171527417933126,0.0077517274783978,1,0.27849073062859764,LR
2021-08-13,VDC,0.0022879252431387,-0.0057408291789737,0,0.2955888348584792,LR
2021-08-20,VDC,-0.0100864996853791,0.015540194649757,0,0.3364859975869066,LR
2021-08-27,VDC,0.0135164355259698,0.0062853592704571,1,0.3031863216636335,LR
2021-09-03,VDC,-0.0137152954253206,-0.0168624024558053,0,0.28098341709146274,LR
2021-09-10,VDC,-0.0098369222553901,-0.0058949416271105,0,0.3247348347167317,LR
2021-09-17,VDC,0.0053423229093778,0.0056863429844938,0,0.3379543292007489,LR
2021-09-24,VDC,-0.0240603562527886,-0.021783623286974,0,0.3034489530667324,LR
2021-10-01,VDC,0.0137489635659344,0.0083364620112789,1,0.35099430321937175,LR
2021-10-08,VDC,0.0083936734120202,0.0182935173676542,0,0.28684261076042916,LR
2021-10-15,VDC,0.0129998080566371,0.0162603667594157,1,0.3070859057912891,LR
2021-10-22,VDC,0.0027541962082358,0.0135283018176727,0,0.32781964115848805,LR
2021-10-29,VDC,0.0231909348965426,0.0202068881448954,1,0.3259389104241682,LR
2021-11-05,VDC,-0.0038814070708905,-0.002689237215842,0,0.25820114609803163,LR
2021-11-12,VDC,-0.0125079088610516,0.0034668742574765,0,0.2667142011919494,LR
2021-11-19,VDC,-0.0055231467236674,-0.0211562089153156,0,0.3024004121359168,LR
2021-11-26,VDC,-0.0110164562675296,-0.0120921701678813,0,0.3248124720569733,LR
2021-12-03,VDC,0.027914445030498,0.0381983331756502,1,0.342253349767972,LR
2021-12-10,VDC,0.0065063503631548,-0.0196589794967316,0,0.21862976671336373,LR
2021-12-17,VDC,0.016414847605324,0.0233324829986547,1,0.25959224553846477,LR
2021-12-24,VDC,0.024395294612252,0.0092648596552507,1,0.23450987382364255,LR
2021-12-31,VDC,0.0082432742639102,-0.0186752444775106,0,0.21076640159704252,LR
2021-01-01,VDE,0.0852521333449769,0.0197389310190962,1,0.4508257182200258,LR
2021-01-08,VDE,0.0565497456515831,-0.014583042933639,1,0.30389774731530517,LR
2021-01-15,VDE,-0.0294462459888078,0.0191108177235993,0,0.4317683921455398,LR
2021-01-22,VDE,-0.0532266704461961,-0.0334567930695447,0,0.45111969694560095,LR
2021-01-29,VDE,0.0715968985687383,0.0476667642694828,1,0.5123019737339795,LR
2021-02-05,VDE,0.0363333384195962,0.0127153949279645,1,0.31785252451905427,LR
2021-02-12,VDE,0.0061291147006847,-0.0066474735498939,0,0.3784271185430594,LR
2021-02-19,VDE,0.0355811201648594,-0.0247928138910945,1,0.39920160082337686,LR
2021-02-26,VDE,0.0743015064733798,0.0085973334328752,1,0.4510158665150257,LR
2021-03-05,VDE,0.0032331652016166,0.0271876539943783,0,0.36915931337421504,LR
2021-03-12,VDE,-0.0733181011813216,-0.0083856748190053,0,0.41563744586246415,LR
2021-03-19,VDE,0.0162696514550155,0.0166888588731271,1,0.5068681876470563,LR
2021-03-26,VDE,0.0060509745971182,0.0116925198846301,0,0.3589634833448654,LR
2021-04-02,VDE,-0.0423061011848264,0.0271587424842978,0,0.3285980611231527,LR
2021-04-09,VDE,-0.0020830143067325,0.0140221587285919,0,0.4129331420115555,LR
2021-04-16,VDE,-0.0190788321533111,-0.001246258535446,0,0.34216662972093775,LR
2021-04-23,VDE,0.0395798200257371,0.001343714643872,1,0.36511460843219745,LR
2021-04-30,VDE,0.0780911266337136,0.0115504557231613,1,0.3583992834638491,LR
2021-05-07,VDE,-0.0134094814169239,-0.0131241026376486,0,0.24665710646447156,LR
2021-05-14,VDE,-0.0202265362180179,-0.0039368326422664,0,0.43040097731747,LR
2021-05-21,VDE,-0.0050594165333461,0.0122910779255997,0,0.41022640688710266,LR
2021-05-28,VDE,0.050329775481624,0.0060944347260492,1,0.31854784624030763,LR
2021-06-04,VDE,-0.0047356345858736,0.0040464843778462,0,0.2769953038427532,LR
2021-06-11,VDE,-0.0591692939733925,-0.0189308888182892,0,0.3834053785737058,LR
2021-06-18,VDE,0.0570032156738082,0.0281741281332697,1,0.43682530933366853,LR
2021-06-25,VDE,-0.0088802424596148,0.0166663732697555,0,0.2288370370754828,LR
2021-07-02,VDE,-0.0328613956292556,0.0041499342548148,0,0.3226317389057601,LR
2021-07-09,VDE,-0.0717872267643582,-0.0095977531044982,0,0.4085472299601913,LR
2021-07-16,VDE,0.0345717439605155,0.0199381402671221,1,0.4434666817498835,LR
2021-07-23,VDE,0.0128635755928978,-0.0032506540941261,1,0.3202413498257785,LR
2021-07-30,VDE,-0.0001443726386649,0.0090761603413545,0,0.3842171420186201,LR
2021-08-06,VDE,0.0084870041284024,0.0077517274783978,0,0.3801125688744842,LR
2021-08-13,VDE,-0.0593419624980753,-0.0057408291789738,0,0.4405473903508844,LR
2021-08-20,VDE,0.0551660311744814,0.0155401946497571,1,0.5323594507922738,LR
2021-08-27,VDE,-0.0150754203697709,0.006285359270457,0,0.3164074882343446,LR
2021-09-03,VDE,-0.0108583689978132,-0.0168624024558054,0,0.43985308151094893,LR
2021-09-10,VDE,0.0182775261172059,-0.0058949416271106,1,0.4778898991968526,LR
2021-09-17,VDE,0.0748339438350438,0.0056863429844937,1,0.394098747884885,LR
2021-09-24,VDE,0.0239247142848206,-0.0217836232869741,1,0.38706738686705666,LR
2021-10-01,VDE,0.038441546551593,0.0083364620112788,1,0.4094313636919311,LR
2021-10-08,VDE,-0.0018470819796818,0.0182935173676542,0,0.4352058927964097,LR
2021-10-15,VDE,0.001831744132335,0.0162603667594158,0,0.4431913340183688,LR
2021-10-22,VDE,-0.0214457684252635,0.0135283018176728,0,0.4114946472658225,LR
2021-10-29,VDE,0.0065893951877558,0.0202068881448952,0,0.37979651461596664,LR
2021-11-05,VDE,-0.0233172461919508,-0.0026892372158419,0,0.3899676774923362,LR
2021-11-12,VDE,-0.0520743959389794,0.0034668742574765,0,0.4242963975335576,LR
2021-11-19,VDE,0.0145681944146041,-0.0211562089153157,1,0.4407455741384148,LR
2021-11-26,VDE,-0.0359244306985675,-0.0120921701678814,0,0.41035285730805676,LR
2021-12-03,VDE,0.0264875195701532,0.0381983331756504,1,0.45318047788828153,LR
2021-12-10,VDE,-0.0536524188206973,-0.0196589794967317,0,0.3272723480534017,LR
2021-12-17,VDE,0.0510998461403751,0.0233324829986548,1,0.4326220076980427,LR
2021-12-24,VDE,0.0110734555818869,0.0092648596552505,1,0.3461409230473143,LR
2021-12-31,VDE,0.0997941652990304,-0.0186752444775107,1,0.3180115641497964,LR
2021-01-01,VFH,0.0447394231263045,0.0197389310190963,1,0.3263201842952871,LR
2021-01-08,VFH,0.0117724789366642,-0.0145830429336391,1,0.23663826491608628,LR
2021-01-15,VFH,-0.021696740840068,0.0191108177235995,0,0.3046334815322596,LR
2021-01-22,VFH,-0.0409091585981743,-0.0334567930695448,0,0.2783530410620512,LR
2021-01-29,VFH,0.0591241720594475,0.0476667642694828,1,0.3703076565917466,LR
2021-02-05,VFH,0.0183069816095131,0.0127153949279645,1,0.2415623761202799,LR
2021-02-12,VFH,0.0164266244855171,-0.0066474735498939,1,0.29820390814559683,LR
2021-02-19,VFH,0.0,-0.0247928138910945,0,0.27777981421209186,LR
2021-02-26,VFH,0.0240284306951765,0.0085973334328752,1,0.34379762732881103,LR
2021-03-05,VFH,0.0298100026983774,0.0271876539943784,1,0.30089161754158006,LR
2021-03-12,VFH,-0.0209195367221174,-0.0083856748190053,0,0.2740267593830601,LR
2021-03-19,VFH,0.0074310555777732,0.016688858873127,0,0.3517476998684182,LR
2021-03-26,VFH,0.0144704217297035,0.01169251988463,1,0.31982134037052723,LR
2021-04-02,VFH,0.00624414043908,0.0271587424842977,0,0.2886733000824304,LR
2021-04-09,VFH,0.007693257854098,0.0140221587285919,0,0.3095630982101232,LR
2021-04-16,VFH,0.0018227804093693,-0.001246258535446,0,0.30184484714089016,LR
2021-04-23,VFH,0.0164120498322526,0.001343714643872,1,0.30691332920671016,LR
2021-04-30,VFH,0.0294832803701468,0.0115504557231614,1,0.27792562202117893,LR
2021-05-07,VFH,-0.0045871593233942,-0.0131241026376488,0,0.24121303006343114,LR
2021-05-14,VFH,-0.0050499755264237,-0.0039368326422664,0,0.3490051177216652,LR
2021-05-21,VFH,0.0047276506161924,0.0122910779255996,0,0.31561213264816956,LR
2021-05-28,VFH,0.0007413651364294,0.0060944347260492,0,0.27030667823320514,LR
2021-06-04,VFH,-0.0220743975554349,0.0040464843778463,0,0.2800458831708709,LR
2021-06-11,VFH,-0.0581559264790623,-0.0189308888182892,0,0.3150249329548665,LR
2021-06-18,VFH,0.0444622183635841,0.0281741281332697,1,0.3775024008617872,LR
2021-06-25,VFH,-0.0020829032982201,0.0166663732697555,0,0.2333834570211488,LR
2021-07-02,VFH,-0.0049537314661305,0.0041499342548148,0,0.2783158761157786,LR
2021-07-09,VFH,-0.0127820552437013,-0.0095977531044983,0,0.3219553819878783,LR
2021-07-16,VFH,0.0260919154375449,0.0199381402671221,1,0.32183710134348614,LR
2021-07-23,VFH,0.0115522514243073,-0.003250654094126,1,0.33360835273815154,LR
2021-07-30,VFH,0.0297815667237903,0.0090761603413544,1,0.3779154610412369,LR
2021-08-06,VFH,0.0182285750514876,0.0077517274783977,1,0.277235167410427,LR
2021-08-13,VFH,-0.0157939147933917,-0.0057408291789738,0,0.3117186551454588,LR
2021-08-20,VFH,0.0292415992897536,0.015540194649757,1,0.36830961752363944,LR
2021-08-27,VFH,-0.0200832501125949,0.006285359270457,0,0.26527491673444387,LR
2021-09-03,VFH,-0.0168629117811717,-0.0168624024558053,0,0.350910586558566,LR
2021-09-10,VFH,-0.0065275615866464,-0.0058949416271105,0,0.36033547166473434,LR
2021-09-17,VFH,0.0432050922948163,0.0056863429844937,1,0.3478385323768083,LR
2021-09-24,VFH,-0.0126940735244081,-0.0217836232869741,0,0.33416584824775697,LR
2021-10-01,VFH,0.0253138158667229,0.0083364620112789,1,0.35004140722493404,LR
2021-10-08,VFH,0.0106658256451468,0.0182935173676543,1,0.32264070233548253,LR
2021-10-15,VFH,0.0301445963109181,0.0162603667594159,1,0.3172265490700954,LR
2021-10-22,VFH,-0.0109180989987205,0.0135283018176729,0,0.33095228853435943,LR
2021-10-29,VFH,-0.0036893283797421,0.0202068881448952,0,0.31344661608157615,LR
2021-11-05,VFH,-0.00348499923387,-0.0026892372158421,0,0.30490085303543785,LR
2021-11-12,VFH,-0.0288049370766971,0.0034668742574766,0,0.3148806927617503,LR
2021-11-19,VFH,-0.0212959989972927,-0.0211562089153157,0,0.3617254620632451,LR
2021-11-26,VFH,-0.0334663460618747,-0.0120921701678813,0,0.36671060214183615,LR
2021-12-03,VFH,0.0108763949555994,0.0381983331756502,1,0.3490173694955412,LR
2021-12-10,VFH,-0.0185723279366855,-0.0196589794967316,0,0.27107909448900724,LR
2021-12-17,VFH,0.0320016713879276,0.0233324829986547,1,0.3381251065004044,LR
2021-12-24,VFH,0.0025955149583896,0.0092648596552506,0,0.267293432403823,LR
2021-12-31,VFH,0.0388568958339805,-0.0186752444775106,1,0.24217221974463554,LR
2021-01-01,VGT,0.0055714458932569,0.0197389310190962,0,0.3269897987034123,LR
2021-01-08,VGT,-0.0141829941233977,-0.0145830429336391,0,0.2908910697977062,LR
2021-01-15,VGT,0.0332008015869487,0.0191108177235995,1,0.3299994552721605,LR
2021-01-22,VGT,-0.045847154159941,-0.0334567930695447,0,0.24987570413162916,LR
2021-01-29,VGT,0.0429621018088339,0.0476667642694828,1,0.36546248355138744,LR
2021-02-05,VGT,0.0214427307688149,0.0127153949279645,1,0.2506582818543945,LR
2021-02-12,VGT,-0.0217727140447142,-0.006647473549894,0,0.2916681254119448,LR
2021-02-19,VGT,-0.0340062002657729,-0.0247928138910945,0,0.32649595141175247,LR
2021-02-26,VGT,-0.0388965685614224,0.0085973334328752,0,0.3794536229588432,LR
2021-03-05,VGT,0.0258363632967089,0.0271876539943783,1,0.3343061822666844,LR
2021-03-12,VGT,-0.0161759729677054,-0.0083856748190053,0,0.2789434949259059,LR
2021-03-19,VGT,0.0129454633347738,0.0166888588731271,1,0.3925135750428272,LR
2021-03-26,VGT,0.0258156497448485,0.01169251988463,1,0.38966247039527646,LR
2021-04-02,VGT,0.0361056777064399,0.0271587424842978,1,0.35302881212807996,LR
2021-04-09,VGT,0.0147023428563919,0.0140221587285919,1,0.32325390551708394,LR
2021-04-16,VGT,0.0002858965979017,-0.001246258535446,0,0.33391313640327686,LR
2021-04-23,VGT,-0.0210113403203366,0.0013437146438718,0,0.2985158436703419,LR
2021-04-30,VGT,-0.0163718299635062,0.0115504557231614,0,0.33361010039611555,LR
2021-05-07,VGT,-0.0186238408884552,-0.0131241026376487,0,0.2913082307103589,LR
2021-05-14,VGT,0.0096926786466116,-0.0039368326422664,0,0.36824851640920336,LR
2021-05-21,VGT,0.0100659071040867,0.0122910779255998,1,0.36936291258293963,LR
2021-05-28,VGT,0.0045991795555244,0.0060944347260492,0,0.33248244099014157,LR
2021-06-04,VGT,0.0184839998917343,0.0040464843778462,1,0.3357757789675645,LR
2021-06-11,VGT,0.0029761489803372,-0.0189308888182892,0,0.3268328737294145,LR
2021-06-18,VGT,0.0227686710328853,0.0281741281332696,1,0.3430255956785153,LR
2021-06-25,VGT,0.0233459859444311,0.0166663732697555,1,0.27725401093829105,LR
2021-07-02,VGT,0.0063777385609249,0.0041499342548148,0,0.2756719209103861,LR
2021-07-09,VGT,-0.0164303208330149,-0.0095977531044983,0,0.3073924481780643,LR
2021-07-16,VGT,0.0439762392167539,0.0199381402671221,1,0.2931656242673506,LR
2021-07-23,VGT,-0.0042274616777546,-0.0032506540941262,0,0.24744950909920954,LR
2021-07-30,VGT,0.0058202806759253,0.0090761603413545,0,0.3183823385459231,LR
2021-08-06,VGT,-0.0020148393658592,0.0077517274783978,0,0.28600656267067714,LR
2021-08-13,VGT,0.0034712237347369,-0.0057408291789738,0,0.28279520534650504,LR
2021-08-20,VGT,0.0175459268501501,0.015540194649757,1,0.35572659882652313,LR
2021-08-27,VGT,0.0074145419742543,0.0062853592704571,0,0.2609792656991008,LR
2021-09-03,VGT,-0.0209642370310766,-0.0168624024558054,0,0.2705457988035795,LR
2021-09-10,VGT,-0.0113296154044794,-0.0058949416271104,0,0.2931590993827115,LR
2021-09-17,VGT,0.0261292134156996,0.0056863429844938,1,0.3069176926187088,LR
2021-09-24,VGT,-0.0290896141188499,-0.0217836232869741,0,0.26006664745637975,LR
2021-10-01,VGT,0.0071848396154372,0.0083364620112788,0,0.35365754577897957,LR
2021-10-08,VGT,0.0341123993320573,0.0182935173676544,1,0.2900781873085427,LR
2021-10-15,VGT,0.0218801232625791,0.0162603667594158,1,0.28303341496654916,LR
2021-10-22,VGT,0.0131142833927451,0.0135283018176728,1,0.33777078679712336,LR
2021-10-29,VGT,0.0315622065955287,0.0202068881448953,1,0.30144126462125137,LR
2021-11-05,VGT,-0.0013333468967013,-0.002689237215842,0,0.27287761434621066,LR
2021-11-12,VGT,0.0144808594135432,0.0034668742574765,1,0.2811582799910649,LR
2021-11-19,VGT,-0.0366496867449818,-0.0211562089153158,0,0.2675272297532405,LR
2021-11-26,VGT,-0.0266336098739794,-0.0120921701678813,0,0.2992202010068339,LR
2021-12-03,VGT,0.0532051772010768,0.0381983331756504,1,0.30470933016579654,LR
2021-12-10,VGT,-0.0408765384842291,-0.0196589794967317,0,0.2016189389750494,LR
2021-12-17,VGT,0.0472355967565814,0.0233324829986548,1,0.3545038225107131,LR
2021-12-24,VGT,0.0004586033203226,0.0092648596552506,0,0.24783308598790152,LR
2021-12-31,VGT,-0.052035020737889,-0.0186752444775106,0,0.2310609622556758,LR
2021-01-01,VHT,0.0334045958368081,0.0197389310190963,1,0.32829125901276657,LR
2021-01-08,VHT,0.0006030297529293,-0.014583042933639,0,0.2537992148019589,LR
2021-01-15,VHT,0.0012820643237514,0.0191108177235993,0,0.306391145374183,LR
2021-01-22,VHT,-0.0249893370358038,-0.0334567930695447,0,0.260150367308497,LR
2021-01-29,VHT,0.009706237563968,0.0476667642694827,0,0.31544555162463944,LR
2021-02-05,VHT,0.0107567719627521,0.0127153949279645,1,0.2675495094015423,LR
2021-02-12,VHT,-0.026793274698378,-0.0066474735498939,0,0.27579921264582097,LR
2021-02-19,VHT,-0.0223711677948159,-0.0247928138910944,0,0.3124054308949576,LR
2021-02-26,VHT,-0.0204882314844826,0.0085973334328752,0,0.3448862233642233,LR
2021-03-05,VHT,0.0189270982904559,0.0271876539943784,1,0.31472746547745223,LR
2021-03-12,VHT,0.0007040555574095,-0.0083856748190053,0,0.2767661801409651,LR
2021-03-19,VHT,0.0044438336512695,0.016688858873127,0,0.38045825331761607,LR
2021-03-26,VHT,0.0030271230763174,0.0116925198846298,0,0.36052904319260204,LR
2021-04-02,VHT,0.0023051443263644,0.0271587424842977,0,0.3256695164333112,LR
2021-04-09,VHT,0.0313584134459477,0.014022158728592,1,0.32064972701301925,LR
2021-04-16,VHT,0.0194772783955163,-0.001246258535446,1,0.2847253058927184,LR
2021-04-23,VHT,-0.0155785300514915,0.001343714643872,0,0.26790128021563514,LR
2021-04-30,VHT,0.0034261983836383,0.0115504557231613,0,0.31095925332243324,LR
2021-05-07,VHT,-0.0123733423553048,-0.0131241026376486,0,0.2555951032267056,LR
2021-05-14,VHT,0.0092090427815871,-0.0039368326422663,0,0.34229881443638277,LR
2021-05-21,VHT,-0.0044802200364754,0.0122910779255997,0,0.33716795896857193,LR
2021-05-28,VHT,-0.0123914130244922,0.0060944347260491,0,0.2961623263071804,LR
2021-06-04,VHT,0.0258953601684803,0.0040464843778461,1,0.309164991763215,LR
2021-06-11,VHT,-0.0088825138839051,-0.0189308888182891,0,0.26652722652828303,LR
2021-06-18,VHT,0.0169561710775418,0.0281741281332696,1,0.34736560027947894,LR
2021-06-25,VHT,0.0131626540595852,0.0166663732697555,1,0.2534765668524886,LR
2021-07-02,VHT,0.0022752357325117,0.0041499342548147,0,0.24894837451552607,LR
2021-07-09,VHT,-0.0067694507783908,-0.0095977531044982,0,0.28443351097085906,LR
2021-07-16,VHT,0.0318710594096729,0.0199381402671222,1,0.30636158072122294,LR
2021-07-23,VHT,0.0048987548213306,-0.0032506540941262,0,0.24005629813254042,LR
2021-07-30,VHT,0.0026822252338434,0.0090761603413544,0,0.3066389950623674,LR
2021-08-06,VHT,-0.0021295071683286,0.0077517274783978,0,0.2662764415795458,LR
2021-08-13,VHT,0.0137304240430498,-0.0057408291789738,1,0.2712273958143935,LR
2021-08-20,VHT,-0.007303763664301,0.015540194649757,0,0.3036636876039288,LR
2021-08-27,VHT,0.0179200207158682,0.006285359270457,1,0.2701369504001652,LR
2021-09-03,VHT,-0.0233802770220054,-0.0168624024558054,0,0.2673517159124415,LR
2021-09-10,VHT,-0.0053423943807681,-0.0058949416271105,0,0.28630750408296146,LR
2021-09-17,VHT,0.0083055636324682,0.0056863429844937,0,0.3124716059253373,LR
2021-09-24,VHT,-0.0362256714342169,-0.0217836232869741,0,0.2903604559768897,LR
2021-10-01,VHT,-0.0044492612698128,0.0083364620112789,0,0.37131567093112594,LR
2021-10-08,VHT,0.0100008405423019,0.0182935173676542,1,0.3175193974212848,LR
2021-10-15,VHT,0.0291752583549067,0.0162603667594159,1,0.3105552178336794,LR
2021-10-22,VHT,0.013728242010921,0.0135283018176728,1,0.3499939555304859,LR
2021-10-29,VHT,-0.0020461694146273,0.0202068881448952,0,0.3374790351021701,LR
2021-11-05,VHT,0.0001935019243937,-0.002689237215842,0,0.2905744773821479,LR
2021-11-12,VHT,-0.0133477613516455,0.0034668742574765,0,0.2860652381250326,LR
2021-11-19,VHT,-0.0149707459566886,-0.0211562089153157,0,0.3186502076980357,LR
2021-11-26,VHT,-0.0281739872457896,-0.0120921701678812,0,0.3533781792630754,LR
2021-12-03,VHT,0.0265279874583135,0.0381983331756503,1,0.31578887701290514,LR
2021-12-10,VHT,0.0229601692235026,-0.0196589794967317,1,0.22956506296032073,LR
2021-12-17,VHT,0.0174036598816087,0.0233324829986547,1,0.26488325791885725,LR
2021-12-24,VHT,0.0040324375338485,0.0092648596552506,0,0.2464451687749528,LR
2021-12-31,VHT,-0.0510054226200131,-0.0186752444775106,0,0.24075060806926812,LR
2021-01-01,VIS,0.0213003457447165,0.0197389310190963,1,0.34360892154543676,LR
2021-01-08,VIS,0.0033668184632849,-0.014583042933639,0,0.27479331000511814,LR
2021-01-15,VIS,-0.0049902210362637,0.0191108177235994,0,0.2823766530556233,LR
2021-01-22,VIS,-0.0456964885015389,-0.0334567930695447,0,0.28465350143547025,LR
2021-01-29,VIS,0.0427570462589195,0.0476667642694828,1,0.3812913392171947,LR
2021-02-05,VIS,0.011076234707452,0.0127153949279646,1,0.24824580457996473,LR
2021-02-12,VIS,-0.0001685419314064,-0.006647473549894,0,0.2868740746359582,LR
2021-02-19,VIS,-0.004911341990432,-0.0247928138910944,0,0.30448129752114594,LR
2021-02-26,VIS,0.0090442743419947,0.0085973334328753,0,0.3455921471200373,LR
2021-03-05,VIS,0.0346303568744315,0.0271876539943785,1,0.28909637948090494,LR
2021-03-12,VIS,-0.0129512976262448,-0.0083856748190053,0,0.255897795907501,LR
2021-03-19,VIS,0.0094591936652865,0.016688858873127,0,0.34981469543193666,LR
2021-03-26,VIS,0.0095374508160135,0.01169251988463,0,0.3222650043843948,LR
2021-04-02,VIS,0.0052997452878003,0.0271587424842977,0,0.29287951349671315,LR
2021-04-09,VIS,0.0082703958916583,0.0140221587285919,0,0.3070886123937361,LR
2021-04-16,VIS,0.0073979064297944,-0.001246258535446,0,0.3005507809917909,LR
2021-04-23,VIS,-0.0047718280887042,0.0013437146438719,0,0.3051139014543424,LR
2021-04-30,VIS,0.0207448194504011,0.0115504557231614,1,0.31570068732712553,LR
2021-05-07,VIS,-0.0134535568311318,-0.0131241026376486,0,0.24083736912739842,LR
2021-05-14,VIS,-0.0136183912225863,-0.0039368326422663,0,0.32995761945736635,LR
2021-05-21,VIS,0.0138734738324317,0.0122910779255998,1,0.324105857664615,LR
2021-05-28,VIS,-0.0075940299675433,0.006094434726049,0,0.26459832858662546,LR
2021-06-04,VIS,-0.0154235301515837,0.0040464843778462,0,0.29564659704669516,LR
2021-06-11,VIS,-0.0379128008119966,-0.0189308888182892,0,0.34329483117446424,LR
2021-06-18,VIS,0.0237252738345343,0.0281741281332697,1,0.3691160979516852,LR
2021-06-25,VIS,0.0028396001193098,0.0166663732697555,0,0.243722493371247,LR
2021-07-02,VIS,0.0012651821471556,0.0041499342548147,0,0.27719763233320954,LR
2021-07-09,VIS,-0.0163959173986752,-0.0095977531044981,0,0.30707538345548585,LR
2021-07-16,VIS,0.0352193538977785,0.0199381402671219,1,0.3403568466071121,LR
2021-07-23,VIS,0.0015226262681646,-0.0032506540941262,0,0.28011985357410407,LR
2021-07-30,VIS,-0.0020203502407966,0.0090761603413544,0,0.32925108879290754,LR
2021-08-06,VIS,0.0138473805267349,0.0077517274783978,1,0.3044187657720888,LR
2021-08-13,VIS,-0.0204726113187616,-0.0057408291789737,0,0.29986470638523666,LR
2021-08-20,VIS,0.019968408220143,0.015540194649757,1,0.36582170512303797,LR
2021-08-27,VIS,-0.0057293438097376,0.006285359270457,0,0.26702233048852114,LR
2021-09-03,VIS,-0.0229498679865356,-0.0168624024558054,0,0.3244653092945362,LR
2021-09-10,VIS,-0.021067076950954,-0.0058949416271106,0,0.3657377737055405,LR
2021-09-17,VIS,0.027479232146885,0.0056863429844938,1,0.3528846610347152,LR
2021-09-24,VIS,-0.0187213882979374,-0.021783623286974,0,0.33781372830280554,LR
2021-10-01,VIS,0.0165267250556835,0.0083364620112789,1,0.37642623758770044,LR
2021-10-08,VIS,0.0202098704576374,0.0182935173676544,1,0.31461495368522824,LR
2021-10-15,VIS,0.0240669046411245,0.0162603667594158,1,0.3120082524154758,LR
2021-10-22,VIS,-9.96874103923462e-05,0.0135283018176728,0,0.32292149030573103,LR
2021-10-29,VIS,0.0241682863337731,0.0202068881448953,1,0.2974833161173682,LR
2021-11-05,VIS,-0.0036566326030934,-0.002689237215842,0,0.27792784676907945,LR
2021-11-12,VIS,-0.0144307085901572,0.0034668742574765,0,0.3163950117197304,LR
2021-11-19,VIS,-0.0313229681431227,-0.0211562089153157,0,0.31067636137612725,LR
2021-11-26,VIS,-0.0255646263316029,-0.0120921701678813,0,0.35497143409045634,LR
2021-12-03,VIS,0.0191928263424383,0.0381983331756502,1,0.3618069078431187,LR
2021-12-10,VIS,-0.0293358655075561,-0.0196589794967316,0,0.24491960218813727,LR
2021-12-17,VIS,0.0352258769594886,0.0233324829986547,1,0.3499020407929432,LR
2021-12-24,VIS,0.013786262775711,0.0092648596552507,1,0.26662607878487454,LR
2021-12-31,VIS,-0.0047724537303966,-0.0186752444775106,0,0.24468077748336936,LR
2021-01-01,VNQ,-0.0249999686585894,0.0197389310190963,0,0.3602619944218818,LR
2021-01-08,VNQ,0.0252029790599788,-0.0145830429336391,1,0.31328023695319,LR
2021-01-15,VNQ,0.0073995449604684,0.0191108177235993,0,0.2864923750682467,LR
2021-01-22,VNQ,-0.0090972568081492,-0.0334567930695446,0,0.2823713748486829,LR
2021-01-29,VNQ,0.0307673976384401,0.0476667642694827,1,0.34348933661158876,LR
2021-02-05,VNQ,0.0131176753218551,0.0127153949279645,1,0.2542681736636321,LR
2021-02-12,VNQ,-0.0111209966677396,-0.0066474735498941,0,0.2797233459243432,LR
2021-02-19,VNQ,-0.0093573193936463,-0.0247928138910944,0,0.30106223495006396,LR
2021-02-26,VNQ,-0.022617329516261,0.0085973334328752,0,0.3356797245344725,LR
2021-03-05,VNQ,0.0503267135240745,0.0271876539943785,1,0.31154138203103454,LR
2021-03-12,VNQ,-0.0145922241159315,-0.0083856748190053,0,0.2504689855823709,LR
2021-03-19,VNQ,0.0258563131258633,0.0166888588731271,1,0.3681932181092937,LR
2021-03-26,VNQ,0.0096070746493106,0.0116925198846298,0,0.3317299753253333,LR
2021-04-02,VNQ,-0.0044605541844182,0.0271587424842978,0,0.27706055572113264,LR
2021-04-09,VNQ,0.0233152606652933,0.014022158728592,1,0.2943690222591222,LR
2021-04-16,VNQ,0.0167411941458417,-0.001246258535446,1,0.26221578325987327,LR
2021-04-23,VNQ,0.0099898406949732,0.001343714643872,0,0.27734252012701904,LR
2021-04-30,VNQ,-0.0112494490222178,0.0115504557231613,0,0.2859426825917978,LR
2021-05-07,VNQ,-0.017408918700155,-0.0131241026376488,0,0.2614215779360692,LR
2021-05-14,VNQ,0.0086561864176177,-0.0039368326422663,0,0.3317799065670826,LR
2021-05-21,VNQ,0.0158665333954008,0.0122910779255998,1,0.32163609840698765,LR
2021-05-28,VNQ,0.0216199871432123,0.0060944347260492,1,0.28732648916044734,LR
2021-06-04,VNQ,0.0227759783525394,0.0040464843778462,1,0.26920197333779433,LR
2021-06-11,VNQ,-0.0314016132587251,-0.0189308888182892,0,0.2833313724192591,LR
2021-06-18,VNQ,0.0058645891685411,0.0281741281332696,0,0.3357767939243569,LR
2021-06-25,VNQ,-0.0053350998341352,0.0166663732697555,0,0.22567591037536877,LR
2021-07-02,VNQ,0.0248755767166453,0.0041499342548147,1,0.24094465398726223,LR
2021-07-09,VNQ,0.0029523577008929,-0.0095977531044983,0,0.25543941121974695,LR
2021-07-16,VNQ,0.0167130713050494,0.0199381402671221,1,0.2751791378239967,LR
2021-07-23,VNQ,0.0051063916361924,-0.0032506540941262,0,0.27217404438438586,LR
2021-07-30,VNQ,0.0003742950734471,0.0090761603413544,0,0.3043324842976023,LR
2021-08-06,VNQ,0.0003748211681953,0.0077517274783978,0,0.27698145719886486,LR
2021-08-13,VNQ,-0.0006563596644955,-0.0057408291789737,0,0.29558359612464996,LR
2021-08-20,VNQ,0.0018726305480092,0.015540194649757,0,0.3350223576140343,LR
2021-08-27,VNQ,0.0361512845106264,0.006285359270457,1,0.29339059318794586,LR
2021-09-03,VNQ,-0.0384093984762033,-0.0168624024558054,0,0.24022299401478037,LR
2021-09-10,VNQ,-0.0086648680640074,-0.0058949416271105,0,0.3175297066669845,LR
2021-09-17,VNQ,-0.003706513829347,0.0056863429844937,0,0.30485324182966533,LR
2021-09-24,VNQ,-0.0157337797526919,-0.021783623286974,0,0.28700594611310726,LR
2021-10-01,VNQ,-0.0028128120254058,0.0083364620112789,0,0.3739260707959286,LR
2021-10-08,VNQ,0.034522953993483,0.0182935173676544,1,0.3213600865832238,LR
2021-10-15,VNQ,0.0292618312505295,0.0162603667594159,1,0.2970370933712081,LR
2021-10-22,VNQ,-0.0014651651756977,0.0135283018176728,0,0.3278638089755588,LR
2021-10-29,VNQ,0.0062214115845338,0.0202068881448953,0,0.31839527850448973,LR
2021-11-05,VNQ,-0.0063423444796316,-0.002689237215842,0,0.2745661854879926,LR
2021-11-12,VNQ,-0.0039144315989869,0.0034668742574766,0,0.2988970283301991,LR
2021-11-19,VNQ,-0.0139687646886569,-0.0211562089153156,0,0.33878263018933213,LR
2021-11-26,VNQ,-0.009466970402578,-0.0120921701678812,0,0.35627466092095994,LR
2021-12-03,VNQ,0.0215827707692712,0.0381983331756503,1,0.31403150637978255,LR
2021-12-10,VNQ,0.0108557711082271,-0.0196589794967316,1,0.22881415143918943,LR
2021-12-17,VNQ,0.0233336514260247,0.0233324829986545,1,0.2761267468352498,LR
2021-12-24,VNQ,0.0347872759311966,0.0092648596552506,1,0.24651666849775916,LR
2021-12-31,VNQ,-0.0445744802167191,-0.0186752444775106,0,0.20997607205555013,LR
2021-01-01,VOX,0.0037273000557433,0.0197389310190962,0,0.32757612032392724,LR
2021-01-08,VOX,-0.0182637175758695,-0.0145830429336391,0,0.28360011348304426,LR
2021-01-15,VOX,0.0413014291224484,0.0191108177235994,1,0.30231795925845095,LR
2021-01-22,VOX,-0.0331237955327213,-0.0334567930695447,0,0.216395018060071,LR
2021-01-29,VOX,0.0646971773192039,0.0476667642694828,1,0.33898628350921345,LR
2021-02-05,VOX,0.0147081753667965,0.0127153949279646,1,0.2294734669906449,LR
2021-02-12,VOX,-0.0102944561658339,-0.0066474735498939,0,0.2762040174846121,LR
2021-02-19,VOX,-0.0095604492178194,-0.0247928138910945,0,0.2875336127178578,LR
2021-02-26,VOX,0.000229893310093,0.0085973334328752,0,0.3187198840089362,LR
2021-03-05,VOX,0.0194352531845087,0.0271876539943783,1,0.2877850874739362,LR
2021-03-12,VOX,0.0002998896666899,-0.0083856748190053,0,0.26165106009003697,LR
2021-03-19,VOX,-0.0399283040028933,0.0166888588731271,0,0.3630862753288097,LR
2021-03-26,VOX,0.0321046914860285,0.01169251988463,1,0.40125378571440046,LR
2021-04-02,VOX,0.0245637595243162,0.0271587424842977,1,0.28959429210172494,LR
2021-04-09,VOX,0.0014660383442792,0.0140221587285919,0,0.29258147332641354,LR
2021-04-16,VOX,-0.0040299169766667,-0.001246258535446,0,0.3130555501616496,LR
2021-04-23,VOX,0.0167875758716726,0.001343714643872,1,0.284572117385766,LR
2021-04-30,VOX,-0.0109724523272278,0.0115504557231614,0,0.28729732909706096,LR
2021-05-07,VOX,-0.0153610993082111,-0.0131241026376487,0,0.30738797882914914,LR
2021-05-14,VOX,-0.0002221638122497,-0.0039368326422662,0,0.35485088460402403,LR
2021-05-21,VOX,0.0209223237288997,0.0122910779255998,1,0.3165977047213232,LR
2021-05-28,VOX,-7.181509641041028e-05,0.0060944347260491,0,0.31610969759815005,LR
2021-06-04,VOX,0.0128702420374366,0.0040464843778463,1,0.32858605283498654,LR
2021-06-11,VOX,-0.0114934029958324,-0.0189308888182891,0,0.33472601085783077,LR
2021-06-18,VOX,0.0308872941432993,0.0281741281332697,1,0.35002601525973115,LR
2021-06-25,VOX,0.0095799347086968,0.0166663732697555,0,0.25073619379970774,LR
2021-07-02,VOX,-0.0109800033633838,0.0041499342548148,0,0.25946030076377213,LR
2021-07-09,VOX,-0.0212501370407602,-0.0095977531044983,0,0.28719623495633556,LR
2021-07-16,VOX,0.0496890859344658,0.0199381402671221,1,0.28800503211401546,LR
2021-07-23,VOX,-0.0141728121348342,-0.0032506540941262,0,0.2711363690984855,LR
2021-07-30,VOX,-0.0028202204453072,0.0090761603413544,0,0.36077600123681386,LR
2021-08-06,VOX,-0.0013789089733866,0.0077517274783978,0,0.2945053572982419,LR
2021-08-13,VOX,-0.0039475868677824,-0.0057408291789738,0,0.2999642361874911,LR
2021-08-20,VOX,0.0270139868890881,0.0155401946497571,1,0.3604844387245978,LR
2021-08-27,VOX,0.0090145418883289,0.0062853592704571,0,0.2799387371052603,LR
2021-09-03,VOX,-0.0142457686876487,-0.0168624024558053,0,0.2955245119888504,LR
2021-09-10,VOX,-0.0165045733881196,-0.0058949416271106,0,0.3349180872952426,LR
2021-09-17,VOX,0.012340534605576,0.0056863429844938,1,0.34089067187982985,LR
2021-09-24,VOX,-0.015127532552015,-0.0217836232869741,0,0.33952418784822824,LR
2021-10-01,VOX,0.0007017972176535,0.0083364620112789,0,0.35133658778099597,LR
2021-10-08,VOX,0.001968772162098,0.0182935173676544,0,0.3219722010217982,LR
2021-10-15,VOX,-0.0030994816891852,0.0162603667594159,0,0.31055587556722364,LR
2021-10-22,VOX,0.0048905128592802,0.0135283018176727,0,0.3491469739498815,LR
2021-10-29,VOX,0.0163807771447721,0.0202068881448953,1,0.34575334172334427,LR
2021-11-05,VOX,-0.0133452741732731,-0.002689237215842,0,0.30443699794202084,LR
2021-11-12,VOX,-0.0261165136830966,0.0034668742574766,0,0.3156956580790512,LR
2021-11-19,VOX,-0.0331366244777746,-0.0211562089153157,0,0.2751393976689662,LR
2021-11-26,VOX,-0.0434844945288308,-0.0120921701678812,0,0.33690586841884673,LR
2021-12-03,VOX,0.0184806669996642,0.0381983331756502,1,0.33075596747558095,LR
2021-12-10,VOX,-0.009010287553593,-0.0196589794967316,0,0.23354775441636474,LR
2021-12-17,VOX,0.0369244855694188,0.0233324829986548,1,0.3270357968975357,LR
2021-12-24,VOX,-0.0091367591718919,0.0092648596552507,0,0.2657232728345765,LR
2021-12-31,VOX,-0.0236358995124288,-0.0186752444775107,0,0.25693955606650803,LR
2021-01-01,VPU,-0.0047310131696044,0.0197389310190963,0,0.31918082987748925,LR
2021-01-08,VPU,0.0152082290511155,-0.0145830429336391,1,0.28715794798811783,LR
2021-01-15,VPU,-0.0111511010917828,0.0191108177235995,0,0.28733093262352405,LR
2021-01-22,VPU,-0.0103491972760821,-0.0334567930695447,0,0.2661105520410176,LR
2021-01-29,VPU,0.018655373518271,0.0476667642694827,1,0.33831613851406644,LR
2021-02-05,VPU,-0.0150419460950844,0.0127153949279645,0,0.23802737342668506,LR
2021-02-12,VPU,-0.0157148323758984,-0.0066474735498941,0,0.27472036869350747,LR
2021-02-19,VPU,-0.0494997615920158,-0.0247928138910944,0,0.28134102941404654,LR
2021-02-26,VPU,0.0106251121969742,0.0085973334328753,1,0.3201169656833062,LR
2021-03-05,VPU,0.0415561628060898,0.0271876539943785,1,0.25475554105432463,LR
2021-03-12,VPU,-0.0073390099016926,-0.0083856748190052,0,0.24069381243721508,LR
2021-03-19,VPU,0.0200014332014646,0.0166888588731271,1,0.36136883546872406,LR
2021-03-26,VPU,0.0103649500994846,0.0116925198846298,1,0.3199856128803093,LR
2021-04-02,VPU,0.0075187799029468,0.0271587424842978,0,0.2907160153954538,LR
2021-04-09,VPU,0.0338720447087872,0.0140221587285919,1,0.3067755942396116,LR
2021-04-16,VPU,-0.0105355345596234,-0.001246258535446,0,0.2831369809842717,LR
2021-04-23,VPU,-0.0013696544472702,0.0013437146438719,0,0.30080100642768964,LR
2021-04-30,VPU,-0.0110860899325618,0.0115504557231614,0,0.325522068679087,LR
2021-05-07,VPU,-0.005521832031997,-0.0131241026376487,0,0.2897751448751818,LR
2021-05-14,VPU,0.0031267159113907,-0.0039368326422664,0,0.3860213067050445,LR
2021-05-21,VPU,-0.0175910798403259,0.0122910779255998,0,0.34838425052109795,LR
2021-05-28,VPU,0.0009792905922887,0.0060944347260491,0,0.3463746453273051,LR
2021-06-04,VPU,0.0121390089132025,0.0040464843778463,1,0.32550354412057875,LR
2021-06-11,VPU,-0.0323203254198848,-0.0189308888182891,0,0.32582008186369776,LR
2021-06-18,VPU,0.0030709374565118,0.0281741281332696,0,0.39283889261602983,LR
2021-06-25,VPU,-0.0029804014646791,0.0166663732697555,0,0.2677732085256651,LR
2021-07-02,VPU,0.0085409035462078,0.0041499342548148,0,0.2672517158396651,LR
2021-07-09,VPU,0.0241747235416354,-0.0095977531044983,1,0.3170605090152428,LR
2021-07-16,VPU,-0.0031219435975279,0.0199381402671221,0,0.29953420512918477,LR
2021-07-23,VPU,0.0047379644337965,-0.0032506540941261,0,0.3146130685482871,LR
2021-07-30,VPU,0.0181001389788428,0.0090761603413545,1,0.31039686631054836,LR
2021-08-06,VPU,0.0155285364289488,0.0077517274783978,1,0.2529997677603185,LR
2021-08-13,VPU,0.0147391717960105,-0.0057408291789737,1,0.2860758259236821,LR
2021-08-20,VPU,-0.018089724527775,0.0155401946497571,0,0.33373233482088,LR
2021-08-27,VPU,0.0147413352135192,0.006285359270457,1,0.27607084110386376,LR
2021-09-03,VPU,-0.0158594404693975,-0.0168624024558053,0,0.2703209479579489,LR
2021-09-10,VPU,-0.035480907280215,-0.0058949416271106,0,0.3025213335723897,LR
2021-09-17,VPU,-0.0074958482601983,0.0056863429844937,0,0.35388573688214886,LR
2021-09-24,VPU,-0.0265714840845414,-0.021783623286974,0,0.32188160835738766,LR
2021-10-01,VPU,0.016155668349074,0.0083364620112789,1,0.38551078878119543,LR
2021-10-08,VPU,0.0188652741993573,0.0182935173676543,1,0.33756547580042473,LR
2021-10-15,VPU,0.0285013443869082,0.0162603667594158,1,0.3294623568802396,LR
2021-10-22,VPU,-0.0031352692887128,0.0135283018176727,0,0.3450420647752354,LR
2021-10-29,VPU,0.0060900464853257,0.0202068881448953,0,0.3485748643230564,LR
2021-11-05,VPU,-0.0088831460483492,-0.002689237215842,0,0.30235678983209713,LR
2021-11-12,VPU,0.0050418356124135,0.0034668742574766,0,0.3003679358302555,LR
2021-11-19,VPU,-0.0083441486722131,-0.0211562089153157,0,0.3127900617299163,LR
2021-11-26,VPU,0.0017690146494968,-0.0120921701678813,0,0.3513302868772003,LR
2021-12-03,VPU,0.0193669955456157,0.0381983331756503,1,0.30936486719391293,LR
2021-12-10,VPU,0.005296630609896,-0.0196589794967316,0,0.21926607897375505,LR
2021-12-17,VPU,0.0110138246328606,0.0233324829986547,1,0.2621796778129619,LR
2021-12-24,VPU,0.0243646934710208,0.0092648596552507,1,0.2306712883077202,LR
2021-12-31,VPU,-0.0159206542937785,-0.0186752444775105,0,0.21797664452953863,LR
2022-01-07,VAW,0.0003611188875491,-0.0029393539057953,0,0.33539635003167906,LR
2022-01-14,VAW,-0.0504324674973648,-0.0575399743095205,0,0.288883743092096,LR
2022-01-21,VAW,0.0060257872945357,0.0090643260346314,0,0.4172773179076807,LR
2022-01-28,VAW,0.0070748387907313,0.0152730544494363,0,0.3865149931228828,LR
2022-02-04,VAW,0.0139748902558081,-0.0183640209929874,1,0.3332203363100377,LR
2022-02-11,VAW,0.0035418149594164,-0.0141444064481734,0,0.3854724656434492,LR
2022-02-18,VAW,0.0116082051351988,0.0081062458382179,1,0.42895872213929165,LR
2022-02-25,VAW,0.0028377482977712,-0.0127470201470385,0,0.39548224820825656,LR
2022-03-04,VAW,-0.013531185858013,-0.0279981207803863,0,0.43218611700646614,LR
2022-03-11,VAW,0.047089875762331,0.0614918727503766,1,0.45561486097411147,LR
2022-03-18,VAW,0.0310174900451312,0.0183794292608988,1,0.3261633152882393,LR
2022-03-25,VAW,-0.000916864121079,0.0005081169431786,0,0.2703937707853256,LR
2022-04-01,VAW,-0.0150020187011731,-0.0118122524062973,0,0.31417429853053835,LR
2022-04-08,VAW,0.0118370371480436,-0.0218511809110063,1,0.3089829929083949,LR
2022-04-15,VAW,-0.0382516433918325,-0.0268392096480534,0,0.3344643210933969,LR
2022-04-22,VAW,-0.0023050545566113,-0.0329548259126935,0,0.4579359793312207,LR
2022-04-29,VAW,-0.0051050403940965,-0.0016019917341213,0,0.4888329500674146,LR
2022-05-06,VAW,-0.0103960360721796,-0.0233870073927928,0,0.41425055794424404,LR
2022-05-13,VAW,0.0006126120062774,-0.030095641420813,0,0.4103191080063669,LR
2022-05-20,VAW,0.054478350531061,0.0657803562801122,1,0.47654877142925156,LR
2022-05-27,VAW,-0.0017361207274608,-0.011366193452259,0,0.2864255250398079,LR
2022-06-03,VAW,-0.0677567722535236,-0.0505189803442657,0,0.3746849227373095,LR
2022-06-10,VAW,-0.0626438857832851,-0.0573616683411216,0,0.46106840389938764,LR
2022-06-17,VAW,0.0055693332244586,0.0662000464443783,0,0.5501576750049092,LR
2022-06-24,VAW,-0.030494359635151,-0.0226618600831251,0,0.381721605506053,LR
2022-07-01,VAW,0.0100323942850029,0.0194890902236945,1,0.43292865252963386,LR
2022-07-08,VAW,-0.0018410902555604,-0.0091080304453631,0,0.449613964643014,LR
2022-07-15,VAW,0.0294542646941433,0.0258614182351203,1,0.39928089676434037,LR
2022-07-22,VAW,0.0419754821228757,0.0427752250498836,1,0.40828158667965997,LR
2022-07-29,VAW,-0.0073386953946013,0.0035919364519661,0,0.3416356484972607,LR
2022-08-05,VAW,0.0445107361292458,0.0329651342918298,1,0.3947247431853155,LR
2022-08-12,VAW,-0.014421462199592,-0.0116133071588057,0,0.29802834094939534,LR
2022-08-19,VAW,0.0033738689936548,-0.0398682394127574,0,0.3406843399950736,LR
2022-08-26,VAW,-0.0418400213596229,-0.0322470210105177,0,0.3749528131200477,LR
2022-09-02,VAW,0.0463318149793092,0.0366104897349124,1,0.37407509644971537,LR
2022-09-09,VAW,-0.0802491230770922,-0.047851016364367,0,0.2584072454006546,LR
2022-09-16,VAW,-0.0480024870762311,-0.0456738607313935,0,0.4471830101674284,LR
2022-09-23,VAW,-0.0040263460361912,-0.0292703954810727,0,0.46267219982084024,LR
2022-09-30,VAW,0.0095693944862513,0.0157064246602653,0,0.38646674571239376,LR
2022-10-07,VAW,-0.0152957513493555,-0.0142229887914002,0,0.4405697105955137,LR
2022-10-14,VAW,0.041904074735199,0.0465843676888054,1,0.525211716884696,LR
2022-10-21,VAW,0.0248874172905784,0.0393544106188454,1,0.4134002870575402,LR
2022-10-28,VAW,0.0128204900203385,-0.0325687914983983,1,0.4015309879348487,LR
2022-11-04,VAW,0.0693128427232827,0.058881220434134,1,0.4561191891174751,LR
2022-11-11,VAW,-0.0080004744562043,-0.00622312061323,0,0.31431108773360167,LR
2022-11-18,VAW,0.0380133612983912,0.0159078209418458,1,0.34654088377594716,LR
2022-11-25,VAW,0.0278821947865532,0.0113837151812728,1,0.3564617194446437,LR
2022-12-02,VAW,-0.0283688145550845,-0.0334964079614079,0,0.3627482160199114,LR
2022-12-09,VAW,-0.03186080247161,-0.0209774731239118,0,0.44667719413124557,LR
2022-12-16,VAW,0.0037341699744886,-0.0009391520567789,0,0.39766592221964553,LR
2022-12-23,VAW,-0.0120160635797329,-0.0012535187753173,0,0.3658637732889681,LR
2022-12-30,VAW,0.0332278374896037,0.0147737662976694,1,0.4262915592185044,LR
2022-01-07,VCR,-0.0050515686612329,-0.0029393539057953,0,0.39883989143308307,LR
2022-01-14,VCR,-0.0703552919746567,-0.0575399743095204,0,0.32363097793223694,LR
2022-01-21,VCR,0.0153218666289529,0.0090643260346315,1,0.44896916581968477,LR
2022-01-28,VCR,0.0314783225328798,0.0152730544494363,1,0.38901725098114104,LR
2022-02-04,VCR,-0.0160917378369072,-0.0183640209929873,0,0.35385955038938943,LR
2022-02-11,VCR,-0.0042830800807289,-0.0141444064481732,0,0.48049533988789134,LR
2022-02-18,VCR,-0.0038847208094667,0.008106245838218,0,0.471931715916758,LR
2022-02-25,VCR,-0.0202425121080972,-0.0127470201470387,0,0.4378326034324554,LR
2022-03-04,VCR,-0.0317106529072945,-0.0279981207803864,0,0.49374349496086406,LR
2022-03-11,VCR,0.0893132937095251,0.0614918727503769,1,0.4916931033763152,LR
2022-03-18,VCR,0.0015181241810271,0.0183794292608986,0,0.3304906856982131,LR
2022-03-25,VCR,-0.0014052048228145,0.0005081169431786,0,0.34510538015032943,LR
2022-04-01,VCR,-0.0333649934538944,-0.0118122524062972,0,0.34101614097934796,LR
2022-04-08,VCR,0.0111734958148159,-0.0218511809110061,1,0.3170490438125839,LR
2022-04-15,VCR,-0.0171558229524213,-0.0268392096480531,0,0.35291441269891327,LR
2022-04-22,VCR,-0.0593315035538313,-0.0329548259126936,0,0.4655492081225515,LR
2022-04-29,VCR,-0.0293671005822884,-0.0016019917341212,0,0.5495495339835796,LR
2022-05-06,VCR,-0.0133853372713415,-0.0233870073927929,0,0.39369080700165354,LR
2022-05-13,VCR,-0.0698015727694073,-0.0300956414208131,0,0.3712430579227113,LR
2022-05-20,VCR,0.0856523944442111,0.0657803562801122,1,0.5742745880761093,LR
2022-05-27,VCR,-0.0029309468982332,-0.011366193452259,0,0.2909877000496601,LR
2022-06-03,VCR,-0.0741655221497116,-0.0505189803442657,0,0.41955667554177456,LR
2022-06-10,VCR,-0.0248672868117372,-0.0573616683411216,0,0.535827293368504,LR
2022-06-17,VCR,0.0589206465393068,0.0662000464443783,1,0.5373005233437786,LR
2022-06-24,VCR,-0.0541831859623378,-0.0226618600831251,0,0.36643149642597206,LR
2022-07-01,VCR,0.0598589940063298,0.0194890902236946,1,0.512629307304881,LR
2022-07-08,VCR,-0.0039075592407141,-0.0091080304453632,0,0.4052348535991598,LR
2022-07-15,VCR,0.0543858785509563,0.0258614182351201,1,0.4232736575725802,LR
2022-07-22,VCR,0.0494024604276179,0.0427752250498836,1,0.3468510150968206,LR
2022-07-29,VCR,0.01550562275752,0.0035919364519661,1,0.31729180825350367,LR
2022-08-05,VCR,0.026657404588591,0.0329651342918298,1,0.3625616758661146,LR
2022-08-12,VCR,-0.0145432428194495,-0.0116133071588057,0,0.3155855728754411,LR
2022-08-19,VCR,-0.0317058634420632,-0.0398682394127574,0,0.3432746250681208,LR
2022-08-26,VCR,-0.0207210814541752,-0.0322470210105177,0,0.4196865629932504,LR
2022-09-02,VCR,0.0520437996978775,0.0366104897349125,1,0.4218077776074265,LR
2022-09-09,VCR,-0.0468504207657015,-0.0478510163643668,0,0.2988580772093909,LR
2022-09-16,VCR,-0.0638082772104119,-0.0456738607313935,0,0.48631021885485665,LR
2022-09-23,VCR,-0.0213164372586095,-0.0292703954810727,0,0.5265242188447995,LR
2022-09-30,VCR,-0.0031879623289636,0.0157064246602654,0,0.4613987189070993,LR
2022-10-07,VCR,-0.037919172172848,-0.0142229887914003,0,0.5086144972382912,LR
2022-10-14,VCR,0.0294487273732224,0.0465843676888053,1,0.5603673269520268,LR
2022-10-21,VCR,0.0222972918549448,0.0393544106188454,1,0.47863234967730406,LR
2022-10-28,VCR,-0.0441592091596343,-0.0325687914983983,0,0.45476366285499076,LR
2022-11-04,VCR,0.0580837654041133,0.058881220434134,1,0.5373944690207207,LR
2022-11-11,VCR,-0.0198097179150665,-0.00622312061323,0,0.34762700445170774,LR
2022-11-18,VCR,0.0189276931062947,0.0159078209418455,1,0.37977616655930785,LR
2022-11-25,VCR,0.0265431350701177,0.0113837151812728,1,0.3920570706449251,LR
2022-12-02,VCR,-0.0353574435546183,-0.033496407961408,0,0.36666283394592636,LR
2022-12-09,VCR,-0.0370718071142238,-0.0209774731239118,0,0.4370397766658145,LR
2022-12-16,VCR,-0.0288520627353799,-0.0009391520567787,0,0.35271790520614255,LR
2022-12-23,VCR,0.0019671894495374,-0.0012535187753175,0,0.29844035912968964,LR
2022-12-30,VCR,0.0181859161307751,0.0147737662976695,1,0.3721103477429504,LR
2022-01-07,VDC,-0.0030941728758774,-0.0029393539057953,0,0.2728652858723434,LR
2022-01-14,VDC,-0.0135508904188929,-0.0575399743095204,0,0.24749698943348286,LR
2022-01-21,VDC,-0.0003592284271465,0.0090643260346315,0,0.3437231863536727,LR
2022-01-28,VDC,0.0050000062922841,0.0152730544494363,0,0.3352017788062207,LR
2022-02-04,VDC,-0.0091827518239204,-0.0183640209929873,0,0.2772163593233889,LR
2022-02-11,VDC,0.0095209002457927,-0.0141444064481734,0,0.3578030894279065,LR
2022-02-18,VDC,-0.000152984751171,0.0081062458382179,0,0.38281524326449845,LR
2022-02-25,VDC,0.0134325590840562,-0.0127470201470387,1,0.3650179635227846,LR
2022-03-04,VDC,-0.0531968997262629,-0.0279981207803864,0,0.37938391365662155,LR
2022-03-11,VDC,0.034497570974685,0.0614918727503766,1,0.4372940014255875,LR
2022-03-18,VDC,0.0077812935973167,0.0183794292608987,0,0.34165641986954287,LR
2022-03-25,VDC,0.0232594258728535,0.0005081169431787,1,0.2942129572836111,LR
2022-04-01,VDC,0.0244836302788491,-0.0118122524062973,1,0.3162280355031321,LR
2022-04-08,VDC,0.0015231051764208,-0.0218511809110062,0,0.28536236914820723,LR
2022-04-15,VDC,0.0042252168552576,-0.0268392096480533,0,0.36186812767386844,LR
2022-04-22,VDC,-0.0214191636028829,-0.0329548259126935,0,0.4139553940747969,LR
2022-04-29,VDC,-0.0190481011167364,-0.0016019917341212,0,0.4712137415349091,LR
2022-05-06,VDC,0.0099541208156523,-0.0233870073927929,0,0.3834387459796931,LR
2022-05-13,VDC,-0.0819813026046446,-0.0300956414208131,0,0.3348047226474925,LR
2022-05-20,VDC,0.0526775138810917,0.0657803562801122,1,0.5168847756317934,LR
2022-05-27,VDC,-0.010935174537304,-0.011366193452259,0,0.25050859099498773,LR
2022-06-03,VDC,-0.0331537754512305,-0.0505189803442657,0,0.3531414884908405,LR
2022-06-10,VDC,-0.0259119029716654,-0.0573616683411216,0,0.4772149869935538,LR
2022-06-17,VDC,0.0466611134166752,0.0662000464443783,1,0.5598121837196693,LR
2022-06-24,VDC,0.0021326997253157,-0.0226618600831251,0,0.36460920375044625,LR
2022-07-01,VDC,0.0032674519383704,0.0194890902236945,0,0.41574881729101226,LR
2022-07-08,VDC,0.002352325229765,-0.0091080304453631,0,0.43238269171541405,LR
2022-07-15,VDC,0.0026068855973224,0.0258614182351201,0,0.39150619621163424,LR
2022-07-22,VDC,0.0162222206403206,0.0427752250498835,1,0.43014692881204897,LR
2022-07-29,VDC,0.004494385068827,0.0035919364519659,0,0.35402350279569217,LR
2022-08-05,VDC,0.0092837952781876,0.0329651342918297,0,0.36877055300698547,LR
2022-08-12,VDC,0.0199125031934719,-0.0116133071588057,1,0.2979752301976333,LR
2022-08-19,VDC,-0.025963464484897,-0.0398682394127574,0,0.3240149217244434,LR
2022-08-26,VDC,-0.0194342146343383,-0.0322470210105177,0,0.3998060431546937,LR
2022-09-02,VDC,0.0187893900996567,0.0366104897349123,1,0.41686110910208857,LR
2022-09-09,VDC,-0.0396779580965191,-0.0478510163643668,0,0.2730252258285499,LR
2022-09-16,VDC,-0.0194567280693166,-0.0456738607313934,0,0.41530166515218614,LR
2022-09-23,VDC,-0.0396892287312874,-0.0292703954810728,0,0.3941004297536297,LR
2022-09-30,VDC,-0.0091255737358466,0.0157064246602654,0,0.36347873835493727,LR
2022-10-07,VDC,0.0139099015700692,-0.0142229887914004,1,0.41694927755872097,LR
2022-10-14,VDC,0.0119366008693337,0.0465843676888053,1,0.41364455842083103,LR
2022-10-21,VDC,0.0563930234535503,0.0393544106188454,1,0.4181555506900653,LR
2022-10-28,VDC,-0.0130496606374305,-0.0325687914983982,0,0.3496196544743674,LR
2022-11-04,VDC,0.0201234230060443,0.058881220434134,1,0.4560554428387567,LR
2022-11-11,VDC,0.0196864712276758,-0.00622312061323,1,0.36011611237366076,LR
2022-11-18,VDC,0.0199089396396467,0.0159078209418458,1,0.288879792019317,LR
2022-11-25,VDC,0.0152193328524605,0.0113837151812727,1,0.3352110026838808,LR
2022-12-02,VDC,-0.0129221016137839,-0.0334964079614078,0,0.3313857081267637,LR
2022-12-09,VDC,-0.0239370558767794,-0.0209774731239118,0,0.3715135398723702,LR
2022-12-16,VDC,0.0100334352154127,-0.0009391520567788,1,0.3518191730144493,LR
2022-12-23,VDC,-0.0113025766138731,-0.0012535187753174,0,0.32210231404291234,LR
2022-12-30,VDC,0.0163643908158444,0.0147737662976694,1,0.3689996037393569,LR
2022-01-07,VDE,0.0516174931695845,-0.0029393539057953,1,0.2525699781659617,LR
2022-01-14,VDE,-0.051585961110269,-0.0575399743095203,0,0.3021303179324049,LR
2022-01-21,VDE,0.0774982033437319,0.0090643260346314,1,0.482777206006643,LR
2022-01-28,VDE,0.0522941240079888,0.0152730544494363,1,0.37451405052382924,LR
2022-02-04,VDE,0.0261769412376355,-0.0183640209929874,1,0.32023878687644824,LR
2022-02-11,VDE,-0.0303719250900669,-0.0141444064481734,0,0.43480755412982613,LR
2022-02-18,VDE,-0.0133443771590116,0.008106245838218,0,0.42777727740106347,LR
2022-02-25,VDE,0.1014934932692341,-0.0127470201470386,1,0.3567889924181808,LR
2022-03-04,VDE,0.0065130715132213,-0.0279981207803864,0,0.29016882641414743,LR
2022-03-11,VDE,-0.0142583527633446,0.0614918727503768,0,0.46100409854985575,LR
2022-03-18,VDE,0.0525564537428997,0.0183794292608987,1,0.502281274548992,LR
2022-03-25,VDE,-0.0009218998155776,0.0005081169431787,0,0.27908159826336437,LR
2022-04-01,VDE,0.0199597169090908,-0.0118122524062974,1,0.39841968399921773,LR
2022-04-08,VDE,0.0176999601529119,-0.0218511809110062,1,0.3619591980993079,LR
2022-04-15,VDE,-0.0554866959563399,-0.0268392096480533,0,0.4235114061036509,LR
2022-04-22,VDE,0.0182855977020877,-0.0329548259126935,1,0.5558253827169664,LR
2022-04-29,VDE,0.1022966740804425,-0.0016019917341212,1,0.5328273740296897,LR
2022-05-06,VDE,-0.0113546205142791,-0.0233870073927929,0,0.336149935005203,LR
2022-05-13,VDE,0.0114531026738582,-0.0300956414208131,1,0.512196888810246,LR
2022-05-20,VDE,0.0781414105754572,0.0657803562801122,1,0.5312089769319401,LR
2022-05-27,VDE,-0.0011199951171875,-0.011366193452259,0,0.2681613636674473,LR
2022-06-03,VDE,-0.0133821912770751,-0.0505189803442656,0,0.3524904989821183,LR
2022-06-10,VDE,-0.1455881317982831,-0.0573616683411215,0,0.48534170556625805,LR
2022-06-17,VDE,-0.0506148603815759,0.0662000464443784,0,0.6716473042665501,LR
2022-06-24,VDE,-0.0018833744764528,-0.022661860083125,0,0.41331586805536474,LR
2022-07-01,VDE,-0.0022307971463807,0.0194890902236945,0,0.35778399050906573,LR
2022-07-08,VDE,-0.0175817298675103,-0.0091080304453631,0,0.4801890773607481,LR
2022-07-15,VDE,0.01544285288486,0.0258614182351202,1,0.557631826166698,LR
2022-07-22,VDE,0.0945555875841117,0.0427752250498837,1,0.522607021979748,LR
2022-07-29,VDE,-0.0468373498984552,0.003591936451966,0,0.3476578048946812,LR
2022-08-05,VDE,0.0796529023423362,0.0329651342918298,1,0.5704784806590918,LR
2022-08-12,VDE,0.0505854943876245,-0.0116133071588057,1,0.34208383977609036,LR
2022-08-19,VDE,0.0489316278688405,-0.0398682394127576,1,0.3518596250867191,LR
2022-08-26,VDE,-0.0303914905005592,-0.0322470210105178,0,0.4164774672685461,LR
2022-09-02,VDE,0.0007911045964739,0.0366104897349123,0,0.5240105195720054,LR
2022-09-09,VDE,-0.0397850728786703,-0.0478510163643668,0,0.3575443637877308,LR
2022-09-16,VDE,-0.0692279040143459,-0.0456738607313935,0,0.4706323335924377,LR
2022-09-23,VDE,0.0211097547573082,-0.0292703954810728,1,0.5917903446484855,LR
2022-09-30,VDE,0.0905814571195537,0.0157064246602653,1,0.4421191488321943,LR
2022-10-07,VDE,-0.0212581080107783,-0.0142229887914003,0,0.3488196538463013,LR
2022-10-14,VDE,0.0610340906006712,0.0465843676888053,1,0.6158284038601569,LR
2022-10-21,VDE,0.0268892083435121,0.0393544106188453,1,0.5367663084567906,LR
2022-10-28,VDE,0.0384677052273398,-0.0325687914983983,1,0.4815840653814076,LR
2022-11-04,VDE,0.0149068177286748,0.058881220434134,1,0.5256748271374903,LR
2022-11-11,VDE,-0.0167138909621823,-0.00622312061323,0,0.46071931007434636,LR
2022-11-18,VDE,0.0263031679136342,0.0159078209418457,1,0.4829132112431985,LR
2022-11-25,VDE,0.0065359453276585,0.0113837151812728,0,0.4662149646451323,LR
2022-12-02,VDE,-0.0962051449300807,-0.0334964079614079,0,0.49581910128714324,LR
2022-12-09,VDE,0.0042314149469455,-0.0209774731239118,0,0.615632152524601,LR
2022-12-16,VDE,0.0343502034896379,-0.0009391520567788,1,0.4181485482594446,LR
2022-12-23,VDE,-0.0034510943260248,-0.0012535187753174,0,0.4115731630499644,LR
2022-12-30,VDE,0.0022430558852342,0.0147737662976694,0,0.4987122827464174,LR
2022-01-07,VFH,-0.0113177986317396,-0.0029393539057953,0,0.24392798370767904,LR
2022-01-14,VFH,-0.0587704409202437,-0.0575399743095203,0,0.2649438840527412,LR
2022-01-21,VFH,0.0316442332653388,0.0090643260346314,1,0.41691778963501497,LR
2022-01-28,VFH,0.0407926066492465,0.0152730544494364,1,0.3366127145445542,LR
2022-02-04,VFH,-0.0036577994010281,-0.0183640209929873,0,0.27652283016719753,LR
2022-02-11,VFH,-0.018887172350793,-0.0141444064481734,0,0.3828357704602784,LR
2022-02-18,VFH,0.0047129967786025,0.008106245838218,0,0.40803908036932257,LR
2022-02-25,VFH,-0.0266865925689143,-0.0127470201470386,0,0.35025424466280036,LR
2022-03-04,VFH,-0.0122882828279755,-0.0279981207803864,0,0.4779641939279147,LR
2022-03-11,VFH,0.0535754279774653,0.0614918727503767,1,0.47332255826574815,LR
2022-03-18,VFH,0.0052306728648947,0.0183794292608987,0,0.3614929570541497,LR
2022-03-25,VFH,-0.0271143861786463,0.0005081169431786,0,0.368404528667919,LR
2022-04-01,VFH,-0.0159888985312655,-0.0118122524062973,0,0.42192833541604435,LR
2022-04-08,VFH,-0.0202207729513314,-0.0218511809110063,0,0.3430404727879596,LR
2022-04-15,VFH,-0.0133378438144441,-0.0268392096480531,0,0.38677632356528496,LR
2022-04-22,VFH,-0.0386025501578052,-0.0329548259126936,0,0.5075598336374447,LR
2022-04-29,VFH,0.0059382424955116,-0.0016019917341212,0,0.584657810116103,LR
2022-05-06,VFH,-0.019037313239914,-0.0233870073927929,0,0.4334780940815985,LR
2022-05-13,VFH,-0.0117502952304983,-0.0300956414208131,0,0.45768201222194316,LR
2022-05-20,VFH,0.0630180169581984,0.0657803562801122,1,0.48968059068037795,LR
2022-05-27,VFH,-0.0096020570061564,-0.0113661934522591,0,0.26933974571195,LR
2022-06-03,VFH,-0.0747771632146431,-0.0505189803442657,0,0.36956746819819486,LR
2022-06-10,VFH,-0.0258155936356778,-0.0573616683411216,0,0.4692177668771174,LR
2022-06-17,VFH,0.0253067371348898,0.0662000464443782,1,0.49116960503761453,LR
2022-06-24,VFH,-0.0199173735539941,-0.022661860083125,0,0.36811106064180166,LR
2022-07-01,VFH,0.0221962495346752,0.0194890902236945,1,0.4296072717255797,LR
2022-07-08,VFH,-0.0033277168306128,-0.0091080304453631,0,0.4327897610087253,LR
2022-07-15,VFH,0.0200558752924213,0.0258614182351203,1,0.3797522200442937,LR
2022-07-22,VFH,0.026104176203803,0.0427752250498835,1,0.3533055700362494,LR
2022-07-29,VFH,0.0085054304044431,0.0035919364519659,0,0.3168373896756471,LR
2022-08-05,VFH,0.0492274609595493,0.0329651342918298,1,0.3530990313013798,LR
2022-08-12,VFH,-0.0082939896434987,-0.0116133071588058,0,0.27974240346724233,LR
2022-08-19,VFH,-0.0226068310614182,-0.0398682394127574,0,0.3252925327225381,LR
2022-08-26,VFH,-0.0195269941776011,-0.0322470210105177,0,0.3928929461807407,LR
2022-09-02,VFH,0.0388971411275558,0.0366104897349125,1,0.35445562406361625,LR
2022-09-09,VFH,-0.0397593518363248,-0.0478510163643668,0,0.253323766522046,LR
2022-09-16,VFH,-0.0470456930286121,-0.0456738607313934,0,0.4075336946863687,LR
2022-09-23,VFH,-0.0229688928195773,-0.0292703954810727,0,0.4598721971234639,LR
2022-09-30,VFH,0.0098364725608022,0.0157064246602654,0,0.3766564445319032,LR
2022-10-07,VFH,0.0010483794209699,-0.0142229887914004,0,0.4081489005309229,LR
2022-10-14,VFH,0.010774807300536,0.0465843676888053,1,0.45542339360365297,LR
2022-10-21,VFH,0.0594471650247692,0.0393544106188454,1,0.43475784544227564,LR
2022-10-28,VFH,-0.0007185336358532,-0.0325687914983982,0,0.37326820744151085,LR
2022-11-04,VFH,0.0470181745958877,0.0588812204341339,1,0.46971283458531976,LR
2022-11-11,VFH,-0.015085710797991,-0.0062231206132299,0,0.346729565726197,LR
2022-11-18,VFH,0.0245520194369339,0.0159078209418457,1,0.32427700463107445,LR
2022-11-25,VFH,0.0027459709334041,0.0113837151812728,0,0.3594128899480854,LR
2022-12-02,VFH,-0.0357224982490775,-0.033496407961408,0,0.3849314532796734,LR
2022-12-09,VFH,-0.035450818630608,-0.0209774731239118,0,0.43400136035766596,LR
2022-12-16,VFH,0.0149161617788977,-0.0009391520567788,1,0.38225771063045927,LR
2022-12-23,VFH,0.0043705305128995,-0.0012535187753174,0,0.37761647381070756,LR
2022-12-30,VFH,0.0267643226728446,0.0147737662976695,1,0.44529251548888477,LR
2022-01-07,VGT,0.0128750581260896,-0.0029393539057952,1,0.36648766665012017,LR
2022-01-14,VGT,-0.0575410007592944,-0.0575399743095203,0,0.2737001899868307,LR
2022-01-21,VGT,0.0405199331198,0.0090643260346314,1,0.4524925664632411,LR
2022-01-28,VGT,0.0135931463392584,0.0152730544494363,1,0.3750585307539043,LR
2022-02-04,VGT,-0.0261011538681454,-0.0183640209929874,0,0.35549422930299673,LR
2022-02-11,VGT,-0.0167461132241584,-0.0141444064481734,0,0.4678038578352954,LR
2022-02-18,VGT,0.023391396315137,0.0081062458382179,1,0.48039307138546183,LR
2022-02-25,VGT,-0.0249656138616843,-0.0127470201470386,0,0.4325491515270972,LR
2022-03-04,VGT,-0.0390608726966624,-0.0279981207803864,0,0.4989742550951673,LR
2022-03-11,VGT,0.0883794389388556,0.0614918727503768,1,0.5306364472395418,LR
2022-03-18,VGT,0.0237083257620971,0.0183794292608988,1,0.3458152201043058,LR
2022-03-25,VGT,0.0060567883051936,0.0005081169431786,0,0.35207936399930784,LR
2022-04-01,VGT,-0.0442943502945443,-0.0118122524062974,0,0.3629984667089798,LR
2022-04-08,VGT,-0.0212972326059953,-0.0218511809110063,0,0.3423719480694074,LR
2022-04-15,VGT,-0.0255733048312144,-0.0268392096480533,0,0.3820872359407629,LR
2022-04-22,VGT,-0.0100291197186314,-0.0329548259126935,0,0.4585146389613033,LR
2022-04-29,VGT,-0.0099077592511457,-0.0016019917341212,0,0.5220631663090022,LR
2022-05-06,VGT,-0.0166427905936209,-0.0233870073927929,0,0.4363125586848855,LR
2022-05-13,VGT,-0.0291175770639037,-0.0300956414208131,0,0.45349420801302986,LR
2022-05-20,VGT,0.0743352990951444,0.0657803562801122,1,0.5223273121632156,LR
2022-05-27,VGT,-0.0067009240436832,-0.011366193452259,0,0.2777796236695988,LR
2022-06-03,VGT,-0.0760086561624585,-0.0505189803442658,0,0.39534230782645774,LR
2022-06-10,VGT,-0.0208799167935156,-0.0573616683411216,0,0.48010554105680414,LR
2022-06-17,VGT,0.0587166821218934,0.0662000464443784,1,0.5038263523545251,LR
2022-06-24,VGT,-0.051682222048645,-0.022661860083125,0,0.3472962167138646,LR
2022-07-01,VGT,0.0591837198814664,0.0194890902236945,1,0.49114567398810743,LR
2022-07-08,VGT,0.0012661739341965,-0.0091080304453631,0,0.36234485182988085,LR
2022-07-15,VGT,0.0287836995857611,0.0258614182351203,1,0.37098920824246145,LR
2022-07-22,VGT,0.0490224386788213,0.0427752250498837,1,0.33916182191402616,LR
2022-07-29,VGT,0.0318626941734865,0.0035919364519661,1,0.301265334117634,LR
2022-08-05,VGT,0.0265430305664213,0.0329651342918297,1,0.3421687817178535,LR
2022-08-12,VGT,-0.0166757575786221,-0.0116133071588057,0,0.3150024702967909,LR
2022-08-19,VGT,-0.039564695780326,-0.0398682394127575,0,0.3269602446247289,LR
2022-08-26,VGT,-0.042160068079976,-0.0322470210105177,0,0.4288967012214168,LR
2022-09-02,VGT,0.0345974804302016,0.0366104897349124,1,0.43974665339211355,LR
2022-09-09,VGT,-0.0670124612519164,-0.0478510163643669,0,0.30003183142860507,LR
2022-09-16,VGT,-0.0311304680686284,-0.0456738607313934,0,0.49773904711361167,LR
2022-09-23,VGT,-0.0353388243199703,-0.0292703954810728,0,0.4633369979999349,LR
2022-09-30,VGT,0.0086430060288162,0.0157064246602653,0,0.4610128469805364,LR
2022-10-07,VGT,-0.0379892710297994,-0.0142229887914003,0,0.5001174403920736,LR
2022-10-14,VGT,0.0395522451609045,0.0465843676888054,1,0.5726381746279059,LR
2022-10-21,VGT,0.0388584937969662,0.0393544106188455,1,0.4384756929459409,LR
2022-10-28,VGT,-0.0622395813173521,-0.0325687914983984,0,0.4075925784193516,LR
2022-11-04,VGT,0.0988295870482951,0.058881220434134,1,0.5453026296543413,LR
2022-11-11,VGT,-0.0030912893957013,-0.00622312061323,0,0.2752645840363371,LR
2022-11-18,VGT,0.0164626433073393,0.0159078209418457,1,0.3432003342894625,LR
2022-11-25,VGT,0.0241578747767465,0.0113837151812728,1,0.36393869932102374,LR
2022-12-02,VGT,-0.0267250640867379,-0.0334964079614079,0,0.3245107215140636,LR
2022-12-09,VGT,-0.0301020108976954,-0.0209774731239118,0,0.43897213366838106,LR
2022-12-16,VGT,-0.0228678171094063,-0.0009391520567788,0,0.3895027695092643,LR
2022-12-23,VGT,0.002888672975428,-0.0012535187753174,0,0.4061965524863522,LR
2022-12-30,VGT,-0.0071968510735304,0.0147737662976693,0,0.438736860549806,LR
2022-01-07,VHT,-0.0021448732837421,-0.0029393539057953,0,0.3466188677739953,LR
2022-01-14,VHT,-0.0304065196018372,-0.0575399743095202,0,0.2766631180366688,LR
2022-01-21,VHT,0.0170430590957486,0.0090643260346312,1,0.402192122271959,LR
2022-01-28,VHT,0.018347117526472,0.0152730544494363,1,0.37331936819819705,LR
2022-02-04,VHT,-0.0110344877107632,-0.0183640209929873,0,0.32836701421892034,LR
2022-02-11,VHT,-0.0216989222026259,-0.0141444064481734,0,0.42806167585913507,LR
2022-02-18,VHT,0.0320851364047001,0.008106245838218,1,0.45696543013508595,LR
2022-02-25,VHT,0.0197273401221425,-0.0127470201470386,1,0.38449982860278975,LR
2022-03-04,VHT,-0.0234362466767806,-0.0279981207803864,0,0.4297886599622888,LR
2022-03-11,VHT,0.0600906428032159,0.0614918727503768,1,0.4864471759690123,LR
2022-03-18,VHT,-0.006207770723449,0.0183794292608988,0,0.3381839062974423,LR
2022-03-25,VHT,0.0173347073975813,0.0005081169431786,1,0.3067319638787782,LR
2022-04-01,VHT,0.0270280423716842,-0.0118122524062974,1,0.27052283666234184,LR
2022-04-08,VHT,-0.0248056464870984,-0.0218511809110063,0,0.24846656296765363,LR
2022-04-15,VHT,-0.0375916366318513,-0.0268392096480533,0,0.38861738395909945,LR
2022-04-22,VHT,-0.024759740558329,-0.0329548259126935,0,0.4690023841276505,LR
2022-04-29,VHT,-0.008066234380021,-0.0016019917341211,0,0.5106823133634468,LR
2022-05-06,VHT,0.0026016147361103,-0.0233870073927928,0,0.4482148523875233,LR
2022-05-13,VHT,0.0111991352573026,-0.0300956414208131,1,0.40362315440534513,LR
2022-05-20,VHT,0.0265756707953652,0.0657803562801122,1,0.48210530365166954,LR
2022-05-27,VHT,-0.0209557091960772,-0.0113661934522591,0,0.33662003473137914,LR
2022-06-03,VHT,-0.0415190576481238,-0.0505189803442656,0,0.39362911908066384,LR
2022-06-10,VHT,-0.0227655529750306,-0.0573616683411216,0,0.4500324083975692,LR
2022-06-17,VHT,0.0686437394842955,0.0662000464443784,1,0.5201831368694784,LR
2022-06-24,VHT,0.0007132890011296,-0.0226618600831251,0,0.3496474385847948,LR
2022-07-01,VHT,0.0241652498036712,0.0194890902236945,1,0.4191642551118932,LR
2022-07-08,VHT,-0.0025320684117671,-0.0091080304453631,0,0.3845348345476819,LR
2022-07-15,VHT,-0.003568319281162,0.0258614182351202,0,0.33056963576453136,LR
2022-07-22,VHT,0.0177108657067959,0.0427752250498836,1,0.3643350635663948,LR
2022-07-29,VHT,0.0048427836249138,0.0035919364519659,0,0.2848234168939156,LR
2022-08-05,VHT,0.0134695103955542,0.0329651342918297,1,0.31507456819078244,LR
2022-08-12,VHT,-0.0100498474642445,-0.0116133071588056,0,0.270720721132349,LR
2022-08-19,VHT,-0.0340783577145795,-0.0398682394127575,0,0.31862512111588964,LR
2022-08-26,VHT,-0.014646410835449,-0.0322470210105177,0,0.4033914918026177,LR
2022-09-02,VHT,0.0423947932287593,0.0366104897349124,1,0.40358368094830227,LR
2022-09-09,VHT,-0.0304276068640709,-0.0478510163643668,0,0.2728790360982071,LR
2022-09-16,VHT,-0.0314435868759425,-0.0456738607313934,0,0.4198181184195375,LR
2022-09-23,VHT,-0.0071457131409931,-0.0292703954810727,0,0.42685344790103363,LR
2022-09-30,VHT,0.0027948609812713,0.0157064246602653,0,0.3662834403694523,LR
2022-10-07,VHT,0.0022958246024766,-0.0142229887914004,0,0.3898949550745114,LR
2022-10-14,VHT,0.0126687075710549,0.0465843676888053,1,0.4288856996776188,LR
2022-10-21,VHT,0.0422468856255067,0.0393544106188455,1,0.39607603137925107,LR
2022-10-28,VHT,-0.0134516595152569,-0.0325687914983982,0,0.3283029045079509,LR
2022-11-04,VHT,0.0209281695960963,0.058881220434134,1,0.38905735055472357,LR
2022-11-11,VHT,0.0041252889730929,-0.0062231206132301,0,0.33212113201794874,LR
2022-11-18,VHT,0.020535422300973,0.0159078209418458,1,0.3114959092112667,LR
2022-11-25,VHT,0.0267560415875922,0.0113837151812728,1,0.3594804565210943,LR
2022-12-02,VHT,-0.0135012648583653,-0.0334964079614079,0,0.3416843300612708,LR
2022-12-09,VHT,-0.0208829985058648,-0.0209774731239117,0,0.3839440822465222,LR
2022-12-16,VHT,0.0060355876478903,-0.0009391520567788,0,0.3323316417902193,LR
2022-12-23,VHT,-0.0022926235887061,-0.0012535187753174,0,0.30809879684574853,LR
2022-12-30,VHT,-0.0027753296394403,0.0147737662976694,0,0.36035952521724174,LR
2022-01-07,VIS,-0.0023325122615539,-0.0029393539057953,0,0.35692235469271705,LR
2022-01-14,VIS,-0.0402411938850471,-0.0575399743095203,0,0.2913436736599795,LR
2022-01-21,VIS,-0.0044088062003238,0.0090643260346315,0,0.42258379251044076,LR
2022-01-28,VIS,0.009578302864746,0.0152730544494363,0,0.34787008667261843,LR
2022-02-04,VIS,-0.007406983425068,-0.0183640209929873,0,0.33708992743809224,LR
2022-02-11,VIS,-0.0072452216808275,-0.0141444064481732,0,0.4185900299640948,LR
2022-02-18,VIS,0.0105472283041789,0.0081062458382178,1,0.443290308437161,LR
2022-02-25,VIS,0.016504528868775,-0.0127470201470387,1,0.39410385989112356,LR
2022-03-04,VIS,-0.0172176313550501,-0.0279981207803863,0,0.41989814429576044,LR
2022-03-11,VIS,0.0464580344860743,0.0614918727503767,1,0.4651086258241071,LR
2022-03-18,VIS,0.004771718643892,0.0183794292608987,0,0.33895897395177116,LR
2022-03-25,VIS,-0.0123066110380192,0.0005081169431786,0,0.29271700677101475,LR
2022-04-01,VIS,-0.0325232341501494,-0.0118122524062974,0,0.33104293552837605,LR
2022-04-08,VIS,0.0072386386247484,-0.0218511809110062,0,0.29830608899495953,LR
2022-04-15,VIS,-0.0126379519682968,-0.0268392096480532,0,0.31077259449975964,LR
2022-04-22,VIS,-0.02657030845489,-0.0329548259126935,0,0.4365266747054892,LR
2022-04-29,VIS,-0.0004473124312245,-0.0016019917341212,0,0.5135260816440612,LR
2022-05-06,VIS,-0.0137149232689143,-0.0233870073927929,0,0.4082423039508066,LR
2022-05-13,VIS,-0.0285236668188676,-0.0300956414208132,0,0.40820795211653854,LR
2022-05-20,VIS,0.0539221351322543,0.0657803562801122,1,0.4856991786861372,LR
2022-05-27,VIS,0.0115964735739229,-0.0113661934522591,1,0.2673186265084931,LR
2022-06-03,VIS,-0.0577623388392425,-0.0505189803442656,0,0.34445152442817306,LR
2022-06-10,VIS,-0.0425952593358843,-0.0573616683411216,0,0.45276444623205786,LR
2022-06-17,VIS,0.0266633252160948,0.0662000464443783,1,0.5318881859215171,LR
2022-06-24,VIS,-0.0130444754635888,-0.022661860083125,0,0.33924459293331943,LR
2022-07-01,VIS,0.0187296444498092,0.0194890902236945,1,0.3809169195871145,LR
2022-07-08,VIS,-0.0067592290957285,-0.0091080304453631,0,0.41968081743168056,LR
2022-07-15,VIS,0.0356903695118875,0.0258614182351202,1,0.3995154964961158,LR
2022-07-22,VIS,0.0589891709477439,0.0427752250498837,1,0.3309713335979639,LR
2022-07-29,VIS,0.014189459115812,0.0035919364519661,1,0.27408628331280055,LR
2022-08-05,VIS,0.0323528702894932,0.0329651342918297,1,0.3261655521843719,LR
2022-08-12,VIS,-0.0086486171393594,-0.0116133071588057,0,0.27322709417859914,LR
2022-08-19,VIS,-0.0207599420945144,-0.0398682394127574,0,0.30842456667962187,LR
2022-08-26,VIS,-0.0313509568181712,-0.0322470210105178,0,0.3934356977587988,LR
2022-09-02,VIS,0.0375387053168934,0.0366104897349124,1,0.3832735124575517,LR
2022-09-09,VIS,-0.066218620480082,-0.047851016364367,0,0.2785048316762759,LR
2022-09-16,VIS,-0.0410649758522664,-0.0456738607313935,0,0.4840525181797169,LR
2022-09-23,VIS,-0.0189924847207819,-0.0292703954810727,0,0.46846374104557087,LR
2022-09-30,VIS,0.0168800353357398,0.0157064246602653,1,0.4314730446683229,LR
2022-10-07,VIS,-0.0164517665819206,-0.0142229887914003,0,0.44976594866899094,LR
2022-10-14,VIS,0.027157970004767,0.0465843676888052,1,0.5275748735213132,LR
2022-10-21,VIS,0.0577082922360987,0.0393544106188455,1,0.4286214902248259,LR
2022-10-28,VIS,0.0059819276345889,-0.0325687914983982,0,0.36160891111904037,LR
2022-11-04,VIS,0.0448252696586806,0.0588812204341339,1,0.4496497737777696,LR
2022-11-11,VIS,0.0006431985353656,-0.0062231206132299,0,0.33305550513993665,LR
2022-11-18,VIS,0.0205265552936355,0.0159078209418458,1,0.3226497584466899,LR
2022-11-25,VIS,0.0180525072814254,0.0113837151812727,1,0.34635720382696433,LR
2022-12-02,VIS,-0.0274087755544663,-0.033496407961408,0,0.3470597222824792,LR
2022-12-09,VIS,-0.0190152919139349,-0.0209774731239116,0,0.42652431763704546,LR
2022-12-16,VIS,0.0046156179599772,-0.0009391520567787,0,0.3861054165959049,LR
2022-12-23,VIS,-0.0025667698057806,-0.0012535187753174,0,0.345065942135569,LR
2022-12-30,VIS,0.0216148595866561,0.0147737662976694,1,0.41008193274733384,LR
2022-01-07,VNQ,-0.0079746014099342,-0.0029393539057951,0,0.32172451927599793,LR
2022-01-14,VNQ,-0.0323677852235991,-0.0575399743095203,0,0.2652269292601874,LR
2022-01-21,VNQ,0.007584420683159,0.0090643260346315,0,0.3848829065193382,LR
2022-01-28,VNQ,0.0043033083059715,0.0152730544494363,0,0.39139287937874667,LR
2022-02-04,VNQ,-0.0159139104201211,-0.0183640209929873,0,0.3269305485651531,LR
2022-02-11,VNQ,-0.0135383567962474,-0.0141444064481732,0,0.41893175705751323,LR
2022-02-18,VNQ,0.0243061752071409,0.008106245838218,1,0.4435940859936351,LR
2022-02-25,VNQ,0.0194710301411698,-0.0127470201470386,1,0.40164800794136224,LR
2022-03-04,VNQ,-0.0127607269786239,-0.0279981207803863,0,0.42669240988552287,LR
2022-03-11,VNQ,0.020525602779599,0.0614918727503766,1,0.4626238922591864,LR
2022-03-18,VNQ,-0.0023478586787978,0.0183794292608987,0,0.38026935687303626,LR
2022-03-25,VNQ,0.0390294503377586,0.0005081169431786,1,0.2990076396837025,LR
2022-04-01,VNQ,-0.0066956015766035,-0.0118122524062973,0,0.2641044287159224,LR
2022-04-08,VNQ,-0.0068499407674952,-0.0218511809110062,0,0.2824270368228248,LR
2022-04-15,VNQ,0.0114265161400859,-0.0268392096480533,1,0.33444964434419716,LR
2022-04-22,VNQ,-0.050082213665165,-0.0329548259126937,0,0.37200926502510845,LR
2022-04-29,VNQ,-0.0382208637308789,-0.0016019917341213,0,0.4819242849650199,LR
2022-05-06,VNQ,-0.0224242547545769,-0.0233870073927928,0,0.4088189710500263,LR
2022-05-13,VNQ,-0.0178146159123483,-0.030095641420813,0,0.39173666734837154,LR
2022-05-20,VNQ,0.0486147564213137,0.0657803562801121,1,0.4705719604601251,LR
2022-05-27,VNQ,-0.0111692557962248,-0.011366193452259,0,0.2694251531393174,LR
2022-06-03,VNQ,-0.0652941147484384,-0.0505189803442657,0,0.3734177915321228,LR
2022-06-10,VNQ,-0.031581279675953,-0.0573616683411216,0,0.4793394843146765,LR
2022-06-17,VNQ,0.0520845158635978,0.0662000464443784,1,0.5174621790022703,LR
2022-06-24,VNQ,-0.0032241057702161,-0.022661860083125,0,0.35753512219510974,LR
2022-07-01,VNQ,0.0029409027299951,0.0194890902236945,0,0.43543158711136454,LR
2022-07-08,VNQ,0.0001089794766124,-0.009108030445363,0,0.4580520288076062,LR
2022-07-15,VNQ,0.0225035359102798,0.0258614182351203,1,0.39381943783139345,LR
2022-07-22,VNQ,0.0459782099784189,0.0427752250498837,1,0.35517674055149034,LR
2022-07-29,VNQ,-0.0113762839198089,0.0035919364519661,0,0.27263669912064564,LR
2022-08-05,VNQ,0.0379591961296237,0.0329651342918298,1,0.3285210626818806,LR
2022-08-12,VNQ,-0.0196040336054117,-0.0116133071588057,0,0.2526629090428403,LR
2022-08-19,VNQ,-0.031598087752565,-0.0398682394127574,0,0.2942019343751545,LR
2022-08-26,VNQ,-0.0333509278964848,-0.0322470210105178,0,0.39843175434522976,LR
2022-09-02,VNQ,0.038365677298346,0.0366104897349124,1,0.38525900585878897,LR
2022-09-09,VNQ,-0.0613369516179486,-0.0478510163643668,0,0.27849659412044475,LR
2022-09-16,VNQ,-0.0675011252674402,-0.0456738607313935,0,0.45032195782946466,LR
2022-09-23,VNQ,-0.0339799947874842,-0.0292703954810727,0,0.4696600416501033,LR
2022-09-30,VNQ,-0.0486486364894438,0.0157064246602654,0,0.4339616505769426,LR
2022-10-07,VNQ,-0.018181864688881,-0.0142229887914003,0,0.5132680039638061,LR
2022-10-14,VNQ,0.0077369239266262,0.0465843676888053,0,0.5021071738302926,LR
2022-10-21,VNQ,0.0543215982937423,0.0393544106188454,1,0.4519902029392705,LR
2022-10-28,VNQ,-0.0077764199989877,-0.0325687914983982,0,0.3974755616340691,LR
2022-11-04,VNQ,0.0596906047566381,0.058881220434134,1,0.5030298238883787,LR
2022-11-11,VNQ,-0.0116749752778873,-0.0062231206132301,0,0.35849664318104996,LR
2022-11-18,VNQ,0.0215962914693874,0.0159078209418456,1,0.34667477796323193,LR
2022-11-25,VNQ,0.0124782687877469,0.0113837151812727,1,0.35671243624999704,LR
2022-12-02,VNQ,-0.0176261974031767,-0.0334964079614078,0,0.32507338723011786,LR
2022-12-09,VNQ,-0.022550301859043,-0.0209774731239118,0,0.374956508827988,LR
2022-12-16,VNQ,-0.015000025431315,-0.0009391520567788,0,0.32639612368008464,LR
2022-12-23,VNQ,-0.0027807487617569,-0.0012535187753173,0,0.3093887169947357,LR
2022-12-30,VNQ,0.0144283347848477,0.0147737662976694,1,0.37337617938042805,LR
2022-01-07,VOX,0.0090315914618872,-0.0029393539057953,0,0.3468191233708027,LR
2022-01-14,VOX,-0.0579126926255632,-0.0575399743095204,0,0.28266477828983744,LR
2022-01-21,VOX,0.0163974746247728,0.0090643260346315,1,0.4328068654883499,LR
2022-01-28,VOX,-0.0031413563016922,0.0152730544494364,0,0.3639675086861284,LR
2022-02-04,VOX,-0.0217654535365885,-0.0183640209929874,0,0.2823634236205902,LR
2022-02-11,VOX,-0.0271609096848591,-0.0141444064481734,0,0.3942662626755285,LR
2022-02-18,VOX,0.0236409005355353,0.008106245838218,1,0.4148682619278789,LR
2022-02-25,VOX,-0.025694991581956,-0.0127470201470385,0,0.34332100481258915,LR
2022-03-04,VOX,-0.0316181691674124,-0.0279981207803864,0,0.4358134529299647,LR
2022-03-11,VOX,0.0638469039858828,0.0614918727503768,1,0.4740251179042308,LR
2022-03-18,VOX,0.0171264557513135,0.0183794292608987,1,0.3374126986579858,LR
2022-03-25,VOX,0.0025698847305535,0.0005081169431786,0,0.3280025327037716,LR
2022-04-01,VOX,-0.0281736402186435,-0.0118122524062973,0,0.34627850904531754,LR
2022-04-08,VOX,-0.0142504118401637,-0.0218511809110061,0,0.3255328382826569,LR
2022-04-15,VOX,-0.074924158727889,-0.0268392096480532,0,0.3446623277780089,LR
2022-04-22,VOX,-0.0402331160913744,-0.0329548259126936,0,0.47422402391179297,LR
2022-04-29,VOX,-0.0010755156406323,-0.0016019917341212,0,0.4672049324834851,LR
2022-05-06,VOX,0.0083432293935685,-0.0233870073927928,0,0.3961016865360675,LR
2022-05-13,VOX,-0.0108846081604477,-0.030095641420813,0,0.42251798689120124,LR
2022-05-20,VOX,0.0269116861568532,0.0657803562801122,1,0.5011810344591219,LR
2022-05-27,VOX,-0.0087108161879329,-0.011366193452259,0,0.3221095706827467,LR
2022-06-03,VOX,-0.057131882275839,-0.0505189803442656,0,0.3791313584761621,LR
2022-06-10,VOX,-0.0250918571091699,-0.0573616683411215,0,0.4701931118965633,LR
2022-06-17,VOX,0.0459037261375709,0.0662000464443782,1,0.5062585784026838,LR
2022-06-24,VOX,-0.0384537853014873,-0.0226618600831251,0,0.338202332897508,LR
2022-07-01,VOX,0.0460407077749247,0.0194890902236946,1,0.43338891538809904,LR
2022-07-08,VOX,-0.0129669088255538,-0.009108030445363,0,0.35053548618659924,LR
2022-07-15,VOX,-0.0027941286426647,0.0258614182351202,0,0.3378517484519591,LR
2022-07-22,VOX,0.0105699133996519,0.0427752250498836,1,0.36595587466489143,LR
2022-07-29,VOX,0.0268622631421422,0.0035919364519661,1,0.28918795055161534,LR
2022-08-05,VOX,0.0376301261522544,0.0329651342918298,1,0.3108281515184131,LR
2022-08-12,VOX,-0.0289067400659491,-0.0116133071588057,0,0.250263717748078,LR
2022-08-19,VOX,-0.0304963991884862,-0.0398682394127575,0,0.3165214419603016,LR
2022-08-26,VOX,-0.0208223346702358,-0.0322470210105177,0,0.3764564110577748,LR
2022-09-02,VOX,0.0331937274556259,0.0366104897349122,1,0.3765710695745342,LR
2022-09-09,VOX,-0.061599112543894,-0.047851016364367,0,0.26470951997510933,LR
2022-09-16,VOX,-0.054677099056215,-0.0456738607313935,0,0.4350345516917629,LR
2022-09-23,VOX,-0.0243988813353998,-0.0292703954810727,0,0.38787556496981906,LR
2022-09-30,VOX,0.0051577340891164,0.0157064246602654,0,0.4037410253290964,LR
2022-10-07,VOX,-0.0216769856439982,-0.0142229887914003,0,0.4283999367277919,LR
2022-10-14,VOX,0.0282093339427607,0.0465843676888053,1,0.5209587640777598,LR
2022-10-21,VOX,-0.0071909387358388,0.0393544106188454,0,0.44045917919588096,LR
2022-10-28,VOX,-0.0631541243594018,-0.0325687914983983,0,0.43275511824320123,LR
2022-11-04,VOX,0.0757632626922701,0.058881220434134,1,0.4822638010362036,LR
2022-11-11,VOX,-0.0063968717176545,-0.00622312061323,0,0.2671089869530308,LR
2022-11-18,VOX,0.0110839410545371,0.0159078209418456,1,0.3505906442334567,LR
2022-11-25,VOX,0.0366717387635759,0.0113837151812728,1,0.3719862549929226,LR
2022-12-02,VOX,-0.0441358640291816,-0.0334964079614079,0,0.33049569591510813,LR
2022-12-09,VOX,-0.0320906223708136,-0.0209774731239118,0,0.42307065732424226,LR
2022-12-16,VOX,0.0012209825672531,-0.0009391520567787,0,0.34700663544764776,LR
2022-12-23,VOX,0.005747141449238,-0.0012535187753174,0,0.30851040612662256,LR
2022-12-30,VOX,0.0344537216331704,0.0147737662976694,1,0.3834301755769378,LR
2022-01-07,VPU,-0.0126145215378724,-0.0029393539057951,0,0.27883618387867765,LR
2022-01-14,VPU,-0.0048402794780324,-0.0575399743095204,0,0.24895417985780183,LR
2022-01-21,VPU,-0.0100733460194714,0.0090643260346314,0,0.3342610512546454,LR
2022-01-28,VPU,0.0099573336861298,0.0152730544494363,0,0.3421356715259144,LR
2022-02-04,VPU,-0.0213993579169026,-0.0183640209929874,0,0.3174115343332904,LR
2022-02-11,VPU,-0.0131380742915296,-0.0141444064481733,0,0.3879639438935638,LR
2022-02-18,VPU,0.0190127213191679,0.0081062458382179,1,0.4228123884720545,LR
2022-02-25,VPU,0.052624412960464,-0.0127470201470386,1,0.3623753055647564,LR
2022-03-04,VPU,-0.0076992912797835,-0.0279981207803863,0,0.3379228389756628,LR
2022-03-11,VPU,0.0004542390762829,0.0614918727503768,0,0.4370733535461318,LR
2022-03-18,VPU,0.0251311930704796,0.0183794292608988,1,0.37332481881084434,LR
2022-03-25,VPU,0.036045649410233,0.0005081169431785,1,0.24001238740789846,LR
2022-04-01,VPU,0.0201026103660935,-0.0118122524062974,1,0.24677343661611686,LR
2022-04-08,VPU,-0.0128742149490082,-0.0218511809110062,0,0.267196612066342,LR
2022-04-15,VPU,-0.0226625796572037,-0.0268392096480532,0,0.33401625102823806,LR
2022-04-22,VPU,-0.0425124388397353,-0.0329548259126936,0,0.40395140149531633,LR
2022-04-29,VPU,0.0101764903191796,-0.0016019917341213,1,0.46250477576553783,LR
2022-05-06,VPU,-0.0054511055258875,-0.0233870073927928,0,0.36992614753650294,LR
2022-05-13,VPU,0.0066421534187675,-0.0300956414208132,0,0.36523927083642005,LR
2022-05-20,VPU,0.0391422824197227,0.0657803562801121,1,0.44451409109885615,LR
2022-05-27,VPU,-0.0042464300454176,-0.0113661934522591,0,0.2683704025501318,LR
2022-06-03,VPU,-0.0466825664193895,-0.0505189803442657,0,0.3329189217445849,LR
2022-06-10,VPU,-0.0795262327832185,-0.0573616683411217,0,0.435956236307353,LR
2022-06-17,VPU,0.0567446719118487,0.0662000464443784,1,0.5635933016047737,LR
2022-06-24,VPU,0.0408421948989345,-0.0226618600831251,1,0.34708856196770604,LR
2022-07-01,VPU,-0.0253562522736849,0.0194890902236945,0,0.34456438371002635,LR
2022-07-08,VPU,0.0029723396642864,-0.0091080304453632,0,0.4582349149247715,LR
2022-07-15,VPU,-0.0030328440735243,0.0258614182351201,0,0.37785864894815274,LR
2022-07-22,VPU,0.0645822603866783,0.0427752250498836,1,0.4006067257376279,LR
2022-07-29,VPU,0.005361600019178,0.0035919364519659,0,0.28176973316795945,LR
2022-08-05,VPU,0.0268357270732633,0.0329651342918298,1,0.33165648024241173,LR
2022-08-12,VPU,0.0137554577348122,-0.0116133071588057,1,0.3004739690028745,LR
2022-08-19,VPU,-0.0203583430984796,-0.0398682394127575,0,0.30496317558160957,LR
2022-08-26,VPU,-0.0096535825058405,-0.0322470210105177,0,0.4080642186543124,LR
2022-09-02,VPU,0.0299047892825492,0.0366104897349123,1,0.41735354329898694,LR
2022-09-09,VPU,-0.0375327012958535,-0.0478510163643668,0,0.28971079581831116,LR
2022-09-16,VPU,-0.0266931724471484,-0.0456738607313934,0,0.4457021983677116,LR
2022-09-23,VPU,-0.0884275488122862,-0.0292703954810727,0,0.4258022598293275,LR
2022-09-30,VPU,-0.0392346362043712,0.0157064246602654,0,0.49418297906552416,LR
2022-10-07,VPU,-0.0242498027458134,-0.0142229887914003,0,0.4894099810297229,LR
2022-10-14,VPU,0.0059003319186794,0.0465843676888053,0,0.47869588867011004,LR
2022-10-21,VPU,0.0599856345153595,0.0393544106188454,1,0.4253769296396926,LR
2022-10-28,VPU,-0.0030678822655578,-0.0325687914983982,0,0.38535562873230006,LR
2022-11-04,VPU,0.0180710483662578,0.0588812204341339,1,0.5090879760923336,LR
2022-11-11,VPU,0.012526099680407,-0.00622312061323,1,0.41529409679453955,LR
2022-11-18,VPU,0.0344828498652325,0.0159078209418457,1,0.3757277512298839,LR
2022-11-25,VPU,0.0062366449655411,0.0113837151812728,0,0.3869878516064978,LR
2022-12-02,VPU,0.0035741342313291,-0.0334964079614078,0,0.39589135173943674,LR
2022-12-09,VPU,-0.0214161792617666,-0.0209774731239118,0,0.39849252391571044,LR
2022-12-16,VPU,0.0154626014579484,-0.0009391520567788,1,0.3287063633841275,LR
2022-12-23,VPU,-0.0064140295044764,-0.0012535187753174,0,0.3175895212146269,LR
2022-12-30,VPU,0.0038313937063714,0.0147737662976694,0,0.35576503071721877,LR
2023-01-06,VAW,0.0350117772398621,0.0268501448219581,1,0.34987518951313795,LR
2023-01-13,VAW,-0.0111932060081693,-0.0065747789806016,0,0.3119952297349265,LR
2023-01-20,VAW,0.0120991966457013,0.0247551496907841,1,0.4297983111729969,LR
2023-01-27,VAW,0.0146037200798834,0.0164415298066745,1,0.34852270089354165,LR
2023-02-03,VAW,-0.0145636771674142,-0.0104521361591976,0,0.36076101387739323,LR
2023-02-10,VAW,-0.002535729588121,-0.0019116440318575,0,0.41387198828385896,LR
2023-02-17,VAW,-0.0019997811454703,-0.0267150623489119,0,0.41768163124573976,LR
2023-02-24,VAW,0.0399203072338285,0.0197031709799602,1,0.44576124820432006,LR
2023-03-03,VAW,-0.0765491563283342,-0.0452263139741583,0,0.32142007313601334,LR
2023-03-10,VAW,-0.0244774130701617,0.0144293202238743,0,0.45755439156728817,LR
2023-03-17,VAW,0.0113853345532359,0.0147696543578197,1,0.4392599341213225,LR
2023-03-24,VAW,0.0413446535751684,0.0344660616936246,1,0.2786812310458242,LR
2023-03-31,VAW,-0.0186837340003378,-0.0004884259210719,0,0.26921463982672755,LR
2023-04-07,VAW,0.0210223335727177,0.0079913639468869,1,0.38279705989759805,LR
2023-04-14,VAW,-0.0055130274404985,-0.0006302507243142,0,0.3582623552695891,LR
2023-04-21,VAW,-0.0028269351150754,0.009048906782623,0,0.40865069472396054,LR
2023-04-28,VAW,-0.0103618244987845,-0.0079339519711157,0,0.4572282566724519,LR
2023-05-05,VAW,-0.02513790663093,-0.0025204263565861,0,0.4776324209989624,LR
2023-05-12,VAW,0.0045354041090488,0.0170801605808707,0,0.44991914039188446,LR
2023-05-19,VAW,-0.0303573489411667,0.0033443563748826,0,0.3705482382140497,LR
2023-05-26,VAW,0.0301333826451264,0.0188083730741394,1,0.3729382104941617,LR
2023-06-02,VAW,0.0069339937892689,0.0046270638543728,0,0.24403121069830017,LR
2023-06-09,VAW,0.0292648804710706,0.026035020435416,1,0.2922273272775597,LR
2023-06-16,VAW,-0.0135445877734156,-0.0142220692809864,0,0.29965035284540464,LR
2023-06-23,VAW,0.036216619715544,0.0232452062218863,1,0.332277920637996,LR
2023-06-30,VAW,-0.0153990156935674,-0.0106706208128628,0,0.27792065433050045,LR
2023-07-07,VAW,0.0331964738485572,0.0244670996880478,1,0.2992865527564957,LR
2023-07-14,VAW,0.0091802878457991,0.0064546965235746,0,0.25805169026551816,LR
2023-07-21,VAW,0.0179180297469163,0.0104826655310453,1,0.22873830242087764,LR
2023-07-28,VAW,-0.0243720930986245,-0.0221262717907627,0,0.30362722096743805,LR
2023-08-04,VAW,-0.0135193307275139,-0.0025964912628961,0,0.36271502848855874,LR
2023-08-11,VAW,-0.0193740384297116,-0.0205318026394305,0,0.36822712746049424,LR
2023-08-18,VAW,-0.0011798598725645,0.0079496581641183,0,0.4166822567261615,LR
2023-08-25,VAW,0.0355198155759515,0.0255017259383801,1,0.37168908344589024,LR
2023-09-01,VAW,-0.0261569284602679,-0.0125666832544011,0,0.3552155563239654,LR
2023-09-08,VAW,-0.0059414297694921,-0.0013155141436967,0,0.4172747279135801,LR
2023-09-15,VAW,-0.0348141706274572,-0.0292081830499174,0,0.4035248859481299,LR
2023-09-22,VAW,0.0037235243860085,-0.0068303770747737,0,0.4422473980899859,LR
2023-09-29,VAW,-0.0084302148153615,0.0048188796112286,0,0.43569539021617587,LR
2023-10-06,VAW,-0.0020044590713242,0.0045630356705738,0,0.43294689039348067,LR
2023-10-13,VAW,-0.0339640323660646,-0.0238934097639196,0,0.3621465077953021,LR
2023-10-20,VAW,0.0022052104768854,-0.024953199354972,0,0.4348521457648699,LR
2023-10-27,VAW,0.0441469937053915,0.0584641094341799,1,0.3681608852231743,LR
2023-11-03,VAW,-0.0176293696467259,0.0136187848373018,0,0.27406591524500656,LR
2023-11-10,VAW,0.0454518703945447,0.0231045218752731,1,0.38108332645192505,LR
2023-11-17,VAW,0.0104574957078964,0.0100046019096104,1,0.3154528336655345,LR
2023-11-24,VAW,0.0350500139614169,0.0083461453986382,1,0.29597295005341806,LR
2023-12-01,VAW,-0.0082526410944823,0.0023959234030568,0,0.3353517385120852,LR
2023-12-08,VAW,0.0432270194687332,0.0239739874827965,1,0.35608004759427636,LR
2023-12-15,VAW,0.0076210768174858,0.0092046470361864,0,0.2533695820078841,LR
2023-12-22,VAW,-0.0030443093536007,0.0035046304052257,0,0.2579782430625551,LR
2023-12-29,VAW,-0.0115484869694858,-0.0155475915559556,0,0.33230505977314423,LR
2023-01-06,VCR,0.051565088595761,0.026850144821958,1,0.3231485509666899,LR
2023-01-13,VCR,-0.0071266747551341,-0.0065747789806015,0,0.30017348957669004,LR
2023-01-20,VCR,0.0590687038014825,0.0247551496907842,1,0.3954957538731868,LR
2023-01-27,VCR,0.0340886296047304,0.0164415298066747,1,0.27778985640709714,LR
2023-02-03,VCR,-0.0233083714703938,-0.0104521361591976,0,0.32578214782547266,LR
2023-02-10,VCR,0.0190168809059521,-0.0019116440318574,1,0.38529369156436727,LR
2023-02-17,VCR,-0.0253960865051006,-0.0267150623489121,0,0.37671480482565745,LR
2023-02-24,VCR,0.0068329860061242,0.01970317097996,0,0.4343010736680594,LR
2023-03-03,VCR,-0.0576375989666909,-0.0452263139741584,0,0.3803146828640138,LR
2023-03-10,VCR,0.0308779897039368,0.0144293202238743,1,0.46938603602519063,LR
2023-03-17,VCR,0.0024298359382906,0.0147696543578197,0,0.4603524696449169,LR
2023-03-24,VCR,0.0471432569917245,0.0344660616936245,1,0.36534711694097516,LR
2023-03-31,VCR,-0.0228070221335789,-0.000488425921072,0,0.3342382755231438,LR
2023-04-07,VCR,0.0243801910484289,0.0079913639468869,1,0.419685926535452,LR
2023-04-14,VCR,0.003811422059146,-0.0006302507243141,0,0.39466803590389277,LR
2023-04-21,VCR,0.0010383581911008,0.0090489067826229,0,0.3982472056898742,LR
2023-04-28,VCR,-0.0020798729054714,-0.0079339519711157,0,0.4504603172292226,LR
2023-05-05,VCR,0.0011203698887358,-0.0025204263565862,0,0.4520269178560931,LR
2023-05-12,VCR,0.0194174786875942,0.0170801605808708,1,0.4286254012686162,LR
2023-05-19,VCR,-0.00278074142786,0.0033443563748827,0,0.36130557731787555,LR
2023-05-26,VCR,0.0230668410731864,0.0188083730741396,1,0.37626900860517426,LR
2023-06-02,VCR,0.0242853530140798,0.0046270638543728,1,0.2874868607208332,LR
2023-06-09,VCR,0.0241541505076945,0.026035020435416,1,0.30107078039408314,LR
2023-06-16,VCR,-0.0019166743828804,-0.0142220692809863,0,0.27110304718696454,LR
2023-06-23,VCR,0.0313183026670207,0.0232452062218864,1,0.2936477890141165,LR
2023-06-30,VCR,-0.0114435311064632,-0.0106706208128627,0,0.2478077491624241,LR
2023-07-07,VCR,0.0354828021314646,0.0244670996880478,1,0.2866536002740409,LR
2023-07-14,VCR,-0.0173351362637457,0.0064546965235748,0,0.2488648476334823,LR
2023-07-21,VCR,0.0145716496089076,0.0104826655310452,1,0.25001019641546124,LR
2023-07-28,VCR,-0.008118089666945,-0.0221262717907626,0,0.270028799522562,LR
2023-08-04,VCR,-0.0153501691359769,-0.0025964912628962,0,0.3089184295565354,LR
2023-08-11,VCR,-0.0343724697615557,-0.0205318026394305,0,0.331951531259214,LR
2023-08-18,VCR,0.0015583961106679,0.0079496581641182,0,0.39573807296756736,LR
2023-08-25,VCR,0.0299736837915105,0.0255017259383801,1,0.3202109419635977,LR
2023-09-01,VCR,-0.0073516756463738,-0.0125666832544009,0,0.3172703818431372,LR
2023-09-08,VCR,0.0025842158847639,-0.0013155141436967,0,0.3627957207728842,LR
2023-09-15,VCR,-0.0575936352488318,-0.0292081830499174,0,0.36080965599466647,LR
2023-09-22,VCR,0.0018596348015034,-0.0068303770747737,0,0.4483339187245551,LR
2023-09-29,VCR,-0.0035849805520103,0.0048188796112288,0,0.40700656748659475,LR
2023-10-06,VCR,0.0032994354571953,0.0045630356705739,0,0.4015465895221249,LR
2023-10-13,VCR,-0.042768516512839,-0.0238934097639196,0,0.3481900358584907,LR
2023-10-20,VCR,-0.0086990786925155,-0.024953199354972,0,0.4532824699239944,LR
2023-10-27,VCR,0.066310939806927,0.05846410943418,1,0.4385582850131063,LR
2023-11-03,VCR,-0.001108561432347,0.0136187848373017,0,0.2452743110075533,LR
2023-11-10,VCR,0.0451910371225012,0.023104521875273,1,0.3525674170129961,LR
2023-11-17,VCR,0.009826294921835,0.0100046019096104,0,0.3219600025292649,LR
2023-11-24,VCR,0.0212593374273051,0.0083461453986381,1,0.28410988055617736,LR
2023-12-01,VCR,0.0175181710583902,0.0023959234030569,1,0.33821589508090444,LR
2023-12-08,VCR,0.0395934818831251,0.0239739874827963,1,0.3757269262271419,LR
2023-12-15,VCR,0.0022643074739272,0.0092046470361863,0,0.2697869779437189,LR
2023-12-22,VCR,-0.0050312279504288,0.0035046304052257,0,0.27218046142280544,LR
2023-12-29,VCR,-0.0321324570839,-0.0155475915559555,0,0.30690260512426726,LR
2023-01-06,VDC,-0.0093366446099282,0.0268501448219579,0,0.30520119429206427,LR
2023-01-13,VDC,-0.0274227916106744,-0.0065747789806017,0,0.3329424012648291,LR
2023-01-20,VDC,0.0036654651640573,0.0247551496907841,0,0.37535087827875707,LR
2023-01-27,VDC,0.0123528888313622,0.0164415298066746,1,0.2765961418359908,LR
2023-02-03,VDC,-0.0049395818514548,-0.0104521361591975,0,0.3393225276103206,LR
2023-02-10,VDC,0.009061699819959,-0.0019116440318574,0,0.3857008508401937,LR
2023-02-17,VDC,-0.0079802817384332,-0.026715062348912,0,0.40062711511580473,LR
2023-02-24,VDC,-0.0062171123055699,0.0197031709799602,0,0.39954729388282606,LR
2023-03-03,VDC,-0.0232421846375853,-0.0452263139741582,0,0.3349604830857622,LR
2023-03-10,VDC,0.0136718220801386,0.0144293202238742,1,0.3622393497188925,LR
2023-03-17,VDC,0.0106969031766714,0.0147696543578197,1,0.34073312599820477,LR
2023-03-24,VDC,0.0201908470755478,0.0344660616936244,1,0.26544957568828786,LR
2023-03-31,VDC,0.0071284927368036,-0.0004884259210719,0,0.23428328553869954,LR
2023-04-07,VDC,0.0025213826407204,0.007991363946887,0,0.29650757481497536,LR
2023-04-14,VDC,0.0166589782203443,-0.0006302507243142,1,0.30718931608513267,LR
2023-04-21,VDC,0.0112462104081583,0.0090489067826229,1,0.32755888970121794,LR
2023-04-28,VDC,-0.0007989034640408,-0.0079339519711157,0,0.3088560511388323,LR
2023-05-05,VDC,0.0005512986068487,-0.002520426356586,0,0.3645762127651698,LR
2023-05-12,VDC,-0.0162491879868978,0.0170801605808708,0,0.30468455549942963,LR
2023-05-19,VDC,-0.0267793226548741,0.0033443563748826,0,0.3013491374690228,LR
2023-05-26,VDC,0.0114364074620298,0.0188083730741394,1,0.31396792434653203,LR
2023-06-02,VDC,-0.0028061804639915,0.0046270638543728,0,0.22821670268835914,LR
2023-06-09,VDC,0.0188060037720907,0.0260350204354159,1,0.2859731275474571,LR
2023-06-16,VDC,-0.0039926227316746,-0.0142220692809862,0,0.2741784043012455,LR
2023-06-23,VDC,0.0004630393990945,0.0232452062218863,0,0.30861458013630033,LR
2023-06-30,VDC,-0.009058595746843,-0.0106706208128627,0,0.2954249686608776,LR
2023-07-07,VDC,0.0104242009671549,0.0244670996880477,1,0.33662081266301325,LR
2023-07-14,VDC,0.0199279631142732,0.0064546965235748,1,0.28774774055502184,LR
2023-07-21,VDC,0.007265767312516,0.0104826655310452,0,0.2437593338519413,LR
2023-07-28,VDC,-0.0169771610276086,-0.0221262717907627,0,0.2592351157747545,LR
2023-08-04,VDC,0.0021375039808824,-0.0025964912628962,0,0.3220849587373447,LR
2023-08-11,VDC,-0.0241092269667763,-0.0205318026394305,0,0.2871724358735664,LR
2023-08-18,VDC,-0.0045837568684621,0.0079496581641183,0,0.33597762180928387,LR
2023-08-25,VDC,-0.0043820560654821,0.0255017259383801,0,0.27956427578893095,LR
2023-09-01,VDC,-0.0060310150023958,-0.0125666832544009,0,0.33312909875403784,LR
2023-09-08,VDC,0.0037366808820242,-0.0013155141436968,0,0.4048448362034315,LR
2023-09-15,VDC,-0.0209095657929381,-0.0292081830499172,0,0.3965091782381354,LR
2023-09-22,VDC,-0.0216902475646982,-0.0068303770747737,0,0.41776299373130765,LR
2023-09-29,VDC,-0.030414457709404,0.0048188796112288,0,0.3744574489576476,LR
2023-10-06,VDC,0.0032949033407758,0.0045630356705739,0,0.40582125437783795,LR
2023-10-13,VDC,0.0033265467741332,-0.0238934097639196,0,0.3165915356764849,LR
2023-10-20,VDC,-0.0070961619968492,-0.024953199354972,0,0.3811421958831163,LR
2023-10-27,VDC,0.0289167242052692,0.0584641094341799,1,0.40784585577269156,LR
2023-11-03,VDC,-0.0003838962710267,0.0136187848373016,0,0.27479028459659866,LR
2023-11-10,VDC,0.007632327184909,0.023104521875273,0,0.3015550763411712,LR
2023-11-17,VDC,0.0169973251877513,0.0100046019096105,1,0.2902506570577143,LR
2023-11-24,VDC,0.0089770369290094,0.0083461453986382,0,0.267133098691903,LR
2023-12-01,VDC,-0.0040687110345988,0.0023959234030568,0,0.31348909849287054,LR
2023-12-08,VDC,0.0121527081431158,0.0239739874827964,1,0.3339935393310056,LR
2023-12-15,VDC,-0.0055783471990343,0.0092046470361863,0,0.22547100463721606,LR
2023-12-22,VDC,0.0107447949864138,0.0035046304052258,1,0.2376863620354775,LR
2023-12-29,VDC,0.0015237141392012,-0.0155475915559555,0,0.2982386077372005,LR
2023-01-06,VDE,0.0147441962129091,0.0268501448219579,1,0.44601967811424814,LR
2023-01-13,VDE,0.0026397423887771,-0.0065747789806016,0,0.36146989614350133,LR
2023-01-20,VDE,0.0038125156610135,0.0247551496907841,0,0.4648027337231106,LR
2023-01-27,VDE,-0.0469198632918671,0.0164415298066746,0,0.3985121761225516,LR
2023-02-03,VDE,0.0468541353815417,-0.0104521361591976,1,0.4344156604527171,LR
2023-02-10,VDE,-0.0570027053742822,-0.0019116440318574,0,0.3413198236375913,LR
2023-02-17,VDE,0.0092473826747878,-0.0267150623489121,0,0.492780098128006,LR
2023-02-24,VDE,0.032536892700469,0.0197031709799602,1,0.49652148771434124,LR
2023-03-03,VDE,-0.0527360283169214,-0.0452263139741584,0,0.35446016367336586,LR
2023-03-10,VDE,-0.0498255626550456,0.0144293202238742,0,0.5153756572086824,LR
2023-03-17,VDE,0.0119496075183274,0.0147696543578197,1,0.5155527636717511,LR
2023-03-24,VDE,0.0496186845081723,0.0344660616936246,1,0.30932207913567866,LR
2023-03-31,VDE,-0.018017275562627,-0.000488425921072,0,0.2946552938828102,LR
2023-04-07,VDE,0.0231070865678677,0.0079913639468869,1,0.39605199603984403,LR
2023-04-14,VDE,-0.0262190993122778,-0.0006302507243141,0,0.4453077619470805,LR
2023-04-21,VDE,0.0061085697665541,0.0090489067826228,0,0.4438233652886257,LR
2023-04-28,VDE,-0.0435610870886095,-0.0079339519711157,0,0.43943933030753946,LR
2023-05-05,VDE,-0.0328659486028062,-0.0025204263565861,0,0.5264702644056931,LR
2023-05-12,VDE,0.0115894234923032,0.0170801605808707,1,0.43442809163303536,LR
2023-05-19,VDE,-0.0067506428993148,0.0033443563748826,0,0.38390160206212876,LR
2023-05-26,VDE,0.0313024103315113,0.0188083730741395,1,0.431719875111906,LR
2023-06-02,VDE,0.0032031373992935,0.0046270638543727,0,0.34292108614752564,LR
2023-06-09,VDE,0.0103519809504812,0.026035020435416,1,0.36177659200920065,LR
2023-06-16,VDE,-0.0272767462483163,-0.0142220692809864,0,0.3658455484548038,LR
2023-06-23,VDE,0.0423822364593751,0.0232452062218864,1,0.4028861721703143,LR
2023-06-30,VDE,-0.0044208665494757,-0.0106706208128626,0,0.2952693152714709,LR
2023-07-07,VDE,0.0096162572747917,0.0244670996880478,0,0.37166229232394865,LR
2023-07-14,VDE,0.0403503891018139,0.0064546965235747,1,0.33080673354063556,LR
2023-07-21,VDE,0.0149873352695157,0.0104826655310451,1,0.2588359092862374,LR
2023-07-28,VDE,0.0049590750038419,-0.0221262717907628,0,0.31414657678871666,LR
2023-08-04,VDE,0.0291516334632033,-0.0025964912628962,1,0.355746680716684,LR
2023-08-11,VDE,-0.0082987625124475,-0.0205318026394305,0,0.36817383100613393,LR
2023-08-18,VDE,-0.0177898966617195,0.0079496581641183,0,0.4100172438645568,LR
2023-08-25,VDE,0.0349007564223278,0.0255017259383801,1,0.34434561046504797,LR
2023-09-01,VDE,0.0066406726837158,-0.0125666832544011,0,0.31565681311102434,LR
2023-09-08,VDE,-0.0044029607188155,-0.0013155141436968,0,0.3864599823525368,LR
2023-09-15,VDE,-0.0324765364123034,-0.0292081830499173,0,0.3662062289572053,LR
2023-09-22,VDE,0.0080330428686035,-0.0068303770747738,0,0.4048259479177355,LR
2023-09-29,VDE,-0.0518793408598299,0.0048188796112286,0,0.3911214719412212,LR
2023-10-06,VDE,0.0180493376969395,0.0045630356705738,1,0.4984755934207804,LR
2023-10-13,VDE,0.0002373133330257,-0.0238934097639197,0,0.3182645931828668,LR
2023-10-20,VDE,-0.0503706035971679,-0.024953199354972,0,0.39478588821037186,LR
2023-10-27,VDE,0.0226816120550048,0.05846410943418,1,0.5195047009015961,LR
2023-11-03,VDE,-0.0467540768976123,0.0136187848373018,0,0.27015791287433427,LR
2023-11-10,VDE,0.0129637240346816,0.0231045218752729,1,0.3823307734168558,LR
2023-11-17,VDE,-0.0045956137228889,0.0100046019096104,0,0.3118470761437687,LR
2023-11-24,VDE,0.0060749345350681,0.0083461453986381,0,0.3105114954819774,LR
2023-12-01,VDE,-0.027813009468795,0.0023959234030569,0,0.3777447505909799,LR
2023-12-08,VDE,0.0240104585428844,0.0239739874827964,1,0.43999566011816227,LR
2023-12-15,VDE,-0.0048535718079888,0.0092046470361864,0,0.2904745393955878,LR
2023-12-22,VDE,-0.0221777856258493,0.0035046304052257,0,0.28918581251682257,LR
2023-12-29,VDE,0.0022889477327614,-0.0155475915559557,0,0.3609721351052342,LR
2023-01-06,VFH,0.0209668384828267,0.0268501448219578,1,0.3358464541636505,LR
2023-01-13,VFH,-0.0168095327913918,-0.0065747789806016,0,0.35344534573807634,LR
2023-01-20,VFH,0.0266186324307891,0.0247551496907843,1,0.401276940142776,LR
2023-01-27,VFH,0.0220780101442203,0.0164415298066747,1,0.30659346708113294,LR
2023-02-03,VFH,-0.0014565518590248,-0.0104521361591975,0,0.35453025406309446,LR
2023-02-10,VFH,0.0002245148462796,-0.0019116440318575,0,0.4016872313594092,LR
2023-02-17,VFH,-0.0112181061050371,-0.026715062348912,0,0.40150006560983376,LR
2023-02-24,VFH,0.0,0.0197031709799602,0,0.40826818493302347,LR
2023-03-03,VFH,-0.0935365708718076,-0.0452263139741582,0,0.3636273275292808,LR
2023-03-10,VFH,-0.0244569378904581,0.0144293202238742,0,0.46008287841032486,LR
2023-03-17,VFH,-0.0121260809942608,0.0147696543578196,0,0.4083784499154337,LR
2023-03-24,VFH,0.0204375412180204,0.0344660616936246,1,0.2794485108740136,LR
2023-03-31,VFH,-0.0102761135265688,-0.000488425921072,0,0.285996540535841,LR
2023-04-07,VFH,0.0281177254711042,0.007991363946887,1,0.4295990531032054,LR
2023-04-14,VFH,0.0134382001127966,-0.0006302507243141,1,0.44429834960059517,LR
2023-04-21,VFH,-0.0035061204252054,0.009048906782623,0,0.421121944117124,LR
2023-04-28,VFH,-0.0390879824418783,-0.0079339519711158,0,0.45837972808999783,LR
2023-05-05,VFH,-0.0192954913262816,-0.0025204263565861,0,0.5066812630956139,LR
2023-05-12,VFH,0.0232925953706972,0.0170801605808708,1,0.41929928886214773,LR
2023-05-19,VFH,-0.010252408495174,0.0033443563748827,0,0.3572192490365087,LR
2023-05-26,VFH,0.0229647623563262,0.0188083730741395,1,0.3728891625562459,LR
2023-06-02,VFH,0.0128754939074633,0.0046270638543728,1,0.25710691389336754,LR
2023-06-09,VFH,0.0119640965856271,0.0260350204354159,1,0.2765128888426074,LR
2023-06-16,VFH,-0.0198044121300855,-0.0142220692809863,0,0.2502339792404618,LR
2023-06-23,VFH,0.026924500530711,0.0232452062218864,1,0.3082603553276594,LR
2023-06-30,VFH,-0.0043034362011713,-0.0106706208128625,0,0.2709495050516634,LR
2023-07-07,VFH,0.0265432287145543,0.0244670996880479,1,0.3241082234338809,LR
2023-07-14,VFH,0.031795729597273,0.0064546965235747,1,0.30076611711126516,LR
2023-07-21,VFH,0.0008167992685752,0.0104826655310451,0,0.1996201286102385,LR
2023-07-28,VFH,-0.0103513257070744,-0.0221262717907625,0,0.27632047282607247,LR
2023-08-04,VFH,-0.0083089421864194,-0.0025964912628962,0,0.34389402371187877,LR
2023-08-11,VFH,-0.0261507398959726,-0.0205318026394305,0,0.34353528789327226,LR
2023-08-18,VFH,-0.0031515410452177,0.0079496581641183,0,0.43255089108314076,LR
2023-08-25,VFH,0.0199830632430331,0.0255017259383799,1,0.3434130339164725,LR
2023-09-01,VFH,-0.0103436302493018,-0.0125666832544011,0,0.3720357303175068,LR
2023-09-08,VFH,0.0096902168139121,-0.0013155141436968,0,0.4044240267660538,LR
2023-09-15,VFH,-0.0278964688237699,-0.0292081830499172,0,0.38001464153111925,LR
2023-09-22,VFH,-0.015927505611512,-0.0068303770747737,0,0.410620829479129,LR
2023-09-29,VFH,-0.0028693032238759,0.0048188796112286,0,0.3886354838740285,LR
2023-10-06,VFH,0.0103430841000258,0.0045630356705738,1,0.39174322078215207,LR
2023-10-13,VFH,-0.0358027669220005,-0.0238934097639196,0,0.3077099213830988,LR
2023-10-20,VFH,-0.0197419197328628,-0.024953199354972,0,0.37803111909952797,LR
2023-10-27,VFH,0.0688888450074041,0.05846410943418,1,0.42255283779258995,LR
2023-11-03,VFH,-0.0004884713130477,0.0136187848373016,0,0.22939704049527457,LR
2023-11-10,VFH,0.0396319430298599,0.0231045218752731,1,0.315276399696763,LR
2023-11-17,VFH,0.0125355394819373,0.0100046019096105,1,0.280389402854536,LR
2023-11-24,VFH,0.0307294751529705,0.0083461453986382,1,0.2847457299054397,LR
2023-12-01,VFH,0.0088100300872238,0.0023959234030569,0,0.34808280659489427,LR
2023-12-08,VFH,0.0384397244109473,0.0239739874827964,1,0.3611108247796867,LR
2023-12-15,VFH,-0.0039151780565497,0.0092046470361863,0,0.2564288817407571,LR
2023-12-22,VFH,0.0070953118824177,0.0035046304052257,0,0.2428836797374439,LR
2023-12-29,VFH,0.004032727483183,-0.0155475915559555,0,0.28731497831322333,LR
2023-01-06,VGT,0.0379429427559019,0.026850144821958,1,0.39507282282227707,LR
2023-01-13,VGT,0.0098838347332288,-0.0065747789806016,0,0.32580409021342344,LR
2023-01-20,VGT,0.0370915847437101,0.0247551496907843,1,0.4142728067629615,LR
2023-01-27,VGT,0.0513667951500307,0.0164415298066747,1,0.3242509478674041,LR
2023-02-03,VGT,-0.0024037176555418,-0.0104521361591976,0,0.37166924089290637,LR
2023-02-10,VGT,-0.0062296978147351,-0.0019116440318573,0,0.40318638401581064,LR
2023-02-17,VGT,-0.0132440778067367,-0.026715062348912,0,0.42403880484940176,LR
2023-02-24,VGT,0.0182510612713768,0.0197031709799602,1,0.43410260229346326,LR
2023-03-03,VGT,-0.0424624152910045,-0.0452263139741582,0,0.3578838385485197,LR
2023-03-10,VGT,0.0587674117762004,0.0144293202238744,1,0.4427887183034461,LR
2023-03-17,VGT,0.0176485407433923,0.0147696543578197,1,0.3678759953573445,LR
2023-03-24,VGT,0.0352079073608375,0.0344660616936245,1,0.33256342298329106,LR
2023-03-31,VGT,-0.008767314051719,-0.000488425921072,0,0.31771397617588965,LR
2023-04-07,VGT,0.0110844837183614,0.0079913639468869,1,0.37986087698433485,LR
2023-04-14,VGT,-0.0052869148476232,-0.0006302507243141,0,0.37317881064011066,LR
2023-04-21,VGT,0.0195765667944183,0.0090489067826229,1,0.4032898376538869,LR
2023-04-28,VGT,0.0054937519497098,-0.0079339519711158,0,0.4177130927337202,LR
2023-05-05,VGT,0.0003113279180855,-0.002520426356586,0,0.4366739048559595,LR
2023-05-12,VGT,0.0398590303910355,0.0170801605808707,1,0.39370096130521615,LR
2023-05-19,VGT,0.0465866595827828,0.0033443563748827,1,0.3147862305383168,LR
2023-05-26,VGT,-0.0013186962599833,0.0188083730741394,0,0.2998181796363251,LR
2023-06-02,VGT,-0.003446374096337,0.0046270638543728,0,0.2687758579874876,LR
2023-06-09,VGT,0.0348188641557862,0.0260350204354159,1,0.2648080335914596,LR
2023-06-16,VGT,-0.018786805311529,-0.0142220692809864,0,0.20827373662363252,LR
2023-06-23,VGT,0.0309163207142066,0.0232452062218864,1,0.26357251270121695,LR
2023-06-30,VGT,-0.015597436186819,-0.0106706208128627,0,0.22421515574481485,LR
2023-07-07,VGT,0.0340796391341617,0.0244670996880478,1,0.275660753375841,LR
2023-07-14,VGT,-0.0027386524457413,0.0064546965235748,0,0.2870359948054704,LR
2023-07-21,VGT,0.0057558030904829,0.0104826655310452,0,0.25201282739409725,LR
2023-07-28,VGT,-0.0392524789219501,-0.0221262717907627,0,0.27648323088173854,LR
2023-08-04,VGT,-0.0308153398864583,-0.0025964912628961,0,0.3381022336914834,LR
2023-08-11,VGT,-0.0123158912372932,-0.0205318026394304,0,0.34141666029910744,LR
2023-08-18,VGT,0.0164211281953252,0.0079496581641182,1,0.37676131463250095,LR
2023-08-25,VGT,0.0382362794857424,0.0255017259383801,1,0.31923627461753334,LR
2023-09-01,VGT,-0.0202573477580473,-0.0125666832544012,0,0.30906417708880374,LR
2023-09-08,VGT,-0.0310454628684303,-0.0013155141436968,0,0.39540706318108093,LR
2023-09-15,VGT,-0.0230363976936243,-0.0292081830499171,0,0.40304095797880934,LR
2023-09-22,VGT,0.0021012852202799,-0.0068303770747737,0,0.43308819155801764,LR
2023-09-29,VGT,0.0216517447483577,0.0048188796112287,1,0.4394242095655567,LR
2023-10-06,VGT,0.0048933381748157,0.0045630356705739,0,0.3834549114392883,LR
2023-10-13,VGT,-0.032411843307601,-0.0238934097639197,0,0.31337849155964004,LR
2023-10-20,VGT,-0.0142014712022036,-0.024953199354972,0,0.4139507411939053,LR
2023-10-27,VGT,0.0607367735223207,0.0584641094341801,1,0.4105074376261958,LR
2023-11-03,VGT,0.0399953684206328,0.0136187848373016,1,0.26280933149210567,LR
2023-11-10,VGT,0.0270044825098536,0.0231045218752729,1,0.29323839843331917,LR
2023-11-17,VGT,0.0076048152616112,0.0100046019096104,0,0.29812801051551574,LR
2023-11-24,VGT,0.012177049552607,0.0083461453986382,1,0.27843511790936054,LR
2023-12-01,VGT,0.0152897413508674,0.0023959234030568,1,0.30971221806053517,LR
2023-12-08,VGT,0.0347846422080735,0.0239739874827965,1,0.39414422256736636,LR
2023-12-15,VGT,0.0036525458664595,0.0092046470361863,0,0.26278527294235954,LR
2023-12-22,VGT,-0.0012175165446032,0.0035046304052256,0,0.25754907391193893,LR
2023-12-29,VGT,-0.0321979702524058,-0.0155475915559556,0,0.31783018780374,LR
2023-01-06,VHT,0.0029807681847173,0.0268501448219579,0,0.33668966258631833,LR
2023-01-13,VHT,-0.0096412403772101,-0.0065747789806016,0,0.3386569314702277,LR
2023-01-20,VHT,-0.0063204471723948,0.0247551496907843,0,0.3580213086168475,LR
2023-01-27,VHT,0.0031034117715307,0.0164415298066746,0,0.28985366920227523,LR
2023-02-03,VHT,-0.0048939517258456,-0.0104521361591975,0,0.3449441633754588,LR
2023-02-10,VHT,0.0005738620503179,-0.0019116440318575,0,0.38753418313537824,LR
2023-02-17,VHT,-0.0213539224150671,-0.026715062348912,0,0.4062887603749144,LR
2023-02-24,VHT,0.0036516059483211,0.0197031709799602,0,0.41598002903318465,LR
2023-03-03,VHT,-0.0453024426573094,-0.0452263139741583,0,0.3127924539361856,LR
2023-03-10,VHT,0.0177142803485577,0.0144293202238742,1,0.36499367527865684,LR
2023-03-17,VHT,0.0071050647445618,0.0147696543578196,0,0.32805406800314957,LR
2023-03-24,VHT,0.013429679647791,0.0344660616936245,1,0.25927678913210805,LR
2023-03-31,VHT,0.0266409781936671,-0.0004884259210721,1,0.24982253187518977,LR
2023-04-07,VHT,0.0104247702276889,0.0079913639468869,1,0.2960658307787912,LR
2023-04-14,VHT,0.0002828807395642,-0.0006302507243141,0,0.30474313531917757,LR
2023-04-21,VHT,-0.0074719935057547,0.009048906782623,0,0.32925150042779106,LR
2023-04-28,VHT,0.0024797780264631,-0.0079339519711158,0,0.31444640938130847,LR
2023-05-05,VHT,-0.0093446674770631,-0.0025204263565861,0,0.3866751598979536,LR
2023-05-12,VHT,-0.0071279566130576,0.0170801605808708,0,0.3481602658339849,LR
2023-05-19,VHT,-0.0299600749607855,0.0033443563748827,0,0.30585675139056706,LR
2023-05-26,VHT,0.0273079869585555,0.0188083730741395,1,0.3115992146380191,LR
2023-06-02,VHT,-0.0015335949830546,0.0046270638543728,0,0.23605815341057812,LR
2023-06-09,VHT,0.0131339002358676,0.026035020435416,1,0.28737972184453275,LR
2023-06-16,VHT,0.0079970422139916,-0.0142220692809863,0,0.2885832405418222,LR
2023-06-23,VHT,0.0020464963368165,0.0232452062218864,0,0.3074608527602525,LR
2023-06-30,VHT,-0.0235275052852563,-0.0106706208128628,0,0.2993760842453621,LR
2023-07-07,VHT,0.0228770391889496,0.0244670996880476,1,0.3399000075956187,LR
2023-07-14,VHT,0.0316356853031085,0.0064546965235748,1,0.2789901616588175,LR
2023-07-21,VHT,-0.0081300546031379,0.0104826655310453,0,0.23975190655443676,LR
2023-07-28,VHT,-0.0203934166436249,-0.0221262717907626,0,0.2949761358476414,LR
2023-08-04,VHT,0.0179537198863934,-0.0025964912628962,1,0.32294618916971485,LR
2023-08-11,VHT,-0.0166418379066148,-0.0205318026394304,0,0.28026777149543364,LR
2023-08-18,VHT,0.0017223627575677,0.0079496581641182,0,0.35400857992387297,LR
2023-08-25,VHT,0.0013064099870996,0.02550172593838,0,0.30100176734868633,LR
2023-09-01,VHT,-0.0139410293723593,-0.0125666832544011,0,0.31104331541667973,LR
2023-09-08,VHT,-0.0013624615907984,-0.0013155141436967,0,0.3974731652035155,LR
2023-09-15,VHT,-0.0164036077622484,-0.0292081830499172,0,0.40548520993135373,LR
2023-09-22,VHT,-0.0116034410987715,-0.0068303770747737,0,0.4396421974178997,LR
2023-09-29,VHT,0.008526239235844,0.0048188796112286,0,0.4068331319930763,LR
2023-10-06,VHT,0.0019100851277096,0.0045630356705739,0,0.38059369362709516,LR
2023-10-13,VHT,-0.0204684148858038,-0.0238934097639195,0,0.3183822719150994,LR
2023-10-20,VHT,-0.0372831586469577,-0.0249531993549721,0,0.4018400488424086,LR
2023-10-27,VHT,0.0310941336385273,0.0584641094341799,1,0.4167287086548708,LR
2023-11-03,VHT,-0.0177280345326629,0.0136187848373017,0,0.2712933241207659,LR
2023-11-10,VHT,0.0206636952041829,0.023104521875273,1,0.33120274187987575,LR
2023-11-17,VHT,0.0252657645199694,0.0100046019096105,1,0.28302849505707434,LR
2023-11-24,VHT,0.0103495789886431,0.0083461453986381,1,0.28077827929542537,LR
2023-12-01,VHT,0.0047146400089435,0.0023959234030569,0,0.32163644985815226,LR
2023-12-08,VHT,0.0167142161015918,0.0239739874827963,1,0.3573162001512529,LR
2023-12-15,VHT,0.0069731662821967,0.0092046470361864,0,0.2567932911034731,LR
2023-12-22,VHT,0.0093811727537995,0.0035046304052256,0,0.2596601124919316,LR
2023-12-29,VHT,0.0198237765668385,-0.0155475915559556,1,0.3150103241198578,LR
2023-01-06,VIS,0.0182975173291042,0.0268501448219579,1,0.33648933015515503,LR
2023-01-13,VIS,-0.0275071574016256,-0.0065747789806017,0,0.3319696072285964,LR
2023-01-20,VIS,0.0214916022821372,0.0247551496907842,1,0.4034942052750215,LR
2023-01-27,VIS,0.0302328319536047,0.0164415298066747,1,0.2933201495097505,LR
2023-02-03,VIS,-0.0052396583040787,-0.0104521361591975,0,0.3481311827651,LR
2023-02-10,VIS,0.0103666744709025,-0.0019116440318574,1,0.39662918981100914,LR
2023-02-17,VIS,-0.0189309773513853,-0.026715062348912,0,0.4019858907371913,LR
2023-02-24,VIS,0.0211629336228009,0.0197031709799602,1,0.4081289718195686,LR
2023-03-03,VIS,-0.0504722368141719,-0.0452263139741584,0,0.29590392705668933,LR
2023-03-10,VIS,-0.0176368457661979,0.0144293202238743,0,0.3941169774013767,LR
2023-03-17,VIS,0.0007127851485693,0.0147696543578197,0,0.4136543355856344,LR
2023-03-24,VIS,0.0377491698804903,0.0344660616936245,1,0.2722108978701518,LR
2023-03-31,VIS,-0.0365700212590393,-0.000488425921072,0,0.24792576860880894,LR
2023-04-07,VIS,0.028513525723903,0.0079913639468869,1,0.37474026403251304,LR
2023-04-14,VIS,0.0071215790381093,-0.0006302507243141,0,0.34114273352265223,LR
2023-04-21,VIS,-0.0046454608987372,0.0090489067826229,0,0.37553667336990487,LR
2023-04-28,VIS,0.0004772316100158,-0.0079339519711158,0,0.4285111955060526,LR
2023-05-05,VIS,-0.0121494008843666,-0.0025204263565861,0,0.4371151652956706,LR
2023-05-12,VIS,0.011649075246769,0.0170801605808708,1,0.41817615734244773,LR
2023-05-19,VIS,-0.0120851151962445,0.0033443563748826,0,0.33482982324290983,LR
2023-05-26,VIS,0.0253475155003186,0.0188083730741395,1,0.34798430899408866,LR
2023-06-02,VIS,0.0168954043963811,0.0046270638543729,1,0.2557140224439507,LR
2023-06-09,VIS,0.0269525214078711,0.026035020435416,1,0.2889493248923833,LR
2023-06-16,VIS,-0.0098460675863376,-0.0142220692809863,0,0.26466017396615765,LR
2023-06-23,VIS,0.0388698068325501,0.0232452062218864,1,0.31137140824438136,LR
2023-06-30,VIS,-0.0079616551459937,-0.0106706208128627,0,0.2663637158705369,LR
2023-07-07,VIS,0.0245607399622782,0.0244670996880478,1,0.2949206478133656,LR
2023-07-14,VIS,0.010775400143163,0.0064546965235748,1,0.2518653936557278,LR
2023-07-21,VIS,0.0050493633800099,0.0104826655310451,0,0.21656921011188934,LR
2023-07-28,VIS,-0.0183339072593274,-0.0221262717907627,0,0.28959161837557884,LR
2023-08-04,VIS,0.0001921363191799,-0.0025964912628962,0,0.3459306945252091,LR
2023-08-11,VIS,-0.0239834196526399,-0.0205318026394306,0,0.33085787822954243,LR
2023-08-18,VIS,0.0012792486705806,0.0079496581641182,0,0.3916028164435276,LR
2023-08-25,VIS,0.0215657894511023,0.0255017259383801,1,0.3185197911919809,LR
2023-09-01,VIS,-0.0283231432270784,-0.0125666832544011,0,0.30082752489084963,LR
2023-09-08,VIS,-0.0067061173071307,-0.0013155141436968,0,0.41621830209369487,LR
2023-09-15,VIS,-0.0276328842098269,-0.0292081830499172,0,0.38982695456745153,LR
2023-09-22,VIS,0.0005644820295982,-0.0068303770747736,0,0.438153719317457,LR
2023-09-29,VIS,-0.0035987711069395,0.0048188796112287,0,0.42742101912781677,LR
2023-10-06,VIS,0.0037146015266031,0.0045630356705738,0,0.40541167363661007,LR
2023-10-13,VIS,-0.0361611257727494,-0.0238934097639196,0,0.3299473920583273,LR
2023-10-20,VIS,-0.023176699572183,-0.0249531993549721,0,0.38958358556175415,LR
2023-10-27,VIS,0.05071095215932,0.0584641094341798,1,0.3825927857986304,LR
2023-11-03,VIS,0.0076092325323344,0.0136187848373016,0,0.25932448868114355,LR
2023-11-10,VIS,0.0370787959481921,0.023104521875273,1,0.3351217483368776,LR
2023-11-17,VIS,0.0078569532788641,0.0100046019096104,0,0.3078554789766566,LR
2023-11-24,VIS,0.0269247568437389,0.0083461453986382,1,0.291903374639452,LR
2023-12-01,VIS,0.0102462457859962,0.0023959234030568,1,0.3088617608162395,LR
2023-12-08,VIS,0.0383571949331498,0.0239739874827963,1,0.337490556479022,LR
2023-12-15,VIS,0.0014167431198417,0.0092046470361863,0,0.25509191820817023,LR
2023-12-22,VIS,0.0041911447859686,0.0035046304052257,0,0.25366899976610124,LR
2023-12-29,VIS,-0.0200109867740433,-0.0155475915559555,0,0.29143865692634185,LR
2023-01-06,VNQ,0.041824207715676,0.026850144821958,1,0.3082556674630655,LR
2023-01-13,VNQ,-0.0070206673573525,-0.0065747789806015,0,0.2853192816153693,LR
2023-01-20,VNQ,0.0301026166649296,0.0247551496907843,1,0.3575402715471103,LR
2023-01-27,VNQ,0.0258870745784782,0.0164415298066747,1,0.2916602049788329,LR
2023-02-03,VNQ,-0.0092511447032256,-0.0104521361591976,0,0.3170536490082584,LR
2023-02-10,VNQ,-0.0111998462276839,-0.0019116440318574,0,0.3663205211989416,LR
2023-02-17,VNQ,-0.0327277001004796,-0.0267150623489121,0,0.4027914091293739,LR
2023-02-24,VNQ,0.0045065794490701,0.0197031709799601,0,0.45666725641500605,LR
2023-03-03,VNQ,-0.074659385500464,-0.0452263139741583,0,0.3712930458362525,LR
2023-03-10,VNQ,0.0019903428700607,0.0144293202238743,0,0.46842748239152515,LR
2023-03-17,VNQ,-0.0292016096555266,0.0147696543578197,0,0.41795335392363675,LR
2023-03-24,VNQ,0.0476911263867982,0.0344660616936245,1,0.33469069520337724,LR
2023-03-31,VNQ,-0.0066313363343142,-0.0004884259210721,0,0.29660961196311586,LR
2023-04-07,VNQ,-0.0098780190072408,0.0079913639468869,0,0.3982908309971886,LR
2023-04-14,VNQ,0.0145338129042102,-0.0006302507243141,1,0.4117966333379213,LR
2023-04-21,VNQ,0.0114133369893163,0.009048906782623,1,0.3862289937318898,LR
2023-04-28,VNQ,-0.0038410719505681,-0.0079339519711157,0,0.40572784334038764,LR
2023-05-05,VNQ,-0.0094191378129793,-0.0025204263565862,0,0.43345739474307154,LR
2023-05-12,VNQ,-0.0215406679141846,0.0170801605808707,0,0.3757515196656067,LR
2023-05-19,VNQ,-0.0145395569926286,0.0033443563748826,0,0.34780043915722,LR
2023-05-26,VNQ,0.0299069766104129,0.0188083730741395,1,0.3350574469683688,LR
2023-06-02,VNQ,0.0100170985671912,0.0046270638543727,1,0.23285227257099306,LR
2023-06-09,VNQ,0.015734633008313,0.0260350204354158,1,0.2842150057912161,LR
2023-06-16,VNQ,-0.0417364910132906,-0.0142220692809863,0,0.2706261295541594,LR
2023-06-23,VNQ,0.0428054464338505,0.0232452062218863,1,0.3228028231378006,LR
2023-06-30,VNQ,0.0035958654040566,-0.0106706208128628,0,0.2286634826325406,LR
2023-07-07,VNQ,0.0318676889159441,0.0244670996880478,1,0.30283764881625347,LR
2023-07-14,VNQ,0.003142784676489,0.0064546965235747,0,0.2869347876152337,LR
2023-07-21,VNQ,-0.0173993738073263,0.0104826655310452,0,0.27595368733549636,LR
2023-07-28,VNQ,-0.0224865034990662,-0.0221262717907626,0,0.31973432005278485,LR
2023-08-04,VNQ,0.0009609829556118,-0.0025964912628962,0,0.3422887442316251,LR
2023-08-11,VNQ,-0.0330568568252769,-0.0205318026394305,0,0.36249364877344503,LR
2023-08-18,VNQ,0.0085981612636292,0.0079496581641182,0,0.4428115985557974,LR
2023-08-25,VNQ,0.0153808299696374,0.02550172593838,1,0.376381654901273,LR
2023-09-01,VNQ,-0.0085074982818098,-0.0125666832544011,0,0.3658860408638282,LR
2023-09-08,VNQ,0.0014689082335819,-0.0013155141436967,0,0.4316388510891884,LR
2023-09-15,VNQ,-0.0534163946656719,-0.0292081830499172,0,0.42074166113045136,LR
2023-09-22,VNQ,-0.0190586496000874,-0.0068303770747737,0,0.49039335511831006,LR
2023-09-29,VNQ,-0.0144543683112542,0.0048188796112287,0,0.4337564985717442,LR
2023-10-06,VNQ,0.0223456339072463,0.0045630356705738,1,0.4272931442477806,LR
2023-10-13,VNQ,-0.0476189854912032,-0.0238934097639197,0,0.3400699327787192,LR
2023-10-20,VNQ,-0.0066918072559548,-0.024953199354972,0,0.46547260592970174,LR
2023-10-27,VNQ,0.0824497210875165,0.05846410943418,1,0.471657942391583,LR
2023-11-03,VNQ,-0.0237634503426724,0.0136187848373017,0,0.23460424970686644,LR
2023-11-10,VNQ,0.0545115824847075,0.023104521875273,1,0.3845074582293162,LR
2023-11-17,VNQ,0.0092370412274993,0.0100046019096104,0,0.3029961725609407,LR
2023-11-24,VNQ,0.0493733666834106,0.0083461453986381,1,0.28075906591470906,LR
2023-12-01,VNQ,0.0031182795010202,0.0023959234030569,0,0.32186079712554627,LR
2023-12-08,VNQ,0.0590210908459896,0.0239739874827964,1,0.37340314897576543,LR
2023-12-15,VNQ,-0.0111611938876076,0.0092046470361863,0,0.26519447299347354,LR
2023-12-22,VNQ,0.0077554779061244,0.0035046304052258,0,0.2533914395420904,LR
2023-12-29,VNQ,-0.0163543712833239,-0.0155475915559556,0,0.31885590308240735,LR
2023-01-06,VOX,0.0353103788285631,0.026850144821958,1,0.29403801744980806,LR
2023-01-13,VOX,0.0169378683824843,-0.0065747789806016,1,0.3033497803077062,LR
2023-01-20,VOX,0.0381370230896831,0.0247551496907843,1,0.380961986417372,LR
2023-01-27,VOX,0.0564671107744836,0.0164415298066746,1,0.32059766735527223,LR
2023-02-03,VOX,-0.048186666467693,-0.0104521361591976,0,0.3387813539668329,LR
2023-02-10,VOX,0.0051129460052912,-0.0019116440318574,0,0.43088988220094315,LR
2023-02-17,VOX,-0.0295598377963153,-0.0267150623489121,0,0.3980214634126523,LR
2023-02-24,VOX,0.0174379944348428,0.0197031709799602,1,0.4463166289792902,LR
2023-03-03,VOX,-0.0577768178449156,-0.0452263139741583,0,0.39073065492480336,LR
2023-03-10,VOX,0.0578227256330561,0.0144293202238742,1,0.4833817074640811,LR
2023-03-17,VOX,0.027003521949297,0.0147696543578197,1,0.4299054690737459,LR
2023-03-24,VOX,0.0240465742200663,0.0344660616936244,1,0.37799561722499614,LR
2023-03-31,VOX,0.0205016265561697,-0.000488425921072,1,0.34450473156201183,LR
2023-04-07,VOX,0.0126373749553001,0.0079913639468869,1,0.39805743979085584,LR
2023-04-14,VOX,-0.0140599621536939,-0.0006302507243141,0,0.3958907110494726,LR
2023-04-21,VOX,0.0290262259238911,0.0090489067826229,1,0.46417132911641923,LR
2023-04-28,VOX,-0.0255164461112996,-0.0079339519711158,0,0.39141767222415236,LR
2023-05-05,VOX,0.02227541788744,-0.0025204263565861,1,0.47297426797407766,LR
2023-05-12,VOX,0.0271206768256055,0.0170801605808708,1,0.39065668935591,LR
2023-05-19,VOX,0.0058496562990313,0.0033443563748828,0,0.33427887890219465,LR
2023-05-26,VOX,0.0080125791827407,0.0188083730741394,0,0.3691354065399771,LR
2023-06-02,VOX,0.0073901416111821,0.0046270638543727,0,0.3077136520215109,LR
2023-06-09,VOX,0.0214484534130698,0.0260350204354159,1,0.30155306367908574,LR
2023-06-16,VOX,-0.0099479206196035,-0.0142220692809863,0,0.2551967905392931,LR
2023-06-23,VOX,0.0199558105600099,0.0232452062218864,1,0.3161736297565251,LR
2023-06-30,VOX,0.0018845244776473,-0.0106706208128627,0,0.27220500984965246,LR
2023-07-07,VOX,0.0325340774246896,0.0244670996880479,1,0.32047253624129723,LR
2023-07-14,VOX,-0.019763258087679,0.0064546965235748,0,0.2711974338909135,LR
2023-07-21,VOX,0.0389490873947913,0.0104826655310453,1,0.25283277932904746,LR
2023-07-28,VOX,-0.025723181387618,-0.0221262717907628,0,0.24506566994568083,LR
2023-08-04,VOX,-0.0087272644042968,-0.0025964912628961,0,0.31781945452565175,LR
2023-08-11,VOX,-0.0287975417472258,-0.0205318026394306,0,0.31711047389809516,LR
2023-08-18,VOX,0.0003792634404511,0.0079496581641182,0,0.34312819395061805,LR
2023-08-25,VOX,0.0239932544321268,0.0255017259383801,1,0.3499765528718576,LR
2023-09-01,VOX,-0.0057143110284059,-0.0125666832544011,0,0.31175341430008946,LR
2023-09-08,VOX,-0.0001844878972137,-0.0013155141436966,0,0.3644712508712119,LR
2023-09-15,VOX,-0.0267048545282734,-0.0292081830499172,0,0.36969032898278237,LR
2023-09-22,VOX,0.0029558085059748,-0.0068303770747738,0,0.42117671105218724,LR
2023-09-29,VOX,0.017180875312807,0.0048188796112287,1,0.40979850542553403,LR
2023-10-06,VOX,0.00224864476924,0.0045630356705739,0,0.38417165392139657,LR
2023-10-13,VOX,-0.0135775978893971,-0.0238934097639196,0,0.3332387172954676,LR
2023-10-20,VOX,-0.0494572724370095,-0.0249531993549721,0,0.3793045063102642,LR
2023-10-27,VOX,0.0696414492573476,0.05846410943418,1,0.3555361065113275,LR
2023-11-03,VOX,0.006718164024815,0.0136187848373017,0,0.21823288923897227,LR
2023-11-10,VOX,0.031525737214769,0.023104521875273,1,0.3004043780559391,LR
2023-11-17,VOX,0.0149267593791331,0.0100046019096105,1,0.31526182860152696,LR
2023-11-24,VOX,-0.0057446002396229,0.0083461453986382,0,0.29425760492530884,LR
2023-12-01,VOX,0.0200557215448775,0.0023959234030567,1,0.3686481450773604,LR
2023-12-08,VOX,0.0139011834680875,0.0239739874827962,1,0.3862207462879693,LR
2023-12-15,VOX,0.0227826325789743,0.0092046470361864,1,0.3077421817141521,LR
2023-12-22,VOX,-8.495825996146511e-05,0.0035046304052257,0,0.28762487684919724,LR
2023-12-29,VOX,-0.0055584189525271,-0.0155475915559556,0,0.3370896728118896,LR
2023-01-06,VPU,0.0057575325340022,0.0268501448219578,0,0.30597622949922926,LR
2023-01-13,VPU,-0.0297125873867157,-0.0065747789806017,0,0.31368297220153285,LR
2023-01-20,VPU,-0.0005313970736167,0.0247551496907843,0,0.3509590158218388,LR
2023-01-27,VPU,-0.0059396650520564,0.0164415298066746,0,0.2720398484342392,LR
2023-02-03,VPU,-0.0022920071881097,-0.0104521361591975,0,0.33532165743726927,LR
2023-02-10,VPU,0.0115485336023106,-0.0019116440318574,1,0.37440023071664064,LR
2023-02-17,VPU,-0.0205894069380161,-0.0267150623489121,0,0.3971149432168959,LR
2023-02-24,VPU,-0.0108041696642888,0.0197031709799602,0,0.42853495711916856,LR
2023-03-03,VPU,-0.0277720502415262,-0.0452263139741582,0,0.3521736276081282,LR
2023-03-10,VPU,0.0410724064547809,0.0144293202238743,1,0.3979273449599535,LR
2023-03-17,VPU,-0.0213988158295405,0.0147696543578198,0,0.37100451643941423,LR
2023-03-24,VPU,0.0272265416439774,0.0344660616936245,1,0.34273610817614664,LR
2023-03-31,VPU,0.0332630404215208,-0.000488425921072,1,0.2677900983069036,LR
2023-04-07,VPU,-0.0088044608271544,0.007991363946887,0,0.28613506059931954,LR
2023-04-14,VPU,0.0090690887534203,-0.0006302507243141,0,0.3459847792920986,LR
2023-04-21,VPU,-0.0104421509255714,0.0090489067826229,0,0.32299034762349943,LR
2023-04-28,VPU,0.0026779752851944,-0.0079339519711158,0,0.3295378088788283,LR
2023-05-05,VPU,0.000868320075825,-0.0025204263565861,0,0.4073007939819218,LR
2023-05-12,VPU,-0.0435940302945611,0.0170801605808708,0,0.35712116229645496,LR
2023-05-19,VPU,-0.0236110687255859,0.0033443563748826,0,0.36435532976835866,LR
2023-05-26,VPU,0.0073805497062269,0.0188083730741394,0,0.32376604358841443,LR
2023-06-02,VPU,0.0166667399918383,0.0046270638543728,1,0.23577186236448278,LR
2023-06-09,VPU,0.0105728609516417,0.026035020435416,1,0.283379834832163,LR
2023-06-16,VPU,-0.0262292954320713,-0.0142220692809863,0,0.3007710254399988,LR
2023-06-23,VPU,-0.0025257883493636,0.0232452062218863,0,0.3560531428600186,LR
2023-06-30,VPU,0.0,-0.0106706208128625,0,0.30849511872206603,LR
2023-07-07,VPU,0.0250794982354027,0.0244670996880476,1,0.35233977046227244,LR
2023-07-14,VPU,0.0273186046634339,0.0064546965235748,1,0.31324847244586335,LR
2023-07-21,VPU,-0.0229823145289596,0.0104826655310452,0,0.24059270319322348,LR
2023-07-28,VPU,-0.0466885885787556,-0.0221262717907627,0,0.3017793194556009,LR
2023-08-04,VPU,0.0051612990731406,-0.0025964912628962,0,0.3294031894924673,LR
2023-08-11,VPU,-0.0190673298023342,-0.0205318026394305,0,0.29920993345628777,LR
2023-08-18,VPU,0.0042332811788101,0.0079496581641182,0,0.3869832945083247,LR
2023-08-25,VPU,-0.0154348179913949,0.0255017259383799,0,0.3426362327165754,LR
2023-09-01,VPU,0.0089220377336072,-0.0125666832544011,0,0.3753764948843697,LR
2023-09-08,VPU,0.0269875122994904,-0.0013155141436967,1,0.40662032776441215,LR
2023-09-15,VPU,-0.0185699078881587,-0.0292081830499172,0,0.38119303654108777,LR
2023-09-22,VPU,-0.0695944031813261,-0.0068303770747737,0,0.43863041759051724,LR
2023-09-29,VPU,-0.022942258883096,0.0048188796112287,0,0.47704248170644237,LR
2023-10-06,VPU,0.0346026250692685,0.0045630356705738,1,0.40437076112328657,LR
2023-10-13,VPU,-0.0233772302438637,-0.0238934097639195,0,0.3067038740031197,LR
2023-10-20,VPU,0.0186570142604951,-0.0249531993549721,1,0.4535289507709433,LR
2023-10-27,VPU,0.0502201125929324,0.0584641094341799,1,0.4287460769417248,LR
2023-11-03,VPU,-0.0276947008832051,0.0136187848373018,0,0.2734086275362806,LR
2023-11-10,VPU,0.0371514444523277,0.023104521875273,1,0.38433701627589445,LR
2023-11-17,VPU,0.0085214486474105,0.0100046019096104,0,0.30834505850978083,LR
2023-11-24,VPU,0.0153424796346848,0.0083461453986382,1,0.276098869863358,LR
2023-12-01,VPU,0.0056538971925801,0.0023959234030567,0,0.35158503312123285,LR
2023-12-08,VPU,0.0141558455802446,0.0239739874827962,1,0.37507819191516906,LR
2023-12-15,VPU,-0.0197211288881089,0.0092046470361864,0,0.2840549717418605,LR
2023-12-22,VPU,0.0104682159353284,0.0035046304052257,1,0.27352043351238264,LR
2023-12-29,VPU,0.0211220351676184,-0.0155475915559556,1,0.328688351641794,LR
2024-01-05,VAW,-0.0074755263601035,0.0187210167398704,0,0.2964537554829832,LR
2024-01-12,VAW,-0.006218291486731,0.0120626307877614,0,0.3153349603530159,LR
2024-01-19,VAW,0.0083219057096799,0.0103228040605926,0,0.30905039755900154,LR
2024-01-26,VAW,0.0048068475928171,0.0142384879325669,0,0.26811861566479217,LR
2024-02-02,VAW,0.017709872737867,0.0138566541657945,1,0.2417847175797157,LR
2024-02-09,VAW,0.0218914599351718,-0.0033718277658709,1,0.3564496049772887,LR
2024-02-16,VAW,0.0215490112918137,0.0166962716814539,1,0.35269638587970914,LR
2024-02-23,VAW,0.0149675559082329,0.0098454133542092,1,0.304772149935713,LR
2024-03-01,VAW,0.0158746611856033,-0.0022034627682529,1,0.3160735324580184,LR
2024-03-08,VAW,0.0042972236178588,-0.0005978983247235,0,0.30749677061042474,LR
2024-03-15,VAW,0.0052156899536404,0.0223213058997004,0,0.2985168432263104,LR
2024-03-22,VAW,0.0204152760939082,0.0035686475181883,1,0.2638654890948248,LR
2024-03-29,VAW,-0.0075048406873089,-0.0088706605220526,0,0.2735393958967084,LR
2024-04-05,VAW,-0.0329778125655132,-0.01462117925201,0,0.2902512145402128,LR
2024-04-12,VAW,-0.020812407339585,-0.0307134491586721,0,0.31730822608254433,LR
2024-04-19,VAW,0.008222447883381,0.0264560130426806,0,0.29775847467482897,LR
2024-04-26,VAW,-0.0002029860156413,0.0059615136777703,0,0.3021822063649249,LR
2024-05-03,VAW,0.0197610438344244,0.018678279199128,1,0.3504489860595193,LR
2024-05-10,VAW,0.0028594056474369,0.0165310113063783,0,0.293518129314562,LR
2024-05-17,VAW,-0.0092046187353229,-1.8824024143099596e-05,0,0.3101051303161405,LR
2024-05-24,VAW,0.0012391573729864,-0.0039100246800626,0,0.3466572004982919,LR
2024-05-31,VAW,-0.0269228728223643,0.0125908840444869,0,0.3118081753664078,LR
2024-06-07,VAW,-0.0087531868738072,0.0164232203649059,0,0.37855523527814183,LR
2024-06-14,VAW,0.006382568977534,0.0064236013071238,0,0.34438713858624376,LR
2024-06-21,VAW,-0.0172439657096441,-0.0005328779621114,0,0.31536782760496535,LR
2024-06-28,VAW,-0.0059039795497927,0.0191468786885223,0,0.2884951806111122,LR
2024-07-05,VAW,0.0331772726093313,0.0096458607072242,1,0.32740620877062027,LR
2024-07-12,VAW,-0.0033202719899508,-0.0196431900703124,0,0.23674959109908422,LR
2024-07-19,VAW,0.0139300423869734,-0.008287920654111,1,0.2764717531478757,LR
2024-07-26,VAW,-0.0216776387547666,-0.0211960999882944,0,0.2892656032984148,LR
2024-08-02,VAW,0.0148504301208678,0.0001688333416773,1,0.3086887279102828,LR
2024-08-09,VAW,0.0221444186525303,0.0400006517742501,1,0.3605691659624497,LR
2024-08-16,VAW,0.0239316737641643,0.014107752111778,1,0.29529283640494614,LR
2024-08-23,VAW,0.0082563995371001,0.0027574900382907,0,0.309126125480516,LR
2024-08-30,VAW,-0.0386540020564112,-0.0413713112930638,0,0.3061807985405998,LR
2024-09-06,VAW,0.0313627728508187,0.0400661755073152,1,0.34256517351375576,LR
2024-09-13,VAW,0.0154208794074535,0.0142041771956292,1,0.24781784538591273,LR
2024-09-20,VAW,0.0229232357598712,0.0056665735300258,1,0.30699800304320246,LR
2024-09-27,VAW,-0.0166124134343307,0.0026424351342831,0,0.3011454447896451,LR
2024-10-04,VAW,0.0164170636613467,0.0115186490316332,1,0.32741984132606566,LR
2024-10-11,VAW,0.022909868996634,0.008644133518874,1,0.3560208364251194,LR
2024-10-18,VAW,-0.0349172142593482,-0.0094939618798816,0,0.3046574922191857,LR
2024-10-25,VAW,-0.0125732331057868,-0.0138159111301491,0,0.3780800131163973,LR
2024-11-01,VAW,0.0205796836079028,0.0475448940331961,1,0.3378231389491271,LR
2024-11-08,VAW,-0.0334343504269439,-0.0207960464249344,0,0.2595952708889206,LR
2024-11-15,VAW,0.0303178334877367,0.016662402408572,1,0.35065438170515595,LR
2024-11-22,VAW,0.0058708877181887,0.0118215332252139,0,0.3213757197909768,LR
2024-11-29,VAW,-0.0270487032258737,0.0087296636754566,0,0.28922694984274966,LR
2024-12-06,VAW,-0.0382358456053006,-0.0059227907644062,0,0.4096395400603621,LR
2024-12-13,VAW,-0.0503751494391957,-0.0183219647290452,0,0.3715945404810312,LR
2024-12-20,VAW,-0.0007916467936291,0.0065295644020124,0,0.3530853681688035,LR
2024-12-27,VAW,-0.0108510281177277,-0.0051428558312235,0,0.3242982806172633,LR
2024-01-05,VCR,0.0077524608363808,0.0187210167398703,0,0.3329729802381953,LR
2024-01-12,VCR,0.0113972249820761,0.0120626307877613,1,0.31199219123852984,LR
2024-01-19,VCR,-0.0138749375185506,0.0103228040605927,0,0.28980558963205233,LR
2024-01-26,VCR,0.0265668583121201,0.014238487932567,1,0.26027336876039503,LR
2024-02-02,VCR,0.0253278841961173,0.0138566541657945,1,0.26902973838147287,LR
2024-02-09,VCR,-0.002077969637784,-0.0033718277658708,0,0.34785483276511525,LR
2024-02-16,VCR,0.0208154766366919,0.0166962716814537,1,0.36975873199132697,LR
2024-02-23,VCR,0.0205466708952974,0.0098454133542092,1,0.3024613652459165,LR
2024-03-01,VCR,-0.0203411317664365,-0.0022034627682529,0,0.32837998569625926,LR
2024-03-08,VCR,-0.0084395517904777,-0.0005978983247235,0,0.3480111832080383,LR
2024-03-15,VCR,0.0178663704302877,0.0223213058997005,1,0.32974688374818606,LR
2024-03-22,VCR,0.0115890817628003,0.0035686475181883,1,0.29195809439373727,LR
2024-03-29,VCR,-0.0283685679009646,-0.0088706605220527,0,0.3120471499418119,LR
2024-04-05,VCR,-0.0216972968885509,-0.0146211792520099,0,0.3478984879806103,LR
2024-04-12,VCR,-0.0480489968453794,-0.0307134491586722,0,0.35004382579296356,LR
2024-04-19,VCR,0.0316561452243242,0.0264560130426807,1,0.350288122632074,LR
2024-04-26,VCR,-0.002860595094252,0.0059615136777704,0,0.32328140294224395,LR
2024-05-03,VCR,0.0007130626570304,0.0186782791991279,0,0.335405517547134,LR
2024-05-10,VCR,-0.0023541682803184,0.0165310113063783,0,0.33422608022331973,LR
2024-05-17,VCR,-0.0180658097596969,-1.882402414310133e-05,0,0.3193640912509723,LR
2024-05-24,VCR,0.0052488982814267,-0.0039100246800625,0,0.38079134438694795,LR
2024-05-31,VCR,0.0011445214555112,0.0125908840444867,0,0.3765144498852458,LR
2024-06-07,VCR,0.0027198406157598,0.0164232203649059,0,0.37443541774440403,LR
2024-06-14,VCR,0.0223306612175155,0.0064236013071239,1,0.35784119246596724,LR
2024-06-21,VCR,-0.0011193747976019,-0.0005328779621114,0,0.33494669336381216,LR
2024-06-28,VCR,0.0214151924814534,0.0191468786885223,1,0.3161979190114496,LR
2024-07-05,VCR,0.0185509126013574,0.0096458607072242,1,0.31522159163041913,LR
2024-07-12,VCR,-0.0243403407075447,-0.0196431900703126,0,0.22373276755136326,LR
2024-07-19,VCR,-0.0225103072613294,-0.008287920654111,0,0.2761932394086843,LR
2024-07-26,VCR,-0.0441394755746953,-0.0211960999882944,0,0.30761454526057996,LR
2024-08-02,VCR,0.0517090271691498,0.0001688333416774,1,0.3137314162570589,LR
2024-08-09,VCR,0.0460141642340399,0.0400006517742501,1,0.36009282190935304,LR
2024-08-16,VCR,0.0236795049921869,0.014107752111778,1,0.30167098942351933,LR
2024-08-23,VCR,-0.0062318153170912,0.0027574900382908,0,0.32778168090726667,LR
2024-08-30,VCR,-0.0269636055283505,-0.0413713112930637,0,0.35629628975189825,LR
2024-09-06,VCR,0.0460333365588001,0.0400661755073152,1,0.3580077805525089,LR
2024-09-13,VCR,0.0238733145054865,0.0142041771956292,1,0.25830840392221915,LR
2024-09-20,VCR,0.0124569392686986,0.0056665735300259,1,0.3090990761003598,LR
2024-09-27,VCR,-0.0107267582047552,0.0026424351342831,0,0.3172433894288803,LR
2024-10-04,VCR,-0.0010171612755263,0.0115186490316331,0,0.3074203273866144,LR
2024-10-11,VCR,0.0136990915376769,0.0086441335188741,1,0.3596757675438987,LR
2024-10-18,VCR,0.003699209808686,-0.0094939618798816,0,0.31799523494437965,LR
2024-10-25,VCR,-0.0092768224208421,-0.0138159111301491,0,0.3485179974527348,LR
2024-11-01,VCR,0.080148396930638,0.0475448940331962,1,0.3324169193948845,LR
2024-11-08,VCR,-0.0266302304332168,-0.0207960464249343,0,0.22080492347706734,LR
2024-11-15,VCR,0.0145086828022871,0.016662402408572,1,0.30490228383680795,LR
2024-11-22,VCR,0.0079582023675162,0.0118215332252141,0,0.2894533753776059,LR
2024-11-29,VCR,0.0352471696432064,0.0087296636754565,1,0.2538615471154425,LR
2024-12-06,VCR,0.0018262554741994,-0.0059227907644062,0,0.29415895575022943,LR
2024-12-13,VCR,-0.0345835385723237,-0.0183219647290452,0,0.3172600902239832,LR
2024-12-20,VCR,0.0020332058738083,0.0065295644020124,0,0.33367489112492776,LR
2024-12-27,VCR,0.0025077534532764,-0.0051428558312235,0,0.26176226295785704,LR
2024-01-05,VDC,0.0117980175176428,0.0187210167398703,1,0.26777635242052983,LR
2024-01-12,VDC,-0.0093438696919685,0.0120626307877613,0,0.2548680700861446,LR
2024-01-19,VDC,0.0105655721656723,0.0103228040605926,1,0.24749395968346147,LR
2024-01-26,VDC,0.0186396481003285,0.014238487932567,1,0.21490441528690543,LR
2024-02-02,VDC,-0.0125872765350953,0.0138566541657945,0,0.22971172229338233,LR
2024-02-09,VDC,0.0029913963220407,-0.0033718277658709,0,0.3089349410114536,LR
2024-02-16,VDC,0.0129266235618092,0.0166962716814538,1,0.31997934120494587,LR
2024-02-23,VDC,-0.0010581282439439,0.0098454133542091,0,0.25540355159790296,LR
2024-03-01,VDC,0.0120426532673247,-0.002203462768253,1,0.3091437630086639,LR
2024-03-08,VDC,0.0037451314320016,-0.0005978983247234,0,0.298986961910327,LR
2024-03-15,VDC,0.0057662855926219,0.0223213058997003,0,0.283718629475638,LR
2024-03-22,VDC,0.0092450441374813,0.0035686475181884,0,0.28617852774111613,LR
2024-03-29,VDC,-0.0275301025472249,-0.0088706605220526,0,0.28030383666171393,LR
2024-04-05,VDC,-0.0139680515685675,-0.01462117925201,0,0.2974306328351107,LR
2024-04-12,VDC,0.007677495535167,-0.0307134491586722,0,0.31103069597232363,LR
2024-04-19,VDC,0.0126327166741877,0.0264560130426806,1,0.2616570974184589,LR
2024-04-26,VDC,0.0044684667102943,0.0059615136777703,0,0.2748619980858653,LR
2024-05-03,VDC,0.021452832041575,0.018678279199128,1,0.30773448096202566,LR
2024-05-10,VDC,0.0044322307485797,0.0165310113063783,0,0.27238126766003673,LR
2024-05-17,VDC,-0.0128057466136465,-1.8824024143099596e-05,0,0.2873404559018644,LR
2024-05-24,VDC,0.0027759804234488,-0.0039100246800626,0,0.33096003038427046,LR
2024-05-31,VDC,0.0031148069589048,0.0125908840444868,0,0.3127834381011583,LR
2024-06-07,VDC,-0.0124115079354802,0.0164232203649059,0,0.3308266475217859,LR
2024-06-14,VDC,0.0123524104494172,0.0064236013071239,1,0.3182560273146726,LR
2024-06-21,VDC,-0.0152301470511503,-0.0005328779621112,0,0.2985030494162614,LR
2024-06-28,VDC,0.0027450860715378,0.0191468786885222,0,0.2718682005589639,LR
2024-07-05,VDC,0.0020499714903148,0.0096458607072242,0,0.30666159861103753,LR
2024-07-12,VDC,0.0068160136167236,-0.0196431900703126,0,0.24372240475956577,LR
2024-07-19,VDC,0.0048241595464748,-0.008287920654111,0,0.2756739448899694,LR
2024-07-26,VDC,0.0095118932201454,-0.0211960999882944,0,0.2791641988962038,LR
2024-08-02,VDC,0.0023968170199755,0.0001688333416774,0,0.27600697337096936,LR
2024-08-09,VDC,0.0181644507991936,0.0400006517742501,1,0.3186891188089977,LR
2024-08-16,VDC,0.0145383209005771,0.0141077521117781,1,0.26493388015424013,LR
2024-08-23,VDC,0.0037378752653476,0.0027574900382907,0,0.2555806123470445,LR
2024-08-30,VDC,0.0036328210325693,-0.0413713112930639,0,0.29574176025516224,LR
2024-09-06,VDC,0.0100764756551623,0.0400661755073152,1,0.25461690270620657,LR
2024-09-13,VDC,-0.0116935822495143,0.0142041771956291,0,0.23239962655831006,LR
2024-09-20,VDC,-0.0027890841371041,0.0056665735300258,0,0.3033951412238557,LR
2024-09-27,VDC,-0.0179656808035714,0.0026424351342831,0,0.2868149520499487,LR
2024-10-04,VDC,0.0034901577650436,0.0115186490316332,0,0.27472187976233126,LR
2024-10-11,VDC,0.007187919941314,0.0086441335188739,0,0.30653925114807135,LR
2024-10-18,VDC,-0.0113751553267291,-0.0094939618798816,0,0.2800598232669069,LR
2024-10-25,VDC,-0.0133767061866698,-0.013815911130149,0,0.31854378856881077,LR
2024-11-01,VDC,0.0167976631286108,0.047544894033196,1,0.2998012912657052,LR
2024-11-08,VDC,-0.0135541134320189,-0.0207960464249343,0,0.24095771943058267,LR
2024-11-15,VDC,0.0307015379548365,0.016662402408572,1,0.28406162635684923,LR
2024-11-22,VDC,0.0083874488475164,0.0118215332252139,0,0.26736171239388823,LR
2024-11-29,VDC,-0.0058576174305533,0.0087296636754566,0,0.24622262182325583,LR
2024-12-06,VDC,-0.0053461631743766,-0.0059227907644062,0,0.3403936746899678,LR
2024-12-13,VDC,-0.0334493244107728,-0.0183219647290453,0,0.3032447272999407,LR
2024-12-20,VDC,0.0027204589088032,0.0065295644020124,0,0.3184545142910461,LR
2024-12-27,VDC,-0.0056044950367075,-0.0051428558312235,0,0.24904316391332817,LR
2024-01-05,VDE,-0.0050809847858235,0.0187210167398703,0,0.3069004085323745,LR
2024-01-12,VDE,-0.0264986573657431,0.0120626307877613,0,0.3213891063425791,LR
2024-01-19,VDE,0.0511880972178679,0.0103228040605927,1,0.3123504999352224,LR
2024-01-26,VDE,-0.012090235894779,0.0142384879325669,0,0.20384596181563974,LR
2024-02-02,VDE,0.0044156029110864,0.0138566541657946,0,0.2819132463856233,LR
2024-02-09,VDE,0.0259762307549902,-0.003371827765871,1,0.3323864581264211,LR
2024-02-16,VDE,0.0053677712960598,0.0166962716814537,0,0.29691976154746164,LR
2024-02-23,VDE,0.0153538386474683,0.0098454133542092,1,0.305471114776878,LR
2024-03-01,VDE,0.0096106934357689,-0.0022034627682529,0,0.33242868191120384,LR
2024-03-08,VDE,0.0397685379335599,-0.0005978983247235,1,0.335354126836818,LR
2024-03-15,VDE,0.0064021865529897,0.0223213058997003,0,0.2920592077263805,LR
2024-03-22,VDE,0.0193498456582899,0.0035686475181883,1,0.31685058334518884,LR
2024-03-29,VDE,0.0351355404772721,-0.0088706605220525,1,0.3208350815936424,LR
2024-04-05,VDE,-0.0204648655303951,-0.01462117925201,0,0.2829836374671402,LR
2024-04-12,VDE,-0.017167045188061,-0.0307134491586721,0,0.32979105214104126,LR
2024-04-19,VDE,0.013976541450708,0.0264560130426806,1,0.31529123237632006,LR
2024-04-26,VDE,-0.0312734234548672,0.0059615136777703,0,0.2719433558981187,LR
2024-05-03,VDE,0.0095583560780216,0.0186782791991279,0,0.39812676414262677,LR
2024-05-10,VDE,0.0111983025280628,0.0165310113063783,1,0.3135394221676923,LR
2024-05-17,VDE,-0.036897601003587,-1.88240241431048e-05,0,0.30926778330028154,LR
2024-05-24,VDE,0.016584949032814,-0.0039100246800626,1,0.3824064604162806,LR
2024-05-31,VDE,-0.0347105224242795,0.0125908840444868,0,0.36468531313514996,LR
2024-06-07,VDE,-0.0237774434773543,0.0164232203649059,0,0.4300663089768546,LR
2024-06-14,VDE,0.0172932119385993,0.006423601307124,1,0.4026332523966813,LR
2024-06-21,VDE,0.0124603150382873,-0.0005328779621112,1,0.35849416653282107,LR
2024-06-28,VDE,-0.0176763485082757,0.0191468786885223,0,0.31451498376286957,LR
2024-07-05,VDE,0.0153109899966714,0.0096458607072242,1,0.3462990376066578,LR
2024-07-12,VDE,0.0108407376104751,-0.0196431900703125,1,0.25572403512454467,LR
2024-07-19,VDE,0.000697051641741,-0.0082879206541109,0,0.26534946575893964,LR
2024-07-26,VDE,-0.0454052844416296,-0.0211960999882944,0,0.305653092240161,LR
2024-08-02,VDE,0.0380548543890397,0.0001688333416774,1,0.3271809222217358,LR
2024-08-09,VDE,0.0082071615880228,0.0400006517742501,0,0.34616164786261333,LR
2024-08-16,VDE,-0.0018955679852503,0.0141077521117781,0,0.30310176584595266,LR
2024-08-23,VDE,-0.002036198067658,0.0027574900382906,0,0.31828426907321794,LR
2024-08-30,VDE,-0.0460557671657121,-0.0413713112930639,0,0.34739679122734274,LR
2024-09-06,VDE,-0.00641663869222,0.0400661755073152,0,0.3622013999862791,LR
2024-09-13,VDE,0.0331141995731247,0.014204177195629,1,0.2842872247013071,LR
2024-09-20,VDE,-0.0214630075256861,0.0056665735300259,0,0.3184278347293798,LR
2024-09-27,VDE,0.0704585178903935,0.002642435134283,1,0.3533639852615577,LR
2024-10-04,VDE,-0.0062088975601494,0.0115186490316332,0,0.28997582227060653,LR
2024-10-11,VDE,-0.0218927082390593,0.008644133518874,0,0.3808871957734987,LR
2024-10-18,VDE,-0.0123729190824812,-0.0094939618798815,0,0.3877924974211517,LR
2024-10-25,VDE,0.000897158549906,-0.0138159111301491,0,0.3460286990000803,LR
2024-11-01,VDE,0.0619691256717613,0.0475448940331961,1,0.3962675973740393,LR
2024-11-08,VDE,0.0045640560937478,-0.0207960464249344,0,0.2580771236686065,LR
2024-11-15,VDE,0.0278028020539053,0.0166624024085719,1,0.34453640780454386,LR
2024-11-22,VDE,-0.0192237769881262,0.0118215332252141,0,0.337054493026653,LR
2024-11-29,VDE,-0.0459932226632212,0.0087296636754564,0,0.32375942904718896,LR
2024-12-06,VDE,-0.0255077794628145,-0.0059227907644062,0,0.4522256998228741,LR
2024-12-13,VDE,-0.0603352354657602,-0.0183219647290452,0,0.3624301103876111,LR
2024-12-20,VDE,0.015841861195319,0.0065295644020124,1,0.4005647094436229,LR
2024-12-27,VDE,0.0369285189225212,-0.0051428558312235,1,0.3439816158869276,LR
2024-01-05,VFH,-0.0058651126025549,0.0187210167398702,0,0.2723236907234371,LR
2024-01-12,VFH,0.0172850342747372,0.0120626307877612,1,0.28193084754928466,LR
2024-01-19,VFH,0.0135833816064971,0.0103228040605926,1,0.263934883448753,LR
2024-01-26,VFH,0.0067142410862606,0.0142384879325669,0,0.20884505669735245,LR
2024-02-02,VFH,0.0092671790800502,0.0138566541657945,0,0.2714956581282238,LR
2024-02-09,VFH,0.0160421809294608,-0.0033718277658709,1,0.329659030246199,LR
2024-02-16,VFH,0.0205085182665205,0.0166962716814538,1,0.30780058158520013,LR
2024-02-23,VFH,0.0042051657652244,0.0098454133542091,0,0.27240380130776254,LR
2024-03-01,VFH,0.012279952243676,-0.0022034627682529,1,0.31693104413596196,LR
2024-03-08,VFH,0.0039529634621147,-0.0005978983247236,0,0.2938559920973443,LR
2024-03-15,VFH,0.0122897276312976,0.0223213058997004,1,0.29715236616130464,LR
2024-03-22,VFH,0.0176920660818853,0.0035686475181883,1,0.2745773334566353,LR
2024-03-29,VFH,-0.0173726214640053,-0.0088706605220527,0,0.26586831244242615,LR
2024-04-05,VFH,-0.0369636628834467,-0.01462117925201,0,0.2978343769853665,LR
2024-04-12,VFH,-0.0052915097265661,-0.0307134491586722,0,0.323920127154115,LR
2024-04-19,VFH,0.0080497342616723,0.0264560130426806,0,0.2840339319845287,LR
2024-04-26,VFH,-0.0030303338561393,0.0059615136777704,0,0.2795102886213077,LR
2024-05-03,VFH,0.0230753825556397,0.0186782791991279,1,0.3185853647661881,LR
2024-05-10,VFH,0.0118872096825777,0.0165310113063782,1,0.28502908934736804,LR
2024-05-17,VFH,-0.0167233956851824,-1.882402414310133e-05,0,0.28964149993614946,LR
2024-05-24,VFH,0.0008918348089392,-0.0039100246800624,0,0.343334474909936,LR
2024-05-31,VFH,-0.0084091655987676,0.0125908840444868,0,0.2915091648692798,LR
2024-06-07,VFH,-0.0124323028907938,0.0164232203649059,0,0.32888220836039156,LR
2024-06-14,VFH,0.0200651987632889,0.0064236013071239,1,0.3535924056684329,LR
2024-06-21,VFH,-0.0053774240726321,-0.0005328779621112,0,0.30933487839261825,LR
2024-06-28,VFH,0.003492650207751,0.0191468786885222,0,0.3046717210925573,LR
2024-07-05,VFH,0.0225376947533215,0.0096458607072243,1,0.3106107441980601,LR
2024-07-12,VFH,0.0107319018377303,-0.0196431900703125,1,0.22282189644246642,LR
2024-07-19,VFH,0.013637233424111,-0.008287920654111,1,0.2421315197630873,LR
2024-07-26,VFH,-0.039688527718725,-0.0211960999882943,0,0.27150954946486233,LR
2024-08-02,VFH,0.0355739056724544,0.0001688333416774,1,0.32234002700835346,LR
2024-08-09,VFH,0.0303676847063691,0.04000065177425,1,0.3305398127301015,LR
2024-08-16,VFH,0.0167545069191301,0.014107752111778,1,0.26645851389884356,LR
2024-08-23,VFH,0.0223185295779233,0.0027574900382906,1,0.2901532117396218,LR
2024-08-30,VFH,-0.0302013583034431,-0.0413713112930637,0,0.2834962515031702,LR
2024-09-06,VFH,0.0017623823922541,0.0400661755073152,0,0.31258509999626777,LR
2024-09-13,VFH,0.0210254401324718,0.0142041771956292,1,0.2729824747096107,LR
2024-09-20,VFH,-0.0119016074351615,0.0056665735300259,0,0.29942358039337374,LR
2024-09-27,VFH,0.0131747005654685,0.0026424351342831,1,0.32503413654036856,LR
2024-10-04,VFH,0.0214208492376744,0.0115186490316333,1,0.3198998183658807,LR
2024-10-11,VFH,0.0240889057039705,0.0086441335188739,1,0.3324216179583084,LR
2024-10-18,VFH,-0.0212361806132759,-0.0094939618798816,0,0.2705558180661533,LR
2024-10-25,VFH,-0.0073664504681477,-0.013815911130149,0,0.3126035389535297,LR
2024-11-01,VFH,0.0651289755980741,0.0475448940331961,1,0.2970958336320483,LR
2024-11-08,VFH,0.0018848099584889,-0.0207960464249343,0,0.17638699911710126,LR
2024-11-15,VFH,0.0188602016270518,0.016662402408572,1,0.25337501578880595,LR
2024-11-22,VFH,0.0050971599402092,0.0118215332252139,0,0.2600102405971723,LR
2024-11-29,VFH,-0.0170068150373305,0.0087296636754565,0,0.23362350206773688,LR
2024-12-06,VFH,-0.020823254503002,-0.0059227907644062,0,0.35594292096739977,LR
2024-12-13,VFH,-0.0329184751232202,-0.0183219647290452,0,0.31908600926491937,LR
2024-12-20,VFH,0.0140281742726988,0.0065295644020124,1,0.32990007281925016,LR
2024-12-27,VFH,0.0071150600089437,-0.0051428558312235,0,0.2842288140985795,LR
2024-01-05,VGT,0.0369190234033356,0.0187210167398704,1,0.33964261316658323,LR
2024-01-12,VGT,0.0407598090625378,0.0120626307877613,1,0.25152723204134175,LR
2024-01-19,VGT,0.0002185327538697,0.0103228040605927,0,0.24049561547701995,LR
2024-01-26,VGT,0.0012288324150457,0.0142384879325669,0,0.24992308609503422,LR
2024-02-02,VGT,0.0285624333880225,0.0138566541657945,1,0.30127903789274096,LR
2024-02-09,VGT,-0.0240441357434851,-0.0033718277658709,0,0.2911624055768461,LR
2024-02-16,VGT,0.0143901934515273,0.0166962716814536,1,0.3523872721989266,LR
2024-02-23,VGT,0.0229062360198799,0.0098454133542092,1,0.2857421014722759,LR
2024-03-01,VGT,-0.0120863184909688,-0.0022034627682529,0,0.274699936433819,LR
2024-03-08,VGT,-0.005574336156604,-0.0005978983247234,0,0.3392543396180877,LR
2024-03-15,VGT,0.0145963676884088,0.0223213058997005,1,0.31341519624689157,LR
2024-03-22,VGT,0.0016046358270653,0.0035686475181883,0,0.28269288643848955,LR
2024-03-29,VGT,-0.0126283399544558,-0.0088706605220526,0,0.3250628299313292,LR
2024-04-05,VGT,-0.0088202769396992,-0.0146211792520099,0,0.34842429994890217,LR
2024-04-12,VGT,-0.0750164081536907,-0.0307134491586723,0,0.3399986929483411,LR
2024-04-19,VGT,0.0407897724042536,0.0264560130426807,1,0.40109544763575145,LR
2024-04-26,VGT,0.0067185588920031,0.0059615136777704,0,0.2920839095570454,LR
2024-05-03,VGT,0.0094243846809205,0.0186782791991279,0,0.3347339345036001,LR
2024-05-10,VGT,0.024095165168859,0.0165310113063783,1,0.34862643871646365,LR
2024-05-17,VGT,0.0214506923141308,-1.882402414310133e-05,1,0.3398819514114686,LR
2024-05-24,VGT,-0.0274159647886393,-0.0039100246800624,0,0.36695562172444846,LR
2024-05-31,VGT,0.0182973228491709,0.0125908840444868,1,0.36201828549790965,LR
2024-06-07,VGT,0.0582250144135394,0.0164232203649059,1,0.35215954515994874,LR
2024-06-14,VGT,-0.0054398933497634,0.006423601307124,0,0.28338479893812385,LR
2024-06-21,VGT,0.0035681569717109,-0.0005328779621113,0,0.3215959253510391,LR
2024-06-28,VGT,0.0309325518423424,0.0191468786885221,1,0.3104634236858792,LR
2024-07-05,VGT,0.0045487003363373,0.0096458607072242,0,0.27609549165554237,LR
2024-07-12,VGT,-0.0539719119335776,-0.0196431900703125,0,0.2365112019624457,LR
2024-07-19,VGT,-0.0313421481074078,-0.0082879206541109,0,0.33539886318523054,LR
2024-07-26,VGT,-0.0563821346752813,-0.0211960999882944,0,0.29889686914368346,LR
2024-08-02,VGT,0.0819480209344405,0.0001688333416774,1,0.34564976897241534,LR
2024-08-09,VGT,0.0663799660673349,0.0400006517742501,1,0.4063566613824127,LR
2024-08-16,VGT,0.0140035135762675,0.0141077521117779,1,0.3036771161110273,LR
2024-08-23,VGT,-0.0109933749482302,0.0027574900382908,0,0.3468518405124015,LR
2024-08-30,VGT,-0.0632171483097933,-0.0413713112930637,0,0.38772225390787113,LR
2024-09-06,VGT,0.0571826118104072,0.0400661755073152,1,0.4269537083529334,LR
2024-09-13,VGT,0.023931078701076,0.0142041771956292,1,0.2857390164389857,LR
2024-09-20,VGT,0.0113416273888287,0.0056665735300258,1,0.3691762170397148,LR
2024-09-27,VGT,0.0047398993467138,0.002642435134283,0,0.3848283065456022,LR
2024-10-04,VGT,0.0312586090139652,0.0115186490316332,1,0.3645288229365888,LR
2024-10-11,VGT,-0.0013236941762505,0.0086441335188739,0,0.408908068835174,LR
2024-10-18,VGT,0.0002160159498876,-0.0094939618798815,0,0.34497614337257826,LR
2024-10-25,VGT,-0.0328023206163669,-0.0138159111301491,0,0.3892722437050569,LR
2024-11-01,VGT,0.0640142183101302,0.0475448940331962,1,0.3707429249124754,LR
2024-11-08,VGT,-0.0366518108685464,-0.0207960464249344,0,0.23936559675899094,LR
2024-11-15,VGT,0.0308980918909338,0.016662402408572,1,0.35362088750216736,LR
2024-11-22,VGT,-0.0067203362145908,0.0118215332252139,0,0.33698864678057705,LR
2024-11-29,VGT,0.0336786745678063,0.0087296636754565,1,0.2980260584270193,LR
2024-12-06,VGT,-0.003500964750174,-0.0059227907644062,0,0.3495064350175317,LR
2024-12-13,VGT,-0.0157085462629817,-0.0183219647290452,0,0.3909133557239946,LR
2024-12-20,VGT,0.0022236166550726,0.0065295644020124,0,0.41792892640655,LR
2024-12-27,VGT,0.0107479465442084,-0.0051428558312234,1,0.333545811232245,LR
2024-01-05,VHT,0.0100138164997696,0.0187210167398703,1,0.2628215058935666,LR
2024-01-12,VHT,-0.0047177427559127,0.0120626307877613,0,0.26167226941016486,LR
2024-01-19,VHT,-0.001878799653852,0.0103228040605927,0,0.259005638299663,LR
2024-01-26,VHT,0.0163722248080862,0.014238487932567,1,0.21289952570397513,LR
2024-02-02,VHT,0.0131913827331906,0.0138566541657945,1,0.2481154754183191,LR
2024-02-09,VHT,0.0134154171466267,-0.003371827765871,1,0.2867258551866374,LR
2024-02-16,VHT,0.0141378120524175,0.0166962716814537,1,0.28906946615857226,LR
2024-02-23,VHT,-0.0058500690566454,0.0098454133542092,0,0.24170872589926404,LR
2024-03-01,VHT,0.0004097509353269,-0.002203462768253,0,0.28149089268601224,LR
2024-03-08,VHT,-0.0078375982846191,-0.0005978983247235,0,0.2854297526459948,LR
2024-03-15,VHT,-0.0021370198355669,0.0223213058997004,0,0.29793719340747804,LR
2024-03-22,VHT,0.0149701356419504,0.0035686475181883,1,0.28052411022283524,LR
2024-03-29,VHT,-0.0305560288201406,-0.0088706605220526,0,0.2773010379087543,LR
2024-04-05,VHT,-0.0290037368272418,-0.01462117925201,0,0.3214603122303724,LR
2024-04-12,VHT,-0.0133203434038765,-0.0307134491586721,0,0.3432294498862743,LR
2024-04-19,VHT,0.0046431413292054,0.0264560130426806,0,0.3164563001585459,LR
2024-04-26,VHT,0.0087574878609166,0.0059615136777704,0,0.31134257356709005,LR
2024-05-03,VHT,0.0124338773044176,0.0186782791991279,1,0.3229382084815331,LR
2024-05-10,VHT,0.0160522289474112,0.0165310113063783,1,0.2939847327115121,LR
2024-05-17,VHT,-0.0132558629064163,-1.8824024143099596e-05,0,0.29076552774760817,LR
2024-05-24,VHT,-0.0036066124201448,-0.0039100246800626,0,0.3284199836756425,LR
2024-05-31,VHT,0.0171125472628159,0.0125908840444869,1,0.32268972365075826,LR
2024-06-07,VHT,-0.0020260704138187,0.016423220364906,0,0.3082481086052614,LR
2024-06-14,VHT,0.0096198070006001,0.0064236013071238,0,0.3130477305968552,LR
2024-06-21,VHT,-0.0106007291754283,-0.0005328779621114,0,0.308826547579994,LR
2024-06-28,VHT,-0.0107575059982212,0.0191468786885223,0,0.2781787003640653,LR
2024-07-05,VHT,0.0296654925613113,0.0096458607072242,1,0.3151117116951142,LR
2024-07-12,VHT,-0.0078739937469418,-0.0196431900703124,0,0.23136765871700524,LR
2024-07-19,VHT,0.0117176115039525,-0.008287920654111,1,0.2735717372295605,LR
2024-07-26,VHT,0.0017427694844154,-0.0211960999882943,0,0.2734823209762156,LR
2024-08-02,VHT,0.0164803065998417,0.0001688333416774,1,0.27172012359124925,LR
2024-08-09,VHT,0.0170760513507832,0.0400006517742499,1,0.34158745275547486,LR
2024-08-16,VHT,0.0192856924874442,0.014107752111778,1,0.27647881073753733,LR
2024-08-23,VHT,0.0081181584929967,0.0027574900382908,0,0.28388996574587516,LR
2024-08-30,VHT,-0.0216604567641817,-0.0413713112930637,0,0.29119121048100566,LR
2024-09-06,VHT,0.0144650681598201,0.0400661755073152,1,0.31186290136660594,LR
2024-09-13,VHT,-0.0087279343669353,0.0142041771956292,0,0.25431201541642795,LR
2024-09-20,VHT,-0.0187985543945429,0.0056665735300258,0,0.3198748855860846,LR
2024-09-27,VHT,-0.0088833048263067,0.0026424351342831,0,0.31458568871572834,LR
2024-10-04,VHT,0.0139263554398796,0.0115186490316332,1,0.28807900151009624,LR
2024-10-11,VHT,-0.0024466437425922,0.0086441335188741,0,0.3124381979252655,LR
2024-10-18,VHT,-0.0279520679934399,-0.0094939618798816,0,0.30605146554339074,LR
2024-10-25,VHT,-0.0062538547375295,-0.013815911130149,0,0.3569996078485651,LR
2024-11-01,VHT,0.0238367264023378,0.0475448940331961,1,0.3262022106566704,LR
2024-11-08,VHT,-0.0593391967917023,-0.0207960464249344,0,0.25710003262898723,LR
2024-11-15,VHT,0.0217157124126949,0.016662402408572,1,0.33063207774508413,LR
2024-11-22,VHT,0.0185572862830405,0.0118215332252141,1,0.2653401965418838,LR
2024-11-29,VHT,-0.0191431194333256,0.0087296636754565,0,0.25953081724905,LR
2024-12-06,VHT,-0.0255557017147211,-0.0059227907644062,0,0.4007969929467914,LR
2024-12-13,VHT,-0.0248501548852742,-0.0183219647290452,0,0.3531369940125611,LR
2024-12-20,VHT,0.0081793228709923,0.0065295644020123,0,0.34051910262267693,LR
2024-12-27,VHT,0.00698580651173,-0.0051428558312235,0,0.3013578028629569,LR
2024-01-05,VIS,0.0084120155514433,0.0187210167398703,0,0.3123573136477981,LR
2024-01-12,VIS,0.0095983487347903,0.0120626307877612,0,0.2860562675754247,LR
2024-01-19,VIS,0.0041327725528181,0.0103228040605926,0,0.26772695195644625,LR
2024-01-26,VIS,0.0207341581283537,0.0142384879325669,1,0.24761471249684214,LR
2024-02-02,VIS,0.0180991592517856,0.0138566541657945,1,0.2494416770805539,LR
2024-02-09,VIS,0.0087994939061326,-0.0033718277658709,0,0.3190385518078719,LR
2024-02-16,VIS,0.0196725693015085,0.0166962716814537,1,0.32116495367573433,LR
2024-02-23,VIS,0.0128166455593223,0.0098454133542092,1,0.2739385635530635,LR
2024-03-01,VIS,0.0042952900801973,-0.002203462768253,0,0.29913092641617683,LR
2024-03-08,VIS,-0.001272266854025,-0.0005978983247235,0,0.2833305366324218,LR
2024-03-15,VIS,0.0247640274703424,0.0223213058997005,1,0.28769234144348044,LR
2024-03-22,VIS,0.0076767537326851,0.0035686475181884,0,0.253150627309185,LR
2024-03-29,VIS,-0.0049511302299157,-0.0088706605220525,0,0.2592380803221166,LR
2024-04-05,VIS,-0.0260469708339246,-0.01462117925201,0,0.2802764147317458,LR
2024-04-12,VIS,-0.0324597206825922,-0.0307134491586721,0,0.2903107234822678,LR
2024-04-19,VIS,0.0145424880132658,0.0264560130426806,1,0.31891705461033826,LR
2024-04-26,VIS,0.0018985610502515,0.0059615136777703,0,0.28392442538082036,LR
2024-05-03,VIS,0.0177472276982242,0.018678279199128,1,0.3171811089474738,LR
2024-05-10,VIS,-0.0068454393415928,0.0165310113063783,0,0.2906336171435235,LR
2024-05-17,VIS,-0.004084118231446,-1.882402414310003e-05,0,0.29943677565621657,LR
2024-05-24,VIS,-0.0093458344933176,-0.0039100246800625,0,0.37235266903731157,LR
2024-05-31,VIS,-0.0185092628821798,0.0125908840444867,0,0.32675557626150625,LR
2024-06-07,VIS,-0.0050108620622737,0.016423220364906,0,0.37752403098525256,LR
2024-06-14,VIS,0.0173226707185787,0.0064236013071239,1,0.34188519078741497,LR
2024-06-21,VIS,-0.0112652069967996,-0.0005328779621112,0,0.3182763451475701,LR
2024-06-28,VIS,-0.0088577934516739,0.0191468786885223,0,0.3023324431522768,LR
2024-07-05,VIS,0.0261282093993437,0.0096458607072243,1,0.3123579718422806,LR
2024-07-12,VIS,0.0025685438091216,-0.0196431900703125,0,0.2269229949617869,LR
2024-07-19,VIS,0.0089138931448524,-0.008287920654111,0,0.2624704396946216,LR
2024-07-26,VIS,-0.0359507288075489,-0.0211960999882944,0,0.2730801728852696,LR
2024-08-02,VIS,0.0363320312411927,0.0001688333416774,1,0.31672336354307057,LR
2024-08-09,VIS,0.0226130394785379,0.0400006517742501,1,0.34898030765698673,LR
2024-08-16,VIS,0.0212862268203535,0.014107752111778,1,0.2908920403825864,LR
2024-08-23,VIS,0.010109481478582,0.0027574900382907,1,0.3065937899623618,LR
2024-08-30,VIS,-0.042700402793926,-0.0413713112930638,0,0.30509979653595465,LR
2024-09-06,VIS,0.0331888267745421,0.0400661755073152,1,0.3378488688036135,LR
2024-09-13,VIS,0.0213708222212649,0.0142041771956291,1,0.2502835733766854,LR
2024-09-20,VIS,0.006653264515412,0.0056665735300259,0,0.29291286706536956,LR
2024-09-27,VIS,0.0041350161008641,0.0026424351342831,0,0.3198457523017634,LR
2024-10-04,VIS,0.0250919037506358,0.0115186490316332,1,0.3118707201156811,LR
2024-10-11,VIS,0.0086031200430667,0.0086441335188739,0,0.3249408112863803,LR
2024-10-18,VIS,-0.0254805257892808,-0.0094939618798816,0,0.3014308988327164,LR
2024-10-25,VIS,-0.0115148405444831,-0.013815911130149,0,0.3411533032395742,LR
2024-11-01,VIS,0.0644163606216461,0.0475448940331962,1,0.32047857702620147,LR
2024-11-08,VIS,-0.0306748459501103,-0.0207960464249344,0,0.20757918938320094,LR
2024-11-15,VIS,0.0287349176169493,0.016662402408572,1,0.30232457569377696,LR
2024-11-22,VIS,0.0038763086238282,0.0118215332252139,0,0.29306001343018573,LR
2024-11-29,VIS,-0.0232474959159819,0.0087296636754565,0,0.256233113508533,LR
2024-12-06,VIS,-0.0251471361340109,-0.0059227907644062,0,0.39736878259465447,LR
2024-12-13,VIS,-0.0373062460214157,-0.0183219647290453,0,0.34782630734890024,LR
2024-12-20,VIS,0.0021418638351247,0.0065295644020123,0,0.3519017720212047,LR
2024-12-27,VIS,0.0084396227536187,-0.0051428558312234,0,0.3084727907143968,LR
2024-01-05,VNQ,0.0058918917584909,0.0187210167398703,0,0.2991498459698721,LR
2024-01-12,VNQ,-0.0136290168655613,0.0120626307877614,0,0.31395235936117416,LR
2024-01-19,VNQ,-0.0088680809089751,0.0103228040605926,0,0.3293860624447137,LR
2024-01-26,VNQ,-0.0067121962684245,0.014238487932567,0,0.2899350662617199,LR
2024-02-02,VNQ,0.0129651159915218,0.0138566541657944,1,0.33230322803294177,LR
2024-02-09,VNQ,-0.0020108607417117,-0.0033718277658709,0,0.3806103383102673,LR
2024-02-16,VNQ,0.0110872715263219,0.0166962716814536,1,0.3887542837973918,LR
2024-02-23,VNQ,0.0234070628047382,0.0098454133542092,1,0.34244969783333307,LR
2024-03-01,VNQ,0.0162168596801222,-0.002203462768253,1,0.3643329374686191,LR
2024-03-08,VNQ,-0.0268448532047509,-0.0005978983247235,0,0.356470589651624,LR
2024-03-15,VNQ,-0.009486971007853,0.0223213058997004,0,0.36233136972895486,LR
2024-03-22,VNQ,0.0216184500657714,0.0035686475181884,1,0.32139553698697504,LR
2024-03-29,VNQ,-0.0322803261623414,-0.0088706605220525,0,0.30624708816607205,LR
2024-04-05,VNQ,-0.0296876858707978,-0.01462117925201,0,0.34785303659725336,LR
2024-04-12,VNQ,-0.0395136778115501,-0.0307134491586721,0,0.37120011037264844,LR
2024-04-19,VNQ,0.0108449000914949,0.0264560130426807,1,0.35971071998894905,LR
2024-04-26,VNQ,0.0098124567701611,0.0059615136777705,0,0.3562344128354935,LR
2024-05-03,VNQ,0.0122115033270644,0.0186782791991279,1,0.3796974764079956,LR
2024-05-10,VNQ,0.0203125300888842,0.0165310113063784,1,0.32864878296495326,LR
2024-05-17,VNQ,-0.0337582692297301,-1.88240241431048e-05,0,0.329371604574101,LR
2024-05-24,VNQ,0.0120364481917267,-0.0039100246800625,1,0.4058289005255531,LR
2024-05-31,VNQ,-0.0087227068423697,0.0125908840444869,0,0.3361019936679852,LR
2024-06-07,VNQ,0.0157195054380887,0.0164232203649059,1,0.3479154189240268,LR
2024-06-14,VNQ,0.0055083112526119,0.0064236013071239,0,0.3318845981539996,LR
2024-06-21,VNQ,-0.0029758361343046,-0.0005328779621114,0,0.32685782786232964,LR
2024-06-28,VNQ,-0.002150798182875,0.0191468786885223,0,0.31353678642154365,LR
2024-07-05,VNQ,0.0460471049637145,0.0096458607072242,1,0.3283244435321443,LR
2024-07-12,VNQ,0.0133530944107502,-0.0196431900703125,1,0.22270550767572042,LR
2024-07-19,VNQ,0.005839378161101,-0.008287920654111,0,0.2596898099538224,LR
2024-07-26,VNQ,0.0173893386970702,-0.0211960999882944,1,0.2739784119109334,LR
2024-08-02,VNQ,0.0179927684460941,0.0001688333416774,1,0.2777194921272214,LR
2024-08-09,VNQ,0.0061694966255245,0.0400006517742501,0,0.3419918820623877,LR
2024-08-16,VNQ,0.0377750671090988,0.014107752111778,1,0.29848754684744405,LR
2024-08-23,VNQ,-0.0004203101428704,0.0027574900382908,0,0.25565205427336435,LR
2024-08-30,VNQ,0.0022165831666436,-0.0413713112930637,0,0.2953651305275813,LR
2024-09-06,VNQ,0.0387531628122932,0.0400661755073152,1,0.29508050487382526,LR
2024-09-13,VNQ,-0.0127208692317964,0.0142041771956291,0,0.22994800572099042,LR
2024-09-20,VNQ,-0.0182814893266349,0.0056665735300259,0,0.305372573746812,LR
2024-09-27,VNQ,-0.0143019720589725,0.0026424351342831,0,0.3092627763886769,LR
2024-10-04,VNQ,0.0020086948806672,0.0115186490316332,0,0.281312416982005,LR
2024-10-11,VNQ,0.0318518744574654,0.0086441335188741,1,0.3341347913920367,LR
2024-10-18,VNQ,-0.0132948668634076,-0.0094939618798816,0,0.2816973735305546,LR
2024-10-25,VNQ,-0.0344291162949008,-0.0138159111301491,0,0.3367889798832941,LR
2024-11-01,VNQ,0.0264424953909996,0.0475448940331961,1,0.3394258254310128,LR
2024-11-08,VNQ,-0.0209789641796696,-0.0207960464249344,0,0.2460382755856649,LR
2024-11-15,VNQ,0.0306275508082314,0.016662402408572,1,0.3162110823308175,LR
2024-11-22,VNQ,0.014049592639211,0.0118215332252141,1,0.2957730356795313,LR
2024-11-29,VNQ,-0.0209912243998121,0.0087296636754565,0,0.2681841756191393,LR
2024-12-06,VNQ,-0.0197409591792319,-0.0059227907644062,0,0.3686912088980935,LR
2024-12-13,VNQ,-0.0476545956852113,-0.0183219647290453,0,0.3300793422970812,LR
2024-12-20,VNQ,0.0064640473219725,0.0065295644020123,0,0.36107230435270654,LR
2024-12-27,VNQ,0.0116489346372621,-0.0051428558312235,1,0.29744044890289034,LR
2024-01-05,VOX,0.0190280385321375,0.0187210167398704,1,0.33233368790504525,LR
2024-01-12,VOX,0.0188297167203177,0.0120626307877613,1,0.279091696306023,LR
2024-01-19,VOX,0.0332125146721549,0.0103228040605926,1,0.27020357287578284,LR
2024-01-26,VOX,0.0259926212281123,0.014238487932567,1,0.20718031888566465,LR
2024-02-02,VOX,-0.0023399347636517,0.0138566541657945,0,0.24052153217584193,LR
2024-02-09,VOX,-0.002113476658054,-0.0033718277658709,0,0.2927479677184506,LR
2024-02-16,VOX,0.0122423429767448,0.0166962716814538,1,0.27729227975587284,LR
2024-02-23,VOX,0.0076766073901495,0.0098454133542091,0,0.2603908955439272,LR
2024-03-01,VOX,-0.0042082957769591,-0.002203462768253,0,0.31798630726113797,LR
2024-03-08,VOX,-0.0002353953132624,-0.0005978983247234,0,0.33140300026607533,LR
2024-03-15,VOX,0.013043043043043,0.0223213058997004,1,0.3050192571554009,LR
2024-03-22,VOX,0.0016793986313214,0.0035686475181884,0,0.27771342483296485,LR
2024-03-29,VOX,0.0127480776255366,-0.0088706605220525,1,0.2984844462571043,LR
2024-04-05,VOX,-0.0155085261627402,-0.0146211792520099,0,0.30251962603961946,LR
2024-04-12,VOX,-0.0337027649633479,-0.0307134491586721,0,0.33338722934548987,LR
2024-04-19,VOX,0.0068557562996889,0.0264560130426807,0,0.3376359294552574,LR
2024-04-26,VOX,0.0110972580242745,0.0059615136777704,1,0.25380721992749555,LR
2024-05-03,VOX,0.0091623802172837,0.018678279199128,0,0.304325787128577,LR
2024-05-10,VOX,0.0199985171672696,0.0165310113063783,1,0.30991524814211,LR
2024-05-17,VOX,-0.0024608636542488,-1.8824024143199777e-05,0,0.31235452408919917,LR
2024-05-24,VOX,0.0043449082866686,-0.0039100246800625,0,0.33956571599643237,LR
2024-05-31,VOX,0.0089193716880833,0.0125908840444867,0,0.30143893731845706,LR
2024-06-07,VOX,-0.0025045770747007,0.016423220364906,0,0.3024343753799779,LR
2024-06-14,VOX,0.0086589565662031,0.0064236013071238,0,0.310165853536732,LR
2024-06-21,VOX,0.0093485158955193,-0.0005328779621113,0,0.30803750140937525,LR
2024-06-28,VOX,0.0268902798841859,0.0191468786885222,1,0.2720545972114746,LR
2024-07-05,VOX,-0.0219408944032756,0.0096458607072242,0,0.2579244722416436,LR
2024-07-12,VOX,-0.0177570173423644,-0.0196431900703124,0,0.23880243175128807,LR
2024-07-19,VOX,-0.0278322928135106,-0.008287920654111,0,0.27224651014364576,LR
2024-07-26,VOX,-0.0071942535602614,-0.0211960999882944,0,0.274378503863435,LR
2024-08-02,VOX,0.0613574539934627,0.0001688333416774,1,0.2901056286254787,LR
2024-08-09,VOX,0.0149077806085677,0.0400006517742501,1,0.3677939630269935,LR
2024-08-16,VOX,0.0139170634641054,0.014107752111778,1,0.30250816185956036,LR
2024-08-23,VOX,-0.007134703009931,0.0027574900382907,0,0.2977281915409323,LR
2024-08-30,VOX,-0.0343607489264434,-0.0413713112930638,0,0.3351853392991705,LR
2024-09-06,VOX,0.0316930483772601,0.0400661755073152,1,0.34462651482876616,LR
2024-09-13,VOX,0.0281730500656949,0.0142041771956291,1,0.25428894591700907,LR
2024-09-20,VOX,0.0063893196322504,0.0056665735300258,0,0.2963719842276389,LR
2024-09-27,VOX,0.0122254751166226,0.002642435134283,1,0.2929691916113131,LR
2024-10-04,VOX,-0.0047759580545205,0.0115186490316332,0,0.29115637588134313,LR
2024-10-11,VOX,0.0050529566991086,0.008644133518874,0,0.33046909240666944,LR
2024-10-18,VOX,-0.0053036921142349,-0.0094939618798815,0,0.2950959028045688,LR
2024-10-25,VOX,0.0057518345549931,-0.0138159111301491,0,0.31638048887364106,LR
2024-11-01,VOX,0.0377676105016715,0.047544894033196,1,0.27934232795109004,LR
2024-11-08,VOX,-0.0229937370671162,-0.0207960464249344,0,0.2248815097288566,LR
2024-11-15,VOX,0.0125049582988014,0.0166624024085719,1,0.3038470179579795,LR
2024-11-22,VOX,0.0114456295632108,0.0118215332252141,1,0.2712190791162651,LR
2024-11-29,VOX,0.0361988357680225,0.0087296636754565,1,0.2624844376313818,LR
2024-12-06,VOX,0.002111778496215,-0.0059227907644062,0,0.2796762702850031,LR
2024-12-13,VOX,-0.0386271294659151,-0.0183219647290452,0,0.3012976542125328,LR
2024-12-20,VOX,0.0021023608444867,0.0065295644020124,0,0.3282618455930688,LR
2024-12-27,VOX,0.012860909720578,-0.0051428558312235,1,0.2805480605944479,LR
2024-01-05,VPU,-0.0176133148779877,0.0187210167398703,0,0.2989245796592195,LR
2024-01-12,VPU,-0.0326302800206874,0.0120626307877612,0,0.31445338308168724,LR
2024-01-19,VPU,0.0038732779974794,0.0103228040605926,0,0.32884175953097083,LR
2024-01-26,VPU,0.0052185935186499,0.0142384879325669,0,0.24793707707670248,LR
2024-02-02,VPU,-0.0091874827875177,0.0138566541657945,0,0.2849974712381001,LR
2024-02-09,VPU,0.0167866554492857,-0.0033718277658709,1,0.36167090650811107,LR
2024-02-16,VPU,0.0098867740271226,0.0166962716814536,0,0.36639266453951536,LR
2024-02-23,VPU,0.0021727225854542,0.0098454133542092,0,0.3233258159714446,LR
2024-03-01,VPU,0.0377457525637137,-0.0022034627682529,1,0.36147790764274107,LR
2024-03-08,VPU,-0.0043409499219838,-0.0005978983247235,0,0.31805251134655727,LR
2024-03-15,VPU,0.0064600374685939,0.0223213058997004,0,0.32349167128257894,LR
2024-03-22,VPU,0.0259030523398,0.0035686475181883,1,0.32201038793392295,LR
2024-03-29,VPU,-0.0070773577051962,-0.0088706605220525,0,0.2851559139787399,LR
2024-04-05,VPU,-0.0176404175731462,-0.01462117925201,0,0.2936109696152122,LR
2024-04-12,VPU,0.0106329135977769,-0.0307134491586722,1,0.32262747855945356,LR
2024-04-19,VPU,0.0129860703379656,0.0264560130426806,1,0.292115526394589,LR
2024-04-26,VPU,0.0292834601377991,0.0059615136777704,1,0.29554905617567245,LR
2024-05-03,VPU,0.0361260020100284,0.0186782791991281,1,0.31158529432908944,LR
2024-05-10,VPU,0.010954294229643,0.0165310113063782,1,0.27454873127768853,LR
2024-05-17,VPU,-0.0153259374378974,-1.882402414310133e-05,0,0.26975938171437064,LR
2024-05-24,VPU,0.0148261955816104,-0.0039100246800625,1,0.3221917203955125,LR
2024-05-31,VPU,-0.038461523562414,0.0125908840444869,0,0.27886624988054765,LR
2024-06-07,VPU,-0.00026392982548,0.0164232203649058,0,0.36275892977575835,LR
2024-06-14,VPU,-0.0026536363320722,0.0064236013071238,0,0.3428676549738828,LR
2024-06-21,VPU,-0.0161623401125587,-0.0005328779621113,0,0.321613533962266,LR
2024-06-28,VPU,-0.0030241729772388,0.0191468786885222,0,0.31697919664531304,LR
2024-07-05,VPU,0.0405814585632318,0.0096458607072242,1,0.3695272922760169,LR
2024-07-12,VPU,-0.0029401956175721,-0.0196431900703125,0,0.24311274212079168,LR
2024-07-19,VPU,0.0105016022176651,-0.0082879206541109,1,0.27744815648083715,LR
2024-07-26,VPU,0.0357510121260864,-0.0211960999882944,1,0.276219082083591,LR
2024-08-02,VPU,-0.0114685442485025,0.0001688333416774,0,0.2567894258669913,LR
2024-08-09,VPU,0.0108457842511804,0.0400006517742501,1,0.33767004236944387,LR
2024-08-16,VPU,0.0122102470894904,0.014107752111778,1,0.2819985935874845,LR
2024-08-23,VPU,0.0078139234379697,0.0027574900382907,0,0.2557486614393903,LR
2024-08-30,VPU,-0.0049094659701455,-0.0413713112930637,0,0.3155727766571042,LR
2024-09-06,VPU,0.0294332208972256,0.0400661755073151,1,0.29549526876109905,LR
2024-09-13,VPU,0.0153918170508675,0.0142041771956291,1,0.22755658530367767,LR
2024-09-20,VPU,-0.0024746356432713,0.0056665735300259,0,0.26724040766041895,LR
2024-09-27,VPU,0.0076635079669693,0.002642435134283,0,0.28412143177904875,LR
2024-10-04,VPU,-0.0199218400954528,0.0115186490316332,0,0.2885453251408947,LR
2024-10-11,VPU,0.0317766416234894,0.0086441335188741,1,0.3333405170021457,LR
2024-10-18,VPU,-0.0212778542401013,-0.0094939618798816,0,0.2674602057617458,LR
2024-10-25,VPU,-0.0316117092822412,-0.0138159111301491,0,0.3097697803880959,LR
2024-11-01,VPU,0.0236126239182203,0.0475448940331961,1,0.33996519093608996,LR
2024-11-08,VPU,0.0001753494211818,-0.0207960464249344,0,0.25477326103862985,LR
2024-11-15,VPU,0.0291710836220187,0.0166624024085719,1,0.3030324783761044,LR
2024-11-22,VPU,0.0104936564758904,0.011821533225214,1,0.30489297770575746,LR
2024-11-29,VPU,-0.0378707413591342,0.0087296636754565,0,0.2850363971166554,LR
2024-12-06,VPU,-0.0269706458819325,-0.0059227907644062,0,0.3772264820133228,LR
2024-12-13,VPU,-0.0257860997991331,-0.0183219647290452,0,0.32834899661007066,LR
2024-12-20,VPU,0.0059414507738606,0.0065295644020124,0,0.3352701688928497,LR
2024-12-27,VPU,0.0169388142428801,-0.0051428558312235,1,0.2877143108565012,LR
2025-01-03,VAW,-0.0104965155519652,-0.0193598164959424,0,0.4183410807922265,LR
2025-01-10,VAW,0.0636216447160051,0.0294407937831161,1,0.42145317393012155,LR
2025-01-17,VAW,-0.0003022249844855,0.0173867406001024,0,0.30529624083770085,LR
2025-01-24,VAW,-0.001568496051159,-0.0101157727920663,0,0.3661244839885535,LR
2025-01-31,VAW,0.0092416851274479,-0.0017445387488856,0,0.4048733413695227,LR
2025-02-07,VAW,0.0074634175731846,0.0148642070171959,0,0.36107570139539646,LR
2025-02-14,VAW,-0.0276614985478519,-0.0160077391867195,0,0.3657070992845546,LR
2025-02-21,VAW,0.0047545636337511,-0.0096011246721327,0,0.39981591028676217,LR
2025-02-28,VAW,-0.0220024249584994,-0.0307314024895761,0,0.36319925429438205,LR
2025-03-07,VAW,-0.004289334483882,-0.0227635915766766,0,0.40343500396349463,LR
2025-03-14,VAW,-0.0030024867068326,0.0050933875969128,0,0.4268694476185171,LR
2025-03-21,VAW,-0.0198543312811093,-0.014752446431362,0,0.3976961992388162,LR
2025-03-28,VAW,-0.0806364888478861,-0.09066681681777,0,0.44990487472911667,LR
2025-04-04,VAW,0.0652943005773487,0.0567211322924713,1,0.5252481740749416,LR
2025-04-11,VAW,-0.0056953991542187,-0.0141029561470885,0,0.2570904895163277,LR
2025-04-18,VAW,0.028460616505223,0.0460290604159416,1,0.3424658479027379,LR
2025-04-25,VAW,0.0275986619831241,0.0292748208597093,1,0.39902068665175533,LR
2025-05-02,VAW,-0.0003205682700352,-0.0042697562499706,0,0.3886214057439369,LR
2025-05-09,VAW,0.0020312468210856,0.0529112900881948,0,0.42739564072296893,LR
2025-05-16,VAW,-0.0076467370820955,-0.025395552619537,0,0.3272394005417316,LR
2025-05-23,VAW,-0.0025641856913778,0.0177514065625835,0,0.3779416183817789,LR
2025-05-30,VAW,0.0137164365738853,0.0165425600117783,1,0.3260709796857383,LR
2025-06-06,VAW,-0.0111390493103036,-0.0035718576541998,0,0.30830867549868424,LR
2025-06-13,VAW,-0.0170120792063163,-0.0016131806396344,0,0.29387960286398385,LR
2025-06-20,VAW,0.022790588476621,0.0347141910248835,1,0.3506392972845715,LR
2025-06-27,VAW,0.038096743993617,0.0169618912679874,1,0.2576774540147082,LR
2025-07-04,VAW,0.0068677459243831,-0.0027505378065231,0,0.26603455502209516,LR
2025-07-11,VAW,-0.0078349786886944,0.0063500583201943,0,0.2617268809751181,LR
2025-07-18,VAW,0.0169920907057545,0.015169344601832,1,0.30107619371714384,LR
2025-07-25,VAW,-0.0532170344517977,-0.0241407884942203,0,0.24918766400686349,LR
2025-08-01,VAW,0.0292117361702786,0.0248666228801078,1,0.3870474860210033,LR
2025-08-08,VAW,0.0203867328023532,0.009824650506322,1,0.3201700347038991,LR
2025-08-15,VAW,0.0236045618337743,0.0029061269492467,1,0.26249902268411285,LR
2025-08-22,VAW,0.0014900146793874,-0.0004028921401413,0,0.29582685113918017,LR
2025-08-29,VAW,0.0089181672769096,0.0033950144843236,0,0.35696404102072815,LR
2025-09-05,VAW,-0.0006240800240695,0.0157130411825059,0,0.3733274927877796,LR
2025-09-12,VAW,-0.0080653284203402,0.0123667882978715,0,0.3598117100745808,LR
2025-09-19,VAW,-0.0192186720237275,-0.0028327138297911,0,0.3912597822721703,LR
2025-09-26,VAW,0.0080443391814755,0.0111663755080476,0,0.37832859601595104,LR
2025-10-03,VAW,-0.0328944383303514,-0.0241928497847115,0,0.33019082022123036,LR
2025-10-10,VAW,-0.0020298215305671,0.0174114685029459,0,0.3651947232795966,LR
2025-10-17,VAW,-0.003535309868194,0.0193561032252637,0,0.345950039262715,LR
2025-10-24,VAW,-0.0364408686901063,0.0071022972514944,0,0.3080758254975736,LR
2025-10-31,VAW,-0.0019490428293238,-0.0162596938568354,0,0.41139113721238124,LR
2025-11-07,VAW,-0.0018860943092269,0.0014307277468821,0,0.33501488163451043,LR
2025-11-14,VAW,-0.002614764202232,-0.0191983434999241,0,0.3233132986236392,LR
2025-11-21,VAW,0.0442810147204464,0.0369634355810804,1,0.37973167793904516,LR
2025-11-28,VAW,-0.0063163030735187,0.0033655237201748,0,0.2882057084080365,LR
2025-12-05,VAW,0.0243890766273682,-0.0057313592832331,1,0.3781002692117758,LR
2025-12-12,VAW,-0.0059458426037822,0.001233686956561,0,0.32527542930340153,LR
2025-12-19,VAW,0.0152437211374201,0.0142816675535046,1,0.34888900108975923,LR
2025-12-26,VAW,0.0050985993629932,-0.010343234978203,0,0.32409648844821065,LR
2025-01-03,VCR,-0.0328509346550639,-0.0193598164959426,0,0.3688526054836921,LR
2025-01-10,VCR,0.0468201985389167,0.0294407937831161,1,0.407797798295191,LR
2025-01-17,VCR,-0.0043177483142545,0.0173867406001024,0,0.29792597959574973,LR
2025-01-24,VCR,0.0237794989443023,-0.0101157727920665,1,0.3389762257582568,LR
2025-01-31,VCR,-0.0086997729854256,-0.0017445387488855,0,0.3646429635945649,LR
2025-02-07,VCR,0.0043419748271946,0.014864207017196,0,0.3757565119767774,LR
2025-02-14,VCR,-0.0412900774576726,-0.0160077391867195,0,0.3332928845225117,LR
2025-02-21,VCR,-0.0217124240286168,-0.0096011246721327,0,0.38571776734606344,LR
2025-02-28,VCR,-0.060801019577655,-0.0307314024895763,0,0.36530890318958853,LR
2025-03-07,VCR,-0.0271758251674849,-0.0227635915766766,0,0.4383594816859148,LR
2025-03-14,VCR,0.0053509465254462,0.0050933875969128,0,0.45324260310488834,LR
2025-03-21,VCR,-0.0177398479782999,-0.014752446431362,0,0.42389078390214335,LR
2025-03-28,VCR,-0.0586891178014964,-0.09066681681777,0,0.49245071666014195,LR
2025-04-04,VCR,0.0828332726595049,0.0567211322924713,1,0.5564459355824298,LR
2025-04-11,VCR,-0.0353226366665602,-0.0141029561470884,0,0.3339057753500078,LR
2025-04-18,VCR,0.0798847488955691,0.0460290604159416,1,0.39650877559619563,LR
2025-04-25,VCR,0.0178505815885801,0.0292748208597093,1,0.3599497266736544,LR
2025-05-02,VCR,0.0189233378439499,-0.0042697562499705,1,0.3682087947194108,LR
2025-05-09,VCR,0.0173905781843815,0.0529112900881949,1,0.42351015452139806,LR
2025-05-16,VCR,-0.0146024484984763,-0.025395552619537,0,0.29104727474219644,LR
2025-05-23,VCR,0.0045450280936942,0.0177514065625836,0,0.37592416871964623,LR
2025-05-30,VCR,-0.001920069709164,0.0165425600117784,0,0.28123544106160214,LR
2025-06-06,VCR,-0.0021815192438598,-0.0035718576541997,0,0.27351911825449177,LR
2025-06-13,VCR,-0.0091050344928206,-0.0016131806396345,0,0.33130495925693126,LR
2025-06-20,VCR,0.0366756244290327,0.0347141910248836,1,0.3605350345777803,LR
2025-06-27,VCR,0.0144135738544848,0.0169618912679873,1,0.2756570339383093,LR
2025-07-04,VCR,0.0141436723210623,-0.002750537806523,1,0.2901797881505911,LR
2025-07-11,VCR,0.0025179316391681,0.0063500583201942,0,0.3121245220862877,LR
2025-07-18,VCR,0.0095569331616058,0.0151693446018318,0,0.31419890051260196,LR
2025-07-25,VCR,-0.0444290963178201,-0.0241407884942204,0,0.31995431289112186,LR
2025-08-01,VCR,0.0226207951723469,0.024866622880108,1,0.4103818833749277,LR
2025-08-08,VCR,0.0262974263031927,0.009824650506322,1,0.3303924157579693,LR
2025-08-15,VCR,0.0191711429601633,0.0029061269492467,1,0.26732622655344457,LR
2025-08-22,VCR,-0.0011390174872125,-0.0004028921401413,0,0.307196252672264,LR
2025-08-29,VCR,0.0319151857527792,0.0033950144843235,1,0.3747482423930157,LR
2025-09-05,VCR,0.0045187955694157,0.0157130411825058,0,0.3545026559490585,LR
2025-09-12,VCR,-0.0031377870636658,0.0123667882978714,0,0.31319626135102,LR
2025-09-19,VCR,-0.0074703066442848,-0.002832713829791,0,0.3247715700177737,LR
2025-09-26,VCR,-0.0135656337583648,0.0111663755080474,0,0.32719826662787727,LR
2025-10-03,VCR,-0.0500769579706007,-0.0241928497847115,0,0.33065135581786503,LR
2025-10-10,VCR,0.0131920550409707,0.0174114685029461,1,0.371820738356341,LR
2025-10-17,VCR,0.0124932541930127,0.0193561032252637,1,0.3230455708883876,LR
2025-10-24,VCR,-0.0042563971624837,0.0071022972514943,0,0.30295580713280534,LR
2025-10-31,VCR,-0.026948552929195,-0.0162596938568354,0,0.3558077906173923,LR
2025-11-07,VCR,-0.0330260775626096,0.0014307277468822,0,0.3356528450112664,LR
2025-11-14,VCR,-0.0163457053746819,-0.0191983434999242,0,0.33525903559020837,LR
2025-11-21,VCR,0.0453219973227616,0.0369634355810804,1,0.3852089299455316,LR
2025-11-28,VCR,0.0159195603610058,0.0033655237201748,1,0.2867655976260576,LR
2025-12-05,VCR,0.011972709050978,-0.0057313592832332,1,0.36304701933187733,LR
2025-12-12,VCR,-0.0010447055487201,0.001233686956561,0,0.34886297513355724,LR
2025-12-19,VCR,-0.0031453279050634,0.0142816675535046,0,0.3535445499888604,LR
2025-12-26,VCR,-0.0225855204263658,-0.0103432349782031,0,0.33613910998702456,LR
2025-01-03,VDC,-0.0207524160593081,-0.0193598164959426,0,0.34046174935853996,LR
2025-01-10,VDC,0.0133055936590529,0.0294407937831159,1,0.36495664416351686,LR
2025-01-17,VDC,0.0079546448962788,0.0173867406001024,0,0.2773865062967922,LR
2025-01-24,VDC,0.0114138468963591,-0.0101157727920663,1,0.31810768669536393,LR
2025-01-31,VDC,0.020440696427433,-0.0017445387488855,1,0.34830476828680035,LR
2025-02-07,VDC,0.0140773662860109,0.014864207017196,1,0.3634594997666166,LR
2025-02-14,VDC,0.0066995414558175,-0.0160077391867194,0,0.3285755557899064,LR
2025-02-21,VDC,0.0135647131519485,-0.0096011246721326,1,0.3362123073043284,LR
2025-02-28,VDC,-0.0066071237836563,-0.0307314024895762,0,0.31357131942049876,LR
2025-03-07,VDC,-0.0415036456354642,-0.0227635915766766,0,0.3460176835065134,LR
2025-03-14,VDC,-0.000938468151046,0.0050933875969128,0,0.3876001630122378,LR
2025-03-21,VDC,0.0096973297119979,-0.0147524464313621,0,0.37516488236184364,LR
2025-03-28,VDC,-0.0210887834999811,-0.09066681681777,0,0.3782239956524759,LR
2025-04-04,VDC,0.0587919768525972,0.0567211322924714,1,0.4222151674674074,LR
2025-04-11,VDC,0.0113365208617082,-0.0141029561470884,1,0.3247847060142318,LR
2025-04-18,VDC,-0.0120132097578226,0.0460290604159417,0,0.35955400764780393,LR
2025-04-25,VDC,0.0109079465428376,0.0292748208597093,1,0.3815469838316192,LR
2025-05-02,VDC,-0.0104275421652273,-0.0042697562499705,0,0.3231946729636398,LR
2025-05-09,VDC,0.0151521703992585,0.0529112900881948,1,0.3514768876880628,LR
2025-05-16,VDC,-0.004650317187015,-0.0253955526195369,0,0.27582351647162556,LR
2025-05-23,VDC,0.0164305662569752,0.0177514065625837,1,0.3547606939245225,LR
2025-05-30,VDC,-0.010953134068604,0.0165425600117783,0,0.30823917626546754,LR
2025-06-06,VDC,-0.0108533853492444,-0.0035718576541999,0,0.310176854481752,LR
2025-06-13,VDC,-0.0035119921206885,-0.0016131806396344,0,0.3215279854942448,LR
2025-06-20,VDC,-0.0021034647616799,0.0347141910248835,0,0.3163901961143533,LR
2025-06-27,VDC,0.0177368122915106,0.0169618912679874,1,0.25881743345005753,LR
2025-07-04,VDC,-0.0161261343741202,-0.002750537806523,0,0.2650865456817082,LR
2025-07-11,VDC,0.0009156949997199,0.0063500583201942,0,0.2422241838053944,LR
2025-07-18,VDC,0.005526911589766,0.0151693446018318,0,0.2624807062314709,LR
2025-07-25,VDC,-0.0095455417539224,-0.0241407884942203,0,0.26404676091891466,LR
2025-08-01,VDC,0.0261775649664159,0.024866622880108,1,0.3205102718890486,LR
2025-08-08,VDC,-0.0059240969429555,0.009824650506322,0,0.28223323545477663,LR
2025-08-15,VDC,0.0052816817731107,0.0029061269492468,0,0.26138154983492934,LR
2025-08-22,VDC,-0.0131081246040961,-0.0004028921401413,0,0.2858961176841822,LR
2025-08-29,VDC,0.0055674768106519,0.0033950144843236,0,0.33263830961001134,LR
2025-09-05,VDC,-0.0038131388782584,0.015713041182506,0,0.3321285269254801,LR
2025-09-12,VDC,-0.0124504534734988,0.0123667882978715,0,0.2944890743663289,LR
2025-09-19,VDC,-0.014955068948208,-0.0028327138297912,0,0.3145668167068051,LR
2025-09-26,VDC,-0.0004696445119235,0.0111663755080474,0,0.3132365592190576,LR
2025-10-03,VDC,0.0014588152340895,-0.0241928497847114,0,0.344318038614901,LR
2025-10-10,VDC,0.0255575893891448,0.017411468502946,1,0.32019089164652925,LR
2025-10-17,VDC,-0.0084963996364634,0.0193561032252638,0,0.32352672563748947,LR
2025-10-24,VDC,-0.0376416156746748,0.0071022972514944,0,0.3236826251955414,LR
2025-10-31,VDC,0.0064491112992737,-0.0162596938568354,0,0.37908847019075376,LR
2025-11-07,VDC,0.0084758140925214,0.001430727746882,0,0.28437244390200067,LR
2025-11-14,VDC,0.0066482756401888,-0.0191983434999242,0,0.3066230030588092,LR
2025-11-21,VDC,0.0190565721044,0.0369634355810803,1,0.33524308627130955,LR
2025-11-28,VDC,-0.00871454902543,0.0033655237201748,0,0.2998867984467388,LR
2025-12-05,VDC,0.0125942342222373,-0.0057313592832332,1,0.3539005338901496,LR
2025-12-12,VDC,-0.0171697644134845,0.001233686956561,0,0.318561812675842,LR
2025-12-19,VDC,0.001316959590297,0.0142816675535047,0,0.32605337202682,LR
2025-12-26,VDC,-0.0083693757786157,-0.010343234978203,0,0.3179013134014611,LR
2025-01-03,VDE,0.0035318253776268,-0.0193598164959426,0,0.36085421817150565,LR
2025-01-10,VDE,0.0564175733364706,0.029440793783116,1,0.4236878271893772,LR
2025-01-17,VDE,-0.0276184994273348,0.0173867406001025,0,0.4008117451183433,LR
2025-01-24,VDE,-0.0362488429227314,-0.0101157727920664,0,0.4318612335100073,LR
2025-01-31,VDE,0.0085899314869251,-0.0017445387488856,0,0.46031415675698084,LR
2025-02-07,VDE,0.0049327321596366,0.0148642070171959,0,0.3860681825590084,LR
2025-02-14,VDE,0.0014193368996131,-0.0160077391867195,0,0.3742872581715996,LR
2025-02-21,VDE,-0.004873469113606,-0.0096011246721326,0,0.41270359451403954,LR
2025-02-28,VDE,-0.0452791566007301,-0.0307314024895763,0,0.4254137216472993,LR
2025-03-07,VDE,0.0232825514653018,-0.0227635915766767,1,0.4946124035455925,LR
2025-03-14,VDE,0.0315764127758706,0.0050933875969128,1,0.4075531204127071,LR
2025-03-21,VDE,-0.0046512101047723,-0.0147524464313621,0,0.3985089109709402,LR
2025-03-28,VDE,-0.1452684519024421,-0.0906668168177701,0,0.4641844942661845,LR
2025-04-04,VDE,0.0400683747904577,0.0567211322924714,1,0.6204974398858097,LR
2025-04-11,VDE,0.0130391986117321,-0.0141029561470883,1,0.3484240764308754,LR
2025-04-18,VDE,0.0238477866271757,0.0460290604159416,1,0.3253458321590055,LR
2025-04-25,VDE,-0.0004368320113272,0.0292748208597093,0,0.42229302100563715,LR
2025-05-02,VDE,0.0214367807780078,-0.0042697562499705,1,0.5013517740008676,LR
2025-05-09,VDE,0.0002514777354902,0.0529112900881948,0,0.5266177189224005,LR
2025-05-16,VDE,-0.0315166520965749,-0.0253955526195371,0,0.4280128217954297,LR
2025-05-23,VDE,-0.0095394891805643,0.0177514065625836,0,0.534793076184657,LR
2025-05-30,VDE,0.0083504955296844,0.0165425600117784,0,0.42018005151132176,LR
2025-06-06,VDE,0.0532766139253657,-0.0035718576541997,1,0.3322941656852241,LR
2025-06-13,VDE,0.010924085241289,-0.0016131806396344,1,0.2804251700164251,LR
2025-06-20,VDE,-0.053118339318869,0.0347141910248836,0,0.3945053909415817,LR
2025-06-27,VDE,0.0238753322320979,0.0169618912679874,1,0.3256531019597539,LR
2025-07-04,VDE,0.0297167672143547,-0.002750537806523,1,0.2684951745899025,LR
2025-07-11,VDE,-0.031485341409905,0.0063500583201943,0,0.2686850020173391,LR
2025-07-18,VDE,0.0112517628811752,0.0151693446018319,1,0.3837510674778688,LR
2025-07-25,VDE,-0.0252353185999677,-0.0241407884942203,0,0.3380747247964263,LR
2025-08-01,VDE,-0.0042574683390319,0.024866622880108,0,0.37604409845306525,LR
2025-08-08,VDE,0.0051904793840276,0.0098246505063219,0,0.41159777680287535,LR
2025-08-15,VDE,0.0352094931439135,0.0029061269492467,1,0.37680436645480225,LR
2025-08-22,VDE,0.026285991718244,-0.0004028921401415,1,0.36002461487390863,LR
2025-08-29,VDE,-0.0268944911811754,0.0033950144843236,0,0.4028253639431651,LR
2025-09-05,VDE,0.0099618993713335,0.0157130411825058,0,0.43633716672373357,LR
2025-09-12,VDE,-0.001922042827621,0.0123667882978715,0,0.3505059130460824,LR
2025-09-19,VDE,0.0445535854619099,-0.0028327138297912,1,0.38097663361241607,LR
2025-09-26,VDE,-0.0253802913381854,0.0111663755080474,0,0.34274697466045195,LR
2025-10-03,VDE,-0.0455914991657089,-0.0241928497847114,0,0.34702876494617474,LR
2025-10-10,VDE,-0.0011522583510159,0.017411468502946,0,0.36511608814961544,LR
2025-10-17,VDE,0.0208094458981782,0.0193561032252638,1,0.3165130457882582,LR
2025-10-24,VDE,-0.0038393516271597,0.0071022972514945,0,0.3289688055271748,LR
2025-10-31,VDE,0.0131706317318978,-0.0162596938568354,1,0.3978080109813791,LR
2025-11-07,VDE,0.0222081528942015,0.001430727746882,1,0.3550886811106245,LR
2025-11-14,VDE,-0.0257899188939552,-0.0191983434999243,0,0.3340230491859525,LR
2025-11-21,VDE,0.0156722455730391,0.0369634355810803,1,0.37752174715315484,LR
2025-11-28,VDE,0.0157301183756279,0.0033655237201749,1,0.3144367097531291,LR
2025-12-05,VDE,-0.0050406662417004,-0.0057313592832331,0,0.3497833939252248,LR
2025-12-12,VDE,-0.0402893959670371,0.0012336869565609,0,0.36526010325588404,LR
2025-12-19,VDE,-0.0005618854855943,0.0142816675535046,0,0.37959254183631935,LR
2025-12-26,VDE,0.0269796050107486,-0.0103432349782031,1,0.32928276794378414,LR
2025-01-03,VFH,-0.0330765115458642,-0.0193598164959426,0,0.3744667847340011,LR
2025-01-10,VFH,0.0696864092973341,0.0294407937831159,1,0.39983330582002274,LR
2025-01-17,VFH,0.0083468295507342,0.0173867406001024,0,0.2648416868953464,LR
2025-01-24,VFH,0.0141797814042055,-0.0101157727920665,1,0.3289616996109458,LR
2025-01-31,VFH,0.0238461288454328,-0.0017445387488856,1,0.3474811983878187,LR
2025-02-07,VFH,-0.0042512462636117,0.0148642070171961,0,0.32747721614350417,LR
2025-02-14,VFH,-0.0275323874593605,-0.0160077391867195,0,0.3378863687496383,LR
2025-02-21,VFH,0.0196474797799146,-0.0096011246721327,1,0.36966929578976765,LR
2025-02-28,VFH,-0.0626283378073128,-0.0307314024895762,0,0.33898751600766763,LR
2025-03-07,VFH,0.0022307550409974,-0.0227635915766766,0,0.43583175293019916,LR
2025-03-14,VFH,0.0225085488216683,0.0050933875969128,1,0.4206642166250356,LR
2025-03-21,VFH,-0.0202540252069568,-0.0147524464313619,0,0.38781507828392053,LR
2025-03-28,VFH,-0.094948661622644,-0.0906668168177702,0,0.4637211321213577,LR
2025-04-04,VFH,0.0860267282839026,0.0567211322924714,1,0.5876316648888222,LR
2025-04-11,VFH,-0.010813696365921,-0.0141029561470884,0,0.3387709977243578,LR
2025-04-18,VFH,0.039714789146303,0.0460290604159416,1,0.37336361986687566,LR
2025-04-25,VFH,0.0321994396261497,0.0292748208597094,1,0.442369050613736,LR
2025-05-02,VFH,0.0127501657716744,-0.0042697562499706,1,0.40933071683930744,LR
2025-05-09,VFH,0.0097174232601455,0.0529112900881949,0,0.4522636415845626,LR
2025-05-16,VFH,-0.023923111885225,-0.0253955526195371,0,0.3803232457340615,LR
2025-05-23,VFH,0.0080393413886135,0.0177514065625834,0,0.4408471380745125,LR
2025-05-30,VFH,0.0157030003357632,0.0165425600117782,1,0.33984433873652886,LR
2025-06-06,VFH,-0.02765052921909,-0.0035718576541997,0,0.31793061245195625,LR
2025-06-13,VFH,0.0025443630770356,-0.0016131806396343,0,0.38898865141032135,LR
2025-06-20,VFH,0.0336802479018696,0.0347141910248836,1,0.3682936849699576,LR
2025-06-27,VFH,0.0203953383010813,0.0169618912679875,1,0.2688510600989074,LR
2025-07-04,VFH,-0.0162262285877933,-0.002750537806523,0,0.29275802474930984,LR
2025-07-11,VFH,0.0099843105576307,0.0063500583201942,0,0.2908185806335577,LR
2025-07-18,VFH,0.0131405212144148,0.0151693446018319,1,0.2951036934682695,LR
2025-07-25,VFH,-0.038762630255457,-0.0241407884942203,0,0.28593037380395775,LR
2025-08-01,VFH,0.0069963817089602,0.0248666228801078,0,0.4032505312072841,LR
2025-08-08,VFH,0.0107102925264079,0.0098246505063219,1,0.34861579522820946,LR
2025-08-15,VFH,0.0232486437557051,0.0029061269492467,1,0.29776735470175364,LR
2025-08-22,VFH,0.0078661887894631,-0.0004028921401414,0,0.34768733138156566,LR
2025-08-29,VFH,-0.0084674699928321,0.0033950144843234,0,0.39433241080678266,LR
2025-09-05,VFH,0.0125356063840249,0.0157130411825058,1,0.39450286953785574,LR
2025-09-12,VFH,0.0055281765291057,0.0123667882978715,0,0.34618351866160707,LR
2025-09-19,VFH,-0.0042395152859362,-0.0028327138297911,0,0.33221242049528676,LR
2025-09-26,VFH,-0.0080266362122521,0.0111663755080476,0,0.3544741648456323,LR
2025-10-03,VFH,-0.0350597615572064,-0.0241928497847115,0,0.32375286541044057,LR
2025-10-10,VFH,-0.0084441111663017,0.017411468502946,0,0.3491632444733535,LR
2025-10-17,VFH,0.0167347965370892,0.0193561032252639,1,0.34987495587736017,LR
2025-10-24,VFH,-0.019227869152778,0.0071022972514945,0,0.3143487344888565,LR
2025-10-31,VFH,0.0091829380371744,-0.0162596938568354,0,0.3889306858480917,LR
2025-11-07,VFH,-0.0090012887147237,0.0014307277468821,0,0.3381205222368707,LR
2025-11-14,VFH,-0.0137039940628134,-0.0191983434999242,0,0.32061621358863407,LR
2025-11-21,VFH,0.0310913555838781,0.0369634355810803,1,0.35451818337420654,LR
2025-11-28,VFH,0.0130673657889057,0.0033655237201748,1,0.29896084113723814,LR
2025-12-05,VFH,0.0246263772289918,-0.0057313592832331,1,0.3555490220486346,LR
2025-12-12,VFH,-0.0109531955374589,0.001233686956561,0,0.2965584558703885,LR
2025-12-19,VFH,0.0146542558046145,0.0142816675535047,1,0.3333609862545274,LR
2025-12-26,VFH,-0.0125313054868876,-0.0103432349782031,0,0.3082712058551635,LR
2025-01-03,VGT,-0.0429953160040463,-0.0193598164959424,0,0.40301466046217466,LR
2025-01-10,VGT,0.0404768567693956,0.029440793783116,1,0.4350818825243982,LR
2025-01-17,VGT,0.0161761475726476,0.0173867406001025,1,0.35102729550338835,LR
2025-01-24,VGT,0.0097600273466273,-0.0101157727920664,0,0.37479081622274757,LR
2025-01-31,VGT,0.032484875912468,-0.0017445387488856,1,0.42382828786970494,LR
2025-02-07,VGT,0.0230553723378665,0.0148642070171959,1,0.3841500007977803,LR
2025-02-14,VGT,-0.0292406565489476,-0.0160077391867195,0,0.33947659151391907,LR
2025-02-21,VGT,-0.0442517795950425,-0.0096011246721327,0,0.43204350385982704,LR
2025-02-28,VGT,-0.0417020249680137,-0.0307314024895762,0,0.4476017138196673,LR
2025-03-07,VGT,-0.0015959344962243,-0.0227635915766767,0,0.42688246595323354,LR
2025-03-14,VGT,0.0032694808828748,0.0050933875969126,0,0.4324028874834651,LR
2025-03-21,VGT,-0.0530774670596447,-0.0147524464313621,0,0.42355762468981994,LR
2025-03-28,VGT,-0.1017098184250135,-0.09066681681777,0,0.5145993377032809,LR
2025-04-04,VGT,0.1369926186646273,0.0567211322924714,1,0.6003985324040068,LR
2025-04-11,VGT,-0.0577084233045106,-0.0141029561470883,0,0.33414953493792576,LR
2025-04-18,VGT,0.0987695971995143,0.0460290604159416,1,0.4267880899187103,LR
2025-04-25,VGT,0.0389557497918418,0.0292748208597094,1,0.39358743895585124,LR
2025-05-02,VGT,0.0152320481485941,-0.0042697562499706,1,0.4349329725759222,LR
2025-05-09,VGT,0.0344359581822462,0.052911290088195,1,0.476930645991371,LR
2025-05-16,VGT,-0.0199116669952071,-0.0253955526195371,0,0.3718808011485841,LR
2025-05-23,VGT,0.0023472731324951,0.0177514065625837,0,0.42574282855259904,LR
2025-05-30,VGT,0.0354049304300103,0.0165425600117783,1,0.3303392097343635,LR
2025-06-06,VGT,-0.0099751087628303,-0.0035718576541999,0,0.30503571856310907,LR
2025-06-13,VGT,0.0008599197777563,-0.0016131806396344,0,0.35847502425328265,LR
2025-06-20,VGT,0.0460454443700408,0.0347141910248836,1,0.41426090055443515,LR
2025-06-27,VGT,0.0182340163179024,0.0169618912679874,1,0.3058739902676773,LR
2025-07-04,VGT,-0.0010431905823421,-0.002750537806523,0,0.31626961512772334,LR
2025-07-11,VGT,0.0245248001844773,0.0063500583201943,1,0.3356873788996622,LR
2025-07-18,VGT,0.003058558242617,0.0151693446018318,0,0.3291123615313923,LR
2025-07-25,VGT,-0.0250812802109685,-0.0241407884942203,0,0.31902535851296226,LR
2025-08-01,VGT,0.0269607271984182,0.024866622880108,1,0.407022929005114,LR
2025-08-08,VGT,0.0018173938047021,0.0098246505063218,0,0.3318194741491436,LR
2025-08-15,VGT,-0.0079317270127244,0.0029061269492467,0,0.3174968057078841,LR
2025-08-22,VGT,0.0059025109299641,-0.0004028921401413,0,0.38668472368517826,LR
2025-08-29,VGT,0.022205633330494,0.0033950144843234,1,0.3958150817251427,LR
2025-09-05,VGT,0.0241822850367268,0.015713041182506,1,0.4123571629167273,LR
2025-09-12,VGT,0.0281889547234868,0.0123667882978714,1,0.35027221708331296,LR
2025-09-19,VGT,-0.0016893033034375,-0.002832713829791,0,0.34878871456902294,LR
2025-09-26,VGT,0.015562573931577,0.0111663755080475,1,0.3451908445858739,LR
2025-10-03,VGT,-0.0357755600743688,-0.0241928497847115,0,0.28883590215678195,LR
2025-10-10,VGT,-0.002162412515855,0.0174114685029461,0,0.31566264119793547,LR
2025-10-17,VGT,0.0228041560805893,0.0193561032252638,1,0.27036463713894304,LR
2025-10-24,VGT,0.0102527498897899,0.0071022972514944,1,0.24959159725206417,LR
2025-10-31,VGT,-0.0499619163338296,-0.0162596938568354,0,0.2727541291586444,LR
2025-11-07,VGT,-0.0250234939757613,0.001430727746882,0,0.29137276023902176,LR
2025-11-14,VGT,-0.0398285136422388,-0.0191983434999243,0,0.2852135590302871,LR
2025-11-21,VGT,0.0388211193484278,0.0369634355810803,1,0.36352846451412146,LR
2025-11-28,VGT,0.0309567577156326,0.0033655237201749,1,0.2711182256834572,LR
2025-12-05,VGT,-0.0236090720871098,-0.0057313592832332,0,0.35518361108895424,LR
2025-12-12,VGT,-0.0044405729749789,0.001233686956561,0,0.3509172195819477,LR
2025-12-19,VGT,0.0032168545812358,0.0142816675535047,0,0.3621236778322495,LR
2025-12-26,VGT,-0.0070793630994189,-0.010343234978203,0,0.34342460148887227,LR
2025-01-03,VHT,0.0033904590017168,-0.0193598164959425,0,0.37491855005852814,LR
2025-01-10,VHT,0.0033375453360764,0.029440793783116,0,0.37033778494751635,LR
2025-01-17,VHT,0.0245328191290743,0.0173867406001025,1,0.3292763853455868,LR
2025-01-24,VHT,0.0133986546635505,-0.0101157727920664,1,0.33036844517427627,LR
2025-01-31,VHT,0.0027170277141141,-0.0017445387488856,0,0.3521096239684919,LR
2025-02-07,VHT,-0.0120763460574501,0.014864207017196,0,0.3444574353683558,LR
2025-02-14,VHT,0.0123540443664664,-0.0160077391867195,1,0.3175804835406348,LR
2025-02-21,VHT,0.0104070560772575,-0.0096011246721327,1,0.32815349059698057,LR
2025-02-28,VHT,-0.0016177155674997,-0.0307314024895762,0,0.3258477787611786,LR
2025-03-07,VHT,-0.0196034708958451,-0.0227635915766767,0,0.39332050458768797,LR
2025-03-14,VHT,0.0125939131542085,0.0050933875969127,1,0.4061089579050317,LR
2025-03-21,VHT,-0.0197979110688093,-0.014752446431362,0,0.374917689994365,LR
2025-03-28,VHT,-0.062145852193074,-0.09066681681777,0,0.40259800048712735,LR
2025-04-04,VHT,0.0420411350282958,0.0567211322924713,1,0.4820980163149219,LR
2025-04-11,VHT,-0.0187377782319989,-0.0141029561470883,0,0.31918350810584406,LR
2025-04-18,VHT,0.0261568747489142,0.0460290604159415,1,0.37066369466835375,LR
2025-04-25,VHT,0.0050404388785165,0.0292748208597093,0,0.3995509980739341,LR
2025-05-02,VHT,-0.0394205911877806,-0.0042697562499705,0,0.37807148029864246,LR
2025-05-09,VHT,0.0048914931247012,0.0529112900881948,0,0.4519024891649665,LR
2025-05-16,VHT,-0.0195571510169711,-0.025395552619537,0,0.2974417359864596,LR
2025-05-23,VHT,0.010153323320583,0.0177514065625837,1,0.3763815397935884,LR
2025-05-30,VHT,0.0184217923539782,0.0165425600117783,1,0.3303622008915235,LR
2025-06-06,VHT,0.0100085195267123,-0.0035718576541999,1,0.3026803780039538,LR
2025-06-13,VHT,-0.0262675839780771,-0.0016131806396345,0,0.30261198953672763,LR
2025-06-20,VHT,0.0110952168428544,0.0347141910248834,1,0.3272935047354466,LR
2025-06-27,VHT,0.0113691435384315,0.0169618912679873,1,0.24276696339918488,LR
2025-07-04,VHT,-0.000882334258179,-0.0027505378065231,0,0.24216125912807182,LR
2025-07-11,VHT,-0.0197397332345872,0.0063500583201943,0,0.24526274862415004,LR
2025-07-18,VHT,0.0324288570940902,0.015169344601832,1,0.27155061325211144,LR
2025-07-25,VHT,-0.0350304638213764,-0.0241407884942203,0,0.2366048195888381,LR
2025-08-01,VHT,-0.0071225481983051,0.024866622880108,0,0.31592736951101535,LR
2025-08-08,VHT,0.0466677493526335,0.0098246505063219,1,0.3216640038842362,LR
2025-08-15,VHT,0.0139564262108757,0.0029061269492467,1,0.20412202678019742,LR
2025-08-22,VHT,-0.0042550319691776,-0.0004028921401414,0,0.26385993315751477,LR
2025-08-29,VHT,0.0110547131342881,0.0033950144843236,1,0.3521264327148884,LR
2025-09-05,VHT,0.0016374792504263,0.0157130411825059,0,0.3540983664836749,LR
2025-09-12,VHT,-0.0053648673322409,0.0123667882978714,0,0.33979075007265935,LR
2025-09-19,VHT,-0.0082644652795756,-0.002832713829791,0,0.3596592347609631,LR
2025-09-26,VHT,0.0633086256755843,0.0111663755080475,1,0.3599980898931502,LR
2025-10-03,VHT,-0.0186825007695289,-0.0241928497847113,0,0.2619634305537522,LR
2025-10-10,VHT,0.0108453125655891,0.017411468502946,1,0.3492286180375768,LR
2025-10-17,VHT,0.0156075488891138,0.0193561032252637,1,0.350385166821836,LR
2025-10-24,VHT,-0.0090162420762959,0.0071022972514944,0,0.30191243863941747,LR
2025-10-31,VHT,0.0107499889986484,-0.0162596938568354,1,0.3860494209123463,LR
2025-11-07,VHT,0.0385591664129612,0.0014307277468821,1,0.31364023351915615,LR
2025-11-14,VHT,0.0215107111044141,-0.0191983434999242,1,0.2677279946100395,LR
2025-11-21,VHT,0.0197348352734321,0.0369634355810803,1,0.308417829670151,LR
2025-11-28,VHT,-0.0210648052795887,0.0033655237201748,0,0.30003792442217003,LR
2025-12-05,VHT,0.0010779149572002,-0.0057313592832332,0,0.36141918253746275,LR
2025-12-12,VHT,-0.0046400370450565,0.001233686956561,0,0.32512451437546774,LR
2025-12-19,VHT,0.0109547019571791,0.0142816675535046,1,0.3342703345837901,LR
2025-12-26,VHT,-0.0059898457532775,-0.010343234978203,0,0.2998153882599949,LR
2025-01-03,VIS,-0.0172940813231406,-0.0193598164959424,0,0.41148471161803024,LR
2025-01-10,VIS,0.0569546863660153,0.0294407937831161,1,0.4122240704199752,LR
2025-01-17,VIS,0.0126794215481287,0.0173867406001025,1,0.30257150909818115,LR
2025-01-24,VIS,-0.0048179590846755,-0.0101157727920665,0,0.3333828123066504,LR
2025-01-31,VIS,0.0130003973247962,-0.0017445387488855,1,0.39160262163195775,LR
2025-02-07,VIS,-0.0096370458782157,0.014864207017196,0,0.3580174858290106,LR
2025-02-14,VIS,-0.0293197209347745,-0.0160077391867195,0,0.35192692118227636,LR
2025-02-21,VIS,0.0051121465779855,-0.0096011246721327,0,0.4021689373568109,LR
2025-02-28,VIS,-0.0252300110439001,-0.0307314024895762,0,0.35277685685237603,LR
2025-03-07,VIS,-0.009245574993609,-0.0227635915766766,0,0.4142773410031563,LR
2025-03-14,VIS,0.0094407985642235,0.0050933875969128,0,0.43290585294490214,LR
2025-03-21,VIS,-0.028836282282421,-0.0147524464313619,0,0.4078311405135133,LR
2025-03-28,VIS,-0.0808748355458712,-0.09066681681777,0,0.46118838736649165,LR
2025-04-04,VIS,0.0914819223491714,0.0567211322924714,1,0.577360056655782,LR
2025-04-11,VIS,-0.0145590685892741,-0.0141029561470883,0,0.29995511477767306,LR
2025-04-18,VIS,0.0407432559813394,0.0460290604159416,1,0.3498766117489072,LR
2025-04-25,VIS,0.0409272811836449,0.0292748208597094,1,0.4001502713955769,LR
2025-05-02,VIS,0.0193744566269939,-0.0042697562499705,1,0.3643827722585503,LR
2025-05-09,VIS,0.0244874143260769,0.052911290088195,1,0.42280830187685775,LR
2025-05-16,VIS,-0.0143477754685658,-0.025395552619537,0,0.338378231329413,LR
2025-05-23,VIS,0.0026052782041412,0.0177514065625836,0,0.3946483767306712,LR
2025-05-30,VIS,0.0206752836567438,0.0165425600117783,1,0.31739102090143306,LR
2025-06-06,VIS,-0.0185198852969949,-0.0035718576541999,0,0.2919233765386849,LR
2025-06-13,VIS,-0.0066585647206092,-0.0016131806396344,0,0.3361776776158586,LR
2025-06-20,VIS,0.0333444476969693,0.0347141910248836,1,0.36102449051182667,LR
2025-06-27,VIS,0.0175633270317234,0.0169618912679874,1,0.2619163906882475,LR
2025-07-04,VIS,0.0051711446072923,-0.0027505378065232,0,0.301010674184861,LR
2025-07-11,VIS,0.0091347659961209,0.0063500583201942,0,0.27728282367403134,LR
2025-07-18,VIS,0.0211839685739705,0.0151693446018319,1,0.299880274872924,LR
2025-07-25,VIS,-0.0350936673394125,-0.0241407884942204,0,0.2782419427969611,LR
2025-08-01,VIS,0.0034872365948701,0.0248666228801079,0,0.35333827735860956,LR
2025-08-08,VIS,0.0003818935818142,0.0098246505063219,0,0.32228698282774737,LR
2025-08-15,VIS,0.019692333455928,0.0029061269492468,1,0.2675949412632745,LR
2025-08-22,VIS,-0.0067171345775461,-0.0004028921401415,0,0.31520139240811335,LR
2025-08-29,VIS,0.0061374836983505,0.0033950144843236,0,0.3672072242853923,LR
2025-09-05,VIS,0.0015492553624816,0.0157130411825058,0,0.37175630151332284,LR
2025-09-12,VIS,0.0090186027256313,0.0123667882978714,0,0.3423210880247031,LR
2025-09-19,VIS,-0.0032677148464341,-0.0028327138297911,0,0.3338887713330389,LR
2025-09-26,VIS,0.0078212206225047,0.0111663755080476,0,0.34471718797491147,LR
2025-10-03,VIS,-0.033237485864216,-0.0241928497847115,0,0.3079337803164157,LR
2025-10-10,VIS,0.004077026248797,0.017411468502946,0,0.3297219746546958,LR
2025-10-17,VIS,0.0175473999376003,0.0193561032252638,1,0.3183829488360096,LR
2025-10-24,VIS,-0.0081554870982967,0.0071022972514943,0,0.2688484440591046,LR
2025-10-31,VIS,-0.014652970275647,-0.0162596938568353,0,0.3201968859402585,LR
2025-11-07,VIS,-0.0190370097363411,0.0014307277468821,0,0.31319205388892574,LR
2025-11-14,VIS,-0.014542427870349,-0.0191983434999241,0,0.294932241669691,LR
2025-11-21,VIS,0.0313271272903021,0.0369634355810803,1,0.362025083885936,LR
2025-11-28,VIS,0.0161689561846425,0.0033655237201749,1,0.29093375420608153,LR
2025-12-05,VIS,0.0088129745959191,-0.0057313592832331,0,0.36393454425936084,LR
2025-12-12,VIS,-0.0145637214230032,0.001233686956561,0,0.3207658020926888,LR
2025-12-19,VIS,0.005399512576016,0.0142816675535046,0,0.3555815618339353,LR
2025-12-26,VIS,0.0055478258871533,-0.0103432349782031,0,0.3124578165729883,LR
2025-01-03,VNQ,-0.0423149972217149,-0.0193598164959424,0,0.37117783427805096,LR
2025-01-10,VNQ,0.0487833177957761,0.029440793783116,1,0.41643869254253346,LR
2025-01-17,VNQ,0.0067702621607343,0.0173867406001023,0,0.29322732605083285,LR
2025-01-24,VNQ,-0.0016537365108181,-0.0101157727920663,0,0.3515200777664921,LR
2025-01-31,VNQ,0.0209470446063282,-0.0017445387488854,1,0.4011384104709364,LR
2025-02-07,VNQ,-0.0017431491503812,0.014864207017196,0,0.36868835202486844,LR
2025-02-14,VNQ,0.0016395401615625,-0.0160077391867195,0,0.3643449965464295,LR
2025-02-21,VNQ,0.0232102534676668,-0.0096011246721327,1,0.36988622850380837,LR
2025-02-28,VNQ,-0.0172267410762491,-0.0307314024895761,0,0.34604349568020887,LR
2025-03-07,VNQ,-0.0232885781302643,-0.0227635915766767,0,0.405541480693608,LR
2025-03-14,VNQ,0.0025543727809913,0.0050933875969126,0,0.42990834020419694,LR
2025-03-21,VNQ,-0.0125481497941155,-0.0147524464313621,0,0.3762656260020601,LR
2025-03-28,VNQ,-0.0616294015580697,-0.09066681681777,0,0.41959509515654636,LR
2025-04-04,VNQ,0.0164073711005059,0.0567211322924715,1,0.4783649523354631,LR
2025-04-11,VNQ,0.029275732024421,-0.0141029561470883,1,0.3685784016872476,LR
2025-04-18,VNQ,0.0120972537019912,0.0460290604159416,1,0.31671135458910094,LR
2025-04-25,VNQ,0.0319797396702798,0.0292748208597094,1,0.41684499334367325,LR
2025-05-02,VNQ,-0.004466211560833,-0.0042697562499706,0,0.36098459888021384,LR
2025-05-09,VNQ,-0.0006639836010237,0.0529112900881948,0,0.38289936461948415,LR
2025-05-16,VNQ,-0.0272534622436573,-0.0253955526195371,0,0.3212271737202582,LR
2025-05-23,VNQ,0.0171962439154251,0.0177514065625837,1,0.3825196059996283,LR
2025-05-30,VNQ,0.0139908104658803,0.0165425600117782,1,0.3300047663995563,LR
2025-06-06,VNQ,-0.0007786395287665,-0.0035718576541998,0,0.3082234412402649,LR
2025-06-13,VNQ,-0.0038811097021144,-0.0016131806396344,0,0.3263998143087511,LR
2025-06-20,VNQ,-0.0167778015136719,0.0347141910248836,0,0.3262796465828565,LR
2025-06-27,VNQ,0.0166007175680094,0.0169618912679875,1,0.28752670380705697,LR
2025-07-04,VNQ,-0.0025557921213337,-0.0027505378065232,0,0.2748137363313286,LR
2025-07-11,VNQ,0.0023403441058316,0.0063500583201942,0,0.2384645466062177,LR
2025-07-18,VNQ,0.012919675683326,0.015169344601832,1,0.27060242618725333,LR
2025-07-25,VNQ,-0.0280904990144494,-0.0241407884942204,0,0.25699121290749616,LR
2025-08-01,VNQ,-0.0005611384964124,0.0248666228801078,0,0.33034617093589985,LR
2025-08-08,VNQ,0.0108217686211282,0.0098246505063219,1,0.32667930362502096,LR
2025-08-15,VNQ,0.0278768955340393,0.0029061269492468,1,0.28050484912739887,LR
2025-08-22,VNQ,0.0024996817976212,-0.0004028921401413,0,0.3079428613938156,LR
2025-08-29,VNQ,0.011596078286048,0.0033950144843234,1,0.3496029196735053,LR
2025-09-05,VNQ,0.0138736795976042,0.0157130411825058,1,0.3480178427837703,LR
2025-09-12,VNQ,-0.0156803681119334,0.0123667882978714,0,0.3037493847175735,LR
2025-09-19,VNQ,-0.0071989928000918,-0.0028327138297911,0,0.3455130718446846,LR
2025-09-26,VNQ,0.0032923113841163,0.0111663755080474,0,0.3371414595193173,LR
2025-10-03,VNQ,-0.0366200916111106,-0.0241928497847115,0,0.3259290878726944,LR
2025-10-10,VNQ,0.0335562761046861,0.0174114685029461,1,0.365653967769554,LR
2025-10-17,VNQ,0.0090611555118003,0.0193561032252637,0,0.3118471713798349,LR
2025-10-24,VNQ,-0.0357876271493605,0.0071022972514944,0,0.2917260335276765,LR
2025-10-31,VNQ,0.0230159464731349,-0.0162596938568355,1,0.40642886659327954,LR
2025-11-07,VNQ,-0.0047767198534871,0.001430727746882,0,0.3105773164058756,LR
2025-11-14,VNQ,-0.0028943797276044,-0.0191983434999242,0,0.3129438770146553,LR
2025-11-21,VNQ,0.0189647139649411,0.0369634355810803,1,0.36087689213472435,LR
2025-11-28,VNQ,-0.0063018210509216,0.0033655237201747,0,0.32157113186877584,LR
2025-12-05,VNQ,-0.005226882009273,-0.005731359283233,0,0.406363809399069,LR
2025-12-12,VNQ,-0.0136940921967568,0.001233686956561,0,0.3468741511137769,LR
2025-12-19,VNQ,0.013804895190052,0.0142816675535046,1,0.3556556567964674,LR
2025-12-26,VNQ,-0.0080681447550262,-0.010343234978203,0,0.3393069558668043,LR
2025-01-03,VOX,-0.0223090083786795,-0.0193598164959424,0,0.33669467865114766,LR
2025-01-10,VOX,0.0250991662583004,0.0294407937831159,1,0.3501510194028121,LR
2025-01-17,VOX,0.0252957734632448,0.0173867406001025,1,0.2875779148543951,LR
2025-01-24,VOX,0.0407563384445932,-0.0101157727920664,1,0.29441257201789345,LR
2025-01-31,VOX,0.013860835039702,-0.0017445387488855,1,0.3187078807569682,LR
2025-02-07,VOX,0.0102674377795839,0.0148642070171961,1,0.31860471281362807,LR
2025-02-14,VOX,-0.0376299336195798,-0.0160077391867195,0,0.30625783166710224,LR
2025-02-21,VOX,-0.0220458052540553,-0.0096011246721327,0,0.3499022854105314,LR
2025-02-28,VOX,-0.0265805407137781,-0.0307314024895762,0,0.34643169590704476,LR
2025-03-07,VOX,-0.0232859595286274,-0.0227635915766768,0,0.3642277842528919,LR
2025-03-14,VOX,0.0083720565238267,0.0050933875969128,0,0.41696991036373693,LR
2025-03-21,VOX,-0.0385613310926566,-0.0147524464313621,0,0.3984796051727755,LR
2025-03-28,VOX,-0.0812603475483114,-0.0906668168177701,0,0.4567381111989531,LR
2025-04-04,VOX,0.090306214847095,0.0567211322924713,1,0.5709291243085223,LR
2025-04-11,VOX,-0.0324874761767585,-0.0141029561470884,0,0.31311652657782435,LR
2025-04-18,VOX,0.0633289780214281,0.0460290604159417,1,0.38982632796675426,LR
2025-04-25,VOX,0.0322822521813703,0.0292748208597093,1,0.3810663821993299,LR
2025-05-02,VOX,0.0052073841581388,-0.0042697562499705,0,0.38148785877561175,LR
2025-05-09,VOX,0.0273919870603411,0.052911290088195,1,0.4490266387910293,LR
2025-05-16,VOX,-0.0013379632064492,-0.025395552619537,0,0.3278927324824506,LR
2025-05-23,VOX,0.0065053923285867,0.0177514065625835,0,0.3826384842523705,LR
2025-05-30,VOX,0.0369995957303956,0.0165425600117783,1,0.3051271657318066,LR
2025-06-06,VOX,-0.011140206875623,-0.0035718576541999,0,0.2870400740115246,LR
2025-06-13,VOX,-0.0119556342849739,-0.0016131806396345,0,0.2984940978600197,LR
2025-06-20,VOX,0.0503059113309782,0.0347141910248836,1,0.32868585260834593,LR
2025-06-27,VOX,-0.0052405329363358,0.0169618912679873,0,0.2427394744401685,LR
2025-07-04,VOX,-0.0086813454049141,-0.0027505378065232,0,0.2898805489990923,LR
2025-07-11,VOX,0.0076886860520428,0.0063500583201943,0,0.301906999357865,LR
2025-07-18,VOX,0.0082833429878281,0.0151693446018319,0,0.3001048995021687,LR
2025-07-25,VOX,-0.0080975990596723,-0.0241407884942203,0,0.2962296366433348,LR
2025-08-01,VOX,0.0078685526450303,0.0248666228801079,0,0.3462878455019576,LR
2025-08-08,VOX,0.0261486064754292,0.0098246505063218,1,0.35299658552677965,LR
2025-08-15,VOX,-0.0010632481513767,0.0029061269492468,0,0.2836277947386435,LR
2025-08-22,VOX,0.0080559577141607,-0.0004028921401414,0,0.32958055424491706,LR
2025-08-29,VOX,0.0464657834874553,0.0033950144843236,1,0.3782282194069978,LR
2025-09-05,VOX,0.0139106152697145,0.0157130411825059,1,0.30548342886257385,LR
2025-09-12,VOX,0.0161810456809139,0.0123667882978716,1,0.2859211808383616,LR
2025-09-19,VOX,-0.0203369838501752,-0.0028327138297912,0,0.2969442655440335,LR
2025-09-26,VOX,-0.0212227025199073,0.0111663755080474,0,0.28912483975412906,LR
2025-10-03,VOX,-0.0268315139844502,-0.0241928497847115,0,0.2938551043957784,LR
2025-10-10,VOX,0.0171400051536032,0.0174114685029461,1,0.3173561045983489,LR
2025-10-17,VOX,0.0047785202128776,0.0193561032252637,0,0.29548972211688873,LR
2025-10-24,VOX,-0.0128517448224986,0.0071022972514944,0,0.2861835070129418,LR
2025-10-31,VOX,-0.0251817345174558,-0.0162596938568355,0,0.34215044208582174,LR
2025-11-07,VOX,-0.0219702893143942,0.0014307277468821,0,0.3366117490482055,LR
2025-11-14,VOX,0.00043988471547,-0.0191983434999243,0,0.3206336755766045,LR
2025-11-21,VOX,0.0365371358408579,0.0369634355810803,1,0.3235279817723334,LR
2025-11-28,VOX,0.0262644149122333,0.0033655237201748,1,0.2536957547826969,LR
2025-12-05,VOX,-0.0161596163486428,-0.0057313592832332,0,0.3327529064045767,LR
2025-12-12,VOX,-0.0039508967790836,0.001233686956561,0,0.3257857198856191,LR
2025-12-19,VOX,0.0069047963075978,0.0142816675535046,0,0.3325559352579313,LR
2025-12-26,VOX,0.0002071976232904,-0.010343234978203,0,0.31254315958978857,LR
2025-01-03,VPU,-0.0217887439965459,-0.0193598164959426,0,0.3521320853094314,LR
2025-01-10,VPU,0.0457199203388607,0.0294407937831161,1,0.38538262780240995,LR
2025-01-17,VPU,-0.0025043254713095,0.0173867406001023,0,0.2641511600253996,LR
2025-01-24,VPU,0.0004762580848285,-0.0101157727920664,0,0.31424274042895417,LR
2025-01-31,VPU,0.0177397122862394,-0.0017445387488854,1,0.3876649784008474,LR
2025-02-07,VPU,0.0076746151274693,0.0148642070171959,0,0.34806106054281,LR
2025-02-14,VPU,0.0113815264542227,-0.0160077391867195,1,0.33923096837916455,LR
2025-02-21,VPU,-0.0143136663432054,-0.0096011246721327,0,0.33848705423506237,LR
2025-02-28,VPU,-0.0226634911985217,-0.0307314024895761,0,0.358355768592917,LR
2025-03-07,VPU,0.0231220831071112,-0.0227635915766768,1,0.3961412201282469,LR
2025-03-14,VPU,-0.0030425619408972,0.0050933875969128,0,0.3492579372725712,LR
2025-03-21,VPU,-0.0129059019094426,-0.014752446431362,0,0.37288054633923473,LR
2025-03-28,VPU,-0.043308526441751,-0.0906668168177701,0,0.4141334154844379,LR
2025-04-04,VPU,0.0406892739086597,0.0567211322924714,1,0.44732121008804665,LR
2025-04-11,VPU,0.0119918456328005,-0.0141029561470885,1,0.28578379489361067,LR
2025-04-18,VPU,0.007376155425983,0.0460290604159416,0,0.32985829202454175,LR
2025-04-25,VPU,0.0175045750737017,0.0292748208597092,1,0.37382089154128945,LR
2025-05-02,VPU,0.0070806802036831,-0.0042697562499706,0,0.33471461640685846,LR
2025-05-09,VPU,0.0168938969735481,0.0529112900881948,1,0.38895288890855934,LR
2025-05-16,VPU,-0.0057914435722825,-0.0253955526195369,0,0.28567670264396827,LR
2025-05-23,VPU,0.0044273701357302,0.0177514065625836,0,0.36986881690255424,LR
2025-05-30,VPU,-0.0062357759795165,0.0165425600117784,0,0.2951178898014276,LR
2025-06-06,VPU,0.0048516330954431,-0.0035718576541999,0,0.29500233665178394,LR
2025-06-13,VPU,-0.012824072561531,-0.0016131806396343,0,0.2950437828889213,LR
2025-06-20,VPU,0.0027941238912427,0.0347141910248834,0,0.31530685500012556,LR
2025-06-27,VPU,0.010045057013839,0.0169618912679873,1,0.25087987927939753,LR
2025-07-04,VPU,0.0096976772943977,-0.0027505378065231,0,0.25995661428017086,LR
2025-07-11,VPU,0.017415764626492,0.0063500583201943,1,0.24074995744337335,LR
2025-07-18,VPU,0.0062248933532265,0.0151693446018318,0,0.2618333039806195,LR
2025-07-25,VPU,0.0141199749004947,-0.0241407884942204,1,0.23782487456978194,LR
2025-08-01,VPU,0.0002147405764238,0.0248666228801079,0,0.26550774583585834,LR
2025-08-08,VPU,-0.0078208244716068,0.0098246505063219,0,0.2595043065630771,LR
2025-08-15,VPU,0.0040453075765405,0.0029061269492467,0,0.23025403742830178,LR
2025-08-22,VPU,-0.0157848979250939,-0.0004028921401414,0,0.25983940844024467,LR
2025-08-29,VPU,-0.0037413627278197,0.0033950144843236,0,0.31517614718671694,LR
2025-09-05,VPU,0.0218530506504035,0.015713041182506,1,0.3070457160711258,LR
2025-09-12,VPU,-0.0031268629784806,0.0123667882978716,0,0.27330422321718534,LR
2025-09-19,VPU,0.0191099975961954,-0.0028327138297911,1,0.30065300164647585,LR
2025-09-26,VPU,0.0225368541665806,0.0111663755080476,1,0.2766958695521847,LR
2025-10-03,VPU,0.0089280884006508,-0.0241928497847115,0,0.2917718603944977,LR
2025-10-10,VPU,0.013672812660973,0.017411468502946,1,0.2953993498238984,LR
2025-10-17,VPU,-0.010340654117129,0.0193561032252638,0,0.3012214620631448,LR
2025-10-24,VPU,-0.0269153049504468,0.0071022972514944,0,0.2598999643892217,LR
2025-10-31,VPU,0.0080344343068075,-0.0162596938568354,0,0.32303278701571303,LR
2025-11-07,VPU,-0.0135897122896636,0.0014307277468821,0,0.26707190487597104,LR
2025-11-14,VPU,-0.0081545321528279,-0.0191983434999241,0,0.30099143717079446,LR
2025-11-21,VPU,0.0272969792256885,0.0369634355810803,1,0.3434353094086029,LR
2025-11-28,VPU,-0.0377145828365008,0.0033655237201748,0,0.29377663564395856,LR
2025-12-05,VPU,-0.0122139189717858,-0.0057313592832331,0,0.3997198477899562,LR
2025-12-12,VPU,-0.0192934669369663,0.001233686956561,0,0.3295711113571594,LR
2025-12-19,VPU,0.0100729108561388,0.0142816675535045,1,0.3155818142908716,LR
2025-12-26,VPU,0.0087828272804362,-0.0103432349782031,0,0.313366288233445,LR
2026-01-02,VAW,0.0525069645630691,0.015955073375985,1,0.3427677870744959,LR
2026-01-09,VAW,0.0078415558290017,-0.0034722977351428,0,0.24527778486062088,LR
2026-01-16,VAW,0.0320650589196283,-0.0035133171691586,1,0.19593583562278924,LR
2026-01-23,VAW,-0.0373395877398959,0.0039755534090353,0,0.31642872028614116,LR
2026-01-30,VAW,0.042510694437591,-0.0019509978713,1,0.31792772729710184,LR
2026-02-06,VAW,0.0288039304466054,-0.0128435446967936,1,0.25669485237988987,LR
2026-02-13,VAW,0.010296728547865,0.0112652201751348,1,0.24398582453269188,LR
2026-02-20,VAW,0.015811604971522,-0.0049897155646747,1,0.35857752711479457,LR
2026-02-27,VAW,-0.0652155691581373,-0.019839985287813,0,0.33326884569585,LR
2026-03-06,VAW,-0.0022883049221936,-0.0150063346188126,0,0.4366421022487945,LR
2026-03-13,VAW,-0.0557938240825078,-0.0180415262786768,0,0.38205265867722543,LR
2026-03-20,VAW,0.0248566059465087,-0.0223260677132817,1,0.4355904406169839,LR
2026-03-27,VAW,0.0242598914781249,0.034285364113051,1,0.32752071795332843,LR
2026-04-03,VAW,0.0395211498956757,0.0360306705625972,1,0.3914420007791307,LR
2026-04-10,VAW,0.0048527132578495,0.0451535515249151,0,0.3829921749141284,LR
2026-04-17,VAW,0.001952425480312,0.0053510385188775,0,0.42197724508116413,LR
2026-04-24,VAW,-0.0180008466333398,0.0093985361960295,0,0.35565917153928545,LR
2026-05-01,VAW,0.0115356420675403,0.0235481824843609,1,0.2776993866228204,LR
2026-05-08,VAW,-0.0312472988861786,0.0021013576114109,0,0.3465719329399831,LR
2026-05-15,VAW,0.0018913246722567,0.0087530533281254,0,0.3793450386455587,LR
2026-05-22,VAW,0.0120539783971937,0.0145378309739361,1,0.32388900545973365,LR
2026-05-29,VAW,-0.0103374437223201,-0.0250237819438421,0,0.3118884176995824,LR
2026-06-05,VAW,0.0278008501620556,0.0056945310068026,1,0.3243576359689658,LR
2026-06-12,VAW,-0.0191776303935746,0.0093208786559931,0,0.28634161102922895,LR
2026-06-19,VAW,-0.0007318044197676,-0.023769987187145,0,0.3219304951825001,LR
2026-06-26,VAW,0.0075357537425666,0.02166015895146,0,0.2705998215859506,LR
2026-07-03,VAW,-0.023934556545636,0.0136550155886394,0,0.3230203599818649,LR
2026-07-10,VAW,-0.0134127216765832,-0.0154447764635441,0,0.3849381100334467,LR
2026-07-17,VAW,0.0118680602568634,-0.0058657932710644,1,0.35406875662663584,LR
2026-07-24,VAW,-0.0230570712008137,0.0109618457788705,0,0.3494263291867041,LR
2026-07-31,VAW,0.0553547138937813,0.0351123508293747,1,0.39923624676634695,LR
2026-01-02,VCR,0.048633028679669,0.015955073375985,1,0.3829615001583894,LR
2026-01-09,VCR,-0.0101381163469967,-0.0034722977351428,0,0.24468335581245346,LR
2026-01-16,VCR,0.0188097456904221,-0.0035133171691585,1,0.2929494498565371,LR
2026-01-23,VCR,-0.0176444117743362,0.0039755534090353,0,0.3498989592378576,LR
2026-01-30,VCR,-0.0189490298698913,-0.0019509978713002,0,0.3423324247298521,LR
2026-02-06,VCR,-0.0135173584653516,-0.0128435446967935,0,0.349717639225163,LR
2026-02-13,VCR,0.0145945290016993,0.0112652201751349,1,0.33964822089334773,LR
2026-02-20,VCR,-0.0029836647856613,-0.0049897155646747,0,0.3960447181981955,LR
2026-02-27,VCR,7.9832823732362e-05,-0.0198399852878129,0,0.39251974055523076,LR
2026-03-06,VCR,-0.0182348126439515,-0.0150063346188128,0,0.47041049639667193,LR
2026-03-13,VCR,-0.0336640028323135,-0.0180415262786769,0,0.39466564340952837,LR
2026-03-20,VCR,-0.0372593539224569,-0.0223260677132817,0,0.4689396238393397,LR
2026-03-27,VCR,0.0171995836671479,0.0342853641130508,1,0.3977723647045939,LR
2026-04-03,VCR,0.0497096562404195,0.0360306705625972,1,0.41221431126005764,LR
2026-04-10,VCR,0.0690357779616843,0.0451535515249149,1,0.34924651481865693,LR
2026-04-17,VCR,-0.0073945583854874,0.0053510385188775,0,0.3454623644013301,LR
2026-04-24,VCR,0.0046119288539019,0.0093985361960296,0,0.33262585658554344,LR
2026-05-01,VCR,0.0118594480222746,0.0235481824843609,1,0.26503955222689873,LR
2026-05-08,VCR,-0.028217004303267,0.0021013576114108,0,0.2935710495312748,LR
2026-05-15,VCR,0.0262576530970481,0.0087530533281255,1,0.35706274628999135,LR
2026-05-22,VCR,0.0137028373177461,0.0145378309739362,1,0.278976552222671,LR
2026-05-29,VCR,-0.0362589959834153,-0.0250237819438422,0,0.2851283699560475,LR
2026-06-05,VCR,0.0220932399847617,0.0056945310068025,1,0.34554097396097216,LR
2026-06-12,VCR,-0.011778593643108,0.009320878655993,0,0.30042976876256167,LR
2026-06-19,VCR,-0.0065446301631726,-0.023769987187145,0,0.3269792181204079,LR
2026-06-26,VCR,0.0126209429558314,0.0216601589514601,1,0.2805506972123693,LR
2026-07-03,VCR,-0.0023193420137415,0.0136550155886393,0,0.3489757696128479,LR
2026-07-10,VCR,-0.0099623316359318,-0.0154447764635441,0,0.3832415666849556,LR
2026-07-17,VCR,-0.0546604488934857,-0.0058657932710644,0,0.376858130014141,LR
2026-07-24,VCR,0.0398341535745165,0.0109618457788705,1,0.4264186395513629,LR
2026-07-31,VCR,0.0168790269670362,0.0351123508293746,1,0.3209452281042113,LR
2026-01-02,VDC,0.0230042726490748,0.015955073375985,1,0.3586980554060559,LR
2026-01-09,VDC,0.0322103666544792,-0.0034722977351428,1,0.28559601218437447,LR
2026-01-16,VDC,0.0125240976461107,-0.0035133171691586,1,0.25362537498252735,LR
2026-01-23,VDC,0.0048264096509273,0.0039755534090353,0,0.33044614117665255,LR
2026-01-30,VDC,0.051956076150412,-0.0019509978713001,1,0.3390217199277733,LR
2026-02-06,VDC,0.0143394982371696,-0.0128435446967936,1,0.256849098378851,LR
2026-02-13,VDC,-0.0195917419908159,0.0112652201751347,0,0.25040904207405174,LR
2026-02-20,VDC,0.0267417927149051,-0.0049897155646747,1,0.34224466836386463,LR
2026-02-27,VDC,-0.042055888447895,-0.019839985287813,0,0.2945846747198161,LR
2026-03-06,VDC,-0.0022422985224571,-0.0150063346188126,0,0.3556188224176933,LR
2026-03-13,VDC,-0.0474675744174312,-0.0180415262786768,0,0.33400224820188534,LR
2026-03-20,VDC,-0.0042830673529105,-0.0223260677132818,0,0.4119082243634562,LR
2026-03-27,VDC,0.0045546072175062,0.0342853641130509,0,0.32861408273981585,LR
2026-04-03,VDC,0.0070241033782609,0.0360306705625972,0,0.40496684427608703,LR
2026-04-10,VDC,0.0036719246846022,0.045153551524915,0,0.414429577626919,LR
2026-04-17,VDC,0.0085861342213096,0.0053510385188775,0,0.41533740783391276,LR
2026-04-24,VDC,0.013744197222147,0.0093985361960296,1,0.3300853090799685,LR
2026-05-01,VDC,-0.0006076889776941,0.0235481824843611,0,0.2689597434887095,LR
2026-05-08,VDC,0.0057409096954135,0.0021013576114109,0,0.32339989585721035,LR
2026-05-15,VDC,-0.0070465365346797,0.0087530533281255,0,0.31828485684879537,LR
2026-05-22,VDC,-0.0246720002256125,0.0145378309739361,0,0.29300252652216713,LR
2026-05-29,VDC,0.0156566143008356,-0.0250237819438422,1,0.33238646428201707,LR
2026-06-05,VDC,0.0343368974098181,0.0056945310068025,1,0.2506070055247301,LR
2026-06-12,VDC,-0.0211688285266166,0.0093208786559931,0,0.25480607758444956,LR
2026-06-19,VDC,0.0167352851685136,-0.0237699871871451,1,0.3253268584635783,LR
2026-06-26,VDC,0.0023051443263644,0.0216601589514601,0,0.2277890865100586,LR
2026-07-03,VDC,-0.0080869591754415,0.0136550155886393,0,0.27894438428904306,LR
2026-07-10,VDC,0.0055007848557349,-0.0154447764635441,0,0.33928775095850405,LR
2026-07-17,VDC,-0.011652142068614,-0.0058657932710645,0,0.30990289602178783,LR
2026-07-31,VDC,-0.0052486715190542,0.0351123508293746,0,0.3374295285182578,LR
2026-01-02,VDE,-0.0133854627499303,0.015955073375985,0,0.331168518010948,LR
2026-01-09,VDE,0.0240376406658662,-0.0034722977351428,1,0.30214143144270716,LR
2026-01-16,VDE,0.0230894433400945,-0.0035133171691585,1,0.30050909128310627,LR
2026-01-23,VDE,0.0245100607981449,0.0039755534090354,1,0.35351588748747564,LR
2026-01-30,VDE,0.0616190721567038,-0.0019509978713002,1,0.3271712912757462,LR
2026-02-06,VDE,0.0202787886856758,-0.0128435446967935,1,0.26879268146569935,LR
2026-02-13,VDE,0.0084060551915525,0.0112652201751347,0,0.25571579222338936,LR
2026-02-20,VDE,0.0157921680925676,-0.0049897155646748,1,0.31326551414839865,LR
2026-02-27,VDE,-0.0225352594353837,-0.019839985287813,0,0.2793727428857285,LR
2026-03-06,VDE,0.0137634138025277,-0.0150063346188126,1,0.28817756261786953,LR
2026-03-13,VDE,0.0305282624541662,-0.0180415262786768,1,0.27692210567008413,LR
2026-03-20,VDE,0.073139654334615,-0.0223260677132819,1,0.33632450703006755,LR
2026-03-27,VDE,-0.0585401225130955,0.0342853641130509,0,0.2656750713275398,LR
2026-04-03,VDE,-0.0348962426915688,0.0360306705625972,0,0.38066740008559286,LR
2026-04-10,VDE,-0.044917668278546,0.0451535515249151,0,0.350496543322214,LR
2026-04-17,VDE,0.0322992304373193,0.0053510385188774,1,0.2790137607417107,LR
2026-04-24,VDE,0.0310826799643939,0.0093985361960295,1,0.2080616103178695,LR
2026-05-01,VDE,-0.0538828515086421,0.023548182484361,0,0.2316815286576974,LR
2026-05-08,VDE,0.0542858794344569,0.0021013576114107,1,0.4111966140151377,LR
2026-05-15,VDE,0.0014304773805593,0.0087530533281255,0,0.3066612816805863,LR
2026-05-22,VDE,-0.0445591999673785,0.0145378309739361,0,0.27521350765174546,LR
2026-05-29,VDE,0.0091366848547436,-0.0250237819438422,0,0.41765919168346993,LR
2026-06-05,VDE,-0.0075804222966371,0.0056945310068026,0,0.26726593182739256,LR
2026-06-12,VDE,-0.0256080501694028,0.009320878655993,0,0.28067169067240677,LR
2026-06-19,VDE,-0.0017067846367144,-0.0237699871871451,0,0.3621215040156545,LR
2026-06-26,VDE,-0.0113688358306894,0.0216601589514602,0,0.23647242005318952,LR
2026-07-03,VDE,0.0369431384242564,0.0136550155886395,1,0.3026748133794963,LR
2026-07-10,VDE,0.0332614302175757,-0.0154447764635442,1,0.3797755088700721,LR
2026-07-17,VDE,0.0373042503698501,-0.0058657932710644,1,0.33615391824936125,LR
2026-07-24,VDE,0.0209700757272572,0.0109618457788705,1,0.37501039313352463,LR
2026-07-31,VDE,-0.0170117307373253,0.0351123508293747,0,0.451431031050116,LR
2026-01-02,VFH,0.0183994522813601,0.015955073375985,1,0.32642077549942844,LR
2026-01-09,VFH,-0.0081058699189094,-0.0034722977351428,0,0.29067657715886625,LR
2026-01-16,VFH,-0.0091317016574149,-0.0035133171691585,0,0.29294652891112544,LR
2026-01-23,VFH,0.0046051587568811,0.0039755534090354,0,0.3527959271139573,LR
2026-01-30,VFH,0.0160391523790566,-0.0019509978713001,1,0.3261804269639835,LR
2026-02-06,VFH,-0.0443858291266257,-0.0128435446967936,0,0.2895632518265761,LR
2026-02-13,VFH,0.009895503720386,0.0112652201751348,0,0.3534647604669066,LR
2026-02-20,VFH,-0.0183723402097888,-0.0049897155646747,0,0.3723583368944577,LR
2026-02-27,VFH,-0.0013753897333655,-0.0198399852878128,0,0.3589457760271113,LR
2026-03-06,VFH,-0.0205372540134544,-0.0150063346188126,0,0.42285129583817266,LR
2026-03-13,VFH,-0.0049121968552742,-0.0180415262786768,0,0.3855616295892124,LR
2026-03-20,VFH,-0.0393300014740097,-0.0223260677132817,0,0.42887417451720977,LR
2026-03-27,VFH,0.0281355906341036,0.0342853641130509,1,0.360096933841559,LR
2026-04-03,VFH,0.0281468921978218,0.0360306705625972,1,0.3768321021959465,LR
2026-04-10,VFH,0.0422455217981905,0.045153551524915,1,0.34862599790879756,LR
2026-04-17,VFH,-0.0161604331594299,0.0053510385188774,0,0.3669913936795209,LR
2026-04-24,VFH,0.0108480698127351,0.0093985361960294,1,0.3220761594970424,LR
2026-05-01,VFH,-0.0094243662952971,0.0235481824843611,0,0.2637151801135005,LR
2026-05-08,VFH,-0.0062658701146429,0.0021013576114108,0,0.30669445152117053,LR
2026-05-15,VFH,0.0169261696333895,0.0087530533281255,1,0.3299542189999912,LR
2026-05-22,VFH,-0.0072111471683751,0.0145378309739362,0,0.2534566794440156,LR
2026-05-29,VFH,0.0177195342389469,-0.0250237819438422,1,0.3296754335800748,LR
2026-06-05,VFH,0.0234429942282023,0.0056945310068025,1,0.25899260935095053,LR
2026-06-12,VFH,-0.0043177947818199,0.009320878655993,0,0.2612478268951438,LR
2026-06-19,VFH,-0.0031090347956407,-0.0237699871871452,0,0.3219350060976817,LR
2026-06-26,VFH,0.0344094112367281,0.0216601589514602,1,0.2534463216693258,LR
2026-07-03,VFH,0.0005132135424825,0.0136550155886393,0,0.2993045715001897,LR
2026-07-10,VFH,0.0069347902047467,-0.0154447764635441,0,0.3305626348483887,LR
2026-07-17,VFH,-0.0022444075409264,-0.0058657932710644,0,0.30555221280124134,LR
2026-07-24,VFH,0.0032425201916728,0.0109618457788704,0,0.29000316462441383,LR
2026-07-31,VFH,0.0049928456738883,0.0351123508293746,0,0.33486619346312585,LR
2026-01-02,VGT,-0.003244179348058,0.0159550733759849,0,0.4066737609374436,LR
2026-01-09,VGT,0.0025759738534099,-0.0034722977351427,0,0.31626427622183745,LR
2026-01-16,VGT,0.0134093828649328,-0.0035133171691585,1,0.31492608723961885,LR
2026-01-23,VGT,-0.0108056496648836,0.0039755534090353,0,0.37605634845179914,LR
2026-01-30,VGT,-0.0067689690118182,-0.0019509978713001,0,0.36315363877539203,LR
2026-02-06,VGT,-0.0088428626193279,-0.0128435446967935,0,0.328568030088881,LR
2026-02-13,VGT,0.0156561907701038,0.0112652201751348,1,0.319759984417481,LR
2026-02-20,VGT,-0.0115076462899821,-0.0049897155646748,0,0.37757168148432674,LR
2026-02-27,VGT,0.003181066336763,-0.0198399852878129,0,0.35725062077249115,LR
2026-03-06,VGT,0.0050361775365275,-0.0150063346188126,0,0.4006294978350368,LR
2026-03-13,VGT,-0.0261979993684915,-0.0180415262786767,0,0.34610852405089837,LR
2026-03-20,VGT,-0.0518621649843369,-0.0223260677132818,0,0.42545594193078834,LR
2026-03-27,VGT,0.0365818536931819,0.0342853641130509,1,0.34576044765472147,LR
2026-04-03,VGT,0.0407023234481183,0.0360306705625972,1,0.34004194515003383,LR
2026-04-10,VGT,0.0876075206018065,0.045153551524915,1,0.3241139586420185,LR
2026-04-17,VGT,0.0361730769683228,0.0053510385188776,1,0.3134400608774812,LR
2026-04-24,VGT,0.0095320417672986,0.0093985361960295,0,0.32548928273884353,LR
2026-05-01,VGT,0.0682120478762977,0.0235481824843611,1,0.2911841382047601,LR
2026-05-08,VGT,0.0080063505663576,0.0021013576114108,0,0.27542852668010565,LR
2026-05-15,VGT,0.0141054899155499,0.0087530533281255,1,0.2984377292201866,LR
2026-05-22,VGT,0.0320545132908214,0.0145378309739361,1,0.22410665880796335,LR
2026-05-29,VGT,-0.0539187507353114,-0.0250237819438422,0,0.23515964220354635,LR
2026-06-05,VGT,-0.0095868741535708,0.0056945310068026,0,0.23924160422562166,LR
2026-06-12,VGT,0.0005000629847897,0.0093208786559931,0,0.24038207085054725,LR
2026-06-19,VGT,-0.0589304684627408,-0.0237699871871452,0,0.24751337006339172,LR
2026-06-26,VGT,-0.0054654053245855,0.0216601589514601,0,0.29609301961332185,LR
2026-07-03,VGT,0.0207469011025884,0.0136550155886394,1,0.37134358171212983,LR
2026-07-10,VGT,-0.032009568478193,-0.0154447764635441,0,0.3299296893180892,LR
2026-07-17,VGT,-0.0084886113573493,-0.0058657932710645,0,0.3828125147609869,LR
2026-07-24,VGT,-0.0120492208864619,0.0109618457788705,0,0.37917969775274857,LR
2026-07-31,VGT,0.0794595559707385,0.0351123508293746,1,0.3756817622548939,LR
2026-01-02,VHT,0.0206236323967521,0.015955073375985,1,0.34637195225932077,LR
2026-01-09,VHT,-0.0100799978477318,-0.0034722977351428,0,0.28041557232460634,LR
2026-01-16,VHT,0.0223519181161531,-0.0035133171691586,1,0.3074429363694358,LR
2026-01-23,VHT,-0.0177117993131614,0.0039755534090352,0,0.3473852361737705,LR
2026-01-30,VHT,0.0173636621945296,-0.0019509978713001,1,0.35285089035956824,LR
2026-02-06,VHT,-0.0020276181030124,-0.0128435446967935,0,0.28197731621487016,LR
2026-02-13,VHT,-0.002408851315653,0.0112652201751348,0,0.28287202679085444,LR
2026-02-20,VHT,0.0168960893289189,-0.0049897155646746,1,0.3544825321826968,LR
2026-02-27,VHT,-0.0383108496907155,-0.0198399852878129,0,0.3360154091054664,LR
2026-03-06,VHT,-0.0134783334454142,-0.0150063346188128,0,0.41832417219832485,LR
2026-03-13,VHT,-0.0325445491584015,-0.0180415262786768,0,0.3620021770481186,LR
2026-03-20,VHT,-0.0256655795678459,-0.0223260677132817,0,0.4190303340899921,LR
2026-03-27,VHT,0.0222746792295385,0.0342853641130508,1,0.37325716294893385,LR
2026-04-03,VHT,0.0050660973338234,0.0360306705625971,0,0.38054580988967374,LR
2026-04-10,VHT,0.0187692256159175,0.045153551524915,1,0.3909438457421343,LR
2026-04-17,VHT,-0.0286135250296537,0.0053510385188774,0,0.37202857213653606,LR
2026-04-24,VHT,0.0083624471137149,0.0093985361960295,0,0.30920918765815014,LR
2026-05-01,VHT,-0.0047729236681121,0.0235481824843611,0,0.25188112532445167,LR
2026-05-08,VHT,0.0053122057387422,0.0021013576114107,0,0.3232406519904388,LR
2026-05-15,VHT,0.0342949480135374,0.0087530533281255,1,0.3288305295339518,LR
2026-05-22,VHT,0.0003576815943777,0.014537830973936,0,0.2753290248472408,LR
2026-05-29,VHT,0.0227125383062491,-0.0250237819438422,1,0.30679958068037483,LR
2026-06-05,VHT,0.0075621466531132,0.0056945310068026,0,0.2613247948895884,LR
2026-06-12,VHT,-0.0227914558867602,0.0093208786559931,0,0.24868704200132197,LR
2026-06-19,VHT,0.0704570353915692,-0.0237699871871452,1,0.3136933588604334,LR
2026-06-26,VHT,0.0211575885069918,0.0216601589514601,1,0.17094398645832726,LR
2026-07-03,VHT,-0.0127529877202938,0.0136550155886394,0,0.2646968864371996,LR
2026-07-10,VHT,-0.000856676080719,-0.0154447764635441,0,0.3375134694321521,LR
2026-07-17,VHT,0.0064331361785532,-0.0058657932710645,0,0.3008838724396425,LR
2026-07-24,VHT,-0.0048644802277371,0.0109618457788705,0,0.3016364225511347,LR
2026-07-31,VHT,0.0203000600854403,0.0351123508293746,1,0.37393787598508194,LR
2026-01-02,VIS,0.0294531524177068,0.015955073375985,1,0.3262827210696529,LR
2026-01-09,VIS,0.0330499717921077,-0.0034722977351428,1,0.2432397923967898,LR
2026-01-16,VIS,-0.0008747088275813,-0.0035133171691585,0,0.25223833985173194,LR
2026-01-23,VIS,0.0011567769583464,0.0039755534090353,0,0.3347836070877783,LR
2026-01-30,VIS,0.0499577706693885,-0.0019509978713002,1,0.3098922770824087,LR
2026-02-06,VIS,0.0041712417725381,-0.0128435446967936,0,0.2333899050229652,LR
2026-02-13,VIS,0.0195326662217321,0.0112652201751348,1,0.24756796483536594,LR
2026-02-20,VIS,0.000819740531349,-0.0049897155646746,0,0.331167097987648,LR
2026-02-27,VIS,-0.0394511975269674,-0.0198399852878129,0,0.31191487909920285,LR
2026-03-06,VIS,-0.0195113444973091,-0.0150063346188128,0,0.3830290392790374,LR
2026-03-13,VIS,-0.026866406163724,-0.0180415262786767,0,0.353832903501234,LR
2026-03-20,VIS,-0.0308221944369589,-0.0223260677132817,0,0.4198000136470038,LR
2026-03-27,VIS,0.0224289691120738,0.0342853641130509,1,0.3842119739516147,LR
2026-04-03,VIS,0.0497010080581121,0.0360306705625972,1,0.39444196736898535,LR
2026-04-10,VIS,0.0218456920444876,0.045153551524915,1,0.34238951052465577,LR
2026-04-17,VIS,-0.0026416863965061,0.0053510385188775,0,0.3908830219032116,LR
2026-04-24,VIS,0.0042547909529078,0.0093985361960295,0,0.3358795721740718,LR
2026-05-01,VIS,0.0075221466576791,0.023548182484361,0,0.24580999237224177,LR
2026-05-08,VIS,-0.0121093264473338,0.0021013576114108,0,0.31847887723355023,LR
2026-05-15,VIS,0.0035832113140574,0.0087530533281254,0,0.32182403144058785,LR
2026-05-22,VIS,0.0047785549149441,0.0145378309739361,0,0.2938753852934323,LR
2026-05-29,VIS,0.0089010204247017,-0.0250237819438421,0,0.2930126511243124,LR
2026-06-05,VIS,0.0076108135960359,0.0056945310068027,0,0.2735860914007919,LR
2026-06-12,VIS,0.0103446164826315,0.009320878655993,1,0.2919042970471327,LR
2026-06-19,VIS,-0.004856154066595,-0.0237699871871451,0,0.2853611641464383,LR
2026-06-26,VIS,0.0045258000991155,0.0216601589514601,0,0.24591723537579818,LR
2026-07-03,VIS,-0.0191753377175742,0.0136550155886394,0,0.291186444829904,LR
2026-07-10,VIS,-0.012215062624894,-0.015444776463544,0,0.32446375567148944,LR
2026-07-17,VIS,0.0083218574596752,-0.0058657932710644,0,0.33103259534693014,LR
2026-07-24,VIS,-0.0236684880559829,0.0109618457788705,0,0.3115659945216612,LR
2026-07-31,VIS,0.031926827711997,0.0351123508293747,1,0.3628861360204941,LR
2026-01-02,VNQ,0.0132502619310161,0.0159550733759849,1,0.37957944362592205,LR
2026-01-09,VNQ,0.0339361559878141,-0.0034722977351428,1,0.31307103683597676,LR
2026-01-16,VNQ,-0.0139403047653138,-0.0035133171691586,0,0.27178195121511306,LR
2026-01-23,VNQ,0.0001101678172661,0.0039755534090353,0,0.3511428574068233,LR
2026-01-30,VNQ,0.0148514681128664,-0.0019509978713002,1,0.3392694290346843,LR
2026-02-06,VNQ,0.0263671069794055,-0.0128435446967935,1,0.27322019721124957,LR
2026-02-13,VNQ,-0.0006320327200888,0.0112652201751347,0,0.26035533937219385,LR
2026-02-20,VNQ,0.0099208700939972,-0.0049897155646748,0,0.36559209280622,LR
2026-02-27,VNQ,-0.0173318692161457,-0.0198399852878129,0,0.35684643881647826,LR
2026-03-06,VNQ,-0.0056106672567346,-0.0150063346188126,0,0.37055952107982865,LR
2026-03-13,VNQ,-0.0468263406913439,-0.0180415262786769,0,0.3643367794926124,LR
2026-03-20,VNQ,-0.0321503994801588,-0.0223260677132818,0,0.4155376246943791,LR
2026-03-27,VNQ,0.0263906222065621,0.034285364113051,1,0.35359463620409054,LR
2026-04-03,VNQ,0.0335705236015526,0.0360306705625971,1,0.36614179745220443,LR
2026-04-10,VNQ,0.0429342339585594,0.045153551524915,1,0.35248038949687704,LR
2026-04-17,VNQ,-0.0124352015361886,0.0053510385188775,0,0.36841618021865147,LR
2026-04-24,VNQ,0.0116903701530042,0.0093985361960294,1,0.32329762561552966,LR
2026-05-01,VNQ,0.0091916116821384,0.023548182484361,0,0.25991417575530057,LR
2026-05-08,VNQ,-0.0308565306159567,0.0021013576114109,0,0.2952236678753352,LR
2026-05-15,VNQ,0.0290301541999273,0.0087530533281255,1,0.32790210086850197,LR
2026-05-22,VNQ,-0.0149254200191695,0.0145378309739361,0,0.25123342446678654,LR
2026-05-29,VNQ,0.0174498445289268,-0.0250237819438422,1,0.3232987466908958,LR
2026-06-05,VNQ,0.0173499976598885,0.0056945310068026,1,0.2884274009825876,LR
2026-06-12,VNQ,-0.0299462441748517,0.009320878655993,0,0.2567179869500538,LR
2026-06-19,VNQ,0.0287769200443304,-0.0237699871871451,1,0.3466532608213943,LR
2026-06-26,VNQ,-0.0037605727093942,0.0216601589514602,0,0.21557813449216565,LR
2026-07-03,VNQ,-0.008961275771544,0.0136550155886395,0,0.31852181769316246,LR
2026-07-10,VNQ,0.0244801747094669,-0.015444776463544,1,0.36051892976230976,LR
2026-07-17,VNQ,0.0109305688382235,-0.0058657932710645,1,0.3058945282674432,LR
2026-07-24,VNQ,-0.0172808168733195,0.0109618457788705,0,0.3028731714193906,LR
2026-07-31,VNQ,-0.0058580125092478,0.0351123508293747,0,0.36138570126917213,LR
2026-01-02,VOX,0.0108610849673431,0.0159550733759849,1,0.3488004514742571,LR
2026-01-09,VOX,-0.013238925320256,-0.0034722977351427,0,0.28159178993789924,LR
2026-01-16,VOX,0.0282605576700178,-0.0035133171691586,1,0.30631147970465594,LR
2026-01-23,VOX,0.0219808812069994,0.0039755534090353,1,0.3291362050019003,LR
2026-01-30,VOX,-0.0382018037546832,-0.0019509978713001,0,0.3082571116557418,LR
2026-02-06,VOX,-0.0190350796125531,-0.0128435446967937,0,0.3464001655080631,LR
2026-02-13,VOX,0.0240996487145139,0.0112652201751348,1,0.3104343195828391,LR
2026-02-20,VOX,0.0062856682479881,-0.0049897155646748,0,0.3449444272016367,LR
2026-02-27,VOX,0.0080948035752763,-0.0198399852878129,0,0.3340817294896703,LR
2026-03-06,VOX,-0.0155578394630861,-0.0150063346188127,0,0.4175879958903,LR
2026-03-13,VOX,-0.0248785634661685,-0.0180415262786767,0,0.3788650250890256,LR
2026-03-20,VOX,-0.0620454231833202,-0.0223260677132817,0,0.42822124632735953,LR
2026-03-27,VOX,0.0447975090205756,0.0342853641130509,1,0.3991291404775078,LR
2026-04-03,VOX,0.0324241324875393,0.0360306705625971,1,0.3734423173675316,LR
2026-04-10,VOX,0.0584388260971868,0.045153551524915,1,0.3537837373004545,LR
2026-04-17,VOX,-0.015205832549838,0.0053510385188775,0,0.3774292504354992,LR
2026-04-24,VOX,0.0101668586779923,0.0093985361960294,1,0.35165459920687486,LR
2026-05-01,VOX,0.0067213571379456,0.023548182484361,0,0.2793787652932922,LR
2026-05-08,VOX,-0.0037168826386209,0.0021013576114109,0,0.30490081959673665,LR
2026-05-15,VOX,0.0015877768381058,0.0087530533281255,0,0.3530304337526966,LR
2026-05-22,VOX,0.0064859010688711,0.0145378309739361,0,0.3151192337310739,LR
2026-05-29,VOX,-0.0392396530392501,-0.0250237819438421,0,0.35445885446245523,LR
2026-06-05,VOX,-0.0039872406999671,0.0056945310068026,0,0.3707289901704057,LR
2026-06-12,VOX,-0.0116359661596598,0.0093208786559931,0,0.3121941265330319,LR
2026-06-19,VOX,-0.0213802270540849,-0.0237699871871452,0,0.34142155511791955,LR
2026-06-26,VOX,0.0201477502235492,0.0216601589514603,1,0.29585468024318684,LR
2026-07-03,VOX,0.0146217940556525,0.0136550155886395,1,0.3434299596248255,LR
2026-07-10,VOX,-0.0178589982712549,-0.0154447764635441,0,0.3421825357695213,LR
2026-07-17,VOX,-0.044834010312915,-0.0058657932710646,0,0.3819037761601924,LR
2026-07-24,VOX,-0.0004948388426174,0.0109618457788704,0,0.41715946211186,LR
2026-07-31,VOX,0.018632234248485,0.0351123508293746,1,0.38154617458838724,LR
2026-01-02,VPU,-0.0128629571640609,0.015955073375985,0,0.3491241810961723,LR
2026-01-09,VPU,0.0235332197211863,-0.0034722977351426,1,0.33947510313429385,LR
2026-01-16,VPU,-0.0125340340000221,-0.0035133171691585,0,0.2797468337423615,LR
2026-01-23,VPU,0.0122227237644876,0.0039755534090353,1,0.35417292521961685,LR
2026-01-30,VPU,0.0002126510585171,-0.0019509978713002,0,0.33612839639283193,LR
2026-02-06,VPU,0.0699404942919836,-0.0128435446967935,1,0.29769893831471017,LR
2026-02-13,VPU,-0.0100326125137759,0.0112652201751348,0,0.23760061156704995,LR
2026-02-20,VPU,0.0264758557201438,-0.0049897155646746,1,0.34861804331062846,LR
2026-02-27,VPU,-0.013843304180683,-0.0198399852878129,0,0.3378371427611251,LR
2026-03-06,VPU,0.0089143090584089,-0.0150063346188128,0,0.3583186513612913,LR
2026-03-13,VPU,-0.0569038291660718,-0.0180415262786768,0,0.3324110240309224,LR
2026-03-20,VPU,0.0095893053107647,-0.0223260677132819,0,0.39278702552401623,LR
2026-03-27,VPU,0.0063861030001663,0.0342853641130508,0,0.286793115399045,LR
2026-04-03,VPU,0.0174004676189165,0.0360306705625972,1,0.3405776590722142,LR
2026-04-10,VPU,-0.0124616964555874,0.0451535515249151,0,0.40667554249637516,LR
2026-04-17,VPU,0.0011021001206517,0.0053510385188774,0,0.42360481659038274,LR
2026-04-24,VPU,0.0029421849173796,0.0093985361960295,0,0.3371872057078279,LR
2026-05-01,VPU,-0.0320004180531944,0.0235481824843611,0,0.27579402364171907,LR
2026-05-08,VPU,-0.0252652478409514,0.0021013576114108,0,0.3903092706994068,LR
2026-05-15,VPU,0.0289081139601021,0.0087530533281254,1,0.38524673449981145,LR
2026-05-22,VPU,-0.0239132693481565,0.0145378309739361,0,0.3025176210820001,LR
2026-05-29,VPU,0.0090222473049195,-0.0250237819438421,0,0.37536815314544814,LR
2026-06-05,VPU,0.005158965735549,0.0056945310068025,0,0.3078554633564213,LR
2026-06-12,VPU,0.0057038673057452,0.009320878655993,0,0.2903074089955208,LR
2026-06-19,VPU,0.02949366375527,-0.0237699871871452,1,0.3367617162030239,LR
2026-06-26,VPU,-0.0096756801662364,0.0216601589514603,0,0.2291480413663851,LR
2026-07-03,VPU,-0.0056768977408963,0.0136550155886395,0,0.3347656489339917,LR
2026-07-10,VPU,-0.0059575241742527,-0.0154447764635439,0,0.35394854647481905,LR
2026-07-17,VPU,0.0186405658586519,-0.0058657932710644,1,0.3205398616464409,LR
2026-07-24,VPU,-0.0395298370684118,0.0109618457788705,0,0.2952601690406248,LR
2026-07-31,VPU,-0.0119800855833297,0.0351123508293746,0,0.3916653817505278,LR
