model,K,date,symbol,rank,p_det,label_binary,confidence_mass,mc_confident,accepted
NN_v1,2,2008-01-04,VFH,2,0.5188194,0,0.53,False,False
NN_v1,2,2008-01-04,VNQ,1,0.52872854,0,0.5,False,False
NN_v1,2,2008-01-11,VCR,2,0.4964063,0,0.64,False,False
NN_v1,2,2008-01-11,VNQ,1,0.5103375,0,0.7,False,False
NN_v1,2,2008-01-18,VFH,2,0.5186108,1,0.5,False,False
NN_v1,2,2008-01-18,VNQ,1,0.5240163,1,0.55,False,False
NN_v1,2,2008-01-25,VOX,1,0.45680177,1,0.61,False,False
NN_v1,2,2008-01-25,VPU,2,0.4399923,1,0.59,False,False
NN_v1,2,2008-02-01,VGT,1,0.34537667,0,0.64,False,False
NN_v1,2,2008-02-01,VHT,2,0.32400736,0,0.62,False,False
NN_v1,2,2008-02-08,VFH,2,0.49398336,0,0.72,False,False
NN_v1,2,2008-02-08,VGT,1,0.5057484,0,0.62,False,False
NN_v1,2,2008-02-15,VFH,1,0.47856987,0,0.64,False,False
NN_v1,2,2008-02-15,VGT,2,0.4706425,0,0.58,False,False
NN_v1,2,2008-02-22,VGT,2,0.49330372,0,0.57,False,False
NN_v1,2,2008-02-22,VOX,1,0.5118433,0,0.6,False,False
NN_v1,2,2008-02-29,VFH,2,0.505829,0,0.53,False,False
NN_v1,2,2008-02-29,VOX,1,0.51415455,0,0.51,False,False
NN_v1,2,2008-03-07,VFH,1,0.530839,0,0.5,False,False
NN_v1,2,2008-03-07,VOX,2,0.5169124,0,0.49,False,False
NN_v1,2,2008-03-14,VFH,2,0.5073628,1,0.62,False,False
NN_v1,2,2008-03-14,VOX,1,0.5263054,1,0.46,False,False
NN_v1,2,2008-03-21,VGT,2,0.45974696,0,0.66,False,False
NN_v1,2,2008-03-21,VOX,1,0.4682003,0,0.62,False,False
NN_v1,2,2008-03-28,VFH,1,0.49877253,1,0.47,False,False
NN_v1,2,2008-03-28,VPU,2,0.47624338,1,0.68,False,False
NN_v1,2,2008-04-04,VFH,1,0.37896547,0,0.59,False,False
NN_v1,2,2008-04-04,VOX,2,0.36189848,0,0.6,False,False
NN_v1,2,2008-04-11,VFH,2,0.49167058,1,0.48,False,False
NN_v1,2,2008-04-11,VOX,1,0.49897867,1,0.58,False,False
NN_v1,2,2008-04-18,VFH,2,0.35513246,1,0.65,False,False
NN_v1,2,2008-04-18,VOX,1,0.37674782,1,0.64,False,False
NN_v1,2,2008-04-25,VAW,2,0.42426804,0,0.72,False,False
NN_v1,2,2008-04-25,VHT,1,0.427629,0,0.71,False,False
NN_v1,2,2008-05-02,VAW,2,0.42800146,1,0.7,False,False
NN_v1,2,2008-05-02,VDE,1,0.4338395,1,0.67,False,False
NN_v1,2,2008-05-09,VFH,1,0.47674346,0,0.59,False,False
NN_v1,2,2008-05-09,VNQ,2,0.4495679,1,0.65,False,False
NN_v1,2,2008-05-16,VFH,1,0.43092474,0,0.67,False,False
NN_v1,2,2008-05-16,VOX,2,0.35304537,0,0.65,False,False
NN_v1,2,2008-05-23,VFH,1,0.4903436,1,0.55,False,False
NN_v1,2,2008-05-23,VIS,2,0.45007226,1,0.78,False,False
NN_v1,2,2008-05-30,VAW,2,0.39729705,0,0.65,False,False
NN_v1,2,2008-05-30,VFH,1,0.41729128,0,0.67,False,False
NN_v1,2,2008-06-06,VFH,1,0.49656245,0,0.48,False,False
NN_v1,2,2008-06-06,VNQ,2,0.44983146,0,0.68,False,False
NN_v1,2,2008-06-13,VFH,1,0.5043625,0,0.52,False,False
NN_v1,2,2008-06-13,VNQ,2,0.45382085,0,0.65,False,False
NN_v1,2,2008-06-20,VFH,1,0.52838075,0,0.51,False,False
NN_v1,2,2008-06-20,VNQ,2,0.49453148,0,0.55,False,False
NN_v1,2,2008-06-27,VFH,1,0.55404073,0,0.54,False,False
NN_v1,2,2008-06-27,VNQ,2,0.509278,0,0.57,False,False
NN_v1,2,2008-07-04,VAW,2,0.5067216,1,0.51,False,False
NN_v1,2,2008-07-04,VFH,1,0.5468423,0,0.51,False,False
NN_v1,2,2008-07-11,VCR,2,0.51949716,1,0.55,False,False
NN_v1,2,2008-07-11,VFH,1,0.5594619,1,0.37,False,False
NN_v1,2,2008-07-18,VAW,2,0.4654377,0,0.54,False,False
NN_v1,2,2008-07-18,VDE,1,0.4780386,0,0.55,False,False
NN_v1,2,2008-07-25,VAW,2,0.49137795,1,0.46,False,False
NN_v1,2,2008-07-25,VDE,1,0.510855,0,0.53,False,False
NN_v1,2,2008-08-01,VAW,2,0.49596852,0,0.63,False,False
NN_v1,2,2008-08-01,VDE,1,0.49686268,0,0.59,False,False
NN_v1,2,2008-08-08,VAW,2,0.50667894,1,0.51,False,False
NN_v1,2,2008-08-08,VDE,1,0.5176369,0,0.59,False,False
NN_v1,2,2008-08-15,VAW,2,0.5064424,0,0.74,False,False
NN_v1,2,2008-08-15,VDE,1,0.5242621,1,0.6,False,False
NN_v1,2,2008-08-22,VAW,2,0.47860143,0,0.56,False,False
NN_v1,2,2008-08-22,VFH,1,0.49785703,1,0.54,False,False
NN_v1,2,2008-08-29,VAW,2,0.46296534,0,0.68,False,False
NN_v1,2,2008-08-29,VDE,1,0.46975055,0,0.64,False,False
NN_v1,2,2008-09-05,VAW,2,0.5017766,0,0.45,False,False
NN_v1,2,2008-09-05,VDE,1,0.5331944,0,0.52,False,False
NN_v1,2,2008-09-12,VAW,2,0.48361078,1,0.56,False,False
NN_v1,2,2008-09-12,VDE,1,0.5144618,1,0.59,False,False
NN_v1,2,2008-09-19,VAW,1,0.48263076,0,0.5,False,False
NN_v1,2,2008-09-19,VDE,2,0.46685305,0,0.65,False,False
NN_v1,2,2008-09-26,VAW,1,0.521435,0,0.59,False,False
NN_v1,2,2008-09-26,VDE,2,0.5071474,0,0.58,False,False
NN_v1,2,2008-10-03,VAW,1,0.6001515,0,0.66,False,False
NN_v1,2,2008-10-03,VDE,2,0.57186407,0,0.55,False,False
NN_v1,2,2008-10-10,VAW,2,0.560135,0,0.59,False,False
NN_v1,2,2008-10-10,VDE,1,0.6368463,1,0.55,False,False
NN_v1,2,2008-10-17,VDE,1,0.55587316,0,0.6,False,False
NN_v1,2,2008-10-17,VNQ,2,0.50654566,0,0.6,False,False
NN_v1,2,2008-10-24,VAW,2,0.6066507,1,0.71,False,False
NN_v1,2,2008-10-24,VNQ,1,0.66150653,1,0.72,False,False
NN_v1,2,2008-10-31,VAW,1,0.20103344,0,0.67,False,False
NN_v1,2,2008-10-31,VNQ,2,0.18392247,0,0.66,False,False
NN_v1,2,2008-11-07,VAW,1,0.613711,0,0.58,False,False
NN_v1,2,2008-11-07,VNQ,2,0.6132215,0,0.49,False,False
NN_v1,2,2008-11-14,VAW,2,0.63153607,0,0.7,False,False
NN_v1,2,2008-11-14,VNQ,1,0.68094224,0,0.65,False,False
NN_v1,2,2008-11-21,VFH,2,0.70674664,1,0.57,False,False
NN_v1,2,2008-11-21,VNQ,1,0.7302505,1,0.51,False,False
NN_v1,2,2008-11-28,VHT,1,0.38051254,1,0.7,False,False
NN_v1,2,2008-11-28,VNQ,2,0.37500888,1,0.63,False,False
NN_v1,2,2008-12-05,VAW,1,0.6160181,1,0.66,False,False
NN_v1,2,2008-12-05,VDE,2,0.60999656,1,0.47,False,False
NN_v1,2,2008-12-12,VFH,1,0.6120555,1,0.54,False,False
NN_v1,2,2008-12-12,VIS,2,0.57074493,1,0.58,False,False
NN_v1,2,2008-12-19,VDE,2,0.58067435,0,0.59,False,False
NN_v1,2,2008-12-19,VFH,1,0.59934074,0,0.63,False,False
NN_v1,2,2008-12-26,VFH,1,0.62711453,1,0.45,False,False
NN_v1,2,2008-12-26,VNQ,2,0.59741783,0,0.49,False,False
NN_v1,2,2009-01-02,VFH,2,0.38122836,0,0.62,False,False
NN_v1,2,2009-01-02,VNQ,1,0.42075887,0,0.69,False,False
NN_v1,2,2009-01-09,VHT,2,0.4525044,0,0.64,False,False
NN_v1,2,2009-01-09,VNQ,1,0.45475188,0,0.69,False,False
NN_v1,2,2009-01-16,VFH,2,0.43712777,0,0.64,False,False
NN_v1,2,2009-01-16,VNQ,1,0.4424082,0,0.68,False,False
NN_v1,2,2009-01-23,VFH,1,0.46905196,0,0.65,False,False
NN_v1,2,2009-01-23,VNQ,2,0.4504773,0,0.68,False,False
NN_v1,2,2009-01-30,VCR,2,0.44809705,1,0.58,False,False
NN_v1,2,2009-01-30,VFH,1,0.47771737,1,0.72,False,False
NN_v1,2,2009-02-06,VDC,1,0.41274995,0,0.7,False,False
NN_v1,2,2009-02-06,VNQ,2,0.40598103,0,0.65,False,False
NN_v1,2,2009-02-13,VDC,1,0.44975752,0,0.71,False,False
NN_v1,2,2009-02-13,VOX,2,0.4472859,0,0.7,False,False
NN_v1,2,2009-02-20,VFH,1,0.4563513,0,0.61,False,False
NN_v1,2,2009-02-20,VPU,2,0.4545928,0,0.69,False,False
NN_v1,2,2009-02-27,VFH,1,0.45863965,0,0.61,False,False
NN_v1,2,2009-02-27,VPU,2,0.44767168,0,0.65,False,False
NN_v1,2,2009-03-06,VDC,2,0.44475743,1,0.68,False,False
NN_v1,2,2009-03-06,VHT,1,0.45413086,1,0.61,False,False
NN_v1,2,2009-03-13,VDE,2,0.40951747,1,0.65,False,False
NN_v1,2,2009-03-13,VPU,1,0.43544507,1,0.63,False,False
NN_v1,2,2009-03-20,VHT,2,0.44556233,1,0.65,False,False
NN_v1,2,2009-03-20,VNQ,1,0.44579223,0,0.63,False,False
NN_v1,2,2009-03-27,VHT,2,0.3990924,0,0.65,False,False
NN_v1,2,2009-03-27,VNQ,1,0.4238357,1,0.62,False,False
NN_v1,2,2009-04-03,VHT,1,0.3708424,1,0.61,False,False
NN_v1,2,2009-04-03,VPU,2,0.32798553,0,0.59,False,False
NN_v1,2,2009-04-10,VHT,1,0.39825463,1,0.7,False,False
NN_v1,2,2009-04-10,VPU,2,0.37781906,0,0.68,False,False
NN_v1,2,2009-04-17,VDE,2,0.36995858,1,0.69,False,False
NN_v1,2,2009-04-17,VPU,1,0.387691,0,0.64,False,False
NN_v1,2,2009-04-24,VHT,2,0.40620458,1,0.68,False,False
NN_v1,2,2009-04-24,VPU,1,0.4201071,1,0.64,False,False
NN_v1,2,2009-05-01,VHT,1,0.38137603,1,0.59,False,False
NN_v1,2,2009-05-01,VPU,2,0.3744533,1,0.61,False,False
NN_v1,2,2009-05-08,VHT,1,0.32324648,0,0.68,False,False
NN_v1,2,2009-05-08,VPU,2,0.31426102,0,0.62,False,False
NN_v1,2,2009-05-15,VAW,2,0.4399288,1,0.55,False,False
NN_v1,2,2009-05-15,VCR,1,0.4410804,0,0.69,False,False
NN_v1,2,2009-05-22,VFH,1,0.42237034,1,0.6,False,False
NN_v1,2,2009-05-22,VNQ,2,0.41875646,1,0.71,False,False
NN_v1,2,2009-05-29,VHT,1,0.34466067,0,0.62,False,False
NN_v1,2,2009-05-29,VPU,2,0.34282276,0,0.64,False,False
NN_v1,2,2009-06-05,VHT,1,0.3439014,0,0.61,False,False
NN_v1,2,2009-06-05,VPU,2,0.3265714,1,0.61,False,False
NN_v1,2,2009-06-12,VHT,1,0.3341342,1,0.66,False,False
NN_v1,2,2009-06-12,VOX,2,0.31226325,0,0.61,False,False
NN_v1,2,2009-06-19,VDE,1,0.43184793,0,0.64,False,False
NN_v1,2,2009-06-19,VFH,2,0.42045948,0,0.68,False,False
NN_v1,2,2009-06-26,VAW,1,0.43243614,0,0.65,False,False
NN_v1,2,2009-06-26,VDE,2,0.42633376,0,0.61,False,False
NN_v1,2,2009-07-03,VAW,1,0.45193335,0,0.63,False,False
NN_v1,2,2009-07-03,VNQ,2,0.4488917,0,0.62,False,False
NN_v1,2,2009-07-10,VFH,1,0.45559853,1,0.61,False,False
NN_v1,2,2009-07-10,VNQ,2,0.4537419,1,0.63,False,False
NN_v1,2,2009-07-17,VFH,2,0.3447985,1,0.68,False,False
NN_v1,2,2009-07-17,VNQ,1,0.35983422,1,0.62,False,False
NN_v1,2,2009-07-24,VFH,1,0.31092364,1,0.65,False,False
NN_v1,2,2009-07-24,VOX,2,0.2976988,0,0.67,False,False
NN_v1,2,2009-07-31,VDE,1,0.33875552,0,0.59,False,False
NN_v1,2,2009-07-31,VOX,2,0.31428155,0,0.63,False,False
NN_v1,2,2009-08-07,VDE,1,0.32153058,0,0.7,False,False
NN_v1,2,2009-08-07,VOX,2,0.30603305,0,0.68,False,False
NN_v1,2,2009-08-14,VDE,1,0.3768609,1,0.6,False,False
NN_v1,2,2009-08-14,VOX,2,0.36213756,1,0.61,False,False
NN_v1,2,2009-08-21,VCR,2,0.32240987,0,0.57,False,False
NN_v1,2,2009-08-21,VNQ,1,0.3391589,1,0.56,False,False
NN_v1,2,2009-08-28,VAW,2,0.3384395,0,0.61,False,False
NN_v1,2,2009-08-28,VIS,1,0.3399855,1,0.64,False,False
NN_v1,2,2009-09-04,VDE,2,0.40102556,1,0.56,False,False
NN_v1,2,2009-09-04,VNQ,1,0.40601277,1,0.7,False,False
NN_v1,2,2009-09-11,VFH,1,0.32304975,1,0.62,False,False
NN_v1,2,2009-09-11,VPU,2,0.3140739,1,0.63,False,False
NN_v1,2,2009-09-18,VGT,1,0.29583395,0,0.63,False,False
NN_v1,2,2009-09-18,VOX,2,0.29581568,0,0.59,False,False
NN_v1,2,2009-09-25,VDE,1,0.3961335,0,0.6,False,False
NN_v1,2,2009-09-25,VNQ,2,0.3943945,0,0.65,False,False
NN_v1,2,2009-10-02,VFH,2,0.4119237,1,0.66,False,False
NN_v1,2,2009-10-02,VNQ,1,0.42435881,1,0.68,False,False
NN_v1,2,2009-10-09,VNQ,1,0.35612744,0,0.65,False,False
NN_v1,2,2009-10-09,VPU,2,0.32172787,0,0.57,False,False
NN_v1,2,2009-10-16,VNQ,1,0.3543513,0,0.63,False,False
NN_v1,2,2009-10-16,VPU,2,0.33172393,0,0.6,False,False
NN_v1,2,2009-10-23,VFH,2,0.37649006,0,0.61,False,False
NN_v1,2,2009-10-23,VNQ,1,0.37989035,0,0.67,False,False
NN_v1,2,2009-10-30,VDE,2,0.45098254,1,0.76,False,False
NN_v1,2,2009-10-30,VNQ,1,0.45106405,0,0.7,False,False
NN_v1,2,2009-11-06,VFH,2,0.3901859,1,0.6,False,False
NN_v1,2,2009-11-06,VNQ,1,0.392571,1,0.64,False,False
NN_v1,2,2009-11-13,VFH,1,0.38490665,0,0.64,False,False
NN_v1,2,2009-11-13,VNQ,2,0.3689477,0,0.63,False,False
NN_v1,2,2009-11-20,VFH,1,0.3976169,0,0.66,False,False
NN_v1,2,2009-11-20,VNQ,2,0.39494273,0,0.6,False,False
NN_v1,2,2009-11-27,VFH,2,0.37227276,1,0.6,False,False
NN_v1,2,2009-11-27,VNQ,1,0.37873915,1,0.6,False,False
NN_v1,2,2009-12-04,VDE,1,0.3487129,0,0.64,False,False
NN_v1,2,2009-12-04,VFH,2,0.3473128,0,0.67,False,False
NN_v1,2,2009-12-11,VDE,2,0.37258825,0,0.68,False,False
NN_v1,2,2009-12-11,VFH,1,0.37411737,0,0.63,False,False
NN_v1,2,2009-12-18,VFH,2,0.37679744,1,0.54,False,False
NN_v1,2,2009-12-18,VNQ,1,0.3860081,1,0.6,False,False
NN_v1,2,2009-12-25,VDC,2,0.2997917,0,0.66,False,False
NN_v1,2,2009-12-25,VFH,1,0.3259177,0,0.62,False,False
NN_v1,2,2010-01-01,VCR,2,0.44609985,1,0.67,False,False
NN_v1,2,2010-01-01,VFH,1,0.45235613,1,0.65,False,False
NN_v1,2,2010-01-08,VDC,1,0.42452684,0,0.67,False,False
NN_v1,2,2010-01-08,VNQ,2,0.4243213,0,0.67,False,False
NN_v1,2,2010-01-15,VGT,2,0.4438155,0,0.72,False,False
NN_v1,2,2010-01-15,VNQ,1,0.4513728,0,0.69,False,False
NN_v1,2,2010-01-22,VFH,2,0.45383137,0,0.61,False,False
NN_v1,2,2010-01-22,VIS,1,0.45595396,0,0.61,False,False
NN_v1,2,2010-01-29,VFH,1,0.4445773,0,0.67,False,False
NN_v1,2,2010-01-29,VNQ,2,0.4442717,0,0.7,False,False
NN_v1,2,2010-02-05,VGT,1,0.45328283,1,0.64,False,False
NN_v1,2,2010-02-05,VNQ,2,0.44784108,0,0.67,False,False
NN_v1,2,2010-02-12,VFH,1,0.44433442,1,0.59,False,False
NN_v1,2,2010-02-12,VHT,2,0.44332463,1,0.71,False,False
NN_v1,2,2010-02-19,VDE,1,0.4279842,0,0.63,False,False
NN_v1,2,2010-02-19,VHT,2,0.4260695,0,0.68,False,False
NN_v1,2,2010-02-26,VAW,1,0.44067225,1,0.63,False,False
NN_v1,2,2010-02-26,VOX,2,0.43558815,1,0.65,False,False
NN_v1,2,2010-03-05,VOX,2,0.42660725,1,0.68,False,False
NN_v1,2,2010-03-05,VPU,1,0.43209982,0,0.65,False,False
NN_v1,2,2010-03-12,VDC,2,0.42839622,1,0.61,False,False
NN_v1,2,2010-03-12,VPU,1,0.43475184,1,0.66,False,False
NN_v1,2,2010-03-19,VAW,1,0.4406274,1,0.59,False,False
NN_v1,2,2010-03-19,VGT,2,0.43394983,1,0.64,False,False
NN_v1,2,2010-03-26,VDE,1,0.43381304,1,0.64,False,False
NN_v1,2,2010-03-26,VPU,2,0.42931083,1,0.64,False,False
NN_v1,2,2010-04-02,VDE,1,0.43211246,1,0.63,False,False
NN_v1,2,2010-04-02,VPU,2,0.4248367,0,0.61,False,False
NN_v1,2,2010-04-09,VGT,2,0.42146006,1,0.66,False,False
NN_v1,2,2010-04-09,VPU,1,0.4223987,0,0.63,False,False
NN_v1,2,2010-04-16,VHT,1,0.44271454,0,0.69,False,False
NN_v1,2,2010-04-16,VPU,2,0.43909436,1,0.65,False,False
NN_v1,2,2010-04-23,VHT,2,0.42356247,0,0.59,False,False
NN_v1,2,2010-04-23,VPU,1,0.42481023,0,0.62,False,False
NN_v1,2,2010-04-30,VDC,1,0.45162868,0,0.65,False,False
NN_v1,2,2010-04-30,VHT,2,0.45111164,0,0.66,False,False
NN_v1,2,2010-05-07,VNQ,2,0.43561897,0,0.66,False,False
NN_v1,2,2010-05-07,VPU,1,0.44477803,0,0.68,False,False
NN_v1,2,2010-05-14,VAW,2,0.44031322,0,0.62,False,False
NN_v1,2,2010-05-14,VCR,1,0.44136268,0,0.65,False,False
NN_v1,2,2010-05-21,VDC,1,0.45221952,0,0.68,False,False
NN_v1,2,2010-05-21,VOX,2,0.45160484,0,0.63,False,False
NN_v1,2,2010-05-28,VIS,1,0.4425289,0,0.71,False,False
NN_v1,2,2010-05-28,VPU,2,0.44203687,0,0.64,False,False
NN_v1,2,2010-06-04,VDC,1,0.44677365,1,0.75,False,False
NN_v1,2,2010-06-04,VOX,2,0.44346762,1,0.67,False,False
NN_v1,2,2010-06-11,VCR,2,0.43625307,0,0.62,False,False
NN_v1,2,2010-06-11,VIS,1,0.43906325,1,0.62,False,False
NN_v1,2,2010-06-18,VCR,1,0.43900687,0,0.65,False,False
NN_v1,2,2010-06-18,VDC,2,0.4331775,0,0.65,False,False
NN_v1,2,2010-06-25,VNQ,1,0.45414707,0,0.59,False,False
NN_v1,2,2010-06-25,VPU,2,0.44336623,0,0.67,False,False
NN_v1,2,2010-07-02,VDE,2,0.4151813,1,0.69,False,False
NN_v1,2,2010-07-02,VPU,1,0.42891014,1,0.63,False,False
NN_v1,2,2010-07-09,VCR,2,0.43267873,0,0.69,False,False
NN_v1,2,2010-07-09,VNQ,1,0.4414842,0,0.71,False,False
NN_v1,2,2010-07-16,VNQ,1,0.45581156,1,0.68,False,False
NN_v1,2,2010-07-16,VOX,2,0.44915384,1,0.71,False,False
NN_v1,2,2010-07-23,VFH,1,0.43598378,1,0.69,False,False
NN_v1,2,2010-07-23,VHT,2,0.4336878,0,0.62,False,False
NN_v1,2,2010-07-30,VGT,2,0.43245155,0,0.65,False,False
NN_v1,2,2010-07-30,VHT,1,0.43598112,1,0.69,False,False
NN_v1,2,2010-08-06,VGT,2,0.42833602,0,0.7,False,False
NN_v1,2,2010-08-06,VNQ,1,0.42936754,0,0.65,False,False
NN_v1,2,2010-08-13,VIS,2,0.45217785,0,0.65,False,False
NN_v1,2,2010-08-13,VNQ,1,0.45872736,0,0.64,False,False
NN_v1,2,2010-08-20,VIS,2,0.44608012,0,0.59,False,False
NN_v1,2,2010-08-20,VNQ,1,0.45523718,1,0.57,False,False
NN_v1,2,2010-08-27,VCR,1,0.44219458,1,0.62,False,False
NN_v1,2,2010-08-27,VIS,2,0.43788254,1,0.64,False,False
NN_v1,2,2010-09-03,VGT,1,0.43265885,0,0.72,False,False
NN_v1,2,2010-09-03,VHT,2,0.42869344,1,0.67,False,False
NN_v1,2,2010-09-10,VGT,2,0.42648688,1,0.62,False,False
NN_v1,2,2010-09-10,VNQ,1,0.43756816,0,0.65,False,False
NN_v1,2,2010-09-17,VDE,2,0.42419183,1,0.6,False,False
NN_v1,2,2010-09-17,VNQ,1,0.43158022,0,0.7,False,False
NN_v1,2,2010-09-24,VFH,2,0.42017388,0,0.56,False,False
NN_v1,2,2010-09-24,VPU,1,0.42413825,0,0.64,False,False
NN_v1,2,2010-10-01,VDC,2,0.4348594,0,0.66,False,False
NN_v1,2,2010-10-01,VFH,1,0.43622068,1,0.65,False,False
NN_v1,2,2010-10-08,VFH,2,0.42337498,0,0.63,False,False
NN_v1,2,2010-10-08,VGT,1,0.42594987,1,0.67,False,False
NN_v1,2,2010-10-15,VFH,2,0.42139113,1,0.68,False,False
NN_v1,2,2010-10-15,VIS,1,0.42406285,1,0.63,False,False
NN_v1,2,2010-10-22,VFH,1,0.43145278,0,0.64,False,False
NN_v1,2,2010-10-22,VPU,2,0.4244512,0,0.6,False,False
NN_v1,2,2010-10-29,VHT,2,0.43310642,0,0.62,False,False
NN_v1,2,2010-10-29,VPU,1,0.4361844,0,0.63,False,False
NN_v1,2,2010-11-05,VHT,2,0.4190242,0,0.59,False,False
NN_v1,2,2010-11-05,VPU,1,0.42252275,0,0.64,False,False
NN_v1,2,2010-11-12,VDC,1,0.4522307,0,0.65,False,False
NN_v1,2,2010-11-12,VPU,2,0.44991532,0,0.61,False,False
NN_v1,2,2010-11-19,VNQ,2,0.44446886,1,0.7,False,False
NN_v1,2,2010-11-19,VPU,1,0.4448891,0,0.69,False,False
NN_v1,2,2010-11-26,VNQ,1,0.45631132,1,0.7,False,False
NN_v1,2,2010-11-26,VPU,2,0.4488007,1,0.65,False,False
NN_v1,2,2010-12-03,VNQ,1,0.43989003,0,0.63,False,False
NN_v1,2,2010-12-03,VPU,2,0.4353211,0,0.65,False,False
NN_v1,2,2010-12-10,VNQ,1,0.4410622,0,0.68,False,False
NN_v1,2,2010-12-10,VPU,2,0.44105637,0,0.62,False,False
NN_v1,2,2010-12-17,VNQ,2,0.44283587,1,0.64,False,False
NN_v1,2,2010-12-17,VPU,1,0.44359824,0,0.69,False,False
NN_v1,2,2010-12-24,VNQ,1,0.43632576,1,0.66,False,False
NN_v1,2,2010-12-24,VPU,2,0.43373066,0,0.65,False,False
NN_v1,2,2010-12-31,VHT,1,0.43435484,0,0.64,False,False
NN_v1,2,2010-12-31,VIS,2,0.4318011,0,0.71,False,False
NN_v1,2,2011-01-07,VAW,1,0.30615473,1,0.68,False,False
NN_v1,2,2011-01-07,VFH,2,0.28815308,1,0.63,False,False
NN_v1,2,2011-01-14,VAW,2,0.24640918,0,0.64,False,False
NN_v1,2,2011-01-14,VNQ,1,0.2699267,0,0.61,False,False
NN_v1,2,2011-01-21,VAW,1,0.4672786,1,0.67,False,False
NN_v1,2,2011-01-21,VNQ,2,0.46678331,1,0.63,False,False
NN_v1,2,2011-01-28,VAW,2,0.42161706,1,0.66,False,False
NN_v1,2,2011-01-28,VGT,1,0.42906627,1,0.72,False,False
NN_v1,2,2011-02-04,VFH,1,0.2176284,1,0.69,False,False
NN_v1,2,2011-02-04,VGT,2,0.21629708,0,0.63,False,False
NN_v1,2,2011-02-11,VDE,2,0.23254006,1,0.7,False,False
NN_v1,2,2011-02-11,VNQ,1,0.24412034,0,0.68,False,False
NN_v1,2,2011-02-18,VAW,1,0.23519187,0,0.61,False,False
NN_v1,2,2011-02-18,VGT,2,0.22586252,0,0.69,False,False
NN_v1,2,2011-02-25,VAW,1,0.46553373,0,0.66,False,False
NN_v1,2,2011-02-25,VCR,2,0.46072787,0,0.62,False,False
NN_v1,2,2011-03-04,VAW,1,0.3674155,0,0.67,False,False
NN_v1,2,2011-03-04,VIS,2,0.36250627,0,0.64,False,False
NN_v1,2,2011-03-11,VAW,2,0.47888294,0,0.57,False,False
NN_v1,2,2011-03-11,VGT,1,0.48170072,0,0.64,False,False
NN_v1,2,2011-03-18,VCR,2,0.4683051,1,0.65,False,False
NN_v1,2,2011-03-18,VGT,1,0.4765217,1,0.6,False,False
NN_v1,2,2011-03-25,VAW,1,0.2620105,1,0.68,False,False
NN_v1,2,2011-03-25,VHT,2,0.23033138,1,0.63,False,False
NN_v1,2,2011-04-01,VAW,1,0.27727982,0,0.63,False,False
NN_v1,2,2011-04-01,VIS,2,0.27514696,0,0.64,False,False
NN_v1,2,2011-04-08,VAW,1,0.37726772,0,0.67,False,False
NN_v1,2,2011-04-08,VDE,2,0.3483915,0,0.62,False,False
NN_v1,2,2011-04-15,VAW,2,0.41587946,1,0.75,False,False
NN_v1,2,2011-04-15,VDE,1,0.45017084,1,0.66,False,False
NN_v1,2,2011-04-22,VAW,1,0.28224185,1,0.65,False,False
NN_v1,2,2011-04-22,VDE,2,0.2817247,1,0.64,False,False
NN_v1,2,2011-04-29,VDE,2,0.20230857,0,0.63,False,False
NN_v1,2,2011-04-29,VNQ,1,0.2157662,0,0.63,False,False
NN_v1,2,2011-05-06,VAW,2,0.4520484,0,0.72,False,False
NN_v1,2,2011-05-06,VDE,1,0.47792825,0,0.58,False,False
NN_v1,2,2011-05-13,VAW,2,0.40862173,0,0.68,False,False
NN_v1,2,2011-05-13,VDE,1,0.44333863,1,0.7,False,False
NN_v1,2,2011-05-20,VAW,2,0.41681987,1,0.69,False,False
NN_v1,2,2011-05-20,VDE,1,0.45584673,1,0.71,False,False
NN_v1,2,2011-05-27,VGT,1,0.3163023,0,0.62,False,False
NN_v1,2,2011-05-27,VHT,2,0.28539044,0,0.65,False,False
NN_v1,2,2011-06-03,VDE,1,0.45305282,0,0.66,False,False
NN_v1,2,2011-06-03,VHT,2,0.4500813,0,0.66,False,False
NN_v1,2,2011-06-10,VDE,2,0.42918095,0,0.76,False,False
NN_v1,2,2011-06-10,VHT,1,0.43829107,0,0.64,False,False
NN_v1,2,2011-06-17,VDE,1,0.45133948,0,0.62,False,False
NN_v1,2,2011-06-17,VNQ,2,0.43414342,0,0.69,False,False
NN_v1,2,2011-06-24,VDE,1,0.41165176,1,0.66,False,False
NN_v1,2,2011-06-24,VIS,2,0.36149198,1,0.7,False,False
NN_v1,2,2011-07-01,VAW,2,0.15463571,1,0.78,False,False
NN_v1,2,2011-07-01,VDE,1,0.19316205,1,0.69,False,False
NN_v1,2,2011-07-08,VAW,2,0.3574093,0,0.63,False,False
NN_v1,2,2011-07-08,VDE,1,0.38183716,1,0.62,False,False
NN_v1,2,2011-07-15,VAW,2,0.42613083,1,0.64,False,False
NN_v1,2,2011-07-15,VDE,1,0.43585426,1,0.73,False,False
NN_v1,2,2011-07-22,VAW,2,0.3250116,0,0.61,False,False
NN_v1,2,2011-07-22,VDE,1,0.32588187,0,0.63,False,False
NN_v1,2,2011-07-29,VDC,2,0.45762268,0,0.56,False,False
NN_v1,2,2011-07-29,VPU,1,0.46299988,0,0.69,False,False
NN_v1,2,2011-08-05,VHT,1,0.4290002,1,0.74,False,False
NN_v1,2,2011-08-05,VOX,2,0.42634165,1,0.67,False,False
NN_v1,2,2011-08-12,VHT,1,0.38597026,0,0.69,False,False
NN_v1,2,2011-08-12,VNQ,2,0.3722405,0,0.68,False,False
NN_v1,2,2011-08-19,VCR,2,0.5031237,1,0.6,False,False
NN_v1,2,2011-08-19,VGT,1,0.5182566,1,0.49,False,False
NN_v1,2,2011-08-26,VGT,1,0.33142588,0,0.65,False,False
NN_v1,2,2011-08-26,VNQ,2,0.3290493,0,0.66,False,False
NN_v1,2,2011-09-02,VNQ,1,0.42329746,1,0.66,False,False
NN_v1,2,2011-09-02,VOX,2,0.3996795,0,0.68,False,False
NN_v1,2,2011-09-09,VCR,2,0.41875604,1,0.66,False,False
NN_v1,2,2011-09-09,VNQ,1,0.43633556,1,0.62,False,False
NN_v1,2,2011-09-16,VAW,1,0.3387165,0,0.69,False,False
NN_v1,2,2011-09-16,VIS,2,0.30555853,0,0.65,False,False
NN_v1,2,2011-09-23,VDE,1,0.47330543,0,0.67,False,False
NN_v1,2,2011-09-23,VNQ,2,0.46711874,0,0.73,False,False
NN_v1,2,2011-09-30,VAW,2,0.35323733,1,0.63,False,False
NN_v1,2,2011-09-30,VCR,1,0.36110607,1,0.62,False,False
NN_v1,2,2011-10-07,VIS,2,0.40059254,1,0.75,False,False
NN_v1,2,2011-10-07,VOX,1,0.40722534,1,0.7,False,False
NN_v1,2,2011-10-14,VIS,1,0.39399737,1,0.6,False,False
NN_v1,2,2011-10-14,VNQ,2,0.37180132,1,0.65,False,False
NN_v1,2,2011-10-21,VDE,2,0.46180624,1,0.43,False,False
NN_v1,2,2011-10-21,VIS,1,0.46373641,1,0.57,False,False
NN_v1,2,2011-10-28,VGT,2,0.37486622,0,0.69,False,False
NN_v1,2,2011-10-28,VIS,1,0.38171184,0,0.63,False,False
NN_v1,2,2011-11-04,VDC,2,0.47892013,1,0.63,False,False
NN_v1,2,2011-11-04,VPU,1,0.48181105,0,0.66,False,False
NN_v1,2,2011-11-11,VCR,2,0.4384832,0,0.65,False,False
NN_v1,2,2011-11-11,VDE,1,0.46296585,0,0.53,False,False
NN_v1,2,2011-11-18,VDC,2,0.4708399,0,0.55,False,False
NN_v1,2,2011-11-18,VPU,1,0.47267774,0,0.66,False,False
NN_v1,2,2011-11-25,VGT,2,0.46084493,1,0.75,False,False
NN_v1,2,2011-11-25,VPU,1,0.4671271,1,0.67,False,False
NN_v1,2,2011-12-02,VAW,1,0.31156516,0,0.67,False,False
NN_v1,2,2011-12-02,VDE,2,0.29426622,0,0.65,False,False
NN_v1,2,2011-12-09,VDE,2,0.42148164,0,0.69,False,False
NN_v1,2,2011-12-09,VIS,1,0.4477925,0,0.63,False,False
NN_v1,2,2011-12-16,VHT,2,0.4430849,1,0.76,False,False
NN_v1,2,2011-12-16,VNQ,1,0.44830415,1,0.8,True,True
NN_v1,2,2011-12-23,VDE,1,0.36866397,0,0.7,False,False
NN_v1,2,2011-12-23,VFH,2,0.36260822,0,0.68,False,False
NN_v1,2,2011-12-30,VGT,1,0.46831092,0,0.66,False,False
NN_v1,2,2011-12-30,VPU,2,0.46023986,0,0.64,False,False
NN_v1,2,2012-01-06,VFH,1,0.42117086,1,0.7,False,False
NN_v1,2,2012-01-06,VIS,2,0.41181618,1,0.68,False,False
NN_v1,2,2012-01-13,VAW,2,0.3924492,0,0.68,False,False
NN_v1,2,2012-01-13,VDE,1,0.39408603,1,0.65,False,False
NN_v1,2,2012-01-20,VAW,1,0.39911345,1,0.74,False,False
NN_v1,2,2012-01-20,VFH,2,0.39159644,0,0.66,False,False
NN_v1,2,2012-01-27,VAW,1,0.4108583,1,0.7,False,False
NN_v1,2,2012-01-27,VIS,2,0.40331897,1,0.68,False,False
NN_v1,2,2012-02-03,VDE,1,0.33138397,0,0.7,False,False
NN_v1,2,2012-02-03,VFH,2,0.3241709,0,0.64,False,False
NN_v1,2,2012-02-10,VAW,1,0.41347048,0,0.82,True,True
NN_v1,2,2012-02-10,VGT,2,0.40746316,0,0.62,False,False
NN_v1,2,2012-02-17,VAW,1,0.33833474,0,0.64,False,False
NN_v1,2,2012-02-17,VDE,2,0.32900077,1,0.61,False,False
NN_v1,2,2012-02-24,VFH,2,0.36148256,1,0.66,False,False
NN_v1,2,2012-02-24,VGT,1,0.3735171,0,0.68,False,False
NN_v1,2,2012-03-02,VDE,1,0.3906806,0,0.67,False,False
NN_v1,2,2012-03-02,VGT,2,0.37906685,0,0.58,False,False
NN_v1,2,2012-03-09,VDE,1,0.3831237,1,0.64,False,False
NN_v1,2,2012-03-09,VFH,2,0.344426,1,0.67,False,False
NN_v1,2,2012-03-16,VDE,1,0.31403998,0,0.62,False,False
NN_v1,2,2012-03-16,VIS,2,0.28514507,0,0.61,False,False
NN_v1,2,2012-03-23,VDE,1,0.41051075,0,0.61,False,False
NN_v1,2,2012-03-23,VIS,2,0.37920636,0,0.64,False,False
NN_v1,2,2012-03-30,VDE,1,0.3646839,0,0.63,False,False
NN_v1,2,2012-03-30,VFH,2,0.34434253,0,0.66,False,False
NN_v1,2,2012-04-06,VDE,2,0.38647982,0,0.65,False,False
NN_v1,2,2012-04-06,VFH,1,0.4114959,0,0.75,False,False
NN_v1,2,2012-04-13,VFH,1,0.43821007,0,0.72,False,False
NN_v1,2,2012-04-13,VNQ,2,0.4371656,1,0.61,False,False
NN_v1,2,2012-04-20,VDE,1,0.37141052,1,0.68,False,False
NN_v1,2,2012-04-20,VFH,2,0.36956453,1,0.66,False,False
NN_v1,2,2012-04-27,VCR,1,0.296818,0,0.68,False,False
NN_v1,2,2012-04-27,VNQ,2,0.28425586,0,0.64,False,False
NN_v1,2,2012-05-04,VAW,1,0.43445733,0,0.77,False,False
NN_v1,2,2012-05-04,VGT,2,0.4341748,0,0.6,False,False
NN_v1,2,2012-05-11,VDE,2,0.4069893,0,0.67,False,False
NN_v1,2,2012-05-11,VFH,1,0.42583114,0,0.62,False,False
NN_v1,2,2012-05-18,VFH,2,0.45284277,1,0.67,False,False
NN_v1,2,2012-05-18,VGT,1,0.4554234,1,0.67,False,False
NN_v1,2,2012-05-25,VDE,2,0.34517065,0,0.7,False,False
NN_v1,2,2012-05-25,VFH,1,0.36697143,0,0.7,False,False
NN_v1,2,2012-06-01,VCR,1,0.4462035,1,0.68,False,False
NN_v1,2,2012-06-01,VFH,2,0.44534492,1,0.66,False,False
NN_v1,2,2012-06-08,VAW,1,0.29595247,0,0.65,False,False
NN_v1,2,2012-06-08,VDE,2,0.2942711,0,0.63,False,False
NN_v1,2,2012-06-15,VAW,1,0.3633334,0,0.64,False,False
NN_v1,2,2012-06-15,VFH,2,0.3555525,0,0.65,False,False
NN_v1,2,2012-06-22,VDE,2,0.39613673,1,0.69,False,False
NN_v1,2,2012-06-22,VFH,1,0.40341324,1,0.66,False,False
NN_v1,2,2012-06-29,VAW,2,0.321696,0,0.69,False,False
NN_v1,2,2012-06-29,VFH,1,0.33631742,0,0.62,False,False
NN_v1,2,2012-07-06,VAW,2,0.38280326,0,0.67,False,False
NN_v1,2,2012-07-06,VFH,1,0.4020158,1,0.62,False,False
NN_v1,2,2012-07-13,VDE,2,0.4029435,1,0.65,False,False
NN_v1,2,2012-07-13,VFH,1,0.4185712,0,0.64,False,False
NN_v1,2,2012-07-20,VAW,2,0.40046635,1,0.71,False,False
NN_v1,2,2012-07-20,VNQ,1,0.4053018,1,0.69,False,False
NN_v1,2,2012-07-27,VDE,1,0.33200726,0,0.61,False,False
NN_v1,2,2012-07-27,VNQ,2,0.3284368,0,0.63,False,False
NN_v1,2,2012-08-03,VDE,1,0.40183708,1,0.67,False,False
NN_v1,2,2012-08-03,VFH,2,0.34458536,0,0.61,False,False
NN_v1,2,2012-08-10,VDE,1,0.36907846,0,0.64,False,False
NN_v1,2,2012-08-10,VNQ,2,0.32887226,1,0.64,False,False
NN_v1,2,2012-08-17,VDE,1,0.31985694,0,0.67,False,False
NN_v1,2,2012-08-17,VGT,2,0.30669096,0,0.66,False,False
NN_v1,2,2012-08-24,VAW,1,0.3725512,0,0.59,False,False
NN_v1,2,2012-08-24,VDE,2,0.36923903,0,0.69,False,False
NN_v1,2,2012-08-31,VCR,2,0.3742682,1,0.7,False,False
NN_v1,2,2012-08-31,VGT,1,0.3800883,1,0.57,False,False
NN_v1,2,2012-09-07,VCR,1,0.27035955,1,0.67,False,False
NN_v1,2,2012-09-07,VGT,2,0.26627564,1,0.62,False,False
NN_v1,2,2012-09-14,VFH,2,0.24852334,0,0.65,False,False
NN_v1,2,2012-09-14,VPU,1,0.26625946,0,0.64,False,False
NN_v1,2,2012-09-21,VAW,1,0.4001784,0,0.59,False,False
NN_v1,2,2012-09-21,VCR,2,0.37771794,0,0.67,False,False
NN_v1,2,2012-09-28,VAW,1,0.4114427,0,0.69,False,False
NN_v1,2,2012-09-28,VFH,2,0.40836573,1,0.7,False,False
NN_v1,2,2012-10-05,VAW,2,0.32630616,0,0.68,False,False
NN_v1,2,2012-10-05,VFH,1,0.33383667,0,0.66,False,False
NN_v1,2,2012-10-12,VAW,2,0.4310433,1,0.69,False,False
NN_v1,2,2012-10-12,VOX,1,0.4327764,0,0.64,False,False
NN_v1,2,2012-10-19,VGT,1,0.38868365,0,0.63,False,False
NN_v1,2,2012-10-19,VOX,2,0.38519165,0,0.63,False,False
NN_v1,2,2012-10-26,VFH,2,0.42306462,0,0.7,False,False
NN_v1,2,2012-10-26,VHT,1,0.43050498,0,0.61,False,False
NN_v1,2,2012-11-02,VDE,2,0.3717078,0,0.65,False,False
NN_v1,2,2012-11-02,VFH,1,0.3861925,0,0.69,False,False
NN_v1,2,2012-11-09,VAW,1,0.44368657,0,0.59,False,False
NN_v1,2,2012-11-09,VFH,2,0.4430571,0,0.65,False,False
NN_v1,2,2012-11-16,VFH,1,0.45642692,1,0.71,False,False
NN_v1,2,2012-11-16,VOX,2,0.4357746,1,0.71,False,False
NN_v1,2,2012-11-23,VAW,2,0.27418104,1,0.68,False,False
NN_v1,2,2012-11-23,VPU,1,0.28264356,1,0.71,False,False
NN_v1,2,2012-11-30,VAW,2,0.34580004,0,0.68,False,False
NN_v1,2,2012-11-30,VDE,1,0.34732008,0,0.66,False,False
NN_v1,2,2012-12-07,VAW,1,0.35931352,1,0.66,False,False
NN_v1,2,2012-12-07,VCR,2,0.3579726,0,0.69,False,False
NN_v1,2,2012-12-14,VAW,2,0.37127507,0,0.64,False,False
NN_v1,2,2012-12-14,VGT,1,0.3730592,0,0.64,False,False
NN_v1,2,2012-12-21,VGT,1,0.31969377,0,0.65,False,False
NN_v1,2,2012-12-21,VNQ,2,0.31450114,0,0.62,False,False
NN_v1,2,2012-12-28,VFH,1,0.43727097,1,0.73,False,False
NN_v1,2,2012-12-28,VIS,2,0.43656787,1,0.7,False,False
NN_v1,2,2013-01-04,VDE,2,0.17419223,0,0.68,False,False
NN_v1,2,2013-01-04,VFH,1,0.18035914,0,0.63,False,False
NN_v1,2,2013-01-11,VFH,2,0.29518417,0,0.64,False,False
NN_v1,2,2013-01-11,VIS,1,0.30795464,1,0.66,False,False
NN_v1,2,2013-01-18,VAW,2,0.31845978,0,0.67,False,False
NN_v1,2,2013-01-18,VIS,1,0.3251703,1,0.63,False,False
NN_v1,2,2013-01-25,VDE,1,0.2939495,0,0.64,False,False
NN_v1,2,2013-01-25,VIS,2,0.28634384,0,0.64,False,False
NN_v1,2,2013-02-01,VDE,1,0.34561425,1,0.64,False,False
NN_v1,2,2013-02-01,VFH,2,0.3417165,1,0.69,False,False
NN_v1,2,2013-02-08,VDE,1,0.29807866,0,0.69,False,False
NN_v1,2,2013-02-08,VIS,2,0.29720587,1,0.62,False,False
NN_v1,2,2013-02-15,VFH,1,0.37388763,0,0.61,False,False
NN_v1,2,2013-02-15,VIS,2,0.3464321,0,0.65,False,False
NN_v1,2,2013-02-22,VDE,1,0.37648258,0,0.63,False,False
NN_v1,2,2013-02-22,VIS,2,0.36459935,0,0.67,False,False
NN_v1,2,2013-03-01,VHT,2,0.33458835,1,0.67,False,False
NN_v1,2,2013-03-01,VIS,1,0.35061467,1,0.64,False,False
NN_v1,2,2013-03-08,VCR,2,0.23014286,0,0.66,False,False
NN_v1,2,2013-03-08,VIS,1,0.23135917,1,0.63,False,False
NN_v1,2,2013-03-15,VFH,1,0.30690992,0,0.64,False,False
NN_v1,2,2013-03-15,VPU,2,0.29029113,0,0.63,False,False
NN_v1,2,2013-03-22,VFH,1,0.33426294,0,0.61,False,False
NN_v1,2,2013-03-22,VHT,2,0.3259224,1,0.68,False,False
NN_v1,2,2013-03-29,VCR,1,0.2886317,0,0.64,False,False
NN_v1,2,2013-03-29,VPU,2,0.27588853,0,0.68,False,False
NN_v1,2,2013-04-05,VAW,1,0.4197283,1,0.56,False,False
NN_v1,2,2013-04-05,VGT,2,0.39822212,1,0.7,False,False
NN_v1,2,2013-04-12,VAW,1,0.2380574,0,0.67,False,False
NN_v1,2,2013-04-12,VIS,2,0.22825111,0,0.67,False,False
NN_v1,2,2013-04-19,VGT,2,0.4292886,1,0.69,False,False
NN_v1,2,2013-04-19,VIS,1,0.43822408,1,0.62,False,False
NN_v1,2,2013-04-26,VAW,1,0.2870281,1,0.74,False,False
NN_v1,2,2013-04-26,VIS,2,0.2791022,1,0.67,False,False
NN_v1,2,2013-05-03,VCR,2,0.2509807,1,0.66,False,False
NN_v1,2,2013-05-03,VOX,1,0.255693,0,0.63,False,False
NN_v1,2,2013-05-10,VCR,1,0.26949453,1,0.64,False,False
NN_v1,2,2013-05-10,VPU,2,0.26780364,1,0.64,False,False
NN_v1,2,2013-05-17,VNQ,2,0.1940353,0,0.58,False,False
NN_v1,2,2013-05-17,VOX,1,0.21631826,0,0.7,False,False
NN_v1,2,2013-05-24,VOX,1,0.3784693,0,0.69,False,False
NN_v1,2,2013-05-24,VPU,2,0.37590188,0,0.66,False,False
NN_v1,2,2013-05-31,VIS,2,0.41772097,0,0.72,False,False
NN_v1,2,2013-05-31,VNQ,1,0.44638404,0,0.62,False,False
NN_v1,2,2013-06-07,VFH,2,0.34512964,0,0.66,False,False
NN_v1,2,2013-06-07,VNQ,1,0.3671423,0,0.69,False,False
NN_v1,2,2013-06-14,VCR,2,0.41504225,0,0.67,False,False
NN_v1,2,2013-06-14,VNQ,1,0.4212547,0,0.65,False,False
NN_v1,2,2013-06-21,VCR,1,0.49225512,1,0.55,False,False
NN_v1,2,2013-06-21,VNQ,2,0.49154237,1,0.69,False,False
NN_v1,2,2013-06-28,VAW,1,0.33916193,0,0.67,False,False
NN_v1,2,2013-06-28,VIS,2,0.33435866,1,0.68,False,False
NN_v1,2,2013-07-05,VNQ,2,0.3417853,1,0.67,False,False
NN_v1,2,2013-07-05,VPU,1,0.35977182,1,0.61,False,False
NN_v1,2,2013-07-12,VNQ,1,0.25294134,1,0.68,False,False
NN_v1,2,2013-07-12,VPU,2,0.22558218,1,0.7,False,False
NN_v1,2,2013-07-19,VNQ,1,0.31636927,0,0.61,False,False
NN_v1,2,2013-07-19,VPU,2,0.31601596,0,0.71,False,False
NN_v1,2,2013-07-26,VNQ,1,0.35521445,0,0.7,False,False
NN_v1,2,2013-07-26,VOX,2,0.35465536,0,0.63,False,False
NN_v1,2,2013-08-02,VNQ,1,0.43248934,0,0.71,False,False
NN_v1,2,2013-08-02,VPU,2,0.34275228,0,0.66,False,False
NN_v1,2,2013-08-09,VCR,2,0.4160964,0,0.66,False,False
NN_v1,2,2013-08-09,VNQ,1,0.43729058,0,0.66,False,False
NN_v1,2,2013-08-16,VIS,2,0.4743452,0,0.66,False,False
NN_v1,2,2013-08-16,VNQ,1,0.48625073,1,0.66,False,False
NN_v1,2,2013-08-23,VCR,1,0.381912,0,0.64,False,False
NN_v1,2,2013-08-23,VNQ,2,0.3724009,0,0.66,False,False
NN_v1,2,2013-08-30,VCR,2,0.46110296,0,0.55,False,False
NN_v1,2,2013-08-30,VOX,1,0.46370393,0,0.67,False,False
NN_v1,2,2013-09-06,VNQ,1,0.37309945,1,0.65,False,False
NN_v1,2,2013-09-06,VOX,2,0.3404593,1,0.61,False,False
NN_v1,2,2013-09-13,VNQ,1,0.29285473,1,0.62,False,False
NN_v1,2,2013-09-13,VPU,2,0.24721196,0,0.62,False,False
NN_v1,2,2013-09-20,VIS,2,0.25645775,0,0.63,False,False
NN_v1,2,2013-09-20,VNQ,1,0.26933518,0,0.65,False,False
NN_v1,2,2013-09-27,VGT,2,0.36175218,1,0.69,False,False
NN_v1,2,2013-09-27,VNQ,1,0.383916,0,0.66,False,False
NN_v1,2,2013-10-04,VAW,2,0.35121894,1,0.67,False,False
NN_v1,2,2013-10-04,VNQ,1,0.3630922,1,0.68,False,False
NN_v1,2,2013-10-11,VIS,2,0.3548009,1,0.65,False,False
NN_v1,2,2013-10-11,VNQ,1,0.41642588,1,0.67,False,False
NN_v1,2,2013-10-18,VNQ,1,0.30659926,1,0.61,False,False
NN_v1,2,2013-10-18,VOX,2,0.24931002,0,0.63,False,False
NN_v1,2,2013-10-25,VIS,2,0.3108889,0,0.66,False,False
NN_v1,2,2013-10-25,VNQ,1,0.3507033,0,0.67,False,False
NN_v1,2,2013-11-01,VNQ,1,0.36398432,0,0.69,False,False
NN_v1,2,2013-11-01,VOX,2,0.34979096,0,0.68,False,False
NN_v1,2,2013-11-08,VIS,2,0.3496915,1,0.65,False,False
NN_v1,2,2013-11-08,VNQ,1,0.35732886,1,0.65,False,False
NN_v1,2,2013-11-15,VIS,1,0.3042049,0,0.64,False,False
NN_v1,2,2013-11-15,VNQ,2,0.29527828,0,0.64,False,False
NN_v1,2,2013-11-22,VIS,2,0.33901578,0,0.68,False,False
NN_v1,2,2013-11-22,VNQ,1,0.4043076,0,0.7,False,False
NN_v1,2,2013-11-29,VHT,2,0.3297959,0,0.64,False,False
NN_v1,2,2013-11-29,VNQ,1,0.3862892,0,0.64,False,False
NN_v1,2,2013-12-06,VHT,2,0.32688367,0,0.62,False,False
NN_v1,2,2013-12-06,VNQ,1,0.35138115,0,0.66,False,False
NN_v1,2,2013-12-13,VCR,1,0.4446212,0,0.6,False,False
NN_v1,2,2013-12-13,VIS,2,0.44383863,1,0.69,False,False
NN_v1,2,2013-12-20,VGT,2,0.21896224,0,0.61,False,False
NN_v1,2,2013-12-20,VNQ,1,0.24000001,0,0.6,False,False
NN_v1,2,2013-12-27,VGT,1,0.26966494,0,0.62,False,False
NN_v1,2,2013-12-27,VNQ,2,0.26563478,0,0.63,False,False
NN_v1,2,2014-01-03,VDE,2,0.36156735,0,0.62,False,False
NN_v1,2,2014-01-03,VNQ,1,0.37289682,1,0.6,False,False
NN_v1,2,2014-01-10,VNQ,1,0.34805375,0,0.61,False,False
NN_v1,2,2014-01-10,VOX,2,0.34344965,0,0.64,False,False
NN_v1,2,2014-01-17,VNQ,1,0.37841344,0,0.66,False,False
NN_v1,2,2014-01-17,VOX,2,0.3678977,0,0.67,False,False
NN_v1,2,2014-01-24,VFH,2,0.4131801,0,0.6,False,False
NN_v1,2,2014-01-24,VOX,1,0.41628668,0,0.67,False,False
NN_v1,2,2014-01-31,VFH,2,0.40423885,0,0.63,False,False
NN_v1,2,2014-01-31,VIS,1,0.4060129,0,0.68,False,False
NN_v1,2,2014-02-07,VGT,2,0.3628311,1,0.65,False,False
NN_v1,2,2014-02-07,VOX,1,0.38029203,1,0.62,False,False
NN_v1,2,2014-02-14,VDE,2,0.33078787,0,0.61,False,False
NN_v1,2,2014-02-14,VOX,1,0.33739248,0,0.65,False,False
NN_v1,2,2014-02-21,VCR,1,0.35441208,1,0.7,False,False
NN_v1,2,2014-02-21,VFH,2,0.34669605,1,0.61,False,False
NN_v1,2,2014-02-28,VDC,2,0.3175477,1,0.67,False,False
NN_v1,2,2014-02-28,VOX,1,0.3334544,1,0.64,False,False
NN_v1,2,2014-03-07,VCR,1,0.320976,0,0.6,False,False
NN_v1,2,2014-03-07,VOX,2,0.32064298,0,0.68,False,False
NN_v1,2,2014-03-14,VCR,1,0.41089183,0,0.65,False,False
NN_v1,2,2014-03-14,VDC,2,0.40073916,0,0.62,False,False
NN_v1,2,2014-03-21,VAW,2,0.36509067,0,0.67,False,False
NN_v1,2,2014-03-21,VCR,1,0.38065845,0,0.6,False,False
NN_v1,2,2014-03-28,VAW,1,0.39846092,0,0.55,False,False
NN_v1,2,2014-03-28,VFH,2,0.39373553,0,0.64,False,False
NN_v1,2,2014-04-04,VFH,1,0.37965828,0,0.63,False,False
NN_v1,2,2014-04-04,VGT,2,0.375605,0,0.59,False,False
NN_v1,2,2014-04-11,VAW,1,0.42021936,1,0.63,False,False
NN_v1,2,2014-04-11,VIS,2,0.42011333,1,0.65,False,False
NN_v1,2,2014-04-18,VCR,1,0.36355078,0,0.64,False,False
NN_v1,2,2014-04-18,VHT,2,0.35583124,0,0.71,False,False
NN_v1,2,2014-04-25,VFH,2,0.3860362,0,0.68,False,False
NN_v1,2,2014-04-25,VOX,1,0.38977355,1,0.64,False,False
NN_v1,2,2014-05-02,VGT,2,0.36190182,0,0.65,False,False
NN_v1,2,2014-05-02,VIS,1,0.36994037,0,0.63,False,False
NN_v1,2,2014-05-09,VGT,2,0.36299726,0,0.65,False,False
NN_v1,2,2014-05-09,VIS,1,0.36353964,0,0.69,False,False
NN_v1,2,2014-05-16,VGT,2,0.36210924,1,0.65,False,False
NN_v1,2,2014-05-16,VHT,1,0.37356985,1,0.61,False,False
NN_v1,2,2014-05-23,VCR,1,0.3415176,0,0.65,False,False
NN_v1,2,2014-05-23,VHT,2,0.34018052,0,0.67,False,False
NN_v1,2,2014-05-30,VGT,2,0.34568638,1,0.67,False,False
NN_v1,2,2014-05-30,VHT,1,0.34661466,0,0.66,False,False
NN_v1,2,2014-06-06,VCR,2,0.3292028,0,0.58,False,False
NN_v1,2,2014-06-06,VHT,1,0.33115643,0,0.65,False,False
NN_v1,2,2014-06-13,VFH,2,0.36905414,1,0.61,False,False
NN_v1,2,2014-06-13,VHT,1,0.37348962,1,0.61,False,False
NN_v1,2,2014-06-20,VCR,1,0.33615726,1,0.61,False,False
NN_v1,2,2014-06-20,VFH,2,0.33378154,0,0.66,False,False
NN_v1,2,2014-06-27,VFH,1,0.36935538,1,0.62,False,False
NN_v1,2,2014-06-27,VHT,2,0.35582635,1,0.69,False,False
NN_v1,2,2014-07-04,VOX,2,0.33936378,0,0.63,False,False
NN_v1,2,2014-07-04,VPU,1,0.34921816,0,0.64,False,False
NN_v1,2,2014-07-11,VCR,2,0.37793666,0,0.64,False,False
NN_v1,2,2014-07-11,VPU,1,0.38225958,0,0.62,False,False
NN_v1,2,2014-07-18,VCR,1,0.36585906,0,0.59,False,False
NN_v1,2,2014-07-18,VPU,2,0.36470997,0,0.62,False,False
NN_v1,2,2014-07-25,VOX,1,0.35956272,0,0.62,False,False
NN_v1,2,2014-07-25,VPU,2,0.35685956,0,0.67,False,False
NN_v1,2,2014-08-01,VAW,2,0.41688308,0,0.65,False,False
NN_v1,2,2014-08-01,VNQ,1,0.43525586,0,0.64,False,False
NN_v1,2,2014-08-08,VAW,2,0.40173805,0,0.64,False,False
NN_v1,2,2014-08-08,VNQ,1,0.40216157,1,0.65,False,False
NN_v1,2,2014-08-15,VIS,2,0.36072657,1,0.65,False,False
NN_v1,2,2014-08-15,VOX,1,0.376864,0,0.61,False,False
NN_v1,2,2014-08-22,VDC,2,0.34258005,0,0.64,False,False
NN_v1,2,2014-08-22,VDE,1,0.35285497,1,0.62,False,False
NN_v1,2,2014-08-29,VFH,1,0.33289137,0,0.63,False,False
NN_v1,2,2014-08-29,VPU,2,0.33171406,0,0.66,False,False
NN_v1,2,2014-09-05,VDE,2,0.34069026,0,0.68,False,False
NN_v1,2,2014-09-05,VIS,1,0.34982327,0,0.64,False,False
NN_v1,2,2014-09-12,VIS,2,0.39393455,0,0.69,False,False
NN_v1,2,2014-09-12,VPU,1,0.39439905,0,0.56,False,False
NN_v1,2,2014-09-19,VDE,2,0.37883642,0,0.65,False,False
NN_v1,2,2014-09-19,VPU,1,0.38858366,0,0.63,False,False
NN_v1,2,2014-09-26,VIS,2,0.41074523,0,0.62,False,False
NN_v1,2,2014-09-26,VNQ,1,0.41206095,0,0.59,False,False
NN_v1,2,2014-10-03,VDE,2,0.39868915,0,0.6,False,False
NN_v1,2,2014-10-03,VIS,1,0.40227798,0,0.59,False,False
NN_v1,2,2014-10-10,VDE,2,0.42197564,0,0.65,False,False
NN_v1,2,2014-10-10,VOX,1,0.42212358,1,0.64,False,False
NN_v1,2,2014-10-17,VDE,1,0.41812986,1,0.6,False,False
NN_v1,2,2014-10-17,VFH,2,0.41657835,1,0.63,False,False
NN_v1,2,2014-10-24,VDE,1,0.37335777,1,0.68,False,False
NN_v1,2,2014-10-24,VOX,2,0.34101662,1,0.65,False,False
NN_v1,2,2014-10-31,VDE,1,0.35956416,0,0.64,False,False
NN_v1,2,2014-10-31,VIS,2,0.32201123,1,0.67,False,False
NN_v1,2,2014-11-07,VAW,2,0.33836964,0,0.62,False,False
NN_v1,2,2014-11-07,VDE,1,0.34771037,0,0.65,False,False
NN_v1,2,2014-11-14,VDE,1,0.37472242,1,0.59,False,False
NN_v1,2,2014-11-14,VHT,2,0.36421987,1,0.68,False,False
NN_v1,2,2014-11-21,VDE,1,0.36964297,0,0.56,False,False
NN_v1,2,2014-11-21,VGT,2,0.34490067,1,0.61,False,False
NN_v1,2,2014-11-28,VAW,2,0.3653094,1,0.52,False,False
NN_v1,2,2014-11-28,VDE,1,0.42058745,1,0.68,False,False
NN_v1,2,2014-12-05,VAW,2,0.38548866,0,0.62,False,False
NN_v1,2,2014-12-05,VDE,1,0.4139284,0,0.63,False,False
NN_v1,2,2014-12-12,VCR,2,0.42087623,0,0.66,False,False
NN_v1,2,2014-12-12,VDE,1,0.4329379,1,0.66,False,False
NN_v1,2,2014-12-19,VAW,1,0.37309253,0,0.66,False,False
NN_v1,2,2014-12-19,VOX,2,0.3692916,1,0.63,False,False
NN_v1,2,2014-12-26,VAW,2,0.3847482,0,0.66,False,False
NN_v1,2,2014-12-26,VDE,1,0.39247072,0,0.62,False,False
NN_v1,2,2015-01-02,VAW,1,0.40566066,0,0.73,False,False
NN_v1,2,2015-01-02,VHT,2,0.4043342,1,0.7,False,False
NN_v1,2,2015-01-09,VDE,1,0.41528818,0,0.6,False,False
NN_v1,2,2015-01-09,VPU,2,0.40639445,1,0.64,False,False
NN_v1,2,2015-01-16,VAW,2,0.403678,0,0.6,False,False
NN_v1,2,2015-01-16,VDE,1,0.41866195,1,0.64,False,False
NN_v1,2,2015-01-23,VAW,2,0.3580543,0,0.64,False,False
NN_v1,2,2015-01-23,VDE,1,0.37579402,0,0.63,False,False
NN_v1,2,2015-01-30,VCR,2,0.42823997,1,0.71,False,False
NN_v1,2,2015-01-30,VHT,1,0.42961726,0,0.65,False,False
NN_v1,2,2015-02-06,VDE,1,0.38209265,1,0.6,False,False
NN_v1,2,2015-02-06,VOX,2,0.37807968,0,0.61,False,False
NN_v1,2,2015-02-13,VDE,2,0.36187842,0,0.63,False,False
NN_v1,2,2015-02-13,VPU,1,0.37517947,1,0.67,False,False
NN_v1,2,2015-02-20,VDE,2,0.3756417,0,0.61,False,False
NN_v1,2,2015-02-20,VOX,1,0.39264324,0,0.64,False,False
NN_v1,2,2015-02-27,VAW,2,0.37407774,0,0.61,False,False
NN_v1,2,2015-02-27,VDE,1,0.38713157,0,0.64,False,False
NN_v1,2,2015-03-06,VGT,1,0.42221865,0,0.69,False,False
NN_v1,2,2015-03-06,VIS,2,0.41516343,0,0.64,False,False
NN_v1,2,2015-03-13,VGT,2,0.41565967,1,0.62,False,False
NN_v1,2,2015-03-13,VIS,1,0.41704017,1,0.62,False,False
NN_v1,2,2015-03-20,VDE,1,0.3675904,0,0.61,False,False
NN_v1,2,2015-03-20,VGT,2,0.35649568,0,0.7,False,False
NN_v1,2,2015-03-27,VFH,2,0.42561975,0,0.68,False,False
NN_v1,2,2015-03-27,VPU,1,0.4314688,1,0.72,False,False
NN_v1,2,2015-04-03,VFH,2,0.39482826,0,0.67,False,False
NN_v1,2,2015-04-03,VGT,1,0.39942423,1,0.63,False,False
NN_v1,2,2015-04-10,VNQ,2,0.36861387,0,0.67,False,False
NN_v1,2,2015-04-10,VPU,1,0.3920797,0,0.63,False,False
NN_v1,2,2015-04-17,VDC,1,0.4181812,0,0.73,False,False
NN_v1,2,2015-04-17,VPU,2,0.4169338,1,0.63,False,False
NN_v1,2,2015-04-24,VNQ,2,0.35582185,0,0.66,False,False
NN_v1,2,2015-04-24,VPU,1,0.37047175,0,0.62,False,False
NN_v1,2,2015-05-01,VHT,2,0.38857174,1,0.71,False,False
NN_v1,2,2015-05-01,VPU,1,0.39854723,0,0.66,False,False
NN_v1,2,2015-05-08,VGT,1,0.3859959,0,0.62,False,False
NN_v1,2,2015-05-08,VHT,2,0.38124752,0,0.63,False,False
NN_v1,2,2015-05-15,VGT,1,0.38468695,0,0.67,False,False
NN_v1,2,2015-05-15,VOX,2,0.38366655,0,0.66,False,False
NN_v1,2,2015-05-22,VAW,1,0.37793618,0,0.68,False,False
NN_v1,2,2015-05-22,VNQ,2,0.37255725,0,0.66,False,False
NN_v1,2,2015-05-29,VDE,1,0.39254513,0,0.65,False,False
NN_v1,2,2015-05-29,VIS,2,0.38821748,0,0.65,False,False
NN_v1,2,2015-06-05,VHT,1,0.3962323,0,0.57,False,False
NN_v1,2,2015-06-05,VPU,2,0.39524972,0,0.66,False,False
NN_v1,2,2015-06-12,VNQ,2,0.3975083,1,0.63,False,False
NN_v1,2,2015-06-12,VPU,1,0.40005425,1,0.6,False,False
NN_v1,2,2015-06-19,VNQ,1,0.37594116,0,0.6,False,False
NN_v1,2,2015-06-19,VPU,2,0.3743681,0,0.63,False,False
NN_v1,2,2015-06-26,VNQ,1,0.3980174,0,0.64,False,False
NN_v1,2,2015-06-26,VPU,2,0.3905597,1,0.65,False,False
NN_v1,2,2015-07-03,VDC,1,0.42431524,1,0.76,False,False
NN_v1,2,2015-07-03,VOX,2,0.4156498,0,0.64,False,False
NN_v1,2,2015-07-10,VOX,1,0.40829784,0,0.66,False,False
NN_v1,2,2015-07-10,VPU,2,0.3935748,0,0.64,False,False
NN_v1,2,2015-07-17,VAW,2,0.3683832,0,0.72,False,False
NN_v1,2,2015-07-17,VDE,1,0.39671907,0,0.62,False,False
NN_v1,2,2015-07-24,VDE,2,0.4297784,0,0.64,False,False
NN_v1,2,2015-07-24,VPU,1,0.4341598,1,0.69,False,False
NN_v1,2,2015-07-31,VAW,2,0.39012754,0,0.68,False,False
NN_v1,2,2015-07-31,VDE,1,0.40020528,0,0.67,False,False
NN_v1,2,2015-08-07,VDE,2,0.42941406,1,0.65,False,False
NN_v1,2,2015-08-07,VGT,1,0.42948657,0,0.64,False,False
NN_v1,2,2015-08-14,VCR,2,0.38896286,0,0.6,False,False
NN_v1,2,2015-08-14,VHT,1,0.3941234,0,0.55,False,False
NN_v1,2,2015-08-21,VDE,1,0.43043897,1,0.65,False,False
NN_v1,2,2015-08-21,VHT,2,0.42597905,1,0.67,False,False
NN_v1,2,2015-08-28,VFH,2,0.40579167,0,0.67,False,False
NN_v1,2,2015-08-28,VNQ,1,0.40935558,0,0.62,False,False
NN_v1,2,2015-09-04,VCR,1,0.4545206,0,0.63,False,False
NN_v1,2,2015-09-04,VPU,2,0.45337838,0,0.68,False,False
NN_v1,2,2015-09-11,VDE,2,0.42889166,1,0.66,False,False
NN_v1,2,2015-09-11,VPU,1,0.4334682,1,0.66,False,False
NN_v1,2,2015-09-18,VCR,2,0.42639348,0,0.7,False,False
NN_v1,2,2015-09-18,VGT,1,0.4293254,0,0.72,False,False
NN_v1,2,2015-09-25,VGT,1,0.42975757,1,0.64,False,False
NN_v1,2,2015-09-25,VHT,2,0.4293125,1,0.62,False,False
NN_v1,2,2015-10-02,VGT,1,0.41116565,1,0.63,False,False
NN_v1,2,2015-10-02,VHT,2,0.402757,0,0.66,False,False
NN_v1,2,2015-10-09,VGT,2,0.3558088,0,0.65,False,False
NN_v1,2,2015-10-09,VHT,1,0.39523506,1,0.64,False,False
NN_v1,2,2015-10-16,VAW,1,0.385645,1,0.62,False,False
NN_v1,2,2015-10-16,VHT,2,0.38323277,0,0.64,False,False
NN_v1,2,2015-10-23,VDE,1,0.37734374,0,0.66,False,False
NN_v1,2,2015-10-23,VHT,2,0.3626106,1,0.64,False,False
NN_v1,2,2015-10-30,VAW,2,0.36780182,0,0.62,False,False
NN_v1,2,2015-10-30,VDE,1,0.38592166,1,0.64,False,False
NN_v1,2,2015-11-06,VNQ,2,0.36497688,0,0.69,False,False
NN_v1,2,2015-11-06,VPU,1,0.37196258,0,0.68,False,False
NN_v1,2,2015-11-13,VAW,2,0.4271606,1,0.68,False,False
NN_v1,2,2015-11-13,VIS,1,0.4312736,1,0.65,False,False
NN_v1,2,2015-11-20,VDE,2,0.3779732,1,0.66,False,False
NN_v1,2,2015-11-20,VHT,1,0.38116664,1,0.61,False,False
NN_v1,2,2015-11-27,VDE,1,0.39008558,0,0.65,False,False
NN_v1,2,2015-11-27,VFH,2,0.3852639,0,0.65,False,False
NN_v1,2,2015-12-04,VDE,2,0.40820917,0,0.63,False,False
NN_v1,2,2015-12-04,VHT,1,0.41211092,0,0.67,False,False
NN_v1,2,2015-12-11,VCR,2,0.43283647,0,0.65,False,False
NN_v1,2,2015-12-11,VDC,1,0.4330349,0,0.7,False,False
NN_v1,2,2015-12-18,VCR,1,0.41901177,0,0.61,False,False
NN_v1,2,2015-12-18,VGT,2,0.41830492,1,0.62,False,False
NN_v1,2,2015-12-25,VDE,2,0.36506042,0,0.58,False,False
NN_v1,2,2015-12-25,VGT,1,0.36955208,0,0.65,False,False
NN_v1,2,2016-01-01,VFH,2,0.42101535,0,0.62,False,False
NN_v1,2,2016-01-01,VGT,1,0.4224944,0,0.67,False,False
NN_v1,2,2016-01-08,VDE,1,0.46091324,0,0.61,False,False
NN_v1,2,2016-01-08,VIS,2,0.44253132,0,0.58,False,False
NN_v1,2,2016-01-15,VDE,1,0.44676965,1,0.66,False,False
NN_v1,2,2016-01-15,VFH,2,0.44532925,0,0.64,False,False
NN_v1,2,2016-01-22,VAW,1,0.45148385,1,0.71,False,False
NN_v1,2,2016-01-22,VFH,2,0.44866544,1,0.65,False,False
NN_v1,2,2016-01-29,VCR,2,0.41218638,0,0.65,False,False
NN_v1,2,2016-01-29,VHT,1,0.4538842,0,0.57,False,False
NN_v1,2,2016-02-05,VGT,2,0.44341508,0,0.69,False,False
NN_v1,2,2016-02-05,VHT,1,0.44605088,0,0.66,False,False
NN_v1,2,2016-02-12,VCR,2,0.44223136,1,0.68,False,False
NN_v1,2,2016-02-12,VNQ,1,0.46279657,1,0.58,False,False
NN_v1,2,2016-02-19,VAW,1,0.4207562,1,0.69,False,False
NN_v1,2,2016-02-19,VFH,2,0.410985,0,0.65,False,False
NN_v1,2,2016-02-26,VAW,2,0.40285686,1,0.64,False,False
NN_v1,2,2016-02-26,VDE,1,0.40817052,1,0.69,False,False
NN_v1,2,2016-03-04,VDE,1,0.33482453,1,0.63,False,False
NN_v1,2,2016-03-04,VGT,2,0.33192626,1,0.67,False,False
NN_v1,2,2016-03-11,VCR,2,0.31706426,1,0.62,False,False
NN_v1,2,2016-03-11,VGT,1,0.319617,1,0.62,False,False
NN_v1,2,2016-03-18,VDE,2,0.34699267,0,0.61,False,False
NN_v1,2,2016-03-18,VHT,1,0.35621312,0,0.63,False,False
NN_v1,2,2016-03-25,VDE,1,0.43255267,0,0.68,False,False
NN_v1,2,2016-03-25,VFH,2,0.39869583,1,0.68,False,False
NN_v1,2,2016-04-01,VDE,1,0.35982156,1,0.61,False,False
NN_v1,2,2016-04-01,VFH,2,0.32411247,0,0.7,False,False
NN_v1,2,2016-04-08,VGT,1,0.4060596,0,0.64,False,False
NN_v1,2,2016-04-08,VNQ,2,0.38865572,0,0.71,False,False
NN_v1,2,2016-04-15,VCR,2,0.3430436,0,0.67,False,False
NN_v1,2,2016-04-15,VGT,1,0.35892403,0,0.62,False,False
NN_v1,2,2016-04-22,VFH,1,0.36304477,0,0.64,False,False
NN_v1,2,2016-04-22,VGT,2,0.36031708,0,0.69,False,False
NN_v1,2,2016-04-29,VFH,2,0.4008328,0,0.66,False,False
NN_v1,2,2016-04-29,VHT,1,0.40394112,0,0.66,False,False
NN_v1,2,2016-05-06,VDE,1,0.41471106,0,0.68,False,False
NN_v1,2,2016-05-06,VFH,2,0.40766963,0,0.66,False,False
NN_v1,2,2016-05-13,VDE,1,0.42483473,0,0.66,False,False
NN_v1,2,2016-05-13,VHT,2,0.39876583,1,0.62,False,False
NN_v1,2,2016-05-20,VDC,2,0.3817299,1,0.67,False,False
NN_v1,2,2016-05-20,VNQ,1,0.4125511,1,0.62,False,False
NN_v1,2,2016-05-27,VDC,2,0.32231626,0,0.64,False,False
NN_v1,2,2016-05-27,VNQ,1,0.3765801,1,0.7,False,False
NN_v1,2,2016-06-03,VDE,1,0.3582403,0,0.64,False,False
NN_v1,2,2016-06-03,VFH,2,0.34069803,0,0.63,False,False
NN_v1,2,2016-06-10,VFH,1,0.3601141,0,0.65,False,False
NN_v1,2,2016-06-10,VGT,2,0.35176474,0,0.66,False,False
NN_v1,2,2016-06-17,VFH,2,0.38041696,0,0.59,False,False
NN_v1,2,2016-06-17,VGT,1,0.39826736,0,0.59,False,False
NN_v1,2,2016-06-24,VGT,2,0.41505572,1,0.66,False,False
NN_v1,2,2016-06-24,VHT,1,0.41581482,1,0.72,False,False
NN_v1,2,2016-07-01,VAW,2,0.30990905,1,0.64,False,False
NN_v1,2,2016-07-01,VGT,1,0.3180029,1,0.69,False,False
NN_v1,2,2016-07-08,VDE,1,0.33741158,1,0.68,False,False
NN_v1,2,2016-07-08,VGT,2,0.3118585,1,0.66,False,False
NN_v1,2,2016-07-15,VNQ,1,0.2988105,1,0.67,False,False
NN_v1,2,2016-07-15,VPU,2,0.28884944,1,0.65,False,False
NN_v1,2,2016-07-22,VDE,1,0.31992203,0,0.59,False,False
NN_v1,2,2016-07-22,VIS,2,0.29906034,0,0.6,False,False
NN_v1,2,2016-07-29,VAW,1,0.34115356,0,0.69,False,False
NN_v1,2,2016-07-29,VDE,2,0.33069912,1,0.71,False,False
NN_v1,2,2016-08-05,VNQ,1,0.35488138,0,0.64,False,False
NN_v1,2,2016-08-05,VOX,2,0.35476142,0,0.66,False,False
NN_v1,2,2016-08-12,VFH,1,0.34576556,0,0.61,False,False
NN_v1,2,2016-08-12,VNQ,2,0.338095,0,0.64,False,False
NN_v1,2,2016-08-19,VFH,2,0.34909326,0,0.62,False,False
NN_v1,2,2016-08-19,VOX,1,0.36584347,0,0.63,False,False
NN_v1,2,2016-08-26,VOX,1,0.38537765,0,0.66,False,False
NN_v1,2,2016-08-26,VPU,2,0.37810627,0,0.64,False,False
NN_v1,2,2016-09-02,VDE,1,0.37589836,0,0.68,False,False
NN_v1,2,2016-09-02,VPU,2,0.34503525,0,0.64,False,False
NN_v1,2,2016-09-09,VHT,2,0.44178042,1,0.62,False,False
NN_v1,2,2016-09-09,VIS,1,0.44478998,0,0.69,False,False
NN_v1,2,2016-09-16,VDC,2,0.39386782,0,0.63,False,False
NN_v1,2,2016-09-16,VDE,1,0.40456355,0,0.6,False,False
NN_v1,2,2016-09-23,VDE,1,0.37480727,1,0.59,False,False
NN_v1,2,2016-09-23,VOX,2,0.34562516,0,0.61,False,False
NN_v1,2,2016-09-30,VOX,2,0.39650762,0,0.66,False,False
NN_v1,2,2016-09-30,VPU,1,0.40798637,0,0.64,False,False
NN_v1,2,2016-10-07,VNQ,1,0.43491486,1,0.68,False,False
NN_v1,2,2016-10-07,VPU,2,0.42486563,1,0.65,False,False
NN_v1,2,2016-10-14,VDE,2,0.4165522,0,0.66,False,False
NN_v1,2,2016-10-14,VIS,1,0.42010182,0,0.69,False,False
NN_v1,2,2016-10-21,VOX,1,0.40977168,0,0.58,False,False
NN_v1,2,2016-10-21,VPU,2,0.38722372,0,0.66,False,False
NN_v1,2,2016-10-28,VDE,2,0.42442238,0,0.6,False,False
NN_v1,2,2016-10-28,VNQ,1,0.43443257,0,0.68,False,False
NN_v1,2,2016-11-04,VAW,2,0.4379197,1,0.77,False,False
NN_v1,2,2016-11-04,VHT,1,0.4400185,1,0.68,False,False
NN_v1,2,2016-11-11,VNQ,1,0.41155323,0,0.67,False,False
NN_v1,2,2016-11-11,VPU,2,0.4079285,1,0.66,False,False
NN_v1,2,2016-11-18,VNQ,1,0.4081514,1,0.69,False,False
NN_v1,2,2016-11-18,VPU,2,0.40360853,1,0.67,False,False
NN_v1,2,2016-11-25,VHT,1,0.3537763,0,0.64,False,False
NN_v1,2,2016-11-25,VNQ,2,0.35283273,0,0.72,False,False
NN_v1,2,2016-12-02,VHT,1,0.39328557,0,0.62,False,False
NN_v1,2,2016-12-02,VOX,2,0.3857062,1,0.67,False,False
NN_v1,2,2016-12-09,VHT,2,0.30884978,1,0.63,False,False
NN_v1,2,2016-12-09,VNQ,1,0.31093013,0,0.66,False,False
NN_v1,2,2016-12-16,VNQ,1,0.36849645,0,0.65,False,False
NN_v1,2,2016-12-16,VOX,2,0.36009452,1,0.71,False,False
NN_v1,2,2016-12-23,VHT,2,0.3554681,0,0.67,False,False
NN_v1,2,2016-12-23,VNQ,1,0.37947443,1,0.7,False,False
NN_v1,2,2016-12-30,VCR,2,0.38609055,1,0.62,False,False
NN_v1,2,2016-12-30,VHT,1,0.38740516,1,0.64,False,False
NN_v1,2,2017-01-06,VFH,1,0.30280176,0,0.61,False,False
NN_v1,2,2017-01-06,VOX,2,0.2910111,0,0.63,False,False
NN_v1,2,2017-01-13,VNQ,1,0.3588496,0,0.63,False,False
NN_v1,2,2017-01-13,VOX,2,0.3334033,0,0.62,False,False
NN_v1,2,2017-01-20,VFH,2,0.36886263,1,0.66,False,False
NN_v1,2,2017-01-20,VNQ,1,0.3748187,0,0.64,False,False
NN_v1,2,2017-01-27,VFH,2,0.30814663,0,0.66,False,False
NN_v1,2,2017-01-27,VHT,1,0.31435964,1,0.63,False,False
NN_v1,2,2017-02-03,VAW,1,0.3394847,0,0.66,False,False
NN_v1,2,2017-02-03,VOX,2,0.3291852,0,0.66,False,False
NN_v1,2,2017-02-10,VAW,1,0.31749675,0,0.67,False,False
NN_v1,2,2017-02-10,VDE,2,0.30313215,0,0.64,False,False
NN_v1,2,2017-02-17,VDE,1,0.32607293,0,0.58,False,False
NN_v1,2,2017-02-17,VOX,2,0.30183417,0,0.65,False,False
NN_v1,2,2017-02-24,VDE,1,0.33256674,1,0.67,False,False
NN_v1,2,2017-02-24,VFH,2,0.3042002,1,0.7,False,False
NN_v1,2,2017-03-03,VDE,1,0.3239421,0,0.6,False,False
NN_v1,2,2017-03-03,VOX,2,0.32078722,0,0.64,False,False
NN_v1,2,2017-03-10,VNQ,1,0.37841874,1,0.64,False,False
NN_v1,2,2017-03-10,VOX,2,0.3769439,1,0.65,False,False
NN_v1,2,2017-03-17,VDE,1,0.34748933,0,0.65,False,False
NN_v1,2,2017-03-17,VNQ,2,0.34083408,0,0.7,False,False
NN_v1,2,2017-03-24,VDE,1,0.41741213,1,0.67,False,False
NN_v1,2,2017-03-24,VFH,2,0.4084651,1,0.67,False,False
NN_v1,2,2017-03-31,VFH,1,0.35814583,0,0.63,False,False
NN_v1,2,2017-03-31,VOX,2,0.35151196,1,0.64,False,False
NN_v1,2,2017-04-07,VFH,1,0.37780914,0,0.68,False,False
NN_v1,2,2017-04-07,VOX,2,0.35624298,0,0.63,False,False
NN_v1,2,2017-04-14,VDE,2,0.3972378,0,0.71,False,False
NN_v1,2,2017-04-14,VFH,1,0.41245115,1,0.69,False,False
NN_v1,2,2017-04-21,VDE,1,0.36409003,0,0.63,False,False
NN_v1,2,2017-04-21,VFH,2,0.35471588,0,0.64,False,False
NN_v1,2,2017-04-28,VDE,1,0.34244877,0,0.65,False,False
NN_v1,2,2017-04-28,VFH,2,0.334851,0,0.69,False,False
NN_v1,2,2017-05-05,VFH,1,0.35001418,0,0.65,False,False
NN_v1,2,2017-05-05,VNQ,2,0.33750623,0,0.68,False,False
NN_v1,2,2017-05-12,VFH,2,0.35810304,0,0.61,False,False
NN_v1,2,2017-05-12,VOX,1,0.37013677,0,0.64,False,False
NN_v1,2,2017-05-19,VCR,2,0.35523507,1,0.64,False,False
NN_v1,2,2017-05-19,VFH,1,0.36154258,0,0.62,False,False
NN_v1,2,2017-05-26,VDE,1,0.3576277,0,0.63,False,False
NN_v1,2,2017-05-26,VFH,2,0.3405069,0,0.62,False,False
NN_v1,2,2017-06-02,VDE,1,0.36465517,1,0.59,False,False
NN_v1,2,2017-06-02,VFH,2,0.33636355,1,0.7,False,False
NN_v1,2,2017-06-09,VDE,1,0.34770918,0,0.69,False,False
NN_v1,2,2017-06-09,VFH,2,0.3359857,0,0.69,False,False
NN_v1,2,2017-06-16,VGT,1,0.33618176,1,0.7,False,False
NN_v1,2,2017-06-16,VOX,2,0.31747046,0,0.65,False,False
NN_v1,2,2017-06-23,VDE,2,0.35290286,0,0.66,False,False
NN_v1,2,2017-06-23,VFH,1,0.36255842,1,0.62,False,False
NN_v1,2,2017-06-30,VDE,2,0.36679375,0,0.63,False,False
NN_v1,2,2017-06-30,VPU,1,0.36829057,0,0.66,False,False
NN_v1,2,2017-07-07,VGT,2,0.35879266,1,0.62,False,False
NN_v1,2,2017-07-07,VPU,1,0.3599604,0,0.62,False,False
NN_v1,2,2017-07-14,VDE,1,0.3173178,0,0.68,False,False
NN_v1,2,2017-07-14,VOX,2,0.30961993,1,0.64,False,False
NN_v1,2,2017-07-21,VDE,2,0.32042798,1,0.6,False,False
NN_v1,2,2017-07-21,VFH,1,0.34056053,0,0.66,False,False
NN_v1,2,2017-07-28,VDE,2,0.34123433,0,0.66,False,False
NN_v1,2,2017-07-28,VGT,1,0.35387856,0,0.63,False,False
NN_v1,2,2017-08-04,VDE,2,0.3236076,0,0.66,False,False
NN_v1,2,2017-08-04,VGT,1,0.34648308,0,0.58,False,False
NN_v1,2,2017-08-11,VGT,2,0.3952198,0,0.65,False,False
NN_v1,2,2017-08-11,VHT,1,0.39764565,0,0.61,False,False
NN_v1,2,2017-08-18,VFH,2,0.40446216,0,0.6,False,False
NN_v1,2,2017-08-18,VOX,1,0.40579477,1,0.64,False,False
NN_v1,2,2017-08-25,VFH,2,0.34521103,0,0.65,False,False
NN_v1,2,2017-08-25,VOX,1,0.3513374,0,0.65,False,False
NN_v1,2,2017-09-01,VDE,1,0.31079814,0,0.62,False,False
NN_v1,2,2017-09-01,VPU,2,0.30661052,0,0.68,False,False
NN_v1,2,2017-09-08,VFH,2,0.3692716,1,0.67,False,False
NN_v1,2,2017-09-08,VOX,1,0.39728487,1,0.59,False,False
NN_v1,2,2017-09-15,VGT,2,0.29890984,0,0.68,False,False
NN_v1,2,2017-09-15,VOX,1,0.32145113,1,0.68,False,False
NN_v1,2,2017-09-22,VHT,1,0.35449475,0,0.67,False,False
NN_v1,2,2017-09-22,VOX,2,0.33849782,0,0.68,False,False
NN_v1,2,2017-09-29,VHT,2,0.29665568,1,0.66,False,False
NN_v1,2,2017-09-29,VPU,1,0.30257815,0,0.65,False,False
NN_v1,2,2017-10-06,VDE,1,0.29632542,0,0.7,False,False
NN_v1,2,2017-10-06,VPU,2,0.27156308,1,0.61,False,False
NN_v1,2,2017-10-13,VFH,2,0.33619136,1,0.68,False,False
NN_v1,2,2017-10-13,VOX,1,0.3400227,0,0.68,False,False
NN_v1,2,2017-10-20,VFH,2,0.29894137,0,0.71,False,False
NN_v1,2,2017-10-20,VOX,1,0.31651992,0,0.63,False,False
NN_v1,2,2017-10-27,VNQ,2,0.3320139,1,0.67,False,False
NN_v1,2,2017-10-27,VOX,1,0.34033132,0,0.59,False,False
NN_v1,2,2017-11-03,VHT,2,0.32683977,0,0.66,False,False
NN_v1,2,2017-11-03,VOX,1,0.35806024,0,0.7,False,False
NN_v1,2,2017-11-10,VFH,2,0.36379132,1,0.69,False,False
NN_v1,2,2017-11-10,VOX,1,0.38695505,1,0.67,False,False
NN_v1,2,2017-11-17,VFH,2,0.35146007,0,0.68,False,False
NN_v1,2,2017-11-17,VOX,1,0.3671615,1,0.65,False,False
NN_v1,2,2017-11-24,VDE,1,0.32099688,1,0.66,False,False
NN_v1,2,2017-11-24,VOX,2,0.30922657,1,0.56,False,False
NN_v1,2,2017-12-01,VGT,1,0.30310172,0,0.64,False,False
NN_v1,2,2017-12-01,VOX,2,0.301381,0,0.63,False,False
NN_v1,2,2017-12-08,VDE,2,0.30358315,0,0.63,False,False
NN_v1,2,2017-12-08,VOX,1,0.31582177,0,0.67,False,False
NN_v1,2,2017-12-15,VDE,2,0.30806574,1,0.66,False,False
NN_v1,2,2017-12-15,VOX,1,0.3230971,0,0.61,False,False
NN_v1,2,2017-12-22,VOX,2,0.3488857,0,0.68,False,False
NN_v1,2,2017-12-22,VPU,1,0.3516108,0,0.67,False,False
NN_v1,2,2017-12-29,VOX,2,0.33948964,0,0.62,False,False
NN_v1,2,2017-12-29,VPU,1,0.34102678,0,0.61,False,False
NN_v1,2,2018-01-05,VOX,2,0.31396088,0,0.68,False,False
NN_v1,2,2018-01-05,VPU,1,0.33062208,0,0.63,False,False
NN_v1,2,2018-01-12,VNQ,2,0.36079636,0,0.61,False,False
NN_v1,2,2018-01-12,VPU,1,0.37783682,0,0.62,False,False
NN_v1,2,2018-01-19,VNQ,2,0.3237406,1,0.67,False,False
NN_v1,2,2018-01-19,VPU,1,0.32961437,1,0.64,False,False
NN_v1,2,2018-01-26,VNQ,2,0.23452331,0,0.65,False,False
NN_v1,2,2018-01-26,VPU,1,0.25999296,0,0.62,False,False
NN_v1,2,2018-02-02,VAW,1,0.4249294,0,0.6,False,False
NN_v1,2,2018-02-02,VDE,2,0.42359212,0,0.67,False,False
NN_v1,2,2018-02-09,VDE,1,0.4365548,1,0.7,False,False
NN_v1,2,2018-02-09,VHT,2,0.4180196,1,0.7,False,False
NN_v1,2,2018-02-16,VDE,1,0.3720212,0,0.62,False,False
NN_v1,2,2018-02-16,VOX,2,0.31875798,0,0.67,False,False
NN_v1,2,2018-02-23,VDC,2,0.42551336,0,0.68,False,False
NN_v1,2,2018-02-23,VDE,1,0.43070877,0,0.69,False,False
NN_v1,2,2018-03-02,VAW,1,0.44348404,1,0.69,False,False
NN_v1,2,2018-03-02,VIS,2,0.43674147,1,0.65,False,False
NN_v1,2,2018-03-09,VAW,2,0.3200036,0,0.62,False,False
NN_v1,2,2018-03-09,VDE,1,0.36956155,0,0.62,False,False
NN_v1,2,2018-03-16,VAW,1,0.42414916,0,0.67,False,False
NN_v1,2,2018-03-16,VIS,2,0.4194575,0,0.64,False,False
NN_v1,2,2018-03-23,VFH,1,0.43561438,1,0.67,False,False
NN_v1,2,2018-03-23,VGT,2,0.43250573,0,0.65,False,False
NN_v1,2,2018-03-30,VCR,2,0.39052194,0,0.65,False,False
NN_v1,2,2018-03-30,VGT,1,0.4041991,0,0.64,False,False
NN_v1,2,2018-04-06,VFH,2,0.45379585,0,0.65,False,False
NN_v1,2,2018-04-06,VGT,1,0.45488116,1,0.63,False,False
NN_v1,2,2018-04-13,VCR,1,0.44177106,0,0.68,False,False
NN_v1,2,2018-04-13,VFH,2,0.41444135,0,0.66,False,False
NN_v1,2,2018-04-20,VDC,1,0.4494279,0,0.64,False,False
NN_v1,2,2018-04-20,VGT,2,0.43597776,0,0.69,False,False
NN_v1,2,2018-04-27,VAW,2,0.41898042,0,0.67,False,False
NN_v1,2,2018-04-27,VIS,1,0.42040232,0,0.71,False,False
NN_v1,2,2018-05-04,VIS,2,0.41123712,1,0.61,False,False
NN_v1,2,2018-05-04,VOX,1,0.41821525,0,0.7,False,False
NN_v1,2,2018-05-11,VDC,2,0.38295633,0,0.69,False,False
NN_v1,2,2018-05-11,VOX,1,0.38784942,0,0.62,False,False
NN_v1,2,2018-05-18,VHT,2,0.40648565,0,0.62,False,False
NN_v1,2,2018-05-18,VOX,1,0.41364902,0,0.67,False,False
NN_v1,2,2018-05-25,VDE,1,0.41245875,1,0.69,False,False
NN_v1,2,2018-05-25,VGT,2,0.40552974,1,0.6,False,False
NN_v1,2,2018-06-01,VFH,2,0.40184802,1,0.63,False,False
NN_v1,2,2018-06-01,VHT,1,0.4031717,1,0.6,False,False
NN_v1,2,2018-06-08,VDE,2,0.35037783,0,0.62,False,False
NN_v1,2,2018-06-08,VPU,1,0.3587025,1,0.64,False,False
NN_v1,2,2018-06-15,VDE,1,0.4042335,1,0.71,False,False
NN_v1,2,2018-06-15,VFH,2,0.3430451,0,0.66,False,False
NN_v1,2,2018-06-22,VDE,2,0.38048494,0,0.63,False,False
NN_v1,2,2018-06-22,VIS,1,0.38807946,0,0.63,False,False
NN_v1,2,2018-06-29,VAW,1,0.39833727,1,0.7,False,False
NN_v1,2,2018-06-29,VIS,2,0.3983139,1,0.68,False,False
NN_v1,2,2018-07-06,VDE,2,0.3408487,0,0.6,False,False
NN_v1,2,2018-07-06,VIS,1,0.34747604,1,0.68,False,False
NN_v1,2,2018-07-13,VDE,1,0.34154564,0,0.68,False,False
NN_v1,2,2018-07-13,VFH,2,0.33882287,1,0.61,False,False
NN_v1,2,2018-07-20,VDE,2,0.37298873,1,0.68,False,False
NN_v1,2,2018-07-20,VPU,1,0.37452185,0,0.61,False,False
NN_v1,2,2018-07-27,VOX,1,0.3516263,0,0.68,False,False
NN_v1,2,2018-07-27,VPU,2,0.33734614,1,0.6,False,False
NN_v1,2,2018-08-03,VDE,1,0.34016103,0,0.63,False,False
NN_v1,2,2018-08-03,VOX,2,0.32883593,1,0.65,False,False
NN_v1,2,2018-08-10,VDE,1,0.37830248,0,0.64,False,False
NN_v1,2,2018-08-10,VFH,2,0.33523992,0,0.67,False,False
NN_v1,2,2018-08-17,VDE,1,0.38106513,1,0.64,False,False
NN_v1,2,2018-08-17,VFH,2,0.31312975,0,0.62,False,False
NN_v1,2,2018-08-24,VDE,1,0.3293457,0,0.62,False,False
NN_v1,2,2018-08-24,VNQ,2,0.31731203,0,0.68,False,False
NN_v1,2,2018-08-31,VDE,1,0.33163452,0,0.7,False,False
NN_v1,2,2018-08-31,VNQ,2,0.32721263,0,0.63,False,False
NN_v1,2,2018-09-07,VDE,1,0.4096215,1,0.65,False,False
NN_v1,2,2018-09-07,VGT,2,0.37465253,1,0.67,False,False
NN_v1,2,2018-09-14,VDE,1,0.32328713,1,0.64,False,False
NN_v1,2,2018-09-14,VGT,2,0.3010851,0,0.59,False,False
NN_v1,2,2018-09-21,VDE,1,0.30006936,0,0.68,False,False
NN_v1,2,2018-09-21,VNQ,2,0.2946698,0,0.68,False,False
NN_v1,2,2018-09-28,VDE,1,0.36136633,1,0.68,False,False
NN_v1,2,2018-09-28,VFH,2,0.3607103,0,0.65,False,False
NN_v1,2,2018-10-05,VAW,2,0.3955657,0,0.66,False,False
NN_v1,2,2018-10-05,VCR,1,0.4051474,0,0.67,False,False
NN_v1,2,2018-10-12,VAW,1,0.4305891,0,0.65,False,False
NN_v1,2,2018-10-12,VIS,2,0.42773008,0,0.72,False,False
NN_v1,2,2018-10-19,VAW,2,0.42791763,0,0.62,False,False
NN_v1,2,2018-10-19,VCR,1,0.44043565,0,0.65,False,False
NN_v1,2,2018-10-26,VDE,2,0.46481863,0,0.59,False,False
NN_v1,2,2018-10-26,VHT,1,0.46714813,1,0.56,False,False
NN_v1,2,2018-11-02,VDE,2,0.4040552,0,0.65,False,False
NN_v1,2,2018-11-02,VGT,1,0.41007328,1,0.7,False,False
NN_v1,2,2018-11-09,VDE,1,0.41770682,0,0.66,False,False
NN_v1,2,2018-11-09,VGT,2,0.41090447,0,0.72,False,False
NN_v1,2,2018-11-16,VCR,1,0.43705672,0,0.69,False,False
NN_v1,2,2018-11-16,VGT,2,0.42508504,0,0.67,False,False
NN_v1,2,2018-11-23,VDE,2,0.45885473,1,0.59,False,False
NN_v1,2,2018-11-23,VGT,1,0.4633908,1,0.6,False,False
NN_v1,2,2018-11-30,VAW,2,0.3862162,0,0.67,False,False
NN_v1,2,2018-11-30,VDE,1,0.38857606,0,0.66,False,False
NN_v1,2,2018-12-07,VFH,2,0.46421733,0,0.56,False,False
NN_v1,2,2018-12-07,VIS,1,0.46636242,0,0.66,False,False
NN_v1,2,2018-12-14,VDE,1,0.477451,0,0.6,False,False
NN_v1,2,2018-12-14,VFH,2,0.47319928,0,0.64,False,False
NN_v1,2,2018-12-21,VDE,2,0.44967163,1,0.67,False,False
NN_v1,2,2018-12-21,VGT,1,0.45181906,1,0.62,False,False
NN_v1,2,2018-12-28,VNQ,2,0.4344817,0,0.65,False,False
NN_v1,2,2018-12-28,VPU,1,0.45643416,0,0.67,False,False
NN_v1,2,2019-01-04,VDC,1,0.4414202,0,0.63,False,False
NN_v1,2,2019-01-04,VHT,2,0.4325716,1,0.69,False,False
NN_v1,2,2019-01-11,VDC,1,0.42728212,1,0.67,False,False
NN_v1,2,2019-01-11,VPU,2,0.41577038,1,0.66,False,False
NN_v1,2,2019-01-18,VDE,1,0.30717653,0,0.68,False,False
NN_v1,2,2019-01-18,VGT,2,0.30531204,1,0.64,False,False
NN_v1,2,2019-01-25,VDE,2,0.39712417,1,0.62,False,False
NN_v1,2,2019-01-25,VOX,1,0.39713737,1,0.67,False,False
NN_v1,2,2019-02-01,VCR,2,0.3762319,0,0.62,False,False
NN_v1,2,2019-02-01,VFH,1,0.37892902,0,0.64,False,False
NN_v1,2,2019-02-08,VDE,2,0.40245435,1,0.66,False,False
NN_v1,2,2019-02-08,VFH,1,0.42069113,1,0.61,False,False
NN_v1,2,2019-02-15,VDC,2,0.33300108,0,0.65,False,False
NN_v1,2,2019-02-15,VDE,1,0.35772297,0,0.63,False,False
NN_v1,2,2019-02-22,VDE,1,0.35976362,1,0.7,False,False
NN_v1,2,2019-02-22,VHT,2,0.35753462,0,0.59,False,False
NN_v1,2,2019-03-01,VDE,1,0.38493422,0,0.62,False,False
NN_v1,2,2019-03-01,VHT,2,0.35475034,0,0.61,False,False
NN_v1,2,2019-03-08,VAW,1,0.4331702,1,0.74,False,False
NN_v1,2,2019-03-08,VDE,2,0.41971388,1,0.68,False,False
NN_v1,2,2019-03-15,VDE,2,0.33731347,0,0.63,False,False
NN_v1,2,2019-03-15,VHT,1,0.35165778,0,0.66,False,False
NN_v1,2,2019-03-22,VDE,1,0.39993936,1,0.59,False,False
NN_v1,2,2019-03-22,VHT,2,0.39627314,1,0.64,False,False
NN_v1,2,2019-03-29,VFH,1,0.38917774,1,0.59,False,False
NN_v1,2,2019-03-29,VHT,2,0.3751659,0,0.68,False,False
NN_v1,2,2019-04-05,VDC,2,0.3243642,0,0.64,False,False
NN_v1,2,2019-04-05,VHT,1,0.32609805,0,0.66,False,False
NN_v1,2,2019-04-12,VDE,2,0.3356304,0,0.68,False,False
NN_v1,2,2019-04-12,VHT,1,0.35487616,0,0.6,False,False
NN_v1,2,2019-04-19,VAW,2,0.35660955,0,0.65,False,False
NN_v1,2,2019-04-19,VHT,1,0.39849585,1,0.63,False,False
NN_v1,2,2019-04-26,VAW,2,0.3494375,0,0.6,False,False
NN_v1,2,2019-04-26,VHT,1,0.37153506,1,0.63,False,False
NN_v1,2,2019-05-03,VDE,1,0.36603343,0,0.58,False,False
NN_v1,2,2019-05-03,VHT,2,0.36212206,0,0.63,False,False
NN_v1,2,2019-05-10,VFH,1,0.42071486,0,0.7,False,False
NN_v1,2,2019-05-10,VOX,2,0.41598344,1,0.58,False,False
NN_v1,2,2019-05-17,VGT,1,0.41819254,0,0.65,False,False
NN_v1,2,2019-05-17,VHT,2,0.4158215,1,0.6,False,False
NN_v1,2,2019-05-24,VCR,2,0.414664,0,0.63,False,False
NN_v1,2,2019-05-24,VIS,1,0.42231238,0,0.63,False,False
NN_v1,2,2019-05-31,VFH,2,0.43026432,1,0.65,False,False
NN_v1,2,2019-05-31,VOX,1,0.43148777,1,0.57,False,False
NN_v1,2,2019-06-07,VDE,1,0.38210535,0,0.59,False,False
NN_v1,2,2019-06-07,VOX,2,0.36601895,0,0.65,False,False
NN_v1,2,2019-06-14,VDE,1,0.40479082,1,0.61,False,False
NN_v1,2,2019-06-14,VGT,2,0.39587098,1,0.68,False,False
NN_v1,2,2019-06-21,VAW,1,0.36070278,1,0.62,False,False
NN_v1,2,2019-06-21,VDE,2,0.35710683,0,0.64,False,False
NN_v1,2,2019-06-28,VAW,1,0.3637831,0,0.71,False,False
NN_v1,2,2019-06-28,VDE,2,0.36359173,0,0.66,False,False
NN_v1,2,2019-07-05,VDE,1,0.36664328,1,0.68,False,False
NN_v1,2,2019-07-05,VIS,2,0.33162662,1,0.59,False,False
NN_v1,2,2019-07-12,VAW,2,0.33728525,0,0.67,False,False
NN_v1,2,2019-07-12,VDE,1,0.3696896,0,0.61,False,False
NN_v1,2,2019-07-19,VDE,1,0.40521818,0,0.72,False,False
NN_v1,2,2019-07-19,VOX,2,0.4029796,1,0.61,False,False
NN_v1,2,2019-07-26,VDE,1,0.34785998,0,0.62,False,False
NN_v1,2,2019-07-26,VNQ,2,0.33428615,0,0.6,False,False
NN_v1,2,2019-08-02,VDC,1,0.423028,0,0.66,False,False
NN_v1,2,2019-08-02,VIS,2,0.42054793,1,0.62,False,False
NN_v1,2,2019-08-09,VAW,1,0.4191145,0,0.58,False,False
NN_v1,2,2019-08-09,VIS,2,0.41854885,0,0.64,False,False
NN_v1,2,2019-08-16,VGT,2,0.42356542,0,0.66,False,False
NN_v1,2,2019-08-16,VOX,1,0.42832884,0,0.66,False,False
NN_v1,2,2019-08-23,VCR,1,0.42413402,1,0.66,False,False
NN_v1,2,2019-08-23,VIS,2,0.4234432,1,0.62,False,False
NN_v1,2,2019-08-30,VDE,1,0.37510708,1,0.65,False,False
NN_v1,2,2019-08-30,VFH,2,0.3661642,1,0.66,False,False
NN_v1,2,2019-09-06,VAW,2,0.35577184,1,0.7,False,False
NN_v1,2,2019-09-06,VDE,1,0.36188903,1,0.64,False,False
NN_v1,2,2019-09-13,VDE,1,0.34787628,0,0.63,False,False
NN_v1,2,2019-09-13,VGT,2,0.343356,0,0.63,False,False
NN_v1,2,2019-09-20,VAW,1,0.36815655,0,0.63,False,False
NN_v1,2,2019-09-20,VCR,2,0.36536697,0,0.64,False,False
NN_v1,2,2019-09-27,VAW,2,0.40763015,0,0.56,False,False
NN_v1,2,2019-09-27,VDE,1,0.4118381,0,0.66,False,False
NN_v1,2,2019-10-04,VAW,2,0.41154426,1,0.66,False,False
NN_v1,2,2019-10-04,VFH,1,0.42626268,1,0.68,False,False
NN_v1,2,2019-10-11,VDE,2,0.39685893,0,0.58,False,False
NN_v1,2,2019-10-11,VFH,1,0.3971462,1,0.64,False,False
NN_v1,2,2019-10-18,VDE,1,0.38975984,1,0.65,False,False
NN_v1,2,2019-10-18,VGT,2,0.37455437,1,0.6,False,False
NN_v1,2,2019-10-25,VAW,2,0.3370335,0,0.63,False,False
NN_v1,2,2019-10-25,VDE,1,0.35528943,0,0.64,False,False
NN_v1,2,2019-11-01,VCR,2,0.30427027,0,0.62,False,False
NN_v1,2,2019-11-01,VDE,1,0.3270953,1,0.61,False,False
NN_v1,2,2019-11-08,VDE,2,0.33619833,0,0.63,False,False
NN_v1,2,2019-11-08,VNQ,1,0.35594237,1,0.63,False,False
NN_v1,2,2019-11-15,VNQ,2,0.33391455,0,0.55,False,False
NN_v1,2,2019-11-15,VPU,1,0.33833817,0,0.68,False,False
NN_v1,2,2019-11-22,VDE,1,0.37218058,0,0.63,False,False
NN_v1,2,2019-11-22,VNQ,2,0.3500732,1,0.63,False,False
NN_v1,2,2019-11-29,VDE,1,0.3523688,1,0.64,False,False
NN_v1,2,2019-11-29,VNQ,2,0.33832034,0,0.63,False,False
NN_v1,2,2019-12-06,VCR,2,0.34551463,1,0.66,False,False
NN_v1,2,2019-12-06,VDE,1,0.36170664,1,0.7,False,False
NN_v1,2,2019-12-13,VDE,2,0.33534226,1,0.6,False,False
NN_v1,2,2019-12-13,VNQ,1,0.35727042,1,0.61,False,False
NN_v1,2,2019-12-20,VDE,2,0.29786953,0,0.67,False,False
NN_v1,2,2019-12-20,VNQ,1,0.3257099,0,0.59,False,False
NN_v1,2,2019-12-27,VNQ,1,0.32897335,0,0.7,False,False
NN_v1,2,2019-12-27,VPU,2,0.31640434,0,0.63,False,False
NN_v1,2,2020-01-03,VDE,1,0.31187364,0,0.65,False,False
NN_v1,2,2020-01-03,VPU,2,0.30983353,0,0.63,False,False
NN_v1,2,2020-01-10,VAW,2,0.29626143,1,0.65,False,False
NN_v1,2,2020-01-10,VDE,1,0.29635385,0,0.62,False,False
NN_v1,2,2020-01-17,VDE,1,0.28693864,0,0.64,False,False
NN_v1,2,2020-01-17,VNQ,2,0.25944632,0,0.63,False,False
NN_v1,2,2020-01-24,VAW,2,0.3360965,0,0.6,False,False
NN_v1,2,2020-01-24,VDE,1,0.38473555,0,0.67,False,False
NN_v1,2,2020-01-31,VDE,1,0.4312627,0,0.63,False,False
NN_v1,2,2020-01-31,VHT,2,0.4160651,1,0.61,False,False
NN_v1,2,2020-02-07,VAW,2,0.31279457,0,0.71,False,False
NN_v1,2,2020-02-07,VDE,1,0.38513148,1,0.66,False,False
NN_v1,2,2020-02-14,VAW,2,0.2923377,0,0.65,False,False
NN_v1,2,2020-02-14,VDE,1,0.35690737,0,0.65,False,False
NN_v1,2,2020-02-21,VDE,1,0.38657814,0,0.56,False,False
NN_v1,2,2020-02-21,VGT,2,0.37093842,0,0.62,False,False
NN_v1,2,2020-02-28,VDE,1,0.45792145,0,0.69,False,False
NN_v1,2,2020-02-28,VNQ,2,0.4405406,1,0.72,False,False
NN_v1,2,2020-03-06,VDE,1,0.46368608,0,0.57,False,False
NN_v1,2,2020-03-06,VFH,2,0.4298394,0,0.65,False,False
NN_v1,2,2020-03-13,VDE,1,0.5668906,0,0.58,False,False
NN_v1,2,2020-03-13,VIS,2,0.4900648,0,0.55,False,False
NN_v1,2,2020-03-20,VDE,1,0.58705515,1,0.52,False,False
NN_v1,2,2020-03-20,VNQ,2,0.54702854,1,0.61,False,False
NN_v1,2,2020-03-27,VDE,1,0.4107213,1,0.63,False,False
NN_v1,2,2020-03-27,VHT,2,0.3752501,0,0.58,False,False
NN_v1,2,2020-04-03,VFH,1,0.4699509,1,0.63,False,False
NN_v1,2,2020-04-03,VOX,2,0.46650133,1,0.67,False,False
NN_v1,2,2020-04-10,VDC,1,0.34324938,1,0.67,False,False
NN_v1,2,2020-04-10,VHT,2,0.34147847,1,0.62,False,False
NN_v1,2,2020-04-17,VDE,2,0.42987573,1,0.67,False,False
NN_v1,2,2020-04-17,VPU,1,0.43808517,0,0.7,False,False
NN_v1,2,2020-04-24,VFH,2,0.4526331,1,0.59,False,False
NN_v1,2,2020-04-24,VIS,1,0.46187362,1,0.65,False,False
NN_v1,2,2020-05-01,VDC,2,0.45589325,1,0.72,False,False
NN_v1,2,2020-05-01,VPU,1,0.46106225,1,0.65,False,False
NN_v1,2,2020-05-08,VNQ,2,0.47148487,0,0.56,False,False
NN_v1,2,2020-05-08,VPU,1,0.4805319,0,0.64,False,False
NN_v1,2,2020-05-15,VFH,2,0.48396316,1,0.62,False,False
NN_v1,2,2020-05-15,VNQ,1,0.486934,1,0.51,False,False
NN_v1,2,2020-05-22,VAW,2,0.41680768,1,0.68,False,False
NN_v1,2,2020-05-22,VDE,1,0.43015087,0,0.71,False,False
NN_v1,2,2020-05-29,VAW,2,0.41564602,1,0.69,False,False
NN_v1,2,2020-05-29,VDE,1,0.4196086,1,0.81,True,True
NN_v1,2,2020-06-05,VNQ,2,0.37786037,0,0.68,False,False
NN_v1,2,2020-06-05,VPU,1,0.39053038,0,0.61,False,False
NN_v1,2,2020-06-12,VFH,2,0.43118104,1,0.74,False,False
NN_v1,2,2020-06-12,VIS,1,0.43123263,1,0.75,False,False
NN_v1,2,2020-06-19,VCR,2,0.4164736,0,0.6,False,False
NN_v1,2,2020-06-19,VNQ,1,0.41922396,0,0.59,False,False
NN_v1,2,2020-06-26,VAW,1,0.42830226,1,0.68,False,False
NN_v1,2,2020-06-26,VNQ,2,0.4280653,1,0.68,False,False
NN_v1,2,2020-07-03,VIS,1,0.39246023,0,0.68,False,False
NN_v1,2,2020-07-03,VNQ,2,0.3918566,0,0.61,False,False
NN_v1,2,2020-07-10,VFH,1,0.4048175,1,0.54,False,False
NN_v1,2,2020-07-10,VIS,2,0.40058362,1,0.64,False,False
NN_v1,2,2020-07-17,VFH,1,0.40718412,1,0.71,False,False
NN_v1,2,2020-07-17,VNQ,2,0.40471384,0,0.55,False,False
NN_v1,2,2020-07-24,VIS,2,0.40625733,0,0.69,False,False
NN_v1,2,2020-07-24,VNQ,1,0.40821478,1,0.64,False,False
NN_v1,2,2020-07-31,VDE,1,0.39192003,1,0.64,False,False
NN_v1,2,2020-07-31,VNQ,2,0.39011544,1,0.64,False,False
NN_v1,2,2020-08-07,VDE,1,0.38857886,1,0.67,False,False
NN_v1,2,2020-08-07,VFH,2,0.36536935,0,0.59,False,False
NN_v1,2,2020-08-14,VDE,1,0.3912948,0,0.67,False,False
NN_v1,2,2020-08-14,VFH,2,0.37676075,0,0.64,False,False
NN_v1,2,2020-08-21,VDE,1,0.39049256,0,0.57,False,False
NN_v1,2,2020-08-21,VNQ,2,0.3706079,1,0.6,False,False
NN_v1,2,2020-08-28,VDE,1,0.37327415,0,0.6,False,False
NN_v1,2,2020-08-28,VFH,2,0.3357159,0,0.61,False,False
NN_v1,2,2020-09-04,VIS,2,0.41610777,0,0.69,False,False
NN_v1,2,2020-09-04,VOX,1,0.41830826,0,0.67,False,False
NN_v1,2,2020-09-11,VDE,1,0.44076297,1,0.65,False,False
NN_v1,2,2020-09-11,VGT,2,0.42586938,0,0.65,False,False
NN_v1,2,2020-09-18,VDE,1,0.39052936,0,0.66,False,False
NN_v1,2,2020-09-18,VGT,2,0.38141787,1,0.61,False,False
NN_v1,2,2020-09-25,VAW,2,0.40580517,0,0.66,False,False
NN_v1,2,2020-09-25,VDE,1,0.4406909,0,0.62,False,False
NN_v1,2,2020-10-02,VAW,2,0.3732537,1,0.7,False,False
NN_v1,2,2020-10-02,VDE,1,0.41891864,1,0.62,False,False
NN_v1,2,2020-10-09,VDE,1,0.3587015,0,0.66,False,False
NN_v1,2,2020-10-09,VFH,2,0.25623515,0,0.68,False,False
NN_v1,2,2020-10-16,VDE,1,0.3946198,0,0.66,False,False
NN_v1,2,2020-10-16,VFH,2,0.34261188,1,0.6,False,False
NN_v1,2,2020-10-23,VDE,1,0.38556328,0,0.69,False,False
NN_v1,2,2020-10-23,VNQ,2,0.37650803,0,0.63,False,False
NN_v1,2,2020-10-30,VDE,2,0.44082847,0,0.65,False,False
NN_v1,2,2020-10-30,VGT,1,0.4419162,1,0.65,False,False
NN_v1,2,2020-11-06,VDE,1,0.39029238,1,0.69,False,False
NN_v1,2,2020-11-06,VIS,2,0.3465072,0,0.66,False,False
NN_v1,2,2020-11-13,VCR,1,0.3809842,1,0.66,False,False
NN_v1,2,2020-11-13,VGT,2,0.37595832,0,0.58,False,False
NN_v1,2,2020-11-20,VGT,1,0.42498294,1,0.67,False,False
NN_v1,2,2020-11-20,VOX,2,0.42097062,1,0.63,False,False
NN_v1,2,2020-11-27,VGT,1,0.33549973,1,0.63,False,False
NN_v1,2,2020-11-27,VHT,2,0.31352678,1,0.68,False,False
NN_v1,2,2020-12-04,VNQ,2,0.30402404,0,0.66,False,False
NN_v1,2,2020-12-04,VPU,1,0.311232,0,0.61,False,False
NN_v1,2,2020-12-11,VCR,1,0.35964227,1,0.65,False,False
NN_v1,2,2020-12-11,VPU,2,0.34111446,0,0.59,False,False
NN_v1,2,2020-12-18,VDE,1,0.31931508,1,0.64,False,False
NN_v1,2,2020-12-18,VNQ,2,0.29592946,0,0.61,False,False
NN_v1,2,2020-12-25,VDE,1,0.32555836,0,0.67,False,False
NN_v1,2,2020-12-25,VHT,2,0.2961218,0,0.63,False,False
NN_v1,2,2021-01-01,VDE,1,0.3201069,1,0.68,False,False
NN_v1,2,2021-01-01,VGT,2,0.32001942,0,0.62,False,False
NN_v1,2,2021-01-08,VGT,1,0.31204703,0,0.66,False,False
NN_v1,2,2021-01-08,VNQ,2,0.30550385,1,0.64,False,False
NN_v1,2,2021-01-15,VGT,1,0.37700748,1,0.64,False,False
NN_v1,2,2021-01-15,VOX,2,0.3596749,1,0.66,False,False
NN_v1,2,2021-01-22,VAW,2,0.3052551,0,0.67,False,False
NN_v1,2,2021-01-22,VDE,1,0.34130996,0,0.66,False,False
NN_v1,2,2021-01-29,VAW,1,0.43417823,1,0.65,False,False
NN_v1,2,2021-01-29,VFH,2,0.43193048,1,0.63,False,False
NN_v1,2,2021-02-05,VAW,2,0.3037121,0,0.63,False,False
NN_v1,2,2021-02-05,VDE,1,0.31382775,1,0.6,False,False
NN_v1,2,2021-02-12,VAW,2,0.30757973,0,0.68,False,False
NN_v1,2,2021-02-12,VDE,1,0.3132524,0,0.64,False,False
NN_v1,2,2021-02-19,VCR,2,0.38078776,0,0.66,False,False
NN_v1,2,2021-02-19,VGT,1,0.38236564,0,0.67,False,False
NN_v1,2,2021-02-26,VGT,2,0.43147153,0,0.71,False,False
NN_v1,2,2021-02-26,VPU,1,0.43192825,1,0.69,False,False
NN_v1,2,2021-03-05,VCR,2,0.39781412,1,0.68,False,False
NN_v1,2,2021-03-05,VGT,1,0.40590653,1,0.58,False,False
NN_v1,2,2021-03-12,VGT,1,0.33732888,0,0.62,False,False
NN_v1,2,2021-03-12,VHT,2,0.29224333,0,0.66,False,False
NN_v1,2,2021-03-19,VDE,1,0.43058962,1,0.65,False,False
NN_v1,2,2021-03-19,VGT,2,0.41768718,1,0.65,False,False
NN_v1,2,2021-03-26,VCR,2,0.37447178,1,0.64,False,False
NN_v1,2,2021-03-26,VOX,1,0.39299878,1,0.61,False,False
NN_v1,2,2021-04-02,VCR,2,0.3223846,1,0.64,False,False
NN_v1,2,2021-04-02,VDE,1,0.36453837,0,0.69,False,False
NN_v1,2,2021-04-09,VAW,2,0.28985345,1,0.64,False,False
NN_v1,2,2021-04-09,VDE,1,0.42562348,0,0.69,False,False
NN_v1,2,2021-04-16,VDE,1,0.38403827,0,0.69,False,False
NN_v1,2,2021-04-16,VOX,2,0.29199293,0,0.68,False,False
NN_v1,2,2021-04-23,VDE,1,0.40544173,1,0.69,False,False
NN_v1,2,2021-04-23,VGT,2,0.31185347,0,0.65,False,False
NN_v1,2,2021-04-30,VDE,2,0.33918506,1,0.67,False,False
NN_v1,2,2021-04-30,VGT,1,0.37542993,0,0.68,False,False
NN_v1,2,2021-05-07,VCR,2,0.34056264,0,0.66,False,False
NN_v1,2,2021-05-07,VGT,1,0.3466663,0,0.67,False,False
NN_v1,2,2021-05-14,VCR,1,0.41635412,0,0.69,False,False
NN_v1,2,2021-05-14,VGT,2,0.40252715,0,0.65,False,False
NN_v1,2,2021-05-21,VCR,2,0.37919638,1,0.66,False,False
NN_v1,2,2021-05-21,VDE,1,0.41596434,0,0.71,False,False
NN_v1,2,2021-05-28,VAW,2,0.31281927,0,0.69,False,False
NN_v1,2,2021-05-28,VDE,1,0.41556373,1,0.72,False,False
NN_v1,2,2021-06-04,VCR,1,0.3532126,1,0.63,False,False
NN_v1,2,2021-06-04,VGT,2,0.33460858,1,0.6,False,False
NN_v1,2,2021-06-11,VDE,1,0.35370678,0,0.64,False,False
NN_v1,2,2021-06-11,VFH,2,0.32497877,0,0.65,False,False
NN_v1,2,2021-06-18,VAW,2,0.44369233,1,0.65,False,False
NN_v1,2,2021-06-18,VFH,1,0.44620132,1,0.64,False,False
NN_v1,2,2021-06-25,VAW,1,0.37316516,0,0.61,False,False
NN_v1,2,2021-06-25,VDE,2,0.33003393,0,0.64,False,False
NN_v1,2,2021-07-02,VAW,2,0.38094434,0,0.66,False,False
NN_v1,2,2021-07-02,VDE,1,0.39682916,0,0.68,False,False
NN_v1,2,2021-07-09,VDE,1,0.4452122,0,0.61,False,False
NN_v1,2,2021-07-09,VFH,2,0.39597005,0,0.64,False,False
NN_v1,2,2021-07-16,VAW,2,0.41496998,1,0.69,False,False
NN_v1,2,2021-07-16,VDE,1,0.46371442,1,0.65,False,False
NN_v1,2,2021-07-23,VAW,2,0.36960277,1,0.63,False,False
NN_v1,2,2021-07-23,VDE,1,0.44144124,1,0.64,False,False
NN_v1,2,2021-07-30,VDE,1,0.43101195,0,0.69,False,False
NN_v1,2,2021-07-30,VFH,2,0.3757566,1,0.7,False,False
NN_v1,2,2021-08-06,VAW,2,0.32648137,1,0.65,False,False
NN_v1,2,2021-08-06,VDE,1,0.4270814,0,0.64,False,False
NN_v1,2,2021-08-13,VAW,2,0.30234298,0,0.66,False,False
NN_v1,2,2021-08-13,VDE,1,0.39343524,0,0.66,False,False
NN_v1,2,2021-08-20,VAW,2,0.41486558,1,0.62,False,False
NN_v1,2,2021-08-20,VDE,1,0.47657627,1,0.61,False,False
NN_v1,2,2021-08-27,VAW,2,0.36198205,0,0.65,False,False
NN_v1,2,2021-08-27,VDE,1,0.37551945,0,0.65,False,False
NN_v1,2,2021-09-03,VAW,2,0.36051548,0,0.63,False,False
NN_v1,2,2021-09-03,VDE,1,0.40224475,0,0.64,False,False
NN_v1,2,2021-09-10,VDE,1,0.4242659,1,0.65,False,False
NN_v1,2,2021-09-10,VFH,2,0.41625842,0,0.69,False,False
NN_v1,2,2021-09-17,VAW,2,0.40760073,1,0.66,False,False
NN_v1,2,2021-09-17,VDE,1,0.4205446,1,0.6,False,False
NN_v1,2,2021-09-24,VAW,1,0.38589558,0,0.65,False,False
NN_v1,2,2021-09-24,VDE,2,0.3718185,1,0.69,False,False
NN_v1,2,2021-10-01,VAW,1,0.4166113,0,0.71,False,False
NN_v1,2,2021-10-01,VIS,2,0.4101751,1,0.61,False,False
NN_v1,2,2021-10-08,VAW,1,0.380925,1,0.71,False,False
NN_v1,2,2021-10-08,VHT,2,0.37904334,1,0.66,False,False
NN_v1,2,2021-10-15,VHT,1,0.33446822,1,0.67,False,False
NN_v1,2,2021-10-15,VOX,2,0.30766317,0,0.65,False,False
NN_v1,2,2021-10-22,VDE,1,0.3431057,0,0.72,False,False
NN_v1,2,2021-10-22,VOX,2,0.3329431,0,0.63,False,False
NN_v1,2,2021-10-29,VAW,2,0.32263306,1,0.61,False,False
NN_v1,2,2021-10-29,VDE,1,0.34458902,0,0.66,False,False
NN_v1,2,2021-11-05,VDE,1,0.27027225,0,0.68,False,False
NN_v1,2,2021-11-05,VFH,2,0.26491833,0,0.66,False,False
NN_v1,2,2021-11-12,VCR,1,0.33155006,1,0.66,False,False
NN_v1,2,2021-11-12,VDE,2,0.32157484,0,0.64,False,False
NN_v1,2,2021-11-19,VDE,1,0.42877623,1,0.62,False,False
NN_v1,2,2021-11-19,VFH,2,0.36050323,0,0.63,False,False
NN_v1,2,2021-11-26,VIS,2,0.42914918,0,0.67,False,False
NN_v1,2,2021-11-26,VOX,1,0.441622,0,0.65,False,False
NN_v1,2,2021-12-03,VCR,2,0.41570815,1,0.66,False,False
NN_v1,2,2021-12-03,VOX,1,0.44828048,1,0.58,False,False
NN_v1,2,2021-12-10,VCR,2,0.31613097,0,0.63,False,False
NN_v1,2,2021-12-10,VOX,1,0.32752615,0,0.6,False,False
NN_v1,2,2021-12-17,VCR,1,0.428985,1,0.71,False,False
NN_v1,2,2021-12-17,VDE,2,0.4271877,1,0.67,False,False
NN_v1,2,2021-12-24,VCR,2,0.3382948,0,0.7,False,False
NN_v1,2,2021-12-24,VDE,1,0.3628294,1,0.66,False,False
NN_v1,2,2021-12-31,VCR,2,0.35575533,0,0.67,False,False
NN_v1,2,2021-12-31,VDE,1,0.3791667,1,0.63,False,False
NN_v1,2,2022-01-07,VCR,2,0.40240768,0,0.64,False,False
NN_v1,2,2022-01-07,VGT,1,0.40978485,1,0.73,False,False
NN_v1,2,2022-01-14,VCR,1,0.42411307,0,0.61,False,False
NN_v1,2,2022-01-14,VGT,2,0.4196507,0,0.67,False,False
NN_v1,2,2022-01-21,VGT,2,0.451891,1,0.68,False,False
NN_v1,2,2022-01-21,VOX,1,0.45229566,1,0.68,False,False
NN_v1,2,2022-01-28,VAW,2,0.42986247,0,0.66,False,False
NN_v1,2,2022-01-28,VCR,1,0.45179203,1,0.68,False,False
NN_v1,2,2022-02-04,VIS,1,0.44795215,0,0.68,False,False
NN_v1,2,2022-02-04,VNQ,2,0.43884555,0,0.61,False,False
NN_v1,2,2022-02-11,VCR,2,0.46246314,0,0.59,False,False
NN_v1,2,2022-02-11,VOX,1,0.4644696,0,0.59,False,False
NN_v1,2,2022-02-18,VCR,2,0.46552458,0,0.63,False,False
NN_v1,2,2022-02-18,VGT,1,0.46793532,1,0.6,False,False
NN_v1,2,2022-02-25,VCR,1,0.4532698,0,0.63,False,False
NN_v1,2,2022-02-25,VGT,2,0.41687554,0,0.71,False,False
NN_v1,2,2022-03-04,VCR,1,0.45754868,0,0.58,False,False
NN_v1,2,2022-03-04,VGT,2,0.44662845,0,0.63,False,False
NN_v1,2,2022-03-11,VGT,1,0.4649621,1,0.55,False,False
NN_v1,2,2022-03-11,VOX,2,0.4616338,1,0.57,False,False
NN_v1,2,2022-03-18,VDE,1,0.43813714,1,0.68,False,False
NN_v1,2,2022-03-18,VGT,2,0.3890872,1,0.59,False,False
NN_v1,2,2022-03-25,VCR,1,0.4475123,0,0.71,False,False
NN_v1,2,2022-03-25,VNQ,2,0.43714523,1,0.66,False,False
NN_v1,2,2022-04-01,VFH,1,0.4440729,0,0.61,False,False
NN_v1,2,2022-04-01,VGT,2,0.4343184,0,0.82,True,True
NN_v1,2,2022-04-08,VFH,2,0.454702,0,0.59,False,False
NN_v1,2,2022-04-08,VGT,1,0.45909476,0,0.67,False,False
NN_v1,2,2022-04-15,VCR,2,0.43177563,0,0.63,False,False
NN_v1,2,2022-04-15,VOX,1,0.4317909,0,0.64,False,False
NN_v1,2,2022-04-22,VFH,1,0.45613337,0,0.58,False,False
NN_v1,2,2022-04-22,VGT,2,0.45436203,0,0.54,False,False
NN_v1,2,2022-04-29,VGT,2,0.45392945,0,0.66,False,False
NN_v1,2,2022-04-29,VOX,1,0.4803936,0,0.51,False,False
NN_v1,2,2022-05-06,VFH,2,0.43087175,0,0.69,False,False
NN_v1,2,2022-05-06,VOX,1,0.44361177,0,0.68,False,False
NN_v1,2,2022-05-13,VFH,2,0.4738337,0,0.57,False,False
NN_v1,2,2022-05-13,VGT,1,0.4783497,0,0.67,False,False
NN_v1,2,2022-05-20,VCR,1,0.49850187,1,0.56,False,False
NN_v1,2,2022-05-20,VGT,2,0.46179807,1,0.67,False,False
NN_v1,2,2022-05-27,VDC,2,0.38822788,0,0.67,False,False
NN_v1,2,2022-05-27,VOX,1,0.3943873,0,0.65,False,False
NN_v1,2,2022-06-03,VHT,2,0.47688618,0,0.66,False,False
NN_v1,2,2022-06-03,VOX,1,0.4783899,0,0.6,False,False
NN_v1,2,2022-06-10,VCR,1,0.48814678,0,0.67,False,False
NN_v1,2,2022-06-10,VOX,2,0.48238558,0,0.55,False,False
NN_v1,2,2022-06-17,VAW,1,0.4754668,0,0.63,False,False
NN_v1,2,2022-06-17,VDE,2,0.46837378,0,0.67,False,False
NN_v1,2,2022-06-24,VAW,2,0.43354627,0,0.69,False,False
NN_v1,2,2022-06-24,VDE,1,0.49357063,0,0.66,False,False
NN_v1,2,2022-07-01,VAW,1,0.4850495,1,0.57,False,False
NN_v1,2,2022-07-01,VDE,2,0.48191547,0,0.66,False,False
NN_v1,2,2022-07-08,VAW,2,0.491389,0,0.6,False,False
NN_v1,2,2022-07-08,VDE,1,0.4963242,0,0.65,False,False
NN_v1,2,2022-07-15,VAW,2,0.48290464,1,0.6,False,False
NN_v1,2,2022-07-15,VDE,1,0.5112976,1,0.59,False,False
NN_v1,2,2022-07-22,VDE,1,0.4524591,1,0.65,False,False
NN_v1,2,2022-07-22,VPU,2,0.4467402,1,0.57,False,False
NN_v1,2,2022-07-29,VCR,1,0.38600108,1,0.64,False,False
NN_v1,2,2022-07-29,VOX,2,0.37995926,1,0.66,False,False
NN_v1,2,2022-08-05,VAW,2,0.4691317,1,0.65,False,False
NN_v1,2,2022-08-05,VDE,1,0.49218833,1,0.61,False,False
NN_v1,2,2022-08-12,VAW,2,0.3230047,0,0.64,False,False
NN_v1,2,2022-08-12,VDE,1,0.40483907,1,0.68,False,False
NN_v1,2,2022-08-19,VDE,1,0.46017095,1,0.63,False,False
NN_v1,2,2022-08-19,VOX,2,0.455965,0,0.7,False,False
NN_v1,2,2022-08-26,VGT,2,0.44365156,0,0.69,False,False
NN_v1,2,2022-08-26,VOX,1,0.44672298,0,0.7,False,False
NN_v1,2,2022-09-02,VAW,2,0.44405165,1,0.61,False,False
NN_v1,2,2022-09-02,VDE,1,0.4541361,0,0.67,False,False
NN_v1,2,2022-09-09,VDE,1,0.40895122,0,0.67,False,False
NN_v1,2,2022-09-09,VGT,2,0.38856408,0,0.65,False,False
NN_v1,2,2022-09-16,VGT,2,0.46214774,0,0.63,False,False
NN_v1,2,2022-09-16,VOX,1,0.46236068,0,0.69,False,False
NN_v1,2,2022-09-23,VDE,1,0.47979033,1,0.61,False,False
NN_v1,2,2022-09-23,VNQ,2,0.4594556,0,0.68,False,False
NN_v1,2,2022-09-30,VOX,1,0.45173448,0,0.64,False,False
NN_v1,2,2022-09-30,VPU,2,0.44898108,0,0.67,False,False
NN_v1,2,2022-10-07,VNQ,1,0.46574697,0,0.62,False,False
NN_v1,2,2022-10-07,VPU,2,0.43834764,0,0.66,False,False
NN_v1,2,2022-10-14,VGT,2,0.4912095,1,0.49,False,False
NN_v1,2,2022-10-14,VNQ,1,0.503301,0,0.59,False,False
NN_v1,2,2022-10-21,VNQ,1,0.4514896,1,0.67,False,False
NN_v1,2,2022-10-21,VPU,2,0.44691354,1,0.72,False,False
NN_v1,2,2022-10-28,VCR,2,0.43298942,0,0.64,False,False
NN_v1,2,2022-10-28,VOX,1,0.46642599,0,0.57,False,False
NN_v1,2,2022-11-04,VCR,1,0.48257595,1,0.62,False,False
NN_v1,2,2022-11-04,VGT,2,0.4757308,1,0.55,False,False
NN_v1,2,2022-11-11,VGT,2,0.4140638,0,0.66,False,False
NN_v1,2,2022-11-11,VPU,1,0.42779133,1,0.68,False,False
NN_v1,2,2022-11-18,VCR,1,0.48405862,1,0.62,False,False
NN_v1,2,2022-11-18,VPU,2,0.47928154,1,0.62,False,False
NN_v1,2,2022-11-25,VCR,1,0.43393448,1,0.67,False,False
NN_v1,2,2022-11-25,VGT,2,0.4329951,1,0.68,False,False
NN_v1,2,2022-12-02,VDE,1,0.45370027,0,0.71,False,False
NN_v1,2,2022-12-02,VGT,2,0.44508785,0,0.69,False,False
NN_v1,2,2022-12-09,VCR,2,0.44999215,0,0.59,False,False
NN_v1,2,2022-12-09,VDE,1,0.47038847,0,0.63,False,False
NN_v1,2,2022-12-16,VGT,2,0.42787197,0,0.72,False,False
NN_v1,2,2022-12-16,VNQ,1,0.42931104,0,0.73,False,False
NN_v1,2,2022-12-23,VGT,1,0.41654143,0,0.73,False,False
NN_v1,2,2022-12-23,VOX,2,0.41468218,0,0.67,False,False
NN_v1,2,2022-12-30,VCR,1,0.44305167,1,0.68,False,False
NN_v1,2,2022-12-30,VGT,2,0.43060848,0,0.67,False,False
NN_v1,2,2023-01-06,VDE,2,0.40157935,1,0.55,False,False
NN_v1,2,2023-01-06,VGT,1,0.4083027,1,0.66,False,False
NN_v1,2,2023-01-13,VGT,2,0.35361314,0,0.59,False,False
NN_v1,2,2023-01-13,VOX,1,0.3592049,1,0.68,False,False
NN_v1,2,2023-01-20,VDE,1,0.44117558,0,0.73,False,False
NN_v1,2,2023-01-20,VIS,2,0.43139136,1,0.72,False,False
NN_v1,2,2023-01-27,VCR,2,0.35114974,1,0.62,False,False
NN_v1,2,2023-01-27,VDE,1,0.3831547,0,0.66,False,False
NN_v1,2,2023-02-03,VDE,1,0.4553185,1,0.7,False,False
NN_v1,2,2023-02-03,VPU,2,0.38246432,0,0.61,False,False
NN_v1,2,2023-02-10,VCR,1,0.42929578,1,0.66,False,False
NN_v1,2,2023-02-10,VOX,2,0.4290667,0,0.74,False,False
NN_v1,2,2023-02-17,VDE,1,0.4721056,0,0.56,False,False
NN_v1,2,2023-02-17,VOX,2,0.4275759,0,0.65,False,False
NN_v1,2,2023-02-24,VDE,2,0.4551324,1,0.64,False,False
NN_v1,2,2023-02-24,VHT,1,0.46303633,0,0.7,False,False
NN_v1,2,2023-03-03,VCR,2,0.38861012,0,0.66,False,False
NN_v1,2,2023-03-03,VDE,1,0.39878938,0,0.68,False,False
NN_v1,2,2023-03-10,VAW,2,0.4680841,0,0.65,False,False
NN_v1,2,2023-03-10,VDE,1,0.4692437,0,0.57,False,False
NN_v1,2,2023-03-17,VAW,2,0.4233146,1,0.67,False,False
NN_v1,2,2023-03-17,VDE,1,0.42882115,1,0.63,False,False
NN_v1,2,2023-03-24,VDE,1,0.44867975,1,0.64,False,False
NN_v1,2,2023-03-24,VNQ,2,0.44138107,1,0.65,False,False
NN_v1,2,2023-03-31,VDE,2,0.36312628,0,0.67,False,False
NN_v1,2,2023-03-31,VFH,1,0.36727637,0,0.69,False,False
NN_v1,2,2023-04-07,VFH,1,0.4636919,1,0.62,False,False
NN_v1,2,2023-04-07,VIS,2,0.4442643,1,0.66,False,False
NN_v1,2,2023-04-14,VDE,2,0.40285215,0,0.63,False,False
NN_v1,2,2023-04-14,VNQ,1,0.43489572,1,0.61,False,False
NN_v1,2,2023-04-21,VDE,1,0.45056584,0,0.69,False,False
NN_v1,2,2023-04-21,VOX,2,0.4280099,1,0.7,False,False
NN_v1,2,2023-04-28,VDE,2,0.44990286,0,0.68,False,False
NN_v1,2,2023-04-28,VFH,1,0.45836857,0,0.62,False,False
NN_v1,2,2023-05-05,VDE,1,0.4627703,0,0.61,False,False
NN_v1,2,2023-05-05,VFH,2,0.46262485,0,0.68,False,False
NN_v1,2,2023-05-12,VAW,2,0.44822228,0,0.61,False,False
NN_v1,2,2023-05-12,VFH,1,0.4583554,1,0.66,False,False
NN_v1,2,2023-05-19,VNQ,1,0.4172558,0,0.66,False,False
NN_v1,2,2023-05-19,VPU,2,0.40901983,0,0.64,False,False
NN_v1,2,2023-05-26,VAW,2,0.45903853,1,0.64,False,False
NN_v1,2,2023-05-26,VNQ,1,0.46728715,1,0.55,False,False
NN_v1,2,2023-06-02,VDE,1,0.3718263,0,0.67,False,False
NN_v1,2,2023-06-02,VFH,2,0.33858454,1,0.66,False,False
NN_v1,2,2023-06-09,VDE,1,0.33618084,1,0.67,False,False
NN_v1,2,2023-06-09,VFH,2,0.31473666,1,0.68,False,False
NN_v1,2,2023-06-16,VDE,1,0.32373378,0,0.66,False,False
NN_v1,2,2023-06-16,VNQ,2,0.27286232,0,0.68,False,False
NN_v1,2,2023-06-23,VDE,1,0.45519677,1,0.65,False,False
NN_v1,2,2023-06-23,VNQ,2,0.4448227,1,0.67,False,False
NN_v1,2,2023-06-30,VDE,1,0.35360742,0,0.65,False,False
NN_v1,2,2023-06-30,VNQ,2,0.3242008,0,0.7,False,False
NN_v1,2,2023-07-07,VDE,1,0.381244,0,0.69,False,False
NN_v1,2,2023-07-07,VHT,2,0.35622868,1,0.63,False,False
NN_v1,2,2023-07-14,VDE,1,0.32674682,1,0.67,False,False
NN_v1,2,2023-07-14,VNQ,2,0.2927732,0,0.68,False,False
NN_v1,2,2023-07-21,VDE,1,0.33630624,1,0.65,False,False
NN_v1,2,2023-07-21,VNQ,2,0.32548818,0,0.66,False,False
NN_v1,2,2023-07-28,VNQ,1,0.33578518,0,0.65,False,False
NN_v1,2,2023-07-28,VPU,2,0.31747282,0,0.62,False,False
NN_v1,2,2023-08-04,VGT,2,0.411748,0,0.7,False,False
NN_v1,2,2023-08-04,VPU,1,0.42275432,0,0.67,False,False
NN_v1,2,2023-08-11,VAW,2,0.3957655,0,0.69,False,False
NN_v1,2,2023-08-11,VGT,1,0.4180484,0,0.73,False,False
NN_v1,2,2023-08-18,VCR,2,0.44740894,0,0.7,False,False
NN_v1,2,2023-08-18,VGT,1,0.4525298,1,0.68,False,False
NN_v1,2,2023-08-25,VCR,1,0.4083472,1,0.64,False,False
NN_v1,2,2023-08-25,VNQ,2,0.40397894,1,0.65,False,False
NN_v1,2,2023-09-01,VNQ,2,0.329557,0,0.65,False,False
NN_v1,2,2023-09-01,VPU,1,0.36879823,0,0.66,False,False
NN_v1,2,2023-09-08,VAW,2,0.41116515,0,0.66,False,False
NN_v1,2,2023-09-08,VGT,1,0.4211502,0,0.65,False,False
NN_v1,2,2023-09-15,VAW,2,0.38647577,0,0.63,False,False
NN_v1,2,2023-09-15,VGT,1,0.42628115,0,0.76,False,False
NN_v1,2,2023-09-22,VCR,1,0.45413107,0,0.6,False,False
NN_v1,2,2023-09-22,VNQ,2,0.45257032,0,0.62,False,False
NN_v1,2,2023-09-29,VCR,2,0.42900392,0,0.7,False,False
NN_v1,2,2023-09-29,VPU,1,0.43596607,0,0.66,False,False
NN_v1,2,2023-10-06,VDE,1,0.46904436,1,0.55,False,False
NN_v1,2,2023-10-06,VNQ,2,0.461278,1,0.66,False,False
NN_v1,2,2023-10-13,VAW,2,0.449374,0,0.64,False,False
NN_v1,2,2023-10-13,VCR,1,0.44975996,0,0.65,False,False
NN_v1,2,2023-10-20,VAW,2,0.47643057,0,0.67,False,False
NN_v1,2,2023-10-20,VCR,1,0.48423517,0,0.61,False,False
NN_v1,2,2023-10-27,VDE,2,0.45141116,1,0.68,False,False
NN_v1,2,2023-10-27,VGT,1,0.4599949,1,0.63,False,False
NN_v1,2,2023-11-03,VDE,1,0.39663178,0,0.68,False,False
NN_v1,2,2023-11-03,VNQ,2,0.34647164,0,0.57,False,False
NN_v1,2,2023-11-10,VAW,2,0.4750003,1,0.62,False,False
NN_v1,2,2023-11-10,VDE,1,0.49747947,1,0.64,False,False
NN_v1,2,2023-11-17,VDE,1,0.40383226,0,0.65,False,False
NN_v1,2,2023-11-17,VNQ,2,0.3806625,0,0.68,False,False
NN_v1,2,2023-11-24,VDE,1,0.41106772,0,0.7,False,False
NN_v1,2,2023-11-24,VNQ,2,0.3749693,1,0.61,False,False
NN_v1,2,2023-12-01,VDE,1,0.36433578,0,0.72,False,False
NN_v1,2,2023-12-01,VPU,2,0.3281089,0,0.69,False,False
NN_v1,2,2023-12-08,VDE,1,0.4671726,1,0.7,False,False
NN_v1,2,2023-12-08,VNQ,2,0.36662647,1,0.61,False,False
NN_v1,2,2023-12-15,VDE,1,0.36271083,0,0.68,False,False
NN_v1,2,2023-12-15,VPU,2,0.27622756,0,0.66,False,False
NN_v1,2,2023-12-22,VDE,1,0.3539413,0,0.61,False,False
NN_v1,2,2023-12-22,VPU,2,0.2897443,1,0.63,False,False
NN_v1,2,2023-12-29,VDE,1,0.3684627,0,0.64,False,False
NN_v1,2,2023-12-29,VNQ,2,0.3227001,0,0.65,False,False
NN_v1,2,2024-01-05,VCR,2,0.41216728,0,0.67,False,False
NN_v1,2,2024-01-05,VGT,1,0.4232663,1,0.73,False,False
NN_v1,2,2024-01-12,VCR,2,0.336644,1,0.63,False,False
NN_v1,2,2024-01-12,VDE,1,0.37689725,0,0.64,False,False
NN_v1,2,2024-01-19,VDE,1,0.39378276,1,0.68,False,False
NN_v1,2,2024-01-19,VPU,2,0.3592885,0,0.69,False,False
NN_v1,2,2024-01-26,VDE,1,0.346902,0,0.64,False,False
NN_v1,2,2024-01-26,VPU,2,0.34643438,0,0.66,False,False
NN_v1,2,2024-02-02,VDE,1,0.30386162,0,0.65,False,False
NN_v1,2,2024-02-02,VNQ,2,0.29759535,1,0.67,False,False
NN_v1,2,2024-02-09,VDE,1,0.33766916,1,0.58,False,False
NN_v1,2,2024-02-09,VPU,2,0.3269217,1,0.67,False,False
NN_v1,2,2024-02-16,VDE,2,0.33640984,0,0.62,False,False
NN_v1,2,2024-02-16,VGT,1,0.33647907,1,0.66,False,False
NN_v1,2,2024-02-23,VGT,1,0.2882693,1,0.66,False,False
NN_v1,2,2024-02-23,VNQ,2,0.28772837,1,0.71,False,False
NN_v1,2,2024-03-01,VDE,2,0.29418996,0,0.67,False,False
NN_v1,2,2024-03-01,VPU,1,0.2969666,1,0.63,False,False
NN_v1,2,2024-03-08,VCR,1,0.32840082,0,0.61,False,False
NN_v1,2,2024-03-08,VGT,2,0.3138346,0,0.67,False,False
NN_v1,2,2024-03-15,VCR,2,0.3509755,1,0.64,False,False
NN_v1,2,2024-03-15,VGT,1,0.35316017,1,0.64,False,False
NN_v1,2,2024-03-22,VNQ,1,0.30088103,1,0.61,False,False
NN_v1,2,2024-03-22,VPU,2,0.26684672,1,0.64,False,False
NN_v1,2,2024-03-29,VGT,1,0.27554673,0,0.67,False,False
NN_v1,2,2024-03-29,VNQ,2,0.2619254,0,0.66,False,False
NN_v1,2,2024-04-05,VCR,1,0.36698192,0,0.62,False,False
NN_v1,2,2024-04-05,VNQ,2,0.36581364,0,0.66,False,False
NN_v1,2,2024-04-12,VFH,2,0.3991818,0,0.72,False,False
NN_v1,2,2024-04-12,VNQ,1,0.40255088,0,0.67,False,False
NN_v1,2,2024-04-19,VGT,1,0.44503868,1,0.65,False,False
NN_v1,2,2024-04-19,VNQ,2,0.42766443,1,0.66,False,False
NN_v1,2,2024-04-26,VGT,2,0.34987792,0,0.67,False,False
NN_v1,2,2024-04-26,VNQ,1,0.36131904,0,0.7,False,False
NN_v1,2,2024-05-03,VDE,2,0.36951593,0,0.67,False,False
NN_v1,2,2024-05-03,VGT,1,0.38381132,0,0.66,False,False
NN_v1,2,2024-05-10,VGT,1,0.33326775,1,0.66,False,False
NN_v1,2,2024-05-10,VNQ,2,0.3155587,1,0.66,False,False
NN_v1,2,2024-05-17,VCR,1,0.2937599,0,0.77,False,False
NN_v1,2,2024-05-17,VGT,2,0.29134482,1,0.65,False,False
NN_v1,2,2024-05-24,VCR,2,0.41028666,0,0.66,False,False
NN_v1,2,2024-05-24,VNQ,1,0.42414853,1,0.67,False,False
NN_v1,2,2024-05-31,VGT,1,0.37430105,1,0.64,False,False
NN_v1,2,2024-05-31,VNQ,2,0.3712652,0,0.65,False,False
NN_v1,2,2024-06-07,VAW,2,0.3648542,0,0.65,False,False
NN_v1,2,2024-06-07,VDE,1,0.43249184,0,0.68,False,False
NN_v1,2,2024-06-14,VDE,1,0.4537541,1,0.65,False,False
NN_v1,2,2024-06-14,VPU,2,0.39908203,0,0.67,False,False
NN_v1,2,2024-06-21,VDE,1,0.3758756,1,0.64,False,False
NN_v1,2,2024-06-21,VPU,2,0.32930216,0,0.66,False,False
NN_v1,2,2024-06-28,VGT,1,0.34497744,1,0.61,False,False
NN_v1,2,2024-06-28,VPU,2,0.34404588,0,0.66,False,False
NN_v1,2,2024-07-05,VDE,1,0.34625205,1,0.65,False,False
NN_v1,2,2024-07-05,VPU,2,0.3287659,1,0.65,False,False
NN_v1,2,2024-07-12,VDE,1,0.3221763,1,0.68,False,False
NN_v1,2,2024-07-12,VOX,2,0.28013614,0,0.64,False,False
NN_v1,2,2024-07-19,VGT,1,0.42054135,0,0.7,False,False
NN_v1,2,2024-07-19,VOX,2,0.37304133,0,0.66,False,False
NN_v1,2,2024-07-26,VCR,2,0.37414703,0,0.68,False,False
NN_v1,2,2024-07-26,VGT,1,0.40715984,0,0.65,False,False
NN_v1,2,2024-08-02,VDE,2,0.4268348,1,0.78,False,False
NN_v1,2,2024-08-02,VGT,1,0.43297777,1,0.65,False,False
NN_v1,2,2024-08-09,VDE,2,0.3956947,0,0.66,False,False
NN_v1,2,2024-08-09,VGT,1,0.42252353,1,0.67,False,False
NN_v1,2,2024-08-16,VDE,1,0.3183089,0,0.59,False,False
NN_v1,2,2024-08-16,VGT,2,0.31483594,1,0.65,False,False
NN_v1,2,2024-08-23,VDE,1,0.33014858,0,0.63,False,False
NN_v1,2,2024-08-23,VGT,2,0.3252848,0,0.64,False,False
NN_v1,2,2024-08-30,VCR,2,0.31659606,0,0.67,False,False
NN_v1,2,2024-08-30,VGT,1,0.37055647,0,0.74,False,False
NN_v1,2,2024-09-06,VGT,1,0.4641383,1,0.65,False,False
NN_v1,2,2024-09-06,VOX,2,0.4457744,1,0.67,False,False
NN_v1,2,2024-09-13,VDE,1,0.36790815,1,0.65,False,False
NN_v1,2,2024-09-13,VGT,2,0.35274038,1,0.66,False,False
NN_v1,2,2024-09-20,VDE,2,0.36326236,0,0.66,False,False
NN_v1,2,2024-09-20,VGT,1,0.39512068,1,0.65,False,False
NN_v1,2,2024-09-27,VDE,2,0.37574303,1,0.64,False,False
NN_v1,2,2024-09-27,VGT,1,0.4095878,0,0.65,False,False
NN_v1,2,2024-10-04,VCR,2,0.36335418,0,0.57,False,False
NN_v1,2,2024-10-04,VGT,1,0.42580068,1,0.72,False,False
NN_v1,2,2024-10-11,VCR,1,0.34599885,1,0.67,False,False
NN_v1,2,2024-10-11,VGT,2,0.33396977,0,0.6,False,False
NN_v1,2,2024-10-18,VDE,1,0.35444462,0,0.68,False,False
NN_v1,2,2024-10-18,VGT,2,0.31571957,0,0.63,False,False
NN_v1,2,2024-10-25,VDE,1,0.39280373,0,0.73,False,False
NN_v1,2,2024-10-25,VGT,2,0.38820547,0,0.6,False,False
NN_v1,2,2024-11-01,VGT,2,0.40165335,1,0.55,False,False
NN_v1,2,2024-11-01,VNQ,1,0.41056365,1,0.72,False,False
NN_v1,2,2024-11-08,VNQ,1,0.2947061,0,0.64,False,False
NN_v1,2,2024-11-08,VPU,2,0.29133403,0,0.7,False,False
NN_v1,2,2024-11-15,VGT,2,0.43979096,1,0.76,False,False
NN_v1,2,2024-11-15,VHT,1,0.44255364,1,0.66,False,False
NN_v1,2,2024-11-22,VGT,1,0.34759,0,0.6,False,False
NN_v1,2,2024-11-22,VHT,2,0.34020865,1,0.61,False,False
NN_v1,2,2024-11-29,VDE,1,0.35253435,0,0.61,False,False
NN_v1,2,2024-11-29,VGT,2,0.3255957,1,0.69,False,False
NN_v1,2,2024-12-06,VDE,1,0.4215048,0,0.65,False,False
NN_v1,2,2024-12-06,VNQ,2,0.3851916,0,0.65,False,False
NN_v1,2,2024-12-13,VNQ,2,0.43393627,0,0.68,False,False
NN_v1,2,2024-12-13,VPU,1,0.43717843,0,0.64,False,False
NN_v1,2,2024-12-20,VDE,2,0.46218196,1,0.61,False,False
NN_v1,2,2024-12-20,VNQ,1,0.46460342,0,0.6,False,False
NN_v1,2,2024-12-27,VAW,1,0.42751226,0,0.67,False,False
NN_v1,2,2024-12-27,VNQ,2,0.41988194,1,0.63,False,False
NN_v1,2,2025-01-03,VAW,2,0.42910847,0,0.64,False,False
NN_v1,2,2025-01-03,VHT,1,0.42936733,0,0.66,False,False
NN_v1,2,2025-01-10,VAW,1,0.4422613,1,0.66,False,False
NN_v1,2,2025-01-10,VIS,2,0.43793976,1,0.67,False,False
NN_v1,2,2025-01-17,VDC,2,0.4003191,0,0.64,False,False
NN_v1,2,2025-01-17,VHT,1,0.4176546,1,0.7,False,False
NN_v1,2,2025-01-24,VDC,2,0.40139967,1,0.63,False,False
NN_v1,2,2025-01-24,VNQ,1,0.40433764,0,0.67,False,False
NN_v1,2,2025-01-31,VDE,2,0.4310162,0,0.67,False,False
NN_v1,2,2025-01-31,VIS,1,0.43221688,1,0.7,False,False
NN_v1,2,2025-02-07,VAW,2,0.42529953,0,0.69,False,False
NN_v1,2,2025-02-07,VIS,1,0.42771524,0,0.76,False,False
NN_v1,2,2025-02-14,VIS,1,0.4072912,0,0.65,False,False
NN_v1,2,2025-02-14,VNQ,2,0.4015213,0,0.63,False,False
NN_v1,2,2025-02-21,VAW,2,0.42471784,0,0.59,False,False
NN_v1,2,2025-02-21,VFH,1,0.42588145,1,0.7,False,False
NN_v1,2,2025-02-28,VAW,2,0.41764703,0,0.62,False,False
NN_v1,2,2025-02-28,VGT,1,0.42928642,0,0.66,False,False
NN_v1,2,2025-03-07,VCR,2,0.44123083,0,0.69,False,False
NN_v1,2,2025-03-07,VGT,1,0.44425294,0,0.61,False,False
NN_v1,2,2025-03-14,VCR,1,0.4412256,0,0.64,False,False
NN_v1,2,2025-03-14,VFH,2,0.4399771,1,0.69,False,False
NN_v1,2,2025-03-21,VCR,1,0.4513311,0,0.64,False,False
NN_v1,2,2025-03-21,VGT,2,0.4429641,0,0.68,False,False
NN_v1,2,2025-03-28,VCR,2,0.432211,0,0.66,False,False
NN_v1,2,2025-03-28,VGT,1,0.4326407,0,0.7,False,False
NN_v1,2,2025-04-04,VCR,1,0.45228726,1,0.68,False,False
NN_v1,2,2025-04-04,VGT,2,0.44992688,1,0.73,False,False
NN_v1,2,2025-04-11,VCR,2,0.42667577,0,0.66,False,False
NN_v1,2,2025-04-11,VDE,1,0.4389106,1,0.65,False,False
NN_v1,2,2025-04-18,VCR,1,0.46162084,1,0.66,False,False
NN_v1,2,2025-04-18,VGT,2,0.45486024,1,0.65,False,False
NN_v1,2,2025-04-25,VDE,1,0.4171851,0,0.63,False,False
NN_v1,2,2025-04-25,VHT,2,0.417134,0,0.65,False,False
NN_v1,2,2025-05-02,VDE,1,0.42055762,1,0.69,False,False
NN_v1,2,2025-05-02,VHT,2,0.3849387,0,0.68,False,False
NN_v1,2,2025-05-09,VDE,2,0.42944264,0,0.73,False,False
NN_v1,2,2025-05-09,VHT,1,0.4315148,0,0.67,False,False
NN_v1,2,2025-05-16,VDE,2,0.38285238,0,0.68,False,False
NN_v1,2,2025-05-16,VHT,1,0.41510484,0,0.66,False,False
NN_v1,2,2025-05-23,VDE,1,0.460352,0,0.66,False,False
NN_v1,2,2025-05-23,VHT,2,0.4584026,1,0.69,False,False
NN_v1,2,2025-05-30,VDE,2,0.4355783,0,0.63,False,False
NN_v1,2,2025-05-30,VHT,1,0.43832803,1,0.66,False,False
NN_v1,2,2025-06-06,VDE,1,0.42272043,1,0.61,False,False
NN_v1,2,2025-06-06,VHT,2,0.41660768,1,0.63,False,False
NN_v1,2,2025-06-13,VFH,1,0.42046648,0,0.7,False,False
NN_v1,2,2025-06-13,VNQ,2,0.41875607,0,0.65,False,False
NN_v1,2,2025-06-20,VAW,2,0.41547465,1,0.63,False,False
NN_v1,2,2025-06-20,VHT,1,0.43582547,1,0.68,False,False
NN_v1,2,2025-06-27,VDE,2,0.3870166,1,0.62,False,False
NN_v1,2,2025-06-27,VHT,1,0.39885408,1,0.63,False,False
NN_v1,2,2025-07-04,VDE,1,0.41755965,1,0.69,False,False
NN_v1,2,2025-07-04,VHT,2,0.404269,0,0.58,False,False
NN_v1,2,2025-07-11,VDC,2,0.39211947,0,0.57,False,False
NN_v1,2,2025-07-11,VHT,1,0.4112465,0,0.61,False,False
NN_v1,2,2025-07-18,VDE,2,0.4083283,1,0.68,False,False
NN_v1,2,2025-07-18,VHT,1,0.41142765,1,0.56,False,False
NN_v1,2,2025-07-25,VDE,1,0.40451142,0,0.68,False,False
NN_v1,2,2025-07-25,VHT,2,0.385533,0,0.68,False,False
NN_v1,2,2025-08-01,VDE,1,0.43458894,0,0.65,False,False
NN_v1,2,2025-08-01,VNQ,2,0.43094468,0,0.68,False,False
NN_v1,2,2025-08-08,VDE,1,0.41970563,0,0.61,False,False
NN_v1,2,2025-08-08,VNQ,2,0.41967636,1,0.66,False,False
NN_v1,2,2025-08-15,VDC,2,0.40108237,0,0.65,False,False
NN_v1,2,2025-08-15,VDE,1,0.40684196,1,0.62,False,False
NN_v1,2,2025-08-22,VDC,2,0.39466673,0,0.58,False,False
NN_v1,2,2025-08-22,VPU,1,0.39476585,0,0.63,False,False
NN_v1,2,2025-08-29,VDC,1,0.39288503,0,0.59,False,False
NN_v1,2,2025-08-29,VPU,2,0.39106447,0,0.66,False,False
NN_v1,2,2025-09-05,VDC,2,0.3914931,0,0.64,False,False
NN_v1,2,2025-09-05,VDE,1,0.4000641,0,0.64,False,False
NN_v1,2,2025-09-12,VDC,2,0.37295538,0,0.63,False,False
NN_v1,2,2025-09-12,VDE,1,0.3877443,0,0.63,False,False
NN_v1,2,2025-09-19,VDC,1,0.3918459,0,0.6,False,False
NN_v1,2,2025-09-19,VNQ,2,0.38389957,0,0.69,False,False
NN_v1,2,2025-09-26,VAW,1,0.40744048,0,0.64,False,False
NN_v1,2,2025-09-26,VDC,2,0.4042175,0,0.6,False,False
NN_v1,2,2025-10-03,VAW,2,0.38643858,0,0.66,False,False
NN_v1,2,2025-10-03,VDC,1,0.3974359,0,0.63,False,False
NN_v1,2,2025-10-10,VDE,2,0.43641716,0,0.64,False,False
NN_v1,2,2025-10-10,VOX,1,0.4379966,1,0.68,False,False
NN_v1,2,2025-10-17,VAW,2,0.4190782,0,0.65,False,False
NN_v1,2,2025-10-17,VDE,1,0.4201731,1,0.66,False,False
NN_v1,2,2025-10-24,VDC,2,0.39564863,0,0.61,False,False
NN_v1,2,2025-10-24,VFH,1,0.3972476,0,0.59,False,False
NN_v1,2,2025-10-31,VAW,2,0.42543465,0,0.65,False,False
NN_v1,2,2025-10-31,VDC,1,0.4293814,0,0.65,False,False
NN_v1,2,2025-11-07,VCR,2,0.41593564,0,0.59,False,False
NN_v1,2,2025-11-07,VDC,1,0.41788015,0,0.65,False,False
NN_v1,2,2025-11-14,VAW,2,0.41744438,0,0.65,False,False
NN_v1,2,2025-11-14,VCR,1,0.42287067,0,0.66,False,False
NN_v1,2,2025-11-21,VDE,1,0.42651448,1,0.58,False,False
NN_v1,2,2025-11-21,VNQ,2,0.42377555,1,0.6,False,False
NN_v1,2,2025-11-28,VDE,2,0.38619134,1,0.57,False,False
NN_v1,2,2025-11-28,VGT,1,0.40317526,1,0.63,False,False
NN_v1,2,2025-12-05,VNQ,2,0.4105757,0,0.66,False,False
NN_v1,2,2025-12-05,VPU,1,0.41326922,0,0.6,False,False
NN_v1,2,2025-12-12,VNQ,2,0.42187694,0,0.65,False,False
NN_v1,2,2025-12-12,VOX,1,0.4282365,0,0.68,False,False
NN_v1,2,2025-12-19,VDE,1,0.42887312,0,0.61,False,False
NN_v1,2,2025-12-19,VPU,2,0.42499986,1,0.65,False,False
NN_v1,2,2025-12-26,VDE,1,0.4099918,1,0.6,False,False
NN_v1,2,2025-12-26,VPU,2,0.4054079,0,0.63,False,False
NN_v1,2,2026-01-02,VCR,1,0.37741464,1,0.59,False,False
NN_v1,2,2026-01-02,VGT,2,0.37250587,0,0.59,False,False
NN_v1,2,2026-01-09,VGT,1,0.33960336,0,0.61,False,False
NN_v1,2,2026-01-09,VPU,2,0.33901218,1,0.63,False,False
NN_v1,2,2026-01-16,VCR,2,0.36496,1,0.63,False,False
NN_v1,2,2026-01-16,VGT,1,0.37057662,1,0.65,False,False
NN_v1,2,2026-01-23,VCR,1,0.40673313,0,0.72,False,False
NN_v1,2,2026-01-23,VGT,2,0.38711742,0,0.61,False,False
NN_v1,2,2026-01-30,VCR,1,0.39997023,0,0.67,False,False
NN_v1,2,2026-01-30,VNQ,2,0.36712655,1,0.68,False,False
NN_v1,2,2026-02-06,VOX,1,0.37387013,0,0.63,False,False
NN_v1,2,2026-02-06,VPU,2,0.3655124,1,0.61,False,False
NN_v1,2,2026-02-13,VFH,2,0.3784502,0,0.66,False,False
NN_v1,2,2026-02-13,VOX,1,0.37925985,1,0.61,False,False
NN_v1,2,2026-02-20,VFH,1,0.3778432,0,0.69,False,False
NN_v1,2,2026-02-20,VOX,2,0.36965063,0,0.61,False,False
NN_v1,2,2026-02-27,VCR,2,0.37581402,0,0.56,False,False
NN_v1,2,2026-02-27,VFH,1,0.3910151,0,0.66,False,False
NN_v1,2,2026-03-06,VAW,1,0.43851766,0,0.7,False,False
NN_v1,2,2026-03-06,VHT,2,0.43308908,0,0.71,False,False
NN_v1,2,2026-03-13,VAW,2,0.43403193,0,0.65,False,False
NN_v1,2,2026-03-13,VHT,1,0.4354763,0,0.62,False,False
NN_v1,2,2026-03-20,VAW,1,0.44189808,1,0.69,False,False
NN_v1,2,2026-03-20,VCR,2,0.44079664,0,0.58,False,False
NN_v1,2,2026-03-27,VGT,2,0.41540667,1,0.61,False,False
NN_v1,2,2026-03-27,VOX,1,0.4178898,1,0.67,False,False
NN_v1,2,2026-04-03,VDC,2,0.3981453,0,0.61,False,False
NN_v1,2,2026-04-03,VGT,1,0.39829668,1,0.61,False,False
NN_v1,2,2026-04-10,VDE,1,0.4430108,0,0.67,False,False
NN_v1,2,2026-04-10,VHT,2,0.3923889,1,0.61,False,False
NN_v1,2,2026-04-17,VAW,2,0.36757016,0,0.66,False,False
NN_v1,2,2026-04-17,VDE,1,0.44240287,1,0.63,False,False
NN_v1,2,2026-04-24,VHT,2,0.41879523,0,0.68,False,False
NN_v1,2,2026-04-24,VOX,1,0.42131168,1,0.64,False,False
NN_v1,2,2026-05-01,VAW,2,0.39557514,1,0.63,False,False
NN_v1,2,2026-05-01,VCR,1,0.3986097,1,0.62,False,False
NN_v1,2,2026-05-08,VDE,1,0.43784752,1,0.6,False,False
NN_v1,2,2026-05-08,VHT,2,0.4105408,0,0.66,False,False
NN_v1,2,2026-05-15,VAW,1,0.4161746,0,0.59,False,False
NN_v1,2,2026-05-15,VCR,2,0.40321234,1,0.65,False,False
NN_v1,2,2026-05-22,VAW,1,0.38239777,1,0.64,False,False
NN_v1,2,2026-05-22,VDE,2,0.3817574,0,0.65,False,False
NN_v1,2,2026-05-29,VDE,1,0.4518042,0,0.65,False,False
NN_v1,2,2026-05-29,VPU,2,0.3857959,0,0.63,False,False
NN_v1,2,2026-06-05,VCR,2,0.41373867,1,0.69,False,False
NN_v1,2,2026-06-05,VDE,1,0.42455846,0,0.65,False,False
NN_v1,2,2026-06-12,VDE,2,0.3763223,0,0.63,False,False
NN_v1,2,2026-06-12,VOX,1,0.38231766,0,0.66,False,False
NN_v1,2,2026-06-19,VDE,1,0.44592798,0,0.68,False,False
NN_v1,2,2026-06-19,VPU,2,0.38419178,1,0.7,False,False
NN_v1,2,2026-06-26,VDE,1,0.39656052,0,0.66,False,False
NN_v1,2,2026-06-26,VGT,2,0.3900053,0,0.57,False,False
NN_v1,2,2026-07-03,VDE,1,0.39228535,1,0.68,False,False
NN_v1,2,2026-07-03,VGT,2,0.38146836,1,0.66,False,False
NN_v1,2,2026-07-10,VDE,1,0.40707454,1,0.71,False,False
NN_v1,2,2026-07-10,VPU,2,0.39294836,0,0.59,False,False
NN_v1,2,2026-07-17,VGT,1,0.4086614,0,0.65,False,False
NN_v1,2,2026-07-17,VHT,2,0.39872888,0,0.64,False,False
NN_v1,2,2026-07-31,VDE,2,0.40669265,0,0.59,False,False
NN_v1,2,2026-07-31,VGT,1,0.41286802,1,0.65,False,False
NN_v1,3,2008-01-04,VCR,3,0.49886385,0,0.58,False,False
NN_v1,3,2008-01-04,VFH,2,0.5188194,0,0.53,False,False
NN_v1,3,2008-01-04,VNQ,1,0.52872854,0,0.5,False,False
NN_v1,3,2008-01-11,VCR,2,0.4964063,0,0.64,False,False
NN_v1,3,2008-01-11,VFH,3,0.49246192,0,0.48,False,False
NN_v1,3,2008-01-11,VNQ,1,0.5103375,0,0.7,False,False
NN_v1,3,2008-01-18,VAW,3,0.5049421,1,0.59,False,False
NN_v1,3,2008-01-18,VFH,2,0.5186108,1,0.5,False,False
NN_v1,3,2008-01-18,VNQ,1,0.5240163,1,0.55,False,False
NN_v1,3,2008-01-25,VGT,3,0.43911782,1,0.64,False,False
NN_v1,3,2008-01-25,VOX,1,0.45680177,1,0.61,False,False
NN_v1,3,2008-01-25,VPU,2,0.4399923,1,0.59,False,False
NN_v1,3,2008-02-01,VGT,1,0.34537667,0,0.64,False,False
NN_v1,3,2008-02-01,VHT,2,0.32400736,0,0.62,False,False
NN_v1,3,2008-02-01,VPU,3,0.2915793,0,0.63,False,False
NN_v1,3,2008-02-08,VFH,2,0.49398336,0,0.72,False,False
NN_v1,3,2008-02-08,VGT,1,0.5057484,0,0.62,False,False
NN_v1,3,2008-02-08,VNQ,3,0.48968238,0,0.57,False,False
NN_v1,3,2008-02-15,VFH,1,0.47856987,0,0.64,False,False
NN_v1,3,2008-02-15,VGT,2,0.4706425,0,0.58,False,False
NN_v1,3,2008-02-15,VNQ,3,0.47026163,0,0.73,False,False
NN_v1,3,2008-02-22,VGT,2,0.49330372,0,0.57,False,False
NN_v1,3,2008-02-22,VOX,1,0.5118433,0,0.6,False,False
NN_v1,3,2008-02-22,VPU,3,0.471198,0,0.63,False,False
NN_v1,3,2008-02-29,VFH,2,0.505829,0,0.53,False,False
NN_v1,3,2008-02-29,VGT,3,0.5004246,0,0.54,False,False
NN_v1,3,2008-02-29,VOX,1,0.51415455,0,0.51,False,False
NN_v1,3,2008-03-07,VFH,1,0.530839,0,0.5,False,False
NN_v1,3,2008-03-07,VGT,3,0.5029607,0,0.56,False,False
NN_v1,3,2008-03-07,VOX,2,0.5169124,0,0.49,False,False
NN_v1,3,2008-03-14,VFH,2,0.5073628,1,0.62,False,False
NN_v1,3,2008-03-14,VHT,3,0.4892073,1,0.65,False,False
NN_v1,3,2008-03-14,VOX,1,0.5263054,1,0.46,False,False
NN_v1,3,2008-03-21,VAW,3,0.45927957,1,0.54,False,False
NN_v1,3,2008-03-21,VGT,2,0.45974696,0,0.66,False,False
NN_v1,3,2008-03-21,VOX,1,0.4682003,0,0.62,False,False
NN_v1,3,2008-03-28,VFH,1,0.49877253,1,0.47,False,False
NN_v1,3,2008-03-28,VGT,3,0.46991745,1,0.7,False,False
NN_v1,3,2008-03-28,VPU,2,0.47624338,1,0.68,False,False
NN_v1,3,2008-04-04,VFH,1,0.37896547,0,0.59,False,False
NN_v1,3,2008-04-04,VHT,3,0.36098096,0,0.66,False,False
NN_v1,3,2008-04-04,VOX,2,0.36189848,0,0.6,False,False
NN_v1,3,2008-04-11,VFH,2,0.49167058,1,0.48,False,False
NN_v1,3,2008-04-11,VHT,3,0.48385748,0,0.6,False,False
NN_v1,3,2008-04-11,VOX,1,0.49897867,1,0.58,False,False
NN_v1,3,2008-04-18,VFH,2,0.35513246,1,0.65,False,False
NN_v1,3,2008-04-18,VHT,3,0.3515237,1,0.66,False,False
NN_v1,3,2008-04-18,VOX,1,0.37674782,1,0.64,False,False
NN_v1,3,2008-04-25,VAW,2,0.42426804,0,0.72,False,False
NN_v1,3,2008-04-25,VFH,3,0.41049072,1,0.67,False,False
NN_v1,3,2008-04-25,VHT,1,0.427629,0,0.71,False,False
NN_v1,3,2008-05-02,VAW,2,0.42800146,1,0.7,False,False
NN_v1,3,2008-05-02,VDE,1,0.4338395,1,0.67,False,False
NN_v1,3,2008-05-02,VNQ,3,0.42126125,0,0.67,False,False
NN_v1,3,2008-05-09,VCR,3,0.44843912,1,0.67,False,False
NN_v1,3,2008-05-09,VFH,1,0.47674346,0,0.59,False,False
NN_v1,3,2008-05-09,VNQ,2,0.4495679,1,0.65,False,False
NN_v1,3,2008-05-16,VCR,3,0.34651005,0,0.68,False,False
NN_v1,3,2008-05-16,VFH,1,0.43092474,0,0.67,False,False
NN_v1,3,2008-05-16,VOX,2,0.35304537,0,0.65,False,False
NN_v1,3,2008-05-23,VCR,3,0.44901887,0,0.69,False,False
NN_v1,3,2008-05-23,VFH,1,0.4903436,1,0.55,False,False
NN_v1,3,2008-05-23,VIS,2,0.45007226,1,0.78,False,False
NN_v1,3,2008-05-30,VAW,2,0.39729705,0,0.65,False,False
NN_v1,3,2008-05-30,VDE,3,0.3940373,1,0.65,False,False
NN_v1,3,2008-05-30,VFH,1,0.41729128,0,0.67,False,False
NN_v1,3,2008-06-06,VAW,3,0.44354084,0,0.58,False,False
NN_v1,3,2008-06-06,VFH,1,0.49656245,0,0.48,False,False
NN_v1,3,2008-06-06,VNQ,2,0.44983146,0,0.68,False,False
NN_v1,3,2008-06-13,VFH,1,0.5043625,0,0.52,False,False
NN_v1,3,2008-06-13,VIS,3,0.43801907,0,0.65,False,False
NN_v1,3,2008-06-13,VNQ,2,0.45382085,0,0.65,False,False
NN_v1,3,2008-06-20,VCR,3,0.47230053,0,0.58,False,False
NN_v1,3,2008-06-20,VFH,1,0.52838075,0,0.51,False,False
NN_v1,3,2008-06-20,VNQ,2,0.49453148,0,0.55,False,False
NN_v1,3,2008-06-27,VCR,3,0.4967645,0,0.52,False,False
NN_v1,3,2008-06-27,VFH,1,0.55404073,0,0.54,False,False
NN_v1,3,2008-06-27,VNQ,2,0.509278,0,0.57,False,False
NN_v1,3,2008-07-04,VAW,2,0.5067216,1,0.51,False,False
NN_v1,3,2008-07-04,VFH,1,0.5468423,0,0.51,False,False
NN_v1,3,2008-07-04,VNQ,3,0.5047729,0,0.42,False,False
NN_v1,3,2008-07-11,VCR,2,0.51949716,1,0.55,False,False
NN_v1,3,2008-07-11,VFH,1,0.5594619,1,0.37,False,False
NN_v1,3,2008-07-11,VNQ,3,0.4904054,1,0.5,False,False
NN_v1,3,2008-07-18,VAW,2,0.4654377,0,0.54,False,False
NN_v1,3,2008-07-18,VDE,1,0.4780386,0,0.55,False,False
NN_v1,3,2008-07-18,VPU,3,0.4508678,0,0.63,False,False
NN_v1,3,2008-07-25,VAW,2,0.49137795,1,0.46,False,False
NN_v1,3,2008-07-25,VDE,1,0.510855,0,0.53,False,False
NN_v1,3,2008-07-25,VPU,3,0.47324777,0,0.56,False,False
NN_v1,3,2008-08-01,VAW,2,0.49596852,0,0.63,False,False
NN_v1,3,2008-08-01,VDE,1,0.49686268,0,0.59,False,False
NN_v1,3,2008-08-01,VOX,3,0.481811,1,0.53,False,False
NN_v1,3,2008-08-08,VAW,2,0.50667894,1,0.51,False,False
NN_v1,3,2008-08-08,VDE,1,0.5176369,0,0.59,False,False
NN_v1,3,2008-08-08,VFH,3,0.44487455,0,0.62,False,False
NN_v1,3,2008-08-15,VAW,2,0.5064424,0,0.74,False,False
NN_v1,3,2008-08-15,VDE,1,0.5242621,1,0.6,False,False
NN_v1,3,2008-08-15,VFH,3,0.49683967,0,0.44,False,False
NN_v1,3,2008-08-22,VAW,2,0.47860143,0,0.56,False,False
NN_v1,3,2008-08-22,VFH,1,0.49785703,1,0.54,False,False
NN_v1,3,2008-08-22,VNQ,3,0.47178313,1,0.53,False,False
NN_v1,3,2008-08-29,VAW,2,0.46296534,0,0.68,False,False
NN_v1,3,2008-08-29,VDE,1,0.46975055,0,0.64,False,False
NN_v1,3,2008-08-29,VOX,3,0.46042442,0,0.56,False,False
NN_v1,3,2008-09-05,VAW,2,0.5017766,0,0.45,False,False
NN_v1,3,2008-09-05,VDE,1,0.5331944,0,0.52,False,False
NN_v1,3,2008-09-05,VGT,3,0.48578086,0,0.6,False,False
NN_v1,3,2008-09-12,VAW,2,0.48361078,1,0.56,False,False
NN_v1,3,2008-09-12,VDE,1,0.5144618,1,0.59,False,False
NN_v1,3,2008-09-12,VGT,3,0.46409643,1,0.54,False,False
NN_v1,3,2008-09-19,VAW,1,0.48263076,0,0.5,False,False
NN_v1,3,2008-09-19,VDE,2,0.46685305,0,0.65,False,False
NN_v1,3,2008-09-19,VGT,3,0.45123658,0,0.62,False,False
NN_v1,3,2008-09-26,VAW,1,0.521435,0,0.59,False,False
NN_v1,3,2008-09-26,VDE,2,0.5071474,0,0.58,False,False
NN_v1,3,2008-09-26,VIS,3,0.4743432,0,0.63,False,False
NN_v1,3,2008-10-03,VAW,1,0.6001515,0,0.66,False,False
NN_v1,3,2008-10-03,VDE,2,0.57186407,0,0.55,False,False
NN_v1,3,2008-10-03,VIS,3,0.54084986,0,0.53,False,False
NN_v1,3,2008-10-10,VAW,2,0.560135,0,0.59,False,False
NN_v1,3,2008-10-10,VDE,1,0.6368463,1,0.55,False,False
NN_v1,3,2008-10-10,VOX,3,0.5313625,0,0.64,False,False
NN_v1,3,2008-10-17,VAW,3,0.47973156,0,0.63,False,False
NN_v1,3,2008-10-17,VDE,1,0.55587316,0,0.6,False,False
NN_v1,3,2008-10-17,VNQ,2,0.50654566,0,0.6,False,False
NN_v1,3,2008-10-24,VAW,2,0.6066507,1,0.71,False,False
NN_v1,3,2008-10-24,VFH,3,0.5796043,1,0.64,False,False
NN_v1,3,2008-10-24,VNQ,1,0.66150653,1,0.72,False,False
NN_v1,3,2008-10-31,VAW,1,0.20103344,0,0.67,False,False
NN_v1,3,2008-10-31,VGT,3,0.18124633,0,0.67,False,False
NN_v1,3,2008-10-31,VNQ,2,0.18392247,0,0.66,False,False
NN_v1,3,2008-11-07,VAW,1,0.613711,0,0.58,False,False
NN_v1,3,2008-11-07,VFH,3,0.6087285,0,0.62,False,False
NN_v1,3,2008-11-07,VNQ,2,0.6132215,0,0.49,False,False
NN_v1,3,2008-11-14,VAW,2,0.63153607,0,0.7,False,False
NN_v1,3,2008-11-14,VFH,3,0.62693095,0,0.5,False,False
NN_v1,3,2008-11-14,VNQ,1,0.68094224,0,0.65,False,False
NN_v1,3,2008-11-21,VAW,3,0.6547343,1,0.56,False,False
NN_v1,3,2008-11-21,VFH,2,0.70674664,1,0.57,False,False
NN_v1,3,2008-11-21,VNQ,1,0.7302505,1,0.51,False,False
NN_v1,3,2008-11-28,VAW,3,0.35870257,0,0.65,False,False
NN_v1,3,2008-11-28,VHT,1,0.38051254,1,0.7,False,False
NN_v1,3,2008-11-28,VNQ,2,0.37500888,1,0.63,False,False
NN_v1,3,2008-12-05,VAW,1,0.6160181,1,0.66,False,False
NN_v1,3,2008-12-05,VDE,2,0.60999656,1,0.47,False,False
NN_v1,3,2008-12-05,VGT,3,0.5740011,1,0.54,False,False
NN_v1,3,2008-12-12,VFH,1,0.6120555,1,0.54,False,False
NN_v1,3,2008-12-12,VIS,2,0.57074493,1,0.58,False,False
NN_v1,3,2008-12-12,VNQ,3,0.57054245,1,0.58,False,False
NN_v1,3,2008-12-19,VAW,3,0.5763295,0,0.61,False,False
NN_v1,3,2008-12-19,VDE,2,0.58067435,0,0.59,False,False
NN_v1,3,2008-12-19,VFH,1,0.59934074,0,0.63,False,False
NN_v1,3,2008-12-26,VAW,3,0.57897246,1,0.52,False,False
NN_v1,3,2008-12-26,VFH,1,0.62711453,1,0.45,False,False
NN_v1,3,2008-12-26,VNQ,2,0.59741783,0,0.49,False,False
NN_v1,3,2009-01-02,VFH,2,0.38122836,0,0.62,False,False
NN_v1,3,2009-01-02,VGT,3,0.36649436,0,0.61,False,False
NN_v1,3,2009-01-02,VNQ,1,0.42075887,0,0.69,False,False
NN_v1,3,2009-01-09,VFH,3,0.44450578,0,0.7,False,False
NN_v1,3,2009-01-09,VHT,2,0.4525044,0,0.64,False,False
NN_v1,3,2009-01-09,VNQ,1,0.45475188,0,0.69,False,False
NN_v1,3,2009-01-16,VFH,2,0.43712777,0,0.64,False,False
NN_v1,3,2009-01-16,VHT,3,0.42986974,0,0.63,False,False
NN_v1,3,2009-01-16,VNQ,1,0.4424082,0,0.68,False,False
NN_v1,3,2009-01-23,VCR,3,0.44191924,0,0.67,False,False
NN_v1,3,2009-01-23,VFH,1,0.46905196,0,0.65,False,False
NN_v1,3,2009-01-23,VNQ,2,0.4504773,0,0.68,False,False
NN_v1,3,2009-01-30,VCR,2,0.44809705,1,0.58,False,False
NN_v1,3,2009-01-30,VFH,1,0.47771737,1,0.72,False,False
NN_v1,3,2009-01-30,VNQ,3,0.44669768,1,0.64,False,False
NN_v1,3,2009-02-06,VDC,1,0.41274995,0,0.7,False,False
NN_v1,3,2009-02-06,VIS,3,0.40363076,0,0.62,False,False
NN_v1,3,2009-02-06,VNQ,2,0.40598103,0,0.65,False,False
NN_v1,3,2009-02-13,VDC,1,0.44975752,0,0.71,False,False
NN_v1,3,2009-02-13,VOX,2,0.4472859,0,0.7,False,False
NN_v1,3,2009-02-13,VPU,3,0.44670352,0,0.69,False,False
NN_v1,3,2009-02-20,VDC,3,0.45440677,0,0.69,False,False
NN_v1,3,2009-02-20,VFH,1,0.4563513,0,0.61,False,False
NN_v1,3,2009-02-20,VPU,2,0.4545928,0,0.69,False,False
NN_v1,3,2009-02-27,VFH,1,0.45863965,0,0.61,False,False
NN_v1,3,2009-02-27,VHT,3,0.44125044,0,0.61,False,False
NN_v1,3,2009-02-27,VPU,2,0.44767168,0,0.65,False,False
NN_v1,3,2009-03-06,VDC,2,0.44475743,1,0.68,False,False
NN_v1,3,2009-03-06,VHT,1,0.45413086,1,0.61,False,False
NN_v1,3,2009-03-06,VPU,3,0.44303837,1,0.59,False,False
NN_v1,3,2009-03-13,VDC,3,0.4010505,0,0.72,False,False
NN_v1,3,2009-03-13,VDE,2,0.40951747,1,0.65,False,False
NN_v1,3,2009-03-13,VPU,1,0.43544507,1,0.63,False,False
NN_v1,3,2009-03-20,VDC,3,0.445167,1,0.69,False,False
NN_v1,3,2009-03-20,VHT,2,0.44556233,1,0.65,False,False
NN_v1,3,2009-03-20,VNQ,1,0.44579223,0,0.63,False,False
NN_v1,3,2009-03-27,VHT,2,0.3990924,0,0.65,False,False
NN_v1,3,2009-03-27,VNQ,1,0.4238357,1,0.62,False,False
NN_v1,3,2009-03-27,VPU,3,0.36625546,1,0.65,False,False
NN_v1,3,2009-04-03,VDC,3,0.28058985,0,0.63,False,False
NN_v1,3,2009-04-03,VHT,1,0.3708424,1,0.61,False,False
NN_v1,3,2009-04-03,VPU,2,0.32798553,0,0.59,False,False
NN_v1,3,2009-04-10,VDE,3,0.34772503,1,0.58,False,False
NN_v1,3,2009-04-10,VHT,1,0.39825463,1,0.7,False,False
NN_v1,3,2009-04-10,VPU,2,0.37781906,0,0.68,False,False
NN_v1,3,2009-04-17,VDE,2,0.36995858,1,0.69,False,False
NN_v1,3,2009-04-17,VHT,3,0.35495874,0,0.63,False,False
NN_v1,3,2009-04-17,VPU,1,0.387691,0,0.64,False,False
NN_v1,3,2009-04-24,VHT,2,0.40620458,1,0.68,False,False
NN_v1,3,2009-04-24,VOX,3,0.39859012,1,0.68,False,False
NN_v1,3,2009-04-24,VPU,1,0.4201071,1,0.64,False,False
NN_v1,3,2009-05-01,VDC,3,0.3629897,1,0.61,False,False
NN_v1,3,2009-05-01,VHT,1,0.38137603,1,0.59,False,False
NN_v1,3,2009-05-01,VPU,2,0.3744533,1,0.61,False,False
NN_v1,3,2009-05-08,VGT,3,0.3093931,0,0.7,False,False
NN_v1,3,2009-05-08,VHT,1,0.32324648,0,0.68,False,False
NN_v1,3,2009-05-08,VPU,2,0.31426102,0,0.62,False,False
NN_v1,3,2009-05-15,VAW,2,0.4399288,1,0.55,False,False
NN_v1,3,2009-05-15,VCR,1,0.4410804,0,0.69,False,False
NN_v1,3,2009-05-15,VDE,3,0.43886685,0,0.71,False,False
NN_v1,3,2009-05-22,VFH,1,0.42237034,1,0.6,False,False
NN_v1,3,2009-05-22,VNQ,2,0.41875646,1,0.71,False,False
NN_v1,3,2009-05-22,VOX,3,0.41566613,1,0.65,False,False
NN_v1,3,2009-05-29,VHT,1,0.34466067,0,0.62,False,False
NN_v1,3,2009-05-29,VOX,3,0.32883686,0,0.66,False,False
NN_v1,3,2009-05-29,VPU,2,0.34282276,0,0.64,False,False
NN_v1,3,2009-06-05,VHT,1,0.3439014,0,0.61,False,False
NN_v1,3,2009-06-05,VOX,3,0.3196411,1,0.66,False,False
NN_v1,3,2009-06-05,VPU,2,0.3265714,1,0.61,False,False
NN_v1,3,2009-06-12,VDC,3,0.3110703,0,0.66,False,False
NN_v1,3,2009-06-12,VHT,1,0.3341342,1,0.66,False,False
NN_v1,3,2009-06-12,VOX,2,0.31226325,0,0.61,False,False
NN_v1,3,2009-06-19,VAW,3,0.42000985,1,0.67,False,False
NN_v1,3,2009-06-19,VDE,1,0.43184793,0,0.64,False,False
NN_v1,3,2009-06-19,VFH,2,0.42045948,0,0.68,False,False
NN_v1,3,2009-06-26,VAW,1,0.43243614,0,0.65,False,False
NN_v1,3,2009-06-26,VDE,2,0.42633376,0,0.61,False,False
NN_v1,3,2009-06-26,VNQ,3,0.41747195,0,0.62,False,False
NN_v1,3,2009-07-03,VAW,1,0.45193335,0,0.63,False,False
NN_v1,3,2009-07-03,VFH,3,0.44835562,0,0.66,False,False
NN_v1,3,2009-07-03,VNQ,2,0.4488917,0,0.62,False,False
NN_v1,3,2009-07-10,VFH,1,0.45559853,1,0.61,False,False
NN_v1,3,2009-07-10,VIS,3,0.44973007,1,0.57,False,False
NN_v1,3,2009-07-10,VNQ,2,0.4537419,1,0.63,False,False
NN_v1,3,2009-07-17,VFH,2,0.3447985,1,0.68,False,False
NN_v1,3,2009-07-17,VNQ,1,0.35983422,1,0.62,False,False
NN_v1,3,2009-07-17,VOX,3,0.3371629,1,0.62,False,False
NN_v1,3,2009-07-24,VFH,1,0.31092364,1,0.65,False,False
NN_v1,3,2009-07-24,VIS,3,0.2833526,1,0.67,False,False
NN_v1,3,2009-07-24,VOX,2,0.2976988,0,0.67,False,False
NN_v1,3,2009-07-31,VCR,3,0.3136242,1,0.68,False,False
NN_v1,3,2009-07-31,VDE,1,0.33875552,0,0.59,False,False
NN_v1,3,2009-07-31,VOX,2,0.31428155,0,0.63,False,False
NN_v1,3,2009-08-07,VDE,1,0.32153058,0,0.7,False,False
NN_v1,3,2009-08-07,VGT,3,0.28594637,0,0.65,False,False
NN_v1,3,2009-08-07,VOX,2,0.30603305,0,0.68,False,False
NN_v1,3,2009-08-14,VAW,3,0.35131666,1,0.61,False,False
NN_v1,3,2009-08-14,VDE,1,0.3768609,1,0.6,False,False
NN_v1,3,2009-08-14,VOX,2,0.36213756,1,0.61,False,False
NN_v1,3,2009-08-21,VCR,2,0.32240987,0,0.57,False,False
NN_v1,3,2009-08-21,VNQ,1,0.3391589,1,0.56,False,False
NN_v1,3,2009-08-21,VOX,3,0.3170108,0,0.55,False,False
NN_v1,3,2009-08-28,VAW,2,0.3384395,0,0.61,False,False
NN_v1,3,2009-08-28,VDE,3,0.3271039,0,0.63,False,False
NN_v1,3,2009-08-28,VIS,1,0.3399855,1,0.64,False,False
NN_v1,3,2009-09-04,VDE,2,0.40102556,1,0.56,False,False
NN_v1,3,2009-09-04,VFH,3,0.38385665,0,0.68,False,False
NN_v1,3,2009-09-04,VNQ,1,0.40601277,1,0.7,False,False
NN_v1,3,2009-09-11,VDE,3,0.3097941,1,0.64,False,False
NN_v1,3,2009-09-11,VFH,1,0.32304975,1,0.62,False,False
NN_v1,3,2009-09-11,VPU,2,0.3140739,1,0.63,False,False
NN_v1,3,2009-09-18,VGT,1,0.29583395,0,0.63,False,False
NN_v1,3,2009-09-18,VOX,2,0.29581568,0,0.59,False,False
NN_v1,3,2009-09-18,VPU,3,0.29537913,0,0.6,False,False
NN_v1,3,2009-09-25,VAW,3,0.3898881,0,0.54,False,False
NN_v1,3,2009-09-25,VDE,1,0.3961335,0,0.6,False,False
NN_v1,3,2009-09-25,VNQ,2,0.3943945,0,0.65,False,False
NN_v1,3,2009-10-02,VCR,3,0.40546873,1,0.62,False,False
NN_v1,3,2009-10-02,VFH,2,0.4119237,1,0.66,False,False
NN_v1,3,2009-10-02,VNQ,1,0.42435881,1,0.68,False,False
NN_v1,3,2009-10-09,VIS,3,0.3154764,0,0.65,False,False
NN_v1,3,2009-10-09,VNQ,1,0.35612744,0,0.65,False,False
NN_v1,3,2009-10-09,VPU,2,0.32172787,0,0.57,False,False
NN_v1,3,2009-10-16,VGT,3,0.32429522,0,0.64,False,False
NN_v1,3,2009-10-16,VNQ,1,0.3543513,0,0.63,False,False
NN_v1,3,2009-10-16,VPU,2,0.33172393,0,0.6,False,False
NN_v1,3,2009-10-23,VAW,3,0.36287937,0,0.58,False,False
NN_v1,3,2009-10-23,VFH,2,0.37649006,0,0.61,False,False
NN_v1,3,2009-10-23,VNQ,1,0.37989035,0,0.67,False,False
NN_v1,3,2009-10-30,VDE,2,0.45098254,1,0.76,False,False
NN_v1,3,2009-10-30,VFH,3,0.44978634,0,0.66,False,False
NN_v1,3,2009-10-30,VNQ,1,0.45106405,0,0.7,False,False
NN_v1,3,2009-11-06,VAW,3,0.38610172,1,0.65,False,False
NN_v1,3,2009-11-06,VFH,2,0.3901859,1,0.6,False,False
NN_v1,3,2009-11-06,VNQ,1,0.392571,1,0.64,False,False
NN_v1,3,2009-11-13,VFH,1,0.38490665,0,0.64,False,False
NN_v1,3,2009-11-13,VNQ,2,0.3689477,0,0.63,False,False
NN_v1,3,2009-11-13,VPU,3,0.36429518,0,0.54,False,False
NN_v1,3,2009-11-20,VCR,3,0.38454697,0,0.58,False,False
NN_v1,3,2009-11-20,VFH,1,0.3976169,0,0.66,False,False
NN_v1,3,2009-11-20,VNQ,2,0.39494273,0,0.6,False,False
NN_v1,3,2009-11-27,VCR,3,0.36654577,1,0.6,False,False
NN_v1,3,2009-11-27,VFH,2,0.37227276,1,0.6,False,False
NN_v1,3,2009-11-27,VNQ,1,0.37873915,1,0.6,False,False
NN_v1,3,2009-12-04,VAW,3,0.34536448,0,0.61,False,False
NN_v1,3,2009-12-04,VDE,1,0.3487129,0,0.64,False,False
NN_v1,3,2009-12-04,VFH,2,0.3473128,0,0.67,False,False
NN_v1,3,2009-12-11,VDE,2,0.37258825,0,0.68,False,False
NN_v1,3,2009-12-11,VFH,1,0.37411737,0,0.63,False,False
NN_v1,3,2009-12-11,VNQ,3,0.36384973,1,0.64,False,False
NN_v1,3,2009-12-18,VDE,3,0.3557448,0,0.71,False,False
NN_v1,3,2009-12-18,VFH,2,0.37679744,1,0.54,False,False
NN_v1,3,2009-12-18,VNQ,1,0.3860081,1,0.6,False,False
NN_v1,3,2009-12-25,VDC,2,0.2997917,0,0.66,False,False
NN_v1,3,2009-12-25,VFH,1,0.3259177,0,0.62,False,False
NN_v1,3,2009-12-25,VIS,3,0.29203668,0,0.68,False,False
NN_v1,3,2010-01-01,VCR,2,0.44609985,1,0.67,False,False
NN_v1,3,2010-01-01,VFH,1,0.45235613,1,0.65,False,False
NN_v1,3,2010-01-01,VIS,3,0.44589147,1,0.67,False,False
NN_v1,3,2010-01-08,VCR,3,0.4218467,0,0.64,False,False
NN_v1,3,2010-01-08,VDC,1,0.42452684,0,0.67,False,False
NN_v1,3,2010-01-08,VNQ,2,0.4243213,0,0.67,False,False
NN_v1,3,2010-01-15,VCR,3,0.44368365,0,0.64,False,False
NN_v1,3,2010-01-15,VGT,2,0.4438155,0,0.72,False,False
NN_v1,3,2010-01-15,VNQ,1,0.4513728,0,0.69,False,False
NN_v1,3,2010-01-22,VCR,3,0.45218495,0,0.7,False,False
NN_v1,3,2010-01-22,VFH,2,0.45383137,0,0.61,False,False
NN_v1,3,2010-01-22,VIS,1,0.45595396,0,0.61,False,False
NN_v1,3,2010-01-29,VFH,1,0.4445773,0,0.67,False,False
NN_v1,3,2010-01-29,VIS,3,0.44172877,0,0.75,False,False
NN_v1,3,2010-01-29,VNQ,2,0.4442717,0,0.7,False,False
NN_v1,3,2010-02-05,VAW,3,0.44754785,1,0.74,False,False
NN_v1,3,2010-02-05,VGT,1,0.45328283,1,0.64,False,False
NN_v1,3,2010-02-05,VNQ,2,0.44784108,0,0.67,False,False
NN_v1,3,2010-02-12,VDC,3,0.44269574,1,0.65,False,False
NN_v1,3,2010-02-12,VFH,1,0.44433442,1,0.59,False,False
NN_v1,3,2010-02-12,VHT,2,0.44332463,1,0.71,False,False
NN_v1,3,2010-02-19,VDC,3,0.42441332,0,0.66,False,False
NN_v1,3,2010-02-19,VDE,1,0.4279842,0,0.63,False,False
NN_v1,3,2010-02-19,VHT,2,0.4260695,0,0.68,False,False
NN_v1,3,2010-02-26,VAW,1,0.44067225,1,0.63,False,False
NN_v1,3,2010-02-26,VDE,3,0.43382582,1,0.69,False,False
NN_v1,3,2010-02-26,VOX,2,0.43558815,1,0.65,False,False
NN_v1,3,2010-03-05,VGT,3,0.41832516,1,0.63,False,False
NN_v1,3,2010-03-05,VOX,2,0.42660725,1,0.68,False,False
NN_v1,3,2010-03-05,VPU,1,0.43209982,0,0.65,False,False
NN_v1,3,2010-03-12,VDC,2,0.42839622,1,0.61,False,False
NN_v1,3,2010-03-12,VHT,3,0.42648852,1,0.66,False,False
NN_v1,3,2010-03-12,VPU,1,0.43475184,1,0.66,False,False
NN_v1,3,2010-03-19,VAW,1,0.4406274,1,0.59,False,False
NN_v1,3,2010-03-19,VGT,2,0.43394983,1,0.64,False,False
NN_v1,3,2010-03-19,VPU,3,0.4335033,0,0.6,False,False
NN_v1,3,2010-03-26,VAW,3,0.42768437,1,0.65,False,False
NN_v1,3,2010-03-26,VDE,1,0.43381304,1,0.64,False,False
NN_v1,3,2010-03-26,VPU,2,0.42931083,1,0.64,False,False
NN_v1,3,2010-04-02,VDE,1,0.43211246,1,0.63,False,False
NN_v1,3,2010-04-02,VOX,3,0.4236753,0,0.65,False,False
NN_v1,3,2010-04-02,VPU,2,0.4248367,0,0.61,False,False
NN_v1,3,2010-04-09,VGT,2,0.42146006,1,0.66,False,False
NN_v1,3,2010-04-09,VOX,3,0.4200591,0,0.7,False,False
NN_v1,3,2010-04-09,VPU,1,0.4223987,0,0.63,False,False
NN_v1,3,2010-04-16,VHT,1,0.44271454,0,0.69,False,False
NN_v1,3,2010-04-16,VOX,3,0.43733677,0,0.56,False,False
NN_v1,3,2010-04-16,VPU,2,0.43909436,1,0.65,False,False
NN_v1,3,2010-04-23,VHT,2,0.42356247,0,0.59,False,False
NN_v1,3,2010-04-23,VOX,3,0.42036322,0,0.61,False,False
NN_v1,3,2010-04-23,VPU,1,0.42481023,0,0.62,False,False
NN_v1,3,2010-04-30,VDC,1,0.45162868,0,0.65,False,False
NN_v1,3,2010-04-30,VGT,3,0.44933197,0,0.67,False,False
NN_v1,3,2010-04-30,VHT,2,0.45111164,0,0.66,False,False
NN_v1,3,2010-05-07,VDC,3,0.43509415,0,0.71,False,False
NN_v1,3,2010-05-07,VNQ,2,0.43561897,0,0.66,False,False
NN_v1,3,2010-05-07,VPU,1,0.44477803,0,0.68,False,False
NN_v1,3,2010-05-14,VAW,2,0.44031322,0,0.62,False,False
NN_v1,3,2010-05-14,VCR,1,0.44136268,0,0.65,False,False
NN_v1,3,2010-05-14,VGT,3,0.4382501,0,0.64,False,False
NN_v1,3,2010-05-21,VDC,1,0.45221952,0,0.68,False,False
NN_v1,3,2010-05-21,VHT,3,0.44777098,1,0.7,False,False
NN_v1,3,2010-05-21,VOX,2,0.45160484,0,0.63,False,False
NN_v1,3,2010-05-28,VGT,3,0.4392953,0,0.64,False,False
NN_v1,3,2010-05-28,VIS,1,0.4425289,0,0.71,False,False
NN_v1,3,2010-05-28,VPU,2,0.44203687,0,0.64,False,False
NN_v1,3,2010-06-04,VDC,1,0.44677365,1,0.75,False,False
NN_v1,3,2010-06-04,VGT,3,0.44013223,0,0.65,False,False
NN_v1,3,2010-06-04,VOX,2,0.44346762,1,0.67,False,False
NN_v1,3,2010-06-11,VCR,2,0.43625307,0,0.62,False,False
NN_v1,3,2010-06-11,VFH,3,0.43395293,1,0.69,False,False
NN_v1,3,2010-06-11,VIS,1,0.43906325,1,0.62,False,False
NN_v1,3,2010-06-18,VCR,1,0.43900687,0,0.65,False,False
NN_v1,3,2010-06-18,VDC,2,0.4331775,0,0.65,False,False
NN_v1,3,2010-06-18,VFH,3,0.43047863,0,0.65,False,False
NN_v1,3,2010-06-25,VDC,3,0.4431087,0,0.71,False,False
NN_v1,3,2010-06-25,VNQ,1,0.45414707,0,0.59,False,False
NN_v1,3,2010-06-25,VPU,2,0.44336623,0,0.67,False,False
NN_v1,3,2010-07-02,VDC,3,0.4112615,1,0.62,False,False
NN_v1,3,2010-07-02,VDE,2,0.4151813,1,0.69,False,False
NN_v1,3,2010-07-02,VPU,1,0.42891014,1,0.63,False,False
NN_v1,3,2010-07-09,VCR,2,0.43267873,0,0.69,False,False
NN_v1,3,2010-07-09,VIS,3,0.4276015,0,0.61,False,False
NN_v1,3,2010-07-09,VNQ,1,0.4414842,0,0.71,False,False
NN_v1,3,2010-07-16,VHT,3,0.448216,0,0.7,False,False
NN_v1,3,2010-07-16,VNQ,1,0.45581156,1,0.68,False,False
NN_v1,3,2010-07-16,VOX,2,0.44915384,1,0.71,False,False
NN_v1,3,2010-07-23,VCR,3,0.42382374,0,0.62,False,False
NN_v1,3,2010-07-23,VFH,1,0.43598378,1,0.69,False,False
NN_v1,3,2010-07-23,VHT,2,0.4336878,0,0.62,False,False
NN_v1,3,2010-07-30,VDC,3,0.42649615,0,0.67,False,False
NN_v1,3,2010-07-30,VGT,2,0.43245155,0,0.65,False,False
NN_v1,3,2010-07-30,VHT,1,0.43598112,1,0.69,False,False
NN_v1,3,2010-08-06,VGT,2,0.42833602,0,0.7,False,False
NN_v1,3,2010-08-06,VIS,3,0.42792392,0,0.61,False,False
NN_v1,3,2010-08-06,VNQ,1,0.42936754,0,0.65,False,False
NN_v1,3,2010-08-13,VAW,3,0.44973296,1,0.71,False,False
NN_v1,3,2010-08-13,VIS,2,0.45217785,0,0.65,False,False
NN_v1,3,2010-08-13,VNQ,1,0.45872736,0,0.64,False,False
NN_v1,3,2010-08-20,VCR,3,0.44534627,0,0.7,False,False
NN_v1,3,2010-08-20,VIS,2,0.44608012,0,0.59,False,False
NN_v1,3,2010-08-20,VNQ,1,0.45523718,1,0.57,False,False
NN_v1,3,2010-08-27,VCR,1,0.44219458,1,0.62,False,False
NN_v1,3,2010-08-27,VDE,3,0.43688527,1,0.62,False,False
NN_v1,3,2010-08-27,VIS,2,0.43788254,1,0.64,False,False
NN_v1,3,2010-09-03,VGT,1,0.43265885,0,0.72,False,False
NN_v1,3,2010-09-03,VHT,2,0.42869344,1,0.67,False,False
NN_v1,3,2010-09-03,VIS,3,0.42002138,1,0.65,False,False
NN_v1,3,2010-09-10,VCR,3,0.42600518,1,0.7,False,False
NN_v1,3,2010-09-10,VGT,2,0.42648688,1,0.62,False,False
NN_v1,3,2010-09-10,VNQ,1,0.43756816,0,0.65,False,False
NN_v1,3,2010-09-17,VDE,2,0.42419183,1,0.6,False,False
NN_v1,3,2010-09-17,VFH,3,0.4231953,0,0.6,False,False
NN_v1,3,2010-09-17,VNQ,1,0.43158022,0,0.7,False,False
NN_v1,3,2010-09-24,VDC,3,0.4167466,0,0.64,False,False
NN_v1,3,2010-09-24,VFH,2,0.42017388,0,0.56,False,False
NN_v1,3,2010-09-24,VPU,1,0.42413825,0,0.64,False,False
NN_v1,3,2010-10-01,VDC,2,0.4348594,0,0.66,False,False
NN_v1,3,2010-10-01,VFH,1,0.43622068,1,0.65,False,False
NN_v1,3,2010-10-01,VNQ,3,0.4331175,1,0.64,False,False
NN_v1,3,2010-10-08,VFH,2,0.42337498,0,0.63,False,False
NN_v1,3,2010-10-08,VGT,1,0.42594987,1,0.67,False,False
NN_v1,3,2010-10-08,VHT,3,0.42152086,0,0.58,False,False
NN_v1,3,2010-10-15,VFH,2,0.42139113,1,0.68,False,False
NN_v1,3,2010-10-15,VIS,1,0.42406285,1,0.63,False,False
NN_v1,3,2010-10-15,VPU,3,0.4147205,0,0.58,False,False
NN_v1,3,2010-10-22,VFH,1,0.43145278,0,0.64,False,False
NN_v1,3,2010-10-22,VOX,3,0.42210326,0,0.64,False,False
NN_v1,3,2010-10-22,VPU,2,0.4244512,0,0.6,False,False
NN_v1,3,2010-10-29,VDE,3,0.43206948,1,0.66,False,False
NN_v1,3,2010-10-29,VHT,2,0.43310642,0,0.62,False,False
NN_v1,3,2010-10-29,VPU,1,0.4361844,0,0.63,False,False
NN_v1,3,2010-11-05,VHT,2,0.4190242,0,0.59,False,False
NN_v1,3,2010-11-05,VNQ,3,0.41641638,0,0.61,False,False
NN_v1,3,2010-11-05,VPU,1,0.42252275,0,0.64,False,False
NN_v1,3,2010-11-12,VDC,1,0.4522307,0,0.65,False,False
NN_v1,3,2010-11-12,VHT,3,0.44874504,0,0.67,False,False
NN_v1,3,2010-11-12,VPU,2,0.44991532,0,0.61,False,False
NN_v1,3,2010-11-19,VHT,3,0.44442052,0,0.67,False,False
NN_v1,3,2010-11-19,VNQ,2,0.44446886,1,0.7,False,False
NN_v1,3,2010-11-19,VPU,1,0.4448891,0,0.69,False,False
NN_v1,3,2010-11-26,VNQ,1,0.45631132,1,0.7,False,False
NN_v1,3,2010-11-26,VOX,3,0.44725132,1,0.66,False,False
NN_v1,3,2010-11-26,VPU,2,0.4488007,1,0.65,False,False
NN_v1,3,2010-12-03,VFH,3,0.42400414,1,0.68,False,False
NN_v1,3,2010-12-03,VNQ,1,0.43989003,0,0.63,False,False
NN_v1,3,2010-12-03,VPU,2,0.4353211,0,0.65,False,False
NN_v1,3,2010-12-10,VDC,3,0.44086665,1,0.65,False,False
NN_v1,3,2010-12-10,VNQ,1,0.4410622,0,0.68,False,False
NN_v1,3,2010-12-10,VPU,2,0.44105637,0,0.62,False,False
NN_v1,3,2010-12-17,VCR,3,0.4325689,0,0.65,False,False
NN_v1,3,2010-12-17,VNQ,2,0.44283587,1,0.64,False,False
NN_v1,3,2010-12-17,VPU,1,0.44359824,0,0.69,False,False
NN_v1,3,2010-12-24,VNQ,1,0.43632576,1,0.66,False,False
NN_v1,3,2010-12-24,VOX,3,0.43004784,0,0.67,False,False
NN_v1,3,2010-12-24,VPU,2,0.43373066,0,0.65,False,False
NN_v1,3,2010-12-31,VDC,3,0.4303577,0,0.6,False,False
NN_v1,3,2010-12-31,VHT,1,0.43435484,0,0.64,False,False
NN_v1,3,2010-12-31,VIS,2,0.4318011,0,0.71,False,False
NN_v1,3,2011-01-07,VAW,1,0.30615473,1,0.68,False,False
NN_v1,3,2011-01-07,VFH,2,0.28815308,1,0.63,False,False
NN_v1,3,2011-01-07,VIS,3,0.2863813,1,0.67,False,False
NN_v1,3,2011-01-14,VAW,2,0.24640918,0,0.64,False,False
NN_v1,3,2011-01-14,VFH,3,0.23818405,0,0.65,False,False
NN_v1,3,2011-01-14,VNQ,1,0.2699267,0,0.61,False,False
NN_v1,3,2011-01-21,VAW,1,0.4672786,1,0.67,False,False
NN_v1,3,2011-01-21,VGT,3,0.45247355,0,0.64,False,False
NN_v1,3,2011-01-21,VNQ,2,0.46678331,1,0.63,False,False
NN_v1,3,2011-01-28,VAW,2,0.42161706,1,0.66,False,False
NN_v1,3,2011-01-28,VFH,3,0.415345,1,0.64,False,False
NN_v1,3,2011-01-28,VGT,1,0.42906627,1,0.72,False,False
NN_v1,3,2011-02-04,VAW,3,0.20399645,0,0.65,False,False
NN_v1,3,2011-02-04,VFH,1,0.2176284,1,0.69,False,False
NN_v1,3,2011-02-04,VGT,2,0.21629708,0,0.63,False,False
NN_v1,3,2011-02-11,VDE,2,0.23254006,1,0.7,False,False
NN_v1,3,2011-02-11,VFH,3,0.22914384,0,0.69,False,False
NN_v1,3,2011-02-11,VNQ,1,0.24412034,0,0.68,False,False
NN_v1,3,2011-02-18,VAW,1,0.23519187,0,0.61,False,False
NN_v1,3,2011-02-18,VCR,3,0.2218203,0,0.68,False,False
NN_v1,3,2011-02-18,VGT,2,0.22586252,0,0.69,False,False
NN_v1,3,2011-02-25,VAW,1,0.46553373,0,0.66,False,False
NN_v1,3,2011-02-25,VCR,2,0.46072787,0,0.62,False,False
NN_v1,3,2011-02-25,VGT,3,0.4598258,0,0.69,False,False
NN_v1,3,2011-03-04,VAW,1,0.3674155,0,0.67,False,False
NN_v1,3,2011-03-04,VCR,3,0.35827616,0,0.7,False,False
NN_v1,3,2011-03-04,VIS,2,0.36250627,0,0.64,False,False
NN_v1,3,2011-03-11,VAW,2,0.47888294,0,0.57,False,False
NN_v1,3,2011-03-11,VGT,1,0.48170072,0,0.64,False,False
NN_v1,3,2011-03-11,VIS,3,0.47068888,0,0.7,False,False
NN_v1,3,2011-03-18,VCR,2,0.4683051,1,0.65,False,False
NN_v1,3,2011-03-18,VDE,3,0.46713132,1,0.66,False,False
NN_v1,3,2011-03-18,VGT,1,0.4765217,1,0.6,False,False
NN_v1,3,2011-03-25,VAW,1,0.2620105,1,0.68,False,False
NN_v1,3,2011-03-25,VCR,3,0.22835845,1,0.65,False,False
NN_v1,3,2011-03-25,VHT,2,0.23033138,1,0.63,False,False
NN_v1,3,2011-04-01,VAW,1,0.27727982,0,0.63,False,False
NN_v1,3,2011-04-01,VIS,2,0.27514696,0,0.64,False,False
NN_v1,3,2011-04-01,VOX,3,0.25958934,0,0.71,False,False
NN_v1,3,2011-04-08,VAW,1,0.37726772,0,0.67,False,False
NN_v1,3,2011-04-08,VDE,2,0.3483915,0,0.62,False,False
NN_v1,3,2011-04-08,VGT,3,0.32404852,0,0.63,False,False
NN_v1,3,2011-04-15,VAW,2,0.41587946,1,0.75,False,False
NN_v1,3,2011-04-15,VDE,1,0.45017084,1,0.66,False,False
NN_v1,3,2011-04-15,VFH,3,0.41181338,0,0.71,False,False
NN_v1,3,2011-04-22,VAW,1,0.28224185,1,0.65,False,False
NN_v1,3,2011-04-22,VCR,3,0.24807733,1,0.69,False,False
NN_v1,3,2011-04-22,VDE,2,0.2817247,1,0.64,False,False
NN_v1,3,2011-04-29,VDE,2,0.20230857,0,0.63,False,False
NN_v1,3,2011-04-29,VGT,3,0.1886025,0,0.64,False,False
NN_v1,3,2011-04-29,VNQ,1,0.2157662,0,0.63,False,False
NN_v1,3,2011-05-06,VAW,2,0.4520484,0,0.72,False,False
NN_v1,3,2011-05-06,VDE,1,0.47792825,0,0.58,False,False
NN_v1,3,2011-05-06,VIS,3,0.4421775,0,0.67,False,False
NN_v1,3,2011-05-13,VAW,2,0.40862173,0,0.68,False,False
NN_v1,3,2011-05-13,VDE,1,0.44333863,1,0.7,False,False
NN_v1,3,2011-05-13,VIS,3,0.37282702,0,0.66,False,False
NN_v1,3,2011-05-20,VAW,2,0.41681987,1,0.69,False,False
NN_v1,3,2011-05-20,VDE,1,0.45584673,1,0.71,False,False
NN_v1,3,2011-05-20,VIS,3,0.3868579,1,0.67,False,False
NN_v1,3,2011-05-27,VDE,3,0.2801635,0,0.65,False,False
NN_v1,3,2011-05-27,VGT,1,0.3163023,0,0.62,False,False
NN_v1,3,2011-05-27,VHT,2,0.28539044,0,0.65,False,False
NN_v1,3,2011-06-03,VAW,3,0.44718322,0,0.6,False,False
NN_v1,3,2011-06-03,VDE,1,0.45305282,0,0.66,False,False
NN_v1,3,2011-06-03,VHT,2,0.4500813,0,0.66,False,False
NN_v1,3,2011-06-10,VDC,3,0.42432898,1,0.61,False,False
NN_v1,3,2011-06-10,VDE,2,0.42918095,0,0.76,False,False
NN_v1,3,2011-06-10,VHT,1,0.43829107,0,0.64,False,False
NN_v1,3,2011-06-17,VAW,3,0.43129545,1,0.72,False,False
NN_v1,3,2011-06-17,VDE,1,0.45133948,0,0.62,False,False
NN_v1,3,2011-06-17,VNQ,2,0.43414342,0,0.69,False,False
NN_v1,3,2011-06-24,VDE,1,0.41165176,1,0.66,False,False
NN_v1,3,2011-06-24,VHT,3,0.35927534,1,0.69,False,False
NN_v1,3,2011-06-24,VIS,2,0.36149198,1,0.7,False,False
NN_v1,3,2011-07-01,VAW,2,0.15463571,1,0.78,False,False
NN_v1,3,2011-07-01,VDE,1,0.19316205,1,0.69,False,False
NN_v1,3,2011-07-01,VOX,3,0.15370367,0,0.65,False,False
NN_v1,3,2011-07-08,VAW,2,0.3574093,0,0.63,False,False
NN_v1,3,2011-07-08,VDE,1,0.38183716,1,0.62,False,False
NN_v1,3,2011-07-08,VNQ,3,0.31523874,0,0.68,False,False
NN_v1,3,2011-07-15,VAW,2,0.42613083,1,0.64,False,False
NN_v1,3,2011-07-15,VDE,1,0.43585426,1,0.73,False,False
NN_v1,3,2011-07-15,VPU,3,0.4211716,1,0.63,False,False
NN_v1,3,2011-07-22,VAW,2,0.3250116,0,0.61,False,False
NN_v1,3,2011-07-22,VDE,1,0.32588187,0,0.63,False,False
NN_v1,3,2011-07-22,VGT,3,0.31347677,0,0.62,False,False
NN_v1,3,2011-07-29,VDC,2,0.45762268,0,0.56,False,False
NN_v1,3,2011-07-29,VHT,3,0.45703286,0,0.68,False,False
NN_v1,3,2011-07-29,VPU,1,0.46299988,0,0.69,False,False
NN_v1,3,2011-08-05,VHT,1,0.4290002,1,0.74,False,False
NN_v1,3,2011-08-05,VNQ,3,0.4242178,1,0.7,False,False
NN_v1,3,2011-08-05,VOX,2,0.42634165,1,0.67,False,False
NN_v1,3,2011-08-12,VHT,1,0.38597026,0,0.69,False,False
NN_v1,3,2011-08-12,VNQ,2,0.3722405,0,0.68,False,False
NN_v1,3,2011-08-12,VOX,3,0.36575237,0,0.65,False,False
NN_v1,3,2011-08-19,VCR,2,0.5031237,1,0.6,False,False
NN_v1,3,2011-08-19,VGT,1,0.5182566,1,0.49,False,False
NN_v1,3,2011-08-19,VIS,3,0.49914828,1,0.61,False,False
NN_v1,3,2011-08-26,VCR,3,0.31942293,0,0.72,False,False
NN_v1,3,2011-08-26,VGT,1,0.33142588,0,0.65,False,False
NN_v1,3,2011-08-26,VNQ,2,0.3290493,0,0.66,False,False
NN_v1,3,2011-09-02,VCR,3,0.39962918,1,0.62,False,False
NN_v1,3,2011-09-02,VNQ,1,0.42329746,1,0.66,False,False
NN_v1,3,2011-09-02,VOX,2,0.3996795,0,0.68,False,False
NN_v1,3,2011-09-09,VAW,3,0.4161172,1,0.65,False,False
NN_v1,3,2011-09-09,VCR,2,0.41875604,1,0.66,False,False
NN_v1,3,2011-09-09,VNQ,1,0.43633556,1,0.62,False,False
NN_v1,3,2011-09-16,VAW,1,0.3387165,0,0.69,False,False
NN_v1,3,2011-09-16,VCR,3,0.3023471,0,0.66,False,False
NN_v1,3,2011-09-16,VIS,2,0.30555853,0,0.65,False,False
NN_v1,3,2011-09-23,VAW,3,0.45671102,0,0.67,False,False
NN_v1,3,2011-09-23,VDE,1,0.47330543,0,0.67,False,False
NN_v1,3,2011-09-23,VNQ,2,0.46711874,0,0.73,False,False
NN_v1,3,2011-09-30,VAW,2,0.35323733,1,0.63,False,False
NN_v1,3,2011-09-30,VCR,1,0.36110607,1,0.62,False,False
NN_v1,3,2011-09-30,VNQ,3,0.34538338,0,0.59,False,False
NN_v1,3,2011-10-07,VIS,2,0.40059254,1,0.75,False,False
NN_v1,3,2011-10-07,VNQ,3,0.39697677,1,0.64,False,False
NN_v1,3,2011-10-07,VOX,1,0.40722534,1,0.7,False,False
NN_v1,3,2011-10-14,VHT,3,0.36430696,0,0.66,False,False
NN_v1,3,2011-10-14,VIS,1,0.39399737,1,0.6,False,False
NN_v1,3,2011-10-14,VNQ,2,0.37180132,1,0.65,False,False
NN_v1,3,2011-10-21,VCR,3,0.44729075,1,0.61,False,False
NN_v1,3,2011-10-21,VDE,2,0.46180624,1,0.43,False,False
NN_v1,3,2011-10-21,VIS,1,0.46373641,1,0.57,False,False
NN_v1,3,2011-10-28,VCR,3,0.35687193,0,0.67,False,False
NN_v1,3,2011-10-28,VGT,2,0.37486622,0,0.69,False,False
NN_v1,3,2011-10-28,VIS,1,0.38171184,0,0.63,False,False
NN_v1,3,2011-11-04,VDC,2,0.47892013,1,0.63,False,False
NN_v1,3,2011-11-04,VGT,3,0.47399345,0,0.55,False,False
NN_v1,3,2011-11-04,VPU,1,0.48181105,0,0.66,False,False
NN_v1,3,2011-11-11,VAW,3,0.43488976,0,0.72,False,False
NN_v1,3,2011-11-11,VCR,2,0.4384832,0,0.65,False,False
NN_v1,3,2011-11-11,VDE,1,0.46296585,0,0.53,False,False
NN_v1,3,2011-11-18,VDC,2,0.4708399,0,0.55,False,False
NN_v1,3,2011-11-18,VNQ,3,0.45603362,0,0.67,False,False
NN_v1,3,2011-11-18,VPU,1,0.47267774,0,0.66,False,False
NN_v1,3,2011-11-25,VGT,2,0.46084493,1,0.75,False,False
NN_v1,3,2011-11-25,VNQ,3,0.44055992,1,0.71,False,False
NN_v1,3,2011-11-25,VPU,1,0.4671271,1,0.67,False,False
NN_v1,3,2011-12-02,VAW,1,0.31156516,0,0.67,False,False
NN_v1,3,2011-12-02,VDE,2,0.29426622,0,0.65,False,False
NN_v1,3,2011-12-02,VFH,3,0.26797798,0,0.65,False,False
NN_v1,3,2011-12-09,VDE,2,0.42148164,0,0.69,False,False
NN_v1,3,2011-12-09,VIS,1,0.4477925,0,0.63,False,False
NN_v1,3,2011-12-09,VNQ,3,0.4151771,1,0.64,False,False
NN_v1,3,2011-12-16,VHT,2,0.4430849,1,0.76,False,False
NN_v1,3,2011-12-16,VNQ,1,0.44830415,1,0.8,True,True
NN_v1,3,2011-12-16,VPU,3,0.43690425,1,0.67,False,False
NN_v1,3,2011-12-23,VDE,1,0.36866397,0,0.7,False,False
NN_v1,3,2011-12-23,VFH,2,0.36260822,0,0.68,False,False
NN_v1,3,2011-12-23,VIS,3,0.34668,0,0.63,False,False
NN_v1,3,2011-12-30,VCR,3,0.4554439,0,0.62,False,False
NN_v1,3,2011-12-30,VGT,1,0.46831092,0,0.66,False,False
NN_v1,3,2011-12-30,VPU,2,0.46023986,0,0.64,False,False
NN_v1,3,2012-01-06,VAW,3,0.4096924,1,0.67,False,False
NN_v1,3,2012-01-06,VFH,1,0.42117086,1,0.7,False,False
NN_v1,3,2012-01-06,VIS,2,0.41181618,1,0.68,False,False
NN_v1,3,2012-01-13,VAW,2,0.3924492,0,0.68,False,False
NN_v1,3,2012-01-13,VCR,3,0.38277832,1,0.71,False,False
NN_v1,3,2012-01-13,VDE,1,0.39408603,1,0.65,False,False
NN_v1,3,2012-01-20,VAW,1,0.39911345,1,0.74,False,False
NN_v1,3,2012-01-20,VDE,3,0.37785664,0,0.69,False,False
NN_v1,3,2012-01-20,VFH,2,0.39159644,0,0.66,False,False
NN_v1,3,2012-01-27,VAW,1,0.4108583,1,0.7,False,False
NN_v1,3,2012-01-27,VFH,3,0.3951001,1,0.62,False,False
NN_v1,3,2012-01-27,VIS,2,0.40331897,1,0.68,False,False
NN_v1,3,2012-02-03,VAW,3,0.3177194,0,0.61,False,False
NN_v1,3,2012-02-03,VDE,1,0.33138397,0,0.7,False,False
NN_v1,3,2012-02-03,VFH,2,0.3241709,0,0.64,False,False
NN_v1,3,2012-02-10,VAW,1,0.41347048,0,0.82,True,True
NN_v1,3,2012-02-10,VGT,2,0.40746316,0,0.62,False,False
NN_v1,3,2012-02-10,VIS,3,0.40532142,0,0.66,False,False
NN_v1,3,2012-02-17,VAW,1,0.33833474,0,0.64,False,False
NN_v1,3,2012-02-17,VDE,2,0.32900077,1,0.61,False,False
NN_v1,3,2012-02-17,VFH,3,0.32651818,0,0.56,False,False
NN_v1,3,2012-02-24,VAW,3,0.35666534,0,0.72,False,False
NN_v1,3,2012-02-24,VFH,2,0.36148256,1,0.66,False,False
NN_v1,3,2012-02-24,VGT,1,0.3735171,0,0.68,False,False
NN_v1,3,2012-03-02,VAW,3,0.37426755,0,0.63,False,False
NN_v1,3,2012-03-02,VDE,1,0.3906806,0,0.67,False,False
NN_v1,3,2012-03-02,VGT,2,0.37906685,0,0.58,False,False
NN_v1,3,2012-03-09,VDE,1,0.3831237,1,0.64,False,False
NN_v1,3,2012-03-09,VFH,2,0.344426,1,0.67,False,False
NN_v1,3,2012-03-09,VOX,3,0.33895606,1,0.68,False,False
NN_v1,3,2012-03-16,VAW,3,0.28352508,0,0.66,False,False
NN_v1,3,2012-03-16,VDE,1,0.31403998,0,0.62,False,False
NN_v1,3,2012-03-16,VIS,2,0.28514507,0,0.61,False,False
NN_v1,3,2012-03-23,VDE,1,0.41051075,0,0.61,False,False
NN_v1,3,2012-03-23,VFH,3,0.37227008,0,0.67,False,False
NN_v1,3,2012-03-23,VIS,2,0.37920636,0,0.64,False,False
NN_v1,3,2012-03-30,VDE,1,0.3646839,0,0.63,False,False
NN_v1,3,2012-03-30,VFH,2,0.34434253,0,0.66,False,False
NN_v1,3,2012-03-30,VIS,3,0.3216393,0,0.66,False,False
NN_v1,3,2012-04-06,VAW,3,0.3665291,0,0.66,False,False
NN_v1,3,2012-04-06,VDE,2,0.38647982,0,0.65,False,False
NN_v1,3,2012-04-06,VFH,1,0.4114959,0,0.75,False,False
NN_v1,3,2012-04-13,VDE,3,0.43237796,0,0.73,False,False
NN_v1,3,2012-04-13,VFH,1,0.43821007,0,0.72,False,False
NN_v1,3,2012-04-13,VNQ,2,0.4371656,1,0.61,False,False
NN_v1,3,2012-04-20,VDE,1,0.37141052,1,0.68,False,False
NN_v1,3,2012-04-20,VFH,2,0.36956453,1,0.66,False,False
NN_v1,3,2012-04-20,VNQ,3,0.3604566,1,0.63,False,False
NN_v1,3,2012-04-27,VAW,3,0.27923802,0,0.66,False,False
NN_v1,3,2012-04-27,VCR,1,0.296818,0,0.68,False,False
NN_v1,3,2012-04-27,VNQ,2,0.28425586,0,0.64,False,False
NN_v1,3,2012-05-04,VAW,1,0.43445733,0,0.77,False,False
NN_v1,3,2012-05-04,VGT,2,0.4341748,0,0.6,False,False
NN_v1,3,2012-05-04,VIS,3,0.4326094,0,0.76,False,False
NN_v1,3,2012-05-11,VDE,2,0.4069893,0,0.67,False,False
NN_v1,3,2012-05-11,VFH,1,0.42583114,0,0.62,False,False
NN_v1,3,2012-05-11,VIS,3,0.40394703,0,0.66,False,False
NN_v1,3,2012-05-18,VAW,3,0.44734758,1,0.62,False,False
NN_v1,3,2012-05-18,VFH,2,0.45284277,1,0.67,False,False
NN_v1,3,2012-05-18,VGT,1,0.4554234,1,0.67,False,False
NN_v1,3,2012-05-25,VDE,2,0.34517065,0,0.7,False,False
NN_v1,3,2012-05-25,VFH,1,0.36697143,0,0.7,False,False
NN_v1,3,2012-05-25,VNQ,3,0.32272595,0,0.7,False,False
NN_v1,3,2012-06-01,VCR,1,0.4462035,1,0.68,False,False
NN_v1,3,2012-06-01,VFH,2,0.44534492,1,0.66,False,False
NN_v1,3,2012-06-01,VHT,3,0.44201154,1,0.65,False,False
NN_v1,3,2012-06-08,VAW,1,0.29595247,0,0.65,False,False
NN_v1,3,2012-06-08,VDE,2,0.2942711,0,0.63,False,False
NN_v1,3,2012-06-08,VFH,3,0.2893032,0,0.64,False,False
NN_v1,3,2012-06-15,VAW,1,0.3633334,0,0.64,False,False
NN_v1,3,2012-06-15,VCR,3,0.3305154,0,0.67,False,False
NN_v1,3,2012-06-15,VFH,2,0.3555525,0,0.65,False,False
NN_v1,3,2012-06-22,VDE,2,0.39613673,1,0.69,False,False
NN_v1,3,2012-06-22,VFH,1,0.40341324,1,0.66,False,False
NN_v1,3,2012-06-22,VNQ,3,0.38646546,1,0.64,False,False
NN_v1,3,2012-06-29,VAW,2,0.321696,0,0.69,False,False
NN_v1,3,2012-06-29,VDE,3,0.32087314,0,0.68,False,False
NN_v1,3,2012-06-29,VFH,1,0.33631742,0,0.62,False,False
NN_v1,3,2012-07-06,VAW,2,0.38280326,0,0.67,False,False
NN_v1,3,2012-07-06,VDE,3,0.37507364,0,0.68,False,False
NN_v1,3,2012-07-06,VFH,1,0.4020158,1,0.62,False,False
NN_v1,3,2012-07-13,VAW,3,0.4012145,1,0.69,False,False
NN_v1,3,2012-07-13,VDE,2,0.4029435,1,0.65,False,False
NN_v1,3,2012-07-13,VFH,1,0.4185712,0,0.64,False,False
NN_v1,3,2012-07-20,VAW,2,0.40046635,1,0.71,False,False
NN_v1,3,2012-07-20,VFH,3,0.3906477,1,0.68,False,False
NN_v1,3,2012-07-20,VNQ,1,0.4053018,1,0.69,False,False
NN_v1,3,2012-07-27,VDE,1,0.33200726,0,0.61,False,False
NN_v1,3,2012-07-27,VFH,3,0.32681227,0,0.62,False,False
NN_v1,3,2012-07-27,VNQ,2,0.3284368,0,0.63,False,False
NN_v1,3,2012-08-03,VDE,1,0.40183708,1,0.67,False,False
NN_v1,3,2012-08-03,VFH,2,0.34458536,0,0.61,False,False
NN_v1,3,2012-08-03,VNQ,3,0.3360952,0,0.64,False,False
NN_v1,3,2012-08-10,VAW,3,0.32738206,1,0.64,False,False
NN_v1,3,2012-08-10,VDE,1,0.36907846,0,0.64,False,False
NN_v1,3,2012-08-10,VNQ,2,0.32887226,1,0.64,False,False
NN_v1,3,2012-08-17,VDE,1,0.31985694,0,0.67,False,False
NN_v1,3,2012-08-17,VGT,2,0.30669096,0,0.66,False,False
NN_v1,3,2012-08-17,VIS,3,0.30443916,0,0.65,False,False
NN_v1,3,2012-08-24,VAW,1,0.3725512,0,0.59,False,False
NN_v1,3,2012-08-24,VDE,2,0.36923903,0,0.69,False,False
NN_v1,3,2012-08-24,VGT,3,0.35586825,0,0.65,False,False
NN_v1,3,2012-08-31,VCR,2,0.3742682,1,0.7,False,False
NN_v1,3,2012-08-31,VDE,3,0.35711473,1,0.67,False,False
NN_v1,3,2012-08-31,VGT,1,0.3800883,1,0.57,False,False
NN_v1,3,2012-09-07,VCR,1,0.27035955,1,0.67,False,False
NN_v1,3,2012-09-07,VFH,3,0.26138514,1,0.72,False,False
NN_v1,3,2012-09-07,VGT,2,0.26627564,1,0.62,False,False
NN_v1,3,2012-09-14,VFH,2,0.24852334,0,0.65,False,False
NN_v1,3,2012-09-14,VGT,3,0.24240892,0,0.64,False,False
NN_v1,3,2012-09-14,VPU,1,0.26625946,0,0.64,False,False
NN_v1,3,2012-09-21,VAW,1,0.4001784,0,0.59,False,False
NN_v1,3,2012-09-21,VCR,2,0.37771794,0,0.67,False,False
NN_v1,3,2012-09-21,VNQ,3,0.37468037,0,0.6,False,False
NN_v1,3,2012-09-28,VAW,1,0.4114427,0,0.69,False,False
NN_v1,3,2012-09-28,VCR,3,0.4029392,1,0.65,False,False
NN_v1,3,2012-09-28,VFH,2,0.40836573,1,0.7,False,False
NN_v1,3,2012-10-05,VAW,2,0.32630616,0,0.68,False,False
NN_v1,3,2012-10-05,VDE,3,0.3228889,0,0.68,False,False
NN_v1,3,2012-10-05,VFH,1,0.33383667,0,0.66,False,False
NN_v1,3,2012-10-12,VAW,2,0.4310433,1,0.69,False,False
NN_v1,3,2012-10-12,VCR,3,0.42960525,0,0.68,False,False
NN_v1,3,2012-10-12,VOX,1,0.4327764,0,0.64,False,False
NN_v1,3,2012-10-19,VGT,1,0.38868365,0,0.63,False,False
NN_v1,3,2012-10-19,VHT,3,0.3810783,0,0.63,False,False
NN_v1,3,2012-10-19,VOX,2,0.38519165,0,0.63,False,False
NN_v1,3,2012-10-26,VAW,3,0.40636158,0,0.7,False,False
NN_v1,3,2012-10-26,VFH,2,0.42306462,0,0.7,False,False
NN_v1,3,2012-10-26,VHT,1,0.43050498,0,0.61,False,False
NN_v1,3,2012-11-02,VDE,2,0.3717078,0,0.65,False,False
NN_v1,3,2012-11-02,VFH,1,0.3861925,0,0.69,False,False
NN_v1,3,2012-11-02,VIS,3,0.35610908,0,0.65,False,False
NN_v1,3,2012-11-09,VAW,1,0.44368657,0,0.59,False,False
NN_v1,3,2012-11-09,VDE,3,0.43453684,0,0.73,False,False
NN_v1,3,2012-11-09,VFH,2,0.4430571,0,0.65,False,False
NN_v1,3,2012-11-16,VAW,3,0.43301308,1,0.65,False,False
NN_v1,3,2012-11-16,VFH,1,0.45642692,1,0.71,False,False
NN_v1,3,2012-11-16,VOX,2,0.4357746,1,0.71,False,False
NN_v1,3,2012-11-23,VAW,2,0.27418104,1,0.68,False,False
NN_v1,3,2012-11-23,VCR,3,0.26060507,1,0.66,False,False
NN_v1,3,2012-11-23,VPU,1,0.28264356,1,0.71,False,False
NN_v1,3,2012-11-30,VAW,2,0.34580004,0,0.68,False,False
NN_v1,3,2012-11-30,VCR,3,0.33724645,0,0.66,False,False
NN_v1,3,2012-11-30,VDE,1,0.34732008,0,0.66,False,False
NN_v1,3,2012-12-07,VAW,1,0.35931352,1,0.66,False,False
NN_v1,3,2012-12-07,VCR,2,0.3579726,0,0.69,False,False
NN_v1,3,2012-12-07,VDE,3,0.3578534,0,0.64,False,False
NN_v1,3,2012-12-14,VAW,2,0.37127507,0,0.64,False,False
NN_v1,3,2012-12-14,VGT,1,0.3730592,0,0.64,False,False
NN_v1,3,2012-12-14,VIS,3,0.36247924,0,0.66,False,False
NN_v1,3,2012-12-21,VGT,1,0.31969377,0,0.65,False,False
NN_v1,3,2012-12-21,VNQ,2,0.31450114,0,0.62,False,False
NN_v1,3,2012-12-21,VOX,3,0.31324837,0,0.61,False,False
NN_v1,3,2012-12-28,VDE,3,0.42766905,1,0.76,False,False
NN_v1,3,2012-12-28,VFH,1,0.43727097,1,0.73,False,False
NN_v1,3,2012-12-28,VIS,2,0.43656787,1,0.7,False,False
NN_v1,3,2013-01-04,VDE,2,0.17419223,0,0.68,False,False
NN_v1,3,2013-01-04,VFH,1,0.18035914,0,0.63,False,False
NN_v1,3,2013-01-04,VIS,3,0.17348343,0,0.68,False,False
NN_v1,3,2013-01-11,VFH,2,0.29518417,0,0.64,False,False
NN_v1,3,2013-01-11,VIS,1,0.30795464,1,0.66,False,False
NN_v1,3,2013-01-11,VOX,3,0.2757894,0,0.61,False,False
NN_v1,3,2013-01-18,VAW,2,0.31845978,0,0.67,False,False
NN_v1,3,2013-01-18,VIS,1,0.3251703,1,0.63,False,False
NN_v1,3,2013-01-18,VOX,3,0.29804444,1,0.68,False,False
NN_v1,3,2013-01-25,VDE,1,0.2939495,0,0.64,False,False
NN_v1,3,2013-01-25,VFH,3,0.2863367,0,0.61,False,False
NN_v1,3,2013-01-25,VIS,2,0.28634384,0,0.64,False,False
NN_v1,3,2013-02-01,VAW,3,0.34063902,0,0.65,False,False
NN_v1,3,2013-02-01,VDE,1,0.34561425,1,0.64,False,False
NN_v1,3,2013-02-01,VFH,2,0.3417165,1,0.69,False,False
NN_v1,3,2013-02-08,VDE,1,0.29807866,0,0.69,False,False
NN_v1,3,2013-02-08,VFH,3,0.2863912,0,0.63,False,False
NN_v1,3,2013-02-08,VIS,2,0.29720587,1,0.62,False,False
NN_v1,3,2013-02-15,VDE,3,0.33263254,0,0.61,False,False
NN_v1,3,2013-02-15,VFH,1,0.37388763,0,0.61,False,False
NN_v1,3,2013-02-15,VIS,2,0.3464321,0,0.65,False,False
NN_v1,3,2013-02-22,VAW,3,0.3609606,0,0.61,False,False
NN_v1,3,2013-02-22,VDE,1,0.37648258,0,0.63,False,False
NN_v1,3,2013-02-22,VIS,2,0.36459935,0,0.67,False,False
NN_v1,3,2013-03-01,VDE,3,0.32499346,1,0.69,False,False
NN_v1,3,2013-03-01,VHT,2,0.33458835,1,0.67,False,False
NN_v1,3,2013-03-01,VIS,1,0.35061467,1,0.64,False,False
NN_v1,3,2013-03-08,VCR,2,0.23014286,0,0.66,False,False
NN_v1,3,2013-03-08,VFH,3,0.21662675,1,0.6,False,False
NN_v1,3,2013-03-08,VIS,1,0.23135917,1,0.63,False,False
NN_v1,3,2013-03-15,VFH,1,0.30690992,0,0.64,False,False
NN_v1,3,2013-03-15,VIS,3,0.28161365,0,0.67,False,False
NN_v1,3,2013-03-15,VPU,2,0.29029113,0,0.63,False,False
NN_v1,3,2013-03-22,VCR,3,0.3167895,0,0.65,False,False
NN_v1,3,2013-03-22,VFH,1,0.33426294,0,0.61,False,False
NN_v1,3,2013-03-22,VHT,2,0.3259224,1,0.68,False,False
NN_v1,3,2013-03-29,VCR,1,0.2886317,0,0.64,False,False
NN_v1,3,2013-03-29,VFH,3,0.27093098,0,0.69,False,False
NN_v1,3,2013-03-29,VPU,2,0.27588853,0,0.68,False,False
NN_v1,3,2013-04-05,VAW,1,0.4197283,1,0.56,False,False
NN_v1,3,2013-04-05,VGT,2,0.39822212,1,0.7,False,False
NN_v1,3,2013-04-05,VIS,3,0.3971813,1,0.63,False,False
NN_v1,3,2013-04-12,VAW,1,0.2380574,0,0.67,False,False
NN_v1,3,2013-04-12,VFH,3,0.22735329,0,0.71,False,False
NN_v1,3,2013-04-12,VIS,2,0.22825111,0,0.67,False,False
NN_v1,3,2013-04-19,VAW,3,0.42680767,1,0.67,False,False
NN_v1,3,2013-04-19,VGT,2,0.4292886,1,0.69,False,False
NN_v1,3,2013-04-19,VIS,1,0.43822408,1,0.62,False,False
NN_v1,3,2013-04-26,VAW,1,0.2870281,1,0.74,False,False
NN_v1,3,2013-04-26,VDE,3,0.26018348,1,0.62,False,False
NN_v1,3,2013-04-26,VIS,2,0.2791022,1,0.67,False,False
NN_v1,3,2013-05-03,VCR,2,0.2509807,1,0.66,False,False
NN_v1,3,2013-05-03,VGT,3,0.24490961,0,0.66,False,False
NN_v1,3,2013-05-03,VOX,1,0.255693,0,0.63,False,False
NN_v1,3,2013-05-10,VCR,1,0.26949453,1,0.64,False,False
NN_v1,3,2013-05-10,VGT,3,0.25414178,1,0.62,False,False
NN_v1,3,2013-05-10,VPU,2,0.26780364,1,0.64,False,False
NN_v1,3,2013-05-17,VGT,3,0.19317432,0,0.64,False,False
NN_v1,3,2013-05-17,VNQ,2,0.1940353,0,0.58,False,False
NN_v1,3,2013-05-17,VOX,1,0.21631826,0,0.7,False,False
NN_v1,3,2013-05-24,VNQ,3,0.36935228,0,0.66,False,False
NN_v1,3,2013-05-24,VOX,1,0.3784693,0,0.69,False,False
NN_v1,3,2013-05-24,VPU,2,0.37590188,0,0.66,False,False
NN_v1,3,2013-05-31,VDC,3,0.41629097,1,0.69,False,False
NN_v1,3,2013-05-31,VIS,2,0.41772097,0,0.72,False,False
NN_v1,3,2013-05-31,VNQ,1,0.44638404,0,0.62,False,False
NN_v1,3,2013-06-07,VFH,2,0.34512964,0,0.66,False,False
NN_v1,3,2013-06-07,VIS,3,0.3443799,0,0.64,False,False
NN_v1,3,2013-06-07,VNQ,1,0.3671423,0,0.69,False,False
NN_v1,3,2013-06-14,VCR,2,0.41504225,0,0.67,False,False
NN_v1,3,2013-06-14,VIS,3,0.41217068,0,0.63,False,False
NN_v1,3,2013-06-14,VNQ,1,0.4212547,0,0.65,False,False
NN_v1,3,2013-06-21,VCR,1,0.49225512,1,0.55,False,False
NN_v1,3,2013-06-21,VGT,3,0.48977965,0,0.64,False,False
NN_v1,3,2013-06-21,VNQ,2,0.49154237,1,0.69,False,False
NN_v1,3,2013-06-28,VAW,1,0.33916193,0,0.67,False,False
NN_v1,3,2013-06-28,VFH,3,0.32938257,1,0.72,False,False
NN_v1,3,2013-06-28,VIS,2,0.33435866,1,0.68,False,False
NN_v1,3,2013-07-05,VFH,3,0.31786737,1,0.65,False,False
NN_v1,3,2013-07-05,VNQ,2,0.3417853,1,0.67,False,False
NN_v1,3,2013-07-05,VPU,1,0.35977182,1,0.61,False,False
NN_v1,3,2013-07-12,VNQ,1,0.25294134,1,0.68,False,False
NN_v1,3,2013-07-12,VOX,3,0.20920819,0,0.64,False,False
NN_v1,3,2013-07-12,VPU,2,0.22558218,1,0.7,False,False
NN_v1,3,2013-07-19,VNQ,1,0.31636927,0,0.61,False,False
NN_v1,3,2013-07-19,VOX,3,0.30563083,0,0.68,False,False
NN_v1,3,2013-07-19,VPU,2,0.31601596,0,0.71,False,False
NN_v1,3,2013-07-26,VNQ,1,0.35521445,0,0.7,False,False
NN_v1,3,2013-07-26,VOX,2,0.35465536,0,0.63,False,False
NN_v1,3,2013-07-26,VPU,3,0.33157676,0,0.67,False,False
NN_v1,3,2013-08-02,VHT,3,0.32374954,0,0.67,False,False
NN_v1,3,2013-08-02,VNQ,1,0.43248934,0,0.71,False,False
NN_v1,3,2013-08-02,VPU,2,0.34275228,0,0.66,False,False
NN_v1,3,2013-08-09,VCR,2,0.4160964,0,0.66,False,False
NN_v1,3,2013-08-09,VIS,3,0.41464776,0,0.68,False,False
NN_v1,3,2013-08-09,VNQ,1,0.43729058,0,0.66,False,False
NN_v1,3,2013-08-16,VCR,3,0.46099845,0,0.67,False,False
NN_v1,3,2013-08-16,VIS,2,0.4743452,0,0.66,False,False
NN_v1,3,2013-08-16,VNQ,1,0.48625073,1,0.66,False,False
NN_v1,3,2013-08-23,VCR,1,0.381912,0,0.64,False,False
NN_v1,3,2013-08-23,VHT,3,0.35528296,0,0.63,False,False
NN_v1,3,2013-08-23,VNQ,2,0.3724009,0,0.66,False,False
NN_v1,3,2013-08-30,VCR,2,0.46110296,0,0.55,False,False
NN_v1,3,2013-08-30,VIS,3,0.44826213,0,0.66,False,False
NN_v1,3,2013-08-30,VOX,1,0.46370393,0,0.67,False,False
NN_v1,3,2013-09-06,VNQ,1,0.37309945,1,0.65,False,False
NN_v1,3,2013-09-06,VOX,2,0.3404593,1,0.61,False,False
NN_v1,3,2013-09-06,VPU,3,0.33944517,0,0.69,False,False
NN_v1,3,2013-09-13,VCR,3,0.24715783,0,0.65,False,False
NN_v1,3,2013-09-13,VNQ,1,0.29285473,1,0.62,False,False
NN_v1,3,2013-09-13,VPU,2,0.24721196,0,0.62,False,False
NN_v1,3,2013-09-20,VCR,3,0.24910909,0,0.65,False,False
NN_v1,3,2013-09-20,VIS,2,0.25645775,0,0.63,False,False
NN_v1,3,2013-09-20,VNQ,1,0.26933518,0,0.65,False,False
NN_v1,3,2013-09-27,VCR,3,0.35336834,1,0.63,False,False
NN_v1,3,2013-09-27,VGT,2,0.36175218,1,0.69,False,False
NN_v1,3,2013-09-27,VNQ,1,0.383916,0,0.66,False,False
NN_v1,3,2013-10-04,VAW,2,0.35121894,1,0.67,False,False
NN_v1,3,2013-10-04,VNQ,1,0.3630922,1,0.68,False,False
NN_v1,3,2013-10-04,VOX,3,0.33943647,1,0.65,False,False
NN_v1,3,2013-10-11,VAW,3,0.3323768,1,0.63,False,False
NN_v1,3,2013-10-11,VIS,2,0.3548009,1,0.65,False,False
NN_v1,3,2013-10-11,VNQ,1,0.41642588,1,0.67,False,False
NN_v1,3,2013-10-18,VDE,3,0.24339128,0,0.64,False,False
NN_v1,3,2013-10-18,VNQ,1,0.30659926,1,0.61,False,False
NN_v1,3,2013-10-18,VOX,2,0.24931002,0,0.63,False,False
NN_v1,3,2013-10-25,VAW,3,0.29029438,0,0.68,False,False
NN_v1,3,2013-10-25,VIS,2,0.3108889,0,0.66,False,False
NN_v1,3,2013-10-25,VNQ,1,0.3507033,0,0.67,False,False
NN_v1,3,2013-11-01,VIS,3,0.33941236,0,0.68,False,False
NN_v1,3,2013-11-01,VNQ,1,0.36398432,0,0.69,False,False
NN_v1,3,2013-11-01,VOX,2,0.34979096,0,0.68,False,False
NN_v1,3,2013-11-08,VIS,2,0.3496915,1,0.65,False,False
NN_v1,3,2013-11-08,VNQ,1,0.35732886,1,0.65,False,False
NN_v1,3,2013-11-08,VOX,3,0.3411987,0,0.64,False,False
NN_v1,3,2013-11-15,VCR,3,0.27731773,0,0.62,False,False
NN_v1,3,2013-11-15,VIS,1,0.3042049,0,0.64,False,False
NN_v1,3,2013-11-15,VNQ,2,0.29527828,0,0.64,False,False
NN_v1,3,2013-11-22,VDC,3,0.31542262,0,0.62,False,False
NN_v1,3,2013-11-22,VIS,2,0.33901578,0,0.68,False,False
NN_v1,3,2013-11-22,VNQ,1,0.4043076,0,0.7,False,False
NN_v1,3,2013-11-29,VDC,3,0.3289422,0,0.68,False,False
NN_v1,3,2013-11-29,VHT,2,0.3297959,0,0.64,False,False
NN_v1,3,2013-11-29,VNQ,1,0.3862892,0,0.64,False,False
NN_v1,3,2013-12-06,VGT,3,0.3239988,0,0.7,False,False
NN_v1,3,2013-12-06,VHT,2,0.32688367,0,0.62,False,False
NN_v1,3,2013-12-06,VNQ,1,0.35138115,0,0.66,False,False
NN_v1,3,2013-12-13,VCR,1,0.4446212,0,0.6,False,False
NN_v1,3,2013-12-13,VIS,2,0.44383863,1,0.69,False,False
NN_v1,3,2013-12-13,VNQ,3,0.43860346,1,0.65,False,False
NN_v1,3,2013-12-20,VGT,2,0.21896224,0,0.61,False,False
NN_v1,3,2013-12-20,VIS,3,0.20975077,0,0.68,False,False
NN_v1,3,2013-12-20,VNQ,1,0.24000001,0,0.6,False,False
NN_v1,3,2013-12-27,VAW,3,0.2540504,0,0.68,False,False
NN_v1,3,2013-12-27,VGT,1,0.26966494,0,0.62,False,False
NN_v1,3,2013-12-27,VNQ,2,0.26563478,0,0.63,False,False
NN_v1,3,2014-01-03,VDE,2,0.36156735,0,0.62,False,False
NN_v1,3,2014-01-03,VNQ,1,0.37289682,1,0.6,False,False
NN_v1,3,2014-01-03,VPU,3,0.36072326,1,0.63,False,False
NN_v1,3,2014-01-10,VDE,3,0.3328525,0,0.63,False,False
NN_v1,3,2014-01-10,VNQ,1,0.34805375,0,0.61,False,False
NN_v1,3,2014-01-10,VOX,2,0.34344965,0,0.64,False,False
NN_v1,3,2014-01-17,VAW,3,0.36006436,0,0.64,False,False
NN_v1,3,2014-01-17,VNQ,1,0.37841344,0,0.66,False,False
NN_v1,3,2014-01-17,VOX,2,0.3678977,0,0.67,False,False
NN_v1,3,2014-01-24,VFH,2,0.4131801,0,0.6,False,False
NN_v1,3,2014-01-24,VIS,3,0.41096687,0,0.65,False,False
NN_v1,3,2014-01-24,VOX,1,0.41628668,0,0.67,False,False
NN_v1,3,2014-01-31,VAW,3,0.40174595,1,0.66,False,False
NN_v1,3,2014-01-31,VFH,2,0.40423885,0,0.63,False,False
NN_v1,3,2014-01-31,VIS,1,0.4060129,0,0.68,False,False
NN_v1,3,2014-02-07,VDE,3,0.35913104,1,0.62,False,False
NN_v1,3,2014-02-07,VGT,2,0.3628311,1,0.65,False,False
NN_v1,3,2014-02-07,VOX,1,0.38029203,1,0.62,False,False
NN_v1,3,2014-02-14,VCR,3,0.32974777,0,0.61,False,False
NN_v1,3,2014-02-14,VDE,2,0.33078787,0,0.61,False,False
NN_v1,3,2014-02-14,VOX,1,0.33739248,0,0.65,False,False
NN_v1,3,2014-02-21,VCR,1,0.35441208,1,0.7,False,False
NN_v1,3,2014-02-21,VFH,2,0.34669605,1,0.61,False,False
NN_v1,3,2014-02-21,VIS,3,0.34344622,1,0.63,False,False
NN_v1,3,2014-02-28,VDC,2,0.3175477,1,0.67,False,False
NN_v1,3,2014-02-28,VFH,3,0.31576493,1,0.68,False,False
NN_v1,3,2014-02-28,VOX,1,0.3334544,1,0.64,False,False
NN_v1,3,2014-03-07,VCR,1,0.320976,0,0.6,False,False
NN_v1,3,2014-03-07,VDE,3,0.31498754,0,0.63,False,False
NN_v1,3,2014-03-07,VOX,2,0.32064298,0,0.68,False,False
NN_v1,3,2014-03-14,VCR,1,0.41089183,0,0.65,False,False
NN_v1,3,2014-03-14,VDC,2,0.40073916,0,0.62,False,False
NN_v1,3,2014-03-14,VDE,3,0.40029553,1,0.67,False,False
NN_v1,3,2014-03-21,VAW,2,0.36509067,0,0.67,False,False
NN_v1,3,2014-03-21,VCR,1,0.38065845,0,0.6,False,False
NN_v1,3,2014-03-21,VIS,3,0.36206415,0,0.6,False,False
NN_v1,3,2014-03-28,VAW,1,0.39846092,0,0.55,False,False
NN_v1,3,2014-03-28,VFH,2,0.39373553,0,0.64,False,False
NN_v1,3,2014-03-28,VIS,3,0.38587508,0,0.64,False,False
NN_v1,3,2014-04-04,VCR,3,0.3675898,0,0.53,False,False
NN_v1,3,2014-04-04,VFH,1,0.37965828,0,0.63,False,False
NN_v1,3,2014-04-04,VGT,2,0.375605,0,0.59,False,False
NN_v1,3,2014-04-11,VAW,1,0.42021936,1,0.63,False,False
NN_v1,3,2014-04-11,VFH,3,0.41880354,1,0.65,False,False
NN_v1,3,2014-04-11,VIS,2,0.42011333,1,0.65,False,False
NN_v1,3,2014-04-18,VCR,1,0.36355078,0,0.64,False,False
NN_v1,3,2014-04-18,VFH,3,0.3470365,0,0.61,False,False
NN_v1,3,2014-04-18,VHT,2,0.35583124,0,0.71,False,False
NN_v1,3,2014-04-25,VFH,2,0.3860362,0,0.68,False,False
NN_v1,3,2014-04-25,VIS,3,0.3859964,0,0.65,False,False
NN_v1,3,2014-04-25,VOX,1,0.38977355,1,0.64,False,False
NN_v1,3,2014-05-02,VCR,3,0.358241,0,0.63,False,False
NN_v1,3,2014-05-02,VGT,2,0.36190182,0,0.65,False,False
NN_v1,3,2014-05-02,VIS,1,0.36994037,0,0.63,False,False
NN_v1,3,2014-05-09,VFH,3,0.36231008,0,0.63,False,False
NN_v1,3,2014-05-09,VGT,2,0.36299726,0,0.65,False,False
NN_v1,3,2014-05-09,VIS,1,0.36353964,0,0.69,False,False
NN_v1,3,2014-05-16,VCR,3,0.35961965,1,0.72,False,False
NN_v1,3,2014-05-16,VGT,2,0.36210924,1,0.65,False,False
NN_v1,3,2014-05-16,VHT,1,0.37356985,1,0.61,False,False
NN_v1,3,2014-05-23,VCR,1,0.3415176,0,0.65,False,False
NN_v1,3,2014-05-23,VHT,2,0.34018052,0,0.67,False,False
NN_v1,3,2014-05-23,VOX,3,0.3395916,0,0.64,False,False
NN_v1,3,2014-05-30,VCR,3,0.33841264,1,0.67,False,False
NN_v1,3,2014-05-30,VGT,2,0.34568638,1,0.67,False,False
NN_v1,3,2014-05-30,VHT,1,0.34661466,0,0.66,False,False
NN_v1,3,2014-06-06,VCR,2,0.3292028,0,0.58,False,False
NN_v1,3,2014-06-06,VGT,3,0.32382843,0,0.67,False,False
NN_v1,3,2014-06-06,VHT,1,0.33115643,0,0.65,False,False
NN_v1,3,2014-06-13,VCR,3,0.36405247,1,0.58,False,False
NN_v1,3,2014-06-13,VFH,2,0.36905414,1,0.61,False,False
NN_v1,3,2014-06-13,VHT,1,0.37348962,1,0.61,False,False
NN_v1,3,2014-06-20,VCR,1,0.33615726,1,0.61,False,False
NN_v1,3,2014-06-20,VFH,2,0.33378154,0,0.66,False,False
NN_v1,3,2014-06-20,VIS,3,0.32742262,0,0.62,False,False
NN_v1,3,2014-06-27,VFH,1,0.36935538,1,0.62,False,False
NN_v1,3,2014-06-27,VHT,2,0.35582635,1,0.69,False,False
NN_v1,3,2014-06-27,VIS,3,0.35441837,0,0.63,False,False
NN_v1,3,2014-07-04,VDE,3,0.33536696,0,0.65,False,False
NN_v1,3,2014-07-04,VOX,2,0.33936378,0,0.63,False,False
NN_v1,3,2014-07-04,VPU,1,0.34921816,0,0.64,False,False
NN_v1,3,2014-07-11,VCR,2,0.37793666,0,0.64,False,False
NN_v1,3,2014-07-11,VFH,3,0.37306544,0,0.67,False,False
NN_v1,3,2014-07-11,VPU,1,0.38225958,0,0.62,False,False
NN_v1,3,2014-07-18,VCR,1,0.36585906,0,0.59,False,False
NN_v1,3,2014-07-18,VHT,3,0.36067995,1,0.68,False,False
NN_v1,3,2014-07-18,VPU,2,0.36470997,0,0.62,False,False
NN_v1,3,2014-07-25,VCR,3,0.35639387,0,0.6,False,False
NN_v1,3,2014-07-25,VOX,1,0.35956272,0,0.62,False,False
NN_v1,3,2014-07-25,VPU,2,0.35685956,0,0.67,False,False
NN_v1,3,2014-08-01,VAW,2,0.41688308,0,0.65,False,False
NN_v1,3,2014-08-01,VNQ,1,0.43525586,0,0.64,False,False
NN_v1,3,2014-08-01,VPU,3,0.41361025,0,0.65,False,False
NN_v1,3,2014-08-08,VAW,2,0.40173805,0,0.64,False,False
NN_v1,3,2014-08-08,VFH,3,0.39736757,0,0.63,False,False
NN_v1,3,2014-08-08,VNQ,1,0.40216157,1,0.65,False,False
NN_v1,3,2014-08-15,VIS,2,0.36072657,1,0.65,False,False
NN_v1,3,2014-08-15,VOX,1,0.376864,0,0.61,False,False
NN_v1,3,2014-08-15,VPU,3,0.359844,0,0.71,False,False
NN_v1,3,2014-08-22,VDC,2,0.34258005,0,0.64,False,False
NN_v1,3,2014-08-22,VDE,1,0.35285497,1,0.62,False,False
NN_v1,3,2014-08-22,VOX,3,0.34147573,1,0.65,False,False
NN_v1,3,2014-08-29,VFH,1,0.33289137,0,0.63,False,False
NN_v1,3,2014-08-29,VIS,3,0.32737267,0,0.62,False,False
NN_v1,3,2014-08-29,VPU,2,0.33171406,0,0.66,False,False
NN_v1,3,2014-09-05,VDE,2,0.34069026,0,0.68,False,False
NN_v1,3,2014-09-05,VGT,3,0.33604154,0,0.65,False,False
NN_v1,3,2014-09-05,VIS,1,0.34982327,0,0.64,False,False
NN_v1,3,2014-09-12,VFH,3,0.39376274,1,0.69,False,False
NN_v1,3,2014-09-12,VIS,2,0.39393455,0,0.69,False,False
NN_v1,3,2014-09-12,VPU,1,0.39439905,0,0.56,False,False
NN_v1,3,2014-09-19,VDE,2,0.37883642,0,0.65,False,False
NN_v1,3,2014-09-19,VNQ,3,0.3765357,0,0.62,False,False
NN_v1,3,2014-09-19,VPU,1,0.38858366,0,0.63,False,False
NN_v1,3,2014-09-26,VIS,2,0.41074523,0,0.62,False,False
NN_v1,3,2014-09-26,VNQ,1,0.41206095,0,0.59,False,False
NN_v1,3,2014-09-26,VPU,3,0.40553635,1,0.67,False,False
NN_v1,3,2014-10-03,VDE,2,0.39868915,0,0.6,False,False
NN_v1,3,2014-10-03,VIS,1,0.40227798,0,0.59,False,False
NN_v1,3,2014-10-03,VOX,3,0.39816737,0,0.6,False,False
NN_v1,3,2014-10-10,VCR,3,0.42075568,0,0.64,False,False
NN_v1,3,2014-10-10,VDE,2,0.42197564,0,0.65,False,False
NN_v1,3,2014-10-10,VOX,1,0.42212358,1,0.64,False,False
NN_v1,3,2014-10-17,VDE,1,0.41812986,1,0.6,False,False
NN_v1,3,2014-10-17,VFH,2,0.41657835,1,0.63,False,False
NN_v1,3,2014-10-17,VGT,3,0.40837166,1,0.6,False,False
NN_v1,3,2014-10-24,VCR,3,0.33090648,1,0.6,False,False
NN_v1,3,2014-10-24,VDE,1,0.37335777,1,0.68,False,False
NN_v1,3,2014-10-24,VOX,2,0.34101662,1,0.65,False,False
NN_v1,3,2014-10-31,VAW,3,0.31981575,0,0.65,False,False
NN_v1,3,2014-10-31,VDE,1,0.35956416,0,0.64,False,False
NN_v1,3,2014-10-31,VIS,2,0.32201123,1,0.67,False,False
NN_v1,3,2014-11-07,VAW,2,0.33836964,0,0.62,False,False
NN_v1,3,2014-11-07,VDE,1,0.34771037,0,0.65,False,False
NN_v1,3,2014-11-07,VGT,3,0.33342037,1,0.7,False,False
NN_v1,3,2014-11-14,VDE,1,0.37472242,1,0.59,False,False
NN_v1,3,2014-11-14,VHT,2,0.36421987,1,0.68,False,False
NN_v1,3,2014-11-14,VIS,3,0.34650612,1,0.66,False,False
NN_v1,3,2014-11-21,VDE,1,0.36964297,0,0.56,False,False
NN_v1,3,2014-11-21,VGT,2,0.34490067,1,0.61,False,False
NN_v1,3,2014-11-21,VOX,3,0.33966053,0,0.63,False,False
NN_v1,3,2014-11-28,VAW,2,0.3653094,1,0.52,False,False
NN_v1,3,2014-11-28,VDE,1,0.42058745,1,0.68,False,False
NN_v1,3,2014-11-28,VIS,3,0.36286008,0,0.63,False,False
NN_v1,3,2014-12-05,VAW,2,0.38548866,0,0.62,False,False
NN_v1,3,2014-12-05,VDE,1,0.4139284,0,0.63,False,False
NN_v1,3,2014-12-05,VOX,3,0.36007208,0,0.62,False,False
NN_v1,3,2014-12-12,VCR,2,0.42087623,0,0.66,False,False
NN_v1,3,2014-12-12,VDE,1,0.4329379,1,0.66,False,False
NN_v1,3,2014-12-12,VIS,3,0.41517794,1,0.66,False,False
NN_v1,3,2014-12-19,VAW,1,0.37309253,0,0.66,False,False
NN_v1,3,2014-12-19,VDE,3,0.36604658,0,0.63,False,False
NN_v1,3,2014-12-19,VOX,2,0.3692916,1,0.63,False,False
NN_v1,3,2014-12-26,VAW,2,0.3847482,0,0.66,False,False
NN_v1,3,2014-12-26,VDE,1,0.39247072,0,0.62,False,False
NN_v1,3,2014-12-26,VHT,3,0.37720895,0,0.64,False,False
NN_v1,3,2015-01-02,VAW,1,0.40566066,0,0.73,False,False
NN_v1,3,2015-01-02,VDC,3,0.403794,1,0.65,False,False
NN_v1,3,2015-01-02,VHT,2,0.4043342,1,0.7,False,False
NN_v1,3,2015-01-09,VAW,3,0.40069002,0,0.68,False,False
NN_v1,3,2015-01-09,VDE,1,0.41528818,0,0.6,False,False
NN_v1,3,2015-01-09,VPU,2,0.40639445,1,0.64,False,False
NN_v1,3,2015-01-16,VAW,2,0.403678,0,0.6,False,False
NN_v1,3,2015-01-16,VDE,1,0.41866195,1,0.64,False,False
NN_v1,3,2015-01-16,VOX,3,0.40148753,0,0.63,False,False
NN_v1,3,2015-01-23,VAW,2,0.3580543,0,0.64,False,False
NN_v1,3,2015-01-23,VDE,1,0.37579402,0,0.63,False,False
NN_v1,3,2015-01-23,VGT,3,0.35631666,0,0.67,False,False
NN_v1,3,2015-01-30,VCR,2,0.42823997,1,0.71,False,False
NN_v1,3,2015-01-30,VDC,3,0.42615798,1,0.59,False,False
NN_v1,3,2015-01-30,VHT,1,0.42961726,0,0.65,False,False
NN_v1,3,2015-02-06,VDE,1,0.38209265,1,0.6,False,False
NN_v1,3,2015-02-06,VIS,3,0.37719586,1,0.64,False,False
NN_v1,3,2015-02-06,VOX,2,0.37807968,0,0.61,False,False
NN_v1,3,2015-02-13,VDE,2,0.36187842,0,0.63,False,False
NN_v1,3,2015-02-13,VIS,3,0.33479482,1,0.6,False,False
NN_v1,3,2015-02-13,VPU,1,0.37517947,1,0.67,False,False
NN_v1,3,2015-02-20,VDE,2,0.3756417,0,0.61,False,False
NN_v1,3,2015-02-20,VOX,1,0.39264324,0,0.64,False,False
NN_v1,3,2015-02-20,VPU,3,0.36323607,0,0.63,False,False
NN_v1,3,2015-02-27,VAW,2,0.37407774,0,0.61,False,False
NN_v1,3,2015-02-27,VDE,1,0.38713157,0,0.64,False,False
NN_v1,3,2015-02-27,VOX,3,0.37313738,0,0.65,False,False
NN_v1,3,2015-03-06,VGT,1,0.42221865,0,0.69,False,False
NN_v1,3,2015-03-06,VIS,2,0.41516343,0,0.64,False,False
NN_v1,3,2015-03-06,VPU,3,0.41138744,0,0.64,False,False
NN_v1,3,2015-03-13,VDE,3,0.40530136,1,0.71,False,False
NN_v1,3,2015-03-13,VGT,2,0.41565967,1,0.62,False,False
NN_v1,3,2015-03-13,VIS,1,0.41704017,1,0.62,False,False
NN_v1,3,2015-03-20,VDE,1,0.3675904,0,0.61,False,False
NN_v1,3,2015-03-20,VGT,2,0.35649568,0,0.7,False,False
NN_v1,3,2015-03-20,VPU,3,0.35388556,0,0.64,False,False
NN_v1,3,2015-03-27,VFH,2,0.42561975,0,0.68,False,False
NN_v1,3,2015-03-27,VOX,3,0.42164326,1,0.65,False,False
NN_v1,3,2015-03-27,VPU,1,0.4314688,1,0.72,False,False
NN_v1,3,2015-04-03,VFH,2,0.39482826,0,0.67,False,False
NN_v1,3,2015-04-03,VGT,1,0.39942423,1,0.63,False,False
NN_v1,3,2015-04-03,VHT,3,0.3947012,1,0.56,False,False
NN_v1,3,2015-04-10,VHT,3,0.35030088,0,0.64,False,False
NN_v1,3,2015-04-10,VNQ,2,0.36861387,0,0.67,False,False
NN_v1,3,2015-04-10,VPU,1,0.3920797,0,0.63,False,False
NN_v1,3,2015-04-17,VDC,1,0.4181812,0,0.73,False,False
NN_v1,3,2015-04-17,VOX,3,0.41575202,1,0.61,False,False
NN_v1,3,2015-04-17,VPU,2,0.4169338,1,0.63,False,False
NN_v1,3,2015-04-24,VGT,3,0.32738233,0,0.62,False,False
NN_v1,3,2015-04-24,VNQ,2,0.35582185,0,0.66,False,False
NN_v1,3,2015-04-24,VPU,1,0.37047175,0,0.62,False,False
NN_v1,3,2015-05-01,VHT,2,0.38857174,1,0.71,False,False
NN_v1,3,2015-05-01,VIS,3,0.38305056,0,0.57,False,False
NN_v1,3,2015-05-01,VPU,1,0.39854723,0,0.66,False,False
NN_v1,3,2015-05-08,VGT,1,0.3859959,0,0.62,False,False
NN_v1,3,2015-05-08,VHT,2,0.38124752,0,0.63,False,False
NN_v1,3,2015-05-08,VOX,3,0.3800558,0,0.58,False,False
NN_v1,3,2015-05-15,VGT,1,0.38468695,0,0.67,False,False
NN_v1,3,2015-05-15,VOX,2,0.38366655,0,0.66,False,False
NN_v1,3,2015-05-15,VPU,3,0.37242255,0,0.64,False,False
NN_v1,3,2015-05-22,VAW,1,0.37793618,0,0.68,False,False
NN_v1,3,2015-05-22,VNQ,2,0.37255725,0,0.66,False,False
NN_v1,3,2015-05-22,VPU,3,0.37017557,0,0.6,False,False
NN_v1,3,2015-05-29,VDE,1,0.39254513,0,0.65,False,False
NN_v1,3,2015-05-29,VGT,3,0.3880142,0,0.66,False,False
NN_v1,3,2015-05-29,VIS,2,0.38821748,0,0.65,False,False
NN_v1,3,2015-06-05,VHT,1,0.3962323,0,0.57,False,False
NN_v1,3,2015-06-05,VNQ,3,0.39416432,0,0.62,False,False
NN_v1,3,2015-06-05,VPU,2,0.39524972,0,0.66,False,False
NN_v1,3,2015-06-12,VNQ,2,0.3975083,1,0.63,False,False
NN_v1,3,2015-06-12,VOX,3,0.38640258,1,0.59,False,False
NN_v1,3,2015-06-12,VPU,1,0.40005425,1,0.6,False,False
NN_v1,3,2015-06-19,VIS,3,0.35266802,0,0.6,False,False
NN_v1,3,2015-06-19,VNQ,1,0.37594116,0,0.6,False,False
NN_v1,3,2015-06-19,VPU,2,0.3743681,0,0.63,False,False
NN_v1,3,2015-06-26,VNQ,1,0.3980174,0,0.64,False,False
NN_v1,3,2015-06-26,VOX,3,0.38740435,0,0.66,False,False
NN_v1,3,2015-06-26,VPU,2,0.3905597,1,0.65,False,False
NN_v1,3,2015-07-03,VDC,1,0.42431524,1,0.76,False,False
NN_v1,3,2015-07-03,VGT,3,0.4101496,0,0.68,False,False
NN_v1,3,2015-07-03,VOX,2,0.4156498,0,0.64,False,False
NN_v1,3,2015-07-10,VDE,3,0.392899,0,0.66,False,False
NN_v1,3,2015-07-10,VOX,1,0.40829784,0,0.66,False,False
NN_v1,3,2015-07-10,VPU,2,0.3935748,0,0.64,False,False
NN_v1,3,2015-07-17,VAW,2,0.3683832,0,0.72,False,False
NN_v1,3,2015-07-17,VDE,1,0.39671907,0,0.62,False,False
NN_v1,3,2015-07-17,VOX,3,0.35957173,0,0.6,False,False
NN_v1,3,2015-07-24,VAW,3,0.42955527,1,0.6,False,False
NN_v1,3,2015-07-24,VDE,2,0.4297784,0,0.64,False,False
NN_v1,3,2015-07-24,VPU,1,0.4341598,1,0.69,False,False
NN_v1,3,2015-07-31,VAW,2,0.39012754,0,0.68,False,False
NN_v1,3,2015-07-31,VDE,1,0.40020528,0,0.67,False,False
NN_v1,3,2015-07-31,VGT,3,0.3893138,0,0.62,False,False
NN_v1,3,2015-08-07,VAW,3,0.4148159,0,0.69,False,False
NN_v1,3,2015-08-07,VDE,2,0.42941406,1,0.65,False,False
NN_v1,3,2015-08-07,VGT,1,0.42948657,0,0.64,False,False
NN_v1,3,2015-08-14,VAW,3,0.3885696,0,0.64,False,False
NN_v1,3,2015-08-14,VCR,2,0.38896286,0,0.6,False,False
NN_v1,3,2015-08-14,VHT,1,0.3941234,0,0.55,False,False
NN_v1,3,2015-08-21,VDE,1,0.43043897,1,0.65,False,False
NN_v1,3,2015-08-21,VHT,2,0.42597905,1,0.67,False,False
NN_v1,3,2015-08-21,VIS,3,0.4255468,1,0.66,False,False
NN_v1,3,2015-08-28,VFH,2,0.40579167,0,0.67,False,False
NN_v1,3,2015-08-28,VGT,3,0.40153757,0,0.65,False,False
NN_v1,3,2015-08-28,VNQ,1,0.40935558,0,0.62,False,False
NN_v1,3,2015-09-04,VCR,1,0.4545206,0,0.63,False,False
NN_v1,3,2015-09-04,VOX,3,0.45322827,0,0.59,False,False
NN_v1,3,2015-09-04,VPU,2,0.45337838,0,0.68,False,False
NN_v1,3,2015-09-11,VCR,3,0.4233484,0,0.63,False,False
NN_v1,3,2015-09-11,VDE,2,0.42889166,1,0.66,False,False
NN_v1,3,2015-09-11,VPU,1,0.4334682,1,0.66,False,False
NN_v1,3,2015-09-18,VCR,2,0.42639348,0,0.7,False,False
NN_v1,3,2015-09-18,VGT,1,0.4293254,0,0.72,False,False
NN_v1,3,2015-09-18,VIS,3,0.4251258,0,0.65,False,False
NN_v1,3,2015-09-25,VAW,3,0.4220752,1,0.66,False,False
NN_v1,3,2015-09-25,VGT,1,0.42975757,1,0.64,False,False
NN_v1,3,2015-09-25,VHT,2,0.4293125,1,0.62,False,False
NN_v1,3,2015-10-02,VGT,1,0.41116565,1,0.63,False,False
NN_v1,3,2015-10-02,VHT,2,0.402757,0,0.66,False,False
NN_v1,3,2015-10-02,VOX,3,0.40234116,1,0.61,False,False
NN_v1,3,2015-10-09,VAW,3,0.35355783,0,0.69,False,False
NN_v1,3,2015-10-09,VGT,2,0.3558088,0,0.65,False,False
NN_v1,3,2015-10-09,VHT,1,0.39523506,1,0.64,False,False
NN_v1,3,2015-10-16,VAW,1,0.385645,1,0.62,False,False
NN_v1,3,2015-10-16,VHT,2,0.38323277,0,0.64,False,False
NN_v1,3,2015-10-16,VIS,3,0.37388533,1,0.64,False,False
NN_v1,3,2015-10-23,VDE,1,0.37734374,0,0.66,False,False
NN_v1,3,2015-10-23,VHT,2,0.3626106,1,0.64,False,False
NN_v1,3,2015-10-23,VIS,3,0.35195976,0,0.61,False,False
NN_v1,3,2015-10-30,VAW,2,0.36780182,0,0.62,False,False
NN_v1,3,2015-10-30,VDE,1,0.38592166,1,0.64,False,False
NN_v1,3,2015-10-30,VIS,3,0.36299857,0,0.61,False,False
NN_v1,3,2015-11-06,VIS,3,0.3639727,0,0.72,False,False
NN_v1,3,2015-11-06,VNQ,2,0.36497688,0,0.69,False,False
NN_v1,3,2015-11-06,VPU,1,0.37196258,0,0.68,False,False
NN_v1,3,2015-11-13,VAW,2,0.4271606,1,0.68,False,False
NN_v1,3,2015-11-13,VIS,1,0.4312736,1,0.65,False,False
NN_v1,3,2015-11-13,VOX,3,0.42503068,1,0.68,False,False
NN_v1,3,2015-11-20,VCR,3,0.36246955,0,0.63,False,False
NN_v1,3,2015-11-20,VDE,2,0.3779732,1,0.66,False,False
NN_v1,3,2015-11-20,VHT,1,0.38116664,1,0.61,False,False
NN_v1,3,2015-11-27,VDE,1,0.39008558,0,0.65,False,False
NN_v1,3,2015-11-27,VFH,2,0.3852639,0,0.65,False,False
NN_v1,3,2015-11-27,VHT,3,0.38493407,0,0.62,False,False
NN_v1,3,2015-12-04,VCR,3,0.40457702,0,0.65,False,False
NN_v1,3,2015-12-04,VDE,2,0.40820917,0,0.63,False,False
NN_v1,3,2015-12-04,VHT,1,0.41211092,0,0.67,False,False
NN_v1,3,2015-12-11,VCR,2,0.43283647,0,0.65,False,False
NN_v1,3,2015-12-11,VDC,1,0.4330349,0,0.7,False,False
NN_v1,3,2015-12-11,VOX,3,0.43060592,1,0.63,False,False
NN_v1,3,2015-12-18,VCR,1,0.41901177,0,0.61,False,False
NN_v1,3,2015-12-18,VFH,3,0.41493347,1,0.67,False,False
NN_v1,3,2015-12-18,VGT,2,0.41830492,1,0.62,False,False
NN_v1,3,2015-12-25,VDE,2,0.36506042,0,0.58,False,False
NN_v1,3,2015-12-25,VFH,3,0.3636611,0,0.68,False,False
NN_v1,3,2015-12-25,VGT,1,0.36955208,0,0.65,False,False
NN_v1,3,2016-01-01,VFH,2,0.42101535,0,0.62,False,False
NN_v1,3,2016-01-01,VGT,1,0.4224944,0,0.67,False,False
NN_v1,3,2016-01-01,VOX,3,0.42053676,0,0.62,False,False
NN_v1,3,2016-01-08,VAW,3,0.43958646,0,0.59,False,False
NN_v1,3,2016-01-08,VDE,1,0.46091324,0,0.61,False,False
NN_v1,3,2016-01-08,VIS,2,0.44253132,0,0.58,False,False
NN_v1,3,2016-01-15,VAW,3,0.44507453,0,0.62,False,False
NN_v1,3,2016-01-15,VDE,1,0.44676965,1,0.66,False,False
NN_v1,3,2016-01-15,VFH,2,0.44532925,0,0.64,False,False
NN_v1,3,2016-01-22,VAW,1,0.45148385,1,0.71,False,False
NN_v1,3,2016-01-22,VFH,2,0.44866544,1,0.65,False,False
NN_v1,3,2016-01-22,VIS,3,0.43606552,1,0.64,False,False
NN_v1,3,2016-01-29,VAW,3,0.4083701,1,0.6,False,False
NN_v1,3,2016-01-29,VCR,2,0.41218638,0,0.65,False,False
NN_v1,3,2016-01-29,VHT,1,0.4538842,0,0.57,False,False
NN_v1,3,2016-02-05,VCR,3,0.4426125,0,0.68,False,False
NN_v1,3,2016-02-05,VGT,2,0.44341508,0,0.69,False,False
NN_v1,3,2016-02-05,VHT,1,0.44605088,0,0.66,False,False
NN_v1,3,2016-02-12,VCR,2,0.44223136,1,0.68,False,False
NN_v1,3,2016-02-12,VHT,3,0.43900415,1,0.6,False,False
NN_v1,3,2016-02-12,VNQ,1,0.46279657,1,0.58,False,False
NN_v1,3,2016-02-19,VAW,1,0.4207562,1,0.69,False,False
NN_v1,3,2016-02-19,VFH,2,0.410985,0,0.65,False,False
NN_v1,3,2016-02-19,VGT,3,0.40594846,0,0.65,False,False
NN_v1,3,2016-02-26,VAW,2,0.40285686,1,0.64,False,False
NN_v1,3,2016-02-26,VDE,1,0.40817052,1,0.69,False,False
NN_v1,3,2016-02-26,VGT,3,0.3999572,1,0.69,False,False
NN_v1,3,2016-03-04,VCR,3,0.32020938,1,0.69,False,False
NN_v1,3,2016-03-04,VDE,1,0.33482453,1,0.63,False,False
NN_v1,3,2016-03-04,VGT,2,0.33192626,1,0.67,False,False
NN_v1,3,2016-03-11,VCR,2,0.31706426,1,0.62,False,False
NN_v1,3,2016-03-11,VDE,3,0.31332886,1,0.61,False,False
NN_v1,3,2016-03-11,VGT,1,0.319617,1,0.62,False,False
NN_v1,3,2016-03-18,VDE,2,0.34699267,0,0.61,False,False
NN_v1,3,2016-03-18,VFH,3,0.322301,0,0.67,False,False
NN_v1,3,2016-03-18,VHT,1,0.35621312,0,0.63,False,False
NN_v1,3,2016-03-25,VDE,1,0.43255267,0,0.68,False,False
NN_v1,3,2016-03-25,VFH,2,0.39869583,1,0.68,False,False
NN_v1,3,2016-03-25,VGT,3,0.38643813,1,0.66,False,False
NN_v1,3,2016-04-01,VDE,1,0.35982156,1,0.61,False,False
NN_v1,3,2016-04-01,VFH,2,0.32411247,0,0.7,False,False
NN_v1,3,2016-04-01,VGT,3,0.3085077,0,0.61,False,False
NN_v1,3,2016-04-08,VCR,3,0.38076827,1,0.59,False,False
NN_v1,3,2016-04-08,VGT,1,0.4060596,0,0.64,False,False
NN_v1,3,2016-04-08,VNQ,2,0.38865572,0,0.71,False,False
NN_v1,3,2016-04-15,VCR,2,0.3430436,0,0.67,False,False
NN_v1,3,2016-04-15,VGT,1,0.35892403,0,0.62,False,False
NN_v1,3,2016-04-15,VNQ,3,0.3397558,0,0.7,False,False
NN_v1,3,2016-04-22,VFH,1,0.36304477,0,0.64,False,False
NN_v1,3,2016-04-22,VGT,2,0.36031708,0,0.69,False,False
NN_v1,3,2016-04-22,VNQ,3,0.36004525,0,0.6,False,False
NN_v1,3,2016-04-29,VCR,3,0.37414774,0,0.61,False,False
NN_v1,3,2016-04-29,VFH,2,0.4008328,0,0.66,False,False
NN_v1,3,2016-04-29,VHT,1,0.40394112,0,0.66,False,False
NN_v1,3,2016-05-06,VAW,3,0.38827318,0,0.67,False,False
NN_v1,3,2016-05-06,VDE,1,0.41471106,0,0.68,False,False
NN_v1,3,2016-05-06,VFH,2,0.40766963,0,0.66,False,False
NN_v1,3,2016-05-13,VDE,1,0.42483473,0,0.66,False,False
NN_v1,3,2016-05-13,VHT,2,0.39876583,1,0.62,False,False
NN_v1,3,2016-05-13,VNQ,3,0.37553763,0,0.68,False,False
NN_v1,3,2016-05-20,VDC,2,0.3817299,1,0.67,False,False
NN_v1,3,2016-05-20,VNQ,1,0.4125511,1,0.62,False,False
NN_v1,3,2016-05-20,VPU,3,0.37635124,1,0.62,False,False
NN_v1,3,2016-05-27,VDC,2,0.32231626,0,0.64,False,False
NN_v1,3,2016-05-27,VFH,3,0.3202067,0,0.65,False,False
NN_v1,3,2016-05-27,VNQ,1,0.3765801,1,0.7,False,False
NN_v1,3,2016-06-03,VDE,1,0.3582403,0,0.64,False,False
NN_v1,3,2016-06-03,VFH,2,0.34069803,0,0.63,False,False
NN_v1,3,2016-06-03,VGT,3,0.3376624,0,0.69,False,False
NN_v1,3,2016-06-10,VDE,3,0.34911707,0,0.61,False,False
NN_v1,3,2016-06-10,VFH,1,0.3601141,0,0.65,False,False
NN_v1,3,2016-06-10,VGT,2,0.35176474,0,0.66,False,False
NN_v1,3,2016-06-17,VAW,3,0.375852,0,0.6,False,False
NN_v1,3,2016-06-17,VFH,2,0.38041696,0,0.59,False,False
NN_v1,3,2016-06-17,VGT,1,0.39826736,0,0.59,False,False
NN_v1,3,2016-06-24,VAW,3,0.41172445,1,0.67,False,False
NN_v1,3,2016-06-24,VGT,2,0.41505572,1,0.66,False,False
NN_v1,3,2016-06-24,VHT,1,0.41581482,1,0.72,False,False
NN_v1,3,2016-07-01,VAW,2,0.30990905,1,0.64,False,False
NN_v1,3,2016-07-01,VGT,1,0.3180029,1,0.69,False,False
NN_v1,3,2016-07-01,VIS,3,0.30299556,1,0.61,False,False
NN_v1,3,2016-07-08,VDE,1,0.33741158,1,0.68,False,False
NN_v1,3,2016-07-08,VFH,3,0.308048,1,0.67,False,False
NN_v1,3,2016-07-08,VGT,2,0.3118585,1,0.66,False,False
NN_v1,3,2016-07-15,VHT,3,0.2884652,1,0.61,False,False
NN_v1,3,2016-07-15,VNQ,1,0.2988105,1,0.67,False,False
NN_v1,3,2016-07-15,VPU,2,0.28884944,1,0.65,False,False
NN_v1,3,2016-07-22,VAW,3,0.29274616,0,0.65,False,False
NN_v1,3,2016-07-22,VDE,1,0.31992203,0,0.59,False,False
NN_v1,3,2016-07-22,VIS,2,0.29906034,0,0.6,False,False
NN_v1,3,2016-07-29,VAW,1,0.34115356,0,0.69,False,False
NN_v1,3,2016-07-29,VDE,2,0.33069912,1,0.71,False,False
NN_v1,3,2016-07-29,VIS,3,0.3272581,0,0.64,False,False
NN_v1,3,2016-08-05,VNQ,1,0.35488138,0,0.64,False,False
NN_v1,3,2016-08-05,VOX,2,0.35476142,0,0.66,False,False
NN_v1,3,2016-08-05,VPU,3,0.34129563,0,0.63,False,False
NN_v1,3,2016-08-12,VFH,1,0.34576556,0,0.61,False,False
NN_v1,3,2016-08-12,VNQ,2,0.338095,0,0.64,False,False
NN_v1,3,2016-08-12,VPU,3,0.32760635,0,0.63,False,False
NN_v1,3,2016-08-19,VFH,2,0.34909326,0,0.62,False,False
NN_v1,3,2016-08-19,VNQ,3,0.3481351,0,0.67,False,False
NN_v1,3,2016-08-19,VOX,1,0.36584347,0,0.63,False,False
NN_v1,3,2016-08-26,VDE,3,0.37419197,0,0.65,False,False
NN_v1,3,2016-08-26,VOX,1,0.38537765,0,0.66,False,False
NN_v1,3,2016-08-26,VPU,2,0.37810627,0,0.64,False,False
NN_v1,3,2016-09-02,VDE,1,0.37589836,0,0.68,False,False
NN_v1,3,2016-09-02,VOX,3,0.33614132,0,0.7,False,False
NN_v1,3,2016-09-02,VPU,2,0.34503525,0,0.64,False,False
NN_v1,3,2016-09-09,VAW,3,0.43890285,0,0.69,False,False
NN_v1,3,2016-09-09,VHT,2,0.44178042,1,0.62,False,False
NN_v1,3,2016-09-09,VIS,1,0.44478998,0,0.69,False,False
NN_v1,3,2016-09-16,VDC,2,0.39386782,0,0.63,False,False
NN_v1,3,2016-09-16,VDE,1,0.40456355,0,0.6,False,False
NN_v1,3,2016-09-16,VIS,3,0.39183956,0,0.66,False,False
NN_v1,3,2016-09-23,VDE,1,0.37480727,1,0.59,False,False
NN_v1,3,2016-09-23,VOX,2,0.34562516,0,0.61,False,False
NN_v1,3,2016-09-23,VPU,3,0.342554,0,0.61,False,False
NN_v1,3,2016-09-30,VDC,3,0.38349402,0,0.63,False,False
NN_v1,3,2016-09-30,VOX,2,0.39650762,0,0.66,False,False
NN_v1,3,2016-09-30,VPU,1,0.40798637,0,0.64,False,False
NN_v1,3,2016-10-07,VIS,3,0.41155335,0,0.63,False,False
NN_v1,3,2016-10-07,VNQ,1,0.43491486,1,0.68,False,False
NN_v1,3,2016-10-07,VPU,2,0.42486563,1,0.65,False,False
NN_v1,3,2016-10-14,VDE,2,0.4165522,0,0.66,False,False
NN_v1,3,2016-10-14,VIS,1,0.42010182,0,0.69,False,False
NN_v1,3,2016-10-14,VNQ,3,0.40450737,0,0.67,False,False
NN_v1,3,2016-10-21,VNQ,3,0.38381925,0,0.63,False,False
NN_v1,3,2016-10-21,VOX,1,0.40977168,0,0.58,False,False
NN_v1,3,2016-10-21,VPU,2,0.38722372,0,0.66,False,False
NN_v1,3,2016-10-28,VDE,2,0.42442238,0,0.6,False,False
NN_v1,3,2016-10-28,VHT,3,0.4233868,0,0.62,False,False
NN_v1,3,2016-10-28,VNQ,1,0.43443257,0,0.68,False,False
NN_v1,3,2016-11-04,VAW,2,0.4379197,1,0.77,False,False
NN_v1,3,2016-11-04,VHT,1,0.4400185,1,0.68,False,False
NN_v1,3,2016-11-04,VNQ,3,0.43697977,0,0.67,False,False
NN_v1,3,2016-11-11,VDC,3,0.38939655,0,0.65,False,False
NN_v1,3,2016-11-11,VNQ,1,0.41155323,0,0.67,False,False
NN_v1,3,2016-11-11,VPU,2,0.4079285,1,0.66,False,False
NN_v1,3,2016-11-18,VHT,3,0.38430464,0,0.68,False,False
NN_v1,3,2016-11-18,VNQ,1,0.4081514,1,0.69,False,False
NN_v1,3,2016-11-18,VPU,2,0.40360853,1,0.67,False,False
NN_v1,3,2016-11-25,VHT,1,0.3537763,0,0.64,False,False
NN_v1,3,2016-11-25,VNQ,2,0.35283273,0,0.72,False,False
NN_v1,3,2016-11-25,VPU,3,0.34435427,0,0.66,False,False
NN_v1,3,2016-12-02,VHT,1,0.39328557,0,0.62,False,False
NN_v1,3,2016-12-02,VOX,2,0.3857062,1,0.67,False,False
NN_v1,3,2016-12-02,VPU,3,0.38553476,1,0.62,False,False
NN_v1,3,2016-12-09,VHT,2,0.30884978,1,0.63,False,False
NN_v1,3,2016-12-09,VNQ,1,0.31093013,0,0.66,False,False
NN_v1,3,2016-12-09,VPU,3,0.30213523,1,0.67,False,False
NN_v1,3,2016-12-16,VNQ,1,0.36849645,0,0.65,False,False
NN_v1,3,2016-12-16,VOX,2,0.36009452,1,0.71,False,False
NN_v1,3,2016-12-16,VPU,3,0.3599544,0,0.68,False,False
NN_v1,3,2016-12-23,VCR,3,0.3431267,0,0.68,False,False
NN_v1,3,2016-12-23,VHT,2,0.3554681,0,0.67,False,False
NN_v1,3,2016-12-23,VNQ,1,0.37947443,1,0.7,False,False
NN_v1,3,2016-12-30,VCR,2,0.38609055,1,0.62,False,False
NN_v1,3,2016-12-30,VHT,1,0.38740516,1,0.64,False,False
NN_v1,3,2016-12-30,VNQ,3,0.37558693,1,0.68,False,False
NN_v1,3,2017-01-06,VFH,1,0.30280176,0,0.61,False,False
NN_v1,3,2017-01-06,VHT,3,0.28967163,0,0.66,False,False
NN_v1,3,2017-01-06,VOX,2,0.2910111,0,0.63,False,False
NN_v1,3,2017-01-13,VDE,3,0.332778,0,0.66,False,False
NN_v1,3,2017-01-13,VNQ,1,0.3588496,0,0.63,False,False
NN_v1,3,2017-01-13,VOX,2,0.3334033,0,0.62,False,False
NN_v1,3,2017-01-20,VFH,2,0.36886263,1,0.66,False,False
NN_v1,3,2017-01-20,VGT,3,0.3615891,1,0.63,False,False
NN_v1,3,2017-01-20,VNQ,1,0.3748187,0,0.64,False,False
NN_v1,3,2017-01-27,VFH,2,0.30814663,0,0.66,False,False
NN_v1,3,2017-01-27,VHT,1,0.31435964,1,0.63,False,False
NN_v1,3,2017-01-27,VNQ,3,0.3045001,0,0.64,False,False
NN_v1,3,2017-02-03,VAW,1,0.3394847,0,0.66,False,False
NN_v1,3,2017-02-03,VDE,3,0.3242102,0,0.63,False,False
NN_v1,3,2017-02-03,VOX,2,0.3291852,0,0.66,False,False
NN_v1,3,2017-02-10,VAW,1,0.31749675,0,0.67,False,False
NN_v1,3,2017-02-10,VDE,2,0.30313215,0,0.64,False,False
NN_v1,3,2017-02-10,VOX,3,0.30219236,0,0.63,False,False
NN_v1,3,2017-02-17,VAW,3,0.28853425,0,0.63,False,False
NN_v1,3,2017-02-17,VDE,1,0.32607293,0,0.58,False,False
NN_v1,3,2017-02-17,VOX,2,0.30183417,0,0.65,False,False
NN_v1,3,2017-02-24,VDE,1,0.33256674,1,0.67,False,False
NN_v1,3,2017-02-24,VFH,2,0.3042002,1,0.7,False,False
NN_v1,3,2017-02-24,VOX,3,0.3013072,0,0.67,False,False
NN_v1,3,2017-03-03,VDE,1,0.3239421,0,0.6,False,False
NN_v1,3,2017-03-03,VFH,3,0.30464533,0,0.64,False,False
NN_v1,3,2017-03-03,VOX,2,0.32078722,0,0.64,False,False
NN_v1,3,2017-03-10,VDE,3,0.3734026,0,0.67,False,False
NN_v1,3,2017-03-10,VNQ,1,0.37841874,1,0.64,False,False
NN_v1,3,2017-03-10,VOX,2,0.3769439,1,0.65,False,False
NN_v1,3,2017-03-17,VDE,1,0.34748933,0,0.65,False,False
NN_v1,3,2017-03-17,VFH,3,0.33960792,0,0.68,False,False
NN_v1,3,2017-03-17,VNQ,2,0.34083408,0,0.7,False,False
NN_v1,3,2017-03-24,VDE,1,0.41741213,1,0.67,False,False
NN_v1,3,2017-03-24,VFH,2,0.4084651,1,0.67,False,False
NN_v1,3,2017-03-24,VIS,3,0.38684565,1,0.64,False,False
NN_v1,3,2017-03-31,VFH,1,0.35814583,0,0.63,False,False
NN_v1,3,2017-03-31,VNQ,3,0.33543023,1,0.61,False,False
NN_v1,3,2017-03-31,VOX,2,0.35151196,1,0.64,False,False
NN_v1,3,2017-04-07,VDE,3,0.352424,0,0.65,False,False
NN_v1,3,2017-04-07,VFH,1,0.37780914,0,0.68,False,False
NN_v1,3,2017-04-07,VOX,2,0.35624298,0,0.63,False,False
NN_v1,3,2017-04-14,VAW,3,0.38886997,1,0.6,False,False
NN_v1,3,2017-04-14,VDE,2,0.3972378,0,0.71,False,False
NN_v1,3,2017-04-14,VFH,1,0.41245115,1,0.69,False,False
NN_v1,3,2017-04-21,VDE,1,0.36409003,0,0.63,False,False
NN_v1,3,2017-04-21,VFH,2,0.35471588,0,0.64,False,False
NN_v1,3,2017-04-21,VOX,3,0.33609372,0,0.63,False,False
NN_v1,3,2017-04-28,VDE,1,0.34244877,0,0.65,False,False
NN_v1,3,2017-04-28,VFH,2,0.334851,0,0.69,False,False
NN_v1,3,2017-04-28,VNQ,3,0.33029628,0,0.65,False,False
NN_v1,3,2017-05-05,VFH,1,0.35001418,0,0.65,False,False
NN_v1,3,2017-05-05,VNQ,2,0.33750623,0,0.68,False,False
NN_v1,3,2017-05-05,VOX,3,0.33495244,0,0.65,False,False
NN_v1,3,2017-05-12,VFH,2,0.35810304,0,0.61,False,False
NN_v1,3,2017-05-12,VNQ,3,0.35687214,1,0.66,False,False
NN_v1,3,2017-05-12,VOX,1,0.37013677,0,0.64,False,False
NN_v1,3,2017-05-19,VCR,2,0.35523507,1,0.64,False,False
NN_v1,3,2017-05-19,VFH,1,0.36154258,0,0.62,False,False
NN_v1,3,2017-05-19,VOX,3,0.35428667,0,0.66,False,False
NN_v1,3,2017-05-26,VDE,1,0.3576277,0,0.63,False,False
NN_v1,3,2017-05-26,VFH,2,0.3405069,0,0.62,False,False
NN_v1,3,2017-05-26,VOX,3,0.31768945,1,0.61,False,False
NN_v1,3,2017-06-02,VDE,1,0.36465517,1,0.59,False,False
NN_v1,3,2017-06-02,VFH,2,0.33636355,1,0.7,False,False
NN_v1,3,2017-06-02,VNQ,3,0.30281973,0,0.61,False,False
NN_v1,3,2017-06-09,VDE,1,0.34770918,0,0.69,False,False
NN_v1,3,2017-06-09,VFH,2,0.3359857,0,0.69,False,False
NN_v1,3,2017-06-09,VGT,3,0.33440495,0,0.66,False,False
NN_v1,3,2017-06-16,VCR,3,0.3125075,0,0.7,False,False
NN_v1,3,2017-06-16,VGT,1,0.33618176,1,0.7,False,False
NN_v1,3,2017-06-16,VOX,2,0.31747046,0,0.65,False,False
NN_v1,3,2017-06-23,VDE,2,0.35290286,0,0.66,False,False
NN_v1,3,2017-06-23,VFH,1,0.36255842,1,0.62,False,False
NN_v1,3,2017-06-23,VOX,3,0.34826317,0,0.63,False,False
NN_v1,3,2017-06-30,VDE,2,0.36679375,0,0.63,False,False
NN_v1,3,2017-06-30,VHT,3,0.3606574,0,0.64,False,False
NN_v1,3,2017-06-30,VPU,1,0.36829057,0,0.66,False,False
NN_v1,3,2017-07-07,VGT,2,0.35879266,1,0.62,False,False
NN_v1,3,2017-07-07,VHT,3,0.35356033,0,0.68,False,False
NN_v1,3,2017-07-07,VPU,1,0.3599604,0,0.62,False,False
NN_v1,3,2017-07-14,VDE,1,0.3173178,0,0.68,False,False
NN_v1,3,2017-07-14,VFH,3,0.30204588,0,0.61,False,False
NN_v1,3,2017-07-14,VOX,2,0.30961993,1,0.64,False,False
NN_v1,3,2017-07-21,VDE,2,0.32042798,1,0.6,False,False
NN_v1,3,2017-07-21,VFH,1,0.34056053,0,0.66,False,False
NN_v1,3,2017-07-21,VGT,3,0.3102688,0,0.67,False,False
NN_v1,3,2017-07-28,VDE,2,0.34123433,0,0.66,False,False
NN_v1,3,2017-07-28,VGT,1,0.35387856,0,0.63,False,False
NN_v1,3,2017-07-28,VPU,3,0.32739246,1,0.64,False,False
NN_v1,3,2017-08-04,VDE,2,0.3236076,0,0.66,False,False
NN_v1,3,2017-08-04,VGT,1,0.34648308,0,0.58,False,False
NN_v1,3,2017-08-04,VHT,3,0.3092847,0,0.61,False,False
NN_v1,3,2017-08-11,VFH,3,0.39062524,0,0.6,False,False
NN_v1,3,2017-08-11,VGT,2,0.3952198,0,0.65,False,False
NN_v1,3,2017-08-11,VHT,1,0.39764565,0,0.61,False,False
NN_v1,3,2017-08-18,VDE,3,0.38870496,1,0.64,False,False
NN_v1,3,2017-08-18,VFH,2,0.40446216,0,0.6,False,False
NN_v1,3,2017-08-18,VOX,1,0.40579477,1,0.64,False,False
NN_v1,3,2017-08-25,VDE,3,0.34295332,1,0.68,False,False
NN_v1,3,2017-08-25,VFH,2,0.34521103,0,0.65,False,False
NN_v1,3,2017-08-25,VOX,1,0.3513374,0,0.65,False,False
NN_v1,3,2017-09-01,VDE,1,0.31079814,0,0.62,False,False
NN_v1,3,2017-09-01,VFH,3,0.3059859,0,0.6,False,False
NN_v1,3,2017-09-01,VPU,2,0.30661052,0,0.68,False,False
NN_v1,3,2017-09-08,VAW,3,0.36437982,1,0.63,False,False
NN_v1,3,2017-09-08,VFH,2,0.3692716,1,0.67,False,False
NN_v1,3,2017-09-08,VOX,1,0.39728487,1,0.59,False,False
NN_v1,3,2017-09-15,VGT,2,0.29890984,0,0.68,False,False
NN_v1,3,2017-09-15,VHT,3,0.2901984,0,0.62,False,False
NN_v1,3,2017-09-15,VOX,1,0.32145113,1,0.68,False,False
NN_v1,3,2017-09-22,VHT,1,0.35449475,0,0.67,False,False
NN_v1,3,2017-09-22,VNQ,3,0.33381325,0,0.66,False,False
NN_v1,3,2017-09-22,VOX,2,0.33849782,0,0.68,False,False
NN_v1,3,2017-09-29,VHT,2,0.29665568,1,0.66,False,False
NN_v1,3,2017-09-29,VOX,3,0.29615605,1,0.67,False,False
NN_v1,3,2017-09-29,VPU,1,0.30257815,0,0.65,False,False
NN_v1,3,2017-10-06,VDC,3,0.2707165,1,0.67,False,False
NN_v1,3,2017-10-06,VDE,1,0.29632542,0,0.7,False,False
NN_v1,3,2017-10-06,VPU,2,0.27156308,1,0.61,False,False
NN_v1,3,2017-10-13,VDE,3,0.3135684,0,0.6,False,False
NN_v1,3,2017-10-13,VFH,2,0.33619136,1,0.68,False,False
NN_v1,3,2017-10-13,VOX,1,0.3400227,0,0.68,False,False
NN_v1,3,2017-10-20,VDE,3,0.29329303,0,0.67,False,False
NN_v1,3,2017-10-20,VFH,2,0.29894137,0,0.71,False,False
NN_v1,3,2017-10-20,VOX,1,0.31651992,0,0.63,False,False
NN_v1,3,2017-10-27,VHT,3,0.3315227,0,0.67,False,False
NN_v1,3,2017-10-27,VNQ,2,0.3320139,1,0.67,False,False
NN_v1,3,2017-10-27,VOX,1,0.34033132,0,0.59,False,False
NN_v1,3,2017-11-03,VHT,2,0.32683977,0,0.66,False,False
NN_v1,3,2017-11-03,VNQ,3,0.32634622,1,0.68,False,False
NN_v1,3,2017-11-03,VOX,1,0.35806024,0,0.7,False,False
NN_v1,3,2017-11-10,VFH,2,0.36379132,1,0.69,False,False
NN_v1,3,2017-11-10,VHT,3,0.33582047,0,0.64,False,False
NN_v1,3,2017-11-10,VOX,1,0.38695505,1,0.67,False,False
NN_v1,3,2017-11-17,VDE,3,0.34792712,1,0.67,False,False
NN_v1,3,2017-11-17,VFH,2,0.35146007,0,0.68,False,False
NN_v1,3,2017-11-17,VOX,1,0.3671615,1,0.65,False,False
NN_v1,3,2017-11-24,VDE,1,0.32099688,1,0.66,False,False
NN_v1,3,2017-11-24,VNQ,3,0.29857033,0,0.63,False,False
NN_v1,3,2017-11-24,VOX,2,0.30922657,1,0.56,False,False
NN_v1,3,2017-12-01,VGT,1,0.30310172,0,0.64,False,False
NN_v1,3,2017-12-01,VNQ,3,0.29643014,0,0.63,False,False
NN_v1,3,2017-12-01,VOX,2,0.301381,0,0.63,False,False
NN_v1,3,2017-12-08,VDE,2,0.30358315,0,0.63,False,False
NN_v1,3,2017-12-08,VGT,3,0.30258217,1,0.67,False,False
NN_v1,3,2017-12-08,VOX,1,0.31582177,0,0.67,False,False
NN_v1,3,2017-12-15,VDE,2,0.30806574,1,0.66,False,False
NN_v1,3,2017-12-15,VFH,3,0.30566996,0,0.67,False,False
NN_v1,3,2017-12-15,VOX,1,0.3230971,0,0.61,False,False
NN_v1,3,2017-12-22,VFH,3,0.34159154,0,0.62,False,False
NN_v1,3,2017-12-22,VOX,2,0.3488857,0,0.68,False,False
NN_v1,3,2017-12-22,VPU,1,0.3516108,0,0.67,False,False
NN_v1,3,2017-12-29,VFH,3,0.30853453,1,0.68,False,False
NN_v1,3,2017-12-29,VOX,2,0.33948964,0,0.62,False,False
NN_v1,3,2017-12-29,VPU,1,0.34102678,0,0.61,False,False
NN_v1,3,2018-01-05,VNQ,3,0.31130886,0,0.62,False,False
NN_v1,3,2018-01-05,VOX,2,0.31396088,0,0.68,False,False
NN_v1,3,2018-01-05,VPU,1,0.33062208,0,0.63,False,False
NN_v1,3,2018-01-12,VNQ,2,0.36079636,0,0.61,False,False
NN_v1,3,2018-01-12,VOX,3,0.29510066,0,0.69,False,False
NN_v1,3,2018-01-12,VPU,1,0.37783682,0,0.62,False,False
NN_v1,3,2018-01-19,VNQ,2,0.3237406,1,0.67,False,False
NN_v1,3,2018-01-19,VOX,3,0.28601348,1,0.68,False,False
NN_v1,3,2018-01-19,VPU,1,0.32961437,1,0.64,False,False
NN_v1,3,2018-01-26,VDE,3,0.23433049,0,0.71,False,False
NN_v1,3,2018-01-26,VNQ,2,0.23452331,0,0.65,False,False
NN_v1,3,2018-01-26,VPU,1,0.25999296,0,0.62,False,False
NN_v1,3,2018-02-02,VAW,1,0.4249294,0,0.6,False,False
NN_v1,3,2018-02-02,VDC,3,0.4095225,0,0.6,False,False
NN_v1,3,2018-02-02,VDE,2,0.42359212,0,0.67,False,False
NN_v1,3,2018-02-09,VDC,3,0.4143687,1,0.66,False,False
NN_v1,3,2018-02-09,VDE,1,0.4365548,1,0.7,False,False
NN_v1,3,2018-02-09,VHT,2,0.4180196,1,0.7,False,False
NN_v1,3,2018-02-16,VDE,1,0.3720212,0,0.62,False,False
NN_v1,3,2018-02-16,VHT,3,0.31627086,0,0.65,False,False
NN_v1,3,2018-02-16,VOX,2,0.31875798,0,0.67,False,False
NN_v1,3,2018-02-23,VDC,2,0.42551336,0,0.68,False,False
NN_v1,3,2018-02-23,VDE,1,0.43070877,0,0.69,False,False
NN_v1,3,2018-02-23,VNQ,3,0.41931286,0,0.69,False,False
NN_v1,3,2018-03-02,VAW,1,0.44348404,1,0.69,False,False
NN_v1,3,2018-03-02,VIS,2,0.43674147,1,0.65,False,False
NN_v1,3,2018-03-02,VNQ,3,0.4364881,1,0.65,False,False
NN_v1,3,2018-03-09,VAW,2,0.3200036,0,0.62,False,False
NN_v1,3,2018-03-09,VDE,1,0.36956155,0,0.62,False,False
NN_v1,3,2018-03-09,VIS,3,0.3025622,0,0.64,False,False
NN_v1,3,2018-03-16,VAW,1,0.42414916,0,0.67,False,False
NN_v1,3,2018-03-16,VDE,3,0.41724852,0,0.65,False,False
NN_v1,3,2018-03-16,VIS,2,0.4194575,0,0.64,False,False
NN_v1,3,2018-03-23,VFH,1,0.43561438,1,0.67,False,False
NN_v1,3,2018-03-23,VGT,2,0.43250573,0,0.65,False,False
NN_v1,3,2018-03-23,VHT,3,0.42364508,0,0.67,False,False
NN_v1,3,2018-03-30,VCR,2,0.39052194,0,0.65,False,False
NN_v1,3,2018-03-30,VGT,1,0.4041991,0,0.64,False,False
NN_v1,3,2018-03-30,VHT,3,0.38406512,0,0.61,False,False
NN_v1,3,2018-04-06,VFH,2,0.45379585,0,0.65,False,False
NN_v1,3,2018-04-06,VGT,1,0.45488116,1,0.63,False,False
NN_v1,3,2018-04-06,VIS,3,0.43991745,0,0.68,False,False
NN_v1,3,2018-04-13,VCR,1,0.44177106,0,0.68,False,False
NN_v1,3,2018-04-13,VFH,2,0.41444135,0,0.66,False,False
NN_v1,3,2018-04-13,VNQ,3,0.4079122,0,0.69,False,False
NN_v1,3,2018-04-20,VDC,1,0.4494279,0,0.64,False,False
NN_v1,3,2018-04-20,VGT,2,0.43597776,0,0.69,False,False
NN_v1,3,2018-04-20,VHT,3,0.4170429,1,0.68,False,False
NN_v1,3,2018-04-27,VAW,2,0.41898042,0,0.67,False,False
NN_v1,3,2018-04-27,VGT,3,0.4172809,1,0.67,False,False
NN_v1,3,2018-04-27,VIS,1,0.42040232,0,0.71,False,False
NN_v1,3,2018-05-04,VAW,3,0.41107297,1,0.65,False,False
NN_v1,3,2018-05-04,VIS,2,0.41123712,1,0.61,False,False
NN_v1,3,2018-05-04,VOX,1,0.41821525,0,0.7,False,False
NN_v1,3,2018-05-11,VAW,3,0.36322054,1,0.64,False,False
NN_v1,3,2018-05-11,VDC,2,0.38295633,0,0.69,False,False
NN_v1,3,2018-05-11,VOX,1,0.38784942,0,0.62,False,False
NN_v1,3,2018-05-18,VFH,3,0.4064404,0,0.65,False,False
NN_v1,3,2018-05-18,VHT,2,0.40648565,0,0.62,False,False
NN_v1,3,2018-05-18,VOX,1,0.41364902,0,0.67,False,False
NN_v1,3,2018-05-25,VDE,1,0.41245875,1,0.69,False,False
NN_v1,3,2018-05-25,VFH,3,0.40388158,0,0.61,False,False
NN_v1,3,2018-05-25,VGT,2,0.40552974,1,0.6,False,False
NN_v1,3,2018-06-01,VAW,3,0.3952253,1,0.71,False,False
NN_v1,3,2018-06-01,VFH,2,0.40184802,1,0.63,False,False
NN_v1,3,2018-06-01,VHT,1,0.4031717,1,0.6,False,False
NN_v1,3,2018-06-08,VDE,2,0.35037783,0,0.62,False,False
NN_v1,3,2018-06-08,VGT,3,0.34031194,0,0.68,False,False
NN_v1,3,2018-06-08,VPU,1,0.3587025,1,0.64,False,False
NN_v1,3,2018-06-15,VAW,3,0.33682787,0,0.66,False,False
NN_v1,3,2018-06-15,VDE,1,0.4042335,1,0.71,False,False
NN_v1,3,2018-06-15,VFH,2,0.3430451,0,0.66,False,False
NN_v1,3,2018-06-22,VDE,2,0.38048494,0,0.63,False,False
NN_v1,3,2018-06-22,VGT,3,0.37099788,0,0.59,False,False
NN_v1,3,2018-06-22,VIS,1,0.38807946,0,0.63,False,False
NN_v1,3,2018-06-29,VAW,1,0.39833727,1,0.7,False,False
NN_v1,3,2018-06-29,VHT,3,0.39334223,1,0.63,False,False
NN_v1,3,2018-06-29,VIS,2,0.3983139,1,0.68,False,False
NN_v1,3,2018-07-06,VDE,2,0.3408487,0,0.6,False,False
NN_v1,3,2018-07-06,VFH,3,0.33731744,0,0.68,False,False
NN_v1,3,2018-07-06,VIS,1,0.34747604,1,0.68,False,False
NN_v1,3,2018-07-13,VDE,1,0.34154564,0,0.68,False,False
NN_v1,3,2018-07-13,VFH,2,0.33882287,1,0.61,False,False
NN_v1,3,2018-07-13,VPU,3,0.33097425,0,0.65,False,False
NN_v1,3,2018-07-20,VDE,2,0.37298873,1,0.68,False,False
NN_v1,3,2018-07-20,VOX,3,0.36705855,0,0.69,False,False
NN_v1,3,2018-07-20,VPU,1,0.37452185,0,0.61,False,False
NN_v1,3,2018-07-27,VNQ,3,0.33617213,1,0.66,False,False
NN_v1,3,2018-07-27,VOX,1,0.3516263,0,0.68,False,False
NN_v1,3,2018-07-27,VPU,2,0.33734614,1,0.6,False,False
NN_v1,3,2018-08-03,VDE,1,0.34016103,0,0.63,False,False
NN_v1,3,2018-08-03,VGT,3,0.3168635,0,0.65,False,False
NN_v1,3,2018-08-03,VOX,2,0.32883593,1,0.65,False,False
NN_v1,3,2018-08-10,VDE,1,0.37830248,0,0.64,False,False
NN_v1,3,2018-08-10,VFH,2,0.33523992,0,0.67,False,False
NN_v1,3,2018-08-10,VGT,3,0.3271304,0,0.67,False,False
NN_v1,3,2018-08-17,VAW,3,0.3115696,1,0.65,False,False
NN_v1,3,2018-08-17,VDE,1,0.38106513,1,0.64,False,False
NN_v1,3,2018-08-17,VFH,2,0.31312975,0,0.62,False,False
NN_v1,3,2018-08-24,VDE,1,0.3293457,0,0.62,False,False
NN_v1,3,2018-08-24,VNQ,2,0.31731203,0,0.68,False,False
NN_v1,3,2018-08-24,VPU,3,0.31637463,0,0.64,False,False
NN_v1,3,2018-08-31,VDE,1,0.33163452,0,0.7,False,False
NN_v1,3,2018-08-31,VNQ,2,0.32721263,0,0.63,False,False
NN_v1,3,2018-08-31,VPU,3,0.32261178,0,0.7,False,False
NN_v1,3,2018-09-07,VDE,1,0.4096215,1,0.65,False,False
NN_v1,3,2018-09-07,VGT,2,0.37465253,1,0.67,False,False
NN_v1,3,2018-09-07,VNQ,3,0.36498004,0,0.69,False,False
NN_v1,3,2018-09-14,VDE,1,0.32328713,1,0.64,False,False
NN_v1,3,2018-09-14,VGT,2,0.3010851,0,0.59,False,False
NN_v1,3,2018-09-14,VOX,3,0.29424185,0,0.64,False,False
NN_v1,3,2018-09-21,VDE,1,0.30006936,0,0.68,False,False
NN_v1,3,2018-09-21,VNQ,2,0.2946698,0,0.68,False,False
NN_v1,3,2018-09-21,VPU,3,0.2932179,0,0.62,False,False
NN_v1,3,2018-09-28,VAW,3,0.3546464,0,0.63,False,False
NN_v1,3,2018-09-28,VDE,1,0.36136633,1,0.68,False,False
NN_v1,3,2018-09-28,VFH,2,0.3607103,0,0.65,False,False
NN_v1,3,2018-10-05,VAW,2,0.3955657,0,0.66,False,False
NN_v1,3,2018-10-05,VCR,1,0.4051474,0,0.67,False,False
NN_v1,3,2018-10-05,VNQ,3,0.387575,0,0.66,False,False
NN_v1,3,2018-10-12,VAW,1,0.4305891,0,0.65,False,False
NN_v1,3,2018-10-12,VFH,3,0.42411047,0,0.67,False,False
NN_v1,3,2018-10-12,VIS,2,0.42773008,0,0.72,False,False
NN_v1,3,2018-10-19,VAW,2,0.42791763,0,0.62,False,False
NN_v1,3,2018-10-19,VCR,1,0.44043565,0,0.65,False,False
NN_v1,3,2018-10-19,VGT,3,0.42668763,0,0.65,False,False
NN_v1,3,2018-10-26,VDE,2,0.46481863,0,0.59,False,False
NN_v1,3,2018-10-26,VGT,3,0.46084794,0,0.66,False,False
NN_v1,3,2018-10-26,VHT,1,0.46714813,1,0.56,False,False
NN_v1,3,2018-11-02,VDE,2,0.4040552,0,0.65,False,False
NN_v1,3,2018-11-02,VGT,1,0.41007328,1,0.7,False,False
NN_v1,3,2018-11-02,VNQ,3,0.38553834,1,0.68,False,False
NN_v1,3,2018-11-09,VDE,1,0.41770682,0,0.66,False,False
NN_v1,3,2018-11-09,VGT,2,0.41090447,0,0.72,False,False
NN_v1,3,2018-11-09,VOX,3,0.40523463,0,0.7,False,False
NN_v1,3,2018-11-16,VCR,1,0.43705672,0,0.69,False,False
NN_v1,3,2018-11-16,VGT,2,0.42508504,0,0.67,False,False
NN_v1,3,2018-11-16,VOX,3,0.42340985,0,0.65,False,False
NN_v1,3,2018-11-23,VCR,3,0.44448316,1,0.68,False,False
NN_v1,3,2018-11-23,VDE,2,0.45885473,1,0.59,False,False
NN_v1,3,2018-11-23,VGT,1,0.4633908,1,0.6,False,False
NN_v1,3,2018-11-30,VAW,2,0.3862162,0,0.67,False,False
NN_v1,3,2018-11-30,VDE,1,0.38857606,0,0.66,False,False
NN_v1,3,2018-11-30,VIS,3,0.36463413,0,0.67,False,False
NN_v1,3,2018-12-07,VAW,3,0.45930466,0,0.64,False,False
NN_v1,3,2018-12-07,VFH,2,0.46421733,0,0.56,False,False
NN_v1,3,2018-12-07,VIS,1,0.46636242,0,0.66,False,False
NN_v1,3,2018-12-14,VDE,1,0.477451,0,0.6,False,False
NN_v1,3,2018-12-14,VFH,2,0.47319928,0,0.64,False,False
NN_v1,3,2018-12-14,VIS,3,0.46501344,0,0.56,False,False
NN_v1,3,2018-12-21,VDE,2,0.44967163,1,0.67,False,False
NN_v1,3,2018-12-21,VGT,1,0.45181906,1,0.62,False,False
NN_v1,3,2018-12-21,VHT,3,0.443534,1,0.6,False,False
NN_v1,3,2018-12-28,VDE,3,0.42921087,1,0.61,False,False
NN_v1,3,2018-12-28,VNQ,2,0.4344817,0,0.65,False,False
NN_v1,3,2018-12-28,VPU,1,0.45643416,0,0.67,False,False
NN_v1,3,2019-01-04,VDC,1,0.4414202,0,0.63,False,False
NN_v1,3,2019-01-04,VGT,3,0.42429683,1,0.71,False,False
NN_v1,3,2019-01-04,VHT,2,0.4325716,1,0.69,False,False
NN_v1,3,2019-01-11,VDC,1,0.42728212,1,0.67,False,False
NN_v1,3,2019-01-11,VHT,3,0.4087645,1,0.62,False,False
NN_v1,3,2019-01-11,VPU,2,0.41577038,1,0.66,False,False
NN_v1,3,2019-01-18,VDE,1,0.30717653,0,0.68,False,False
NN_v1,3,2019-01-18,VGT,2,0.30531204,1,0.64,False,False
NN_v1,3,2019-01-18,VPU,3,0.29960313,0,0.69,False,False
NN_v1,3,2019-01-25,VCR,3,0.38557225,1,0.69,False,False
NN_v1,3,2019-01-25,VDE,2,0.39712417,1,0.62,False,False
NN_v1,3,2019-01-25,VOX,1,0.39713737,1,0.67,False,False
NN_v1,3,2019-02-01,VCR,2,0.3762319,0,0.62,False,False
NN_v1,3,2019-02-01,VDE,3,0.3735054,0,0.67,False,False
NN_v1,3,2019-02-01,VFH,1,0.37892902,0,0.64,False,False
NN_v1,3,2019-02-08,VAW,3,0.39951965,1,0.62,False,False
NN_v1,3,2019-02-08,VDE,2,0.40245435,1,0.66,False,False
NN_v1,3,2019-02-08,VFH,1,0.42069113,1,0.61,False,False
NN_v1,3,2019-02-15,VDC,2,0.33300108,0,0.65,False,False
NN_v1,3,2019-02-15,VDE,1,0.35772297,0,0.63,False,False
NN_v1,3,2019-02-15,VFH,3,0.32945958,0,0.6,False,False
NN_v1,3,2019-02-22,VDE,1,0.35976362,1,0.7,False,False
NN_v1,3,2019-02-22,VFH,3,0.344732,0,0.61,False,False
NN_v1,3,2019-02-22,VHT,2,0.35753462,0,0.59,False,False
NN_v1,3,2019-03-01,VCR,3,0.35312277,0,0.68,False,False
NN_v1,3,2019-03-01,VDE,1,0.38493422,0,0.62,False,False
NN_v1,3,2019-03-01,VHT,2,0.35475034,0,0.61,False,False
NN_v1,3,2019-03-08,VAW,1,0.4331702,1,0.74,False,False
NN_v1,3,2019-03-08,VDE,2,0.41971388,1,0.68,False,False
NN_v1,3,2019-03-08,VFH,3,0.4186213,1,0.64,False,False
NN_v1,3,2019-03-15,VDE,2,0.33731347,0,0.63,False,False
NN_v1,3,2019-03-15,VFH,3,0.3332791,0,0.68,False,False
NN_v1,3,2019-03-15,VHT,1,0.35165778,0,0.66,False,False
NN_v1,3,2019-03-22,VDE,1,0.39993936,1,0.59,False,False
NN_v1,3,2019-03-22,VFH,3,0.39445752,1,0.69,False,False
NN_v1,3,2019-03-22,VHT,2,0.39627314,1,0.64,False,False
NN_v1,3,2019-03-29,VDE,3,0.3731307,1,0.59,False,False
NN_v1,3,2019-03-29,VFH,1,0.38917774,1,0.59,False,False
NN_v1,3,2019-03-29,VHT,2,0.3751659,0,0.68,False,False
NN_v1,3,2019-04-05,VDC,2,0.3243642,0,0.64,False,False
NN_v1,3,2019-04-05,VFH,3,0.31221184,1,0.69,False,False
NN_v1,3,2019-04-05,VHT,1,0.32609805,0,0.66,False,False
NN_v1,3,2019-04-12,VDC,3,0.33015114,1,0.64,False,False
NN_v1,3,2019-04-12,VDE,2,0.3356304,0,0.68,False,False
NN_v1,3,2019-04-12,VHT,1,0.35487616,0,0.6,False,False
NN_v1,3,2019-04-19,VAW,2,0.35660955,0,0.65,False,False
NN_v1,3,2019-04-19,VDE,3,0.3540797,0,0.67,False,False
NN_v1,3,2019-04-19,VHT,1,0.39849585,1,0.63,False,False
NN_v1,3,2019-04-26,VAW,2,0.3494375,0,0.6,False,False
NN_v1,3,2019-04-26,VDE,3,0.34281254,0,0.73,False,False
NN_v1,3,2019-04-26,VHT,1,0.37153506,1,0.63,False,False
NN_v1,3,2019-05-03,VAW,3,0.3444555,0,0.65,False,False
NN_v1,3,2019-05-03,VDE,1,0.36603343,0,0.58,False,False
NN_v1,3,2019-05-03,VHT,2,0.36212206,0,0.63,False,False
NN_v1,3,2019-05-10,VFH,1,0.42071486,0,0.7,False,False
NN_v1,3,2019-05-10,VGT,3,0.41427708,1,0.61,False,False
NN_v1,3,2019-05-10,VOX,2,0.41598344,1,0.58,False,False
NN_v1,3,2019-05-17,VGT,1,0.41819254,0,0.65,False,False
NN_v1,3,2019-05-17,VHT,2,0.4158215,1,0.6,False,False
NN_v1,3,2019-05-17,VIS,3,0.41144654,0,0.67,False,False
NN_v1,3,2019-05-24,VCR,2,0.414664,0,0.63,False,False
NN_v1,3,2019-05-24,VFH,3,0.41384274,0,0.67,False,False
NN_v1,3,2019-05-24,VIS,1,0.42231238,0,0.63,False,False
NN_v1,3,2019-05-31,VFH,2,0.43026432,1,0.65,False,False
NN_v1,3,2019-05-31,VIS,3,0.42993358,1,0.62,False,False
NN_v1,3,2019-05-31,VOX,1,0.43148777,1,0.57,False,False
NN_v1,3,2019-06-07,VDE,1,0.38210535,0,0.59,False,False
NN_v1,3,2019-06-07,VFH,3,0.36562032,0,0.64,False,False
NN_v1,3,2019-06-07,VOX,2,0.36601895,0,0.65,False,False
NN_v1,3,2019-06-14,VDE,1,0.40479082,1,0.61,False,False
NN_v1,3,2019-06-14,VGT,2,0.39587098,1,0.68,False,False
NN_v1,3,2019-06-14,VIS,3,0.379802,1,0.64,False,False
NN_v1,3,2019-06-21,VAW,1,0.36070278,1,0.62,False,False
NN_v1,3,2019-06-21,VDE,2,0.35710683,0,0.64,False,False
NN_v1,3,2019-06-21,VIS,3,0.33983847,0,0.65,False,False
NN_v1,3,2019-06-28,VAW,1,0.3637831,0,0.71,False,False
NN_v1,3,2019-06-28,VDE,2,0.36359173,0,0.66,False,False
NN_v1,3,2019-06-28,VGT,3,0.35191438,0,0.71,False,False
NN_v1,3,2019-07-05,VCR,3,0.31024307,1,0.69,False,False
NN_v1,3,2019-07-05,VDE,1,0.36664328,1,0.68,False,False
NN_v1,3,2019-07-05,VIS,2,0.33162662,1,0.59,False,False
NN_v1,3,2019-07-12,VAW,2,0.33728525,0,0.67,False,False
NN_v1,3,2019-07-12,VDE,1,0.3696896,0,0.61,False,False
NN_v1,3,2019-07-12,VIS,3,0.32611564,0,0.65,False,False
NN_v1,3,2019-07-19,VDE,1,0.40521818,0,0.72,False,False
NN_v1,3,2019-07-19,VFH,3,0.39162967,1,0.63,False,False
NN_v1,3,2019-07-19,VOX,2,0.4029796,1,0.61,False,False
NN_v1,3,2019-07-26,VDE,1,0.34785998,0,0.62,False,False
NN_v1,3,2019-07-26,VNQ,2,0.33428615,0,0.6,False,False
NN_v1,3,2019-07-26,VOX,3,0.31796113,0,0.64,False,False
NN_v1,3,2019-08-02,VDC,1,0.423028,0,0.66,False,False
NN_v1,3,2019-08-02,VHT,3,0.41765985,1,0.65,False,False
NN_v1,3,2019-08-02,VIS,2,0.42054793,1,0.62,False,False
NN_v1,3,2019-08-09,VAW,1,0.4191145,0,0.58,False,False
NN_v1,3,2019-08-09,VCR,3,0.41680396,0,0.64,False,False
NN_v1,3,2019-08-09,VIS,2,0.41854885,0,0.64,False,False
NN_v1,3,2019-08-16,VDE,3,0.4230422,0,0.66,False,False
NN_v1,3,2019-08-16,VGT,2,0.42356542,0,0.66,False,False
NN_v1,3,2019-08-16,VOX,1,0.42832884,0,0.66,False,False
NN_v1,3,2019-08-23,VCR,1,0.42413402,1,0.66,False,False
NN_v1,3,2019-08-23,VGT,3,0.42296937,1,0.64,False,False
NN_v1,3,2019-08-23,VIS,2,0.4234432,1,0.62,False,False
NN_v1,3,2019-08-30,VAW,3,0.36374503,1,0.58,False,False
NN_v1,3,2019-08-30,VDE,1,0.37510708,1,0.65,False,False
NN_v1,3,2019-08-30,VFH,2,0.3661642,1,0.66,False,False
NN_v1,3,2019-09-06,VAW,2,0.35577184,1,0.7,False,False
NN_v1,3,2019-09-06,VDE,1,0.36188903,1,0.64,False,False
NN_v1,3,2019-09-06,VHT,3,0.3389285,0,0.66,False,False
NN_v1,3,2019-09-13,VDE,1,0.34787628,0,0.63,False,False
NN_v1,3,2019-09-13,VGT,2,0.343356,0,0.63,False,False
NN_v1,3,2019-09-13,VHT,3,0.33702013,1,0.64,False,False
NN_v1,3,2019-09-20,VAW,1,0.36815655,0,0.63,False,False
NN_v1,3,2019-09-20,VCR,2,0.36536697,0,0.64,False,False
NN_v1,3,2019-09-20,VIS,3,0.3629051,0,0.68,False,False
NN_v1,3,2019-09-27,VAW,2,0.40763015,0,0.56,False,False
NN_v1,3,2019-09-27,VDE,1,0.4118381,0,0.66,False,False
NN_v1,3,2019-09-27,VIS,3,0.4000285,0,0.65,False,False
NN_v1,3,2019-10-04,VAW,2,0.41154426,1,0.66,False,False
NN_v1,3,2019-10-04,VFH,1,0.42626268,1,0.68,False,False
NN_v1,3,2019-10-04,VIS,3,0.41017994,1,0.69,False,False
NN_v1,3,2019-10-11,VDE,2,0.39685893,0,0.58,False,False
NN_v1,3,2019-10-11,VFH,1,0.3971462,1,0.64,False,False
NN_v1,3,2019-10-11,VHT,3,0.37824568,1,0.61,False,False
NN_v1,3,2019-10-18,VDE,1,0.38975984,1,0.65,False,False
NN_v1,3,2019-10-18,VGT,2,0.37455437,1,0.6,False,False
NN_v1,3,2019-10-18,VOX,3,0.37385413,0,0.7,False,False
NN_v1,3,2019-10-25,VAW,2,0.3370335,0,0.63,False,False
NN_v1,3,2019-10-25,VDE,1,0.35528943,0,0.64,False,False
NN_v1,3,2019-10-25,VOX,3,0.33470494,0,0.6,False,False
NN_v1,3,2019-11-01,VCR,2,0.30427027,0,0.62,False,False
NN_v1,3,2019-11-01,VDE,1,0.3270953,1,0.61,False,False
NN_v1,3,2019-11-01,VNQ,3,0.2998669,0,0.69,False,False
NN_v1,3,2019-11-08,VDE,2,0.33619833,0,0.63,False,False
NN_v1,3,2019-11-08,VNQ,1,0.35594237,1,0.63,False,False
NN_v1,3,2019-11-08,VPU,3,0.33482736,1,0.61,False,False
NN_v1,3,2019-11-15,VDE,3,0.32507104,0,0.64,False,False
NN_v1,3,2019-11-15,VNQ,2,0.33391455,0,0.55,False,False
NN_v1,3,2019-11-15,VPU,1,0.33833817,0,0.68,False,False
NN_v1,3,2019-11-22,VAW,3,0.34972578,0,0.65,False,False
NN_v1,3,2019-11-22,VDE,1,0.37218058,0,0.63,False,False
NN_v1,3,2019-11-22,VNQ,2,0.3500732,1,0.63,False,False
NN_v1,3,2019-11-29,VDE,1,0.3523688,1,0.64,False,False
NN_v1,3,2019-11-29,VNQ,2,0.33832034,0,0.63,False,False
NN_v1,3,2019-11-29,VPU,3,0.32628283,0,0.67,False,False
NN_v1,3,2019-12-06,VCR,2,0.34551463,1,0.66,False,False
NN_v1,3,2019-12-06,VDE,1,0.36170664,1,0.7,False,False
NN_v1,3,2019-12-06,VNQ,3,0.34341985,0,0.67,False,False
NN_v1,3,2019-12-13,VCR,3,0.32792777,1,0.61,False,False
NN_v1,3,2019-12-13,VDE,2,0.33534226,1,0.6,False,False
NN_v1,3,2019-12-13,VNQ,1,0.35727042,1,0.61,False,False
NN_v1,3,2019-12-20,VDE,2,0.29786953,0,0.67,False,False
NN_v1,3,2019-12-20,VNQ,1,0.3257099,0,0.59,False,False
NN_v1,3,2019-12-20,VPU,3,0.28555655,0,0.65,False,False
NN_v1,3,2019-12-27,VDC,3,0.2941982,0,0.58,False,False
NN_v1,3,2019-12-27,VNQ,1,0.32897335,0,0.7,False,False
NN_v1,3,2019-12-27,VPU,2,0.31640434,0,0.63,False,False
NN_v1,3,2020-01-03,VAW,3,0.30453235,0,0.66,False,False
NN_v1,3,2020-01-03,VDE,1,0.31187364,0,0.65,False,False
NN_v1,3,2020-01-03,VPU,2,0.30983353,0,0.63,False,False
NN_v1,3,2020-01-10,VAW,2,0.29626143,1,0.65,False,False
NN_v1,3,2020-01-10,VDE,1,0.29635385,0,0.62,False,False
NN_v1,3,2020-01-10,VNQ,3,0.2833883,1,0.65,False,False
NN_v1,3,2020-01-17,VAW,3,0.24957883,0,0.71,False,False
NN_v1,3,2020-01-17,VDE,1,0.28693864,0,0.64,False,False
NN_v1,3,2020-01-17,VNQ,2,0.25944632,0,0.63,False,False
NN_v1,3,2020-01-24,VAW,2,0.3360965,0,0.6,False,False
NN_v1,3,2020-01-24,VDE,1,0.38473555,0,0.67,False,False
NN_v1,3,2020-01-24,VFH,3,0.3335774,0,0.63,False,False
NN_v1,3,2020-01-31,VAW,3,0.41353855,1,0.6,False,False
NN_v1,3,2020-01-31,VDE,1,0.4312627,0,0.63,False,False
NN_v1,3,2020-01-31,VHT,2,0.4160651,1,0.61,False,False
NN_v1,3,2020-02-07,VAW,2,0.31279457,0,0.71,False,False
NN_v1,3,2020-02-07,VDE,1,0.38513148,1,0.66,False,False
NN_v1,3,2020-02-07,VOX,3,0.2905434,1,0.67,False,False
NN_v1,3,2020-02-14,VAW,2,0.2923377,0,0.65,False,False
NN_v1,3,2020-02-14,VDE,1,0.35690737,0,0.65,False,False
NN_v1,3,2020-02-14,VHT,3,0.26732334,0,0.65,False,False
NN_v1,3,2020-02-21,VDE,1,0.38657814,0,0.56,False,False
NN_v1,3,2020-02-21,VFH,3,0.35897338,0,0.67,False,False
NN_v1,3,2020-02-21,VGT,2,0.37093842,0,0.62,False,False
NN_v1,3,2020-02-28,VDE,1,0.45792145,0,0.69,False,False
NN_v1,3,2020-02-28,VHT,3,0.43419495,1,0.61,False,False
NN_v1,3,2020-02-28,VNQ,2,0.4405406,1,0.72,False,False
NN_v1,3,2020-03-06,VCR,3,0.41647717,0,0.61,False,False
NN_v1,3,2020-03-06,VDE,1,0.46368608,0,0.57,False,False
NN_v1,3,2020-03-06,VFH,2,0.4298394,0,0.65,False,False
NN_v1,3,2020-03-13,VCR,3,0.47681552,0,0.58,False,False
NN_v1,3,2020-03-13,VDE,1,0.5668906,0,0.58,False,False
NN_v1,3,2020-03-13,VIS,2,0.4900648,0,0.55,False,False
NN_v1,3,2020-03-20,VDE,1,0.58705515,1,0.52,False,False
NN_v1,3,2020-03-20,VIS,3,0.5323023,1,0.57,False,False
NN_v1,3,2020-03-20,VNQ,2,0.54702854,1,0.61,False,False
NN_v1,3,2020-03-27,VDC,3,0.37447146,1,0.61,False,False
NN_v1,3,2020-03-27,VDE,1,0.4107213,1,0.63,False,False
NN_v1,3,2020-03-27,VHT,2,0.3752501,0,0.58,False,False
NN_v1,3,2020-04-03,VFH,1,0.4699509,1,0.63,False,False
NN_v1,3,2020-04-03,VGT,3,0.4652696,1,0.67,False,False
NN_v1,3,2020-04-03,VOX,2,0.46650133,1,0.67,False,False
NN_v1,3,2020-04-10,VDC,1,0.34324938,1,0.67,False,False
NN_v1,3,2020-04-10,VGT,3,0.34035167,1,0.64,False,False
NN_v1,3,2020-04-10,VHT,2,0.34147847,1,0.62,False,False
NN_v1,3,2020-04-17,VDE,2,0.42987573,1,0.67,False,False
NN_v1,3,2020-04-17,VNQ,3,0.426076,0,0.72,False,False
NN_v1,3,2020-04-17,VPU,1,0.43808517,0,0.7,False,False
NN_v1,3,2020-04-24,VFH,2,0.4526331,1,0.59,False,False
NN_v1,3,2020-04-24,VIS,1,0.46187362,1,0.65,False,False
NN_v1,3,2020-04-24,VNQ,3,0.44803205,0,0.64,False,False
NN_v1,3,2020-05-01,VCR,3,0.44389525,1,0.58,False,False
NN_v1,3,2020-05-01,VDC,2,0.45589325,1,0.72,False,False
NN_v1,3,2020-05-01,VPU,1,0.46106225,1,0.65,False,False
NN_v1,3,2020-05-08,VFH,3,0.46372387,0,0.64,False,False
NN_v1,3,2020-05-08,VNQ,2,0.47148487,0,0.56,False,False
NN_v1,3,2020-05-08,VPU,1,0.4805319,0,0.64,False,False
NN_v1,3,2020-05-15,VFH,2,0.48396316,1,0.62,False,False
NN_v1,3,2020-05-15,VNQ,1,0.486934,1,0.51,False,False
NN_v1,3,2020-05-15,VPU,3,0.47785512,0,0.56,False,False
NN_v1,3,2020-05-22,VAW,2,0.41680768,1,0.68,False,False
NN_v1,3,2020-05-22,VDE,1,0.43015087,0,0.71,False,False
NN_v1,3,2020-05-22,VNQ,3,0.41625416,1,0.7,False,False
NN_v1,3,2020-05-29,VAW,2,0.41564602,1,0.69,False,False
NN_v1,3,2020-05-29,VCR,3,0.40717116,1,0.71,False,False
NN_v1,3,2020-05-29,VDE,1,0.4196086,1,0.81,True,True
NN_v1,3,2020-06-05,VIS,3,0.36327878,0,0.59,False,False
NN_v1,3,2020-06-05,VNQ,2,0.37786037,0,0.68,False,False
NN_v1,3,2020-06-05,VPU,1,0.39053038,0,0.61,False,False
NN_v1,3,2020-06-12,VFH,2,0.43118104,1,0.74,False,False
NN_v1,3,2020-06-12,VIS,1,0.43123263,1,0.75,False,False
NN_v1,3,2020-06-12,VNQ,3,0.42616048,1,0.65,False,False
NN_v1,3,2020-06-19,VCR,2,0.4164736,0,0.6,False,False
NN_v1,3,2020-06-19,VIS,3,0.41460827,0,0.61,False,False
NN_v1,3,2020-06-19,VNQ,1,0.41922396,0,0.59,False,False
NN_v1,3,2020-06-26,VAW,1,0.42830226,1,0.68,False,False
NN_v1,3,2020-06-26,VNQ,2,0.4280653,1,0.68,False,False
NN_v1,3,2020-06-26,VOX,3,0.42060006,1,0.65,False,False
NN_v1,3,2020-07-03,VFH,3,0.38600415,0,0.64,False,False
NN_v1,3,2020-07-03,VIS,1,0.39246023,0,0.68,False,False
NN_v1,3,2020-07-03,VNQ,2,0.3918566,0,0.61,False,False
NN_v1,3,2020-07-10,VAW,3,0.39974153,1,0.64,False,False
NN_v1,3,2020-07-10,VFH,1,0.4048175,1,0.54,False,False
NN_v1,3,2020-07-10,VIS,2,0.40058362,1,0.64,False,False
NN_v1,3,2020-07-17,VFH,1,0.40718412,1,0.71,False,False
NN_v1,3,2020-07-17,VIS,3,0.4031632,0,0.59,False,False
NN_v1,3,2020-07-17,VNQ,2,0.40471384,0,0.55,False,False
NN_v1,3,2020-07-24,VFH,3,0.40303415,0,0.66,False,False
NN_v1,3,2020-07-24,VIS,2,0.40625733,0,0.69,False,False
NN_v1,3,2020-07-24,VNQ,1,0.40821478,1,0.64,False,False
NN_v1,3,2020-07-31,VDE,1,0.39192003,1,0.64,False,False
NN_v1,3,2020-07-31,VFH,3,0.38717586,1,0.58,False,False
NN_v1,3,2020-07-31,VNQ,2,0.39011544,1,0.64,False,False
NN_v1,3,2020-08-07,VAW,3,0.34932497,1,0.66,False,False
NN_v1,3,2020-08-07,VDE,1,0.38857886,1,0.67,False,False
NN_v1,3,2020-08-07,VFH,2,0.36536935,0,0.59,False,False
NN_v1,3,2020-08-14,VDE,1,0.3912948,0,0.67,False,False
NN_v1,3,2020-08-14,VFH,2,0.37676075,0,0.64,False,False
NN_v1,3,2020-08-14,VNQ,3,0.36781672,0,0.59,False,False
NN_v1,3,2020-08-21,VDE,1,0.39049256,0,0.57,False,False
NN_v1,3,2020-08-21,VIS,3,0.36805195,1,0.62,False,False
NN_v1,3,2020-08-21,VNQ,2,0.3706079,1,0.6,False,False
NN_v1,3,2020-08-28,VDE,1,0.37327415,0,0.6,False,False
NN_v1,3,2020-08-28,VFH,2,0.3357159,0,0.61,False,False
NN_v1,3,2020-08-28,VIS,3,0.33029142,0,0.59,False,False
NN_v1,3,2020-09-04,VFH,3,0.41009942,0,0.67,False,False
NN_v1,3,2020-09-04,VIS,2,0.41610777,0,0.69,False,False
NN_v1,3,2020-09-04,VOX,1,0.41830826,0,0.67,False,False
NN_v1,3,2020-09-11,VDE,1,0.44076297,1,0.65,False,False
NN_v1,3,2020-09-11,VGT,2,0.42586938,0,0.65,False,False
NN_v1,3,2020-09-11,VOX,3,0.4228044,0,0.72,False,False
NN_v1,3,2020-09-18,VDE,1,0.39052936,0,0.66,False,False
NN_v1,3,2020-09-18,VFH,3,0.3650104,0,0.66,False,False
NN_v1,3,2020-09-18,VGT,2,0.38141787,1,0.61,False,False
NN_v1,3,2020-09-25,VAW,2,0.40580517,0,0.66,False,False
NN_v1,3,2020-09-25,VDE,1,0.4406909,0,0.62,False,False
NN_v1,3,2020-09-25,VFH,3,0.40502116,1,0.66,False,False
NN_v1,3,2020-10-02,VAW,2,0.3732537,1,0.7,False,False
NN_v1,3,2020-10-02,VDE,1,0.41891864,1,0.62,False,False
NN_v1,3,2020-10-02,VFH,3,0.36564294,1,0.67,False,False
NN_v1,3,2020-10-09,VDE,1,0.3587015,0,0.66,False,False
NN_v1,3,2020-10-09,VFH,2,0.25623515,0,0.68,False,False
NN_v1,3,2020-10-09,VOX,3,0.2536846,0,0.67,False,False
NN_v1,3,2020-10-16,VDE,1,0.3946198,0,0.66,False,False
NN_v1,3,2020-10-16,VFH,2,0.34261188,1,0.6,False,False
NN_v1,3,2020-10-16,VNQ,3,0.33034855,0,0.62,False,False
NN_v1,3,2020-10-23,VDE,1,0.38556328,0,0.69,False,False
NN_v1,3,2020-10-23,VGT,3,0.36630028,0,0.64,False,False
NN_v1,3,2020-10-23,VNQ,2,0.37650803,0,0.63,False,False
NN_v1,3,2020-10-30,VDE,2,0.44082847,0,0.65,False,False
NN_v1,3,2020-10-30,VGT,1,0.4419162,1,0.65,False,False
NN_v1,3,2020-10-30,VIS,3,0.43897966,1,0.6,False,False
NN_v1,3,2020-11-06,VDE,1,0.39029238,1,0.69,False,False
NN_v1,3,2020-11-06,VFH,3,0.3444139,1,0.61,False,False
NN_v1,3,2020-11-06,VIS,2,0.3465072,0,0.66,False,False
NN_v1,3,2020-11-13,VCR,1,0.3809842,1,0.66,False,False
NN_v1,3,2020-11-13,VGT,2,0.37595832,0,0.58,False,False
NN_v1,3,2020-11-13,VOX,3,0.36026525,0,0.58,False,False
NN_v1,3,2020-11-20,VGT,1,0.42498294,1,0.67,False,False
NN_v1,3,2020-11-20,VHT,3,0.4145252,0,0.62,False,False
NN_v1,3,2020-11-20,VOX,2,0.42097062,1,0.63,False,False
NN_v1,3,2020-11-27,VGT,1,0.33549973,1,0.63,False,False
NN_v1,3,2020-11-27,VHT,2,0.31352678,1,0.68,False,False
NN_v1,3,2020-11-27,VNQ,3,0.3052483,1,0.59,False,False
NN_v1,3,2020-12-04,VCR,3,0.2905774,0,0.69,False,False
NN_v1,3,2020-12-04,VNQ,2,0.30402404,0,0.66,False,False
NN_v1,3,2020-12-04,VPU,1,0.311232,0,0.61,False,False
NN_v1,3,2020-12-11,VAW,3,0.34023085,0,0.62,False,False
NN_v1,3,2020-12-11,VCR,1,0.35964227,1,0.65,False,False
NN_v1,3,2020-12-11,VPU,2,0.34111446,0,0.59,False,False
NN_v1,3,2020-12-18,VCR,3,0.29571182,0,0.64,False,False
NN_v1,3,2020-12-18,VDE,1,0.31931508,1,0.64,False,False
NN_v1,3,2020-12-18,VNQ,2,0.29592946,0,0.61,False,False
NN_v1,3,2020-12-25,VDE,1,0.32555836,0,0.67,False,False
NN_v1,3,2020-12-25,VHT,2,0.2961218,0,0.63,False,False
NN_v1,3,2020-12-25,VPU,3,0.29479828,1,0.63,False,False
NN_v1,3,2021-01-01,VCR,3,0.3054966,1,0.62,False,False
NN_v1,3,2021-01-01,VDE,1,0.3201069,1,0.68,False,False
NN_v1,3,2021-01-01,VGT,2,0.32001942,0,0.62,False,False
NN_v1,3,2021-01-08,VGT,1,0.31204703,0,0.66,False,False
NN_v1,3,2021-01-08,VNQ,2,0.30550385,1,0.64,False,False
NN_v1,3,2021-01-08,VPU,3,0.28682423,1,0.71,False,False
NN_v1,3,2021-01-15,VAW,3,0.34046718,0,0.63,False,False
NN_v1,3,2021-01-15,VGT,1,0.37700748,1,0.64,False,False
NN_v1,3,2021-01-15,VOX,2,0.3596749,1,0.66,False,False
NN_v1,3,2021-01-22,VAW,2,0.3052551,0,0.67,False,False
NN_v1,3,2021-01-22,VDE,1,0.34130996,0,0.66,False,False
NN_v1,3,2021-01-22,VFH,3,0.28856212,0,0.64,False,False
NN_v1,3,2021-01-29,VAW,1,0.43417823,1,0.65,False,False
NN_v1,3,2021-01-29,VFH,2,0.43193048,1,0.63,False,False
NN_v1,3,2021-01-29,VIS,3,0.42900252,1,0.68,False,False
NN_v1,3,2021-02-05,VAW,2,0.3037121,0,0.63,False,False
NN_v1,3,2021-02-05,VDE,1,0.31382775,1,0.6,False,False
NN_v1,3,2021-02-05,VGT,3,0.2828781,1,0.68,False,False
NN_v1,3,2021-02-12,VAW,2,0.30757973,0,0.68,False,False
NN_v1,3,2021-02-12,VCR,3,0.3063646,0,0.64,False,False
NN_v1,3,2021-02-12,VDE,1,0.3132524,0,0.64,False,False
NN_v1,3,2021-02-19,VCR,2,0.38078776,0,0.66,False,False
NN_v1,3,2021-02-19,VGT,1,0.38236564,0,0.67,False,False
NN_v1,3,2021-02-19,VOX,3,0.380313,0,0.65,False,False
NN_v1,3,2021-02-26,VGT,2,0.43147153,0,0.71,False,False
NN_v1,3,2021-02-26,VHT,3,0.42884967,0,0.63,False,False
NN_v1,3,2021-02-26,VPU,1,0.43192825,1,0.69,False,False
NN_v1,3,2021-03-05,VCR,2,0.39781412,1,0.68,False,False
NN_v1,3,2021-03-05,VGT,1,0.40590653,1,0.58,False,False
NN_v1,3,2021-03-05,VHT,3,0.3884878,1,0.62,False,False
NN_v1,3,2021-03-12,VCR,3,0.28661886,0,0.67,False,False
NN_v1,3,2021-03-12,VGT,1,0.33732888,0,0.62,False,False
NN_v1,3,2021-03-12,VHT,2,0.29224333,0,0.66,False,False
NN_v1,3,2021-03-19,VCR,3,0.40361106,0,0.65,False,False
NN_v1,3,2021-03-19,VDE,1,0.43058962,1,0.65,False,False
NN_v1,3,2021-03-19,VGT,2,0.41768718,1,0.65,False,False
NN_v1,3,2021-03-26,VCR,2,0.37447178,1,0.64,False,False
NN_v1,3,2021-03-26,VDE,3,0.36968675,0,0.64,False,False
NN_v1,3,2021-03-26,VOX,1,0.39299878,1,0.61,False,False
NN_v1,3,2021-04-02,VCR,2,0.3223846,1,0.64,False,False
NN_v1,3,2021-04-02,VDE,1,0.36453837,0,0.69,False,False
NN_v1,3,2021-04-02,VOX,3,0.31438035,1,0.71,False,False
NN_v1,3,2021-04-09,VAW,2,0.28985345,1,0.64,False,False
NN_v1,3,2021-04-09,VDE,1,0.42562348,0,0.69,False,False
NN_v1,3,2021-04-09,VFH,3,0.28217995,0,0.68,False,False
NN_v1,3,2021-04-16,VDE,1,0.38403827,0,0.69,False,False
NN_v1,3,2021-04-16,VGT,3,0.27113336,0,0.62,False,False
NN_v1,3,2021-04-16,VOX,2,0.29199293,0,0.68,False,False
NN_v1,3,2021-04-23,VCR,3,0.30684564,0,0.61,False,False
NN_v1,3,2021-04-23,VDE,1,0.40544173,1,0.69,False,False
NN_v1,3,2021-04-23,VGT,2,0.31185347,0,0.65,False,False
NN_v1,3,2021-04-30,VCR,3,0.33547467,0,0.63,False,False
NN_v1,3,2021-04-30,VDE,2,0.33918506,1,0.67,False,False
NN_v1,3,2021-04-30,VGT,1,0.37542993,0,0.68,False,False
NN_v1,3,2021-05-07,VCR,2,0.34056264,0,0.66,False,False
NN_v1,3,2021-05-07,VGT,1,0.3466663,0,0.67,False,False
NN_v1,3,2021-05-07,VPU,3,0.32343197,0,0.73,False,False
NN_v1,3,2021-05-14,VCR,1,0.41635412,0,0.69,False,False
NN_v1,3,2021-05-14,VGT,2,0.40252715,0,0.65,False,False
NN_v1,3,2021-05-14,VOX,3,0.3814657,0,0.69,False,False
NN_v1,3,2021-05-21,VAW,3,0.35561845,0,0.63,False,False
NN_v1,3,2021-05-21,VCR,2,0.37919638,1,0.66,False,False
NN_v1,3,2021-05-21,VDE,1,0.41596434,0,0.71,False,False
NN_v1,3,2021-05-28,VAW,2,0.31281927,0,0.69,False,False
NN_v1,3,2021-05-28,VCR,3,0.30384415,0,0.6,False,False
NN_v1,3,2021-05-28,VDE,1,0.41556373,1,0.72,False,False
NN_v1,3,2021-06-04,VCR,1,0.3532126,1,0.63,False,False
NN_v1,3,2021-06-04,VGT,2,0.33460858,1,0.6,False,False
NN_v1,3,2021-06-04,VOX,3,0.3294615,1,0.68,False,False
NN_v1,3,2021-06-11,VCR,3,0.32404178,0,0.67,False,False
NN_v1,3,2021-06-11,VDE,1,0.35370678,0,0.64,False,False
NN_v1,3,2021-06-11,VFH,2,0.32497877,0,0.65,False,False
NN_v1,3,2021-06-18,VAW,2,0.44369233,1,0.65,False,False
NN_v1,3,2021-06-18,VDE,3,0.43552893,1,0.63,False,False
NN_v1,3,2021-06-18,VFH,1,0.44620132,1,0.64,False,False
NN_v1,3,2021-06-25,VAW,1,0.37316516,0,0.61,False,False
NN_v1,3,2021-06-25,VDE,2,0.33003393,0,0.64,False,False
NN_v1,3,2021-06-25,VFH,3,0.3227877,0,0.65,False,False
NN_v1,3,2021-07-02,VAW,2,0.38094434,0,0.66,False,False
NN_v1,3,2021-07-02,VDE,1,0.39682916,0,0.68,False,False
NN_v1,3,2021-07-02,VFH,3,0.34967497,0,0.66,False,False
NN_v1,3,2021-07-09,VAW,3,0.39085987,0,0.69,False,False
NN_v1,3,2021-07-09,VDE,1,0.4452122,0,0.61,False,False
NN_v1,3,2021-07-09,VFH,2,0.39597005,0,0.64,False,False
NN_v1,3,2021-07-16,VAW,2,0.41496998,1,0.69,False,False
NN_v1,3,2021-07-16,VDE,1,0.46371442,1,0.65,False,False
NN_v1,3,2021-07-16,VFH,3,0.410936,1,0.64,False,False
NN_v1,3,2021-07-23,VAW,2,0.36960277,1,0.63,False,False
NN_v1,3,2021-07-23,VDE,1,0.44144124,1,0.64,False,False
NN_v1,3,2021-07-23,VFH,3,0.3603528,1,0.63,False,False
NN_v1,3,2021-07-30,VCR,3,0.3702329,0,0.71,False,False
NN_v1,3,2021-07-30,VDE,1,0.43101195,0,0.69,False,False
NN_v1,3,2021-07-30,VFH,2,0.3757566,1,0.7,False,False
NN_v1,3,2021-08-06,VAW,2,0.32648137,1,0.65,False,False
NN_v1,3,2021-08-06,VCR,3,0.3194867,0,0.65,False,False
NN_v1,3,2021-08-06,VDE,1,0.4270814,0,0.64,False,False
NN_v1,3,2021-08-13,VAW,2,0.30234298,0,0.66,False,False
NN_v1,3,2021-08-13,VDE,1,0.39343524,0,0.66,False,False
NN_v1,3,2021-08-13,VOX,3,0.29168266,0,0.67,False,False
NN_v1,3,2021-08-20,VAW,2,0.41486558,1,0.62,False,False
NN_v1,3,2021-08-20,VDE,1,0.47657627,1,0.61,False,False
NN_v1,3,2021-08-20,VFH,3,0.40294263,1,0.62,False,False
NN_v1,3,2021-08-27,VAW,2,0.36198205,0,0.65,False,False
NN_v1,3,2021-08-27,VDE,1,0.37551945,0,0.65,False,False
NN_v1,3,2021-08-27,VFH,3,0.3385852,0,0.65,False,False
NN_v1,3,2021-09-03,VAW,2,0.36051548,0,0.63,False,False
NN_v1,3,2021-09-03,VDE,1,0.40224475,0,0.64,False,False
NN_v1,3,2021-09-03,VFH,3,0.34945643,0,0.63,False,False
NN_v1,3,2021-09-10,VAW,3,0.41035566,0,0.73,False,False
NN_v1,3,2021-09-10,VDE,1,0.4242659,1,0.65,False,False
NN_v1,3,2021-09-10,VFH,2,0.41625842,0,0.69,False,False
NN_v1,3,2021-09-17,VAW,2,0.40760073,1,0.66,False,False
NN_v1,3,2021-09-17,VDE,1,0.4205446,1,0.6,False,False
NN_v1,3,2021-09-17,VNQ,3,0.4017384,0,0.69,False,False
NN_v1,3,2021-09-24,VAW,1,0.38589558,0,0.65,False,False
NN_v1,3,2021-09-24,VDE,2,0.3718185,1,0.69,False,False
NN_v1,3,2021-09-24,VPU,3,0.36731938,0,0.67,False,False
NN_v1,3,2021-10-01,VAW,1,0.4166113,0,0.71,False,False
NN_v1,3,2021-10-01,VGT,3,0.40966356,0,0.6,False,False
NN_v1,3,2021-10-01,VIS,2,0.4101751,1,0.61,False,False
NN_v1,3,2021-10-08,VAW,1,0.380925,1,0.71,False,False
NN_v1,3,2021-10-08,VHT,2,0.37904334,1,0.66,False,False
NN_v1,3,2021-10-08,VNQ,3,0.3707478,1,0.7,False,False
NN_v1,3,2021-10-15,VHT,1,0.33446822,1,0.67,False,False
NN_v1,3,2021-10-15,VOX,2,0.30766317,0,0.65,False,False
NN_v1,3,2021-10-15,VPU,3,0.3034467,1,0.65,False,False
NN_v1,3,2021-10-22,VAW,3,0.31960997,0,0.69,False,False
NN_v1,3,2021-10-22,VDE,1,0.3431057,0,0.72,False,False
NN_v1,3,2021-10-22,VOX,2,0.3329431,0,0.63,False,False
NN_v1,3,2021-10-29,VAW,2,0.32263306,1,0.61,False,False
NN_v1,3,2021-10-29,VDE,1,0.34458902,0,0.66,False,False
NN_v1,3,2021-10-29,VOX,3,0.32255122,1,0.6,False,False
NN_v1,3,2021-11-05,VDE,1,0.27027225,0,0.68,False,False
NN_v1,3,2021-11-05,VFH,2,0.26491833,0,0.66,False,False
NN_v1,3,2021-11-05,VNQ,3,0.26447657,0,0.63,False,False
NN_v1,3,2021-11-12,VCR,1,0.33155006,1,0.66,False,False
NN_v1,3,2021-11-12,VDE,2,0.32157484,0,0.64,False,False
NN_v1,3,2021-11-12,VHT,3,0.31272116,0,0.63,False,False
NN_v1,3,2021-11-19,VAW,3,0.33932462,0,0.64,False,False
NN_v1,3,2021-11-19,VDE,1,0.42877623,1,0.62,False,False
NN_v1,3,2021-11-19,VFH,2,0.36050323,0,0.63,False,False
NN_v1,3,2021-11-26,VAW,3,0.4228166,0,0.71,False,False
NN_v1,3,2021-11-26,VIS,2,0.42914918,0,0.67,False,False
NN_v1,3,2021-11-26,VOX,1,0.441622,0,0.65,False,False
NN_v1,3,2021-12-03,VCR,2,0.41570815,1,0.66,False,False
NN_v1,3,2021-12-03,VFH,3,0.4130177,1,0.61,False,False
NN_v1,3,2021-12-03,VOX,1,0.44828048,1,0.58,False,False
NN_v1,3,2021-12-10,VCR,2,0.31613097,0,0.63,False,False
NN_v1,3,2021-12-10,VDE,3,0.3124083,0,0.63,False,False
NN_v1,3,2021-12-10,VOX,1,0.32752615,0,0.6,False,False
NN_v1,3,2021-12-17,VCR,1,0.428985,1,0.71,False,False
NN_v1,3,2021-12-17,VDE,2,0.4271877,1,0.67,False,False
NN_v1,3,2021-12-17,VIS,3,0.41833,1,0.68,False,False
NN_v1,3,2021-12-24,VCR,2,0.3382948,0,0.7,False,False
NN_v1,3,2021-12-24,VDE,1,0.3628294,1,0.66,False,False
NN_v1,3,2021-12-24,VGT,3,0.31899574,0,0.61,False,False
NN_v1,3,2021-12-31,VCR,2,0.35575533,0,0.67,False,False
NN_v1,3,2021-12-31,VDE,1,0.3791667,1,0.63,False,False
NN_v1,3,2021-12-31,VGT,3,0.33277047,0,0.65,False,False
NN_v1,3,2022-01-07,VCR,2,0.40240768,0,0.64,False,False
NN_v1,3,2022-01-07,VGT,1,0.40978485,1,0.73,False,False
NN_v1,3,2022-01-07,VHT,3,0.3971541,0,0.69,False,False
NN_v1,3,2022-01-14,VCR,1,0.42411307,0,0.61,False,False
NN_v1,3,2022-01-14,VGT,2,0.4196507,0,0.67,False,False
NN_v1,3,2022-01-14,VHT,3,0.4122124,0,0.6,False,False
NN_v1,3,2022-01-21,VFH,3,0.44537133,1,0.64,False,False
NN_v1,3,2022-01-21,VGT,2,0.451891,1,0.68,False,False
NN_v1,3,2022-01-21,VOX,1,0.45229566,1,0.68,False,False
NN_v1,3,2022-01-28,VAW,2,0.42986247,0,0.66,False,False
NN_v1,3,2022-01-28,VCR,1,0.45179203,1,0.68,False,False
NN_v1,3,2022-01-28,VOX,3,0.4249389,0,0.66,False,False
NN_v1,3,2022-02-04,VAW,3,0.43807268,1,0.61,False,False
NN_v1,3,2022-02-04,VIS,1,0.44795215,0,0.68,False,False
NN_v1,3,2022-02-04,VNQ,2,0.43884555,0,0.61,False,False
NN_v1,3,2022-02-11,VCR,2,0.46246314,0,0.59,False,False
NN_v1,3,2022-02-11,VGT,3,0.462256,0,0.63,False,False
NN_v1,3,2022-02-11,VOX,1,0.4644696,0,0.59,False,False
NN_v1,3,2022-02-18,VCR,2,0.46552458,0,0.63,False,False
NN_v1,3,2022-02-18,VGT,1,0.46793532,1,0.6,False,False
NN_v1,3,2022-02-18,VHT,3,0.45604992,1,0.67,False,False
NN_v1,3,2022-02-25,VCR,1,0.4532698,0,0.63,False,False
NN_v1,3,2022-02-25,VGT,2,0.41687554,0,0.71,False,False
NN_v1,3,2022-02-25,VHT,3,0.408411,1,0.68,False,False
NN_v1,3,2022-03-04,VCR,1,0.45754868,0,0.58,False,False
NN_v1,3,2022-03-04,VFH,3,0.4449111,0,0.64,False,False
NN_v1,3,2022-03-04,VGT,2,0.44662845,0,0.63,False,False
NN_v1,3,2022-03-11,VDC,3,0.45865452,1,0.58,False,False
NN_v1,3,2022-03-11,VGT,1,0.4649621,1,0.55,False,False
NN_v1,3,2022-03-11,VOX,2,0.4616338,1,0.57,False,False
NN_v1,3,2022-03-18,VDE,1,0.43813714,1,0.68,False,False
NN_v1,3,2022-03-18,VGT,2,0.3890872,1,0.59,False,False
NN_v1,3,2022-03-18,VPU,3,0.38629213,1,0.65,False,False
NN_v1,3,2022-03-25,VCR,1,0.4475123,0,0.71,False,False
NN_v1,3,2022-03-25,VFH,3,0.4362072,0,0.69,False,False
NN_v1,3,2022-03-25,VNQ,2,0.43714523,1,0.66,False,False
NN_v1,3,2022-04-01,VCR,3,0.43132088,0,0.69,False,False
NN_v1,3,2022-04-01,VFH,1,0.4440729,0,0.61,False,False
NN_v1,3,2022-04-01,VGT,2,0.4343184,0,0.82,True,True
NN_v1,3,2022-04-08,VCR,3,0.45426232,1,0.68,False,False
NN_v1,3,2022-04-08,VFH,2,0.454702,0,0.59,False,False
NN_v1,3,2022-04-08,VGT,1,0.45909476,0,0.67,False,False
NN_v1,3,2022-04-15,VCR,2,0.43177563,0,0.63,False,False
NN_v1,3,2022-04-15,VGT,3,0.4287604,0,0.62,False,False
NN_v1,3,2022-04-15,VOX,1,0.4317909,0,0.64,False,False
NN_v1,3,2022-04-22,VFH,1,0.45613337,0,0.58,False,False
NN_v1,3,2022-04-22,VGT,2,0.45436203,0,0.54,False,False
NN_v1,3,2022-04-22,VHT,3,0.4254593,0,0.63,False,False
NN_v1,3,2022-04-29,VCR,3,0.44581607,0,0.66,False,False
NN_v1,3,2022-04-29,VGT,2,0.45392945,0,0.66,False,False
NN_v1,3,2022-04-29,VOX,1,0.4803936,0,0.51,False,False
NN_v1,3,2022-05-06,VFH,2,0.43087175,0,0.69,False,False
NN_v1,3,2022-05-06,VNQ,3,0.42789966,0,0.63,False,False
NN_v1,3,2022-05-06,VOX,1,0.44361177,0,0.68,False,False
NN_v1,3,2022-05-13,VCR,3,0.47051528,0,0.6,False,False
NN_v1,3,2022-05-13,VFH,2,0.4738337,0,0.57,False,False
NN_v1,3,2022-05-13,VGT,1,0.4783497,0,0.67,False,False
NN_v1,3,2022-05-20,VCR,1,0.49850187,1,0.56,False,False
NN_v1,3,2022-05-20,VDC,3,0.46085045,1,0.6,False,False
NN_v1,3,2022-05-20,VGT,2,0.46179807,1,0.67,False,False
NN_v1,3,2022-05-27,VDC,2,0.38822788,0,0.67,False,False
NN_v1,3,2022-05-27,VHT,3,0.37720558,0,0.63,False,False
NN_v1,3,2022-05-27,VOX,1,0.3943873,0,0.65,False,False
NN_v1,3,2022-06-03,VHT,2,0.47688618,0,0.66,False,False
NN_v1,3,2022-06-03,VNQ,3,0.46585914,0,0.61,False,False
NN_v1,3,2022-06-03,VOX,1,0.4783899,0,0.6,False,False
NN_v1,3,2022-06-10,VCR,1,0.48814678,0,0.67,False,False
NN_v1,3,2022-06-10,VNQ,3,0.47996724,0,0.59,False,False
NN_v1,3,2022-06-10,VOX,2,0.48238558,0,0.55,False,False
NN_v1,3,2022-06-17,VAW,1,0.4754668,0,0.63,False,False
NN_v1,3,2022-06-17,VDE,2,0.46837378,0,0.67,False,False
NN_v1,3,2022-06-17,VNQ,3,0.46724325,1,0.63,False,False
NN_v1,3,2022-06-24,VAW,2,0.43354627,0,0.69,False,False
NN_v1,3,2022-06-24,VDE,1,0.49357063,0,0.66,False,False
NN_v1,3,2022-06-24,VFH,3,0.41252598,0,0.66,False,False
NN_v1,3,2022-07-01,VAW,1,0.4850495,1,0.57,False,False
NN_v1,3,2022-07-01,VCR,3,0.4816548,1,0.58,False,False
NN_v1,3,2022-07-01,VDE,2,0.48191547,0,0.66,False,False
NN_v1,3,2022-07-08,VAW,2,0.491389,0,0.6,False,False
NN_v1,3,2022-07-08,VDE,1,0.4963242,0,0.65,False,False
NN_v1,3,2022-07-08,VNQ,3,0.47357872,0,0.64,False,False
NN_v1,3,2022-07-15,VAW,2,0.48290464,1,0.6,False,False
NN_v1,3,2022-07-15,VDE,1,0.5112976,1,0.59,False,False
NN_v1,3,2022-07-15,VPU,3,0.48266056,0,0.62,False,False
NN_v1,3,2022-07-22,VDE,1,0.4524591,1,0.65,False,False
NN_v1,3,2022-07-22,VHT,3,0.43762618,1,0.67,False,False
NN_v1,3,2022-07-22,VPU,2,0.4467402,1,0.57,False,False
NN_v1,3,2022-07-29,VCR,1,0.38600108,1,0.64,False,False
NN_v1,3,2022-07-29,VGT,3,0.3709745,1,0.65,False,False
NN_v1,3,2022-07-29,VOX,2,0.37995926,1,0.66,False,False
NN_v1,3,2022-08-05,VAW,2,0.4691317,1,0.65,False,False
NN_v1,3,2022-08-05,VCR,3,0.44150978,1,0.61,False,False
NN_v1,3,2022-08-05,VDE,1,0.49218833,1,0.61,False,False
NN_v1,3,2022-08-12,VAW,2,0.3230047,0,0.64,False,False
NN_v1,3,2022-08-12,VCR,3,0.31014577,0,0.65,False,False
NN_v1,3,2022-08-12,VDE,1,0.40483907,1,0.68,False,False
NN_v1,3,2022-08-19,VDE,1,0.46017095,1,0.63,False,False
NN_v1,3,2022-08-19,VGT,3,0.45316604,0,0.74,False,False
NN_v1,3,2022-08-19,VOX,2,0.455965,0,0.7,False,False
NN_v1,3,2022-08-26,VFH,3,0.44355783,0,0.53,False,False
NN_v1,3,2022-08-26,VGT,2,0.44365156,0,0.69,False,False
NN_v1,3,2022-08-26,VOX,1,0.44672298,0,0.7,False,False
NN_v1,3,2022-09-02,VAW,2,0.44405165,1,0.61,False,False
NN_v1,3,2022-09-02,VDE,1,0.4541361,0,0.67,False,False
NN_v1,3,2022-09-02,VGT,3,0.44168133,1,0.65,False,False
NN_v1,3,2022-09-09,VDE,1,0.40895122,0,0.67,False,False
NN_v1,3,2022-09-09,VGT,2,0.38856408,0,0.65,False,False
NN_v1,3,2022-09-09,VOX,3,0.3792461,0,0.65,False,False
NN_v1,3,2022-09-16,VDC,3,0.4574056,0,0.71,False,False
NN_v1,3,2022-09-16,VGT,2,0.46214774,0,0.63,False,False
NN_v1,3,2022-09-16,VOX,1,0.46236068,0,0.69,False,False
NN_v1,3,2022-09-23,VCR,3,0.4577879,0,0.55,False,False
NN_v1,3,2022-09-23,VDE,1,0.47979033,1,0.61,False,False
NN_v1,3,2022-09-23,VNQ,2,0.4594556,0,0.68,False,False
NN_v1,3,2022-09-30,VCR,3,0.4446709,0,0.67,False,False
NN_v1,3,2022-09-30,VOX,1,0.45173448,0,0.64,False,False
NN_v1,3,2022-09-30,VPU,2,0.44898108,0,0.67,False,False
NN_v1,3,2022-10-07,VGT,3,0.43096763,0,0.69,False,False
NN_v1,3,2022-10-07,VNQ,1,0.46574697,0,0.62,False,False
NN_v1,3,2022-10-07,VPU,2,0.43834764,0,0.66,False,False
NN_v1,3,2022-10-14,VCR,3,0.48265508,1,0.59,False,False
NN_v1,3,2022-10-14,VGT,2,0.4912095,1,0.49,False,False
NN_v1,3,2022-10-14,VNQ,1,0.503301,0,0.59,False,False
NN_v1,3,2022-10-21,VFH,3,0.42167965,1,0.68,False,False
NN_v1,3,2022-10-21,VNQ,1,0.4514896,1,0.67,False,False
NN_v1,3,2022-10-21,VPU,2,0.44691354,1,0.72,False,False
NN_v1,3,2022-10-28,VCR,2,0.43298942,0,0.64,False,False
NN_v1,3,2022-10-28,VDE,3,0.42952052,1,0.73,False,False
NN_v1,3,2022-10-28,VOX,1,0.46642599,0,0.57,False,False
NN_v1,3,2022-11-04,VCR,1,0.48257595,1,0.62,False,False
NN_v1,3,2022-11-04,VGT,2,0.4757308,1,0.55,False,False
NN_v1,3,2022-11-04,VOX,3,0.465944,1,0.61,False,False
NN_v1,3,2022-11-11,VCR,3,0.41187322,0,0.63,False,False
NN_v1,3,2022-11-11,VGT,2,0.4140638,0,0.66,False,False
NN_v1,3,2022-11-11,VPU,1,0.42779133,1,0.68,False,False
NN_v1,3,2022-11-18,VCR,1,0.48405862,1,0.62,False,False
NN_v1,3,2022-11-18,VNQ,3,0.4711519,1,0.73,False,False
NN_v1,3,2022-11-18,VPU,2,0.47928154,1,0.62,False,False
NN_v1,3,2022-11-25,VCR,1,0.43393448,1,0.67,False,False
NN_v1,3,2022-11-25,VGT,2,0.4329951,1,0.68,False,False
NN_v1,3,2022-11-25,VNQ,3,0.4242423,1,0.66,False,False
NN_v1,3,2022-12-02,VDE,1,0.45370027,0,0.71,False,False
NN_v1,3,2022-12-02,VGT,2,0.44508785,0,0.69,False,False
NN_v1,3,2022-12-02,VNQ,3,0.43949834,0,0.65,False,False
NN_v1,3,2022-12-09,VCR,2,0.44999215,0,0.59,False,False
NN_v1,3,2022-12-09,VDE,1,0.47038847,0,0.63,False,False
NN_v1,3,2022-12-09,VOX,3,0.44584218,0,0.6,False,False
NN_v1,3,2022-12-16,VCR,3,0.424849,0,0.59,False,False
NN_v1,3,2022-12-16,VGT,2,0.42787197,0,0.72,False,False
NN_v1,3,2022-12-16,VNQ,1,0.42931104,0,0.73,False,False
NN_v1,3,2022-12-23,VGT,1,0.41654143,0,0.73,False,False
NN_v1,3,2022-12-23,VNQ,3,0.41391486,0,0.61,False,False
NN_v1,3,2022-12-23,VOX,2,0.41468218,0,0.67,False,False
NN_v1,3,2022-12-30,VCR,1,0.44305167,1,0.68,False,False
NN_v1,3,2022-12-30,VGT,2,0.43060848,0,0.67,False,False
NN_v1,3,2022-12-30,VOX,3,0.40928558,1,0.65,False,False
NN_v1,3,2023-01-06,VCR,3,0.39602518,1,0.65,False,False
NN_v1,3,2023-01-06,VDE,2,0.40157935,1,0.55,False,False
NN_v1,3,2023-01-06,VGT,1,0.4083027,1,0.66,False,False
NN_v1,3,2023-01-13,VCR,3,0.34650216,0,0.61,False,False
NN_v1,3,2023-01-13,VGT,2,0.35361314,0,0.59,False,False
NN_v1,3,2023-01-13,VOX,1,0.3592049,1,0.68,False,False
NN_v1,3,2023-01-20,VDE,1,0.44117558,0,0.73,False,False
NN_v1,3,2023-01-20,VIS,2,0.43139136,1,0.72,False,False
NN_v1,3,2023-01-20,VPU,3,0.4280669,0,0.67,False,False
NN_v1,3,2023-01-27,VCR,2,0.35114974,1,0.62,False,False
NN_v1,3,2023-01-27,VDE,1,0.3831547,0,0.66,False,False
NN_v1,3,2023-01-27,VGT,3,0.34715623,1,0.67,False,False
NN_v1,3,2023-02-03,VCR,3,0.3713699,0,0.62,False,False
NN_v1,3,2023-02-03,VDE,1,0.4553185,1,0.7,False,False
NN_v1,3,2023-02-03,VPU,2,0.38246432,0,0.61,False,False
NN_v1,3,2023-02-10,VCR,1,0.42929578,1,0.66,False,False
NN_v1,3,2023-02-10,VGT,3,0.4217304,0,0.66,False,False
NN_v1,3,2023-02-10,VOX,2,0.4290667,0,0.74,False,False
NN_v1,3,2023-02-17,VCR,3,0.42699692,0,0.66,False,False
NN_v1,3,2023-02-17,VDE,1,0.4721056,0,0.56,False,False
NN_v1,3,2023-02-17,VOX,2,0.4275759,0,0.65,False,False
NN_v1,3,2023-02-24,VDE,2,0.4551324,1,0.64,False,False
NN_v1,3,2023-02-24,VFH,3,0.45388567,0,0.62,False,False
NN_v1,3,2023-02-24,VHT,1,0.46303633,0,0.7,False,False
NN_v1,3,2023-03-03,VCR,2,0.38861012,0,0.66,False,False
NN_v1,3,2023-03-03,VDE,1,0.39878938,0,0.68,False,False
NN_v1,3,2023-03-03,VNQ,3,0.37946293,0,0.65,False,False
NN_v1,3,2023-03-10,VAW,2,0.4680841,0,0.65,False,False
NN_v1,3,2023-03-10,VDE,1,0.4692437,0,0.57,False,False
NN_v1,3,2023-03-10,VNQ,3,0.46742618,0,0.62,False,False
NN_v1,3,2023-03-17,VAW,2,0.4233146,1,0.67,False,False
NN_v1,3,2023-03-17,VDE,1,0.42882115,1,0.63,False,False
NN_v1,3,2023-03-17,VFH,3,0.41916975,0,0.59,False,False
NN_v1,3,2023-03-24,VDE,1,0.44867975,1,0.64,False,False
NN_v1,3,2023-03-24,VFH,3,0.43948296,1,0.64,False,False
NN_v1,3,2023-03-24,VNQ,2,0.44138107,1,0.65,False,False
NN_v1,3,2023-03-31,VDE,2,0.36312628,0,0.67,False,False
NN_v1,3,2023-03-31,VFH,1,0.36727637,0,0.69,False,False
NN_v1,3,2023-03-31,VNQ,3,0.36048257,0,0.61,False,False
NN_v1,3,2023-04-07,VFH,1,0.4636919,1,0.62,False,False
NN_v1,3,2023-04-07,VIS,2,0.4442643,1,0.66,False,False
NN_v1,3,2023-04-07,VNQ,3,0.42724344,0,0.69,False,False
NN_v1,3,2023-04-14,VAW,3,0.39474395,0,0.62,False,False
NN_v1,3,2023-04-14,VDE,2,0.40285215,0,0.63,False,False
NN_v1,3,2023-04-14,VNQ,1,0.43489572,1,0.61,False,False
NN_v1,3,2023-04-21,VAW,3,0.42707613,0,0.7,False,False
NN_v1,3,2023-04-21,VDE,1,0.45056584,0,0.69,False,False
NN_v1,3,2023-04-21,VOX,2,0.4280099,1,0.7,False,False
NN_v1,3,2023-04-28,VAW,3,0.44379097,0,0.65,False,False
NN_v1,3,2023-04-28,VDE,2,0.44990286,0,0.68,False,False
NN_v1,3,2023-04-28,VFH,1,0.45836857,0,0.62,False,False
NN_v1,3,2023-05-05,VAW,3,0.4276579,0,0.67,False,False
NN_v1,3,2023-05-05,VDE,1,0.4627703,0,0.61,False,False
NN_v1,3,2023-05-05,VFH,2,0.46262485,0,0.68,False,False
NN_v1,3,2023-05-12,VAW,2,0.44822228,0,0.61,False,False
NN_v1,3,2023-05-12,VDE,3,0.44356355,1,0.68,False,False
NN_v1,3,2023-05-12,VFH,1,0.4583554,1,0.66,False,False
NN_v1,3,2023-05-19,VFH,3,0.40803966,0,0.61,False,False
NN_v1,3,2023-05-19,VNQ,1,0.4172558,0,0.66,False,False
NN_v1,3,2023-05-19,VPU,2,0.40901983,0,0.64,False,False
NN_v1,3,2023-05-26,VAW,2,0.45903853,1,0.64,False,False
NN_v1,3,2023-05-26,VNQ,1,0.46728715,1,0.55,False,False
NN_v1,3,2023-05-26,VPU,3,0.45742813,0,0.67,False,False
NN_v1,3,2023-06-02,VAW,3,0.31718457,0,0.66,False,False
NN_v1,3,2023-06-02,VDE,1,0.3718263,0,0.67,False,False
NN_v1,3,2023-06-02,VFH,2,0.33858454,1,0.66,False,False
NN_v1,3,2023-06-09,VAW,3,0.30519015,1,0.73,False,False
NN_v1,3,2023-06-09,VDE,1,0.33618084,1,0.67,False,False
NN_v1,3,2023-06-09,VFH,2,0.31473666,1,0.68,False,False
NN_v1,3,2023-06-16,VAW,3,0.2718203,0,0.67,False,False
NN_v1,3,2023-06-16,VDE,1,0.32373378,0,0.66,False,False
NN_v1,3,2023-06-16,VNQ,2,0.27286232,0,0.68,False,False
NN_v1,3,2023-06-23,VDE,1,0.45519677,1,0.65,False,False
NN_v1,3,2023-06-23,VFH,3,0.43268576,1,0.65,False,False
NN_v1,3,2023-06-23,VNQ,2,0.4448227,1,0.67,False,False
NN_v1,3,2023-06-30,VDE,1,0.35360742,0,0.65,False,False
NN_v1,3,2023-06-30,VNQ,2,0.3242008,0,0.7,False,False
NN_v1,3,2023-06-30,VPU,3,0.3117242,0,0.63,False,False
NN_v1,3,2023-07-07,VDE,1,0.381244,0,0.69,False,False
NN_v1,3,2023-07-07,VFH,3,0.35414425,1,0.63,False,False
NN_v1,3,2023-07-07,VHT,2,0.35622868,1,0.63,False,False
NN_v1,3,2023-07-14,VDE,1,0.32674682,1,0.67,False,False
NN_v1,3,2023-07-14,VFH,3,0.28070483,1,0.65,False,False
NN_v1,3,2023-07-14,VNQ,2,0.2927732,0,0.68,False,False
NN_v1,3,2023-07-21,VDE,1,0.33630624,1,0.65,False,False
NN_v1,3,2023-07-21,VNQ,2,0.32548818,0,0.66,False,False
NN_v1,3,2023-07-21,VOX,3,0.30107915,1,0.6,False,False
NN_v1,3,2023-07-28,VDE,3,0.31483573,0,0.69,False,False
NN_v1,3,2023-07-28,VNQ,1,0.33578518,0,0.65,False,False
NN_v1,3,2023-07-28,VPU,2,0.31747282,0,0.62,False,False
NN_v1,3,2023-08-04,VGT,2,0.411748,0,0.7,False,False
NN_v1,3,2023-08-04,VNQ,3,0.40184736,0,0.67,False,False
NN_v1,3,2023-08-04,VPU,1,0.42275432,0,0.67,False,False
NN_v1,3,2023-08-11,VAW,2,0.3957655,0,0.69,False,False
NN_v1,3,2023-08-11,VGT,1,0.4180484,0,0.73,False,False
NN_v1,3,2023-08-11,VOX,3,0.39394185,0,0.62,False,False
NN_v1,3,2023-08-18,VCR,2,0.44740894,0,0.7,False,False
NN_v1,3,2023-08-18,VGT,1,0.4525298,1,0.68,False,False
NN_v1,3,2023-08-18,VOX,3,0.44548777,0,0.72,False,False
NN_v1,3,2023-08-25,VAW,3,0.3983291,1,0.59,False,False
NN_v1,3,2023-08-25,VCR,1,0.4083472,1,0.64,False,False
NN_v1,3,2023-08-25,VNQ,2,0.40397894,1,0.65,False,False
NN_v1,3,2023-09-01,VHT,3,0.31706297,0,0.67,False,False
NN_v1,3,2023-09-01,VNQ,2,0.329557,0,0.65,False,False
NN_v1,3,2023-09-01,VPU,1,0.36879823,0,0.66,False,False
NN_v1,3,2023-09-08,VAW,2,0.41116515,0,0.66,False,False
NN_v1,3,2023-09-08,VGT,1,0.4211502,0,0.65,False,False
NN_v1,3,2023-09-08,VOX,3,0.40804714,0,0.64,False,False
NN_v1,3,2023-09-15,VAW,2,0.38647577,0,0.63,False,False
NN_v1,3,2023-09-15,VGT,1,0.42628115,0,0.76,False,False
NN_v1,3,2023-09-15,VIS,3,0.38523436,0,0.59,False,False
NN_v1,3,2023-09-22,VCR,1,0.45413107,0,0.6,False,False
NN_v1,3,2023-09-22,VGT,3,0.45062214,0,0.6,False,False
NN_v1,3,2023-09-22,VNQ,2,0.45257032,0,0.62,False,False
NN_v1,3,2023-09-29,VAW,3,0.4280627,0,0.65,False,False
NN_v1,3,2023-09-29,VCR,2,0.42900392,0,0.7,False,False
NN_v1,3,2023-09-29,VPU,1,0.43596607,0,0.66,False,False
NN_v1,3,2023-10-06,VDE,1,0.46904436,1,0.55,False,False
NN_v1,3,2023-10-06,VNQ,2,0.461278,1,0.66,False,False
NN_v1,3,2023-10-06,VPU,3,0.4607657,1,0.65,False,False
NN_v1,3,2023-10-13,VAW,2,0.449374,0,0.64,False,False
NN_v1,3,2023-10-13,VCR,1,0.44975996,0,0.65,False,False
NN_v1,3,2023-10-13,VDC,3,0.44625884,0,0.64,False,False
NN_v1,3,2023-10-20,VAW,2,0.47643057,0,0.67,False,False
NN_v1,3,2023-10-20,VCR,1,0.48423517,0,0.61,False,False
NN_v1,3,2023-10-20,VNQ,3,0.4737422,0,0.6,False,False
NN_v1,3,2023-10-27,VDE,2,0.45141116,1,0.68,False,False
NN_v1,3,2023-10-27,VFH,3,0.44439727,1,0.59,False,False
NN_v1,3,2023-10-27,VGT,1,0.4599949,1,0.63,False,False
NN_v1,3,2023-11-03,VDE,1,0.39663178,0,0.68,False,False
NN_v1,3,2023-11-03,VIS,3,0.34395036,0,0.63,False,False
NN_v1,3,2023-11-03,VNQ,2,0.34647164,0,0.57,False,False
NN_v1,3,2023-11-10,VAW,2,0.4750003,1,0.62,False,False
NN_v1,3,2023-11-10,VDE,1,0.49747947,1,0.64,False,False
NN_v1,3,2023-11-10,VPU,3,0.4629496,1,0.65,False,False
NN_v1,3,2023-11-17,VDE,1,0.40383226,0,0.65,False,False
NN_v1,3,2023-11-17,VNQ,2,0.3806625,0,0.68,False,False
NN_v1,3,2023-11-17,VPU,3,0.36138347,0,0.65,False,False
NN_v1,3,2023-11-24,VCR,3,0.3664063,1,0.62,False,False
NN_v1,3,2023-11-24,VDE,1,0.41106772,0,0.7,False,False
NN_v1,3,2023-11-24,VNQ,2,0.3749693,1,0.61,False,False
NN_v1,3,2023-12-01,VDE,1,0.36433578,0,0.72,False,False
NN_v1,3,2023-12-01,VNQ,3,0.32081306,0,0.65,False,False
NN_v1,3,2023-12-01,VPU,2,0.3281089,0,0.69,False,False
NN_v1,3,2023-12-08,VDE,1,0.4671726,1,0.7,False,False
NN_v1,3,2023-12-08,VNQ,2,0.36662647,1,0.61,False,False
NN_v1,3,2023-12-08,VPU,3,0.36264002,1,0.68,False,False
NN_v1,3,2023-12-15,VDE,1,0.36271083,0,0.68,False,False
NN_v1,3,2023-12-15,VNQ,3,0.26068777,0,0.68,False,False
NN_v1,3,2023-12-15,VPU,2,0.27622756,0,0.66,False,False
NN_v1,3,2023-12-22,VDE,1,0.3539413,0,0.61,False,False
NN_v1,3,2023-12-22,VNQ,3,0.27060217,0,0.63,False,False
NN_v1,3,2023-12-22,VPU,2,0.2897443,1,0.63,False,False
NN_v1,3,2023-12-29,VCR,3,0.29517728,0,0.68,False,False
NN_v1,3,2023-12-29,VDE,1,0.3684627,0,0.64,False,False
NN_v1,3,2023-12-29,VNQ,2,0.3227001,0,0.65,False,False
NN_v1,3,2024-01-05,VCR,2,0.41216728,0,0.67,False,False
NN_v1,3,2024-01-05,VGT,1,0.4232663,1,0.73,False,False
NN_v1,3,2024-01-05,VNQ,3,0.40031734,0,0.71,False,False
NN_v1,3,2024-01-12,VAW,3,0.32806477,0,0.71,False,False
NN_v1,3,2024-01-12,VCR,2,0.336644,1,0.63,False,False
NN_v1,3,2024-01-12,VDE,1,0.37689725,0,0.64,False,False
NN_v1,3,2024-01-19,VDE,1,0.39378276,1,0.68,False,False
NN_v1,3,2024-01-19,VNQ,3,0.34171686,0,0.69,False,False
NN_v1,3,2024-01-19,VPU,2,0.3592885,0,0.69,False,False
NN_v1,3,2024-01-26,VDE,1,0.346902,0,0.64,False,False
NN_v1,3,2024-01-26,VNQ,3,0.3345654,0,0.7,False,False
NN_v1,3,2024-01-26,VPU,2,0.34643438,0,0.66,False,False
NN_v1,3,2024-02-02,VDE,1,0.30386162,0,0.65,False,False
NN_v1,3,2024-02-02,VNQ,2,0.29759535,1,0.67,False,False
NN_v1,3,2024-02-02,VPU,3,0.28187615,0,0.61,False,False
NN_v1,3,2024-02-09,VDE,1,0.33766916,1,0.58,False,False
NN_v1,3,2024-02-09,VNQ,3,0.31813544,0,0.66,False,False
NN_v1,3,2024-02-09,VPU,2,0.3269217,1,0.67,False,False
NN_v1,3,2024-02-16,VDE,2,0.33640984,0,0.62,False,False
NN_v1,3,2024-02-16,VGT,1,0.33647907,1,0.66,False,False
NN_v1,3,2024-02-16,VNQ,3,0.31214377,1,0.7,False,False
NN_v1,3,2024-02-23,VGT,1,0.2882693,1,0.66,False,False
NN_v1,3,2024-02-23,VNQ,2,0.28772837,1,0.71,False,False
NN_v1,3,2024-02-23,VPU,3,0.28167096,0,0.68,False,False
NN_v1,3,2024-03-01,VDE,2,0.29418996,0,0.67,False,False
NN_v1,3,2024-03-01,VNQ,3,0.26880458,1,0.65,False,False
NN_v1,3,2024-03-01,VPU,1,0.2969666,1,0.63,False,False
NN_v1,3,2024-03-08,VCR,1,0.32840082,0,0.61,False,False
NN_v1,3,2024-03-08,VDE,3,0.3071024,1,0.65,False,False
NN_v1,3,2024-03-08,VGT,2,0.3138346,0,0.67,False,False
NN_v1,3,2024-03-15,VCR,2,0.3509755,1,0.64,False,False
NN_v1,3,2024-03-15,VGT,1,0.35316017,1,0.64,False,False
NN_v1,3,2024-03-15,VNQ,3,0.3499051,0,0.6,False,False
NN_v1,3,2024-03-22,VGT,3,0.2632862,0,0.68,False,False
NN_v1,3,2024-03-22,VNQ,1,0.30088103,1,0.61,False,False
NN_v1,3,2024-03-22,VPU,2,0.26684672,1,0.64,False,False
NN_v1,3,2024-03-29,VGT,1,0.27554673,0,0.67,False,False
NN_v1,3,2024-03-29,VNQ,2,0.2619254,0,0.66,False,False
NN_v1,3,2024-03-29,VPU,3,0.2549152,0,0.65,False,False
NN_v1,3,2024-04-05,VCR,1,0.36698192,0,0.62,False,False
NN_v1,3,2024-04-05,VGT,3,0.36137477,0,0.68,False,False
NN_v1,3,2024-04-05,VNQ,2,0.36581364,0,0.66,False,False
NN_v1,3,2024-04-12,VCR,3,0.39377046,0,0.64,False,False
NN_v1,3,2024-04-12,VFH,2,0.3991818,0,0.72,False,False
NN_v1,3,2024-04-12,VNQ,1,0.40255088,0,0.67,False,False
NN_v1,3,2024-04-19,VCR,3,0.42258477,1,0.69,False,False
NN_v1,3,2024-04-19,VGT,1,0.44503868,1,0.65,False,False
NN_v1,3,2024-04-19,VNQ,2,0.42766443,1,0.66,False,False
NN_v1,3,2024-04-26,VCR,3,0.34284168,0,0.7,False,False
NN_v1,3,2024-04-26,VGT,2,0.34987792,0,0.67,False,False
NN_v1,3,2024-04-26,VNQ,1,0.36131904,0,0.7,False,False
NN_v1,3,2024-05-03,VDE,2,0.36951593,0,0.67,False,False
NN_v1,3,2024-05-03,VGT,1,0.38381132,0,0.66,False,False
NN_v1,3,2024-05-03,VNQ,3,0.3693323,1,0.65,False,False
NN_v1,3,2024-05-10,VCR,3,0.31427896,0,0.65,False,False
NN_v1,3,2024-05-10,VGT,1,0.33326775,1,0.66,False,False
NN_v1,3,2024-05-10,VNQ,2,0.3155587,1,0.66,False,False
NN_v1,3,2024-05-17,VCR,1,0.2937599,0,0.77,False,False
NN_v1,3,2024-05-17,VGT,2,0.29134482,1,0.65,False,False
NN_v1,3,2024-05-17,VNQ,3,0.28280312,0,0.62,False,False
NN_v1,3,2024-05-24,VCR,2,0.41028666,0,0.66,False,False
NN_v1,3,2024-05-24,VDE,3,0.4097813,1,0.69,False,False
NN_v1,3,2024-05-24,VNQ,1,0.42414853,1,0.67,False,False
NN_v1,3,2024-05-31,VDE,3,0.35004556,0,0.65,False,False
NN_v1,3,2024-05-31,VGT,1,0.37430105,1,0.64,False,False
NN_v1,3,2024-05-31,VNQ,2,0.3712652,0,0.65,False,False
NN_v1,3,2024-06-07,VAW,2,0.3648542,0,0.65,False,False
NN_v1,3,2024-06-07,VDE,1,0.43249184,0,0.68,False,False
NN_v1,3,2024-06-07,VIS,3,0.35959074,0,0.65,False,False
NN_v1,3,2024-06-14,VAW,3,0.38376588,0,0.68,False,False
NN_v1,3,2024-06-14,VDE,1,0.4537541,1,0.65,False,False
NN_v1,3,2024-06-14,VPU,2,0.39908203,0,0.67,False,False
NN_v1,3,2024-06-21,VDE,1,0.3758756,1,0.64,False,False
NN_v1,3,2024-06-21,VNQ,3,0.3223852,0,0.66,False,False
NN_v1,3,2024-06-21,VPU,2,0.32930216,0,0.66,False,False
NN_v1,3,2024-06-28,VDE,3,0.32914677,0,0.65,False,False
NN_v1,3,2024-06-28,VGT,1,0.34497744,1,0.61,False,False
NN_v1,3,2024-06-28,VPU,2,0.34404588,0,0.66,False,False
NN_v1,3,2024-07-05,VDE,1,0.34625205,1,0.65,False,False
NN_v1,3,2024-07-05,VIS,3,0.30720022,1,0.64,False,False
NN_v1,3,2024-07-05,VPU,2,0.3287659,1,0.65,False,False
NN_v1,3,2024-07-12,VAW,3,0.25353548,0,0.7,False,False
NN_v1,3,2024-07-12,VDE,1,0.3221763,1,0.68,False,False
NN_v1,3,2024-07-12,VOX,2,0.28013614,0,0.64,False,False
NN_v1,3,2024-07-19,VDE,3,0.3511666,0,0.68,False,False
NN_v1,3,2024-07-19,VGT,1,0.42054135,0,0.7,False,False
NN_v1,3,2024-07-19,VOX,2,0.37304133,0,0.66,False,False
NN_v1,3,2024-07-26,VCR,2,0.37414703,0,0.68,False,False
NN_v1,3,2024-07-26,VGT,1,0.40715984,0,0.65,False,False
NN_v1,3,2024-07-26,VOX,3,0.36769465,0,0.64,False,False
NN_v1,3,2024-08-02,VCR,3,0.40563038,1,0.7,False,False
NN_v1,3,2024-08-02,VDE,2,0.4268348,1,0.78,False,False
NN_v1,3,2024-08-02,VGT,1,0.43297777,1,0.65,False,False
NN_v1,3,2024-08-09,VCR,3,0.38990283,1,0.61,False,False
NN_v1,3,2024-08-09,VDE,2,0.3956947,0,0.66,False,False
NN_v1,3,2024-08-09,VGT,1,0.42252353,1,0.67,False,False
NN_v1,3,2024-08-16,VAW,3,0.30828962,1,0.65,False,False
NN_v1,3,2024-08-16,VDE,1,0.3183089,0,0.59,False,False
NN_v1,3,2024-08-16,VGT,2,0.31483594,1,0.65,False,False
NN_v1,3,2024-08-23,VDE,1,0.33014858,0,0.63,False,False
NN_v1,3,2024-08-23,VGT,2,0.3252848,0,0.64,False,False
NN_v1,3,2024-08-23,VPU,3,0.29645175,0,0.67,False,False
NN_v1,3,2024-08-30,VCR,2,0.31659606,0,0.67,False,False
NN_v1,3,2024-08-30,VDE,3,0.3117093,0,0.68,False,False
NN_v1,3,2024-08-30,VGT,1,0.37055647,0,0.74,False,False
NN_v1,3,2024-09-06,VDE,3,0.44333455,0,0.63,False,False
NN_v1,3,2024-09-06,VGT,1,0.4641383,1,0.65,False,False
NN_v1,3,2024-09-06,VOX,2,0.4457744,1,0.67,False,False
NN_v1,3,2024-09-13,VAW,3,0.32387075,1,0.66,False,False
NN_v1,3,2024-09-13,VDE,1,0.36790815,1,0.65,False,False
NN_v1,3,2024-09-13,VGT,2,0.35274038,1,0.66,False,False
NN_v1,3,2024-09-20,VDE,2,0.36326236,0,0.66,False,False
NN_v1,3,2024-09-20,VGT,1,0.39512068,1,0.65,False,False
NN_v1,3,2024-09-20,VIS,3,0.31760773,0,0.64,False,False
NN_v1,3,2024-09-27,VCR,3,0.3485685,0,0.67,False,False
NN_v1,3,2024-09-27,VDE,2,0.37574303,1,0.64,False,False
NN_v1,3,2024-09-27,VGT,1,0.4095878,0,0.65,False,False
NN_v1,3,2024-10-04,VCR,2,0.36335418,0,0.57,False,False
NN_v1,3,2024-10-04,VGT,1,0.42580068,1,0.72,False,False
NN_v1,3,2024-10-04,VNQ,3,0.3508204,0,0.65,False,False
NN_v1,3,2024-10-11,VCR,1,0.34599885,1,0.67,False,False
NN_v1,3,2024-10-11,VDE,3,0.33185345,0,0.62,False,False
NN_v1,3,2024-10-11,VGT,2,0.33396977,0,0.6,False,False
NN_v1,3,2024-10-18,VCR,3,0.29166627,0,0.68,False,False
NN_v1,3,2024-10-18,VDE,1,0.35444462,0,0.68,False,False
NN_v1,3,2024-10-18,VGT,2,0.31571957,0,0.63,False,False
NN_v1,3,2024-10-25,VDE,1,0.39280373,0,0.73,False,False
NN_v1,3,2024-10-25,VGT,2,0.38820547,0,0.6,False,False
NN_v1,3,2024-10-25,VHT,3,0.37900865,0,0.7,False,False
NN_v1,3,2024-11-01,VAW,3,0.39504787,1,0.68,False,False
NN_v1,3,2024-11-01,VGT,2,0.40165335,1,0.55,False,False
NN_v1,3,2024-11-01,VNQ,1,0.41056365,1,0.72,False,False
NN_v1,3,2024-11-08,VGT,3,0.28022578,0,0.68,False,False
NN_v1,3,2024-11-08,VNQ,1,0.2947061,0,0.64,False,False
NN_v1,3,2024-11-08,VPU,2,0.29133403,0,0.7,False,False
NN_v1,3,2024-11-15,VGT,2,0.43979096,1,0.76,False,False
NN_v1,3,2024-11-15,VHT,1,0.44255364,1,0.66,False,False
NN_v1,3,2024-11-15,VNQ,3,0.43028122,1,0.73,False,False
NN_v1,3,2024-11-22,VDE,3,0.30500236,0,0.68,False,False
NN_v1,3,2024-11-22,VGT,1,0.34759,0,0.6,False,False
NN_v1,3,2024-11-22,VHT,2,0.34020865,1,0.61,False,False
NN_v1,3,2024-11-29,VDE,1,0.35253435,0,0.61,False,False
NN_v1,3,2024-11-29,VGT,2,0.3255957,1,0.69,False,False
NN_v1,3,2024-11-29,VHT,3,0.30952197,0,0.67,False,False
NN_v1,3,2024-12-06,VDE,1,0.4215048,0,0.65,False,False
NN_v1,3,2024-12-06,VNQ,2,0.3851916,0,0.65,False,False
NN_v1,3,2024-12-06,VPU,3,0.3842819,0,0.61,False,False
NN_v1,3,2024-12-13,VAW,3,0.4339331,0,0.66,False,False
NN_v1,3,2024-12-13,VNQ,2,0.43393627,0,0.68,False,False
NN_v1,3,2024-12-13,VPU,1,0.43717843,0,0.64,False,False
NN_v1,3,2024-12-20,VDE,2,0.46218196,1,0.61,False,False
NN_v1,3,2024-12-20,VNQ,1,0.46460342,0,0.6,False,False
NN_v1,3,2024-12-20,VPU,3,0.45364788,0,0.66,False,False
NN_v1,3,2024-12-27,VAW,1,0.42751226,0,0.67,False,False
NN_v1,3,2024-12-27,VDE,3,0.4115354,1,0.65,False,False
NN_v1,3,2024-12-27,VNQ,2,0.41988194,1,0.63,False,False
NN_v1,3,2025-01-03,VAW,2,0.42910847,0,0.64,False,False
NN_v1,3,2025-01-03,VHT,1,0.42936733,0,0.66,False,False
NN_v1,3,2025-01-03,VNQ,3,0.42697787,0,0.67,False,False
NN_v1,3,2025-01-10,VAW,1,0.4422613,1,0.66,False,False
NN_v1,3,2025-01-10,VIS,2,0.43793976,1,0.67,False,False
NN_v1,3,2025-01-10,VPU,3,0.43551204,1,0.63,False,False
NN_v1,3,2025-01-17,VDC,2,0.4003191,0,0.64,False,False
NN_v1,3,2025-01-17,VGT,3,0.39963922,1,0.62,False,False
NN_v1,3,2025-01-17,VHT,1,0.4176546,1,0.7,False,False
NN_v1,3,2025-01-24,VAW,3,0.39640504,0,0.55,False,False
NN_v1,3,2025-01-24,VDC,2,0.40139967,1,0.63,False,False
NN_v1,3,2025-01-24,VNQ,1,0.40433764,0,0.67,False,False
NN_v1,3,2025-01-31,VDE,2,0.4310162,0,0.67,False,False
NN_v1,3,2025-01-31,VIS,1,0.43221688,1,0.7,False,False
NN_v1,3,2025-01-31,VPU,3,0.42581362,1,0.66,False,False
NN_v1,3,2025-02-07,VAW,2,0.42529953,0,0.69,False,False
NN_v1,3,2025-02-07,VDE,3,0.4234301,0,0.65,False,False
NN_v1,3,2025-02-07,VIS,1,0.42771524,0,0.76,False,False
NN_v1,3,2025-02-14,VDE,3,0.39902103,0,0.59,False,False
NN_v1,3,2025-02-14,VIS,1,0.4072912,0,0.65,False,False
NN_v1,3,2025-02-14,VNQ,2,0.4015213,0,0.63,False,False
NN_v1,3,2025-02-21,VAW,2,0.42471784,0,0.59,False,False
NN_v1,3,2025-02-21,VFH,1,0.42588145,1,0.7,False,False
NN_v1,3,2025-02-21,VNQ,3,0.42385837,1,0.65,False,False
NN_v1,3,2025-02-28,VAW,2,0.41764703,0,0.62,False,False
NN_v1,3,2025-02-28,VCR,3,0.41725516,0,0.58,False,False
NN_v1,3,2025-02-28,VGT,1,0.42928642,0,0.66,False,False
NN_v1,3,2025-03-07,VCR,2,0.44123083,0,0.69,False,False
NN_v1,3,2025-03-07,VDE,3,0.43346512,1,0.71,False,False
NN_v1,3,2025-03-07,VGT,1,0.44425294,0,0.61,False,False
NN_v1,3,2025-03-14,VCR,1,0.4412256,0,0.64,False,False
NN_v1,3,2025-03-14,VFH,2,0.4399771,1,0.69,False,False
NN_v1,3,2025-03-14,VGT,3,0.4342998,0,0.75,False,False
NN_v1,3,2025-03-21,VCR,1,0.4513311,0,0.64,False,False
NN_v1,3,2025-03-21,VGT,2,0.4429641,0,0.68,False,False
NN_v1,3,2025-03-21,VOX,3,0.4390067,0,0.67,False,False
NN_v1,3,2025-03-28,VCR,2,0.432211,0,0.66,False,False
NN_v1,3,2025-03-28,VGT,1,0.4326407,0,0.7,False,False
NN_v1,3,2025-03-28,VOX,3,0.42057106,0,0.65,False,False
NN_v1,3,2025-04-04,VCR,1,0.45228726,1,0.68,False,False
NN_v1,3,2025-04-04,VFH,3,0.4448152,1,0.65,False,False
NN_v1,3,2025-04-04,VGT,2,0.44992688,1,0.73,False,False
NN_v1,3,2025-04-11,VCR,2,0.42667577,0,0.66,False,False
NN_v1,3,2025-04-11,VDE,1,0.4389106,1,0.65,False,False
NN_v1,3,2025-04-11,VFH,3,0.42207125,0,0.59,False,False
NN_v1,3,2025-04-18,VCR,1,0.46162084,1,0.66,False,False
NN_v1,3,2025-04-18,VGT,2,0.45486024,1,0.65,False,False
NN_v1,3,2025-04-18,VOX,3,0.4536103,1,0.66,False,False
NN_v1,3,2025-04-25,VDE,1,0.4171851,0,0.63,False,False
NN_v1,3,2025-04-25,VHT,2,0.417134,0,0.65,False,False
NN_v1,3,2025-04-25,VOX,3,0.41062954,1,0.6,False,False
NN_v1,3,2025-05-02,VCR,3,0.3792494,1,0.61,False,False
NN_v1,3,2025-05-02,VDE,1,0.42055762,1,0.69,False,False
NN_v1,3,2025-05-02,VHT,2,0.3849387,0,0.68,False,False
NN_v1,3,2025-05-09,VDE,2,0.42944264,0,0.73,False,False
NN_v1,3,2025-05-09,VHT,1,0.4315148,0,0.67,False,False
NN_v1,3,2025-05-09,VOX,3,0.42427993,1,0.67,False,False
NN_v1,3,2025-05-16,VDE,2,0.38285238,0,0.68,False,False
NN_v1,3,2025-05-16,VHT,1,0.41510484,0,0.66,False,False
NN_v1,3,2025-05-16,VNQ,3,0.36656326,0,0.62,False,False
NN_v1,3,2025-05-23,VDE,1,0.460352,0,0.66,False,False
NN_v1,3,2025-05-23,VFH,3,0.45322415,0,0.67,False,False
NN_v1,3,2025-05-23,VHT,2,0.4584026,1,0.69,False,False
NN_v1,3,2025-05-30,VAW,3,0.4163092,1,0.65,False,False
NN_v1,3,2025-05-30,VDE,2,0.4355783,0,0.63,False,False
NN_v1,3,2025-05-30,VHT,1,0.43832803,1,0.66,False,False
NN_v1,3,2025-06-06,VDE,1,0.42272043,1,0.61,False,False
NN_v1,3,2025-06-06,VHT,2,0.41660768,1,0.63,False,False
NN_v1,3,2025-06-06,VNQ,3,0.403322,0,0.67,False,False
NN_v1,3,2025-06-13,VFH,1,0.42046648,0,0.7,False,False
NN_v1,3,2025-06-13,VHT,3,0.4107546,0,0.68,False,False
NN_v1,3,2025-06-13,VNQ,2,0.41875607,0,0.65,False,False
NN_v1,3,2025-06-20,VAW,2,0.41547465,1,0.63,False,False
NN_v1,3,2025-06-20,VFH,3,0.4154546,1,0.65,False,False
NN_v1,3,2025-06-20,VHT,1,0.43582547,1,0.68,False,False
NN_v1,3,2025-06-27,VDE,2,0.3870166,1,0.62,False,False
NN_v1,3,2025-06-27,VHT,1,0.39885408,1,0.63,False,False
NN_v1,3,2025-06-27,VNQ,3,0.38523418,1,0.61,False,False
NN_v1,3,2025-07-04,VDC,3,0.37502632,0,0.64,False,False
NN_v1,3,2025-07-04,VDE,1,0.41755965,1,0.69,False,False
NN_v1,3,2025-07-04,VHT,2,0.404269,0,0.58,False,False
NN_v1,3,2025-07-11,VDC,2,0.39211947,0,0.57,False,False
NN_v1,3,2025-07-11,VHT,1,0.4112465,0,0.61,False,False
NN_v1,3,2025-07-11,VNQ,3,0.39068234,0,0.64,False,False
NN_v1,3,2025-07-18,VAW,3,0.3905436,1,0.65,False,False
NN_v1,3,2025-07-18,VDE,2,0.4083283,1,0.68,False,False
NN_v1,3,2025-07-18,VHT,1,0.41142765,1,0.56,False,False
NN_v1,3,2025-07-25,VDC,3,0.3785805,0,0.56,False,False
NN_v1,3,2025-07-25,VDE,1,0.40451142,0,0.68,False,False
NN_v1,3,2025-07-25,VHT,2,0.385533,0,0.68,False,False
NN_v1,3,2025-08-01,VDE,1,0.43458894,0,0.65,False,False
NN_v1,3,2025-08-01,VIS,3,0.42831782,0,0.66,False,False
NN_v1,3,2025-08-01,VNQ,2,0.43094468,0,0.68,False,False
NN_v1,3,2025-08-08,VDE,1,0.41970563,0,0.61,False,False
NN_v1,3,2025-08-08,VHT,3,0.41794652,1,0.68,False,False
NN_v1,3,2025-08-08,VNQ,2,0.41967636,1,0.66,False,False
NN_v1,3,2025-08-15,VDC,2,0.40108237,0,0.65,False,False
NN_v1,3,2025-08-15,VDE,1,0.40684196,1,0.62,False,False
NN_v1,3,2025-08-15,VNQ,3,0.39933574,1,0.64,False,False
NN_v1,3,2025-08-22,VDC,2,0.39466673,0,0.58,False,False
NN_v1,3,2025-08-22,VHT,3,0.381141,0,0.63,False,False
NN_v1,3,2025-08-22,VPU,1,0.39476585,0,0.63,False,False
NN_v1,3,2025-08-29,VDC,1,0.39288503,0,0.59,False,False
NN_v1,3,2025-08-29,VHT,3,0.390385,1,0.62,False,False
NN_v1,3,2025-08-29,VPU,2,0.39106447,0,0.66,False,False
NN_v1,3,2025-09-05,VDC,2,0.3914931,0,0.64,False,False
NN_v1,3,2025-09-05,VDE,1,0.4000641,0,0.64,False,False
NN_v1,3,2025-09-05,VPU,3,0.3854431,1,0.62,False,False
NN_v1,3,2025-09-12,VDC,2,0.37295538,0,0.63,False,False
NN_v1,3,2025-09-12,VDE,1,0.3877443,0,0.63,False,False
NN_v1,3,2025-09-12,VNQ,3,0.36602163,0,0.59,False,False
NN_v1,3,2025-09-19,VDC,1,0.3918459,0,0.6,False,False
NN_v1,3,2025-09-19,VHT,3,0.37981343,0,0.67,False,False
NN_v1,3,2025-09-19,VNQ,2,0.38389957,0,0.69,False,False
NN_v1,3,2025-09-26,VAW,1,0.40744048,0,0.64,False,False
NN_v1,3,2025-09-26,VDC,2,0.4042175,0,0.6,False,False
NN_v1,3,2025-09-26,VHT,3,0.4028229,1,0.57,False,False
NN_v1,3,2025-10-03,VAW,2,0.38643858,0,0.66,False,False
NN_v1,3,2025-10-03,VDC,1,0.3974359,0,0.63,False,False
NN_v1,3,2025-10-03,VDE,3,0.38173562,0,0.6,False,False
NN_v1,3,2025-10-10,VDE,2,0.43641716,0,0.64,False,False
NN_v1,3,2025-10-10,VFH,3,0.43369308,0,0.66,False,False
NN_v1,3,2025-10-10,VOX,1,0.4379966,1,0.68,False,False
NN_v1,3,2025-10-17,VAW,2,0.4190782,0,0.65,False,False
NN_v1,3,2025-10-17,VDE,1,0.4201731,1,0.66,False,False
NN_v1,3,2025-10-17,VFH,3,0.4142138,1,0.73,False,False
NN_v1,3,2025-10-24,VDC,2,0.39564863,0,0.61,False,False
NN_v1,3,2025-10-24,VDE,3,0.39191008,0,0.61,False,False
NN_v1,3,2025-10-24,VFH,1,0.3972476,0,0.59,False,False
NN_v1,3,2025-10-31,VAW,2,0.42543465,0,0.65,False,False
NN_v1,3,2025-10-31,VDC,1,0.4293814,0,0.65,False,False
NN_v1,3,2025-10-31,VNQ,3,0.4149839,1,0.62,False,False
NN_v1,3,2025-11-07,VCR,2,0.41593564,0,0.59,False,False
NN_v1,3,2025-11-07,VDC,1,0.41788015,0,0.65,False,False
NN_v1,3,2025-11-07,VNQ,3,0.41158018,0,0.64,False,False
NN_v1,3,2025-11-14,VAW,2,0.41744438,0,0.65,False,False
NN_v1,3,2025-11-14,VCR,1,0.42287067,0,0.66,False,False
NN_v1,3,2025-11-14,VGT,3,0.41607058,0,0.67,False,False
NN_v1,3,2025-11-21,VDE,1,0.42651448,1,0.58,False,False
NN_v1,3,2025-11-21,VGT,3,0.42145938,1,0.68,False,False
NN_v1,3,2025-11-21,VNQ,2,0.42377555,1,0.6,False,False
NN_v1,3,2025-11-28,VDE,2,0.38619134,1,0.57,False,False
NN_v1,3,2025-11-28,VGT,1,0.40317526,1,0.63,False,False
NN_v1,3,2025-11-28,VNQ,3,0.37365705,0,0.58,False,False
NN_v1,3,2025-12-05,VAW,3,0.40988407,1,0.68,False,False
NN_v1,3,2025-12-05,VNQ,2,0.4105757,0,0.66,False,False
NN_v1,3,2025-12-05,VPU,1,0.41326922,0,0.6,False,False
NN_v1,3,2025-12-12,VGT,3,0.42082742,0,0.65,False,False
NN_v1,3,2025-12-12,VNQ,2,0.42187694,0,0.65,False,False
NN_v1,3,2025-12-12,VOX,1,0.4282365,0,0.68,False,False
NN_v1,3,2025-12-19,VDE,1,0.42887312,0,0.61,False,False
NN_v1,3,2025-12-19,VGT,3,0.41875508,0,0.66,False,False
NN_v1,3,2025-12-19,VPU,2,0.42499986,1,0.65,False,False
NN_v1,3,2025-12-26,VDE,1,0.4099918,1,0.6,False,False
NN_v1,3,2025-12-26,VNQ,3,0.39550668,0,0.59,False,False
NN_v1,3,2025-12-26,VPU,2,0.4054079,0,0.63,False,False
NN_v1,3,2026-01-02,VCR,1,0.37741464,1,0.59,False,False
NN_v1,3,2026-01-02,VFH,3,0.36093894,1,0.64,False,False
NN_v1,3,2026-01-02,VGT,2,0.37250587,0,0.59,False,False
NN_v1,3,2026-01-09,VCR,3,0.32281592,0,0.63,False,False
NN_v1,3,2026-01-09,VGT,1,0.33960336,0,0.61,False,False
NN_v1,3,2026-01-09,VPU,2,0.33901218,1,0.63,False,False
NN_v1,3,2026-01-16,VCR,2,0.36496,1,0.63,False,False
NN_v1,3,2026-01-16,VGT,1,0.37057662,1,0.65,False,False
NN_v1,3,2026-01-16,VOX,3,0.35162124,1,0.66,False,False
NN_v1,3,2026-01-23,VCR,1,0.40673313,0,0.72,False,False
NN_v1,3,2026-01-23,VFH,3,0.38275233,0,0.61,False,False
NN_v1,3,2026-01-23,VGT,2,0.38711742,0,0.61,False,False
NN_v1,3,2026-01-30,VAW,3,0.3609588,1,0.68,False,False
NN_v1,3,2026-01-30,VCR,1,0.39997023,0,0.67,False,False
NN_v1,3,2026-01-30,VNQ,2,0.36712655,1,0.68,False,False
NN_v1,3,2026-02-06,VGT,3,0.35186914,0,0.62,False,False
NN_v1,3,2026-02-06,VOX,1,0.37387013,0,0.63,False,False
NN_v1,3,2026-02-06,VPU,2,0.3655124,1,0.61,False,False
NN_v1,3,2026-02-13,VCR,3,0.36312473,1,0.67,False,False
NN_v1,3,2026-02-13,VFH,2,0.3784502,0,0.66,False,False
NN_v1,3,2026-02-13,VOX,1,0.37925985,1,0.61,False,False
NN_v1,3,2026-02-20,VCR,3,0.3648944,0,0.66,False,False
NN_v1,3,2026-02-20,VFH,1,0.3778432,0,0.69,False,False
NN_v1,3,2026-02-20,VOX,2,0.36965063,0,0.61,False,False
NN_v1,3,2026-02-27,VCR,2,0.37581402,0,0.56,False,False
NN_v1,3,2026-02-27,VFH,1,0.3910151,0,0.66,False,False
NN_v1,3,2026-02-27,VGT,3,0.3695503,0,0.59,False,False
NN_v1,3,2026-03-06,VAW,1,0.43851766,0,0.7,False,False
NN_v1,3,2026-03-06,VHT,2,0.43308908,0,0.71,False,False
NN_v1,3,2026-03-06,VIS,3,0.42478153,0,0.71,False,False
NN_v1,3,2026-03-13,VAW,2,0.43403193,0,0.65,False,False
NN_v1,3,2026-03-13,VCR,3,0.4311063,0,0.62,False,False
NN_v1,3,2026-03-13,VHT,1,0.4354763,0,0.62,False,False
NN_v1,3,2026-03-20,VAW,1,0.44189808,1,0.69,False,False
NN_v1,3,2026-03-20,VCR,2,0.44079664,0,0.58,False,False
NN_v1,3,2026-03-20,VHT,3,0.4398487,0,0.69,False,False
NN_v1,3,2026-03-27,VCR,3,0.40649936,1,0.6,False,False
NN_v1,3,2026-03-27,VGT,2,0.41540667,1,0.61,False,False
NN_v1,3,2026-03-27,VOX,1,0.4178898,1,0.67,False,False
NN_v1,3,2026-04-03,VDC,2,0.3981453,0,0.61,False,False
NN_v1,3,2026-04-03,VDE,3,0.3976335,0,0.61,False,False
NN_v1,3,2026-04-03,VGT,1,0.39829668,1,0.61,False,False
NN_v1,3,2026-04-10,VDC,3,0.38856462,0,0.62,False,False
NN_v1,3,2026-04-10,VDE,1,0.4430108,0,0.67,False,False
NN_v1,3,2026-04-10,VHT,2,0.3923889,1,0.61,False,False
NN_v1,3,2026-04-17,VAW,2,0.36757016,0,0.66,False,False
NN_v1,3,2026-04-17,VDE,1,0.44240287,1,0.63,False,False
NN_v1,3,2026-04-17,VPU,3,0.34829244,0,0.66,False,False
NN_v1,3,2026-04-24,VFH,3,0.4148598,1,0.58,False,False
NN_v1,3,2026-04-24,VHT,2,0.41879523,0,0.68,False,False
NN_v1,3,2026-04-24,VOX,1,0.42131168,1,0.64,False,False
NN_v1,3,2026-05-01,VAW,2,0.39557514,1,0.63,False,False
NN_v1,3,2026-05-01,VCR,1,0.3986097,1,0.62,False,False
NN_v1,3,2026-05-01,VFH,3,0.39328402,0,0.7,False,False
NN_v1,3,2026-05-08,VDE,1,0.43784752,1,0.6,False,False
NN_v1,3,2026-05-08,VHT,2,0.4105408,0,0.66,False,False
NN_v1,3,2026-05-08,VPU,3,0.4073453,0,0.67,False,False
NN_v1,3,2026-05-15,VAW,1,0.4161746,0,0.59,False,False
NN_v1,3,2026-05-15,VCR,2,0.40321234,1,0.65,False,False
NN_v1,3,2026-05-15,VHT,3,0.39854962,1,0.64,False,False
NN_v1,3,2026-05-22,VAW,1,0.38239777,1,0.64,False,False
NN_v1,3,2026-05-22,VCR,3,0.3451334,1,0.66,False,False
NN_v1,3,2026-05-22,VDE,2,0.3817574,0,0.65,False,False
NN_v1,3,2026-05-29,VDC,3,0.37530616,1,0.66,False,False
NN_v1,3,2026-05-29,VDE,1,0.4518042,0,0.65,False,False
NN_v1,3,2026-05-29,VPU,2,0.3857959,0,0.63,False,False
NN_v1,3,2026-06-05,VCR,2,0.41373867,1,0.69,False,False
NN_v1,3,2026-06-05,VDE,1,0.42455846,0,0.65,False,False
NN_v1,3,2026-06-05,VOX,3,0.40409046,0,0.69,False,False
NN_v1,3,2026-06-12,VCR,3,0.37313417,0,0.61,False,False
NN_v1,3,2026-06-12,VDE,2,0.3763223,0,0.63,False,False
NN_v1,3,2026-06-12,VOX,1,0.38231766,0,0.66,False,False
NN_v1,3,2026-06-19,VDE,1,0.44592798,0,0.68,False,False
NN_v1,3,2026-06-19,VOX,3,0.38289264,0,0.63,False,False
NN_v1,3,2026-06-19,VPU,2,0.38419178,1,0.7,False,False
NN_v1,3,2026-06-26,VDE,1,0.39656052,0,0.66,False,False
NN_v1,3,2026-06-26,VGT,2,0.3900053,0,0.57,False,False
NN_v1,3,2026-06-26,VOX,3,0.3856687,1,0.66,False,False
NN_v1,3,2026-07-03,VDE,1,0.39228535,1,0.68,False,False
NN_v1,3,2026-07-03,VGT,2,0.38146836,1,0.66,False,False
NN_v1,3,2026-07-03,VOX,3,0.35883826,1,0.65,False,False
NN_v1,3,2026-07-10,VAW,3,0.3888374,0,0.66,False,False
NN_v1,3,2026-07-10,VDE,1,0.40707454,1,0.71,False,False
NN_v1,3,2026-07-10,VPU,2,0.39294836,0,0.59,False,False
NN_v1,3,2026-07-17,VGT,1,0.4086614,0,0.65,False,False
NN_v1,3,2026-07-17,VHT,2,0.39872888,0,0.64,False,False
NN_v1,3,2026-07-17,VPU,3,0.39335933,1,0.65,False,False
NN_v1,3,2026-07-31,VDE,2,0.40669265,0,0.59,False,False
NN_v1,3,2026-07-31,VGT,1,0.41286802,1,0.65,False,False
NN_v1,3,2026-07-31,VOX,3,0.4050511,1,0.56,False,False
NN_v2,2,2008-01-04,VFH,2,0.5341002,0,0.68,False,False
NN_v2,2,2008-01-04,VNQ,1,0.54259,0,0.7,False,False
NN_v2,2,2008-01-11,VFH,1,0.5323803,0,0.72,False,False
NN_v2,2,2008-01-11,VNQ,2,0.52993864,0,0.63,False,False
NN_v2,2,2008-01-18,VFH,1,0.5425012,1,0.68,False,False
NN_v2,2,2008-01-18,VNQ,2,0.53321105,1,0.66,False,False
NN_v2,2,2008-01-25,VHT,1,0.45867234,1,0.72,False,False
NN_v2,2,2008-01-25,VOX,2,0.4458918,1,0.63,False,False
NN_v2,2,2008-02-01,VGT,1,0.315786,0,0.73,False,False
NN_v2,2,2008-02-01,VHT,2,0.28220883,0,0.65,False,False
NN_v2,2,2008-02-08,VFH,1,0.50581634,0,0.69,False,False
NN_v2,2,2008-02-08,VNQ,2,0.5035623,0,0.68,False,False
NN_v2,2,2008-02-15,VFH,1,0.5375578,0,0.71,False,False
NN_v2,2,2008-02-15,VNQ,2,0.5171061,0,0.65,False,False
NN_v2,2,2008-02-22,VFH,2,0.51386756,0,0.66,False,False
NN_v2,2,2008-02-22,VOX,1,0.53340715,0,0.7,False,False
NN_v2,2,2008-02-29,VFH,1,0.55029213,0,0.7,False,False
NN_v2,2,2008-02-29,VOX,2,0.54230696,0,0.68,False,False
NN_v2,2,2008-03-07,VFH,1,0.6182658,0,0.69,False,False
NN_v2,2,2008-03-07,VNQ,2,0.5952072,1,0.7,False,False
NN_v2,2,2008-03-14,VFH,1,0.5895719,1,0.72,False,False
NN_v2,2,2008-03-14,VOX,2,0.56564844,1,0.7,False,False
NN_v2,2,2008-03-21,VAW,2,0.5299784,1,0.7,False,False
NN_v2,2,2008-03-21,VDE,1,0.5367303,1,0.69,False,False
NN_v2,2,2008-03-28,VCR,2,0.55930245,1,0.65,False,False
NN_v2,2,2008-03-28,VFH,1,0.6133278,1,0.68,False,False
NN_v2,2,2008-04-04,VFH,1,0.49920383,0,0.71,False,False
NN_v2,2,2008-04-04,VOX,2,0.44216758,0,0.67,False,False
NN_v2,2,2008-04-11,VFH,1,0.6184702,1,0.67,False,False
NN_v2,2,2008-04-11,VOX,2,0.59362465,1,0.62,False,False
NN_v2,2,2008-04-18,VFH,2,0.43234378,1,0.69,False,False
NN_v2,2,2008-04-18,VOX,1,0.4427372,1,0.68,False,False
NN_v2,2,2008-04-25,VCR,2,0.4595662,1,0.7,False,False
NN_v2,2,2008-04-25,VFH,1,0.50828993,1,0.7,False,False
NN_v2,2,2008-05-02,VAW,2,0.43627134,1,0.64,False,False
NN_v2,2,2008-05-02,VFH,1,0.44639796,0,0.69,False,False
NN_v2,2,2008-05-09,VFH,1,0.5901362,0,0.72,False,False
NN_v2,2,2008-05-09,VOX,2,0.54147816,1,0.66,False,False
NN_v2,2,2008-05-16,VCR,2,0.37927008,0,0.66,False,False
NN_v2,2,2008-05-16,VFH,1,0.48020798,0,0.68,False,False
NN_v2,2,2008-05-23,VFH,1,0.52639514,1,0.6,False,False
NN_v2,2,2008-05-23,VOX,2,0.51547533,1,0.69,False,False
NN_v2,2,2008-05-30,VCR,2,0.4060321,0,0.66,False,False
NN_v2,2,2008-05-30,VFH,1,0.45165887,0,0.67,False,False
NN_v2,2,2008-06-06,VFH,1,0.54511756,0,0.71,False,False
NN_v2,2,2008-06-06,VNQ,2,0.5076097,0,0.67,False,False
NN_v2,2,2008-06-13,VFH,1,0.4842608,0,0.67,False,False
NN_v2,2,2008-06-13,VOX,2,0.4716888,0,0.71,False,False
NN_v2,2,2008-06-20,VFH,1,0.5479515,0,0.66,False,False
NN_v2,2,2008-06-20,VOX,2,0.5436705,0,0.66,False,False
NN_v2,2,2008-06-27,VFH,1,0.5652108,0,0.6,False,False
NN_v2,2,2008-06-27,VOX,2,0.5542384,0,0.66,False,False
NN_v2,2,2008-07-04,VAW,2,0.5286907,1,0.71,False,False
NN_v2,2,2008-07-04,VFH,1,0.5524276,0,0.74,False,False
NN_v2,2,2008-07-11,VCR,2,0.5662039,1,0.67,False,False
NN_v2,2,2008-07-11,VFH,1,0.61214226,1,0.7,False,False
NN_v2,2,2008-07-18,VOX,2,0.48724595,0,0.67,False,False
NN_v2,2,2008-07-18,VPU,1,0.5107036,0,0.74,False,False
NN_v2,2,2008-07-25,VDE,2,0.533958,0,0.7,False,False
NN_v2,2,2008-07-25,VFH,1,0.55163026,1,0.63,False,False
NN_v2,2,2008-08-01,VCR,1,0.55142224,1,0.73,False,False
NN_v2,2,2008-08-01,VIS,2,0.54456484,1,0.67,False,False
NN_v2,2,2008-08-08,VAW,2,0.5665346,1,0.69,False,False
NN_v2,2,2008-08-08,VFH,1,0.60179865,0,0.65,False,False
NN_v2,2,2008-08-15,VAW,2,0.53503114,0,0.7,False,False
NN_v2,2,2008-08-15,VFH,1,0.609367,0,0.63,False,False
NN_v2,2,2008-08-22,VCR,2,0.5725783,0,0.69,False,False
NN_v2,2,2008-08-22,VFH,1,0.6205987,1,0.65,False,False
NN_v2,2,2008-08-29,VCR,1,0.55974066,0,0.68,False,False
NN_v2,2,2008-08-29,VFH,2,0.55386865,0,0.68,False,False
NN_v2,2,2008-09-05,VAW,2,0.5745797,0,0.65,False,False
NN_v2,2,2008-09-05,VDE,1,0.6097512,0,0.67,False,False
NN_v2,2,2008-09-12,VDE,1,0.5376681,1,0.66,False,False
NN_v2,2,2008-09-12,VFH,2,0.52122796,1,0.67,False,False
NN_v2,2,2008-09-19,VCR,1,0.5118124,0,0.66,False,False
NN_v2,2,2008-09-19,VIS,2,0.49825412,0,0.7,False,False
NN_v2,2,2008-09-26,VAW,2,0.53560674,0,0.64,False,False
NN_v2,2,2008-09-26,VFH,1,0.53563845,0,0.65,False,False
NN_v2,2,2008-10-03,VAW,1,0.5785993,0,0.65,False,False
NN_v2,2,2008-10-03,VFH,2,0.5625188,0,0.69,False,False
NN_v2,2,2008-10-10,VDE,1,0.55541164,1,0.67,False,False
NN_v2,2,2008-10-10,VFH,2,0.52120197,0,0.64,False,False
NN_v2,2,2008-10-17,VAW,2,0.31117052,0,0.66,False,False
NN_v2,2,2008-10-17,VNQ,1,0.3569761,0,0.67,False,False
NN_v2,2,2008-10-24,VAW,2,0.44181687,1,0.69,False,False
NN_v2,2,2008-10-24,VNQ,1,0.48136753,1,0.57,False,False
NN_v2,2,2008-10-31,VAW,2,0.104331195,0,0.72,False,False
NN_v2,2,2008-10-31,VGT,1,0.10505698,0,0.72,False,False
NN_v2,2,2008-11-07,VDE,1,0.6444664,0,0.62,False,False
NN_v2,2,2008-11-07,VFH,2,0.5703329,0,0.64,False,False
NN_v2,2,2008-11-14,VDE,1,0.6681901,0,0.71,False,False
NN_v2,2,2008-11-14,VNQ,2,0.65750986,0,0.64,False,False
NN_v2,2,2008-11-21,VFH,2,0.71210057,1,0.68,False,False
NN_v2,2,2008-11-21,VNQ,1,0.72917116,1,0.65,False,False
NN_v2,2,2008-11-28,VDE,1,0.25725695,0,0.73,False,False
NN_v2,2,2008-11-28,VGT,2,0.243764,0,0.63,False,False
NN_v2,2,2008-12-05,VAW,2,0.5579181,1,0.65,False,False
NN_v2,2,2008-12-05,VDE,1,0.6207949,1,0.66,False,False
NN_v2,2,2008-12-12,VFH,1,0.54372424,1,0.69,False,False
NN_v2,2,2008-12-12,VNQ,2,0.5421432,1,0.66,False,False
NN_v2,2,2008-12-19,VAW,2,0.71121097,0,0.69,False,False
NN_v2,2,2008-12-19,VFH,1,0.7218672,0,0.68,False,False
NN_v2,2,2008-12-26,VFH,2,0.77507025,1,0.7,False,False
NN_v2,2,2008-12-26,VNQ,1,0.7968256,0,0.71,False,False
NN_v2,2,2009-01-02,VAW,2,0.4693976,0,0.63,False,False
NN_v2,2,2009-01-02,VNQ,1,0.52478665,0,0.67,False,False
NN_v2,2,2009-01-09,VAW,2,0.5197426,0,0.69,False,False
NN_v2,2,2009-01-09,VNQ,1,0.5448618,0,0.7,False,False
NN_v2,2,2009-01-16,VAW,2,0.5285484,0,0.66,False,False
NN_v2,2,2009-01-16,VNQ,1,0.54050934,0,0.66,False,False
NN_v2,2,2009-01-23,VFH,2,0.53159976,0,0.67,False,False
NN_v2,2,2009-01-23,VNQ,1,0.5439483,0,0.66,False,False
NN_v2,2,2009-01-30,VAW,1,0.5490686,1,0.63,False,False
NN_v2,2,2009-01-30,VNQ,2,0.54879344,1,0.68,False,False
NN_v2,2,2009-02-06,VCR,2,0.46920633,0,0.69,False,False
NN_v2,2,2009-02-06,VNQ,1,0.49309978,0,0.7,False,False
NN_v2,2,2009-02-13,VIS,1,0.5111598,0,0.64,False,False
NN_v2,2,2009-02-13,VNQ,2,0.51062196,0,0.69,False,False
NN_v2,2,2009-02-20,VAW,1,0.532771,0,0.67,False,False
NN_v2,2,2009-02-20,VDE,2,0.52785045,0,0.67,False,False
NN_v2,2,2009-02-27,VDE,1,0.5343238,0,0.63,False,False
NN_v2,2,2009-02-27,VGT,2,0.5242497,0,0.69,False,False
NN_v2,2,2009-03-06,VAW,2,0.5673575,1,0.64,False,False
NN_v2,2,2009-03-06,VGT,1,0.57046664,1,0.65,False,False
NN_v2,2,2009-03-13,VDE,2,0.44393373,1,0.73,False,False
NN_v2,2,2009-03-13,VPU,1,0.46779928,1,0.7,False,False
NN_v2,2,2009-03-20,VIS,2,0.49453717,1,0.71,False,False
NN_v2,2,2009-03-20,VNQ,1,0.5188944,0,0.68,False,False
NN_v2,2,2009-03-27,VFH,2,0.42790332,1,0.67,False,False
NN_v2,2,2009-03-27,VNQ,1,0.4821066,1,0.71,False,False
NN_v2,2,2009-04-03,VHT,1,0.42904013,1,0.71,False,False
NN_v2,2,2009-04-03,VPU,2,0.4203174,0,0.66,False,False
NN_v2,2,2009-04-10,VDE,2,0.42986768,1,0.71,False,False
NN_v2,2,2009-04-10,VPU,1,0.4353962,0,0.67,False,False
NN_v2,2,2009-04-17,VDE,1,0.4282585,1,0.7,False,False
NN_v2,2,2009-04-17,VPU,2,0.41858763,0,0.68,False,False
NN_v2,2,2009-04-24,VFH,1,0.4598176,0,0.68,False,False
NN_v2,2,2009-04-24,VPU,2,0.4493633,1,0.63,False,False
NN_v2,2,2009-05-01,VFH,2,0.44090348,1,0.69,False,False
NN_v2,2,2009-05-01,VNQ,1,0.46541595,1,0.63,False,False
NN_v2,2,2009-05-08,VHT,2,0.3381736,0,0.67,False,False
NN_v2,2,2009-05-08,VPU,1,0.34743586,0,0.69,False,False
NN_v2,2,2009-05-15,VIS,2,0.4636647,0,0.61,False,False
NN_v2,2,2009-05-15,VNQ,1,0.47766295,1,0.72,False,False
NN_v2,2,2009-05-22,VIS,1,0.40448657,1,0.7,False,False
NN_v2,2,2009-05-22,VOX,2,0.39876547,1,0.68,False,False
NN_v2,2,2009-05-29,VHT,1,0.32156783,0,0.7,False,False
NN_v2,2,2009-05-29,VPU,2,0.3118001,0,0.65,False,False
NN_v2,2,2009-06-05,VFH,1,0.34190452,1,0.66,False,False
NN_v2,2,2009-06-05,VHT,2,0.33771566,0,0.66,False,False
NN_v2,2,2009-06-12,VFH,1,0.37439454,0,0.69,False,False
NN_v2,2,2009-06-12,VHT,2,0.35305312,1,0.66,False,False
NN_v2,2,2009-06-19,VCR,2,0.4683743,0,0.66,False,False
NN_v2,2,2009-06-19,VFH,1,0.48052663,0,0.64,False,False
NN_v2,2,2009-06-26,VFH,1,0.47549596,0,0.7,False,False
NN_v2,2,2009-06-26,VNQ,2,0.4592895,0,0.66,False,False
NN_v2,2,2009-07-03,VAW,2,0.46652803,0,0.69,False,False
NN_v2,2,2009-07-03,VFH,1,0.4688143,0,0.69,False,False
NN_v2,2,2009-07-10,VFH,2,0.48843664,1,0.69,False,False
NN_v2,2,2009-07-10,VPU,1,0.49309462,1,0.67,False,False
NN_v2,2,2009-07-17,VFH,2,0.3528603,1,0.69,False,False
NN_v2,2,2009-07-17,VNQ,1,0.36894998,1,0.71,False,False
NN_v2,2,2009-07-24,VFH,1,0.32713723,1,0.7,False,False
NN_v2,2,2009-07-24,VOX,2,0.31070253,0,0.71,False,False
NN_v2,2,2009-07-31,VDE,1,0.37292752,0,0.67,False,False
NN_v2,2,2009-07-31,VPU,2,0.34669515,0,0.64,False,False
NN_v2,2,2009-08-07,VDE,1,0.35859245,0,0.68,False,False
NN_v2,2,2009-08-07,VHT,2,0.34914994,0,0.71,False,False
NN_v2,2,2009-08-14,VDE,1,0.39923924,1,0.61,False,False
NN_v2,2,2009-08-14,VIS,2,0.38959274,1,0.68,False,False
NN_v2,2,2009-08-21,VDE,1,0.3394572,0,0.7,False,False
NN_v2,2,2009-08-21,VIS,2,0.3390252,0,0.66,False,False
NN_v2,2,2009-08-28,VDE,1,0.37157947,0,0.75,False,False
NN_v2,2,2009-08-28,VIS,2,0.36014706,1,0.71,False,False
NN_v2,2,2009-09-04,VDE,1,0.43801275,1,0.62,False,False
NN_v2,2,2009-09-04,VOX,2,0.42647767,1,0.68,False,False
NN_v2,2,2009-09-11,VHT,2,0.3328277,0,0.66,False,False
NN_v2,2,2009-09-11,VPU,1,0.34156266,1,0.69,False,False
NN_v2,2,2009-09-18,VDC,1,0.34120268,0,0.67,False,False
NN_v2,2,2009-09-18,VHT,2,0.33284545,0,0.7,False,False
NN_v2,2,2009-09-25,VAW,2,0.42455378,0,0.67,False,False
NN_v2,2,2009-09-25,VDE,1,0.42910844,0,0.64,False,False
NN_v2,2,2009-10-02,VAW,2,0.42802754,1,0.68,False,False
NN_v2,2,2009-10-02,VDE,1,0.4281617,1,0.66,False,False
NN_v2,2,2009-10-09,VOX,2,0.33514887,0,0.65,False,False
NN_v2,2,2009-10-09,VPU,1,0.3382194,0,0.72,False,False
NN_v2,2,2009-10-16,VFH,2,0.34781924,0,0.67,False,False
NN_v2,2,2009-10-16,VNQ,1,0.38095665,0,0.65,False,False
NN_v2,2,2009-10-23,VFH,2,0.4057436,0,0.67,False,False
NN_v2,2,2009-10-23,VNQ,1,0.4110702,0,0.64,False,False
NN_v2,2,2009-10-30,VCR,1,0.47536907,1,0.67,False,False
NN_v2,2,2009-10-30,VOX,2,0.47240537,1,0.7,False,False
NN_v2,2,2009-11-06,VDE,2,0.39927822,0,0.66,False,False
NN_v2,2,2009-11-06,VNQ,1,0.41957918,1,0.65,False,False
NN_v2,2,2009-11-13,VDE,1,0.38678795,0,0.64,False,False
NN_v2,2,2009-11-13,VFH,2,0.37882918,0,0.67,False,False
NN_v2,2,2009-11-20,VDE,1,0.425733,0,0.67,False,False
NN_v2,2,2009-11-20,VIS,2,0.40344328,0,0.65,False,False
NN_v2,2,2009-11-27,VDE,1,0.44394192,0,0.7,False,False
NN_v2,2,2009-11-27,VNQ,2,0.43834963,1,0.62,False,False
NN_v2,2,2009-12-04,VAW,2,0.39746565,0,0.63,False,False
NN_v2,2,2009-12-04,VDE,1,0.40703964,0,0.61,False,False
NN_v2,2,2009-12-11,VAW,1,0.4076213,0,0.69,False,False
NN_v2,2,2009-12-11,VDE,2,0.40498185,0,0.71,False,False
NN_v2,2,2009-12-18,VDE,2,0.414249,0,0.6,False,False
NN_v2,2,2009-12-18,VFH,1,0.42479485,1,0.71,False,False
NN_v2,2,2009-12-25,VDE,2,0.34849772,0,0.69,False,False
NN_v2,2,2009-12-25,VFH,1,0.3608327,0,0.66,False,False
NN_v2,2,2010-01-01,VDE,1,0.45626968,1,0.68,False,False
NN_v2,2,2010-01-01,VIS,2,0.45137173,1,0.71,False,False
NN_v2,2,2010-01-08,VCR,1,0.4333004,0,0.69,False,False
NN_v2,2,2010-01-08,VFH,2,0.43274587,0,0.68,False,False
NN_v2,2,2010-01-15,VFH,2,0.4522265,0,0.65,False,False
NN_v2,2,2010-01-15,VOX,1,0.4533276,0,0.63,False,False
NN_v2,2,2010-01-22,VAW,2,0.4681304,0,0.71,False,False
NN_v2,2,2010-01-22,VNQ,1,0.46964106,0,0.67,False,False
NN_v2,2,2010-01-29,VNQ,1,0.49260598,0,0.7,False,False
NN_v2,2,2010-01-29,VPU,2,0.48020315,0,0.72,False,False
NN_v2,2,2010-02-05,VOX,1,0.4557131,1,0.7,False,False
NN_v2,2,2010-02-05,VPU,2,0.4531087,0,0.71,False,False
NN_v2,2,2010-02-12,VNQ,1,0.48190817,1,0.7,False,False
NN_v2,2,2010-02-12,VOX,2,0.48059097,1,0.69,False,False
NN_v2,2,2010-02-19,VGT,2,0.44965973,0,0.64,False,False
NN_v2,2,2010-02-19,VPU,1,0.45149145,0,0.71,False,False
NN_v2,2,2010-02-26,VAW,1,0.47214627,1,0.7,False,False
NN_v2,2,2010-02-26,VDE,2,0.4669314,1,0.71,False,False
NN_v2,2,2010-03-05,VDE,1,0.45335722,0,0.74,False,False
NN_v2,2,2010-03-05,VOX,2,0.4467523,1,0.7,False,False
NN_v2,2,2010-03-12,VDE,1,0.45242152,0,0.66,False,False
NN_v2,2,2010-03-12,VOX,2,0.4422508,1,0.65,False,False
NN_v2,2,2010-03-19,VAW,1,0.46320707,1,0.7,False,False
NN_v2,2,2010-03-19,VGT,2,0.4549188,1,0.66,False,False
NN_v2,2,2010-03-26,VDE,1,0.45348153,1,0.7,False,False
NN_v2,2,2010-03-26,VOX,2,0.4498621,1,0.74,False,False
NN_v2,2,2010-04-02,VGT,1,0.44750017,1,0.67,False,False
NN_v2,2,2010-04-02,VHT,2,0.44658127,0,0.66,False,False
NN_v2,2,2010-04-09,VOX,1,0.44689956,0,0.66,False,False
NN_v2,2,2010-04-09,VPU,2,0.43871456,0,0.66,False,False
NN_v2,2,2010-04-16,VAW,1,0.43207112,1,0.68,False,False
NN_v2,2,2010-04-16,VDE,2,0.4257546,1,0.64,False,False
NN_v2,2,2010-04-23,VOX,2,0.43727094,0,0.65,False,False
NN_v2,2,2010-04-23,VPU,1,0.43995947,0,0.66,False,False
NN_v2,2,2010-04-30,VAW,1,0.4705158,0,0.69,False,False
NN_v2,2,2010-04-30,VFH,2,0.45399094,0,0.73,False,False
NN_v2,2,2010-05-07,VCR,2,0.46308297,0,0.66,False,False
NN_v2,2,2010-05-07,VFH,1,0.4729399,0,0.65,False,False
NN_v2,2,2010-05-14,VFH,1,0.45466906,0,0.64,False,False
NN_v2,2,2010-05-14,VGT,2,0.44816804,0,0.66,False,False
NN_v2,2,2010-05-21,VCR,1,0.4611206,1,0.68,False,False
NN_v2,2,2010-05-21,VNQ,2,0.460373,1,0.66,False,False
NN_v2,2,2010-05-28,VFH,1,0.4667937,0,0.65,False,False
NN_v2,2,2010-05-28,VIS,2,0.46626693,0,0.65,False,False
NN_v2,2,2010-06-04,VCR,2,0.46878093,1,0.7,False,False
NN_v2,2,2010-06-04,VNQ,1,0.47380486,1,0.71,False,False
NN_v2,2,2010-06-11,VDC,2,0.4635531,0,0.73,False,False
NN_v2,2,2010-06-11,VIS,1,0.46355748,1,0.71,False,False
NN_v2,2,2010-06-18,VCR,1,0.45167416,0,0.7,False,False
NN_v2,2,2010-06-18,VGT,2,0.44871235,0,0.65,False,False
NN_v2,2,2010-06-25,VCR,1,0.47682333,0,0.66,False,False
NN_v2,2,2010-06-25,VGT,2,0.47172529,0,0.65,False,False
NN_v2,2,2010-07-02,VCR,2,0.45705718,1,0.69,False,False
NN_v2,2,2010-07-02,VNQ,1,0.45713863,1,0.65,False,False
NN_v2,2,2010-07-09,VHT,1,0.46455312,0,0.67,False,False
NN_v2,2,2010-07-09,VIS,2,0.46373695,0,0.7,False,False
NN_v2,2,2010-07-16,VHT,1,0.46122068,0,0.72,False,False
NN_v2,2,2010-07-16,VNQ,2,0.45236778,1,0.69,False,False
NN_v2,2,2010-07-23,VCR,2,0.46314782,0,0.65,False,False
NN_v2,2,2010-07-23,VHT,1,0.4706393,0,0.68,False,False
NN_v2,2,2010-07-30,VDE,2,0.45797125,1,0.67,False,False
NN_v2,2,2010-07-30,VGT,1,0.4649856,0,0.64,False,False
NN_v2,2,2010-08-06,VCR,2,0.4464313,0,0.69,False,False
NN_v2,2,2010-08-06,VGT,1,0.4487792,0,0.71,False,False
NN_v2,2,2010-08-13,VAW,1,0.4672545,1,0.7,False,False
NN_v2,2,2010-08-13,VDE,2,0.46632868,0,0.69,False,False
NN_v2,2,2010-08-20,VHT,2,0.4762292,0,0.67,False,False
NN_v2,2,2010-08-20,VIS,1,0.47843018,0,0.63,False,False
NN_v2,2,2010-08-27,VDE,1,0.4890383,1,0.64,False,False
NN_v2,2,2010-08-27,VIS,2,0.48280954,1,0.7,False,False
NN_v2,2,2010-09-03,VDE,2,0.44908968,1,0.71,False,False
NN_v2,2,2010-09-03,VHT,1,0.4571971,1,0.7,False,False
NN_v2,2,2010-09-10,VFH,1,0.46113044,0,0.68,False,False
NN_v2,2,2010-09-10,VGT,2,0.45842093,1,0.62,False,False
NN_v2,2,2010-09-17,VFH,1,0.4658556,0,0.68,False,False
NN_v2,2,2010-09-17,VIS,2,0.4604295,1,0.72,False,False
NN_v2,2,2010-09-24,VDE,1,0.44252276,1,0.64,False,False
NN_v2,2,2010-09-24,VFH,2,0.44101328,0,0.67,False,False
NN_v2,2,2010-10-01,VFH,2,0.43203607,1,0.73,False,False
NN_v2,2,2010-10-01,VIS,1,0.4348907,1,0.72,False,False
NN_v2,2,2010-10-08,VFH,1,0.4399658,0,0.61,False,False
NN_v2,2,2010-10-08,VGT,2,0.43467912,1,0.69,False,False
NN_v2,2,2010-10-15,VIS,2,0.44337863,1,0.71,False,False
NN_v2,2,2010-10-15,VPU,1,0.44367114,0,0.68,False,False
NN_v2,2,2010-10-22,VFH,2,0.42917204,0,0.67,False,False
NN_v2,2,2010-10-22,VPU,1,0.43696874,0,0.63,False,False
NN_v2,2,2010-10-29,VIS,2,0.44061947,1,0.71,False,False
NN_v2,2,2010-10-29,VNQ,1,0.4528056,1,0.65,False,False
NN_v2,2,2010-11-05,VDC,1,0.42963037,0,0.66,False,False
NN_v2,2,2010-11-05,VPU,2,0.42349282,0,0.71,False,False
NN_v2,2,2010-11-12,VIS,1,0.45884195,0,0.68,False,False
NN_v2,2,2010-11-12,VNQ,2,0.45601,0,0.63,False,False
NN_v2,2,2010-11-19,VFH,1,0.4385169,0,0.65,False,False
NN_v2,2,2010-11-19,VNQ,2,0.43687358,1,0.68,False,False
NN_v2,2,2010-11-26,VHT,2,0.44847798,1,0.66,False,False
NN_v2,2,2010-11-26,VOX,1,0.45248717,1,0.65,False,False
NN_v2,2,2010-12-03,VHT,2,0.42981583,1,0.62,False,False
NN_v2,2,2010-12-03,VOX,1,0.43307695,1,0.64,False,False
NN_v2,2,2010-12-10,VNQ,2,0.42374927,0,0.64,False,False
NN_v2,2,2010-12-10,VPU,1,0.42403793,0,0.69,False,False
NN_v2,2,2010-12-17,VFH,1,0.44219583,1,0.65,False,False
NN_v2,2,2010-12-17,VNQ,2,0.44100317,1,0.66,False,False
NN_v2,2,2010-12-24,VGT,1,0.42894554,0,0.72,False,False
NN_v2,2,2010-12-24,VHT,2,0.4264737,0,0.69,False,False
NN_v2,2,2010-12-31,VGT,1,0.44734102,1,0.74,False,False
NN_v2,2,2010-12-31,VHT,2,0.44703165,0,0.66,False,False
NN_v2,2,2011-01-07,VAW,1,0.307334,1,0.69,False,False
NN_v2,2,2011-01-07,VIS,2,0.28578314,1,0.66,False,False
NN_v2,2,2011-01-14,VAW,2,0.20406249,0,0.67,False,False
NN_v2,2,2011-01-14,VNQ,1,0.23991053,0,0.69,False,False
NN_v2,2,2011-01-21,VAW,2,0.5184288,1,0.65,False,False
NN_v2,2,2011-01-21,VNQ,1,0.5212851,1,0.62,False,False
NN_v2,2,2011-01-28,VFH,1,0.4584156,1,0.68,False,False
NN_v2,2,2011-01-28,VGT,2,0.44394797,1,0.65,False,False
NN_v2,2,2011-02-04,VGT,2,0.1914,0,0.71,False,False
NN_v2,2,2011-02-04,VNQ,1,0.19155192,1,0.79,False,False
NN_v2,2,2011-02-11,VFH,2,0.19045195,0,0.73,False,False
NN_v2,2,2011-02-11,VNQ,1,0.20271854,0,0.64,False,False
NN_v2,2,2011-02-18,VCR,2,0.18748175,0,0.68,False,False
NN_v2,2,2011-02-18,VNQ,1,0.20132303,0,0.72,False,False
NN_v2,2,2011-02-25,VAW,1,0.52916366,0,0.66,False,False
NN_v2,2,2011-02-25,VNQ,2,0.5191194,0,0.68,False,False
NN_v2,2,2011-03-04,VAW,1,0.38064295,0,0.62,False,False
NN_v2,2,2011-03-04,VIS,2,0.37367246,0,0.76,False,False
NN_v2,2,2011-03-11,VAW,1,0.5909754,0,0.62,False,False
NN_v2,2,2011-03-11,VGT,2,0.5751175,0,0.7,False,False
NN_v2,2,2011-03-18,VCR,2,0.5720316,1,0.65,False,False
NN_v2,2,2011-03-18,VFH,1,0.5819369,0,0.71,False,False
NN_v2,2,2011-03-25,VAW,1,0.27029496,1,0.7,False,False
NN_v2,2,2011-03-25,VCR,2,0.22200342,1,0.69,False,False
NN_v2,2,2011-04-01,VIS,1,0.29476982,0,0.62,False,False
NN_v2,2,2011-04-01,VOX,2,0.29443467,0,0.7,False,False
NN_v2,2,2011-04-08,VAW,1,0.3762295,0,0.66,False,False
NN_v2,2,2011-04-08,VHT,2,0.34847084,1,0.7,False,False
NN_v2,2,2011-04-15,VAW,2,0.44659716,1,0.66,False,False
NN_v2,2,2011-04-15,VDE,1,0.45951858,1,0.7,False,False
NN_v2,2,2011-04-22,VAW,1,0.27258617,1,0.72,False,False
NN_v2,2,2011-04-22,VDE,2,0.25851017,1,0.68,False,False
NN_v2,2,2011-04-29,VDE,2,0.17909299,0,0.69,False,False
NN_v2,2,2011-04-29,VNQ,1,0.19546607,0,0.72,False,False
NN_v2,2,2011-05-06,VAW,2,0.4895665,0,0.69,False,False
NN_v2,2,2011-05-06,VDE,1,0.55681413,0,0.67,False,False
NN_v2,2,2011-05-13,VAW,2,0.4208099,0,0.67,False,False
NN_v2,2,2011-05-13,VDE,1,0.42285347,1,0.65,False,False
NN_v2,2,2011-05-20,VAW,2,0.4430499,1,0.66,False,False
NN_v2,2,2011-05-20,VDE,1,0.49062377,1,0.67,False,False
NN_v2,2,2011-05-27,VDE,2,0.27967817,0,0.68,False,False
NN_v2,2,2011-05-27,VGT,1,0.31850964,0,0.6,False,False
NN_v2,2,2011-06-03,VDE,1,0.56084687,0,0.71,False,False
NN_v2,2,2011-06-03,VHT,2,0.4976975,0,0.68,False,False
NN_v2,2,2011-06-10,VDC,2,0.47952348,1,0.64,False,False
NN_v2,2,2011-06-10,VDE,1,0.48959774,0,0.66,False,False
NN_v2,2,2011-06-17,VAW,2,0.5245863,1,0.71,False,False
NN_v2,2,2011-06-17,VDE,1,0.53903806,0,0.74,False,False
NN_v2,2,2011-06-24,VDE,1,0.44024348,1,0.64,False,False
NN_v2,2,2011-06-24,VIS,2,0.4065032,1,0.65,False,False
NN_v2,2,2011-07-01,VDE,1,0.18603954,1,0.69,False,False
NN_v2,2,2011-07-01,VOX,2,0.14997368,0,0.63,False,False
NN_v2,2,2011-07-08,VAW,2,0.37337106,0,0.68,False,False
NN_v2,2,2011-07-08,VDE,1,0.41313237,1,0.66,False,False
NN_v2,2,2011-07-15,VAW,2,0.44317228,1,0.67,False,False
NN_v2,2,2011-07-15,VNQ,1,0.4434792,1,0.69,False,False
NN_v2,2,2011-07-22,VCR,2,0.33032334,0,0.67,False,False
NN_v2,2,2011-07-22,VDE,1,0.33320156,0,0.65,False,False
NN_v2,2,2011-07-29,VDC,1,0.53415096,0,0.68,False,False
NN_v2,2,2011-07-29,VPU,2,0.51765925,0,0.63,False,False
NN_v2,2,2011-08-05,VOX,1,0.41366592,1,0.67,False,False
NN_v2,2,2011-08-05,VPU,2,0.41346845,1,0.65,False,False
NN_v2,2,2011-08-12,VDC,2,0.34652075,0,0.62,False,False
NN_v2,2,2011-08-12,VOX,1,0.3656518,0,0.68,False,False
NN_v2,2,2011-08-19,VCR,2,0.6183382,1,0.66,False,False
NN_v2,2,2011-08-19,VGT,1,0.642203,1,0.64,False,False
NN_v2,2,2011-08-26,VCR,2,0.3494252,0,0.66,False,False
NN_v2,2,2011-08-26,VNQ,1,0.36166638,0,0.69,False,False
NN_v2,2,2011-09-02,VCR,1,0.41558585,1,0.62,False,False
NN_v2,2,2011-09-02,VNQ,2,0.41301733,1,0.67,False,False
NN_v2,2,2011-09-09,VGT,2,0.41936788,1,0.6,False,False
NN_v2,2,2011-09-09,VNQ,1,0.4435397,1,0.67,False,False
NN_v2,2,2011-09-16,VAW,1,0.37482852,0,0.67,False,False
NN_v2,2,2011-09-16,VDE,2,0.3323434,0,0.69,False,False
NN_v2,2,2011-09-23,VDE,2,0.45643917,0,0.66,False,False
NN_v2,2,2011-09-23,VGT,1,0.45910054,0,0.72,False,False
NN_v2,2,2011-09-30,VCR,2,0.29435253,1,0.71,False,False
NN_v2,2,2011-09-30,VGT,1,0.30116662,1,0.65,False,False
NN_v2,2,2011-10-07,VIS,1,0.4157812,1,0.71,False,False
NN_v2,2,2011-10-07,VOX,2,0.39722043,1,0.74,False,False
NN_v2,2,2011-10-14,VAW,2,0.3680779,0,0.68,False,False
NN_v2,2,2011-10-14,VIS,1,0.3974399,1,0.72,False,False
NN_v2,2,2011-10-21,VDE,1,0.5396783,1,0.71,False,False
NN_v2,2,2011-10-21,VIS,2,0.5128268,1,0.69,False,False
NN_v2,2,2011-10-28,VCR,2,0.39060956,0,0.67,False,False
NN_v2,2,2011-10-28,VIS,1,0.3917943,0,0.67,False,False
NN_v2,2,2011-11-04,VGT,1,0.51970565,0,0.66,False,False
NN_v2,2,2011-11-04,VNQ,2,0.49174333,0,0.65,False,False
NN_v2,2,2011-11-11,VAW,2,0.42437905,0,0.7,False,False
NN_v2,2,2011-11-11,VDE,1,0.4522783,0,0.66,False,False
NN_v2,2,2011-11-18,VGT,1,0.4988447,0,0.69,False,False
NN_v2,2,2011-11-18,VPU,2,0.49072972,0,0.68,False,False
NN_v2,2,2011-11-25,VGT,2,0.4879431,1,0.66,False,False
NN_v2,2,2011-11-25,VIS,1,0.48870024,1,0.68,False,False
NN_v2,2,2011-12-02,VAW,2,0.2709933,0,0.69,False,False
NN_v2,2,2011-12-02,VDE,1,0.29444697,0,0.77,False,False
NN_v2,2,2011-12-09,VDE,1,0.4567762,0,0.68,False,False
NN_v2,2,2011-12-09,VNQ,2,0.4549509,1,0.65,False,False
NN_v2,2,2011-12-16,VHT,2,0.38972485,1,0.66,False,False
NN_v2,2,2011-12-16,VNQ,1,0.43218,1,0.6,False,False
NN_v2,2,2011-12-23,VDE,2,0.36004442,0,0.64,False,False
NN_v2,2,2011-12-23,VNQ,1,0.36082798,0,0.7,False,False
NN_v2,2,2011-12-30,VDE,2,0.4641584,0,0.69,False,False
NN_v2,2,2011-12-30,VNQ,1,0.5120042,0,0.65,False,False
NN_v2,2,2012-01-06,VDE,2,0.4537239,0,0.62,False,False
NN_v2,2,2012-01-06,VFH,1,0.45902142,1,0.65,False,False
NN_v2,2,2012-01-13,VAW,2,0.414694,0,0.69,False,False
NN_v2,2,2012-01-13,VDE,1,0.43573776,1,0.64,False,False
NN_v2,2,2012-01-20,VAW,1,0.42060685,1,0.64,False,False
NN_v2,2,2012-01-20,VDE,2,0.3953883,0,0.72,False,False
NN_v2,2,2012-01-27,VAW,1,0.4157249,1,0.7,False,False
NN_v2,2,2012-01-27,VDE,2,0.4102432,1,0.64,False,False
NN_v2,2,2012-02-03,VAW,1,0.31596655,0,0.65,False,False
NN_v2,2,2012-02-03,VFH,2,0.3145163,0,0.68,False,False
NN_v2,2,2012-02-10,VAW,2,0.4154355,0,0.72,False,False
NN_v2,2,2012-02-10,VDE,1,0.43110472,1,0.7,False,False
NN_v2,2,2012-02-17,VAW,1,0.3309427,0,0.62,False,False
NN_v2,2,2012-02-17,VDE,2,0.329542,1,0.69,False,False
NN_v2,2,2012-02-24,VAW,1,0.32807302,0,0.65,False,False
NN_v2,2,2012-02-24,VFH,2,0.31748468,1,0.68,False,False
NN_v2,2,2012-03-02,VDE,1,0.39976293,0,0.66,False,False
NN_v2,2,2012-03-02,VFH,2,0.38477442,0,0.71,False,False
NN_v2,2,2012-03-09,VDE,1,0.38322982,1,0.69,False,False
NN_v2,2,2012-03-09,VFH,2,0.35622814,1,0.69,False,False
NN_v2,2,2012-03-16,VAW,2,0.2820471,0,0.67,False,False
NN_v2,2,2012-03-16,VDE,1,0.3008077,0,0.65,False,False
NN_v2,2,2012-03-23,VDE,1,0.41407785,0,0.68,False,False
NN_v2,2,2012-03-23,VIS,2,0.39942,0,0.66,False,False
NN_v2,2,2012-03-30,VDE,1,0.36281654,0,0.71,False,False
NN_v2,2,2012-03-30,VIS,2,0.33687025,0,0.68,False,False
NN_v2,2,2012-04-06,VDE,2,0.36925182,0,0.7,False,False
NN_v2,2,2012-04-06,VFH,1,0.3859499,0,0.72,False,False
NN_v2,2,2012-04-13,VFH,1,0.48004326,0,0.69,False,False
NN_v2,2,2012-04-13,VNQ,2,0.4649304,1,0.62,False,False
NN_v2,2,2012-04-20,VFH,1,0.4164539,1,0.67,False,False
NN_v2,2,2012-04-20,VOX,2,0.3921111,1,0.68,False,False
NN_v2,2,2012-04-27,VDE,2,0.29606432,0,0.7,False,False
NN_v2,2,2012-04-27,VFH,1,0.30257836,0,0.69,False,False
NN_v2,2,2012-05-04,VCR,2,0.46213284,0,0.7,False,False
NN_v2,2,2012-05-04,VFH,1,0.47473088,0,0.66,False,False
NN_v2,2,2012-05-11,VCR,2,0.40563458,0,0.7,False,False
NN_v2,2,2012-05-11,VFH,1,0.4412083,0,0.68,False,False
NN_v2,2,2012-05-18,VFH,1,0.47059137,1,0.66,False,False
NN_v2,2,2012-05-18,VNQ,2,0.4682333,1,0.68,False,False
NN_v2,2,2012-05-25,VDE,2,0.3688894,0,0.72,False,False
NN_v2,2,2012-05-25,VFH,1,0.38752812,0,0.67,False,False
NN_v2,2,2012-06-01,VCR,2,0.4723648,1,0.68,False,False
NN_v2,2,2012-06-01,VFH,1,0.47964978,1,0.66,False,False
NN_v2,2,2012-06-08,VAW,1,0.35716867,0,0.7,False,False
NN_v2,2,2012-06-08,VGT,2,0.3478052,0,0.7,False,False
NN_v2,2,2012-06-15,VAW,1,0.40497622,0,0.67,False,False
NN_v2,2,2012-06-15,VFH,2,0.38710907,0,0.71,False,False
NN_v2,2,2012-06-22,VAW,2,0.4217193,1,0.74,False,False
NN_v2,2,2012-06-22,VFH,1,0.43058324,1,0.64,False,False
NN_v2,2,2012-06-29,VAW,2,0.35989934,0,0.7,False,False
NN_v2,2,2012-06-29,VFH,1,0.36472636,0,0.73,False,False
NN_v2,2,2012-07-06,VAW,2,0.41823167,0,0.62,False,False
NN_v2,2,2012-07-06,VFH,1,0.42813095,1,0.73,False,False
NN_v2,2,2012-07-13,VDE,1,0.45016584,1,0.67,False,False
NN_v2,2,2012-07-13,VFH,2,0.43550238,0,0.76,False,False
NN_v2,2,2012-07-20,VAW,1,0.41684428,1,0.7,False,False
NN_v2,2,2012-07-20,VFH,2,0.40872017,1,0.67,False,False
NN_v2,2,2012-07-27,VDE,1,0.3633378,0,0.67,False,False
NN_v2,2,2012-07-27,VFH,2,0.3441445,0,0.69,False,False
NN_v2,2,2012-08-03,VDE,1,0.3864893,1,0.7,False,False
NN_v2,2,2012-08-03,VFH,2,0.34114814,0,0.68,False,False
NN_v2,2,2012-08-10,VAW,2,0.33813962,1,0.65,False,False
NN_v2,2,2012-08-10,VDE,1,0.36003372,0,0.71,False,False
NN_v2,2,2012-08-17,VDE,1,0.3299802,0,0.7,False,False
NN_v2,2,2012-08-17,VGT,2,0.29116613,0,0.69,False,False
NN_v2,2,2012-08-24,VAW,2,0.34402075,0,0.74,False,False
NN_v2,2,2012-08-24,VDE,1,0.35226625,0,0.68,False,False
NN_v2,2,2012-08-31,VDE,1,0.34051365,1,0.64,False,False
NN_v2,2,2012-08-31,VGT,2,0.3378827,1,0.69,False,False
NN_v2,2,2012-09-07,VCR,2,0.26828745,1,0.69,False,False
NN_v2,2,2012-09-07,VDE,1,0.26894718,1,0.7,False,False
NN_v2,2,2012-09-14,VAW,1,0.24724941,0,0.71,False,False
NN_v2,2,2012-09-14,VFH,2,0.2463533,0,0.68,False,False
NN_v2,2,2012-09-21,VAW,1,0.4093271,0,0.69,False,False
NN_v2,2,2012-09-21,VFH,2,0.38789842,0,0.68,False,False
NN_v2,2,2012-09-28,VDE,2,0.39472416,0,0.75,False,False
NN_v2,2,2012-09-28,VFH,1,0.39656305,1,0.65,False,False
NN_v2,2,2012-10-05,VCR,1,0.3502793,0,0.66,False,False
NN_v2,2,2012-10-05,VDE,2,0.34154537,0,0.68,False,False
NN_v2,2,2012-10-12,VAW,1,0.4534861,1,0.63,False,False
NN_v2,2,2012-10-12,VDE,2,0.4513835,1,0.73,False,False
NN_v2,2,2012-10-19,VAW,2,0.40317804,0,0.7,False,False
NN_v2,2,2012-10-19,VDE,1,0.40686935,0,0.69,False,False
NN_v2,2,2012-10-26,VAW,1,0.41330442,0,0.72,False,False
NN_v2,2,2012-10-26,VDE,2,0.4124503,0,0.64,False,False
NN_v2,2,2012-11-02,VAW,1,0.38332906,0,0.66,False,False
NN_v2,2,2012-11-02,VDE,2,0.37455496,0,0.68,False,False
NN_v2,2,2012-11-09,VAW,2,0.47461224,0,0.71,False,False
NN_v2,2,2012-11-09,VFH,1,0.47968873,0,0.59,False,False
NN_v2,2,2012-11-16,VAW,2,0.45404792,1,0.64,False,False
NN_v2,2,2012-11-16,VFH,1,0.46049562,1,0.66,False,False
NN_v2,2,2012-11-23,VAW,1,0.30202097,1,0.75,False,False
NN_v2,2,2012-11-23,VDE,2,0.29007918,0,0.64,False,False
NN_v2,2,2012-11-30,VAW,2,0.38624394,0,0.61,False,False
NN_v2,2,2012-11-30,VDE,1,0.3866907,0,0.69,False,False
NN_v2,2,2012-12-07,VDE,2,0.38046062,0,0.73,False,False
NN_v2,2,2012-12-07,VOX,1,0.38842592,1,0.72,False,False
NN_v2,2,2012-12-14,VAW,2,0.372842,0,0.73,False,False
NN_v2,2,2012-12-14,VGT,1,0.38676032,0,0.67,False,False
NN_v2,2,2012-12-21,VGT,2,0.34412342,0,0.69,False,False
NN_v2,2,2012-12-21,VPU,1,0.34904584,0,0.69,False,False
NN_v2,2,2012-12-28,VCR,1,0.44354454,1,0.74,False,False
NN_v2,2,2012-12-28,VDE,2,0.44270763,1,0.72,False,False
NN_v2,2,2013-01-04,VDE,2,0.17469253,0,0.66,False,False
NN_v2,2,2013-01-04,VOX,1,0.19239949,0,0.69,False,False
NN_v2,2,2013-01-11,VFH,2,0.2572216,0,0.66,False,False
NN_v2,2,2013-01-11,VIS,1,0.2646523,1,0.72,False,False
NN_v2,2,2013-01-18,VAW,2,0.29897907,0,0.7,False,False
NN_v2,2,2013-01-18,VIS,1,0.3166726,1,0.66,False,False
NN_v2,2,2013-01-25,VDE,1,0.2816612,0,0.72,False,False
NN_v2,2,2013-01-25,VIS,2,0.28080183,0,0.72,False,False
NN_v2,2,2013-02-01,VAW,2,0.34253627,0,0.69,False,False
NN_v2,2,2013-02-01,VDE,1,0.34826264,1,0.65,False,False
NN_v2,2,2013-02-08,VDE,1,0.27204674,0,0.76,False,False
NN_v2,2,2013-02-08,VFH,2,0.2604262,0,0.63,False,False
NN_v2,2,2013-02-15,VFH,1,0.33858207,0,0.65,False,False
NN_v2,2,2013-02-15,VIS,2,0.3222502,0,0.69,False,False
NN_v2,2,2013-02-22,VDE,1,0.39514607,0,0.68,False,False
NN_v2,2,2013-02-22,VFH,2,0.39170727,0,0.65,False,False
NN_v2,2,2013-03-01,VDE,2,0.32342315,1,0.69,False,False
NN_v2,2,2013-03-01,VIS,1,0.3326492,1,0.69,False,False
NN_v2,2,2013-03-08,VCR,1,0.2170467,0,0.62,False,False
NN_v2,2,2013-03-08,VIS,2,0.21118987,1,0.67,False,False
NN_v2,2,2013-03-15,VCR,2,0.25624987,1,0.68,False,False
NN_v2,2,2013-03-15,VFH,1,0.27806142,0,0.61,False,False
NN_v2,2,2013-03-22,VFH,1,0.3222229,0,0.76,False,False
NN_v2,2,2013-03-22,VHT,2,0.31645003,1,0.67,False,False
NN_v2,2,2013-03-29,VCR,1,0.28153658,0,0.7,False,False
NN_v2,2,2013-03-29,VPU,2,0.2637121,0,0.69,False,False
NN_v2,2,2013-04-05,VAW,1,0.4485635,1,0.68,False,False
NN_v2,2,2013-04-05,VFH,2,0.4183101,1,0.66,False,False
NN_v2,2,2013-04-12,VAW,1,0.23398133,0,0.68,False,False
NN_v2,2,2013-04-12,VFH,2,0.23254442,0,0.7,False,False
NN_v2,2,2013-04-19,VFH,2,0.42676777,1,0.71,False,False
NN_v2,2,2013-04-19,VIS,1,0.45181593,1,0.65,False,False
NN_v2,2,2013-04-26,VAW,2,0.29615653,1,0.66,False,False
NN_v2,2,2013-04-26,VIS,1,0.3005971,1,0.64,False,False
NN_v2,2,2013-05-03,VAW,1,0.24949944,1,0.66,False,False
NN_v2,2,2013-05-03,VDE,2,0.24902515,0,0.72,False,False
NN_v2,2,2013-05-10,VCR,1,0.24118607,1,0.63,False,False
NN_v2,2,2013-05-10,VPU,2,0.24102542,1,0.71,False,False
NN_v2,2,2013-05-17,VGT,2,0.16918457,0,0.68,False,False
NN_v2,2,2013-05-17,VOX,1,0.17685047,0,0.68,False,False
NN_v2,2,2013-05-24,VNQ,1,0.36120343,0,0.64,False,False
NN_v2,2,2013-05-24,VOX,2,0.35976607,0,0.6,False,False
NN_v2,2,2013-05-31,VCR,2,0.4251805,1,0.69,False,False
NN_v2,2,2013-05-31,VOX,1,0.42897382,1,0.67,False,False
NN_v2,2,2013-06-07,VNQ,1,0.37280574,0,0.72,False,False
NN_v2,2,2013-06-07,VOX,2,0.36800665,1,0.74,False,False
NN_v2,2,2013-06-14,VCR,1,0.44138154,0,0.71,False,False
NN_v2,2,2013-06-14,VNQ,2,0.4390819,0,0.66,False,False
NN_v2,2,2013-06-21,VGT,1,0.51802576,0,0.6,False,False
NN_v2,2,2013-06-21,VIS,2,0.51456964,1,0.68,False,False
NN_v2,2,2013-06-28,VAW,2,0.36263275,0,0.66,False,False
NN_v2,2,2013-06-28,VIS,1,0.37266672,1,0.66,False,False
NN_v2,2,2013-07-05,VNQ,2,0.358003,1,0.7,False,False
NN_v2,2,2013-07-05,VPU,1,0.35809672,1,0.68,False,False
NN_v2,2,2013-07-12,VNQ,1,0.2475414,1,0.63,False,False
NN_v2,2,2013-07-12,VPU,2,0.20643148,1,0.7,False,False
NN_v2,2,2013-07-19,VNQ,1,0.3293749,0,0.67,False,False
NN_v2,2,2013-07-19,VPU,2,0.31598207,0,0.67,False,False
NN_v2,2,2013-07-26,VNQ,1,0.3554113,0,0.7,False,False
NN_v2,2,2013-07-26,VOX,2,0.33020896,0,0.69,False,False
NN_v2,2,2013-08-02,VNQ,1,0.41883725,0,0.74,False,False
NN_v2,2,2013-08-02,VPU,2,0.3296496,0,0.68,False,False
NN_v2,2,2013-08-09,VIS,2,0.39549598,0,0.71,False,False
NN_v2,2,2013-08-09,VNQ,1,0.41044527,0,0.67,False,False
NN_v2,2,2013-08-16,VCR,2,0.5070072,0,0.64,False,False
NN_v2,2,2013-08-16,VIS,1,0.51109606,0,0.68,False,False
NN_v2,2,2013-08-23,VCR,1,0.3931388,0,0.71,False,False
NN_v2,2,2013-08-23,VHT,2,0.3767181,0,0.68,False,False
NN_v2,2,2013-08-30,VCR,1,0.49751288,0,0.69,False,False
NN_v2,2,2013-08-30,VOX,2,0.48392767,0,0.67,False,False
NN_v2,2,2013-09-06,VNQ,1,0.39401716,1,0.73,False,False
NN_v2,2,2013-09-06,VPU,2,0.36781153,0,0.65,False,False
NN_v2,2,2013-09-13,VCR,2,0.2539149,0,0.64,False,False
NN_v2,2,2013-09-13,VNQ,1,0.2932573,1,0.69,False,False
NN_v2,2,2013-09-20,VIS,2,0.2420793,0,0.67,False,False
NN_v2,2,2013-09-20,VNQ,1,0.2706272,0,0.78,False,False
NN_v2,2,2013-09-27,VGT,2,0.3667582,1,0.65,False,False
NN_v2,2,2013-09-27,VNQ,1,0.40455812,0,0.69,False,False
NN_v2,2,2013-10-04,VNQ,2,0.39649233,1,0.74,False,False
NN_v2,2,2013-10-04,VOX,1,0.40167934,1,0.68,False,False
NN_v2,2,2013-10-11,VIS,2,0.3602962,1,0.69,False,False
NN_v2,2,2013-10-11,VNQ,1,0.41656774,1,0.64,False,False
NN_v2,2,2013-10-18,VNQ,1,0.33609733,1,0.7,False,False
NN_v2,2,2013-10-18,VOX,2,0.24972233,0,0.7,False,False
NN_v2,2,2013-10-25,VIS,2,0.30551893,0,0.67,False,False
NN_v2,2,2013-10-25,VNQ,1,0.36872083,0,0.69,False,False
NN_v2,2,2013-11-01,VNQ,1,0.39577374,0,0.69,False,False
NN_v2,2,2013-11-01,VOX,2,0.33143678,0,0.64,False,False
NN_v2,2,2013-11-08,VIS,2,0.33267817,1,0.67,False,False
NN_v2,2,2013-11-08,VNQ,1,0.34721956,1,0.62,False,False
NN_v2,2,2013-11-15,VIS,2,0.24657972,0,0.7,False,False
NN_v2,2,2013-11-15,VNQ,1,0.25010496,0,0.69,False,False
NN_v2,2,2013-11-22,VIS,2,0.29881495,0,0.69,False,False
NN_v2,2,2013-11-22,VNQ,1,0.3546898,0,0.68,False,False
NN_v2,2,2013-11-29,VNQ,1,0.3598225,0,0.7,False,False
NN_v2,2,2013-11-29,VPU,2,0.32687712,0,0.66,False,False
NN_v2,2,2013-12-06,VCR,2,0.32225016,0,0.73,False,False
NN_v2,2,2013-12-06,VNQ,1,0.34878504,0,0.66,False,False
NN_v2,2,2013-12-13,VCR,1,0.43669254,0,0.68,False,False
NN_v2,2,2013-12-13,VIS,2,0.42997932,1,0.66,False,False
NN_v2,2,2013-12-20,VGT,2,0.2056624,0,0.69,False,False
NN_v2,2,2013-12-20,VNQ,1,0.24080905,0,0.67,False,False
NN_v2,2,2013-12-27,VGT,2,0.24461694,0,0.68,False,False
NN_v2,2,2013-12-27,VNQ,1,0.25983703,0,0.69,False,False
NN_v2,2,2014-01-03,VDE,2,0.35177416,0,0.67,False,False
NN_v2,2,2014-01-03,VOX,1,0.35559997,0,0.71,False,False
NN_v2,2,2014-01-10,VNQ,1,0.32559264,0,0.64,False,False
NN_v2,2,2014-01-10,VOX,2,0.32166958,0,0.64,False,False
NN_v2,2,2014-01-17,VNQ,1,0.3828941,0,0.68,False,False
NN_v2,2,2014-01-17,VOX,2,0.36671332,0,0.68,False,False
NN_v2,2,2014-01-24,VFH,2,0.44695592,0,0.69,False,False
NN_v2,2,2014-01-24,VIS,1,0.45655197,0,0.72,False,False
NN_v2,2,2014-01-31,VFH,2,0.443712,0,0.67,False,False
NN_v2,2,2014-01-31,VIS,1,0.4480117,0,0.66,False,False
NN_v2,2,2014-02-07,VFH,1,0.3974976,1,0.59,False,False
NN_v2,2,2014-02-07,VIS,2,0.39580348,1,0.62,False,False
NN_v2,2,2014-02-14,VDE,1,0.31975323,0,0.73,False,False
NN_v2,2,2014-02-14,VOX,2,0.3147199,0,0.62,False,False
NN_v2,2,2014-02-21,VCR,1,0.33769733,1,0.72,False,False
NN_v2,2,2014-02-21,VIS,2,0.33492205,1,0.67,False,False
NN_v2,2,2014-02-28,VAW,2,0.33449382,1,0.63,False,False
NN_v2,2,2014-02-28,VDE,1,0.34355903,0,0.67,False,False
NN_v2,2,2014-03-07,VCR,2,0.3001882,0,0.65,False,False
NN_v2,2,2014-03-07,VPU,1,0.31699696,1,0.68,False,False
NN_v2,2,2014-03-14,VAW,2,0.4223455,0,0.68,False,False
NN_v2,2,2014-03-14,VCR,1,0.4246741,0,0.69,False,False
NN_v2,2,2014-03-21,VCR,2,0.36995828,0,0.69,False,False
NN_v2,2,2014-03-21,VIS,1,0.3709754,0,0.69,False,False
NN_v2,2,2014-03-28,VAW,1,0.41843802,0,0.7,False,False
NN_v2,2,2014-03-28,VHT,2,0.41461334,0,0.7,False,False
NN_v2,2,2014-04-04,VFH,2,0.38172027,0,0.65,False,False
NN_v2,2,2014-04-04,VHT,1,0.3863856,0,0.63,False,False
NN_v2,2,2014-04-11,VAW,1,0.46680278,1,0.67,False,False
NN_v2,2,2014-04-11,VIS,2,0.45053753,1,0.71,False,False
NN_v2,2,2014-04-18,VCR,2,0.32537073,0,0.71,False,False
NN_v2,2,2014-04-18,VFH,1,0.33771786,0,0.68,False,False
NN_v2,2,2014-04-25,VFH,2,0.40356964,0,0.65,False,False
NN_v2,2,2014-04-25,VIS,1,0.40442497,0,0.67,False,False
NN_v2,2,2014-05-02,VAW,2,0.3563633,0,0.74,False,False
NN_v2,2,2014-05-02,VGT,1,0.35847476,0,0.69,False,False
NN_v2,2,2014-05-09,VAW,2,0.3822084,0,0.65,False,False
NN_v2,2,2014-05-09,VIS,1,0.3888847,0,0.71,False,False
NN_v2,2,2014-05-16,VAW,1,0.37803185,1,0.72,False,False
NN_v2,2,2014-05-16,VHT,2,0.3733809,1,0.68,False,False
NN_v2,2,2014-05-23,VHT,2,0.35247925,0,0.72,False,False
NN_v2,2,2014-05-23,VOX,1,0.35411143,0,0.69,False,False
NN_v2,2,2014-05-30,VHT,2,0.33594158,0,0.68,False,False
NN_v2,2,2014-05-30,VOX,1,0.34091765,0,0.71,False,False
NN_v2,2,2014-06-06,VCR,1,0.3141188,0,0.71,False,False
NN_v2,2,2014-06-06,VOX,2,0.3121262,0,0.69,False,False
NN_v2,2,2014-06-13,VAW,1,0.35858318,1,0.68,False,False
NN_v2,2,2014-06-13,VFH,2,0.35765374,1,0.61,False,False
NN_v2,2,2014-06-20,VFH,1,0.326625,0,0.69,False,False
NN_v2,2,2014-06-20,VIS,2,0.32121548,0,0.68,False,False
NN_v2,2,2014-06-27,VAW,2,0.34672767,1,0.68,False,False
NN_v2,2,2014-06-27,VNQ,1,0.34969056,0,0.66,False,False
NN_v2,2,2014-07-04,VOX,2,0.32376513,0,0.68,False,False
NN_v2,2,2014-07-04,VPU,1,0.3297966,0,0.63,False,False
NN_v2,2,2014-07-11,VCR,1,0.38902137,0,0.7,False,False
NN_v2,2,2014-07-11,VDE,2,0.3825124,0,0.66,False,False
NN_v2,2,2014-07-18,VCR,1,0.36218125,0,0.7,False,False
NN_v2,2,2014-07-18,VHT,2,0.35756704,1,0.64,False,False
NN_v2,2,2014-07-25,VCR,2,0.35406172,0,0.67,False,False
NN_v2,2,2014-07-25,VOX,1,0.35458747,0,0.67,False,False
NN_v2,2,2014-08-01,VAW,1,0.4535893,0,0.69,False,False
NN_v2,2,2014-08-01,VCR,2,0.45302883,0,0.65,False,False
NN_v2,2,2014-08-08,VDE,1,0.43073624,0,0.65,False,False
NN_v2,2,2014-08-08,VFH,2,0.41460663,0,0.71,False,False
NN_v2,2,2014-08-15,VDC,2,0.3770055,0,0.73,False,False
NN_v2,2,2014-08-15,VFH,1,0.38293952,1,0.6,False,False
NN_v2,2,2014-08-22,VCR,2,0.33220476,0,0.65,False,False
NN_v2,2,2014-08-22,VIS,1,0.34880096,0,0.7,False,False
NN_v2,2,2014-08-29,VCR,2,0.33109733,0,0.66,False,False
NN_v2,2,2014-08-29,VDE,1,0.34274116,0,0.7,False,False
NN_v2,2,2014-09-05,VFH,2,0.34849465,0,0.67,False,False
NN_v2,2,2014-09-05,VIS,1,0.35611176,0,0.67,False,False
NN_v2,2,2014-09-12,VCR,1,0.41893023,0,0.72,False,False
NN_v2,2,2014-09-12,VFH,2,0.4143301,1,0.72,False,False
NN_v2,2,2014-09-19,VOX,2,0.36534145,0,0.63,False,False
NN_v2,2,2014-09-19,VPU,1,0.37443286,0,0.76,False,False
NN_v2,2,2014-09-26,VAW,2,0.42081824,0,0.68,False,False
NN_v2,2,2014-09-26,VPU,1,0.4234367,1,0.68,False,False
NN_v2,2,2014-10-03,VCR,1,0.45090967,0,0.62,False,False
NN_v2,2,2014-10-03,VIS,2,0.44006348,0,0.66,False,False
NN_v2,2,2014-10-10,VCR,2,0.46956784,0,0.61,False,False
NN_v2,2,2014-10-10,VGT,1,0.47030124,0,0.7,False,False
NN_v2,2,2014-10-17,VFH,1,0.4569374,1,0.66,False,False
NN_v2,2,2014-10-17,VOX,2,0.447968,1,0.69,False,False
NN_v2,2,2014-10-24,VCR,1,0.32153296,1,0.68,False,False
NN_v2,2,2014-10-24,VGT,2,0.31756222,1,0.66,False,False
NN_v2,2,2014-10-31,VAW,1,0.30663484,0,0.67,False,False
NN_v2,2,2014-10-31,VIS,2,0.30470344,1,0.64,False,False
NN_v2,2,2014-11-07,VAW,1,0.33452836,0,0.66,False,False
NN_v2,2,2014-11-07,VGT,2,0.33288464,1,0.68,False,False
NN_v2,2,2014-11-14,VIS,2,0.35604247,1,0.72,False,False
NN_v2,2,2014-11-14,VPU,1,0.3576553,1,0.71,False,False
NN_v2,2,2014-11-21,VDE,2,0.351852,0,0.68,False,False
NN_v2,2,2014-11-21,VIS,1,0.356763,0,0.67,False,False
NN_v2,2,2014-11-28,VIS,1,0.40129536,0,0.73,False,False
NN_v2,2,2014-11-28,VPU,2,0.39884523,0,0.64,False,False
NN_v2,2,2014-12-05,VAW,1,0.38550153,0,0.64,False,False
NN_v2,2,2014-12-05,VPU,2,0.3689449,0,0.72,False,False
NN_v2,2,2014-12-12,VGT,1,0.4614575,1,0.74,False,False
NN_v2,2,2014-12-12,VIS,2,0.4558331,1,0.69,False,False
NN_v2,2,2014-12-19,VGT,1,0.33426332,1,0.65,False,False
NN_v2,2,2014-12-19,VIS,2,0.33361444,1,0.67,False,False
NN_v2,2,2014-12-26,VAW,2,0.3692281,0,0.69,False,False
NN_v2,2,2014-12-26,VIS,1,0.37622195,0,0.68,False,False
NN_v2,2,2015-01-02,VHT,2,0.39489952,1,0.68,False,False
NN_v2,2,2015-01-02,VIS,1,0.4183731,0,0.71,False,False
NN_v2,2,2015-01-09,VAW,2,0.41740364,0,0.69,False,False
NN_v2,2,2015-01-09,VGT,1,0.41881332,0,0.69,False,False
NN_v2,2,2015-01-16,VCR,1,0.440425,1,0.61,False,False
NN_v2,2,2015-01-16,VGT,2,0.43938026,1,0.73,False,False
NN_v2,2,2015-01-23,VAW,2,0.35171995,0,0.7,False,False
NN_v2,2,2015-01-23,VDE,1,0.38911775,0,0.7,False,False
NN_v2,2,2015-01-30,VCR,2,0.44575134,1,0.67,False,False
NN_v2,2,2015-01-30,VGT,1,0.459143,1,0.7,False,False
NN_v2,2,2015-02-06,VDE,1,0.42731947,1,0.66,False,False
NN_v2,2,2015-02-06,VPU,2,0.38740462,0,0.69,False,False
NN_v2,2,2015-02-13,VDE,1,0.42977324,0,0.69,False,False
NN_v2,2,2015-02-13,VOX,2,0.3503499,0,0.66,False,False
NN_v2,2,2015-02-20,VDE,1,0.41441116,0,0.65,False,False
NN_v2,2,2015-02-20,VGT,2,0.3687735,0,0.69,False,False
NN_v2,2,2015-02-27,VDE,2,0.39655414,0,0.65,False,False
NN_v2,2,2015-02-27,VOX,1,0.4043874,0,0.7,False,False
NN_v2,2,2015-03-06,VAW,1,0.44928557,0,0.71,False,False
NN_v2,2,2015-03-06,VIS,2,0.4399427,0,0.67,False,False
NN_v2,2,2015-03-13,VGT,1,0.45396042,1,0.68,False,False
NN_v2,2,2015-03-13,VIS,2,0.447064,1,0.7,False,False
NN_v2,2,2015-03-20,VDE,1,0.36412936,0,0.71,False,False
NN_v2,2,2015-03-20,VOX,2,0.3581482,0,0.73,False,False
NN_v2,2,2015-03-27,VGT,2,0.44921845,0,0.7,False,False
NN_v2,2,2015-03-27,VOX,1,0.45774347,1,0.72,False,False
NN_v2,2,2015-04-03,VDE,1,0.41272458,1,0.68,False,False
NN_v2,2,2015-04-03,VIS,2,0.4063347,1,0.68,False,False
NN_v2,2,2015-04-10,VDE,2,0.38936812,1,0.66,False,False
NN_v2,2,2015-04-10,VPU,1,0.4063385,0,0.68,False,False
NN_v2,2,2015-04-17,VAW,2,0.42616206,0,0.71,False,False
NN_v2,2,2015-04-17,VOX,1,0.4437789,1,0.64,False,False
NN_v2,2,2015-04-24,VDE,1,0.37112293,0,0.66,False,False
NN_v2,2,2015-04-24,VPU,2,0.33817512,0,0.67,False,False
NN_v2,2,2015-05-01,VDE,2,0.42254338,0,0.63,False,False
NN_v2,2,2015-05-01,VHT,1,0.43905172,1,0.6,False,False
NN_v2,2,2015-05-08,VDE,1,0.43273625,0,0.74,False,False
NN_v2,2,2015-05-08,VGT,2,0.392313,0,0.71,False,False
NN_v2,2,2015-05-15,VDE,1,0.38991353,0,0.64,False,False
NN_v2,2,2015-05-15,VHT,2,0.38291115,1,0.66,False,False
NN_v2,2,2015-05-22,VAW,2,0.37225866,0,0.63,False,False
NN_v2,2,2015-05-22,VDE,1,0.40057248,0,0.65,False,False
NN_v2,2,2015-05-29,VDE,2,0.41868764,0,0.7,False,False
NN_v2,2,2015-05-29,VPU,1,0.42663294,0,0.71,False,False
NN_v2,2,2015-06-05,VDE,2,0.42430028,0,0.7,False,False
NN_v2,2,2015-06-05,VPU,1,0.4245976,0,0.66,False,False
NN_v2,2,2015-06-12,VDE,1,0.39192167,0,0.67,False,False
NN_v2,2,2015-06-12,VOX,2,0.39160842,1,0.66,False,False
NN_v2,2,2015-06-19,VDE,2,0.36243248,0,0.66,False,False
NN_v2,2,2015-06-19,VOX,1,0.37739486,0,0.69,False,False
NN_v2,2,2015-06-26,VGT,1,0.39981335,0,0.65,False,False
NN_v2,2,2015-06-26,VNQ,2,0.39664966,0,0.66,False,False
NN_v2,2,2015-07-03,VGT,2,0.44254583,0,0.71,False,False
NN_v2,2,2015-07-03,VOX,1,0.44894147,0,0.67,False,False
NN_v2,2,2015-07-10,VGT,2,0.4302157,1,0.69,False,False
NN_v2,2,2015-07-10,VOX,1,0.43816146,0,0.65,False,False
NN_v2,2,2015-07-17,VNQ,1,0.37532243,0,0.69,False,False
NN_v2,2,2015-07-17,VPU,2,0.37506244,0,0.66,False,False
NN_v2,2,2015-07-24,VGT,1,0.4673315,0,0.7,False,False
NN_v2,2,2015-07-24,VPU,2,0.46320024,1,0.66,False,False
NN_v2,2,2015-07-31,VGT,1,0.39163458,0,0.65,False,False
NN_v2,2,2015-07-31,VNQ,2,0.38456535,0,0.72,False,False
NN_v2,2,2015-08-07,VGT,1,0.44333887,0,0.65,False,False
NN_v2,2,2015-08-07,VHT,2,0.43501702,0,0.64,False,False
NN_v2,2,2015-08-14,VNQ,2,0.39141512,0,0.68,False,False
NN_v2,2,2015-08-14,VOX,1,0.39154226,0,0.65,False,False
NN_v2,2,2015-08-21,VCR,2,0.45133305,1,0.7,False,False
NN_v2,2,2015-08-21,VFH,1,0.45190448,1,0.66,False,False
NN_v2,2,2015-08-28,VFH,2,0.44960713,0,0.74,False,False
NN_v2,2,2015-08-28,VNQ,1,0.47643963,0,0.65,False,False
NN_v2,2,2015-09-04,VNQ,2,0.4751943,1,0.68,False,False
NN_v2,2,2015-09-04,VPU,1,0.4823688,0,0.67,False,False
NN_v2,2,2015-09-11,VNQ,2,0.44000983,1,0.64,False,False
NN_v2,2,2015-09-11,VPU,1,0.4428405,1,0.69,False,False
NN_v2,2,2015-09-18,VGT,1,0.4650298,0,0.73,False,False
NN_v2,2,2015-09-18,VIS,2,0.46393877,0,0.65,False,False
NN_v2,2,2015-09-25,VHT,1,0.46066427,1,0.66,False,False
NN_v2,2,2015-09-25,VIS,2,0.45667416,1,0.62,False,False
NN_v2,2,2015-10-02,VGT,1,0.44740018,1,0.69,False,False
NN_v2,2,2015-10-02,VIS,2,0.44379625,1,0.63,False,False
NN_v2,2,2015-10-09,VGT,2,0.37500557,0,0.67,False,False
NN_v2,2,2015-10-09,VHT,1,0.38343003,1,0.7,False,False
NN_v2,2,2015-10-16,VAW,1,0.4197918,1,0.73,False,False
NN_v2,2,2015-10-16,VIS,2,0.40450191,1,0.73,False,False
NN_v2,2,2015-10-23,VAW,2,0.40948302,0,0.7,False,False
NN_v2,2,2015-10-23,VDE,1,0.43498993,0,0.68,False,False
NN_v2,2,2015-10-30,VAW,2,0.41796112,0,0.69,False,False
NN_v2,2,2015-10-30,VDE,1,0.44298872,1,0.65,False,False
NN_v2,2,2015-11-06,VAW,2,0.42323548,0,0.61,False,False
NN_v2,2,2015-11-06,VDE,1,0.43110713,0,0.68,False,False
NN_v2,2,2015-11-13,VCR,2,0.44212466,1,0.7,False,False
NN_v2,2,2015-11-13,VDE,1,0.4655034,1,0.68,False,False
NN_v2,2,2015-11-20,VDE,1,0.3593263,1,0.73,False,False
NN_v2,2,2015-11-20,VHT,2,0.3535769,1,0.71,False,False
NN_v2,2,2015-11-27,VAW,2,0.37813702,0,0.64,False,False
NN_v2,2,2015-11-27,VDE,1,0.38527077,0,0.68,False,False
NN_v2,2,2015-12-04,VAW,1,0.43534794,0,0.66,False,False
NN_v2,2,2015-12-04,VPU,2,0.4209892,0,0.71,False,False
NN_v2,2,2015-12-11,VAW,1,0.45341343,0,0.66,False,False
NN_v2,2,2015-12-11,VIS,2,0.44886264,0,0.72,False,False
NN_v2,2,2015-12-18,VGT,1,0.46645126,1,0.66,False,False
NN_v2,2,2015-12-18,VIS,2,0.45248294,1,0.68,False,False
NN_v2,2,2015-12-25,VAW,2,0.35339433,0,0.72,False,False
NN_v2,2,2015-12-25,VGT,1,0.3550836,0,0.67,False,False
NN_v2,2,2016-01-01,VFH,2,0.43797627,0,0.61,False,False
NN_v2,2,2016-01-01,VGT,1,0.44353873,0,0.69,False,False
NN_v2,2,2016-01-08,VGT,1,0.47458196,0,0.7,False,False
NN_v2,2,2016-01-08,VHT,2,0.46221343,0,0.66,False,False
NN_v2,2,2016-01-15,VCR,1,0.4470156,1,0.63,False,False
NN_v2,2,2016-01-15,VHT,2,0.4450814,0,0.66,False,False
NN_v2,2,2016-01-22,VFH,2,0.4542377,1,0.65,False,False
NN_v2,2,2016-01-22,VHT,1,0.45570278,0,0.73,False,False
NN_v2,2,2016-01-29,VCR,2,0.44367766,0,0.69,False,False
NN_v2,2,2016-01-29,VHT,1,0.46252537,0,0.7,False,False
NN_v2,2,2016-02-05,VCR,2,0.4794982,0,0.71,False,False
NN_v2,2,2016-02-05,VDE,1,0.48410377,1,0.66,False,False
NN_v2,2,2016-02-12,VAW,2,0.4858973,1,0.69,False,False
NN_v2,2,2016-02-12,VNQ,1,0.49116054,1,0.69,False,False
NN_v2,2,2016-02-19,VAW,2,0.46242157,1,0.7,False,False
NN_v2,2,2016-02-19,VDE,1,0.4634511,0,0.64,False,False
NN_v2,2,2016-02-26,VDE,1,0.44989902,1,0.6,False,False
NN_v2,2,2016-02-26,VGT,2,0.44164962,1,0.62,False,False
NN_v2,2,2016-03-04,VFH,2,0.34848028,1,0.69,False,False
NN_v2,2,2016-03-04,VGT,1,0.36578172,1,0.62,False,False
NN_v2,2,2016-03-11,VFH,2,0.34240022,1,0.67,False,False
NN_v2,2,2016-03-11,VGT,1,0.34972674,1,0.77,False,False
NN_v2,2,2016-03-18,VDE,2,0.35587943,0,0.74,False,False
NN_v2,2,2016-03-18,VFH,1,0.35677025,0,0.66,False,False
NN_v2,2,2016-03-25,VDE,1,0.45281854,0,0.67,False,False
NN_v2,2,2016-03-25,VFH,2,0.424148,1,0.69,False,False
NN_v2,2,2016-04-01,VDE,1,0.3701326,1,0.66,False,False
NN_v2,2,2016-04-01,VFH,2,0.3125947,0,0.67,False,False
NN_v2,2,2016-04-08,VDE,2,0.39243403,1,0.66,False,False
NN_v2,2,2016-04-08,VGT,1,0.39893466,0,0.7,False,False
NN_v2,2,2016-04-15,VDE,2,0.33762974,1,0.72,False,False
NN_v2,2,2016-04-15,VGT,1,0.34412727,0,0.67,False,False
NN_v2,2,2016-04-22,VCR,2,0.3820408,0,0.64,False,False
NN_v2,2,2016-04-22,VGT,1,0.38810408,0,0.65,False,False
NN_v2,2,2016-04-29,VCR,1,0.38813367,0,0.7,False,False
NN_v2,2,2016-04-29,VFH,2,0.3851685,0,0.68,False,False
NN_v2,2,2016-05-06,VCR,1,0.41047525,0,0.66,False,False
NN_v2,2,2016-05-06,VDE,2,0.40060282,0,0.64,False,False
NN_v2,2,2016-05-13,VDE,2,0.39849207,0,0.67,False,False
NN_v2,2,2016-05-13,VFH,1,0.41175795,1,0.7,False,False
NN_v2,2,2016-05-20,VNQ,1,0.42704827,1,0.68,False,False
NN_v2,2,2016-05-20,VOX,2,0.40691108,1,0.71,False,False
NN_v2,2,2016-05-27,VDE,2,0.30956104,0,0.67,False,False
NN_v2,2,2016-05-27,VNQ,1,0.33989167,1,0.72,False,False
NN_v2,2,2016-06-03,VDE,1,0.37141934,0,0.61,False,False
NN_v2,2,2016-06-03,VFH,2,0.35423237,0,0.68,False,False
NN_v2,2,2016-06-10,VFH,1,0.36634168,0,0.69,False,False
NN_v2,2,2016-06-10,VHT,2,0.3628424,0,0.72,False,False
NN_v2,2,2016-06-17,VGT,1,0.39096427,0,0.63,False,False
NN_v2,2,2016-06-17,VHT,2,0.38908157,0,0.7,False,False
NN_v2,2,2016-06-24,VAW,1,0.45773873,1,0.68,False,False
NN_v2,2,2016-06-24,VHT,2,0.4576878,1,0.71,False,False
NN_v2,2,2016-07-01,VAW,1,0.31352097,1,0.72,False,False
NN_v2,2,2016-07-01,VFH,2,0.31032833,1,0.75,False,False
NN_v2,2,2016-07-08,VDE,1,0.344735,1,0.69,False,False
NN_v2,2,2016-07-08,VFH,2,0.30891842,1,0.66,False,False
NN_v2,2,2016-07-15,VGT,1,0.3048464,1,0.71,False,False
NN_v2,2,2016-07-15,VHT,2,0.30302554,1,0.72,False,False
NN_v2,2,2016-07-22,VDE,1,0.29808414,0,0.72,False,False
NN_v2,2,2016-07-22,VIS,2,0.2840435,0,0.65,False,False
NN_v2,2,2016-07-29,VAW,2,0.30898255,0,0.67,False,False
NN_v2,2,2016-07-29,VDE,1,0.32329506,1,0.65,False,False
NN_v2,2,2016-08-05,VNQ,1,0.3629283,0,0.68,False,False
NN_v2,2,2016-08-05,VOX,2,0.3500215,0,0.68,False,False
NN_v2,2,2016-08-12,VNQ,2,0.33566436,0,0.62,False,False
NN_v2,2,2016-08-12,VOX,1,0.35806417,0,0.69,False,False
NN_v2,2,2016-08-19,VNQ,1,0.38716847,0,0.63,False,False
NN_v2,2,2016-08-19,VOX,2,0.3597591,0,0.65,False,False
NN_v2,2,2016-08-26,VDE,2,0.3820941,0,0.63,False,False
NN_v2,2,2016-08-26,VNQ,1,0.40255532,1,0.66,False,False
NN_v2,2,2016-09-02,VNQ,2,0.34695345,0,0.68,False,False
NN_v2,2,2016-09-02,VOX,1,0.35254914,0,0.7,False,False
NN_v2,2,2016-09-09,VAW,1,0.45976084,0,0.71,False,False
NN_v2,2,2016-09-09,VIS,2,0.45820293,0,0.67,False,False
NN_v2,2,2016-09-16,VIS,2,0.42261845,0,0.67,False,False
NN_v2,2,2016-09-16,VNQ,1,0.42816266,1,0.69,False,False
NN_v2,2,2016-09-23,VAW,1,0.3598129,1,0.67,False,False
NN_v2,2,2016-09-23,VDE,2,0.3470687,1,0.62,False,False
NN_v2,2,2016-09-30,VOX,2,0.41806507,0,0.73,False,False
NN_v2,2,2016-09-30,VPU,1,0.44046664,0,0.69,False,False
NN_v2,2,2016-10-07,VAW,1,0.4417363,0,0.66,False,False
NN_v2,2,2016-10-07,VOX,2,0.4406197,0,0.68,False,False
NN_v2,2,2016-10-14,VCR,2,0.4259425,0,0.72,False,False
NN_v2,2,2016-10-14,VIS,1,0.43321562,0,0.66,False,False
NN_v2,2,2016-10-21,VOX,2,0.40305495,0,0.7,False,False
NN_v2,2,2016-10-21,VPU,1,0.4095191,0,0.7,False,False
NN_v2,2,2016-10-28,VAW,2,0.45303813,0,0.65,False,False
NN_v2,2,2016-10-28,VDE,1,0.45622224,0,0.7,False,False
NN_v2,2,2016-11-04,VDE,1,0.47394505,1,0.7,False,False
NN_v2,2,2016-11-04,VOX,2,0.47249657,0,0.66,False,False
NN_v2,2,2016-11-11,VOX,2,0.4086903,1,0.73,False,False
NN_v2,2,2016-11-11,VPU,1,0.42011565,1,0.68,False,False
NN_v2,2,2016-11-18,VHT,1,0.38466406,0,0.68,False,False
NN_v2,2,2016-11-18,VPU,2,0.3684425,1,0.68,False,False
NN_v2,2,2016-11-25,VHT,1,0.35536164,0,0.72,False,False
NN_v2,2,2016-11-25,VPU,2,0.33602062,0,0.68,False,False
NN_v2,2,2016-12-02,VOX,1,0.41973668,1,0.7,False,False
NN_v2,2,2016-12-02,VPU,2,0.40210953,1,0.69,False,False
NN_v2,2,2016-12-09,VNQ,1,0.30768645,0,0.71,False,False
NN_v2,2,2016-12-09,VPU,2,0.2973062,1,0.67,False,False
NN_v2,2,2016-12-16,VCR,2,0.35784605,0,0.69,False,False
NN_v2,2,2016-12-16,VNQ,1,0.36924452,0,0.67,False,False
NN_v2,2,2016-12-23,VHT,2,0.34643728,0,0.65,False,False
NN_v2,2,2016-12-23,VNQ,1,0.37137347,1,0.68,False,False
NN_v2,2,2016-12-30,VAW,2,0.37452054,1,0.69,False,False
NN_v2,2,2016-12-30,VCR,1,0.3781074,1,0.64,False,False
NN_v2,2,2017-01-06,VCR,2,0.305758,0,0.72,False,False
NN_v2,2,2017-01-06,VIS,1,0.30620837,0,0.73,False,False
NN_v2,2,2017-01-13,VDE,2,0.34249806,0,0.66,False,False
NN_v2,2,2017-01-13,VNQ,1,0.3607025,0,0.65,False,False
NN_v2,2,2017-01-20,VFH,1,0.36749223,1,0.67,False,False
NN_v2,2,2017-01-20,VIS,2,0.36104435,1,0.73,False,False
NN_v2,2,2017-01-27,VFH,2,0.321417,0,0.76,False,False
NN_v2,2,2017-01-27,VHT,1,0.32257172,1,0.63,False,False
NN_v2,2,2017-02-03,VNQ,2,0.35183647,1,0.74,False,False
NN_v2,2,2017-02-03,VOX,1,0.36993137,0,0.64,False,False
NN_v2,2,2017-02-10,VFH,2,0.29644543,1,0.68,False,False
NN_v2,2,2017-02-10,VOX,1,0.30376297,0,0.68,False,False
NN_v2,2,2017-02-17,VDE,1,0.29000378,0,0.68,False,False
NN_v2,2,2017-02-17,VFH,2,0.28670946,0,0.65,False,False
NN_v2,2,2017-02-24,VDE,2,0.30169684,1,0.68,False,False
NN_v2,2,2017-02-24,VFH,1,0.3033612,1,0.69,False,False
NN_v2,2,2017-03-03,VNQ,1,0.30633923,0,0.68,False,False
NN_v2,2,2017-03-03,VOX,2,0.30588043,0,0.73,False,False
NN_v2,2,2017-03-10,VFH,2,0.3633941,0,0.67,False,False
NN_v2,2,2017-03-10,VNQ,1,0.3680936,1,0.68,False,False
NN_v2,2,2017-03-17,VFH,2,0.3349044,0,0.66,False,False
NN_v2,2,2017-03-17,VNQ,1,0.33700186,0,0.64,False,False
NN_v2,2,2017-03-24,VAW,2,0.4114162,1,0.65,False,False
NN_v2,2,2017-03-24,VFH,1,0.4332118,1,0.68,False,False
NN_v2,2,2017-03-31,VFH,1,0.3813246,0,0.65,False,False
NN_v2,2,2017-03-31,VNQ,2,0.34967124,1,0.66,False,False
NN_v2,2,2017-04-07,VAW,2,0.3565125,0,0.67,False,False
NN_v2,2,2017-04-07,VFH,1,0.3903734,0,0.68,False,False
NN_v2,2,2017-04-14,VAW,2,0.4023889,1,0.73,False,False
NN_v2,2,2017-04-14,VFH,1,0.4233779,1,0.66,False,False
NN_v2,2,2017-04-21,VDE,2,0.37428847,0,0.64,False,False
NN_v2,2,2017-04-21,VFH,1,0.38533416,0,0.7,False,False
NN_v2,2,2017-04-28,VFH,1,0.35006815,0,0.69,False,False
NN_v2,2,2017-04-28,VNQ,2,0.3459013,0,0.65,False,False
NN_v2,2,2017-05-05,VFH,2,0.35289666,0,0.65,False,False
NN_v2,2,2017-05-05,VOX,1,0.35743648,0,0.69,False,False
NN_v2,2,2017-05-12,VFH,1,0.36582938,0,0.67,False,False
NN_v2,2,2017-05-12,VNQ,2,0.3585587,1,0.73,False,False
NN_v2,2,2017-05-19,VDE,2,0.36872023,0,0.67,False,False
NN_v2,2,2017-05-19,VFH,1,0.3838264,0,0.63,False,False
NN_v2,2,2017-05-26,VDE,1,0.35109285,0,0.72,False,False
NN_v2,2,2017-05-26,VFH,2,0.34144908,0,0.69,False,False
NN_v2,2,2017-06-02,VDE,1,0.34128854,1,0.69,False,False
NN_v2,2,2017-06-02,VFH,2,0.32996282,1,0.71,False,False
NN_v2,2,2017-06-09,VCR,1,0.36184838,0,0.72,False,False
NN_v2,2,2017-06-09,VGT,2,0.35690004,0,0.71,False,False
NN_v2,2,2017-06-16,VCR,2,0.3230279,0,0.66,False,False
NN_v2,2,2017-06-16,VGT,1,0.3463983,1,0.65,False,False
NN_v2,2,2017-06-23,VFH,1,0.37064025,1,0.63,False,False
NN_v2,2,2017-06-23,VPU,2,0.3595992,0,0.66,False,False
NN_v2,2,2017-06-30,VGT,1,0.40667635,0,0.67,False,False
NN_v2,2,2017-06-30,VPU,2,0.38227308,0,0.71,False,False
NN_v2,2,2017-07-07,VGT,2,0.37204397,1,0.68,False,False
NN_v2,2,2017-07-07,VPU,1,0.3774388,0,0.66,False,False
NN_v2,2,2017-07-14,VFH,1,0.30057245,0,0.68,False,False
NN_v2,2,2017-07-14,VPU,2,0.29588228,1,0.67,False,False
NN_v2,2,2017-07-21,VDE,1,0.33975235,1,0.63,False,False
NN_v2,2,2017-07-21,VFH,2,0.32170254,0,0.67,False,False
NN_v2,2,2017-07-28,VDE,2,0.34439582,0,0.7,False,False
NN_v2,2,2017-07-28,VPU,1,0.35008544,1,0.69,False,False
NN_v2,2,2017-08-04,VDE,1,0.34769422,0,0.69,False,False
NN_v2,2,2017-08-04,VGT,2,0.3298486,0,0.67,False,False
NN_v2,2,2017-08-11,VFH,1,0.42449388,0,0.65,False,False
NN_v2,2,2017-08-11,VHT,2,0.41146716,0,0.69,False,False
NN_v2,2,2017-08-18,VHT,2,0.41838962,1,0.66,False,False
NN_v2,2,2017-08-18,VOX,1,0.42550382,1,0.63,False,False
NN_v2,2,2017-08-25,VFH,1,0.37399477,0,0.7,False,False
NN_v2,2,2017-08-25,VHT,2,0.35745588,1,0.65,False,False
NN_v2,2,2017-09-01,VDE,2,0.31906182,0,0.69,False,False
NN_v2,2,2017-09-01,VOX,1,0.33138385,0,0.66,False,False
NN_v2,2,2017-09-08,VFH,1,0.40275908,1,0.7,False,False
NN_v2,2,2017-09-08,VOX,2,0.4025906,1,0.7,False,False
NN_v2,2,2017-09-15,VFH,2,0.3052611,1,0.68,False,False
NN_v2,2,2017-09-15,VOX,1,0.30881873,1,0.7,False,False
NN_v2,2,2017-09-22,VGT,2,0.35610637,0,0.69,False,False
NN_v2,2,2017-09-22,VPU,1,0.36150748,0,0.71,False,False
NN_v2,2,2017-09-29,VOX,1,0.30916694,1,0.73,False,False
NN_v2,2,2017-09-29,VPU,2,0.29064155,0,0.65,False,False
NN_v2,2,2017-10-06,VDE,2,0.293351,0,0.67,False,False
NN_v2,2,2017-10-06,VOX,1,0.29892007,0,0.71,False,False
NN_v2,2,2017-10-13,VFH,2,0.33199477,1,0.66,False,False
NN_v2,2,2017-10-13,VOX,1,0.34726557,0,0.7,False,False
NN_v2,2,2017-10-20,VDE,1,0.30184346,0,0.67,False,False
NN_v2,2,2017-10-20,VOX,2,0.2894462,0,0.69,False,False
NN_v2,2,2017-10-27,VHT,1,0.3449894,0,0.71,False,False
NN_v2,2,2017-10-27,VNQ,2,0.32830343,1,0.66,False,False
NN_v2,2,2017-11-03,VHT,2,0.33592147,0,0.69,False,False
NN_v2,2,2017-11-03,VOX,1,0.3601877,0,0.71,False,False
NN_v2,2,2017-11-10,VFH,1,0.374772,1,0.66,False,False
NN_v2,2,2017-11-10,VHT,2,0.35043797,0,0.65,False,False
NN_v2,2,2017-11-17,VDE,1,0.38366845,1,0.67,False,False
NN_v2,2,2017-11-17,VFH,2,0.36713853,0,0.63,False,False
NN_v2,2,2017-11-24,VDE,1,0.31859863,1,0.69,False,False
NN_v2,2,2017-11-24,VFH,2,0.29125756,1,0.64,False,False
NN_v2,2,2017-12-01,VDE,2,0.31164238,0,0.73,False,False
NN_v2,2,2017-12-01,VGT,1,0.31341463,0,0.68,False,False
NN_v2,2,2017-12-08,VDE,2,0.30541828,0,0.72,False,False
NN_v2,2,2017-12-08,VGT,1,0.3134089,1,0.64,False,False
NN_v2,2,2017-12-15,VDE,2,0.29211193,1,0.65,False,False
NN_v2,2,2017-12-15,VOX,1,0.29844904,0,0.7,False,False
NN_v2,2,2017-12-22,VOX,1,0.3647029,0,0.63,False,False
NN_v2,2,2017-12-22,VPU,2,0.34946436,0,0.66,False,False
NN_v2,2,2017-12-29,VGT,2,0.31187606,1,0.71,False,False
NN_v2,2,2017-12-29,VOX,1,0.32069862,0,0.72,False,False
NN_v2,2,2018-01-05,VOX,2,0.3279518,0,0.7,False,False
NN_v2,2,2018-01-05,VPU,1,0.3410245,0,0.69,False,False
NN_v2,2,2018-01-12,VNQ,2,0.30370516,0,0.69,False,False
NN_v2,2,2018-01-12,VPU,1,0.31775156,0,0.68,False,False
NN_v2,2,2018-01-19,VDE,2,0.2731182,1,0.7,False,False
NN_v2,2,2018-01-19,VPU,1,0.27700144,1,0.67,False,False
NN_v2,2,2018-01-26,VDE,2,0.20470765,0,0.71,False,False
NN_v2,2,2018-01-26,VPU,1,0.2147276,0,0.69,False,False
NN_v2,2,2018-02-02,VAW,2,0.42475098,0,0.7,False,False
NN_v2,2,2018-02-02,VDE,1,0.43123952,0,0.67,False,False
NN_v2,2,2018-02-09,VDE,2,0.45012102,1,0.65,False,False
NN_v2,2,2018-02-09,VIS,1,0.4550305,1,0.68,False,False
NN_v2,2,2018-02-16,VDE,1,0.37701693,0,0.67,False,False
NN_v2,2,2018-02-16,VHT,2,0.33269095,0,0.7,False,False
NN_v2,2,2018-02-23,VDE,1,0.43357334,0,0.71,False,False
NN_v2,2,2018-02-23,VHT,2,0.40912923,0,0.67,False,False
NN_v2,2,2018-03-02,VDE,1,0.46631256,1,0.64,False,False
NN_v2,2,2018-03-02,VHT,2,0.4644064,1,0.66,False,False
NN_v2,2,2018-03-09,VDE,1,0.37871704,0,0.66,False,False
NN_v2,2,2018-03-09,VOX,2,0.3306836,0,0.68,False,False
NN_v2,2,2018-03-16,VHT,2,0.4466296,0,0.69,False,False
NN_v2,2,2018-03-16,VIS,1,0.44983205,0,0.69,False,False
NN_v2,2,2018-03-23,VFH,1,0.4521985,1,0.65,False,False
NN_v2,2,2018-03-23,VHT,2,0.45163614,0,0.61,False,False
NN_v2,2,2018-03-30,VAW,2,0.4171191,0,0.62,False,False
NN_v2,2,2018-03-30,VHT,1,0.41811952,0,0.67,False,False
NN_v2,2,2018-04-06,VGT,2,0.47490844,1,0.67,False,False
NN_v2,2,2018-04-06,VHT,1,0.47502083,1,0.69,False,False
NN_v2,2,2018-04-13,VCR,1,0.47241265,0,0.72,False,False
NN_v2,2,2018-04-13,VOX,2,0.46168885,1,0.68,False,False
NN_v2,2,2018-04-20,VGT,1,0.4745515,0,0.67,False,False
NN_v2,2,2018-04-20,VHT,2,0.46725136,1,0.7,False,False
NN_v2,2,2018-04-27,VAW,2,0.46287465,0,0.66,False,False
NN_v2,2,2018-04-27,VGT,1,0.4758655,1,0.68,False,False
NN_v2,2,2018-05-04,VAW,2,0.45826426,1,0.67,False,False
NN_v2,2,2018-05-04,VHT,1,0.46700054,1,0.73,False,False
NN_v2,2,2018-05-11,VAW,2,0.40124336,1,0.64,False,False
NN_v2,2,2018-05-11,VHT,1,0.40131682,0,0.71,False,False
NN_v2,2,2018-05-18,VFH,1,0.46094313,0,0.69,False,False
NN_v2,2,2018-05-18,VHT,2,0.45293576,0,0.65,False,False
NN_v2,2,2018-05-25,VFH,1,0.4455003,0,0.65,False,False
NN_v2,2,2018-05-25,VHT,2,0.44411936,1,0.64,False,False
NN_v2,2,2018-06-01,VFH,2,0.41859332,1,0.68,False,False
NN_v2,2,2018-06-01,VHT,1,0.4243307,1,0.68,False,False
NN_v2,2,2018-06-08,VFH,2,0.36491853,0,0.66,False,False
NN_v2,2,2018-06-08,VHT,1,0.36541006,1,0.65,False,False
NN_v2,2,2018-06-15,VDE,1,0.41752297,1,0.68,False,False
NN_v2,2,2018-06-15,VFH,2,0.3715906,0,0.67,False,False
NN_v2,2,2018-06-22,VAW,2,0.41017908,0,0.66,False,False
NN_v2,2,2018-06-22,VDE,1,0.41705188,0,0.65,False,False
NN_v2,2,2018-06-29,VAW,2,0.4338289,1,0.66,False,False
NN_v2,2,2018-06-29,VGT,1,0.43383226,1,0.68,False,False
NN_v2,2,2018-07-06,VDE,1,0.35951942,0,0.68,False,False
NN_v2,2,2018-07-06,VGT,2,0.34787983,1,0.66,False,False
NN_v2,2,2018-07-13,VDE,1,0.34070444,0,0.72,False,False
NN_v2,2,2018-07-13,VIS,2,0.336823,0,0.68,False,False
NN_v2,2,2018-07-20,VDE,1,0.38940224,1,0.65,False,False
NN_v2,2,2018-07-20,VHT,2,0.36338267,0,0.63,False,False
NN_v2,2,2018-07-27,VDE,1,0.35855654,0,0.66,False,False
NN_v2,2,2018-07-27,VGT,2,0.3511514,1,0.68,False,False
NN_v2,2,2018-08-03,VDE,1,0.3500265,0,0.71,False,False
NN_v2,2,2018-08-03,VOX,2,0.32640004,1,0.67,False,False
NN_v2,2,2018-08-10,VDE,1,0.34112406,0,0.69,False,False
NN_v2,2,2018-08-10,VNQ,2,0.3339754,1,0.71,False,False
NN_v2,2,2018-08-17,VDE,1,0.3988239,1,0.67,False,False
NN_v2,2,2018-08-17,VOX,2,0.32821304,1,0.72,False,False
NN_v2,2,2018-08-24,VNQ,1,0.32169303,0,0.67,False,False
NN_v2,2,2018-08-24,VPU,2,0.32018042,0,0.72,False,False
NN_v2,2,2018-08-31,VDC,2,0.2919431,1,0.66,False,False
NN_v2,2,2018-08-31,VDE,1,0.3190394,0,0.67,False,False
NN_v2,2,2018-09-07,VDE,1,0.39726442,1,0.65,False,False
NN_v2,2,2018-09-07,VNQ,2,0.38482636,0,0.7,False,False
NN_v2,2,2018-09-14,VDE,1,0.32264423,1,0.69,False,False
NN_v2,2,2018-09-14,VOX,2,0.2840705,0,0.74,False,False
NN_v2,2,2018-09-21,VDE,1,0.2980699,0,0.65,False,False
NN_v2,2,2018-09-21,VOX,2,0.29420346,1,0.65,False,False
NN_v2,2,2018-09-28,VAW,2,0.36940655,0,0.67,False,False
NN_v2,2,2018-09-28,VFH,1,0.38247952,0,0.68,False,False
NN_v2,2,2018-10-05,VCR,1,0.4323588,0,0.66,False,False
NN_v2,2,2018-10-05,VGT,2,0.42948753,0,0.68,False,False
NN_v2,2,2018-10-12,VGT,2,0.44980463,0,0.66,False,False
NN_v2,2,2018-10-12,VIS,1,0.45805097,0,0.68,False,False
NN_v2,2,2018-10-19,VCR,2,0.46627316,0,0.68,False,False
NN_v2,2,2018-10-19,VGT,1,0.47177133,0,0.71,False,False
NN_v2,2,2018-10-26,VCR,2,0.50094527,1,0.69,False,False
NN_v2,2,2018-10-26,VGT,1,0.5034278,0,0.67,False,False
NN_v2,2,2018-11-02,VDE,2,0.43427476,0,0.59,False,False
NN_v2,2,2018-11-02,VGT,1,0.44595608,1,0.7,False,False
NN_v2,2,2018-11-09,VCR,1,0.42264968,0,0.71,False,False
NN_v2,2,2018-11-09,VGT,2,0.42244157,0,0.67,False,False
NN_v2,2,2018-11-16,VGT,2,0.4486534,0,0.68,False,False
NN_v2,2,2018-11-16,VIS,1,0.450774,0,0.67,False,False
NN_v2,2,2018-11-23,VIS,2,0.45471177,1,0.67,False,False
NN_v2,2,2018-11-23,VOX,1,0.45503426,1,0.7,False,False
NN_v2,2,2018-11-30,VAW,1,0.42012516,0,0.62,False,False
NN_v2,2,2018-11-30,VIS,2,0.40072036,0,0.67,False,False
NN_v2,2,2018-12-07,VFH,1,0.4938001,0,0.65,False,False
NN_v2,2,2018-12-07,VIS,2,0.4834639,0,0.67,False,False
NN_v2,2,2018-12-14,VAW,1,0.47447404,0,0.73,False,False
NN_v2,2,2018-12-14,VFH,2,0.47309184,0,0.63,False,False
NN_v2,2,2018-12-21,VFH,2,0.4247779,1,0.69,False,False
NN_v2,2,2018-12-21,VOX,1,0.4303907,1,0.68,False,False
NN_v2,2,2018-12-28,VDE,1,0.44151592,1,0.66,False,False
NN_v2,2,2018-12-28,VIS,2,0.4386069,1,0.72,False,False
NN_v2,2,2019-01-04,VDC,2,0.45044214,0,0.69,False,False
NN_v2,2,2019-01-04,VGT,1,0.45437065,1,0.63,False,False
NN_v2,2,2019-01-11,VFH,1,0.43397075,1,0.66,False,False
NN_v2,2,2019-01-11,VGT,2,0.43056703,1,0.71,False,False
NN_v2,2,2019-01-18,VDE,1,0.35769397,0,0.68,False,False
NN_v2,2,2019-01-18,VGT,2,0.34115738,1,0.64,False,False
NN_v2,2,2019-01-25,VDE,1,0.44573817,1,0.65,False,False
NN_v2,2,2019-01-25,VHT,2,0.4315261,1,0.67,False,False
NN_v2,2,2019-02-01,VDE,1,0.41922063,0,0.73,False,False
NN_v2,2,2019-02-01,VHT,2,0.41773835,0,0.68,False,False
NN_v2,2,2019-02-08,VCR,2,0.44486564,1,0.73,False,False
NN_v2,2,2019-02-08,VFH,1,0.44744477,1,0.73,False,False
NN_v2,2,2019-02-15,VCR,2,0.34004214,1,0.66,False,False
NN_v2,2,2019-02-15,VDE,1,0.35871923,0,0.64,False,False
NN_v2,2,2019-02-22,VDE,1,0.407108,1,0.66,False,False
NN_v2,2,2019-02-22,VOX,2,0.37650996,0,0.67,False,False
NN_v2,2,2019-03-01,VAW,2,0.36347583,0,0.67,False,False
NN_v2,2,2019-03-01,VDE,1,0.38177192,0,0.69,False,False
NN_v2,2,2019-03-08,VCR,2,0.454482,1,0.68,False,False
NN_v2,2,2019-03-08,VFH,1,0.46010178,1,0.61,False,False
NN_v2,2,2019-03-15,VDE,1,0.32993674,0,0.67,False,False
NN_v2,2,2019-03-15,VFH,2,0.3009282,0,0.65,False,False
NN_v2,2,2019-03-22,VDE,1,0.4231166,1,0.67,False,False
NN_v2,2,2019-03-22,VIS,2,0.41991824,1,0.67,False,False
NN_v2,2,2019-03-29,VDE,1,0.38482636,1,0.71,False,False
NN_v2,2,2019-03-29,VIS,2,0.35783014,1,0.67,False,False
NN_v2,2,2019-04-05,VDE,1,0.3253526,0,0.71,False,False
NN_v2,2,2019-04-05,VFH,2,0.3150373,1,0.69,False,False
NN_v2,2,2019-04-12,VDE,1,0.33102995,0,0.69,False,False
NN_v2,2,2019-04-12,VIS,2,0.31101787,1,0.61,False,False
NN_v2,2,2019-04-19,VDE,1,0.376796,0,0.7,False,False
NN_v2,2,2019-04-19,VNQ,2,0.35425848,1,0.7,False,False
NN_v2,2,2019-04-26,VAW,1,0.3686359,0,0.7,False,False
NN_v2,2,2019-04-26,VIS,2,0.35892424,1,0.69,False,False
NN_v2,2,2019-05-03,VAW,1,0.35415494,0,0.69,False,False
NN_v2,2,2019-05-03,VDE,2,0.33781958,0,0.7,False,False
NN_v2,2,2019-05-10,VCR,2,0.43781465,0,0.73,False,False
NN_v2,2,2019-05-10,VIS,1,0.4416235,0,0.7,False,False
NN_v2,2,2019-05-17,VCR,2,0.43924603,0,0.6,False,False
NN_v2,2,2019-05-17,VGT,1,0.46681648,0,0.66,False,False
NN_v2,2,2019-05-24,VCR,1,0.45676666,0,0.64,False,False
NN_v2,2,2019-05-24,VGT,2,0.45383626,0,0.65,False,False
NN_v2,2,2019-05-31,VCR,2,0.4804008,1,0.66,False,False
NN_v2,2,2019-05-31,VGT,1,0.49098888,1,0.72,False,False
NN_v2,2,2019-06-07,VCR,1,0.38541585,1,0.72,False,False
NN_v2,2,2019-06-07,VIS,2,0.37667134,0,0.66,False,False
NN_v2,2,2019-06-14,VGT,1,0.39433923,1,0.7,False,False
NN_v2,2,2019-06-14,VIS,2,0.393395,1,0.66,False,False
NN_v2,2,2019-06-21,VAW,1,0.35018072,1,0.68,False,False
NN_v2,2,2019-06-21,VFH,2,0.33691484,1,0.7,False,False
NN_v2,2,2019-06-28,VCR,2,0.37767738,0,0.64,False,False
NN_v2,2,2019-06-28,VDE,1,0.37912184,0,0.68,False,False
NN_v2,2,2019-07-05,VDE,1,0.35184678,1,0.64,False,False
NN_v2,2,2019-07-05,VIS,2,0.32190967,1,0.71,False,False
NN_v2,2,2019-07-12,VAW,2,0.34834403,0,0.72,False,False
NN_v2,2,2019-07-12,VDE,1,0.36188528,0,0.64,False,False
NN_v2,2,2019-07-19,VHT,1,0.41893345,0,0.73,False,False
NN_v2,2,2019-07-19,VNQ,2,0.40264678,0,0.6,False,False
NN_v2,2,2019-07-26,VDE,2,0.32068777,0,0.68,False,False
NN_v2,2,2019-07-26,VPU,1,0.32113975,0,0.6,False,False
NN_v2,2,2019-08-02,VAW,2,0.45276338,1,0.7,False,False
NN_v2,2,2019-08-02,VGT,1,0.4604795,1,0.65,False,False
NN_v2,2,2019-08-09,VAW,1,0.46766943,0,0.64,False,False
NN_v2,2,2019-08-09,VCR,2,0.45258975,0,0.72,False,False
NN_v2,2,2019-08-16,VAW,1,0.47208685,0,0.75,False,False
NN_v2,2,2019-08-16,VGT,2,0.4586234,0,0.64,False,False
NN_v2,2,2019-08-23,VCR,2,0.45563856,1,0.65,False,False
NN_v2,2,2019-08-23,VGT,1,0.46273693,1,0.67,False,False
NN_v2,2,2019-08-30,VCR,1,0.38208094,1,0.68,False,False
NN_v2,2,2019-08-30,VOX,2,0.3770527,1,0.66,False,False
NN_v2,2,2019-09-06,VFH,1,0.36219084,1,0.69,False,False
NN_v2,2,2019-09-06,VOX,2,0.36013693,0,0.67,False,False
NN_v2,2,2019-09-13,VGT,1,0.3877847,0,0.63,False,False
NN_v2,2,2019-09-13,VOX,2,0.35613328,0,0.69,False,False
NN_v2,2,2019-09-20,VGT,2,0.39343733,0,0.7,False,False
NN_v2,2,2019-09-20,VOX,1,0.3934703,0,0.65,False,False
NN_v2,2,2019-09-27,VCR,2,0.44810647,0,0.69,False,False
NN_v2,2,2019-09-27,VGT,1,0.4553097,0,0.67,False,False
NN_v2,2,2019-10-04,VFH,1,0.46484104,1,0.68,False,False
NN_v2,2,2019-10-04,VIS,2,0.46469647,1,0.68,False,False
NN_v2,2,2019-10-11,VIS,1,0.42173928,0,0.65,False,False
NN_v2,2,2019-10-11,VOX,2,0.42058724,1,0.68,False,False
NN_v2,2,2019-10-18,VGT,1,0.40697202,1,0.69,False,False
NN_v2,2,2019-10-18,VIS,2,0.40378165,1,0.68,False,False
NN_v2,2,2019-10-25,VCR,1,0.3698812,0,0.65,False,False
NN_v2,2,2019-10-25,VDE,2,0.36048695,0,0.71,False,False
NN_v2,2,2019-11-01,VDE,1,0.33299106,1,0.7,False,False
NN_v2,2,2019-11-01,VNQ,2,0.28449717,0,0.72,False,False
NN_v2,2,2019-11-08,VDE,1,0.36863053,0,0.7,False,False
NN_v2,2,2019-11-08,VNQ,2,0.33394805,1,0.72,False,False
NN_v2,2,2019-11-15,VDE,1,0.3397985,0,0.63,False,False
NN_v2,2,2019-11-15,VOX,2,0.2914209,0,0.68,False,False
NN_v2,2,2019-11-22,VAW,2,0.35245463,0,0.74,False,False
NN_v2,2,2019-11-22,VDE,1,0.391721,0,0.67,False,False
NN_v2,2,2019-11-29,VAW,2,0.31117734,0,0.7,False,False
NN_v2,2,2019-11-29,VDE,1,0.3217259,1,0.66,False,False
NN_v2,2,2019-12-06,VDE,1,0.35113546,1,0.68,False,False
NN_v2,2,2019-12-06,VNQ,2,0.35086152,0,0.71,False,False
NN_v2,2,2019-12-13,VDE,1,0.3333679,1,0.66,False,False
NN_v2,2,2019-12-13,VIS,2,0.32819876,0,0.63,False,False
NN_v2,2,2019-12-20,VDE,1,0.28761873,0,0.66,False,False
NN_v2,2,2019-12-20,VNQ,2,0.280209,0,0.67,False,False
NN_v2,2,2019-12-27,VDE,1,0.26880842,0,0.69,False,False
NN_v2,2,2019-12-27,VIS,2,0.25308508,0,0.7,False,False
NN_v2,2,2020-01-03,VAW,2,0.29940844,0,0.64,False,False
NN_v2,2,2020-01-03,VOX,1,0.30038798,1,0.7,False,False
NN_v2,2,2020-01-10,VAW,2,0.28027982,1,0.67,False,False
NN_v2,2,2020-01-10,VDE,1,0.31271118,0,0.65,False,False
NN_v2,2,2020-01-17,VAW,2,0.2576356,0,0.7,False,False
NN_v2,2,2020-01-17,VDE,1,0.26077303,0,0.71,False,False
NN_v2,2,2020-01-24,VDE,2,0.36223626,0,0.69,False,False
NN_v2,2,2020-01-24,VHT,1,0.367467,0,0.65,False,False
NN_v2,2,2020-01-31,VHT,1,0.45396662,1,0.73,False,False
NN_v2,2,2020-01-31,VOX,2,0.44061455,1,0.68,False,False
NN_v2,2,2020-02-07,VDE,1,0.31367537,1,0.68,False,False
NN_v2,2,2020-02-07,VOX,2,0.30936462,1,0.6,False,False
NN_v2,2,2020-02-14,VAW,2,0.2661445,0,0.67,False,False
NN_v2,2,2020-02-14,VDE,1,0.30389047,0,0.68,False,False
NN_v2,2,2020-02-21,VDE,1,0.35503957,0,0.71,False,False
NN_v2,2,2020-02-21,VHT,2,0.34537062,0,0.65,False,False
NN_v2,2,2020-02-28,VGT,2,0.44831228,0,0.68,False,False
NN_v2,2,2020-02-28,VPU,1,0.45117298,1,0.7,False,False
NN_v2,2,2020-03-06,VGT,1,0.42381135,0,0.66,False,False
NN_v2,2,2020-03-06,VOX,2,0.42111033,0,0.65,False,False
NN_v2,2,2020-03-13,VDE,1,0.49529248,0,0.65,False,False
NN_v2,2,2020-03-13,VIS,2,0.48489657,0,0.67,False,False
NN_v2,2,2020-03-20,VDE,1,0.5155688,1,0.66,False,False
NN_v2,2,2020-03-20,VIS,2,0.49116045,1,0.69,False,False
NN_v2,2,2020-03-27,VDE,1,0.33548528,1,0.68,False,False
NN_v2,2,2020-03-27,VOX,2,0.32700542,0,0.69,False,False
NN_v2,2,2020-04-03,VCR,1,0.41858155,1,0.7,False,False
NN_v2,2,2020-04-03,VPU,2,0.41670242,1,0.73,False,False
NN_v2,2,2020-04-10,VDE,1,0.30751222,0,0.61,False,False
NN_v2,2,2020-04-10,VIS,2,0.30382827,0,0.69,False,False
NN_v2,2,2020-04-17,VIS,2,0.47386846,0,0.68,False,False
NN_v2,2,2020-04-17,VNQ,1,0.47751507,0,0.65,False,False
NN_v2,2,2020-04-24,VCR,1,0.47070107,0,0.67,False,False
NN_v2,2,2020-04-24,VOX,2,0.46967572,1,0.72,False,False
NN_v2,2,2020-05-01,VDC,1,0.47227755,1,0.67,False,False
NN_v2,2,2020-05-01,VIS,2,0.4685068,1,0.69,False,False
NN_v2,2,2020-05-08,VAW,2,0.5133832,0,0.68,False,False
NN_v2,2,2020-05-08,VIS,1,0.5169058,0,0.65,False,False
NN_v2,2,2020-05-15,VDE,1,0.5626296,1,0.68,False,False
NN_v2,2,2020-05-15,VPU,2,0.5507263,0,0.63,False,False
NN_v2,2,2020-05-22,VAW,1,0.46352273,1,0.66,False,False
NN_v2,2,2020-05-22,VPU,2,0.46233264,1,0.67,False,False
NN_v2,2,2020-05-29,VDE,1,0.47870374,1,0.68,False,False
NN_v2,2,2020-05-29,VNQ,2,0.44073048,1,0.75,False,False
NN_v2,2,2020-06-05,VNQ,1,0.3552374,0,0.68,False,False
NN_v2,2,2020-06-05,VPU,2,0.3446916,0,0.69,False,False
NN_v2,2,2020-06-12,VAW,1,0.40239882,1,0.73,False,False
NN_v2,2,2020-06-12,VNQ,2,0.39371228,1,0.75,False,False
NN_v2,2,2020-06-19,VAW,2,0.38774794,0,0.73,False,False
NN_v2,2,2020-06-19,VNQ,1,0.39832583,0,0.71,False,False
NN_v2,2,2020-06-26,VAW,1,0.43935943,1,0.72,False,False
NN_v2,2,2020-06-26,VNQ,2,0.4363796,1,0.69,False,False
NN_v2,2,2020-07-03,VIS,2,0.41412497,0,0.65,False,False
NN_v2,2,2020-07-03,VNQ,1,0.41767484,0,0.63,False,False
NN_v2,2,2020-07-10,VFH,2,0.47103953,1,0.67,False,False
NN_v2,2,2020-07-10,VIS,1,0.47495633,1,0.68,False,False
NN_v2,2,2020-07-17,VFH,2,0.44526124,1,0.71,False,False
NN_v2,2,2020-07-17,VNQ,1,0.4505394,0,0.66,False,False
NN_v2,2,2020-07-24,VFH,1,0.4414958,0,0.71,False,False
NN_v2,2,2020-07-24,VIS,2,0.4356142,0,0.66,False,False
NN_v2,2,2020-07-31,VIS,1,0.44503182,1,0.63,False,False
NN_v2,2,2020-07-31,VNQ,2,0.4378398,1,0.72,False,False
NN_v2,2,2020-08-07,VDE,2,0.38676843,1,0.69,False,False
NN_v2,2,2020-08-07,VFH,1,0.39259472,0,0.63,False,False
NN_v2,2,2020-08-14,VFH,1,0.43408433,0,0.67,False,False
NN_v2,2,2020-08-14,VNQ,2,0.42101994,0,0.71,False,False
NN_v2,2,2020-08-21,VIS,2,0.43058625,1,0.7,False,False
NN_v2,2,2020-08-21,VNQ,1,0.4361073,1,0.66,False,False
NN_v2,2,2020-08-28,VDE,1,0.36496648,0,0.67,False,False
NN_v2,2,2020-08-28,VIS,2,0.35322487,0,0.7,False,False
NN_v2,2,2020-09-04,VIS,2,0.43159276,0,0.66,False,False
NN_v2,2,2020-09-04,VOX,1,0.43564302,0,0.69,False,False
NN_v2,2,2020-09-11,VIS,1,0.47788805,0,0.67,False,False
NN_v2,2,2020-09-11,VOX,2,0.46148974,0,0.69,False,False
NN_v2,2,2020-09-18,VFH,1,0.42374507,0,0.68,False,False
NN_v2,2,2020-09-18,VOX,2,0.42231482,0,0.65,False,False
NN_v2,2,2020-09-25,VAW,2,0.46410656,0,0.67,False,False
NN_v2,2,2020-09-25,VOX,1,0.46734315,0,0.69,False,False
NN_v2,2,2020-10-02,VAW,1,0.40174374,1,0.74,False,False
NN_v2,2,2020-10-02,VFH,2,0.40167028,1,0.68,False,False
NN_v2,2,2020-10-09,VDE,1,0.32237595,0,0.69,False,False
NN_v2,2,2020-10-09,VFH,2,0.28110346,0,0.71,False,False
NN_v2,2,2020-10-16,VDE,1,0.3653796,0,0.65,False,False
NN_v2,2,2020-10-16,VFH,2,0.36128598,1,0.65,False,False
NN_v2,2,2020-10-23,VDE,1,0.3854434,0,0.66,False,False
NN_v2,2,2020-10-23,VGT,2,0.38234323,0,0.67,False,False
NN_v2,2,2020-10-30,VCR,1,0.48158258,1,0.7,False,False
NN_v2,2,2020-10-30,VIS,2,0.47188878,1,0.68,False,False
NN_v2,2,2020-11-06,VDE,1,0.3630977,1,0.68,False,False
NN_v2,2,2020-11-06,VFH,2,0.33593363,1,0.63,False,False
NN_v2,2,2020-11-13,VCR,2,0.35059223,1,0.74,False,False
NN_v2,2,2020-11-13,VGT,1,0.3580757,0,0.69,False,False
NN_v2,2,2020-11-20,VHT,2,0.41015473,0,0.7,False,False
NN_v2,2,2020-11-20,VNQ,1,0.41503102,0,0.7,False,False
NN_v2,2,2020-11-27,VGT,1,0.32456657,1,0.64,False,False
NN_v2,2,2020-11-27,VHT,2,0.29897648,1,0.66,False,False
NN_v2,2,2020-12-04,VGT,2,0.28180924,0,0.69,False,False
NN_v2,2,2020-12-04,VNQ,1,0.2833941,0,0.7,False,False
NN_v2,2,2020-12-11,VCR,2,0.32586125,1,0.67,False,False
NN_v2,2,2020-12-11,VGT,1,0.36441565,1,0.64,False,False
NN_v2,2,2020-12-18,VDE,1,0.30554432,1,0.69,False,False
NN_v2,2,2020-12-18,VGT,2,0.28478885,1,0.63,False,False
NN_v2,2,2020-12-25,VDE,1,0.30823284,0,0.66,False,False
NN_v2,2,2020-12-25,VHT,2,0.28054887,0,0.69,False,False
NN_v2,2,2021-01-01,VDE,1,0.3538124,1,0.68,False,False
NN_v2,2,2021-01-01,VGT,2,0.32185158,0,0.65,False,False
NN_v2,2,2021-01-08,VGT,1,0.3368753,0,0.7,False,False
NN_v2,2,2021-01-08,VNQ,2,0.3244715,1,0.66,False,False
NN_v2,2,2021-01-15,VGT,1,0.40780908,1,0.63,False,False
NN_v2,2,2021-01-15,VOX,2,0.39848882,1,0.69,False,False
NN_v2,2,2021-01-22,VAW,1,0.3024059,0,0.67,False,False
NN_v2,2,2021-01-22,VFH,2,0.2855268,0,0.69,False,False
NN_v2,2,2021-01-29,VFH,1,0.45758614,1,0.68,False,False
NN_v2,2,2021-01-29,VIS,2,0.45651823,1,0.63,False,False
NN_v2,2,2021-02-05,VAW,1,0.3182325,0,0.73,False,False
NN_v2,2,2021-02-05,VIS,2,0.28519773,1,0.67,False,False
NN_v2,2,2021-02-12,VAW,1,0.32730722,0,0.68,False,False
NN_v2,2,2021-02-12,VIS,2,0.311733,0,0.68,False,False
NN_v2,2,2021-02-19,VAW,2,0.3887438,0,0.71,False,False
NN_v2,2,2021-02-19,VGT,1,0.392143,0,0.7,False,False
NN_v2,2,2021-02-26,VCR,1,0.46260566,0,0.68,False,False
NN_v2,2,2021-02-26,VGT,2,0.4613161,0,0.7,False,False
NN_v2,2,2021-03-05,VCR,1,0.45708808,1,0.64,False,False
NN_v2,2,2021-03-05,VGT,2,0.45348382,1,0.71,False,False
NN_v2,2,2021-03-12,VGT,1,0.3627553,0,0.7,False,False
NN_v2,2,2021-03-12,VHT,2,0.30623147,0,0.69,False,False
NN_v2,2,2021-03-19,VCR,2,0.42300805,0,0.72,False,False
NN_v2,2,2021-03-19,VGT,1,0.42353687,1,0.64,False,False
NN_v2,2,2021-03-26,VCR,2,0.40243083,1,0.73,False,False
NN_v2,2,2021-03-26,VOX,1,0.41162777,1,0.64,False,False
NN_v2,2,2021-04-02,VCR,1,0.32994342,1,0.66,False,False
NN_v2,2,2021-04-02,VGT,2,0.3299233,1,0.66,False,False
NN_v2,2,2021-04-09,VCR,2,0.30117893,1,0.63,False,False
NN_v2,2,2021-04-09,VDE,1,0.39298433,0,0.67,False,False
NN_v2,2,2021-04-16,VDE,1,0.3627041,0,0.69,False,False
NN_v2,2,2021-04-16,VOX,2,0.306708,0,0.7,False,False
NN_v2,2,2021-04-23,VDE,1,0.41600466,1,0.67,False,False
NN_v2,2,2021-04-23,VGT,2,0.31885704,0,0.59,False,False
NN_v2,2,2021-04-30,VDE,2,0.3542156,1,0.66,False,False
NN_v2,2,2021-04-30,VGT,1,0.37610227,0,0.7,False,False
NN_v2,2,2021-05-07,VCR,1,0.37153727,0,0.64,False,False
NN_v2,2,2021-05-07,VPU,2,0.367072,0,0.65,False,False
NN_v2,2,2021-05-14,VCR,1,0.42316285,0,0.73,False,False
NN_v2,2,2021-05-14,VOX,2,0.41287655,0,0.74,False,False
NN_v2,2,2021-05-21,VCR,1,0.39953128,1,0.69,False,False
NN_v2,2,2021-05-21,VOX,2,0.37533936,1,0.65,False,False
NN_v2,2,2021-05-28,VCR,1,0.3514621,0,0.68,False,False
NN_v2,2,2021-05-28,VDE,2,0.35019043,1,0.69,False,False
NN_v2,2,2021-06-04,VCR,2,0.36718422,1,0.68,False,False
NN_v2,2,2021-06-04,VGT,1,0.37458926,1,0.62,False,False
NN_v2,2,2021-06-11,VAW,1,0.35107455,0,0.63,False,False
NN_v2,2,2021-06-11,VFH,2,0.3376419,0,0.69,False,False
NN_v2,2,2021-06-18,VAW,1,0.45193082,1,0.7,False,False
NN_v2,2,2021-06-18,VFH,2,0.45068955,1,0.68,False,False
NN_v2,2,2021-06-25,VAW,1,0.36736217,0,0.67,False,False
NN_v2,2,2021-06-25,VFH,2,0.33242255,0,0.69,False,False
NN_v2,2,2021-07-02,VAW,2,0.35317332,0,0.71,False,False
NN_v2,2,2021-07-02,VDE,1,0.3543965,0,0.63,False,False
NN_v2,2,2021-07-09,VDE,1,0.4313522,0,0.67,False,False
NN_v2,2,2021-07-09,VFH,2,0.41084427,0,0.66,False,False
NN_v2,2,2021-07-16,VDE,1,0.4868761,1,0.67,False,False
NN_v2,2,2021-07-16,VFH,2,0.4548315,1,0.68,False,False
NN_v2,2,2021-07-23,VAW,2,0.35554677,1,0.66,False,False
NN_v2,2,2021-07-23,VDE,1,0.43862113,1,0.67,False,False
NN_v2,2,2021-07-30,VCR,2,0.38697237,0,0.65,False,False
NN_v2,2,2021-07-30,VDE,1,0.4287471,0,0.66,False,False
NN_v2,2,2021-08-06,VAW,2,0.33868432,1,0.62,False,False
NN_v2,2,2021-08-06,VDE,1,0.39407304,0,0.67,False,False
NN_v2,2,2021-08-13,VDE,1,0.40586925,0,0.69,False,False
NN_v2,2,2021-08-13,VOX,2,0.3439876,0,0.68,False,False
NN_v2,2,2021-08-20,VAW,2,0.43871564,1,0.72,False,False
NN_v2,2,2021-08-20,VDE,1,0.46306258,1,0.72,False,False
NN_v2,2,2021-08-27,VAW,2,0.36079946,0,0.72,False,False
NN_v2,2,2021-08-27,VDE,1,0.36661673,0,0.68,False,False
NN_v2,2,2021-09-03,VAW,2,0.37177917,0,0.69,False,False
NN_v2,2,2021-09-03,VDE,1,0.39715403,0,0.68,False,False
NN_v2,2,2021-09-10,VDE,1,0.43668127,1,0.72,False,False
NN_v2,2,2021-09-10,VFH,2,0.4261867,0,0.65,False,False
NN_v2,2,2021-09-17,VNQ,2,0.43186313,0,0.67,False,False
NN_v2,2,2021-09-17,VPU,1,0.43487662,0,0.7,False,False
NN_v2,2,2021-09-24,VAW,2,0.40674534,0,0.72,False,False
NN_v2,2,2021-09-24,VNQ,1,0.42315435,0,0.64,False,False
NN_v2,2,2021-10-01,VHT,2,0.46676502,0,0.67,False,False
NN_v2,2,2021-10-01,VPU,1,0.46985167,1,0.68,False,False
NN_v2,2,2021-10-08,VAW,1,0.43318343,1,0.67,False,False
NN_v2,2,2021-10-08,VGT,2,0.42796153,1,0.62,False,False
NN_v2,2,2021-10-15,VAW,2,0.33695486,1,0.62,False,False
NN_v2,2,2021-10-15,VOX,1,0.33957446,0,0.65,False,False
NN_v2,2,2021-10-22,VAW,1,0.3417212,0,0.68,False,False
NN_v2,2,2021-10-22,VOX,2,0.32585213,0,0.64,False,False
NN_v2,2,2021-10-29,VAW,1,0.33876345,1,0.69,False,False
NN_v2,2,2021-10-29,VDE,2,0.32450357,0,0.7,False,False
NN_v2,2,2021-11-05,VDE,1,0.29034856,0,0.66,False,False
NN_v2,2,2021-11-05,VNQ,2,0.28414983,0,0.66,False,False
NN_v2,2,2021-11-12,VCR,1,0.3440446,1,0.71,False,False
NN_v2,2,2021-11-12,VFH,2,0.32816786,0,0.62,False,False
NN_v2,2,2021-11-19,VAW,2,0.40430537,0,0.65,False,False
NN_v2,2,2021-11-19,VDE,1,0.4388848,1,0.7,False,False
NN_v2,2,2021-11-26,VDE,1,0.45938152,0,0.72,False,False
NN_v2,2,2021-11-26,VFH,2,0.45922476,0,0.69,False,False
NN_v2,2,2021-12-03,VAW,2,0.46662396,1,0.62,False,False
NN_v2,2,2021-12-03,VFH,1,0.47204566,1,0.71,False,False
NN_v2,2,2021-12-10,VCR,2,0.3221293,0,0.63,False,False
NN_v2,2,2021-12-10,VDE,1,0.3231097,0,0.73,False,False
NN_v2,2,2021-12-17,VCR,1,0.47096983,1,0.66,False,False
NN_v2,2,2021-12-17,VDE,2,0.46364337,1,0.71,False,False
NN_v2,2,2021-12-24,VCR,2,0.35851315,0,0.73,False,False
NN_v2,2,2021-12-24,VDE,1,0.36318737,1,0.68,False,False
NN_v2,2,2021-12-31,VCR,2,0.38671622,0,0.69,False,False
NN_v2,2,2021-12-31,VDE,1,0.38696495,1,0.65,False,False
NN_v2,2,2022-01-07,VCR,1,0.44704762,0,0.65,False,False
NN_v2,2,2022-01-07,VGT,2,0.4468879,1,0.62,False,False
NN_v2,2,2022-01-14,VCR,1,0.45131522,0,0.68,False,False
NN_v2,2,2022-01-14,VGT,2,0.45119005,0,0.69,False,False
NN_v2,2,2022-01-21,VGT,1,0.47711945,1,0.7,False,False
NN_v2,2,2022-01-21,VOX,2,0.47341174,1,0.75,False,False
NN_v2,2,2022-01-28,VAW,2,0.46454573,0,0.65,False,False
NN_v2,2,2022-01-28,VNQ,1,0.47474614,0,0.68,False,False
NN_v2,2,2022-02-04,VGT,1,0.46828026,0,0.67,False,False
NN_v2,2,2022-02-04,VNQ,2,0.46692276,0,0.68,False,False
NN_v2,2,2022-02-11,VCR,1,0.48765936,0,0.73,False,False
NN_v2,2,2022-02-11,VNQ,2,0.48450536,0,0.67,False,False
NN_v2,2,2022-02-18,VHT,2,0.49068508,1,0.67,False,False
NN_v2,2,2022-02-18,VNQ,1,0.49397936,1,0.64,False,False
NN_v2,2,2022-02-25,VCR,1,0.46836036,0,0.66,False,False
NN_v2,2,2022-02-25,VGT,2,0.46662718,0,0.72,False,False
NN_v2,2,2022-03-04,VGT,1,0.4846898,0,0.69,False,False
NN_v2,2,2022-03-04,VOX,2,0.4820791,0,0.64,False,False
NN_v2,2,2022-03-11,VFH,1,0.5006859,1,0.69,False,False
NN_v2,2,2022-03-11,VGT,2,0.49928695,1,0.68,False,False
NN_v2,2,2022-03-18,VNQ,1,0.4107132,0,0.69,False,False
NN_v2,2,2022-03-18,VOX,2,0.41039968,1,0.64,False,False
NN_v2,2,2022-03-25,VCR,1,0.50450104,0,0.74,False,False
NN_v2,2,2022-03-25,VGT,2,0.47872812,0,0.65,False,False
NN_v2,2,2022-04-01,VFH,2,0.45929527,0,0.66,False,False
NN_v2,2,2022-04-01,VGT,1,0.46841064,0,0.68,False,False
NN_v2,2,2022-04-08,VCR,2,0.47583073,1,0.65,False,False
NN_v2,2,2022-04-08,VGT,1,0.4779634,0,0.71,False,False
NN_v2,2,2022-04-15,VCR,1,0.4787106,0,0.7,False,False
NN_v2,2,2022-04-15,VFH,2,0.4637038,0,0.65,False,False
NN_v2,2,2022-04-22,VFH,1,0.49475852,0,0.61,False,False
NN_v2,2,2022-04-22,VGT,2,0.4898654,0,0.69,False,False
NN_v2,2,2022-04-29,VFH,2,0.5045199,0,0.63,False,False
NN_v2,2,2022-04-29,VGT,1,0.5104828,0,0.67,False,False
NN_v2,2,2022-05-06,VHT,1,0.48610884,0,0.64,False,False
NN_v2,2,2022-05-06,VOX,2,0.48383254,0,0.67,False,False
NN_v2,2,2022-05-13,VFH,2,0.5061982,0,0.64,False,False
NN_v2,2,2022-05-13,VGT,1,0.5114845,0,0.71,False,False
NN_v2,2,2022-05-20,VCR,1,0.50881064,1,0.65,False,False
NN_v2,2,2022-05-20,VNQ,2,0.48958367,1,0.61,False,False
NN_v2,2,2022-05-27,VGT,2,0.3905415,0,0.66,False,False
NN_v2,2,2022-05-27,VOX,1,0.41679463,0,0.68,False,False
NN_v2,2,2022-06-03,VGT,1,0.4869176,0,0.71,False,False
NN_v2,2,2022-06-03,VOX,2,0.48318893,0,0.72,False,False
NN_v2,2,2022-06-10,VCR,2,0.48240346,0,0.64,False,False
NN_v2,2,2022-06-10,VNQ,1,0.4850029,0,0.68,False,False
NN_v2,2,2022-06-17,VDE,1,0.49125308,0,0.67,False,False
NN_v2,2,2022-06-17,VPU,2,0.469061,1,0.7,False,False
NN_v2,2,2022-06-24,VDE,2,0.4364562,0,0.65,False,False
NN_v2,2,2022-06-24,VFH,1,0.4369071,0,0.65,False,False
NN_v2,2,2022-07-01,VCR,2,0.49891192,1,0.61,False,False
NN_v2,2,2022-07-01,VGT,1,0.49982443,1,0.69,False,False
NN_v2,2,2022-07-08,VNQ,2,0.5028881,0,0.67,False,False
NN_v2,2,2022-07-08,VPU,1,0.5057652,0,0.62,False,False
NN_v2,2,2022-07-15,VCR,2,0.5107418,1,0.63,False,False
NN_v2,2,2022-07-15,VDE,1,0.5317141,1,0.72,False,False
NN_v2,2,2022-07-22,VDE,1,0.46896857,1,0.64,False,False
NN_v2,2,2022-07-22,VPU,2,0.46668515,1,0.71,False,False
NN_v2,2,2022-07-29,VFH,1,0.40591437,0,0.7,False,False
NN_v2,2,2022-07-29,VOX,2,0.40349206,1,0.66,False,False
NN_v2,2,2022-08-05,VDE,1,0.5143978,1,0.65,False,False
NN_v2,2,2022-08-05,VFH,2,0.4905941,1,0.72,False,False
NN_v2,2,2022-08-12,VCR,2,0.31871048,0,0.66,False,False
NN_v2,2,2022-08-12,VDE,1,0.37461105,1,0.68,False,False
NN_v2,2,2022-08-19,VCR,2,0.49140793,0,0.67,False,False
NN_v2,2,2022-08-19,VGT,1,0.49400097,0,0.67,False,False
NN_v2,2,2022-08-26,VCR,1,0.49226484,0,0.67,False,False
NN_v2,2,2022-08-26,VGT,2,0.4868165,0,0.65,False,False
NN_v2,2,2022-09-02,VCR,1,0.4858653,1,0.76,False,False
NN_v2,2,2022-09-02,VGT,2,0.48002487,1,0.74,False,False
NN_v2,2,2022-09-09,VDE,2,0.38436556,0,0.74,False,False
NN_v2,2,2022-09-09,VGT,1,0.41510063,0,0.66,False,False
NN_v2,2,2022-09-16,VCR,1,0.49423856,0,0.7,False,False
NN_v2,2,2022-09-16,VIS,2,0.49189585,0,0.69,False,False
NN_v2,2,2022-09-23,VCR,2,0.49131098,0,0.7,False,False
NN_v2,2,2022-09-23,VDE,1,0.512111,1,0.68,False,False
NN_v2,2,2022-09-30,VCR,1,0.45852852,0,0.71,False,False
NN_v2,2,2022-09-30,VPU,2,0.45711493,0,0.7,False,False
NN_v2,2,2022-10-07,VCR,2,0.46369153,0,0.65,False,False
NN_v2,2,2022-10-07,VNQ,1,0.47038633,0,0.72,False,False
NN_v2,2,2022-10-14,VGT,1,0.5108559,1,0.68,False,False
NN_v2,2,2022-10-14,VNQ,2,0.5093745,0,0.64,False,False
NN_v2,2,2022-10-21,VCR,1,0.46538043,1,0.67,False,False
NN_v2,2,2022-10-21,VNQ,2,0.45680672,1,0.7,False,False
NN_v2,2,2022-10-28,VCR,2,0.45771495,0,0.71,False,False
NN_v2,2,2022-10-28,VOX,1,0.46402082,0,0.7,False,False
NN_v2,2,2022-11-04,VCR,1,0.49283108,1,0.69,False,False
NN_v2,2,2022-11-04,VGT,2,0.49097648,1,0.64,False,False
NN_v2,2,2022-11-11,VCR,2,0.4387106,0,0.65,False,False
NN_v2,2,2022-11-11,VPU,1,0.44886804,1,0.7,False,False
NN_v2,2,2022-11-18,VGT,2,0.504897,1,0.73,False,False
NN_v2,2,2022-11-18,VNQ,1,0.51043034,1,0.71,False,False
NN_v2,2,2022-11-25,VCR,2,0.43923855,1,0.66,False,False
NN_v2,2,2022-11-25,VGT,1,0.44130033,1,0.62,False,False
NN_v2,2,2022-12-02,VGT,1,0.48525771,0,0.65,False,False
NN_v2,2,2022-12-02,VNQ,2,0.4765702,0,0.65,False,False
NN_v2,2,2022-12-09,VDE,1,0.5093791,0,0.67,False,False
NN_v2,2,2022-12-09,VGT,2,0.4976067,0,0.64,False,False
NN_v2,2,2022-12-16,VDE,1,0.48048463,1,0.66,False,False
NN_v2,2,2022-12-16,VGT,2,0.47991553,0,0.65,False,False
NN_v2,2,2022-12-23,VFH,2,0.44211298,0,0.67,False,False
NN_v2,2,2022-12-23,VGT,1,0.4555381,0,0.65,False,False
NN_v2,2,2022-12-30,VGT,1,0.48732162,0,0.6,False,False
NN_v2,2,2022-12-30,VNQ,2,0.46093017,1,0.65,False,False
NN_v2,2,2023-01-06,VDE,2,0.44059864,1,0.7,False,False
NN_v2,2,2023-01-06,VGT,1,0.45904464,1,0.69,False,False
NN_v2,2,2023-01-13,VDE,1,0.39822906,0,0.69,False,False
NN_v2,2,2023-01-13,VGT,2,0.39070213,0,0.74,False,False
NN_v2,2,2023-01-20,VCR,1,0.46748495,1,0.63,False,False
NN_v2,2,2023-01-20,VGT,2,0.4638215,1,0.67,False,False
NN_v2,2,2023-01-27,VAW,2,0.37786952,1,0.69,False,False
NN_v2,2,2023-01-27,VDE,1,0.40635276,0,0.7,False,False
NN_v2,2,2023-02-03,VDE,1,0.4625145,1,0.69,False,False
NN_v2,2,2023-02-03,VPU,2,0.3894971,0,0.63,False,False
NN_v2,2,2023-02-10,VCR,1,0.45788923,1,0.65,False,False
NN_v2,2,2023-02-10,VOX,2,0.45595875,0,0.68,False,False
NN_v2,2,2023-02-17,VAW,2,0.4437469,0,0.63,False,False
NN_v2,2,2023-02-17,VDE,1,0.48199144,0,0.67,False,False
NN_v2,2,2023-02-24,VNQ,2,0.47474533,0,0.67,False,False
NN_v2,2,2023-02-24,VOX,1,0.48600402,1,0.67,False,False
NN_v2,2,2023-03-03,VDE,1,0.4332222,0,0.63,False,False
NN_v2,2,2023-03-03,VOX,2,0.42763996,0,0.7,False,False
NN_v2,2,2023-03-10,VCR,2,0.49438065,1,0.65,False,False
NN_v2,2,2023-03-10,VOX,1,0.5017209,1,0.67,False,False
NN_v2,2,2023-03-17,VAW,2,0.46634388,1,0.72,False,False
NN_v2,2,2023-03-17,VIS,1,0.46834564,0,0.67,False,False
NN_v2,2,2023-03-24,VAW,2,0.44782084,1,0.67,False,False
NN_v2,2,2023-03-24,VNQ,1,0.4554928,1,0.69,False,False
NN_v2,2,2023-03-31,VDE,1,0.38078505,0,0.63,False,False
NN_v2,2,2023-03-31,VNQ,2,0.37585357,0,0.74,False,False
NN_v2,2,2023-04-07,VAW,2,0.4615542,1,0.67,False,False
NN_v2,2,2023-04-07,VCR,1,0.46903077,1,0.66,False,False
NN_v2,2,2023-04-14,VAW,2,0.43511382,0,0.67,False,False
NN_v2,2,2023-04-14,VNQ,1,0.4378702,1,0.72,False,False
NN_v2,2,2023-04-21,VAW,2,0.45918244,0,0.65,False,False
NN_v2,2,2023-04-21,VDE,1,0.47445568,0,0.67,False,False
NN_v2,2,2023-04-28,VDE,1,0.47963962,0,0.64,False,False
NN_v2,2,2023-04-28,VFH,2,0.46860233,0,0.67,False,False
NN_v2,2,2023-05-05,VAW,1,0.47459263,0,0.75,False,False
NN_v2,2,2023-05-05,VFH,2,0.47407293,0,0.69,False,False
NN_v2,2,2023-05-12,VAW,1,0.47099143,0,0.66,False,False
NN_v2,2,2023-05-12,VNQ,2,0.46511644,0,0.67,False,False
NN_v2,2,2023-05-19,VAW,2,0.4444216,0,0.64,False,False
NN_v2,2,2023-05-19,VNQ,1,0.44723803,0,0.69,False,False
NN_v2,2,2023-05-26,VFH,1,0.47552505,1,0.73,False,False
NN_v2,2,2023-05-26,VNQ,2,0.45922813,1,0.64,False,False
NN_v2,2,2023-06-02,VDE,1,0.38525647,0,0.69,False,False
NN_v2,2,2023-06-02,VFH,2,0.34935647,1,0.75,False,False
NN_v2,2,2023-06-09,VDE,1,0.38281915,1,0.65,False,False
NN_v2,2,2023-06-09,VFH,2,0.35136616,1,0.68,False,False
NN_v2,2,2023-06-16,VDE,1,0.36776578,0,0.71,False,False
NN_v2,2,2023-06-16,VNQ,2,0.30923185,0,0.68,False,False
NN_v2,2,2023-06-23,VAW,1,0.43108687,1,0.65,False,False
NN_v2,2,2023-06-23,VDE,2,0.43051973,1,0.67,False,False
NN_v2,2,2023-06-30,VDE,1,0.36098602,0,0.69,False,False
NN_v2,2,2023-06-30,VFH,2,0.34697905,0,0.66,False,False
NN_v2,2,2023-07-07,VAW,2,0.38294363,1,0.73,False,False
NN_v2,2,2023-07-07,VDE,1,0.3917772,0,0.69,False,False
NN_v2,2,2023-07-14,VDE,1,0.33858973,1,0.7,False,False
NN_v2,2,2023-07-14,VFH,2,0.3111475,1,0.66,False,False
NN_v2,2,2023-07-21,VDE,2,0.33501345,1,0.72,False,False
NN_v2,2,2023-07-21,VNQ,1,0.35537183,0,0.68,False,False
NN_v2,2,2023-07-28,VDE,2,0.34923667,0,0.67,False,False
NN_v2,2,2023-07-28,VNQ,1,0.35341582,0,0.7,False,False
NN_v2,2,2023-08-04,VAW,2,0.4199903,0,0.66,False,False
NN_v2,2,2023-08-04,VGT,1,0.44436017,0,0.76,False,False
NN_v2,2,2023-08-11,VAW,2,0.41455394,0,0.68,False,False
NN_v2,2,2023-08-11,VGT,1,0.44992155,0,0.68,False,False
NN_v2,2,2023-08-18,VAW,1,0.47204572,0,0.63,False,False
NN_v2,2,2023-08-18,VCR,2,0.46452054,0,0.67,False,False
NN_v2,2,2023-08-25,VCR,1,0.42237496,1,0.73,False,False
NN_v2,2,2023-08-25,VNQ,2,0.41512603,1,0.72,False,False
NN_v2,2,2023-09-01,VNQ,2,0.3812617,0,0.73,False,False
NN_v2,2,2023-09-01,VPU,1,0.40134826,0,0.68,False,False
NN_v2,2,2023-09-08,VAW,2,0.42501456,0,0.7,False,False
NN_v2,2,2023-09-08,VGT,1,0.42514628,0,0.67,False,False
NN_v2,2,2023-09-15,VAW,2,0.41768822,0,0.7,False,False
NN_v2,2,2023-09-15,VGT,1,0.42748657,0,0.64,False,False
NN_v2,2,2023-09-22,VCR,1,0.4687313,0,0.72,False,False
NN_v2,2,2023-09-22,VIS,2,0.46290216,0,0.65,False,False
NN_v2,2,2023-09-29,VAW,2,0.48039174,0,0.69,False,False
NN_v2,2,2023-09-29,VIS,1,0.48258156,0,0.68,False,False
NN_v2,2,2023-10-06,VAW,1,0.49749523,0,0.7,False,False
NN_v2,2,2023-10-06,VDE,2,0.49466476,1,0.67,False,False
NN_v2,2,2023-10-13,VAW,2,0.4728829,0,0.69,False,False
NN_v2,2,2023-10-13,VIS,1,0.47455359,0,0.67,False,False
NN_v2,2,2023-10-20,VAW,2,0.5014311,0,0.69,False,False
NN_v2,2,2023-10-20,VCR,1,0.5029906,0,0.67,False,False
NN_v2,2,2023-10-27,VDE,1,0.4932375,1,0.67,False,False
NN_v2,2,2023-10-27,VHT,2,0.4851655,1,0.68,False,False
NN_v2,2,2023-11-03,VDC,2,0.38285762,0,0.69,False,False
NN_v2,2,2023-11-03,VDE,1,0.39519325,0,0.69,False,False
NN_v2,2,2023-11-10,VAW,1,0.47551766,1,0.7,False,False
NN_v2,2,2023-11-10,VPU,2,0.47093496,1,0.7,False,False
NN_v2,2,2023-11-17,VDE,1,0.37638417,0,0.63,False,False
NN_v2,2,2023-11-17,VNQ,2,0.37581882,0,0.69,False,False
NN_v2,2,2023-11-24,VCR,2,0.37357584,1,0.69,False,False
NN_v2,2,2023-11-24,VNQ,1,0.39562532,1,0.71,False,False
NN_v2,2,2023-12-01,VDE,1,0.37908918,0,0.68,False,False
NN_v2,2,2023-12-01,VOX,2,0.3617509,1,0.69,False,False
NN_v2,2,2023-12-08,VDE,1,0.4407247,1,0.7,False,False
NN_v2,2,2023-12-08,VPU,2,0.3963142,1,0.69,False,False
NN_v2,2,2023-12-15,VDE,1,0.3369909,0,0.72,False,False
NN_v2,2,2023-12-15,VPU,2,0.30580783,0,0.67,False,False
NN_v2,2,2023-12-22,VDE,1,0.32100135,0,0.67,False,False
NN_v2,2,2023-12-22,VPU,2,0.29226,1,0.63,False,False
NN_v2,2,2023-12-29,VDE,1,0.35176095,0,0.72,False,False
NN_v2,2,2023-12-29,VPU,2,0.3126801,1,0.7,False,False
NN_v2,2,2024-01-05,VCR,1,0.4436027,0,0.69,False,False
NN_v2,2,2024-01-05,VGT,2,0.43387437,1,0.71,False,False
NN_v2,2,2024-01-12,VCR,2,0.3369694,1,0.68,False,False
NN_v2,2,2024-01-12,VDE,1,0.36601812,0,0.71,False,False
NN_v2,2,2024-01-19,VDE,2,0.3513915,1,0.67,False,False
NN_v2,2,2024-01-19,VNQ,1,0.3636633,0,0.75,False,False
NN_v2,2,2024-01-26,VCR,2,0.32460386,1,0.68,False,False
NN_v2,2,2024-01-26,VNQ,1,0.3333361,0,0.66,False,False
NN_v2,2,2024-02-02,VDE,2,0.29809263,0,0.69,False,False
NN_v2,2,2024-02-02,VNQ,1,0.31496271,1,0.64,False,False
NN_v2,2,2024-02-09,VDE,1,0.3155902,1,0.72,False,False
NN_v2,2,2024-02-09,VNQ,2,0.298737,0,0.71,False,False
NN_v2,2,2024-02-16,VGT,2,0.32698405,1,0.67,False,False
NN_v2,2,2024-02-16,VNQ,1,0.32935613,1,0.74,False,False
NN_v2,2,2024-02-23,VDE,2,0.25602183,1,0.69,False,False
NN_v2,2,2024-02-23,VGT,1,0.2666355,1,0.68,False,False
NN_v2,2,2024-03-01,VDE,1,0.27497375,0,0.71,False,False
NN_v2,2,2024-03-01,VNQ,2,0.26298138,1,0.63,False,False
NN_v2,2,2024-03-08,VCR,1,0.3186291,0,0.66,False,False
NN_v2,2,2024-03-08,VGT,2,0.3119151,0,0.65,False,False
NN_v2,2,2024-03-15,VGT,1,0.3716368,1,0.69,False,False
NN_v2,2,2024-03-15,VNQ,2,0.3536418,0,0.65,False,False
NN_v2,2,2024-03-22,VGT,2,0.2616045,0,0.63,False,False
NN_v2,2,2024-03-22,VNQ,1,0.2695142,1,0.67,False,False
NN_v2,2,2024-03-29,VGT,1,0.26887494,0,0.69,False,False
NN_v2,2,2024-03-29,VNQ,2,0.25180477,0,0.68,False,False
NN_v2,2,2024-04-05,VCR,1,0.3990466,0,0.74,False,False
NN_v2,2,2024-04-05,VGT,2,0.39315176,0,0.69,False,False
NN_v2,2,2024-04-12,VCR,1,0.4163882,0,0.73,False,False
NN_v2,2,2024-04-12,VNQ,2,0.40904766,0,0.64,False,False
NN_v2,2,2024-04-19,VCR,1,0.4719569,1,0.64,False,False
NN_v2,2,2024-04-19,VGT,2,0.47125444,1,0.68,False,False
NN_v2,2,2024-04-26,VGT,2,0.3402688,0,0.68,False,False
NN_v2,2,2024-04-26,VNQ,1,0.35748404,0,0.65,False,False
NN_v2,2,2024-05-03,VGT,1,0.39157328,0,0.68,False,False
NN_v2,2,2024-05-03,VNQ,2,0.38986337,1,0.69,False,False
NN_v2,2,2024-05-10,VGT,1,0.32788298,1,0.7,False,False
NN_v2,2,2024-05-10,VNQ,2,0.32348728,1,0.69,False,False
NN_v2,2,2024-05-17,VCR,1,0.29541042,0,0.66,False,False
NN_v2,2,2024-05-17,VGT,2,0.2889836,1,0.67,False,False
NN_v2,2,2024-05-24,VDE,2,0.39508492,1,0.71,False,False
NN_v2,2,2024-05-24,VNQ,1,0.40327024,1,0.72,False,False
NN_v2,2,2024-05-31,VDE,1,0.38723236,0,0.67,False,False
NN_v2,2,2024-05-31,VGT,2,0.3665229,1,0.75,False,False
NN_v2,2,2024-06-07,VDE,1,0.41924185,0,0.65,False,False
NN_v2,2,2024-06-07,VNQ,2,0.39455897,1,0.68,False,False
NN_v2,2,2024-06-14,VDE,1,0.3861466,1,0.66,False,False
NN_v2,2,2024-06-14,VPU,2,0.36877427,0,0.68,False,False
NN_v2,2,2024-06-21,VDE,1,0.36429587,1,0.68,False,False
NN_v2,2,2024-06-21,VPU,2,0.33452797,0,0.63,False,False
NN_v2,2,2024-06-28,VGT,2,0.33259764,1,0.7,False,False
NN_v2,2,2024-06-28,VPU,1,0.3484068,0,0.67,False,False
NN_v2,2,2024-07-05,VDE,1,0.33798665,1,0.69,False,False
NN_v2,2,2024-07-05,VPU,2,0.3131818,1,0.64,False,False
NN_v2,2,2024-07-12,VDE,1,0.296959,1,0.7,False,False
NN_v2,2,2024-07-12,VOX,2,0.26652437,0,0.69,False,False
NN_v2,2,2024-07-19,VGT,1,0.41850004,0,0.66,False,False
NN_v2,2,2024-07-19,VOX,2,0.3721618,0,0.67,False,False
NN_v2,2,2024-07-26,VGT,1,0.42603883,0,0.68,False,False
NN_v2,2,2024-07-26,VOX,2,0.37383407,0,0.68,False,False
NN_v2,2,2024-08-02,VCR,2,0.4551577,1,0.69,False,False
NN_v2,2,2024-08-02,VGT,1,0.48619574,1,0.73,False,False
NN_v2,2,2024-08-09,VCR,2,0.4127801,1,0.68,False,False
NN_v2,2,2024-08-09,VGT,1,0.46277285,1,0.66,False,False
NN_v2,2,2024-08-16,VDE,1,0.3186987,0,0.71,False,False
NN_v2,2,2024-08-16,VGT,2,0.3099081,1,0.68,False,False
NN_v2,2,2024-08-23,VDE,2,0.30749214,0,0.67,False,False
NN_v2,2,2024-08-23,VGT,1,0.33722705,0,0.7,False,False
NN_v2,2,2024-08-30,VCR,2,0.31511205,0,0.68,False,False
NN_v2,2,2024-08-30,VGT,1,0.38124102,0,0.65,False,False
NN_v2,2,2024-09-06,VDE,2,0.45355368,0,0.62,False,False
NN_v2,2,2024-09-06,VGT,1,0.45821398,1,0.65,False,False
NN_v2,2,2024-09-13,VDE,1,0.3604446,1,0.7,False,False
NN_v2,2,2024-09-13,VGT,2,0.3410583,1,0.67,False,False
NN_v2,2,2024-09-20,VDE,2,0.33972082,0,0.62,False,False
NN_v2,2,2024-09-20,VGT,1,0.38745245,1,0.69,False,False
NN_v2,2,2024-09-27,VDE,2,0.37686068,1,0.67,False,False
NN_v2,2,2024-09-27,VGT,1,0.4097272,0,0.62,False,False
NN_v2,2,2024-10-04,VCR,2,0.38916034,0,0.65,False,False
NN_v2,2,2024-10-04,VGT,1,0.44677886,1,0.66,False,False
NN_v2,2,2024-10-11,VDE,1,0.3509397,0,0.71,False,False
NN_v2,2,2024-10-11,VGT,2,0.34816185,0,0.68,False,False
NN_v2,2,2024-10-18,VDE,1,0.35095668,0,0.67,False,False
NN_v2,2,2024-10-18,VGT,2,0.33671576,0,0.66,False,False
NN_v2,2,2024-10-25,VDE,2,0.39553618,0,0.67,False,False
NN_v2,2,2024-10-25,VGT,1,0.39712754,0,0.67,False,False
NN_v2,2,2024-11-01,VAW,2,0.42259336,1,0.62,False,False
NN_v2,2,2024-11-01,VGT,1,0.4335321,1,0.69,False,False
NN_v2,2,2024-11-08,VNQ,2,0.2798032,0,0.67,False,False
NN_v2,2,2024-11-08,VPU,1,0.282643,0,0.69,False,False
NN_v2,2,2024-11-15,VAW,2,0.4395936,1,0.65,False,False
NN_v2,2,2024-11-15,VGT,1,0.4657174,1,0.67,False,False
NN_v2,2,2024-11-22,VGT,1,0.3419495,0,0.69,False,False
NN_v2,2,2024-11-22,VHT,2,0.3158997,1,0.7,False,False
NN_v2,2,2024-11-29,VDE,1,0.33644223,0,0.64,False,False
NN_v2,2,2024-11-29,VGT,2,0.32741705,1,0.67,False,False
NN_v2,2,2024-12-06,VDE,1,0.44377652,0,0.67,False,False
NN_v2,2,2024-12-06,VPU,2,0.4293025,0,0.66,False,False
NN_v2,2,2024-12-13,VDE,1,0.43984327,0,0.71,False,False
NN_v2,2,2024-12-13,VIS,2,0.42844948,0,0.69,False,False
NN_v2,2,2024-12-20,VDE,2,0.46693692,1,0.65,False,False
NN_v2,2,2024-12-20,VIS,1,0.47023368,0,0.73,False,False
NN_v2,2,2024-12-27,VDE,2,0.4034842,1,0.67,False,False
NN_v2,2,2024-12-27,VIS,1,0.4045174,0,0.64,False,False
NN_v2,2,2025-01-03,VDC,2,0.45895848,0,0.66,False,False
NN_v2,2,2025-01-03,VIS,1,0.46035844,0,0.68,False,False
NN_v2,2,2025-01-10,VFH,2,0.48019782,1,0.67,False,False
NN_v2,2,2025-01-10,VGT,1,0.48873052,1,0.64,False,False
NN_v2,2,2025-01-17,VHT,2,0.43586197,1,0.63,False,False
NN_v2,2,2025-01-17,VNQ,1,0.43641987,0,0.65,False,False
NN_v2,2,2025-01-24,VDE,1,0.4363195,0,0.66,False,False
NN_v2,2,2025-01-24,VPU,2,0.41193706,0,0.67,False,False
NN_v2,2,2025-01-31,VAW,2,0.46730694,0,0.64,False,False
NN_v2,2,2025-01-31,VPU,1,0.4790855,1,0.72,False,False
NN_v2,2,2025-02-07,VGT,1,0.46544743,1,0.67,False,False
NN_v2,2,2025-02-07,VIS,2,0.45997724,0,0.67,False,False
NN_v2,2,2025-02-14,VCR,2,0.4429187,0,0.66,False,False
NN_v2,2,2025-02-14,VNQ,1,0.44596165,0,0.71,False,False
NN_v2,2,2025-02-21,VFH,2,0.45769796,1,0.69,False,False
NN_v2,2,2025-02-21,VGT,1,0.47660375,0,0.66,False,False
NN_v2,2,2025-02-28,VAW,1,0.4708693,0,0.65,False,False
NN_v2,2,2025-02-28,VOX,2,0.4702518,0,0.63,False,False
NN_v2,2,2025-03-07,VDE,1,0.49146876,1,0.64,False,False
NN_v2,2,2025-03-07,VFH,2,0.48850113,0,0.73,False,False
NN_v2,2,2025-03-14,VAW,1,0.49384913,0,0.63,False,False
NN_v2,2,2025-03-14,VFH,2,0.48654956,1,0.67,False,False
NN_v2,2,2025-03-21,VAW,1,0.47018772,0,0.68,False,False
NN_v2,2,2025-03-21,VIS,2,0.4640904,0,0.69,False,False
NN_v2,2,2025-03-28,VAW,1,0.47552395,0,0.72,False,False
NN_v2,2,2025-03-28,VIS,2,0.47413903,0,0.65,False,False
NN_v2,2,2025-04-04,VAW,2,0.49825054,1,0.68,False,False
NN_v2,2,2025-04-04,VHT,1,0.49894843,1,0.7,False,False
NN_v2,2,2025-04-11,VFH,2,0.4432776,0,0.65,False,False
NN_v2,2,2025-04-11,VNQ,1,0.45836505,1,0.73,False,False
NN_v2,2,2025-04-18,VAW,2,0.4897136,1,0.69,False,False
NN_v2,2,2025-04-18,VHT,1,0.49073982,1,0.67,False,False
NN_v2,2,2025-04-25,VAW,1,0.45712107,1,0.63,False,False
NN_v2,2,2025-04-25,VIS,2,0.4563898,1,0.7,False,False
NN_v2,2,2025-05-02,VCR,2,0.43676525,1,0.65,False,False
NN_v2,2,2025-05-02,VDE,1,0.4452455,1,0.72,False,False
NN_v2,2,2025-05-09,VDE,1,0.4922306,0,0.68,False,False
NN_v2,2,2025-05-09,VOX,2,0.48214284,1,0.71,False,False
NN_v2,2,2025-05-16,VAW,2,0.3934812,0,0.69,False,False
NN_v2,2,2025-05-16,VDE,1,0.39517835,0,0.68,False,False
NN_v2,2,2025-05-23,VAW,1,0.47660583,0,0.69,False,False
NN_v2,2,2025-05-23,VFH,2,0.47011822,0,0.73,False,False
NN_v2,2,2025-05-30,VAW,2,0.42267275,1,0.72,False,False
NN_v2,2,2025-05-30,VDE,1,0.4437643,0,0.64,False,False
NN_v2,2,2025-06-06,VCR,1,0.42937547,0,0.65,False,False
NN_v2,2,2025-06-06,VDE,2,0.4256007,1,0.65,False,False
NN_v2,2,2025-06-13,VCR,1,0.46435338,0,0.71,False,False
NN_v2,2,2025-06-13,VFH,2,0.4479085,0,0.69,False,False
NN_v2,2,2025-06-20,VCR,1,0.43643084,1,0.65,False,False
NN_v2,2,2025-06-20,VFH,2,0.42325854,1,0.68,False,False
NN_v2,2,2025-06-27,VDE,1,0.4056471,1,0.63,False,False
NN_v2,2,2025-06-27,VHT,2,0.36012346,1,0.7,False,False
NN_v2,2,2025-07-04,VDE,1,0.39526817,1,0.69,False,False
NN_v2,2,2025-07-04,VNQ,2,0.36160246,0,0.66,False,False
NN_v2,2,2025-07-11,VCR,2,0.37864268,0,0.71,False,False
NN_v2,2,2025-07-11,VFH,1,0.39555186,0,0.67,False,False
NN_v2,2,2025-07-18,VCR,1,0.39871687,0,0.65,False,False
NN_v2,2,2025-07-18,VFH,2,0.39162165,1,0.72,False,False
NN_v2,2,2025-07-25,VCR,2,0.37012285,0,0.63,False,False
NN_v2,2,2025-07-25,VDE,1,0.39891267,0,0.66,False,False
NN_v2,2,2025-08-01,VCR,2,0.46140584,1,0.7,False,False
NN_v2,2,2025-08-01,VDE,1,0.46547765,0,0.69,False,False
NN_v2,2,2025-08-08,VCR,2,0.41263875,1,0.69,False,False
NN_v2,2,2025-08-08,VFH,1,0.4288699,1,0.64,False,False
NN_v2,2,2025-08-15,VFH,1,0.4160923,1,0.69,False,False
NN_v2,2,2025-08-15,VIS,2,0.41277075,1,0.64,False,False
NN_v2,2,2025-08-22,VDE,1,0.40704697,1,0.67,False,False
NN_v2,2,2025-08-22,VGT,2,0.40019083,0,0.66,False,False
NN_v2,2,2025-08-29,VHT,1,0.40775976,1,0.67,False,False
NN_v2,2,2025-08-29,VIS,2,0.39814514,0,0.64,False,False
NN_v2,2,2025-09-05,VFH,1,0.4106872,1,0.69,False,False
NN_v2,2,2025-09-05,VIS,2,0.4100961,0,0.66,False,False
NN_v2,2,2025-09-12,VDE,1,0.38599005,0,0.68,False,False
NN_v2,2,2025-09-12,VFH,2,0.3751213,0,0.7,False,False
NN_v2,2,2025-09-19,VDE,1,0.38455325,1,0.71,False,False
NN_v2,2,2025-09-19,VHT,2,0.3710498,0,0.69,False,False
NN_v2,2,2025-09-26,VFH,1,0.42192215,0,0.63,False,False
NN_v2,2,2025-09-26,VIS,2,0.4142066,0,0.71,False,False
NN_v2,2,2025-10-03,VDE,1,0.41513985,0,0.68,False,False
NN_v2,2,2025-10-03,VFH,2,0.4103032,0,0.67,False,False
NN_v2,2,2025-10-10,VDE,2,0.45092988,0,0.68,False,False
NN_v2,2,2025-10-10,VOX,1,0.45703477,1,0.67,False,False
NN_v2,2,2025-10-17,VCR,2,0.42869812,1,0.67,False,False
NN_v2,2,2025-10-17,VDE,1,0.43080035,1,0.72,False,False
NN_v2,2,2025-10-24,VAW,1,0.39333677,0,0.64,False,False
NN_v2,2,2025-10-24,VDC,2,0.37305424,0,0.67,False,False
NN_v2,2,2025-10-31,VDE,2,0.40410718,1,0.67,False,False
NN_v2,2,2025-10-31,VPU,1,0.40460593,0,0.72,False,False
NN_v2,2,2025-11-07,VCR,2,0.4509092,0,0.66,False,False
NN_v2,2,2025-11-07,VOX,1,0.45198578,0,0.59,False,False
NN_v2,2,2025-11-14,VIS,2,0.4367749,0,0.63,False,False
NN_v2,2,2025-11-14,VOX,1,0.44371662,0,0.64,False,False
NN_v2,2,2025-11-21,VGT,1,0.4842368,1,0.64,False,False
NN_v2,2,2025-11-21,VIS,2,0.47032,1,0.66,False,False
NN_v2,2,2025-11-28,VDC,2,0.3904732,0,0.69,False,False
NN_v2,2,2025-11-28,VGT,1,0.39872754,1,0.68,False,False
NN_v2,2,2025-12-05,VAW,1,0.43268847,1,0.66,False,False
NN_v2,2,2025-12-05,VPU,2,0.43175167,0,0.7,False,False
NN_v2,2,2025-12-12,VGT,1,0.45967793,0,0.69,False,False
NN_v2,2,2025-12-12,VPU,2,0.45371312,0,0.67,False,False
NN_v2,2,2025-12-19,VGT,1,0.45393014,0,0.64,False,False
NN_v2,2,2025-12-19,VIS,2,0.41840774,0,0.67,False,False
NN_v2,2,2025-12-26,VDE,1,0.39217952,1,0.63,False,False
NN_v2,2,2025-12-26,VGT,2,0.38925838,0,0.63,False,False
NN_v2,2,2026-01-02,VCR,2,0.3928472,1,0.71,False,False
NN_v2,2,2026-01-02,VGT,1,0.40177107,0,0.66,False,False
NN_v2,2,2026-01-09,VGT,1,0.36248648,0,0.71,False,False
NN_v2,2,2026-01-09,VPU,2,0.33559722,1,0.72,False,False
NN_v2,2,2026-01-16,VCR,1,0.3946017,1,0.66,False,False
NN_v2,2,2026-01-16,VGT,2,0.38543436,1,0.65,False,False
NN_v2,2,2026-01-23,VCR,1,0.41005468,0,0.62,False,False
NN_v2,2,2026-01-23,VPU,2,0.39599824,1,0.62,False,False
NN_v2,2,2026-01-30,VCR,1,0.4181885,0,0.72,False,False
NN_v2,2,2026-01-30,VGT,2,0.37845144,0,0.63,False,False
NN_v2,2,2026-02-06,VCR,2,0.38714337,0,0.64,False,False
NN_v2,2,2026-02-06,VOX,1,0.42123708,0,0.68,False,False
NN_v2,2,2026-02-13,VCR,1,0.42701355,1,0.67,False,False
NN_v2,2,2026-02-13,VOX,2,0.41137785,1,0.71,False,False
NN_v2,2,2026-02-20,VFH,2,0.38936472,0,0.69,False,False
NN_v2,2,2026-02-20,VOX,1,0.38971153,0,0.62,False,False
NN_v2,2,2026-02-27,VCR,2,0.4083654,0,0.64,False,False
NN_v2,2,2026-02-27,VFH,1,0.4097827,0,0.65,False,False
NN_v2,2,2026-03-06,VAW,1,0.47226295,0,0.67,False,False
NN_v2,2,2026-03-06,VIS,2,0.461955,0,0.66,False,False
NN_v2,2,2026-03-13,VAW,2,0.4619774,0,0.63,False,False
NN_v2,2,2026-03-13,VIS,1,0.46305817,0,0.67,False,False
NN_v2,2,2026-03-20,VAW,2,0.482543,1,0.67,False,False
NN_v2,2,2026-03-20,VDC,1,0.48608088,0,0.62,False,False
NN_v2,2,2026-03-27,VIS,1,0.45443383,1,0.7,False,False
NN_v2,2,2026-03-27,VOX,2,0.45421124,1,0.66,False,False
NN_v2,2,2026-04-03,VDC,1,0.42846256,0,0.61,False,False
NN_v2,2,2026-04-03,VIS,2,0.42129698,1,0.71,False,False
NN_v2,2,2026-04-10,VFH,1,0.41680327,1,0.7,False,False
NN_v2,2,2026-04-10,VOX,2,0.4072565,1,0.62,False,False
NN_v2,2,2026-04-17,VAW,1,0.40520868,0,0.7,False,False
NN_v2,2,2026-04-17,VDE,2,0.38734287,1,0.64,False,False
NN_v2,2,2026-04-24,VCR,2,0.41493645,0,0.71,False,False
NN_v2,2,2026-04-24,VOX,1,0.42214766,1,0.67,False,False
NN_v2,2,2026-05-01,VCR,1,0.39694592,1,0.72,False,False
NN_v2,2,2026-05-01,VOX,2,0.38444182,0,0.71,False,False
NN_v2,2,2026-05-08,VDE,1,0.4432838,1,0.67,False,False
NN_v2,2,2026-05-08,VOX,2,0.40325555,0,0.64,False,False
NN_v2,2,2026-05-15,VCR,1,0.4194479,1,0.68,False,False
NN_v2,2,2026-05-15,VOX,2,0.4112595,0,0.74,False,False
NN_v2,2,2026-05-22,VAW,2,0.3416454,1,0.64,False,False
NN_v2,2,2026-05-22,VDE,1,0.36662662,0,0.65,False,False
NN_v2,2,2026-05-29,VCR,2,0.35451573,0,0.67,False,False
NN_v2,2,2026-05-29,VDE,1,0.4246408,0,0.68,False,False
NN_v2,2,2026-06-05,VCR,1,0.4329351,1,0.66,False,False
NN_v2,2,2026-06-05,VOX,2,0.42941865,0,0.73,False,False
NN_v2,2,2026-06-12,VCR,1,0.37942758,0,0.68,False,False
NN_v2,2,2026-06-12,VOX,2,0.35260975,0,0.73,False,False
NN_v2,2,2026-06-19,VCR,2,0.4069255,0,0.66,False,False
NN_v2,2,2026-06-19,VDE,1,0.41228604,0,0.69,False,False
NN_v2,2,2026-06-26,VCR,1,0.41934767,1,0.72,False,False
NN_v2,2,2026-06-26,VGT,2,0.41052255,0,0.67,False,False
NN_v2,2,2026-07-03,VDE,1,0.40318996,1,0.68,False,False
NN_v2,2,2026-07-03,VGT,2,0.38891837,1,0.65,False,False
NN_v2,2,2026-07-10,VDE,1,0.39903155,1,0.69,False,False
NN_v2,2,2026-07-10,VPU,2,0.3918293,0,0.69,False,False
NN_v2,2,2026-07-17,VGT,1,0.45992652,0,0.72,False,False
NN_v2,2,2026-07-17,VOX,2,0.4004685,0,0.67,False,False
NN_v2,2,2026-07-31,VDE,2,0.45582193,0,0.67,False,False
NN_v2,2,2026-07-31,VGT,1,0.46223575,1,0.67,False,False
NN_v2,3,2008-01-04,VCR,3,0.52167475,0,0.64,False,False
NN_v2,3,2008-01-04,VFH,2,0.5341002,0,0.68,False,False
NN_v2,3,2008-01-04,VNQ,1,0.54259,0,0.7,False,False
NN_v2,3,2008-01-11,VFH,1,0.5323803,0,0.72,False,False
NN_v2,3,2008-01-11,VNQ,2,0.52993864,0,0.63,False,False
NN_v2,3,2008-01-11,VOX,3,0.51855457,0,0.73,False,False
NN_v2,3,2008-01-18,VAW,3,0.5272275,1,0.74,False,False
NN_v2,3,2008-01-18,VFH,1,0.5425012,1,0.68,False,False
NN_v2,3,2008-01-18,VNQ,2,0.53321105,1,0.66,False,False
NN_v2,3,2008-01-25,VHT,1,0.45867234,1,0.72,False,False
NN_v2,3,2008-01-25,VOX,2,0.4458918,1,0.63,False,False
NN_v2,3,2008-01-25,VPU,3,0.4362359,1,0.68,False,False
NN_v2,3,2008-02-01,VGT,1,0.315786,0,0.73,False,False
NN_v2,3,2008-02-01,VHT,2,0.28220883,0,0.65,False,False
NN_v2,3,2008-02-01,VOX,3,0.27161393,0,0.67,False,False
NN_v2,3,2008-02-08,VCR,3,0.487394,1,0.65,False,False
NN_v2,3,2008-02-08,VFH,1,0.50581634,0,0.69,False,False
NN_v2,3,2008-02-08,VNQ,2,0.5035623,0,0.68,False,False
NN_v2,3,2008-02-15,VCR,3,0.49716252,0,0.71,False,False
NN_v2,3,2008-02-15,VFH,1,0.5375578,0,0.71,False,False
NN_v2,3,2008-02-15,VNQ,2,0.5171061,0,0.65,False,False
NN_v2,3,2008-02-22,VCR,3,0.51037407,0,0.64,False,False
NN_v2,3,2008-02-22,VFH,2,0.51386756,0,0.66,False,False
NN_v2,3,2008-02-22,VOX,1,0.53340715,0,0.7,False,False
NN_v2,3,2008-02-29,VCR,3,0.5342112,0,0.66,False,False
NN_v2,3,2008-02-29,VFH,1,0.55029213,0,0.7,False,False
NN_v2,3,2008-02-29,VOX,2,0.54230696,0,0.68,False,False
NN_v2,3,2008-03-07,VFH,1,0.6182658,0,0.69,False,False
NN_v2,3,2008-03-07,VNQ,2,0.5952072,1,0.7,False,False
NN_v2,3,2008-03-07,VOX,3,0.5747946,0,0.67,False,False
NN_v2,3,2008-03-14,VCR,3,0.5505826,1,0.68,False,False
NN_v2,3,2008-03-14,VFH,1,0.5895719,1,0.72,False,False
NN_v2,3,2008-03-14,VOX,2,0.56564844,1,0.7,False,False
NN_v2,3,2008-03-21,VAW,2,0.5299784,1,0.7,False,False
NN_v2,3,2008-03-21,VDE,1,0.5367303,1,0.69,False,False
NN_v2,3,2008-03-21,VOX,3,0.5281534,0,0.62,False,False
NN_v2,3,2008-03-28,VCR,2,0.55930245,1,0.65,False,False
NN_v2,3,2008-03-28,VFH,1,0.6133278,1,0.68,False,False
NN_v2,3,2008-03-28,VGT,3,0.54827654,1,0.7,False,False
NN_v2,3,2008-04-04,VCR,3,0.39516726,0,0.68,False,False
NN_v2,3,2008-04-04,VFH,1,0.49920383,0,0.71,False,False
NN_v2,3,2008-04-04,VOX,2,0.44216758,0,0.67,False,False
NN_v2,3,2008-04-11,VCR,3,0.5482601,1,0.68,False,False
NN_v2,3,2008-04-11,VFH,1,0.6184702,1,0.67,False,False
NN_v2,3,2008-04-11,VOX,2,0.59362465,1,0.62,False,False
NN_v2,3,2008-04-18,VCR,3,0.37920675,1,0.65,False,False
NN_v2,3,2008-04-18,VFH,2,0.43234378,1,0.69,False,False
NN_v2,3,2008-04-18,VOX,1,0.4427372,1,0.68,False,False
NN_v2,3,2008-04-25,VCR,2,0.4595662,1,0.7,False,False
NN_v2,3,2008-04-25,VFH,1,0.50828993,1,0.7,False,False
NN_v2,3,2008-04-25,VOX,3,0.4430162,1,0.68,False,False
NN_v2,3,2008-05-02,VAW,2,0.43627134,1,0.64,False,False
NN_v2,3,2008-05-02,VCR,3,0.3967132,0,0.68,False,False
NN_v2,3,2008-05-02,VFH,1,0.44639796,0,0.69,False,False
NN_v2,3,2008-05-09,VCR,3,0.5383165,1,0.69,False,False
NN_v2,3,2008-05-09,VFH,1,0.5901362,0,0.72,False,False
NN_v2,3,2008-05-09,VOX,2,0.54147816,1,0.66,False,False
NN_v2,3,2008-05-16,VCR,2,0.37927008,0,0.66,False,False
NN_v2,3,2008-05-16,VFH,1,0.48020798,0,0.68,False,False
NN_v2,3,2008-05-16,VOX,3,0.366865,0,0.7,False,False
NN_v2,3,2008-05-23,VFH,1,0.52639514,1,0.6,False,False
NN_v2,3,2008-05-23,VGT,3,0.4941372,1,0.67,False,False
NN_v2,3,2008-05-23,VOX,2,0.51547533,1,0.69,False,False
NN_v2,3,2008-05-30,VCR,2,0.4060321,0,0.66,False,False
NN_v2,3,2008-05-30,VFH,1,0.45165887,0,0.67,False,False
NN_v2,3,2008-05-30,VNQ,3,0.37795168,0,0.65,False,False
NN_v2,3,2008-06-06,VCR,3,0.4947865,0,0.68,False,False
NN_v2,3,2008-06-06,VFH,1,0.54511756,0,0.71,False,False
NN_v2,3,2008-06-06,VNQ,2,0.5076097,0,0.67,False,False
NN_v2,3,2008-06-13,VFH,1,0.4842608,0,0.67,False,False
NN_v2,3,2008-06-13,VIS,3,0.4548606,0,0.64,False,False
NN_v2,3,2008-06-13,VOX,2,0.4716888,0,0.71,False,False
NN_v2,3,2008-06-20,VFH,1,0.5479515,0,0.66,False,False
NN_v2,3,2008-06-20,VGT,3,0.5236391,0,0.62,False,False
NN_v2,3,2008-06-20,VOX,2,0.5436705,0,0.66,False,False
NN_v2,3,2008-06-27,VCR,3,0.5321337,0,0.66,False,False
NN_v2,3,2008-06-27,VFH,1,0.5652108,0,0.6,False,False
NN_v2,3,2008-06-27,VOX,2,0.5542384,0,0.66,False,False
NN_v2,3,2008-07-04,VAW,2,0.5286907,1,0.71,False,False
NN_v2,3,2008-07-04,VFH,1,0.5524276,0,0.74,False,False
NN_v2,3,2008-07-04,VOX,3,0.5181092,0,0.67,False,False
NN_v2,3,2008-07-11,VCR,2,0.5662039,1,0.67,False,False
NN_v2,3,2008-07-11,VFH,1,0.61214226,1,0.7,False,False
NN_v2,3,2008-07-11,VOX,3,0.5623887,0,0.63,False,False
NN_v2,3,2008-07-18,VDE,3,0.48368415,0,0.73,False,False
NN_v2,3,2008-07-18,VOX,2,0.48724595,0,0.67,False,False
NN_v2,3,2008-07-18,VPU,1,0.5107036,0,0.74,False,False
NN_v2,3,2008-07-25,VDE,2,0.533958,0,0.7,False,False
NN_v2,3,2008-07-25,VFH,1,0.55163026,1,0.63,False,False
NN_v2,3,2008-07-25,VOX,3,0.5230091,0,0.66,False,False
NN_v2,3,2008-08-01,VCR,1,0.55142224,1,0.73,False,False
NN_v2,3,2008-08-01,VIS,2,0.54456484,1,0.67,False,False
NN_v2,3,2008-08-01,VNQ,3,0.5398933,1,0.65,False,False
NN_v2,3,2008-08-08,VAW,2,0.5665346,1,0.69,False,False
NN_v2,3,2008-08-08,VDE,3,0.5387797,0,0.61,False,False
NN_v2,3,2008-08-08,VFH,1,0.60179865,0,0.65,False,False
NN_v2,3,2008-08-15,VAW,2,0.53503114,0,0.7,False,False
NN_v2,3,2008-08-15,VDE,3,0.52827394,1,0.67,False,False
NN_v2,3,2008-08-15,VFH,1,0.609367,0,0.63,False,False
NN_v2,3,2008-08-22,VCR,2,0.5725783,0,0.69,False,False
NN_v2,3,2008-08-22,VFH,1,0.6205987,1,0.65,False,False
NN_v2,3,2008-08-22,VIS,3,0.547211,0,0.65,False,False
NN_v2,3,2008-08-29,VCR,1,0.55974066,0,0.68,False,False
NN_v2,3,2008-08-29,VFH,2,0.55386865,0,0.68,False,False
NN_v2,3,2008-08-29,VOX,3,0.540161,0,0.65,False,False
NN_v2,3,2008-09-05,VAW,2,0.5745797,0,0.65,False,False
NN_v2,3,2008-09-05,VDE,1,0.6097512,0,0.67,False,False
NN_v2,3,2008-09-05,VIS,3,0.54557145,0,0.7,False,False
NN_v2,3,2008-09-12,VAW,3,0.5047282,1,0.66,False,False
NN_v2,3,2008-09-12,VDE,1,0.5376681,1,0.66,False,False
NN_v2,3,2008-09-12,VFH,2,0.52122796,1,0.67,False,False
NN_v2,3,2008-09-19,VAW,3,0.4914152,0,0.68,False,False
NN_v2,3,2008-09-19,VCR,1,0.5118124,0,0.66,False,False
NN_v2,3,2008-09-19,VIS,2,0.49825412,0,0.7,False,False
NN_v2,3,2008-09-26,VAW,2,0.53560674,0,0.64,False,False
NN_v2,3,2008-09-26,VCR,3,0.5337454,0,0.62,False,False
NN_v2,3,2008-09-26,VFH,1,0.53563845,0,0.65,False,False
NN_v2,3,2008-10-03,VAW,1,0.5785993,0,0.65,False,False
NN_v2,3,2008-10-03,VDE,3,0.55505484,0,0.7,False,False
NN_v2,3,2008-10-03,VFH,2,0.5625188,0,0.69,False,False
NN_v2,3,2008-10-10,VAW,3,0.5123987,0,0.66,False,False
NN_v2,3,2008-10-10,VDE,1,0.55541164,1,0.67,False,False
NN_v2,3,2008-10-10,VFH,2,0.52120197,0,0.64,False,False
NN_v2,3,2008-10-17,VAW,2,0.31117052,0,0.66,False,False
NN_v2,3,2008-10-17,VCR,3,0.27821591,0,0.67,False,False
NN_v2,3,2008-10-17,VNQ,1,0.3569761,0,0.67,False,False
NN_v2,3,2008-10-24,VAW,2,0.44181687,1,0.69,False,False
NN_v2,3,2008-10-24,VCR,3,0.41638216,1,0.65,False,False
NN_v2,3,2008-10-24,VNQ,1,0.48136753,1,0.57,False,False
NN_v2,3,2008-10-31,VAW,2,0.104331195,0,0.72,False,False
NN_v2,3,2008-10-31,VGT,1,0.10505698,0,0.72,False,False
NN_v2,3,2008-10-31,VIS,3,0.08966695,0,0.71,False,False
NN_v2,3,2008-11-07,VAW,3,0.5564507,0,0.67,False,False
NN_v2,3,2008-11-07,VDE,1,0.6444664,0,0.62,False,False
NN_v2,3,2008-11-07,VFH,2,0.5703329,0,0.64,False,False
NN_v2,3,2008-11-14,VAW,3,0.6366867,0,0.63,False,False
NN_v2,3,2008-11-14,VDE,1,0.6681901,0,0.71,False,False
NN_v2,3,2008-11-14,VNQ,2,0.65750986,0,0.64,False,False
NN_v2,3,2008-11-21,VDE,3,0.7020483,1,0.7,False,False
NN_v2,3,2008-11-21,VFH,2,0.71210057,1,0.68,False,False
NN_v2,3,2008-11-21,VNQ,1,0.72917116,1,0.65,False,False
NN_v2,3,2008-11-28,VDE,1,0.25725695,0,0.73,False,False
NN_v2,3,2008-11-28,VGT,2,0.243764,0,0.63,False,False
NN_v2,3,2008-11-28,VPU,3,0.23113576,0,0.64,False,False
NN_v2,3,2008-12-05,VAW,2,0.5579181,1,0.65,False,False
NN_v2,3,2008-12-05,VDE,1,0.6207949,1,0.66,False,False
NN_v2,3,2008-12-05,VPU,3,0.4968849,0,0.66,False,False
NN_v2,3,2008-12-12,VCR,3,0.53920984,1,0.73,False,False
NN_v2,3,2008-12-12,VFH,1,0.54372424,1,0.69,False,False
NN_v2,3,2008-12-12,VNQ,2,0.5421432,1,0.66,False,False
NN_v2,3,2008-12-19,VAW,2,0.71121097,0,0.69,False,False
NN_v2,3,2008-12-19,VFH,1,0.7218672,0,0.68,False,False
NN_v2,3,2008-12-19,VNQ,3,0.69588906,0,0.71,False,False
NN_v2,3,2008-12-26,VAW,3,0.7396775,1,0.71,False,False
NN_v2,3,2008-12-26,VFH,2,0.77507025,1,0.7,False,False
NN_v2,3,2008-12-26,VNQ,1,0.7968256,0,0.71,False,False
NN_v2,3,2009-01-02,VAW,2,0.4693976,0,0.63,False,False
NN_v2,3,2009-01-02,VFH,3,0.4693036,0,0.68,False,False
NN_v2,3,2009-01-02,VNQ,1,0.52478665,0,0.67,False,False
NN_v2,3,2009-01-09,VAW,2,0.5197426,0,0.69,False,False
NN_v2,3,2009-01-09,VFH,3,0.50502485,0,0.72,False,False
NN_v2,3,2009-01-09,VNQ,1,0.5448618,0,0.7,False,False
NN_v2,3,2009-01-16,VAW,2,0.5285484,0,0.66,False,False
NN_v2,3,2009-01-16,VFH,3,0.5165076,0,0.7,False,False
NN_v2,3,2009-01-16,VNQ,1,0.54050934,0,0.66,False,False
NN_v2,3,2009-01-23,VAW,3,0.52477133,0,0.61,False,False
NN_v2,3,2009-01-23,VFH,2,0.53159976,0,0.67,False,False
NN_v2,3,2009-01-23,VNQ,1,0.5439483,0,0.66,False,False
NN_v2,3,2009-01-30,VAW,1,0.5490686,1,0.63,False,False
NN_v2,3,2009-01-30,VDE,3,0.5348263,1,0.68,False,False
NN_v2,3,2009-01-30,VNQ,2,0.54879344,1,0.68,False,False
NN_v2,3,2009-02-06,VCR,2,0.46920633,0,0.69,False,False
NN_v2,3,2009-02-06,VIS,3,0.46249342,0,0.69,False,False
NN_v2,3,2009-02-06,VNQ,1,0.49309978,0,0.7,False,False
NN_v2,3,2009-02-13,VDE,3,0.50231576,0,0.65,False,False
NN_v2,3,2009-02-13,VIS,1,0.5111598,0,0.64,False,False
NN_v2,3,2009-02-13,VNQ,2,0.51062196,0,0.69,False,False
NN_v2,3,2009-02-20,VAW,1,0.532771,0,0.67,False,False
NN_v2,3,2009-02-20,VDE,2,0.52785045,0,0.67,False,False
NN_v2,3,2009-02-20,VOX,3,0.5266453,0,0.7,False,False
NN_v2,3,2009-02-27,VDE,1,0.5343238,0,0.63,False,False
NN_v2,3,2009-02-27,VGT,2,0.5242497,0,0.69,False,False
NN_v2,3,2009-02-27,VIS,3,0.5206517,0,0.59,False,False
NN_v2,3,2009-03-06,VAW,2,0.5673575,1,0.64,False,False
NN_v2,3,2009-03-06,VDE,3,0.5623446,1,0.64,False,False
NN_v2,3,2009-03-06,VGT,1,0.57046664,1,0.65,False,False
NN_v2,3,2009-03-13,VDC,3,0.42947024,0,0.72,False,False
NN_v2,3,2009-03-13,VDE,2,0.44393373,1,0.73,False,False
NN_v2,3,2009-03-13,VPU,1,0.46779928,1,0.7,False,False
NN_v2,3,2009-03-20,VDC,3,0.4769806,1,0.66,False,False
NN_v2,3,2009-03-20,VIS,2,0.49453717,1,0.71,False,False
NN_v2,3,2009-03-20,VNQ,1,0.5188944,0,0.68,False,False
NN_v2,3,2009-03-27,VFH,2,0.42790332,1,0.67,False,False
NN_v2,3,2009-03-27,VHT,3,0.4253672,0,0.7,False,False
NN_v2,3,2009-03-27,VNQ,1,0.4821066,1,0.71,False,False
NN_v2,3,2009-04-03,VDE,3,0.39826855,0,0.69,False,False
NN_v2,3,2009-04-03,VHT,1,0.42904013,1,0.71,False,False
NN_v2,3,2009-04-03,VPU,2,0.4203174,0,0.66,False,False
NN_v2,3,2009-04-10,VDE,2,0.42986768,1,0.71,False,False
NN_v2,3,2009-04-10,VHT,3,0.42615515,1,0.69,False,False
NN_v2,3,2009-04-10,VPU,1,0.4353962,0,0.67,False,False
NN_v2,3,2009-04-17,VDE,1,0.4282585,1,0.7,False,False
NN_v2,3,2009-04-17,VHT,3,0.39429647,0,0.7,False,False
NN_v2,3,2009-04-17,VPU,2,0.41858763,0,0.68,False,False
NN_v2,3,2009-04-24,VDE,3,0.44548637,1,0.67,False,False
NN_v2,3,2009-04-24,VFH,1,0.4598176,0,0.68,False,False
NN_v2,3,2009-04-24,VPU,2,0.4493633,1,0.63,False,False
NN_v2,3,2009-05-01,VFH,2,0.44090348,1,0.69,False,False
NN_v2,3,2009-05-01,VHT,3,0.43964332,1,0.65,False,False
NN_v2,3,2009-05-01,VNQ,1,0.46541595,1,0.63,False,False
NN_v2,3,2009-05-08,VGT,3,0.33763495,0,0.7,False,False
NN_v2,3,2009-05-08,VHT,2,0.3381736,0,0.67,False,False
NN_v2,3,2009-05-08,VPU,1,0.34743586,0,0.69,False,False
NN_v2,3,2009-05-15,VIS,2,0.4636647,0,0.61,False,False
NN_v2,3,2009-05-15,VNQ,1,0.47766295,1,0.72,False,False
NN_v2,3,2009-05-15,VOX,3,0.45948705,0,0.71,False,False
NN_v2,3,2009-05-22,VIS,1,0.40448657,1,0.7,False,False
NN_v2,3,2009-05-22,VNQ,3,0.3928374,1,0.66,False,False
NN_v2,3,2009-05-22,VOX,2,0.39876547,1,0.68,False,False
NN_v2,3,2009-05-29,VDC,3,0.3094249,1,0.71,False,False
NN_v2,3,2009-05-29,VHT,1,0.32156783,0,0.7,False,False
NN_v2,3,2009-05-29,VPU,2,0.3118001,0,0.65,False,False
NN_v2,3,2009-06-05,VFH,1,0.34190452,1,0.66,False,False
NN_v2,3,2009-06-05,VHT,2,0.33771566,0,0.66,False,False
NN_v2,3,2009-06-05,VPU,3,0.33551198,1,0.72,False,False
NN_v2,3,2009-06-12,VCR,3,0.3460056,0,0.71,False,False
NN_v2,3,2009-06-12,VFH,1,0.37439454,0,0.69,False,False
NN_v2,3,2009-06-12,VHT,2,0.35305312,1,0.66,False,False
NN_v2,3,2009-06-19,VCR,2,0.4683743,0,0.66,False,False
NN_v2,3,2009-06-19,VFH,1,0.48052663,0,0.64,False,False
NN_v2,3,2009-06-19,VIS,3,0.46656138,0,0.66,False,False
NN_v2,3,2009-06-26,VFH,1,0.47549596,0,0.7,False,False
NN_v2,3,2009-06-26,VIS,3,0.45265874,0,0.67,False,False
NN_v2,3,2009-06-26,VNQ,2,0.4592895,0,0.66,False,False
NN_v2,3,2009-07-03,VAW,2,0.46652803,0,0.69,False,False
NN_v2,3,2009-07-03,VFH,1,0.4688143,0,0.69,False,False
NN_v2,3,2009-07-03,VIS,3,0.4609672,0,0.7,False,False
NN_v2,3,2009-07-10,VFH,2,0.48843664,1,0.69,False,False
NN_v2,3,2009-07-10,VIS,3,0.48755646,1,0.64,False,False
NN_v2,3,2009-07-10,VPU,1,0.49309462,1,0.67,False,False
NN_v2,3,2009-07-17,VDE,3,0.34360713,1,0.7,False,False
NN_v2,3,2009-07-17,VFH,2,0.3528603,1,0.69,False,False
NN_v2,3,2009-07-17,VNQ,1,0.36894998,1,0.71,False,False
NN_v2,3,2009-07-24,VDE,3,0.31025612,0,0.7,False,False
NN_v2,3,2009-07-24,VFH,1,0.32713723,1,0.7,False,False
NN_v2,3,2009-07-24,VOX,2,0.31070253,0,0.71,False,False
NN_v2,3,2009-07-31,VDE,1,0.37292752,0,0.67,False,False
NN_v2,3,2009-07-31,VOX,3,0.34487695,0,0.71,False,False
NN_v2,3,2009-07-31,VPU,2,0.34669515,0,0.64,False,False
NN_v2,3,2009-08-07,VDE,1,0.35859245,0,0.68,False,False
NN_v2,3,2009-08-07,VHT,2,0.34914994,0,0.71,False,False
NN_v2,3,2009-08-07,VPU,3,0.34637147,0,0.76,False,False
NN_v2,3,2009-08-14,VDE,1,0.39923924,1,0.61,False,False
NN_v2,3,2009-08-14,VIS,2,0.38959274,1,0.68,False,False
NN_v2,3,2009-08-14,VOX,3,0.38716665,1,0.7,False,False
NN_v2,3,2009-08-21,VDE,1,0.3394572,0,0.7,False,False
NN_v2,3,2009-08-21,VIS,2,0.3390252,0,0.66,False,False
NN_v2,3,2009-08-21,VOX,3,0.33260584,0,0.66,False,False
NN_v2,3,2009-08-28,VDE,1,0.37157947,0,0.75,False,False
NN_v2,3,2009-08-28,VIS,2,0.36014706,1,0.71,False,False
NN_v2,3,2009-08-28,VPU,3,0.3539873,0,0.68,False,False
NN_v2,3,2009-09-04,VDE,1,0.43801275,1,0.62,False,False
NN_v2,3,2009-09-04,VNQ,3,0.4249143,1,0.7,False,False
NN_v2,3,2009-09-04,VOX,2,0.42647767,1,0.68,False,False
NN_v2,3,2009-09-11,VFH,3,0.32597595,1,0.67,False,False
NN_v2,3,2009-09-11,VHT,2,0.3328277,0,0.66,False,False
NN_v2,3,2009-09-11,VPU,1,0.34156266,1,0.69,False,False
NN_v2,3,2009-09-18,VDC,1,0.34120268,0,0.67,False,False
NN_v2,3,2009-09-18,VHT,2,0.33284545,0,0.7,False,False
NN_v2,3,2009-09-18,VPU,3,0.32872206,0,0.7,False,False
NN_v2,3,2009-09-25,VAW,2,0.42455378,0,0.67,False,False
NN_v2,3,2009-09-25,VDE,1,0.42910844,0,0.64,False,False
NN_v2,3,2009-09-25,VFH,3,0.41702524,0,0.7,False,False
NN_v2,3,2009-10-02,VAW,2,0.42802754,1,0.68,False,False
NN_v2,3,2009-10-02,VDE,1,0.4281617,1,0.66,False,False
NN_v2,3,2009-10-02,VFH,3,0.41657034,1,0.63,False,False
NN_v2,3,2009-10-09,VHT,3,0.3342856,1,0.71,False,False
NN_v2,3,2009-10-09,VOX,2,0.33514887,0,0.65,False,False
NN_v2,3,2009-10-09,VPU,1,0.3382194,0,0.72,False,False
NN_v2,3,2009-10-16,VFH,2,0.34781924,0,0.67,False,False
NN_v2,3,2009-10-16,VNQ,1,0.38095665,0,0.65,False,False
NN_v2,3,2009-10-16,VOX,3,0.3405931,0,0.73,False,False
NN_v2,3,2009-10-23,VFH,2,0.4057436,0,0.67,False,False
NN_v2,3,2009-10-23,VIS,3,0.3913229,0,0.69,False,False
NN_v2,3,2009-10-23,VNQ,1,0.4110702,0,0.64,False,False
NN_v2,3,2009-10-30,VCR,1,0.47536907,1,0.67,False,False
NN_v2,3,2009-10-30,VIS,3,0.47053105,1,0.73,False,False
NN_v2,3,2009-10-30,VOX,2,0.47240537,1,0.7,False,False
NN_v2,3,2009-11-06,VDE,2,0.39927822,0,0.66,False,False
NN_v2,3,2009-11-06,VFH,3,0.39403763,1,0.65,False,False
NN_v2,3,2009-11-06,VNQ,1,0.41957918,1,0.65,False,False
NN_v2,3,2009-11-13,VDE,1,0.38678795,0,0.64,False,False
NN_v2,3,2009-11-13,VFH,2,0.37882918,0,0.67,False,False
NN_v2,3,2009-11-13,VOX,3,0.36562645,0,0.7,False,False
NN_v2,3,2009-11-20,VDE,1,0.425733,0,0.67,False,False
NN_v2,3,2009-11-20,VIS,2,0.40344328,0,0.65,False,False
NN_v2,3,2009-11-20,VNQ,3,0.40106028,0,0.65,False,False
NN_v2,3,2009-11-27,VDE,1,0.44394192,0,0.7,False,False
NN_v2,3,2009-11-27,VFH,3,0.40852708,1,0.7,False,False
NN_v2,3,2009-11-27,VNQ,2,0.43834963,1,0.62,False,False
NN_v2,3,2009-12-04,VAW,2,0.39746565,0,0.63,False,False
NN_v2,3,2009-12-04,VDE,1,0.40703964,0,0.61,False,False
NN_v2,3,2009-12-04,VFH,3,0.39183277,0,0.67,False,False
NN_v2,3,2009-12-11,VAW,1,0.4076213,0,0.69,False,False
NN_v2,3,2009-12-11,VDE,2,0.40498185,0,0.71,False,False
NN_v2,3,2009-12-11,VFH,3,0.39777,0,0.66,False,False
NN_v2,3,2009-12-18,VAW,3,0.40691048,1,0.69,False,False
NN_v2,3,2009-12-18,VDE,2,0.414249,0,0.6,False,False
NN_v2,3,2009-12-18,VFH,1,0.42479485,1,0.71,False,False
NN_v2,3,2009-12-25,VDC,3,0.33715254,0,0.69,False,False
NN_v2,3,2009-12-25,VDE,2,0.34849772,0,0.69,False,False
NN_v2,3,2009-12-25,VFH,1,0.3608327,0,0.66,False,False
NN_v2,3,2010-01-01,VCR,3,0.4402713,1,0.69,False,False
NN_v2,3,2010-01-01,VDE,1,0.45626968,1,0.68,False,False
NN_v2,3,2010-01-01,VIS,2,0.45137173,1,0.71,False,False
NN_v2,3,2010-01-08,VCR,1,0.4333004,0,0.69,False,False
NN_v2,3,2010-01-08,VFH,2,0.43274587,0,0.68,False,False
NN_v2,3,2010-01-08,VNQ,3,0.4308628,0,0.73,False,False
NN_v2,3,2010-01-15,VAW,3,0.45203692,0,0.7,False,False
NN_v2,3,2010-01-15,VFH,2,0.4522265,0,0.65,False,False
NN_v2,3,2010-01-15,VOX,1,0.4533276,0,0.63,False,False
NN_v2,3,2010-01-22,VAW,2,0.4681304,0,0.71,False,False
NN_v2,3,2010-01-22,VNQ,1,0.46964106,0,0.67,False,False
NN_v2,3,2010-01-22,VOX,3,0.459828,0,0.7,False,False
NN_v2,3,2010-01-29,VNQ,1,0.49260598,0,0.7,False,False
NN_v2,3,2010-01-29,VOX,3,0.47187424,0,0.7,False,False
NN_v2,3,2010-01-29,VPU,2,0.48020315,0,0.72,False,False
NN_v2,3,2010-02-05,VNQ,3,0.45030007,0,0.74,False,False
NN_v2,3,2010-02-05,VOX,1,0.4557131,1,0.7,False,False
NN_v2,3,2010-02-05,VPU,2,0.4531087,0,0.71,False,False
NN_v2,3,2010-02-12,VIS,3,0.477379,1,0.67,False,False
NN_v2,3,2010-02-12,VNQ,1,0.48190817,1,0.7,False,False
NN_v2,3,2010-02-12,VOX,2,0.48059097,1,0.69,False,False
NN_v2,3,2010-02-19,VAW,3,0.4475568,0,0.64,False,False
NN_v2,3,2010-02-19,VGT,2,0.44965973,0,0.64,False,False
NN_v2,3,2010-02-19,VPU,1,0.45149145,0,0.71,False,False
NN_v2,3,2010-02-26,VAW,1,0.47214627,1,0.7,False,False
NN_v2,3,2010-02-26,VDE,2,0.4669314,1,0.71,False,False
NN_v2,3,2010-02-26,VGT,3,0.46581602,1,0.72,False,False
NN_v2,3,2010-03-05,VAW,3,0.44159397,0,0.7,False,False
NN_v2,3,2010-03-05,VDE,1,0.45335722,0,0.74,False,False
NN_v2,3,2010-03-05,VOX,2,0.4467523,1,0.7,False,False
NN_v2,3,2010-03-12,VDE,1,0.45242152,0,0.66,False,False
NN_v2,3,2010-03-12,VOX,2,0.4422508,1,0.65,False,False
NN_v2,3,2010-03-12,VPU,3,0.44200492,1,0.66,False,False
NN_v2,3,2010-03-19,VAW,1,0.46320707,1,0.7,False,False
NN_v2,3,2010-03-19,VDE,3,0.45238867,0,0.69,False,False
NN_v2,3,2010-03-19,VGT,2,0.4549188,1,0.66,False,False
NN_v2,3,2010-03-26,VDE,1,0.45348153,1,0.7,False,False
NN_v2,3,2010-03-26,VHT,3,0.44742066,0,0.7,False,False
NN_v2,3,2010-03-26,VOX,2,0.4498621,1,0.74,False,False
NN_v2,3,2010-04-02,VGT,1,0.44750017,1,0.67,False,False
NN_v2,3,2010-04-02,VHT,2,0.44658127,0,0.66,False,False
NN_v2,3,2010-04-02,VPU,3,0.44286785,0,0.67,False,False
NN_v2,3,2010-04-09,VHT,3,0.4382546,0,0.67,False,False
NN_v2,3,2010-04-09,VOX,1,0.44689956,0,0.66,False,False
NN_v2,3,2010-04-09,VPU,2,0.43871456,0,0.66,False,False
NN_v2,3,2010-04-16,VAW,1,0.43207112,1,0.68,False,False
NN_v2,3,2010-04-16,VDE,2,0.4257546,1,0.64,False,False
NN_v2,3,2010-04-16,VOX,3,0.42310017,0,0.68,False,False
NN_v2,3,2010-04-23,VDC,3,0.43001118,0,0.65,False,False
NN_v2,3,2010-04-23,VOX,2,0.43727094,0,0.65,False,False
NN_v2,3,2010-04-23,VPU,1,0.43995947,0,0.66,False,False
NN_v2,3,2010-04-30,VAW,1,0.4705158,0,0.69,False,False
NN_v2,3,2010-04-30,VFH,2,0.45399094,0,0.73,False,False
NN_v2,3,2010-04-30,VGT,3,0.45247513,0,0.64,False,False
NN_v2,3,2010-05-07,VCR,2,0.46308297,0,0.66,False,False
NN_v2,3,2010-05-07,VFH,1,0.4729399,0,0.65,False,False
NN_v2,3,2010-05-07,VIS,3,0.45851102,1,0.75,False,False
NN_v2,3,2010-05-14,VAW,3,0.44385633,0,0.62,False,False
NN_v2,3,2010-05-14,VFH,1,0.45466906,0,0.64,False,False
NN_v2,3,2010-05-14,VGT,2,0.44816804,0,0.66,False,False
NN_v2,3,2010-05-21,VCR,1,0.4611206,1,0.68,False,False
NN_v2,3,2010-05-21,VIS,3,0.4562357,1,0.67,False,False
NN_v2,3,2010-05-21,VNQ,2,0.460373,1,0.66,False,False
NN_v2,3,2010-05-28,VFH,1,0.4667937,0,0.65,False,False
NN_v2,3,2010-05-28,VIS,2,0.46626693,0,0.65,False,False
NN_v2,3,2010-05-28,VPU,3,0.46228337,0,0.7,False,False
NN_v2,3,2010-06-04,VCR,2,0.46878093,1,0.7,False,False
NN_v2,3,2010-06-04,VNQ,1,0.47380486,1,0.71,False,False
NN_v2,3,2010-06-04,VPU,3,0.46530494,1,0.69,False,False
NN_v2,3,2010-06-11,VDC,2,0.4635531,0,0.73,False,False
NN_v2,3,2010-06-11,VGT,3,0.46266547,1,0.68,False,False
NN_v2,3,2010-06-11,VIS,1,0.46355748,1,0.71,False,False
NN_v2,3,2010-06-18,VCR,1,0.45167416,0,0.7,False,False
NN_v2,3,2010-06-18,VGT,2,0.44871235,0,0.65,False,False
NN_v2,3,2010-06-18,VHT,3,0.44771677,0,0.7,False,False
NN_v2,3,2010-06-25,VCR,1,0.47682333,0,0.66,False,False
NN_v2,3,2010-06-25,VGT,2,0.47172529,0,0.65,False,False
NN_v2,3,2010-06-25,VIS,3,0.4656993,0,0.66,False,False
NN_v2,3,2010-07-02,VCR,2,0.45705718,1,0.69,False,False
NN_v2,3,2010-07-02,VGT,3,0.45544782,1,0.66,False,False
NN_v2,3,2010-07-02,VNQ,1,0.45713863,1,0.65,False,False
NN_v2,3,2010-07-09,VGT,3,0.46087545,0,0.72,False,False
NN_v2,3,2010-07-09,VHT,1,0.46455312,0,0.67,False,False
NN_v2,3,2010-07-09,VIS,2,0.46373695,0,0.7,False,False
NN_v2,3,2010-07-16,VHT,1,0.46122068,0,0.72,False,False
NN_v2,3,2010-07-16,VIS,3,0.449641,1,0.68,False,False
NN_v2,3,2010-07-16,VNQ,2,0.45236778,1,0.69,False,False
NN_v2,3,2010-07-23,VCR,2,0.46314782,0,0.65,False,False
NN_v2,3,2010-07-23,VFH,3,0.46282944,1,0.71,False,False
NN_v2,3,2010-07-23,VHT,1,0.4706393,0,0.68,False,False
NN_v2,3,2010-07-30,VCR,3,0.45680228,0,0.66,False,False
NN_v2,3,2010-07-30,VDE,2,0.45797125,1,0.67,False,False
NN_v2,3,2010-07-30,VGT,1,0.4649856,0,0.64,False,False
NN_v2,3,2010-08-06,VCR,2,0.4464313,0,0.69,False,False
NN_v2,3,2010-08-06,VGT,1,0.4487792,0,0.71,False,False
NN_v2,3,2010-08-06,VIS,3,0.43789425,0,0.68,False,False
NN_v2,3,2010-08-13,VAW,1,0.4672545,1,0.7,False,False
NN_v2,3,2010-08-13,VDE,2,0.46632868,0,0.69,False,False
NN_v2,3,2010-08-13,VIS,3,0.4629251,0,0.66,False,False
NN_v2,3,2010-08-20,VDE,3,0.47408733,0,0.72,False,False
NN_v2,3,2010-08-20,VHT,2,0.4762292,0,0.67,False,False
NN_v2,3,2010-08-20,VIS,1,0.47843018,0,0.63,False,False
NN_v2,3,2010-08-27,VDE,1,0.4890383,1,0.64,False,False
NN_v2,3,2010-08-27,VHT,3,0.47949466,1,0.69,False,False
NN_v2,3,2010-08-27,VIS,2,0.48280954,1,0.7,False,False
NN_v2,3,2010-09-03,VDE,2,0.44908968,1,0.71,False,False
NN_v2,3,2010-09-03,VHT,1,0.4571971,1,0.7,False,False
NN_v2,3,2010-09-03,VIS,3,0.44546494,1,0.67,False,False
NN_v2,3,2010-09-10,VDE,3,0.4563697,0,0.71,False,False
NN_v2,3,2010-09-10,VFH,1,0.46113044,0,0.68,False,False
NN_v2,3,2010-09-10,VGT,2,0.45842093,1,0.62,False,False
NN_v2,3,2010-09-17,VDE,3,0.4578206,1,0.66,False,False
NN_v2,3,2010-09-17,VFH,1,0.4658556,0,0.68,False,False
NN_v2,3,2010-09-17,VIS,2,0.4604295,1,0.72,False,False
NN_v2,3,2010-09-24,VDE,1,0.44252276,1,0.64,False,False
NN_v2,3,2010-09-24,VFH,2,0.44101328,0,0.67,False,False
NN_v2,3,2010-09-24,VIS,3,0.43024722,0,0.75,False,False
NN_v2,3,2010-10-01,VFH,2,0.43203607,1,0.73,False,False
NN_v2,3,2010-10-01,VIS,1,0.4348907,1,0.72,False,False
NN_v2,3,2010-10-01,VNQ,3,0.4294304,1,0.72,False,False
NN_v2,3,2010-10-08,VFH,1,0.4399658,0,0.61,False,False
NN_v2,3,2010-10-08,VGT,2,0.43467912,1,0.69,False,False
NN_v2,3,2010-10-08,VPU,3,0.4343751,0,0.69,False,False
NN_v2,3,2010-10-15,VFH,3,0.4403078,1,0.69,False,False
NN_v2,3,2010-10-15,VIS,2,0.44337863,1,0.71,False,False
NN_v2,3,2010-10-15,VPU,1,0.44367114,0,0.68,False,False
NN_v2,3,2010-10-22,VFH,2,0.42917204,0,0.67,False,False
NN_v2,3,2010-10-22,VOX,3,0.42887622,0,0.63,False,False
NN_v2,3,2010-10-22,VPU,1,0.43696874,0,0.63,False,False
NN_v2,3,2010-10-29,VDE,3,0.43419218,1,0.72,False,False
NN_v2,3,2010-10-29,VIS,2,0.44061947,1,0.71,False,False
NN_v2,3,2010-10-29,VNQ,1,0.4528056,1,0.65,False,False
NN_v2,3,2010-11-05,VDC,1,0.42963037,0,0.66,False,False
NN_v2,3,2010-11-05,VHT,3,0.4232704,0,0.62,False,False
NN_v2,3,2010-11-05,VPU,2,0.42349282,0,0.71,False,False
NN_v2,3,2010-11-12,VFH,3,0.45022655,0,0.63,False,False
NN_v2,3,2010-11-12,VIS,1,0.45884195,0,0.68,False,False
NN_v2,3,2010-11-12,VNQ,2,0.45601,0,0.63,False,False
NN_v2,3,2010-11-19,VFH,1,0.4385169,0,0.65,False,False
NN_v2,3,2010-11-19,VGT,3,0.43140894,1,0.65,False,False
NN_v2,3,2010-11-19,VNQ,2,0.43687358,1,0.68,False,False
NN_v2,3,2010-11-26,VHT,2,0.44847798,1,0.66,False,False
NN_v2,3,2010-11-26,VNQ,3,0.44847363,1,0.64,False,False
NN_v2,3,2010-11-26,VOX,1,0.45248717,1,0.65,False,False
NN_v2,3,2010-12-03,VDC,3,0.42804098,1,0.63,False,False
NN_v2,3,2010-12-03,VHT,2,0.42981583,1,0.62,False,False
NN_v2,3,2010-12-03,VOX,1,0.43307695,1,0.64,False,False
NN_v2,3,2010-12-10,VHT,3,0.42190462,1,0.71,False,False
NN_v2,3,2010-12-10,VNQ,2,0.42374927,0,0.64,False,False
NN_v2,3,2010-12-10,VPU,1,0.42403793,0,0.69,False,False
NN_v2,3,2010-12-17,VFH,1,0.44219583,1,0.65,False,False
NN_v2,3,2010-12-17,VGT,3,0.4342382,0,0.65,False,False
NN_v2,3,2010-12-17,VNQ,2,0.44100317,1,0.66,False,False
NN_v2,3,2010-12-24,VGT,1,0.42894554,0,0.72,False,False
NN_v2,3,2010-12-24,VHT,2,0.4264737,0,0.69,False,False
NN_v2,3,2010-12-24,VNQ,3,0.42634076,1,0.7,False,False
NN_v2,3,2010-12-31,VDC,3,0.43795666,0,0.65,False,False
NN_v2,3,2010-12-31,VGT,1,0.44734102,1,0.74,False,False
NN_v2,3,2010-12-31,VHT,2,0.44703165,0,0.66,False,False
NN_v2,3,2011-01-07,VAW,1,0.307334,1,0.69,False,False
NN_v2,3,2011-01-07,VIS,2,0.28578314,1,0.66,False,False
NN_v2,3,2011-01-07,VNQ,3,0.2782053,1,0.7,False,False
NN_v2,3,2011-01-14,VAW,2,0.20406249,0,0.67,False,False
NN_v2,3,2011-01-14,VIS,3,0.20308349,0,0.63,False,False
NN_v2,3,2011-01-14,VNQ,1,0.23991053,0,0.69,False,False
NN_v2,3,2011-01-21,VAW,2,0.5184288,1,0.65,False,False
NN_v2,3,2011-01-21,VFH,3,0.5012844,0,0.68,False,False
NN_v2,3,2011-01-21,VNQ,1,0.5212851,1,0.62,False,False
NN_v2,3,2011-01-28,VAW,3,0.43738598,1,0.68,False,False
NN_v2,3,2011-01-28,VFH,1,0.4584156,1,0.68,False,False
NN_v2,3,2011-01-28,VGT,2,0.44394797,1,0.65,False,False
NN_v2,3,2011-02-04,VFH,3,0.18933925,1,0.7,False,False
NN_v2,3,2011-02-04,VGT,2,0.1914,0,0.71,False,False
NN_v2,3,2011-02-04,VNQ,1,0.19155192,1,0.79,False,False
NN_v2,3,2011-02-11,VDE,3,0.18603943,1,0.67,False,False
NN_v2,3,2011-02-11,VFH,2,0.19045195,0,0.73,False,False
NN_v2,3,2011-02-11,VNQ,1,0.20271854,0,0.64,False,False
NN_v2,3,2011-02-18,VAW,3,0.18650588,0,0.73,False,False
NN_v2,3,2011-02-18,VCR,2,0.18748175,0,0.68,False,False
NN_v2,3,2011-02-18,VNQ,1,0.20132303,0,0.72,False,False
NN_v2,3,2011-02-25,VAW,1,0.52916366,0,0.66,False,False
NN_v2,3,2011-02-25,VFH,3,0.51683474,0,0.61,False,False
NN_v2,3,2011-02-25,VNQ,2,0.5191194,0,0.68,False,False
NN_v2,3,2011-03-04,VAW,1,0.38064295,0,0.62,False,False
NN_v2,3,2011-03-04,VIS,2,0.37367246,0,0.76,False,False
NN_v2,3,2011-03-04,VNQ,3,0.36084774,0,0.65,False,False
NN_v2,3,2011-03-11,VAW,1,0.5909754,0,0.62,False,False
NN_v2,3,2011-03-11,VFH,3,0.5699561,0,0.68,False,False
NN_v2,3,2011-03-11,VGT,2,0.5751175,0,0.7,False,False
NN_v2,3,2011-03-18,VAW,3,0.56316024,1,0.66,False,False
NN_v2,3,2011-03-18,VCR,2,0.5720316,1,0.65,False,False
NN_v2,3,2011-03-18,VFH,1,0.5819369,0,0.71,False,False
NN_v2,3,2011-03-25,VAW,1,0.27029496,1,0.7,False,False
NN_v2,3,2011-03-25,VCR,2,0.22200342,1,0.69,False,False
NN_v2,3,2011-03-25,VIS,3,0.21139589,1,0.73,False,False
NN_v2,3,2011-04-01,VAW,3,0.2753185,0,0.72,False,False
NN_v2,3,2011-04-01,VIS,1,0.29476982,0,0.62,False,False
NN_v2,3,2011-04-01,VOX,2,0.29443467,0,0.7,False,False
NN_v2,3,2011-04-08,VAW,1,0.3762295,0,0.66,False,False
NN_v2,3,2011-04-08,VDE,3,0.32168826,0,0.73,False,False
NN_v2,3,2011-04-08,VHT,2,0.34847084,1,0.7,False,False
NN_v2,3,2011-04-15,VAW,2,0.44659716,1,0.66,False,False
NN_v2,3,2011-04-15,VDE,1,0.45951858,1,0.7,False,False
NN_v2,3,2011-04-15,VFH,3,0.40565902,0,0.65,False,False
NN_v2,3,2011-04-22,VAW,1,0.27258617,1,0.72,False,False
NN_v2,3,2011-04-22,VDE,2,0.25851017,1,0.68,False,False
NN_v2,3,2011-04-22,VNQ,3,0.24775203,1,0.68,False,False
NN_v2,3,2011-04-29,VDE,2,0.17909299,0,0.69,False,False
NN_v2,3,2011-04-29,VNQ,1,0.19546607,0,0.72,False,False
NN_v2,3,2011-04-29,VOX,3,0.17395389,0,0.73,False,False
NN_v2,3,2011-05-06,VAW,2,0.4895665,0,0.69,False,False
NN_v2,3,2011-05-06,VDE,1,0.55681413,0,0.67,False,False
NN_v2,3,2011-05-06,VFH,3,0.4581955,0,0.68,False,False
NN_v2,3,2011-05-13,VAW,2,0.4208099,0,0.67,False,False
NN_v2,3,2011-05-13,VDE,1,0.42285347,1,0.65,False,False
NN_v2,3,2011-05-13,VIS,3,0.38548774,0,0.64,False,False
NN_v2,3,2011-05-20,VAW,2,0.4430499,1,0.66,False,False
NN_v2,3,2011-05-20,VDE,1,0.49062377,1,0.67,False,False
NN_v2,3,2011-05-20,VIS,3,0.42494106,1,0.68,False,False
NN_v2,3,2011-05-27,VAW,3,0.2705691,0,0.67,False,False
NN_v2,3,2011-05-27,VDE,2,0.27967817,0,0.68,False,False
NN_v2,3,2011-05-27,VGT,1,0.31850964,0,0.6,False,False
NN_v2,3,2011-06-03,VDE,1,0.56084687,0,0.71,False,False
NN_v2,3,2011-06-03,VHT,2,0.4976975,0,0.68,False,False
NN_v2,3,2011-06-03,VPU,3,0.49692702,0,0.67,False,False
NN_v2,3,2011-06-10,VAW,3,0.47916228,0,0.64,False,False
NN_v2,3,2011-06-10,VDC,2,0.47952348,1,0.64,False,False
NN_v2,3,2011-06-10,VDE,1,0.48959774,0,0.66,False,False
NN_v2,3,2011-06-17,VAW,2,0.5245863,1,0.71,False,False
NN_v2,3,2011-06-17,VDE,1,0.53903806,0,0.74,False,False
NN_v2,3,2011-06-17,VIS,3,0.50744087,0,0.68,False,False
NN_v2,3,2011-06-24,VDE,1,0.44024348,1,0.64,False,False
NN_v2,3,2011-06-24,VIS,2,0.4065032,1,0.65,False,False
NN_v2,3,2011-06-24,VOX,3,0.38967195,1,0.65,False,False
NN_v2,3,2011-07-01,VAW,3,0.14880031,1,0.73,False,False
NN_v2,3,2011-07-01,VDE,1,0.18603954,1,0.69,False,False
NN_v2,3,2011-07-01,VOX,2,0.14997368,0,0.63,False,False
NN_v2,3,2011-07-08,VAW,2,0.37337106,0,0.68,False,False
NN_v2,3,2011-07-08,VDE,1,0.41313237,1,0.66,False,False
NN_v2,3,2011-07-08,VNQ,3,0.31393218,0,0.64,False,False
NN_v2,3,2011-07-15,VAW,2,0.44317228,1,0.67,False,False
NN_v2,3,2011-07-15,VDE,3,0.43715268,1,0.71,False,False
NN_v2,3,2011-07-15,VNQ,1,0.4434792,1,0.69,False,False
NN_v2,3,2011-07-22,VCR,2,0.33032334,0,0.67,False,False
NN_v2,3,2011-07-22,VDE,1,0.33320156,0,0.65,False,False
NN_v2,3,2011-07-22,VNQ,3,0.3299565,0,0.69,False,False
NN_v2,3,2011-07-29,VDC,1,0.53415096,0,0.68,False,False
NN_v2,3,2011-07-29,VNQ,3,0.50507295,0,0.72,False,False
NN_v2,3,2011-07-29,VPU,2,0.51765925,0,0.63,False,False
NN_v2,3,2011-08-05,VDE,3,0.4052566,1,0.67,False,False
NN_v2,3,2011-08-05,VOX,1,0.41366592,1,0.67,False,False
NN_v2,3,2011-08-05,VPU,2,0.41346845,1,0.65,False,False
NN_v2,3,2011-08-12,VDC,2,0.34652075,0,0.62,False,False
NN_v2,3,2011-08-12,VHT,3,0.34071198,0,0.67,False,False
NN_v2,3,2011-08-12,VOX,1,0.3656518,0,0.68,False,False
NN_v2,3,2011-08-19,VCR,2,0.6183382,1,0.66,False,False
NN_v2,3,2011-08-19,VGT,1,0.642203,1,0.64,False,False
NN_v2,3,2011-08-19,VIS,3,0.61166906,1,0.63,False,False
NN_v2,3,2011-08-26,VCR,2,0.3494252,0,0.66,False,False
NN_v2,3,2011-08-26,VGT,3,0.3463583,0,0.65,False,False
NN_v2,3,2011-08-26,VNQ,1,0.36166638,0,0.69,False,False
NN_v2,3,2011-09-02,VCR,1,0.41558585,1,0.62,False,False
NN_v2,3,2011-09-02,VHT,3,0.3973515,0,0.71,False,False
NN_v2,3,2011-09-02,VNQ,2,0.41301733,1,0.67,False,False
NN_v2,3,2011-09-09,VCR,3,0.40615448,1,0.68,False,False
NN_v2,3,2011-09-09,VGT,2,0.41936788,1,0.6,False,False
NN_v2,3,2011-09-09,VNQ,1,0.4435397,1,0.67,False,False
NN_v2,3,2011-09-16,VAW,1,0.37482852,0,0.67,False,False
NN_v2,3,2011-09-16,VCR,3,0.32923472,0,0.67,False,False
NN_v2,3,2011-09-16,VDE,2,0.3323434,0,0.69,False,False
NN_v2,3,2011-09-23,VDE,2,0.45643917,0,0.66,False,False
NN_v2,3,2011-09-23,VGT,1,0.45910054,0,0.72,False,False
NN_v2,3,2011-09-23,VHT,3,0.44444317,0,0.66,False,False
NN_v2,3,2011-09-30,VCR,2,0.29435253,1,0.71,False,False
NN_v2,3,2011-09-30,VDE,3,0.2852102,1,0.64,False,False
NN_v2,3,2011-09-30,VGT,1,0.30116662,1,0.65,False,False
NN_v2,3,2011-10-07,VHT,3,0.39474827,1,0.67,False,False
NN_v2,3,2011-10-07,VIS,1,0.4157812,1,0.71,False,False
NN_v2,3,2011-10-07,VOX,2,0.39722043,1,0.74,False,False
NN_v2,3,2011-10-14,VAW,2,0.3680779,0,0.68,False,False
NN_v2,3,2011-10-14,VDE,3,0.36503613,1,0.72,False,False
NN_v2,3,2011-10-14,VIS,1,0.3974399,1,0.72,False,False
NN_v2,3,2011-10-21,VCR,3,0.50102997,1,0.73,False,False
NN_v2,3,2011-10-21,VDE,1,0.5396783,1,0.71,False,False
NN_v2,3,2011-10-21,VIS,2,0.5128268,1,0.69,False,False
NN_v2,3,2011-10-28,VCR,2,0.39060956,0,0.67,False,False
NN_v2,3,2011-10-28,VGT,3,0.38455954,0,0.67,False,False
NN_v2,3,2011-10-28,VIS,1,0.3917943,0,0.67,False,False
NN_v2,3,2011-11-04,VDE,3,0.48235813,0,0.67,False,False
NN_v2,3,2011-11-04,VGT,1,0.51970565,0,0.66,False,False
NN_v2,3,2011-11-04,VNQ,2,0.49174333,0,0.65,False,False
NN_v2,3,2011-11-11,VAW,2,0.42437905,0,0.7,False,False
NN_v2,3,2011-11-11,VDE,1,0.4522783,0,0.66,False,False
NN_v2,3,2011-11-11,VIS,3,0.41325808,0,0.68,False,False
NN_v2,3,2011-11-18,VGT,1,0.4988447,0,0.69,False,False
NN_v2,3,2011-11-18,VIS,3,0.45182323,0,0.71,False,False
NN_v2,3,2011-11-18,VPU,2,0.49072972,0,0.68,False,False
NN_v2,3,2011-11-25,VDE,3,0.4852385,1,0.68,False,False
NN_v2,3,2011-11-25,VGT,2,0.4879431,1,0.66,False,False
NN_v2,3,2011-11-25,VIS,1,0.48870024,1,0.68,False,False
NN_v2,3,2011-12-02,VAW,2,0.2709933,0,0.69,False,False
NN_v2,3,2011-12-02,VDE,1,0.29444697,0,0.77,False,False
NN_v2,3,2011-12-02,VNQ,3,0.26559514,0,0.72,False,False
NN_v2,3,2011-12-09,VDE,1,0.4567762,0,0.68,False,False
NN_v2,3,2011-12-09,VIS,3,0.44762892,0,0.77,False,False
NN_v2,3,2011-12-09,VNQ,2,0.4549509,1,0.65,False,False
NN_v2,3,2011-12-16,VDC,3,0.37971205,0,0.71,False,False
NN_v2,3,2011-12-16,VHT,2,0.38972485,1,0.66,False,False
NN_v2,3,2011-12-16,VNQ,1,0.43218,1,0.6,False,False
NN_v2,3,2011-12-23,VDE,2,0.36004442,0,0.64,False,False
NN_v2,3,2011-12-23,VIS,3,0.35164657,0,0.7,False,False
NN_v2,3,2011-12-23,VNQ,1,0.36082798,0,0.7,False,False
NN_v2,3,2011-12-30,VDE,2,0.4641584,0,0.69,False,False
NN_v2,3,2011-12-30,VIS,3,0.46313912,0,0.68,False,False
NN_v2,3,2011-12-30,VNQ,1,0.5120042,0,0.65,False,False
NN_v2,3,2012-01-06,VAW,3,0.44644675,1,0.7,False,False
NN_v2,3,2012-01-06,VDE,2,0.4537239,0,0.62,False,False
NN_v2,3,2012-01-06,VFH,1,0.45902142,1,0.65,False,False
NN_v2,3,2012-01-13,VAW,2,0.414694,0,0.69,False,False
NN_v2,3,2012-01-13,VCR,3,0.40197197,1,0.7,False,False
NN_v2,3,2012-01-13,VDE,1,0.43573776,1,0.64,False,False
NN_v2,3,2012-01-20,VAW,1,0.42060685,1,0.64,False,False
NN_v2,3,2012-01-20,VDE,2,0.3953883,0,0.72,False,False
NN_v2,3,2012-01-20,VFH,3,0.3947999,0,0.69,False,False
NN_v2,3,2012-01-27,VAW,1,0.4157249,1,0.7,False,False
NN_v2,3,2012-01-27,VDE,2,0.4102432,1,0.64,False,False
NN_v2,3,2012-01-27,VFH,3,0.40615577,1,0.67,False,False
NN_v2,3,2012-02-03,VAW,1,0.31596655,0,0.65,False,False
NN_v2,3,2012-02-03,VDE,3,0.31245136,0,0.63,False,False
NN_v2,3,2012-02-03,VFH,2,0.3145163,0,0.68,False,False
NN_v2,3,2012-02-10,VAW,2,0.4154355,0,0.72,False,False
NN_v2,3,2012-02-10,VDE,1,0.43110472,1,0.7,False,False
NN_v2,3,2012-02-10,VFH,3,0.4134919,0,0.65,False,False
NN_v2,3,2012-02-17,VAW,1,0.3309427,0,0.62,False,False
NN_v2,3,2012-02-17,VDE,2,0.329542,1,0.69,False,False
NN_v2,3,2012-02-17,VFH,3,0.31696665,0,0.76,False,False
NN_v2,3,2012-02-24,VAW,1,0.32807302,0,0.65,False,False
NN_v2,3,2012-02-24,VFH,2,0.31748468,1,0.68,False,False
NN_v2,3,2012-02-24,VGT,3,0.3116958,0,0.63,False,False
NN_v2,3,2012-03-02,VAW,3,0.3808797,0,0.75,False,False
NN_v2,3,2012-03-02,VDE,1,0.39976293,0,0.66,False,False
NN_v2,3,2012-03-02,VFH,2,0.38477442,0,0.71,False,False
NN_v2,3,2012-03-09,VAW,3,0.34359342,1,0.66,False,False
NN_v2,3,2012-03-09,VDE,1,0.38322982,1,0.69,False,False
NN_v2,3,2012-03-09,VFH,2,0.35622814,1,0.69,False,False
NN_v2,3,2012-03-16,VAW,2,0.2820471,0,0.67,False,False
NN_v2,3,2012-03-16,VDE,1,0.3008077,0,0.65,False,False
NN_v2,3,2012-03-16,VIS,3,0.27414376,0,0.73,False,False
NN_v2,3,2012-03-23,VAW,3,0.39028344,0,0.63,False,False
NN_v2,3,2012-03-23,VDE,1,0.41407785,0,0.68,False,False
NN_v2,3,2012-03-23,VIS,2,0.39942,0,0.66,False,False
NN_v2,3,2012-03-30,VDE,1,0.36281654,0,0.71,False,False
NN_v2,3,2012-03-30,VFH,3,0.33617473,0,0.71,False,False
NN_v2,3,2012-03-30,VIS,2,0.33687025,0,0.68,False,False
NN_v2,3,2012-04-06,VDE,2,0.36925182,0,0.7,False,False
NN_v2,3,2012-04-06,VFH,1,0.3859499,0,0.72,False,False
NN_v2,3,2012-04-06,VNQ,3,0.368615,0,0.66,False,False
NN_v2,3,2012-04-13,VFH,1,0.48004326,0,0.69,False,False
NN_v2,3,2012-04-13,VIS,3,0.4493013,0,0.61,False,False
NN_v2,3,2012-04-13,VNQ,2,0.4649304,1,0.62,False,False
NN_v2,3,2012-04-20,VFH,1,0.4164539,1,0.67,False,False
NN_v2,3,2012-04-20,VGT,3,0.38232914,1,0.69,False,False
NN_v2,3,2012-04-20,VOX,2,0.3921111,1,0.68,False,False
NN_v2,3,2012-04-27,VCR,3,0.2912942,0,0.65,False,False
NN_v2,3,2012-04-27,VDE,2,0.29606432,0,0.7,False,False
NN_v2,3,2012-04-27,VFH,1,0.30257836,0,0.69,False,False
NN_v2,3,2012-05-04,VCR,2,0.46213284,0,0.7,False,False
NN_v2,3,2012-05-04,VFH,1,0.47473088,0,0.66,False,False
NN_v2,3,2012-05-04,VHT,3,0.44793296,0,0.68,False,False
NN_v2,3,2012-05-11,VCR,2,0.40563458,0,0.7,False,False
NN_v2,3,2012-05-11,VFH,1,0.4412083,0,0.68,False,False
NN_v2,3,2012-05-11,VIS,3,0.40294036,0,0.67,False,False
NN_v2,3,2012-05-18,VFH,1,0.47059137,1,0.66,False,False
NN_v2,3,2012-05-18,VGT,3,0.46355978,1,0.65,False,False
NN_v2,3,2012-05-18,VNQ,2,0.4682333,1,0.68,False,False
NN_v2,3,2012-05-25,VDE,2,0.3688894,0,0.72,False,False
NN_v2,3,2012-05-25,VFH,1,0.38752812,0,0.67,False,False
NN_v2,3,2012-05-25,VGT,3,0.35655743,0,0.6,False,False
NN_v2,3,2012-06-01,VCR,2,0.4723648,1,0.68,False,False
NN_v2,3,2012-06-01,VFH,1,0.47964978,1,0.66,False,False
NN_v2,3,2012-06-01,VIS,3,0.46515885,1,0.76,False,False
NN_v2,3,2012-06-08,VAW,1,0.35716867,0,0.7,False,False
NN_v2,3,2012-06-08,VDE,3,0.34137636,0,0.69,False,False
NN_v2,3,2012-06-08,VGT,2,0.3478052,0,0.7,False,False
NN_v2,3,2012-06-15,VAW,1,0.40497622,0,0.67,False,False
NN_v2,3,2012-06-15,VDE,3,0.35750234,0,0.69,False,False
NN_v2,3,2012-06-15,VFH,2,0.38710907,0,0.71,False,False
NN_v2,3,2012-06-22,VAW,2,0.4217193,1,0.74,False,False
NN_v2,3,2012-06-22,VCR,3,0.41958094,1,0.69,False,False
NN_v2,3,2012-06-22,VFH,1,0.43058324,1,0.64,False,False
NN_v2,3,2012-06-29,VAW,2,0.35989934,0,0.7,False,False
NN_v2,3,2012-06-29,VDE,3,0.35703367,0,0.66,False,False
NN_v2,3,2012-06-29,VFH,1,0.36472636,0,0.73,False,False
NN_v2,3,2012-07-06,VAW,2,0.41823167,0,0.62,False,False
NN_v2,3,2012-07-06,VDE,3,0.41570887,0,0.65,False,False
NN_v2,3,2012-07-06,VFH,1,0.42813095,1,0.73,False,False
NN_v2,3,2012-07-13,VAW,3,0.4328529,1,0.67,False,False
NN_v2,3,2012-07-13,VDE,1,0.45016584,1,0.67,False,False
NN_v2,3,2012-07-13,VFH,2,0.43550238,0,0.76,False,False
NN_v2,3,2012-07-20,VAW,1,0.41684428,1,0.7,False,False
NN_v2,3,2012-07-20,VDE,3,0.4022917,1,0.66,False,False
NN_v2,3,2012-07-20,VFH,2,0.40872017,1,0.67,False,False
NN_v2,3,2012-07-27,VDE,1,0.3633378,0,0.67,False,False
NN_v2,3,2012-07-27,VFH,2,0.3441445,0,0.69,False,False
NN_v2,3,2012-07-27,VIS,3,0.31292945,0,0.69,False,False
NN_v2,3,2012-08-03,VDE,1,0.3864893,1,0.7,False,False
NN_v2,3,2012-08-03,VFH,2,0.34114814,0,0.68,False,False
NN_v2,3,2012-08-03,VNQ,3,0.32331958,0,0.68,False,False
NN_v2,3,2012-08-10,VAW,2,0.33813962,1,0.65,False,False
NN_v2,3,2012-08-10,VDE,1,0.36003372,0,0.71,False,False
NN_v2,3,2012-08-10,VFH,3,0.3352041,1,0.68,False,False
NN_v2,3,2012-08-17,VAW,3,0.28983253,0,0.66,False,False
NN_v2,3,2012-08-17,VDE,1,0.3299802,0,0.7,False,False
NN_v2,3,2012-08-17,VGT,2,0.29116613,0,0.69,False,False
NN_v2,3,2012-08-24,VAW,2,0.34402075,0,0.74,False,False
NN_v2,3,2012-08-24,VDE,1,0.35226625,0,0.68,False,False
NN_v2,3,2012-08-24,VGT,3,0.33542022,0,0.68,False,False
NN_v2,3,2012-08-31,VDE,1,0.34051365,1,0.64,False,False
NN_v2,3,2012-08-31,VFH,3,0.33185562,1,0.66,False,False
NN_v2,3,2012-08-31,VGT,2,0.3378827,1,0.69,False,False
NN_v2,3,2012-09-07,VCR,2,0.26828745,1,0.69,False,False
NN_v2,3,2012-09-07,VDE,1,0.26894718,1,0.7,False,False
NN_v2,3,2012-09-07,VGT,3,0.2641421,1,0.66,False,False
NN_v2,3,2012-09-14,VAW,1,0.24724941,0,0.71,False,False
NN_v2,3,2012-09-14,VCR,3,0.24171427,0,0.66,False,False
NN_v2,3,2012-09-14,VFH,2,0.2463533,0,0.68,False,False
NN_v2,3,2012-09-21,VAW,1,0.4093271,0,0.69,False,False
NN_v2,3,2012-09-21,VDE,3,0.38469845,0,0.68,False,False
NN_v2,3,2012-09-21,VFH,2,0.38789842,0,0.68,False,False
NN_v2,3,2012-09-28,VAW,3,0.39244214,0,0.66,False,False
NN_v2,3,2012-09-28,VDE,2,0.39472416,0,0.75,False,False
NN_v2,3,2012-09-28,VFH,1,0.39656305,1,0.65,False,False
NN_v2,3,2012-10-05,VAW,3,0.33899227,0,0.7,False,False
NN_v2,3,2012-10-05,VCR,1,0.3502793,0,0.66,False,False
NN_v2,3,2012-10-05,VDE,2,0.34154537,0,0.68,False,False
NN_v2,3,2012-10-12,VAW,1,0.4534861,1,0.63,False,False
NN_v2,3,2012-10-12,VDE,2,0.4513835,1,0.73,False,False
NN_v2,3,2012-10-12,VFH,3,0.44640756,1,0.71,False,False
NN_v2,3,2012-10-19,VAW,2,0.40317804,0,0.7,False,False
NN_v2,3,2012-10-19,VCR,3,0.39231378,0,0.67,False,False
NN_v2,3,2012-10-19,VDE,1,0.40686935,0,0.69,False,False
NN_v2,3,2012-10-26,VAW,1,0.41330442,0,0.72,False,False
NN_v2,3,2012-10-26,VDE,2,0.4124503,0,0.64,False,False
NN_v2,3,2012-10-26,VFH,3,0.4028952,0,0.67,False,False
NN_v2,3,2012-11-02,VAW,1,0.38332906,0,0.66,False,False
NN_v2,3,2012-11-02,VDE,2,0.37455496,0,0.68,False,False
NN_v2,3,2012-11-02,VFH,3,0.36994115,0,0.69,False,False
NN_v2,3,2012-11-09,VAW,2,0.47461224,0,0.71,False,False
NN_v2,3,2012-11-09,VDE,3,0.4731361,0,0.68,False,False
NN_v2,3,2012-11-09,VFH,1,0.47968873,0,0.59,False,False
NN_v2,3,2012-11-16,VAW,2,0.45404792,1,0.64,False,False
NN_v2,3,2012-11-16,VDE,3,0.4423079,1,0.62,False,False
NN_v2,3,2012-11-16,VFH,1,0.46049562,1,0.66,False,False
NN_v2,3,2012-11-23,VAW,1,0.30202097,1,0.75,False,False
NN_v2,3,2012-11-23,VDE,2,0.29007918,0,0.64,False,False
NN_v2,3,2012-11-23,VNQ,3,0.28668505,0,0.69,False,False
NN_v2,3,2012-11-30,VAW,2,0.38624394,0,0.61,False,False
NN_v2,3,2012-11-30,VDE,1,0.3866907,0,0.69,False,False
NN_v2,3,2012-11-30,VGT,3,0.36805016,0,0.7,False,False
NN_v2,3,2012-12-07,VCR,3,0.3749593,0,0.67,False,False
NN_v2,3,2012-12-07,VDE,2,0.38046062,0,0.73,False,False
NN_v2,3,2012-12-07,VOX,1,0.38842592,1,0.72,False,False
NN_v2,3,2012-12-14,VAW,2,0.372842,0,0.73,False,False
NN_v2,3,2012-12-14,VFH,3,0.36434698,1,0.69,False,False
NN_v2,3,2012-12-14,VGT,1,0.38676032,0,0.67,False,False
NN_v2,3,2012-12-21,VGT,2,0.34412342,0,0.69,False,False
NN_v2,3,2012-12-21,VNQ,3,0.33716327,0,0.7,False,False
NN_v2,3,2012-12-21,VPU,1,0.34904584,0,0.69,False,False
NN_v2,3,2012-12-28,VCR,1,0.44354454,1,0.74,False,False
NN_v2,3,2012-12-28,VDE,2,0.44270763,1,0.72,False,False
NN_v2,3,2012-12-28,VFH,3,0.44267908,1,0.73,False,False
NN_v2,3,2013-01-04,VDE,2,0.17469253,0,0.66,False,False
NN_v2,3,2013-01-04,VFH,3,0.17139316,0,0.71,False,False
NN_v2,3,2013-01-04,VOX,1,0.19239949,0,0.69,False,False
NN_v2,3,2013-01-11,VFH,2,0.2572216,0,0.66,False,False
NN_v2,3,2013-01-11,VGT,3,0.256292,0,0.67,False,False
NN_v2,3,2013-01-11,VIS,1,0.2646523,1,0.72,False,False
NN_v2,3,2013-01-18,VAW,2,0.29897907,0,0.7,False,False
NN_v2,3,2013-01-18,VIS,1,0.3166726,1,0.66,False,False
NN_v2,3,2013-01-18,VOX,3,0.28903663,1,0.71,False,False
NN_v2,3,2013-01-25,VAW,3,0.2734524,0,0.67,False,False
NN_v2,3,2013-01-25,VDE,1,0.2816612,0,0.72,False,False
NN_v2,3,2013-01-25,VIS,2,0.28080183,0,0.72,False,False
NN_v2,3,2013-02-01,VAW,2,0.34253627,0,0.69,False,False
NN_v2,3,2013-02-01,VDE,1,0.34826264,1,0.65,False,False
NN_v2,3,2013-02-01,VFH,3,0.34204563,1,0.66,False,False
NN_v2,3,2013-02-08,VDE,1,0.27204674,0,0.76,False,False
NN_v2,3,2013-02-08,VFH,2,0.2604262,0,0.63,False,False
NN_v2,3,2013-02-08,VIS,3,0.2599647,1,0.71,False,False
NN_v2,3,2013-02-15,VDE,3,0.3154313,0,0.63,False,False
NN_v2,3,2013-02-15,VFH,1,0.33858207,0,0.65,False,False
NN_v2,3,2013-02-15,VIS,2,0.3222502,0,0.69,False,False
NN_v2,3,2013-02-22,VDE,1,0.39514607,0,0.68,False,False
NN_v2,3,2013-02-22,VFH,2,0.39170727,0,0.65,False,False
NN_v2,3,2013-02-22,VIS,3,0.38413772,0,0.63,False,False
NN_v2,3,2013-03-01,VDE,2,0.32342315,1,0.69,False,False
NN_v2,3,2013-03-01,VHT,3,0.3200874,1,0.68,False,False
NN_v2,3,2013-03-01,VIS,1,0.3326492,1,0.69,False,False
NN_v2,3,2013-03-08,VCR,1,0.2170467,0,0.62,False,False
NN_v2,3,2013-03-08,VFH,3,0.20814312,1,0.62,False,False
NN_v2,3,2013-03-08,VIS,2,0.21118987,1,0.67,False,False
NN_v2,3,2013-03-15,VCR,2,0.25624987,1,0.68,False,False
NN_v2,3,2013-03-15,VDE,3,0.25567278,0,0.67,False,False
NN_v2,3,2013-03-15,VFH,1,0.27806142,0,0.61,False,False
NN_v2,3,2013-03-22,VFH,1,0.3222229,0,0.76,False,False
NN_v2,3,2013-03-22,VHT,2,0.31645003,1,0.67,False,False
NN_v2,3,2013-03-22,VIS,3,0.30759376,0,0.69,False,False
NN_v2,3,2013-03-29,VCR,1,0.28153658,0,0.7,False,False
NN_v2,3,2013-03-29,VFH,3,0.25811416,0,0.7,False,False
NN_v2,3,2013-03-29,VPU,2,0.2637121,0,0.69,False,False
NN_v2,3,2013-04-05,VAW,1,0.4485635,1,0.68,False,False
NN_v2,3,2013-04-05,VFH,2,0.4183101,1,0.66,False,False
NN_v2,3,2013-04-05,VIS,3,0.4165569,1,0.67,False,False
NN_v2,3,2013-04-12,VAW,1,0.23398133,0,0.68,False,False
NN_v2,3,2013-04-12,VFH,2,0.23254442,0,0.7,False,False
NN_v2,3,2013-04-12,VIS,3,0.23099211,0,0.65,False,False
NN_v2,3,2013-04-19,VFH,2,0.42676777,1,0.71,False,False
NN_v2,3,2013-04-19,VGT,3,0.42525154,1,0.67,False,False
NN_v2,3,2013-04-19,VIS,1,0.45181593,1,0.65,False,False
NN_v2,3,2013-04-26,VAW,2,0.29615653,1,0.66,False,False
NN_v2,3,2013-04-26,VDE,3,0.2771825,1,0.66,False,False
NN_v2,3,2013-04-26,VIS,1,0.3005971,1,0.64,False,False
NN_v2,3,2013-05-03,VAW,1,0.24949944,1,0.66,False,False
NN_v2,3,2013-05-03,VCR,3,0.24183531,1,0.69,False,False
NN_v2,3,2013-05-03,VDE,2,0.24902515,0,0.72,False,False
NN_v2,3,2013-05-10,VCR,1,0.24118607,1,0.63,False,False
NN_v2,3,2013-05-10,VGT,3,0.23790717,1,0.71,False,False
NN_v2,3,2013-05-10,VPU,2,0.24102542,1,0.71,False,False
NN_v2,3,2013-05-17,VGT,2,0.16918457,0,0.68,False,False
NN_v2,3,2013-05-17,VNQ,3,0.1634123,0,0.64,False,False
NN_v2,3,2013-05-17,VOX,1,0.17685047,0,0.68,False,False
NN_v2,3,2013-05-24,VNQ,1,0.36120343,0,0.64,False,False
NN_v2,3,2013-05-24,VOX,2,0.35976607,0,0.6,False,False
NN_v2,3,2013-05-24,VPU,3,0.3425029,0,0.63,False,False
NN_v2,3,2013-05-31,VCR,2,0.4251805,1,0.69,False,False
NN_v2,3,2013-05-31,VNQ,3,0.42055398,0,0.71,False,False
NN_v2,3,2013-05-31,VOX,1,0.42897382,1,0.67,False,False
NN_v2,3,2013-06-07,VIS,3,0.36227503,0,0.65,False,False
NN_v2,3,2013-06-07,VNQ,1,0.37280574,0,0.72,False,False
NN_v2,3,2013-06-07,VOX,2,0.36800665,1,0.74,False,False
NN_v2,3,2013-06-14,VCR,1,0.44138154,0,0.71,False,False
NN_v2,3,2013-06-14,VGT,3,0.43473226,0,0.64,False,False
NN_v2,3,2013-06-14,VNQ,2,0.4390819,0,0.66,False,False
NN_v2,3,2013-06-21,VCR,3,0.5058669,1,0.64,False,False
NN_v2,3,2013-06-21,VGT,1,0.51802576,0,0.6,False,False
NN_v2,3,2013-06-21,VIS,2,0.51456964,1,0.68,False,False
NN_v2,3,2013-06-28,VAW,2,0.36263275,0,0.66,False,False
NN_v2,3,2013-06-28,VFH,3,0.36124188,1,0.7,False,False
NN_v2,3,2013-06-28,VIS,1,0.37266672,1,0.66,False,False
NN_v2,3,2013-07-05,VFH,3,0.29843533,1,0.66,False,False
NN_v2,3,2013-07-05,VNQ,2,0.358003,1,0.7,False,False
NN_v2,3,2013-07-05,VPU,1,0.35809672,1,0.68,False,False
NN_v2,3,2013-07-12,VNQ,1,0.2475414,1,0.63,False,False
NN_v2,3,2013-07-12,VOX,3,0.20050566,0,0.72,False,False
NN_v2,3,2013-07-12,VPU,2,0.20643148,1,0.7,False,False
NN_v2,3,2013-07-19,VNQ,1,0.3293749,0,0.67,False,False
NN_v2,3,2013-07-19,VOX,3,0.2868715,0,0.66,False,False
NN_v2,3,2013-07-19,VPU,2,0.31598207,0,0.67,False,False
NN_v2,3,2013-07-26,VNQ,1,0.3554113,0,0.7,False,False
NN_v2,3,2013-07-26,VOX,2,0.33020896,0,0.69,False,False
NN_v2,3,2013-07-26,VPU,3,0.3194828,0,0.74,False,False
NN_v2,3,2013-08-02,VNQ,1,0.41883725,0,0.74,False,False
NN_v2,3,2013-08-02,VOX,3,0.30883712,0,0.67,False,False
NN_v2,3,2013-08-02,VPU,2,0.3296496,0,0.68,False,False
NN_v2,3,2013-08-09,VIS,2,0.39549598,0,0.71,False,False
NN_v2,3,2013-08-09,VNQ,1,0.41044527,0,0.67,False,False
NN_v2,3,2013-08-09,VPU,3,0.39129665,0,0.68,False,False
NN_v2,3,2013-08-16,VCR,2,0.5070072,0,0.64,False,False
NN_v2,3,2013-08-16,VIS,1,0.51109606,0,0.68,False,False
NN_v2,3,2013-08-16,VNQ,3,0.49900532,1,0.65,False,False
NN_v2,3,2013-08-23,VCR,1,0.3931388,0,0.71,False,False
NN_v2,3,2013-08-23,VHT,2,0.3767181,0,0.68,False,False
NN_v2,3,2013-08-23,VNQ,3,0.36066097,0,0.7,False,False
NN_v2,3,2013-08-30,VCR,1,0.49751288,0,0.69,False,False
NN_v2,3,2013-08-30,VHT,3,0.48300797,1,0.66,False,False
NN_v2,3,2013-08-30,VOX,2,0.48392767,0,0.67,False,False
NN_v2,3,2013-09-06,VNQ,1,0.39401716,1,0.73,False,False
NN_v2,3,2013-09-06,VOX,3,0.36768126,1,0.66,False,False
NN_v2,3,2013-09-06,VPU,2,0.36781153,0,0.65,False,False
NN_v2,3,2013-09-13,VCR,2,0.2539149,0,0.64,False,False
NN_v2,3,2013-09-13,VNQ,1,0.2932573,1,0.69,False,False
NN_v2,3,2013-09-13,VPU,3,0.24651587,0,0.75,False,False
NN_v2,3,2013-09-20,VIS,2,0.2420793,0,0.67,False,False
NN_v2,3,2013-09-20,VNQ,1,0.2706272,0,0.78,False,False
NN_v2,3,2013-09-20,VOX,3,0.22953057,0,0.67,False,False
NN_v2,3,2013-09-27,VGT,2,0.3667582,1,0.65,False,False
NN_v2,3,2013-09-27,VIS,3,0.3566188,0,0.7,False,False
NN_v2,3,2013-09-27,VNQ,1,0.40455812,0,0.69,False,False
NN_v2,3,2013-10-04,VAW,3,0.3489737,1,0.68,False,False
NN_v2,3,2013-10-04,VNQ,2,0.39649233,1,0.74,False,False
NN_v2,3,2013-10-04,VOX,1,0.40167934,1,0.68,False,False
NN_v2,3,2013-10-11,VAW,3,0.34505442,1,0.68,False,False
NN_v2,3,2013-10-11,VIS,2,0.3602962,1,0.69,False,False
NN_v2,3,2013-10-11,VNQ,1,0.41656774,1,0.64,False,False
NN_v2,3,2013-10-18,VDE,3,0.23792848,0,0.68,False,False
NN_v2,3,2013-10-18,VNQ,1,0.33609733,1,0.7,False,False
NN_v2,3,2013-10-18,VOX,2,0.24972233,0,0.7,False,False
NN_v2,3,2013-10-25,VIS,2,0.30551893,0,0.67,False,False
NN_v2,3,2013-10-25,VNQ,1,0.36872083,0,0.69,False,False
NN_v2,3,2013-10-25,VOX,3,0.29920062,0,0.68,False,False
NN_v2,3,2013-11-01,VCR,3,0.33040512,0,0.64,False,False
NN_v2,3,2013-11-01,VNQ,1,0.39577374,0,0.69,False,False
NN_v2,3,2013-11-01,VOX,2,0.33143678,0,0.64,False,False
NN_v2,3,2013-11-08,VIS,2,0.33267817,1,0.67,False,False
NN_v2,3,2013-11-08,VNQ,1,0.34721956,1,0.62,False,False
NN_v2,3,2013-11-08,VOX,3,0.33065194,0,0.7,False,False
NN_v2,3,2013-11-15,VCR,3,0.23418288,0,0.73,False,False
NN_v2,3,2013-11-15,VIS,2,0.24657972,0,0.7,False,False
NN_v2,3,2013-11-15,VNQ,1,0.25010496,0,0.69,False,False
NN_v2,3,2013-11-22,VDC,3,0.2926629,0,0.7,False,False
NN_v2,3,2013-11-22,VIS,2,0.29881495,0,0.69,False,False
NN_v2,3,2013-11-22,VNQ,1,0.3546898,0,0.68,False,False
NN_v2,3,2013-11-29,VDC,3,0.31976742,0,0.71,False,False
NN_v2,3,2013-11-29,VNQ,1,0.3598225,0,0.7,False,False
NN_v2,3,2013-11-29,VPU,2,0.32687712,0,0.66,False,False
NN_v2,3,2013-12-06,VCR,2,0.32225016,0,0.73,False,False
NN_v2,3,2013-12-06,VGT,3,0.3171291,0,0.66,False,False
NN_v2,3,2013-12-06,VNQ,1,0.34878504,0,0.66,False,False
NN_v2,3,2013-12-13,VCR,1,0.43669254,0,0.68,False,False
NN_v2,3,2013-12-13,VIS,2,0.42997932,1,0.66,False,False
NN_v2,3,2013-12-13,VNQ,3,0.42931277,1,0.68,False,False
NN_v2,3,2013-12-20,VGT,2,0.2056624,0,0.69,False,False
NN_v2,3,2013-12-20,VHT,3,0.20078626,0,0.67,False,False
NN_v2,3,2013-12-20,VNQ,1,0.24080905,0,0.67,False,False
NN_v2,3,2013-12-27,VGT,2,0.24461694,0,0.68,False,False
NN_v2,3,2013-12-27,VIS,3,0.23301955,0,0.63,False,False
NN_v2,3,2013-12-27,VNQ,1,0.25983703,0,0.69,False,False
NN_v2,3,2014-01-03,VDE,2,0.35177416,0,0.67,False,False
NN_v2,3,2014-01-03,VHT,3,0.34758952,1,0.63,False,False
NN_v2,3,2014-01-03,VOX,1,0.35559997,0,0.71,False,False
NN_v2,3,2014-01-10,VFH,3,0.31806573,0,0.66,False,False
NN_v2,3,2014-01-10,VNQ,1,0.32559264,0,0.64,False,False
NN_v2,3,2014-01-10,VOX,2,0.32166958,0,0.64,False,False
NN_v2,3,2014-01-17,VCR,3,0.3565231,0,0.67,False,False
NN_v2,3,2014-01-17,VNQ,1,0.3828941,0,0.68,False,False
NN_v2,3,2014-01-17,VOX,2,0.36671332,0,0.68,False,False
NN_v2,3,2014-01-24,VAW,3,0.4437917,0,0.65,False,False
NN_v2,3,2014-01-24,VFH,2,0.44695592,0,0.69,False,False
NN_v2,3,2014-01-24,VIS,1,0.45655197,0,0.72,False,False
NN_v2,3,2014-01-31,VAW,3,0.43128982,1,0.67,False,False
NN_v2,3,2014-01-31,VFH,2,0.443712,0,0.67,False,False
NN_v2,3,2014-01-31,VIS,1,0.4480117,0,0.66,False,False
NN_v2,3,2014-02-07,VFH,1,0.3974976,1,0.59,False,False
NN_v2,3,2014-02-07,VIS,2,0.39580348,1,0.62,False,False
NN_v2,3,2014-02-07,VOX,3,0.38637155,1,0.68,False,False
NN_v2,3,2014-02-14,VCR,3,0.31460845,0,0.61,False,False
NN_v2,3,2014-02-14,VDE,1,0.31975323,0,0.73,False,False
NN_v2,3,2014-02-14,VOX,2,0.3147199,0,0.62,False,False
NN_v2,3,2014-02-21,VCR,1,0.33769733,1,0.72,False,False
NN_v2,3,2014-02-21,VDE,3,0.33288145,1,0.71,False,False
NN_v2,3,2014-02-21,VIS,2,0.33492205,1,0.67,False,False
NN_v2,3,2014-02-28,VAW,2,0.33449382,1,0.63,False,False
NN_v2,3,2014-02-28,VCR,3,0.3311749,1,0.68,False,False
NN_v2,3,2014-02-28,VDE,1,0.34355903,0,0.67,False,False
NN_v2,3,2014-03-07,VCR,2,0.3001882,0,0.65,False,False
NN_v2,3,2014-03-07,VDE,3,0.29997987,0,0.7,False,False
NN_v2,3,2014-03-07,VPU,1,0.31699696,1,0.68,False,False
NN_v2,3,2014-03-14,VAW,2,0.4223455,0,0.68,False,False
NN_v2,3,2014-03-14,VCR,1,0.4246741,0,0.69,False,False
NN_v2,3,2014-03-14,VFH,3,0.41580978,1,0.64,False,False
NN_v2,3,2014-03-21,VCR,2,0.36995828,0,0.69,False,False
NN_v2,3,2014-03-21,VHT,3,0.35749733,0,0.7,False,False
NN_v2,3,2014-03-21,VIS,1,0.3709754,0,0.69,False,False
NN_v2,3,2014-03-28,VAW,1,0.41843802,0,0.7,False,False
NN_v2,3,2014-03-28,VGT,3,0.41113225,0,0.69,False,False
NN_v2,3,2014-03-28,VHT,2,0.41461334,0,0.7,False,False
NN_v2,3,2014-04-04,VAW,3,0.37808892,0,0.71,False,False
NN_v2,3,2014-04-04,VFH,2,0.38172027,0,0.65,False,False
NN_v2,3,2014-04-04,VHT,1,0.3863856,0,0.63,False,False
NN_v2,3,2014-04-11,VAW,1,0.46680278,1,0.67,False,False
NN_v2,3,2014-04-11,VFH,3,0.44372422,1,0.68,False,False
NN_v2,3,2014-04-11,VIS,2,0.45053753,1,0.71,False,False
NN_v2,3,2014-04-18,VCR,2,0.32537073,0,0.71,False,False
NN_v2,3,2014-04-18,VFH,1,0.33771786,0,0.68,False,False
NN_v2,3,2014-04-18,VGT,3,0.32373863,0,0.67,False,False
NN_v2,3,2014-04-25,VAW,3,0.39456397,0,0.72,False,False
NN_v2,3,2014-04-25,VFH,2,0.40356964,0,0.65,False,False
NN_v2,3,2014-04-25,VIS,1,0.40442497,0,0.67,False,False
NN_v2,3,2014-05-02,VAW,2,0.3563633,0,0.74,False,False
NN_v2,3,2014-05-02,VGT,1,0.35847476,0,0.69,False,False
NN_v2,3,2014-05-02,VIS,3,0.35522962,0,0.67,False,False
NN_v2,3,2014-05-09,VAW,2,0.3822084,0,0.65,False,False
NN_v2,3,2014-05-09,VFH,3,0.37883532,0,0.65,False,False
NN_v2,3,2014-05-09,VIS,1,0.3888847,0,0.71,False,False
NN_v2,3,2014-05-16,VAW,1,0.37803185,1,0.72,False,False
NN_v2,3,2014-05-16,VGT,3,0.3709376,1,0.64,False,False
NN_v2,3,2014-05-16,VHT,2,0.3733809,1,0.68,False,False
NN_v2,3,2014-05-23,VCR,3,0.3479358,0,0.7,False,False
NN_v2,3,2014-05-23,VHT,2,0.35247925,0,0.72,False,False
NN_v2,3,2014-05-23,VOX,1,0.35411143,0,0.69,False,False
NN_v2,3,2014-05-30,VAW,3,0.3353767,1,0.62,False,False
NN_v2,3,2014-05-30,VHT,2,0.33594158,0,0.68,False,False
NN_v2,3,2014-05-30,VOX,1,0.34091765,0,0.71,False,False
NN_v2,3,2014-06-06,VCR,1,0.3141188,0,0.71,False,False
NN_v2,3,2014-06-06,VHT,3,0.31006938,0,0.68,False,False
NN_v2,3,2014-06-06,VOX,2,0.3121262,0,0.69,False,False
NN_v2,3,2014-06-13,VAW,1,0.35858318,1,0.68,False,False
NN_v2,3,2014-06-13,VFH,2,0.35765374,1,0.61,False,False
NN_v2,3,2014-06-13,VHT,3,0.3529768,1,0.67,False,False
NN_v2,3,2014-06-20,VDC,3,0.31930074,0,0.66,False,False
NN_v2,3,2014-06-20,VFH,1,0.326625,0,0.69,False,False
NN_v2,3,2014-06-20,VIS,2,0.32121548,0,0.68,False,False
NN_v2,3,2014-06-27,VAW,2,0.34672767,1,0.68,False,False
NN_v2,3,2014-06-27,VIS,3,0.34532374,0,0.63,False,False
NN_v2,3,2014-06-27,VNQ,1,0.34969056,0,0.66,False,False
NN_v2,3,2014-07-04,VFH,3,0.32137257,0,0.7,False,False
NN_v2,3,2014-07-04,VOX,2,0.32376513,0,0.68,False,False
NN_v2,3,2014-07-04,VPU,1,0.3297966,0,0.63,False,False
NN_v2,3,2014-07-11,VAW,3,0.38227013,0,0.7,False,False
NN_v2,3,2014-07-11,VCR,1,0.38902137,0,0.7,False,False
NN_v2,3,2014-07-11,VDE,2,0.3825124,0,0.66,False,False
NN_v2,3,2014-07-18,VCR,1,0.36218125,0,0.7,False,False
NN_v2,3,2014-07-18,VHT,2,0.35756704,1,0.64,False,False
NN_v2,3,2014-07-18,VOX,3,0.35320505,0,0.69,False,False
NN_v2,3,2014-07-25,VCR,2,0.35406172,0,0.67,False,False
NN_v2,3,2014-07-25,VHT,3,0.3528815,0,0.71,False,False
NN_v2,3,2014-07-25,VOX,1,0.35458747,0,0.67,False,False
NN_v2,3,2014-08-01,VAW,1,0.4535893,0,0.69,False,False
NN_v2,3,2014-08-01,VCR,2,0.45302883,0,0.65,False,False
NN_v2,3,2014-08-01,VDE,3,0.4497458,0,0.69,False,False
NN_v2,3,2014-08-08,VAW,3,0.40093583,0,0.71,False,False
NN_v2,3,2014-08-08,VDE,1,0.43073624,0,0.65,False,False
NN_v2,3,2014-08-08,VFH,2,0.41460663,0,0.71,False,False
NN_v2,3,2014-08-15,VAW,3,0.37344667,0,0.69,False,False
NN_v2,3,2014-08-15,VDC,2,0.3770055,0,0.73,False,False
NN_v2,3,2014-08-15,VFH,1,0.38293952,1,0.6,False,False
NN_v2,3,2014-08-22,VCR,2,0.33220476,0,0.65,False,False
NN_v2,3,2014-08-22,VDE,3,0.3319149,1,0.67,False,False
NN_v2,3,2014-08-22,VIS,1,0.34880096,0,0.7,False,False
NN_v2,3,2014-08-29,VCR,2,0.33109733,0,0.66,False,False
NN_v2,3,2014-08-29,VDE,1,0.34274116,0,0.7,False,False
NN_v2,3,2014-08-29,VFH,3,0.33103958,0,0.71,False,False
NN_v2,3,2014-09-05,VCR,3,0.34320197,0,0.69,False,False
NN_v2,3,2014-09-05,VFH,2,0.34849465,0,0.67,False,False
NN_v2,3,2014-09-05,VIS,1,0.35611176,0,0.67,False,False
NN_v2,3,2014-09-12,VAW,3,0.41209808,1,0.67,False,False
NN_v2,3,2014-09-12,VCR,1,0.41893023,0,0.72,False,False
NN_v2,3,2014-09-12,VFH,2,0.4143301,1,0.72,False,False
NN_v2,3,2014-09-19,VAW,3,0.36515707,0,0.69,False,False
NN_v2,3,2014-09-19,VOX,2,0.36534145,0,0.63,False,False
NN_v2,3,2014-09-19,VPU,1,0.37443286,0,0.76,False,False
NN_v2,3,2014-09-26,VAW,2,0.42081824,0,0.68,False,False
NN_v2,3,2014-09-26,VCR,3,0.4165803,0,0.72,False,False
NN_v2,3,2014-09-26,VPU,1,0.4234367,1,0.68,False,False
NN_v2,3,2014-10-03,VCR,1,0.45090967,0,0.62,False,False
NN_v2,3,2014-10-03,VGT,3,0.43285745,0,0.63,False,False
NN_v2,3,2014-10-03,VIS,2,0.44006348,0,0.66,False,False
NN_v2,3,2014-10-10,VCR,2,0.46956784,0,0.61,False,False
NN_v2,3,2014-10-10,VFH,3,0.46907672,0,0.65,False,False
NN_v2,3,2014-10-10,VGT,1,0.47030124,0,0.7,False,False
NN_v2,3,2014-10-17,VFH,1,0.4569374,1,0.66,False,False
NN_v2,3,2014-10-17,VHT,3,0.44387788,1,0.72,False,False
NN_v2,3,2014-10-17,VOX,2,0.447968,1,0.69,False,False
NN_v2,3,2014-10-24,VCR,1,0.32153296,1,0.68,False,False
NN_v2,3,2014-10-24,VGT,2,0.31756222,1,0.66,False,False
NN_v2,3,2014-10-24,VOX,3,0.31492972,1,0.62,False,False
NN_v2,3,2014-10-31,VAW,1,0.30663484,0,0.67,False,False
NN_v2,3,2014-10-31,VDE,3,0.3037333,0,0.7,False,False
NN_v2,3,2014-10-31,VIS,2,0.30470344,1,0.64,False,False
NN_v2,3,2014-11-07,VAW,1,0.33452836,0,0.66,False,False
NN_v2,3,2014-11-07,VDE,3,0.33269766,0,0.74,False,False
NN_v2,3,2014-11-07,VGT,2,0.33288464,1,0.68,False,False
NN_v2,3,2014-11-14,VHT,3,0.35405922,1,0.66,False,False
NN_v2,3,2014-11-14,VIS,2,0.35604247,1,0.72,False,False
NN_v2,3,2014-11-14,VPU,1,0.3576553,1,0.71,False,False
NN_v2,3,2014-11-21,VDE,2,0.351852,0,0.68,False,False
NN_v2,3,2014-11-21,VGT,3,0.34930044,1,0.69,False,False
NN_v2,3,2014-11-21,VIS,1,0.356763,0,0.67,False,False
NN_v2,3,2014-11-28,VFH,3,0.38683835,1,0.72,False,False
NN_v2,3,2014-11-28,VIS,1,0.40129536,0,0.73,False,False
NN_v2,3,2014-11-28,VPU,2,0.39884523,0,0.64,False,False
NN_v2,3,2014-12-05,VAW,1,0.38550153,0,0.64,False,False
NN_v2,3,2014-12-05,VCR,3,0.3583036,0,0.64,False,False
NN_v2,3,2014-12-05,VPU,2,0.3689449,0,0.72,False,False
NN_v2,3,2014-12-12,VCR,3,0.4362494,0,0.67,False,False
NN_v2,3,2014-12-12,VGT,1,0.4614575,1,0.74,False,False
NN_v2,3,2014-12-12,VIS,2,0.4558331,1,0.69,False,False
NN_v2,3,2014-12-19,VCR,3,0.33057582,1,0.65,False,False
NN_v2,3,2014-12-19,VGT,1,0.33426332,1,0.65,False,False
NN_v2,3,2014-12-19,VIS,2,0.33361444,1,0.67,False,False
NN_v2,3,2014-12-26,VAW,2,0.3692281,0,0.69,False,False
NN_v2,3,2014-12-26,VGT,3,0.36826614,0,0.74,False,False
NN_v2,3,2014-12-26,VIS,1,0.37622195,0,0.68,False,False
NN_v2,3,2015-01-02,VGT,3,0.39446655,0,0.66,False,False
NN_v2,3,2015-01-02,VHT,2,0.39489952,1,0.68,False,False
NN_v2,3,2015-01-02,VIS,1,0.4183731,0,0.71,False,False
NN_v2,3,2015-01-09,VAW,2,0.41740364,0,0.69,False,False
NN_v2,3,2015-01-09,VDE,3,0.41322914,0,0.67,False,False
NN_v2,3,2015-01-09,VGT,1,0.41881332,0,0.69,False,False
NN_v2,3,2015-01-16,VCR,1,0.440425,1,0.61,False,False
NN_v2,3,2015-01-16,VGT,2,0.43938026,1,0.73,False,False
NN_v2,3,2015-01-16,VIS,3,0.43436918,1,0.67,False,False
NN_v2,3,2015-01-23,VAW,2,0.35171995,0,0.7,False,False
NN_v2,3,2015-01-23,VDE,1,0.38911775,0,0.7,False,False
NN_v2,3,2015-01-23,VOX,3,0.34929034,0,0.62,False,False
NN_v2,3,2015-01-30,VCR,2,0.44575134,1,0.67,False,False
NN_v2,3,2015-01-30,VGT,1,0.459143,1,0.7,False,False
NN_v2,3,2015-01-30,VIS,3,0.44477543,1,0.69,False,False
NN_v2,3,2015-02-06,VDE,1,0.42731947,1,0.66,False,False
NN_v2,3,2015-02-06,VIS,3,0.38417146,1,0.71,False,False
NN_v2,3,2015-02-06,VPU,2,0.38740462,0,0.69,False,False
NN_v2,3,2015-02-13,VDE,1,0.42977324,0,0.69,False,False
NN_v2,3,2015-02-13,VOX,2,0.3503499,0,0.66,False,False
NN_v2,3,2015-02-13,VPU,3,0.3420734,1,0.68,False,False
NN_v2,3,2015-02-20,VDE,1,0.41441116,0,0.65,False,False
NN_v2,3,2015-02-20,VGT,2,0.3687735,0,0.69,False,False
NN_v2,3,2015-02-20,VOX,3,0.36200175,0,0.63,False,False
NN_v2,3,2015-02-27,VAW,3,0.38595748,0,0.69,False,False
NN_v2,3,2015-02-27,VDE,2,0.39655414,0,0.65,False,False
NN_v2,3,2015-02-27,VOX,1,0.4043874,0,0.7,False,False
NN_v2,3,2015-03-06,VAW,1,0.44928557,0,0.71,False,False
NN_v2,3,2015-03-06,VIS,2,0.4399427,0,0.67,False,False
NN_v2,3,2015-03-06,VOX,3,0.43394908,0,0.7,False,False
NN_v2,3,2015-03-13,VGT,1,0.45396042,1,0.68,False,False
NN_v2,3,2015-03-13,VIS,2,0.447064,1,0.7,False,False
NN_v2,3,2015-03-13,VOX,3,0.4457136,1,0.68,False,False
NN_v2,3,2015-03-20,VDE,1,0.36412936,0,0.71,False,False
NN_v2,3,2015-03-20,VGT,3,0.3503073,0,0.68,False,False
NN_v2,3,2015-03-20,VOX,2,0.3581482,0,0.73,False,False
NN_v2,3,2015-03-27,VGT,2,0.44921845,0,0.7,False,False
NN_v2,3,2015-03-27,VNQ,3,0.43662223,0,0.67,False,False
NN_v2,3,2015-03-27,VOX,1,0.45774347,1,0.72,False,False
NN_v2,3,2015-04-03,VDE,1,0.41272458,1,0.68,False,False
NN_v2,3,2015-04-03,VGT,3,0.40278235,1,0.63,False,False
NN_v2,3,2015-04-03,VIS,2,0.4063347,1,0.68,False,False
NN_v2,3,2015-04-10,VDE,2,0.38936812,1,0.66,False,False
NN_v2,3,2015-04-10,VNQ,3,0.3614645,0,0.69,False,False
NN_v2,3,2015-04-10,VPU,1,0.4063385,0,0.68,False,False
NN_v2,3,2015-04-17,VAW,2,0.42616206,0,0.71,False,False
NN_v2,3,2015-04-17,VIS,3,0.42239952,0,0.68,False,False
NN_v2,3,2015-04-17,VOX,1,0.4437789,1,0.64,False,False
NN_v2,3,2015-04-24,VDE,1,0.37112293,0,0.66,False,False
NN_v2,3,2015-04-24,VOX,3,0.3285554,0,0.71,False,False
NN_v2,3,2015-04-24,VPU,2,0.33817512,0,0.67,False,False
NN_v2,3,2015-05-01,VDE,2,0.42254338,0,0.63,False,False
NN_v2,3,2015-05-01,VGT,3,0.4223196,0,0.66,False,False
NN_v2,3,2015-05-01,VHT,1,0.43905172,1,0.6,False,False
NN_v2,3,2015-05-08,VDE,1,0.43273625,0,0.74,False,False
NN_v2,3,2015-05-08,VGT,2,0.392313,0,0.71,False,False
NN_v2,3,2015-05-08,VHT,3,0.38956398,0,0.72,False,False
NN_v2,3,2015-05-15,VDE,1,0.38991353,0,0.64,False,False
NN_v2,3,2015-05-15,VGT,3,0.3800589,0,0.67,False,False
NN_v2,3,2015-05-15,VHT,2,0.38291115,1,0.66,False,False
NN_v2,3,2015-05-22,VAW,2,0.37225866,0,0.63,False,False
NN_v2,3,2015-05-22,VDE,1,0.40057248,0,0.65,False,False
NN_v2,3,2015-05-22,VPU,3,0.371941,0,0.63,False,False
NN_v2,3,2015-05-29,VDE,2,0.41868764,0,0.7,False,False
NN_v2,3,2015-05-29,VGT,3,0.39693412,0,0.68,False,False
NN_v2,3,2015-05-29,VPU,1,0.42663294,0,0.71,False,False
NN_v2,3,2015-06-05,VDE,2,0.42430028,0,0.7,False,False
NN_v2,3,2015-06-05,VOX,3,0.42413673,0,0.64,False,False
NN_v2,3,2015-06-05,VPU,1,0.4245976,0,0.66,False,False
NN_v2,3,2015-06-12,VDE,1,0.39192167,0,0.67,False,False
NN_v2,3,2015-06-12,VOX,2,0.39160842,1,0.66,False,False
NN_v2,3,2015-06-12,VPU,3,0.38568574,1,0.75,False,False
NN_v2,3,2015-06-19,VDE,2,0.36243248,0,0.66,False,False
NN_v2,3,2015-06-19,VOX,1,0.37739486,0,0.69,False,False
NN_v2,3,2015-06-19,VPU,3,0.35851923,0,0.64,False,False
NN_v2,3,2015-06-26,VGT,1,0.39981335,0,0.65,False,False
NN_v2,3,2015-06-26,VIS,3,0.38946313,0,0.69,False,False
NN_v2,3,2015-06-26,VNQ,2,0.39664966,0,0.66,False,False
NN_v2,3,2015-07-03,VDC,3,0.42075405,1,0.7,False,False
NN_v2,3,2015-07-03,VGT,2,0.44254583,0,0.71,False,False
NN_v2,3,2015-07-03,VOX,1,0.44894147,0,0.67,False,False
NN_v2,3,2015-07-10,VGT,2,0.4302157,1,0.69,False,False
NN_v2,3,2015-07-10,VOX,1,0.43816146,0,0.65,False,False
NN_v2,3,2015-07-10,VPU,3,0.41617027,0,0.7,False,False
NN_v2,3,2015-07-17,VDE,3,0.35389388,0,0.71,False,False
NN_v2,3,2015-07-17,VNQ,1,0.37532243,0,0.69,False,False
NN_v2,3,2015-07-17,VPU,2,0.37506244,0,0.66,False,False
NN_v2,3,2015-07-24,VGT,1,0.4673315,0,0.7,False,False
NN_v2,3,2015-07-24,VHT,3,0.4508732,1,0.69,False,False
NN_v2,3,2015-07-24,VPU,2,0.46320024,1,0.66,False,False
NN_v2,3,2015-07-31,VGT,1,0.39163458,0,0.65,False,False
NN_v2,3,2015-07-31,VNQ,2,0.38456535,0,0.72,False,False
NN_v2,3,2015-07-31,VOX,3,0.38048056,0,0.7,False,False
NN_v2,3,2015-08-07,VGT,1,0.44333887,0,0.65,False,False
NN_v2,3,2015-08-07,VHT,2,0.43501702,0,0.64,False,False
NN_v2,3,2015-08-07,VNQ,3,0.433601,0,0.68,False,False
NN_v2,3,2015-08-14,VHT,3,0.39078698,0,0.66,False,False
NN_v2,3,2015-08-14,VNQ,2,0.39141512,0,0.68,False,False
NN_v2,3,2015-08-14,VOX,1,0.39154226,0,0.65,False,False
NN_v2,3,2015-08-21,VCR,2,0.45133305,1,0.7,False,False
NN_v2,3,2015-08-21,VFH,1,0.45190448,1,0.66,False,False
NN_v2,3,2015-08-21,VHT,3,0.4391822,1,0.68,False,False
NN_v2,3,2015-08-28,VFH,2,0.44960713,0,0.74,False,False
NN_v2,3,2015-08-28,VHT,3,0.43785185,0,0.7,False,False
NN_v2,3,2015-08-28,VNQ,1,0.47643963,0,0.65,False,False
NN_v2,3,2015-09-04,VHT,3,0.4744946,1,0.69,False,False
NN_v2,3,2015-09-04,VNQ,2,0.4751943,1,0.68,False,False
NN_v2,3,2015-09-04,VPU,1,0.4823688,0,0.67,False,False
NN_v2,3,2015-09-11,VDE,3,0.43261614,1,0.67,False,False
NN_v2,3,2015-09-11,VNQ,2,0.44000983,1,0.64,False,False
NN_v2,3,2015-09-11,VPU,1,0.4428405,1,0.69,False,False
NN_v2,3,2015-09-18,VGT,1,0.4650298,0,0.73,False,False
NN_v2,3,2015-09-18,VHT,3,0.4572565,0,0.67,False,False
NN_v2,3,2015-09-18,VIS,2,0.46393877,0,0.65,False,False
NN_v2,3,2015-09-25,VGT,3,0.45599595,1,0.61,False,False
NN_v2,3,2015-09-25,VHT,1,0.46066427,1,0.66,False,False
NN_v2,3,2015-09-25,VIS,2,0.45667416,1,0.62,False,False
NN_v2,3,2015-10-02,VFH,3,0.43713245,1,0.73,False,False
NN_v2,3,2015-10-02,VGT,1,0.44740018,1,0.69,False,False
NN_v2,3,2015-10-02,VIS,2,0.44379625,1,0.63,False,False
NN_v2,3,2015-10-09,VAW,3,0.3715355,0,0.72,False,False
NN_v2,3,2015-10-09,VGT,2,0.37500557,0,0.67,False,False
NN_v2,3,2015-10-09,VHT,1,0.38343003,1,0.7,False,False
NN_v2,3,2015-10-16,VAW,1,0.4197918,1,0.73,False,False
NN_v2,3,2015-10-16,VDE,3,0.39941475,0,0.68,False,False
NN_v2,3,2015-10-16,VIS,2,0.40450191,1,0.73,False,False
NN_v2,3,2015-10-23,VAW,2,0.40948302,0,0.7,False,False
NN_v2,3,2015-10-23,VDE,1,0.43498993,0,0.68,False,False
NN_v2,3,2015-10-23,VHT,3,0.37511054,1,0.63,False,False
NN_v2,3,2015-10-30,VAW,2,0.41796112,0,0.69,False,False
NN_v2,3,2015-10-30,VDE,1,0.44298872,1,0.65,False,False
NN_v2,3,2015-10-30,VIS,3,0.40376148,0,0.63,False,False
NN_v2,3,2015-11-06,VAW,2,0.42323548,0,0.61,False,False
NN_v2,3,2015-11-06,VDE,1,0.43110713,0,0.68,False,False
NN_v2,3,2015-11-06,VIS,3,0.4091856,0,0.68,False,False
NN_v2,3,2015-11-13,VAW,3,0.44160002,1,0.7,False,False
NN_v2,3,2015-11-13,VCR,2,0.44212466,1,0.7,False,False
NN_v2,3,2015-11-13,VDE,1,0.4655034,1,0.68,False,False
NN_v2,3,2015-11-20,VAW,3,0.34387735,0,0.56,False,False
NN_v2,3,2015-11-20,VDE,1,0.3593263,1,0.73,False,False
NN_v2,3,2015-11-20,VHT,2,0.3535769,1,0.71,False,False
NN_v2,3,2015-11-27,VAW,2,0.37813702,0,0.64,False,False
NN_v2,3,2015-11-27,VDE,1,0.38527077,0,0.68,False,False
NN_v2,3,2015-11-27,VIS,3,0.3556334,0,0.6,False,False
NN_v2,3,2015-12-04,VAW,1,0.43534794,0,0.66,False,False
NN_v2,3,2015-12-04,VNQ,3,0.41987365,0,0.62,False,False
NN_v2,3,2015-12-04,VPU,2,0.4209892,0,0.71,False,False
NN_v2,3,2015-12-11,VAW,1,0.45341343,0,0.66,False,False
NN_v2,3,2015-12-11,VFH,3,0.44685134,0,0.76,False,False
NN_v2,3,2015-12-11,VIS,2,0.44886264,0,0.72,False,False
NN_v2,3,2015-12-18,VAW,3,0.44268855,1,0.68,False,False
NN_v2,3,2015-12-18,VGT,1,0.46645126,1,0.66,False,False
NN_v2,3,2015-12-18,VIS,2,0.45248294,1,0.68,False,False
NN_v2,3,2015-12-25,VAW,2,0.35339433,0,0.72,False,False
NN_v2,3,2015-12-25,VGT,1,0.3550836,0,0.67,False,False
NN_v2,3,2015-12-25,VIS,3,0.3520178,0,0.67,False,False
NN_v2,3,2016-01-01,VFH,2,0.43797627,0,0.61,False,False
NN_v2,3,2016-01-01,VGT,1,0.44353873,0,0.69,False,False
NN_v2,3,2016-01-01,VIS,3,0.41681275,0,0.68,False,False
NN_v2,3,2016-01-08,VCR,3,0.45781174,0,0.7,False,False
NN_v2,3,2016-01-08,VGT,1,0.47458196,0,0.7,False,False
NN_v2,3,2016-01-08,VHT,2,0.46221343,0,0.66,False,False
NN_v2,3,2016-01-15,VCR,1,0.4470156,1,0.63,False,False
NN_v2,3,2016-01-15,VFH,3,0.4433539,0,0.71,False,False
NN_v2,3,2016-01-15,VHT,2,0.4450814,0,0.66,False,False
NN_v2,3,2016-01-22,VFH,2,0.4542377,1,0.65,False,False
NN_v2,3,2016-01-22,VHT,1,0.45570278,0,0.73,False,False
NN_v2,3,2016-01-22,VIS,3,0.453619,1,0.68,False,False
NN_v2,3,2016-01-29,VCR,2,0.44367766,0,0.69,False,False
NN_v2,3,2016-01-29,VFH,3,0.43430552,0,0.7,False,False
NN_v2,3,2016-01-29,VHT,1,0.46252537,0,0.7,False,False
NN_v2,3,2016-02-05,VCR,2,0.4794982,0,0.71,False,False
NN_v2,3,2016-02-05,VDE,1,0.48410377,1,0.66,False,False
NN_v2,3,2016-02-05,VHT,3,0.47897658,0,0.6,False,False
NN_v2,3,2016-02-12,VAW,2,0.4858973,1,0.69,False,False
NN_v2,3,2016-02-12,VIS,3,0.48445374,1,0.65,False,False
NN_v2,3,2016-02-12,VNQ,1,0.49116054,1,0.69,False,False
NN_v2,3,2016-02-19,VAW,2,0.46242157,1,0.7,False,False
NN_v2,3,2016-02-19,VDE,1,0.4634511,0,0.64,False,False
NN_v2,3,2016-02-19,VGT,3,0.44159278,0,0.64,False,False
NN_v2,3,2016-02-26,VDE,1,0.44989902,1,0.6,False,False
NN_v2,3,2016-02-26,VGT,2,0.44164962,1,0.62,False,False
NN_v2,3,2016-02-26,VHT,3,0.43494543,0,0.69,False,False
NN_v2,3,2016-03-04,VCR,3,0.34238133,1,0.68,False,False
NN_v2,3,2016-03-04,VFH,2,0.34848028,1,0.69,False,False
NN_v2,3,2016-03-04,VGT,1,0.36578172,1,0.62,False,False
NN_v2,3,2016-03-11,VDE,3,0.3378557,1,0.64,False,False
NN_v2,3,2016-03-11,VFH,2,0.34240022,1,0.67,False,False
NN_v2,3,2016-03-11,VGT,1,0.34972674,1,0.77,False,False
NN_v2,3,2016-03-18,VDE,2,0.35587943,0,0.74,False,False
NN_v2,3,2016-03-18,VFH,1,0.35677025,0,0.66,False,False
NN_v2,3,2016-03-18,VHT,3,0.35278556,0,0.68,False,False
NN_v2,3,2016-03-25,VDE,1,0.45281854,0,0.67,False,False
NN_v2,3,2016-03-25,VFH,2,0.424148,1,0.69,False,False
NN_v2,3,2016-03-25,VGT,3,0.41561246,1,0.67,False,False
NN_v2,3,2016-04-01,VDE,1,0.3701326,1,0.66,False,False
NN_v2,3,2016-04-01,VFH,2,0.3125947,0,0.67,False,False
NN_v2,3,2016-04-01,VGT,3,0.29618257,0,0.7,False,False
NN_v2,3,2016-04-08,VCR,3,0.38570014,1,0.66,False,False
NN_v2,3,2016-04-08,VDE,2,0.39243403,1,0.66,False,False
NN_v2,3,2016-04-08,VGT,1,0.39893466,0,0.7,False,False
NN_v2,3,2016-04-15,VCR,3,0.3338522,0,0.71,False,False
NN_v2,3,2016-04-15,VDE,2,0.33762974,1,0.72,False,False
NN_v2,3,2016-04-15,VGT,1,0.34412727,0,0.67,False,False
NN_v2,3,2016-04-22,VCR,2,0.3820408,0,0.64,False,False
NN_v2,3,2016-04-22,VGT,1,0.38810408,0,0.65,False,False
NN_v2,3,2016-04-22,VNQ,3,0.3802875,0,0.63,False,False
NN_v2,3,2016-04-29,VCR,1,0.38813367,0,0.7,False,False
NN_v2,3,2016-04-29,VFH,2,0.3851685,0,0.68,False,False
NN_v2,3,2016-04-29,VHT,3,0.37762135,0,0.68,False,False
NN_v2,3,2016-05-06,VCR,1,0.41047525,0,0.66,False,False
NN_v2,3,2016-05-06,VDE,2,0.40060282,0,0.64,False,False
NN_v2,3,2016-05-06,VFH,3,0.39688304,0,0.67,False,False
NN_v2,3,2016-05-13,VDE,2,0.39849207,0,0.67,False,False
NN_v2,3,2016-05-13,VFH,1,0.41175795,1,0.7,False,False
NN_v2,3,2016-05-13,VHT,3,0.38810396,1,0.67,False,False
NN_v2,3,2016-05-20,VDE,3,0.40202087,1,0.68,False,False
NN_v2,3,2016-05-20,VNQ,1,0.42704827,1,0.68,False,False
NN_v2,3,2016-05-20,VOX,2,0.40691108,1,0.71,False,False
NN_v2,3,2016-05-27,VDE,2,0.30956104,0,0.67,False,False
NN_v2,3,2016-05-27,VHT,3,0.3089518,1,0.72,False,False
NN_v2,3,2016-05-27,VNQ,1,0.33989167,1,0.72,False,False
NN_v2,3,2016-06-03,VDE,1,0.37141934,0,0.61,False,False
NN_v2,3,2016-06-03,VFH,2,0.35423237,0,0.68,False,False
NN_v2,3,2016-06-03,VGT,3,0.35055992,0,0.69,False,False
NN_v2,3,2016-06-10,VFH,1,0.36634168,0,0.69,False,False
NN_v2,3,2016-06-10,VGT,3,0.35939676,0,0.68,False,False
NN_v2,3,2016-06-10,VHT,2,0.3628424,0,0.72,False,False
NN_v2,3,2016-06-17,VDE,3,0.38798955,0,0.61,False,False
NN_v2,3,2016-06-17,VGT,1,0.39096427,0,0.63,False,False
NN_v2,3,2016-06-17,VHT,2,0.38908157,0,0.7,False,False
NN_v2,3,2016-06-24,VAW,1,0.45773873,1,0.68,False,False
NN_v2,3,2016-06-24,VFH,3,0.44192496,1,0.71,False,False
NN_v2,3,2016-06-24,VHT,2,0.4576878,1,0.71,False,False
NN_v2,3,2016-07-01,VAW,1,0.31352097,1,0.72,False,False
NN_v2,3,2016-07-01,VFH,2,0.31032833,1,0.75,False,False
NN_v2,3,2016-07-01,VGT,3,0.30037427,1,0.64,False,False
NN_v2,3,2016-07-08,VDE,1,0.344735,1,0.69,False,False
NN_v2,3,2016-07-08,VFH,2,0.30891842,1,0.66,False,False
NN_v2,3,2016-07-08,VGT,3,0.30269367,1,0.66,False,False
NN_v2,3,2016-07-15,VCR,3,0.29801756,0,0.7,False,False
NN_v2,3,2016-07-15,VGT,1,0.3048464,1,0.71,False,False
NN_v2,3,2016-07-15,VHT,2,0.30302554,1,0.72,False,False
NN_v2,3,2016-07-22,VDE,1,0.29808414,0,0.72,False,False
NN_v2,3,2016-07-22,VHT,3,0.2786099,0,0.66,False,False
NN_v2,3,2016-07-22,VIS,2,0.2840435,0,0.65,False,False
NN_v2,3,2016-07-29,VAW,2,0.30898255,0,0.67,False,False
NN_v2,3,2016-07-29,VDE,1,0.32329506,1,0.65,False,False
NN_v2,3,2016-07-29,VPU,3,0.3083876,0,0.68,False,False
NN_v2,3,2016-08-05,VDE,3,0.33013076,0,0.66,False,False
NN_v2,3,2016-08-05,VNQ,1,0.3629283,0,0.68,False,False
NN_v2,3,2016-08-05,VOX,2,0.3500215,0,0.68,False,False
NN_v2,3,2016-08-12,VHT,3,0.31118873,0,0.69,False,False
NN_v2,3,2016-08-12,VNQ,2,0.33566436,0,0.62,False,False
NN_v2,3,2016-08-12,VOX,1,0.35806417,0,0.69,False,False
NN_v2,3,2016-08-19,VHT,3,0.3448941,0,0.69,False,False
NN_v2,3,2016-08-19,VNQ,1,0.38716847,0,0.63,False,False
NN_v2,3,2016-08-19,VOX,2,0.3597591,0,0.65,False,False
NN_v2,3,2016-08-26,VDE,2,0.3820941,0,0.63,False,False
NN_v2,3,2016-08-26,VNQ,1,0.40255532,1,0.66,False,False
NN_v2,3,2016-08-26,VOX,3,0.3732923,0,0.7,False,False
NN_v2,3,2016-09-02,VDE,3,0.34382397,0,0.62,False,False
NN_v2,3,2016-09-02,VNQ,2,0.34695345,0,0.68,False,False
NN_v2,3,2016-09-02,VOX,1,0.35254914,0,0.7,False,False
NN_v2,3,2016-09-09,VAW,1,0.45976084,0,0.71,False,False
NN_v2,3,2016-09-09,VHT,3,0.45037103,1,0.69,False,False
NN_v2,3,2016-09-09,VIS,2,0.45820293,0,0.67,False,False
NN_v2,3,2016-09-16,VCR,3,0.4179524,0,0.7,False,False
NN_v2,3,2016-09-16,VIS,2,0.42261845,0,0.67,False,False
NN_v2,3,2016-09-16,VNQ,1,0.42816266,1,0.69,False,False
NN_v2,3,2016-09-23,VAW,1,0.3598129,1,0.67,False,False
NN_v2,3,2016-09-23,VDC,3,0.34304968,0,0.69,False,False
NN_v2,3,2016-09-23,VDE,2,0.3470687,1,0.62,False,False
NN_v2,3,2016-09-30,VHT,3,0.41623512,0,0.7,False,False
NN_v2,3,2016-09-30,VOX,2,0.41806507,0,0.73,False,False
NN_v2,3,2016-09-30,VPU,1,0.44046664,0,0.69,False,False
NN_v2,3,2016-10-07,VAW,1,0.4417363,0,0.66,False,False
NN_v2,3,2016-10-07,VIS,3,0.4374508,0,0.65,False,False
NN_v2,3,2016-10-07,VOX,2,0.4406197,0,0.68,False,False
NN_v2,3,2016-10-14,VAW,3,0.41883445,1,0.63,False,False
NN_v2,3,2016-10-14,VCR,2,0.4259425,0,0.72,False,False
NN_v2,3,2016-10-14,VIS,1,0.43321562,0,0.66,False,False
NN_v2,3,2016-10-21,VIS,3,0.40084523,0,0.74,False,False
NN_v2,3,2016-10-21,VOX,2,0.40305495,0,0.7,False,False
NN_v2,3,2016-10-21,VPU,1,0.4095191,0,0.7,False,False
NN_v2,3,2016-10-28,VAW,2,0.45303813,0,0.65,False,False
NN_v2,3,2016-10-28,VDE,1,0.45622224,0,0.7,False,False
NN_v2,3,2016-10-28,VPU,3,0.44361892,0,0.68,False,False
NN_v2,3,2016-11-04,VDC,3,0.46774116,0,0.63,False,False
NN_v2,3,2016-11-04,VDE,1,0.47394505,1,0.7,False,False
NN_v2,3,2016-11-04,VOX,2,0.47249657,0,0.66,False,False
NN_v2,3,2016-11-11,VNQ,3,0.4037765,0,0.73,False,False
NN_v2,3,2016-11-11,VOX,2,0.4086903,1,0.73,False,False
NN_v2,3,2016-11-11,VPU,1,0.42011565,1,0.68,False,False
NN_v2,3,2016-11-18,VHT,1,0.38466406,0,0.68,False,False
NN_v2,3,2016-11-18,VOX,3,0.3684221,1,0.67,False,False
NN_v2,3,2016-11-18,VPU,2,0.3684425,1,0.68,False,False
NN_v2,3,2016-11-25,VHT,1,0.35536164,0,0.72,False,False
NN_v2,3,2016-11-25,VNQ,3,0.33281446,0,0.63,False,False
NN_v2,3,2016-11-25,VPU,2,0.33602062,0,0.68,False,False
NN_v2,3,2016-12-02,VHT,3,0.40021572,0,0.68,False,False
NN_v2,3,2016-12-02,VOX,1,0.41973668,1,0.7,False,False
NN_v2,3,2016-12-02,VPU,2,0.40210953,1,0.69,False,False
NN_v2,3,2016-12-09,VHT,3,0.28014642,1,0.66,False,False
NN_v2,3,2016-12-09,VNQ,1,0.30768645,0,0.71,False,False
NN_v2,3,2016-12-09,VPU,2,0.2973062,1,0.67,False,False
NN_v2,3,2016-12-16,VCR,2,0.35784605,0,0.69,False,False
NN_v2,3,2016-12-16,VNQ,1,0.36924452,0,0.67,False,False
NN_v2,3,2016-12-16,VPU,3,0.34460288,0,0.7,False,False
NN_v2,3,2016-12-23,VAW,3,0.3392374,0,0.72,False,False
NN_v2,3,2016-12-23,VHT,2,0.34643728,0,0.65,False,False
NN_v2,3,2016-12-23,VNQ,1,0.37137347,1,0.68,False,False
NN_v2,3,2016-12-30,VAW,2,0.37452054,1,0.69,False,False
NN_v2,3,2016-12-30,VCR,1,0.3781074,1,0.64,False,False
NN_v2,3,2016-12-30,VIS,3,0.37452036,0,0.66,False,False
NN_v2,3,2017-01-06,VAW,3,0.29966712,0,0.68,False,False
NN_v2,3,2017-01-06,VCR,2,0.305758,0,0.72,False,False
NN_v2,3,2017-01-06,VIS,1,0.30620837,0,0.73,False,False
NN_v2,3,2017-01-13,VDE,2,0.34249806,0,0.66,False,False
NN_v2,3,2017-01-13,VIS,3,0.34139708,0,0.64,False,False
NN_v2,3,2017-01-13,VNQ,1,0.3607025,0,0.65,False,False
NN_v2,3,2017-01-20,VDE,3,0.35987037,0,0.68,False,False
NN_v2,3,2017-01-20,VFH,1,0.36749223,1,0.67,False,False
NN_v2,3,2017-01-20,VIS,2,0.36104435,1,0.73,False,False
NN_v2,3,2017-01-27,VFH,2,0.321417,0,0.76,False,False
NN_v2,3,2017-01-27,VHT,1,0.32257172,1,0.63,False,False
NN_v2,3,2017-01-27,VNQ,3,0.3116433,0,0.68,False,False
NN_v2,3,2017-02-03,VDE,3,0.34866577,0,0.64,False,False
NN_v2,3,2017-02-03,VNQ,2,0.35183647,1,0.74,False,False
NN_v2,3,2017-02-03,VOX,1,0.36993137,0,0.64,False,False
NN_v2,3,2017-02-10,VDE,3,0.29393476,0,0.67,False,False
NN_v2,3,2017-02-10,VFH,2,0.29644543,1,0.68,False,False
NN_v2,3,2017-02-10,VOX,1,0.30376297,0,0.68,False,False
NN_v2,3,2017-02-17,VDE,1,0.29000378,0,0.68,False,False
NN_v2,3,2017-02-17,VFH,2,0.28670946,0,0.65,False,False
NN_v2,3,2017-02-17,VNQ,3,0.2860897,1,0.65,False,False
NN_v2,3,2017-02-24,VDE,2,0.30169684,1,0.68,False,False
NN_v2,3,2017-02-24,VFH,1,0.3033612,1,0.69,False,False
NN_v2,3,2017-02-24,VOX,3,0.29136598,0,0.68,False,False
NN_v2,3,2017-03-03,VFH,3,0.29651073,0,0.64,False,False
NN_v2,3,2017-03-03,VNQ,1,0.30633923,0,0.68,False,False
NN_v2,3,2017-03-03,VOX,2,0.30588043,0,0.73,False,False
NN_v2,3,2017-03-10,VFH,2,0.3633941,0,0.67,False,False
NN_v2,3,2017-03-10,VNQ,1,0.3680936,1,0.68,False,False
NN_v2,3,2017-03-10,VOX,3,0.35809335,1,0.65,False,False
NN_v2,3,2017-03-17,VDE,3,0.32234925,0,0.73,False,False
NN_v2,3,2017-03-17,VFH,2,0.3349044,0,0.66,False,False
NN_v2,3,2017-03-17,VNQ,1,0.33700186,0,0.64,False,False
NN_v2,3,2017-03-24,VAW,2,0.4114162,1,0.65,False,False
NN_v2,3,2017-03-24,VFH,1,0.4332118,1,0.68,False,False
NN_v2,3,2017-03-24,VIS,3,0.4048698,1,0.63,False,False
NN_v2,3,2017-03-31,VFH,1,0.3813246,0,0.65,False,False
NN_v2,3,2017-03-31,VNQ,2,0.34967124,1,0.66,False,False
NN_v2,3,2017-03-31,VOX,3,0.34287518,1,0.66,False,False
NN_v2,3,2017-04-07,VAW,2,0.3565125,0,0.67,False,False
NN_v2,3,2017-04-07,VFH,1,0.3903734,0,0.68,False,False
NN_v2,3,2017-04-07,VIS,3,0.355635,0,0.68,False,False
NN_v2,3,2017-04-14,VAW,2,0.4023889,1,0.73,False,False
NN_v2,3,2017-04-14,VFH,1,0.4233779,1,0.66,False,False
NN_v2,3,2017-04-14,VIS,3,0.39811197,1,0.67,False,False
NN_v2,3,2017-04-21,VDE,2,0.37428847,0,0.64,False,False
NN_v2,3,2017-04-21,VFH,1,0.38533416,0,0.7,False,False
NN_v2,3,2017-04-21,VOX,3,0.36327976,0,0.7,False,False
NN_v2,3,2017-04-28,VFH,1,0.35006815,0,0.69,False,False
NN_v2,3,2017-04-28,VNQ,2,0.3459013,0,0.65,False,False
NN_v2,3,2017-04-28,VOX,3,0.32978007,0,0.71,False,False
NN_v2,3,2017-05-05,VFH,2,0.35289666,0,0.65,False,False
NN_v2,3,2017-05-05,VNQ,3,0.32975674,0,0.71,False,False
NN_v2,3,2017-05-05,VOX,1,0.35743648,0,0.69,False,False
NN_v2,3,2017-05-12,VFH,1,0.36582938,0,0.67,False,False
NN_v2,3,2017-05-12,VIS,3,0.3494273,0,0.68,False,False
NN_v2,3,2017-05-12,VNQ,2,0.3585587,1,0.73,False,False
NN_v2,3,2017-05-19,VAW,3,0.36527336,0,0.67,False,False
NN_v2,3,2017-05-19,VDE,2,0.36872023,0,0.67,False,False
NN_v2,3,2017-05-19,VFH,1,0.3838264,0,0.63,False,False
NN_v2,3,2017-05-26,VDE,1,0.35109285,0,0.72,False,False
NN_v2,3,2017-05-26,VFH,2,0.34144908,0,0.69,False,False
NN_v2,3,2017-05-26,VNQ,3,0.33580846,0,0.68,False,False
NN_v2,3,2017-06-02,VDE,1,0.34128854,1,0.69,False,False
NN_v2,3,2017-06-02,VFH,2,0.32996282,1,0.71,False,False
NN_v2,3,2017-06-02,VNQ,3,0.3250001,0,0.65,False,False
NN_v2,3,2017-06-09,VCR,1,0.36184838,0,0.72,False,False
NN_v2,3,2017-06-09,VGT,2,0.35690004,0,0.71,False,False
NN_v2,3,2017-06-09,VPU,3,0.34069806,1,0.65,False,False
NN_v2,3,2017-06-16,VCR,2,0.3230279,0,0.66,False,False
NN_v2,3,2017-06-16,VGT,1,0.3463983,1,0.65,False,False
NN_v2,3,2017-06-16,VOX,3,0.3201029,0,0.69,False,False
NN_v2,3,2017-06-23,VFH,1,0.37064025,1,0.63,False,False
NN_v2,3,2017-06-23,VOX,3,0.35934907,0,0.71,False,False
NN_v2,3,2017-06-23,VPU,2,0.3595992,0,0.66,False,False
NN_v2,3,2017-06-30,VGT,1,0.40667635,0,0.67,False,False
NN_v2,3,2017-06-30,VNQ,3,0.36757508,0,0.64,False,False
NN_v2,3,2017-06-30,VPU,2,0.38227308,0,0.71,False,False
NN_v2,3,2017-07-07,VGT,2,0.37204397,1,0.68,False,False
NN_v2,3,2017-07-07,VNQ,3,0.34782797,1,0.69,False,False
NN_v2,3,2017-07-07,VPU,1,0.3774388,0,0.66,False,False
NN_v2,3,2017-07-14,VDE,3,0.28617376,0,0.7,False,False
NN_v2,3,2017-07-14,VFH,1,0.30057245,0,0.68,False,False
NN_v2,3,2017-07-14,VPU,2,0.29588228,1,0.67,False,False
NN_v2,3,2017-07-21,VDE,1,0.33975235,1,0.63,False,False
NN_v2,3,2017-07-21,VFH,2,0.32170254,0,0.67,False,False
NN_v2,3,2017-07-21,VGT,3,0.31512716,0,0.62,False,False
NN_v2,3,2017-07-28,VDE,2,0.34439582,0,0.7,False,False
NN_v2,3,2017-07-28,VGT,3,0.344282,0,0.65,False,False
NN_v2,3,2017-07-28,VPU,1,0.35008544,1,0.69,False,False
NN_v2,3,2017-08-04,VDE,1,0.34769422,0,0.69,False,False
NN_v2,3,2017-08-04,VGT,2,0.3298486,0,0.67,False,False
NN_v2,3,2017-08-04,VHT,3,0.32610148,0,0.63,False,False
NN_v2,3,2017-08-11,VAW,3,0.40201935,0,0.69,False,False
NN_v2,3,2017-08-11,VFH,1,0.42449388,0,0.65,False,False
NN_v2,3,2017-08-11,VHT,2,0.41146716,0,0.69,False,False
NN_v2,3,2017-08-18,VFH,3,0.41784844,0,0.67,False,False
NN_v2,3,2017-08-18,VHT,2,0.41838962,1,0.66,False,False
NN_v2,3,2017-08-18,VOX,1,0.42550382,1,0.63,False,False
NN_v2,3,2017-08-25,VDE,3,0.35434967,1,0.69,False,False
NN_v2,3,2017-08-25,VFH,1,0.37399477,0,0.7,False,False
NN_v2,3,2017-08-25,VHT,2,0.35745588,1,0.65,False,False
NN_v2,3,2017-09-01,VDE,2,0.31906182,0,0.69,False,False
NN_v2,3,2017-09-01,VFH,3,0.31661788,0,0.65,False,False
NN_v2,3,2017-09-01,VOX,1,0.33138385,0,0.66,False,False
NN_v2,3,2017-09-08,VFH,1,0.40275908,1,0.7,False,False
NN_v2,3,2017-09-08,VGT,3,0.3829522,0,0.68,False,False
NN_v2,3,2017-09-08,VOX,2,0.4025906,1,0.7,False,False
NN_v2,3,2017-09-15,VDE,3,0.29083866,1,0.77,False,False
NN_v2,3,2017-09-15,VFH,2,0.3052611,1,0.68,False,False
NN_v2,3,2017-09-15,VOX,1,0.30881873,1,0.7,False,False
NN_v2,3,2017-09-22,VGT,2,0.35610637,0,0.69,False,False
NN_v2,3,2017-09-22,VHT,3,0.3482724,0,0.66,False,False
NN_v2,3,2017-09-22,VPU,1,0.36150748,0,0.71,False,False
NN_v2,3,2017-09-29,VHT,3,0.2842775,1,0.63,False,False
NN_v2,3,2017-09-29,VOX,1,0.30916694,1,0.73,False,False
NN_v2,3,2017-09-29,VPU,2,0.29064155,0,0.65,False,False
NN_v2,3,2017-10-06,VDE,2,0.293351,0,0.67,False,False
NN_v2,3,2017-10-06,VOX,1,0.29892007,0,0.71,False,False
NN_v2,3,2017-10-06,VPU,3,0.28340086,1,0.63,False,False
NN_v2,3,2017-10-13,VDE,3,0.31821316,0,0.7,False,False
NN_v2,3,2017-10-13,VFH,2,0.33199477,1,0.66,False,False
NN_v2,3,2017-10-13,VOX,1,0.34726557,0,0.7,False,False
NN_v2,3,2017-10-20,VDE,1,0.30184346,0,0.67,False,False
NN_v2,3,2017-10-20,VNQ,3,0.28376585,0,0.66,False,False
NN_v2,3,2017-10-20,VOX,2,0.2894462,0,0.69,False,False
NN_v2,3,2017-10-27,VDE,3,0.32656312,1,0.72,False,False
NN_v2,3,2017-10-27,VHT,1,0.3449894,0,0.71,False,False
NN_v2,3,2017-10-27,VNQ,2,0.32830343,1,0.66,False,False
NN_v2,3,2017-11-03,VFH,3,0.31735846,0,0.69,False,False
NN_v2,3,2017-11-03,VHT,2,0.33592147,0,0.69,False,False
NN_v2,3,2017-11-03,VOX,1,0.3601877,0,0.71,False,False
NN_v2,3,2017-11-10,VFH,1,0.374772,1,0.66,False,False
NN_v2,3,2017-11-10,VHT,2,0.35043797,0,0.65,False,False
NN_v2,3,2017-11-10,VIS,3,0.34865674,0,0.71,False,False
NN_v2,3,2017-11-17,VDE,1,0.38366845,1,0.67,False,False
NN_v2,3,2017-11-17,VFH,2,0.36713853,0,0.63,False,False
NN_v2,3,2017-11-17,VHT,3,0.34117252,0,0.69,False,False
NN_v2,3,2017-11-24,VDE,1,0.31859863,1,0.69,False,False
NN_v2,3,2017-11-24,VFH,2,0.29125756,1,0.64,False,False
NN_v2,3,2017-11-24,VOX,3,0.2736911,1,0.71,False,False
NN_v2,3,2017-12-01,VDE,2,0.31164238,0,0.73,False,False
NN_v2,3,2017-12-01,VGT,1,0.31341463,0,0.68,False,False
NN_v2,3,2017-12-01,VOX,3,0.3044234,0,0.7,False,False
NN_v2,3,2017-12-08,VDE,2,0.30541828,0,0.72,False,False
NN_v2,3,2017-12-08,VGT,1,0.3134089,1,0.64,False,False
NN_v2,3,2017-12-08,VOX,3,0.283732,0,0.62,False,False
NN_v2,3,2017-12-15,VDE,2,0.29211193,1,0.65,False,False
NN_v2,3,2017-12-15,VFH,3,0.29070425,0,0.66,False,False
NN_v2,3,2017-12-15,VOX,1,0.29844904,0,0.7,False,False
NN_v2,3,2017-12-22,VFH,3,0.32831922,0,0.7,False,False
NN_v2,3,2017-12-22,VOX,1,0.3647029,0,0.63,False,False
NN_v2,3,2017-12-22,VPU,2,0.34946436,0,0.66,False,False
NN_v2,3,2017-12-29,VGT,2,0.31187606,1,0.71,False,False
NN_v2,3,2017-12-29,VOX,1,0.32069862,0,0.72,False,False
NN_v2,3,2017-12-29,VPU,3,0.3080941,0,0.69,False,False
NN_v2,3,2018-01-05,VNQ,3,0.30995685,0,0.58,False,False
NN_v2,3,2018-01-05,VOX,2,0.3279518,0,0.7,False,False
NN_v2,3,2018-01-05,VPU,1,0.3410245,0,0.69,False,False
NN_v2,3,2018-01-12,VNQ,2,0.30370516,0,0.69,False,False
NN_v2,3,2018-01-12,VOX,3,0.29201797,0,0.71,False,False
NN_v2,3,2018-01-12,VPU,1,0.31775156,0,0.68,False,False
NN_v2,3,2018-01-19,VDE,2,0.2731182,1,0.7,False,False
NN_v2,3,2018-01-19,VNQ,3,0.26668116,1,0.74,False,False
NN_v2,3,2018-01-19,VPU,1,0.27700144,1,0.67,False,False
NN_v2,3,2018-01-26,VDE,2,0.20470765,0,0.71,False,False
NN_v2,3,2018-01-26,VNQ,3,0.19792208,0,0.67,False,False
NN_v2,3,2018-01-26,VPU,1,0.2147276,0,0.69,False,False
NN_v2,3,2018-02-02,VAW,2,0.42475098,0,0.7,False,False
NN_v2,3,2018-02-02,VDE,1,0.43123952,0,0.67,False,False
NN_v2,3,2018-02-02,VIS,3,0.4221887,0,0.72,False,False
NN_v2,3,2018-02-09,VAW,3,0.43865615,1,0.63,False,False
NN_v2,3,2018-02-09,VDE,2,0.45012102,1,0.65,False,False
NN_v2,3,2018-02-09,VIS,1,0.4550305,1,0.68,False,False
NN_v2,3,2018-02-16,VAW,3,0.32789,1,0.67,False,False
NN_v2,3,2018-02-16,VDE,1,0.37701693,0,0.67,False,False
NN_v2,3,2018-02-16,VHT,2,0.33269095,0,0.7,False,False
NN_v2,3,2018-02-23,VDC,3,0.40138763,0,0.62,False,False
NN_v2,3,2018-02-23,VDE,1,0.43357334,0,0.71,False,False
NN_v2,3,2018-02-23,VHT,2,0.40912923,0,0.67,False,False
NN_v2,3,2018-03-02,VDE,1,0.46631256,1,0.64,False,False
NN_v2,3,2018-03-02,VHT,2,0.4644064,1,0.66,False,False
NN_v2,3,2018-03-02,VIS,3,0.45578203,1,0.65,False,False
NN_v2,3,2018-03-09,VAW,3,0.32332602,0,0.64,False,False
NN_v2,3,2018-03-09,VDE,1,0.37871704,0,0.66,False,False
NN_v2,3,2018-03-09,VOX,2,0.3306836,0,0.68,False,False
NN_v2,3,2018-03-16,VAW,3,0.4425586,0,0.65,False,False
NN_v2,3,2018-03-16,VHT,2,0.4466296,0,0.69,False,False
NN_v2,3,2018-03-16,VIS,1,0.44983205,0,0.69,False,False
NN_v2,3,2018-03-23,VCR,3,0.4462553,0,0.69,False,False
NN_v2,3,2018-03-23,VFH,1,0.4521985,1,0.65,False,False
NN_v2,3,2018-03-23,VHT,2,0.45163614,0,0.61,False,False
NN_v2,3,2018-03-30,VAW,2,0.4171191,0,0.62,False,False
NN_v2,3,2018-03-30,VDE,3,0.41340074,0,0.69,False,False
NN_v2,3,2018-03-30,VHT,1,0.41811952,0,0.67,False,False
NN_v2,3,2018-04-06,VFH,3,0.46955433,0,0.65,False,False
NN_v2,3,2018-04-06,VGT,2,0.47490844,1,0.67,False,False
NN_v2,3,2018-04-06,VHT,1,0.47502083,1,0.69,False,False
NN_v2,3,2018-04-13,VCR,1,0.47241265,0,0.72,False,False
NN_v2,3,2018-04-13,VFH,3,0.46031404,0,0.68,False,False
NN_v2,3,2018-04-13,VOX,2,0.46168885,1,0.68,False,False
NN_v2,3,2018-04-20,VDC,3,0.45533234,0,0.66,False,False
NN_v2,3,2018-04-20,VGT,1,0.4745515,0,0.67,False,False
NN_v2,3,2018-04-20,VHT,2,0.46725136,1,0.7,False,False
NN_v2,3,2018-04-27,VAW,2,0.46287465,0,0.66,False,False
NN_v2,3,2018-04-27,VFH,3,0.46177083,0,0.67,False,False
NN_v2,3,2018-04-27,VGT,1,0.4758655,1,0.68,False,False
NN_v2,3,2018-05-04,VAW,2,0.45826426,1,0.67,False,False
NN_v2,3,2018-05-04,VFH,3,0.45300373,1,0.71,False,False
NN_v2,3,2018-05-04,VHT,1,0.46700054,1,0.73,False,False
NN_v2,3,2018-05-11,VAW,2,0.40124336,1,0.64,False,False
NN_v2,3,2018-05-11,VFH,3,0.39377475,0,0.7,False,False
NN_v2,3,2018-05-11,VHT,1,0.40131682,0,0.71,False,False
NN_v2,3,2018-05-18,VFH,1,0.46094313,0,0.69,False,False
NN_v2,3,2018-05-18,VHT,2,0.45293576,0,0.65,False,False
NN_v2,3,2018-05-18,VIS,3,0.43420154,0,0.6,False,False
NN_v2,3,2018-05-25,VFH,1,0.4455003,0,0.65,False,False
NN_v2,3,2018-05-25,VHT,2,0.44411936,1,0.64,False,False
NN_v2,3,2018-05-25,VIS,3,0.4349373,0,0.63,False,False
NN_v2,3,2018-06-01,VFH,2,0.41859332,1,0.68,False,False
NN_v2,3,2018-06-01,VHT,1,0.4243307,1,0.68,False,False
NN_v2,3,2018-06-01,VIS,3,0.41326427,1,0.73,False,False
NN_v2,3,2018-06-08,VDE,3,0.36128265,0,0.65,False,False
NN_v2,3,2018-06-08,VFH,2,0.36491853,0,0.66,False,False
NN_v2,3,2018-06-08,VHT,1,0.36541006,1,0.65,False,False
NN_v2,3,2018-06-15,VAW,3,0.3590993,0,0.71,False,False
NN_v2,3,2018-06-15,VDE,1,0.41752297,1,0.68,False,False
NN_v2,3,2018-06-15,VFH,2,0.3715906,0,0.67,False,False
NN_v2,3,2018-06-22,VAW,2,0.41017908,0,0.66,False,False
NN_v2,3,2018-06-22,VDE,1,0.41705188,0,0.65,False,False
NN_v2,3,2018-06-22,VIS,3,0.4025004,0,0.69,False,False
NN_v2,3,2018-06-29,VAW,2,0.4338289,1,0.66,False,False
NN_v2,3,2018-06-29,VGT,1,0.43383226,1,0.68,False,False
NN_v2,3,2018-06-29,VHT,3,0.42805386,1,0.62,False,False
NN_v2,3,2018-07-06,VDE,1,0.35951942,0,0.68,False,False
NN_v2,3,2018-07-06,VGT,2,0.34787983,1,0.66,False,False
NN_v2,3,2018-07-06,VIS,3,0.3460864,1,0.74,False,False
NN_v2,3,2018-07-13,VDE,1,0.34070444,0,0.72,False,False
NN_v2,3,2018-07-13,VGT,3,0.33506528,0,0.67,False,False
NN_v2,3,2018-07-13,VIS,2,0.336823,0,0.68,False,False
NN_v2,3,2018-07-20,VDE,1,0.38940224,1,0.65,False,False
NN_v2,3,2018-07-20,VGT,3,0.36057535,0,0.68,False,False
NN_v2,3,2018-07-20,VHT,2,0.36338267,0,0.63,False,False
NN_v2,3,2018-07-27,VDE,1,0.35855654,0,0.66,False,False
NN_v2,3,2018-07-27,VGT,2,0.3511514,1,0.68,False,False
NN_v2,3,2018-07-27,VOX,3,0.34210867,0,0.58,False,False
NN_v2,3,2018-08-03,VDE,1,0.3500265,0,0.71,False,False
NN_v2,3,2018-08-03,VGT,3,0.32178771,0,0.72,False,False
NN_v2,3,2018-08-03,VOX,2,0.32640004,1,0.67,False,False
NN_v2,3,2018-08-10,VDE,1,0.34112406,0,0.69,False,False
NN_v2,3,2018-08-10,VFH,3,0.33115286,0,0.7,False,False
NN_v2,3,2018-08-10,VNQ,2,0.3339754,1,0.71,False,False
NN_v2,3,2018-08-17,VAW,3,0.32744104,1,0.73,False,False
NN_v2,3,2018-08-17,VDE,1,0.3988239,1,0.67,False,False
NN_v2,3,2018-08-17,VOX,2,0.32821304,1,0.72,False,False
NN_v2,3,2018-08-24,VDC,3,0.30958396,0,0.68,False,False
NN_v2,3,2018-08-24,VNQ,1,0.32169303,0,0.67,False,False
NN_v2,3,2018-08-24,VPU,2,0.32018042,0,0.72,False,False
NN_v2,3,2018-08-31,VDC,2,0.2919431,1,0.66,False,False
NN_v2,3,2018-08-31,VDE,1,0.3190394,0,0.67,False,False
NN_v2,3,2018-08-31,VNQ,3,0.2910588,0,0.66,False,False
NN_v2,3,2018-09-07,VDE,1,0.39726442,1,0.65,False,False
NN_v2,3,2018-09-07,VGT,3,0.38134164,1,0.63,False,False
NN_v2,3,2018-09-07,VNQ,2,0.38482636,0,0.7,False,False
NN_v2,3,2018-09-14,VDE,1,0.32264423,1,0.69,False,False
NN_v2,3,2018-09-14,VGT,3,0.28389448,0,0.72,False,False
NN_v2,3,2018-09-14,VOX,2,0.2840705,0,0.74,False,False
NN_v2,3,2018-09-21,VDE,1,0.2980699,0,0.65,False,False
NN_v2,3,2018-09-21,VNQ,3,0.29115087,0,0.7,False,False
NN_v2,3,2018-09-21,VOX,2,0.29420346,1,0.65,False,False
NN_v2,3,2018-09-28,VAW,2,0.36940655,0,0.67,False,False
NN_v2,3,2018-09-28,VDE,3,0.3636698,1,0.68,False,False
NN_v2,3,2018-09-28,VFH,1,0.38247952,0,0.68,False,False
NN_v2,3,2018-10-05,VAW,3,0.40471545,0,0.68,False,False
NN_v2,3,2018-10-05,VCR,1,0.4323588,0,0.66,False,False
NN_v2,3,2018-10-05,VGT,2,0.42948753,0,0.68,False,False
NN_v2,3,2018-10-12,VGT,2,0.44980463,0,0.66,False,False
NN_v2,3,2018-10-12,VIS,1,0.45805097,0,0.68,False,False
NN_v2,3,2018-10-12,VNQ,3,0.4484697,1,0.68,False,False
NN_v2,3,2018-10-19,VCR,2,0.46627316,0,0.68,False,False
NN_v2,3,2018-10-19,VGT,1,0.47177133,0,0.71,False,False
NN_v2,3,2018-10-19,VIS,3,0.45585793,0,0.65,False,False
NN_v2,3,2018-10-26,VCR,2,0.50094527,1,0.69,False,False
NN_v2,3,2018-10-26,VGT,1,0.5034278,0,0.67,False,False
NN_v2,3,2018-10-26,VOX,3,0.5008688,1,0.7,False,False
NN_v2,3,2018-11-02,VDE,2,0.43427476,0,0.59,False,False
NN_v2,3,2018-11-02,VGT,1,0.44595608,1,0.7,False,False
NN_v2,3,2018-11-02,VIS,3,0.41625577,1,0.67,False,False
NN_v2,3,2018-11-09,VCR,1,0.42264968,0,0.71,False,False
NN_v2,3,2018-11-09,VGT,2,0.42244157,0,0.67,False,False
NN_v2,3,2018-11-09,VIS,3,0.42192084,0,0.66,False,False
NN_v2,3,2018-11-16,VGT,2,0.4486534,0,0.68,False,False
NN_v2,3,2018-11-16,VIS,1,0.450774,0,0.67,False,False
NN_v2,3,2018-11-16,VOX,3,0.44425765,0,0.63,False,False
NN_v2,3,2018-11-23,VGT,3,0.45085436,1,0.63,False,False
NN_v2,3,2018-11-23,VIS,2,0.45471177,1,0.67,False,False
NN_v2,3,2018-11-23,VOX,1,0.45503426,1,0.7,False,False
NN_v2,3,2018-11-30,VAW,1,0.42012516,0,0.62,False,False
NN_v2,3,2018-11-30,VFH,3,0.39949125,0,0.67,False,False
NN_v2,3,2018-11-30,VIS,2,0.40072036,0,0.67,False,False
NN_v2,3,2018-12-07,VAW,3,0.4817106,0,0.61,False,False
NN_v2,3,2018-12-07,VFH,1,0.4938001,0,0.65,False,False
NN_v2,3,2018-12-07,VIS,2,0.4834639,0,0.67,False,False
NN_v2,3,2018-12-14,VAW,1,0.47447404,0,0.73,False,False
NN_v2,3,2018-12-14,VDE,3,0.4690954,0,0.63,False,False
NN_v2,3,2018-12-14,VFH,2,0.47309184,0,0.63,False,False
NN_v2,3,2018-12-21,VFH,2,0.4247779,1,0.69,False,False
NN_v2,3,2018-12-21,VHT,3,0.41764027,1,0.66,False,False
NN_v2,3,2018-12-21,VOX,1,0.4303907,1,0.68,False,False
NN_v2,3,2018-12-28,VAW,3,0.4351048,1,0.62,False,False
NN_v2,3,2018-12-28,VDE,1,0.44151592,1,0.66,False,False
NN_v2,3,2018-12-28,VIS,2,0.4386069,1,0.72,False,False
NN_v2,3,2019-01-04,VDC,2,0.45044214,0,0.69,False,False
NN_v2,3,2019-01-04,VGT,1,0.45437065,1,0.63,False,False
NN_v2,3,2019-01-04,VHT,3,0.4492352,1,0.68,False,False
NN_v2,3,2019-01-11,VFH,1,0.43397075,1,0.66,False,False
NN_v2,3,2019-01-11,VGT,2,0.43056703,1,0.71,False,False
NN_v2,3,2019-01-11,VHT,3,0.42464438,1,0.67,False,False
NN_v2,3,2019-01-18,VAW,3,0.317603,0,0.65,False,False
NN_v2,3,2019-01-18,VDE,1,0.35769397,0,0.68,False,False
NN_v2,3,2019-01-18,VGT,2,0.34115738,1,0.64,False,False
NN_v2,3,2019-01-25,VDE,1,0.44573817,1,0.65,False,False
NN_v2,3,2019-01-25,VHT,2,0.4315261,1,0.67,False,False
NN_v2,3,2019-01-25,VIS,3,0.42966694,1,0.68,False,False
NN_v2,3,2019-02-01,VCR,3,0.41602293,0,0.68,False,False
NN_v2,3,2019-02-01,VDE,1,0.41922063,0,0.73,False,False
NN_v2,3,2019-02-01,VHT,2,0.41773835,0,0.68,False,False
NN_v2,3,2019-02-08,VCR,2,0.44486564,1,0.73,False,False
NN_v2,3,2019-02-08,VFH,1,0.44744477,1,0.73,False,False
NN_v2,3,2019-02-08,VOX,3,0.44173807,1,0.64,False,False
NN_v2,3,2019-02-15,VAW,3,0.33466196,1,0.66,False,False
NN_v2,3,2019-02-15,VCR,2,0.34004214,1,0.66,False,False
NN_v2,3,2019-02-15,VDE,1,0.35871923,0,0.64,False,False
NN_v2,3,2019-02-22,VDE,1,0.407108,1,0.66,False,False
NN_v2,3,2019-02-22,VFH,3,0.3676289,0,0.66,False,False
NN_v2,3,2019-02-22,VOX,2,0.37650996,0,0.67,False,False
NN_v2,3,2019-03-01,VAW,2,0.36347583,0,0.67,False,False
NN_v2,3,2019-03-01,VCR,3,0.34739715,0,0.64,False,False
NN_v2,3,2019-03-01,VDE,1,0.38177192,0,0.69,False,False
NN_v2,3,2019-03-08,VCR,2,0.454482,1,0.68,False,False
NN_v2,3,2019-03-08,VDE,3,0.44301432,1,0.62,False,False
NN_v2,3,2019-03-08,VFH,1,0.46010178,1,0.61,False,False
NN_v2,3,2019-03-15,VCR,3,0.2986193,0,0.74,False,False
NN_v2,3,2019-03-15,VDE,1,0.32993674,0,0.67,False,False
NN_v2,3,2019-03-15,VFH,2,0.3009282,0,0.65,False,False
NN_v2,3,2019-03-22,VAW,3,0.3972582,1,0.69,False,False
NN_v2,3,2019-03-22,VDE,1,0.4231166,1,0.67,False,False
NN_v2,3,2019-03-22,VIS,2,0.41991824,1,0.67,False,False
NN_v2,3,2019-03-29,VDE,1,0.38482636,1,0.71,False,False
NN_v2,3,2019-03-29,VHT,3,0.34853896,0,0.66,False,False
NN_v2,3,2019-03-29,VIS,2,0.35783014,1,0.67,False,False
NN_v2,3,2019-04-05,VDE,1,0.3253526,0,0.71,False,False
NN_v2,3,2019-04-05,VFH,2,0.3150373,1,0.69,False,False
NN_v2,3,2019-04-05,VHT,3,0.30032626,0,0.74,False,False
NN_v2,3,2019-04-12,VAW,3,0.3053908,0,0.66,False,False
NN_v2,3,2019-04-12,VDE,1,0.33102995,0,0.69,False,False
NN_v2,3,2019-04-12,VIS,2,0.31101787,1,0.61,False,False
NN_v2,3,2019-04-19,VAW,3,0.35294098,0,0.71,False,False
NN_v2,3,2019-04-19,VDE,1,0.376796,0,0.7,False,False
NN_v2,3,2019-04-19,VNQ,2,0.35425848,1,0.7,False,False
NN_v2,3,2019-04-26,VAW,1,0.3686359,0,0.7,False,False
NN_v2,3,2019-04-26,VDE,3,0.32474938,0,0.67,False,False
NN_v2,3,2019-04-26,VIS,2,0.35892424,1,0.69,False,False
NN_v2,3,2019-05-03,VAW,1,0.35415494,0,0.69,False,False
NN_v2,3,2019-05-03,VDE,2,0.33781958,0,0.7,False,False
NN_v2,3,2019-05-03,VOX,3,0.32971734,0,0.7,False,False
NN_v2,3,2019-05-10,VCR,2,0.43781465,0,0.73,False,False
NN_v2,3,2019-05-10,VFH,3,0.4359007,0,0.67,False,False
NN_v2,3,2019-05-10,VIS,1,0.4416235,0,0.7,False,False
NN_v2,3,2019-05-17,VCR,2,0.43924603,0,0.6,False,False
NN_v2,3,2019-05-17,VFH,3,0.42858544,0,0.64,False,False
NN_v2,3,2019-05-17,VGT,1,0.46681648,0,0.66,False,False
NN_v2,3,2019-05-24,VCR,1,0.45676666,0,0.64,False,False
NN_v2,3,2019-05-24,VFH,3,0.4503247,0,0.66,False,False
NN_v2,3,2019-05-24,VGT,2,0.45383626,0,0.65,False,False
NN_v2,3,2019-05-31,VCR,2,0.4804008,1,0.66,False,False
NN_v2,3,2019-05-31,VFH,3,0.46675524,1,0.65,False,False
NN_v2,3,2019-05-31,VGT,1,0.49098888,1,0.72,False,False
NN_v2,3,2019-06-07,VCR,1,0.38541585,1,0.72,False,False
NN_v2,3,2019-06-07,VFH,3,0.36833948,0,0.71,False,False
NN_v2,3,2019-06-07,VIS,2,0.37667134,0,0.66,False,False
NN_v2,3,2019-06-14,VGT,1,0.39433923,1,0.7,False,False
NN_v2,3,2019-06-14,VIS,2,0.393395,1,0.66,False,False
NN_v2,3,2019-06-14,VOX,3,0.38453823,1,0.65,False,False
NN_v2,3,2019-06-21,VAW,1,0.35018072,1,0.68,False,False
NN_v2,3,2019-06-21,VDE,3,0.3291401,0,0.7,False,False
NN_v2,3,2019-06-21,VFH,2,0.33691484,1,0.7,False,False
NN_v2,3,2019-06-28,VCR,2,0.37767738,0,0.64,False,False
NN_v2,3,2019-06-28,VDE,1,0.37912184,0,0.68,False,False
NN_v2,3,2019-06-28,VHT,3,0.3698807,0,0.71,False,False
NN_v2,3,2019-07-05,VDE,1,0.35184678,1,0.64,False,False
NN_v2,3,2019-07-05,VHT,3,0.31895733,0,0.65,False,False
NN_v2,3,2019-07-05,VIS,2,0.32190967,1,0.71,False,False
NN_v2,3,2019-07-12,VAW,2,0.34834403,0,0.72,False,False
NN_v2,3,2019-07-12,VDE,1,0.36188528,0,0.64,False,False
NN_v2,3,2019-07-12,VHT,3,0.3479539,0,0.64,False,False
NN_v2,3,2019-07-19,VFH,3,0.40190881,1,0.67,False,False
NN_v2,3,2019-07-19,VHT,1,0.41893345,0,0.73,False,False
NN_v2,3,2019-07-19,VNQ,2,0.40264678,0,0.6,False,False
NN_v2,3,2019-07-26,VDE,2,0.32068777,0,0.68,False,False
NN_v2,3,2019-07-26,VNQ,3,0.31542858,0,0.62,False,False
NN_v2,3,2019-07-26,VPU,1,0.32113975,0,0.6,False,False
NN_v2,3,2019-08-02,VAW,2,0.45276338,1,0.7,False,False
NN_v2,3,2019-08-02,VGT,1,0.4604795,1,0.65,False,False
NN_v2,3,2019-08-02,VIS,3,0.44758052,1,0.67,False,False
NN_v2,3,2019-08-09,VAW,1,0.46766943,0,0.64,False,False
NN_v2,3,2019-08-09,VCR,2,0.45258975,0,0.72,False,False
NN_v2,3,2019-08-09,VGT,3,0.44665354,0,0.64,False,False
NN_v2,3,2019-08-16,VAW,1,0.47208685,0,0.75,False,False
NN_v2,3,2019-08-16,VGT,2,0.4586234,0,0.64,False,False
NN_v2,3,2019-08-16,VIS,3,0.45266628,0,0.65,False,False
NN_v2,3,2019-08-23,VAW,3,0.44741243,1,0.68,False,False
NN_v2,3,2019-08-23,VCR,2,0.45563856,1,0.65,False,False
NN_v2,3,2019-08-23,VGT,1,0.46273693,1,0.67,False,False
NN_v2,3,2019-08-30,VCR,1,0.38208094,1,0.68,False,False
NN_v2,3,2019-08-30,VHT,3,0.37416,1,0.62,False,False
NN_v2,3,2019-08-30,VOX,2,0.3770527,1,0.66,False,False
NN_v2,3,2019-09-06,VDE,3,0.348535,1,0.69,False,False
NN_v2,3,2019-09-06,VFH,1,0.36219084,1,0.69,False,False
NN_v2,3,2019-09-06,VOX,2,0.36013693,0,0.67,False,False
NN_v2,3,2019-09-13,VDE,3,0.34842518,0,0.65,False,False
NN_v2,3,2019-09-13,VGT,1,0.3877847,0,0.63,False,False
NN_v2,3,2019-09-13,VOX,2,0.35613328,0,0.69,False,False
NN_v2,3,2019-09-20,VGT,2,0.39343733,0,0.7,False,False
NN_v2,3,2019-09-20,VIS,3,0.37674135,0,0.73,False,False
NN_v2,3,2019-09-20,VOX,1,0.3934703,0,0.65,False,False
NN_v2,3,2019-09-27,VAW,3,0.44478512,0,0.65,False,False
NN_v2,3,2019-09-27,VCR,2,0.44810647,0,0.69,False,False
NN_v2,3,2019-09-27,VGT,1,0.4553097,0,0.67,False,False
NN_v2,3,2019-10-04,VAW,3,0.4453782,1,0.7,False,False
NN_v2,3,2019-10-04,VFH,1,0.46484104,1,0.68,False,False
NN_v2,3,2019-10-04,VIS,2,0.46469647,1,0.68,False,False
NN_v2,3,2019-10-11,VFH,3,0.41962606,1,0.64,False,False
NN_v2,3,2019-10-11,VIS,1,0.42173928,0,0.65,False,False
NN_v2,3,2019-10-11,VOX,2,0.42058724,1,0.68,False,False
NN_v2,3,2019-10-18,VAW,3,0.38497204,1,0.71,False,False
NN_v2,3,2019-10-18,VGT,1,0.40697202,1,0.69,False,False
NN_v2,3,2019-10-18,VIS,2,0.40378165,1,0.68,False,False
NN_v2,3,2019-10-25,VAW,3,0.3407316,0,0.68,False,False
NN_v2,3,2019-10-25,VCR,1,0.3698812,0,0.65,False,False
NN_v2,3,2019-10-25,VDE,2,0.36048695,0,0.71,False,False
NN_v2,3,2019-11-01,VAW,3,0.28273124,1,0.7,False,False
NN_v2,3,2019-11-01,VDE,1,0.33299106,1,0.7,False,False
NN_v2,3,2019-11-01,VNQ,2,0.28449717,0,0.72,False,False
NN_v2,3,2019-11-08,VCR,3,0.3247391,0,0.74,False,False
NN_v2,3,2019-11-08,VDE,1,0.36863053,0,0.7,False,False
NN_v2,3,2019-11-08,VNQ,2,0.33394805,1,0.72,False,False
NN_v2,3,2019-11-15,VAW,3,0.29059634,0,0.68,False,False
NN_v2,3,2019-11-15,VDE,1,0.3397985,0,0.63,False,False
NN_v2,3,2019-11-15,VOX,2,0.2914209,0,0.68,False,False
NN_v2,3,2019-11-22,VAW,2,0.35245463,0,0.74,False,False
NN_v2,3,2019-11-22,VDE,1,0.391721,0,0.67,False,False
NN_v2,3,2019-11-22,VIS,3,0.3339149,0,0.7,False,False
NN_v2,3,2019-11-29,VAW,2,0.31117734,0,0.7,False,False
NN_v2,3,2019-11-29,VDE,1,0.3217259,1,0.66,False,False
NN_v2,3,2019-11-29,VIS,3,0.2815816,0,0.71,False,False
NN_v2,3,2019-12-06,VDE,1,0.35113546,1,0.68,False,False
NN_v2,3,2019-12-06,VNQ,2,0.35086152,0,0.71,False,False
NN_v2,3,2019-12-06,VPU,3,0.33832178,0,0.66,False,False
NN_v2,3,2019-12-13,VDE,1,0.3333679,1,0.66,False,False
NN_v2,3,2019-12-13,VIS,2,0.32819876,0,0.63,False,False
NN_v2,3,2019-12-13,VOX,3,0.31465578,1,0.67,False,False
NN_v2,3,2019-12-20,VAW,3,0.26950258,0,0.69,False,False
NN_v2,3,2019-12-20,VDE,1,0.28761873,0,0.66,False,False
NN_v2,3,2019-12-20,VNQ,2,0.280209,0,0.67,False,False
NN_v2,3,2019-12-27,VAW,3,0.25231522,0,0.67,False,False
NN_v2,3,2019-12-27,VDE,1,0.26880842,0,0.69,False,False
NN_v2,3,2019-12-27,VIS,2,0.25308508,0,0.7,False,False
NN_v2,3,2020-01-03,VAW,2,0.29940844,0,0.64,False,False
NN_v2,3,2020-01-03,VDE,3,0.2987656,0,0.74,False,False
NN_v2,3,2020-01-03,VOX,1,0.30038798,1,0.7,False,False
NN_v2,3,2020-01-10,VAW,2,0.28027982,1,0.67,False,False
NN_v2,3,2020-01-10,VDE,1,0.31271118,0,0.65,False,False
NN_v2,3,2020-01-10,VNQ,3,0.27182487,1,0.61,False,False
NN_v2,3,2020-01-17,VAW,2,0.2576356,0,0.7,False,False
NN_v2,3,2020-01-17,VDE,1,0.26077303,0,0.71,False,False
NN_v2,3,2020-01-17,VIS,3,0.2386465,0,0.75,False,False
NN_v2,3,2020-01-24,VDE,2,0.36223626,0,0.69,False,False
NN_v2,3,2020-01-24,VFH,3,0.34144932,0,0.7,False,False
NN_v2,3,2020-01-24,VHT,1,0.367467,0,0.65,False,False
NN_v2,3,2020-01-31,VHT,1,0.45396662,1,0.73,False,False
NN_v2,3,2020-01-31,VIS,3,0.41183686,1,0.68,False,False
NN_v2,3,2020-01-31,VOX,2,0.44061455,1,0.68,False,False
NN_v2,3,2020-02-07,VDE,1,0.31367537,1,0.68,False,False
NN_v2,3,2020-02-07,VHT,3,0.303903,1,0.7,False,False
NN_v2,3,2020-02-07,VOX,2,0.30936462,1,0.6,False,False
NN_v2,3,2020-02-14,VAW,2,0.2661445,0,0.67,False,False
NN_v2,3,2020-02-14,VDE,1,0.30389047,0,0.68,False,False
NN_v2,3,2020-02-14,VHT,3,0.25993952,0,0.72,False,False
NN_v2,3,2020-02-21,VDE,1,0.35503957,0,0.71,False,False
NN_v2,3,2020-02-21,VHT,2,0.34537062,0,0.65,False,False
NN_v2,3,2020-02-21,VOX,3,0.34421846,0,0.7,False,False
NN_v2,3,2020-02-28,VGT,2,0.44831228,0,0.68,False,False
NN_v2,3,2020-02-28,VNQ,3,0.44750437,1,0.69,False,False
NN_v2,3,2020-02-28,VPU,1,0.45117298,1,0.7,False,False
NN_v2,3,2020-03-06,VDE,3,0.41489282,0,0.69,False,False
NN_v2,3,2020-03-06,VGT,1,0.42381135,0,0.66,False,False
NN_v2,3,2020-03-06,VOX,2,0.42111033,0,0.65,False,False
NN_v2,3,2020-03-13,VCR,3,0.48448095,0,0.69,False,False
NN_v2,3,2020-03-13,VDE,1,0.49529248,0,0.65,False,False
NN_v2,3,2020-03-13,VIS,2,0.48489657,0,0.67,False,False
NN_v2,3,2020-03-20,VCR,3,0.49041805,1,0.61,False,False
NN_v2,3,2020-03-20,VDE,1,0.5155688,1,0.66,False,False
NN_v2,3,2020-03-20,VIS,2,0.49116045,1,0.69,False,False
NN_v2,3,2020-03-27,VAW,3,0.32160756,0,0.65,False,False
NN_v2,3,2020-03-27,VDE,1,0.33548528,1,0.68,False,False
NN_v2,3,2020-03-27,VOX,2,0.32700542,0,0.69,False,False
NN_v2,3,2020-04-03,VCR,1,0.41858155,1,0.7,False,False
NN_v2,3,2020-04-03,VFH,3,0.4154881,1,0.66,False,False
NN_v2,3,2020-04-03,VPU,2,0.41670242,1,0.73,False,False
NN_v2,3,2020-04-10,VDE,1,0.30751222,0,0.61,False,False
NN_v2,3,2020-04-10,VIS,2,0.30382827,0,0.69,False,False
NN_v2,3,2020-04-10,VOX,3,0.30104542,1,0.69,False,False
NN_v2,3,2020-04-17,VAW,3,0.4735427,1,0.72,False,False
NN_v2,3,2020-04-17,VIS,2,0.47386846,0,0.68,False,False
NN_v2,3,2020-04-17,VNQ,1,0.47751507,0,0.65,False,False
NN_v2,3,2020-04-24,VCR,1,0.47070107,0,0.67,False,False
NN_v2,3,2020-04-24,VGT,3,0.46787676,0,0.75,False,False
NN_v2,3,2020-04-24,VOX,2,0.46967572,1,0.72,False,False
NN_v2,3,2020-05-01,VDC,1,0.47227755,1,0.67,False,False
NN_v2,3,2020-05-01,VGT,3,0.46365866,1,0.63,False,False
NN_v2,3,2020-05-01,VIS,2,0.4685068,1,0.69,False,False
NN_v2,3,2020-05-08,VAW,2,0.5133832,0,0.68,False,False
NN_v2,3,2020-05-08,VIS,1,0.5169058,0,0.65,False,False
NN_v2,3,2020-05-08,VPU,3,0.51331466,0,0.66,False,False
NN_v2,3,2020-05-15,VDE,1,0.5626296,1,0.68,False,False
NN_v2,3,2020-05-15,VIS,3,0.54629266,1,0.69,False,False
NN_v2,3,2020-05-15,VPU,2,0.5507263,0,0.63,False,False
NN_v2,3,2020-05-22,VAW,1,0.46352273,1,0.66,False,False
NN_v2,3,2020-05-22,VDE,3,0.46057874,0,0.64,False,False
NN_v2,3,2020-05-22,VPU,2,0.46233264,1,0.67,False,False
NN_v2,3,2020-05-29,VDE,1,0.47870374,1,0.68,False,False
NN_v2,3,2020-05-29,VNQ,2,0.44073048,1,0.75,False,False
NN_v2,3,2020-05-29,VPU,3,0.4322122,1,0.72,False,False
NN_v2,3,2020-06-05,VIS,3,0.3062119,0,0.71,False,False
NN_v2,3,2020-06-05,VNQ,1,0.3552374,0,0.68,False,False
NN_v2,3,2020-06-05,VPU,2,0.3446916,0,0.69,False,False
NN_v2,3,2020-06-12,VAW,1,0.40239882,1,0.73,False,False
NN_v2,3,2020-06-12,VNQ,2,0.39371228,1,0.75,False,False
NN_v2,3,2020-06-12,VPU,3,0.38707143,0,0.63,False,False
NN_v2,3,2020-06-19,VAW,2,0.38774794,0,0.73,False,False
NN_v2,3,2020-06-19,VIS,3,0.37625843,0,0.69,False,False
NN_v2,3,2020-06-19,VNQ,1,0.39832583,0,0.71,False,False
NN_v2,3,2020-06-26,VAW,1,0.43935943,1,0.72,False,False
NN_v2,3,2020-06-26,VIS,3,0.43423194,1,0.68,False,False
NN_v2,3,2020-06-26,VNQ,2,0.4363796,1,0.69,False,False
NN_v2,3,2020-07-03,VDE,3,0.40502113,0,0.72,False,False
NN_v2,3,2020-07-03,VIS,2,0.41412497,0,0.65,False,False
NN_v2,3,2020-07-03,VNQ,1,0.41767484,0,0.63,False,False
NN_v2,3,2020-07-10,VFH,2,0.47103953,1,0.67,False,False
NN_v2,3,2020-07-10,VIS,1,0.47495633,1,0.68,False,False
NN_v2,3,2020-07-10,VNQ,3,0.46776897,0,0.64,False,False
NN_v2,3,2020-07-17,VFH,2,0.44526124,1,0.71,False,False
NN_v2,3,2020-07-17,VIS,3,0.42780924,0,0.72,False,False
NN_v2,3,2020-07-17,VNQ,1,0.4505394,0,0.66,False,False
NN_v2,3,2020-07-24,VFH,1,0.4414958,0,0.71,False,False
NN_v2,3,2020-07-24,VIS,2,0.4356142,0,0.66,False,False
NN_v2,3,2020-07-24,VNQ,3,0.43440336,1,0.7,False,False
NN_v2,3,2020-07-31,VFH,3,0.43348855,1,0.71,False,False
NN_v2,3,2020-07-31,VIS,1,0.44503182,1,0.63,False,False
NN_v2,3,2020-07-31,VNQ,2,0.4378398,1,0.72,False,False
NN_v2,3,2020-08-07,VDE,2,0.38676843,1,0.69,False,False
NN_v2,3,2020-08-07,VFH,1,0.39259472,0,0.63,False,False
NN_v2,3,2020-08-07,VNQ,3,0.3808052,0,0.69,False,False
NN_v2,3,2020-08-14,VDE,3,0.41517815,0,0.7,False,False
NN_v2,3,2020-08-14,VFH,1,0.43408433,0,0.67,False,False
NN_v2,3,2020-08-14,VNQ,2,0.42101994,0,0.71,False,False
NN_v2,3,2020-08-21,VAW,3,0.4183155,1,0.69,False,False
NN_v2,3,2020-08-21,VIS,2,0.43058625,1,0.7,False,False
NN_v2,3,2020-08-21,VNQ,1,0.4361073,1,0.66,False,False
NN_v2,3,2020-08-28,VDE,1,0.36496648,0,0.67,False,False
NN_v2,3,2020-08-28,VFH,3,0.34571567,0,0.64,False,False
NN_v2,3,2020-08-28,VIS,2,0.35322487,0,0.7,False,False
NN_v2,3,2020-09-04,VFH,3,0.4314452,0,0.68,False,False
NN_v2,3,2020-09-04,VIS,2,0.43159276,0,0.66,False,False
NN_v2,3,2020-09-04,VOX,1,0.43564302,0,0.69,False,False
NN_v2,3,2020-09-11,VGT,3,0.45440155,0,0.71,False,False
NN_v2,3,2020-09-11,VIS,1,0.47788805,0,0.67,False,False
NN_v2,3,2020-09-11,VOX,2,0.46148974,0,0.69,False,False
NN_v2,3,2020-09-18,VFH,1,0.42374507,0,0.68,False,False
NN_v2,3,2020-09-18,VGT,3,0.41464958,1,0.73,False,False
NN_v2,3,2020-09-18,VOX,2,0.42231482,0,0.65,False,False
NN_v2,3,2020-09-25,VAW,2,0.46410656,0,0.67,False,False
NN_v2,3,2020-09-25,VFH,3,0.4620018,1,0.66,False,False
NN_v2,3,2020-09-25,VOX,1,0.46734315,0,0.69,False,False
NN_v2,3,2020-10-02,VAW,1,0.40174374,1,0.74,False,False
NN_v2,3,2020-10-02,VDE,3,0.38554206,1,0.69,False,False
NN_v2,3,2020-10-02,VFH,2,0.40167028,1,0.68,False,False
NN_v2,3,2020-10-09,VDE,1,0.32237595,0,0.69,False,False
NN_v2,3,2020-10-09,VFH,2,0.28110346,0,0.71,False,False
NN_v2,3,2020-10-09,VOX,3,0.26698178,0,0.67,False,False
NN_v2,3,2020-10-16,VDE,1,0.3653796,0,0.65,False,False
NN_v2,3,2020-10-16,VFH,2,0.36128598,1,0.65,False,False
NN_v2,3,2020-10-16,VOX,3,0.3316609,1,0.72,False,False
NN_v2,3,2020-10-23,VDE,1,0.3854434,0,0.66,False,False
NN_v2,3,2020-10-23,VFH,3,0.3743407,0,0.71,False,False
NN_v2,3,2020-10-23,VGT,2,0.38234323,0,0.67,False,False
NN_v2,3,2020-10-30,VCR,1,0.48158258,1,0.7,False,False
NN_v2,3,2020-10-30,VDC,3,0.46460143,1,0.65,False,False
NN_v2,3,2020-10-30,VIS,2,0.47188878,1,0.68,False,False
NN_v2,3,2020-11-06,VDE,1,0.3630977,1,0.68,False,False
NN_v2,3,2020-11-06,VFH,2,0.33593363,1,0.63,False,False
NN_v2,3,2020-11-06,VIS,3,0.32569999,0,0.68,False,False
NN_v2,3,2020-11-13,VAW,3,0.34662375,0,0.71,False,False
NN_v2,3,2020-11-13,VCR,2,0.35059223,1,0.74,False,False
NN_v2,3,2020-11-13,VGT,1,0.3580757,0,0.69,False,False
NN_v2,3,2020-11-20,VHT,2,0.41015473,0,0.7,False,False
NN_v2,3,2020-11-20,VNQ,1,0.41503102,0,0.7,False,False
NN_v2,3,2020-11-20,VPU,3,0.39990816,0,0.68,False,False
NN_v2,3,2020-11-27,VGT,1,0.32456657,1,0.64,False,False
NN_v2,3,2020-11-27,VHT,2,0.29897648,1,0.66,False,False
NN_v2,3,2020-11-27,VNQ,3,0.293613,1,0.67,False,False
NN_v2,3,2020-12-04,VGT,2,0.28180924,0,0.69,False,False
NN_v2,3,2020-12-04,VNQ,1,0.2833941,0,0.7,False,False
NN_v2,3,2020-12-04,VPU,3,0.2793345,0,0.65,False,False
NN_v2,3,2020-12-11,VCR,2,0.32586125,1,0.67,False,False
NN_v2,3,2020-12-11,VGT,1,0.36441565,1,0.64,False,False
NN_v2,3,2020-12-11,VIS,3,0.32261327,0,0.74,False,False
NN_v2,3,2020-12-18,VDE,1,0.30554432,1,0.69,False,False
NN_v2,3,2020-12-18,VFH,3,0.28364906,1,0.63,False,False
NN_v2,3,2020-12-18,VGT,2,0.28478885,1,0.63,False,False
NN_v2,3,2020-12-25,VAW,3,0.27399603,0,0.71,False,False
NN_v2,3,2020-12-25,VDE,1,0.30823284,0,0.66,False,False
NN_v2,3,2020-12-25,VHT,2,0.28054887,0,0.69,False,False
NN_v2,3,2021-01-01,VDE,1,0.3538124,1,0.68,False,False
NN_v2,3,2021-01-01,VGT,2,0.32185158,0,0.65,False,False
NN_v2,3,2021-01-01,VHT,3,0.30115625,1,0.71,False,False
NN_v2,3,2021-01-08,VGT,1,0.3368753,0,0.7,False,False
NN_v2,3,2021-01-08,VNQ,2,0.3244715,1,0.66,False,False
NN_v2,3,2021-01-08,VOX,3,0.30177292,0,0.69,False,False
NN_v2,3,2021-01-15,VGT,1,0.40780908,1,0.63,False,False
NN_v2,3,2021-01-15,VIS,3,0.35901874,0,0.65,False,False
NN_v2,3,2021-01-15,VOX,2,0.39848882,1,0.69,False,False
NN_v2,3,2021-01-22,VAW,1,0.3024059,0,0.67,False,False
NN_v2,3,2021-01-22,VFH,2,0.2855268,0,0.69,False,False
NN_v2,3,2021-01-22,VIS,3,0.2729856,0,0.65,False,False
NN_v2,3,2021-01-29,VFH,1,0.45758614,1,0.68,False,False
NN_v2,3,2021-01-29,VGT,3,0.44869146,1,0.66,False,False
NN_v2,3,2021-01-29,VIS,2,0.45651823,1,0.63,False,False
NN_v2,3,2021-02-05,VAW,1,0.3182325,0,0.73,False,False
NN_v2,3,2021-02-05,VDE,3,0.28093174,1,0.65,False,False
NN_v2,3,2021-02-05,VIS,2,0.28519773,1,0.67,False,False
NN_v2,3,2021-02-12,VAW,1,0.32730722,0,0.68,False,False
NN_v2,3,2021-02-12,VCR,3,0.30380234,0,0.68,False,False
NN_v2,3,2021-02-12,VIS,2,0.311733,0,0.68,False,False
NN_v2,3,2021-02-19,VAW,2,0.3887438,0,0.71,False,False
NN_v2,3,2021-02-19,VCR,3,0.3820243,0,0.69,False,False
NN_v2,3,2021-02-19,VGT,1,0.392143,0,0.7,False,False
NN_v2,3,2021-02-26,VCR,1,0.46260566,0,0.68,False,False
NN_v2,3,2021-02-26,VGT,2,0.4613161,0,0.7,False,False
NN_v2,3,2021-02-26,VHT,3,0.43752772,0,0.59,False,False
NN_v2,3,2021-03-05,VCR,1,0.45708808,1,0.64,False,False
NN_v2,3,2021-03-05,VGT,2,0.45348382,1,0.71,False,False
NN_v2,3,2021-03-05,VHT,3,0.4305405,1,0.62,False,False
NN_v2,3,2021-03-12,VCR,3,0.30125755,0,0.67,False,False
NN_v2,3,2021-03-12,VGT,1,0.3627553,0,0.7,False,False
NN_v2,3,2021-03-12,VHT,2,0.30623147,0,0.69,False,False
NN_v2,3,2021-03-19,VCR,2,0.42300805,0,0.72,False,False
NN_v2,3,2021-03-19,VGT,1,0.42353687,1,0.64,False,False
NN_v2,3,2021-03-19,VPU,3,0.41037363,1,0.78,False,False
NN_v2,3,2021-03-26,VCR,2,0.40243083,1,0.73,False,False
NN_v2,3,2021-03-26,VGT,3,0.3899675,1,0.63,False,False
NN_v2,3,2021-03-26,VOX,1,0.41162777,1,0.64,False,False
NN_v2,3,2021-04-02,VCR,1,0.32994342,1,0.66,False,False
NN_v2,3,2021-04-02,VGT,2,0.3299233,1,0.66,False,False
NN_v2,3,2021-04-02,VOX,3,0.31273997,1,0.67,False,False
NN_v2,3,2021-04-09,VAW,3,0.29699102,1,0.72,False,False
NN_v2,3,2021-04-09,VCR,2,0.30117893,1,0.63,False,False
NN_v2,3,2021-04-09,VDE,1,0.39298433,0,0.67,False,False
NN_v2,3,2021-04-16,VDE,1,0.3627041,0,0.69,False,False
NN_v2,3,2021-04-16,VGT,3,0.28700453,0,0.7,False,False
NN_v2,3,2021-04-16,VOX,2,0.306708,0,0.7,False,False
NN_v2,3,2021-04-23,VDE,1,0.41600466,1,0.67,False,False
NN_v2,3,2021-04-23,VGT,2,0.31885704,0,0.59,False,False
NN_v2,3,2021-04-23,VOX,3,0.3185447,1,0.68,False,False
NN_v2,3,2021-04-30,VDE,2,0.3542156,1,0.66,False,False
NN_v2,3,2021-04-30,VGT,1,0.37610227,0,0.7,False,False
NN_v2,3,2021-04-30,VHT,3,0.3430597,0,0.68,False,False
NN_v2,3,2021-05-07,VCR,1,0.37153727,0,0.64,False,False
NN_v2,3,2021-05-07,VGT,3,0.36387372,0,0.69,False,False
NN_v2,3,2021-05-07,VPU,2,0.367072,0,0.65,False,False
NN_v2,3,2021-05-14,VCR,1,0.42316285,0,0.73,False,False
NN_v2,3,2021-05-14,VGT,3,0.4105486,0,0.7,False,False
NN_v2,3,2021-05-14,VOX,2,0.41287655,0,0.74,False,False
NN_v2,3,2021-05-21,VCR,1,0.39953128,1,0.69,False,False
NN_v2,3,2021-05-21,VGT,3,0.37333304,1,0.74,False,False
NN_v2,3,2021-05-21,VOX,2,0.37533936,1,0.65,False,False
NN_v2,3,2021-05-28,VCR,1,0.3514621,0,0.68,False,False
NN_v2,3,2021-05-28,VDE,2,0.35019043,1,0.69,False,False
NN_v2,3,2021-05-28,VGT,3,0.33818445,0,0.71,False,False
NN_v2,3,2021-06-04,VCR,2,0.36718422,1,0.68,False,False
NN_v2,3,2021-06-04,VGT,1,0.37458926,1,0.62,False,False
NN_v2,3,2021-06-04,VPU,3,0.34315783,1,0.7,False,False
NN_v2,3,2021-06-11,VAW,1,0.35107455,0,0.63,False,False
NN_v2,3,2021-06-11,VDE,3,0.33674046,0,0.71,False,False
NN_v2,3,2021-06-11,VFH,2,0.3376419,0,0.69,False,False
NN_v2,3,2021-06-18,VAW,1,0.45193082,1,0.7,False,False
NN_v2,3,2021-06-18,VCR,3,0.44481793,1,0.65,False,False
NN_v2,3,2021-06-18,VFH,2,0.45068955,1,0.68,False,False
NN_v2,3,2021-06-25,VAW,1,0.36736217,0,0.67,False,False
NN_v2,3,2021-06-25,VFH,2,0.33242255,0,0.69,False,False
NN_v2,3,2021-06-25,VIS,3,0.31584567,0,0.65,False,False
NN_v2,3,2021-07-02,VAW,2,0.35317332,0,0.71,False,False
NN_v2,3,2021-07-02,VDE,1,0.3543965,0,0.63,False,False
NN_v2,3,2021-07-02,VFH,3,0.35229427,0,0.65,False,False
NN_v2,3,2021-07-09,VAW,3,0.38656932,0,0.66,False,False
NN_v2,3,2021-07-09,VDE,1,0.4313522,0,0.67,False,False
NN_v2,3,2021-07-09,VFH,2,0.41084427,0,0.66,False,False
NN_v2,3,2021-07-16,VCR,3,0.44190186,1,0.67,False,False
NN_v2,3,2021-07-16,VDE,1,0.4868761,1,0.67,False,False
NN_v2,3,2021-07-16,VFH,2,0.4548315,1,0.68,False,False
NN_v2,3,2021-07-23,VAW,2,0.35554677,1,0.66,False,False
NN_v2,3,2021-07-23,VDE,1,0.43862113,1,0.67,False,False
NN_v2,3,2021-07-23,VFH,3,0.35461664,1,0.66,False,False
NN_v2,3,2021-07-30,VCR,2,0.38697237,0,0.65,False,False
NN_v2,3,2021-07-30,VDE,1,0.4287471,0,0.66,False,False
NN_v2,3,2021-07-30,VOX,3,0.38449556,0,0.67,False,False
NN_v2,3,2021-08-06,VAW,2,0.33868432,1,0.62,False,False
NN_v2,3,2021-08-06,VCR,3,0.33126682,0,0.69,False,False
NN_v2,3,2021-08-06,VDE,1,0.39407304,0,0.67,False,False
NN_v2,3,2021-08-13,VCR,3,0.33234772,0,0.69,False,False
NN_v2,3,2021-08-13,VDE,1,0.40586925,0,0.69,False,False
NN_v2,3,2021-08-13,VOX,2,0.3439876,0,0.68,False,False
NN_v2,3,2021-08-20,VAW,2,0.43871564,1,0.72,False,False
NN_v2,3,2021-08-20,VCR,3,0.42695045,1,0.69,False,False
NN_v2,3,2021-08-20,VDE,1,0.46306258,1,0.72,False,False
NN_v2,3,2021-08-27,VAW,2,0.36079946,0,0.72,False,False
NN_v2,3,2021-08-27,VCR,3,0.3554909,0,0.64,False,False
NN_v2,3,2021-08-27,VDE,1,0.36661673,0,0.68,False,False
NN_v2,3,2021-09-03,VAW,2,0.37177917,0,0.69,False,False
NN_v2,3,2021-09-03,VDE,1,0.39715403,0,0.68,False,False
NN_v2,3,2021-09-03,VFH,3,0.36577976,0,0.68,False,False
NN_v2,3,2021-09-10,VDE,1,0.43668127,1,0.72,False,False
NN_v2,3,2021-09-10,VFH,2,0.4261867,0,0.65,False,False
NN_v2,3,2021-09-10,VNQ,3,0.41723198,0,0.64,False,False
NN_v2,3,2021-09-17,VAW,3,0.42731324,1,0.7,False,False
NN_v2,3,2021-09-17,VNQ,2,0.43186313,0,0.67,False,False
NN_v2,3,2021-09-17,VPU,1,0.43487662,0,0.7,False,False
NN_v2,3,2021-09-24,VAW,2,0.40674534,0,0.72,False,False
NN_v2,3,2021-09-24,VNQ,1,0.42315435,0,0.64,False,False
NN_v2,3,2021-09-24,VPU,3,0.40524945,0,0.68,False,False
NN_v2,3,2021-10-01,VHT,2,0.46676502,0,0.67,False,False
NN_v2,3,2021-10-01,VNQ,3,0.46445727,0,0.62,False,False
NN_v2,3,2021-10-01,VPU,1,0.46985167,1,0.68,False,False
NN_v2,3,2021-10-08,VAW,1,0.43318343,1,0.67,False,False
NN_v2,3,2021-10-08,VCR,3,0.4016699,1,0.7,False,False
NN_v2,3,2021-10-08,VGT,2,0.42796153,1,0.62,False,False
NN_v2,3,2021-10-15,VAW,2,0.33695486,1,0.62,False,False
NN_v2,3,2021-10-15,VOX,1,0.33957446,0,0.65,False,False
NN_v2,3,2021-10-15,VPU,3,0.3316914,1,0.67,False,False
NN_v2,3,2021-10-22,VAW,1,0.3417212,0,0.68,False,False
NN_v2,3,2021-10-22,VHT,3,0.320165,1,0.69,False,False
NN_v2,3,2021-10-22,VOX,2,0.32585213,0,0.64,False,False
NN_v2,3,2021-10-29,VAW,1,0.33876345,1,0.69,False,False
NN_v2,3,2021-10-29,VDE,2,0.32450357,0,0.7,False,False
NN_v2,3,2021-10-29,VNQ,3,0.3105958,0,0.69,False,False
NN_v2,3,2021-11-05,VDE,1,0.29034856,0,0.66,False,False
NN_v2,3,2021-11-05,VFH,3,0.28399894,0,0.7,False,False
NN_v2,3,2021-11-05,VNQ,2,0.28414983,0,0.66,False,False
NN_v2,3,2021-11-12,VCR,1,0.3440446,1,0.71,False,False
NN_v2,3,2021-11-12,VFH,2,0.32816786,0,0.62,False,False
NN_v2,3,2021-11-12,VNQ,3,0.32532373,0,0.74,False,False
NN_v2,3,2021-11-19,VAW,2,0.40430537,0,0.65,False,False
NN_v2,3,2021-11-19,VDE,1,0.4388848,1,0.7,False,False
NN_v2,3,2021-11-19,VFH,3,0.38265786,0,0.69,False,False
NN_v2,3,2021-11-26,VDE,1,0.45938152,0,0.72,False,False
NN_v2,3,2021-11-26,VFH,2,0.45922476,0,0.69,False,False
NN_v2,3,2021-11-26,VIS,3,0.43148685,0,0.66,False,False
NN_v2,3,2021-12-03,VAW,2,0.46662396,1,0.62,False,False
NN_v2,3,2021-12-03,VFH,1,0.47204566,1,0.71,False,False
NN_v2,3,2021-12-03,VIS,3,0.46431103,1,0.59,False,False
NN_v2,3,2021-12-10,VAW,3,0.31009358,0,0.7,False,False
NN_v2,3,2021-12-10,VCR,2,0.3221293,0,0.63,False,False
NN_v2,3,2021-12-10,VDE,1,0.3231097,0,0.73,False,False
NN_v2,3,2021-12-17,VCR,1,0.47096983,1,0.66,False,False
NN_v2,3,2021-12-17,VDE,2,0.46364337,1,0.71,False,False
NN_v2,3,2021-12-17,VGT,3,0.45012116,1,0.71,False,False
NN_v2,3,2021-12-24,VCR,2,0.35851315,0,0.73,False,False
NN_v2,3,2021-12-24,VDE,1,0.36318737,1,0.68,False,False
NN_v2,3,2021-12-24,VIS,3,0.33374166,1,0.67,False,False
NN_v2,3,2021-12-31,VCR,2,0.38671622,0,0.69,False,False
NN_v2,3,2021-12-31,VDE,1,0.38696495,1,0.65,False,False
NN_v2,3,2021-12-31,VGT,3,0.34148604,0,0.67,False,False
NN_v2,3,2022-01-07,VCR,1,0.44704762,0,0.65,False,False
NN_v2,3,2022-01-07,VGT,2,0.4468879,1,0.62,False,False
NN_v2,3,2022-01-07,VOX,3,0.42794093,0,0.69,False,False
NN_v2,3,2022-01-14,VCR,1,0.45131522,0,0.68,False,False
NN_v2,3,2022-01-14,VGT,2,0.45119005,0,0.69,False,False
NN_v2,3,2022-01-14,VOX,3,0.42994815,0,0.66,False,False
NN_v2,3,2022-01-21,VGT,1,0.47711945,1,0.7,False,False
NN_v2,3,2022-01-21,VHT,3,0.46953806,1,0.69,False,False
NN_v2,3,2022-01-21,VOX,2,0.47341174,1,0.75,False,False
NN_v2,3,2022-01-28,VAW,2,0.46454573,0,0.65,False,False
NN_v2,3,2022-01-28,VCR,3,0.46083933,1,0.66,False,False
NN_v2,3,2022-01-28,VNQ,1,0.47474614,0,0.68,False,False
NN_v2,3,2022-02-04,VGT,1,0.46828026,0,0.67,False,False
NN_v2,3,2022-02-04,VHT,3,0.4591557,0,0.69,False,False
NN_v2,3,2022-02-04,VNQ,2,0.46692276,0,0.68,False,False
NN_v2,3,2022-02-11,VCR,1,0.48765936,0,0.73,False,False
NN_v2,3,2022-02-11,VHT,3,0.4785471,0,0.69,False,False
NN_v2,3,2022-02-11,VNQ,2,0.48450536,0,0.67,False,False
NN_v2,3,2022-02-18,VGT,3,0.4887596,1,0.64,False,False
NN_v2,3,2022-02-18,VHT,2,0.49068508,1,0.67,False,False
NN_v2,3,2022-02-18,VNQ,1,0.49397936,1,0.64,False,False
NN_v2,3,2022-02-25,VCR,1,0.46836036,0,0.66,False,False
NN_v2,3,2022-02-25,VGT,2,0.46662718,0,0.72,False,False
NN_v2,3,2022-02-25,VNQ,3,0.44833198,1,0.6,False,False
NN_v2,3,2022-03-04,VCR,3,0.47908288,0,0.65,False,False
NN_v2,3,2022-03-04,VGT,1,0.4846898,0,0.69,False,False
NN_v2,3,2022-03-04,VOX,2,0.4820791,0,0.64,False,False
NN_v2,3,2022-03-11,VCR,3,0.49917045,1,0.74,False,False
NN_v2,3,2022-03-11,VFH,1,0.5006859,1,0.69,False,False
NN_v2,3,2022-03-11,VGT,2,0.49928695,1,0.68,False,False
NN_v2,3,2022-03-18,VGT,3,0.40708104,1,0.64,False,False
NN_v2,3,2022-03-18,VNQ,1,0.4107132,0,0.69,False,False
NN_v2,3,2022-03-18,VOX,2,0.41039968,1,0.64,False,False
NN_v2,3,2022-03-25,VCR,1,0.50450104,0,0.74,False,False
NN_v2,3,2022-03-25,VGT,2,0.47872812,0,0.65,False,False
NN_v2,3,2022-03-25,VHT,3,0.45012155,1,0.68,False,False
NN_v2,3,2022-04-01,VFH,2,0.45929527,0,0.66,False,False
NN_v2,3,2022-04-01,VGT,1,0.46841064,0,0.68,False,False
NN_v2,3,2022-04-01,VOX,3,0.45435447,0,0.68,False,False
NN_v2,3,2022-04-08,VCR,2,0.47583073,1,0.65,False,False
NN_v2,3,2022-04-08,VGT,1,0.4779634,0,0.71,False,False
NN_v2,3,2022-04-08,VOX,3,0.469347,0,0.67,False,False
NN_v2,3,2022-04-15,VCR,1,0.4787106,0,0.7,False,False
NN_v2,3,2022-04-15,VFH,2,0.4637038,0,0.65,False,False
NN_v2,3,2022-04-15,VGT,3,0.46186906,0,0.65,False,False
NN_v2,3,2022-04-22,VCR,3,0.48705888,0,0.7,False,False
NN_v2,3,2022-04-22,VFH,1,0.49475852,0,0.61,False,False
NN_v2,3,2022-04-22,VGT,2,0.4898654,0,0.69,False,False
NN_v2,3,2022-04-29,VCR,3,0.50402653,0,0.7,False,False
NN_v2,3,2022-04-29,VFH,2,0.5045199,0,0.63,False,False
NN_v2,3,2022-04-29,VGT,1,0.5104828,0,0.67,False,False
NN_v2,3,2022-05-06,VGT,3,0.47635144,0,0.66,False,False
NN_v2,3,2022-05-06,VHT,1,0.48610884,0,0.64,False,False
NN_v2,3,2022-05-06,VOX,2,0.48383254,0,0.67,False,False
NN_v2,3,2022-05-13,VFH,2,0.5061982,0,0.64,False,False
NN_v2,3,2022-05-13,VGT,1,0.5114845,0,0.71,False,False
NN_v2,3,2022-05-13,VNQ,3,0.50097907,0,0.68,False,False
NN_v2,3,2022-05-20,VCR,1,0.50881064,1,0.65,False,False
NN_v2,3,2022-05-20,VGT,3,0.48855132,1,0.67,False,False
NN_v2,3,2022-05-20,VNQ,2,0.48958367,1,0.61,False,False
NN_v2,3,2022-05-27,VGT,2,0.3905415,0,0.66,False,False
NN_v2,3,2022-05-27,VNQ,3,0.37985843,0,0.67,False,False
NN_v2,3,2022-05-27,VOX,1,0.41679463,0,0.68,False,False
NN_v2,3,2022-06-03,VCR,3,0.48076543,0,0.65,False,False
NN_v2,3,2022-06-03,VGT,1,0.4869176,0,0.71,False,False
NN_v2,3,2022-06-03,VOX,2,0.48318893,0,0.72,False,False
NN_v2,3,2022-06-10,VCR,2,0.48240346,0,0.64,False,False
NN_v2,3,2022-06-10,VNQ,1,0.4850029,0,0.68,False,False
NN_v2,3,2022-06-10,VOX,3,0.4802621,0,0.66,False,False
NN_v2,3,2022-06-17,VAW,3,0.4640487,0,0.62,False,False
NN_v2,3,2022-06-17,VDE,1,0.49125308,0,0.67,False,False
NN_v2,3,2022-06-17,VPU,2,0.469061,1,0.7,False,False
NN_v2,3,2022-06-24,VAW,3,0.42938194,0,0.7,False,False
NN_v2,3,2022-06-24,VDE,2,0.4364562,0,0.65,False,False
NN_v2,3,2022-06-24,VFH,1,0.4369071,0,0.65,False,False
NN_v2,3,2022-07-01,VCR,2,0.49891192,1,0.61,False,False
NN_v2,3,2022-07-01,VGT,1,0.49982443,1,0.69,False,False
NN_v2,3,2022-07-01,VOX,3,0.48967314,1,0.66,False,False
NN_v2,3,2022-07-08,VIS,3,0.5018908,0,0.68,False,False
NN_v2,3,2022-07-08,VNQ,2,0.5028881,0,0.67,False,False
NN_v2,3,2022-07-08,VPU,1,0.5057652,0,0.62,False,False
NN_v2,3,2022-07-15,VCR,2,0.5107418,1,0.63,False,False
NN_v2,3,2022-07-15,VDE,1,0.5317141,1,0.72,False,False
NN_v2,3,2022-07-15,VGT,3,0.49514574,1,0.67,False,False
NN_v2,3,2022-07-22,VDE,1,0.46896857,1,0.64,False,False
NN_v2,3,2022-07-22,VFH,3,0.45036468,1,0.65,False,False
NN_v2,3,2022-07-22,VPU,2,0.46668515,1,0.71,False,False
NN_v2,3,2022-07-29,VCR,3,0.37537894,1,0.73,False,False
NN_v2,3,2022-07-29,VFH,1,0.40591437,0,0.7,False,False
NN_v2,3,2022-07-29,VOX,2,0.40349206,1,0.66,False,False
NN_v2,3,2022-08-05,VDE,1,0.5143978,1,0.65,False,False
NN_v2,3,2022-08-05,VFH,2,0.4905941,1,0.72,False,False
NN_v2,3,2022-08-05,VNQ,3,0.4870141,1,0.71,False,False
NN_v2,3,2022-08-12,VAW,3,0.3151207,0,0.67,False,False
NN_v2,3,2022-08-12,VCR,2,0.31871048,0,0.66,False,False
NN_v2,3,2022-08-12,VDE,1,0.37461105,1,0.68,False,False
NN_v2,3,2022-08-19,VCR,2,0.49140793,0,0.67,False,False
NN_v2,3,2022-08-19,VFH,3,0.4897142,0,0.66,False,False
NN_v2,3,2022-08-19,VGT,1,0.49400097,0,0.67,False,False
NN_v2,3,2022-08-26,VCR,1,0.49226484,0,0.67,False,False
NN_v2,3,2022-08-26,VGT,2,0.4868165,0,0.65,False,False
NN_v2,3,2022-08-26,VNQ,3,0.4789361,0,0.62,False,False
NN_v2,3,2022-09-02,VCR,1,0.4858653,1,0.76,False,False
NN_v2,3,2022-09-02,VGT,2,0.48002487,1,0.74,False,False
NN_v2,3,2022-09-02,VIS,3,0.46561018,1,0.7,False,False
NN_v2,3,2022-09-09,VCR,3,0.38271558,0,0.76,False,False
NN_v2,3,2022-09-09,VDE,2,0.38436556,0,0.74,False,False
NN_v2,3,2022-09-09,VGT,1,0.41510063,0,0.66,False,False
NN_v2,3,2022-09-16,VCR,1,0.49423856,0,0.7,False,False
NN_v2,3,2022-09-16,VGT,3,0.48853222,0,0.63,False,False
NN_v2,3,2022-09-16,VIS,2,0.49189585,0,0.69,False,False
NN_v2,3,2022-09-23,VCR,2,0.49131098,0,0.7,False,False
NN_v2,3,2022-09-23,VDE,1,0.512111,1,0.68,False,False
NN_v2,3,2022-09-23,VIS,3,0.47052455,0,0.64,False,False
NN_v2,3,2022-09-30,VCR,1,0.45852852,0,0.71,False,False
NN_v2,3,2022-09-30,VIS,3,0.44680327,1,0.66,False,False
NN_v2,3,2022-09-30,VPU,2,0.45711493,0,0.7,False,False
NN_v2,3,2022-10-07,VCR,2,0.46369153,0,0.65,False,False
NN_v2,3,2022-10-07,VNQ,1,0.47038633,0,0.72,False,False
NN_v2,3,2022-10-07,VOX,3,0.45528668,0,0.7,False,False
NN_v2,3,2022-10-14,VGT,1,0.5108559,1,0.68,False,False
NN_v2,3,2022-10-14,VNQ,2,0.5093745,0,0.64,False,False
NN_v2,3,2022-10-14,VOX,3,0.5091061,1,0.64,False,False
NN_v2,3,2022-10-21,VCR,1,0.46538043,1,0.67,False,False
NN_v2,3,2022-10-21,VNQ,2,0.45680672,1,0.7,False,False
NN_v2,3,2022-10-21,VOX,3,0.45616287,0,0.65,False,False
NN_v2,3,2022-10-28,VCR,2,0.45771495,0,0.71,False,False
NN_v2,3,2022-10-28,VGT,3,0.45434323,0,0.68,False,False
NN_v2,3,2022-10-28,VOX,1,0.46402082,0,0.7,False,False
NN_v2,3,2022-11-04,VCR,1,0.49283108,1,0.69,False,False
NN_v2,3,2022-11-04,VGT,2,0.49097648,1,0.64,False,False
NN_v2,3,2022-11-04,VNQ,3,0.47696075,1,0.69,False,False
NN_v2,3,2022-11-11,VCR,2,0.4387106,0,0.65,False,False
NN_v2,3,2022-11-11,VNQ,3,0.4196794,0,0.63,False,False
NN_v2,3,2022-11-11,VPU,1,0.44886804,1,0.7,False,False
NN_v2,3,2022-11-18,VCR,3,0.49433166,1,0.64,False,False
NN_v2,3,2022-11-18,VGT,2,0.504897,1,0.73,False,False
NN_v2,3,2022-11-18,VNQ,1,0.51043034,1,0.71,False,False
NN_v2,3,2022-11-25,VCR,2,0.43923855,1,0.66,False,False
NN_v2,3,2022-11-25,VGT,1,0.44130033,1,0.62,False,False
NN_v2,3,2022-11-25,VNQ,3,0.43548876,1,0.67,False,False
NN_v2,3,2022-12-02,VCR,3,0.45451888,0,0.65,False,False
NN_v2,3,2022-12-02,VGT,1,0.48525771,0,0.65,False,False
NN_v2,3,2022-12-02,VNQ,2,0.4765702,0,0.65,False,False
NN_v2,3,2022-12-09,VDE,1,0.5093791,0,0.67,False,False
NN_v2,3,2022-12-09,VFH,3,0.48444968,0,0.65,False,False
NN_v2,3,2022-12-09,VGT,2,0.4976067,0,0.64,False,False
NN_v2,3,2022-12-16,VDE,1,0.48048463,1,0.66,False,False
NN_v2,3,2022-12-16,VFH,3,0.4694973,1,0.7,False,False
NN_v2,3,2022-12-16,VGT,2,0.47991553,0,0.65,False,False
NN_v2,3,2022-12-23,VFH,2,0.44211298,0,0.67,False,False
NN_v2,3,2022-12-23,VGT,1,0.4555381,0,0.65,False,False
NN_v2,3,2022-12-23,VNQ,3,0.43649155,0,0.7,False,False
NN_v2,3,2022-12-30,VCR,3,0.4585631,1,0.65,False,False
NN_v2,3,2022-12-30,VGT,1,0.48732162,0,0.6,False,False
NN_v2,3,2022-12-30,VNQ,2,0.46093017,1,0.65,False,False
NN_v2,3,2023-01-06,VCR,3,0.4328515,1,0.64,False,False
NN_v2,3,2023-01-06,VDE,2,0.44059864,1,0.7,False,False
NN_v2,3,2023-01-06,VGT,1,0.45904464,1,0.69,False,False
NN_v2,3,2023-01-13,VCR,3,0.3797478,0,0.68,False,False
NN_v2,3,2023-01-13,VDE,1,0.39822906,0,0.69,False,False
NN_v2,3,2023-01-13,VGT,2,0.39070213,0,0.74,False,False
NN_v2,3,2023-01-20,VCR,1,0.46748495,1,0.63,False,False
NN_v2,3,2023-01-20,VDE,3,0.4571404,0,0.67,False,False
NN_v2,3,2023-01-20,VGT,2,0.4638215,1,0.67,False,False
NN_v2,3,2023-01-27,VAW,2,0.37786952,1,0.69,False,False
NN_v2,3,2023-01-27,VDE,1,0.40635276,0,0.7,False,False
NN_v2,3,2023-01-27,VPU,3,0.36900035,0,0.64,False,False
NN_v2,3,2023-02-03,VAW,3,0.38594976,0,0.63,False,False
NN_v2,3,2023-02-03,VDE,1,0.4625145,1,0.69,False,False
NN_v2,3,2023-02-03,VPU,2,0.3894971,0,0.63,False,False
NN_v2,3,2023-02-10,VAW,3,0.45303813,0,0.68,False,False
NN_v2,3,2023-02-10,VCR,1,0.45788923,1,0.65,False,False
NN_v2,3,2023-02-10,VOX,2,0.45595875,0,0.68,False,False
NN_v2,3,2023-02-17,VAW,2,0.4437469,0,0.63,False,False
NN_v2,3,2023-02-17,VDE,1,0.48199144,0,0.67,False,False
NN_v2,3,2023-02-17,VNQ,3,0.43904725,0,0.66,False,False
NN_v2,3,2023-02-24,VDE,3,0.46919066,1,0.67,False,False
NN_v2,3,2023-02-24,VNQ,2,0.47474533,0,0.67,False,False
NN_v2,3,2023-02-24,VOX,1,0.48600402,1,0.67,False,False
NN_v2,3,2023-03-03,VCR,3,0.425025,0,0.66,False,False
NN_v2,3,2023-03-03,VDE,1,0.4332222,0,0.63,False,False
NN_v2,3,2023-03-03,VOX,2,0.42763996,0,0.7,False,False
NN_v2,3,2023-03-10,VCR,2,0.49438065,1,0.65,False,False
NN_v2,3,2023-03-10,VDE,3,0.4933525,0,0.7,False,False
NN_v2,3,2023-03-10,VOX,1,0.5017209,1,0.67,False,False
NN_v2,3,2023-03-17,VAW,2,0.46634388,1,0.72,False,False
NN_v2,3,2023-03-17,VCR,3,0.46446547,0,0.66,False,False
NN_v2,3,2023-03-17,VIS,1,0.46834564,0,0.67,False,False
NN_v2,3,2023-03-24,VAW,2,0.44782084,1,0.67,False,False
NN_v2,3,2023-03-24,VCR,3,0.4438138,1,0.66,False,False
NN_v2,3,2023-03-24,VNQ,1,0.4554928,1,0.69,False,False
NN_v2,3,2023-03-31,VDE,1,0.38078505,0,0.63,False,False
NN_v2,3,2023-03-31,VFH,3,0.3715946,0,0.69,False,False
NN_v2,3,2023-03-31,VNQ,2,0.37585357,0,0.74,False,False
NN_v2,3,2023-04-07,VAW,2,0.4615542,1,0.67,False,False
NN_v2,3,2023-04-07,VCR,1,0.46903077,1,0.66,False,False
NN_v2,3,2023-04-07,VIS,3,0.45921025,1,0.67,False,False
NN_v2,3,2023-04-14,VAW,2,0.43511382,0,0.67,False,False
NN_v2,3,2023-04-14,VDE,3,0.4326132,0,0.66,False,False
NN_v2,3,2023-04-14,VNQ,1,0.4378702,1,0.72,False,False
NN_v2,3,2023-04-21,VAW,2,0.45918244,0,0.65,False,False
NN_v2,3,2023-04-21,VCR,3,0.44493335,0,0.65,False,False
NN_v2,3,2023-04-21,VDE,1,0.47445568,0,0.67,False,False
NN_v2,3,2023-04-28,VAW,3,0.4509937,0,0.7,False,False
NN_v2,3,2023-04-28,VDE,1,0.47963962,0,0.64,False,False
NN_v2,3,2023-04-28,VFH,2,0.46860233,0,0.67,False,False
NN_v2,3,2023-05-05,VAW,1,0.47459263,0,0.75,False,False
NN_v2,3,2023-05-05,VDE,3,0.46356064,0,0.71,False,False
NN_v2,3,2023-05-05,VFH,2,0.47407293,0,0.69,False,False
NN_v2,3,2023-05-12,VAW,1,0.47099143,0,0.66,False,False
NN_v2,3,2023-05-12,VIS,3,0.45583645,1,0.69,False,False
NN_v2,3,2023-05-12,VNQ,2,0.46511644,0,0.67,False,False
NN_v2,3,2023-05-19,VAW,2,0.4444216,0,0.64,False,False
NN_v2,3,2023-05-19,VFH,3,0.43549505,0,0.65,False,False
NN_v2,3,2023-05-19,VNQ,1,0.44723803,0,0.69,False,False
NN_v2,3,2023-05-26,VFH,1,0.47552505,1,0.73,False,False
NN_v2,3,2023-05-26,VIS,3,0.4554916,1,0.66,False,False
NN_v2,3,2023-05-26,VNQ,2,0.45922813,1,0.64,False,False
NN_v2,3,2023-06-02,VAW,3,0.3246546,0,0.65,False,False
NN_v2,3,2023-06-02,VDE,1,0.38525647,0,0.69,False,False
NN_v2,3,2023-06-02,VFH,2,0.34935647,1,0.75,False,False
NN_v2,3,2023-06-09,VAW,3,0.34103432,1,0.69,False,False
NN_v2,3,2023-06-09,VDE,1,0.38281915,1,0.65,False,False
NN_v2,3,2023-06-09,VFH,2,0.35136616,1,0.68,False,False
NN_v2,3,2023-06-16,VDE,1,0.36776578,0,0.71,False,False
NN_v2,3,2023-06-16,VFH,3,0.3037477,0,0.69,False,False
NN_v2,3,2023-06-16,VNQ,2,0.30923185,0,0.68,False,False
NN_v2,3,2023-06-23,VAW,1,0.43108687,1,0.65,False,False
NN_v2,3,2023-06-23,VDE,2,0.43051973,1,0.67,False,False
NN_v2,3,2023-06-23,VFH,3,0.43036017,1,0.67,False,False
NN_v2,3,2023-06-30,VAW,3,0.33353424,0,0.68,False,False
NN_v2,3,2023-06-30,VDE,1,0.36098602,0,0.69,False,False
NN_v2,3,2023-06-30,VFH,2,0.34697905,0,0.66,False,False
NN_v2,3,2023-07-07,VAW,2,0.38294363,1,0.73,False,False
NN_v2,3,2023-07-07,VDE,1,0.3917772,0,0.69,False,False
NN_v2,3,2023-07-07,VFH,3,0.38196132,1,0.59,False,False
NN_v2,3,2023-07-14,VDE,1,0.33858973,1,0.7,False,False
NN_v2,3,2023-07-14,VFH,2,0.3111475,1,0.66,False,False
NN_v2,3,2023-07-14,VNQ,3,0.3068547,0,0.65,False,False
NN_v2,3,2023-07-21,VDE,2,0.33501345,1,0.72,False,False
NN_v2,3,2023-07-21,VNQ,1,0.35537183,0,0.68,False,False
NN_v2,3,2023-07-21,VOX,3,0.32085532,1,0.71,False,False
NN_v2,3,2023-07-28,VDE,2,0.34923667,0,0.67,False,False
NN_v2,3,2023-07-28,VNQ,1,0.35341582,0,0.7,False,False
NN_v2,3,2023-07-28,VPU,3,0.337114,0,0.61,False,False
NN_v2,3,2023-08-04,VAW,2,0.4199903,0,0.66,False,False
NN_v2,3,2023-08-04,VGT,1,0.44436017,0,0.76,False,False
NN_v2,3,2023-08-04,VOX,3,0.41036558,0,0.69,False,False
NN_v2,3,2023-08-11,VAW,2,0.41455394,0,0.68,False,False
NN_v2,3,2023-08-11,VGT,1,0.44992155,0,0.68,False,False
NN_v2,3,2023-08-11,VNQ,3,0.4095736,0,0.7,False,False
NN_v2,3,2023-08-18,VAW,1,0.47204572,0,0.63,False,False
NN_v2,3,2023-08-18,VCR,2,0.46452054,0,0.67,False,False
NN_v2,3,2023-08-18,VGT,3,0.4614541,1,0.66,False,False
NN_v2,3,2023-08-25,VCR,1,0.42237496,1,0.73,False,False
NN_v2,3,2023-08-25,VNQ,2,0.41512603,1,0.72,False,False
NN_v2,3,2023-08-25,VOX,3,0.40845218,1,0.67,False,False
NN_v2,3,2023-09-01,VNQ,2,0.3812617,0,0.73,False,False
NN_v2,3,2023-09-01,VOX,3,0.36559123,0,0.65,False,False
NN_v2,3,2023-09-01,VPU,1,0.40134826,0,0.68,False,False
NN_v2,3,2023-09-08,VAW,2,0.42501456,0,0.7,False,False
NN_v2,3,2023-09-08,VGT,1,0.42514628,0,0.67,False,False
NN_v2,3,2023-09-08,VOX,3,0.42424664,0,0.63,False,False
NN_v2,3,2023-09-15,VAW,2,0.41768822,0,0.7,False,False
NN_v2,3,2023-09-15,VGT,1,0.42748657,0,0.64,False,False
NN_v2,3,2023-09-15,VNQ,3,0.41454595,0,0.67,False,False
NN_v2,3,2023-09-22,VCR,1,0.4687313,0,0.72,False,False
NN_v2,3,2023-09-22,VIS,2,0.46290216,0,0.65,False,False
NN_v2,3,2023-09-22,VOX,3,0.4619631,0,0.67,False,False
NN_v2,3,2023-09-29,VAW,2,0.48039174,0,0.69,False,False
NN_v2,3,2023-09-29,VGT,3,0.4788804,1,0.71,False,False
NN_v2,3,2023-09-29,VIS,1,0.48258156,0,0.68,False,False
NN_v2,3,2023-10-06,VAW,1,0.49749523,0,0.7,False,False
NN_v2,3,2023-10-06,VDE,2,0.49466476,1,0.67,False,False
NN_v2,3,2023-10-06,VIS,3,0.49064177,0,0.67,False,False
NN_v2,3,2023-10-13,VAW,2,0.4728829,0,0.69,False,False
NN_v2,3,2023-10-13,VGT,3,0.46296152,0,0.64,False,False
NN_v2,3,2023-10-13,VIS,1,0.47455359,0,0.67,False,False
NN_v2,3,2023-10-20,VAW,2,0.5014311,0,0.69,False,False
NN_v2,3,2023-10-20,VCR,1,0.5029906,0,0.67,False,False
NN_v2,3,2023-10-20,VGT,3,0.49673972,0,0.67,False,False
NN_v2,3,2023-10-27,VDE,1,0.4932375,1,0.67,False,False
NN_v2,3,2023-10-27,VGT,3,0.47767454,1,0.7,False,False
NN_v2,3,2023-10-27,VHT,2,0.4851655,1,0.68,False,False
NN_v2,3,2023-11-03,VDC,2,0.38285762,0,0.69,False,False
NN_v2,3,2023-11-03,VDE,1,0.39519325,0,0.69,False,False
NN_v2,3,2023-11-03,VPU,3,0.38187313,0,0.67,False,False
NN_v2,3,2023-11-10,VAW,1,0.47551766,1,0.7,False,False
NN_v2,3,2023-11-10,VNQ,3,0.4683737,1,0.63,False,False
NN_v2,3,2023-11-10,VPU,2,0.47093496,1,0.7,False,False
NN_v2,3,2023-11-17,VDE,1,0.37638417,0,0.63,False,False
NN_v2,3,2023-11-17,VNQ,2,0.37581882,0,0.69,False,False
NN_v2,3,2023-11-17,VPU,3,0.37471893,0,0.6,False,False
NN_v2,3,2023-11-24,VAW,3,0.36219016,1,0.67,False,False
NN_v2,3,2023-11-24,VCR,2,0.37357584,1,0.69,False,False
NN_v2,3,2023-11-24,VNQ,1,0.39562532,1,0.71,False,False
NN_v2,3,2023-12-01,VDE,1,0.37908918,0,0.68,False,False
NN_v2,3,2023-12-01,VOX,2,0.3617509,1,0.69,False,False
NN_v2,3,2023-12-01,VPU,3,0.35769764,0,0.66,False,False
NN_v2,3,2023-12-08,VAW,3,0.39284045,1,0.66,False,False
NN_v2,3,2023-12-08,VDE,1,0.4407247,1,0.7,False,False
NN_v2,3,2023-12-08,VPU,2,0.3963142,1,0.69,False,False
NN_v2,3,2023-12-15,VDE,1,0.3369909,0,0.72,False,False
NN_v2,3,2023-12-15,VOX,3,0.2875157,1,0.65,False,False
NN_v2,3,2023-12-15,VPU,2,0.30580783,0,0.67,False,False
NN_v2,3,2023-12-22,VDE,1,0.32100135,0,0.67,False,False
NN_v2,3,2023-12-22,VNQ,3,0.27788216,0,0.71,False,False
NN_v2,3,2023-12-22,VPU,2,0.29226,1,0.63,False,False
NN_v2,3,2023-12-29,VDE,1,0.35176095,0,0.72,False,False
NN_v2,3,2023-12-29,VOX,3,0.31164646,0,0.75,False,False
NN_v2,3,2023-12-29,VPU,2,0.3126801,1,0.7,False,False
NN_v2,3,2024-01-05,VCR,1,0.4436027,0,0.69,False,False
NN_v2,3,2024-01-05,VGT,2,0.43387437,1,0.71,False,False
NN_v2,3,2024-01-05,VIS,3,0.40812072,0,0.69,False,False
NN_v2,3,2024-01-12,VCR,2,0.3369694,1,0.68,False,False
NN_v2,3,2024-01-12,VDE,1,0.36601812,0,0.71,False,False
NN_v2,3,2024-01-12,VNQ,3,0.33486563,0,0.69,False,False
NN_v2,3,2024-01-19,VDE,2,0.3513915,1,0.67,False,False
NN_v2,3,2024-01-19,VNQ,1,0.3636633,0,0.75,False,False
NN_v2,3,2024-01-19,VPU,3,0.3463891,0,0.66,False,False
NN_v2,3,2024-01-26,VCR,2,0.32460386,1,0.68,False,False
NN_v2,3,2024-01-26,VNQ,1,0.3333361,0,0.66,False,False
NN_v2,3,2024-01-26,VPU,3,0.31227416,0,0.6,False,False
NN_v2,3,2024-02-02,VDE,2,0.29809263,0,0.69,False,False
NN_v2,3,2024-02-02,VNQ,1,0.31496271,1,0.64,False,False
NN_v2,3,2024-02-02,VPU,3,0.26303095,0,0.68,False,False
NN_v2,3,2024-02-09,VDE,1,0.3155902,1,0.72,False,False
NN_v2,3,2024-02-09,VNQ,2,0.298737,0,0.71,False,False
NN_v2,3,2024-02-09,VPU,3,0.2825756,1,0.72,False,False
NN_v2,3,2024-02-16,VDE,3,0.30542707,0,0.67,False,False
NN_v2,3,2024-02-16,VGT,2,0.32698405,1,0.67,False,False
NN_v2,3,2024-02-16,VNQ,1,0.32935613,1,0.74,False,False
NN_v2,3,2024-02-23,VCR,3,0.25221327,1,0.71,False,False
NN_v2,3,2024-02-23,VDE,2,0.25602183,1,0.69,False,False
NN_v2,3,2024-02-23,VGT,1,0.2666355,1,0.68,False,False
NN_v2,3,2024-03-01,VDE,1,0.27497375,0,0.71,False,False
NN_v2,3,2024-03-01,VNQ,2,0.26298138,1,0.63,False,False
NN_v2,3,2024-03-01,VPU,3,0.2624213,1,0.73,False,False
NN_v2,3,2024-03-08,VCR,1,0.3186291,0,0.66,False,False
NN_v2,3,2024-03-08,VDE,3,0.30303565,1,0.71,False,False
NN_v2,3,2024-03-08,VGT,2,0.3119151,0,0.65,False,False
NN_v2,3,2024-03-15,VCR,3,0.34114733,1,0.67,False,False
NN_v2,3,2024-03-15,VGT,1,0.3716368,1,0.69,False,False
NN_v2,3,2024-03-15,VNQ,2,0.3536418,0,0.65,False,False
NN_v2,3,2024-03-22,VDE,3,0.25056273,1,0.71,False,False
NN_v2,3,2024-03-22,VGT,2,0.2616045,0,0.63,False,False
NN_v2,3,2024-03-22,VNQ,1,0.2695142,1,0.67,False,False
NN_v2,3,2024-03-29,VGT,1,0.26887494,0,0.69,False,False
NN_v2,3,2024-03-29,VNQ,2,0.25180477,0,0.68,False,False
NN_v2,3,2024-03-29,VOX,3,0.23946667,1,0.76,False,False
NN_v2,3,2024-04-05,VCR,1,0.3990466,0,0.74,False,False
NN_v2,3,2024-04-05,VGT,2,0.39315176,0,0.69,False,False
NN_v2,3,2024-04-05,VNQ,3,0.36912638,0,0.67,False,False
NN_v2,3,2024-04-12,VCR,1,0.4163882,0,0.73,False,False
NN_v2,3,2024-04-12,VFH,3,0.4084217,0,0.66,False,False
NN_v2,3,2024-04-12,VNQ,2,0.40904766,0,0.64,False,False
NN_v2,3,2024-04-19,VCR,1,0.4719569,1,0.64,False,False
NN_v2,3,2024-04-19,VGT,2,0.47125444,1,0.68,False,False
NN_v2,3,2024-04-19,VNQ,3,0.45434627,1,0.65,False,False
NN_v2,3,2024-04-26,VCR,3,0.3370573,0,0.68,False,False
NN_v2,3,2024-04-26,VGT,2,0.3402688,0,0.68,False,False
NN_v2,3,2024-04-26,VNQ,1,0.35748404,0,0.65,False,False
NN_v2,3,2024-05-03,VCR,3,0.3872549,0,0.67,False,False
NN_v2,3,2024-05-03,VGT,1,0.39157328,0,0.68,False,False
NN_v2,3,2024-05-03,VNQ,2,0.38986337,1,0.69,False,False
NN_v2,3,2024-05-10,VCR,3,0.3095458,0,0.65,False,False
NN_v2,3,2024-05-10,VGT,1,0.32788298,1,0.7,False,False
NN_v2,3,2024-05-10,VNQ,2,0.32348728,1,0.69,False,False
NN_v2,3,2024-05-17,VCR,1,0.29541042,0,0.66,False,False
NN_v2,3,2024-05-17,VGT,2,0.2889836,1,0.67,False,False
NN_v2,3,2024-05-17,VNQ,3,0.2789084,0,0.67,False,False
NN_v2,3,2024-05-24,VCR,3,0.36246708,0,0.7,False,False
NN_v2,3,2024-05-24,VDE,2,0.39508492,1,0.71,False,False
NN_v2,3,2024-05-24,VNQ,1,0.40327024,1,0.72,False,False
NN_v2,3,2024-05-31,VDE,1,0.38723236,0,0.67,False,False
NN_v2,3,2024-05-31,VGT,2,0.3665229,1,0.75,False,False
NN_v2,3,2024-05-31,VNQ,3,0.35342863,0,0.66,False,False
NN_v2,3,2024-06-07,VDE,1,0.41924185,0,0.65,False,False
NN_v2,3,2024-06-07,VNQ,2,0.39455897,1,0.68,False,False
NN_v2,3,2024-06-07,VPU,3,0.3938325,0,0.64,False,False
NN_v2,3,2024-06-14,VCR,3,0.3567336,1,0.71,False,False
NN_v2,3,2024-06-14,VDE,1,0.3861466,1,0.66,False,False
NN_v2,3,2024-06-14,VPU,2,0.36877427,0,0.68,False,False
NN_v2,3,2024-06-21,VDE,1,0.36429587,1,0.68,False,False
NN_v2,3,2024-06-21,VNQ,3,0.31281415,0,0.72,False,False
NN_v2,3,2024-06-21,VPU,2,0.33452797,0,0.63,False,False
NN_v2,3,2024-06-28,VDE,3,0.3152898,0,0.69,False,False
NN_v2,3,2024-06-28,VGT,2,0.33259764,1,0.7,False,False
NN_v2,3,2024-06-28,VPU,1,0.3484068,0,0.67,False,False
NN_v2,3,2024-07-05,VDE,1,0.33798665,1,0.69,False,False
NN_v2,3,2024-07-05,VNQ,3,0.2915389,1,0.66,False,False
NN_v2,3,2024-07-05,VPU,2,0.3131818,1,0.64,False,False
NN_v2,3,2024-07-12,VDE,1,0.296959,1,0.7,False,False
NN_v2,3,2024-07-12,VOX,2,0.26652437,0,0.69,False,False
NN_v2,3,2024-07-12,VPU,3,0.2386251,0,0.72,False,False
NN_v2,3,2024-07-19,VGT,1,0.41850004,0,0.66,False,False
NN_v2,3,2024-07-19,VOX,2,0.3721618,0,0.67,False,False
NN_v2,3,2024-07-19,VPU,3,0.36661762,1,0.64,False,False
NN_v2,3,2024-07-26,VCR,3,0.35524458,0,0.72,False,False
NN_v2,3,2024-07-26,VGT,1,0.42603883,0,0.68,False,False
NN_v2,3,2024-07-26,VOX,2,0.37383407,0,0.68,False,False
NN_v2,3,2024-08-02,VCR,2,0.4551577,1,0.69,False,False
NN_v2,3,2024-08-02,VDE,3,0.4395961,1,0.66,False,False
NN_v2,3,2024-08-02,VGT,1,0.48619574,1,0.73,False,False
NN_v2,3,2024-08-09,VCR,2,0.4127801,1,0.68,False,False
NN_v2,3,2024-08-09,VDE,3,0.41153112,0,0.71,False,False
NN_v2,3,2024-08-09,VGT,1,0.46277285,1,0.66,False,False
NN_v2,3,2024-08-16,VAW,3,0.29181853,1,0.7,False,False
NN_v2,3,2024-08-16,VDE,1,0.3186987,0,0.71,False,False
NN_v2,3,2024-08-16,VGT,2,0.3099081,1,0.68,False,False
NN_v2,3,2024-08-23,VCR,3,0.282856,0,0.69,False,False
NN_v2,3,2024-08-23,VDE,2,0.30749214,0,0.67,False,False
NN_v2,3,2024-08-23,VGT,1,0.33722705,0,0.7,False,False
NN_v2,3,2024-08-30,VCR,2,0.31511205,0,0.68,False,False
NN_v2,3,2024-08-30,VDE,3,0.30875665,0,0.68,False,False
NN_v2,3,2024-08-30,VGT,1,0.38124102,0,0.65,False,False
NN_v2,3,2024-09-06,VDE,2,0.45355368,0,0.62,False,False
NN_v2,3,2024-09-06,VGT,1,0.45821398,1,0.65,False,False
NN_v2,3,2024-09-06,VOX,3,0.45109257,1,0.64,False,False
NN_v2,3,2024-09-13,VDE,1,0.3604446,1,0.7,False,False
NN_v2,3,2024-09-13,VFH,3,0.3308973,1,0.71,False,False
NN_v2,3,2024-09-13,VGT,2,0.3410583,1,0.67,False,False
NN_v2,3,2024-09-20,VAW,3,0.3120988,1,0.7,False,False
NN_v2,3,2024-09-20,VDE,2,0.33972082,0,0.62,False,False
NN_v2,3,2024-09-20,VGT,1,0.38745245,1,0.69,False,False
NN_v2,3,2024-09-27,VDE,2,0.37686068,1,0.67,False,False
NN_v2,3,2024-09-27,VFH,3,0.33890188,1,0.67,False,False
NN_v2,3,2024-09-27,VGT,1,0.4097272,0,0.62,False,False
NN_v2,3,2024-10-04,VAW,3,0.3825373,1,0.67,False,False
NN_v2,3,2024-10-04,VCR,2,0.38916034,0,0.65,False,False
NN_v2,3,2024-10-04,VGT,1,0.44677886,1,0.66,False,False
NN_v2,3,2024-10-11,VCR,3,0.33321753,1,0.7,False,False
NN_v2,3,2024-10-11,VDE,1,0.3509397,0,0.71,False,False
NN_v2,3,2024-10-11,VGT,2,0.34816185,0,0.68,False,False
NN_v2,3,2024-10-18,VCR,3,0.30055228,0,0.66,False,False
NN_v2,3,2024-10-18,VDE,1,0.35095668,0,0.67,False,False
NN_v2,3,2024-10-18,VGT,2,0.33671576,0,0.66,False,False
NN_v2,3,2024-10-25,VDE,2,0.39553618,0,0.67,False,False
NN_v2,3,2024-10-25,VGT,1,0.39712754,0,0.67,False,False
NN_v2,3,2024-10-25,VIS,3,0.37462664,0,0.72,False,False
NN_v2,3,2024-11-01,VAW,2,0.42259336,1,0.62,False,False
NN_v2,3,2024-11-01,VGT,1,0.4335321,1,0.69,False,False
NN_v2,3,2024-11-01,VNQ,3,0.41694435,1,0.69,False,False
NN_v2,3,2024-11-08,VAW,3,0.276898,0,0.7,False,False
NN_v2,3,2024-11-08,VNQ,2,0.2798032,0,0.67,False,False
NN_v2,3,2024-11-08,VPU,1,0.282643,0,0.69,False,False
NN_v2,3,2024-11-15,VAW,2,0.4395936,1,0.65,False,False
NN_v2,3,2024-11-15,VGT,1,0.4657174,1,0.67,False,False
NN_v2,3,2024-11-15,VHT,3,0.4376625,1,0.65,False,False
NN_v2,3,2024-11-22,VAW,3,0.3043318,0,0.69,False,False
NN_v2,3,2024-11-22,VGT,1,0.3419495,0,0.69,False,False
NN_v2,3,2024-11-22,VHT,2,0.3158997,1,0.7,False,False
NN_v2,3,2024-11-29,VDE,1,0.33644223,0,0.64,False,False
NN_v2,3,2024-11-29,VGT,2,0.32741705,1,0.67,False,False
NN_v2,3,2024-11-29,VHT,3,0.27689564,0,0.65,False,False
NN_v2,3,2024-12-06,VDE,1,0.44377652,0,0.67,False,False
NN_v2,3,2024-12-06,VIS,3,0.42164794,0,0.65,False,False
NN_v2,3,2024-12-06,VPU,2,0.4293025,0,0.66,False,False
NN_v2,3,2024-12-13,VAW,3,0.41801253,0,0.72,False,False
NN_v2,3,2024-12-13,VDE,1,0.43984327,0,0.71,False,False
NN_v2,3,2024-12-13,VIS,2,0.42844948,0,0.69,False,False
NN_v2,3,2024-12-20,VDE,2,0.46693692,1,0.65,False,False
NN_v2,3,2024-12-20,VIS,1,0.47023368,0,0.73,False,False
NN_v2,3,2024-12-20,VNQ,3,0.46504158,0,0.64,False,False
NN_v2,3,2024-12-27,VDE,2,0.4034842,1,0.67,False,False
NN_v2,3,2024-12-27,VIS,1,0.4045174,0,0.64,False,False
NN_v2,3,2024-12-27,VNQ,3,0.40192184,1,0.66,False,False
NN_v2,3,2025-01-03,VDC,2,0.45895848,0,0.66,False,False
NN_v2,3,2025-01-03,VFH,3,0.45413718,0,0.7,False,False
NN_v2,3,2025-01-03,VIS,1,0.46035844,0,0.68,False,False
NN_v2,3,2025-01-10,VDC,3,0.470194,1,0.71,False,False
NN_v2,3,2025-01-10,VFH,2,0.48019782,1,0.67,False,False
NN_v2,3,2025-01-10,VGT,1,0.48873052,1,0.64,False,False
NN_v2,3,2025-01-17,VGT,3,0.42331323,1,0.69,False,False
NN_v2,3,2025-01-17,VHT,2,0.43586197,1,0.63,False,False
NN_v2,3,2025-01-17,VNQ,1,0.43641987,0,0.65,False,False
NN_v2,3,2025-01-24,VDE,1,0.4363195,0,0.66,False,False
NN_v2,3,2025-01-24,VHT,3,0.40724912,1,0.67,False,False
NN_v2,3,2025-01-24,VPU,2,0.41193706,0,0.67,False,False
NN_v2,3,2025-01-31,VAW,2,0.46730694,0,0.64,False,False
NN_v2,3,2025-01-31,VIS,3,0.46300602,1,0.69,False,False
NN_v2,3,2025-01-31,VPU,1,0.4790855,1,0.72,False,False
NN_v2,3,2025-02-07,VCR,3,0.45609823,0,0.69,False,False
NN_v2,3,2025-02-07,VGT,1,0.46544743,1,0.67,False,False
NN_v2,3,2025-02-07,VIS,2,0.45997724,0,0.67,False,False
NN_v2,3,2025-02-14,VCR,2,0.4429187,0,0.66,False,False
NN_v2,3,2025-02-14,VHT,3,0.4371485,1,0.67,False,False
NN_v2,3,2025-02-14,VNQ,1,0.44596165,0,0.71,False,False
NN_v2,3,2025-02-21,VFH,2,0.45769796,1,0.69,False,False
NN_v2,3,2025-02-21,VGT,1,0.47660375,0,0.66,False,False
NN_v2,3,2025-02-21,VNQ,3,0.45700684,1,0.69,False,False
NN_v2,3,2025-02-28,VAW,1,0.4708693,0,0.65,False,False
NN_v2,3,2025-02-28,VIS,3,0.47007188,0,0.7,False,False
NN_v2,3,2025-02-28,VOX,2,0.4702518,0,0.63,False,False
NN_v2,3,2025-03-07,VDE,1,0.49146876,1,0.64,False,False
NN_v2,3,2025-03-07,VFH,2,0.48850113,0,0.73,False,False
NN_v2,3,2025-03-07,VOX,3,0.4819653,0,0.71,False,False
NN_v2,3,2025-03-14,VAW,1,0.49384913,0,0.63,False,False
NN_v2,3,2025-03-14,VFH,2,0.48654956,1,0.67,False,False
NN_v2,3,2025-03-14,VIS,3,0.48238692,0,0.64,False,False
NN_v2,3,2025-03-21,VAW,1,0.47018772,0,0.68,False,False
NN_v2,3,2025-03-21,VIS,2,0.4640904,0,0.69,False,False
NN_v2,3,2025-03-21,VOX,3,0.45979977,0,0.73,False,False
NN_v2,3,2025-03-28,VAW,1,0.47552395,0,0.72,False,False
NN_v2,3,2025-03-28,VIS,2,0.47413903,0,0.65,False,False
NN_v2,3,2025-03-28,VOX,3,0.47132063,0,0.68,False,False
NN_v2,3,2025-04-04,VAW,2,0.49825054,1,0.68,False,False
NN_v2,3,2025-04-04,VFH,3,0.4957339,1,0.71,False,False
NN_v2,3,2025-04-04,VHT,1,0.49894843,1,0.7,False,False
NN_v2,3,2025-04-11,VDE,3,0.44314986,1,0.69,False,False
NN_v2,3,2025-04-11,VFH,2,0.4432776,0,0.65,False,False
NN_v2,3,2025-04-11,VNQ,1,0.45836505,1,0.73,False,False
NN_v2,3,2025-04-18,VAW,2,0.4897136,1,0.69,False,False
NN_v2,3,2025-04-18,VCR,3,0.4838634,1,0.64,False,False
NN_v2,3,2025-04-18,VHT,1,0.49073982,1,0.67,False,False
NN_v2,3,2025-04-25,VAW,1,0.45712107,1,0.63,False,False
NN_v2,3,2025-04-25,VCR,3,0.45441747,1,0.69,False,False
NN_v2,3,2025-04-25,VIS,2,0.4563898,1,0.7,False,False
NN_v2,3,2025-05-02,VAW,3,0.4237422,0,0.67,False,False
NN_v2,3,2025-05-02,VCR,2,0.43676525,1,0.65,False,False
NN_v2,3,2025-05-02,VDE,1,0.4452455,1,0.72,False,False
NN_v2,3,2025-05-09,VDE,1,0.4922306,0,0.68,False,False
NN_v2,3,2025-05-09,VGT,3,0.47192663,1,0.7,False,False
NN_v2,3,2025-05-09,VOX,2,0.48214284,1,0.71,False,False
NN_v2,3,2025-05-16,VAW,2,0.3934812,0,0.69,False,False
NN_v2,3,2025-05-16,VDE,1,0.39517835,0,0.68,False,False
NN_v2,3,2025-05-16,VNQ,3,0.38776916,0,0.68,False,False
NN_v2,3,2025-05-23,VAW,1,0.47660583,0,0.69,False,False
NN_v2,3,2025-05-23,VFH,2,0.47011822,0,0.73,False,False
NN_v2,3,2025-05-23,VNQ,3,0.4637445,1,0.69,False,False
NN_v2,3,2025-05-30,VAW,2,0.42267275,1,0.72,False,False
NN_v2,3,2025-05-30,VDE,1,0.4437643,0,0.64,False,False
NN_v2,3,2025-05-30,VFH,3,0.41489777,1,0.68,False,False
NN_v2,3,2025-06-06,VCR,1,0.42937547,0,0.65,False,False
NN_v2,3,2025-06-06,VDE,2,0.4256007,1,0.65,False,False
NN_v2,3,2025-06-06,VFH,3,0.40507212,0,0.65,False,False
NN_v2,3,2025-06-13,VCR,1,0.46435338,0,0.71,False,False
NN_v2,3,2025-06-13,VDC,3,0.4421846,0,0.67,False,False
NN_v2,3,2025-06-13,VFH,2,0.4479085,0,0.69,False,False
NN_v2,3,2025-06-20,VCR,1,0.43643084,1,0.65,False,False
NN_v2,3,2025-06-20,VFH,2,0.42325854,1,0.68,False,False
NN_v2,3,2025-06-20,VHT,3,0.41847095,1,0.69,False,False
NN_v2,3,2025-06-27,VAW,3,0.35993984,1,0.69,False,False
NN_v2,3,2025-06-27,VDE,1,0.4056471,1,0.63,False,False
NN_v2,3,2025-06-27,VHT,2,0.36012346,1,0.7,False,False
NN_v2,3,2025-07-04,VDE,1,0.39526817,1,0.69,False,False
NN_v2,3,2025-07-04,VHT,3,0.35645172,0,0.67,False,False
NN_v2,3,2025-07-04,VNQ,2,0.36160246,0,0.66,False,False
NN_v2,3,2025-07-11,VCR,2,0.37864268,0,0.71,False,False
NN_v2,3,2025-07-11,VFH,1,0.39555186,0,0.67,False,False
NN_v2,3,2025-07-11,VHT,3,0.37014621,0,0.66,False,False
NN_v2,3,2025-07-18,VCR,1,0.39871687,0,0.65,False,False
NN_v2,3,2025-07-18,VDE,3,0.39078555,1,0.68,False,False
NN_v2,3,2025-07-18,VFH,2,0.39162165,1,0.72,False,False
NN_v2,3,2025-07-25,VCR,2,0.37012285,0,0.63,False,False
NN_v2,3,2025-07-25,VDE,1,0.39891267,0,0.66,False,False
NN_v2,3,2025-07-25,VFH,3,0.36072764,0,0.65,False,False
NN_v2,3,2025-08-01,VCR,2,0.46140584,1,0.7,False,False
NN_v2,3,2025-08-01,VDE,1,0.46547765,0,0.69,False,False
NN_v2,3,2025-08-01,VFH,3,0.45248747,0,0.69,False,False
NN_v2,3,2025-08-08,VAW,3,0.41184226,1,0.67,False,False
NN_v2,3,2025-08-08,VCR,2,0.41263875,1,0.69,False,False
NN_v2,3,2025-08-08,VFH,1,0.4288699,1,0.64,False,False
NN_v2,3,2025-08-15,VDE,3,0.40807596,1,0.68,False,False
NN_v2,3,2025-08-15,VFH,1,0.4160923,1,0.69,False,False
NN_v2,3,2025-08-15,VIS,2,0.41277075,1,0.64,False,False
NN_v2,3,2025-08-22,VDE,1,0.40704697,1,0.67,False,False
NN_v2,3,2025-08-22,VGT,2,0.40019083,0,0.66,False,False
NN_v2,3,2025-08-22,VIS,3,0.393673,0,0.71,False,False
NN_v2,3,2025-08-29,VGT,3,0.39390814,1,0.63,False,False
NN_v2,3,2025-08-29,VHT,1,0.40775976,1,0.67,False,False
NN_v2,3,2025-08-29,VIS,2,0.39814514,0,0.64,False,False
NN_v2,3,2025-09-05,VDE,3,0.4030862,0,0.68,False,False
NN_v2,3,2025-09-05,VFH,1,0.4106872,1,0.69,False,False
NN_v2,3,2025-09-05,VIS,2,0.4100961,0,0.66,False,False
NN_v2,3,2025-09-12,VDE,1,0.38599005,0,0.68,False,False
NN_v2,3,2025-09-12,VFH,2,0.3751213,0,0.7,False,False
NN_v2,3,2025-09-12,VIS,3,0.372652,0,0.69,False,False
NN_v2,3,2025-09-19,VDE,1,0.38455325,1,0.71,False,False
NN_v2,3,2025-09-19,VHT,2,0.3710498,0,0.69,False,False
NN_v2,3,2025-09-19,VIS,3,0.37041932,0,0.68,False,False
NN_v2,3,2025-09-26,VFH,1,0.42192215,0,0.63,False,False
NN_v2,3,2025-09-26,VIS,2,0.4142066,0,0.71,False,False
NN_v2,3,2025-09-26,VNQ,3,0.40919465,0,0.71,False,False
NN_v2,3,2025-10-03,VDE,1,0.41513985,0,0.68,False,False
NN_v2,3,2025-10-03,VFH,2,0.4103032,0,0.67,False,False
NN_v2,3,2025-10-03,VOX,3,0.40975046,0,0.66,False,False
NN_v2,3,2025-10-10,VCR,3,0.4412219,1,0.63,False,False
NN_v2,3,2025-10-10,VDE,2,0.45092988,0,0.68,False,False
NN_v2,3,2025-10-10,VOX,1,0.45703477,1,0.67,False,False
NN_v2,3,2025-10-17,VCR,2,0.42869812,1,0.67,False,False
NN_v2,3,2025-10-17,VDE,1,0.43080035,1,0.72,False,False
NN_v2,3,2025-10-17,VIS,3,0.4070714,1,0.66,False,False
NN_v2,3,2025-10-24,VAW,1,0.39333677,0,0.64,False,False
NN_v2,3,2025-10-24,VDC,2,0.37305424,0,0.67,False,False
NN_v2,3,2025-10-24,VFH,3,0.37156028,0,0.69,False,False
NN_v2,3,2025-10-31,VDE,2,0.40410718,1,0.67,False,False
NN_v2,3,2025-10-31,VOX,3,0.40370074,0,0.63,False,False
NN_v2,3,2025-10-31,VPU,1,0.40460593,0,0.72,False,False
NN_v2,3,2025-11-07,VCR,2,0.4509092,0,0.66,False,False
NN_v2,3,2025-11-07,VIS,3,0.4479355,0,0.66,False,False
NN_v2,3,2025-11-07,VOX,1,0.45198578,0,0.59,False,False
NN_v2,3,2025-11-14,VGT,3,0.4318183,0,0.7,False,False
NN_v2,3,2025-11-14,VIS,2,0.4367749,0,0.63,False,False
NN_v2,3,2025-11-14,VOX,1,0.44371662,0,0.64,False,False
NN_v2,3,2025-11-21,VDE,3,0.4679242,1,0.68,False,False
NN_v2,3,2025-11-21,VGT,1,0.4842368,1,0.64,False,False
NN_v2,3,2025-11-21,VIS,2,0.47032,1,0.66,False,False
NN_v2,3,2025-11-28,VDC,2,0.3904732,0,0.69,False,False
NN_v2,3,2025-11-28,VFH,3,0.39002112,1,0.76,False,False
NN_v2,3,2025-11-28,VGT,1,0.39872754,1,0.68,False,False
NN_v2,3,2025-12-05,VAW,1,0.43268847,1,0.66,False,False
NN_v2,3,2025-12-05,VDC,3,0.42989606,1,0.73,False,False
NN_v2,3,2025-12-05,VPU,2,0.43175167,0,0.7,False,False
NN_v2,3,2025-12-12,VDE,3,0.43976268,0,0.72,False,False
NN_v2,3,2025-12-12,VGT,1,0.45967793,0,0.69,False,False
NN_v2,3,2025-12-12,VPU,2,0.45371312,0,0.67,False,False
NN_v2,3,2025-12-19,VGT,1,0.45393014,0,0.64,False,False
NN_v2,3,2025-12-19,VIS,2,0.41840774,0,0.67,False,False
NN_v2,3,2025-12-19,VPU,3,0.41558713,1,0.69,False,False
NN_v2,3,2025-12-26,VCR,3,0.3775761,0,0.65,False,False
NN_v2,3,2025-12-26,VDE,1,0.39217952,1,0.63,False,False
NN_v2,3,2025-12-26,VGT,2,0.38925838,0,0.63,False,False
NN_v2,3,2026-01-02,VCR,2,0.3928472,1,0.71,False,False
NN_v2,3,2026-01-02,VGT,1,0.40177107,0,0.66,False,False
NN_v2,3,2026-01-02,VNQ,3,0.35640806,1,0.67,False,False
NN_v2,3,2026-01-09,VDE,3,0.3274099,1,0.66,False,False
NN_v2,3,2026-01-09,VGT,1,0.36248648,0,0.71,False,False
NN_v2,3,2026-01-09,VPU,2,0.33559722,1,0.72,False,False
NN_v2,3,2026-01-16,VCR,1,0.3946017,1,0.66,False,False
NN_v2,3,2026-01-16,VFH,3,0.36336124,0,0.67,False,False
NN_v2,3,2026-01-16,VGT,2,0.38543436,1,0.65,False,False
NN_v2,3,2026-01-23,VCR,1,0.41005468,0,0.62,False,False
NN_v2,3,2026-01-23,VGT,3,0.38882214,0,0.6,False,False
NN_v2,3,2026-01-23,VPU,2,0.39599824,1,0.62,False,False
NN_v2,3,2026-01-30,VCR,1,0.4181885,0,0.72,False,False
NN_v2,3,2026-01-30,VGT,2,0.37845144,0,0.63,False,False
NN_v2,3,2026-01-30,VHT,3,0.37745887,1,0.67,False,False
NN_v2,3,2026-02-06,VCR,2,0.38714337,0,0.64,False,False
NN_v2,3,2026-02-06,VGT,3,0.37812233,0,0.67,False,False
NN_v2,3,2026-02-06,VOX,1,0.42123708,0,0.68,False,False
NN_v2,3,2026-02-13,VCR,1,0.42701355,1,0.67,False,False
NN_v2,3,2026-02-13,VGT,3,0.40440798,1,0.66,False,False
NN_v2,3,2026-02-13,VOX,2,0.41137785,1,0.71,False,False
NN_v2,3,2026-02-20,VCR,3,0.38540483,0,0.68,False,False
NN_v2,3,2026-02-20,VFH,2,0.38936472,0,0.69,False,False
NN_v2,3,2026-02-20,VOX,1,0.38971153,0,0.62,False,False
NN_v2,3,2026-02-27,VCR,2,0.4083654,0,0.64,False,False
NN_v2,3,2026-02-27,VFH,1,0.4097827,0,0.65,False,False
NN_v2,3,2026-02-27,VGT,3,0.3916768,0,0.7,False,False
NN_v2,3,2026-03-06,VAW,1,0.47226295,0,0.67,False,False
NN_v2,3,2026-03-06,VCR,3,0.46035844,0,0.68,False,False
NN_v2,3,2026-03-06,VIS,2,0.461955,0,0.66,False,False
NN_v2,3,2026-03-13,VAW,2,0.4619774,0,0.63,False,False
NN_v2,3,2026-03-13,VIS,1,0.46305817,0,0.67,False,False
NN_v2,3,2026-03-13,VOX,3,0.45882598,0,0.63,False,False
NN_v2,3,2026-03-20,VAW,2,0.482543,1,0.67,False,False
NN_v2,3,2026-03-20,VDC,1,0.48608088,0,0.62,False,False
NN_v2,3,2026-03-20,VIS,3,0.4822871,0,0.68,False,False
NN_v2,3,2026-03-27,VCR,3,0.45256907,1,0.7,False,False
NN_v2,3,2026-03-27,VIS,1,0.45443383,1,0.7,False,False
NN_v2,3,2026-03-27,VOX,2,0.45421124,1,0.66,False,False
NN_v2,3,2026-04-03,VCR,3,0.41517228,1,0.69,False,False
NN_v2,3,2026-04-03,VDC,1,0.42846256,0,0.61,False,False
NN_v2,3,2026-04-03,VIS,2,0.42129698,1,0.71,False,False
NN_v2,3,2026-04-10,VDC,3,0.39849055,0,0.64,False,False
NN_v2,3,2026-04-10,VFH,1,0.41680327,1,0.7,False,False
NN_v2,3,2026-04-10,VOX,2,0.4072565,1,0.62,False,False
NN_v2,3,2026-04-17,VAW,1,0.40520868,0,0.7,False,False
NN_v2,3,2026-04-17,VDE,2,0.38734287,1,0.64,False,False
NN_v2,3,2026-04-17,VPU,3,0.36843002,0,0.67,False,False
NN_v2,3,2026-04-24,VAW,3,0.39969435,0,0.69,False,False
NN_v2,3,2026-04-24,VCR,2,0.41493645,0,0.71,False,False
NN_v2,3,2026-04-24,VOX,1,0.42214766,1,0.67,False,False
NN_v2,3,2026-05-01,VAW,3,0.3817971,1,0.67,False,False
NN_v2,3,2026-05-01,VCR,1,0.39694592,1,0.72,False,False
NN_v2,3,2026-05-01,VOX,2,0.38444182,0,0.71,False,False
NN_v2,3,2026-05-08,VCR,3,0.3980343,0,0.71,False,False
NN_v2,3,2026-05-08,VDE,1,0.4432838,1,0.67,False,False
NN_v2,3,2026-05-08,VOX,2,0.40325555,0,0.64,False,False
NN_v2,3,2026-05-15,VAW,3,0.4096485,0,0.69,False,False
NN_v2,3,2026-05-15,VCR,1,0.4194479,1,0.68,False,False
NN_v2,3,2026-05-15,VOX,2,0.4112595,0,0.74,False,False
NN_v2,3,2026-05-22,VAW,2,0.3416454,1,0.64,False,False
NN_v2,3,2026-05-22,VDE,1,0.36662662,0,0.65,False,False
NN_v2,3,2026-05-22,VOX,3,0.33544397,0,0.64,False,False
NN_v2,3,2026-05-29,VAW,3,0.34715527,0,0.72,False,False
NN_v2,3,2026-05-29,VCR,2,0.35451573,0,0.67,False,False
NN_v2,3,2026-05-29,VDE,1,0.4246408,0,0.68,False,False
NN_v2,3,2026-06-05,VAW,3,0.42657715,1,0.69,False,False
NN_v2,3,2026-06-05,VCR,1,0.4329351,1,0.66,False,False
NN_v2,3,2026-06-05,VOX,2,0.42941865,0,0.73,False,False
NN_v2,3,2026-06-12,VCR,1,0.37942758,0,0.68,False,False
NN_v2,3,2026-06-12,VDE,3,0.34548116,0,0.66,False,False
NN_v2,3,2026-06-12,VOX,2,0.35260975,0,0.73,False,False
NN_v2,3,2026-06-19,VCR,2,0.4069255,0,0.66,False,False
NN_v2,3,2026-06-19,VDE,1,0.41228604,0,0.69,False,False
NN_v2,3,2026-06-19,VNQ,3,0.3867084,1,0.69,False,False
NN_v2,3,2026-06-26,VCR,1,0.41934767,1,0.72,False,False
NN_v2,3,2026-06-26,VGT,2,0.41052255,0,0.67,False,False
NN_v2,3,2026-06-26,VOX,3,0.4083902,1,0.65,False,False
NN_v2,3,2026-07-03,VCR,3,0.3770197,0,0.7,False,False
NN_v2,3,2026-07-03,VDE,1,0.40318996,1,0.68,False,False
NN_v2,3,2026-07-03,VGT,2,0.38891837,1,0.65,False,False
NN_v2,3,2026-07-10,VDC,3,0.38381422,0,0.67,False,False
NN_v2,3,2026-07-10,VDE,1,0.39903155,1,0.69,False,False
NN_v2,3,2026-07-10,VPU,2,0.3918293,0,0.69,False,False
NN_v2,3,2026-07-17,VGT,1,0.45992652,0,0.72,False,False
NN_v2,3,2026-07-17,VOX,2,0.4004685,0,0.67,False,False
NN_v2,3,2026-07-17,VPU,3,0.39745513,1,0.68,False,False
NN_v2,3,2026-07-31,VDE,2,0.45582193,0,0.67,False,False
NN_v2,3,2026-07-31,VGT,1,0.46223575,1,0.67,False,False
NN_v2,3,2026-07-31,VPU,3,0.4326849,0,0.69,False,False
